iteration,coverage,max_depth,corpus_size,crashes
0,41,14,6,0
1,33,14,7,0
2,34,14,8,0
3,35,14,9,0
4,35,14,9,0
5,35,14,9,0
6,35,14,9,0
7,36,14,10,0
8,36,14,10,0
9,37,14,11,0
10,37,14,11,0
11,37,14,11,0
12,37,14,11,0
13,38,14,12,0
14,38,14,12,0
15,39,14,13,0
16,40,14,14,0
17,40,14,14,0
18,40,14,14,0
19,40,14,14,0
20,40,14,14,0
21,40,14,14,0
22,40,14,14,0
23,40,14,14,0
24,40,14,14,0
25,40,14,14,0
26,40,14,14,0
27,40,14,14,0
28,40,14,14,0
29,40,14,14,0
30,40,14,14,0
31,40,14,14,0
32,40,14,14,0
33,40,14,14,0
34,40,14,14,0
35,40,14,14,0
36,40,14,14,0
37,40,14,14,0
38,40,14,14,0
39,40,14,14,0
40,40,14,14,0
41,40,14,14,0
42,40,14,14,0
43,40,14,14,0
44,40,14,14,0
45,40,14,14,0
46,40,14,14,0
47,40,14,14,0
48,40,14,14,0
49,40,14,14,0
50,40,14,14,0
51,40,14,14,0
52,40,14,14,0
53,40,14,14,0
54,40,14,14,0
55,40,14,14,0
56,40,14,14,0
57,40,14,14,0
58,40,14,14,0
59,40,14,14,0
60,40,14,14,0
61,40,14,14,0
62,40,14,14,0
63,40,14,14,0
64,40,14,14,0
65,40,14,14,0
66,40,14,14,0
67,40,14,14,0
68,40,14,14,0
69,40,14,14,0
70,40,14,14,0
71,40,14,14,0
72,40,14,14,0
73,40,14,14,0
74,40,14,14,0
75,40,14,14,0
76,40,14,14,0
77,41,14,15,0
78,41,14,15,0
79,41,14,15,0
80,41,14,15,0
81,41,14,15,0
82,41,14,15,0
83,41,14,15,0
84,41,14,15,0
85,41,14,15,0
86,41,14,15,0
87,41,14,15,0
88,41,14,15,0
89,41,14,15,0
90,41,14,15,0
91,41,14,15,0
92,41,14,15,0
93,41,14,15,0
94,41,14,15,0
95,41,14,15,0
96,41,14,15,0
97,41,14,15,0
98,41,14,15,0
99,41,14,15,0
100,41,14,15,0
101,41,14,15,0
102,41,14,15,0
103,41,14,15,0
104,41,14,15,0
105,42,14,16,0
106,42,14,16,0
107,42,14,16,0
108,42,14,16,0
109,42,14,16,0
110,42,14,16,0
111,42,14,16,0
112,42,14,16,0
113,42,14,16,0
114,42,14,16,0
115,42,14,16,0
116,42,14,16,0
117,42,14,16,0
118,42,14,16,0
119,42,14,16,0
120,42,14,16,0
121,42,14,16,0
122,42,14,16,0
123,42,14,16,0
124,42,14,16,0
125,42,14,16,0
126,42,14,16,0
127,42,14,16,0
128,42,14,16,0
129,42,14,16,0
130,42,14,16,0
131,42,14,16,0
132,42,14,16,0
133,42,14,16,0
134,42,14,16,0
135,42,14,16,0
136,42,14,16,0
137,42,14,16,0
138,42,14,16,0
139,42,14,16,0
140,42,14,16,0
141,42,14,16,0
142,42,14,16,0
143,42,14,16,0
144,42,14,16,0
145,42,14,16,0
146,42,14,16,0
147,42,14,16,0
148,42,14,16,0
149,42,14,16,0
150,42,14,16,0
151,42,14,16,0
152,42,14,16,0
153,42,14,16,0
154,42,14,16,0
155,42,14,16,0
156,42,14,16,0
157,42,14,16,0
158,42,14,16,0
159,42,14,16,0
160,42,14,16,0
161,42,14,16,0
162,42,14,16,0
163,42,14,16,0
164,42,14,16,0
165,42,14,16,0
166,42,14,16,0
167,42,14,16,0
168,42,14,16,0
169,42,14,16,0
170,42,14,16,0
171,42,14,16,0
172,42,14,16,0
173,42,14,16,0
174,42,14,16,0
175,42,14,16,0
176,42,14,16,0
177,42,14,16,0
178,42,14,16,0
179,42,14,16,0
180,42,14,16,0
181,42,14,16,0
182,42,14,16,0
183,42,14,16,0
184,42,14,16,0
185,42,14,16,0
186,42,14,16,0
187,42,14,16,0
188,42,14,16,0
189,42,14,16,0
190,42,14,16,0
191,42,14,16,0
192,42,14,16,0
193,42,14,16,0
194,42,14,16,0
195,42,14,16,0
196,42,14,16,0
197,42,14,16,0
198,42,14,16,0
199,42,14,16,0
200,42,14,16,0
201,42,14,16,0
202,42,14,16,0
203,42,14,16,0
204,42,14,16,0
205,42,14,16,0
206,42,14,16,0
207,42,14,16,0
208,42,14,16,0
209,42,14,16,0
210,42,14,16,0
211,42,14,16,0
212,42,14,16,0
213,42,14,16,0
214,42,14,16,0
215,42,14,16,0
216,42,14,16,0
217,42,14,16,0
218,42,14,16,0
219,42,14,16,0
220,42,14,16,0
221,42,14,16,0
222,42,14,16,0
223,42,14,16,0
224,42,14,16,0
225,42,14,16,0
226,42,14,16,0
227,42,14,16,0
228,42,14,16,0
229,42,14,16,0
230,42,14,16,0
231,42,14,16,0
232,42,14,16,0
233,42,14,16,0
234,42,14,16,0
235,42,14,16,0
236,42,14,16,0
237,42,14,16,0
238,42,14,16,0
239,42,14,16,0
240,42,14,16,0
241,42,14,16,0
242,42,14,16,0
243,42,14,16,0
244,42,14,16,0
245,42,14,16,0
246,42,14,16,0
247,42,14,16,0
248,42,14,16,0
249,42,14,16,0
250,42,14,16,0
251,42,14,16,0
252,42,14,16,0
253,42,14,16,0
254,42,14,16,0
255,42,14,16,0
256,42,14,16,0
257,42,14,16,0
258,42,14,16,0
259,42,14,16,0
260,42,14,16,0
261,42,14,16,0
262,42,14,16,0
263,42,14,16,0
264,42,14,16,0
265,42,14,16,0
266,42,14,16,0
267,42,14,16,0
268,42,14,16,0
269,42,14,16,0
270,42,14,16,0
271,42,14,16,0
272,42,14,16,0
273,42,14,16,0
274,42,14,16,0
275,42,14,16,0
276,42,14,16,0
277,42,14,16,0
278,42,14,16,0
279,42,14,16,0
280,42,14,16,0
281,42,14,16,0
282,42,14,16,0
283,42,14,16,0
284,42,14,16,0
285,42,14,16,0
286,42,14,16,0
287,42,14,16,0
288,42,14,16,0
289,42,14,16,0
290,42,14,16,0
291,42,14,16,0
292,42,14,16,0
293,42,14,16,0
294,42,14,16,0
295,42,14,16,0
296,42,14,16,0
297,42,14,16,0
298,42,14,16,0
299,42,14,16,0
300,42,14,16,0
301,42,14,16,0
302,42,14,16,0
303,42,14,16,0
304,42,14,16,0
305,42,14,16,0
306,42,14,16,0
307,42,14,16,0
308,42,14,16,0
309,42,14,16,0
310,42,14,16,0
311,42,14,16,0
312,42,14,16,0
313,42,14,16,0
314,42,14,16,0
315,42,14,16,0
316,42,14,16,0
317,42,14,16,0
318,42,14,16,0
319,42,14,16,0
320,42,14,16,0
321,42,14,16,0
322,42,14,16,0
323,42,14,16,0
324,42,14,16,0
325,42,14,16,0
326,42,14,16,0
327,42,14,16,0
328,42,14,16,0
329,42,14,16,0
330,42,14,16,0
331,42,14,16,0
332,42,14,16,0
333,42,14,16,0
334,42,14,16,0
335,42,14,16,0
336,42,14,16,0
337,42,14,16,0
338,42,14,16,0
339,42,14,16,0
340,42,14,16,0
341,42,14,16,0
342,42,14,16,0
343,42,14,16,0
344,42,14,16,0
345,42,14,16,0
346,42,14,16,0
347,42,14,16,0
348,42,14,16,0
349,42,14,16,0
350,42,14,16,0
351,42,14,16,0
352,42,14,16,0
353,42,14,16,0
354,42,14,16,0
355,42,14,16,0
356,42,14,16,0
357,42,14,16,0
358,42,14,16,0
359,42,14,16,0
360,43,14,17,0
361,43,14,17,0
362,43,14,17,0
363,43,14,17,0
364,43,14,17,0
365,43,14,17,0
366,43,14,17,0
367,43,14,17,0
368,43,14,17,0
369,43,14,17,0
370,43,14,17,0
371,43,14,17,0
372,43,14,17,0
373,43,14,17,0
374,43,14,17,0
375,43,14,17,0
376,43,14,17,0
377,43,14,17,0
378,43,14,17,0
379,43,14,17,0
380,43,14,17,0
381,43,14,17,0
382,43,14,17,0
383,43,14,17,0
384,43,14,17,0
385,43,14,17,0
386,43,14,17,0
387,43,14,17,0
388,43,14,17,0
389,43,14,17,0
390,43,14,17,0
391,43,14,17,0
392,43,14,17,0
393,43,14,17,0
394,43,14,17,0
395,43,14,17,0
396,43,14,17,0
397,43,14,17,0
398,43,14,17,0
399,43,14,17,0
400,43,14,17,0
401,43,14,17,0
402,43,14,17,0
403,43,14,17,0
404,43,14,17,0
405,43,14,17,0
406,43,14,17,0
407,43,14,17,0
408,43,14,17,0
409,43,14,17,0
410,43,14,17,0
411,45,14,18,0
412,45,14,18,0
413,45,14,18,0
414,45,14,18,0
415,45,14,18,0
416,45,14,18,0
417,45,14,18,0
418,45,14,18,0
419,45,14,18,0
420,45,14,18,0
421,45,14,18,0
422,47,14,19,0
423,47,14,19,0
424,47,14,19,0
425,47,14,19,0
426,47,14,19,0
427,47,14,19,0
428,47,14,19,0
429,47,14,19,0
430,47,14,19,0
431,47,14,19,0
432,47,14,19,0
433,47,14,19,0
434,47,14,19,0
435,47,14,19,0
436,47,14,19,0
437,47,14,19,0
438,47,14,19,0
439,47,14,19,0
440,47,14,19,0
441,47,14,19,0
442,47,14,19,0
443,47,14,19,0
444,47,14,19,0
445,47,14,19,0
446,47,14,19,0
447,47,14,19,0
448,47,14,19,0
449,47,14,19,0
450,47,14,19,0
451,47,14,19,0
452,47,14,19,0
453,47,14,19,0
454,47,14,19,0
455,47,14,19,0
456,47,14,19,0
457,47,14,19,0
458,47,14,19,0
459,47,14,19,0
460,47,14,19,0
461,47,14,19,0
462,47,14,19,0
463,47,14,19,0
464,47,14,19,0
465,47,14,19,0
466,47,14,19,0
467,47,14,19,0
468,47,14,19,0
469,47,14,19,0
470,47,14,19,0
471,47,14,19,0
472,47,14,19,0
473,47,14,19,0
474,47,14,19,0
475,47,14,19,0
476,47,14,19,0
477,47,14,19,0
478,47,14,19,0
479,47,14,19,0
480,47,14,19,0
481,47,14,19,0
482,47,14,19,0
483,47,14,19,0
484,47,14,19,0
485,47,14,19,0
486,47,14,19,0
487,47,14,19,0
488,47,14,19,0
489,47,14,19,0
490,47,14,19,0
491,47,14,19,0
492,47,14,19,0
493,47,14,19,0
494,47,14,19,0
495,47,14,19,0
496,47,14,19,0
497,47,14,19,0
498,47,14,19,0
499,47,14,19,0
500,47,14,19,0
501,47,14,19,0
502,47,14,19,0
503,47,14,19,0
504,47,14,19,0
505,47,14,19,0
506,47,14,19,0
507,47,14,19,0
508,47,14,19,0
509,47,14,19,0
510,47,14,19,0
511,47,14,19,0
512,47,14,19,0
513,47,14,19,0
514,47,14,19,0
515,47,14,19,0
516,47,14,19,0
517,47,14,19,0
518,47,14,19,0
519,47,14,19,0
520,47,14,19,0
521,47,14,19,0
522,47,14,19,0
523,47,14,19,0
524,47,14,19,0
525,47,14,19,0
526,47,14,19,0
527,47,14,19,0
528,47,14,19,0
529,47,14,19,0
530,47,14,19,0
531,47,14,19,0
532,47,14,19,0
533,47,14,19,0
534,47,14,19,0
535,47,14,19,0
536,47,14,19,0
537,47,14,19,0
538,47,14,19,0
539,47,14,19,0
540,47,14,19,0
541,47,14,19,0
542,47,14,19,0
543,47,14,19,0
544,47,14,19,0
545,47,14,19,0
546,47,14,19,0
547,47,14,19,0
548,47,14,19,0
549,47,14,19,0
550,47,14,19,0
551,47,14,19,0
552,47,14,19,0
553,47,14,19,0
554,47,14,19,0
555,47,14,19,0
556,47,14,19,0
557,47,14,19,0
558,47,14,19,0
559,47,14,19,0
560,47,14,19,0
561,47,14,19,0
562,47,14,19,0
563,47,14,19,0
564,47,14,19,0
565,47,14,19,0
566,47,14,19,0
567,47,14,19,0
568,47,14,19,0
569,47,14,19,0
570,47,14,19,0
571,47,14,19,0
572,47,14,19,0
573,47,14,19,0
574,47,14,19,0
575,47,14,19,0
576,47,14,19,0
577,47,14,19,0
578,47,14,19,0
579,47,14,19,0
580,47,14,19,0
581,47,14,19,0
582,47,14,19,0
583,47,14,19,0
584,47,14,19,0
585,47,14,19,0
586,47,14,19,0
587,47,14,19,0
588,47,14,19,0
589,47,14,19,0
590,47,14,19,0
591,47,14,19,0
592,47,14,19,0
593,47,14,19,0
594,47,14,19,0
595,47,14,19,0
596,47,14,19,0
597,47,14,19,0
598,47,14,19,0
599,47,14,19,0
600,47,14,19,0
601,47,14,19,0
602,47,14,19,0
603,47,14,19,0
604,47,14,19,0
605,47,14,19,0
606,47,14,19,0
607,47,14,19,0
608,47,14,19,0
609,47,14,19,0
610,47,14,19,0
611,47,14,19,0
612,47,14,19,0
613,47,14,19,0
614,47,14,19,0
615,47,14,19,0
616,47,14,19,0
617,47,14,19,0
618,47,14,19,0
619,47,14,19,0
620,47,14,19,0
621,47,14,19,0
622,47,14,19,0
623,47,14,19,0
624,47,14,19,0
625,47,14,19,0
626,47,14,19,0
627,47,14,19,0
628,47,14,19,0
629,47,14,19,0
630,47,14,19,0
631,47,14,19,0
632,47,14,19,0
633,47,14,19,0
634,47,14,19,0
635,47,14,19,0
636,47,14,19,0
637,47,14,19,0
638,47,14,19,0
639,47,14,19,0
640,47,14,19,0
641,47,14,19,0
642,47,14,19,0
643,47,14,19,0
644,47,14,19,0
645,47,14,19,0
646,47,14,19,0
647,47,14,19,0
648,47,14,19,0
649,47,14,19,0
650,47,14,19,0
651,47,14,19,0
652,47,14,19,0
653,47,14,19,0
654,47,14,19,0
655,47,14,19,0
656,47,14,19,0
657,47,14,19,0
658,47,14,19,0
659,47,14,19,0
660,47,14,19,0
661,47,14,19,0
662,47,14,19,0
663,47,14,19,0
664,47,14,19,0
665,47,14,19,0
666,47,14,19,0
667,47,14,19,0
668,47,14,19,0
669,47,14,19,0
670,47,14,19,0
671,47,14,19,0
672,47,14,19,0
673,47,14,19,0
674,47,14,19,0
675,47,14,19,0
676,47,14,19,0
677,47,14,19,0
678,47,14,19,0
679,47,14,19,0
680,47,14,19,0
681,47,14,19,0
682,47,14,19,0
683,47,14,19,0
684,47,14,19,0
685,47,14,19,0
686,47,14,19,0
687,47,14,19,0
688,47,14,19,0
689,47,14,19,0
690,47,14,19,0
691,47,14,19,0
692,47,14,19,0
693,47,14,19,0
694,47,14,19,0
695,47,14,19,0
696,47,14,19,0
697,47,14,19,0
698,47,14,19,0
699,47,14,19,0
700,47,14,19,0
701,47,14,19,0
702,47,14,19,0
703,47,14,19,0
704,47,14,19,0
705,47,14,19,0
706,47,14,19,0
707,47,14,19,0
708,47,14,19,0
709,47,14,19,0
710,47,14,19,0
711,47,14,19,0
712,47,14,19,0
713,47,14,19,0
714,47,14,19,0
715,47,14,19,0
716,47,14,19,0
717,47,14,19,0
718,47,14,19,0
719,47,14,19,0
720,47,14,19,0
721,47,14,19,0
722,47,14,19,0
723,47,14,19,0
724,47,14,19,0
725,47,14,19,0
726,47,14,19,0
727,47,14,19,0
728,47,14,19,0
729,47,14,19,0
730,47,14,19,0
731,47,14,19,0
732,47,14,19,0
733,47,14,19,0
734,47,14,19,0
735,47,14,19,0
736,47,14,19,0
737,47,14,19,0
738,47,14,19,0
739,47,14,19,0
740,47,14,19,0
741,47,14,19,0
742,47,14,19,0
743,47,14,19,0
744,47,14,19,0
745,47,14,19,0
746,47,14,19,0
747,47,14,19,0
748,47,14,19,0
749,47,14,19,0
750,47,14,19,0
751,47,14,19,0
752,47,14,19,0
753,47,14,19,0
754,47,14,19,0
755,47,14,19,0
756,47,14,19,0
757,47,14,19,0
758,47,14,19,0
759,47,14,19,0
760,47,14,19,0
761,47,14,19,0
762,47,14,19,0
763,47,14,19,0
764,47,14,19,0
765,47,14,19,0
766,47,14,19,0
767,47,14,19,0
768,47,14,19,0
769,47,14,19,0
770,47,14,19,0
771,47,14,19,0
772,47,14,19,0
773,47,14,19,0
774,47,14,19,0
775,47,14,19,0
776,47,14,19,0
777,47,14,19,0
778,47,14,19,0
779,47,14,19,0
780,47,14,19,0
781,47,14,19,0
782,49,14,20,0
783,49,14,20,0
784,49,14,20,0
785,49,14,20,0
786,49,14,20,0
787,49,14,20,0
788,49,14,20,0
789,49,14,20,0
790,49,14,20,0
791,49,14,20,0
792,49,14,20,0
793,49,14,20,0
794,49,14,20,0
795,49,14,20,0
796,49,14,20,0
797,49,14,20,0
798,49,14,20,0
799,49,14,20,0
800,49,14,20,0
801,49,14,20,0
802,49,14,20,0
803,49,14,20,0
804,49,14,20,0
805,49,14,20,0
806,49,14,20,0
807,49,14,20,0
808,49,14,20,0
809,49,14,20,0
810,49,14,20,0
811,49,14,20,0
812,49,14,20,0
813,49,14,20,0
814,49,14,20,0
815,49,14,20,0
816,49,14,20,0
817,49,14,20,0
818,49,14,20,0
819,49,14,20,0
820,49,14,20,0
821,49,14,20,0
822,49,14,20,0
823,49,14,20,0
824,49,14,20,0
825,49,14,20,0
826,49,14,20,0
827,49,14,20,0
828,50,14,21,0
829,50,14,21,0
830,50,14,21,0
831,50,14,21,0
832,50,14,21,0
833,50,14,21,0
834,53,14,22,0
835,53,14,22,0
836,53,14,22,0
837,53,14,22,0
838,53,14,22,0
839,53,14,22,0
840,53,14,22,0
841,53,14,22,0
842,53,14,22,0
843,53,14,22,0
844,53,14,22,0
845,53,14,22,0
846,53,14,22,0
847,53,14,22,0
848,53,14,22,0
849,53,14,22,0
850,53,14,22,0
851,53,14,22,0
852,53,14,22,0
853,53,14,22,0
854,53,14,22,0
855,53,14,22,0
856,53,14,22,0
857,53,14,22,0
858,53,14,22,0
859,53,14,22,0
860,53,14,22,0
861,53,14,22,0
862,53,14,22,0
863,53,14,22,0
864,53,14,22,0
865,53,14,22,0
866,53,14,22,0
867,53,14,22,0
868,53,14,22,0
869,53,14,22,0
870,53,14,22,0
871,53,14,22,0
872,53,14,22,0
873,53,14,22,0
874,53,14,22,0
875,53,14,22,0
876,53,14,22,0
877,53,14,22,0
878,53,14,22,0
879,53,14,22,0
880,53,14,22,0
881,53,14,22,0
882,53,14,22,0
883,53,14,22,0
884,53,14,22,0
885,53,14,22,0
886,53,14,22,0
887,53,14,22,0
888,53,14,22,0
889,53,14,22,0
890,53,14,22,0
891,53,14,22,0
892,53,14,22,0
893,53,14,22,0
894,53,14,22,0
895,53,14,22,0
896,53,14,22,0
897,53,14,22,0
898,53,14,22,0
899,53,14,22,0
900,53,14,22,0
901,53,14,22,0
902,53,14,22,0
903,53,14,22,0
904,53,14,22,0
905,53,14,22,0
906,53,14,22,0
907,53,14,22,0
908,53,14,22,0
909,53,14,22,0
910,53,14,22,0
911,53,14,22,0
912,53,14,22,0
913,53,14,22,0
914,53,14,22,0
915,53,14,22,0
916,53,14,22,0
917,53,14,22,0
918,53,14,22,0
919,53,14,22,0
920,53,14,22,0
921,53,14,22,0
922,53,14,22,0
923,53,14,22,0
924,53,14,22,0
925,53,14,22,0
926,54,14,23,0
927,54,14,23,0
928,54,14,23,0
929,54,14,23,0
930,54,14,23,0
931,54,14,23,0
932,54,14,23,0
933,54,14,23,0
934,54,14,23,0
935,54,14,23,0
936,54,14,23,0
937,54,14,23,0
938,54,14,23,0
939,54,14,23,0
940,54,14,23,0
941,54,14,23,0
942,54,14,23,0
943,54,14,23,0
944,54,14,23,0
945,54,14,23,0
946,54,14,23,0
947,54,14,23,0
948,54,14,23,0
949,54,14,23,0
950,54,14,23,0
951,54,14,23,0
952,54,14,23,0
953,54,14,23,0
954,54,14,23,0
955,54,14,23,0
956,54,14,23,0
957,54,14,23,0
958,54,14,23,0
959,54,14,23,0
960,54,14,23,0
961,54,14,23,0
962,54,14,23,0
963,54,14,23,0
964,54,14,23,0
965,54,14,23,0
966,54,14,23,0
967,54,14,23,0
968,54,14,23,0
969,54,14,23,0
970,54,14,23,0
971,54,14,23,0
972,54,14,23,0
973,54,14,23,0
974,54,14,23,0
975,54,14,23,0
976,54,14,23,0
977,54,14,23,0
978,54,14,23,0
979,54,14,23,0
980,54,14,23,0
981,54,14,23,0
982,54,14,23,0
983,54,14,23,0
984,54,14,23,0
985,54,14,23,0
986,54,14,23,0
987,54,14,23,0
988,54,14,23,0
989,54,14,23,0
990,54,14,23,0
991,54,14,23,0
992,54,14,23,0
993,54,14,23,0
994,54,14,23,0
995,54,14,23,0
996,54,14,23,0
997,54,14,23,0
998,54,14,23,0
999,54,14,23,0
1000,54,14,23,0
1001,54,14,23,0
1002,54,14,23,0
1003,54,14,23,0
1004,54,14,23,0
1005,54,14,23,0
1006,54,14,23,0
1007,54,14,23,0
1008,54,14,23,0
1009,54,14,23,0
1010,54,14,23,0
1011,54,14,23,0
1012,54,14,23,0
1013,54,14,23,0
1014,54,14,23,0
1015,54,14,23,0
1016,54,14,23,0
1017,54,14,23,0
1018,54,14,23,0
1019,54,14,23,0
1020,54,14,23,0
1021,54,14,23,0
1022,54,14,23,0
1023,54,14,23,0
1024,54,14,23,0
1025,54,14,23,0
1026,54,14,23,0
1027,54,14,23,0
1028,54,14,23,0
1029,54,14,23,0
1030,54,14,23,0
1031,54,14,23,0
1032,54,14,23,0
1033,54,14,23,0
1034,54,14,23,0
1035,54,14,23,0
1036,54,14,23,0
1037,54,14,23,0
1038,54,14,23,0
1039,54,14,23,0
1040,54,14,23,0
1041,54,14,23,0
1042,54,14,23,0
1043,54,14,23,0
1044,54,14,23,0
1045,54,14,23,0
1046,54,14,23,0
1047,54,14,23,0
1048,54,14,23,0
1049,54,14,23,0
1050,54,14,23,0
1051,54,14,23,0
1052,54,14,23,0
1053,54,14,23,0
1054,54,14,23,0
1055,54,14,23,0
1056,54,14,23,0
1057,54,14,23,0
1058,54,14,23,0
1059,54,14,23,0
1060,54,14,23,0
1061,54,14,23,0
1062,54,14,23,0
1063,54,14,23,0
1064,54,14,23,0
1065,54,14,23,0
1066,54,14,23,0
1067,54,14,23,0
1068,54,14,23,0
1069,54,14,23,0
1070,54,14,23,0
1071,54,14,23,0
1072,54,14,23,0
1073,54,14,23,0
1074,54,14,23,0
1075,54,14,23,0
1076,54,14,23,0
1077,54,14,23,0
1078,56,14,24,0
1079,56,14,24,0
1080,56,14,24,0
1081,56,14,24,0
1082,56,14,24,0
1083,56,14,24,0
1084,56,14,24,0
1085,56,14,24,0
1086,56,14,24,0
1087,56,14,24,0
1088,56,14,24,0
1089,56,14,24,0
1090,56,14,24,0
1091,56,14,24,0
1092,56,14,24,0
1093,56,14,24,0
1094,56,14,24,0
1095,56,14,24,0
1096,56,14,24,0
1097,56,14,24,0
1098,56,14,24,0
1099,56,14,24,0
1100,56,14,24,0
1101,56,14,24,0
1102,56,14,24,0
1103,56,14,24,0
1104,56,14,24,0
1105,56,14,24,0
1106,56,14,24,0
1107,56,14,24,0
1108,56,14,24,0
1109,56,14,24,0
1110,56,14,24,0
1111,56,14,24,0
1112,56,14,24,0
1113,56,14,24,0
1114,56,14,24,0
1115,56,14,24,0
1116,56,14,24,0
1117,56,14,24,0
1118,56,14,24,0
1119,56,14,24,0
1120,56,14,24,0
1121,56,14,24,0
1122,56,14,24,0
1123,56,14,24,0
1124,56,14,24,0
1125,56,14,24,0
1126,56,14,24,0
1127,56,14,24,0
1128,56,14,24,0
1129,56,14,24,0
1130,56,14,24,0
1131,56,14,24,0
1132,56,14,24,0
1133,56,14,24,0
1134,56,14,24,0
1135,56,14,24,0
1136,56,14,24,0
1137,56,14,24,0
1138,56,14,24,0
1139,56,14,24,0
1140,56,14,24,0
1141,56,14,24,0
1142,56,14,24,0
1143,56,14,24,0
1144,56,14,24,0
1145,56,14,24,0
1146,56,14,24,0
1147,56,14,24,0
1148,56,14,24,0
1149,56,14,24,0
1150,56,14,24,0
1151,56,14,24,0
1152,56,14,24,0
1153,56,14,24,0
1154,56,14,24,0
1155,56,14,24,0
1156,56,14,24,0
1157,56,14,24,0
1158,56,14,24,0
1159,56,14,24,0
1160,56,14,24,0
1161,56,14,24,0
1162,56,14,24,0
1163,56,14,24,0
1164,56,14,24,0
1165,56,14,24,0
1166,56,14,24,0
1167,56,14,24,0
1168,56,14,24,0
1169,56,14,24,0
1170,56,14,24,0
1171,56,14,24,0
1172,56,14,24,0
1173,56,14,24,0
1174,56,14,24,0
1175,56,14,24,0
1176,56,14,24,0
1177,56,14,24,0
1178,56,14,24,0
1179,56,14,24,0
1180,56,14,24,0
1181,56,14,24,0
1182,56,14,24,0
1183,56,14,24,0
1184,56,14,24,0
1185,56,14,24,0
1186,56,14,24,0
1187,56,14,24,0
1188,56,14,24,0
1189,56,14,24,0
1190,56,14,24,0
1191,56,14,24,0
1192,56,14,24,0
1193,56,14,24,0
1194,56,14,24,0
1195,56,14,24,0
1196,56,14,24,0
1197,56,14,24,0
1198,56,14,24,0
1199,56,14,24,0
1200,56,14,24,0
1201,56,14,24,0
1202,56,14,24,0
1203,56,14,24,0
1204,56,14,24,0
1205,56,14,24,0
1206,56,14,24,0
1207,56,14,24,0
1208,56,14,24,0
1209,56,14,24,0
1210,56,14,24,0
1211,56,14,24,0
1212,56,14,24,0
1213,56,14,24,0
1214,56,14,24,0
1215,56,14,24,0
1216,56,14,24,0
1217,56,14,24,0
1218,56,14,24,0
1219,56,14,24,0
1220,56,14,24,0
1221,56,14,24,0
1222,56,14,24,0
1223,56,14,24,0
1224,56,14,24,0
1225,56,14,24,0
1226,56,14,24,0
1227,56,14,24,0
1228,56,14,24,0
1229,56,14,24,0
1230,56,14,24,0
1231,56,14,24,0
1232,56,14,24,0
1233,56,14,24,0
1234,56,14,24,0
1235,56,14,24,0
1236,56,14,24,0
1237,56,14,24,0
1238,56,14,24,0
1239,56,14,24,0
1240,56,14,24,0
1241,56,14,24,0
1242,56,14,24,0
1243,56,14,24,0
1244,56,14,24,0
1245,56,14,24,0
1246,56,14,24,0
1247,56,14,24,0
1248,56,14,24,0
1249,56,14,24,0
1250,56,14,24,0
1251,56,14,24,0
1252,56,14,24,0
1253,56,14,24,0
1254,56,14,24,0
1255,56,14,24,0
1256,56,14,24,0
1257,56,14,24,0
1258,56,14,24,0
1259,56,14,24,0
1260,56,14,24,0
1261,56,14,24,0
1262,56,14,24,0
1263,56,14,24,0
1264,56,14,24,0
1265,56,14,24,0
1266,56,14,24,0
1267,56,14,24,0
1268,56,14,24,0
1269,56,14,24,0
1270,56,14,24,0
1271,56,14,24,0
1272,56,14,24,0
1273,56,14,24,0
1274,56,14,24,0
1275,56,14,24,0
1276,56,14,24,0
1277,56,14,24,0
1278,56,14,24,0
1279,56,14,24,0
1280,56,14,24,0
1281,56,14,24,0
1282,56,14,24,0
1283,56,14,24,0
1284,56,14,24,0
1285,56,14,24,0
1286,56,14,24,0
1287,56,14,24,0
1288,56,14,24,0
1289,56,14,24,0
1290,56,14,24,0
1291,56,14,24,0
1292,56,14,24,0
1293,56,14,24,0
1294,56,14,24,0
1295,56,14,24,0
1296,56,14,24,0
1297,56,14,24,0
1298,56,14,24,0
1299,56,14,24,0
1300,56,14,24,0
1301,56,14,24,0
1302,56,14,24,0
1303,56,14,24,0
1304,56,14,24,0
1305,56,14,24,0
1306,56,14,24,0
1307,56,14,24,0
1308,56,14,24,0
1309,56,14,24,0
1310,56,14,24,0
1311,56,14,24,0
1312,56,14,24,0
1313,56,14,24,0
1314,56,14,24,0
1315,56,14,24,0
1316,56,14,24,0
1317,56,14,24,0
1318,56,14,24,0
1319,56,14,24,0
1320,56,14,24,0
1321,56,14,24,0
1322,56,14,24,0
1323,56,14,24,0
1324,56,14,24,0
1325,56,14,24,0
1326,56,14,24,0
1327,56,14,24,0
1328,56,14,24,0
1329,56,14,24,0
1330,56,14,24,0
1331,56,14,24,0
1332,56,14,24,0
1333,56,14,24,0
1334,56,14,24,0
1335,56,14,24,0
1336,56,14,24,0
1337,56,14,24,0
1338,56,14,24,0
1339,56,14,24,0
1340,56,14,24,0
1341,56,14,24,0
1342,56,14,24,0
1343,56,14,24,0
1344,56,14,24,0
1345,56,14,24,0
1346,56,14,24,0
1347,56,14,24,0
1348,56,14,24,0
1349,56,14,24,0
1350,56,14,24,0
1351,56,14,24,0
1352,56,14,24,0
1353,56,14,24,0
1354,56,14,24,0
1355,56,14,24,0
1356,56,14,24,0
1357,56,14,24,0
1358,56,14,24,0
1359,56,14,24,0
1360,56,14,24,0
1361,56,14,24,0
1362,56,14,24,0
1363,56,14,24,0
1364,56,14,24,0
1365,56,14,24,0
1366,56,14,24,0
1367,56,14,24,0
1368,56,14,24,0
1369,56,14,24,0
1370,56,14,24,0
1371,56,14,24,0
1372,56,14,24,0
1373,56,14,24,0
1374,56,14,24,0
1375,56,14,24,0
1376,56,14,24,0
1377,56,14,24,0
1378,56,14,24,0
1379,56,14,24,0
1380,56,14,24,0
1381,56,14,24,0
1382,56,14,24,0
1383,56,14,24,0
1384,56,14,24,0
1385,56,14,24,0
1386,56,14,24,0
1387,56,14,24,0
1388,56,14,24,0
1389,56,14,24,0
1390,56,14,24,0
1391,56,14,24,0
1392,56,14,24,0
1393,56,14,24,0
1394,56,14,24,0
1395,56,14,24,0
1396,56,14,24,0
1397,56,14,24,0
1398,56,14,24,0
1399,56,14,24,0
1400,56,14,24,0
1401,56,14,24,0
1402,56,14,24,0
1403,56,14,24,0
1404,56,14,24,0
1405,56,14,24,0
1406,56,14,24,0
1407,56,14,24,0
1408,56,14,24,0
1409,56,14,24,0
1410,56,14,24,0
1411,56,14,24,0
1412,56,14,24,0
1413,56,14,24,0
1414,56,14,24,0
1415,56,14,24,0
1416,56,14,24,0
1417,56,14,24,0
1418,56,14,24,0
1419,56,14,24,0
1420,56,14,24,0
1421,56,14,24,0
1422,56,14,24,0
1423,56,14,24,0
1424,56,14,24,0
1425,56,14,24,0
1426,56,14,24,0
1427,56,14,24,0
1428,56,14,24,0
1429,56,14,24,0
1430,56,14,24,0
1431,56,14,24,0
1432,56,14,24,0
1433,56,14,24,0
1434,56,14,24,0
1435,56,14,24,0
1436,56,14,24,0
1437,56,14,24,0
1438,56,14,24,0
1439,56,14,24,0
1440,56,14,24,0
1441,56,14,24,0
1442,56,14,24,0
1443,56,14,24,0
1444,56,14,24,0
1445,56,14,24,0
1446,56,14,24,0
1447,56,14,24,0
1448,56,14,24,0
1449,56,14,24,0
1450,56,14,24,0
1451,56,14,24,0
1452,56,14,24,0
1453,56,14,24,0
1454,56,14,24,0
1455,56,14,24,0
1456,56,14,24,0
1457,56,14,24,0
1458,56,14,24,0
1459,56,14,24,0
1460,56,14,24,0
1461,56,14,24,0
1462,56,14,24,0
1463,56,14,24,0
1464,56,14,24,0
1465,56,14,24,0
1466,56,14,24,0
1467,56,14,24,0
1468,56,14,24,0
1469,56,14,24,0
1470,56,14,24,0
1471,56,14,24,0
1472,56,14,24,0
1473,56,14,24,0
1474,56,14,24,0
1475,56,14,24,0
1476,56,14,24,0
1477,56,14,24,0
1478,56,14,24,0
1479,56,14,24,0
1480,56,14,24,0
1481,56,14,24,0
1482,56,14,24,0
1483,56,14,24,0
1484,56,14,24,0
1485,56,14,24,0
1486,56,14,24,0
1487,56,14,24,0
1488,56,14,24,0
1489,56,14,24,0
1490,56,14,24,0
1491,56,14,24,0
1492,56,14,24,0
1493,56,14,24,0
1494,56,14,24,0
1495,56,14,24,0
1496,56,14,24,0
1497,56,14,24,0
1498,56,14,24,0
1499,56,14,24,0
1500,56,14,24,0
1501,56,14,24,0
1502,56,14,24,0
1503,56,14,24,0
1504,56,14,24,0
1505,56,14,24,0
1506,56,14,24,0
1507,56,14,24,0
1508,56,14,24,0
1509,56,14,24,0
1510,56,14,24,0
1511,56,14,24,0
1512,56,14,24,0
1513,56,14,24,0
1514,56,14,24,0
1515,56,14,24,0
1516,56,14,24,0
1517,56,14,24,0
1518,56,14,24,0
1519,56,14,24,0
1520,56,14,24,0
1521,56,14,24,0
1522,56,14,24,0
1523,56,14,24,0
1524,56,14,24,0
1525,56,14,24,0
1526,56,14,24,0
1527,56,14,24,0
1528,56,14,24,0
1529,56,14,24,0
1530,56,14,24,0
1531,56,14,24,0
1532,56,14,24,0
1533,56,14,24,0
1534,56,14,24,0
1535,56,14,24,0
1536,56,14,24,0
1537,56,14,24,0
1538,56,14,24,0
1539,56,14,24,0
1540,56,14,24,0
1541,56,14,24,0
1542,56,14,24,0
1543,56,14,24,0
1544,56,14,24,0
1545,56,14,24,0
1546,56,14,24,0
1547,56,14,24,0
1548,56,14,24,0
1549,56,14,24,0
1550,56,14,24,0
1551,56,14,24,0
1552,56,14,24,0
1553,56,14,24,0
1554,56,14,24,0
1555,56,14,24,0
1556,56,14,24,0
1557,56,14,24,0
1558,56,14,24,0
1559,56,14,24,0
1560,56,14,24,0
1561,56,14,24,0
1562,56,14,24,0
1563,56,14,24,0
1564,56,14,24,0
1565,56,14,24,0
1566,56,14,24,0
1567,56,14,24,0
1568,56,14,24,0
1569,56,14,24,0
1570,56,14,24,0
1571,56,14,24,0
1572,56,14,24,0
1573,56,14,24,0
1574,56,14,24,0
1575,56,14,24,0
1576,56,14,24,0
1577,56,14,24,0
1578,56,14,24,0
1579,56,14,24,0
1580,56,14,24,0
1581,56,14,24,0
1582,56,14,24,0
1583,56,14,24,0
1584,56,14,24,0
1585,56,14,24,0
1586,56,14,24,0
1587,56,14,24,0
1588,56,14,24,0
1589,56,14,24,0
1590,56,14,24,0
1591,56,14,24,0
1592,56,14,24,0
1593,56,14,24,0
1594,56,14,24,0
1595,56,14,24,0
1596,56,14,24,0
1597,56,14,24,0
1598,56,14,24,0
1599,56,14,24,0
1600,56,14,24,0
1601,56,14,24,0
1602,56,14,24,0
1603,56,14,24,0
1604,56,14,24,0
1605,56,14,24,0
1606,56,14,24,0
1607,56,14,24,0
1608,56,14,24,0
1609,56,14,24,0
1610,56,14,24,0
1611,56,14,24,0
1612,56,14,24,0
1613,56,14,24,0
1614,56,14,24,0
1615,56,14,24,0
1616,56,14,24,0
1617,56,14,24,0
1618,56,14,24,0
1619,57,14,25,0
1620,57,14,25,0
1621,57,14,25,0
1622,57,14,25,0
1623,57,14,25,0
1624,57,14,25,0
1625,57,14,25,0
1626,57,14,25,0
1627,57,14,25,0
1628,57,14,25,0
1629,57,14,25,0
1630,57,14,25,0
1631,57,14,25,0
1632,57,14,25,0
1633,57,14,25,0
1634,57,14,25,0
1635,57,14,25,0
1636,57,14,25,0
1637,57,14,25,0
1638,57,14,25,0
1639,57,14,25,0
1640,57,14,25,0
1641,57,14,25,0
1642,57,14,25,0
1643,57,14,25,0
1644,57,14,25,0
1645,57,14,25,0
1646,57,14,25,0
1647,57,14,25,0
1648,57,14,25,0
1649,57,14,25,0
1650,57,14,25,0
1651,57,14,25,0
1652,57,14,25,0
1653,57,14,25,0
1654,57,14,25,0
1655,57,14,25,0
1656,57,14,25,0
1657,57,14,25,0
1658,57,14,25,0
1659,57,14,25,0
1660,57,14,25,0
1661,57,14,25,0
1662,57,14,25,0
1663,57,14,25,0
1664,57,14,25,0
1665,57,14,25,0
1666,57,14,25,0
1667,57,14,25,0
1668,57,14,25,0
1669,57,14,25,0
1670,57,14,25,0
1671,57,14,25,0
1672,57,14,25,0
1673,57,14,25,0
1674,57,14,25,0
1675,57,14,25,0
1676,57,14,25,0
1677,57,14,25,0
1678,57,14,25,0
1679,57,14,25,0
1680,57,14,25,0
1681,57,14,25,0
1682,57,14,25,0
1683,57,14,25,0
1684,57,14,25,0
1685,57,14,25,0
1686,57,14,25,0
1687,57,14,25,0
1688,57,14,25,0
1689,57,14,25,0
1690,57,14,25,0
1691,57,14,25,0
1692,57,14,25,0
1693,57,14,25,0
1694,57,14,25,0
1695,57,14,25,0
1696,57,14,25,0
1697,57,14,25,0
1698,57,14,25,0
1699,57,14,25,0
1700,57,14,25,0
1701,57,14,25,0
1702,57,14,25,0
1703,57,14,25,0
1704,57,14,25,0
1705,57,14,25,0
1706,57,14,25,0
1707,57,14,25,0
1708,57,14,25,0
1709,57,14,25,0
1710,57,14,25,0
1711,57,14,25,0
1712,57,14,25,0
1713,57,14,25,0
1714,57,14,25,0
1715,57,14,25,0
1716,57,14,25,0
1717,57,14,25,0
1718,57,14,25,0
1719,57,14,25,0
1720,57,14,25,0
1721,57,14,25,0
1722,57,14,25,0
1723,57,14,25,0
1724,57,14,25,0
1725,57,14,25,0
1726,57,14,25,0
1727,57,14,25,0
1728,57,14,25,0
1729,57,14,25,0
1730,57,14,25,0
1731,57,14,25,0
1732,57,14,25,0
1733,57,14,25,0
1734,57,14,25,0
1735,57,14,25,0
1736,57,14,25,0
1737,57,14,25,0
1738,57,14,25,0
1739,57,14,25,0
1740,57,14,25,0
1741,57,14,25,0
1742,57,14,25,0
1743,57,14,25,0
1744,57,14,25,0
1745,57,14,25,0
1746,57,14,25,0
1747,57,14,25,0
1748,57,14,25,0
1749,57,14,25,0
1750,57,14,25,0
1751,57,14,25,0
1752,57,14,25,0
1753,57,14,25,0
1754,57,14,25,0
1755,57,14,25,0
1756,57,14,25,0
1757,57,14,25,0
1758,57,14,25,0
1759,57,14,25,0
1760,57,14,25,0
1761,57,14,25,0
1762,57,14,25,0
1763,57,14,25,0
1764,57,14,25,0
1765,57,14,25,0
1766,57,14,25,0
1767,57,14,25,0
1768,57,14,25,0
1769,57,14,25,0
1770,57,14,25,0
1771,57,14,25,0
1772,57,14,25,0
1773,57,14,25,0
1774,57,14,25,0
1775,57,14,25,0
1776,57,14,25,0
1777,57,14,25,0
1778,57,14,25,0
1779,57,14,25,0
1780,57,14,25,0
1781,57,14,25,0
1782,57,14,25,0
1783,57,14,25,0
1784,57,14,25,0
1785,57,14,25,0
1786,57,14,25,0
1787,57,14,25,0
1788,57,14,25,0
1789,57,14,25,0
1790,57,14,25,0
1791,57,14,25,0
1792,57,14,25,0
1793,57,14,25,0
1794,57,14,25,0
1795,57,14,25,0
1796,57,14,25,0
1797,57,14,25,0
1798,57,14,25,0
1799,57,14,25,0
1800,57,14,25,0
1801,57,14,25,0
1802,57,14,25,0
1803,57,14,25,0
1804,57,14,25,0
1805,57,14,25,0
1806,57,14,25,0
1807,57,14,25,0
1808,57,14,25,0
1809,57,14,25,0
1810,57,14,25,0
1811,57,14,25,0
1812,57,14,25,0
1813,57,14,25,0
1814,57,14,25,0
1815,57,14,25,0
1816,57,14,25,0
1817,57,14,25,0
1818,57,14,25,0
1819,57,14,25,0
1820,57,14,25,0
1821,57,14,25,0
1822,57,14,25,0
1823,57,14,25,0
1824,57,14,25,0
1825,57,14,25,0
1826,57,14,25,0
1827,57,14,25,0
1828,57,14,25,0
1829,57,14,25,0
1830,57,14,25,0
1831,57,14,25,0
1832,57,14,25,0
1833,57,14,25,0
1834,57,14,25,0
1835,57,14,25,0
1836,57,14,25,0
1837,57,14,25,0
1838,57,14,25,0
1839,57,14,25,0
1840,57,14,25,0
1841,57,14,25,0
1842,57,14,25,0
1843,57,14,25,0
1844,57,14,25,0
1845,57,14,25,0
1846,57,14,25,0
1847,57,14,25,0
1848,57,14,25,0
1849,57,14,25,0
1850,57,14,25,0
1851,57,14,25,0
1852,57,14,25,0
1853,57,14,25,0
1854,57,14,25,0
1855,57,14,25,0
1856,57,14,25,0
1857,57,14,25,0
1858,57,14,25,0
1859,57,14,25,0
1860,57,14,25,0
1861,57,14,25,0
1862,57,14,25,0
1863,57,14,25,0
1864,57,14,25,0
1865,57,14,25,0
1866,57,14,25,0
1867,57,14,25,0
1868,57,14,25,0
1869,57,14,25,0
1870,57,14,25,0
1871,57,14,25,0
1872,57,14,25,0
1873,57,14,25,0
1874,57,14,25,0
1875,57,14,25,0
1876,57,14,25,0
1877,57,14,25,0
1878,57,14,25,0
1879,57,14,25,0
1880,57,14,25,0
1881,57,14,25,0
1882,57,14,25,0
1883,57,14,25,0
1884,57,14,25,0
1885,57,14,25,0
1886,57,14,25,0
1887,57,14,25,0
1888,57,14,25,0
1889,57,14,25,0
1890,57,14,25,0
1891,57,14,25,0
1892,57,14,25,0
1893,57,14,25,0
1894,57,14,25,0
1895,57,14,25,0
1896,57,14,25,0
1897,57,14,25,0
1898,57,14,25,0
1899,57,14,25,0
1900,57,14,25,0
1901,57,14,25,0
1902,57,14,25,0
1903,57,14,25,0
1904,57,14,25,0
1905,57,14,25,0
1906,57,14,25,0
1907,57,14,25,0
1908,57,14,25,0
1909,57,14,25,0
1910,57,14,25,0
1911,57,14,25,0
1912,57,14,25,0
1913,57,14,25,0
1914,57,14,25,0
1915,57,14,25,0
1916,57,14,25,0
1917,57,14,25,0
1918,57,14,25,0
1919,57,14,25,0
1920,57,14,25,0
1921,57,14,25,0
1922,57,14,25,0
1923,57,14,25,0
1924,57,14,25,0
1925,57,14,25,0
1926,57,14,25,0
1927,57,14,25,0
1928,57,14,25,0
1929,57,14,25,0
1930,57,14,25,0
1931,57,14,25,0
1932,57,14,25,0
1933,57,14,25,0
1934,57,14,25,0
1935,57,14,25,0
1936,57,14,25,0
1937,57,14,25,0
1938,57,14,25,0
1939,57,14,25,0
1940,57,14,25,0
1941,57,14,25,0
1942,57,14,25,0
1943,57,14,25,0
1944,57,14,25,0
1945,57,14,25,0
1946,57,14,25,0
1947,57,14,25,0
1948,57,14,25,0
1949,57,14,25,0
1950,57,14,25,0
1951,57,14,25,0
1952,57,14,25,0
1953,57,14,25,0
1954,57,14,25,0
1955,57,14,25,0
1956,57,14,25,0
1957,57,14,25,0
1958,57,14,25,0
1959,57,14,25,0
1960,57,14,25,0
1961,57,14,25,0
1962,57,14,25,0
1963,57,14,25,0
1964,57,14,25,0
1965,57,14,25,0
1966,57,14,25,0
1967,57,14,25,0
1968,57,14,25,0
1969,57,14,25,0
1970,57,14,25,0
1971,57,14,25,0
1972,57,14,25,0
1973,57,14,25,0
1974,57,14,25,0
1975,57,14,25,0
1976,57,14,25,0
1977,57,14,25,0
1978,57,14,25,0
1979,57,14,25,0
1980,57,14,25,0
1981,57,14,25,0
1982,57,14,25,0
1983,57,14,25,0
1984,57,14,25,0
1985,57,14,25,0
1986,57,14,25,0
1987,57,14,25,0
1988,57,14,25,0
1989,57,14,25,0
1990,57,14,25,0
1991,57,14,25,0
1992,57,14,25,0
1993,57,14,25,0
1994,57,14,25,0
1995,57,14,25,0
1996,57,14,25,0
1997,57,14,25,0
1998,57,14,25,0
1999,57,14,25,0
2000,57,14,25,0
2001,57,14,25,0
2002,57,14,25,0
2003,57,14,25,0
2004,57,14,25,0
2005,57,14,25,0
2006,57,14,25,0
2007,57,14,25,0
2008,57,14,25,0
2009,57,14,25,0
2010,57,14,25,0
2011,57,14,25,0
2012,57,14,25,0
2013,57,14,25,0
2014,57,14,25,0
2015,57,14,25,0
2016,57,14,25,0
2017,57,14,25,0
2018,57,14,25,0
2019,57,14,25,0
2020,57,14,25,0
2021,57,14,25,0
2022,57,14,25,0
2023,57,14,25,0
2024,57,14,25,0
2025,57,14,25,0
2026,57,14,25,0
2027,57,14,25,0
2028,57,14,25,0
2029,57,14,25,0
2030,57,14,25,0
2031,57,14,25,0
2032,57,14,25,0
2033,57,14,25,0
2034,57,14,25,0
2035,57,14,25,0
2036,57,14,25,0
2037,57,14,25,0
2038,57,14,25,0
2039,57,14,25,0
2040,57,14,25,0
2041,57,14,25,0
2042,57,14,25,0
2043,57,14,25,0
2044,57,14,25,0
2045,57,14,25,0
2046,57,14,25,0
2047,57,14,25,0
2048,57,14,25,0
2049,57,14,25,0
2050,57,14,25,0
2051,57,14,25,0
2052,57,14,25,0
2053,57,14,25,0
2054,57,14,25,0
2055,57,14,25,0
2056,57,14,25,0
2057,57,14,25,0
2058,57,14,25,0
2059,57,14,25,0
2060,57,14,25,0
2061,57,14,25,0
2062,57,14,25,0
2063,57,14,25,0
2064,57,14,25,0
2065,57,14,25,0
2066,57,14,25,0
2067,57,14,25,0
2068,57,14,25,0
2069,57,14,25,0
2070,57,14,25,0
2071,57,14,25,0
2072,57,14,25,0
2073,57,14,25,0
2074,57,14,25,0
2075,57,14,25,0
2076,57,14,25,0
2077,57,14,25,0
2078,57,14,25,0
2079,57,14,25,0
2080,57,14,25,0
2081,57,14,25,0
2082,57,14,25,0
2083,57,14,25,0
2084,57,14,25,0
2085,57,14,25,0
2086,57,14,25,0
2087,57,14,25,0
2088,57,14,25,0
2089,57,14,25,0
2090,57,14,25,0
2091,57,14,25,0
2092,57,14,25,0
2093,57,14,25,0
2094,57,14,25,0
2095,57,14,25,0
2096,57,14,25,0
2097,57,14,25,0
2098,57,14,25,0
2099,57,14,25,0
2100,57,14,25,0
2101,57,14,25,0
2102,57,14,25,0
2103,57,14,25,0
2104,57,14,25,0
2105,57,14,25,0
2106,57,14,25,0
2107,57,14,25,0
2108,57,14,25,0
2109,57,14,25,0
2110,57,14,25,0
2111,57,14,25,0
2112,57,14,25,0
2113,57,14,25,0
2114,57,14,25,0
2115,57,14,25,0
2116,57,14,25,0
2117,57,14,25,0
2118,57,14,25,0
2119,57,14,25,0
2120,57,14,25,0
2121,57,14,25,0
2122,57,14,25,0
2123,57,14,25,0
2124,57,14,25,0
2125,57,14,25,0
2126,57,14,25,0
2127,57,14,25,0
2128,57,14,25,0
2129,57,14,25,0
2130,57,14,25,0
2131,57,14,25,0
2132,57,14,25,0
2133,57,14,25,0
2134,57,14,25,0
2135,57,14,25,0
2136,57,14,25,0
2137,57,14,25,0
2138,57,14,25,0
2139,57,14,25,0
2140,57,14,25,0
2141,57,14,25,0
2142,57,14,25,0
2143,57,14,25,0
2144,57,14,25,0
2145,57,14,25,0
2146,57,14,25,0
2147,57,14,25,0
2148,57,14,25,0
2149,57,14,25,0
2150,57,14,25,0
2151,57,14,25,0
2152,57,14,25,0
2153,57,14,25,0
2154,57,14,25,0
2155,57,14,25,0
2156,57,14,25,0
2157,57,14,25,0
2158,57,14,25,0
2159,57,14,25,0
2160,57,14,25,0
2161,57,14,25,0
2162,57,14,25,0
2163,57,14,25,0
2164,57,14,25,0
2165,57,14,25,0
2166,57,14,25,0
2167,57,14,25,0
2168,57,14,25,0
2169,57,14,25,0
2170,57,14,25,0
2171,57,14,25,0
2172,57,14,25,0
2173,57,14,25,0
2174,57,14,25,0
2175,57,14,25,0
2176,57,14,25,0
2177,57,14,25,0
2178,57,14,25,0
2179,57,14,25,0
2180,57,14,25,0
2181,57,14,25,0
2182,57,14,25,0
2183,57,14,25,0
2184,57,14,25,0
2185,57,14,25,0
2186,57,14,25,0
2187,57,14,25,0
2188,57,14,25,0
2189,57,14,25,0
2190,57,14,25,0
2191,57,14,25,0
2192,57,14,25,0
2193,57,14,25,0
2194,57,14,25,0
2195,57,14,25,0
2196,57,14,25,0
2197,57,14,25,0
2198,57,14,25,0
2199,57,14,25,0
2200,57,14,25,0
2201,57,14,25,0
2202,57,14,25,0
2203,57,14,25,0
2204,57,14,25,0
2205,57,14,25,0
2206,57,14,25,0
2207,57,14,25,0
2208,57,14,25,0
2209,57,14,25,0
2210,57,14,25,0
2211,57,14,25,0
2212,57,14,25,0
2213,57,14,25,0
2214,57,14,25,0
2215,57,14,25,0
2216,57,14,25,0
2217,57,14,25,0
2218,57,14,25,0
2219,57,14,25,0
2220,57,14,25,0
2221,57,14,25,0
2222,57,14,25,0
2223,57,14,25,0
2224,57,14,25,0
2225,57,14,25,0
2226,57,14,25,0
2227,57,14,25,0
2228,57,14,25,0
2229,57,14,25,0
2230,57,14,25,0
2231,57,14,25,0
2232,57,14,25,0
2233,57,14,25,0
2234,57,14,25,0
2235,57,14,25,0
2236,57,14,25,0
2237,57,14,25,0
2238,57,14,25,0
2239,57,14,25,0
2240,57,14,25,0
2241,57,14,25,0
2242,57,14,25,0
2243,57,14,25,0
2244,57,14,25,0
2245,57,14,25,0
2246,57,14,25,0
2247,57,14,25,0
2248,57,14,25,0
2249,57,14,25,0
2250,57,14,25,0
2251,57,14,25,0
2252,57,14,25,0
2253,57,14,25,0
2254,57,14,25,0
2255,57,14,25,0
2256,57,14,25,0
2257,57,14,25,0
2258,57,14,25,0
2259,57,14,25,0
2260,57,14,25,0
2261,57,14,25,0
2262,57,14,25,0
2263,57,14,25,0
2264,57,14,25,0
2265,57,14,25,0
2266,57,14,25,0
2267,57,14,25,0
2268,57,14,25,0
2269,57,14,25,0
2270,57,14,25,0
2271,57,14,25,0
2272,57,14,25,0
2273,57,14,25,0
2274,57,14,25,0
2275,57,14,25,0
2276,57,14,25,0
2277,57,14,25,0
2278,57,14,25,0
2279,57,14,25,0
2280,57,14,25,0
2281,57,14,25,0
2282,57,14,25,0
2283,57,14,25,0
2284,57,14,25,0
2285,57,14,25,0
2286,57,14,25,0
2287,57,14,25,0
2288,57,14,25,0
2289,57,14,25,0
2290,57,14,25,0
2291,57,14,25,0
2292,57,14,25,0
2293,57,14,25,0
2294,57,14,25,0
2295,57,14,25,0
2296,57,14,25,0
2297,57,14,25,0
2298,57,14,25,0
2299,57,14,25,0
2300,57,14,25,0
2301,57,14,25,0
2302,57,14,25,0
2303,57,14,25,0
2304,57,14,25,0
2305,57,14,25,0
2306,57,14,25,0
2307,57,14,25,0
2308,57,14,25,0
2309,57,14,25,0
2310,57,14,25,0
2311,57,14,25,0
2312,57,14,25,0
2313,57,14,25,0
2314,57,14,25,0
2315,57,14,25,0
2316,57,14,25,0
2317,57,14,25,0
2318,57,14,25,0
2319,57,14,25,0
2320,57,14,25,0
2321,57,14,25,0
2322,57,14,25,0
2323,57,14,25,0
2324,57,14,25,0
2325,57,14,25,0
2326,57,14,25,0
2327,57,14,25,0
2328,57,14,25,0
2329,57,14,25,0
2330,57,14,25,0
2331,57,14,25,0
2332,57,14,25,0
2333,57,14,25,0
2334,57,14,25,0
2335,57,14,25,0
2336,57,14,25,0
2337,57,14,25,0
2338,57,14,25,0
2339,57,14,25,0
2340,57,14,25,0
2341,57,14,25,0
2342,57,14,25,0
2343,57,14,25,0
2344,57,14,25,0
2345,57,14,25,0
2346,57,14,25,0
2347,57,14,25,0
2348,57,14,25,0
2349,57,14,25,0
2350,57,14,25,0
2351,57,14,25,0
2352,57,14,25,0
2353,57,14,25,0
2354,57,14,25,0
2355,57,14,25,0
2356,57,14,25,0
2357,57,14,25,0
2358,57,14,25,0
2359,57,14,25,0
2360,57,14,25,0
2361,57,14,25,0
2362,57,14,25,0
2363,57,14,25,0
2364,57,14,25,0
2365,57,14,25,0
2366,57,14,25,0
2367,57,14,25,0
2368,57,14,25,0
2369,57,14,25,0
2370,57,14,25,0
2371,57,14,25,0
2372,57,14,25,0
2373,57,14,25,0
2374,57,14,25,0
2375,57,14,25,0
2376,57,14,25,0
2377,57,14,25,0
2378,57,14,25,0
2379,57,14,25,0
2380,57,14,25,0
2381,57,14,25,0
2382,57,14,25,0
2383,57,14,25,0
2384,57,14,25,0
2385,57,14,25,0
2386,57,14,25,0
2387,57,14,25,0
2388,57,14,25,0
2389,57,14,25,0
2390,57,14,25,0
2391,57,14,25,0
2392,57,14,25,0
2393,57,14,25,0
2394,57,14,25,0
2395,57,14,25,0
2396,57,14,25,0
2397,57,14,25,0
2398,57,14,25,0
2399,57,14,25,0
2400,57,14,25,0
2401,57,14,25,0
2402,57,14,25,0
2403,57,14,25,0
2404,57,14,25,0
2405,57,14,25,0
2406,57,14,25,0
2407,57,14,25,0
2408,57,14,25,0
2409,57,14,25,0
2410,57,14,25,0
2411,57,14,25,0
2412,57,14,25,0
2413,57,14,25,0
2414,57,14,25,0
2415,57,14,25,0
2416,57,14,25,0
2417,57,14,25,0
2418,57,14,25,0
2419,57,14,25,0
2420,57,14,25,0
2421,57,14,25,0
2422,57,14,25,0
2423,57,14,25,0
2424,57,14,25,0
2425,57,14,25,0
2426,57,14,25,0
2427,57,14,25,0
2428,57,14,25,0
2429,57,14,25,0
2430,57,14,25,0
2431,57,14,25,0
2432,57,14,25,0
2433,57,14,25,0
2434,57,14,25,0
2435,57,14,25,0
2436,57,14,25,0
2437,57,14,25,0
2438,57,14,25,0
2439,57,14,25,0
2440,57,14,25,0
2441,57,14,25,0
2442,57,14,25,0
2443,57,14,25,0
2444,57,14,25,0
2445,57,14,25,0
2446,57,14,25,0
2447,57,14,25,0
2448,57,14,25,0
2449,57,14,25,0
2450,57,14,25,0
2451,57,14,25,0
2452,57,14,25,0
2453,57,14,25,0
2454,57,14,25,0
2455,57,14,25,0
2456,57,14,25,0
2457,57,14,25,0
2458,57,14,25,0
2459,57,14,25,0
2460,57,14,25,0
2461,57,14,25,0
2462,57,14,25,0
2463,57,14,25,0
2464,57,14,25,0
2465,57,14,25,0
2466,57,14,25,0
2467,57,14,25,0
2468,57,14,25,0
2469,57,14,25,0
2470,57,14,25,0
2471,57,14,25,0
2472,57,14,25,0
2473,57,14,25,0
2474,57,14,25,0
2475,57,14,25,0
2476,57,14,25,0
2477,57,14,25,0
2478,57,14,25,0
2479,57,14,25,0
2480,57,14,25,0
2481,57,14,25,0
2482,57,14,25,0
2483,57,14,25,0
2484,57,14,25,0
2485,57,14,25,0
2486,57,14,25,0
2487,57,14,25,0
2488,57,14,25,0
2489,57,14,25,0
2490,57,14,25,0
2491,57,14,25,0
2492,57,14,25,0
2493,57,14,25,0
2494,57,14,25,0
2495,57,14,25,0
2496,57,14,25,0
2497,57,14,25,0
2498,57,14,25,0
2499,57,14,25,0
2500,57,14,25,0
2501,57,14,25,0
2502,57,14,25,0
2503,57,14,25,0
2504,57,14,25,0
2505,57,14,25,0
2506,57,14,25,0
2507,57,14,25,0
2508,57,14,25,0
2509,57,14,25,0
2510,57,14,25,0
2511,57,14,25,0
2512,57,14,25,0
2513,57,14,25,0
2514,57,14,25,0
2515,57,14,25,0
2516,57,14,25,0
2517,57,14,25,0
2518,57,14,25,0
2519,57,14,25,0
2520,57,14,25,0
2521,57,14,25,0
2522,57,14,25,0
2523,57,14,25,0
2524,57,14,25,0
2525,57,14,25,0
2526,57,14,25,0
2527,57,14,25,0
2528,57,14,25,0
2529,57,14,25,0
2530,57,14,25,0
2531,57,14,25,0
2532,57,14,25,0
2533,57,14,25,0
2534,57,14,25,0
2535,57,14,25,0
2536,57,14,25,0
2537,57,14,25,0
2538,57,14,25,0
2539,57,14,25,0
2540,57,14,25,0
2541,57,14,25,0
2542,57,14,25,0
2543,57,14,25,0
2544,57,14,25,0
2545,57,14,25,0
2546,57,14,25,0
2547,57,14,25,0
2548,57,14,25,0
2549,57,14,25,0
2550,57,14,25,0
2551,57,14,25,0
2552,57,14,25,0
2553,57,14,25,0
2554,57,14,25,0
2555,57,14,25,0
2556,57,14,25,0
2557,57,14,25,0
2558,57,14,25,0
2559,57,14,25,0
2560,57,14,25,0
2561,57,14,25,0
2562,57,14,25,0
2563,57,14,25,0
2564,57,14,25,0
2565,57,14,25,0
2566,57,14,25,0
2567,57,14,25,0
2568,57,14,25,0
2569,57,14,25,0
2570,57,14,25,0
2571,57,14,25,0
2572,57,14,25,0
2573,57,14,25,0
2574,57,14,25,0
2575,57,14,25,0
2576,57,14,25,0
2577,57,14,25,0
2578,57,14,25,0
2579,57,14,25,0
2580,57,14,25,0
2581,57,14,25,0
2582,57,14,25,0
2583,57,14,25,0
2584,57,14,25,0
2585,57,14,25,0
2586,57,14,25,0
2587,57,14,25,0
2588,57,14,25,0
2589,57,14,25,0
2590,57,14,25,0
2591,57,14,25,0
2592,57,14,25,0
2593,57,14,25,0
2594,57,14,25,0
2595,57,14,25,0
2596,57,14,25,0
2597,57,14,25,0
2598,57,14,25,0
2599,57,14,25,0
2600,57,14,25,0
2601,57,14,25,0
2602,57,14,25,0
2603,57,14,25,0
2604,57,14,25,0
2605,57,14,25,0
2606,57,14,25,0
2607,57,14,25,0
2608,57,14,25,0
2609,57,14,25,0
2610,57,14,25,0
2611,57,14,25,0
2612,57,14,25,0
2613,57,14,25,0
2614,57,14,25,0
2615,57,14,25,0
2616,57,14,25,0
2617,57,14,25,0
2618,57,14,25,0
2619,57,14,25,0
2620,57,14,25,0
2621,57,14,25,0
2622,57,14,25,0
2623,57,14,25,0
2624,57,14,25,0
2625,57,14,25,0
2626,57,14,25,0
2627,57,14,25,0
2628,57,14,25,0
2629,57,14,25,0
2630,57,14,25,0
2631,57,14,25,0
2632,57,14,25,0
2633,57,14,25,0
2634,57,14,25,0
2635,57,14,25,0
2636,57,14,25,0
2637,57,14,25,0
2638,57,14,25,0
2639,57,14,25,0
2640,57,14,25,0
2641,57,14,25,0
2642,57,14,25,0
2643,57,14,25,0
2644,57,14,25,0
2645,57,14,25,0
2646,57,14,25,0
2647,57,14,25,0
2648,57,14,25,0
2649,57,14,25,0
2650,57,14,25,0
2651,57,14,25,0
2652,57,14,25,0
2653,57,14,25,0
2654,57,14,25,0
2655,57,14,25,0
2656,57,14,25,0
2657,57,14,25,0
2658,57,14,25,0
2659,57,14,25,0
2660,57,14,25,0
2661,57,14,25,0
2662,57,14,25,0
2663,57,14,25,0
2664,57,14,25,0
2665,57,14,25,0
2666,57,14,25,0
2667,57,14,25,0
2668,57,14,25,0
2669,57,14,25,0
2670,57,14,25,0
2671,57,14,25,0
2672,57,14,25,0
2673,57,14,25,0
2674,57,14,25,0
2675,57,14,25,0
2676,57,14,25,0
2677,57,14,25,0
2678,57,14,25,0
2679,57,14,25,0
2680,57,14,25,0
2681,57,14,25,0
2682,57,14,25,0
2683,57,14,25,0
2684,57,14,25,0
2685,57,14,25,0
2686,57,14,25,0
2687,57,14,25,0
2688,57,14,25,0
2689,57,14,25,0
2690,57,14,25,0
2691,57,14,25,0
2692,57,14,25,0
2693,57,14,25,0
2694,57,14,25,0
2695,57,14,25,0
2696,57,14,25,0
2697,57,14,25,0
2698,57,14,25,0
2699,57,14,25,0
2700,57,14,25,0
2701,57,14,25,0
2702,57,14,25,0
2703,57,14,25,0
2704,57,14,25,0
2705,57,14,25,0
2706,57,14,25,0
2707,57,14,25,0
2708,57,14,25,0
2709,57,14,25,0
2710,57,14,25,0
2711,57,14,25,0
2712,57,14,25,0
2713,57,14,25,0
2714,57,14,25,0
2715,57,14,25,0
2716,57,14,25,0
2717,57,14,25,0
2718,57,14,25,0
2719,57,14,25,0
2720,57,14,25,0
2721,57,14,25,0
2722,57,14,25,0
2723,57,14,25,0
2724,57,14,25,0
2725,57,14,25,0
2726,57,14,25,0
2727,57,14,25,0
2728,57,14,25,0
2729,57,14,25,0
2730,57,14,25,0
2731,57,14,25,0
2732,57,14,25,0
2733,57,14,25,0
2734,57,14,25,0
2735,57,14,25,0
2736,57,14,25,0
2737,57,14,25,0
2738,57,14,25,0
2739,57,14,25,0
2740,57,14,25,0
2741,57,14,25,0
2742,57,14,25,0
2743,57,14,25,0
2744,57,14,25,0
2745,57,14,25,0
2746,57,14,25,0
2747,57,14,25,0
2748,57,14,25,0
2749,57,14,25,0
2750,57,14,25,0
2751,57,14,25,0
2752,57,14,25,0
2753,57,14,25,0
2754,57,14,25,0
2755,57,14,25,0
2756,57,14,25,0
2757,57,14,25,0
2758,57,14,25,0
2759,57,14,25,0
2760,57,14,25,0
2761,57,14,25,0
2762,57,14,25,0
2763,57,14,25,0
2764,57,14,25,0
2765,57,14,25,0
2766,57,14,25,0
2767,57,14,25,0
2768,57,14,25,0
2769,57,14,25,0
2770,57,14,25,0
2771,57,14,25,0
2772,57,14,25,0
2773,57,14,25,0
2774,57,14,25,0
2775,57,14,25,0
2776,57,14,25,0
2777,57,14,25,0
2778,57,14,25,0
2779,57,14,25,0
2780,57,14,25,0
2781,57,14,25,0
2782,57,14,25,0
2783,57,14,25,0
2784,57,14,25,0
2785,57,14,25,0
2786,57,14,25,0
2787,57,14,25,0
2788,57,14,25,0
2789,57,14,25,0
2790,57,14,25,0
2791,57,14,25,0
2792,57,14,25,0
2793,57,14,25,0
2794,57,14,25,0
2795,57,14,25,0
2796,57,14,25,0
2797,57,14,25,0
2798,57,14,25,0
2799,57,14,25,0
2800,57,14,25,0
2801,57,14,25,0
2802,57,14,25,0
2803,57,14,25,0
2804,57,14,25,0
2805,57,14,25,0
2806,57,14,25,0
2807,57,14,25,0
2808,57,14,25,0
2809,57,14,25,0
2810,57,14,25,0
2811,57,14,25,0
2812,57,14,25,0
2813,57,14,25,0
2814,57,14,25,0
2815,57,14,25,0
2816,57,14,25,0
2817,57,14,25,0
2818,57,14,25,0
2819,57,14,25,0
2820,57,14,25,0
2821,57,14,25,0
2822,57,14,25,0
2823,57,14,25,0
2824,57,14,25,0
2825,57,14,25,0
2826,57,14,25,0
2827,57,14,25,0
2828,57,14,25,0
2829,57,14,25,0
2830,57,14,25,0
2831,57,14,25,0
2832,57,14,25,0
2833,57,14,25,0
2834,57,14,25,0
2835,57,14,25,0
2836,57,14,25,0
2837,57,14,25,0
2838,57,14,25,0
2839,57,14,25,0
2840,57,14,25,0
2841,57,14,25,0
2842,57,14,25,0
2843,57,14,25,0
2844,57,14,25,0
2845,57,14,25,0
2846,57,14,25,0
2847,57,14,25,0
2848,57,14,25,0
2849,57,14,25,0
2850,57,14,25,0
2851,57,14,25,0
2852,57,14,25,0
2853,57,14,25,0
2854,57,14,25,0
2855,57,14,25,0
2856,57,14,25,0
2857,57,14,25,0
2858,57,14,25,0
2859,57,14,25,0
2860,57,14,25,0
2861,57,14,25,0
2862,57,14,25,0
2863,57,14,25,0
2864,57,14,25,0
2865,57,14,25,0
2866,57,14,25,0
2867,57,14,25,0
2868,57,14,25,0
2869,57,14,25,0
2870,57,14,25,0
2871,57,14,25,0
2872,57,14,25,0
2873,57,14,25,0
2874,57,14,25,0
2875,57,14,25,0
2876,57,14,25,0
2877,57,14,25,0
2878,57,14,25,0
2879,57,14,25,0
2880,57,14,25,0
2881,57,14,25,0
2882,57,14,25,0
2883,57,14,25,0
2884,57,14,25,0
2885,57,14,25,0
2886,57,14,25,0
2887,57,14,25,0
2888,57,14,25,0
2889,57,14,25,0
2890,57,14,25,0
2891,57,14,25,0
2892,57,14,25,0
2893,57,14,25,0
2894,57,14,25,0
2895,57,14,25,0
2896,57,14,25,0
2897,57,14,25,0
2898,57,14,25,0
2899,57,14,25,0
2900,57,14,25,0
2901,57,14,25,0
2902,57,14,25,0
2903,57,14,25,0
2904,57,14,25,0
2905,57,14,25,0
2906,57,14,25,0
2907,57,14,25,0
2908,57,14,25,0
2909,57,14,25,0
2910,57,14,25,0
2911,57,14,25,0
2912,57,14,25,0
2913,57,14,25,0
2914,57,14,25,0
2915,57,14,25,0
2916,57,14,25,0
2917,57,14,25,0
2918,57,14,25,0
2919,57,14,25,0
2920,57,14,25,0
2921,57,14,25,0
2922,57,14,25,0
2923,57,14,25,0
2924,57,14,25,0
2925,57,14,25,0
2926,57,14,25,0
2927,57,14,25,0
2928,57,14,25,0
2929,57,14,25,0
2930,57,14,25,0
2931,57,14,25,0
2932,57,14,25,0
2933,57,14,25,0
2934,57,14,25,0
2935,57,14,25,0
2936,57,14,25,0
2937,57,14,25,0
2938,57,14,25,0
2939,57,14,25,0
2940,57,14,25,0
2941,57,14,25,0
2942,57,14,25,0
2943,57,14,25,0
2944,57,14,25,0
2945,57,14,25,0
2946,57,14,25,0
2947,57,14,25,0
2948,57,14,25,0
2949,57,14,25,0
2950,57,14,25,0
2951,57,14,25,0
2952,57,14,25,0
2953,57,14,25,0
2954,57,14,25,0
2955,57,14,25,0
2956,57,14,25,0
2957,57,14,25,0
2958,57,14,25,0
2959,57,14,25,0
2960,57,14,25,0
2961,57,14,25,0
2962,57,14,25,0
2963,57,14,25,0
2964,57,14,25,0
2965,57,14,25,0
2966,57,14,25,0
2967,57,14,25,0
2968,57,14,25,0
2969,57,14,25,0
2970,57,14,25,0
2971,57,14,25,0
2972,57,14,25,0
2973,57,14,25,0
2974,57,14,25,0
2975,57,14,25,0
2976,57,14,25,0
2977,57,14,25,0
2978,57,14,25,0
2979,57,14,25,0
2980,57,14,25,0
2981,57,14,25,0
2982,57,14,25,0
2983,57,14,25,0
2984,57,14,25,0
2985,57,14,25,0
2986,57,14,25,0
2987,57,14,25,0
2988,57,14,25,0
2989,57,14,25,0
2990,57,14,25,0
2991,57,14,25,0
2992,57,14,25,0
2993,57,14,25,0
2994,57,14,25,0
2995,57,14,25,0
2996,57,14,25,0
2997,57,14,25,0
2998,57,14,25,0
2999,57,14,25,0
3000,57,14,25,0
3001,57,14,25,0
3002,57,14,25,0
3003,57,14,25,0
3004,57,14,25,0
3005,57,14,25,0
3006,57,14,25,0
3007,57,14,25,0
3008,57,14,25,0
3009,57,14,25,0
3010,57,14,25,0
3011,57,14,25,0
3012,57,14,25,0
3013,57,14,25,0
3014,57,14,25,0
3015,57,14,25,0
3016,57,14,25,0
3017,57,14,25,0
3018,57,14,25,0
3019,57,14,25,0
3020,57,14,25,0
3021,57,14,25,0
3022,57,14,25,0
3023,57,14,25,0
3024,57,14,25,0
3025,57,14,25,0
3026,57,14,25,0
3027,57,14,25,0
3028,57,14,25,0
3029,57,14,25,0
3030,57,14,25,0
3031,57,14,25,0
3032,57,14,25,0
3033,57,14,25,0
3034,57,14,25,0
3035,57,14,25,0
3036,57,14,25,0
3037,57,14,25,0
3038,57,14,25,0
3039,57,14,25,0
3040,57,14,25,0
3041,57,14,25,0
3042,57,14,25,0
3043,57,14,25,0
3044,57,14,25,0
3045,57,14,25,0
3046,57,14,25,0
3047,57,14,25,0
3048,57,14,25,0
3049,57,14,25,0
3050,57,14,25,0
3051,57,14,25,0
3052,57,14,25,0
3053,57,14,25,0
3054,57,14,25,0
3055,57,14,25,0
3056,57,14,25,0
3057,57,14,25,0
3058,57,14,25,0
3059,57,14,25,0
3060,57,14,25,0
3061,57,14,25,0
3062,57,14,25,0
3063,57,14,25,0
3064,57,14,25,0
3065,57,14,25,0
3066,57,14,25,0
3067,57,14,25,0
3068,57,14,25,0
3069,57,14,25,0
3070,57,14,25,0
3071,57,14,25,0
3072,57,14,25,0
3073,57,14,25,0
3074,57,14,25,0
3075,57,14,25,0
3076,57,14,25,0
3077,57,14,25,0
3078,57,14,25,0
3079,57,14,25,0
3080,57,14,25,0
3081,57,14,25,0
3082,57,14,25,0
3083,57,14,25,0
3084,57,14,25,0
3085,57,14,25,0
3086,57,14,25,0
3087,57,14,25,0
3088,57,14,25,0
3089,57,14,25,0
3090,57,14,25,0
3091,57,14,25,0
3092,57,14,25,0
3093,57,14,25,0
3094,57,14,25,0
3095,57,14,25,0
3096,57,14,25,0
3097,57,14,25,0
3098,57,14,25,0
3099,57,14,25,0
3100,57,14,25,0
3101,57,14,25,0
3102,57,14,25,0
3103,57,14,25,0
3104,57,14,25,0
3105,57,14,25,0
3106,57,14,25,0
3107,57,14,25,0
3108,57,14,25,0
3109,57,14,25,0
3110,57,14,25,0
3111,57,14,25,0
3112,57,14,25,0
3113,57,14,25,0
3114,57,14,25,0
3115,57,14,25,0
3116,57,14,25,0
3117,57,14,25,0
3118,57,14,25,0
3119,57,14,25,0
3120,57,14,25,0
3121,57,14,25,0
3122,57,14,25,0
3123,57,14,25,0
3124,57,14,25,0
3125,57,14,25,0
3126,57,14,25,0
3127,57,14,25,0
3128,57,14,25,0
3129,57,14,25,0
3130,57,14,25,0
3131,57,14,25,0
3132,57,14,25,0
3133,57,14,25,0
3134,57,14,25,0
3135,57,14,25,0
3136,57,14,25,0
3137,57,14,25,0
3138,57,14,25,0
3139,57,14,25,0
3140,57,14,25,0
3141,57,14,25,0
3142,57,14,25,0
3143,57,14,25,0
3144,57,14,25,0
3145,57,14,25,0
3146,57,14,25,0
3147,57,14,25,0
3148,57,14,25,0
3149,57,14,25,0
3150,57,14,25,0
3151,57,14,25,0
3152,57,14,25,0
3153,57,14,25,0
3154,57,14,25,0
3155,57,14,25,0
3156,57,14,25,0
3157,57,14,25,0
3158,57,14,25,0
3159,57,14,25,0
3160,57,14,25,0
3161,57,14,25,0
3162,57,14,25,0
3163,57,14,25,0
3164,57,14,25,0
3165,57,14,25,0
3166,57,14,25,0
3167,57,14,25,0
3168,57,14,25,0
3169,57,14,25,0
3170,57,14,25,0
3171,57,14,25,0
3172,57,14,25,0
3173,57,14,25,0
3174,57,14,25,0
3175,57,14,25,0
3176,57,14,25,0
3177,57,14,25,0
3178,57,14,25,0
3179,57,14,25,0
3180,57,14,25,0
3181,57,14,25,0
3182,57,14,25,0
3183,57,14,25,0
3184,57,14,25,0
3185,57,14,25,0
3186,57,14,25,0
3187,57,14,25,0
3188,57,14,25,0
3189,57,14,25,0
3190,57,14,25,0
3191,57,14,25,0
3192,57,14,25,0
3193,57,14,25,0
3194,57,14,25,0
3195,57,14,25,0
3196,57,14,25,0
3197,57,14,25,0
3198,57,14,25,0
3199,57,14,25,0
3200,57,14,25,0
3201,57,14,25,0
3202,57,14,25,0
3203,57,14,25,0
3204,57,14,25,0
3205,57,14,25,0
3206,57,14,25,0
3207,57,14,25,0
3208,57,14,25,0
3209,57,14,25,0
3210,57,14,25,0
3211,57,14,25,0
3212,57,14,25,0
3213,57,14,25,0
3214,57,14,25,0
3215,57,14,25,0
3216,57,14,25,0
3217,57,14,25,0
3218,57,14,25,0
3219,57,14,25,0
3220,57,14,25,0
3221,57,14,25,0
3222,57,14,25,0
3223,57,14,25,0
3224,57,14,25,0
3225,57,14,25,0
3226,57,14,25,0
3227,57,14,25,0
3228,57,14,25,0
3229,57,14,25,0
3230,57,14,25,0
3231,57,14,25,0
3232,57,14,25,0
3233,57,14,25,0
3234,57,14,25,0
3235,57,14,25,0
3236,57,14,25,0
3237,57,14,25,0
3238,57,14,25,0
3239,57,14,25,0
3240,57,14,25,0
3241,57,14,25,0
3242,57,14,25,0
3243,57,14,25,0
3244,57,14,25,0
3245,57,14,25,0
3246,57,14,25,0
3247,57,14,25,0
3248,57,14,25,0
3249,57,14,25,0
3250,57,14,25,0
3251,57,14,25,0
3252,57,14,25,0
3253,57,14,25,0
3254,57,14,25,0
3255,57,14,25,0
3256,57,14,25,0
3257,57,14,25,0
3258,57,14,25,0
3259,57,14,25,0
3260,57,14,25,0
3261,57,14,25,0
3262,57,14,25,0
3263,57,14,25,0
3264,57,14,25,0
3265,57,14,25,0
3266,57,14,25,0
3267,57,14,25,0
3268,57,14,25,0
3269,57,14,25,0
3270,57,14,25,0
3271,57,14,25,0
3272,57,14,25,0
3273,57,14,25,0
3274,57,14,25,0
3275,57,14,25,0
3276,57,14,25,0
3277,57,14,25,0
3278,57,14,25,0
3279,57,14,25,0
3280,57,14,25,0
3281,57,14,25,0
3282,57,14,25,0
3283,57,14,25,0
3284,57,14,25,0
3285,57,14,25,0
3286,57,14,25,0
3287,57,14,25,0
3288,57,14,25,0
3289,57,14,25,0
3290,57,14,25,0
3291,57,14,25,0
3292,57,14,25,0
3293,57,14,25,0
3294,57,14,25,0
3295,57,14,25,0
3296,57,14,25,0
3297,57,14,25,0
3298,57,14,25,0
3299,57,14,25,0
3300,57,14,25,0
3301,57,14,25,0
3302,57,14,25,0
3303,57,14,25,0
3304,57,14,25,0
3305,57,14,25,0
3306,57,14,25,0
3307,57,14,25,0
3308,57,14,25,0
3309,57,14,25,0
3310,57,14,25,0
3311,57,14,25,0
3312,57,14,25,0
3313,57,14,25,0
3314,57,14,25,0
3315,57,14,25,0
3316,57,14,25,0
3317,57,14,25,0
3318,57,14,25,0
3319,57,14,25,0
3320,57,14,25,0
3321,57,14,25,0
3322,57,14,25,0
3323,57,14,25,0
3324,57,14,25,0
3325,57,14,25,0
3326,57,14,25,0
3327,57,14,25,0
3328,57,14,25,0
3329,57,14,25,0
3330,57,14,25,0
3331,57,14,25,0
3332,57,14,25,0
3333,57,14,25,0
3334,57,14,25,0
3335,57,14,25,0
3336,57,14,25,0
3337,57,14,25,0
3338,57,14,25,0
3339,57,14,25,0
3340,57,14,25,0
3341,57,14,25,0
3342,57,14,25,0
3343,57,14,25,0
3344,57,14,25,0
3345,57,14,25,0
3346,57,14,25,0
3347,57,14,25,0
3348,57,14,25,0
3349,57,14,25,0
3350,57,14,25,0
3351,57,14,25,0
3352,57,14,25,0
3353,57,14,25,0
3354,57,14,25,0
3355,57,14,25,0
3356,57,14,25,0
3357,57,14,25,0
3358,57,14,25,0
3359,57,14,25,0
3360,57,14,25,0
3361,57,14,25,0
3362,57,14,25,0
3363,57,14,25,0
3364,57,14,25,0
3365,57,14,25,0
3366,57,14,25,0
3367,57,14,25,0
3368,57,14,25,0
3369,57,14,25,0
3370,57,14,25,0
3371,57,14,25,0
3372,57,14,25,0
3373,57,14,25,0
3374,57,14,25,0
3375,57,14,25,0
3376,57,14,25,0
3377,57,14,25,0
3378,57,14,25,0
3379,57,14,25,0
3380,57,14,25,0
3381,57,14,25,0
3382,57,14,25,0
3383,57,14,25,0
3384,57,14,25,0
3385,57,14,25,0
3386,57,14,25,0
3387,57,14,25,0
3388,57,14,25,0
3389,57,14,25,0
3390,57,14,25,0
3391,57,14,25,0
3392,57,14,25,0
3393,57,14,25,0
3394,57,14,25,0
3395,57,14,25,0
3396,57,14,25,0
3397,57,14,25,0
3398,57,14,25,0
3399,57,14,25,0
3400,57,14,25,0
3401,57,14,25,0
3402,57,14,25,0
3403,57,14,25,0
3404,57,14,25,0
3405,57,14,25,0
3406,57,14,25,0
3407,57,14,25,0
3408,57,14,25,0
3409,57,14,25,0
3410,57,14,25,0
3411,57,14,25,0
3412,57,14,25,0
3413,57,14,25,0
3414,57,14,25,0
3415,57,14,25,0
3416,57,14,25,0
3417,57,14,25,0
3418,57,14,25,0
3419,57,14,25,0
3420,57,14,25,0
3421,57,14,25,0
3422,57,14,25,0
3423,57,14,25,0
3424,57,14,25,0
3425,57,14,25,0
3426,57,14,25,0
3427,57,14,25,0
3428,57,14,25,0
3429,57,14,25,0
3430,57,14,25,0
3431,57,14,25,0
3432,57,14,25,0
3433,57,14,25,0
3434,57,14,25,0
3435,57,14,25,0
3436,57,14,25,0
3437,57,14,25,0
3438,57,14,25,0
3439,57,14,25,0
3440,57,14,25,0
3441,57,14,25,0
3442,57,14,25,0
3443,57,14,25,0
3444,57,14,25,0
3445,57,14,25,0
3446,57,14,25,0
3447,57,14,25,0
3448,57,14,25,0
3449,57,14,25,0
3450,57,14,25,0
3451,57,14,25,0
3452,57,14,25,0
3453,57,14,25,0
3454,57,14,25,0
3455,57,14,25,0
3456,57,14,25,0
3457,57,14,25,0
3458,57,14,25,0
3459,57,14,25,0
3460,57,14,25,0
3461,57,14,25,0
3462,57,14,25,0
3463,57,14,25,0
3464,57,14,25,0
3465,57,14,25,0
3466,57,14,25,0
3467,57,14,25,0
3468,57,14,25,0
3469,57,14,25,0
3470,57,14,25,0
3471,57,14,25,0
3472,57,14,25,0
3473,57,14,25,0
3474,57,14,25,0
3475,57,14,25,0
3476,57,14,25,0
3477,57,14,25,0
3478,57,14,25,0
3479,57,14,25,0
3480,57,14,25,0
3481,57,14,25,0
3482,57,14,25,0
3483,57,14,25,0
3484,57,14,25,0
3485,57,14,25,0
3486,57,14,25,0
3487,57,14,25,0
3488,57,14,25,0
3489,57,14,25,0
3490,57,14,25,0
3491,57,14,25,0
3492,57,14,25,0
3493,57,14,25,0
3494,57,14,25,0
3495,57,14,25,0
3496,57,14,25,0
3497,57,14,25,0
3498,57,14,25,0
3499,57,14,25,0
3500,57,14,25,0
3501,57,14,25,0
3502,57,14,25,0
3503,57,14,25,0
3504,57,14,25,0
3505,57,14,25,0
3506,57,14,25,0
3507,57,14,25,0
3508,57,14,25,0
3509,57,14,25,0
3510,57,14,25,0
3511,57,14,25,0
3512,57,14,25,0
3513,57,14,25,0
3514,57,14,25,0
3515,57,14,25,0
3516,57,14,25,0
3517,57,14,25,0
3518,57,14,25,0
3519,57,14,25,0
3520,57,14,25,0
3521,57,14,25,0
3522,57,14,25,0
3523,57,14,25,0
3524,57,14,25,0
3525,57,14,25,0
3526,57,14,25,0
3527,57,14,25,0
3528,57,14,25,0
3529,57,14,25,0
3530,57,14,25,0
3531,57,14,25,0
3532,57,14,25,0
3533,57,14,25,0
3534,57,14,25,0
3535,57,14,25,0
3536,57,14,25,0
3537,57,14,25,0
3538,57,14,25,0
3539,57,14,25,0
3540,57,14,25,0
3541,57,14,25,0
3542,57,14,25,0
3543,57,14,25,0
3544,57,14,25,0
3545,57,14,25,0
3546,57,14,25,0
3547,57,14,25,0
3548,57,14,25,0
3549,57,14,25,0
3550,57,14,25,0
3551,57,14,25,0
3552,57,14,25,0
3553,57,14,25,0
3554,57,14,25,0
3555,57,14,25,0
3556,57,14,25,0
3557,57,14,25,0
3558,57,14,25,0
3559,57,14,25,0
3560,57,14,25,0
3561,57,14,25,0
3562,57,14,25,0
3563,57,14,25,0
3564,57,14,25,0
3565,57,14,25,0
3566,57,14,25,0
3567,57,14,25,0
3568,57,14,25,0
3569,57,14,25,0
3570,57,14,25,0
3571,57,14,25,0
3572,57,14,25,0
3573,57,14,25,0
3574,57,14,25,0
3575,57,14,25,0
3576,57,14,25,0
3577,57,14,25,0
3578,57,14,25,0
3579,57,14,25,0
3580,57,14,25,0
3581,57,14,25,0
3582,57,14,25,0
3583,57,14,25,0
3584,57,14,25,0
3585,57,14,25,0
3586,57,14,25,0
3587,57,14,25,0
3588,57,14,25,0
3589,57,14,25,0
3590,57,14,25,0
3591,57,14,25,0
3592,57,14,25,0
3593,57,14,25,0
3594,57,14,25,0
3595,57,14,25,0
3596,57,14,25,0
3597,57,14,25,0
3598,57,14,25,0
3599,57,14,25,0
3600,57,14,25,0
3601,57,14,25,0
3602,57,14,25,0
3603,57,14,25,0
3604,57,14,25,0
3605,57,14,25,0
3606,57,14,25,0
3607,57,14,25,0
3608,57,14,25,0
3609,57,14,25,0
3610,57,14,25,0
3611,57,14,25,0
3612,57,14,25,0
3613,57,14,25,0
3614,57,14,25,0
3615,57,14,25,0
3616,57,14,25,0
3617,57,14,25,0
3618,57,14,25,0
3619,57,14,25,0
3620,57,14,25,0
3621,57,14,25,0
3622,57,14,25,0
3623,57,14,25,0
3624,57,14,25,0
3625,57,14,25,0
3626,57,14,25,0
3627,57,14,25,0
3628,57,14,25,0
3629,57,14,25,0
3630,57,14,25,0
3631,57,14,25,0
3632,57,14,25,0
3633,57,14,25,0
3634,57,14,25,0
3635,57,14,25,0
3636,57,14,25,0
3637,57,14,25,0
3638,57,14,25,0
3639,57,14,25,0
3640,57,14,25,0
3641,57,14,25,0
3642,57,14,25,0
3643,57,14,25,0
3644,57,14,25,0
3645,57,14,25,0
3646,57,14,25,0
3647,57,14,25,0
3648,57,14,25,0
3649,57,14,25,0
3650,57,14,25,0
3651,57,14,25,0
3652,57,14,25,0
3653,57,14,25,0
3654,57,14,25,0
3655,57,14,25,0
3656,57,14,25,0
3657,57,14,25,0
3658,57,14,25,0
3659,57,14,25,0
3660,57,14,25,0
3661,57,14,25,0
3662,57,14,25,0
3663,57,14,25,0
3664,57,14,25,0
3665,57,14,25,0
3666,57,14,25,0
3667,57,14,25,0
3668,57,14,25,0
3669,57,14,25,0
3670,57,14,25,0
3671,57,14,25,0
3672,57,14,25,0
3673,57,14,25,0
3674,57,14,25,0
3675,57,14,25,0
3676,57,14,25,0
3677,57,14,25,0
3678,57,14,25,0
3679,57,14,25,0
3680,57,14,25,0
3681,57,14,25,0
3682,57,14,25,0
3683,57,14,25,0
3684,57,14,25,0
3685,57,14,25,0
3686,57,14,25,0
3687,57,14,25,0
3688,57,14,25,0
3689,57,14,25,0
3690,57,14,25,0
3691,57,14,25,0
3692,57,14,25,0
3693,57,14,25,0
3694,57,14,25,0
3695,57,14,25,0
3696,57,14,25,0
3697,57,14,25,0
3698,57,14,25,0
3699,57,14,25,0
3700,57,14,25,0
3701,57,14,25,0
3702,57,14,25,0
3703,57,14,25,0
3704,57,14,25,0
3705,57,14,25,0
3706,57,14,25,0
3707,57,14,25,0
3708,57,14,25,0
3709,57,14,25,0
3710,57,14,25,0
3711,57,14,25,0
3712,57,14,25,0
3713,57,14,25,0
3714,57,14,25,0
3715,57,14,25,0
3716,57,14,25,0
3717,57,14,25,0
3718,57,14,25,0
3719,57,14,25,0
3720,57,14,25,0
3721,57,14,25,0
3722,57,14,25,0
3723,57,14,25,0
3724,57,14,25,0
3725,57,14,25,0
3726,57,14,25,0
3727,57,14,25,0
3728,57,14,25,0
3729,57,14,25,0
3730,57,14,25,0
3731,57,14,25,0
3732,57,14,25,0
3733,57,14,25,0
3734,57,14,25,0
3735,57,14,25,0
3736,57,14,25,0
3737,57,14,25,0
3738,57,14,25,0
3739,57,14,25,0
3740,57,14,25,0
3741,57,14,25,0
3742,57,14,25,0
3743,57,14,25,0
3744,57,14,25,0
3745,57,14,25,0
3746,57,14,25,0
3747,57,14,25,0
3748,57,14,25,0
3749,57,14,25,0
3750,57,14,25,0
3751,57,14,25,0
3752,57,14,25,0
3753,57,14,25,0
3754,57,14,25,0
3755,57,14,25,0
3756,57,14,25,0
3757,57,14,25,0
3758,57,14,25,0
3759,57,14,25,0
3760,57,14,25,0
3761,57,14,25,0
3762,57,14,25,0
3763,57,14,25,0
3764,57,14,25,0
3765,57,14,25,0
3766,57,14,25,0
3767,57,14,25,0
3768,57,14,25,0
3769,57,14,25,0
3770,57,14,25,0
3771,57,14,25,0
3772,57,14,25,0
3773,57,14,25,0
3774,57,14,25,0
3775,57,14,25,0
3776,57,14,25,0
3777,57,14,25,0
3778,57,14,25,0
3779,57,14,25,0
3780,57,14,25,0
3781,57,14,25,0
3782,57,14,25,0
3783,57,14,25,0
3784,57,14,25,0
3785,57,14,25,0
3786,57,14,25,0
3787,57,14,25,0
3788,57,14,25,0
3789,57,14,25,0
3790,57,14,25,0
3791,57,14,25,0
3792,57,14,25,0
3793,57,14,25,0
3794,57,14,25,0
3795,57,14,25,0
3796,57,14,25,0
3797,57,14,25,0
3798,57,14,25,0
3799,57,14,25,0
3800,57,14,25,0
3801,57,14,25,0
3802,57,14,25,0
3803,57,14,25,0
3804,57,14,25,0
3805,57,14,25,0
3806,57,14,25,0
3807,57,14,25,0
3808,57,14,25,0
3809,57,14,25,0
3810,57,14,25,0
3811,57,14,25,0
3812,57,14,25,0
3813,57,14,25,0
3814,57,14,25,0
3815,57,14,25,0
3816,57,14,25,0
3817,57,14,25,0
3818,57,14,25,0
3819,57,14,25,0
3820,57,14,25,0
3821,57,14,25,0
3822,57,14,25,0
3823,57,14,25,0
3824,57,14,25,0
3825,57,14,25,0
3826,57,14,25,0
3827,57,14,25,0
3828,57,14,25,0
3829,57,14,25,0
3830,57,14,25,0
3831,57,14,25,0
3832,57,14,25,0
3833,57,14,25,0
3834,57,14,25,0
3835,57,14,25,0
3836,57,14,25,0
3837,57,14,25,0
3838,57,14,25,0
3839,57,14,25,0
3840,57,14,25,0
3841,57,14,25,0
3842,57,14,25,0
3843,57,14,25,0
3844,57,14,25,0
3845,57,14,25,0
3846,57,14,25,0
3847,57,14,25,0
3848,57,14,25,0
3849,57,14,25,0
3850,57,14,25,0
3851,57,14,25,0
3852,57,14,25,0
3853,57,14,25,0
3854,57,14,25,0
3855,57,14,25,0
3856,57,14,25,0
3857,57,14,25,0
3858,57,14,25,0
3859,57,14,25,0
3860,57,14,25,0
3861,57,14,25,0
3862,57,14,25,0
3863,57,14,25,0
3864,57,14,25,0
3865,57,14,25,0
3866,57,14,25,0
3867,57,14,25,0
3868,57,14,25,0
3869,57,14,25,0
3870,57,14,25,0
3871,57,14,25,0
3872,57,14,25,0
3873,57,14,25,0
3874,57,14,25,0
3875,57,14,25,0
3876,57,14,25,0
3877,57,14,25,0
3878,57,14,25,0
3879,57,14,25,0
3880,57,14,25,0
3881,57,14,25,0
3882,57,14,25,0
3883,57,14,25,0
3884,57,14,25,0
3885,57,14,25,0
3886,57,14,25,0
3887,57,14,25,0
3888,57,14,25,0
3889,57,14,25,0
3890,57,14,25,0
3891,57,14,25,0
3892,57,14,25,0
3893,57,14,25,0
3894,57,14,25,0
3895,57,14,25,0
3896,57,14,25,0
3897,57,14,25,0
3898,57,14,25,0
3899,57,14,25,0
3900,57,14,25,0
3901,57,14,25,0
3902,57,14,25,0
3903,57,14,25,0
3904,57,14,25,0
3905,57,14,25,0
3906,57,14,25,0
3907,57,14,25,0
3908,57,14,25,0
3909,57,14,25,0
3910,57,14,25,0
3911,57,14,25,0
3912,57,14,25,0
3913,57,14,25,0
3914,57,14,25,0
3915,57,14,25,0
3916,57,14,25,0
3917,57,14,25,0
3918,57,14,25,0
3919,57,14,25,0
3920,57,14,25,0
3921,57,14,25,0
3922,57,14,25,0
3923,57,14,25,0
3924,57,14,25,0
3925,57,14,25,0
3926,57,14,25,0
3927,57,14,25,0
3928,57,14,25,0
3929,57,14,25,0
3930,57,14,25,0
3931,57,14,25,0
3932,57,14,25,0
3933,57,14,25,0
3934,57,14,25,0
3935,57,14,25,0
3936,57,14,25,0
3937,57,14,25,0
3938,57,14,25,0
3939,57,14,25,0
3940,57,14,25,0
3941,57,14,25,0
3942,57,14,25,0
3943,57,14,25,0
3944,57,14,25,0
3945,57,14,25,0
3946,57,14,25,0
3947,57,14,25,0
3948,57,14,25,0
3949,57,14,25,0
3950,57,14,25,0
3951,57,14,25,0
3952,57,14,25,0
3953,57,14,25,0
3954,57,14,25,0
3955,57,14,25,0
3956,57,14,25,0
3957,57,14,25,0
3958,57,14,25,0
3959,57,14,25,0
3960,57,14,25,0
3961,57,14,25,0
3962,57,14,25,0
3963,57,14,25,0
3964,57,14,25,0
3965,57,14,25,0
3966,57,14,25,0
3967,57,14,25,0
3968,57,14,25,0
3969,57,14,25,0
3970,57,14,25,0
3971,57,14,25,0
3972,57,14,25,0
3973,57,14,25,0
3974,57,14,25,0
3975,57,14,25,0
3976,57,14,25,0
3977,57,14,25,0
3978,57,14,25,0
3979,57,14,25,0
3980,57,14,25,0
3981,57,14,25,0
3982,57,14,25,0
3983,57,14,25,0
3984,57,14,25,0
3985,57,14,25,0
3986,57,14,25,0
3987,57,14,25,0
3988,57,14,25,0
3989,57,14,25,0
3990,57,14,25,0
3991,57,14,25,0
3992,57,14,25,0
3993,57,14,25,0
3994,57,14,25,0
3995,57,14,25,0
3996,57,14,25,0
3997,57,14,25,0
3998,57,14,25,0
3999,57,14,25,0
4000,57,14,25,0
4001,57,14,25,0
4002,57,14,25,0
4003,57,14,25,0
4004,57,14,25,0
4005,57,14,25,0
4006,57,14,25,0
4007,57,14,25,0
4008,57,14,25,0
4009,57,14,25,0
4010,57,14,25,0
4011,57,14,25,0
4012,57,14,25,0
4013,57,14,25,0
4014,57,14,25,0
4015,57,14,25,0
4016,57,14,25,0
4017,57,14,25,0
4018,57,14,25,0
4019,57,14,25,0
4020,57,14,25,0
4021,57,14,25,0
4022,57,14,25,0
4023,57,14,25,0
4024,57,14,25,0
4025,57,14,25,0
4026,57,14,25,0
4027,57,14,25,0
4028,57,14,25,0
4029,57,14,25,0
4030,57,14,25,0
4031,57,14,25,0
4032,57,14,25,0
4033,57,14,25,0
4034,57,14,25,0
4035,57,14,25,0
4036,57,14,25,0
4037,57,14,25,0
4038,57,14,25,0
4039,57,14,25,0
4040,57,14,25,0
4041,57,14,25,0
4042,57,14,25,0
4043,57,14,25,0
4044,57,14,25,0
4045,57,14,25,0
4046,57,14,25,0
4047,57,14,25,0
4048,57,14,25,0
4049,57,14,25,0
4050,57,14,25,0
4051,57,14,25,0
4052,57,14,25,0
4053,57,14,25,0
4054,57,14,25,0
4055,57,14,25,0
4056,57,14,25,0
4057,57,14,25,0
4058,57,14,25,0
4059,57,14,25,0
4060,57,14,25,0
4061,57,14,25,0
4062,57,14,25,0
4063,57,14,25,0
4064,57,14,25,0
4065,57,14,25,0
4066,57,14,25,0
4067,57,14,25,0
4068,57,14,25,0
4069,57,14,25,0
4070,57,14,25,0
4071,57,14,25,0
4072,57,14,25,0
4073,57,14,25,0
4074,57,14,25,0
4075,57,14,25,0
4076,57,14,25,0
4077,57,14,25,0
4078,57,14,25,0
4079,57,14,25,0
4080,57,14,25,0
4081,57,14,25,0
4082,57,14,25,0
4083,57,14,25,0
4084,57,14,25,0
4085,57,14,25,0
4086,57,14,25,0
4087,57,14,25,0
4088,57,14,25,0
4089,57,14,25,0
4090,57,14,25,0
4091,57,14,25,0
4092,57,14,25,0
4093,57,14,25,0
4094,57,14,25,0
4095,57,14,25,0
4096,57,14,25,0
4097,57,14,25,0
4098,57,14,25,0
4099,57,14,25,0
4100,57,14,25,0
4101,57,14,25,0
4102,57,14,25,0
4103,57,14,25,0
4104,57,14,25,0
4105,57,14,25,0
4106,57,14,25,0
4107,57,14,25,0
4108,57,14,25,0
4109,57,14,25,0
4110,57,14,25,0
4111,57,14,25,0
4112,57,14,25,0
4113,57,14,25,0
4114,57,14,25,0
4115,57,14,25,0
4116,57,14,25,0
4117,57,14,25,0
4118,57,14,25,0
4119,57,14,25,0
4120,57,14,25,0
4121,57,14,25,0
4122,57,14,25,0
4123,57,14,25,0
4124,57,14,25,0
4125,57,14,25,0
4126,57,14,25,0
4127,57,14,25,0
4128,57,14,25,0
4129,57,14,25,0
4130,57,14,25,0
4131,57,14,25,0
4132,57,14,25,0
4133,57,14,25,0
4134,57,14,25,0
4135,57,14,25,0
4136,57,14,25,0
4137,57,14,25,0
4138,57,14,25,0
4139,57,14,25,0
4140,57,14,25,0
4141,57,14,25,0
4142,57,14,25,0
4143,57,14,25,0
4144,57,14,25,0
4145,57,14,25,0
4146,57,14,25,0
4147,57,14,25,0
4148,57,14,25,0
4149,57,14,25,0
4150,57,14,25,0
4151,57,14,25,0
4152,57,14,25,0
4153,57,14,25,0
4154,57,14,25,0
4155,57,14,25,0
4156,57,14,25,0
4157,57,14,25,0
4158,57,14,25,0
4159,57,14,25,0
4160,57,14,25,0
4161,57,14,25,0
4162,57,14,25,0
4163,57,14,25,0
4164,57,14,25,0
4165,57,14,25,0
4166,57,14,25,0
4167,57,14,25,0
4168,57,14,25,0
4169,57,14,25,0
4170,57,14,25,0
4171,57,14,25,0
4172,57,14,25,0
4173,57,14,25,0
4174,57,14,25,0
4175,57,14,25,0
4176,57,14,25,0
4177,57,14,25,0
4178,57,14,25,0
4179,57,14,25,0
4180,57,14,25,0
4181,57,14,25,0
4182,57,14,25,0
4183,57,14,25,0
4184,57,14,25,0
4185,57,14,25,0
4186,57,14,25,0
4187,57,14,25,0
4188,57,14,25,0
4189,57,14,25,0
4190,57,14,25,0
4191,57,14,25,0
4192,57,14,25,0
4193,57,14,25,0
4194,57,14,25,0
4195,57,14,25,0
4196,57,14,25,0
4197,57,14,25,0
4198,57,14,25,0
4199,57,14,25,0
4200,57,14,25,0
4201,57,14,25,0
4202,57,14,25,0
4203,57,14,25,0
4204,57,14,25,0
4205,57,14,25,0
4206,57,14,25,0
4207,57,14,25,0
4208,57,14,25,0
4209,57,14,25,0
4210,57,14,25,0
4211,57,14,25,0
4212,57,14,25,0
4213,57,14,25,0
4214,57,14,25,0
4215,57,14,25,0
4216,57,14,25,0
4217,57,14,25,0
4218,57,14,25,0
4219,57,14,25,0
4220,57,14,25,0
4221,57,14,25,0
4222,57,14,25,0
4223,57,14,25,0
4224,57,14,25,0
4225,57,14,25,0
4226,57,14,25,0
4227,57,14,25,0
4228,57,14,25,0
4229,57,14,25,0
4230,57,14,25,0
4231,57,14,25,0
4232,57,14,25,0
4233,57,14,25,0
4234,57,14,25,0
4235,57,14,25,0
4236,57,14,25,0
4237,57,14,25,0
4238,57,14,25,0
4239,57,14,25,0
4240,57,14,25,0
4241,57,14,25,0
4242,57,14,25,0
4243,57,14,25,0
4244,57,14,25,0
4245,57,14,25,0
4246,57,14,25,0
4247,57,14,25,0
4248,57,14,25,0
4249,57,14,25,0
4250,57,14,25,0
4251,57,14,25,0
4252,57,14,25,0
4253,57,14,25,0
4254,57,14,25,0
4255,57,14,25,0
4256,57,14,25,0
4257,57,14,25,0
4258,57,14,25,0
4259,57,14,25,0
4260,57,14,25,0
4261,57,14,25,0
4262,57,14,25,0
4263,57,14,25,0
4264,57,14,25,0
4265,57,14,25,0
4266,57,14,25,0
4267,57,14,25,0
4268,57,14,25,0
4269,57,14,25,0
4270,57,14,25,0
4271,57,14,25,0
4272,57,14,25,0
4273,57,14,25,0
4274,57,14,25,0
4275,57,14,25,0
4276,57,14,25,0
4277,57,14,25,0
4278,57,14,25,0
4279,57,14,25,0
4280,57,14,25,0
4281,57,14,25,0
4282,57,14,25,0
4283,57,14,25,0
4284,57,14,25,0
4285,57,14,25,0
4286,57,14,25,0
4287,57,14,25,0
4288,57,14,25,0
4289,57,14,25,0
4290,57,14,25,0
4291,57,14,25,0
4292,57,14,25,0
4293,57,14,25,0
4294,57,14,25,0
4295,57,14,25,0
4296,57,14,25,0
4297,57,14,25,0
4298,57,14,25,0
4299,57,14,25,0
4300,57,14,25,0
4301,57,14,25,0
4302,57,14,25,0
4303,57,14,25,0
4304,57,14,25,0
4305,57,14,25,0
4306,57,14,25,0
4307,57,14,25,0
4308,57,14,25,0
4309,57,14,25,0
4310,57,14,25,0
4311,57,14,25,0
4312,57,14,25,0
4313,57,14,25,0
4314,57,14,25,0
4315,57,14,25,0
4316,57,14,25,0
4317,57,14,25,0
4318,57,14,25,0
4319,57,14,25,0
4320,57,14,25,0
4321,57,14,25,0
4322,57,14,25,0
4323,57,14,25,0
4324,57,14,25,0
4325,57,14,25,0
4326,57,14,25,0
4327,57,14,25,0
4328,57,14,25,0
4329,57,14,25,0
4330,57,14,25,0
4331,57,14,25,0
4332,57,14,25,0
4333,57,14,25,0
4334,57,14,25,0
4335,57,14,25,0
4336,57,14,25,0
4337,57,14,25,0
4338,57,14,25,0
4339,57,14,25,0
4340,57,14,25,0
4341,57,14,25,0
4342,57,14,25,0
4343,57,14,25,0
4344,57,14,25,0
4345,57,14,25,0
4346,57,14,25,0
4347,57,14,25,0
4348,57,14,25,0
4349,57,14,25,0
4350,57,14,25,0
4351,57,14,25,0
4352,57,14,25,0
4353,57,14,25,0
4354,57,14,25,0
4355,57,14,25,0
4356,57,14,25,0
4357,57,14,25,0
4358,57,14,25,0
4359,57,14,25,0
4360,57,14,25,0
4361,57,14,25,0
4362,57,14,25,0
4363,57,14,25,0
4364,57,14,25,0
4365,57,14,25,0
4366,57,14,25,0
4367,57,14,25,0
4368,57,14,25,0
4369,57,14,25,0
4370,57,14,25,0
4371,57,14,25,0
4372,57,14,25,0
4373,57,14,25,0
4374,57,14,25,0
4375,57,14,25,0
4376,57,14,25,0
4377,57,14,25,0
4378,57,14,25,0
4379,57,14,25,0
4380,57,14,25,0
4381,57,14,25,0
4382,57,14,25,0
4383,57,14,25,0
4384,57,14,25,0
4385,57,14,25,0
4386,57,14,25,0
4387,57,14,25,0
4388,57,14,25,0
4389,57,14,25,0
4390,57,14,25,0
4391,57,14,25,0
4392,57,14,25,0
4393,57,14,25,0
4394,57,14,25,0
4395,57,14,25,0
4396,57,14,25,0
4397,57,14,25,0
4398,57,14,25,0
4399,57,14,25,0
4400,57,14,25,0
4401,57,14,25,0
4402,57,14,25,0
4403,57,14,25,0
4404,57,14,25,0
4405,57,14,25,0
4406,57,14,25,0
4407,57,14,25,0
4408,57,14,25,0
4409,57,14,25,0
4410,57,14,25,0
4411,57,14,25,0
4412,57,14,25,0
4413,57,14,25,0
4414,57,14,25,0
4415,57,14,25,0
4416,57,14,25,0
4417,57,14,25,0
4418,57,14,25,0
4419,57,14,25,0
4420,57,14,25,0
4421,57,14,25,0
4422,57,14,25,0
4423,57,14,25,0
4424,57,14,25,0
4425,57,14,25,0
4426,57,14,25,0
4427,57,14,25,0
4428,57,14,25,0
4429,57,14,25,0
4430,57,14,25,0
4431,57,14,25,0
4432,57,14,25,0
4433,57,14,25,0
4434,57,14,25,0
4435,57,14,25,0
4436,57,14,25,0
4437,57,14,25,0
4438,57,14,25,0
4439,57,14,25,0
4440,57,14,25,0
4441,57,14,25,0
4442,57,14,25,0
4443,57,14,25,0
4444,57,14,25,0
4445,57,14,25,0
4446,57,14,25,0
4447,57,14,25,0
4448,57,14,25,0
4449,57,14,25,0
4450,57,14,25,0
4451,57,14,25,0
4452,57,14,25,0
4453,57,14,25,0
4454,57,14,25,0
4455,57,14,25,0
4456,57,14,25,0
4457,57,14,25,0
4458,57,14,25,0
4459,57,14,25,0
4460,57,14,25,0
4461,57,14,25,0
4462,57,14,25,0
4463,57,14,25,0
4464,57,14,25,0
4465,57,14,25,0
4466,57,14,25,0
4467,57,14,25,0
4468,57,14,25,0
4469,57,14,25,0
4470,57,14,25,0
4471,57,14,25,0
4472,57,14,25,0
4473,57,14,25,0
4474,57,14,25,0
4475,57,14,25,0
4476,57,14,25,0
4477,57,14,25,0
4478,57,14,25,0
4479,57,14,25,0
4480,57,14,25,0
4481,57,14,25,0
4482,57,14,25,0
4483,57,14,25,0
4484,57,14,25,0
4485,57,14,25,0
4486,57,14,25,0
4487,57,14,25,0
4488,57,14,25,0
4489,57,14,25,0
4490,57,14,25,0
4491,57,14,25,0
4492,57,14,25,0
4493,57,14,25,0
4494,57,14,25,0
4495,57,14,25,0
4496,57,14,25,0
4497,57,14,25,0
4498,57,14,25,0
4499,57,14,25,0
4500,57,14,25,0
4501,57,14,25,0
4502,57,14,25,0
4503,57,14,25,0
4504,57,14,25,0
4505,57,14,25,0
4506,57,14,25,0
4507,57,14,25,0
4508,57,14,25,0
4509,57,14,25,0
4510,57,14,25,0
4511,57,14,25,0
4512,57,14,25,0
4513,57,14,25,0
4514,57,14,25,0
4515,57,14,25,0
4516,57,14,25,0
4517,57,14,25,0
4518,57,14,25,0
4519,57,14,25,0
4520,57,14,25,0
4521,57,14,25,0
4522,57,14,25,0
4523,57,14,25,0
4524,57,14,25,0
4525,57,14,25,0
4526,57,14,25,0
4527,57,14,25,0
4528,57,14,25,0
4529,57,14,25,0
4530,57,14,25,0
4531,57,14,25,0
4532,57,14,25,0
4533,57,14,25,0
4534,57,14,25,0
4535,57,14,25,0
4536,57,14,25,0
4537,57,14,25,0
4538,57,14,25,0
4539,57,14,25,0
4540,57,14,25,0
4541,57,14,25,0
4542,57,14,25,0
4543,57,14,25,0
4544,57,14,25,0
4545,57,14,25,0
4546,57,14,25,0
4547,57,14,25,0
4548,57,14,25,0
4549,57,14,25,0
4550,57,14,25,0
4551,57,14,25,0
4552,57,14,25,0
4553,57,14,25,0
4554,57,14,25,0
4555,57,14,25,0
4556,57,14,25,0
4557,57,14,25,0
4558,57,14,25,0
4559,57,14,25,0
4560,57,14,25,0
4561,57,14,25,0
4562,57,14,25,0
4563,57,14,25,0
4564,57,14,25,0
4565,57,14,25,0
4566,57,14,25,0
4567,57,14,25,0
4568,57,14,25,0
4569,57,14,25,0
4570,57,14,25,0
4571,57,14,25,0
4572,57,14,25,0
4573,57,14,25,0
4574,57,14,25,0
4575,57,14,25,0
4576,57,14,25,0
4577,57,14,25,0
4578,57,14,25,0
4579,57,14,25,0
4580,57,14,25,0
4581,57,14,25,0
4582,57,14,25,0
4583,57,14,25,0
4584,57,14,25,0
4585,57,14,25,0
4586,57,14,25,0
4587,57,14,25,0
4588,57,14,25,0
4589,57,14,25,0
4590,57,14,25,0
4591,57,14,25,0
4592,57,14,25,0
4593,57,14,25,0
4594,57,14,25,0
4595,57,14,25,0
4596,57,14,25,0
4597,57,14,25,0
4598,57,14,25,0
4599,57,14,25,0
4600,57,14,25,0
4601,57,14,25,0
4602,57,14,25,0
4603,57,14,25,0
4604,57,14,25,0
4605,57,14,25,0
4606,57,14,25,0
4607,57,14,25,0
4608,57,14,25,0
4609,57,14,25,0
4610,57,14,25,0
4611,57,14,25,0
4612,57,14,25,0
4613,57,14,25,0
4614,57,14,25,0
4615,57,14,25,0
4616,57,14,25,0
4617,57,14,25,0
4618,57,14,25,0
4619,57,14,25,0
4620,57,14,25,0
4621,57,14,25,0
4622,57,14,25,0
4623,57,14,25,0
4624,57,14,25,0
4625,57,14,25,0
4626,57,14,25,0
4627,57,14,25,0
4628,57,14,25,0
4629,57,14,25,0
4630,57,14,25,0
4631,57,14,25,0
4632,57,14,25,0
4633,57,14,25,0
4634,57,14,25,0
4635,57,14,25,0
4636,57,14,25,0
4637,57,14,25,0
4638,57,14,25,0
4639,57,14,25,0
4640,57,14,25,0
4641,57,14,25,0
4642,57,14,25,0
4643,57,14,25,0
4644,57,14,25,0
4645,57,14,25,0
4646,57,14,25,0
4647,57,14,25,0
4648,57,14,25,0
4649,57,14,25,0
4650,57,14,25,0
4651,57,14,25,0
4652,57,14,25,0
4653,57,14,25,0
4654,57,14,25,0
4655,57,14,25,0
4656,57,14,25,0
4657,57,14,25,0
4658,57,14,25,0
4659,57,14,25,0
4660,57,14,25,0
4661,57,14,25,0
4662,57,14,25,0
4663,57,14,25,0
4664,57,14,25,0
4665,57,14,25,0
4666,57,14,25,0
4667,57,14,25,0
4668,57,14,25,0
4669,57,14,25,0
4670,57,14,25,0
4671,57,14,25,0
4672,57,14,25,0
4673,57,14,25,0
4674,57,14,25,0
4675,57,14,25,0
4676,57,14,25,0
4677,57,14,25,0
4678,57,14,25,0
4679,57,14,25,0
4680,57,14,25,0
4681,57,14,25,0
4682,57,14,25,0
4683,57,14,25,0
4684,57,14,25,0
4685,57,14,25,0
4686,57,14,25,0
4687,57,14,25,0
4688,57,14,25,0
4689,57,14,25,0
4690,57,14,25,0
4691,57,14,25,0
4692,57,14,25,0
4693,57,14,25,0
4694,57,14,25,0
4695,57,14,25,0
4696,57,14,25,0
4697,57,14,25,0
4698,57,14,25,0
4699,57,14,25,0
4700,57,14,25,0
4701,57,14,25,0
4702,57,14,25,0
4703,57,14,25,0
4704,57,14,25,0
4705,57,14,25,0
4706,57,14,25,0
4707,57,14,25,0
4708,57,14,25,0
4709,57,14,25,0
4710,57,14,25,0
4711,57,14,25,0
4712,57,14,25,0
4713,57,14,25,0
4714,57,14,25,0
4715,57,14,25,0
4716,57,14,25,0
4717,57,14,25,0
4718,57,14,25,0
4719,57,14,25,0
4720,57,14,25,0
4721,57,14,25,0
4722,57,14,25,0
4723,57,14,25,0
4724,57,14,25,0
4725,57,14,25,0
4726,57,14,25,0
4727,57,14,25,0
4728,57,14,25,0
4729,57,14,25,0
4730,57,14,25,0
4731,57,14,25,0
4732,57,14,25,0
4733,57,14,25,0
4734,57,14,25,0
4735,57,14,25,0
4736,57,14,25,0
4737,57,14,25,0
4738,57,14,25,0
4739,57,14,25,0
4740,57,14,25,0
4741,57,14,25,0
4742,57,14,25,0
4743,57,14,25,0
4744,57,14,25,0
4745,57,14,25,0
4746,57,14,25,0
4747,57,14,25,0
4748,57,14,25,0
4749,57,14,25,0
4750,57,14,25,0
4751,57,14,25,0
4752,57,14,25,0
4753,57,14,25,0
4754,57,14,25,0
4755,57,14,25,0
4756,57,14,25,0
4757,57,14,25,0
4758,57,14,25,0
4759,57,14,25,0
4760,57,14,25,0
4761,57,14,25,0
4762,57,14,25,0
4763,57,14,25,0
4764,57,14,25,0
4765,57,14,25,0
4766,57,14,25,0
4767,57,14,25,0
4768,57,14,25,0
4769,57,14,25,0
4770,57,14,25,0
4771,57,14,25,0
4772,57,14,25,0
4773,57,14,25,0
4774,57,14,25,0
4775,57,14,25,0
4776,57,14,25,0
4777,57,14,25,0
4778,57,14,25,0
4779,57,14,25,0
4780,57,14,25,0
4781,57,14,25,0
4782,57,14,25,0
4783,57,14,25,0
4784,57,14,25,0
4785,57,14,25,0
4786,57,14,25,0
4787,57,14,25,0
4788,57,14,25,0
4789,57,14,25,0
4790,57,14,25,0
4791,57,14,25,0
4792,57,14,25,0
4793,57,14,25,0
4794,57,14,25,0
4795,57,14,25,0
4796,57,14,25,0
4797,57,14,25,0
4798,57,14,25,0
4799,57,14,25,0
4800,57,14,25,0
4801,57,14,25,0
4802,57,14,25,0
4803,57,14,25,0
4804,57,14,25,0
4805,57,14,25,0
4806,57,14,25,0
4807,57,14,25,0
4808,57,14,25,0
4809,57,14,25,0
4810,57,14,25,0
4811,57,14,25,0
4812,57,14,25,0
4813,57,14,25,0
4814,57,14,25,0
4815,57,14,25,0
4816,57,14,25,0
4817,57,14,25,0
4818,57,14,25,0
4819,57,14,25,0
4820,57,14,25,0
4821,57,14,25,0
4822,57,14,25,0
4823,57,14,25,0
4824,57,14,25,0
4825,57,14,25,0
4826,57,14,25,0
4827,57,14,25,0
4828,57,14,25,0
4829,57,14,25,0
4830,57,14,25,0
4831,57,14,25,0
4832,57,14,25,0
4833,57,14,25,0
4834,57,14,25,0
4835,57,14,25,0
4836,57,14,25,0
4837,57,14,25,0
4838,57,14,25,0
4839,57,14,25,0
4840,57,14,25,0
4841,57,14,25,0
4842,57,14,25,0
4843,57,14,25,0
4844,57,14,25,0
4845,57,14,25,0
4846,57,14,25,0
4847,57,14,25,0
4848,57,14,25,0
4849,57,14,25,0
4850,57,14,25,0
4851,57,14,25,0
4852,57,14,25,0
4853,57,14,25,0
4854,57,14,25,0
4855,57,14,25,0
4856,57,14,25,0
4857,57,14,25,0
4858,57,14,25,0
4859,57,14,25,0
4860,57,14,25,0
4861,57,14,25,0
4862,57,14,25,0
4863,57,14,25,0
4864,57,14,25,0
4865,57,14,25,0
4866,57,14,25,0
4867,57,14,25,0
4868,57,14,25,0
4869,57,14,25,0
4870,57,14,25,0
4871,57,14,25,0
4872,57,14,25,0
4873,57,14,25,0
4874,57,14,25,0
4875,57,14,25,0
4876,57,14,25,0
4877,57,14,25,0
4878,57,14,25,0
4879,57,14,25,0
4880,57,14,25,0
4881,57,14,25,0
4882,57,14,25,0
4883,57,14,25,0
4884,57,14,25,0
4885,57,14,25,0
4886,57,14,25,0
4887,57,14,25,0
4888,57,14,25,0
4889,57,14,25,0
4890,57,14,25,0
4891,57,14,25,0
4892,57,14,25,0
4893,57,14,25,0
4894,57,14,25,0
4895,57,14,25,0
4896,57,14,25,0
4897,57,14,25,0
4898,57,14,25,0
4899,57,14,25,0
4900,57,14,25,0
4901,57,14,25,0
4902,57,14,25,0
4903,57,14,25,0
4904,57,14,25,0
4905,57,14,25,0
4906,57,14,25,0
4907,57,14,25,0
4908,57,14,25,0
4909,57,14,25,0
4910,57,14,25,0
4911,57,14,25,0
4912,57,14,25,0
4913,57,14,25,0
4914,57,14,25,0
4915,57,14,25,0
4916,57,14,25,0
4917,57,14,25,0
4918,57,14,25,0
4919,57,14,25,0
4920,57,14,25,0
4921,57,14,25,0
4922,57,14,25,0
4923,57,14,25,0
4924,57,14,25,0
4925,57,14,25,0
4926,57,14,25,0
4927,57,14,25,0
4928,57,14,25,0
4929,57,14,25,0
4930,57,14,25,0
4931,57,14,25,0
4932,57,14,25,0
4933,57,14,25,0
4934,57,14,25,0
4935,57,14,25,0
4936,57,14,25,0
4937,57,14,25,0
4938,57,14,25,0
4939,57,14,25,0
4940,57,14,25,0
4941,57,14,25,0
4942,57,14,25,0
4943,57,14,25,0
4944,57,14,25,0
4945,57,14,25,0
4946,57,14,25,0
4947,57,14,25,0
4948,57,14,25,0
4949,57,14,25,0
4950,57,14,25,0
4951,57,14,25,0
4952,57,14,25,0
4953,57,14,25,0
4954,57,14,25,0
4955,57,14,25,0
4956,57,14,25,0
4957,57,14,25,0
4958,57,14,25,0
4959,57,14,25,0
4960,57,14,25,0
4961,57,14,25,0
4962,57,14,25,0
4963,57,14,25,0
4964,57,14,25,0
4965,57,14,25,0
4966,57,14,25,0
4967,57,14,25,0
4968,57,14,25,0
4969,57,14,25,0
4970,57,14,25,0
4971,57,14,25,0
4972,57,14,25,0
4973,57,14,25,0
4974,57,14,25,0
4975,57,14,25,0
4976,57,14,25,0
4977,57,14,25,0
4978,57,14,25,0
4979,57,14,25,0
4980,57,14,25,0
4981,57,14,25,0
4982,57,14,25,0
4983,57,14,25,0
4984,57,14,25,0
4985,57,14,25,0
4986,57,14,25,0
4987,57,14,25,0
4988,57,14,25,0
4989,57,14,25,0
4990,57,14,25,0
4991,57,14,25,0
4992,57,14,25,0
4993,57,14,25,0
4994,57,14,25,0
4995,57,14,25,0
4996,57,14,25,0
4997,57,14,25,0
4998,57,14,25,0
4999,57,14,25,0
5000,57,14,25,0
5001,57,14,25,0
5002,57,14,25,0
5003,57,14,25,0
5004,57,14,25,0
5005,57,14,25,0
5006,57,14,25,0
5007,57,14,25,0
5008,57,14,25,0
5009,57,14,25,0
5010,57,14,25,0
5011,57,14,25,0
5012,57,14,25,0
5013,57,14,25,0
5014,57,14,25,0
5015,57,14,25,0
5016,57,14,25,0
5017,57,14,25,0
5018,57,14,25,0
5019,57,14,25,0
5020,57,14,25,0
5021,57,14,25,0
5022,57,14,25,0
5023,57,14,25,0
5024,57,14,25,0
5025,57,14,25,0
5026,57,14,25,0
5027,57,14,25,0
5028,57,14,25,0
5029,57,14,25,0
5030,57,14,25,0
5031,57,14,25,0
5032,57,14,25,0
5033,57,14,25,0
5034,57,14,25,0
5035,57,14,25,0
5036,57,14,25,0
5037,57,14,25,0
5038,57,14,25,0
5039,57,14,25,0
5040,57,14,25,0
5041,57,14,25,0
5042,57,14,25,0
5043,57,14,25,0
5044,57,14,25,0
5045,57,14,25,0
5046,57,14,25,0
5047,57,14,25,0
5048,57,14,25,0
5049,57,14,25,0
5050,57,14,25,0
5051,57,14,25,0
5052,57,14,25,0
5053,57,14,25,0
5054,57,14,25,0
5055,57,14,25,0
5056,57,14,25,0
5057,57,14,25,0
5058,57,14,25,0
5059,57,14,25,0
5060,57,14,25,0
5061,57,14,25,0
5062,57,14,25,0
5063,57,14,25,0
5064,57,14,25,0
5065,57,14,25,0
5066,57,14,25,0
5067,57,14,25,0
5068,57,14,25,0
5069,57,14,25,0
5070,57,14,25,0
5071,57,14,25,0
5072,57,14,25,0
5073,57,14,25,0
5074,57,14,25,0
5075,57,14,25,0
5076,57,14,25,0
5077,57,14,25,0
5078,57,14,25,0
5079,57,14,25,0
5080,57,14,25,0
5081,57,14,25,0
5082,57,14,25,0
5083,57,14,25,0
5084,57,14,25,0
5085,57,14,25,0
5086,57,14,25,0
5087,57,14,25,0
5088,57,14,25,0
5089,57,14,25,0
5090,57,14,25,0
5091,57,14,25,0
5092,57,14,25,0
5093,57,14,25,0
5094,57,14,25,0
5095,57,14,25,0
5096,57,14,25,0
5097,57,14,25,0
5098,57,14,25,0
5099,57,14,25,0
5100,57,14,25,0
5101,57,14,25,0
5102,57,14,25,0
5103,57,14,25,0
5104,57,14,25,0
5105,57,14,25,0
5106,57,14,25,0
5107,57,14,25,0
5108,57,14,25,0
5109,57,14,25,0
5110,57,14,25,0
5111,57,14,25,0
5112,57,14,25,0
5113,57,14,25,0
5114,57,14,25,0
5115,57,14,25,0
5116,57,14,25,0
5117,57,14,25,0
5118,57,14,25,0
5119,57,14,25,0
5120,57,14,25,0
5121,57,14,25,0
5122,57,14,25,0
5123,57,14,25,0
5124,57,14,25,0
5125,57,14,25,0
5126,57,14,25,0
5127,57,14,25,0
5128,57,14,25,0
5129,57,14,25,0
5130,57,14,25,0
5131,57,14,25,0
5132,57,14,25,0
5133,57,14,25,0
5134,57,14,25,0
5135,57,14,25,0
5136,57,14,25,0
5137,57,14,25,0
5138,57,14,25,0
5139,57,14,25,0
5140,57,14,25,0
5141,57,14,25,0
5142,57,14,25,0
5143,57,14,25,0
5144,57,14,25,0
5145,57,14,25,0
5146,57,14,25,0
5147,57,14,25,0
5148,57,14,25,0
5149,57,14,25,0
5150,57,14,25,0
5151,57,14,25,0
5152,57,14,25,0
5153,57,14,25,0
5154,57,14,25,0
5155,57,14,25,0
5156,57,14,25,0
5157,57,14,25,0
5158,57,14,25,0
5159,57,14,25,0
5160,57,14,25,0
5161,57,14,25,0
5162,57,14,25,0
5163,57,14,25,0
5164,57,14,25,0
5165,57,14,25,0
5166,57,14,25,0
5167,57,14,25,0
5168,57,14,25,0
5169,57,14,25,0
5170,57,14,25,0
5171,57,14,25,0
5172,57,14,25,0
5173,57,14,25,0
5174,57,14,25,0
5175,57,14,25,0
5176,57,14,25,0
5177,57,14,25,0
5178,57,14,25,0
5179,57,14,25,0
5180,57,14,25,0
5181,57,14,25,0
5182,57,14,25,0
5183,57,14,25,0
5184,57,14,25,0
5185,57,14,25,0
5186,57,14,25,0
5187,57,14,25,0
5188,57,14,25,0
5189,57,14,25,0
5190,57,14,25,0
5191,57,14,25,0
5192,57,14,25,0
5193,57,14,25,0
5194,57,14,25,0
5195,57,14,25,0
5196,57,14,25,0
5197,57,14,25,0
5198,57,14,25,0
5199,57,14,25,0
5200,57,14,25,0
5201,57,14,25,0
5202,57,14,25,0
5203,57,14,25,0
5204,57,14,25,0
5205,57,14,25,0
5206,57,14,25,0
5207,57,14,25,0
5208,57,14,25,0
5209,57,14,25,0
5210,57,14,25,0
5211,57,14,25,0
5212,57,14,25,0
5213,57,14,25,0
5214,57,14,25,0
5215,57,14,25,0
5216,57,14,25,0
5217,57,14,25,0
5218,57,14,25,0
5219,57,14,25,0
5220,57,14,25,0
5221,57,14,25,0
5222,57,14,25,0
5223,57,14,25,0
5224,57,14,25,0
5225,57,14,25,0
5226,57,14,25,0
5227,57,14,25,0
5228,57,14,25,0
5229,57,14,25,0
5230,57,14,25,0
5231,57,14,25,0
5232,57,14,25,0
5233,57,14,25,0
5234,57,14,25,0
5235,57,14,25,0
5236,57,14,25,0
5237,57,14,25,0
5238,57,14,25,0
5239,57,14,25,0
5240,57,14,25,0
5241,57,14,25,0
5242,57,14,25,0
5243,57,14,25,0
5244,57,14,25,0
5245,57,14,25,0
5246,57,14,25,0
5247,57,14,25,0
5248,57,14,25,0
5249,57,14,25,0
5250,57,14,25,0
5251,57,14,25,0
5252,57,14,25,0
5253,57,14,25,0
5254,57,14,25,0
5255,57,14,25,0
5256,57,14,25,0
5257,57,14,25,0
5258,57,14,25,0
5259,57,14,25,0
5260,57,14,25,0
5261,57,14,25,0
5262,57,14,25,0
5263,57,14,25,0
5264,57,14,25,0
5265,57,14,25,0
5266,57,14,25,0
5267,57,14,25,0
5268,57,14,25,0
5269,57,14,25,0
5270,57,14,25,0
5271,57,14,25,0
5272,57,14,25,0
5273,57,14,25,0
5274,57,14,25,0
5275,57,14,25,0
5276,57,14,25,0
5277,57,14,25,0
5278,57,14,25,0
5279,57,14,25,0
5280,57,14,25,0
5281,57,14,25,0
5282,57,14,25,0
5283,57,14,25,0
5284,57,14,25,0
5285,57,14,25,0
5286,57,14,25,0
5287,57,14,25,0
5288,57,14,25,0
5289,57,14,25,0
5290,57,14,25,0
5291,57,14,25,0
5292,57,14,25,0
5293,57,14,25,0
5294,57,14,25,0
5295,57,14,25,0
5296,57,14,25,0
5297,57,14,25,0
5298,57,14,25,0
5299,57,14,25,0
5300,57,14,25,0
5301,57,14,25,0
5302,57,14,25,0
5303,57,14,25,0
5304,57,14,25,0
5305,57,14,25,0
5306,57,14,25,0
5307,57,14,25,0
5308,57,14,25,0
5309,57,14,25,0
5310,57,14,25,0
5311,57,14,25,0
5312,57,14,25,0
5313,57,14,25,0
5314,57,14,25,0
5315,57,14,25,0
5316,57,14,25,0
5317,57,14,25,0
5318,57,14,25,0
5319,57,14,25,0
5320,57,14,25,0
5321,57,14,25,0
5322,57,14,25,0
5323,57,14,25,0
5324,57,14,25,0
5325,57,14,25,0
5326,57,14,25,0
5327,57,14,25,0
5328,57,14,25,0
5329,57,14,25,0
5330,57,14,25,0
5331,57,14,25,0
5332,57,14,25,0
5333,57,14,25,0
5334,57,14,25,0
5335,57,14,25,0
5336,57,14,25,0
5337,57,14,25,0
5338,57,14,25,0
5339,57,14,25,0
5340,57,14,25,0
5341,57,14,25,0
5342,57,14,25,0
5343,57,14,25,0
5344,57,14,25,0
5345,57,14,25,0
5346,57,14,25,0
5347,57,14,25,0
5348,57,14,25,0
5349,57,14,25,0
5350,57,14,25,0
5351,57,14,25,0
5352,57,14,25,0
5353,57,14,25,0
5354,57,14,25,0
5355,57,14,25,0
5356,57,14,25,0
5357,57,14,25,0
5358,57,14,25,0
5359,57,14,25,0
5360,57,14,25,0
5361,57,14,25,0
5362,57,14,25,0
5363,57,14,25,0
5364,57,14,25,0
5365,57,14,25,0
5366,57,14,25,0
5367,57,14,25,0
5368,57,14,25,0
5369,57,14,25,0
5370,57,14,25,0
5371,57,14,25,0
5372,57,14,25,0
5373,57,14,25,0
5374,57,14,25,0
5375,57,14,25,0
5376,57,14,25,0
5377,57,14,25,0
5378,57,14,25,0
5379,57,14,25,0
5380,57,14,25,0
5381,57,14,25,0
5382,57,14,25,0
5383,57,14,25,0
5384,57,14,25,0
5385,57,14,25,0
5386,57,14,25,0
5387,57,14,25,0
5388,57,14,25,0
5389,57,14,25,0
5390,57,14,25,0
5391,57,14,25,0
5392,57,14,25,0
5393,57,14,25,0
5394,57,14,25,0
5395,57,14,25,0
5396,57,14,25,0
5397,57,14,25,0
5398,57,14,25,0
5399,57,14,25,0
5400,57,14,25,0
5401,57,14,25,0
5402,57,14,25,0
5403,57,14,25,0
5404,57,14,25,0
5405,57,14,25,0
5406,57,14,25,0
5407,57,14,25,0
5408,57,14,25,0
5409,57,14,25,0
5410,57,14,25,0
5411,57,14,25,0
5412,57,14,25,0
5413,57,14,25,0
5414,57,14,25,0
5415,57,14,25,0
5416,57,14,25,0
5417,57,14,25,0
5418,57,14,25,0
5419,57,14,25,0
5420,57,14,25,0
5421,57,14,25,0
5422,57,14,25,0
5423,57,14,25,0
5424,57,14,25,0
5425,57,14,25,0
5426,57,14,25,0
5427,57,14,25,0
5428,57,14,25,0
5429,57,14,25,0
5430,57,14,25,0
5431,57,14,25,0
5432,57,14,25,0
5433,57,14,25,0
5434,57,14,25,0
5435,57,14,25,0
5436,57,14,25,0
5437,57,14,25,0
5438,57,14,25,0
5439,57,14,25,0
5440,57,14,25,0
5441,57,14,25,0
5442,57,14,25,0
5443,57,14,25,0
5444,57,14,25,0
5445,57,14,25,0
5446,57,14,25,0
5447,57,14,25,0
5448,57,14,25,0
5449,57,14,25,0
5450,57,14,25,0
5451,57,14,25,0
5452,57,14,25,0
5453,57,14,25,0
5454,57,14,25,0
5455,57,14,25,0
5456,57,14,25,0
5457,57,14,25,0
5458,57,14,25,0
5459,57,14,25,0
5460,57,14,25,0
5461,57,14,25,0
5462,57,14,25,0
5463,57,14,25,0
5464,57,14,25,0
5465,57,14,25,0
5466,57,14,25,0
5467,57,14,25,0
5468,57,14,25,0
5469,57,14,25,0
5470,57,14,25,0
5471,57,14,25,0
5472,57,14,25,0
5473,57,14,25,0
5474,57,14,25,0
5475,57,14,25,0
5476,57,14,25,0
5477,57,14,25,0
5478,57,14,25,0
5479,57,14,25,0
5480,57,14,25,0
5481,57,14,25,0
5482,57,14,25,0
5483,57,14,25,0
5484,57,14,25,0
5485,57,14,25,0
5486,57,14,25,0
5487,57,14,25,0
5488,57,14,25,0
5489,57,14,25,0
5490,57,14,25,0
5491,57,14,25,0
5492,57,14,25,0
5493,57,14,25,0
5494,57,14,25,0
5495,57,14,25,0
5496,57,14,25,0
5497,57,14,25,0
5498,57,14,25,0
5499,57,14,25,0
5500,57,14,25,0
5501,57,14,25,0
5502,57,14,25,0
5503,57,14,25,0
5504,57,14,25,0
5505,57,14,25,0
5506,57,14,25,0
5507,57,14,25,0
5508,57,14,25,0
5509,57,14,25,0
5510,57,14,25,0
5511,57,14,25,0
5512,57,14,25,0
5513,57,14,25,0
5514,57,14,25,0
5515,57,14,25,0
5516,57,14,25,0
5517,57,14,25,0
5518,57,14,25,0
5519,57,14,25,0
5520,57,14,25,0
5521,57,14,25,0
5522,57,14,25,0
5523,57,14,25,0
5524,57,14,25,0
5525,57,14,25,0
5526,57,14,25,0
5527,57,14,25,0
5528,57,14,25,0
5529,57,14,25,0
5530,57,14,25,0
5531,57,14,25,0
5532,57,14,25,0
5533,57,14,25,0
5534,57,14,25,0
5535,57,14,25,0
5536,57,14,25,0
5537,57,14,25,0
5538,57,14,25,0
5539,57,14,25,0
5540,57,14,25,0
5541,57,14,25,0
5542,57,14,25,0
5543,57,14,25,0
5544,57,14,25,0
5545,57,14,25,0
5546,57,14,25,0
5547,57,14,25,0
5548,57,14,25,0
5549,57,14,25,0
5550,57,14,25,0
5551,57,14,25,0
5552,57,14,25,0
5553,57,14,25,0
5554,57,14,25,0
5555,57,14,25,0
5556,57,14,25,0
5557,57,14,25,0
5558,57,14,25,0
5559,57,14,25,0
5560,57,14,25,0
5561,57,14,25,0
5562,57,14,25,0
5563,57,14,25,0
5564,57,14,25,0
5565,57,14,25,0
5566,57,14,25,0
5567,57,14,25,0
5568,57,14,25,0
5569,57,14,25,0
5570,57,14,25,0
5571,57,14,25,0
5572,57,14,25,0
5573,57,14,25,0
5574,57,14,25,0
5575,57,14,25,0
5576,57,14,25,0
5577,57,14,25,0
5578,57,14,25,0
5579,57,14,25,0
5580,57,14,25,0
5581,57,14,25,0
5582,57,14,25,0
5583,57,14,25,0
5584,57,14,25,0
5585,57,14,25,0
5586,57,14,25,0
5587,57,14,25,0
5588,57,14,25,0
5589,57,14,25,0
5590,57,14,25,0
5591,57,14,25,0
5592,57,14,25,0
5593,57,14,25,0
5594,57,14,25,0
5595,57,14,25,0
5596,57,14,25,0
5597,57,14,25,0
5598,57,14,25,0
5599,57,14,25,0
5600,57,14,25,0
5601,57,14,25,0
5602,57,14,25,0
5603,57,14,25,0
5604,57,14,25,0
5605,57,14,25,0
5606,57,14,25,0
5607,57,14,25,0
5608,57,14,25,0
5609,57,14,25,0
5610,57,14,25,0
5611,57,14,25,0
5612,57,14,25,0
5613,57,14,25,0
5614,57,14,25,0
5615,57,14,25,0
5616,57,14,25,0
5617,57,14,25,0
5618,57,14,25,0
5619,57,14,25,0
5620,57,14,25,0
5621,57,14,25,0
5622,57,14,25,0
5623,57,14,25,0
5624,57,14,25,0
5625,57,14,25,0
5626,57,14,25,0
5627,57,14,25,0
5628,57,14,25,0
5629,57,14,25,0
5630,57,14,25,0
5631,57,14,25,0
5632,57,14,25,0
5633,57,14,25,0
5634,57,14,25,0
5635,57,14,25,0
5636,57,14,25,0
5637,57,14,25,0
5638,57,14,25,0
5639,57,14,25,0
5640,57,14,25,0
5641,57,14,25,0
5642,57,14,25,0
5643,57,14,25,0
5644,57,14,25,0
5645,57,14,25,0
5646,57,14,25,0
5647,57,14,25,0
5648,57,14,25,0
5649,57,14,25,0
5650,57,14,25,0
5651,57,14,25,0
5652,57,14,25,0
5653,57,14,25,0
5654,57,14,25,0
5655,57,14,25,0
5656,57,14,25,0
5657,57,14,25,0
5658,57,14,25,0
5659,57,14,25,0
5660,57,14,25,0
5661,57,14,25,0
5662,57,14,25,0
5663,57,14,25,0
5664,57,14,25,0
5665,57,14,25,0
5666,57,14,25,0
5667,57,14,25,0
5668,57,14,25,0
5669,57,14,25,0
5670,57,14,25,0
5671,57,14,25,0
5672,57,14,25,0
5673,57,14,25,0
5674,57,14,25,0
5675,57,14,25,0
5676,57,14,25,0
5677,57,14,25,0
5678,57,14,25,0
5679,57,14,25,0
5680,57,14,25,0
5681,57,14,25,0
5682,57,14,25,0
5683,57,14,25,0
5684,57,14,25,0
5685,57,14,25,0
5686,57,14,25,0
5687,57,14,25,0
5688,57,14,25,0
5689,57,14,25,0
5690,57,14,25,0
5691,57,14,25,0
5692,57,14,25,0
5693,57,14,25,0
5694,57,14,25,0
5695,57,14,25,0
5696,57,14,25,0
5697,57,14,25,0
5698,57,14,25,0
5699,57,14,25,0
5700,57,14,25,0
5701,57,14,25,0
5702,57,14,25,0
5703,57,14,25,0
5704,57,14,25,0
5705,57,14,25,0
5706,57,14,25,0
5707,57,14,25,0
5708,57,14,25,0
5709,57,14,25,0
5710,57,14,25,0
5711,57,14,25,0
5712,57,14,25,0
5713,57,14,25,0
5714,57,14,25,0
5715,57,14,25,0
5716,57,14,25,0
5717,57,14,25,0
5718,57,14,25,0
5719,57,14,25,0
5720,57,14,25,0
5721,57,14,25,0
5722,57,14,25,0
5723,57,14,25,0
5724,57,14,25,0
5725,57,14,25,0
5726,57,14,25,0
5727,57,14,25,0
5728,57,14,25,0
5729,57,14,25,0
5730,57,14,25,0
5731,57,14,25,0
5732,57,14,25,0
5733,57,14,25,0
5734,57,14,25,0
5735,57,14,25,0
5736,57,14,25,0
5737,57,14,25,0
5738,57,14,25,0
5739,57,14,25,0
5740,57,14,25,0
5741,57,14,25,0
5742,57,14,25,0
5743,57,14,25,0
5744,57,14,25,0
5745,57,14,25,0
5746,57,14,25,0
5747,57,14,25,0
5748,57,14,25,0
5749,57,14,25,0
5750,57,14,25,0
5751,57,14,25,0
5752,57,14,25,0
5753,57,14,25,0
5754,57,14,25,0
5755,57,14,25,0
5756,57,14,25,0
5757,57,14,25,0
5758,57,14,25,0
5759,57,14,25,0
5760,57,14,25,0
5761,57,14,25,0
5762,57,14,25,0
5763,57,14,25,0
5764,57,14,25,0
5765,57,14,25,0
5766,57,14,25,0
5767,57,14,25,0
5768,57,14,25,0
5769,57,14,25,0
5770,57,14,25,0
5771,57,14,25,0
5772,57,14,25,0
5773,57,14,25,0
5774,57,14,25,0
5775,57,14,25,0
5776,57,14,25,0
5777,57,14,25,0
5778,57,14,25,0
5779,57,14,25,0
5780,57,14,25,0
5781,57,14,25,0
5782,57,14,25,0
5783,57,14,25,0
5784,57,14,25,0
5785,57,14,25,0
5786,57,14,25,0
5787,57,14,25,0
5788,57,14,25,0
5789,57,14,25,0
5790,57,14,25,0
5791,57,14,25,0
5792,57,14,25,0
5793,57,14,25,0
5794,57,14,25,0
5795,57,14,25,0
5796,57,14,25,0
5797,57,14,25,0
5798,57,14,25,0
5799,57,14,25,0
5800,57,14,25,0
5801,57,14,25,0
5802,57,14,25,0
5803,57,14,25,0
5804,57,14,25,0
5805,57,14,25,0
5806,57,14,25,0
5807,57,14,25,0
5808,57,14,25,0
5809,57,14,25,0
5810,57,14,25,0
5811,57,14,25,0
5812,57,14,25,0
5813,57,14,25,0
5814,57,14,25,0
5815,57,14,25,0
5816,57,14,25,0
5817,57,14,25,0
5818,57,14,25,0
5819,57,14,25,0
5820,57,14,25,0
5821,57,14,25,0
5822,57,14,25,0
5823,58,14,26,0
5824,58,14,26,0
5825,58,14,26,0
5826,58,14,26,0
5827,58,14,26,0
5828,58,14,26,0
5829,58,14,26,0
5830,58,14,26,0
5831,58,14,26,0
5832,58,14,26,0
5833,58,14,26,0
5834,58,14,26,0
5835,58,14,26,0
5836,58,14,26,0
5837,58,14,26,0
5838,58,14,26,0
5839,58,14,26,0
5840,58,14,26,0
5841,58,14,26,0
5842,58,14,26,0
5843,58,14,26,0
5844,58,14,26,0
5845,58,14,26,0
5846,58,14,26,0
5847,58,14,26,0
5848,58,14,26,0
5849,58,14,26,0
5850,58,14,26,0
5851,58,14,26,0
5852,58,14,26,0
5853,58,14,26,0
5854,58,14,26,0
5855,58,14,26,0
5856,58,14,26,0
5857,58,14,26,0
5858,58,14,26,0
5859,58,14,26,0
5860,58,14,26,0
5861,58,14,26,0
5862,58,14,26,0
5863,58,14,26,0
5864,58,14,26,0
5865,58,14,26,0
5866,58,14,26,0
5867,58,14,26,0
5868,58,14,26,0
5869,58,14,26,0
5870,58,14,26,0
5871,58,14,26,0
5872,58,14,26,0
5873,58,14,26,0
5874,58,14,26,0
5875,58,14,26,0
5876,58,14,26,0
5877,58,14,26,0
5878,58,14,26,0
5879,58,14,26,0
5880,58,14,26,0
5881,58,14,26,0
5882,58,14,26,0
5883,58,14,26,0
5884,58,14,26,0
5885,58,14,26,0
5886,58,14,26,0
5887,58,14,26,0
5888,58,14,26,0
5889,58,14,26,0
5890,58,14,26,0
5891,58,14,26,0
5892,58,14,26,0
5893,58,14,26,0
5894,58,14,26,0
5895,58,14,26,0
5896,58,14,26,0
5897,58,14,26,0
5898,58,14,26,0
5899,58,14,26,0
5900,58,14,26,0
5901,58,14,26,0
5902,58,14,26,0
5903,58,14,26,0
5904,58,14,26,0
5905,58,14,26,0
5906,58,14,26,0
5907,58,14,26,0
5908,58,14,26,0
5909,58,14,26,0
5910,58,14,26,0
5911,58,14,26,0
5912,58,14,26,0
5913,58,14,26,0
5914,58,14,26,0
5915,58,14,26,0
5916,58,14,26,0
5917,58,14,26,0
5918,58,14,26,0
5919,58,14,26,0
5920,58,14,26,0
5921,58,14,26,0
5922,58,14,26,0
5923,58,14,26,0
5924,58,14,26,0
5925,58,14,26,0
5926,58,14,26,0
5927,58,14,26,0
5928,58,14,26,0
5929,58,14,26,0
5930,58,14,26,0
5931,58,14,26,0
5932,58,14,26,0
5933,58,14,26,0
5934,58,14,26,0
5935,58,14,26,0
5936,58,14,26,0
5937,58,14,26,0
5938,58,14,26,0
5939,58,14,26,0
5940,58,14,26,0
5941,58,14,26,0
5942,58,14,26,0
5943,58,14,26,0
5944,58,14,26,0
5945,58,14,26,0
5946,58,14,26,0
5947,58,14,26,0
5948,58,14,26,0
5949,58,14,26,0
5950,58,14,26,0
5951,58,14,26,0
5952,58,14,26,0
5953,58,14,26,0
5954,58,14,26,0
5955,58,14,26,0
5956,58,14,26,0
5957,58,14,26,0
5958,58,14,26,0
5959,58,14,26,0
5960,58,14,26,0
5961,58,14,26,0
5962,58,14,26,0
5963,58,14,26,0
5964,58,14,26,0
5965,58,14,26,0
5966,58,14,26,0
5967,58,14,26,0
5968,58,14,26,0
5969,58,14,26,0
5970,58,14,26,0
5971,58,14,26,0
5972,58,14,26,0
5973,58,14,26,0
5974,58,14,26,0
5975,58,14,26,0
5976,58,14,26,0
5977,58,14,26,0
5978,58,14,26,0
5979,58,14,26,0
5980,58,14,26,0
5981,58,14,26,0
5982,58,14,26,0
5983,58,14,26,0
5984,58,14,26,0
5985,58,14,26,0
5986,58,14,26,0
5987,58,14,26,0
5988,58,14,26,0
5989,58,14,26,0
5990,58,14,26,0
5991,58,14,26,0
5992,58,14,26,0
5993,58,14,26,0
5994,58,14,26,0
5995,58,14,26,0
5996,58,14,26,0
5997,58,14,26,0
5998,58,14,26,0
5999,58,14,26,0
6000,58,14,26,0
6001,58,14,26,0
6002,58,14,26,0
6003,58,14,26,0
6004,58,14,26,0
6005,58,14,26,0
6006,58,14,26,0
6007,58,14,26,0
6008,58,14,26,0
6009,58,14,26,0
6010,58,14,26,0
6011,58,14,26,0
6012,58,14,26,0
6013,58,14,26,0
6014,58,14,26,0
6015,58,14,26,0
6016,58,14,26,0
6017,58,14,26,0
6018,58,14,26,0
6019,58,14,26,0
6020,58,14,26,0
6021,58,14,26,0
6022,58,14,26,0
6023,58,14,26,0
6024,58,14,26,0
6025,58,14,26,0
6026,58,14,26,0
6027,58,14,26,0
6028,58,14,26,0
6029,58,14,26,0
6030,58,14,26,0
6031,58,14,26,0
6032,58,14,26,0
6033,58,14,26,0
6034,58,14,26,0
6035,58,14,26,0
6036,58,14,26,0
6037,58,14,26,0
6038,58,14,26,0
6039,58,14,26,0
6040,58,14,26,0
6041,58,14,26,0
6042,58,14,26,0
6043,58,14,26,0
6044,58,14,26,0
6045,58,14,26,0
6046,58,14,26,0
6047,58,14,26,0
6048,58,14,26,0
6049,58,14,26,0
6050,58,14,26,0
6051,58,14,26,0
6052,58,14,26,0
6053,58,14,26,0
6054,58,14,26,0
6055,58,14,26,0
6056,58,14,26,0
6057,58,14,26,0
6058,58,14,26,0
6059,58,14,26,0
6060,58,14,26,0
6061,58,14,26,0
6062,58,14,26,0
6063,58,14,26,0
6064,58,14,26,0
6065,58,14,26,0
6066,58,14,26,0
6067,58,14,26,0
6068,58,14,26,0
6069,58,14,26,0
6070,58,14,26,0
6071,58,14,26,0
6072,58,14,26,0
6073,58,14,26,0
6074,58,14,26,0
6075,58,14,26,0
6076,58,14,26,0
6077,58,14,26,0
6078,58,14,26,0
6079,58,14,26,0
6080,58,14,26,0
6081,58,14,26,0
6082,58,14,26,0
6083,58,14,26,0
6084,58,14,26,0
6085,58,14,26,0
6086,58,14,26,0
6087,58,14,26,0
6088,58,14,26,0
6089,58,14,26,0
6090,58,14,26,0
6091,58,14,26,0
6092,58,14,26,0
6093,58,14,26,0
6094,58,14,26,0
6095,58,14,26,0
6096,58,14,26,0
6097,58,14,26,0
6098,58,14,26,0
6099,58,14,26,0
6100,58,14,26,0
6101,58,14,26,0
6102,58,14,26,0
6103,58,14,26,0
6104,58,14,26,0
6105,58,14,26,0
6106,58,14,26,0
6107,58,14,26,0
6108,58,14,26,0
6109,58,14,26,0
6110,58,14,26,0
6111,58,14,26,0
6112,58,14,26,0
6113,58,14,26,0
6114,58,14,26,0
6115,58,14,26,0
6116,58,14,26,0
6117,58,14,26,0
6118,58,14,26,0
6119,58,14,26,0
6120,58,14,26,0
6121,58,14,26,0
6122,58,14,26,0
6123,58,14,26,0
6124,58,14,26,0
6125,58,14,26,0
6126,58,14,26,0
6127,58,14,26,0
6128,58,14,26,0
6129,58,14,26,0
6130,58,14,26,0
6131,58,14,26,0
6132,58,14,26,0
6133,58,14,26,0
6134,58,14,26,0
6135,58,14,26,0
6136,58,14,26,0
6137,58,14,26,0
6138,58,14,26,0
6139,58,14,26,0
6140,58,14,26,0
6141,58,14,26,0
6142,58,14,26,0
6143,58,14,26,0
6144,58,14,26,0
6145,58,14,26,0
6146,58,14,26,0
6147,58,14,26,0
6148,58,14,26,0
6149,58,14,26,0
6150,58,14,26,0
6151,58,14,26,0
6152,58,14,26,0
6153,58,14,26,0
6154,58,14,26,0
6155,58,14,26,0
6156,58,14,26,0
6157,58,14,26,0
6158,58,14,26,0
6159,58,14,26,0
6160,58,14,26,0
6161,58,14,26,0
6162,58,14,26,0
6163,58,14,26,0
6164,58,14,26,0
6165,58,14,26,0
6166,58,14,26,0
6167,58,14,26,0
6168,58,14,26,0
6169,58,14,26,0
6170,58,14,26,0
6171,58,14,26,0
6172,58,14,26,0
6173,58,14,26,0
6174,58,14,26,0
6175,58,14,26,0
6176,58,14,26,0
6177,58,14,26,0
6178,58,14,26,0
6179,58,14,26,0
6180,58,14,26,0
6181,58,14,26,0
6182,58,14,26,0
6183,58,14,26,0
6184,58,14,26,0
6185,58,14,26,0
6186,58,14,26,0
6187,58,14,26,0
6188,58,14,26,0
6189,58,14,26,0
6190,58,14,26,0
6191,58,14,26,0
6192,58,14,26,0
6193,58,14,26,0
6194,58,14,26,0
6195,58,14,26,0
6196,58,14,26,0
6197,58,14,26,0
6198,58,14,26,0
6199,58,14,26,0
6200,58,14,26,0
6201,58,14,26,0
6202,58,14,26,0
6203,58,14,26,0
6204,58,14,26,0
6205,58,14,26,0
6206,58,14,26,0
6207,58,14,26,0
6208,58,14,26,0
6209,58,14,26,0
6210,58,14,26,0
6211,58,14,26,0
6212,58,14,26,0
6213,58,14,26,0
6214,58,14,26,0
6215,58,14,26,0
6216,58,14,26,0
6217,58,14,26,0
6218,58,14,26,0
6219,58,14,26,0
6220,58,14,26,0
6221,58,14,26,0
6222,58,14,26,0
6223,58,14,26,0
6224,58,14,26,0
6225,58,14,26,0
6226,58,14,26,0
6227,58,14,26,0
6228,58,14,26,0
6229,58,14,26,0
6230,58,14,26,0
6231,58,14,26,0
6232,58,14,26,0
6233,58,14,26,0
6234,58,14,26,0
6235,58,14,26,0
6236,58,14,26,0
6237,58,14,26,0
6238,58,14,26,0
6239,58,14,26,0
6240,58,14,26,0
6241,58,14,26,0
6242,58,14,26,0
6243,58,14,26,0
6244,58,14,26,0
6245,58,14,26,0
6246,58,14,26,0
6247,58,14,26,0
6248,58,14,26,0
6249,58,14,26,0
6250,58,14,26,0
6251,58,14,26,0
6252,58,14,26,0
6253,58,14,26,0
6254,58,14,26,0
6255,58,14,26,0
6256,58,14,26,0
6257,58,14,26,0
6258,58,14,26,0
6259,58,14,26,0
6260,58,14,26,0
6261,58,14,26,0
6262,58,14,26,0
6263,58,14,26,0
6264,58,14,26,0
6265,58,14,26,0
6266,58,14,26,0
6267,58,14,26,0
6268,58,14,26,0
6269,58,14,26,0
6270,58,14,26,0
6271,58,14,26,0
6272,58,14,26,0
6273,58,14,26,0
6274,58,14,26,0
6275,58,14,26,0
6276,58,14,26,0
6277,58,14,26,0
6278,58,14,26,0
6279,58,14,26,0
6280,58,14,26,0
6281,58,14,26,0
6282,58,14,26,0
6283,58,14,26,0
6284,58,14,26,0
6285,58,14,26,0
6286,58,14,26,0
6287,58,14,26,0
6288,58,14,26,0
6289,58,14,26,0
6290,58,14,26,0
6291,58,14,26,0
6292,58,14,26,0
6293,58,14,26,0
6294,58,14,26,0
6295,58,14,26,0
6296,58,14,26,0
6297,58,14,26,0
6298,58,14,26,0
6299,58,14,26,0
6300,58,14,26,0
6301,58,14,26,0
6302,58,14,26,0
6303,58,14,26,0
6304,58,14,26,0
6305,58,14,26,0
6306,58,14,26,0
6307,58,14,26,0
6308,58,14,26,0
6309,58,14,26,0
6310,58,14,26,0
6311,58,14,26,0
6312,58,14,26,0
6313,58,14,26,0
6314,58,14,26,0
6315,58,14,26,0
6316,58,14,26,0
6317,58,14,26,0
6318,58,14,26,0
6319,58,14,26,0
6320,58,14,26,0
6321,58,14,26,0
6322,58,14,26,0
6323,58,14,26,0
6324,58,14,26,0
6325,58,14,26,0
6326,58,14,26,0
6327,58,14,26,0
6328,58,14,26,0
6329,58,14,26,0
6330,58,14,26,0
6331,58,14,26,0
6332,58,14,26,0
6333,58,14,26,0
6334,58,14,26,0
6335,58,14,26,0
6336,58,14,26,0
6337,58,14,26,0
6338,58,14,26,0
6339,58,14,26,0
6340,58,14,26,0
6341,58,14,26,0
6342,58,14,26,0
6343,58,14,26,0
6344,58,14,26,0
6345,58,14,26,0
6346,58,14,26,0
6347,58,14,26,0
6348,58,14,26,0
6349,58,14,26,0
6350,58,14,26,0
6351,58,14,26,0
6352,58,14,26,0
6353,58,14,26,0
6354,58,14,26,0
6355,58,14,26,0
6356,58,14,26,0
6357,58,14,26,0
6358,58,14,26,0
6359,58,14,26,0
6360,58,14,26,0
6361,58,14,26,0
6362,58,14,26,0
6363,58,14,26,0
6364,58,14,26,0
6365,58,14,26,0
6366,58,14,26,0
6367,58,14,26,0
6368,58,14,26,0
6369,58,14,26,0
6370,58,14,26,0
6371,58,14,26,0
6372,58,14,26,0
6373,58,14,26,0
6374,58,14,26,0
6375,58,14,26,0
6376,58,14,26,0
6377,58,14,26,0
6378,58,14,26,0
6379,58,14,26,0
6380,58,14,26,0
6381,58,14,26,0
6382,58,14,26,0
6383,58,14,26,0
6384,58,14,26,0
6385,58,14,26,0
6386,58,14,26,0
6387,58,14,26,0
6388,58,14,26,0
6389,58,14,26,0
6390,58,14,26,0
6391,58,14,26,0
6392,58,14,26,0
6393,58,14,26,0
6394,58,14,26,0
6395,58,14,26,0
6396,58,14,26,0
6397,58,14,26,0
6398,58,14,26,0
6399,58,14,26,0
6400,58,14,26,0
6401,58,14,26,0
6402,58,14,26,0
6403,58,14,26,0
6404,58,14,26,0
6405,58,14,26,0
6406,58,14,26,0
6407,58,14,26,0
6408,58,14,26,0
6409,58,14,26,0
6410,58,14,26,0
6411,58,14,26,0
6412,58,14,26,0
6413,58,14,26,0
6414,58,14,26,0
6415,58,14,26,0
6416,58,14,26,0
6417,58,14,26,0
6418,58,14,26,0
6419,58,14,26,0
6420,58,14,26,0
6421,58,14,26,0
6422,58,14,26,0
6423,58,14,26,0
6424,58,14,26,0
6425,58,14,26,0
6426,58,14,26,0
6427,58,14,26,0
6428,58,14,26,0
6429,58,14,26,0
6430,58,14,26,0
6431,58,14,26,0
6432,58,14,26,0
6433,58,14,26,0
6434,58,14,26,0
6435,58,14,26,0
6436,58,14,26,0
6437,58,14,26,0
6438,58,14,26,0
6439,58,14,26,0
6440,58,14,26,0
6441,58,14,26,0
6442,58,14,26,0
6443,58,14,26,0
6444,58,14,26,0
6445,58,14,26,0
6446,58,14,26,0
6447,58,14,26,0
6448,58,14,26,0
6449,58,14,26,0
6450,58,14,26,0
6451,58,14,26,0
6452,58,14,26,0
6453,58,14,26,0
6454,58,14,26,0
6455,58,14,26,0
6456,58,14,26,0
6457,58,14,26,0
6458,58,14,26,0
6459,58,14,26,0
6460,58,14,26,0
6461,58,14,26,0
6462,58,14,26,0
6463,58,14,26,0
6464,58,14,26,0
6465,58,14,26,0
6466,58,14,26,0
6467,58,14,26,0
6468,58,14,26,0
6469,58,14,26,0
6470,58,14,26,0
6471,58,14,26,0
6472,58,14,26,0
6473,58,14,26,0
6474,58,14,26,0
6475,58,14,26,0
6476,58,14,26,0
6477,58,14,26,0
6478,58,14,26,0
6479,58,14,26,0
6480,58,14,26,0
6481,58,14,26,0
6482,58,14,26,0
6483,58,14,26,0
6484,58,14,26,0
6485,58,14,26,0
6486,58,14,26,0
6487,58,14,26,0
6488,58,14,26,0
6489,58,14,26,0
6490,58,14,26,0
6491,58,14,26,0
6492,58,14,26,0
6493,58,14,26,0
6494,58,14,26,0
6495,58,14,26,0
6496,58,14,26,0
6497,58,14,26,0
6498,58,14,26,0
6499,58,14,26,0
6500,58,14,26,0
6501,58,14,26,0
6502,58,14,26,0
6503,58,14,26,0
6504,58,14,26,0
6505,58,14,26,0
6506,58,14,26,0
6507,58,14,26,0
6508,58,14,26,0
6509,58,14,26,0
6510,58,14,26,0
6511,58,14,26,0
6512,58,14,26,0
6513,58,14,26,0
6514,58,14,26,0
6515,58,14,26,0
6516,58,14,26,0
6517,58,14,26,0
6518,58,14,26,0
6519,58,14,26,0
6520,58,14,26,0
6521,58,14,26,0
6522,58,14,26,0
6523,58,14,26,0
6524,58,14,26,0
6525,58,14,26,0
6526,58,14,26,0
6527,58,14,26,0
6528,58,14,26,0
6529,58,14,26,0
6530,58,14,26,0
6531,58,14,26,0
6532,58,14,26,0
6533,58,14,26,0
6534,58,14,26,0
6535,58,14,26,0
6536,58,14,26,0
6537,58,14,26,0
6538,58,14,26,0
6539,58,14,26,0
6540,58,14,26,0
6541,58,14,26,0
6542,58,14,26,0
6543,58,14,26,0
6544,58,14,26,0
6545,58,14,26,0
6546,58,14,26,0
6547,58,14,26,0
6548,58,14,26,0
6549,58,14,26,0
6550,58,14,26,0
6551,58,14,26,0
6552,58,14,26,0
6553,58,14,26,0
6554,58,14,26,0
6555,58,14,26,0
6556,58,14,26,0
6557,58,14,26,0
6558,58,14,26,0
6559,58,14,26,0
6560,58,14,26,0
6561,58,14,26,0
6562,58,14,26,0
6563,58,14,26,0
6564,58,14,26,0
6565,58,14,26,0
6566,58,14,26,0
6567,58,14,26,0
6568,58,14,26,0
6569,58,14,26,0
6570,58,14,26,0
6571,58,14,26,0
6572,58,14,26,0
6573,58,14,26,0
6574,58,14,26,0
6575,58,14,26,0
6576,58,14,26,0
6577,58,14,26,0
6578,58,14,26,0
6579,58,14,26,0
6580,58,14,26,0
6581,58,14,26,0
6582,58,14,26,0
6583,58,14,26,0
6584,58,14,26,0
6585,58,14,26,0
6586,58,14,26,0
6587,58,14,26,0
6588,58,14,26,0
6589,58,14,26,0
6590,58,14,26,0
6591,58,14,26,0
6592,58,14,26,0
6593,58,14,26,0
6594,58,14,26,0
6595,58,14,26,0
6596,58,14,26,0
6597,58,14,26,0
6598,58,14,26,0
6599,58,14,26,0
6600,58,14,26,0
6601,58,14,26,0
6602,58,14,26,0
6603,58,14,26,0
6604,58,14,26,0
6605,58,14,26,0
6606,58,14,26,0
6607,58,14,26,0
6608,58,14,26,0
6609,58,14,26,0
6610,58,14,26,0
6611,58,14,26,0
6612,58,14,26,0
6613,58,14,26,0
6614,58,14,26,0
6615,58,14,26,0
6616,58,14,26,0
6617,58,14,26,0
6618,58,14,26,0
6619,58,14,26,0
6620,58,14,26,0
6621,58,14,26,0
6622,58,14,26,0
6623,58,14,26,0
6624,58,14,26,0
6625,58,14,26,0
6626,58,14,26,0
6627,58,14,26,0
6628,58,14,26,0
6629,58,14,26,0
6630,58,14,26,0
6631,58,14,26,0
6632,58,14,26,0
6633,58,14,26,0
6634,58,14,26,0
6635,58,14,26,0
6636,58,14,26,0
6637,58,14,26,0
6638,58,14,26,0
6639,58,14,26,0
6640,58,14,26,0
6641,58,14,26,0
6642,58,14,26,0
6643,58,14,26,0
6644,58,14,26,0
6645,58,14,26,0
6646,58,14,26,0
6647,58,14,26,0
6648,58,14,26,0
6649,58,14,26,0
6650,58,14,26,0
6651,58,14,26,0
6652,58,14,26,0
6653,58,14,26,0
6654,58,14,26,0
6655,58,14,26,0
6656,58,14,26,0
6657,58,14,26,0
6658,58,14,26,0
6659,58,14,26,0
6660,58,14,26,0
6661,58,14,26,0
6662,58,14,26,0
6663,58,14,26,0
6664,58,14,26,0
6665,58,14,26,0
6666,58,14,26,0
6667,58,14,26,0
6668,58,14,26,0
6669,58,14,26,0
6670,58,14,26,0
6671,58,14,26,0
6672,58,14,26,0
6673,58,14,26,0
6674,58,14,26,0
6675,58,14,26,0
6676,58,14,26,0
6677,58,14,26,0
6678,58,14,26,0
6679,58,14,26,0
6680,58,14,26,0
6681,58,14,26,0
6682,58,14,26,0
6683,58,14,26,0
6684,58,14,26,0
6685,58,14,26,0
6686,58,14,26,0
6687,58,14,26,0
6688,58,14,26,0
6689,58,14,26,0
6690,58,14,26,0
6691,58,14,26,0
6692,58,14,26,0
6693,58,14,26,0
6694,58,14,26,0
6695,58,14,26,0
6696,58,14,26,0
6697,58,14,26,0
6698,58,14,26,0
6699,58,14,26,0
6700,58,14,26,0
6701,58,14,26,0
6702,58,14,26,0
6703,58,14,26,0
6704,58,14,26,0
6705,58,14,26,0
6706,58,14,26,0
6707,58,14,26,0
6708,58,14,26,0
6709,58,14,26,0
6710,58,14,26,0
6711,58,14,26,0
6712,58,14,26,0
6713,58,14,26,0
6714,58,14,26,0
6715,58,14,26,0
6716,58,14,26,0
6717,58,14,26,0
6718,58,14,26,0
6719,58,14,26,0
6720,58,14,26,0
6721,58,14,26,0
6722,58,14,26,0
6723,58,14,26,0
6724,58,14,26,0
6725,58,14,26,0
6726,58,14,26,0
6727,58,14,26,0
6728,58,14,26,0
6729,58,14,26,0
6730,58,14,26,0
6731,58,14,26,0
6732,58,14,26,0
6733,58,14,26,0
6734,58,14,26,0
6735,58,14,26,0
6736,58,14,26,0
6737,58,14,26,0
6738,58,14,26,0
6739,58,14,26,0
6740,58,14,26,0
6741,58,14,26,0
6742,58,14,26,0
6743,58,14,26,0
6744,58,14,26,0
6745,58,14,26,0
6746,58,14,26,0
6747,58,14,26,0
6748,58,14,26,0
6749,58,14,26,0
6750,58,14,26,0
6751,58,14,26,0
6752,58,14,26,0
6753,58,14,26,0
6754,58,14,26,0
6755,58,14,26,0
6756,58,14,26,0
6757,58,14,26,0
6758,58,14,26,0
6759,58,14,26,0
6760,58,14,26,0
6761,58,14,26,0
6762,58,14,26,0
6763,58,14,26,0
6764,58,14,26,0
6765,58,14,26,0
6766,58,14,26,0
6767,58,14,26,0
6768,58,14,26,0
6769,58,14,26,0
6770,58,14,26,0
6771,58,14,26,0
6772,58,14,26,0
6773,58,14,26,0
6774,58,14,26,0
6775,58,14,26,0
6776,58,14,26,0
6777,58,14,26,0
6778,58,14,26,0
6779,58,14,26,0
6780,58,14,26,0
6781,58,14,26,0
6782,58,14,26,0
6783,58,14,26,0
6784,58,14,26,0
6785,58,14,26,0
6786,58,14,26,0
6787,58,14,26,0
6788,58,14,26,0
6789,58,14,26,0
6790,58,14,26,0
6791,58,14,26,0
6792,58,14,26,0
6793,58,14,26,0
6794,58,14,26,0
6795,58,14,26,0
6796,58,14,26,0
6797,58,14,26,0
6798,58,14,26,0
6799,58,14,26,0
6800,58,14,26,0
6801,58,14,26,0
6802,58,14,26,0
6803,58,14,26,0
6804,58,14,26,0
6805,58,14,26,0
6806,58,14,26,0
6807,58,14,26,0
6808,58,14,26,0
6809,58,14,26,0
6810,58,14,26,0
6811,58,14,26,0
6812,58,14,26,0
6813,58,14,26,0
6814,58,14,26,0
6815,58,14,26,0
6816,58,14,26,0
6817,58,14,26,0
6818,58,14,26,0
6819,58,14,26,0
6820,58,14,26,0
6821,58,14,26,0
6822,58,14,26,0
6823,58,14,26,0
6824,58,14,26,0
6825,58,14,26,0
6826,58,14,26,0
6827,58,14,26,0
6828,58,14,26,0
6829,58,14,26,0
6830,58,14,26,0
6831,58,14,26,0
6832,58,14,26,0
6833,58,14,26,0
6834,58,14,26,0
6835,58,14,26,0
6836,58,14,26,0
6837,58,14,26,0
6838,58,14,26,0
6839,58,14,26,0
6840,58,14,26,0
6841,58,14,26,0
6842,58,14,26,0
6843,58,14,26,0
6844,58,14,26,0
6845,58,14,26,0
6846,58,14,26,0
6847,58,14,26,0
6848,58,14,26,0
6849,58,14,26,0
6850,58,14,26,0
6851,58,14,26,0
6852,58,14,26,0
6853,58,14,26,0
6854,58,14,26,0
6855,58,14,26,0
6856,58,14,26,0
6857,58,14,26,0
6858,58,14,26,0
6859,58,14,26,0
6860,58,14,26,0
6861,58,14,26,0
6862,58,14,26,0
6863,58,14,26,0
6864,58,14,26,0
6865,58,14,26,0
6866,58,14,26,0
6867,58,14,26,0
6868,58,14,26,0
6869,58,14,26,0
6870,58,14,26,0
6871,58,14,26,0
6872,58,14,26,0
6873,58,14,26,0
6874,58,14,26,0
6875,58,14,26,0
6876,58,14,26,0
6877,58,14,26,0
6878,58,14,26,0
6879,58,14,26,0
6880,58,14,26,0
6881,58,14,26,0
6882,58,14,26,0
6883,58,14,26,0
6884,58,14,26,0
6885,58,14,26,0
6886,58,14,26,0
6887,58,14,26,0
6888,58,14,26,0
6889,58,14,26,0
6890,58,14,26,0
6891,58,14,26,0
6892,58,14,26,0
6893,58,14,26,0
6894,58,14,26,0
6895,58,14,26,0
6896,58,14,26,0
6897,58,14,26,0
6898,58,14,26,0
6899,58,14,26,0
6900,58,14,26,0
6901,58,14,26,0
6902,58,14,26,0
6903,58,14,26,0
6904,58,14,26,0
6905,58,14,26,0
6906,58,14,26,0
6907,58,14,26,0
6908,58,14,26,0
6909,58,14,26,0
6910,58,14,26,0
6911,58,14,26,0
6912,58,14,26,0
6913,58,14,26,0
6914,58,14,26,0
6915,58,14,26,0
6916,58,14,26,0
6917,58,14,26,0
6918,58,14,26,0
6919,58,14,26,0
6920,58,14,26,0
6921,58,14,26,0
6922,58,14,26,0
6923,58,14,26,0
6924,58,14,26,0
6925,58,14,26,0
6926,58,14,26,0
6927,58,14,26,0
6928,58,14,26,0
6929,58,14,26,0
6930,58,14,26,0
6931,58,14,26,0
6932,58,14,26,0
6933,58,14,26,0
6934,58,14,26,0
6935,58,14,26,0
6936,58,14,26,0
6937,58,14,26,0
6938,58,14,26,0
6939,58,14,26,0
6940,58,14,26,0
6941,58,14,26,0
6942,58,14,26,0
6943,58,14,26,0
6944,58,14,26,0
6945,58,14,26,0
6946,58,14,26,0
6947,58,14,26,0
6948,58,14,26,0
6949,58,14,26,0
6950,58,14,26,0
6951,58,14,26,0
6952,58,14,26,0
6953,58,14,26,0
6954,58,14,26,0
6955,58,14,26,0
6956,58,14,26,0
6957,58,14,26,0
6958,58,14,26,0
6959,58,14,26,0
6960,58,14,26,0
6961,58,14,26,0
6962,58,14,26,0
6963,58,14,26,0
6964,58,14,26,0
6965,58,14,26,0
6966,58,14,26,0
6967,58,14,26,0
6968,58,14,26,0
6969,58,14,26,0
6970,58,14,26,0
6971,58,14,26,0
6972,58,14,26,0
6973,58,14,26,0
6974,58,14,26,0
6975,58,14,26,0
6976,58,14,26,0
6977,58,14,26,0
6978,58,14,26,0
6979,58,14,26,0
6980,58,14,26,0
6981,58,14,26,0
6982,58,14,26,0
6983,58,14,26,0
6984,58,14,26,0
6985,58,14,26,0
6986,58,14,26,0
6987,58,14,26,0
6988,58,14,26,0
6989,58,14,26,0
6990,58,14,26,0
6991,58,14,26,0
6992,58,14,26,0
6993,58,14,26,0
6994,58,14,26,0
6995,58,14,26,0
6996,58,14,26,0
6997,58,14,26,0
6998,58,14,26,0
6999,58,14,26,0
7000,58,14,26,0
7001,58,14,26,0
7002,58,14,26,0
7003,58,14,26,0
7004,58,14,26,0
7005,58,14,26,0
7006,58,14,26,0
7007,58,14,26,0
7008,58,14,26,0
7009,58,14,26,0
7010,58,14,26,0
7011,58,14,26,0
7012,58,14,26,0
7013,58,14,26,0
7014,58,14,26,0
7015,58,14,26,0
7016,58,14,26,0
7017,58,14,26,0
7018,58,14,26,0
7019,58,14,26,0
7020,58,14,26,0
7021,58,14,26,0
7022,58,14,26,0
7023,58,14,26,0
7024,58,14,26,0
7025,58,14,26,0
7026,58,14,26,0
7027,58,14,26,0
7028,58,14,26,0
7029,58,14,26,0
7030,58,14,26,0
7031,58,14,26,0
7032,58,14,26,0
7033,58,14,26,0
7034,58,14,26,0
7035,58,14,26,0
7036,58,14,26,0
7037,58,14,26,0
7038,58,14,26,0
7039,58,14,26,0
7040,58,14,26,0
7041,58,14,26,0
7042,58,14,26,0
7043,58,14,26,0
7044,58,14,26,0
7045,58,14,26,0
7046,58,14,26,0
7047,58,14,26,0
7048,58,14,26,0
7049,58,14,26,0
7050,58,14,26,0
7051,58,14,26,0
7052,58,14,26,0
7053,58,14,26,0
7054,58,14,26,0
7055,58,14,26,0
7056,58,14,26,0
7057,58,14,26,0
7058,58,14,26,0
7059,58,14,26,0
7060,58,14,26,0
7061,58,14,26,0
7062,58,14,26,0
7063,58,14,26,0
7064,58,14,26,0
7065,58,14,26,0
7066,58,14,26,0
7067,58,14,26,0
7068,58,14,26,0
7069,58,14,26,0
7070,58,14,26,0
7071,58,14,26,0
7072,58,14,26,0
7073,58,14,26,0
7074,58,14,26,0
7075,58,14,26,0
7076,58,14,26,0
7077,58,14,26,0
7078,58,14,26,0
7079,58,14,26,0
7080,58,14,26,0
7081,58,14,26,0
7082,58,14,26,0
7083,58,14,26,0
7084,58,14,26,0
7085,58,14,26,0
7086,58,14,26,0
7087,58,14,26,0
7088,58,14,26,0
7089,58,14,26,0
7090,58,14,26,0
7091,58,14,26,0
7092,58,14,26,0
7093,58,14,26,0
7094,58,14,26,0
7095,58,14,26,0
7096,58,14,26,0
7097,58,14,26,0
7098,58,14,26,0
7099,58,14,26,0
7100,58,14,26,0
7101,58,14,26,0
7102,58,14,26,0
7103,58,14,26,0
7104,58,14,26,0
7105,58,14,26,0
7106,58,14,26,0
7107,58,14,26,0
7108,58,14,26,0
7109,58,14,26,0
7110,58,14,26,0
7111,58,14,26,0
7112,58,14,26,0
7113,58,14,26,0
7114,58,14,26,0
7115,58,14,26,0
7116,58,14,26,0
7117,58,14,26,0
7118,58,14,26,0
7119,58,14,26,0
7120,58,14,26,0
7121,58,14,26,0
7122,58,14,26,0
7123,58,14,26,0
7124,58,14,26,0
7125,58,14,26,0
7126,58,14,26,0
7127,58,14,26,0
7128,58,14,26,0
7129,58,14,26,0
7130,58,14,26,0
7131,58,14,26,0
7132,58,14,26,0
7133,58,14,26,0
7134,58,14,26,0
7135,58,14,26,0
7136,58,14,26,0
7137,58,14,26,0
7138,58,14,26,0
7139,58,14,26,0
7140,58,14,26,0
7141,58,14,26,0
7142,58,14,26,0
7143,58,14,26,0
7144,58,14,26,0
7145,58,14,26,0
7146,58,14,26,0
7147,58,14,26,0
7148,58,14,26,0
7149,58,14,26,0
7150,58,14,26,0
7151,58,14,26,0
7152,58,14,26,0
7153,58,14,26,0
7154,58,14,26,0
7155,58,14,26,0
7156,58,14,26,0
7157,58,14,26,0
7158,58,14,26,0
7159,58,14,26,0
7160,58,14,26,0
7161,58,14,26,0
7162,58,14,26,0
7163,58,14,26,0
7164,58,14,26,0
7165,58,14,26,0
7166,58,14,26,0
7167,58,14,26,0
7168,58,14,26,0
7169,58,14,26,0
7170,58,14,26,0
7171,58,14,26,0
7172,58,14,26,0
7173,58,14,26,0
7174,58,14,26,0
7175,58,14,26,0
7176,58,14,26,0
7177,58,14,26,0
7178,58,14,26,0
7179,58,14,26,0
7180,58,14,26,0
7181,58,14,26,0
7182,58,14,26,0
7183,58,14,26,0
7184,58,14,26,0
7185,58,14,26,0
7186,58,14,26,0
7187,58,14,26,0
7188,58,14,26,0
7189,58,14,26,0
7190,58,14,26,0
7191,58,14,26,0
7192,58,14,26,0
7193,58,14,26,0
7194,58,14,26,0
7195,58,14,26,0
7196,58,14,26,0
7197,58,14,26,0
7198,58,14,26,0
7199,58,14,26,0
7200,58,14,26,0
7201,58,14,26,0
7202,58,14,26,0
7203,58,14,26,0
7204,58,14,26,0
7205,58,14,26,0
7206,58,14,26,0
7207,58,14,26,0
7208,58,14,26,0
7209,58,14,26,0
7210,58,14,26,0
7211,58,14,26,0
7212,58,14,26,0
7213,58,14,26,0
7214,58,14,26,0
7215,58,14,26,0
7216,58,14,26,0
7217,58,14,26,0
7218,58,14,26,0
7219,58,14,26,0
7220,58,14,26,0
7221,58,14,26,0
7222,58,14,26,0
7223,58,14,26,0
7224,58,14,26,0
7225,58,14,26,0
7226,58,14,26,0
7227,58,14,26,0
7228,58,14,26,0
7229,58,14,26,0
7230,58,14,26,0
7231,58,14,26,0
7232,58,14,26,0
7233,58,14,26,0
7234,58,14,26,0
7235,58,14,26,0
7236,58,14,26,0
7237,58,14,26,0
7238,58,14,26,0
7239,58,14,26,0
7240,58,14,26,0
7241,58,14,26,0
7242,58,14,26,0
7243,58,14,26,0
7244,58,14,26,0
7245,58,14,26,0
7246,58,14,26,0
7247,58,14,26,0
7248,58,14,26,0
7249,58,14,26,0
7250,58,14,26,0
7251,58,14,26,0
7252,58,14,26,0
7253,58,14,26,0
7254,58,14,26,0
7255,58,14,26,0
7256,58,14,26,0
7257,58,14,26,0
7258,58,14,26,0
7259,58,14,26,0
7260,58,14,26,0
7261,58,14,26,0
7262,58,14,26,0
7263,58,14,26,0
7264,58,14,26,0
7265,58,14,26,0
7266,58,14,26,0
7267,58,14,26,0
7268,58,14,26,0
7269,58,14,26,0
7270,58,14,26,0
7271,58,14,26,0
7272,58,14,26,0
7273,58,14,26,0
7274,58,14,26,0
7275,58,14,26,0
7276,58,14,26,0
7277,58,14,26,0
7278,58,14,26,0
7279,58,14,26,0
7280,58,14,26,0
7281,58,14,26,0
7282,58,14,26,0
7283,58,14,26,0
7284,58,14,26,0
7285,58,14,26,0
7286,58,14,26,0
7287,58,14,26,0
7288,58,14,26,0
7289,58,14,26,0
7290,58,14,26,0
7291,58,14,26,0
7292,58,14,26,0
7293,58,14,26,0
7294,58,14,26,0
7295,58,14,26,0
7296,58,14,26,0
7297,58,14,26,0
7298,58,14,26,0
7299,58,14,26,0
7300,58,14,26,0
7301,58,14,26,0
7302,58,14,26,0
7303,58,14,26,0
7304,58,14,26,0
7305,58,14,26,0
7306,58,14,26,0
7307,58,14,26,0
7308,58,14,26,0
7309,58,14,26,0
7310,58,14,26,0
7311,58,14,26,0
7312,58,14,26,0
7313,58,14,26,0
7314,58,14,26,0
7315,58,14,26,0
7316,58,14,26,0
7317,58,14,26,0
7318,58,14,26,0
7319,58,14,26,0
7320,58,14,26,0
7321,58,14,26,0
7322,58,14,26,0
7323,58,14,26,0
7324,58,14,26,0
7325,58,14,26,0
7326,58,14,26,0
7327,58,14,26,0
7328,58,14,26,0
7329,58,14,26,0
7330,58,14,26,0
7331,58,14,26,0
7332,58,14,26,0
7333,58,14,26,0
7334,58,14,26,0
7335,58,14,26,0
7336,58,14,26,0
7337,58,14,26,0
7338,58,14,26,0
7339,58,14,26,0
7340,58,14,26,0
7341,58,14,26,0
7342,58,14,26,0
7343,58,14,26,0
7344,58,14,26,0
7345,58,14,26,0
7346,58,14,26,0
7347,58,14,26,0
7348,58,14,26,0
7349,58,14,26,0
7350,58,14,26,0
7351,58,14,26,0
7352,58,14,26,0
7353,58,14,26,0
7354,58,14,26,0
7355,58,14,26,0
7356,58,14,26,0
7357,58,14,26,0
7358,58,14,26,0
7359,58,14,26,0
7360,58,14,26,0
7361,58,14,26,0
7362,58,14,26,0
7363,58,14,26,0
7364,58,14,26,0
7365,58,14,26,0
7366,58,14,26,0
7367,58,14,26,0
7368,58,14,26,0
7369,58,14,26,0
7370,58,14,26,0
7371,58,14,26,0
7372,58,14,26,0
7373,58,14,26,0
7374,58,14,26,0
7375,58,14,26,0
7376,58,14,26,0
7377,58,14,26,0
7378,58,14,26,0
7379,58,14,26,0
7380,58,14,26,0
7381,58,14,26,0
7382,58,14,26,0
7383,58,14,26,0
7384,58,14,26,0
7385,58,14,26,0
7386,58,14,26,0
7387,58,14,26,0
7388,58,14,26,0
7389,58,14,26,0
7390,58,14,26,0
7391,58,14,26,0
7392,58,14,26,0
7393,58,14,26,0
7394,58,14,26,0
7395,58,14,26,0
7396,58,14,26,0
7397,58,14,26,0
7398,58,14,26,0
7399,58,14,26,0
7400,58,14,26,0
7401,58,14,26,0
7402,58,14,26,0
7403,58,14,26,0
7404,58,14,26,0
7405,58,14,26,0
7406,58,14,26,0
7407,58,14,26,0
7408,58,14,26,0
7409,58,14,26,0
7410,58,14,26,0
7411,58,14,26,0
7412,58,14,26,0
7413,58,14,26,0
7414,58,14,26,0
7415,58,14,26,0
7416,58,14,26,0
7417,58,14,26,0
7418,58,14,26,0
7419,58,14,26,0
7420,58,14,26,0
7421,58,14,26,0
7422,58,14,26,0
7423,58,14,26,0
7424,58,14,26,0
7425,58,14,26,0
7426,58,14,26,0
7427,58,14,26,0
7428,58,14,26,0
7429,58,14,26,0
7430,58,14,26,0
7431,58,14,26,0
7432,58,14,26,0
7433,58,14,26,0
7434,58,14,26,0
7435,58,14,26,0
7436,58,14,26,0
7437,58,14,26,0
7438,58,14,26,0
7439,58,14,26,0
7440,58,14,26,0
7441,58,14,26,0
7442,58,14,26,0
7443,58,14,26,0
7444,58,14,26,0
7445,58,14,26,0
7446,58,14,26,0
7447,58,14,26,0
7448,58,14,26,0
7449,58,14,26,0
7450,58,14,26,0
7451,58,14,26,0
7452,58,14,26,0
7453,58,14,26,0
7454,58,14,26,0
7455,58,14,26,0
7456,58,14,26,0
7457,58,14,26,0
7458,58,14,26,0
7459,58,14,26,0
7460,58,14,26,0
7461,58,14,26,0
7462,58,14,26,0
7463,58,14,26,0
7464,58,14,26,0
7465,58,14,26,0
7466,58,14,26,0
7467,58,14,26,0
7468,58,14,26,0
7469,58,14,26,0
7470,58,14,26,0
7471,58,14,26,0
7472,58,14,26,0
7473,58,14,26,0
7474,58,14,26,0
7475,58,14,26,0
7476,58,14,26,0
7477,58,14,26,0
7478,58,14,26,0
7479,58,14,26,0
7480,58,14,26,0
7481,58,14,26,0
7482,58,14,26,0
7483,58,14,26,0
7484,58,14,26,0
7485,58,14,26,0
7486,58,14,26,0
7487,58,14,26,0
7488,58,14,26,0
7489,58,14,26,0
7490,58,14,26,0
7491,58,14,26,0
7492,58,14,26,0
7493,58,14,26,0
7494,58,14,26,0
7495,58,14,26,0
7496,58,14,26,0
7497,58,14,26,0
7498,58,14,26,0
7499,58,14,26,0
7500,58,14,26,0
7501,58,14,26,0
7502,58,14,26,0
7503,58,14,26,0
7504,58,14,26,0
7505,58,14,26,0
7506,58,14,26,0
7507,58,14,26,0
7508,58,14,26,0
7509,58,14,26,0
7510,58,14,26,0
7511,58,14,26,0
7512,58,14,26,0
7513,58,14,26,0
7514,58,14,26,0
7515,58,14,26,0
7516,58,14,26,0
7517,58,14,26,0
7518,58,14,26,0
7519,58,14,26,0
7520,58,14,26,0
7521,58,14,26,0
7522,58,14,26,0
7523,58,14,26,0
7524,58,14,26,0
7525,58,14,26,0
7526,58,14,26,0
7527,58,14,26,0
7528,58,14,26,0
7529,58,14,26,0
7530,58,14,26,0
7531,58,14,26,0
7532,58,14,26,0
7533,58,14,26,0
7534,58,14,26,0
7535,58,14,26,0
7536,58,14,26,0
7537,58,14,26,0
7538,58,14,26,0
7539,58,14,26,0
7540,58,14,26,0
7541,58,14,26,0
7542,58,14,26,0
7543,58,14,26,0
7544,58,14,26,0
7545,58,14,26,0
7546,58,14,26,0
7547,58,14,26,0
7548,58,14,26,0
7549,58,14,26,0
7550,58,14,26,0
7551,58,14,26,0
7552,58,14,26,0
7553,58,14,26,0
7554,58,14,26,0
7555,58,14,26,0
7556,58,14,26,0
7557,58,14,26,0
7558,58,14,26,0
7559,58,14,26,0
7560,58,14,26,0
7561,58,14,26,0
7562,58,14,26,0
7563,58,14,26,0
7564,58,14,26,0
7565,58,14,26,0
7566,58,14,26,0
7567,58,14,26,0
7568,58,14,26,0
7569,58,14,26,0
7570,58,14,26,0
7571,58,14,26,0
7572,58,14,26,0
7573,58,14,26,0
7574,58,14,26,0
7575,58,14,26,0
7576,58,14,26,0
7577,58,14,26,0
7578,58,14,26,0
7579,58,14,26,0
7580,58,14,26,0
7581,58,14,26,0
7582,58,14,26,0
7583,58,14,26,0
7584,58,14,26,0
7585,58,14,26,0
7586,58,14,26,0
7587,58,14,26,0
7588,58,14,26,0
7589,58,14,26,0
7590,58,14,26,0
7591,58,14,26,0
7592,58,14,26,0
7593,58,14,26,0
7594,58,14,26,0
7595,58,14,26,0
7596,58,14,26,0
7597,58,14,26,0
7598,58,14,26,0
7599,58,14,26,0
7600,58,14,26,0
7601,58,14,26,0
7602,58,14,26,0
7603,58,14,26,0
7604,58,14,26,0
7605,58,14,26,0
7606,58,14,26,0
7607,58,14,26,0
7608,58,14,26,0
7609,58,14,26,0
7610,58,14,26,0
7611,58,14,26,0
7612,58,14,26,0
7613,58,14,26,0
7614,58,14,26,0
7615,58,14,26,0
7616,58,14,26,0
7617,58,14,26,0
7618,58,14,26,0
7619,58,14,26,0
7620,58,14,26,0
7621,58,14,26,0
7622,58,14,26,0
7623,58,14,26,0
7624,58,14,26,0
7625,58,14,26,0
7626,58,14,26,0
7627,58,14,26,0
7628,58,14,26,0
7629,58,14,26,0
7630,58,14,26,0
7631,58,14,26,0
7632,58,14,26,0
7633,58,14,26,0
7634,58,14,26,0
7635,58,14,26,0
7636,58,14,26,0
7637,58,14,26,0
7638,58,14,26,0
7639,58,14,26,0
7640,58,14,26,0
7641,58,14,26,0
7642,58,14,26,0
7643,58,14,26,0
7644,58,14,26,0
7645,58,14,26,0
7646,58,14,26,0
7647,58,14,26,0
7648,58,14,26,0
7649,58,14,26,0
7650,58,14,26,0
7651,58,14,26,0
7652,58,14,26,0
7653,58,14,26,0
7654,58,14,26,0
7655,58,14,26,0
7656,58,14,26,0
7657,58,14,26,0
7658,58,14,26,0
7659,58,14,26,0
7660,58,14,26,0
7661,58,14,26,0
7662,58,14,26,0
7663,58,14,26,0
7664,58,14,26,0
7665,58,14,26,0
7666,58,14,26,0
7667,58,14,26,0
7668,58,14,26,0
7669,58,14,26,0
7670,58,14,26,0
7671,58,14,26,0
7672,58,14,26,0
7673,58,14,26,0
7674,58,14,26,0
7675,58,14,26,0
7676,58,14,26,0
7677,58,14,26,0
7678,58,14,26,0
7679,58,14,26,0
7680,58,14,26,0
7681,58,14,26,0
7682,58,14,26,0
7683,58,14,26,0
7684,58,14,26,0
7685,58,14,26,0
7686,58,14,26,0
7687,58,14,26,0
7688,58,14,26,0
7689,58,14,26,0
7690,58,14,26,0
7691,58,14,26,0
7692,58,14,26,0
7693,58,14,26,0
7694,58,14,26,0
7695,58,14,26,0
7696,58,14,26,0
7697,58,14,26,0
7698,58,14,26,0
7699,58,14,26,0
7700,58,14,26,0
7701,58,14,26,0
7702,58,14,26,0
7703,58,14,26,0
7704,58,14,26,0
7705,58,14,26,0
7706,58,14,26,0
7707,58,14,26,0
7708,58,14,26,0
7709,58,14,26,0
7710,58,14,26,0
7711,58,14,26,0
7712,58,14,26,0
7713,58,14,26,0
7714,58,14,26,0
7715,58,14,26,0
7716,58,14,26,0
7717,58,14,26,0
7718,58,14,26,0
7719,58,14,26,0
7720,58,14,26,0
7721,58,14,26,0
7722,58,14,26,0
7723,58,14,26,0
7724,58,14,26,0
7725,58,14,26,0
7726,58,14,26,0
7727,58,14,26,0
7728,58,14,26,0
7729,58,14,26,0
7730,58,14,26,0
7731,58,14,26,0
7732,58,14,26,0
7733,58,14,26,0
7734,58,14,26,0
7735,58,14,26,0
7736,58,14,26,0
7737,58,14,26,0
7738,58,14,26,0
7739,58,14,26,0
7740,58,14,26,0
7741,58,14,26,0
7742,58,14,26,0
7743,58,14,26,0
7744,58,14,26,0
7745,58,14,26,0
7746,58,14,26,0
7747,58,14,26,0
7748,58,14,26,0
7749,58,14,26,0
7750,58,14,26,0
7751,58,14,26,0
7752,58,14,26,0
7753,58,14,26,0
7754,58,14,26,0
7755,58,14,26,0
7756,58,14,26,0
7757,58,14,26,0
7758,58,14,26,0
7759,58,14,26,0
7760,58,14,26,0
7761,58,14,26,0
7762,58,14,26,0
7763,58,14,26,0
7764,58,14,26,0
7765,58,14,26,0
7766,58,14,26,0
7767,58,14,26,0
7768,58,14,26,0
7769,58,14,26,0
7770,58,14,26,0
7771,58,14,26,0
7772,58,14,26,0
7773,58,14,26,0
7774,58,14,26,0
7775,58,14,26,0
7776,58,14,26,0
7777,58,14,26,0
7778,58,14,26,0
7779,58,14,26,0
7780,58,14,26,0
7781,58,14,26,0
7782,58,14,26,0
7783,58,14,26,0
7784,58,14,26,0
7785,58,14,26,0
7786,58,14,26,0
7787,58,14,26,0
7788,58,14,26,0
7789,58,14,26,0
7790,58,14,26,0
7791,58,14,26,0
7792,58,14,26,0
7793,58,14,26,0
7794,58,14,26,0
7795,58,14,26,0
7796,58,14,26,0
7797,58,14,26,0
7798,58,14,26,0
7799,58,14,26,0
7800,58,14,26,0
7801,58,14,26,0
7802,58,14,26,0
7803,58,14,26,0
7804,58,14,26,0
7805,58,14,26,0
7806,58,14,26,0
7807,58,14,26,0
7808,58,14,26,0
7809,58,14,26,0
7810,58,14,26,0
7811,58,14,26,0
7812,58,14,26,0
7813,58,14,26,0
7814,58,14,26,0
7815,58,14,26,0
7816,58,14,26,0
7817,58,14,26,0
7818,58,14,26,0
7819,58,14,26,0
7820,58,14,26,0
7821,58,14,26,0
7822,58,14,26,0
7823,58,14,26,0
7824,58,14,26,0
7825,58,14,26,0
7826,58,14,26,0
7827,58,14,26,0
7828,58,14,26,0
7829,58,14,26,0
7830,58,14,26,0
7831,58,14,26,0
7832,58,14,26,0
7833,58,14,26,0
7834,58,14,26,0
7835,58,14,26,0
7836,58,14,26,0
7837,58,14,26,0
7838,58,14,26,0
7839,58,14,26,0
7840,58,14,26,0
7841,58,14,26,0
7842,58,14,26,0
7843,58,14,26,0
7844,58,14,26,0
7845,58,14,26,0
7846,58,14,26,0
7847,58,14,26,0
7848,58,14,26,0
7849,58,14,26,0
7850,58,14,26,0
7851,58,14,26,0
7852,58,14,26,0
7853,58,14,26,0
7854,58,14,26,0
7855,58,14,26,0
7856,58,14,26,0
7857,58,14,26,0
7858,58,14,26,0
7859,58,14,26,0
7860,58,14,26,0
7861,58,14,26,0
7862,58,14,26,0
7863,58,14,26,0
7864,58,14,26,0
7865,58,14,26,0
7866,58,14,26,0
7867,58,14,26,0
7868,58,14,26,0
7869,58,14,26,0
7870,58,14,26,0
7871,58,14,26,0
7872,58,14,26,0
7873,58,14,26,0
7874,58,14,26,0
7875,58,14,26,0
7876,58,14,26,0
7877,58,14,26,0
7878,58,14,26,0
7879,58,14,26,0
7880,58,14,26,0
7881,58,14,26,0
7882,58,14,26,0
7883,58,14,26,0
7884,58,14,26,0
7885,58,14,26,0
7886,58,14,26,0
7887,58,14,26,0
7888,58,14,26,0
7889,58,14,26,0
7890,58,14,26,0
7891,58,14,26,0
7892,58,14,26,0
7893,58,14,26,0
7894,58,14,26,0
7895,58,14,26,0
7896,58,14,26,0
7897,58,14,26,0
7898,58,14,26,0
7899,58,14,26,0
7900,58,14,26,0
7901,58,14,26,0
7902,58,14,26,0
7903,58,14,26,0
7904,58,14,26,0
7905,58,14,26,0
7906,58,14,26,0
7907,58,14,26,0
7908,58,14,26,0
7909,58,14,26,0
7910,58,14,26,0
7911,58,14,26,0
7912,58,14,26,0
7913,58,14,26,0
7914,58,14,26,0
7915,58,14,26,0
7916,58,14,26,0
7917,58,14,26,0
7918,58,14,26,0
7919,58,14,26,0
7920,58,14,26,0
7921,58,14,26,0
7922,58,14,26,0
7923,58,14,26,0
7924,58,14,26,0
7925,58,14,26,0
7926,58,14,26,0
7927,58,14,26,0
7928,58,14,26,0
7929,58,14,26,0
7930,58,14,26,0
7931,58,14,26,0
7932,58,14,26,0
7933,58,14,26,0
7934,58,14,26,0
7935,58,14,26,0
7936,58,14,26,0
7937,58,14,26,0
7938,58,14,26,0
7939,58,14,26,0
7940,58,14,26,0
7941,58,14,26,0
7942,58,14,26,0
7943,58,14,26,0
7944,58,14,26,0
7945,58,14,26,0
7946,58,14,26,0
7947,58,14,26,0
7948,58,14,26,0
7949,58,14,26,0
7950,58,14,26,0
7951,58,14,26,0
7952,58,14,26,0
7953,58,14,26,0
7954,58,14,26,0
7955,58,14,26,0
7956,58,14,26,0
7957,58,14,26,0
7958,58,14,26,0
7959,58,14,26,0
7960,58,14,26,0
7961,58,14,26,0
7962,58,14,26,0
7963,58,14,26,0
7964,58,14,26,0
7965,58,14,26,0
7966,58,14,26,0
7967,58,14,26,0
7968,58,14,26,0
7969,58,14,26,0
7970,58,14,26,0
7971,58,14,26,0
7972,58,14,26,0
7973,58,14,26,0
7974,58,14,26,0
7975,58,14,26,0
7976,58,14,26,0
7977,58,14,26,0
7978,58,14,26,0
7979,58,14,26,0
7980,58,14,26,0
7981,58,14,26,0
7982,58,14,26,0
7983,58,14,26,0
7984,58,14,26,0
7985,58,14,26,0
7986,58,14,26,0
7987,58,14,26,0
7988,58,14,26,0
7989,58,14,26,0
7990,58,14,26,0
7991,58,14,26,0
7992,58,14,26,0
7993,58,14,26,0
7994,58,14,26,0
7995,58,14,26,0
7996,58,14,26,0
7997,58,14,26,0
7998,58,14,26,0
7999,58,14,26,0
8000,58,14,26,0
8001,58,14,26,0
8002,58,14,26,0
8003,58,14,26,0
8004,58,14,26,0
8005,58,14,26,0
8006,58,14,26,0
8007,58,14,26,0
8008,58,14,26,0
8009,58,14,26,0
8010,58,14,26,0
8011,58,14,26,0
8012,58,14,26,0
8013,58,14,26,0
8014,58,14,26,0
8015,58,14,26,0
8016,58,14,26,0
8017,58,14,26,0
8018,58,14,26,0
8019,58,14,26,0
8020,58,14,26,0
8021,58,14,26,0
8022,58,14,26,0
8023,58,14,26,0
8024,58,14,26,0
8025,58,14,26,0
8026,58,14,26,0
8027,58,14,26,0
8028,58,14,26,0
8029,58,14,26,0
8030,58,14,26,0
8031,58,14,26,0
8032,58,14,26,0
8033,58,14,26,0
8034,58,14,26,0
8035,58,14,26,0
8036,58,14,26,0
8037,58,14,26,0
8038,58,14,26,0
8039,58,14,26,0
8040,58,14,26,0
8041,58,14,26,0
8042,58,14,26,0
8043,58,14,26,0
8044,58,14,26,0
8045,58,14,26,0
8046,58,14,26,0
8047,58,14,26,0
8048,58,14,26,0
8049,58,14,26,0
8050,58,14,26,0
8051,58,14,26,0
8052,58,14,26,0
8053,58,14,26,0
8054,58,14,26,0
8055,58,14,26,0
8056,58,14,26,0
8057,58,14,26,0
8058,58,14,26,0
8059,58,14,26,0
8060,58,14,26,0
8061,58,14,26,0
8062,58,14,26,0
8063,58,14,26,0
8064,58,14,26,0
8065,58,14,26,0
8066,58,14,26,0
8067,58,14,26,0
8068,58,14,26,0
8069,58,14,26,0
8070,58,14,26,0
8071,58,14,26,0
8072,58,14,26,0
8073,58,14,26,0
8074,58,14,26,0
8075,58,14,26,0
8076,58,14,26,0
8077,58,14,26,0
8078,58,14,26,0
8079,58,14,26,0
8080,58,14,26,0
8081,58,14,26,0
8082,58,14,26,0
8083,58,14,26,0
8084,58,14,26,0
8085,58,14,26,0
8086,58,14,26,0
8087,58,14,26,0
8088,58,14,26,0
8089,58,14,26,0
8090,58,14,26,0
8091,58,14,26,0
8092,58,14,26,0
8093,58,14,26,0
8094,58,14,26,0
8095,58,14,26,0
8096,58,14,26,0
8097,58,14,26,0
8098,58,14,26,0
8099,58,14,26,0
8100,58,14,26,0
8101,58,14,26,0
8102,58,14,26,0
8103,58,14,26,0
8104,58,14,26,0
8105,58,14,26,0
8106,58,14,26,0
8107,58,14,26,0
8108,58,14,26,0
8109,58,14,26,0
8110,58,14,26,0
8111,58,14,26,0
8112,58,14,26,0
8113,58,14,26,0
8114,58,14,26,0
8115,58,14,26,0
8116,58,14,26,0
8117,58,14,26,0
8118,58,14,26,0
8119,58,14,26,0
8120,58,14,26,0
8121,58,14,26,0
8122,58,14,26,0
8123,58,14,26,0
8124,58,14,26,0
8125,58,14,26,0
8126,58,14,26,0
8127,58,14,26,0
8128,58,14,26,0
8129,58,14,26,0
8130,58,14,26,0
8131,58,14,26,0
8132,58,14,26,0
8133,58,14,26,0
8134,58,14,26,0
8135,58,14,26,0
8136,58,14,26,0
8137,58,14,26,0
8138,58,14,26,0
8139,58,14,26,0
8140,58,14,26,0
8141,58,14,26,0
8142,58,14,26,0
8143,58,14,26,0
8144,58,14,26,0
8145,58,14,26,0
8146,58,14,26,0
8147,58,14,26,0
8148,58,14,26,0
8149,58,14,26,0
8150,58,14,26,0
8151,58,14,26,0
8152,58,14,26,0
8153,58,14,26,0
8154,58,14,26,0
8155,58,14,26,0
8156,58,14,26,0
8157,58,14,26,0
8158,58,14,26,0
8159,58,14,26,0
8160,58,14,26,0
8161,58,14,26,0
8162,58,14,26,0
8163,58,14,26,0
8164,58,14,26,0
8165,58,14,26,0
8166,58,14,26,0
8167,58,14,26,0
8168,58,14,26,0
8169,58,14,26,0
8170,58,14,26,0
8171,58,14,26,0
8172,58,14,26,0
8173,58,14,26,0
8174,58,14,26,0
8175,58,14,26,0
8176,58,14,26,0
8177,58,14,26,0
8178,58,14,26,0
8179,58,14,26,0
8180,58,14,26,0
8181,58,14,26,0
8182,58,14,26,0
8183,58,14,26,0
8184,58,14,26,0
8185,58,14,26,0
8186,58,14,26,0
8187,58,14,26,0
8188,58,14,26,0
8189,58,14,26,0
8190,58,14,26,0
8191,58,14,26,0
8192,58,14,26,0
8193,58,14,26,0
8194,58,14,26,0
8195,58,14,26,0
8196,58,14,26,0
8197,58,14,26,0
8198,58,14,26,0
8199,58,14,26,0
8200,58,14,26,0
8201,58,14,26,0
8202,58,14,26,0
8203,58,14,26,0
8204,58,14,26,0
8205,58,14,26,0
8206,58,14,26,0
8207,58,14,26,0
8208,58,14,26,0
8209,58,14,26,0
8210,58,14,26,0
8211,58,14,26,0
8212,58,14,26,0
8213,58,14,26,0
8214,58,14,26,0
8215,58,14,26,0
8216,58,14,26,0
8217,58,14,26,0
8218,58,14,26,0
8219,58,14,26,0
8220,58,14,26,0
8221,58,14,26,0
8222,58,14,26,0
8223,58,14,26,0
8224,58,14,26,0
8225,58,14,26,0
8226,58,14,26,0
8227,58,14,26,0
8228,58,14,26,0
8229,58,14,26,0
8230,58,14,26,0
8231,58,14,26,0
8232,58,14,26,0
8233,58,14,26,0
8234,58,14,26,0
8235,58,14,26,0
8236,58,14,26,0
8237,58,14,26,0
8238,58,14,26,0
8239,58,14,26,0
8240,58,14,26,0
8241,58,14,26,0
8242,58,14,26,0
8243,58,14,26,0
8244,58,14,26,0
8245,58,14,26,0
8246,58,14,26,0
8247,58,14,26,0
8248,58,14,26,0
8249,58,14,26,0
8250,58,14,26,0
8251,58,14,26,0
8252,58,14,26,0
8253,58,14,26,0
8254,58,14,26,0
8255,58,14,26,0
8256,58,14,26,0
8257,58,14,26,0
8258,58,14,26,0
8259,58,14,26,0
8260,58,14,26,0
8261,58,14,26,0
8262,58,14,26,0
8263,58,14,26,0
8264,58,14,26,0
8265,58,14,26,0
8266,58,14,26,0
8267,58,14,26,0
8268,58,14,26,0
8269,58,14,26,0
8270,58,14,26,0
8271,58,14,26,0
8272,58,14,26,0
8273,58,14,26,0
8274,58,14,26,0
8275,58,14,26,0
8276,58,14,26,0
8277,58,14,26,0
8278,58,14,26,0
8279,58,14,26,0
8280,58,14,26,0
8281,58,14,26,0
8282,58,14,26,0
8283,58,14,26,0
8284,58,14,26,0
8285,58,14,26,0
8286,58,14,26,0
8287,58,14,26,0
8288,58,14,26,0
8289,58,14,26,0
8290,58,14,26,0
8291,58,14,26,0
8292,58,14,26,0
8293,58,14,26,0
8294,58,14,26,0
8295,58,14,26,0
8296,58,14,26,0
8297,58,14,26,0
8298,58,14,26,0
8299,58,14,26,0
8300,58,14,26,0
8301,58,14,26,0
8302,58,14,26,0
8303,58,14,26,0
8304,58,14,26,0
8305,58,14,26,0
8306,58,14,26,0
8307,58,14,26,0
8308,58,14,26,0
8309,58,14,26,0
8310,58,14,26,0
8311,58,14,26,0
8312,58,14,26,0
8313,58,14,26,0
8314,58,14,26,0
8315,58,14,26,0
8316,58,14,26,0
8317,58,14,26,0
8318,58,14,26,0
8319,58,14,26,0
8320,58,14,26,0
8321,58,14,26,0
8322,58,14,26,0
8323,58,14,26,0
8324,58,14,26,0
8325,58,14,26,0
8326,58,14,26,0
8327,58,14,26,0
8328,58,14,26,0
8329,58,14,26,0
8330,58,14,26,0
8331,58,14,26,0
8332,58,14,26,0
8333,58,14,26,0
8334,58,14,26,0
8335,58,14,26,0
8336,58,14,26,0
8337,58,14,26,0
8338,58,14,26,0
8339,58,14,26,0
8340,58,14,26,0
8341,58,14,26,0
8342,58,14,26,0
8343,58,14,26,0
8344,58,14,26,0
8345,58,14,26,0
8346,58,14,26,0
8347,58,14,26,0
8348,58,14,26,0
8349,58,14,26,0
8350,58,14,26,0
8351,58,14,26,0
8352,58,14,26,0
8353,58,14,26,0
8354,58,14,26,0
8355,58,14,26,0
8356,58,14,26,0
8357,58,14,26,0
8358,58,14,26,0
8359,58,14,26,0
8360,58,14,26,0
8361,58,14,26,0
8362,58,14,26,0
8363,58,14,26,0
8364,58,14,26,0
8365,58,14,26,0
8366,58,14,26,0
8367,58,14,26,0
8368,58,14,26,0
8369,58,14,26,0
8370,58,14,26,0
8371,58,14,26,0
8372,58,14,26,0
8373,58,14,26,0
8374,58,14,26,0
8375,58,14,26,0
8376,58,14,26,0
8377,58,14,26,0
8378,58,14,26,0
8379,58,14,26,0
8380,58,14,26,0
8381,58,14,26,0
8382,58,14,26,0
8383,58,14,26,0
8384,58,14,26,0
8385,58,14,26,0
8386,58,14,26,0
8387,58,14,26,0
8388,58,14,26,0
8389,58,14,26,0
8390,58,14,26,0
8391,58,14,26,0
8392,58,14,26,0
8393,58,14,26,0
8394,58,14,26,0
8395,58,14,26,0
8396,58,14,26,0
8397,58,14,26,0
8398,58,14,26,0
8399,58,14,26,0
8400,58,14,26,0
8401,58,14,26,0
8402,58,14,26,0
8403,58,14,26,0
8404,58,14,26,0
8405,58,14,26,0
8406,58,14,26,0
8407,58,14,26,0
8408,58,14,26,0
8409,58,14,26,0
8410,58,14,26,0
8411,58,14,26,0
8412,58,14,26,0
8413,58,14,26,0
8414,58,14,26,0
8415,58,14,26,0
8416,58,14,26,0
8417,58,14,26,0
8418,58,14,26,0
8419,58,14,26,0
8420,58,14,26,0
8421,58,14,26,0
8422,58,14,26,0
8423,58,14,26,0
8424,58,14,26,0
8425,58,14,26,0
8426,58,14,26,0
8427,58,14,26,0
8428,58,14,26,0
8429,58,14,26,0
8430,58,14,26,0
8431,58,14,26,0
8432,58,14,26,0
8433,58,14,26,0
8434,58,14,26,0
8435,58,14,26,0
8436,58,14,26,0
8437,58,14,26,0
8438,58,14,26,0
8439,58,14,26,0
8440,58,14,26,0
8441,58,14,26,0
8442,58,14,26,0
8443,58,14,26,0
8444,58,14,26,0
8445,58,14,26,0
8446,58,14,26,0
8447,58,14,26,0
8448,58,14,26,0
8449,58,14,26,0
8450,58,14,26,0
8451,58,14,26,0
8452,58,14,26,0
8453,58,14,26,0
8454,58,14,26,0
8455,58,14,26,0
8456,58,14,26,0
8457,58,14,26,0
8458,58,14,26,0
8459,58,14,26,0
8460,58,14,26,0
8461,58,14,26,0
8462,58,14,26,0
8463,58,14,26,0
8464,58,14,26,0
8465,58,14,26,0
8466,58,14,26,0
8467,58,14,26,0
8468,58,14,26,0
8469,58,14,26,0
8470,58,14,26,0
8471,58,14,26,0
8472,58,14,26,0
8473,58,14,26,0
8474,58,14,26,0
8475,58,14,26,0
8476,58,14,26,0
8477,58,14,26,0
8478,58,14,26,0
8479,58,14,26,0
8480,58,14,26,0
8481,58,14,26,0
8482,58,14,26,0
8483,58,14,26,0
8484,58,14,26,0
8485,58,14,26,0
8486,58,14,26,0
8487,58,14,26,0
8488,58,14,26,0
8489,58,14,26,0
8490,58,14,26,0
8491,58,14,26,0
8492,58,14,26,0
8493,58,14,26,0
8494,58,14,26,0
8495,58,14,26,0
8496,58,14,26,0
8497,58,14,26,0
8498,58,14,26,0
8499,58,14,26,0
8500,58,14,26,0
8501,58,14,26,0
8502,58,14,26,0
8503,58,14,26,0
8504,58,14,26,0
8505,58,14,26,0
8506,58,14,26,0
8507,58,14,26,0
8508,58,14,26,0
8509,58,14,26,0
8510,58,14,26,0
8511,58,14,26,0
8512,58,14,26,0
8513,58,14,26,0
8514,58,14,26,0
8515,58,14,26,0
8516,58,14,26,0
8517,58,14,26,0
8518,58,14,26,0
8519,58,14,26,0
8520,58,14,26,0
8521,58,14,26,0
8522,58,14,26,0
8523,58,14,26,0
8524,58,14,26,0
8525,58,14,26,0
8526,58,14,26,0
8527,58,14,26,0
8528,58,14,26,0
8529,58,14,26,0
8530,58,14,26,0
8531,58,14,26,0
8532,58,14,26,0
8533,58,14,26,0
8534,58,14,26,0
8535,58,14,26,0
8536,58,14,26,0
8537,58,14,26,0
8538,58,14,26,0
8539,58,14,26,0
8540,58,14,26,0
8541,58,14,26,0
8542,58,14,26,0
8543,58,14,26,0
8544,58,14,26,0
8545,58,14,26,0
8546,58,14,26,0
8547,58,14,26,0
8548,58,14,26,0
8549,58,14,26,0
8550,58,14,26,0
8551,58,14,26,0
8552,58,14,26,0
8553,58,14,26,0
8554,58,14,26,0
8555,58,14,26,0
8556,58,14,26,0
8557,58,14,26,0
8558,58,14,26,0
8559,58,14,26,0
8560,58,14,26,0
8561,58,14,26,0
8562,58,14,26,0
8563,58,14,26,0
8564,58,14,26,0
8565,58,14,26,0
8566,58,14,26,0
8567,58,14,26,0
8568,58,14,26,0
8569,58,14,26,0
8570,58,14,26,0
8571,58,14,26,0
8572,58,14,26,0
8573,58,14,26,0
8574,58,14,26,0
8575,58,14,26,0
8576,58,14,26,0
8577,58,14,26,0
8578,58,14,26,0
8579,58,14,26,0
8580,58,14,26,0
8581,58,14,26,0
8582,58,14,26,0
8583,58,14,26,0
8584,58,14,26,0
8585,58,14,26,0
8586,58,14,26,0
8587,58,14,26,0
8588,58,14,26,0
8589,58,14,26,0
8590,58,14,26,0
8591,58,14,26,0
8592,58,14,26,0
8593,58,14,26,0
8594,58,14,26,0
8595,58,14,26,0
8596,58,14,26,0
8597,58,14,26,0
8598,58,14,26,0
8599,58,14,26,0
8600,58,14,26,0
8601,58,14,26,0
8602,58,14,26,0
8603,58,14,26,0
8604,58,14,26,0
8605,58,14,26,0
8606,58,14,26,0
8607,58,14,26,0
8608,58,14,26,0
8609,58,14,26,0
8610,58,14,26,0
8611,58,14,26,0
8612,58,14,26,0
8613,58,14,26,0
8614,58,14,26,0
8615,58,14,26,0
8616,58,14,26,0
8617,58,14,26,0
8618,58,14,26,0
8619,58,14,26,0
8620,58,14,26,0
8621,58,14,26,0
8622,58,14,26,0
8623,58,14,26,0
8624,58,14,26,0
8625,58,14,26,0
8626,58,14,26,0
8627,58,14,26,0
8628,58,14,26,0
8629,58,14,26,0
8630,58,14,26,0
8631,58,14,26,0
8632,58,14,26,0
8633,58,14,26,0
8634,58,14,26,0
8635,58,14,26,0
8636,58,14,26,0
8637,58,14,26,0
8638,58,14,26,0
8639,58,14,26,0
8640,58,14,26,0
8641,58,14,26,0
8642,58,14,26,0
8643,58,14,26,0
8644,58,14,26,0
8645,58,14,26,0
8646,58,14,26,0
8647,58,14,26,0
8648,58,14,26,0
8649,58,14,26,0
8650,58,14,26,0
8651,58,14,26,0
8652,58,14,26,0
8653,58,14,26,0
8654,58,14,26,0
8655,58,14,26,0
8656,58,14,26,0
8657,58,14,26,0
8658,58,14,26,0
8659,58,14,26,0
8660,58,14,26,0
8661,58,14,26,0
8662,58,14,26,0
8663,58,14,26,0
8664,58,14,26,0
8665,58,14,26,0
8666,58,14,26,0
8667,58,14,26,0
8668,58,14,26,0
8669,58,14,26,0
8670,58,14,26,0
8671,58,14,26,0
8672,58,14,26,0
8673,58,14,26,0
8674,58,14,26,0
8675,58,14,26,0
8676,58,14,26,0
8677,58,14,26,0
8678,58,14,26,0
8679,58,14,26,0
8680,58,14,26,0
8681,58,14,26,0
8682,58,14,26,0
8683,58,14,26,0
8684,58,14,26,0
8685,58,14,26,0
8686,58,14,26,0
8687,58,14,26,0
8688,58,14,26,0
8689,58,14,26,0
8690,58,14,26,0
8691,58,14,26,0
8692,58,14,26,0
8693,58,14,26,0
8694,58,14,26,0
8695,58,14,26,0
8696,58,14,26,0
8697,58,14,26,0
8698,58,14,26,0
8699,58,14,26,0
8700,58,14,26,0
8701,58,14,26,0
8702,58,14,26,0
8703,58,14,26,0
8704,58,14,26,0
8705,58,14,26,0
8706,58,14,26,0
8707,58,14,26,0
8708,58,14,26,0
8709,58,14,26,0
8710,58,14,26,0
8711,58,14,26,0
8712,58,14,26,0
8713,58,14,26,0
8714,58,14,26,0
8715,58,14,26,0
8716,58,14,26,0
8717,58,14,26,0
8718,58,14,26,0
8719,58,14,26,0
8720,58,14,26,0
8721,58,14,26,0
8722,58,14,26,0
8723,58,14,26,0
8724,58,14,26,0
8725,58,14,26,0
8726,58,14,26,0
8727,58,14,26,0
8728,58,14,26,0
8729,58,14,26,0
8730,58,14,26,0
8731,58,14,26,0
8732,58,14,26,0
8733,58,14,26,0
8734,58,14,26,0
8735,58,14,26,0
8736,58,14,26,0
8737,58,14,26,0
8738,58,14,26,0
8739,58,14,26,0
8740,58,14,26,0
8741,58,14,26,0
8742,58,14,26,0
8743,58,14,26,0
8744,58,14,26,0
8745,58,14,26,0
8746,58,14,26,0
8747,58,14,26,0
8748,58,14,26,0
8749,58,14,26,0
8750,58,14,26,0
8751,58,14,26,0
8752,58,14,26,0
8753,58,14,26,0
8754,58,14,26,0
8755,58,14,26,0
8756,58,14,26,0
8757,58,14,26,0
8758,58,14,26,0
8759,58,14,26,0
8760,58,14,26,0
8761,58,14,26,0
8762,58,14,26,0
8763,58,14,26,0
8764,58,14,26,0
8765,58,14,26,0
8766,58,14,26,0
8767,58,14,26,0
8768,58,14,26,0
8769,58,14,26,0
8770,58,14,26,0
8771,58,14,26,0
8772,58,14,26,0
8773,58,14,26,0
8774,58,14,26,0
8775,58,14,26,0
8776,58,14,26,0
8777,58,14,26,0
8778,58,14,26,0
8779,58,14,26,0
8780,58,14,26,0
8781,58,14,26,0
8782,58,14,26,0
8783,58,14,26,0
8784,58,14,26,0
8785,58,14,26,0
8786,58,14,26,0
8787,58,14,26,0
8788,58,14,26,0
8789,58,14,26,0
8790,58,14,26,0
8791,58,14,26,0
8792,58,14,26,0
8793,58,14,26,0
8794,58,14,26,0
8795,58,14,26,0
8796,58,14,26,0
8797,58,14,26,0
8798,58,14,26,0
8799,58,14,26,0
8800,58,14,26,0
8801,58,14,26,0
8802,58,14,26,0
8803,58,14,26,0
8804,58,14,26,0
8805,58,14,26,0
8806,58,14,26,0
8807,58,14,26,0
8808,58,14,26,0
8809,58,14,26,0
8810,58,14,26,0
8811,58,14,26,0
8812,58,14,26,0
8813,58,14,26,0
8814,58,14,26,0
8815,58,14,26,0
8816,58,14,26,0
8817,58,14,26,0
8818,58,14,26,0
8819,58,14,26,0
8820,58,14,26,0
8821,58,14,26,0
8822,58,14,26,0
8823,58,14,26,0
8824,58,14,26,0
8825,58,14,26,0
8826,58,14,26,0
8827,58,14,26,0
8828,58,14,26,0
8829,58,14,26,0
8830,58,14,26,0
8831,58,14,26,0
8832,58,14,26,0
8833,58,14,26,0
8834,58,14,26,0
8835,58,14,26,0
8836,58,14,26,0
8837,58,14,26,0
8838,58,14,26,0
8839,58,14,26,0
8840,58,14,26,0
8841,58,14,26,0
8842,58,14,26,0
8843,58,14,26,0
8844,58,14,26,0
8845,58,14,26,0
8846,58,14,26,0
8847,58,14,26,0
8848,58,14,26,0
8849,58,14,26,0
8850,58,14,26,0
8851,58,14,26,0
8852,58,14,26,0
8853,58,14,26,0
8854,58,14,26,0
8855,58,14,26,0
8856,58,14,26,0
8857,58,14,26,0
8858,58,14,26,0
8859,58,14,26,0
8860,58,14,26,0
8861,58,14,26,0
8862,58,14,26,0
8863,58,14,26,0
8864,58,14,26,0
8865,58,14,26,0
8866,58,14,26,0
8867,58,14,26,0
8868,58,14,26,0
8869,58,14,26,0
8870,58,14,26,0
8871,58,14,26,0
8872,58,14,26,0
8873,58,14,26,0
8874,58,14,26,0
8875,58,14,26,0
8876,58,14,26,0
8877,58,14,26,0
8878,58,14,26,0
8879,58,14,26,0
8880,58,14,26,0
8881,58,14,26,0
8882,58,14,26,0
8883,58,14,26,0
8884,58,14,26,0
8885,58,14,26,0
8886,58,14,26,0
8887,58,14,26,0
8888,58,14,26,0
8889,58,14,26,0
8890,58,14,26,0
8891,58,14,26,0
8892,58,14,26,0
8893,58,14,26,0
8894,58,14,26,0
8895,58,14,26,0
8896,58,14,26,0
8897,58,14,26,0
8898,58,14,26,0
8899,58,14,26,0
8900,58,14,26,0
8901,58,14,26,0
8902,58,14,26,0
8903,58,14,26,0
8904,58,14,26,0
8905,58,14,26,0
8906,58,14,26,0
8907,58,14,26,0
8908,58,14,26,0
8909,58,14,26,0
8910,58,14,26,0
8911,58,14,26,0
8912,58,14,26,0
8913,58,14,26,0
8914,58,14,26,0
8915,58,14,26,0
8916,58,14,26,0
8917,58,14,26,0
8918,58,14,26,0
8919,58,14,26,0
8920,58,14,26,0
8921,58,14,26,0
8922,58,14,26,0
8923,58,14,26,0
8924,58,14,26,0
8925,58,14,26,0
8926,58,14,26,0
8927,58,14,26,0
8928,58,14,26,0
8929,58,14,26,0
8930,58,14,26,0
8931,58,14,26,0
8932,58,14,26,0
8933,58,14,26,0
8934,58,14,26,0
8935,58,14,26,0
8936,58,14,26,0
8937,58,14,26,0
8938,58,14,26,0
8939,58,14,26,0
8940,58,14,26,0
8941,58,14,26,0
8942,58,14,26,0
8943,58,14,26,0
8944,58,14,26,0
8945,58,14,26,0
8946,58,14,26,0
8947,58,14,26,0
8948,58,14,26,0
8949,58,14,26,0
8950,58,14,26,0
8951,58,14,26,0
8952,58,14,26,0
8953,58,14,26,0
8954,58,14,26,0
8955,58,14,26,0
8956,58,14,26,0
8957,58,14,26,0
8958,58,14,26,0
8959,58,14,26,0
8960,58,14,26,0
8961,58,14,26,0
8962,58,14,26,0
8963,58,14,26,0
8964,58,14,26,0
8965,58,14,26,0
8966,58,14,26,0
8967,58,14,26,0
8968,58,14,26,0
8969,58,14,26,0
8970,58,14,26,0
8971,58,14,26,0
8972,58,14,26,0
8973,58,14,26,0
8974,58,14,26,0
8975,58,14,26,0
8976,58,14,26,0
8977,58,14,26,0
8978,58,14,26,0
8979,58,14,26,0
8980,58,14,26,0
8981,58,14,26,0
8982,58,14,26,0
8983,58,14,26,0
8984,58,14,26,0
8985,58,14,26,0
8986,58,14,26,0
8987,58,14,26,0
8988,58,14,26,0
8989,58,14,26,0
8990,58,14,26,0
8991,58,14,26,0
8992,58,14,26,0
8993,58,14,26,0
8994,58,14,26,0
8995,58,14,26,0
8996,58,14,26,0
8997,58,14,26,0
8998,58,14,26,0
8999,58,14,26,0
9000,58,14,26,0
9001,58,14,26,0
9002,58,14,26,0
9003,58,14,26,0
9004,58,14,26,0
9005,58,14,26,0
9006,58,14,26,0
9007,58,14,26,0
9008,58,14,26,0
9009,58,14,26,0
9010,58,14,26,0
9011,58,14,26,0
9012,58,14,26,0
9013,58,14,26,0
9014,58,14,26,0
9015,58,14,26,0
9016,58,14,26,0
9017,58,14,26,0
9018,58,14,26,0
9019,58,14,26,0
9020,58,14,26,0
9021,58,14,26,0
9022,58,14,26,0
9023,58,14,26,0
9024,58,14,26,0
9025,58,14,26,0
9026,58,14,26,0
9027,58,14,26,0
9028,58,14,26,0
9029,58,14,26,0
9030,58,14,26,0
9031,58,14,26,0
9032,58,14,26,0
9033,58,14,26,0
9034,58,14,26,0
9035,58,14,26,0
9036,58,14,26,0
9037,58,14,26,0
9038,58,14,26,0
9039,58,14,26,0
9040,58,14,26,0
9041,58,14,26,0
9042,58,14,26,0
9043,58,14,26,0
9044,58,14,26,0
9045,58,14,26,0
9046,58,14,26,0
9047,58,14,26,0
9048,58,14,26,0
9049,58,14,26,0
9050,58,14,26,0
9051,58,14,26,0
9052,58,14,26,0
9053,58,14,26,0
9054,58,14,26,0
9055,58,14,26,0
9056,58,14,26,0
9057,58,14,26,0
9058,58,14,26,0
9059,58,14,26,0
9060,58,14,26,0
9061,58,14,26,0
9062,58,14,26,0
9063,58,14,26,0
9064,58,14,26,0
9065,58,14,26,0
9066,58,14,26,0
9067,58,14,26,0
9068,58,14,26,0
9069,58,14,26,0
9070,58,14,26,0
9071,58,14,26,0
9072,58,14,26,0
9073,58,14,26,0
9074,58,14,26,0
9075,58,14,26,0
9076,58,14,26,0
9077,58,14,26,0
9078,58,14,26,0
9079,58,14,26,0
9080,58,14,26,0
9081,58,14,26,0
9082,58,14,26,0
9083,58,14,26,0
9084,58,14,26,0
9085,58,14,26,0
9086,58,14,26,0
9087,58,14,26,0
9088,58,14,26,0
9089,58,14,26,0
9090,58,14,26,0
9091,58,14,26,0
9092,58,14,26,0
9093,58,14,26,0
9094,58,14,26,0
9095,58,14,26,0
9096,58,14,26,0
9097,58,14,26,0
9098,58,14,26,0
9099,58,14,26,0
9100,58,14,26,0
9101,58,14,26,0
9102,58,14,26,0
9103,58,14,26,0
9104,58,14,26,0
9105,58,14,26,0
9106,58,14,26,0
9107,58,14,26,0
9108,58,14,26,0
9109,58,14,26,0
9110,58,14,26,0
9111,58,14,26,0
9112,58,14,26,0
9113,58,14,26,0
9114,58,14,26,0
9115,58,14,26,0
9116,58,14,26,0
9117,58,14,26,0
9118,58,14,26,0
9119,58,14,26,0
9120,58,14,26,0
9121,58,14,26,0
9122,58,14,26,0
9123,58,14,26,0
9124,58,14,26,0
9125,58,14,26,0
9126,58,14,26,0
9127,58,14,26,0
9128,58,14,26,0
9129,58,14,26,0
9130,58,14,26,0
9131,58,14,26,0
9132,58,14,26,0
9133,58,14,26,0
9134,58,14,26,0
9135,58,14,26,0
9136,58,14,26,0
9137,58,14,26,0
9138,58,14,26,0
9139,58,14,26,0
9140,58,14,26,0
9141,58,14,26,0
9142,58,14,26,0
9143,58,14,26,0
9144,58,14,26,0
9145,58,14,26,0
9146,58,14,26,0
9147,58,14,26,0
9148,58,14,26,0
9149,58,14,26,0
9150,58,14,26,0
9151,58,14,26,0
9152,58,14,26,0
9153,58,14,26,0
9154,58,14,26,0
9155,58,14,26,0
9156,58,14,26,0
9157,58,14,26,0
9158,58,14,26,0
9159,58,14,26,0
9160,58,14,26,0
9161,58,14,26,0
9162,58,14,26,0
9163,58,14,26,0
9164,58,14,26,0
9165,58,14,26,0
9166,58,14,26,0
9167,58,14,26,0
9168,58,14,26,0
9169,58,14,26,0
9170,58,14,26,0
9171,58,14,26,0
9172,58,14,26,0
9173,58,14,26,0
9174,58,14,26,0
9175,58,14,26,0
9176,58,14,26,0
9177,58,14,26,0
9178,58,14,26,0
9179,58,14,26,0
9180,58,14,26,0
9181,58,14,26,0
9182,58,14,26,0
9183,58,14,26,0
9184,58,14,26,0
9185,58,14,26,0
9186,58,14,26,0
9187,58,14,26,0
9188,58,14,26,0
9189,58,14,26,0
9190,58,14,26,0
9191,58,14,26,0
9192,58,14,26,0
9193,58,14,26,0
9194,58,14,26,0
9195,58,14,26,0
9196,58,14,26,0
9197,58,14,26,0
9198,58,14,26,0
9199,58,14,26,0
9200,58,14,26,0
9201,58,14,26,0
9202,58,14,26,0
9203,58,14,26,0
9204,58,14,26,0
9205,58,14,26,0
9206,58,14,26,0
9207,58,14,26,0
9208,58,14,26,0
9209,58,14,26,0
9210,58,14,26,0
9211,58,14,26,0
9212,58,14,26,0
9213,58,14,26,0
9214,58,14,26,0
9215,58,14,26,0
9216,58,14,26,0
9217,58,14,26,0
9218,58,14,26,0
9219,58,14,26,0
9220,58,14,26,0
9221,58,14,26,0
9222,58,14,26,0
9223,58,14,26,0
9224,58,14,26,0
9225,58,14,26,0
9226,58,14,26,0
9227,58,14,26,0
9228,58,14,26,0
9229,58,14,26,0
9230,58,14,26,0
9231,58,14,26,0
9232,58,14,26,0
9233,58,14,26,0
9234,58,14,26,0
9235,58,14,26,0
9236,58,14,26,0
9237,58,14,26,0
9238,58,14,26,0
9239,58,14,26,0
9240,58,14,26,0
9241,58,14,26,0
9242,58,14,26,0
9243,58,14,26,0
9244,58,14,26,0
9245,58,14,26,0
9246,58,14,26,0
9247,58,14,26,0
9248,58,14,26,0
9249,58,14,26,0
9250,58,14,26,0
9251,58,14,26,0
9252,58,14,26,0
9253,58,14,26,0
9254,58,14,26,0
9255,58,14,26,0
9256,58,14,26,0
9257,58,14,26,0
9258,58,14,26,0
9259,58,14,26,0
9260,58,14,26,0
9261,58,14,26,0
9262,58,14,26,0
9263,58,14,26,0
9264,58,14,26,0
9265,58,14,26,0
9266,58,14,26,0
9267,58,14,26,0
9268,58,14,26,0
9269,58,14,26,0
9270,58,14,26,0
9271,58,14,26,0
9272,58,14,26,0
9273,58,14,26,0
9274,58,14,26,0
9275,58,14,26,0
9276,58,14,26,0
9277,58,14,26,0
9278,58,14,26,0
9279,58,14,26,0
9280,58,14,26,0
9281,58,14,26,0
9282,58,14,26,0
9283,58,14,26,0
9284,58,14,26,0
9285,58,14,26,0
9286,58,14,26,0
9287,58,14,26,0
9288,58,14,26,0
9289,58,14,26,0
9290,58,14,26,0
9291,58,14,26,0
9292,58,14,26,0
9293,58,14,26,0
9294,58,14,26,0
9295,58,14,26,0
9296,58,14,26,0
9297,58,14,26,0
9298,58,14,26,0
9299,58,14,26,0
9300,58,14,26,0
9301,58,14,26,0
9302,58,14,26,0
9303,58,14,26,0
9304,58,14,26,0
9305,58,14,26,0
9306,58,14,26,0
9307,58,14,26,0
9308,58,14,26,0
9309,58,14,26,0
9310,58,14,26,0
9311,58,14,26,0
9312,58,14,26,0
9313,58,14,26,0
9314,58,14,26,0
9315,58,14,26,0
9316,58,14,26,0
9317,58,14,26,0
9318,58,14,26,0
9319,58,14,26,0
9320,58,14,26,0
9321,58,14,26,0
9322,58,14,26,0
9323,58,14,26,0
9324,58,14,26,0
9325,58,14,26,0
9326,58,14,26,0
9327,58,14,26,0
9328,58,14,26,0
9329,58,14,26,0
9330,58,14,26,0
9331,58,14,26,0
9332,58,14,26,0
9333,58,14,26,0
9334,58,14,26,0
9335,58,14,26,0
9336,58,14,26,0
9337,58,14,26,0
9338,58,14,26,0
9339,58,14,26,0
9340,58,14,26,0
9341,58,14,26,0
9342,58,14,26,0
9343,58,14,26,0
9344,58,14,26,0
9345,58,14,26,0
9346,58,14,26,0
9347,58,14,26,0
9348,58,14,26,0
9349,58,14,26,0
9350,58,14,26,0
9351,58,14,26,0
9352,58,14,26,0
9353,58,14,26,0
9354,58,14,26,0
9355,58,14,26,0
9356,58,14,26,0
9357,58,14,26,0
9358,58,14,26,0
9359,58,14,26,0
9360,58,14,26,0
9361,58,14,26,0
9362,58,14,26,0
9363,58,14,26,0
9364,58,14,26,0
9365,58,14,26,0
9366,58,14,26,0
9367,58,14,26,0
9368,58,14,26,0
9369,58,14,26,0
9370,58,14,26,0
9371,58,14,26,0
9372,58,14,26,0
9373,58,14,26,0
9374,58,14,26,0
9375,58,14,26,0
9376,58,14,26,0
9377,58,14,26,0
9378,58,14,26,0
9379,58,14,26,0
9380,58,14,26,0
9381,58,14,26,0
9382,58,14,26,0
9383,58,14,26,0
9384,58,14,26,0
9385,58,14,26,0
9386,58,14,26,0
9387,58,14,26,0
9388,58,14,26,0
9389,58,14,26,0
9390,58,14,26,0
9391,58,14,26,0
9392,58,14,26,0
9393,58,14,26,0
9394,58,14,26,0
9395,58,14,26,0
9396,58,14,26,0
9397,58,14,26,0
9398,58,14,26,0
9399,58,14,26,0
9400,58,14,26,0
9401,58,14,26,0
9402,58,14,26,0
9403,58,14,26,0
9404,58,14,26,0
9405,58,14,26,0
9406,58,14,26,0
9407,58,14,26,0
9408,58,14,26,0
9409,58,14,26,0
9410,58,14,26,0
9411,58,14,26,0
9412,58,14,26,0
9413,58,14,26,0
9414,58,14,26,0
9415,58,14,26,0
9416,58,14,26,0
9417,58,14,26,0
9418,58,14,26,0
9419,58,14,26,0
9420,58,14,26,0
9421,58,14,26,0
9422,58,14,26,0
9423,58,14,26,0
9424,58,14,26,0
9425,58,14,26,0
9426,58,14,26,0
9427,58,14,26,0
9428,58,14,26,0
9429,58,14,26,0
9430,58,14,26,0
9431,58,14,26,0
9432,58,14,26,0
9433,58,14,26,0
9434,58,14,26,0
9435,58,14,26,0
9436,58,14,26,0
9437,58,14,26,0
9438,58,14,26,0
9439,58,14,26,0
9440,58,14,26,0
9441,58,14,26,0
9442,58,14,26,0
9443,58,14,26,0
9444,58,14,26,0
9445,58,14,26,0
9446,58,14,26,0
9447,58,14,26,0
9448,58,14,26,0
9449,58,14,26,0
9450,58,14,26,0
9451,58,14,26,0
9452,58,14,26,0
9453,58,14,26,0
9454,58,14,26,0
9455,58,14,26,0
9456,58,14,26,0
9457,58,14,26,0
9458,58,14,26,0
9459,58,14,26,0
9460,58,14,26,0
9461,58,14,26,0
9462,58,14,26,0
9463,58,14,26,0
9464,58,14,26,0
9465,58,14,26,0
9466,58,14,26,0
9467,58,14,26,0
9468,58,14,26,0
9469,58,14,26,0
9470,58,14,26,0
9471,58,14,26,0
9472,58,14,26,0
9473,58,14,26,0
9474,58,14,26,0
9475,58,14,26,0
9476,58,14,26,0
9477,58,14,26,0
9478,58,14,26,0
9479,58,14,26,0
9480,58,14,26,0
9481,58,14,26,0
9482,58,14,26,0
9483,58,14,26,0
9484,58,14,26,0
9485,58,14,26,0
9486,58,14,26,0
9487,58,14,26,0
9488,58,14,26,0
9489,58,14,26,0
9490,58,14,26,0
9491,58,14,26,0
9492,58,14,26,0
9493,58,14,26,0
9494,58,14,26,0
9495,58,14,26,0
9496,58,14,26,0
9497,58,14,26,0
9498,58,14,26,0
9499,58,14,26,0
9500,58,14,26,0
9501,58,14,26,0
9502,58,14,26,0
9503,58,14,26,0
9504,58,14,26,0
9505,58,14,26,0
9506,58,14,26,0
9507,58,14,26,0
9508,58,14,26,0
9509,58,14,26,0
9510,58,14,26,0
9511,58,14,26,0
9512,58,14,26,0
9513,58,14,26,0
9514,58,14,26,0
9515,58,14,26,0
9516,58,14,26,0
9517,58,14,26,0
9518,58,14,26,0
9519,58,14,26,0
9520,58,14,26,0
9521,58,14,26,0
9522,58,14,26,0
9523,58,14,26,0
9524,58,14,26,0
9525,58,14,26,0
9526,58,14,26,0
9527,58,14,26,0
9528,58,14,26,0
9529,58,14,26,0
9530,58,14,26,0
9531,58,14,26,0
9532,58,14,26,0
9533,58,14,26,0
9534,58,14,26,0
9535,58,14,26,0
9536,58,14,26,0
9537,58,14,26,0
9538,58,14,26,0
9539,58,14,26,0
9540,58,14,26,0
9541,58,14,26,0
9542,58,14,26,0
9543,58,14,26,0
9544,58,14,26,0
9545,58,14,26,0
9546,58,14,26,0
9547,58,14,26,0
9548,58,14,26,0
9549,58,14,26,0
9550,58,14,26,0
9551,58,14,26,0
9552,58,14,26,0
9553,58,14,26,0
9554,58,14,26,0
9555,58,14,26,0
9556,58,14,26,0
9557,58,14,26,0
9558,58,14,26,0
9559,58,14,26,0
9560,58,14,26,0
9561,58,14,26,0
9562,58,14,26,0
9563,58,14,26,0
9564,58,14,26,0
9565,58,14,26,0
9566,58,14,26,0
9567,58,14,26,0
9568,58,14,26,0
9569,58,14,26,0
9570,58,14,26,0
9571,58,14,26,0
9572,58,14,26,0
9573,58,14,26,0
9574,58,14,26,0
9575,58,14,26,0
9576,58,14,26,0
9577,58,14,26,0
9578,58,14,26,0
9579,58,14,26,0
9580,58,14,26,0
9581,58,14,26,0
9582,58,14,26,0
9583,58,14,26,0
9584,58,14,26,0
9585,58,14,26,0
9586,58,14,26,0
9587,58,14,26,0
9588,58,14,26,0
9589,58,14,26,0
9590,58,14,26,0
9591,58,14,26,0
9592,58,14,26,0
9593,58,14,26,0
9594,58,14,26,0
9595,58,14,26,0
9596,58,14,26,0
9597,58,14,26,0
9598,58,14,26,0
9599,58,14,26,0
9600,58,14,26,0
9601,58,14,26,0
9602,58,14,26,0
9603,58,14,26,0
9604,58,14,26,0
9605,58,14,26,0
9606,58,14,26,0
9607,58,14,26,0
9608,58,14,26,0
9609,58,14,26,0
9610,58,14,26,0
9611,58,14,26,0
9612,58,14,26,0
9613,58,14,26,0
9614,58,14,26,0
9615,58,14,26,0
9616,58,14,26,0
9617,58,14,26,0
9618,58,14,26,0
9619,58,14,26,0
9620,58,14,26,0
9621,58,14,26,0
9622,58,14,26,0
9623,58,14,26,0
9624,58,14,26,0
9625,58,14,26,0
9626,58,14,26,0
9627,58,14,26,0
9628,58,14,26,0
9629,58,14,26,0
9630,58,14,26,0
9631,58,14,26,0
9632,58,14,26,0
9633,58,14,26,0
9634,58,14,26,0
9635,58,14,26,0
9636,58,14,26,0
9637,58,14,26,0
9638,58,14,26,0
9639,58,14,26,0
9640,58,14,26,0
9641,58,14,26,0
9642,58,14,26,0
9643,58,14,26,0
9644,58,14,26,0
9645,58,14,26,0
9646,58,14,26,0
9647,58,14,26,0
9648,58,14,26,0
9649,58,14,26,0
9650,58,14,26,0
9651,58,14,26,0
9652,58,14,26,0
9653,58,14,26,0
9654,58,14,26,0
9655,58,14,26,0
9656,58,14,26,0
9657,58,14,26,0
9658,58,14,26,0
9659,58,14,26,0
9660,58,14,26,0
9661,58,14,26,0
9662,58,14,26,0
9663,58,14,26,0
9664,58,14,26,0
9665,58,14,26,0
9666,58,14,26,0
9667,58,14,26,0
9668,58,14,26,0
9669,58,14,26,0
9670,58,14,26,0
9671,58,14,26,0
9672,58,14,26,0
9673,58,14,26,0
9674,58,14,26,0
9675,58,14,26,0
9676,58,14,26,0
9677,58,14,26,0
9678,58,14,26,0
9679,58,14,26,0
9680,58,14,26,0
9681,58,14,26,0
9682,58,14,26,0
9683,58,14,26,0
9684,58,14,26,0
9685,58,14,26,0
9686,58,14,26,0
9687,58,14,26,0
9688,58,14,26,0
9689,58,14,26,0
9690,58,14,26,0
9691,58,14,26,0
9692,58,14,26,0
9693,58,14,26,0
9694,58,14,26,0
9695,58,14,26,0
9696,58,14,26,0
9697,58,14,26,0
9698,58,14,26,0
9699,58,14,26,0
9700,58,14,26,0
9701,58,14,26,0
9702,58,14,26,0
9703,58,14,26,0
9704,58,14,26,0
9705,58,14,26,0
9706,58,14,26,0
9707,58,14,26,0
9708,58,14,26,0
9709,58,14,26,0
9710,58,14,26,0
9711,58,14,26,0
9712,58,14,26,0
9713,58,14,26,0
9714,58,14,26,0
9715,58,14,26,0
9716,58,14,26,0
9717,58,14,26,0
9718,58,14,26,0
9719,58,14,26,0
9720,58,14,26,0
9721,58,14,26,0
9722,58,14,26,0
9723,58,14,26,0
9724,58,14,26,0
9725,58,14,26,0
9726,58,14,26,0
9727,58,14,26,0
9728,58,14,26,0
9729,58,14,26,0
9730,58,14,26,0
9731,58,14,26,0
9732,58,14,26,0
9733,58,14,26,0
9734,58,14,26,0
9735,58,14,26,0
9736,58,14,26,0
9737,58,14,26,0
9738,58,14,26,0
9739,58,14,26,0
9740,58,14,26,0
9741,58,14,26,0
9742,58,14,26,0
9743,58,14,26,0
9744,58,14,26,0
9745,58,14,26,0
9746,58,14,26,0
9747,58,14,26,0
9748,58,14,26,0
9749,58,14,26,0
9750,58,14,26,0
9751,58,14,26,0
9752,58,14,26,0
9753,58,14,26,0
9754,58,14,26,0
9755,58,14,26,0
9756,58,14,26,0
9757,58,14,26,0
9758,58,14,26,0
9759,58,14,26,0
9760,58,14,26,0
9761,58,14,26,0
9762,58,14,26,0
9763,58,14,26,0
9764,58,14,26,0
9765,58,14,26,0
9766,58,14,26,0
9767,58,14,26,0
9768,58,14,26,0
9769,58,14,26,0
9770,58,14,26,0
9771,58,14,26,0
9772,58,14,26,0
9773,58,14,26,0
9774,58,14,26,0
9775,58,14,26,0
9776,58,14,26,0
9777,58,14,26,0
9778,58,14,26,0
9779,58,14,26,0
9780,58,14,26,0
9781,58,14,26,0
9782,58,14,26,0
9783,58,14,26,0
9784,58,14,26,0
9785,58,14,26,0
9786,58,14,26,0
9787,58,14,26,0
9788,58,14,26,0
9789,58,14,26,0
9790,58,14,26,0
9791,58,14,26,0
9792,58,14,26,0
9793,58,14,26,0
9794,58,14,26,0
9795,58,14,26,0
9796,58,14,26,0
9797,58,14,26,0
9798,58,14,26,0
9799,58,14,26,0
9800,58,14,26,0
9801,58,14,26,0
9802,58,14,26,0
9803,58,14,26,0
9804,58,14,26,0
9805,58,14,26,0
9806,58,14,26,0
9807,58,14,26,0
9808,58,14,26,0
9809,58,14,26,0
9810,58,14,26,0
9811,58,14,26,0
9812,58,14,26,0
9813,58,14,26,0
9814,58,14,26,0
9815,58,14,26,0
9816,58,14,26,0
9817,58,14,26,0
9818,58,14,26,0
9819,58,14,26,0
9820,58,14,26,0
9821,58,14,26,0
9822,58,14,26,0
9823,58,14,26,0
9824,58,14,26,0
9825,58,14,26,0
9826,58,14,26,0
9827,58,14,26,0
9828,58,14,26,0
9829,58,14,26,0
9830,58,14,26,0
9831,58,14,26,0
9832,58,14,26,0
9833,58,14,26,0
9834,58,14,26,0
9835,58,14,26,0
9836,58,14,26,0
9837,58,14,26,0
9838,58,14,26,0
9839,58,14,26,0
9840,58,14,26,0
9841,58,14,26,0
9842,58,14,26,0
9843,58,14,26,0
9844,58,14,26,0
9845,58,14,26,0
9846,58,14,26,0
9847,58,14,26,0
9848,58,14,26,0
9849,58,14,26,0
9850,58,14,26,0
9851,58,14,26,0
9852,58,14,26,0
9853,58,14,26,0
9854,58,14,26,0
9855,58,14,26,0
9856,58,14,26,0
9857,58,14,26,0
9858,58,14,26,0
9859,58,14,26,0
9860,58,14,26,0
9861,58,14,26,0
9862,58,14,26,0
9863,58,14,26,0
9864,58,14,26,0
9865,58,14,26,0
9866,58,14,26,0
9867,58,14,26,0
9868,58,14,26,0
9869,58,14,26,0
9870,58,14,26,0
9871,58,14,26,0
9872,58,14,26,0
9873,58,14,26,0
9874,58,14,26,0
9875,58,14,26,0
9876,58,14,26,0
9877,58,14,26,0
9878,58,14,26,0
9879,58,14,26,0
9880,58,14,26,0
9881,58,14,26,0
9882,58,14,26,0
9883,58,14,26,0
9884,58,14,26,0
9885,58,14,26,0
9886,58,14,26,0
9887,58,14,26,0
9888,58,14,26,0
9889,58,14,26,0
9890,58,14,26,0
9891,58,14,26,0
9892,58,14,26,0
9893,58,14,26,0
9894,58,14,26,0
9895,58,14,26,0
9896,58,14,26,0
9897,58,14,26,0
9898,58,14,26,0
9899,58,14,26,0
9900,58,14,26,0
9901,58,14,26,0
9902,58,14,26,0
9903,58,14,26,0
9904,58,14,26,0
9905,58,14,26,0
9906,58,14,26,0
9907,58,14,26,0
9908,58,14,26,0
9909,58,14,26,0
9910,58,14,26,0
9911,58,14,26,0
9912,58,14,26,0
9913,58,14,26,0
9914,58,14,26,0
9915,58,14,26,0
9916,58,14,26,0
9917,58,14,26,0
9918,58,14,26,0
9919,58,14,26,0
9920,58,14,26,0
9921,58,14,26,0
9922,58,14,26,0
9923,58,14,26,0
9924,58,14,26,0
9925,58,14,26,0
9926,58,14,26,0
9927,58,14,26,0
9928,58,14,26,0
9929,58,14,26,0
9930,58,14,26,0
9931,58,14,26,0
9932,58,14,26,0
9933,58,14,26,0
9934,58,14,26,0
9935,58,14,26,0
9936,58,14,26,0
9937,58,14,26,0
9938,58,14,26,0
9939,58,14,26,0
9940,58,14,26,0
9941,58,14,26,0
9942,58,14,26,0
9943,58,14,26,0
9944,58,14,26,0
9945,58,14,26,0
9946,58,14,26,0
9947,58,14,26,0
9948,58,14,26,0
9949,58,14,26,0
9950,58,14,26,0
9951,58,14,26,0
9952,58,14,26,0
9953,58,14,26,0
9954,58,14,26,0
9955,58,14,26,0
9956,58,14,26,0
9957,58,14,26,0
9958,58,14,26,0
9959,58,14,26,0
9960,58,14,26,0
9961,58,14,26,0
9962,58,14,26,0
9963,58,14,26,0
9964,58,14,26,0
9965,58,14,26,0
9966,58,14,26,0
9967,58,14,26,0
9968,58,14,26,0
9969,58,14,26,0
9970,58,14,26,0
9971,58,14,26,0
9972,58,14,26,0
9973,58,14,26,0
9974,58,14,26,0
9975,58,14,26,0
9976,58,14,26,0
9977,58,14,26,0
9978,58,14,26,0
9979,58,14,26,0
9980,58,14,26,0
9981,58,14,26,0
9982,58,14,26,0
9983,58,14,26,0
9984,58,14,26,0
9985,58,14,26,0
9986,58,14,26,0
9987,58,14,26,0
9988,58,14,26,0
9989,58,14,26,0
9990,58,14,26,0
9991,58,14,26,0
9992,58,14,26,0
9993,58,14,26,0
9994,58,14,26,0
9995,58,14,26,0
9996,58,14,26,0
9997,58,14,26,0
9998,58,14,26,0
9999,58,14,26,0
10000,58,14,26,0
10001,58,14,26,0
10002,58,14,26,0
10003,58,14,26,0
10004,58,14,26,0
10005,58,14,26,0
10006,58,14,26,0
10007,58,14,26,0
10008,58,14,26,0
10009,58,14,26,0
10010,58,14,26,0
10011,58,14,26,0
10012,58,14,26,0
10013,58,14,26,0
10014,58,14,26,0
10015,58,14,26,0
10016,58,14,26,0
10017,58,14,26,0
10018,58,14,26,0
10019,58,14,26,0
10020,58,14,26,0
10021,58,14,26,0
10022,58,14,26,0
10023,58,14,26,0
10024,58,14,26,0
10025,58,14,26,0
10026,58,14,26,0
10027,58,14,26,0
10028,58,14,26,0
10029,58,14,26,0
10030,58,14,26,0
10031,58,14,26,0
10032,58,14,26,0
10033,58,14,26,0
10034,58,14,26,0
10035,58,14,26,0
10036,58,14,26,0
10037,58,14,26,0
10038,58,14,26,0
10039,58,14,26,0
10040,58,14,26,0
10041,58,14,26,0
10042,58,14,26,0
10043,58,14,26,0
10044,58,14,26,0
10045,58,14,26,0
10046,58,14,26,0
10047,58,14,26,0
10048,58,14,26,0
10049,58,14,26,0
10050,58,14,26,0
10051,58,14,26,0
10052,58,14,26,0
10053,58,14,26,0
10054,58,14,26,0
10055,58,14,26,0
10056,58,14,26,0
10057,58,14,26,0
10058,58,14,26,0
10059,58,14,26,0
10060,58,14,26,0
10061,58,14,26,0
10062,58,14,26,0
10063,58,14,26,0
10064,58,14,26,0
10065,58,14,26,0
10066,58,14,26,0
10067,58,14,26,0
10068,58,14,26,0
10069,58,14,26,0
10070,58,14,26,0
10071,58,14,26,0
10072,58,14,26,0
10073,58,14,26,0
10074,58,14,26,0
10075,58,14,26,0
10076,58,14,26,0
10077,58,14,26,0
10078,58,14,26,0
10079,58,14,26,0
10080,58,14,26,0
10081,58,14,26,0
10082,58,14,26,0
10083,58,14,26,0
10084,58,14,26,0
10085,58,14,26,0
10086,58,14,26,0
10087,58,14,26,0
10088,58,14,26,0
10089,58,14,26,0
10090,58,14,26,0
10091,58,14,26,0
10092,58,14,26,0
10093,58,14,26,0
10094,58,14,26,0
10095,58,14,26,0
10096,58,14,26,0
10097,58,14,26,0
10098,58,14,26,0
10099,58,14,26,0
10100,58,14,26,0
10101,58,14,26,0
10102,58,14,26,0
10103,58,14,26,0
10104,58,14,26,0
10105,58,14,26,0
10106,58,14,26,0
10107,58,14,26,0
10108,58,14,26,0
10109,58,14,26,0
10110,58,14,26,0
10111,58,14,26,0
10112,58,14,26,0
10113,58,14,26,0
10114,58,14,26,0
10115,58,14,26,0
10116,58,14,26,0
10117,58,14,26,0
10118,58,14,26,0
10119,58,14,26,0
10120,58,14,26,0
10121,58,14,26,0
10122,58,14,26,0
10123,58,14,26,0
10124,58,14,26,0
10125,58,14,26,0
10126,58,14,26,0
10127,58,14,26,0
10128,58,14,26,0
10129,58,14,26,0
10130,58,14,26,0
10131,58,14,26,0
10132,58,14,26,0
10133,58,14,26,0
10134,58,14,26,0
10135,58,14,26,0
10136,58,14,26,0
10137,58,14,26,0
10138,58,14,26,0
10139,58,14,26,0
10140,58,14,26,0
10141,58,14,26,0
10142,58,14,26,0
10143,58,14,26,0
10144,58,14,26,0
10145,58,14,26,0
10146,58,14,26,0
10147,58,14,26,0
10148,58,14,26,0
10149,58,14,26,0
10150,58,14,26,0
10151,58,14,26,0
10152,58,14,26,0
10153,58,14,26,0
10154,58,14,26,0
10155,58,14,26,0
10156,58,14,26,0
10157,58,14,26,0
10158,58,14,26,0
10159,58,14,26,0
10160,58,14,26,0
10161,58,14,26,0
10162,58,14,26,0
10163,58,14,26,0
10164,58,14,26,0
10165,58,14,26,0
10166,58,14,26,0
10167,58,14,26,0
10168,58,14,26,0
10169,58,14,26,0
10170,58,14,26,0
10171,58,14,26,0
10172,58,14,26,0
10173,58,14,26,0
10174,58,14,26,0
10175,58,14,26,0
10176,58,14,26,0
10177,58,14,26,0
10178,58,14,26,0
10179,58,14,26,0
10180,58,14,26,0
10181,58,14,26,0
10182,58,14,26,0
10183,58,14,26,0
10184,58,14,26,0
10185,58,14,26,0
10186,58,14,26,0
10187,58,14,26,0
10188,58,14,26,0
10189,58,14,26,0
10190,58,14,26,0
10191,58,14,26,0
10192,58,14,26,0
10193,58,14,26,0
10194,58,14,26,0
10195,58,14,26,0
10196,58,14,26,0
10197,58,14,26,0
10198,58,14,26,0
10199,58,14,26,0
10200,58,14,26,0
10201,58,14,26,0
10202,58,14,26,0
10203,58,14,26,0
10204,58,14,26,0
10205,58,14,26,0
10206,58,14,26,0
10207,58,14,26,0
10208,58,14,26,0
10209,58,14,26,0
10210,58,14,26,0
10211,58,14,26,0
10212,58,14,26,0
10213,58,14,26,0
10214,58,14,26,0
10215,58,14,26,0
10216,58,14,26,0
10217,58,14,26,0
10218,58,14,26,0
10219,58,14,26,0
10220,58,14,26,0
10221,58,14,26,0
10222,58,14,26,0
10223,58,14,26,0
10224,58,14,26,0
10225,58,14,26,0
10226,58,14,26,0
10227,58,14,26,0
10228,58,14,26,0
10229,58,14,26,0
10230,58,14,26,0
10231,58,14,26,0
10232,58,14,26,0
10233,58,14,26,0
10234,58,14,26,0
10235,58,14,26,0
10236,58,14,26,0
10237,58,14,26,0
10238,58,14,26,0
10239,58,14,26,0
10240,58,14,26,0
10241,58,14,26,0
10242,58,14,26,0
10243,58,14,26,0
10244,58,14,26,0
10245,58,14,26,0
10246,58,14,26,0
10247,58,14,26,0
10248,58,14,26,0
10249,58,14,26,0
10250,58,14,26,0
10251,58,14,26,0
10252,58,14,26,0
10253,58,14,26,0
10254,58,14,26,0
10255,58,14,26,0
10256,58,14,26,0
10257,58,14,26,0
10258,58,14,26,0
10259,58,14,26,0
10260,58,14,26,0
10261,58,14,26,0
10262,58,14,26,0
10263,58,14,26,0
10264,58,14,26,0
10265,58,14,26,0
10266,58,14,26,0
10267,58,14,26,0
10268,58,14,26,0
10269,58,14,26,0
10270,58,14,26,0
10271,58,14,26,0
10272,58,14,26,0
10273,58,14,26,0
10274,58,14,26,0
10275,58,14,26,0
10276,58,14,26,0
10277,58,14,26,0
10278,58,14,26,0
10279,58,14,26,0
10280,58,14,26,0
10281,58,14,26,0
10282,58,14,26,0
10283,58,14,26,0
10284,58,14,26,0
10285,58,14,26,0
10286,58,14,26,0
10287,58,14,26,0
10288,58,14,26,0
10289,58,14,26,0
10290,58,14,26,0
10291,58,14,26,0
10292,58,14,26,0
10293,58,14,26,0
10294,58,14,26,0
10295,58,14,26,0
10296,58,14,26,0
10297,58,14,26,0
10298,58,14,26,0
10299,58,14,26,0
10300,58,14,26,0
10301,58,14,26,0
10302,58,14,26,0
10303,58,14,26,0
10304,58,14,26,0
10305,58,14,26,0
10306,58,14,26,0
10307,58,14,26,0
10308,58,14,26,0
10309,58,14,26,0
10310,58,14,26,0
10311,58,14,26,0
10312,58,14,26,0
10313,58,14,26,0
10314,58,14,26,0
10315,58,14,26,0
10316,58,14,26,0
10317,58,14,26,0
10318,58,14,26,0
10319,58,14,26,0
10320,58,14,26,0
10321,58,14,26,0
10322,58,14,26,0
10323,58,14,26,0
10324,58,14,26,0
10325,58,14,26,0
10326,58,14,26,0
10327,58,14,26,0
10328,58,14,26,0
10329,58,14,26,0
10330,58,14,26,0
10331,58,14,26,0
10332,58,14,26,0
10333,58,14,26,0
10334,58,14,26,0
10335,58,14,26,0
10336,58,14,26,0
10337,58,14,26,0
10338,58,14,26,0
10339,58,14,26,0
10340,58,14,26,0
10341,58,14,26,0
10342,58,14,26,0
10343,58,14,26,0
10344,58,14,26,0
10345,58,14,26,0
10346,58,14,26,0
10347,58,14,26,0
10348,58,14,26,0
10349,58,14,26,0
10350,58,14,26,0
10351,58,14,26,0
10352,58,14,26,0
10353,58,14,26,0
10354,58,14,26,0
10355,58,14,26,0
10356,58,14,26,0
10357,58,14,26,0
10358,58,14,26,0
10359,58,14,26,0
10360,58,14,26,0
10361,58,14,26,0
10362,58,14,26,0
10363,58,14,26,0
10364,58,14,26,0
10365,58,14,26,0
10366,58,14,26,0
10367,58,14,26,0
10368,58,14,26,0
10369,58,14,26,0
10370,58,14,26,0
10371,58,14,26,0
10372,58,14,26,0
10373,58,14,26,0
10374,58,14,26,0
10375,58,14,26,0
10376,58,14,26,0
10377,58,14,26,0
10378,58,14,26,0
10379,58,14,26,0
10380,58,14,26,0
10381,58,14,26,0
10382,58,14,26,0
10383,58,14,26,0
10384,58,14,26,0
10385,58,14,26,0
10386,58,14,26,0
10387,58,14,26,0
10388,58,14,26,0
10389,58,14,26,0
10390,58,14,26,0
10391,58,14,26,0
10392,58,14,26,0
10393,58,14,26,0
10394,58,14,26,0
10395,58,14,26,0
10396,58,14,26,0
10397,58,14,26,0
10398,58,14,26,0
10399,58,14,26,0
10400,58,14,26,0
10401,58,14,26,0
10402,58,14,26,0
10403,58,14,26,0
10404,58,14,26,0
10405,58,14,26,0
10406,58,14,26,0
10407,58,14,26,0
10408,58,14,26,0
10409,58,14,26,0
10410,58,14,26,0
10411,58,14,26,0
10412,58,14,26,0
10413,58,14,26,0
10414,58,14,26,0
10415,58,14,26,0
10416,58,14,26,0
10417,58,14,26,0
10418,58,14,26,0
10419,58,14,26,0
10420,58,14,26,0
10421,58,14,26,0
10422,58,14,26,0
10423,58,14,26,0
10424,58,14,26,0
10425,58,14,26,0
10426,58,14,26,0
10427,58,14,26,0
10428,58,14,26,0
10429,58,14,26,0
10430,58,14,26,0
10431,58,14,26,0
10432,58,14,26,0
10433,58,14,26,0
10434,58,14,26,0
10435,58,14,26,0
10436,58,14,26,0
10437,58,14,26,0
10438,58,14,26,0
10439,58,14,26,0
10440,58,14,26,0
10441,58,14,26,0
10442,58,14,26,0
10443,58,14,26,0
10444,58,14,26,0
10445,58,14,26,0
10446,58,14,26,0
10447,58,14,26,0
10448,58,14,26,0
10449,58,14,26,0
10450,58,14,26,0
10451,58,14,26,0
10452,58,14,26,0
10453,58,14,26,0
10454,58,14,26,0
10455,58,14,26,0
10456,58,14,26,0
10457,58,14,26,0
10458,58,14,26,0
10459,58,14,26,0
10460,58,14,26,0
10461,58,14,26,0
10462,58,14,26,0
10463,58,14,26,0
10464,58,14,26,0
10465,58,14,26,0
10466,58,14,26,0
10467,58,14,26,0
10468,58,14,26,0
10469,58,14,26,0
10470,58,14,26,0
10471,58,14,26,0
10472,58,14,26,0
10473,58,14,26,0
10474,58,14,26,0
10475,58,14,26,0
10476,58,14,26,0
10477,58,14,26,0
10478,58,14,26,0
10479,58,14,26,0
10480,58,14,26,0
10481,58,14,26,0
10482,58,14,26,0
10483,58,14,26,0
10484,58,14,26,0
10485,58,14,26,0
10486,58,14,26,0
10487,58,14,26,0
10488,58,14,26,0
10489,58,14,26,0
10490,58,14,26,0
10491,58,14,26,0
10492,58,14,26,0
10493,58,14,26,0
10494,58,14,26,0
10495,58,14,26,0
10496,58,14,26,0
10497,58,14,26,0
10498,58,14,26,0
10499,58,14,26,0
10500,58,14,26,0
10501,58,14,26,0
10502,58,14,26,0
10503,58,14,26,0
10504,58,14,26,0
10505,58,14,26,0
10506,58,14,26,0
10507,58,14,26,0
10508,58,14,26,0
10509,58,14,26,0
10510,58,14,26,0
10511,58,14,26,0
10512,58,14,26,0
10513,58,14,26,0
10514,58,14,26,0
10515,58,14,26,0
10516,58,14,26,0
10517,58,14,26,0
10518,58,14,26,0
10519,58,14,26,0
10520,58,14,26,0
10521,58,14,26,0
10522,58,14,26,0
10523,58,14,26,0
10524,58,14,26,0
10525,58,14,26,0
10526,58,14,26,0
10527,58,14,26,0
10528,58,14,26,0
10529,58,14,26,0
10530,58,14,26,0
10531,58,14,26,0
10532,58,14,26,0
10533,58,14,26,0
10534,58,14,26,0
10535,58,14,26,0
10536,58,14,26,0
10537,58,14,26,0
10538,58,14,26,0
10539,58,14,26,0
10540,58,14,26,0
10541,58,14,26,0
10542,58,14,26,0
10543,58,14,26,0
10544,58,14,26,0
10545,58,14,26,0
10546,58,14,26,0
10547,58,14,26,0
10548,58,14,26,0
10549,58,14,26,0
10550,58,14,26,0
10551,58,14,26,0
10552,58,14,26,0
10553,58,14,26,0
10554,58,14,26,0
10555,58,14,26,0
10556,58,14,26,0
10557,58,14,26,0
10558,58,14,26,0
10559,58,14,26,0
10560,58,14,26,0
10561,58,14,26,0
10562,58,14,26,0
10563,58,14,26,0
10564,58,14,26,0
10565,58,14,26,0
10566,58,14,26,0
10567,58,14,26,0
10568,58,14,26,0
10569,58,14,26,0
10570,58,14,26,0
10571,58,14,26,0
10572,58,14,26,0
10573,58,14,26,0
10574,58,14,26,0
10575,58,14,26,0
10576,58,14,26,0
10577,58,14,26,0
10578,58,14,26,0
10579,58,14,26,0
10580,58,14,26,0
10581,58,14,26,0
10582,58,14,26,0
10583,58,14,26,0
10584,58,14,26,0
10585,58,14,26,0
10586,58,14,26,0
10587,58,14,26,0
10588,58,14,26,0
10589,58,14,26,0
10590,58,14,26,0
10591,58,14,26,0
10592,58,14,26,0
10593,58,14,26,0
10594,58,14,26,0
10595,58,14,26,0
10596,58,14,26,0
10597,58,14,26,0
10598,58,14,26,0
10599,58,14,26,0
10600,58,14,26,0
10601,58,14,26,0
10602,58,14,26,0
10603,58,14,26,0
10604,58,14,26,0
10605,58,14,26,0
10606,58,14,26,0
10607,58,14,26,0
10608,58,14,26,0
10609,58,14,26,0
10610,58,14,26,0
10611,58,14,26,0
10612,58,14,26,0
10613,58,14,26,0
10614,58,14,26,0
10615,58,14,26,0
10616,58,14,26,0
10617,58,14,26,0
10618,58,14,26,0
10619,58,14,26,0
10620,58,14,26,0
10621,58,14,26,0
10622,58,14,26,0
10623,58,14,26,0
10624,58,14,26,0
10625,58,14,26,0
10626,58,14,26,0
10627,58,14,26,0
10628,58,14,26,0
10629,58,14,26,0
10630,58,14,26,0
10631,58,14,26,0
10632,58,14,26,0
10633,58,14,26,0
10634,58,14,26,0
10635,58,14,26,0
10636,58,14,26,0
10637,58,14,26,0
10638,58,14,26,0
10639,58,14,26,0
10640,58,14,26,0
10641,58,14,26,0
10642,58,14,26,0
10643,58,14,26,0
10644,58,14,26,0
10645,58,14,26,0
10646,58,14,26,0
10647,58,14,26,0
10648,58,14,26,0
10649,58,14,26,0
10650,58,14,26,0
10651,58,14,26,0
10652,58,14,26,0
10653,58,14,26,0
10654,58,14,26,0
10655,58,14,26,0
10656,58,14,26,0
10657,58,14,26,0
10658,58,14,26,0
10659,58,14,26,0
10660,58,14,26,0
10661,58,14,26,0
10662,58,14,26,0
10663,58,14,26,0
10664,58,14,26,0
10665,58,14,26,0
10666,58,14,26,0
10667,58,14,26,0
10668,58,14,26,0
10669,58,14,26,0
10670,58,14,26,0
10671,58,14,26,0
10672,58,14,26,0
10673,58,14,26,0
10674,58,14,26,0
10675,58,14,26,0
10676,58,14,26,0
10677,58,14,26,0
10678,58,14,26,0
10679,58,14,26,0
10680,58,14,26,0
10681,58,14,26,0
10682,58,14,26,0
10683,58,14,26,0
10684,58,14,26,0
10685,58,14,26,0
10686,58,14,26,0
10687,58,14,26,0
10688,58,14,26,0
10689,58,14,26,0
10690,58,14,26,0
10691,58,14,26,0
10692,58,14,26,0
10693,58,14,26,0
10694,58,14,26,0
10695,58,14,26,0
10696,58,14,26,0
10697,58,14,26,0
10698,58,14,26,0
10699,58,14,26,0
10700,58,14,26,0
10701,58,14,26,0
10702,58,14,26,0
10703,58,14,26,0
10704,58,14,26,0
10705,58,14,26,0
10706,58,14,26,0
10707,58,14,26,0
10708,58,14,26,0
10709,58,14,26,0
10710,58,14,26,0
10711,58,14,26,0
10712,58,14,26,0
10713,58,14,26,0
10714,58,14,26,0
10715,58,14,26,0
10716,58,14,26,0
10717,58,14,26,0
10718,58,14,26,0
10719,58,14,26,0
10720,58,14,26,0
10721,58,14,26,0
10722,58,14,26,0
10723,58,14,26,0
10724,58,14,26,0
10725,58,14,26,0
10726,58,14,26,0
10727,58,14,26,0
10728,58,14,26,0
10729,58,14,26,0
10730,58,14,26,0
10731,58,14,26,0
10732,58,14,26,0
10733,58,14,26,0
10734,58,14,26,0
10735,58,14,26,0
10736,58,14,26,0
10737,58,14,26,0
10738,58,14,26,0
10739,58,14,26,0
10740,58,14,26,0
10741,58,14,26,0
10742,58,14,26,0
10743,58,14,26,0
10744,58,14,26,0
10745,58,14,26,0
10746,58,14,26,0
10747,58,14,26,0
10748,58,14,26,0
10749,58,14,26,0
10750,58,14,26,0
10751,58,14,26,0
10752,58,14,26,0
10753,58,14,26,0
10754,58,14,26,0
10755,58,14,26,0
10756,58,14,26,0
10757,58,14,26,0
10758,58,14,26,0
10759,58,14,26,0
10760,58,14,26,0
10761,58,14,26,0
10762,58,14,26,0
10763,58,14,26,0
10764,58,14,26,0
10765,58,14,26,0
10766,58,14,26,0
10767,58,14,26,0
10768,58,14,26,0
10769,58,14,26,0
10770,58,14,26,0
10771,58,14,26,0
10772,58,14,26,0
10773,58,14,26,0
10774,58,14,26,0
10775,58,14,26,0
10776,58,14,26,0
10777,58,14,26,0
10778,58,14,26,0
10779,58,14,26,0
10780,58,14,26,0
10781,58,14,26,0
10782,58,14,26,0
10783,58,14,26,0
10784,58,14,26,0
10785,58,14,26,0
10786,58,14,26,0
10787,58,14,26,0
10788,58,14,26,0
10789,58,14,26,0
10790,58,14,26,0
10791,58,14,26,0
10792,58,14,26,0
10793,58,14,26,0
10794,58,14,26,0
10795,58,14,26,0
10796,58,14,26,0
10797,58,14,26,0
10798,58,14,26,0
10799,58,14,26,0
10800,58,14,26,0
10801,58,14,26,0
10802,58,14,26,0
10803,58,14,26,0
10804,58,14,26,0
10805,58,14,26,0
10806,58,14,26,0
10807,58,14,26,0
10808,58,14,26,0
10809,58,14,26,0
10810,58,14,26,0
10811,58,14,26,0
10812,58,14,26,0
10813,58,14,26,0
10814,58,14,26,0
10815,58,14,26,0
10816,58,14,26,0
10817,58,14,26,0
10818,58,14,26,0
10819,58,14,26,0
10820,58,14,26,0
10821,58,14,26,0
10822,58,14,26,0
10823,58,14,26,0
10824,58,14,26,0
10825,58,14,26,0
10826,58,14,26,0
10827,58,14,26,0
10828,58,14,26,0
10829,58,14,26,0
10830,58,14,26,0
10831,58,14,26,0
10832,58,14,26,0
10833,58,14,26,0
10834,58,14,26,0
10835,58,14,26,0
10836,58,14,26,0
10837,58,14,26,0
10838,58,14,26,0
10839,58,14,26,0
10840,58,14,26,0
10841,58,14,26,0
10842,58,14,26,0
10843,58,14,26,0
10844,58,14,26,0
10845,58,14,26,0
10846,58,14,26,0
10847,58,14,26,0
10848,58,14,26,0
10849,58,14,26,0
10850,58,14,26,0
10851,58,14,26,0
10852,58,14,26,0
10853,58,14,26,0
10854,58,14,26,0
10855,58,14,26,0
10856,58,14,26,0
10857,58,14,26,0
10858,58,14,26,0
10859,58,14,26,0
10860,58,14,26,0
10861,58,14,26,0
10862,58,14,26,0
10863,58,14,26,0
10864,58,14,26,0
10865,58,14,26,0
10866,58,14,26,0
10867,58,14,26,0
10868,58,14,26,0
10869,58,14,26,0
10870,58,14,26,0
10871,58,14,26,0
10872,58,14,26,0
10873,58,14,26,0
10874,58,14,26,0
10875,58,14,26,0
10876,58,14,26,0
10877,58,14,26,0
10878,58,14,26,0
10879,58,14,26,0
10880,58,14,26,0
10881,58,14,26,0
10882,58,14,26,0
10883,58,14,26,0
10884,58,14,26,0
10885,58,14,26,0
10886,58,14,26,0
10887,58,14,26,0
10888,58,14,26,0
10889,58,14,26,0
10890,58,14,26,0
10891,58,14,26,0
10892,58,14,26,0
10893,58,14,26,0
10894,58,14,26,0
10895,58,14,26,0
10896,58,14,26,0
10897,58,14,26,0
10898,58,14,26,0
10899,58,14,26,0
10900,58,14,26,0
10901,58,14,26,0
10902,58,14,26,0
10903,58,14,26,0
10904,58,14,26,0
10905,58,14,26,0
10906,58,14,26,0
10907,58,14,26,0
10908,58,14,26,0
10909,58,14,26,0
10910,58,14,26,0
10911,58,14,26,0
10912,58,14,26,0
10913,58,14,26,0
10914,58,14,26,0
10915,58,14,26,0
10916,58,14,26,0
10917,58,14,26,0
10918,58,14,26,0
10919,58,14,26,0
10920,58,14,26,0
10921,58,14,26,0
10922,58,14,26,0
10923,58,14,26,0
10924,58,14,26,0
10925,58,14,26,0
10926,58,14,26,0
10927,58,14,26,0
10928,58,14,26,0
10929,58,14,26,0
10930,58,14,26,0
10931,58,14,26,0
10932,58,14,26,0
10933,58,14,26,0
10934,58,14,26,0
10935,58,14,26,0
10936,58,14,26,0
10937,58,14,26,0
10938,58,14,26,0
10939,58,14,26,0
10940,58,14,26,0
10941,58,14,26,0
10942,58,14,26,0
10943,58,14,26,0
10944,58,14,26,0
10945,58,14,26,0
10946,58,14,26,0
10947,58,14,26,0
10948,58,14,26,0
10949,58,14,26,0
10950,58,14,26,0
10951,58,14,26,0
10952,58,14,26,0
10953,58,14,26,0
10954,58,14,26,0
10955,58,14,26,0
10956,58,14,26,0
10957,58,14,26,0
10958,58,14,26,0
10959,58,14,26,0
10960,58,14,26,0
10961,58,14,26,0
10962,58,14,26,0
10963,58,14,26,0
10964,58,14,26,0
10965,58,14,26,0
10966,58,14,26,0
10967,58,14,26,0
10968,58,14,26,0
10969,58,14,26,0
10970,58,14,26,0
10971,58,14,26,0
10972,58,14,26,0
10973,58,14,26,0
10974,58,14,26,0
10975,58,14,26,0
10976,58,14,26,0
10977,58,14,26,0
10978,58,14,26,0
10979,58,14,26,0
10980,58,14,26,0
10981,58,14,26,0
10982,58,14,26,0
10983,58,14,26,0
10984,58,14,26,0
10985,58,14,26,0
10986,58,14,26,0
10987,58,14,26,0
10988,58,14,26,0
10989,58,14,26,0
10990,58,14,26,0
10991,58,14,26,0
10992,58,14,26,0
10993,58,14,26,0
10994,58,14,26,0
10995,58,14,26,0
10996,58,14,26,0
10997,58,14,26,0
10998,58,14,26,0
10999,58,14,26,0
11000,58,14,26,0
11001,58,14,26,0
11002,58,14,26,0
11003,58,14,26,0
11004,58,14,26,0
11005,58,14,26,0
11006,58,14,26,0
11007,58,14,26,0
11008,58,14,26,0
11009,58,14,26,0
11010,58,14,26,0
11011,58,14,26,0
11012,58,14,26,0
11013,58,14,26,0
11014,58,14,26,0
11015,58,14,26,0
11016,58,14,26,0
11017,58,14,26,0
11018,58,14,26,0
11019,58,14,26,0
11020,58,14,26,0
11021,58,14,26,0
11022,58,14,26,0
11023,58,14,26,0
11024,58,14,26,0
11025,58,14,26,0
11026,58,14,26,0
11027,58,14,26,0
11028,58,14,26,0
11029,58,14,26,0
11030,58,14,26,0
11031,58,14,26,0
11032,58,14,26,0
11033,58,14,26,0
11034,58,14,26,0
11035,58,14,26,0
11036,58,14,26,0
11037,58,14,26,0
11038,58,14,26,0
11039,58,14,26,0
11040,58,14,26,0
11041,58,14,26,0
11042,58,14,26,0
11043,58,14,26,0
11044,58,14,26,0
11045,58,14,26,0
11046,58,14,26,0
11047,58,14,26,0
11048,58,14,26,0
11049,58,14,26,0
11050,58,14,26,0
11051,58,14,26,0
11052,58,14,26,0
11053,58,14,26,0
11054,58,14,26,0
11055,58,14,26,0
11056,58,14,26,0
11057,58,14,26,0
11058,58,14,26,0
11059,58,14,26,0
11060,58,14,26,0
11061,58,14,26,0
11062,58,14,26,0
11063,58,14,26,0
11064,58,14,26,0
11065,58,14,26,0
11066,58,14,26,0
11067,58,14,26,0
11068,58,14,26,0
11069,58,14,26,0
11070,58,14,26,0
11071,58,14,26,0
11072,58,14,26,0
11073,58,14,26,0
11074,58,14,26,0
11075,58,14,26,0
11076,58,14,26,0
11077,58,14,26,0
11078,58,14,26,0
11079,58,14,26,0
11080,58,14,26,0
11081,58,14,26,0
11082,58,14,26,0
11083,58,14,26,0
11084,58,14,26,0
11085,58,14,26,0
11086,58,14,26,0
11087,58,14,26,0
11088,58,14,26,0
11089,58,14,26,0
11090,58,14,26,0
11091,58,14,26,0
11092,58,14,26,0
11093,58,14,26,0
11094,58,14,26,0
11095,58,14,26,0
11096,58,14,26,0
11097,58,14,26,0
11098,58,14,26,0
11099,58,14,26,0
11100,58,14,26,0
11101,58,14,26,0
11102,58,14,26,0
11103,58,14,26,0
11104,58,14,26,0
11105,58,14,26,0
11106,58,14,26,0
11107,58,14,26,0
11108,58,14,26,0
11109,58,14,26,0
11110,58,14,26,0
11111,58,14,26,0
11112,58,14,26,0
11113,58,14,26,0
11114,58,14,26,0
11115,58,14,26,0
11116,58,14,26,0
11117,58,14,26,0
11118,58,14,26,0
11119,58,14,26,0
11120,58,14,26,0
11121,58,14,26,0
11122,58,14,26,0
11123,58,14,26,0
11124,58,14,26,0
11125,58,14,26,0
11126,58,14,26,0
11127,58,14,26,0
11128,58,14,26,0
11129,58,14,26,0
11130,58,14,26,0
11131,58,14,26,0
11132,58,14,26,0
11133,58,14,26,0
11134,58,14,26,0
11135,58,14,26,0
11136,58,14,26,0
11137,58,14,26,0
11138,58,14,26,0
11139,58,14,26,0
11140,58,14,26,0
11141,58,14,26,0
11142,58,14,26,0
11143,58,14,26,0
11144,58,14,26,0
11145,58,14,26,0
11146,58,14,26,0
11147,58,14,26,0
11148,58,14,26,0
11149,58,14,26,0
11150,58,14,26,0
11151,58,14,26,0
11152,58,14,26,0
11153,58,14,26,0
11154,58,14,26,0
11155,58,14,26,0
11156,58,14,26,0
11157,58,14,26,0
11158,58,14,26,0
11159,58,14,26,0
11160,58,14,26,0
11161,58,14,26,0
11162,58,14,26,0
11163,58,14,26,0
11164,58,14,26,0
11165,58,14,26,0
11166,58,14,26,0
11167,58,14,26,0
11168,58,14,26,0
11169,58,14,26,0
11170,58,14,26,0
11171,58,14,26,0
11172,58,14,26,0
11173,58,14,26,0
11174,58,14,26,0
11175,58,14,26,0
11176,58,14,26,0
11177,58,14,26,0
11178,58,14,26,0
11179,58,14,26,0
11180,58,14,26,0
11181,58,14,26,0
11182,58,14,26,0
11183,58,14,26,0
11184,58,14,26,0
11185,58,14,26,0
11186,58,14,26,0
11187,58,14,26,0
11188,58,14,26,0
11189,58,14,26,0
11190,58,14,26,0
11191,58,14,26,0
11192,58,14,26,0
11193,58,14,26,0
11194,58,14,26,0
11195,58,14,26,0
11196,58,14,26,0
11197,58,14,26,0
11198,58,14,26,0
11199,58,14,26,0
11200,58,14,26,0
11201,58,14,26,0
11202,58,14,26,0
11203,58,14,26,0
11204,58,14,26,0
11205,58,14,26,0
11206,58,14,26,0
11207,58,14,26,0
11208,58,14,26,0
11209,58,14,26,0
11210,58,14,26,0
11211,58,14,26,0
11212,58,14,26,0
11213,58,14,26,0
11214,58,14,26,0
11215,58,14,26,0
11216,58,14,26,0
11217,58,14,26,0
11218,58,14,26,0
11219,58,14,26,0
11220,58,14,26,0
11221,58,14,26,0
11222,58,14,26,0
11223,58,14,26,0
11224,58,14,26,0
11225,58,14,26,0
11226,58,14,26,0
11227,58,14,26,0
11228,58,14,26,0
11229,58,14,26,0
11230,58,14,26,0
11231,58,14,26,0
11232,58,14,26,0
11233,58,14,26,0
11234,58,14,26,0
11235,58,14,26,0
11236,58,14,26,0
11237,58,14,26,0
11238,58,14,26,0
11239,58,14,26,0
11240,58,14,26,0
11241,58,14,26,0
11242,58,14,26,0
11243,58,14,26,0
11244,58,14,26,0
11245,58,14,26,0
11246,58,14,26,0
11247,58,14,26,0
11248,58,14,26,0
11249,58,14,26,0
11250,58,14,26,0
11251,58,14,26,0
11252,58,14,26,0
11253,58,14,26,0
11254,58,14,26,0
11255,58,14,26,0
11256,58,14,26,0
11257,58,14,26,0
11258,58,14,26,0
11259,58,14,26,0
11260,58,14,26,0
11261,58,14,26,0
11262,58,14,26,0
11263,58,14,26,0
11264,58,14,26,0
11265,58,14,26,0
11266,58,14,26,0
11267,58,14,26,0
11268,58,14,26,0
11269,58,14,26,0
11270,58,14,26,0
11271,58,14,26,0
11272,58,14,26,0
11273,58,14,26,0
11274,58,14,26,0
11275,58,14,26,0
11276,58,14,26,0
11277,58,14,26,0
11278,58,14,26,0
11279,58,14,26,0
11280,58,14,26,0
11281,58,14,26,0
11282,58,14,26,0
11283,58,14,26,0
11284,58,14,26,0
11285,58,14,26,0
11286,58,14,26,0
11287,58,14,26,0
11288,58,14,26,0
11289,58,14,26,0
11290,58,14,26,0
11291,58,14,26,0
11292,58,14,26,0
11293,58,14,26,0
11294,58,14,26,0
11295,58,14,26,0
11296,58,14,26,0
11297,58,14,26,0
11298,58,14,26,0
11299,58,14,26,0
11300,58,14,26,0
11301,58,14,26,0
11302,58,14,26,0
11303,58,14,26,0
11304,58,14,26,0
11305,58,14,26,0
11306,58,14,26,0
11307,58,14,26,0
11308,58,14,26,0
11309,58,14,26,0
11310,58,14,26,0
11311,58,14,26,0
11312,58,14,26,0
11313,58,14,26,0
11314,58,14,26,0
11315,58,14,26,0
11316,58,14,26,0
11317,58,14,26,0
11318,58,14,26,0
11319,58,14,26,0
11320,58,14,26,0
11321,58,14,26,0
11322,58,14,26,0
11323,58,14,26,0
11324,58,14,26,0
11325,58,14,26,0
11326,58,14,26,0
11327,58,14,26,0
11328,58,14,26,0
11329,58,14,26,0
11330,58,14,26,0
11331,58,14,26,0
11332,58,14,26,0
11333,58,14,26,0
11334,58,14,26,0
11335,58,14,26,0
11336,58,14,26,0
11337,58,14,26,0
11338,58,14,26,0
11339,58,14,26,0
11340,58,14,26,0
11341,58,14,26,0
11342,58,14,26,0
11343,58,14,26,0
11344,58,14,26,0
11345,58,14,26,0
11346,58,14,26,0
11347,58,14,26,0
11348,58,14,26,0
11349,58,14,26,0
11350,58,14,26,0
11351,58,14,26,0
11352,58,14,26,0
11353,58,14,26,0
11354,58,14,26,0
11355,58,14,26,0
11356,58,14,26,0
11357,58,14,26,0
11358,58,14,26,0
11359,58,14,26,0
11360,58,14,26,0
11361,58,14,26,0
11362,58,14,26,0
11363,58,14,26,0
11364,58,14,26,0
11365,58,14,26,0
11366,58,14,26,0
11367,58,14,26,0
11368,58,14,26,0
11369,58,14,26,0
11370,58,14,26,0
11371,58,14,26,0
11372,58,14,26,0
11373,58,14,26,0
11374,58,14,26,0
11375,58,14,26,0
11376,58,14,26,0
11377,58,14,26,0
11378,58,14,26,0
11379,58,14,26,0
11380,58,14,26,0
11381,58,14,26,0
11382,58,14,26,0
11383,58,14,26,0
11384,58,14,26,0
11385,58,14,26,0
11386,58,14,26,0
11387,58,14,26,0
11388,58,14,26,0
11389,58,14,26,0
11390,58,14,26,0
11391,58,14,26,0
11392,58,14,26,0
11393,58,14,26,0
11394,58,14,26,0
11395,58,14,26,0
11396,58,14,26,0
11397,58,14,26,0
11398,58,14,26,0
11399,58,14,26,0
11400,58,14,26,0
11401,58,14,26,0
11402,58,14,26,0
11403,58,14,26,0
11404,58,14,26,0
11405,58,14,26,0
11406,58,14,26,0
11407,58,14,26,0
11408,58,14,26,0
11409,58,14,26,0
11410,58,14,26,0
11411,58,14,26,0
11412,58,14,26,0
11413,58,14,26,0
11414,58,14,26,0
11415,58,14,26,0
11416,58,14,26,0
11417,58,14,26,0
11418,58,14,26,0
11419,58,14,26,0
11420,58,14,26,0
11421,58,14,26,0
11422,58,14,26,0
11423,58,14,26,0
11424,58,14,26,0
11425,58,14,26,0
11426,58,14,26,0
11427,58,14,26,0
11428,58,14,26,0
11429,58,14,26,0
11430,58,14,26,0
11431,58,14,26,0
11432,58,14,26,0
11433,58,14,26,0
11434,58,14,26,0
11435,58,14,26,0
11436,58,14,26,0
11437,58,14,26,0
11438,58,14,26,0
11439,58,14,26,0
11440,58,14,26,0
11441,58,14,26,0
11442,58,14,26,0
11443,58,14,26,0
11444,58,14,26,0
11445,58,14,26,0
11446,58,14,26,0
11447,58,14,26,0
11448,58,14,26,0
11449,58,14,26,0
11450,58,14,26,0
11451,58,14,26,0
11452,58,14,26,0
11453,58,14,26,0
11454,58,14,26,0
11455,58,14,26,0
11456,58,14,26,0
11457,58,14,26,0
11458,58,14,26,0
11459,58,14,26,0
11460,58,14,26,0
11461,58,14,26,0
11462,58,14,26,0
11463,58,14,26,0
11464,58,14,26,0
11465,58,14,26,0
11466,58,14,26,0
11467,58,14,26,0
11468,58,14,26,0
11469,58,14,26,0
11470,58,14,26,0
11471,58,14,26,0
11472,58,14,26,0
11473,58,14,26,0
11474,58,14,26,0
11475,58,14,26,0
11476,58,14,26,0
11477,58,14,26,0
11478,58,14,26,0
11479,58,14,26,0
11480,58,14,26,0
11481,58,14,26,0
11482,58,14,26,0
11483,58,14,26,0
11484,58,14,26,0
11485,58,14,26,0
11486,58,14,26,0
11487,58,14,26,0
11488,58,14,26,0
11489,58,14,26,0
11490,58,14,26,0
11491,58,14,26,0
11492,58,14,26,0
11493,58,14,26,0
11494,58,14,26,0
11495,58,14,26,0
11496,58,14,26,0
11497,58,14,26,0
11498,58,14,26,0
11499,58,14,26,0
11500,58,14,26,0
11501,58,14,26,0
11502,58,14,26,0
11503,58,14,26,0
11504,58,14,26,0
11505,58,14,26,0
11506,58,14,26,0
11507,58,14,26,0
11508,58,14,26,0
11509,58,14,26,0
11510,58,14,26,0
11511,58,14,26,0
11512,58,14,26,0
11513,58,14,26,0
11514,58,14,26,0
11515,58,14,26,0
11516,58,14,26,0
11517,58,14,26,0
11518,58,14,26,0
11519,58,14,26,0
11520,58,14,26,0
11521,58,14,26,0
11522,58,14,26,0
11523,58,14,26,0
11524,58,14,26,0
11525,58,14,26,0
11526,58,14,26,0
11527,58,14,26,0
11528,58,14,26,0
11529,58,14,26,0
11530,58,14,26,0
11531,58,14,26,0
11532,58,14,26,0
11533,58,14,26,0
11534,58,14,26,0
11535,58,14,26,0
11536,58,14,26,0
11537,58,14,26,0
11538,58,14,26,0
11539,58,14,26,0
11540,58,14,26,0
11541,58,14,26,0
11542,58,14,26,0
11543,58,14,26,0
11544,58,14,26,0
11545,58,14,26,0
11546,58,14,26,0
11547,58,14,26,0
11548,58,14,26,0
11549,58,14,26,0
11550,58,14,26,0
11551,58,14,26,0
11552,58,14,26,0
11553,58,14,26,0
11554,58,14,26,0
11555,58,14,26,0
11556,58,14,26,0
11557,58,14,26,0
11558,58,14,26,0
11559,58,14,26,0
11560,58,14,26,0
11561,58,14,26,0
11562,58,14,26,0
11563,58,14,26,0
11564,58,14,26,0
11565,58,14,26,0
11566,58,14,26,0
11567,58,14,26,0
11568,58,14,26,0
11569,58,14,26,0
11570,58,14,26,0
11571,58,14,26,0
11572,58,14,26,0
11573,58,14,26,0
11574,58,14,26,0
11575,58,14,26,0
11576,58,14,26,0
11577,58,14,26,0
11578,58,14,26,0
11579,58,14,26,0
11580,58,14,26,0
11581,58,14,26,0
11582,58,14,26,0
11583,58,14,26,0
11584,58,14,26,0
11585,58,14,26,0
11586,58,14,26,0
11587,58,14,26,0
11588,58,14,26,0
11589,58,14,26,0
11590,58,14,26,0
11591,58,14,26,0
11592,58,14,26,0
11593,58,14,26,0
11594,58,14,26,0
11595,58,14,26,0
11596,58,14,26,0
11597,58,14,26,0
11598,58,14,26,0
11599,58,14,26,0
11600,58,14,26,0
11601,58,14,26,0
11602,58,14,26,0
11603,58,14,26,0
11604,58,14,26,0
11605,58,14,26,0
11606,58,14,26,0
11607,58,14,26,0
11608,58,14,26,0
11609,58,14,26,0
11610,58,14,26,0
11611,58,14,26,0
11612,58,14,26,0
11613,58,14,26,0
11614,58,14,26,0
11615,58,14,26,0
11616,58,14,26,0
11617,58,14,26,0
11618,58,14,26,0
11619,58,14,26,0
11620,58,14,26,0
11621,58,14,26,0
11622,58,14,26,0
11623,58,14,26,0
11624,58,14,26,0
11625,58,14,26,0
11626,58,14,26,0
11627,58,14,26,0
11628,58,14,26,0
11629,58,14,26,0
11630,58,14,26,0
11631,58,14,26,0
11632,58,14,26,0
11633,58,14,26,0
11634,58,14,26,0
11635,58,14,26,0
11636,58,14,26,0
11637,58,14,26,0
11638,58,14,26,0
11639,58,14,26,0
11640,58,14,26,0
11641,58,14,26,0
11642,58,14,26,0
11643,58,14,26,0
11644,58,14,26,0
11645,58,14,26,0
11646,58,14,26,0
11647,58,14,26,0
11648,58,14,26,0
11649,58,14,26,0
11650,58,14,26,0
11651,58,14,26,0
11652,58,14,26,0
11653,58,14,26,0
11654,58,14,26,0
11655,58,14,26,0
11656,58,14,26,0
11657,58,14,26,0
11658,58,14,26,0
11659,58,14,26,0
11660,58,14,26,0
11661,58,14,26,0
11662,58,14,26,0
11663,58,14,26,0
11664,58,14,26,0
11665,58,14,26,0
11666,58,14,26,0
11667,58,14,26,0
11668,58,14,26,0
11669,58,14,26,0
11670,58,14,26,0
11671,58,14,26,0
11672,58,14,26,0
11673,58,14,26,0
11674,58,14,26,0
11675,58,14,26,0
11676,58,14,26,0
11677,58,14,26,0
11678,58,14,26,0
11679,58,14,26,0
11680,58,14,26,0
11681,58,14,26,0
11682,58,14,26,0
11683,58,14,26,0
11684,58,14,26,0
11685,58,14,26,0
11686,58,14,26,0
11687,58,14,26,0
11688,58,14,26,0
11689,58,14,26,0
11690,58,14,26,0
11691,58,14,26,0
11692,58,14,26,0
11693,58,14,26,0
11694,58,14,26,0
11695,58,14,26,0
11696,58,14,26,0
11697,58,14,26,0
11698,58,14,26,0
11699,58,14,26,0
11700,58,14,26,0
11701,58,14,26,0
11702,58,14,26,0
11703,58,14,26,0
11704,58,14,26,0
11705,58,14,26,0
11706,58,14,26,0
11707,58,14,26,0
11708,58,14,26,0
11709,58,14,26,0
11710,58,14,26,0
11711,58,14,26,0
11712,58,14,26,0
11713,58,14,26,0
11714,58,14,26,0
11715,58,14,26,0
11716,58,14,26,0
11717,58,14,26,0
11718,58,14,26,0
11719,58,14,26,0
11720,58,14,26,0
11721,58,14,26,0
11722,58,14,26,0
11723,58,14,26,0
11724,58,14,26,0
11725,58,14,26,0
11726,58,14,26,0
11727,58,14,26,0
11728,58,14,26,0
11729,58,14,26,0
11730,58,14,26,0
11731,58,14,26,0
11732,58,14,26,0
11733,58,14,26,0
11734,58,14,26,0
11735,58,14,26,0
11736,58,14,26,0
11737,58,14,26,0
11738,58,14,26,0
11739,58,14,26,0
11740,58,14,26,0
11741,58,14,26,0
11742,58,14,26,0
11743,58,14,26,0
11744,58,14,26,0
11745,58,14,26,0
11746,58,14,26,0
11747,58,14,26,0
11748,58,14,26,0
11749,58,14,26,0
11750,58,14,26,0
11751,58,14,26,0
11752,58,14,26,0
11753,58,14,26,0
11754,58,14,26,0
11755,58,14,26,0
11756,58,14,26,0
11757,58,14,26,0
11758,58,14,26,0
11759,58,14,26,0
11760,58,14,26,0
11761,58,14,26,0
11762,58,14,26,0
11763,58,14,26,0
11764,58,14,26,0
11765,58,14,26,0
11766,58,14,26,0
11767,58,14,26,0
11768,58,14,26,0
11769,58,14,26,0
11770,58,14,26,0
11771,58,14,26,0
11772,58,14,26,0
11773,58,14,26,0
11774,58,14,26,0
11775,58,14,26,0
11776,58,14,26,0
11777,58,14,26,0
11778,58,14,26,0
11779,58,14,26,0
11780,58,14,26,0
11781,58,14,26,0
11782,58,14,26,0
11783,58,14,26,0
11784,58,14,26,0
11785,58,14,26,0
11786,58,14,26,0
11787,58,14,26,0
11788,58,14,26,0
11789,58,14,26,0
11790,58,14,26,0
11791,58,14,26,0
11792,58,14,26,0
11793,58,14,26,0
11794,58,14,26,0
11795,58,14,26,0
11796,58,14,26,0
11797,58,14,26,0
11798,58,14,26,0
11799,58,14,26,0
11800,58,14,26,0
11801,58,14,26,0
11802,58,14,26,0
11803,58,14,26,0
11804,58,14,26,0
11805,58,14,26,0
11806,58,14,26,0
11807,58,14,26,0
11808,58,14,26,0
11809,58,14,26,0
11810,58,14,26,0
11811,58,14,26,0
11812,58,14,26,0
11813,58,14,26,0
11814,58,14,26,0
11815,58,14,26,0
11816,58,14,26,0
11817,58,14,26,0
11818,58,14,26,0
11819,58,14,26,0
11820,58,14,26,0
11821,58,14,26,0
11822,58,14,26,0
11823,58,14,26,0
11824,58,14,26,0
11825,58,14,26,0
11826,58,14,26,0
11827,58,14,26,0
11828,58,14,26,0
11829,58,14,26,0
11830,58,14,26,0
11831,58,14,26,0
11832,58,14,26,0
11833,58,14,26,0
11834,58,14,26,0
11835,58,14,26,0
11836,58,14,26,0
11837,58,14,26,0
11838,58,14,26,0
11839,58,14,26,0
11840,58,14,26,0
11841,58,14,26,0
11842,58,14,26,0
11843,58,14,26,0
11844,58,14,26,0
11845,58,14,26,0
11846,58,14,26,0
11847,58,14,26,0
11848,58,14,26,0
11849,58,14,26,0
11850,58,14,26,0
11851,58,14,26,0
11852,58,14,26,0
11853,58,14,26,0
11854,58,14,26,0
11855,58,14,26,0
11856,58,14,26,0
11857,58,14,26,0
11858,58,14,26,0
11859,58,14,26,0
11860,58,14,26,0
11861,58,14,26,0
11862,58,14,26,0
11863,58,14,26,0
11864,58,14,26,0
11865,58,14,26,0
11866,58,14,26,0
11867,58,14,26,0
11868,58,14,26,0
11869,58,14,26,0
11870,58,14,26,0
11871,58,14,26,0
11872,58,14,26,0
11873,58,14,26,0
11874,58,14,26,0
11875,58,14,26,0
11876,58,14,26,0
11877,58,14,26,0
11878,58,14,26,0
11879,58,14,26,0
11880,58,14,26,0
11881,58,14,26,0
11882,58,14,26,0
11883,58,14,26,0
11884,58,14,26,0
11885,58,14,26,0
11886,58,14,26,0
11887,58,14,26,0
11888,58,14,26,0
11889,58,14,26,0
11890,58,14,26,0
11891,58,14,26,0
11892,58,14,26,0
11893,58,14,26,0
11894,58,14,26,0
11895,58,14,26,0
11896,58,14,26,0
11897,58,14,26,0
11898,58,14,26,0
11899,58,14,26,0
11900,58,14,26,0
11901,58,14,26,0
11902,58,14,26,0
11903,58,14,26,0
11904,58,14,26,0
11905,58,14,26,0
11906,58,14,26,0
11907,58,14,26,0
11908,58,14,26,0
11909,58,14,26,0
11910,58,14,26,0
11911,58,14,26,0
11912,58,14,26,0
11913,58,14,26,0
11914,58,14,26,0
11915,58,14,26,0
11916,58,14,26,0
11917,58,14,26,0
11918,58,14,26,0
11919,58,14,26,0
11920,58,14,26,0
11921,58,14,26,0
11922,58,14,26,0
11923,58,14,26,0
11924,58,14,26,0
11925,58,14,26,0
11926,58,14,26,0
11927,58,14,26,0
11928,58,14,26,0
11929,58,14,26,0
11930,58,14,26,0
11931,58,14,26,0
11932,58,14,26,0
11933,58,14,26,0
11934,58,14,26,0
11935,58,14,26,0
11936,58,14,26,0
11937,58,14,26,0
11938,58,14,26,0
11939,58,14,26,0
11940,58,14,26,0
11941,58,14,26,0
11942,58,14,26,0
11943,58,14,26,0
11944,58,14,26,0
11945,58,14,26,0
11946,58,14,26,0
11947,58,14,26,0
11948,58,14,26,0
11949,58,14,26,0
11950,58,14,26,0
11951,58,14,26,0
11952,58,14,26,0
11953,58,14,26,0
11954,58,14,26,0
11955,58,14,26,0
11956,58,14,26,0
11957,58,14,26,0
11958,58,14,26,0
11959,58,14,26,0
11960,58,14,26,0
11961,58,14,26,0
11962,58,14,26,0
11963,58,14,26,0
11964,58,14,26,0
11965,58,14,26,0
11966,58,14,26,0
11967,58,14,26,0
11968,58,14,26,0
11969,58,14,26,0
11970,58,14,26,0
11971,58,14,26,0
11972,58,14,26,0
11973,58,14,26,0
11974,58,14,26,0
11975,58,14,26,0
11976,58,14,26,0
11977,58,14,26,0
11978,58,14,26,0
11979,58,14,26,0
11980,58,14,26,0
11981,58,14,26,0
11982,58,14,26,0
11983,58,14,26,0
11984,58,14,26,0
11985,58,14,26,0
11986,58,14,26,0
11987,58,14,26,0
11988,58,14,26,0
11989,58,14,26,0
11990,58,14,26,0
11991,58,14,26,0
11992,58,14,26,0
11993,58,14,26,0
11994,58,14,26,0
11995,58,14,26,0
11996,58,14,26,0
11997,58,14,26,0
11998,58,14,26,0
11999,58,14,26,0
12000,58,14,26,0
12001,58,14,26,0
12002,58,14,26,0
12003,58,14,26,0
12004,58,14,26,0
12005,58,14,26,0
12006,58,14,26,0
12007,58,14,26,0
12008,58,14,26,0
12009,58,14,26,0
12010,58,14,26,0
12011,58,14,26,0
12012,58,14,26,0
12013,58,14,26,0
12014,58,14,26,0
12015,58,14,26,0
12016,58,14,26,0
12017,58,14,26,0
12018,58,14,26,0
12019,58,14,26,0
12020,58,14,26,0
12021,58,14,26,0
12022,58,14,26,0
12023,58,14,26,0
12024,58,14,26,0
12025,58,14,26,0
12026,58,14,26,0
12027,58,14,26,0
12028,58,14,26,0
12029,58,14,26,0
12030,58,14,26,0
12031,58,14,26,0
12032,58,14,26,0
12033,58,14,26,0
12034,58,14,26,0
12035,58,14,26,0
12036,58,14,26,0
12037,58,14,26,0
12038,58,14,26,0
12039,58,14,26,0
12040,58,14,26,0
12041,58,14,26,0
12042,58,14,26,0
12043,58,14,26,0
12044,58,14,26,0
12045,58,14,26,0
12046,58,14,26,0
12047,58,14,26,0
12048,58,14,26,0
12049,58,14,26,0
12050,58,14,26,0
12051,58,14,26,0
12052,58,14,26,0
12053,58,14,26,0
12054,58,14,26,0
12055,58,14,26,0
12056,58,14,26,0
12057,58,14,26,0
12058,58,14,26,0
12059,58,14,26,0
12060,58,14,26,0
12061,58,14,26,0
12062,58,14,26,0
12063,58,14,26,0
12064,58,14,26,0
12065,58,14,26,0
12066,58,14,26,0
12067,58,14,26,0
12068,58,14,26,0
12069,58,14,26,0
12070,58,14,26,0
12071,58,14,26,0
12072,58,14,26,0
12073,58,14,26,0
12074,58,14,26,0
12075,58,14,26,0
12076,58,14,26,0
12077,58,14,26,0
12078,58,14,26,0
12079,58,14,26,0
12080,58,14,26,0
12081,58,14,26,0
12082,58,14,26,0
12083,58,14,26,0
12084,58,14,26,0
12085,58,14,26,0
12086,58,14,26,0
12087,58,14,26,0
12088,58,14,26,0
12089,58,14,26,0
12090,58,14,26,0
12091,58,14,26,0
12092,58,14,26,0
12093,58,14,26,0
12094,58,14,26,0
12095,58,14,26,0
12096,58,14,26,0
12097,58,14,26,0
12098,58,14,26,0
12099,58,14,26,0
12100,58,14,26,0
12101,58,14,26,0
12102,58,14,26,0
12103,58,14,26,0
12104,58,14,26,0
12105,58,14,26,0
12106,58,14,26,0
12107,58,14,26,0
12108,58,14,26,0
12109,58,14,26,0
12110,58,14,26,0
12111,58,14,26,0
12112,58,14,26,0
12113,58,14,26,0
12114,58,14,26,0
12115,58,14,26,0
12116,58,14,26,0
12117,58,14,26,0
12118,58,14,26,0
12119,58,14,26,0
12120,58,14,26,0
12121,58,14,26,0
12122,58,14,26,0
12123,58,14,26,0
12124,58,14,26,0
12125,58,14,26,0
12126,58,14,26,0
12127,58,14,26,0
12128,58,14,26,0
12129,58,14,26,0
12130,58,14,26,0
12131,58,14,26,0
12132,58,14,26,0
12133,58,14,26,0
12134,58,14,26,0
12135,58,14,26,0
12136,58,14,26,0
12137,58,14,26,0
12138,58,14,26,0
12139,58,14,26,0
12140,58,14,26,0
12141,58,14,26,0
12142,58,14,26,0
12143,58,14,26,0
12144,58,14,26,0
12145,58,14,26,0
12146,58,14,26,0
12147,58,14,26,0
12148,58,14,26,0
12149,58,14,26,0
12150,58,14,26,0
12151,58,14,26,0
12152,58,14,26,0
12153,58,14,26,0
12154,58,14,26,0
12155,58,14,26,0
12156,58,14,26,0
12157,58,14,26,0
12158,58,14,26,0
12159,58,14,26,0
12160,58,14,26,0
12161,58,14,26,0
12162,58,14,26,0
12163,58,14,26,0
12164,58,14,26,0
12165,58,14,26,0
12166,58,14,26,0
12167,58,14,26,0
12168,58,14,26,0
12169,58,14,26,0
12170,58,14,26,0
12171,58,14,26,0
12172,58,14,26,0
12173,58,14,26,0
12174,58,14,26,0
12175,58,14,26,0
12176,58,14,26,0
12177,58,14,26,0
12178,58,14,26,0
12179,58,14,26,0
12180,58,14,26,0
12181,58,14,26,0
12182,58,14,26,0
12183,58,14,26,0
12184,58,14,26,0
12185,58,14,26,0
12186,58,14,26,0
12187,58,14,26,0
12188,58,14,26,0
12189,58,14,26,0
12190,58,14,26,0
12191,58,14,26,0
12192,58,14,26,0
12193,58,14,26,0
12194,58,14,26,0
12195,58,14,26,0
12196,58,14,26,0
12197,58,14,26,0
12198,58,14,26,0
12199,58,14,26,0
12200,58,14,26,0
12201,58,14,26,0
12202,58,14,26,0
12203,58,14,26,0
12204,58,14,26,0
12205,58,14,26,0
12206,58,14,26,0
12207,58,14,26,0
12208,58,14,26,0
12209,58,14,26,0
12210,58,14,26,0
12211,58,14,26,0
12212,58,14,26,0
12213,58,14,26,0
12214,58,14,26,0
12215,58,14,26,0
12216,58,14,26,0
12217,58,14,26,0
12218,58,14,26,0
12219,58,14,26,0
12220,58,14,26,0
12221,58,14,26,0
12222,58,14,26,0
12223,58,14,26,0
12224,58,14,26,0
12225,58,14,26,0
12226,58,14,26,0
12227,58,14,26,0
12228,58,14,26,0
12229,58,14,26,0
12230,58,14,26,0
12231,58,14,26,0
12232,58,14,26,0
12233,58,14,26,0
12234,58,14,26,0
12235,58,14,26,0
12236,58,14,26,0
12237,58,14,26,0
12238,58,14,26,0
12239,58,14,26,0
12240,58,14,26,0
12241,58,14,26,0
12242,58,14,26,0
12243,58,14,26,0
12244,58,14,26,0
12245,58,14,26,0
12246,58,14,26,0
12247,58,14,26,0
12248,58,14,26,0
12249,58,14,26,0
12250,58,14,26,0
12251,58,14,26,0
12252,58,14,26,0
12253,58,14,26,0
12254,58,14,26,0
12255,58,14,26,0
12256,58,14,26,0
12257,58,14,26,0
12258,58,14,26,0
12259,58,14,26,0
12260,58,14,26,0
12261,58,14,26,0
12262,58,14,26,0
12263,58,14,26,0
12264,58,14,26,0
12265,58,14,26,0
12266,58,14,26,0
12267,58,14,26,0
12268,58,14,26,0
12269,58,14,26,0
12270,58,14,26,0
12271,58,14,26,0
12272,58,14,26,0
12273,58,14,26,0
12274,58,14,26,0
12275,58,14,26,0
12276,58,14,26,0
12277,58,14,26,0
12278,58,14,26,0
12279,58,14,26,0
12280,58,14,26,0
12281,58,14,26,0
12282,58,14,26,0
12283,58,14,26,0
12284,58,14,26,0
12285,58,14,26,0
12286,58,14,26,0
12287,58,14,26,0
12288,58,14,26,0
12289,58,14,26,0
12290,58,14,26,0
12291,58,14,26,0
12292,58,14,26,0
12293,58,14,26,0
12294,58,14,26,0
12295,58,14,26,0
12296,58,14,26,0
12297,58,14,26,0
12298,58,14,26,0
12299,58,14,26,0
12300,58,14,26,0
12301,58,14,26,0
12302,58,14,26,0
12303,58,14,26,0
12304,58,14,26,0
12305,58,14,26,0
12306,58,14,26,0
12307,58,14,26,0
12308,58,14,26,0
12309,58,14,26,0
12310,58,14,26,0
12311,58,14,26,0
12312,58,14,26,0
12313,58,14,26,0
12314,58,14,26,0
12315,58,14,26,0
12316,58,14,26,0
12317,58,14,26,0
12318,58,14,26,0
12319,58,14,26,0
12320,58,14,26,0
12321,58,14,26,0
12322,58,14,26,0
12323,58,14,26,0
12324,58,14,26,0
12325,58,14,26,0
12326,58,14,26,0
12327,58,14,26,0
12328,60,14,27,0
12329,60,14,27,0
12330,60,14,27,0
12331,60,14,27,0
12332,60,14,27,0
12333,60,14,27,0
12334,60,14,27,0
12335,60,14,27,0
12336,60,14,27,0
12337,60,14,27,0
12338,60,14,27,0
12339,60,14,27,0
12340,60,14,27,0
12341,60,14,27,0
12342,60,14,27,0
12343,61,14,28,1
12344,61,14,28,1
12345,61,14,28,2
12346,61,14,28,3
12347,61,14,28,3
12348,61,14,28,3
12349,61,14,28,4
12350,61,14,28,4
12351,61,14,28,4
12352,61,14,28,4
12353,61,14,28,4
12354,61,14,28,4
12355,61,14,28,4
12356,61,14,28,4
12357,61,14,28,4
12358,61,14,28,4
12359,61,14,28,4
12360,61,14,28,4
12361,61,14,28,4
12362,61,14,28,4
12363,61,14,28,5
12364,61,14,28,5
12365,61,14,28,5
12366,61,14,28,5
12367,61,14,28,5
12368,61,14,28,5
12369,61,14,28,6
12370,61,14,28,6
12371,61,14,28,6
12372,61,14,28,6
12373,61,14,28,7
12374,61,14,28,7
12375,61,14,28,7
12376,61,14,28,7
12377,61,14,28,7
12378,61,14,28,7
12379,61,14,28,7
12380,61,14,28,7
12381,61,14,28,7
12382,61,14,28,7
12383,61,14,28,7
12384,61,14,28,7
12385,61,14,28,7
12386,61,14,28,7
12387,61,14,28,8
12388,61,14,28,8
12389,61,14,28,8
12390,61,14,28,8
12391,61,14,28,8
12392,61,14,28,8
12393,61,14,28,8
12394,61,14,28,8
12395,61,14,28,8
12396,61,14,28,9
12397,61,14,28,9
12398,61,14,28,9
12399,61,14,28,9
12400,61,14,28,9
12401,61,14,28,9
12402,61,14,28,9
12403,61,14,28,10
12404,61,14,28,10
12405,61,14,28,10
12406,61,14,28,10
12407,61,14,28,11
12408,61,14,28,11
12409,61,14,28,11
12410,61,14,28,11
12411,61,14,28,11
12412,61,14,28,11
12413,61,14,28,11
12414,61,14,28,11
12415,61,14,28,11
12416,61,14,28,11
12417,61,14,28,11
12418,61,14,28,11
12419,61,14,28,11
12420,61,14,28,11
12421,61,14,28,11
12422,61,14,28,11
12423,61,14,28,11
12424,61,14,28,11
12425,61,14,28,12
12426,61,14,28,12
12427,61,14,28,12
12428,61,14,28,12
12429,61,14,28,12
12430,61,14,28,12
12431,61,14,28,13
12432,61,14,28,13
12433,61,14,28,14
12434,61,14,28,14
12435,61,14,28,14
12436,61,14,28,14
12437,61,14,28,14
12438,61,14,28,14
12439,61,14,28,15
12440,61,14,28,15
12441,61,14,28,15
12442,61,14,28,16
12443,61,14,28,16
12444,61,14,28,16
12445,61,14,28,16
12446,61,14,28,17
12447,61,14,28,17
12448,61,14,28,17
12449,61,14,28,17
12450,61,14,28,17
12451,61,14,28,17
12452,61,14,28,17
12453,61,14,28,17
12454,61,14,28,17
12455,61,14,28,17
12456,61,14,28,17
12457,61,14,28,17
12458,61,14,28,17
12459,61,14,28,17
12460,61,14,28,18
12461,61,14,28,18
12462,61,14,28,18
12463,61,14,28,18
12464,61,14,28,18
12465,61,14,28,18
12466,61,14,28,18
12467,61,14,28,19
12468,61,14,28,19
12469,61,14,28,19
12470,61,14,28,19
12471,61,14,28,19
12472,61,14,28,19
12473,61,14,28,19
12474,61,14,28,19
12475,61,14,28,20
12476,61,14,28,20
12477,61,14,28,20
12478,61,14,28,20
12479,61,14,28,20
12480,61,14,28,20
12481,61,14,28,20
12482,61,14,28,20
12483,61,14,28,20
12484,61,14,28,20
12485,61,14,28,20
12486,61,14,28,20
12487,61,14,28,20
12488,61,14,28,20
12489,61,14,28,20
12490,61,14,28,20
12491,61,14,28,20
12492,61,14,28,20
12493,61,14,28,20
12494,61,14,28,20
12495,61,14,28,20
12496,61,14,28,21
12497,61,14,28,21
12498,61,14,28,21
12499,61,14,28,21
12500,61,14,28,21
12501,61,14,28,21
12502,61,14,28,21
12503,61,14,28,21
12504,61,14,28,21
12505,61,14,28,22
12506,61,14,28,22
12507,61,14,28,22
12508,61,14,28,22
12509,61,14,28,22
12510,61,14,28,23
12511,61,14,28,23
12512,61,14,28,23
12513,61,14,28,24
12514,61,14,28,24
12515,61,14,28,24
12516,61,14,28,24
12517,61,14,28,24
12518,61,14,28,24
12519,61,14,28,24
12520,61,14,28,25
12521,61,14,28,25
12522,61,14,28,25
12523,61,14,28,25
12524,61,14,28,25
12525,61,14,28,25
12526,61,14,28,25
12527,61,14,28,25
12528,61,14,28,25
12529,61,14,28,25
12530,61,14,28,25
12531,61,14,28,25
12532,61,14,28,25
12533,61,14,28,25
12534,61,14,28,25
12535,61,14,28,25
12536,61,14,28,25
12537,61,14,28,25
12538,61,14,28,25
12539,61,14,28,25
12540,61,14,28,25
12541,61,14,28,26
12542,61,14,28,26
12543,61,14,28,26
12544,61,14,28,26
12545,61,14,28,26
12546,61,14,28,26
12547,61,14,28,26
12548,61,14,28,26
12549,61,14,28,26
12550,61,14,28,26
12551,61,14,28,26
12552,61,14,28,26
12553,61,14,28,26
12554,61,14,28,26
12555,61,14,28,26
12556,61,14,28,26
12557,61,14,28,26
12558,61,14,28,26
12559,61,14,28,26
12560,61,14,28,26
12561,61,14,28,26
12562,61,14,28,26
12563,61,14,28,26
12564,61,14,28,26
12565,61,14,28,26
12566,61,14,28,26
12567,61,14,28,26
12568,61,14,28,26
12569,61,14,28,26
12570,61,14,28,27
12571,61,14,28,27
12572,61,14,28,27
12573,61,14,28,27
12574,61,14,28,27
12575,61,14,28,27
12576,61,14,28,27
12577,61,14,28,27
12578,61,14,28,27
12579,61,14,28,27
12580,61,14,28,27
12581,61,14,28,27
12582,61,14,28,27
12583,61,14,28,27
12584,61,14,28,27
12585,61,14,28,27
12586,61,14,28,27
12587,61,14,28,27
12588,61,14,28,27
12589,61,14,28,27
12590,61,14,28,27
12591,61,14,28,28
12592,61,14,28,28
12593,61,14,28,29
12594,61,14,28,29
12595,61,14,28,29
12596,61,14,28,29
12597,61,14,28,29
12598,61,14,28,29
12599,61,14,28,29
12600,61,14,28,29
12601,61,14,28,29
12602,61,14,28,29
12603,61,14,28,29
12604,61,14,28,29
12605,61,14,28,29
12606,61,14,28,29
12607,61,14,28,29
12608,61,14,28,29
12609,61,14,28,29
12610,61,14,28,29
12611,61,14,28,29
12612,61,14,28,29
12613,61,14,28,29
12614,61,14,28,29
12615,61,14,28,29
12616,61,14,28,29
12617,61,14,28,29
12618,61,14,28,29
12619,61,14,28,29
12620,61,14,28,30
12621,61,14,28,30
12622,61,14,28,30
12623,61,14,28,30
12624,61,14,28,30
12625,61,14,28,30
12626,61,14,28,30
12627,61,14,28,30
12628,61,14,28,30
12629,61,14,28,31
12630,61,14,28,31
12631,61,14,28,31
12632,61,14,28,31
12633,61,14,28,31
12634,61,14,28,32
12635,61,14,28,32
12636,61,14,28,32
12637,61,14,28,32
12638,61,14,28,32
12639,61,14,28,32
12640,61,14,28,32
12641,61,14,28,32
12642,61,14,28,32
12643,61,14,28,32
12644,61,14,28,32
12645,61,14,28,32
12646,61,14,28,32
12647,61,14,28,32
12648,61,14,28,33
12649,61,14,28,33
12650,61,14,28,33
12651,61,14,28,33
12652,61,14,28,33
12653,61,14,28,33
12654,61,14,28,33
12655,61,14,28,33
12656,61,14,28,34
12657,61,14,28,34
12658,61,14,28,34
12659,61,14,28,34
12660,61,14,28,34
12661,61,14,28,34
12662,61,14,28,34
12663,61,14,28,34
12664,61,14,28,34
12665,61,14,28,35
12666,61,14,28,35
12667,61,14,28,35
12668,61,14,28,35
12669,61,14,28,35
12670,61,14,28,35
12671,61,14,28,36
12672,61,14,28,36
12673,61,14,28,36
12674,61,14,28,36
12675,61,14,28,36
12676,61,14,28,36
12677,61,14,28,36
12678,61,14,28,37
12679,61,14,28,37
12680,61,14,28,37
12681,61,14,28,37
12682,61,14,28,37
12683,61,14,28,37
12684,61,14,28,37
12685,61,14,28,37
12686,61,14,28,37
12687,61,14,28,37
12688,61,14,28,37
12689,61,14,28,37
12690,61,14,28,37
12691,61,14,28,37
12692,61,14,28,37
12693,61,14,28,38
12694,61,14,28,38
12695,61,14,28,38
12696,61,14,28,38
12697,61,14,28,38
12698,61,14,28,38
12699,61,14,28,38
12700,61,14,28,38
12701,61,14,28,39
12702,61,14,28,39
12703,61,14,28,39
12704,61,14,28,40
12705,61,14,28,40
12706,61,14,28,40
12707,61,14,28,40
12708,61,14,28,40
12709,61,14,28,40
12710,61,14,28,40
12711,61,14,28,41
12712,61,14,28,41
12713,61,14,28,41
12714,61,14,28,41
12715,61,14,28,41
12716,61,14,28,41
12717,61,14,28,41
12718,61,14,28,41
12719,61,14,28,42
12720,61,14,28,42
12721,61,14,28,42
12722,61,14,28,42
12723,61,14,28,42
12724,61,14,28,42
12725,61,14,28,42
12726,61,14,28,42
12727,61,14,28,43
12728,61,14,28,43
12729,61,14,28,43
12730,61,14,28,43
12731,61,14,28,44
12732,61,14,28,44
12733,61,14,28,44
12734,61,14,28,44
12735,61,14,28,44
12736,61,14,28,44
12737,61,14,28,44
12738,61,14,28,44
12739,61,14,28,44
12740,61,14,28,44
12741,61,14,28,44
12742,61,14,28,44
12743,61,14,28,44
12744,61,14,28,44
12745,61,14,28,45
12746,61,14,28,45
12747,61,14,28,45
12748,61,14,28,45
12749,61,14,28,45
12750,61,14,28,46
12751,61,14,28,46
12752,61,14,28,46
12753,61,14,28,47
12754,61,14,28,47
12755,61,14,28,47
12756,61,14,28,47
12757,61,14,28,48
12758,61,14,28,48
12759,61,14,28,48
12760,61,14,28,48
12761,61,14,28,48
12762,61,14,28,48
12763,61,14,28,48
12764,61,14,28,48
12765,61,14,28,48
12766,61,14,28,48
12767,61,14,28,48
12768,61,14,28,48
12769,61,14,28,48
12770,61,14,28,48
12771,61,14,28,48
12772,61,14,28,48
12773,61,14,28,48
12774,61,14,28,48
12775,61,14,28,48
12776,61,14,28,48
12777,61,14,28,48
12778,61,14,28,48
12779,61,14,28,48
12780,61,14,28,48
12781,61,14,28,48
12782,61,14,28,48
12783,61,14,28,48
12784,61,14,28,48
12785,61,14,28,48
12786,61,14,28,48
12787,61,14,28,48
12788,61,14,28,48
12789,61,14,28,48
12790,61,14,28,48
12791,61,14,28,48
12792,61,14,28,48
12793,61,14,28,48
12794,61,14,28,48
12795,61,14,28,48
12796,61,14,28,48
12797,61,14,28,48
12798,61,14,28,48
12799,61,14,28,49
12800,61,14,28,49
12801,61,14,28,49
12802,61,14,28,49
12803,61,14,28,49
12804,61,14,28,49
12805,61,14,28,49
12806,61,14,28,49
12807,61,14,28,49
12808,61,14,28,49
12809,61,14,28,49
12810,61,14,28,49
12811,61,14,28,49
12812,61,14,28,49
12813,61,14,28,49
12814,61,14,28,49
12815,61,14,28,49
12816,61,14,28,49
12817,61,14,28,49
12818,61,14,28,49
12819,61,14,28,49
12820,61,14,28,49
12821,61,14,28,49
12822,61,14,28,49
12823,61,14,28,49
12824,61,14,28,49
12825,61,14,28,49
12826,61,14,28,50
12827,61,14,28,50
12828,61,14,28,50
12829,61,14,28,50
12830,61,14,28,50
12831,61,14,28,50
12832,61,14,28,50
12833,61,14,28,50
12834,61,14,28,50
12835,61,14,28,50
12836,61,14,28,50
12837,61,14,28,50
12838,61,14,28,50
12839,61,14,28,50
12840,61,14,28,50
12841,61,14,28,50
12842,61,14,28,50
12843,61,14,28,50
12844,61,14,28,50
12845,61,14,28,50
12846,61,14,28,50
12847,61,14,28,50
12848,61,14,28,50
12849,61,14,28,50
12850,61,14,28,50
12851,61,14,28,50
12852,61,14,28,50
12853,61,14,28,51
12854,61,14,28,51
12855,61,14,28,51
12856,61,14,28,51
12857,61,14,28,51
12858,61,14,28,51
12859,61,14,28,52
12860,61,14,28,52
12861,61,14,28,52
12862,61,14,28,52
12863,61,14,28,52
12864,61,14,28,52
12865,61,14,28,52
12866,61,14,28,52
12867,61,14,28,52
12868,61,14,28,52
12869,61,14,28,52
12870,61,14,28,52
12871,61,14,28,52
12872,61,14,28,52
12873,61,14,28,52
12874,61,14,28,52
12875,61,14,28,52
12876,61,14,28,52
12877,61,14,28,52
12878,61,14,28,52
12879,61,14,28,52
12880,61,14,28,52
12881,61,14,28,52
12882,61,14,28,52
12883,61,14,28,52
12884,61,14,28,52
12885,61,14,28,52
12886,61,14,28,52
12887,61,14,28,52
12888,61,14,28,52
12889,61,14,28,52
12890,61,14,28,52
12891,61,14,28,52
12892,61,14,28,52
12893,61,14,28,52
12894,61,14,28,52
12895,61,14,28,52
12896,61,14,28,52
12897,61,14,28,52
12898,61,14,28,52
12899,61,14,28,52
12900,61,14,28,52
12901,61,14,28,52
12902,61,14,28,52
12903,61,14,28,53
12904,61,14,28,53
12905,61,14,28,53
12906,61,14,28,53
12907,61,14,28,53
12908,61,14,28,53
12909,61,14,28,53
12910,61,14,28,53
12911,61,14,28,53
12912,61,14,28,53
12913,61,14,28,53
12914,61,14,28,53
12915,61,14,28,53
12916,61,14,28,53
12917,61,14,28,53
12918,61,14,28,53
12919,61,14,28,53
12920,61,14,28,53
12921,61,14,28,53
12922,61,14,28,53
12923,61,14,28,54
12924,61,14,28,54
12925,61,14,28,54
12926,61,14,28,54
12927,61,14,28,54
12928,61,14,28,54
12929,61,14,28,54
12930,61,14,28,54
12931,61,14,28,54
12932,61,14,28,54
12933,61,14,28,54
12934,61,14,28,54
12935,61,14,28,54
12936,61,14,28,54
12937,61,14,28,54
12938,61,14,28,54
12939,61,14,28,54
12940,61,14,28,54
12941,61,14,28,55
12942,61,14,28,55
12943,61,14,28,55
12944,61,14,28,55
12945,61,14,28,55
12946,61,14,28,55
12947,61,14,28,55
12948,61,14,28,55
12949,61,14,28,55
12950,61,14,28,55
12951,61,14,28,55
12952,61,14,28,55
12953,61,14,28,55
12954,61,14,28,55
12955,61,14,28,55
12956,61,14,28,55
12957,61,14,28,55
12958,61,14,28,55
12959,61,14,28,55
12960,61,14,28,55
12961,61,14,28,55
12962,61,14,28,55
12963,61,14,28,55
12964,61,14,28,55
12965,61,14,28,55
12966,61,14,28,55
12967,61,14,28,55
12968,61,14,28,55
12969,61,14,28,55
12970,61,14,28,55
12971,61,14,28,55
12972,61,14,28,55
12973,61,14,28,55
12974,61,14,28,55
12975,61,14,28,55
12976,61,14,28,55
12977,61,14,28,55
12978,61,14,28,55
12979,61,14,28,56
12980,61,14,28,56
12981,61,14,28,56
12982,61,14,28,56
12983,61,14,28,56
12984,61,14,28,56
12985,61,14,28,56
12986,61,14,28,57
12987,61,14,28,57
12988,61,14,28,57
12989,61,14,28,57
12990,61,14,28,57
12991,61,14,28,57
12992,61,14,28,57
12993,61,14,28,57
12994,61,14,28,57
12995,61,14,28,57
12996,61,14,28,57
12997,61,14,28,57
12998,61,14,28,57
12999,61,14,28,57
13000,61,14,28,57
13001,61,14,28,57
13002,61,14,28,57
13003,61,14,28,57
13004,61,14,28,57
13005,61,14,28,57
13006,61,14,28,57
13007,61,14,28,57
13008,61,14,28,57
13009,61,14,28,57
13010,61,14,28,57
13011,61,14,28,57
13012,61,14,28,57
13013,61,14,28,57
13014,61,14,28,57
13015,61,14,28,57
13016,61,14,28,57
13017,61,14,28,57
13018,61,14,28,57
13019,61,14,28,57
13020,61,14,28,57
13021,61,14,28,57
13022,61,14,28,57
13023,61,14,28,57
13024,61,14,28,57
13025,61,14,28,57
13026,61,14,28,57
13027,61,14,28,57
13028,61,14,28,57
13029,61,14,28,57
13030,61,14,28,57
13031,61,14,28,57
13032,61,14,28,57
13033,61,14,28,57
13034,61,14,28,57
13035,61,14,28,57
13036,61,14,28,57
13037,61,14,28,57
13038,61,14,28,57
13039,61,14,28,57
13040,61,14,28,57
13041,61,14,28,57
13042,61,14,28,57
13043,61,14,28,57
13044,61,14,28,57
13045,61,14,28,57
13046,61,14,28,57
13047,61,14,28,57
13048,61,14,28,57
13049,61,14,28,57
13050,61,14,28,57
13051,61,14,28,57
13052,61,14,28,57
13053,61,14,28,57
13054,61,14,28,58
13055,61,14,28,58
13056,61,14,28,58
13057,61,14,28,58
13058,61,14,28,58
13059,61,14,28,58
13060,61,14,28,58
13061,61,14,28,58
13062,61,14,28,58
13063,61,14,28,58
13064,61,14,28,58
13065,61,14,28,58
13066,61,14,28,58
13067,61,14,28,58
13068,61,14,28,59
13069,61,14,28,59
13070,61,14,28,59
13071,61,14,28,59
13072,61,14,28,59
13073,61,14,28,59
13074,61,14,28,59
13075,61,14,28,59
13076,61,14,28,59
13077,61,14,28,59
13078,61,14,28,59
13079,61,14,28,59
13080,61,14,28,59
13081,61,14,28,59
13082,61,14,28,60
13083,61,14,28,60
13084,61,14,28,60
13085,61,14,28,60
13086,61,14,28,60
13087,61,14,28,60
13088,61,14,28,60
13089,61,14,28,60
13090,61,14,28,60
13091,61,14,28,60
13092,61,14,28,60
13093,61,14,28,60
13094,61,14,28,60
13095,61,14,28,60
13096,61,14,28,60
13097,61,14,28,60
13098,61,14,28,61
13099,61,14,28,61
13100,61,14,28,61
13101,61,14,28,61
13102,61,14,28,61
13103,61,14,28,61
13104,61,14,28,61
13105,61,14,28,61
13106,61,14,28,61
13107,61,14,28,61
13108,61,14,28,61
13109,61,14,28,61
13110,61,14,28,61
13111,61,14,28,61
13112,61,14,28,61
13113,61,14,28,61
13114,61,14,28,61
13115,61,14,28,61
13116,61,14,28,61
13117,61,14,28,61
13118,61,14,28,61
13119,61,14,28,61
13120,61,14,28,61
13121,61,14,28,61
13122,61,14,28,61
13123,61,14,28,61
13124,61,14,28,61
13125,61,14,28,61
13126,61,14,28,61
13127,61,14,28,61
13128,61,14,28,61
13129,61,14,28,61
13130,61,14,28,61
13131,61,14,28,61
13132,61,14,28,61
13133,61,14,28,61
13134,61,14,28,61
13135,61,14,28,61
13136,61,14,28,61
13137,61,14,28,62
13138,61,14,28,62
13139,61,14,28,62
13140,61,14,28,62
13141,61,14,28,62
13142,61,14,28,62
13143,61,14,28,62
13144,61,14,28,62
13145,61,14,28,62
13146,61,14,28,62
13147,61,14,28,62
13148,61,14,28,62
13149,61,14,28,62
13150,61,14,28,62
13151,61,14,28,62
13152,61,14,28,62
13153,61,14,28,62
13154,61,14,28,62
13155,61,14,28,62
13156,61,14,28,62
13157,61,14,28,62
13158,61,14,28,62
13159,61,14,28,62
13160,61,14,28,62
13161,61,14,28,62
13162,61,14,28,62
13163,61,14,28,63
13164,61,14,28,63
13165,61,14,28,63
13166,61,14,28,63
13167,61,14,28,63
13168,61,14,28,63
13169,61,14,28,63
13170,61,14,28,63
13171,61,14,28,63
13172,61,14,28,63
13173,61,14,28,63
13174,61,14,28,63
13175,61,14,28,63
13176,61,14,28,63
13177,61,14,28,63
13178,61,14,28,63
13179,61,14,28,64
13180,61,14,28,64
13181,61,14,28,64
13182,61,14,28,64
13183,61,14,28,64
13184,61,14,28,64
13185,61,14,28,64
13186,61,14,28,64
13187,61,14,28,64
13188,61,14,28,64
13189,61,14,28,64
13190,61,14,28,64
13191,61,14,28,64
13192,61,14,28,64
13193,61,14,28,64
13194,61,14,28,64
13195,61,14,28,65
13196,61,14,28,65
13197,61,14,28,65
13198,61,14,28,65
13199,61,14,28,65
13200,61,14,28,65
13201,61,14,28,65
13202,61,14,28,65
13203,61,14,28,65
13204,61,14,28,65
13205,61,14,28,65
13206,61,14,28,65
13207,61,14,28,65
13208,61,14,28,65
13209,61,14,28,65
13210,61,14,28,65
13211,61,14,28,66
13212,61,14,28,66
13213,61,14,28,66
13214,61,14,28,66
13215,61,14,28,66
13216,61,14,28,66
13217,61,14,28,66
13218,61,14,28,66
13219,61,14,28,66
13220,61,14,28,66
13221,61,14,28,67
13222,61,14,28,67
13223,61,14,28,67
13224,61,14,28,67
13225,61,14,28,67
13226,61,14,28,67
13227,61,14,28,67
13228,61,14,28,67
13229,61,14,28,67
13230,61,14,28,67
13231,61,14,28,67
13232,61,14,28,67
13233,61,14,28,67
13234,61,14,28,67
13235,61,14,28,67
13236,61,14,28,67
13237,61,14,28,67
13238,61,14,28,67
13239,61,14,28,67
13240,61,14,28,67
13241,61,14,28,67
13242,61,14,28,67
13243,61,14,28,67
13244,61,14,28,67
13245,61,14,28,67
13246,61,14,28,67
13247,61,14,28,67
13248,61,14,28,67
13249,61,14,28,67
13250,61,14,28,67
13251,61,14,28,67
13252,61,14,28,67
13253,61,14,28,67
13254,61,14,28,67
13255,61,14,28,67
13256,61,14,28,67
13257,61,14,28,67
13258,61,14,28,67
13259,61,14,28,67
13260,61,14,28,67
13261,61,14,28,67
13262,61,14,28,67
13263,61,14,28,67
13264,61,14,28,67
13265,61,14,28,67
13266,61,14,28,67
13267,61,14,28,67
13268,61,14,28,67
13269,61,14,28,67
13270,61,14,28,67
13271,61,14,28,67
13272,61,14,28,67
13273,61,14,28,67
13274,61,14,28,67
13275,61,14,28,67
13276,61,14,28,67
13277,61,14,28,67
13278,61,14,28,67
13279,61,14,28,67
13280,61,14,28,67
13281,61,14,28,67
13282,61,14,28,67
13283,61,14,28,67
13284,61,14,28,67
13285,61,14,28,67
13286,61,14,28,67
13287,61,14,28,67
13288,61,14,28,67
13289,61,14,28,67
13290,61,14,28,67
13291,61,14,28,67
13292,61,14,28,67
13293,61,14,28,67
13294,61,14,28,67
13295,61,14,28,67
13296,61,14,28,67
13297,61,14,28,67
13298,61,14,28,67
13299,61,14,28,68
13300,61,14,28,68
13301,61,14,28,68
13302,61,14,28,68
13303,61,14,28,68
13304,61,14,28,68
13305,61,14,28,68
13306,61,14,28,69
13307,61,14,28,69
13308,61,14,28,69
13309,61,14,28,69
13310,61,14,28,69
13311,61,14,28,69
13312,61,14,28,69
13313,61,14,28,69
13314,61,14,28,69
13315,61,14,28,69
13316,61,14,28,69
13317,61,14,28,69
13318,61,14,28,70
13319,61,14,28,70
13320,61,14,28,70
13321,61,14,28,70
13322,61,14,28,70
13323,61,14,28,70
13324,61,14,28,70
13325,61,14,28,70
13326,61,14,28,70
13327,61,14,28,70
13328,61,14,28,70
13329,61,14,28,70
13330,61,14,28,70
13331,61,14,28,70
13332,61,14,28,70
13333,61,14,28,71
13334,61,14,28,71
13335,61,14,28,71
13336,61,14,28,71
13337,61,14,28,71
13338,61,14,28,71
13339,61,14,28,71
13340,61,14,28,71
13341,61,14,28,71
13342,61,14,28,71
13343,61,14,28,71
13344,61,14,28,71
13345,61,14,28,71
13346,61,14,28,71
13347,61,14,28,71
13348,61,14,28,71
13349,61,14,28,71
13350,61,14,28,71
13351,61,14,28,71
13352,61,14,28,71
13353,61,14,28,71
13354,61,14,28,71
13355,61,14,28,71
13356,61,14,28,71
13357,61,14,28,71
13358,61,14,28,71
13359,61,14,28,71
13360,61,14,28,71
13361,61,14,28,71
13362,61,14,28,72
13363,61,14,28,72
13364,61,14,28,72
13365,61,14,28,72
13366,61,14,28,72
13367,61,14,28,72
13368,61,14,28,72
13369,61,14,28,72
13370,61,14,28,72
13371,61,14,28,72
13372,61,14,28,72
13373,61,14,28,72
13374,61,14,28,72
13375,61,14,28,72
13376,61,14,28,72
13377,61,14,28,72
13378,61,14,28,72
13379,61,14,28,72
13380,61,14,28,72
13381,61,14,28,72
13382,61,14,28,72
13383,61,14,28,72
13384,61,14,28,72
13385,61,14,28,72
13386,61,14,28,72
13387,61,14,28,72
13388,61,14,28,72
13389,61,14,28,72
13390,61,14,28,72
13391,61,14,28,72
13392,61,14,28,72
13393,61,14,28,72
13394,61,14,28,72
13395,61,14,28,72
13396,61,14,28,72
13397,61,14,28,72
13398,61,14,28,72
13399,61,14,28,72
13400,61,14,28,72
13401,61,14,28,72
13402,61,14,28,72
13403,61,14,28,72
13404,61,14,28,72
13405,61,14,28,72
13406,61,14,28,72
13407,61,14,28,72
13408,61,14,28,72
13409,61,14,28,72
13410,61,14,28,72
13411,61,14,28,72
13412,61,14,28,72
13413,61,14,28,72
13414,61,14,28,72
13415,61,14,28,72
13416,61,14,28,72
13417,61,14,28,72
13418,61,14,28,72
13419,61,14,28,72
13420,61,14,28,72
13421,61,14,28,72
13422,61,14,28,73
13423,61,14,28,73
13424,61,14,28,73
13425,61,14,28,73
13426,61,14,28,73
13427,61,14,28,73
13428,61,14,28,73
13429,61,14,28,73
13430,61,14,28,73
13431,61,14,28,73
13432,61,14,28,73
13433,61,14,28,73
13434,61,14,28,73
13435,61,14,28,73
13436,61,14,28,73
13437,61,14,28,73
13438,61,14,28,73
13439,61,14,28,73
13440,61,14,28,73
13441,61,14,28,73
13442,61,14,28,73
13443,61,14,28,73
13444,61,14,28,73
13445,61,14,28,73
13446,61,14,28,73
13447,61,14,28,73
13448,61,14,28,73
13449,61,14,28,73
13450,61,14,28,73
13451,61,14,28,73
13452,61,14,28,73
13453,61,14,28,73
13454,61,14,28,73
13455,61,14,28,73
13456,61,14,28,73
13457,61,14,28,73
13458,61,14,28,73
13459,61,14,28,73
13460,61,14,28,73
13461,61,14,28,73
13462,61,14,28,73
13463,61,14,28,73
13464,61,14,28,73
13465,61,14,28,73
13466,61,14,28,73
13467,61,14,28,73
13468,61,14,28,74
13469,61,14,28,74
13470,61,14,28,74
13471,61,14,28,74
13472,61,14,28,74
13473,61,14,28,74
13474,61,14,28,74
13475,61,14,28,74
13476,61,14,28,74
13477,61,14,28,74
13478,61,14,28,74
13479,61,14,28,74
13480,61,14,28,74
13481,61,14,28,74
13482,61,14,28,75
13483,61,14,28,75
13484,61,14,28,75
13485,61,14,28,75
13486,61,14,28,75
13487,61,14,28,75
13488,61,14,28,75
13489,61,14,28,75
13490,61,14,28,75
13491,61,14,28,76
13492,61,14,28,76
13493,61,14,28,76
13494,61,14,28,76
13495,61,14,28,76
13496,61,14,28,76
13497,61,14,28,76
13498,61,14,28,76
13499,61,14,28,76
13500,61,14,28,76
13501,61,14,28,76
13502,61,14,28,76
13503,61,14,28,76
13504,61,14,28,76
13505,61,14,28,76
13506,61,14,28,76
13507,61,14,28,77
13508,61,14,28,77
13509,61,14,28,77
13510,61,14,28,77
13511,61,14,28,77
13512,61,14,28,77
13513,61,14,28,77
13514,61,14,28,77
13515,61,14,28,77
13516,61,14,28,77
13517,61,14,28,77
13518,61,14,28,77
13519,61,14,28,77
13520,61,14,28,77
13521,61,14,28,77
13522,61,14,28,78
13523,61,14,28,78
13524,61,14,28,78
13525,61,14,28,78
13526,61,14,28,78
13527,61,14,28,78
13528,61,14,28,78
13529,61,14,28,78
13530,61,14,28,78
13531,61,14,28,78
13532,61,14,28,79
13533,61,14,28,79
13534,61,14,28,79
13535,61,14,28,79
13536,61,14,28,79
13537,61,14,28,79
13538,61,14,28,79
13539,61,14,28,79
13540,61,14,28,79
13541,61,14,28,79
13542,61,14,28,79
13543,61,14,28,79
13544,61,14,28,79
13545,61,14,28,79
13546,61,14,28,79
13547,61,14,28,79
13548,61,14,28,79
13549,61,14,28,79
13550,61,14,28,79
13551,61,14,28,79
13552,61,14,28,79
13553,61,14,28,80
13554,61,14,28,80
13555,61,14,28,80
13556,61,14,28,80
13557,61,14,28,80
13558,61,14,28,80
13559,61,14,28,80
13560,61,14,28,80
13561,61,14,28,81
13562,61,14,28,81
13563,61,14,28,81
13564,61,14,28,81
13565,61,14,28,81
13566,61,14,28,82
13567,61,14,28,82
13568,61,14,28,82
13569,61,14,28,82
13570,61,14,28,82
13571,61,14,28,82
13572,61,14,28,82
13573,61,14,28,82
13574,61,14,28,82
13575,61,14,28,82
13576,61,14,28,82
13577,61,14,28,82
13578,61,14,28,82
13579,61,14,28,82
13580,61,14,28,82
13581,61,14,28,82
13582,61,14,28,82
13583,61,14,28,82
13584,61,14,28,82
13585,61,14,28,82
13586,61,14,28,82
13587,61,14,28,82
13588,61,14,28,82
13589,61,14,28,82
13590,61,14,28,82
13591,61,14,28,82
13592,61,14,28,82
13593,61,14,28,82
13594,61,14,28,82
13595,61,14,28,82
13596,61,14,28,82
13597,61,14,28,82
13598,61,14,28,82
13599,61,14,28,82
13600,61,14,28,83
13601,61,14,28,83
13602,61,14,28,83
13603,61,14,28,83
13604,61,14,28,83
13605,61,14,28,83
13606,61,14,28,84
13607,61,14,28,84
13608,61,14,28,84
13609,61,14,28,84
13610,61,14,28,84
13611,61,14,28,84
13612,61,14,28,85
13613,61,14,28,85
13614,61,14,28,85
13615,61,14,28,85
13616,61,14,28,85
13617,61,14,28,85
13618,61,14,28,85
13619,61,14,28,85
13620,61,14,28,85
13621,61,14,28,85
13622,61,14,28,85
13623,61,14,28,85
13624,61,14,28,85
13625,61,14,28,85
13626,61,14,28,85
13627,61,14,28,85
13628,61,14,28,85
13629,61,14,28,85
13630,61,14,28,85
13631,61,14,28,85
13632,61,14,28,85
13633,61,14,28,85
13634,61,14,28,85
13635,61,14,28,85
13636,61,14,28,85
13637,61,14,28,85
13638,61,14,28,85
13639,61,14,28,85
13640,61,14,28,85
13641,61,14,28,85
13642,61,14,28,85
13643,61,14,28,85
13644,61,14,28,85
13645,61,14,28,85
13646,61,14,28,85
13647,61,14,28,85
13648,61,14,28,85
13649,61,14,28,85
13650,61,14,28,85
13651,61,14,28,85
13652,61,14,28,85
13653,61,14,28,85
13654,61,14,28,85
13655,61,14,28,85
13656,61,14,28,85
13657,61,14,28,85
13658,61,14,28,85
13659,61,14,28,86
13660,61,14,28,86
13661,61,14,28,86
13662,61,14,28,86
13663,61,14,28,86
13664,61,14,28,86
13665,61,14,28,86
13666,61,14,28,86
13667,61,14,28,86
13668,61,14,28,86
13669,61,14,28,86
13670,61,14,28,86
13671,61,14,28,86
13672,61,14,28,86
13673,61,14,28,86
13674,61,14,28,86
13675,61,14,28,86
13676,61,14,28,86
13677,61,14,28,86
13678,61,14,28,86
13679,61,14,28,86
13680,61,14,28,86
13681,61,14,28,86
13682,61,14,28,86
13683,61,14,28,86
13684,61,14,28,86
13685,61,14,28,86
13686,61,14,28,86
13687,61,14,28,86
13688,61,14,28,86
13689,61,14,28,86
13690,61,14,28,86
13691,61,14,28,86
13692,61,14,28,86
13693,61,14,28,86
13694,61,14,28,86
13695,61,14,28,86
13696,61,14,28,86
13697,61,14,28,86
13698,61,14,28,86
13699,61,14,28,86
13700,61,14,28,86
13701,61,14,28,86
13702,61,14,28,86
13703,61,14,28,86
13704,61,14,28,87
13705,61,14,28,87
13706,61,14,28,87
13707,61,14,28,87
13708,61,14,28,87
13709,61,14,28,87
13710,61,14,28,87
13711,61,14,28,87
13712,61,14,28,87
13713,61,14,28,87
13714,61,14,28,87
13715,61,14,28,87
13716,61,14,28,87
13717,61,14,28,87
13718,61,14,28,87
13719,61,14,28,87
13720,61,14,28,87
13721,61,14,28,87
13722,61,14,28,87
13723,61,14,28,87
13724,61,14,28,87
13725,61,14,28,87
13726,61,14,28,87
13727,61,14,28,87
13728,61,14,28,87
13729,61,14,28,87
13730,61,14,28,87
13731,61,14,28,87
13732,61,14,28,87
13733,61,14,28,87
13734,61,14,28,87
13735,61,14,28,87
13736,61,14,28,87
13737,61,14,28,87
13738,61,14,28,87
13739,61,14,28,87
13740,61,14,28,87
13741,61,14,28,87
13742,61,14,28,88
13743,61,14,28,88
13744,61,14,28,88
13745,61,14,28,88
13746,61,14,28,88
13747,61,14,28,88
13748,61,14,28,88
13749,61,14,28,88
13750,61,14,28,88
13751,61,14,28,88
13752,61,14,28,88
13753,61,14,28,88
13754,61,14,28,88
13755,61,14,28,88
13756,61,14,28,88
13757,61,14,28,88
13758,61,14,28,88
13759,61,14,28,88
13760,61,14,28,88
13761,61,14,28,88
13762,61,14,28,88
13763,61,14,28,88
13764,61,14,28,88
13765,61,14,28,88
13766,61,14,28,88
13767,61,14,28,88
13768,61,14,28,88
13769,61,14,28,88
13770,61,14,28,88
13771,61,14,28,88
13772,61,14,28,88
13773,61,14,28,88
13774,61,14,28,88
13775,61,14,28,88
13776,61,14,28,88
13777,61,14,28,88
13778,61,14,28,88
13779,61,14,28,88
13780,61,14,28,88
13781,61,14,28,88
13782,61,14,28,88
13783,61,14,28,88
13784,61,14,28,88
13785,61,14,28,88
13786,61,14,28,88
13787,61,14,28,88
13788,61,14,28,88
13789,61,14,28,88
13790,61,14,28,88
13791,61,14,28,88
13792,61,14,28,88
13793,61,14,28,88
13794,61,14,28,88
13795,61,14,28,88
13796,61,14,28,88
13797,61,14,28,88
13798,61,14,28,88
13799,61,14,28,88
13800,61,14,28,88
13801,61,14,28,88
13802,61,14,28,88
13803,61,14,28,88
13804,61,14,28,88
13805,61,14,28,88
13806,61,14,28,88
13807,61,14,28,88
13808,61,14,28,88
13809,61,14,28,88
13810,61,14,28,88
13811,61,14,28,88
13812,61,14,28,88
13813,61,14,28,88
13814,61,14,28,88
13815,61,14,28,89
13816,61,14,28,89
13817,61,14,28,89
13818,61,14,28,89
13819,61,14,28,89
13820,61,14,28,89
13821,61,14,28,89
13822,61,14,28,89
13823,61,14,28,89
13824,61,14,28,89
13825,61,14,28,89
13826,61,14,28,89
13827,61,14,28,89
13828,61,14,28,89
13829,61,14,28,89
13830,61,14,28,89
13831,61,14,28,89
13832,61,14,28,89
13833,61,14,28,89
13834,61,14,28,89
13835,61,14,28,89
13836,61,14,28,89
13837,61,14,28,89
13838,61,14,28,89
13839,61,14,28,89
13840,61,14,28,89
13841,61,14,28,89
13842,61,14,28,89
13843,61,14,28,89
13844,61,14,28,89
13845,61,14,28,89
13846,61,14,28,89
13847,61,14,28,89
13848,61,14,28,89
13849,61,14,28,89
13850,61,14,28,89
13851,61,14,28,89
13852,61,14,28,89
13853,61,14,28,89
13854,61,14,28,89
13855,61,14,28,89
13856,61,14,28,89
13857,61,14,28,89
13858,61,14,28,89
13859,61,14,28,89
13860,61,14,28,89
13861,61,14,28,89
13862,61,14,28,89
13863,61,14,28,89
13864,61,14,28,89
13865,61,14,28,89
13866,61,14,28,89
13867,61,14,28,89
13868,61,14,28,89
13869,61,14,28,89
13870,61,14,28,89
13871,61,14,28,89
13872,61,14,28,89
13873,61,14,28,89
13874,61,14,28,89
13875,61,14,28,89
13876,61,14,28,89
13877,61,14,28,89
13878,61,14,28,89
13879,61,14,28,89
13880,61,14,28,89
13881,61,14,28,89
13882,61,14,28,89
13883,61,14,28,89
13884,61,14,28,89
13885,61,14,28,89
13886,61,14,28,90
13887,61,14,28,90
13888,61,14,28,90
13889,61,14,28,90
13890,61,14,28,90
13891,61,14,28,90
13892,61,14,28,90
13893,61,14,28,90
13894,61,14,28,90
13895,61,14,28,90
13896,61,14,28,90
13897,61,14,28,90
13898,61,14,28,90
13899,61,14,28,90
13900,61,14,28,90
13901,61,14,28,90
13902,61,14,28,90
13903,61,14,28,90
13904,61,14,28,90
13905,61,14,28,90
13906,61,14,28,90
13907,61,14,28,90
13908,61,14,28,90
13909,61,14,28,90
13910,61,14,28,90
13911,61,14,28,90
13912,61,14,28,90
13913,61,14,28,90
13914,61,14,28,90
13915,61,14,28,90
13916,61,14,28,90
13917,61,14,28,90
13918,61,14,28,90
13919,61,14,28,90
13920,61,14,28,90
13921,61,14,28,90
13922,61,14,28,90
13923,61,14,28,90
13924,61,14,28,91
13925,61,14,28,91
13926,61,14,28,91
13927,61,14,28,92
13928,61,14,28,92
13929,61,14,28,92
13930,61,14,28,92
13931,61,14,28,92
13932,61,14,28,92
13933,61,14,28,92
13934,61,14,28,92
13935,61,14,28,92
13936,61,14,28,92
13937,61,14,28,92
13938,61,14,28,92
13939,61,14,28,92
13940,61,14,28,92
13941,61,14,28,92
13942,61,14,28,92
13943,61,14,28,92
13944,61,14,28,92
13945,61,14,28,92
13946,61,14,28,92
13947,61,14,28,92
13948,61,14,28,92
13949,61,14,28,92
13950,61,14,28,92
13951,61,14,28,92
13952,61,14,28,92
13953,61,14,28,92
13954,61,14,28,92
13955,61,14,28,92
13956,61,14,28,92
13957,61,14,28,92
13958,61,14,28,92
13959,61,14,28,92
13960,61,14,28,92
13961,61,14,28,92
13962,61,14,28,92
13963,61,14,28,92
13964,61,14,28,92
13965,61,14,28,92
13966,61,14,28,92
13967,61,14,28,92
13968,61,14,28,92
13969,61,14,28,92
13970,61,14,28,92
13971,61,14,28,92
13972,61,14,28,92
13973,61,14,28,92
13974,61,14,28,92
13975,61,14,28,92
13976,61,14,28,92
13977,61,14,28,92
13978,61,14,28,92
13979,61,14,28,92
13980,61,14,28,92
13981,61,14,28,92
13982,61,14,28,92
13983,61,14,28,92
13984,61,14,28,92
13985,61,14,28,92
13986,61,14,28,92
13987,61,14,28,92
13988,61,14,28,92
13989,61,14,28,92
13990,61,14,28,92
13991,61,14,28,92
13992,61,14,28,92
13993,61,14,28,92
13994,61,14,28,92
13995,61,14,28,92
13996,61,14,28,92
13997,61,14,28,92
13998,61,14,28,92
13999,61,14,28,92
14000,61,14,28,92
14001,61,14,28,92
14002,61,14,28,92
14003,61,14,28,92
14004,61,14,28,92
14005,61,14,28,92
14006,61,14,28,92
14007,61,14,28,92
14008,61,14,28,92
14009,61,14,28,92
14010,61,14,28,92
14011,61,14,28,92
14012,61,14,28,92
14013,61,14,28,92
14014,61,14,28,92
14015,61,14,28,92
14016,61,14,28,92
14017,61,14,28,92
14018,61,14,28,92
14019,61,14,28,92
14020,61,14,28,92
14021,61,14,28,92
14022,61,14,28,92
14023,61,14,28,92
14024,61,14,28,92
14025,61,14,28,92
14026,61,14,28,92
14027,61,14,28,92
14028,61,14,28,92
14029,61,14,28,92
14030,61,14,28,92
14031,61,14,28,92
14032,61,14,28,92
14033,61,14,28,92
14034,61,14,28,92
14035,61,14,28,92
14036,61,14,28,92
14037,61,14,28,92
14038,61,14,28,92
14039,61,14,28,92
14040,61,14,28,92
14041,61,14,28,92
14042,61,14,28,92
14043,61,14,28,92
14044,61,14,28,92
14045,61,14,28,92
14046,61,14,28,93
14047,61,14,28,93
14048,61,14,28,93
14049,61,14,28,93
14050,61,14,28,93
14051,61,14,28,93
14052,61,14,28,93
14053,61,14,28,93
14054,61,14,28,93
14055,61,14,28,93
14056,61,14,28,93
14057,61,14,28,93
14058,61,14,28,93
14059,61,14,28,93
14060,61,14,28,93
14061,61,14,28,93
14062,61,14,28,93
14063,61,14,28,93
14064,61,14,28,93
14065,61,14,28,93
14066,61,14,28,93
14067,61,14,28,93
14068,61,14,28,93
14069,61,14,28,93
14070,61,14,28,93
14071,61,14,28,93
14072,61,14,28,93
14073,61,14,28,93
14074,61,14,28,93
14075,61,14,28,93
14076,61,14,28,93
14077,61,14,28,93
14078,61,14,28,93
14079,61,14,28,93
14080,61,14,28,93
14081,61,14,28,93
14082,61,14,28,93
14083,61,14,28,93
14084,61,14,28,93
14085,61,14,28,93
14086,61,14,28,93
14087,61,14,28,93
14088,61,14,28,93
14089,61,14,28,93
14090,61,14,28,93
14091,61,14,28,93
14092,61,14,28,93
14093,61,14,28,93
14094,61,14,28,93
14095,61,14,28,93
14096,61,14,28,93
14097,61,14,28,93
14098,61,14,28,93
14099,61,14,28,93
14100,61,14,28,93
14101,61,14,28,93
14102,61,14,28,93
14103,61,14,28,93
14104,61,14,28,93
14105,61,14,28,93
14106,61,14,28,93
14107,61,14,28,93
14108,61,14,28,93
14109,61,14,28,93
14110,61,14,28,93
14111,61,14,28,93
14112,61,14,28,93
14113,61,14,28,93
14114,61,14,28,93
14115,61,14,28,93
14116,61,14,28,93
14117,61,14,28,93
14118,61,14,28,93
14119,61,14,28,93
14120,61,14,28,93
14121,61,14,28,93
14122,61,14,28,93
14123,61,14,28,93
14124,61,14,28,93
14125,61,14,28,93
14126,61,14,28,93
14127,61,14,28,93
14128,61,14,28,93
14129,61,14,28,93
14130,61,14,28,93
14131,61,14,28,93
14132,61,14,28,93
14133,61,14,28,93
14134,61,14,28,93
14135,61,14,28,93
14136,61,14,28,93
14137,61,14,28,93
14138,61,14,28,93
14139,61,14,28,93
14140,61,14,28,93
14141,61,14,28,93
14142,61,14,28,93
14143,61,14,28,93
14144,61,14,28,93
14145,61,14,28,93
14146,61,14,28,93
14147,61,14,28,93
14148,61,14,28,93
14149,61,14,28,93
14150,61,14,28,93
14151,61,14,28,93
14152,61,14,28,93
14153,61,14,28,93
14154,61,14,28,93
14155,61,14,28,93
14156,61,14,28,93
14157,61,14,28,93
14158,61,14,28,93
14159,61,14,28,93
14160,61,14,28,93
14161,61,14,28,93
14162,61,14,28,93
14163,61,14,28,93
14164,61,14,28,93
14165,61,14,28,93
14166,61,14,28,93
14167,61,14,28,93
14168,61,14,28,93
14169,61,14,28,93
14170,61,14,28,93
14171,61,14,28,93
14172,61,14,28,93
14173,61,14,28,93
14174,61,14,28,93
14175,61,14,28,93
14176,61,14,28,93
14177,61,14,28,93
14178,61,14,28,93
14179,61,14,28,93
14180,61,14,28,93
14181,61,14,28,93
14182,61,14,28,93
14183,61,14,28,93
14184,61,14,28,93
14185,61,14,28,93
14186,61,14,28,93
14187,61,14,28,93
14188,61,14,28,93
14189,61,14,28,93
14190,61,14,28,93
14191,61,14,28,93
14192,61,14,28,93
14193,61,14,28,93
14194,61,14,28,93
14195,61,14,28,93
14196,61,14,28,93
14197,61,14,28,93
14198,61,14,28,93
14199,61,14,28,93
14200,61,14,28,93
14201,61,14,28,93
14202,61,14,28,93
14203,61,14,28,93
14204,61,14,28,93
14205,61,14,28,93
14206,61,14,28,93
14207,61,14,28,93
14208,61,14,28,93
14209,61,14,28,93
14210,61,14,28,93
14211,61,14,28,93
14212,61,14,28,93
14213,61,14,28,93
14214,61,14,28,93
14215,61,14,28,93
14216,61,14,28,93
14217,61,14,28,93
14218,61,14,28,93
14219,61,14,28,93
14220,61,14,28,93
14221,61,14,28,93
14222,61,14,28,93
14223,61,14,28,93
14224,61,14,28,93
14225,61,14,28,93
14226,61,14,28,93
14227,61,14,28,93
14228,61,14,28,93
14229,61,14,28,93
14230,61,14,28,93
14231,61,14,28,94
14232,61,14,28,94
14233,61,14,28,94
14234,61,14,28,94
14235,61,14,28,94
14236,61,14,28,94
14237,61,14,28,94
14238,61,14,28,94
14239,61,14,28,94
14240,61,14,28,94
14241,61,14,28,94
14242,61,14,28,94
14243,61,14,28,94
14244,61,14,28,94
14245,61,14,28,94
14246,61,14,28,94
14247,61,14,28,94
14248,61,14,28,94
14249,61,14,28,94
14250,61,14,28,94
14251,61,14,28,94
14252,61,14,28,94
14253,61,14,28,94
14254,61,14,28,94
14255,61,14,28,94
14256,61,14,28,94
14257,61,14,28,94
14258,61,14,28,94
14259,61,14,28,94
14260,61,14,28,94
14261,61,14,28,94
14262,61,14,28,94
14263,61,14,28,94
14264,61,14,28,94
14265,61,14,28,94
14266,61,14,28,94
14267,61,14,28,94
14268,61,14,28,94
14269,61,14,28,94
14270,61,14,28,94
14271,61,14,28,94
14272,61,14,28,94
14273,61,14,28,94
14274,61,14,28,94
14275,61,14,28,94
14276,61,14,28,94
14277,61,14,28,94
14278,61,14,28,94
14279,61,14,28,94
14280,61,14,28,94
14281,61,14,28,94
14282,61,14,28,94
14283,61,14,28,94
14284,61,14,28,94
14285,61,14,28,94
14286,61,14,28,94
14287,61,14,28,94
14288,61,14,28,94
14289,61,14,28,94
14290,61,14,28,94
14291,61,14,28,94
14292,61,14,28,94
14293,61,14,28,94
14294,61,14,28,94
14295,61,14,28,94
14296,61,14,28,94
14297,61,14,28,94
14298,61,14,28,94
14299,61,14,28,94
14300,61,14,28,94
14301,61,14,28,94
14302,61,14,28,94
14303,61,14,28,94
14304,61,14,28,94
14305,61,14,28,94
14306,61,14,28,94
14307,61,14,28,94
14308,61,14,28,94
14309,61,14,28,94
14310,61,14,28,94
14311,61,14,28,94
14312,61,14,28,94
14313,61,14,28,94
14314,61,14,28,94
14315,61,14,28,94
14316,61,14,28,94
14317,61,14,28,94
14318,61,14,28,94
14319,61,14,28,94
14320,61,14,28,94
14321,61,14,28,94
14322,61,14,28,94
14323,61,14,28,94
14324,61,14,28,94
14325,61,14,28,94
14326,61,14,28,94
14327,61,14,28,94
14328,61,14,28,94
14329,61,14,28,94
14330,61,14,28,94
14331,61,14,28,94
14332,61,14,28,94
14333,61,14,28,94
14334,61,14,28,94
14335,61,14,28,94
14336,61,14,28,94
14337,61,14,28,94
14338,61,14,28,94
14339,61,14,28,94
14340,61,14,28,94
14341,61,14,28,94
14342,61,14,28,94
14343,61,14,28,94
14344,61,14,28,94
14345,61,14,28,94
14346,61,14,28,94
14347,61,14,28,94
14348,61,14,28,94
14349,61,14,28,94
14350,61,14,28,94
14351,61,14,28,94
14352,61,14,28,94
14353,61,14,28,94
14354,61,14,28,94
14355,61,14,28,94
14356,61,14,28,94
14357,61,14,28,94
14358,61,14,28,94
14359,61,14,28,94
14360,61,14,28,94
14361,61,14,28,94
14362,61,14,28,94
14363,61,14,28,94
14364,61,14,28,94
14365,61,14,28,94
14366,61,14,28,94
14367,61,14,28,94
14368,61,14,28,94
14369,61,14,28,94
14370,61,14,28,94
14371,61,14,28,94
14372,61,14,28,94
14373,61,14,28,94
14374,61,14,28,94
14375,61,14,28,94
14376,61,14,28,94
14377,61,14,28,94
14378,61,14,28,94
14379,61,14,28,94
14380,61,14,28,94
14381,61,14,28,94
14382,61,14,28,95
14383,61,14,28,95
14384,61,14,28,95
14385,61,14,28,95
14386,61,14,28,95
14387,61,14,28,95
14388,61,14,28,95
14389,61,14,28,95
14390,61,14,28,95
14391,61,14,28,95
14392,61,14,28,95
14393,61,14,28,95
14394,61,14,28,95
14395,61,14,28,95
14396,61,14,28,95
14397,61,14,28,95
14398,61,14,28,95
14399,61,14,28,95
14400,61,14,28,95
14401,61,14,28,95
14402,61,14,28,95
14403,61,14,28,95
14404,61,14,28,95
14405,61,14,28,95
14406,61,14,28,95
14407,61,14,28,95
14408,61,14,28,95
14409,61,14,28,95
14410,61,14,28,95
14411,61,14,28,95
14412,61,14,28,95
14413,61,14,28,95
14414,61,14,28,95
14415,61,14,28,95
14416,61,14,28,95
14417,61,14,28,95
14418,61,14,28,95
14419,61,14,28,95
14420,61,14,28,95
14421,61,14,28,95
14422,61,14,28,95
14423,61,14,28,95
14424,61,14,28,95
14425,61,14,28,95
14426,61,14,28,95
14427,61,14,28,95
14428,61,14,28,95
14429,61,14,28,95
14430,61,14,28,95
14431,61,14,28,95
14432,61,14,28,95
14433,61,14,28,95
14434,61,14,28,95
14435,61,14,28,95
14436,61,14,28,95
14437,61,14,28,95
14438,61,14,28,95
14439,61,14,28,95
14440,61,14,28,95
14441,61,14,28,95
14442,61,14,28,95
14443,61,14,28,95
14444,61,14,28,95
14445,61,14,28,95
14446,61,14,28,95
14447,61,14,28,95
14448,61,14,28,95
14449,61,14,28,95
14450,61,14,28,95
14451,61,14,28,95
14452,61,14,28,95
14453,61,14,28,95
14454,61,14,28,95
14455,61,14,28,95
14456,61,14,28,95
14457,61,14,28,95
14458,61,14,28,95
14459,61,14,28,95
14460,61,14,28,95
14461,61,14,28,95
14462,61,14,28,95
14463,61,14,28,95
14464,61,14,28,95
14465,61,14,28,95
14466,61,14,28,95
14467,61,14,28,95
14468,61,14,28,95
14469,61,14,28,95
14470,61,14,28,95
14471,61,14,28,95
14472,61,14,28,95
14473,61,14,28,95
14474,61,14,28,95
14475,61,14,28,95
14476,61,14,28,95
14477,61,14,28,95
14478,61,14,28,95
14479,61,14,28,95
14480,61,14,28,95
14481,61,14,28,95
14482,61,14,28,95
14483,61,14,28,95
14484,61,14,28,95
14485,61,14,28,95
14486,61,14,28,95
14487,61,14,28,95
14488,61,14,28,95
14489,61,14,28,95
14490,61,14,28,95
14491,61,14,28,95
14492,61,14,28,95
14493,61,14,28,96
14494,61,14,28,96
14495,61,14,28,96
14496,61,14,28,96
14497,61,14,28,96
14498,61,14,28,96
14499,61,14,28,96
14500,61,14,28,96
14501,61,14,28,96
14502,61,14,28,96
14503,61,14,28,96
14504,61,14,28,96
14505,61,14,28,96
14506,61,14,28,96
14507,61,14,28,96
14508,61,14,28,96
14509,61,14,28,96
14510,61,14,28,96
14511,61,14,28,96
14512,61,14,28,96
14513,61,14,28,96
14514,61,14,28,96
14515,61,14,28,96
14516,61,14,28,96
14517,61,14,28,96
14518,61,14,28,96
14519,61,14,28,96
14520,61,14,28,96
14521,61,14,28,96
14522,61,14,28,96
14523,61,14,28,96
14524,61,14,28,96
14525,61,14,28,96
14526,61,14,28,96
14527,61,14,28,96
14528,61,14,28,96
14529,61,14,28,96
14530,61,14,28,96
14531,61,14,28,96
14532,61,14,28,96
14533,61,14,28,96
14534,61,14,28,96
14535,61,14,28,96
14536,61,14,28,96
14537,61,14,28,97
14538,61,14,28,97
14539,61,14,28,97
14540,61,14,28,97
14541,61,14,28,97
14542,61,14,28,97
14543,61,14,28,97
14544,61,14,28,97
14545,61,14,28,97
14546,61,14,28,97
14547,61,14,28,97
14548,61,14,28,97
14549,61,14,28,97
14550,61,14,28,97
14551,61,14,28,97
14552,61,14,28,97
14553,61,14,28,98
14554,61,14,28,98
14555,61,14,28,98
14556,61,14,28,98
14557,61,14,28,98
14558,61,14,28,98
14559,61,14,28,98
14560,61,14,28,98
14561,61,14,28,98
14562,61,14,28,98
14563,61,14,28,98
14564,61,14,28,98
14565,61,14,28,98
14566,61,14,28,98
14567,61,14,28,98
14568,61,14,28,98
14569,61,14,28,98
14570,61,14,28,98
14571,61,14,28,98
14572,61,14,28,98
14573,61,14,28,98
14574,61,14,28,98
14575,61,14,28,98
14576,61,14,28,98
14577,61,14,28,98
14578,61,14,28,98
14579,61,14,28,98
14580,61,14,28,98
14581,61,14,28,98
14582,61,14,28,98
14583,61,14,28,98
14584,61,14,28,98
14585,61,14,28,98
14586,61,14,28,98
14587,61,14,28,98
14588,61,14,28,98
14589,61,14,28,98
14590,61,14,28,98
14591,61,14,28,98
14592,61,14,28,98
14593,61,14,28,98
14594,61,14,28,98
14595,61,14,28,98
14596,61,14,28,98
14597,61,14,28,98
14598,61,14,28,98
14599,61,14,28,98
14600,61,14,28,98
14601,61,14,28,98
14602,61,14,28,98
14603,61,14,28,98
14604,61,14,28,98
14605,61,14,28,98
14606,61,14,28,98
14607,61,14,28,98
14608,61,14,28,98
14609,61,14,28,98
14610,61,14,28,98
14611,61,14,28,98
14612,61,14,28,98
14613,61,14,28,98
14614,61,14,28,98
14615,61,14,28,98
14616,61,14,28,98
14617,61,14,28,98
14618,61,14,28,98
14619,61,14,28,98
14620,61,14,28,98
14621,61,14,28,98
14622,61,14,28,98
14623,61,14,28,98
14624,61,14,28,98
14625,61,14,28,98
14626,61,14,28,98
14627,61,14,28,98
14628,61,14,28,98
14629,61,14,28,98
14630,61,14,28,98
14631,61,14,28,98
14632,61,14,28,98
14633,61,14,28,98
14634,61,14,28,98
14635,61,14,28,98
14636,61,14,28,98
14637,61,14,28,98
14638,61,14,28,98
14639,61,14,28,98
14640,61,14,28,98
14641,61,14,28,98
14642,61,14,28,98
14643,61,14,28,98
14644,61,14,28,98
14645,61,14,28,98
14646,61,14,28,98
14647,61,14,28,98
14648,61,14,28,98
14649,61,14,28,98
14650,61,14,28,98
14651,61,14,28,98
14652,61,14,28,98
14653,61,14,28,98
14654,61,14,28,98
14655,61,14,28,98
14656,61,14,28,98
14657,61,14,28,98
14658,61,14,28,98
14659,61,14,28,98
14660,61,14,28,98
14661,61,14,28,98
14662,61,14,28,98
14663,61,14,28,98
14664,61,14,28,99
14665,61,14,28,99
14666,61,14,28,99
14667,61,14,28,99
14668,61,14,28,99
14669,61,14,28,99
14670,61,14,28,99
14671,61,14,28,99
14672,61,14,28,99
14673,61,14,28,99
14674,61,14,28,99
14675,61,14,28,99
14676,61,14,28,99
14677,61,14,28,99
14678,61,14,28,99
14679,61,14,28,99
14680,61,14,28,99
14681,61,14,28,99
14682,61,14,28,99
14683,61,14,28,99
14684,61,14,28,99
14685,61,14,28,99
14686,61,14,28,99
14687,61,14,28,99
14688,61,14,28,99
14689,61,14,28,99
14690,61,14,28,99
14691,61,14,28,99
14692,61,14,28,99
14693,61,14,28,99
14694,61,14,28,99
14695,61,14,28,99
14696,61,14,28,99
14697,61,14,28,99
14698,61,14,28,99
14699,61,14,28,99
14700,61,14,28,99
14701,61,14,28,99
14702,61,14,28,99
14703,61,14,28,99
14704,61,14,28,99
14705,61,14,28,99
14706,61,14,28,99
14707,61,14,28,99
14708,61,14,28,99
14709,61,14,28,99
14710,61,14,28,99
14711,61,14,28,99
14712,61,14,28,99
14713,61,14,28,100
14714,61,14,28,100
14715,61,14,28,100
14716,61,14,28,100
14717,61,14,28,100
14718,61,14,28,100
14719,61,14,28,100
14720,61,14,28,100
14721,61,14,28,100
14722,61,14,28,100
14723,61,14,28,100
14724,61,14,28,100
14725,61,14,28,100
14726,61,14,28,100
14727,61,14,28,100
14728,61,14,28,100
14729,61,14,28,100
14730,61,14,28,100
14731,61,14,28,100
14732,61,14,28,100
14733,61,14,28,100
14734,61,14,28,100
14735,61,14,28,100
14736,61,14,28,100
14737,61,14,28,100
14738,61,14,28,100
14739,61,14,28,100
14740,61,14,28,100
14741,61,14,28,100
14742,61,14,28,100
14743,61,14,28,100
14744,61,14,28,100
14745,61,14,28,100
14746,61,14,28,100
14747,61,14,28,100
14748,61,14,28,100
14749,61,14,28,100
14750,61,14,28,100
14751,61,14,28,100
14752,61,14,28,100
14753,61,14,28,100
14754,61,14,28,100
14755,61,14,28,100
14756,61,14,28,100
14757,61,14,28,100
14758,61,14,28,100
14759,61,14,28,100
14760,61,14,28,100
14761,61,14,28,100
14762,61,14,28,100
14763,61,14,28,100
14764,61,14,28,100
14765,61,14,28,100
14766,61,14,28,100
14767,61,14,28,100
14768,61,14,28,100
14769,61,14,28,101
14770,61,14,28,101
14771,61,14,28,101
14772,61,14,28,101
14773,61,14,28,101
14774,61,14,28,101
14775,61,14,28,101
14776,61,14,28,101
14777,61,14,28,101
14778,61,14,28,101
14779,61,14,28,101
14780,61,14,28,101
14781,61,14,28,101
14782,61,14,28,101
14783,61,14,28,101
14784,61,14,28,101
14785,61,14,28,101
14786,61,14,28,101
14787,61,14,28,101
14788,61,14,28,101
14789,61,14,28,101
14790,61,14,28,101
14791,61,14,28,101
14792,61,14,28,101
14793,61,14,28,101
14794,61,14,28,101
14795,61,14,28,101
14796,61,14,28,101
14797,61,14,28,101
14798,61,14,28,101
14799,61,14,28,101
14800,61,14,28,101
14801,61,14,28,101
14802,61,14,28,101
14803,61,14,28,101
14804,61,14,28,101
14805,61,14,28,101
14806,61,14,28,101
14807,61,14,28,101
14808,61,14,28,101
14809,61,14,28,101
14810,61,14,28,101
14811,61,14,28,101
14812,61,14,28,101
14813,61,14,28,101
14814,61,14,28,102
14815,61,14,28,102
14816,61,14,28,103
14817,61,14,28,103
14818,61,14,28,103
14819,61,14,28,103
14820,61,14,28,103
14821,61,14,28,103
14822,61,14,28,103
14823,61,14,28,103
14824,61,14,28,103
14825,61,14,28,103
14826,61,14,28,103
14827,61,14,28,103
14828,61,14,28,103
14829,61,14,28,103
14830,61,14,28,103
14831,61,14,28,103
14832,61,14,28,103
14833,61,14,28,103
14834,61,14,28,103
14835,61,14,28,103
14836,61,14,28,103
14837,61,14,28,103
14838,61,14,28,103
14839,61,14,28,103
14840,61,14,28,103
14841,61,14,28,103
14842,61,14,28,103
14843,61,14,28,103
14844,61,14,28,103
14845,61,14,28,103
14846,61,14,28,103
14847,61,14,28,103
14848,61,14,28,103
14849,61,14,28,103
14850,61,14,28,103
14851,61,14,28,103
14852,61,14,28,103
14853,61,14,28,103
14854,61,14,28,103
14855,61,14,28,103
14856,61,14,28,103
14857,61,14,28,103
14858,61,14,28,103
14859,61,14,28,103
14860,61,14,28,103
14861,61,14,28,103
14862,61,14,28,103
14863,61,14,28,103
14864,61,14,28,103
14865,61,14,28,103
14866,61,14,28,103
14867,61,14,28,103
14868,61,14,28,103
14869,61,14,28,103
14870,61,14,28,103
14871,61,14,28,103
14872,61,14,28,103
14873,61,14,28,103
14874,61,14,28,103
14875,61,14,28,103
14876,61,14,28,103
14877,61,14,28,103
14878,61,14,28,103
14879,61,14,28,103
14880,61,14,28,103
14881,61,14,28,103
14882,61,14,28,103
14883,61,14,28,103
14884,61,14,28,103
14885,61,14,28,103
14886,61,14,28,103
14887,61,14,28,103
14888,61,14,28,103
14889,61,14,28,103
14890,61,14,28,103
14891,61,14,28,103
14892,61,14,28,103
14893,61,14,28,103
14894,61,14,28,103
14895,61,14,28,103
14896,61,14,28,103
14897,61,14,28,103
14898,61,14,28,103
14899,61,14,28,103
14900,61,14,28,104
14901,61,14,28,104
14902,61,14,28,104
14903,61,14,28,104
14904,61,14,28,104
14905,61,14,28,104
14906,61,14,28,104
14907,61,14,28,104
14908,61,14,28,104
14909,61,14,28,104
14910,61,14,28,104
14911,61,14,28,104
14912,61,14,28,104
14913,61,14,28,104
14914,61,14,28,104
14915,61,14,28,104
14916,61,14,28,104
14917,61,14,28,104
14918,61,14,28,104
14919,61,14,28,104
14920,61,14,28,104
14921,61,14,28,104
14922,61,14,28,104
14923,61,14,28,104
14924,61,14,28,104
14925,61,14,28,104
14926,61,14,28,104
14927,61,14,28,104
14928,61,14,28,104
14929,61,14,28,104
14930,61,14,28,104
14931,61,14,28,104
14932,61,14,28,104
14933,61,14,28,104
14934,61,14,28,104
14935,61,14,28,104
14936,61,14,28,104
14937,61,14,28,104
14938,61,14,28,104
14939,61,14,28,104
14940,61,14,28,104
14941,61,14,28,104
14942,61,14,28,104
14943,61,14,28,104
14944,61,14,28,104
14945,61,14,28,104
14946,61,14,28,104
14947,61,14,28,104
14948,61,14,28,104
14949,61,14,28,104
14950,61,14,28,104
14951,61,14,28,104
14952,61,14,28,104
14953,61,14,28,104
14954,61,14,28,104
14955,61,14,28,104
14956,61,14,28,104
14957,61,14,28,104
14958,61,14,28,104
14959,61,14,28,104
14960,61,14,28,104
14961,61,14,28,104
14962,61,14,28,104
14963,61,14,28,104
14964,61,14,28,104
14965,61,14,28,104
14966,61,14,28,104
14967,61,14,28,104
14968,61,14,28,105
14969,61,14,28,105
14970,61,14,28,105
14971,61,14,28,105
14972,61,14,28,105
14973,61,14,28,105
14974,61,14,28,105
14975,61,14,28,105
14976,61,14,28,105
14977,61,14,28,105
14978,61,14,28,105
14979,61,14,28,105
14980,61,14,28,105
14981,61,14,28,105
14982,61,14,28,105
14983,61,14,28,105
14984,61,14,28,105
14985,61,14,28,105
14986,61,14,28,105
14987,61,14,28,105
14988,61,14,28,105
14989,61,14,28,105
14990,61,14,28,105
14991,61,14,28,105
14992,61,14,28,105
14993,61,14,28,105
14994,61,14,28,105
14995,61,14,28,105
14996,61,14,28,105
14997,61,14,28,105
14998,61,14,28,105
14999,61,14,28,105
15000,61,14,28,105
15001,61,14,28,105
15002,61,14,28,105
15003,61,14,28,105
15004,61,14,28,105
15005,61,14,28,105
15006,61,14,28,105
15007,61,14,28,105
15008,61,14,28,105
15009,61,14,28,105
15010,61,14,28,105
15011,61,14,28,105
15012,61,14,28,105
15013,61,14,28,105
15014,61,14,28,105
15015,61,14,28,105
15016,61,14,28,105
15017,61,14,28,105
15018,61,14,28,105
15019,61,14,28,105
15020,61,14,28,105
15021,61,14,28,105
15022,61,14,28,105
15023,61,14,28,105
15024,61,14,28,105
15025,61,14,28,105
15026,61,14,28,105
15027,61,14,28,105
15028,61,14,28,105
15029,61,14,28,105
15030,61,14,28,105
15031,61,14,28,105
15032,61,14,28,105
15033,61,14,28,105
15034,61,14,28,105
15035,61,14,28,105
15036,61,14,28,105
15037,61,14,28,105
15038,61,14,28,105
15039,61,14,28,105
15040,61,14,28,105
15041,61,14,28,105
15042,61,14,28,105
15043,61,14,28,105
15044,61,14,28,105
15045,61,14,28,105
15046,61,14,28,105
15047,61,14,28,105
15048,61,14,28,105
15049,61,14,28,106
15050,61,14,28,106
15051,61,14,28,106
15052,61,14,28,106
15053,61,14,28,106
15054,61,14,28,106
15055,61,14,28,106
15056,61,14,28,106
15057,61,14,28,106
15058,61,14,28,106
15059,61,14,28,106
15060,61,14,28,106
15061,61,14,28,106
15062,61,14,28,106
15063,61,14,28,106
15064,61,14,28,106
15065,61,14,28,106
15066,61,14,28,106
15067,61,14,28,106
15068,61,14,28,106
15069,61,14,28,106
15070,61,14,28,106
15071,61,14,28,106
15072,61,14,28,106
15073,61,14,28,106
15074,61,14,28,106
15075,61,14,28,106
15076,61,14,28,106
15077,61,14,28,106
15078,61,14,28,106
15079,61,14,28,106
15080,61,14,28,106
15081,61,14,28,106
15082,61,14,28,106
15083,61,14,28,106
15084,61,14,28,106
15085,61,14,28,106
15086,61,14,28,106
15087,61,14,28,106
15088,61,14,28,106
15089,61,14,28,106
15090,61,14,28,106
15091,61,14,28,106
15092,61,14,28,106
15093,61,14,28,106
15094,61,14,28,106
15095,61,14,28,106
15096,61,14,28,106
15097,61,14,28,106
15098,61,14,28,106
15099,61,14,28,106
15100,61,14,28,106
15101,61,14,28,106
15102,61,14,28,106
15103,61,14,28,106
15104,61,14,28,106
15105,61,14,28,106
15106,61,14,28,106
15107,61,14,28,106
15108,61,14,28,106
15109,61,14,28,106
15110,61,14,28,106
15111,61,14,28,106
15112,61,14,28,106
15113,61,14,28,106
15114,61,14,28,106
15115,61,14,28,106
15116,61,14,28,106
15117,61,14,28,106
15118,61,14,28,106
15119,61,14,28,106
15120,61,14,28,106
15121,61,14,28,106
15122,61,14,28,106
15123,61,14,28,106
15124,61,14,28,106
15125,61,14,28,106
15126,61,14,28,106
15127,61,14,28,106
15128,61,14,28,106
15129,61,14,28,106
15130,61,14,28,106
15131,61,14,28,106
15132,61,14,28,106
15133,61,14,28,106
15134,61,14,28,106
15135,61,14,28,106
15136,61,14,28,106
15137,61,14,28,106
15138,61,14,28,106
15139,61,14,28,106
15140,61,14,28,106
15141,61,14,28,106
15142,61,14,28,106
15143,61,14,28,106
15144,61,14,28,106
15145,61,14,28,106
15146,61,14,28,106
15147,61,14,28,106
15148,61,14,28,106
15149,61,14,28,106
15150,61,14,28,106
15151,61,14,28,106
15152,61,14,28,106
15153,61,14,28,106
15154,61,14,28,106
15155,61,14,28,106
15156,61,14,28,106
15157,61,14,28,106
15158,61,14,28,106
15159,61,14,28,106
15160,61,14,28,106
15161,61,14,28,106
15162,61,14,28,106
15163,61,14,28,106
15164,61,14,28,106
15165,61,14,28,106
15166,61,14,28,106
15167,61,14,28,106
15168,61,14,28,106
15169,61,14,28,106
15170,61,14,28,106
15171,61,14,28,106
15172,61,14,28,106
15173,61,14,28,106
15174,61,14,28,106
15175,61,14,28,106
15176,61,14,28,106
15177,61,14,28,106
15178,61,14,28,106
15179,61,14,28,106
15180,61,14,28,106
15181,61,14,28,106
15182,61,14,28,106
15183,61,14,28,106
15184,61,14,28,106
15185,61,14,28,106
15186,61,14,28,106
15187,61,14,28,106
15188,61,14,28,106
15189,61,14,28,106
15190,61,14,28,106
15191,61,14,28,106
15192,61,14,28,106
15193,61,14,28,106
15194,61,14,28,106
15195,61,14,28,106
15196,61,14,28,106
15197,61,14,28,106
15198,61,14,28,106
15199,61,14,28,106
15200,61,14,28,106
15201,61,14,28,106
15202,61,14,28,106
15203,61,14,28,106
15204,61,14,28,106
15205,61,14,28,106
15206,61,14,28,106
15207,61,14,28,106
15208,61,14,28,106
15209,61,14,28,106
15210,61,14,28,106
15211,61,14,28,106
15212,61,14,28,106
15213,61,14,28,106
15214,61,14,28,106
15215,61,14,28,106
15216,61,14,28,106
15217,61,14,28,106
15218,61,14,28,106
15219,61,14,28,106
15220,61,14,28,106
15221,61,14,28,106
15222,61,14,28,106
15223,61,14,28,106
15224,61,14,28,106
15225,61,14,28,106
15226,61,14,28,106
15227,61,14,28,106
15228,61,14,28,106
15229,61,14,28,106
15230,61,14,28,106
15231,61,14,28,106
15232,61,14,28,106
15233,61,14,28,106
15234,61,14,28,106
15235,61,14,28,106
15236,61,14,28,106
15237,61,14,28,106
15238,61,14,28,106
15239,61,14,28,106
15240,61,14,28,106
15241,61,14,28,106
15242,61,14,28,106
15243,61,14,28,106
15244,61,14,28,106
15245,61,14,28,106
15246,61,14,28,106
15247,61,14,28,106
15248,61,14,28,106
15249,61,14,28,106
15250,61,14,28,106
15251,61,14,28,106
15252,61,14,28,106
15253,61,14,28,106
15254,61,14,28,106
15255,61,14,28,106
15256,61,14,28,106
15257,61,14,28,106
15258,61,14,28,106
15259,61,14,28,106
15260,61,14,28,106
15261,61,14,28,106
15262,61,14,28,106
15263,61,14,28,106
15264,61,14,28,106
15265,61,14,28,106
15266,61,14,28,106
15267,61,14,28,106
15268,61,14,28,106
15269,61,14,28,106
15270,61,14,28,106
15271,61,14,28,106
15272,61,14,28,106
15273,61,14,28,106
15274,61,14,28,106
15275,61,14,28,106
15276,61,14,28,106
15277,61,14,28,106
15278,61,14,28,106
15279,61,14,28,106
15280,61,14,28,106
15281,61,14,28,106
15282,61,14,28,106
15283,61,14,28,106
15284,61,14,28,106
15285,61,14,28,106
15286,61,14,28,106
15287,61,14,28,106
15288,61,14,28,106
15289,61,14,28,106
15290,61,14,28,106
15291,61,14,28,106
15292,61,14,28,106
15293,61,14,28,106
15294,61,14,28,106
15295,61,14,28,106
15296,61,14,28,106
15297,61,14,28,106
15298,61,14,28,106
15299,61,14,28,106
15300,61,14,28,106
15301,61,14,28,106
15302,61,14,28,106
15303,61,14,28,106
15304,61,14,28,106
15305,61,14,28,106
15306,61,14,28,106
15307,61,14,28,106
15308,61,14,28,106
15309,61,14,28,106
15310,61,14,28,106
15311,61,14,28,106
15312,61,14,28,106
15313,61,14,28,106
15314,61,14,28,106
15315,61,14,28,106
15316,61,14,28,106
15317,61,14,28,106
15318,61,14,28,106
15319,61,14,28,106
15320,61,14,28,106
15321,61,14,28,106
15322,61,14,28,106
15323,61,14,28,106
15324,61,14,28,106
15325,61,14,28,106
15326,61,14,28,106
15327,61,14,28,106
15328,61,14,28,106
15329,61,14,28,106
15330,61,14,28,106
15331,61,14,28,106
15332,61,14,28,106
15333,61,14,28,106
15334,61,14,28,106
15335,61,14,28,106
15336,61,14,28,106
15337,61,14,28,106
15338,61,14,28,106
15339,61,14,28,106
15340,61,14,28,106
15341,61,14,28,106
15342,61,14,28,106
15343,61,14,28,106
15344,61,14,28,106
15345,61,14,28,106
15346,61,14,28,106
15347,61,14,28,106
15348,61,14,28,106
15349,61,14,28,106
15350,61,14,28,106
15351,61,14,28,106
15352,61,14,28,106
15353,61,14,28,106
15354,61,14,28,106
15355,61,14,28,106
15356,61,14,28,106
15357,61,14,28,106
15358,61,14,28,106
15359,61,14,28,106
15360,61,14,28,106
15361,61,14,28,106
15362,61,14,28,106
15363,61,14,28,106
15364,61,14,28,106
15365,61,14,28,106
15366,61,14,28,106
15367,61,14,28,106
15368,61,14,28,106
15369,61,14,28,106
15370,61,14,28,106
15371,61,14,28,106
15372,61,14,28,106
15373,61,14,28,106
15374,61,14,28,106
15375,61,14,28,106
15376,61,14,28,106
15377,61,14,28,106
15378,61,14,28,106
15379,61,14,28,106
15380,61,14,28,106
15381,61,14,28,106
15382,61,14,28,106
15383,61,14,28,106
15384,61,14,28,106
15385,61,14,28,106
15386,61,14,28,106
15387,61,14,28,107
15388,61,14,28,107
15389,61,14,28,107
15390,61,14,28,107
15391,61,14,28,107
15392,61,14,28,107
15393,61,14,28,107
15394,61,14,28,107
15395,61,14,28,107
15396,61,14,28,107
15397,61,14,28,107
15398,61,14,28,107
15399,61,14,28,107
15400,61,14,28,107
15401,61,14,28,107
15402,61,14,28,107
15403,61,14,28,107
15404,61,14,28,107
15405,61,14,28,107
15406,61,14,28,107
15407,61,14,28,107
15408,61,14,28,107
15409,61,14,28,107
15410,61,14,28,107
15411,61,14,28,107
15412,61,14,28,107
15413,61,14,28,107
15414,61,14,28,107
15415,61,14,28,107
15416,61,14,28,107
15417,61,14,28,107
15418,61,14,28,107
15419,61,14,28,107
15420,61,14,28,107
15421,61,14,28,107
15422,61,14,28,107
15423,61,14,28,107
15424,61,14,28,107
15425,61,14,28,107
15426,61,14,28,107
15427,61,14,28,107
15428,61,14,28,107
15429,61,14,28,107
15430,61,14,28,107
15431,61,14,28,107
15432,61,14,28,107
15433,61,14,28,107
15434,61,14,28,107
15435,61,14,28,107
15436,61,14,28,107
15437,61,14,28,107
15438,61,14,28,107
15439,61,14,28,107
15440,61,14,28,107
15441,61,14,28,107
15442,61,14,28,107
15443,61,14,28,107
15444,61,14,28,107
15445,61,14,28,107
15446,61,14,28,107
15447,61,14,28,107
15448,61,14,28,107
15449,61,14,28,107
15450,61,14,28,107
15451,61,14,28,107
15452,61,14,28,107
15453,61,14,28,107
15454,61,14,28,107
15455,61,14,28,107
15456,61,14,28,107
15457,61,14,28,107
15458,61,14,28,107
15459,61,14,28,107
15460,61,14,28,107
15461,61,14,28,107
15462,61,14,28,107
15463,61,14,28,107
15464,61,14,28,107
15465,61,14,28,107
15466,61,14,28,107
15467,61,14,28,107
15468,61,14,28,107
15469,61,14,28,107
15470,61,14,28,107
15471,61,14,28,107
15472,61,14,28,107
15473,61,14,28,107
15474,61,14,28,107
15475,61,14,28,107
15476,61,14,28,107
15477,61,14,28,107
15478,61,14,28,107
15479,61,14,28,107
15480,61,14,28,107
15481,61,14,28,107
15482,61,14,28,107
15483,61,14,28,107
15484,61,14,28,107
15485,61,14,28,107
15486,61,14,28,107
15487,61,14,28,107
15488,61,14,28,107
15489,61,14,28,107
15490,61,14,28,107
15491,61,14,28,107
15492,61,14,28,107
15493,61,14,28,107
15494,61,14,28,107
15495,61,14,28,107
15496,61,14,28,107
15497,61,14,28,107
15498,61,14,28,107
15499,61,14,28,107
15500,61,14,28,107
15501,61,14,28,107
15502,61,14,28,107
15503,61,14,28,107
15504,61,14,28,107
15505,61,14,28,107
15506,61,14,28,107
15507,61,14,28,107
15508,61,14,28,107
15509,61,14,28,107
15510,61,14,28,107
15511,61,14,28,107
15512,61,14,28,107
15513,61,14,28,107
15514,61,14,28,107
15515,61,14,28,107
15516,61,14,28,107
15517,61,14,28,107
15518,61,14,28,107
15519,61,14,28,107
15520,61,14,28,107
15521,61,14,28,107
15522,61,14,28,107
15523,61,14,28,107
15524,61,14,28,107
15525,61,14,28,107
15526,61,14,28,107
15527,61,14,28,107
15528,61,14,28,107
15529,61,14,28,107
15530,61,14,28,107
15531,61,14,28,107
15532,61,14,28,107
15533,61,14,28,107
15534,61,14,28,107
15535,61,14,28,107
15536,61,14,28,107
15537,61,14,28,107
15538,61,14,28,107
15539,61,14,28,107
15540,61,14,28,107
15541,61,14,28,107
15542,61,14,28,108
15543,61,14,28,108
15544,61,14,28,108
15545,61,14,28,108
15546,61,14,28,108
15547,61,14,28,108
15548,61,14,28,108
15549,61,14,28,108
15550,61,14,28,108
15551,61,14,28,108
15552,61,14,28,108
15553,61,14,28,108
15554,61,14,28,108
15555,61,14,28,108
15556,61,14,28,108
15557,61,14,28,108
15558,61,14,28,108
15559,61,14,28,108
15560,61,14,28,108
15561,61,14,28,108
15562,61,14,28,108
15563,61,14,28,108
15564,61,14,28,108
15565,61,14,28,108
15566,61,14,28,108
15567,61,14,28,108
15568,61,14,28,108
15569,61,14,28,108
15570,61,14,28,108
15571,61,14,28,108
15572,61,14,28,108
15573,61,14,28,108
15574,61,14,28,108
15575,61,14,28,108
15576,61,14,28,108
15577,61,14,28,108
15578,61,14,28,108
15579,61,14,28,108
15580,61,14,28,108
15581,61,14,28,108
15582,61,14,28,108
15583,61,14,28,108
15584,61,14,28,108
15585,61,14,28,108
15586,61,14,28,108
15587,61,14,28,108
15588,61,14,28,108
15589,61,14,28,108
15590,61,14,28,108
15591,61,14,28,108
15592,61,14,28,108
15593,61,14,28,108
15594,61,14,28,108
15595,61,14,28,108
15596,61,14,28,108
15597,61,14,28,108
15598,61,14,28,108
15599,61,14,28,108
15600,61,14,28,108
15601,61,14,28,108
15602,61,14,28,108
15603,61,14,28,108
15604,61,14,28,108
15605,61,14,28,108
15606,61,14,28,108
15607,61,14,28,108
15608,61,14,28,108
15609,61,14,28,108
15610,61,14,28,108
15611,61,14,28,108
15612,61,14,28,108
15613,61,14,28,108
15614,61,14,28,108
15615,61,14,28,108
15616,61,14,28,108
15617,61,14,28,108
15618,61,14,28,108
15619,61,14,28,108
15620,61,14,28,108
15621,61,14,28,108
15622,61,14,28,108
15623,61,14,28,108
15624,61,14,28,108
15625,61,14,28,108
15626,61,14,28,108
15627,61,14,28,108
15628,61,14,28,108
15629,61,14,28,108
15630,61,14,28,108
15631,61,14,28,108
15632,61,14,28,108
15633,61,14,28,108
15634,61,14,28,108
15635,61,14,28,108
15636,61,14,28,108
15637,61,14,28,108
15638,61,14,28,108
15639,61,14,28,108
15640,61,14,28,108
15641,61,14,28,108
15642,61,14,28,108
15643,61,14,28,108
15644,61,14,28,108
15645,61,14,28,108
15646,61,14,28,108
15647,61,14,28,108
15648,61,14,28,108
15649,61,14,28,108
15650,61,14,28,108
15651,61,14,28,108
15652,61,14,28,108
15653,61,14,28,108
15654,61,14,28,108
15655,61,14,28,108
15656,61,14,28,108
15657,61,14,28,108
15658,61,14,28,108
15659,61,14,28,108
15660,61,14,28,108
15661,61,14,28,108
15662,61,14,28,108
15663,61,14,28,108
15664,61,14,28,108
15665,61,14,28,108
15666,61,14,28,108
15667,61,14,28,108
15668,61,14,28,108
15669,61,14,28,108
15670,61,14,28,108
15671,61,14,28,108
15672,61,14,28,108
15673,61,14,28,108
15674,61,14,28,108
15675,61,14,28,109
15676,61,14,28,109
15677,61,14,28,109
15678,61,14,28,109
15679,61,14,28,109
15680,61,14,28,109
15681,61,14,28,109
15682,61,14,28,109
15683,61,14,28,109
15684,61,14,28,109
15685,61,14,28,109
15686,61,14,28,109
15687,61,14,28,109
15688,61,14,28,109
15689,61,14,28,109
15690,61,14,28,109
15691,61,14,28,109
15692,61,14,28,109
15693,61,14,28,109
15694,61,14,28,109
15695,61,14,28,109
15696,61,14,28,109
15697,61,14,28,109
15698,61,14,28,109
15699,61,14,28,109
15700,61,14,28,109
15701,61,14,28,109
15702,61,14,28,109
15703,61,14,28,109
15704,61,14,28,110
15705,61,14,28,110
15706,61,14,28,110
15707,61,14,28,110
15708,61,14,28,110
15709,61,14,28,110
15710,61,14,28,110
15711,61,14,28,110
15712,61,14,28,110
15713,61,14,28,110
15714,61,14,28,110
15715,61,14,28,110
15716,61,14,28,110
15717,61,14,28,110
15718,61,14,28,110
15719,61,14,28,110
15720,61,14,28,110
15721,61,14,28,110
15722,61,14,28,110
15723,61,14,28,110
15724,61,14,28,110
15725,61,14,28,110
15726,61,14,28,110
15727,61,14,28,110
15728,61,14,28,110
15729,61,14,28,110
15730,61,14,28,110
15731,61,14,28,110
15732,61,14,28,110
15733,61,14,28,110
15734,61,14,28,110
15735,61,14,28,110
15736,61,14,28,110
15737,61,14,28,110
15738,61,14,28,110
15739,61,14,28,110
15740,61,14,28,110
15741,61,14,28,110
15742,61,14,28,110
15743,61,14,28,110
15744,61,14,28,110
15745,61,14,28,110
15746,61,14,28,110
15747,61,14,28,110
15748,61,14,28,110
15749,61,14,28,110
15750,61,14,28,110
15751,61,14,28,110
15752,61,14,28,110
15753,61,14,28,110
15754,61,14,28,110
15755,61,14,28,110
15756,61,14,28,110
15757,61,14,28,110
15758,61,14,28,110
15759,61,14,28,110
15760,61,14,28,110
15761,61,14,28,110
15762,61,14,28,110
15763,61,14,28,111
15764,61,14,28,111
15765,61,14,28,111
15766,61,14,28,111
15767,61,14,28,111
15768,61,14,28,111
15769,61,14,28,111
15770,61,14,28,111
15771,61,14,28,111
15772,61,14,28,111
15773,61,14,28,111
15774,61,14,28,111
15775,61,14,28,111
15776,61,14,28,111
15777,61,14,28,111
15778,61,14,28,111
15779,61,14,28,111
15780,61,14,28,111
15781,61,14,28,111
15782,61,14,28,111
15783,61,14,28,111
15784,61,14,28,111
15785,61,14,28,111
15786,61,14,28,111
15787,61,14,28,111
15788,61,14,28,111
15789,61,14,28,111
15790,61,14,28,111
15791,61,14,28,111
15792,61,14,28,111
15793,61,14,28,111
15794,61,14,28,111
15795,61,14,28,111
15796,61,14,28,111
15797,61,14,28,111
15798,61,14,28,111
15799,61,14,28,111
15800,61,14,28,111
15801,61,14,28,111
15802,61,14,28,111
15803,61,14,28,111
15804,61,14,28,111
15805,61,14,28,111
15806,61,14,28,111
15807,61,14,28,111
15808,61,14,28,111
15809,61,14,28,111
15810,61,14,28,111
15811,61,14,28,111
15812,61,14,28,111
15813,61,14,28,111
15814,61,14,28,111
15815,61,14,28,111
15816,61,14,28,111
15817,61,14,28,111
15818,61,14,28,111
15819,61,14,28,111
15820,61,14,28,111
15821,61,14,28,111
15822,61,14,28,111
15823,61,14,28,111
15824,61,14,28,111
15825,61,14,28,111
15826,61,14,28,111
15827,61,14,28,111
15828,61,14,28,111
15829,61,14,28,111
15830,61,14,28,111
15831,61,14,28,111
15832,61,14,28,111
15833,61,14,28,111
15834,61,14,28,111
15835,61,14,28,111
15836,61,14,28,111
15837,61,14,28,111
15838,61,14,28,111
15839,61,14,28,111
15840,61,14,28,111
15841,61,14,28,111
15842,61,14,28,111
15843,61,14,28,111
15844,61,14,28,111
15845,61,14,28,111
15846,61,14,28,111
15847,61,14,28,112
15848,61,14,28,112
15849,61,14,28,112
15850,61,14,28,112
15851,61,14,28,112
15852,61,14,28,112
15853,61,14,28,112
15854,61,14,28,112
15855,61,14,28,112
15856,61,14,28,112
15857,61,14,28,112
15858,61,14,28,112
15859,61,14,28,112
15860,61,14,28,112
15861,61,14,28,112
15862,61,14,28,112
15863,61,14,28,112
15864,61,14,28,112
15865,61,14,28,112
15866,61,14,28,112
15867,61,14,28,112
15868,61,14,28,112
15869,61,14,28,112
15870,61,14,28,112
15871,61,14,28,112
15872,61,14,28,112
15873,61,14,28,112
15874,61,14,28,112
15875,61,14,28,112
15876,61,14,28,112
15877,61,14,28,112
15878,61,14,28,112
15879,61,14,28,112
15880,61,14,28,112
15881,61,14,28,112
15882,61,14,28,112
15883,61,14,28,112
15884,61,14,28,112
15885,61,14,28,112
15886,61,14,28,112
15887,61,14,28,112
15888,61,14,28,112
15889,61,14,28,112
15890,61,14,28,112
15891,61,14,28,112
15892,61,14,28,112
15893,61,14,28,112
15894,61,14,28,112
15895,61,14,28,113
15896,61,14,28,113
15897,61,14,28,113
15898,61,14,28,113
15899,61,14,28,113
15900,61,14,28,113
15901,61,14,28,113
15902,61,14,28,113
15903,61,14,28,113
15904,61,14,28,113
15905,61,14,28,113
15906,61,14,28,113
15907,61,14,28,113
15908,61,14,28,113
15909,61,14,28,113
15910,61,14,28,113
15911,61,14,28,113
15912,61,14,28,113
15913,61,14,28,113
15914,61,14,28,113
15915,61,14,28,113
15916,61,14,28,113
15917,61,14,28,113
15918,61,14,28,113
15919,61,14,28,113
15920,61,14,28,113
15921,61,14,28,113
15922,61,14,28,113
15923,61,14,28,113
15924,61,14,28,113
15925,61,14,28,113
15926,61,14,28,113
15927,61,14,28,113
15928,61,14,28,113
15929,61,14,28,113
15930,61,14,28,113
15931,61,14,28,113
15932,61,14,28,113
15933,61,14,28,113
15934,61,14,28,113
15935,61,14,28,113
15936,61,14,28,113
15937,61,14,28,113
15938,61,14,28,113
15939,61,14,28,113
15940,61,14,28,113
15941,61,14,28,113
15942,61,14,28,113
15943,61,14,28,113
15944,61,14,28,113
15945,61,14,28,113
15946,61,14,28,113
15947,61,14,28,113
15948,61,14,28,113
15949,61,14,28,113
15950,61,14,28,113
15951,61,14,28,113
15952,61,14,28,113
15953,61,14,28,113
15954,61,14,28,113
15955,61,14,28,113
15956,61,14,28,113
15957,61,14,28,113
15958,61,14,28,113
15959,61,14,28,113
15960,61,14,28,113
15961,61,14,28,113
15962,61,14,28,113
15963,61,14,28,113
15964,61,14,28,113
15965,61,14,28,113
15966,61,14,28,113
15967,61,14,28,113
15968,61,14,28,113
15969,61,14,28,113
15970,61,14,28,113
15971,61,14,28,113
15972,61,14,28,113
15973,61,14,28,113
15974,61,14,28,113
15975,61,14,28,113
15976,61,14,28,113
15977,61,14,28,113
15978,61,14,28,113
15979,61,14,28,113
15980,61,14,28,113
15981,61,14,28,113
15982,61,14,28,113
15983,61,14,28,113
15984,61,14,28,113
15985,61,14,28,113
15986,61,14,28,113
15987,61,14,28,113
15988,61,14,28,113
15989,61,14,28,113
15990,61,14,28,113
15991,61,14,28,113
15992,61,14,28,113
15993,61,14,28,113
15994,61,14,28,113
15995,61,14,28,113
15996,61,14,28,113
15997,61,14,28,113
15998,61,14,28,113
15999,61,14,28,113
16000,61,14,28,113
16001,61,14,28,113
16002,61,14,28,113
16003,61,14,28,113
16004,61,14,28,113
16005,61,14,28,113
16006,61,14,28,113
16007,61,14,28,113
16008,61,14,28,113
16009,61,14,28,113
16010,61,14,28,113
16011,61,14,28,113
16012,61,14,28,113
16013,61,14,28,113
16014,61,14,28,113
16015,61,14,28,113
16016,61,14,28,113
16017,61,14,28,113
16018,61,14,28,113
16019,61,14,28,113
16020,61,14,28,113
16021,61,14,28,113
16022,61,14,28,113
16023,61,14,28,113
16024,61,14,28,113
16025,61,14,28,113
16026,61,14,28,113
16027,61,14,28,113
16028,61,14,28,113
16029,61,14,28,113
16030,61,14,28,113
16031,61,14,28,113
16032,61,14,28,113
16033,61,14,28,113
16034,61,14,28,113
16035,61,14,28,113
16036,61,14,28,113
16037,61,14,28,113
16038,61,14,28,113
16039,61,14,28,113
16040,61,14,28,113
16041,61,14,28,113
16042,61,14,28,113
16043,61,14,28,113
16044,61,14,28,113
16045,61,14,28,113
16046,61,14,28,113
16047,61,14,28,113
16048,61,14,28,113
16049,61,14,28,113
16050,61,14,28,113
16051,61,14,28,113
16052,61,14,28,113
16053,61,14,28,113
16054,61,14,28,113
16055,61,14,28,113
16056,61,14,28,113
16057,61,14,28,113
16058,61,14,28,113
16059,61,14,28,113
16060,61,14,28,113
16061,61,14,28,113
16062,61,14,28,113
16063,61,14,28,113
16064,61,14,28,113
16065,61,14,28,113
16066,61,14,28,113
16067,61,14,28,113
16068,61,14,28,114
16069,61,14,28,114
16070,61,14,28,114
16071,61,14,28,114
16072,61,14,28,114
16073,61,14,28,114
16074,61,14,28,114
16075,61,14,28,114
16076,61,14,28,114
16077,61,14,28,114
16078,61,14,28,114
16079,61,14,28,114
16080,61,14,28,114
16081,61,14,28,114
16082,61,14,28,114
16083,61,14,28,114
16084,61,14,28,114
16085,61,14,28,114
16086,61,14,28,114
16087,61,14,28,114
16088,61,14,28,114
16089,61,14,28,114
16090,61,14,28,114
16091,61,14,28,114
16092,61,14,28,114
16093,61,14,28,114
16094,61,14,28,114
16095,61,14,28,114
16096,61,14,28,114
16097,61,14,28,114
16098,61,14,28,114
16099,61,14,28,114
16100,61,14,28,114
16101,61,14,28,114
16102,61,14,28,114
16103,61,14,28,114
16104,61,14,28,114
16105,61,14,28,114
16106,61,14,28,114
16107,61,14,28,114
16108,61,14,28,114
16109,61,14,28,114
16110,61,14,28,114
16111,61,14,28,114
16112,61,14,28,114
16113,61,14,28,114
16114,61,14,28,114
16115,61,14,28,114
16116,61,14,28,114
16117,61,14,28,114
16118,61,14,28,114
16119,61,14,28,114
16120,61,14,28,114
16121,61,14,28,114
16122,61,14,28,114
16123,61,14,28,114
16124,61,14,28,114
16125,61,14,28,114
16126,61,14,28,114
16127,61,14,28,114
16128,61,14,28,114
16129,61,14,28,114
16130,61,14,28,114
16131,61,14,28,114
16132,61,14,28,114
16133,61,14,28,114
16134,61,14,28,114
16135,61,14,28,114
16136,61,14,28,114
16137,61,14,28,114
16138,61,14,28,114
16139,61,14,28,114
16140,61,14,28,114
16141,61,14,28,114
16142,61,14,28,114
16143,61,14,28,114
16144,61,14,28,114
16145,61,14,28,114
16146,61,14,28,114
16147,61,14,28,114
16148,61,14,28,114
16149,61,14,28,114
16150,61,14,28,114
16151,61,14,28,114
16152,61,14,28,114
16153,61,14,28,114
16154,61,14,28,114
16155,61,14,28,114
16156,61,14,28,114
16157,61,14,28,114
16158,61,14,28,114
16159,61,14,28,114
16160,61,14,28,114
16161,61,14,28,114
16162,61,14,28,114
16163,61,14,28,114
16164,61,14,28,114
16165,61,14,28,114
16166,61,14,28,114
16167,61,14,28,114
16168,61,14,28,114
16169,61,14,28,114
16170,61,14,28,114
16171,61,14,28,114
16172,61,14,28,114
16173,61,14,28,114
16174,61,14,28,114
16175,61,14,28,114
16176,61,14,28,114
16177,61,14,28,114
16178,61,14,28,114
16179,61,14,28,114
16180,61,14,28,114
16181,61,14,28,114
16182,61,14,28,114
16183,61,14,28,114
16184,61,14,28,115
16185,61,14,28,115
16186,61,14,28,115
16187,61,14,28,115
16188,61,14,28,115
16189,61,14,28,115
16190,61,14,28,115
16191,61,14,28,115
16192,61,14,28,115
16193,61,14,28,115
16194,61,14,28,115
16195,61,14,28,115
16196,61,14,28,115
16197,61,14,28,115
16198,61,14,28,115
16199,61,14,28,115
16200,61,14,28,115
16201,61,14,28,115
16202,61,14,28,115
16203,61,14,28,115
16204,61,14,28,115
16205,61,14,28,115
16206,61,14,28,115
16207,61,14,28,115
16208,61,14,28,115
16209,61,14,28,115
16210,61,14,28,115
16211,61,14,28,115
16212,61,14,28,115
16213,61,14,28,115
16214,61,14,28,115
16215,61,14,28,115
16216,61,14,28,115
16217,61,14,28,115
16218,61,14,28,115
16219,61,14,28,115
16220,61,14,28,115
16221,61,14,28,115
16222,61,14,28,115
16223,61,14,28,115
16224,61,14,28,115
16225,61,14,28,115
16226,61,14,28,115
16227,61,14,28,115
16228,61,14,28,115
16229,61,14,28,115
16230,61,14,28,115
16231,61,14,28,115
16232,61,14,28,115
16233,61,14,28,115
16234,61,14,28,115
16235,61,14,28,115
16236,61,14,28,115
16237,61,14,28,115
16238,61,14,28,115
16239,61,14,28,115
16240,61,14,28,115
16241,61,14,28,115
16242,61,14,28,115
16243,61,14,28,115
16244,61,14,28,115
16245,61,14,28,115
16246,61,14,28,115
16247,61,14,28,115
16248,61,14,28,115
16249,61,14,28,115
16250,61,14,28,115
16251,61,14,28,115
16252,61,14,28,115
16253,61,14,28,115
16254,61,14,28,115
16255,61,14,28,115
16256,61,14,28,115
16257,61,14,28,115
16258,61,14,28,115
16259,61,14,28,115
16260,61,14,28,115
16261,61,14,28,115
16262,61,14,28,115
16263,61,14,28,115
16264,61,14,28,115
16265,61,14,28,115
16266,61,14,28,115
16267,61,14,28,115
16268,61,14,28,115
16269,61,14,28,115
16270,61,14,28,115
16271,61,14,28,115
16272,61,14,28,115
16273,61,14,28,115
16274,61,14,28,115
16275,61,14,28,115
16276,61,14,28,115
16277,61,14,28,115
16278,61,14,28,115
16279,61,14,28,115
16280,61,14,28,115
16281,61,14,28,115
16282,61,14,28,115
16283,61,14,28,115
16284,61,14,28,115
16285,61,14,28,115
16286,61,14,28,115
16287,61,14,28,115
16288,61,14,28,115
16289,61,14,28,115
16290,61,14,28,115
16291,61,14,28,115
16292,61,14,28,115
16293,61,14,28,115
16294,61,14,28,115
16295,61,14,28,115
16296,61,14,28,115
16297,61,14,28,115
16298,61,14,28,115
16299,61,14,28,115
16300,61,14,28,115
16301,61,14,28,115
16302,61,14,28,115
16303,61,14,28,115
16304,61,14,28,115
16305,61,14,28,115
16306,61,14,28,115
16307,61,14,28,115
16308,61,14,28,115
16309,61,14,28,115
16310,61,14,28,115
16311,61,14,28,115
16312,61,14,28,115
16313,61,14,28,115
16314,61,14,28,115
16315,61,14,28,115
16316,61,14,28,115
16317,61,14,28,115
16318,61,14,28,115
16319,61,14,28,115
16320,61,14,28,115
16321,61,14,28,115
16322,61,14,28,115
16323,61,14,28,115
16324,61,14,28,115
16325,61,14,28,115
16326,61,14,28,115
16327,61,14,28,115
16328,61,14,28,115
16329,61,14,28,115
16330,61,14,28,115
16331,61,14,28,115
16332,61,14,28,115
16333,61,14,28,115
16334,61,14,28,115
16335,61,14,28,115
16336,61,14,28,115
16337,61,14,28,115
16338,61,14,28,115
16339,61,14,28,115
16340,61,14,28,115
16341,61,14,28,115
16342,61,14,28,115
16343,61,14,28,115
16344,61,14,28,115
16345,61,14,28,115
16346,61,14,28,115
16347,61,14,28,115
16348,61,14,28,115
16349,61,14,28,115
16350,61,14,28,115
16351,61,14,28,115
16352,61,14,28,115
16353,61,14,28,115
16354,61,14,28,115
16355,61,14,28,115
16356,61,14,28,115
16357,61,14,28,115
16358,61,14,28,115
16359,61,14,28,115
16360,61,14,28,115
16361,61,14,28,115
16362,61,14,28,115
16363,61,14,28,115
16364,61,14,28,115
16365,61,14,28,115
16366,61,14,28,115
16367,61,14,28,115
16368,61,14,28,115
16369,61,14,28,115
16370,61,14,28,115
16371,61,14,28,115
16372,61,14,28,115
16373,61,14,28,115
16374,61,14,28,115
16375,61,14,28,115
16376,61,14,28,115
16377,61,14,28,115
16378,61,14,28,115
16379,61,14,28,115
16380,61,14,28,115
16381,61,14,28,115
16382,61,14,28,115
16383,61,14,28,115
16384,61,14,28,115
16385,61,14,28,115
16386,61,14,28,115
16387,61,14,28,115
16388,61,14,28,115
16389,61,14,28,115
16390,61,14,28,115
16391,61,14,28,115
16392,61,14,28,115
16393,61,14,28,115
16394,61,14,28,115
16395,61,14,28,115
16396,61,14,28,115
16397,61,14,28,115
16398,61,14,28,115
16399,61,14,28,115
16400,61,14,28,115
16401,61,14,28,115
16402,61,14,28,115
16403,61,14,28,115
16404,61,14,28,115
16405,61,14,28,115
16406,61,14,28,115
16407,61,14,28,115
16408,61,14,28,115
16409,61,14,28,115
16410,61,14,28,115
16411,61,14,28,115
16412,61,14,28,115
16413,61,14,28,115
16414,61,14,28,115
16415,61,14,28,115
16416,61,14,28,115
16417,61,14,28,115
16418,61,14,28,115
16419,61,14,28,115
16420,61,14,28,115
16421,61,14,28,115
16422,61,14,28,115
16423,61,14,28,115
16424,61,14,28,115
16425,61,14,28,115
16426,61,14,28,115
16427,61,14,28,115
16428,61,14,28,115
16429,61,14,28,115
16430,61,14,28,115
16431,61,14,28,115
16432,61,14,28,115
16433,61,14,28,115
16434,61,14,28,115
16435,61,14,28,115
16436,61,14,28,115
16437,61,14,28,115
16438,61,14,28,115
16439,61,14,28,115
16440,61,14,28,115
16441,61,14,28,115
16442,61,14,28,115
16443,61,14,28,115
16444,61,14,28,115
16445,61,14,28,115
16446,61,14,28,115
16447,61,14,28,115
16448,61,14,28,115
16449,61,14,28,115
16450,61,14,28,115
16451,61,14,28,115
16452,61,14,28,115
16453,61,14,28,115
16454,61,14,28,115
16455,61,14,28,115
16456,61,14,28,115
16457,61,14,28,115
16458,61,14,28,115
16459,61,14,28,115
16460,61,14,28,115
16461,61,14,28,115
16462,61,14,28,115
16463,61,14,28,115
16464,61,14,28,115
16465,61,14,28,115
16466,61,14,28,115
16467,61,14,28,115
16468,61,14,28,115
16469,61,14,28,115
16470,61,14,28,115
16471,61,14,28,115
16472,61,14,28,115
16473,61,14,28,115
16474,61,14,28,115
16475,61,14,28,115
16476,61,14,28,115
16477,61,14,28,115
16478,61,14,28,115
16479,61,14,28,115
16480,61,14,28,115
16481,61,14,28,115
16482,61,14,28,115
16483,61,14,28,115
16484,61,14,28,115
16485,61,14,28,115
16486,61,14,28,115
16487,61,14,28,115
16488,61,14,28,115
16489,61,14,28,115
16490,61,14,28,115
16491,61,14,28,115
16492,61,14,28,115
16493,61,14,28,115
16494,61,14,28,115
16495,61,14,28,115
16496,61,14,28,115
16497,61,14,28,115
16498,61,14,28,115
16499,61,14,28,115
16500,61,14,28,115
16501,61,14,28,115
16502,61,14,28,115
16503,61,14,28,115
16504,61,14,28,115
16505,61,14,28,115
16506,61,14,28,115
16507,61,14,28,115
16508,61,14,28,115
16509,61,14,28,115
16510,61,14,28,115
16511,61,14,28,115
16512,61,14,28,115
16513,61,14,28,115
16514,61,14,28,115
16515,61,14,28,115
16516,61,14,28,115
16517,61,14,28,115
16518,61,14,28,115
16519,61,14,28,115
16520,61,14,28,115
16521,61,14,28,115
16522,61,14,28,115
16523,61,14,28,115
16524,61,14,28,115
16525,61,14,28,115
16526,61,14,28,115
16527,61,14,28,115
16528,61,14,28,115
16529,61,14,28,115
16530,61,14,28,115
16531,61,14,28,115
16532,61,14,28,115
16533,61,14,28,115
16534,61,14,28,115
16535,61,14,28,115
16536,61,14,28,115
16537,61,14,28,115
16538,61,14,28,115
16539,61,14,28,115
16540,61,14,28,115
16541,61,14,28,115
16542,61,14,28,115
16543,61,14,28,115
16544,61,14,28,115
16545,61,14,28,115
16546,61,14,28,115
16547,61,14,28,115
16548,61,14,28,115
16549,61,14,28,115
16550,61,14,28,115
16551,61,14,28,115
16552,61,14,28,115
16553,61,14,28,115
16554,61,14,28,115
16555,61,14,28,115
16556,61,14,28,115
16557,61,14,28,115
16558,61,14,28,115
16559,61,14,28,115
16560,61,14,28,115
16561,61,14,28,115
16562,61,14,28,115
16563,61,14,28,115
16564,61,14,28,115
16565,61,14,28,115
16566,61,14,28,115
16567,61,14,28,115
16568,61,14,28,115
16569,61,14,28,115
16570,61,14,28,115
16571,61,14,28,115
16572,61,14,28,115
16573,61,14,28,115
16574,61,14,28,115
16575,61,14,28,115
16576,61,14,28,115
16577,61,14,28,115
16578,61,14,28,115
16579,61,14,28,115
16580,61,14,28,115
16581,61,14,28,115
16582,61,14,28,115
16583,61,14,28,115
16584,61,14,28,115
16585,61,14,28,115
16586,61,14,28,115
16587,61,14,28,115
16588,61,14,28,115
16589,61,14,28,115
16590,61,14,28,115
16591,61,14,28,115
16592,61,14,28,115
16593,61,14,28,115
16594,61,14,28,115
16595,61,14,28,115
16596,61,14,28,115
16597,61,14,28,115
16598,61,14,28,115
16599,61,14,28,115
16600,61,14,28,115
16601,61,14,28,115
16602,61,14,28,115
16603,61,14,28,115
16604,61,14,28,115
16605,61,14,28,115
16606,61,14,28,115
16607,61,14,28,115
16608,61,14,28,115
16609,61,14,28,115
16610,61,14,28,115
16611,61,14,28,115
16612,61,14,28,115
16613,61,14,28,115
16614,61,14,28,115
16615,61,14,28,115
16616,61,14,28,115
16617,61,14,28,115
16618,61,14,28,115
16619,61,14,28,115
16620,61,14,28,115
16621,61,14,28,115
16622,61,14,28,115
16623,61,14,28,115
16624,61,14,28,115
16625,61,14,28,115
16626,61,14,28,115
16627,61,14,28,115
16628,61,14,28,115
16629,61,14,28,115
16630,61,14,28,115
16631,61,14,28,115
16632,61,14,28,115
16633,61,14,28,115
16634,61,14,28,115
16635,61,14,28,115
16636,61,14,28,115
16637,61,14,28,115
16638,61,14,28,115
16639,61,14,28,115
16640,61,14,28,115
16641,61,14,28,115
16642,61,14,28,115
16643,61,14,28,115
16644,61,14,28,115
16645,61,14,28,115
16646,61,14,28,115
16647,61,14,28,115
16648,61,14,28,115
16649,61,14,28,115
16650,61,14,28,115
16651,61,14,28,115
16652,61,14,28,115
16653,61,14,28,115
16654,61,14,28,115
16655,61,14,28,115
16656,61,14,28,115
16657,61,14,28,115
16658,61,14,28,115
16659,61,14,28,115
16660,61,14,28,115
16661,61,14,28,115
16662,61,14,28,115
16663,61,14,28,115
16664,61,14,28,115
16665,61,14,28,115
16666,61,14,28,115
16667,61,14,28,115
16668,61,14,28,115
16669,61,14,28,115
16670,61,14,28,115
16671,61,14,28,115
16672,61,14,28,115
16673,61,14,28,116
16674,61,14,28,116
16675,61,14,28,116
16676,61,14,28,116
16677,61,14,28,116
16678,61,14,28,116
16679,61,14,28,116
16680,61,14,28,116
16681,61,14,28,116
16682,61,14,28,116
16683,61,14,28,116
16684,61,14,28,116
16685,61,14,28,116
16686,61,14,28,116
16687,61,14,28,116
16688,61,14,28,116
16689,61,14,28,116
16690,61,14,28,116
16691,61,14,28,116
16692,61,14,28,116
16693,61,14,28,116
16694,61,14,28,116
16695,61,14,28,116
16696,61,14,28,116
16697,61,14,28,116
16698,61,14,28,116
16699,61,14,28,116
16700,61,14,28,116
16701,61,14,28,116
16702,61,14,28,116
16703,61,14,28,116
16704,61,14,28,116
16705,61,14,28,116
16706,61,14,28,116
16707,61,14,28,116
16708,61,14,28,116
16709,61,14,28,116
16710,61,14,28,116
16711,61,14,28,116
16712,61,14,28,116
16713,61,14,28,116
16714,61,14,28,116
16715,61,14,28,116
16716,61,14,28,116
16717,61,14,28,116
16718,61,14,28,116
16719,61,14,28,116
16720,61,14,28,116
16721,61,14,28,116
16722,61,14,28,116
16723,61,14,28,116
16724,61,14,28,116
16725,61,14,28,116
16726,61,14,28,116
16727,61,14,28,116
16728,61,14,28,116
16729,61,14,28,116
16730,61,14,28,116
16731,61,14,28,116
16732,61,14,28,116
16733,61,14,28,116
16734,61,14,28,116
16735,61,14,28,116
16736,61,14,28,116
16737,61,14,28,116
16738,61,14,28,116
16739,61,14,28,116
16740,61,14,28,116
16741,61,14,28,116
16742,61,14,28,116
16743,61,14,28,116
16744,61,14,28,116
16745,61,14,28,116
16746,61,14,28,116
16747,61,14,28,116
16748,61,14,28,116
16749,61,14,28,116
16750,61,14,28,116
16751,61,14,28,116
16752,61,14,28,116
16753,61,14,28,117
16754,61,14,28,117
16755,61,14,28,117
16756,61,14,28,117
16757,61,14,28,117
16758,61,14,28,117
16759,61,14,28,117
16760,61,14,28,117
16761,61,14,28,117
16762,61,14,28,117
16763,61,14,28,117
16764,61,14,28,117
16765,61,14,28,117
16766,61,14,28,117
16767,61,14,28,117
16768,61,14,28,117
16769,61,14,28,117
16770,61,14,28,117
16771,61,14,28,117
16772,61,14,28,117
16773,61,14,28,117
16774,61,14,28,117
16775,61,14,28,117
16776,61,14,28,117
16777,61,14,28,117
16778,61,14,28,117
16779,61,14,28,117
16780,61,14,28,117
16781,61,14,28,117
16782,61,14,28,117
16783,61,14,28,117
16784,61,14,28,117
16785,61,14,28,117
16786,61,14,28,117
16787,61,14,28,117
16788,61,14,28,117
16789,61,14,28,117
16790,61,14,28,117
16791,61,14,28,117
16792,61,14,28,117
16793,61,14,28,117
16794,61,14,28,117
16795,61,14,28,117
16796,61,14,28,117
16797,61,14,28,117
16798,61,14,28,117
16799,61,14,28,117
16800,61,14,28,117
16801,61,14,28,117
16802,61,14,28,117
16803,61,14,28,117
16804,61,14,28,117
16805,61,14,28,117
16806,61,14,28,117
16807,61,14,28,117
16808,61,14,28,117
16809,61,14,28,117
16810,61,14,28,117
16811,61,14,28,117
16812,61,14,28,117
16813,61,14,28,117
16814,61,14,28,117
16815,61,14,28,117
16816,61,14,28,117
16817,61,14,28,117
16818,61,14,28,117
16819,61,14,28,117
16820,61,14,28,117
16821,61,14,28,117
16822,61,14,28,117
16823,61,14,28,117
16824,61,14,28,117
16825,61,14,28,117
16826,61,14,28,117
16827,61,14,28,117
16828,61,14,28,117
16829,61,14,28,117
16830,61,14,28,117
16831,61,14,28,117
16832,61,14,28,117
16833,61,14,28,117
16834,61,14,28,117
16835,61,14,28,117
16836,61,14,28,117
16837,61,14,28,117
16838,61,14,28,117
16839,61,14,28,117
16840,61,14,28,117
16841,61,14,28,117
16842,61,14,28,117
16843,61,14,28,117
16844,61,14,28,117
16845,61,14,28,117
16846,61,14,28,117
16847,61,14,28,117
16848,61,14,28,117
16849,61,14,28,117
16850,61,14,28,117
16851,61,14,28,117
16852,61,14,28,117
16853,61,14,28,117
16854,61,14,28,117
16855,61,14,28,117
16856,61,14,28,117
16857,61,14,28,117
16858,61,14,28,117
16859,61,14,28,117
16860,61,14,28,117
16861,61,14,28,117
16862,61,14,28,117
16863,61,14,28,117
16864,61,14,28,117
16865,61,14,28,117
16866,61,14,28,117
16867,61,14,28,117
16868,61,14,28,117
16869,61,14,28,117
16870,61,14,28,117
16871,61,14,28,117
16872,61,14,28,117
16873,61,14,28,117
16874,61,14,28,117
16875,61,14,28,117
16876,61,14,28,117
16877,61,14,28,117
16878,61,14,28,117
16879,61,14,28,117
16880,61,14,28,117
16881,61,14,28,117
16882,61,14,28,117
16883,61,14,28,117
16884,61,14,28,117
16885,61,14,28,117
16886,61,14,28,117
16887,61,14,28,117
16888,61,14,28,117
16889,61,14,28,117
16890,61,14,28,117
16891,61,14,28,117
16892,61,14,28,117
16893,61,14,28,117
16894,61,14,28,117
16895,61,14,28,117
16896,61,14,28,117
16897,61,14,28,117
16898,61,14,28,117
16899,61,14,28,117
16900,61,14,28,117
16901,61,14,28,117
16902,61,14,28,117
16903,61,14,28,117
16904,61,14,28,117
16905,61,14,28,117
16906,61,14,28,117
16907,61,14,28,117
16908,61,14,28,117
16909,61,14,28,117
16910,61,14,28,117
16911,61,14,28,117
16912,61,14,28,117
16913,61,14,28,117
16914,61,14,28,117
16915,61,14,28,117
16916,61,14,28,117
16917,61,14,28,117
16918,61,14,28,117
16919,61,14,28,117
16920,61,14,28,117
16921,61,14,28,117
16922,61,14,28,117
16923,61,14,28,118
16924,61,14,28,118
16925,61,14,28,118
16926,61,14,28,118
16927,61,14,28,118
16928,61,14,28,118
16929,61,14,28,118
16930,61,14,28,118
16931,61,14,28,118
16932,61,14,28,118
16933,61,14,28,118
16934,61,14,28,118
16935,61,14,28,118
16936,61,14,28,118
16937,61,14,28,118
16938,61,14,28,118
16939,61,14,28,118
16940,61,14,28,118
16941,61,14,28,118
16942,61,14,28,118
16943,61,14,28,118
16944,61,14,28,118
16945,61,14,28,118
16946,61,14,28,118
16947,61,14,28,118
16948,61,14,28,118
16949,61,14,28,118
16950,61,14,28,118
16951,61,14,28,118
16952,61,14,28,118
16953,61,14,28,118
16954,61,14,28,118
16955,61,14,28,118
16956,61,14,28,118
16957,61,14,28,118
16958,61,14,28,118
16959,61,14,28,118
16960,61,14,28,118
16961,61,14,28,118
16962,61,14,28,118
16963,61,14,28,118
16964,61,14,28,118
16965,61,14,28,118
16966,61,14,28,118
16967,61,14,28,118
16968,61,14,28,118
16969,61,14,28,118
16970,61,14,28,118
16971,61,14,28,118
16972,61,14,28,118
16973,61,14,28,118
16974,61,14,28,118
16975,61,14,28,118
16976,61,14,28,118
16977,61,14,28,118
16978,61,14,28,118
16979,61,14,28,118
16980,61,14,28,118
16981,61,14,28,118
16982,61,14,28,118
16983,61,14,28,118
16984,61,14,28,118
16985,61,14,28,118
16986,61,14,28,118
16987,61,14,28,118
16988,61,14,28,118
16989,61,14,28,118
16990,61,14,28,118
16991,61,14,28,118
16992,61,14,28,118
16993,61,14,28,118
16994,61,14,28,118
16995,61,14,28,118
16996,61,14,28,118
16997,61,14,28,118
16998,61,14,28,118
16999,61,14,28,118
17000,61,14,28,118
17001,61,14,28,118
17002,61,14,28,118
17003,61,14,28,118
17004,61,14,28,118
17005,61,14,28,118
17006,61,14,28,118
17007,61,14,28,118
17008,61,14,28,118
17009,61,14,28,118
17010,61,14,28,118
17011,61,14,28,118
17012,61,14,28,118
17013,61,14,28,118
17014,61,14,28,118
17015,61,14,28,118
17016,61,14,28,118
17017,61,14,28,118
17018,61,14,28,118
17019,61,14,28,118
17020,61,14,28,118
17021,61,14,28,118
17022,61,14,28,118
17023,61,14,28,118
17024,61,14,28,118
17025,61,14,28,118
17026,61,14,28,118
17027,61,14,28,118
17028,61,14,28,118
17029,61,14,28,118
17030,61,14,28,118
17031,61,14,28,118
17032,61,14,28,118
17033,61,14,28,118
17034,61,14,28,118
17035,61,14,28,118
17036,61,14,28,118
17037,61,14,28,118
17038,61,14,28,118
17039,61,14,28,119
17040,61,14,28,119
17041,61,14,28,119
17042,61,14,28,119
17043,61,14,28,119
17044,61,14,28,119
17045,61,14,28,119
17046,61,14,28,119
17047,61,14,28,119
17048,61,14,28,119
17049,61,14,28,119
17050,61,14,28,119
17051,61,14,28,119
17052,61,14,28,119
17053,61,14,28,119
17054,61,14,28,119
17055,61,14,28,119
17056,61,14,28,119
17057,61,14,28,119
17058,61,14,28,119
17059,61,14,28,119
17060,61,14,28,119
17061,61,14,28,119
17062,61,14,28,119
17063,61,14,28,119
17064,61,14,28,119
17065,61,14,28,119
17066,61,14,28,119
17067,61,14,28,119
17068,61,14,28,119
17069,61,14,28,119
17070,61,14,28,119
17071,61,14,28,119
17072,61,14,28,119
17073,61,14,28,119
17074,61,14,28,119
17075,61,14,28,119
17076,61,14,28,119
17077,61,14,28,119
17078,61,14,28,119
17079,61,14,28,119
17080,61,14,28,119
17081,61,14,28,119
17082,61,14,28,119
17083,61,14,28,119
17084,61,14,28,119
17085,61,14,28,119
17086,61,14,28,119
17087,61,14,28,119
17088,61,14,28,119
17089,61,14,28,119
17090,61,14,28,119
17091,61,14,28,119
17092,61,14,28,119
17093,61,14,28,119
17094,61,14,28,119
17095,61,14,28,119
17096,61,14,28,119
17097,61,14,28,119
17098,61,14,28,119
17099,61,14,28,119
17100,61,14,28,119
17101,61,14,28,119
17102,61,14,28,119
17103,61,14,28,119
17104,61,14,28,119
17105,61,14,28,119
17106,61,14,28,119
17107,61,14,28,119
17108,61,14,28,119
17109,61,14,28,119
17110,61,14,28,119
17111,61,14,28,119
17112,61,14,28,119
17113,61,14,28,119
17114,61,14,28,119
17115,61,14,28,119
17116,61,14,28,119
17117,61,14,28,119
17118,61,14,28,119
17119,61,14,28,119
17120,61,14,28,119
17121,61,14,28,119
17122,61,14,28,119
17123,61,14,28,119
17124,61,14,28,119
17125,61,14,28,119
17126,61,14,28,119
17127,61,14,28,119
17128,61,14,28,119
17129,61,14,28,119
17130,61,14,28,119
17131,61,14,28,119
17132,61,14,28,119
17133,61,14,28,119
17134,61,14,28,119
17135,61,14,28,119
17136,61,14,28,119
17137,61,14,28,119
17138,61,14,28,119
17139,61,14,28,119
17140,61,14,28,119
17141,61,14,28,119
17142,61,14,28,119
17143,61,14,28,119
17144,61,14,28,119
17145,61,14,28,119
17146,61,14,28,119
17147,61,14,28,119
17148,61,14,28,119
17149,61,14,28,119
17150,61,14,28,119
17151,61,14,28,119
17152,61,14,28,119
17153,61,14,28,119
17154,61,14,28,119
17155,61,14,28,119
17156,61,14,28,119
17157,61,14,28,119
17158,61,14,28,119
17159,61,14,28,119
17160,61,14,28,119
17161,61,14,28,119
17162,61,14,28,119
17163,61,14,28,119
17164,61,14,28,119
17165,61,14,28,119
17166,61,14,28,119
17167,61,14,28,119
17168,61,14,28,119
17169,61,14,28,119
17170,61,14,28,119
17171,61,14,28,119
17172,61,14,28,119
17173,61,14,28,119
17174,61,14,28,119
17175,61,14,28,119
17176,61,14,28,119
17177,61,14,28,119
17178,61,14,28,119
17179,61,14,28,119
17180,61,14,28,119
17181,61,14,28,119
17182,61,14,28,119
17183,61,14,28,119
17184,61,14,28,119
17185,61,14,28,119
17186,61,14,28,119
17187,61,14,28,119
17188,61,14,28,119
17189,61,14,28,119
17190,61,14,28,119
17191,61,14,28,119
17192,61,14,28,119
17193,61,14,28,120
17194,61,14,28,120
17195,61,14,28,120
17196,61,14,28,120
17197,61,14,28,120
17198,61,14,28,120
17199,61,14,28,120
17200,61,14,28,120
17201,61,14,28,120
17202,61,14,28,120
17203,61,14,28,120
17204,61,14,28,120
17205,61,14,28,120
17206,61,14,28,120
17207,61,14,28,120
17208,61,14,28,120
17209,61,14,28,120
17210,61,14,28,120
17211,61,14,28,120
17212,61,14,28,120
17213,61,14,28,120
17214,61,14,28,120
17215,61,14,28,120
17216,61,14,28,120
17217,61,14,28,120
17218,61,14,28,120
17219,61,14,28,120
17220,61,14,28,120
17221,61,14,28,120
17222,61,14,28,120
17223,61,14,28,120
17224,61,14,28,120
17225,61,14,28,120
17226,61,14,28,120
17227,61,14,28,120
17228,61,14,28,120
17229,61,14,28,120
17230,61,14,28,120
17231,61,14,28,120
17232,61,14,28,120
17233,61,14,28,120
17234,61,14,28,120
17235,61,14,28,120
17236,61,14,28,120
17237,61,14,28,120
17238,61,14,28,120
17239,61,14,28,120
17240,61,14,28,120
17241,61,14,28,120
17242,61,14,28,120
17243,61,14,28,120
17244,61,14,28,120
17245,61,14,28,120
17246,61,14,28,120
17247,61,14,28,120
17248,61,14,28,120
17249,61,14,28,120
17250,61,14,28,120
17251,61,14,28,120
17252,61,14,28,120
17253,61,14,28,120
17254,61,14,28,120
17255,61,14,28,120
17256,61,14,28,120
17257,61,14,28,120
17258,61,14,28,120
17259,61,14,28,120
17260,61,14,28,120
17261,61,14,28,120
17262,61,14,28,120
17263,61,14,28,120
17264,61,14,28,120
17265,61,14,28,120
17266,61,14,28,120
17267,61,14,28,120
17268,61,14,28,120
17269,61,14,28,120
17270,61,14,28,120
17271,61,14,28,121
17272,61,14,28,121
17273,61,14,28,121
17274,61,14,28,121
17275,61,14,28,121
17276,61,14,28,121
17277,61,14,28,121
17278,61,14,28,121
17279,61,14,28,121
17280,61,14,28,121
17281,61,14,28,121
17282,61,14,28,121
17283,61,14,28,121
17284,61,14,28,121
17285,61,14,28,121
17286,61,14,28,121
17287,61,14,28,121
17288,61,14,28,121
17289,61,14,28,121
17290,61,14,28,121
17291,61,14,28,121
17292,61,14,28,121
17293,61,14,28,121
17294,61,14,28,121
17295,61,14,28,121
17296,61,14,28,121
17297,61,14,28,121
17298,61,14,28,121
17299,61,14,28,121
17300,61,14,28,121
17301,61,14,28,121
17302,61,14,28,121
17303,61,14,28,121
17304,61,14,28,121
17305,61,14,28,121
17306,61,14,28,121
17307,61,14,28,121
17308,61,14,28,121
17309,61,14,28,121
17310,61,14,28,121
17311,61,14,28,121
17312,61,14,28,121
17313,61,14,28,121
17314,61,14,28,121
17315,61,14,28,121
17316,61,14,28,121
17317,61,14,28,121
17318,61,14,28,121
17319,61,14,28,121
17320,61,14,28,121
17321,61,14,28,121
17322,61,14,28,121
17323,61,14,28,121
17324,61,14,28,121
17325,61,14,28,121
17326,61,14,28,121
17327,61,14,28,121
17328,61,14,28,121
17329,61,14,28,121
17330,61,14,28,121
17331,61,14,28,121
17332,61,14,28,121
17333,61,14,28,121
17334,61,14,28,121
17335,61,14,28,121
17336,61,14,28,121
17337,61,14,28,121
17338,61,14,28,121
17339,61,14,28,121
17340,61,14,28,121
17341,61,14,28,121
17342,61,14,28,121
17343,61,14,28,121
17344,61,14,28,121
17345,61,14,28,121
17346,61,14,28,121
17347,61,14,28,121
17348,61,14,28,121
17349,61,14,28,121
17350,61,14,28,121
17351,61,14,28,121
17352,61,14,28,121
17353,61,14,28,121
17354,61,14,28,121
17355,61,14,28,121
17356,61,14,28,121
17357,61,14,28,121
17358,61,14,28,121
17359,61,14,28,121
17360,61,14,28,121
17361,61,14,28,121
17362,61,14,28,121
17363,61,14,28,121
17364,61,14,28,121
17365,61,14,28,121
17366,61,14,28,121
17367,61,14,28,121
17368,61,14,28,121
17369,61,14,28,121
17370,61,14,28,121
17371,61,14,28,121
17372,61,14,28,121
17373,61,14,28,121
17374,61,14,28,121
17375,61,14,28,121
17376,61,14,28,121
17377,61,14,28,121
17378,61,14,28,121
17379,61,14,28,122
17380,61,14,28,122
17381,61,14,28,122
17382,61,14,28,122
17383,61,14,28,122
17384,61,14,28,122
17385,61,14,28,122
17386,61,14,28,122
17387,61,14,28,122
17388,61,14,28,122
17389,61,14,28,122
17390,61,14,28,122
17391,61,14,28,122
17392,61,14,28,122
17393,61,14,28,122
17394,61,14,28,122
17395,61,14,28,122
17396,61,14,28,122
17397,61,14,28,122
17398,61,14,28,122
17399,61,14,28,122
17400,61,14,28,122
17401,61,14,28,122
17402,61,14,28,122
17403,61,14,28,122
17404,61,14,28,122
17405,61,14,28,122
17406,61,14,28,122
17407,61,14,28,122
17408,61,14,28,122
17409,61,14,28,122
17410,61,14,28,122
17411,61,14,28,122
17412,61,14,28,122
17413,61,14,28,122
17414,61,14,28,122
17415,61,14,28,122
17416,61,14,28,122
17417,61,14,28,122
17418,61,14,28,122
17419,61,14,28,122
17420,61,14,28,122
17421,61,14,28,122
17422,61,14,28,122
17423,61,14,28,122
17424,61,14,28,122
17425,61,14,28,122
17426,61,14,28,122
17427,61,14,28,122
17428,61,14,28,122
17429,61,14,28,122
17430,61,14,28,122
17431,61,14,28,122
17432,61,14,28,122
17433,61,14,28,122
17434,61,14,28,122
17435,61,14,28,122
17436,61,14,28,122
17437,61,14,28,122
17438,61,14,28,122
17439,61,14,28,122
17440,61,14,28,122
17441,61,14,28,122
17442,61,14,28,122
17443,61,14,28,122
17444,61,14,28,122
17445,61,14,28,122
17446,61,14,28,122
17447,61,14,28,122
17448,61,14,28,122
17449,61,14,28,122
17450,61,14,28,122
17451,61,14,28,122
17452,61,14,28,122
17453,61,14,28,122
17454,61,14,28,122
17455,61,14,28,122
17456,61,14,28,122
17457,61,14,28,122
17458,61,14,28,122
17459,61,14,28,122
17460,61,14,28,122
17461,61,14,28,122
17462,61,14,28,122
17463,61,14,28,122
17464,61,14,28,122
17465,61,14,28,122
17466,61,14,28,122
17467,61,14,28,122
17468,61,14,28,122
17469,61,14,28,122
17470,61,14,28,122
17471,61,14,28,122
17472,61,14,28,122
17473,61,14,28,122
17474,61,14,28,122
17475,61,14,28,122
17476,61,14,28,122
17477,61,14,28,122
17478,61,14,28,122
17479,61,14,28,122
17480,61,14,28,122
17481,61,14,28,122
17482,61,14,28,122
17483,61,14,28,122
17484,61,14,28,122
17485,61,14,28,122
17486,61,14,28,122
17487,61,14,28,122
17488,61,14,28,122
17489,61,14,28,122
17490,61,14,28,122
17491,61,14,28,122
17492,61,14,28,122
17493,61,14,28,122
17494,61,14,28,122
17495,61,14,28,122
17496,61,14,28,122
17497,61,14,28,122
17498,61,14,28,122
17499,61,14,28,122
17500,61,14,28,122
17501,61,14,28,122
17502,61,14,28,122
17503,61,14,28,122
17504,61,14,28,122
17505,61,14,28,122
17506,61,14,28,122
17507,61,14,28,122
17508,61,14,28,122
17509,61,14,28,122
17510,61,14,28,122
17511,61,14,28,122
17512,61,14,28,122
17513,61,14,28,122
17514,61,14,28,122
17515,61,14,28,122
17516,61,14,28,122
17517,61,14,28,122
17518,61,14,28,122
17519,61,14,28,122
17520,61,14,28,122
17521,61,14,28,122
17522,61,14,28,122
17523,61,14,28,122
17524,61,14,28,122
17525,61,14,28,122
17526,61,14,28,122
17527,61,14,28,122
17528,61,14,28,122
17529,61,14,28,122
17530,61,14,28,122
17531,61,14,28,122
17532,61,14,28,122
17533,61,14,28,122
17534,61,14,28,122
17535,61,14,28,122
17536,61,14,28,122
17537,61,14,28,122
17538,61,14,28,123
17539,61,14,28,123
17540,61,14,28,123
17541,61,14,28,123
17542,61,14,28,123
17543,61,14,28,123
17544,61,14,28,123
17545,61,14,28,123
17546,61,14,28,123
17547,61,14,28,123
17548,61,14,28,123
17549,61,14,28,123
17550,61,14,28,123
17551,61,14,28,123
17552,61,14,28,123
17553,61,14,28,123
17554,61,14,28,123
17555,61,14,28,123
17556,61,14,28,123
17557,61,14,28,123
17558,61,14,28,123
17559,61,14,28,123
17560,61,14,28,123
17561,61,14,28,123
17562,61,14,28,123
17563,61,14,28,123
17564,61,14,28,123
17565,61,14,28,123
17566,61,14,28,123
17567,61,14,28,123
17568,61,14,28,123
17569,61,14,28,123
17570,61,14,28,123
17571,61,14,28,123
17572,61,14,28,123
17573,61,14,28,123
17574,61,14,28,123
17575,61,14,28,123
17576,61,14,28,123
17577,61,14,28,123
17578,61,14,28,123
17579,61,14,28,123
17580,61,14,28,123
17581,61,14,28,123
17582,61,14,28,123
17583,61,14,28,123
17584,61,14,28,123
17585,61,14,28,123
17586,61,14,28,123
17587,61,14,28,123
17588,61,14,28,123
17589,61,14,28,123
17590,61,14,28,123
17591,61,14,28,123
17592,61,14,28,123
17593,61,14,28,123
17594,61,14,28,123
17595,61,14,28,123
17596,61,14,28,123
17597,61,14,28,123
17598,61,14,28,123
17599,61,14,28,123
17600,61,14,28,123
17601,61,14,28,123
17602,61,14,28,123
17603,61,14,28,123
17604,61,14,28,123
17605,61,14,28,123
17606,61,14,28,123
17607,61,14,28,123
17608,61,14,28,123
17609,61,14,28,123
17610,61,14,28,123
17611,61,14,28,123
17612,61,14,28,123
17613,61,14,28,123
17614,61,14,28,123
17615,61,14,28,123
17616,61,14,28,123
17617,61,14,28,123
17618,61,14,28,123
17619,61,14,28,123
17620,61,14,28,123
17621,61,14,28,123
17622,61,14,28,123
17623,61,14,28,123
17624,61,14,28,123
17625,61,14,28,123
17626,61,14,28,123
17627,61,14,28,123
17628,61,14,28,123
17629,61,14,28,123
17630,61,14,28,123
17631,61,14,28,123
17632,61,14,28,123
17633,61,14,28,123
17634,61,14,28,123
17635,61,14,28,123
17636,61,14,28,123
17637,61,14,28,123
17638,61,14,28,123
17639,61,14,28,123
17640,61,14,28,123
17641,61,14,28,123
17642,61,14,28,123
17643,61,14,28,123
17644,61,14,28,123
17645,61,14,28,123
17646,61,14,28,123
17647,61,14,28,123
17648,61,14,28,123
17649,61,14,28,123
17650,61,14,28,123
17651,61,14,28,123
17652,61,14,28,123
17653,61,14,28,123
17654,61,14,28,123
17655,61,14,28,123
17656,61,14,28,123
17657,61,14,28,123
17658,61,14,28,123
17659,61,14,28,123
17660,61,14,28,123
17661,61,14,28,123
17662,61,14,28,123
17663,61,14,28,123
17664,61,14,28,123
17665,61,14,28,123
17666,61,14,28,123
17667,61,14,28,124
17668,61,14,28,124
17669,61,14,28,124
17670,61,14,28,124
17671,61,14,28,124
17672,61,14,28,124
17673,61,14,28,124
17674,61,14,28,124
17675,61,14,28,124
17676,61,14,28,124
17677,61,14,28,124
17678,61,14,28,124
17679,61,14,28,124
17680,61,14,28,124
17681,61,14,28,124
17682,61,14,28,124
17683,61,14,28,124
17684,61,14,28,124
17685,61,14,28,124
17686,61,14,28,124
17687,61,14,28,124
17688,61,14,28,124
17689,61,14,28,124
17690,61,14,28,124
17691,61,14,28,124
17692,61,14,28,124
17693,61,14,28,124
17694,61,14,28,124
17695,61,14,28,124
17696,61,14,28,124
17697,61,14,28,124
17698,61,14,28,124
17699,61,14,28,124
17700,61,14,28,124
17701,61,14,28,124
17702,61,14,28,124
17703,61,14,28,124
17704,61,14,28,124
17705,61,14,28,124
17706,61,14,28,124
17707,61,14,28,124
17708,61,14,28,124
17709,61,14,28,124
17710,61,14,28,124
17711,61,14,28,124
17712,61,14,28,124
17713,61,14,28,124
17714,61,14,28,124
17715,61,14,28,124
17716,61,14,28,124
17717,61,14,28,124
17718,61,14,28,124
17719,61,14,28,124
17720,61,14,28,124
17721,61,14,28,124
17722,61,14,28,124
17723,61,14,28,124
17724,61,14,28,124
17725,61,14,28,124
17726,61,14,28,124
17727,61,14,28,124
17728,61,14,28,124
17729,61,14,28,124
17730,61,14,28,124
17731,61,14,28,124
17732,61,14,28,124
17733,61,14,28,124
17734,61,14,28,124
17735,61,14,28,124
17736,61,14,28,124
17737,61,14,28,124
17738,61,14,28,124
17739,61,14,28,124
17740,61,14,28,124
17741,61,14,28,124
17742,61,14,28,124
17743,61,14,28,124
17744,61,14,28,124
17745,61,14,28,124
17746,61,14,28,124
17747,61,14,28,124
17748,61,14,28,124
17749,61,14,28,124
17750,61,14,28,124
17751,61,14,28,124
17752,61,14,28,124
17753,61,14,28,124
17754,61,14,28,124
17755,61,14,28,124
17756,61,14,28,124
17757,61,14,28,124
17758,61,14,28,124
17759,61,14,28,124
17760,61,14,28,124
17761,61,14,28,124
17762,61,14,28,124
17763,61,14,28,124
17764,61,14,28,124
17765,61,14,28,124
17766,61,14,28,124
17767,61,14,28,124
17768,61,14,28,124
17769,61,14,28,124
17770,61,14,28,124
17771,61,14,28,124
17772,61,14,28,124
17773,61,14,28,124
17774,61,14,28,124
17775,61,14,28,124
17776,61,14,28,124
17777,61,14,28,124
17778,61,14,28,124
17779,61,14,28,124
17780,61,14,28,125
17781,61,14,28,125
17782,61,14,28,125
17783,61,14,28,125
17784,61,14,28,125
17785,61,14,28,125
17786,61,14,28,125
17787,61,14,28,125
17788,61,14,28,125
17789,61,14,28,125
17790,61,14,28,125
17791,61,14,28,125
17792,61,14,28,125
17793,61,14,28,125
17794,61,14,28,125
17795,61,14,28,125
17796,61,14,28,125
17797,61,14,28,125
17798,61,14,28,125
17799,61,14,28,125
17800,61,14,28,125
17801,61,14,28,125
17802,61,14,28,125
17803,61,14,28,125
17804,61,14,28,125
17805,61,14,28,125
17806,61,14,28,125
17807,61,14,28,125
17808,61,14,28,125
17809,61,14,28,125
17810,61,14,28,125
17811,61,14,28,125
17812,61,14,28,125
17813,61,14,28,125
17814,61,14,28,125
17815,61,14,28,125
17816,61,14,28,125
17817,61,14,28,125
17818,61,14,28,125
17819,61,14,28,125
17820,61,14,28,125
17821,61,14,28,125
17822,61,14,28,125
17823,61,14,28,125
17824,61,14,28,125
17825,61,14,28,125
17826,61,14,28,125
17827,61,14,28,125
17828,61,14,28,125
17829,61,14,28,125
17830,61,14,28,125
17831,61,14,28,125
17832,61,14,28,125
17833,61,14,28,125
17834,61,14,28,125
17835,61,14,28,125
17836,61,14,28,125
17837,61,14,28,125
17838,61,14,28,125
17839,61,14,28,125
17840,61,14,28,125
17841,61,14,28,125
17842,61,14,28,125
17843,61,14,28,125
17844,61,14,28,125
17845,61,14,28,125
17846,61,14,28,125
17847,61,14,28,125
17848,61,14,28,125
17849,61,14,28,125
17850,61,14,28,125
17851,61,14,28,125
17852,61,14,28,125
17853,61,14,28,125
17854,61,14,28,125
17855,61,14,28,125
17856,61,14,28,125
17857,61,14,28,125
17858,61,14,28,125
17859,61,14,28,125
17860,61,14,28,125
17861,61,14,28,125
17862,61,14,28,125
17863,61,14,28,125
17864,61,14,28,125
17865,61,14,28,125
17866,61,14,28,125
17867,61,14,28,125
17868,61,14,28,125
17869,61,14,28,125
17870,61,14,28,125
17871,61,14,28,125
17872,61,14,28,125
17873,61,14,28,125
17874,61,14,28,125
17875,61,14,28,125
17876,61,14,28,125
17877,61,14,28,125
17878,61,14,28,125
17879,61,14,28,125
17880,61,14,28,125
17881,61,14,28,125
17882,61,14,28,125
17883,61,14,28,125
17884,61,14,28,125
17885,61,14,28,125
17886,61,14,28,125
17887,61,14,28,125
17888,61,14,28,125
17889,61,14,28,125
17890,61,14,28,125
17891,61,14,28,125
17892,61,14,28,125
17893,61,14,28,125
17894,61,14,28,125
17895,61,14,28,125
17896,61,14,28,125
17897,61,14,28,125
17898,61,14,28,125
17899,61,14,28,125
17900,61,14,28,125
17901,61,14,28,125
17902,61,14,28,125
17903,61,14,28,125
17904,61,14,28,125
17905,61,14,28,125
17906,61,14,28,125
17907,61,14,28,125
17908,61,14,28,125
17909,61,14,28,125
17910,61,14,28,125
17911,61,14,28,125
17912,61,14,28,125
17913,61,14,28,125
17914,61,14,28,125
17915,61,14,28,125
17916,61,14,28,125
17917,61,14,28,125
17918,61,14,28,125
17919,61,14,28,125
17920,61,14,28,125
17921,61,14,28,125
17922,61,14,28,125
17923,61,14,28,125
17924,61,14,28,125
17925,61,14,28,125
17926,61,14,28,125
17927,61,14,28,125
17928,61,14,28,125
17929,61,14,28,125
17930,61,14,28,125
17931,61,14,28,125
17932,61,14,28,125
17933,61,14,28,125
17934,61,14,28,125
17935,61,14,28,125
17936,61,14,28,125
17937,61,14,28,125
17938,61,14,28,125
17939,61,14,28,125
17940,61,14,28,125
17941,61,14,28,125
17942,61,14,28,125
17943,61,14,28,125
17944,61,14,28,125
17945,61,14,28,125
17946,61,14,28,125
17947,61,14,28,125
17948,61,14,28,125
17949,61,14,28,125
17950,61,14,28,125
17951,61,14,28,125
17952,61,14,28,126
17953,61,14,28,126
17954,61,14,28,126
17955,61,14,28,126
17956,61,14,28,126
17957,61,14,28,126
17958,61,14,28,126
17959,61,14,28,126
17960,61,14,28,126
17961,61,14,28,126
17962,61,14,28,126
17963,61,14,28,126
17964,61,14,28,126
17965,61,14,28,126
17966,61,14,28,126
17967,61,14,28,126
17968,61,14,28,126
17969,61,14,28,126
17970,61,14,28,126
17971,61,14,28,126
17972,61,14,28,126
17973,61,14,28,126
17974,61,14,28,126
17975,61,14,28,126
17976,61,14,28,126
17977,61,14,28,126
17978,61,14,28,126
17979,61,14,28,126
17980,61,14,28,126
17981,61,14,28,126
17982,61,14,28,126
17983,61,14,28,126
17984,61,14,28,126
17985,61,14,28,126
17986,61,14,28,126
17987,61,14,28,126
17988,61,14,28,126
17989,61,14,28,126
17990,61,14,28,126
17991,61,14,28,126
17992,61,14,28,126
17993,61,14,28,126
17994,61,14,28,126
17995,61,14,28,126
17996,61,14,28,126
17997,61,14,28,126
17998,61,14,28,126
17999,61,14,28,126
18000,61,14,28,126
18001,61,14,28,126
18002,61,14,28,126
18003,61,14,28,126
18004,61,14,28,126
18005,61,14,28,126
18006,61,14,28,126
18007,61,14,28,126
18008,61,14,28,126
18009,61,14,28,126
18010,61,14,28,126
18011,61,14,28,126
18012,61,14,28,126
18013,61,14,28,126
18014,61,14,28,126
18015,61,14,28,126
18016,61,14,28,126
18017,61,14,28,126
18018,61,14,28,126
18019,61,14,28,126
18020,61,14,28,126
18021,61,14,28,126
18022,61,14,28,126
18023,61,14,28,126
18024,61,14,28,126
18025,61,14,28,126
18026,61,14,28,126
18027,61,14,28,126
18028,61,14,28,126
18029,61,14,28,126
18030,61,14,28,126
18031,61,14,28,126
18032,61,14,28,126
18033,61,14,28,126
18034,61,14,28,126
18035,61,14,28,126
18036,61,14,28,126
18037,61,14,28,126
18038,61,14,28,126
18039,61,14,28,126
18040,61,14,28,126
18041,61,14,28,126
18042,61,14,28,126
18043,61,14,28,126
18044,61,14,28,126
18045,61,14,28,126
18046,61,14,28,126
18047,61,14,28,126
18048,61,14,28,126
18049,61,14,28,126
18050,61,14,28,126
18051,61,14,28,126
18052,61,14,28,126
18053,61,14,28,126
18054,61,14,28,126
18055,61,14,28,126
18056,61,14,28,126
18057,61,14,28,126
18058,61,14,28,126
18059,61,14,28,126
18060,61,14,28,126
18061,61,14,28,126
18062,61,14,28,126
18063,61,14,28,126
18064,61,14,28,126
18065,61,14,28,126
18066,61,14,28,126
18067,61,14,28,126
18068,61,14,28,126
18069,61,14,28,126
18070,61,14,28,126
18071,61,14,28,126
18072,61,14,28,126
18073,61,14,28,126
18074,61,14,28,126
18075,61,14,28,126
18076,61,14,28,126
18077,61,14,28,126
18078,61,14,28,126
18079,61,14,28,126
18080,61,14,28,126
18081,61,14,28,126
18082,61,14,28,126
18083,61,14,28,126
18084,61,14,28,126
18085,61,14,28,126
18086,61,14,28,126
18087,61,14,28,126
18088,61,14,28,126
18089,61,14,28,126
18090,61,14,28,126
18091,61,14,28,126
18092,61,14,28,126
18093,61,14,28,126
18094,61,14,28,126
18095,61,14,28,126
18096,61,14,28,126
18097,61,14,28,126
18098,61,14,28,126
18099,61,14,28,126
18100,61,14,28,126
18101,61,14,28,126
18102,61,14,28,126
18103,61,14,28,126
18104,61,14,28,126
18105,61,14,28,126
18106,61,14,28,126
18107,61,14,28,126
18108,61,14,28,126
18109,61,14,28,126
18110,61,14,28,126
18111,61,14,28,126
18112,61,14,28,126
18113,61,14,28,126
18114,61,14,28,126
18115,61,14,28,126
18116,61,14,28,126
18117,61,14,28,126
18118,61,14,28,126
18119,61,14,28,126
18120,61,14,28,126
18121,61,14,28,126
18122,61,14,28,126
18123,61,14,28,126
18124,61,14,28,126
18125,61,14,28,126
18126,61,14,28,126
18127,61,14,28,126
18128,61,14,28,126
18129,61,14,28,126
18130,61,14,28,126
18131,61,14,28,126
18132,61,14,28,126
18133,61,14,28,126
18134,61,14,28,126
18135,61,14,28,126
18136,61,14,28,126
18137,61,14,28,126
18138,61,14,28,126
18139,61,14,28,126
18140,61,14,28,126
18141,61,14,28,126
18142,61,14,28,126
18143,61,14,28,126
18144,61,14,28,126
18145,61,14,28,126
18146,61,14,28,126
18147,61,14,28,126
18148,61,14,28,126
18149,61,14,28,126
18150,61,14,28,126
18151,61,14,28,126
18152,61,14,28,126
18153,61,14,28,126
18154,61,14,28,126
18155,61,14,28,126
18156,61,14,28,126
18157,61,14,28,126
18158,61,14,28,126
18159,61,14,28,126
18160,61,14,28,126
18161,61,14,28,126
18162,61,14,28,126
18163,61,14,28,126
18164,61,14,28,126
18165,61,14,28,126
18166,61,14,28,127
18167,61,14,28,127
18168,61,14,28,127
18169,61,14,28,127
18170,61,14,28,127
18171,61,14,28,127
18172,61,14,28,127
18173,61,14,28,127
18174,61,14,28,127
18175,61,14,28,127
18176,61,14,28,127
18177,61,14,28,127
18178,61,14,28,127
18179,61,14,28,127
18180,61,14,28,127
18181,61,14,28,127
18182,61,14,28,127
18183,61,14,28,127
18184,61,14,28,127
18185,61,14,28,127
18186,61,14,28,127
18187,61,14,28,127
18188,61,14,28,127
18189,61,14,28,127
18190,61,14,28,127
18191,61,14,28,127
18192,61,14,28,127
18193,61,14,28,127
18194,61,14,28,127
18195,61,14,28,127
18196,61,14,28,127
18197,61,14,28,127
18198,61,14,28,127
18199,61,14,28,127
18200,61,14,28,127
18201,61,14,28,127
18202,61,14,28,127
18203,61,14,28,127
18204,61,14,28,127
18205,61,14,28,127
18206,61,14,28,127
18207,61,14,28,127
18208,61,14,28,127
18209,61,14,28,127
18210,61,14,28,127
18211,61,14,28,127
18212,61,14,28,127
18213,61,14,28,127
18214,61,14,28,127
18215,61,14,28,127
18216,61,14,28,127
18217,61,14,28,127
18218,61,14,28,127
18219,61,14,28,127
18220,61,14,28,127
18221,61,14,28,127
18222,61,14,28,127
18223,61,14,28,127
18224,61,14,28,127
18225,61,14,28,127
18226,61,14,28,127
18227,61,14,28,127
18228,61,14,28,128
18229,61,14,28,128
18230,61,14,28,128
18231,61,14,28,128
18232,61,14,28,128
18233,61,14,28,128
18234,61,14,28,128
18235,61,14,28,128
18236,61,14,28,128
18237,61,14,28,128
18238,61,14,28,128
18239,61,14,28,128
18240,61,14,28,128
18241,61,14,28,128
18242,61,14,28,128
18243,61,14,28,128
18244,61,14,28,128
18245,61,14,28,128
18246,61,14,28,128
18247,61,14,28,128
18248,61,14,28,128
18249,61,14,28,128
18250,61,14,28,128
18251,61,14,28,128
18252,61,14,28,128
18253,61,14,28,128
18254,61,14,28,128
18255,61,14,28,128
18256,61,14,28,128
18257,61,14,28,128
18258,61,14,28,128
18259,61,14,28,128
18260,61,14,28,128
18261,61,14,28,128
18262,61,14,28,128
18263,61,14,28,128
18264,61,14,28,128
18265,61,14,28,128
18266,61,14,28,128
18267,61,14,28,128
18268,61,14,28,128
18269,61,14,28,128
18270,61,14,28,128
18271,61,14,28,128
18272,61,14,28,128
18273,61,14,28,128
18274,61,14,28,128
18275,61,14,28,128
18276,61,14,28,128
18277,61,14,28,128
18278,61,14,28,128
18279,61,14,28,128
18280,61,14,28,128
18281,61,14,28,128
18282,61,14,28,128
18283,61,14,28,128
18284,61,14,28,128
18285,61,14,28,128
18286,61,14,28,128
18287,61,14,28,128
18288,61,14,28,128
18289,61,14,28,128
18290,61,14,28,128
18291,61,14,28,128
18292,61,14,28,128
18293,61,14,28,128
18294,61,14,28,128
18295,61,14,28,128
18296,61,14,28,128
18297,61,14,28,128
18298,61,14,28,128
18299,61,14,28,128
18300,61,14,28,128
18301,61,14,28,128
18302,61,14,28,128
18303,61,14,28,128
18304,61,14,28,128
18305,61,14,28,128
18306,61,14,28,128
18307,61,14,28,128
18308,61,14,28,128
18309,61,14,28,128
18310,61,14,28,128
18311,61,14,28,128
18312,61,14,28,128
18313,61,14,28,128
18314,61,14,28,128
18315,61,14,28,128
18316,61,14,28,128
18317,61,14,28,128
18318,61,14,28,128
18319,61,14,28,128
18320,61,14,28,128
18321,61,14,28,128
18322,61,14,28,128
18323,61,14,28,128
18324,61,14,28,128
18325,61,14,28,128
18326,61,14,28,128
18327,61,14,28,128
18328,61,14,28,128
18329,61,14,28,128
18330,61,14,28,128
18331,61,14,28,128
18332,61,14,28,128
18333,61,14,28,128
18334,61,14,28,128
18335,61,14,28,128
18336,61,14,28,128
18337,61,14,28,128
18338,61,14,28,128
18339,61,14,28,128
18340,61,14,28,128
18341,61,14,28,128
18342,61,14,28,128
18343,61,14,28,128
18344,61,14,28,128
18345,61,14,28,128
18346,61,14,28,128
18347,61,14,28,128
18348,61,14,28,128
18349,61,14,28,128
18350,61,14,28,128
18351,61,14,28,128
18352,61,14,28,128
18353,61,14,28,128
18354,61,14,28,128
18355,61,14,28,128
18356,61,14,28,128
18357,61,14,28,128
18358,61,14,28,128
18359,61,14,28,128
18360,61,14,28,128
18361,61,14,28,128
18362,61,14,28,128
18363,61,14,28,128
18364,61,14,28,128
18365,61,14,28,128
18366,61,14,28,128
18367,61,14,28,128
18368,61,14,28,128
18369,61,14,28,128
18370,61,14,28,128
18371,61,14,28,128
18372,61,14,28,128
18373,61,14,28,128
18374,61,14,28,128
18375,61,14,28,128
18376,61,14,28,128
18377,61,14,28,128
18378,61,14,28,128
18379,61,14,28,128
18380,61,14,28,128
18381,61,14,28,128
18382,61,14,28,128
18383,61,14,28,128
18384,61,14,28,128
18385,61,14,28,128
18386,61,14,28,128
18387,61,14,28,128
18388,61,14,28,128
18389,61,14,28,128
18390,61,14,28,128
18391,61,14,28,128
18392,61,14,28,128
18393,61,14,28,128
18394,61,14,28,128
18395,61,14,28,128
18396,61,14,28,128
18397,61,14,28,128
18398,61,14,28,128
18399,61,14,28,128
18400,61,14,28,128
18401,61,14,28,128
18402,61,14,28,128
18403,61,14,28,128
18404,61,14,28,128
18405,61,14,28,128
18406,61,14,28,128
18407,61,14,28,128
18408,61,14,28,128
18409,61,14,28,128
18410,61,14,28,129
18411,61,14,28,129
18412,61,14,28,129
18413,61,14,28,129
18414,61,14,28,129
18415,61,14,28,129
18416,61,14,28,129
18417,61,14,28,129
18418,61,14,28,129
18419,61,14,28,129
18420,61,14,28,129
18421,61,14,28,129
18422,61,14,28,129
18423,61,14,28,129
18424,61,14,28,129
18425,61,14,28,129
18426,61,14,28,130
18427,61,14,28,130
18428,61,14,28,130
18429,61,14,28,130
18430,61,14,28,130
18431,61,14,28,130
18432,61,14,28,130
18433,61,14,28,130
18434,61,14,28,130
18435,61,14,28,130
18436,61,14,28,130
18437,61,14,28,130
18438,61,14,28,130
18439,61,14,28,130
18440,61,14,28,130
18441,61,14,28,130
18442,61,14,28,130
18443,61,14,28,130
18444,61,14,28,130
18445,61,14,28,130
18446,61,14,28,130
18447,61,14,28,130
18448,61,14,28,130
18449,61,14,28,130
18450,61,14,28,130
18451,61,14,28,130
18452,61,14,28,130
18453,61,14,28,130
18454,61,14,28,130
18455,61,14,28,130
18456,61,14,28,130
18457,61,14,28,130
18458,61,14,28,130
18459,61,14,28,130
18460,61,14,28,130
18461,61,14,28,130
18462,61,14,28,130
18463,61,14,28,130
18464,61,14,28,130
18465,61,14,28,130
18466,61,14,28,130
18467,61,14,28,130
18468,61,14,28,130
18469,61,14,28,130
18470,61,14,28,130
18471,61,14,28,130
18472,61,14,28,130
18473,61,14,28,130
18474,61,14,28,130
18475,61,14,28,130
18476,61,14,28,130
18477,61,14,28,130
18478,61,14,28,130
18479,61,14,28,130
18480,61,14,28,130
18481,61,14,28,130
18482,61,14,28,130
18483,61,14,28,130
18484,61,14,28,130
18485,61,14,28,130
18486,61,14,28,130
18487,61,14,28,130
18488,61,14,28,130
18489,61,14,28,130
18490,61,14,28,130
18491,61,14,28,130
18492,61,14,28,130
18493,61,14,28,130
18494,61,14,28,130
18495,61,14,28,130
18496,61,14,28,130
18497,61,14,28,130
18498,61,14,28,130
18499,61,14,28,130
18500,61,14,28,130
18501,61,14,28,130
18502,61,14,28,130
18503,61,14,28,130
18504,61,14,28,130
18505,61,14,28,130
18506,61,14,28,130
18507,61,14,28,130
18508,61,14,28,130
18509,61,14,28,130
18510,61,14,28,130
18511,61,14,28,130
18512,61,14,28,130
18513,61,14,28,130
18514,61,14,28,130
18515,61,14,28,130
18516,61,14,28,130
18517,61,14,28,130
18518,61,14,28,130
18519,61,14,28,130
18520,61,14,28,130
18521,61,14,28,130
18522,61,14,28,130
18523,61,14,28,130
18524,61,14,28,130
18525,61,14,28,130
18526,61,14,28,130
18527,61,14,28,130
18528,61,14,28,130
18529,61,14,28,130
18530,61,14,28,130
18531,61,14,28,130
18532,61,14,28,130
18533,61,14,28,130
18534,61,14,28,130
18535,61,14,28,130
18536,61,14,28,130
18537,61,14,28,130
18538,61,14,28,130
18539,61,14,28,130
18540,61,14,28,130
18541,61,14,28,130
18542,61,14,28,130
18543,61,14,28,130
18544,61,14,28,130
18545,61,14,28,130
18546,61,14,28,130
18547,61,14,28,130
18548,61,14,28,130
18549,61,14,28,130
18550,61,14,28,130
18551,61,14,28,130
18552,61,14,28,130
18553,61,14,28,130
18554,61,14,28,130
18555,61,14,28,130
18556,61,14,28,130
18557,61,14,28,130
18558,61,14,28,130
18559,61,14,28,130
18560,61,14,28,130
18561,61,14,28,130
18562,61,14,28,130
18563,61,14,28,130
18564,61,14,28,130
18565,61,14,28,130
18566,61,14,28,130
18567,61,14,28,130
18568,61,14,28,130
18569,61,14,28,130
18570,61,14,28,130
18571,61,14,28,130
18572,61,14,28,130
18573,61,14,28,130
18574,61,14,28,130
18575,61,14,28,130
18576,61,14,28,130
18577,61,14,28,130
18578,61,14,28,130
18579,61,14,28,130
18580,61,14,28,130
18581,61,14,28,130
18582,61,14,28,130
18583,61,14,28,130
18584,61,14,28,130
18585,61,14,28,130
18586,61,14,28,130
18587,61,14,28,130
18588,61,14,28,130
18589,61,14,28,130
18590,61,14,28,130
18591,61,14,28,130
18592,61,14,28,130
18593,61,14,28,130
18594,61,14,28,130
18595,61,14,28,131
18596,61,14,28,131
18597,61,14,28,131
18598,61,14,28,131
18599,61,14,28,131
18600,61,14,28,131
18601,61,14,28,131
18602,61,14,28,131
18603,61,14,28,131
18604,61,14,28,131
18605,61,14,28,131
18606,61,14,28,131
18607,61,14,28,131
18608,61,14,28,131
18609,61,14,28,131
18610,61,14,28,131
18611,61,14,28,131
18612,61,14,28,131
18613,61,14,28,131
18614,61,14,28,131
18615,61,14,28,131
18616,61,14,28,131
18617,61,14,28,131
18618,61,14,28,131
18619,61,14,28,131
18620,61,14,28,131
18621,61,14,28,131
18622,61,14,28,131
18623,61,14,28,131
18624,61,14,28,131
18625,61,14,28,131
18626,61,14,28,131
18627,61,14,28,131
18628,61,14,28,131
18629,61,14,28,131
18630,61,14,28,131
18631,61,14,28,131
18632,61,14,28,131
18633,61,14,28,131
18634,61,14,28,131
18635,61,14,28,131
18636,61,14,28,131
18637,61,14,28,131
18638,61,14,28,131
18639,61,14,28,131
18640,61,14,28,131
18641,61,14,28,131
18642,61,14,28,131
18643,61,14,28,131
18644,61,14,28,131
18645,61,14,28,131
18646,61,14,28,131
18647,61,14,28,131
18648,61,14,28,131
18649,61,14,28,131
18650,61,14,28,131
18651,61,14,28,131
18652,61,14,28,131
18653,61,14,28,131
18654,61,14,28,131
18655,61,14,28,131
18656,61,14,28,131
18657,61,14,28,131
18658,61,14,28,131
18659,61,14,28,131
18660,61,14,28,131
18661,61,14,28,131
18662,61,14,28,131
18663,61,14,28,131
18664,61,14,28,131
18665,61,14,28,131
18666,61,14,28,131
18667,61,14,28,131
18668,61,14,28,131
18669,61,14,28,131
18670,61,14,28,131
18671,61,14,28,131
18672,61,14,28,131
18673,61,14,28,131
18674,61,14,28,131
18675,61,14,28,131
18676,61,14,28,131
18677,61,14,28,131
18678,61,14,28,131
18679,61,14,28,131
18680,61,14,28,131
18681,61,14,28,131
18682,61,14,28,131
18683,61,14,28,131
18684,61,14,28,131
18685,61,14,28,131
18686,61,14,28,131
18687,61,14,28,131
18688,61,14,28,131
18689,61,14,28,131
18690,61,14,28,131
18691,61,14,28,131
18692,61,14,28,131
18693,61,14,28,131
18694,61,14,28,131
18695,61,14,28,131
18696,61,14,28,131
18697,61,14,28,131
18698,61,14,28,131
18699,61,14,28,131
18700,61,14,28,131
18701,61,14,28,131
18702,61,14,28,131
18703,61,14,28,131
18704,61,14,28,131
18705,61,14,28,131
18706,61,14,28,131
18707,61,14,28,131
18708,61,14,28,131
18709,61,14,28,131
18710,61,14,28,131
18711,61,14,28,131
18712,61,14,28,131
18713,61,14,28,131
18714,61,14,28,131
18715,61,14,28,131
18716,61,14,28,131
18717,61,14,28,131
18718,61,14,28,131
18719,61,14,28,131
18720,61,14,28,131
18721,61,14,28,131
18722,61,14,28,131
18723,61,14,28,131
18724,61,14,28,131
18725,61,14,28,131
18726,61,14,28,131
18727,61,14,28,131
18728,61,14,28,131
18729,61,14,28,131
18730,61,14,28,131
18731,61,14,28,131
18732,61,14,28,131
18733,61,14,28,131
18734,61,14,28,131
18735,61,14,28,131
18736,61,14,28,131
18737,61,14,28,131
18738,61,14,28,131
18739,61,14,28,131
18740,61,14,28,131
18741,61,14,28,131
18742,61,14,28,131
18743,61,14,28,131
18744,61,14,28,131
18745,61,14,28,131
18746,61,14,28,131
18747,61,14,28,131
18748,61,14,28,131
18749,61,14,28,131
18750,61,14,28,131
18751,61,14,28,131
18752,61,14,28,131
18753,61,14,28,131
18754,61,14,28,131
18755,61,14,28,131
18756,61,14,28,131
18757,61,14,28,131
18758,61,14,28,131
18759,61,14,28,131
18760,61,14,28,131
18761,61,14,28,131
18762,61,14,28,131
18763,61,14,28,131
18764,61,14,28,131
18765,61,14,28,131
18766,61,14,28,131
18767,61,14,28,131
18768,61,14,28,131
18769,61,14,28,131
18770,61,14,28,131
18771,61,14,28,131
18772,61,14,28,131
18773,61,14,28,131
18774,61,14,28,131
18775,61,14,28,131
18776,61,14,28,131
18777,61,14,28,131
18778,61,14,28,131
18779,61,14,28,131
18780,61,14,28,131
18781,61,14,28,131
18782,61,14,28,131
18783,61,14,28,131
18784,61,14,28,131
18785,61,14,28,131
18786,61,14,28,131
18787,61,14,28,131
18788,61,14,28,131
18789,61,14,28,131
18790,61,14,28,131
18791,61,14,28,131
18792,61,14,28,131
18793,61,14,28,131
18794,61,14,28,131
18795,61,14,28,131
18796,61,14,28,131
18797,61,14,28,132
18798,61,14,28,132
18799,61,14,28,132
18800,61,14,28,132
18801,61,14,28,132
18802,61,14,28,132
18803,61,14,28,132
18804,61,14,28,132
18805,61,14,28,132
18806,61,14,28,132
18807,61,14,28,132
18808,61,14,28,132
18809,61,14,28,132
18810,61,14,28,132
18811,61,14,28,132
18812,61,14,28,132
18813,61,14,28,132
18814,61,14,28,132
18815,61,14,28,132
18816,61,14,28,132
18817,61,14,28,132
18818,61,14,28,132
18819,61,14,28,132
18820,61,14,28,132
18821,61,14,28,132
18822,61,14,28,132
18823,61,14,28,132
18824,61,14,28,132
18825,61,14,28,132
18826,61,14,28,132
18827,61,14,28,132
18828,61,14,28,132
18829,61,14,28,132
18830,61,14,28,132
18831,61,14,28,132
18832,61,14,28,132
18833,61,14,28,132
18834,61,14,28,132
18835,61,14,28,132
18836,61,14,28,132
18837,61,14,28,132
18838,61,14,28,132
18839,61,14,28,132
18840,61,14,28,132
18841,61,14,28,132
18842,61,14,28,132
18843,61,14,28,132
18844,61,14,28,132
18845,61,14,28,132
18846,61,14,28,132
18847,61,14,28,132
18848,61,14,28,132
18849,61,14,28,132
18850,61,14,28,132
18851,61,14,28,132
18852,61,14,28,132
18853,61,14,28,132
18854,61,14,28,132
18855,61,14,28,132
18856,61,14,28,132
18857,61,14,28,132
18858,61,14,28,132
18859,61,14,28,132
18860,61,14,28,132
18861,61,14,28,132
18862,61,14,28,132
18863,61,14,28,132
18864,61,14,28,132
18865,61,14,28,132
18866,61,14,28,132
18867,61,14,28,132
18868,61,14,28,132
18869,61,14,28,132
18870,61,14,28,132
18871,61,14,28,132
18872,61,14,28,132
18873,61,14,28,132
18874,61,14,28,132
18875,61,14,28,132
18876,61,14,28,132
18877,61,14,28,132
18878,61,14,28,132
18879,61,14,28,132
18880,61,14,28,132
18881,61,14,28,132
18882,61,14,28,132
18883,61,14,28,132
18884,61,14,28,132
18885,61,14,28,132
18886,61,14,28,132
18887,61,14,28,132
18888,61,14,28,132
18889,61,14,28,132
18890,61,14,28,132
18891,61,14,28,132
18892,61,14,28,132
18893,61,14,28,132
18894,61,14,28,132
18895,61,14,28,132
18896,61,14,28,132
18897,61,14,28,132
18898,61,14,28,132
18899,61,14,28,132
18900,61,14,28,132
18901,61,14,28,132
18902,61,14,28,132
18903,61,14,28,132
18904,61,14,28,132
18905,61,14,28,132
18906,61,14,28,132
18907,61,14,28,132
18908,61,14,28,132
18909,61,14,28,132
18910,61,14,28,132
18911,61,14,28,132
18912,61,14,28,132
18913,61,14,28,132
18914,61,14,28,132
18915,61,14,28,132
18916,61,14,28,132
18917,61,14,28,132
18918,61,14,28,132
18919,61,14,28,132
18920,61,14,28,132
18921,61,14,28,132
18922,61,14,28,132
18923,61,14,28,132
18924,61,14,28,132
18925,61,14,28,132
18926,61,14,28,132
18927,61,14,28,132
18928,61,14,28,132
18929,61,14,28,132
18930,61,14,28,132
18931,61,14,28,132
18932,61,14,28,132
18933,61,14,28,132
18934,61,14,28,132
18935,61,14,28,132
18936,61,14,28,132
18937,61,14,28,132
18938,61,14,28,132
18939,61,14,28,132
18940,61,14,28,132
18941,61,14,28,132
18942,61,14,28,132
18943,61,14,28,132
18944,61,14,28,132
18945,61,14,28,132
18946,61,14,28,132
18947,61,14,28,132
18948,61,14,28,132
18949,61,14,28,132
18950,61,14,28,132
18951,61,14,28,132
18952,61,14,28,132
18953,61,14,28,132
18954,61,14,28,132
18955,61,14,28,132
18956,61,14,28,132
18957,61,14,28,132
18958,61,14,28,132
18959,61,14,28,132
18960,61,14,28,132
18961,61,14,28,132
18962,61,14,28,132
18963,61,14,28,132
18964,61,14,28,132
18965,61,14,28,132
18966,61,14,28,132
18967,61,14,28,132
18968,61,14,28,132
18969,61,14,28,132
18970,61,14,28,132
18971,61,14,28,133
18972,61,14,28,133
18973,61,14,28,133
18974,61,14,28,133
18975,61,14,28,133
18976,61,14,28,133
18977,61,14,28,133
18978,61,14,28,133
18979,61,14,28,133
18980,61,14,28,133
18981,61,14,28,133
18982,61,14,28,133
18983,61,14,28,133
18984,61,14,28,133
18985,61,14,28,133
18986,61,14,28,133
18987,61,14,28,133
18988,61,14,28,133
18989,61,14,28,133
18990,61,14,28,133
18991,61,14,28,133
18992,61,14,28,133
18993,61,14,28,133
18994,61,14,28,133
18995,61,14,28,133
18996,61,14,28,133
18997,61,14,28,133
18998,61,14,28,133
18999,61,14,28,133
19000,61,14,28,133
19001,61,14,28,133
19002,61,14,28,133
19003,61,14,28,133
19004,61,14,28,133
19005,61,14,28,133
19006,61,14,28,133
19007,61,14,28,133
19008,61,14,28,133
19009,61,14,28,133
19010,61,14,28,133
19011,61,14,28,133
19012,61,14,28,133
19013,61,14,28,133
19014,61,14,28,133
19015,61,14,28,133
19016,61,14,28,133
19017,61,14,28,133
19018,61,14,28,133
19019,61,14,28,133
19020,61,14,28,133
19021,61,14,28,133
19022,61,14,28,133
19023,61,14,28,133
19024,61,14,28,133
19025,61,14,28,133
19026,61,14,28,133
19027,61,14,28,133
19028,61,14,28,133
19029,61,14,28,133
19030,61,14,28,133
19031,61,14,28,133
19032,61,14,28,133
19033,61,14,28,133
19034,61,14,28,133
19035,61,14,28,133
19036,61,14,28,133
19037,61,14,28,133
19038,61,14,28,133
19039,61,14,28,133
19040,61,14,28,133
19041,61,14,28,133
19042,61,14,28,133
19043,61,14,28,133
19044,61,14,28,133
19045,61,14,28,133
19046,61,14,28,133
19047,61,14,28,133
19048,61,14,28,133
19049,61,14,28,133
19050,61,14,28,133
19051,61,14,28,133
19052,61,14,28,133
19053,61,14,28,133
19054,61,14,28,133
19055,61,14,28,133
19056,61,14,28,133
19057,61,14,28,133
19058,61,14,28,133
19059,61,14,28,133
19060,61,14,28,133
19061,61,14,28,133
19062,61,14,28,133
19063,61,14,28,133
19064,61,14,28,133
19065,61,14,28,133
19066,61,14,28,133
19067,61,14,28,133
19068,61,14,28,133
19069,61,14,28,133
19070,61,14,28,133
19071,61,14,28,133
19072,61,14,28,133
19073,61,14,28,133
19074,61,14,28,133
19075,61,14,28,133
19076,61,14,28,133
19077,61,14,28,133
19078,61,14,28,133
19079,61,14,28,133
19080,61,14,28,133
19081,61,14,28,133
19082,61,14,28,133
19083,61,14,28,133
19084,61,14,28,133
19085,61,14,28,133
19086,61,14,28,133
19087,61,14,28,133
19088,61,14,28,133
19089,61,14,28,133
19090,61,14,28,133
19091,61,14,28,133
19092,61,14,28,133
19093,61,14,28,133
19094,61,14,28,133
19095,61,14,28,133
19096,61,14,28,133
19097,61,14,28,133
19098,61,14,28,133
19099,61,14,28,133
19100,61,14,28,133
19101,61,14,28,133
19102,61,14,28,133
19103,61,14,28,133
19104,61,14,28,133
19105,61,14,28,133
19106,61,14,28,133
19107,61,14,28,133
19108,61,14,28,133
19109,61,14,28,133
19110,61,14,28,133
19111,61,14,28,133
19112,61,14,28,133
19113,61,14,28,133
19114,61,14,28,133
19115,61,14,28,133
19116,61,14,28,133
19117,61,14,28,133
19118,61,14,28,133
19119,61,14,28,133
19120,61,14,28,133
19121,61,14,28,133
19122,61,14,28,133
19123,61,14,28,133
19124,61,14,28,133
19125,61,14,28,133
19126,61,14,28,133
19127,61,14,28,133
19128,61,14,28,133
19129,61,14,28,133
19130,61,14,28,133
19131,61,14,28,133
19132,61,14,28,133
19133,61,14,28,133
19134,61,14,28,133
19135,61,14,28,133
19136,61,14,28,133
19137,61,14,28,133
19138,61,14,28,133
19139,61,14,28,133
19140,61,14,28,133
19141,61,14,28,133
19142,61,14,28,133
19143,61,14,28,133
19144,61,14,28,133
19145,61,14,28,133
19146,61,14,28,133
19147,61,14,28,133
19148,61,14,28,133
19149,61,14,28,133
19150,61,14,28,133
19151,61,14,28,133
19152,61,14,28,133
19153,61,14,28,133
19154,61,14,28,133
19155,61,14,28,133
19156,61,14,28,133
19157,61,14,28,133
19158,61,14,28,133
19159,61,14,28,133
19160,61,14,28,133
19161,61,14,28,133
19162,61,14,28,133
19163,61,14,28,133
19164,61,14,28,133
19165,61,14,28,133
19166,61,14,28,133
19167,61,14,28,133
19168,61,14,28,133
19169,61,14,28,133
19170,61,14,28,133
19171,61,14,28,133
19172,61,14,28,133
19173,61,14,28,133
19174,61,14,28,133
19175,61,14,28,133
19176,61,14,28,133
19177,61,14,28,133
19178,61,14,28,133
19179,61,14,28,133
19180,61,14,28,133
19181,61,14,28,133
19182,61,14,28,133
19183,61,14,28,133
19184,61,14,28,133
19185,61,14,28,133
19186,61,14,28,133
19187,61,14,28,133
19188,61,14,28,133
19189,61,14,28,133
19190,61,14,28,133
19191,61,14,28,133
19192,61,14,28,133
19193,61,14,28,133
19194,61,14,28,133
19195,61,14,28,133
19196,61,14,28,133
19197,61,14,28,133
19198,61,14,28,133
19199,61,14,28,133
19200,61,14,28,133
19201,61,14,28,133
19202,61,14,28,133
19203,61,14,28,133
19204,61,14,28,133
19205,61,14,28,133
19206,61,14,28,133
19207,61,14,28,133
19208,61,14,28,133
19209,61,14,28,133
19210,61,14,28,133
19211,61,14,28,133
19212,61,14,28,133
19213,61,14,28,133
19214,61,14,28,133
19215,61,14,28,133
19216,61,14,28,133
19217,61,14,28,133
19218,61,14,28,133
19219,61,14,28,133
19220,61,14,28,133
19221,61,14,28,133
19222,61,14,28,133
19223,61,14,28,133
19224,61,14,28,133
19225,61,14,28,133
19226,61,14,28,133
19227,61,14,28,133
19228,61,14,28,133
19229,61,14,28,133
19230,61,14,28,133
19231,61,14,28,133
19232,61,14,28,133
19233,61,14,28,133
19234,61,14,28,133
19235,61,14,28,133
19236,61,14,28,133
19237,61,14,28,133
19238,61,14,28,133
19239,61,14,28,133
19240,61,14,28,133
19241,61,14,28,133
19242,61,14,28,133
19243,61,14,28,133
19244,61,14,28,133
19245,61,14,28,133
19246,61,14,28,133
19247,61,14,28,133
19248,61,14,28,133
19249,61,14,28,133
19250,61,14,28,133
19251,61,14,28,133
19252,61,14,28,133
19253,61,14,28,133
19254,61,14,28,133
19255,61,14,28,133
19256,61,14,28,133
19257,61,14,28,133
19258,61,14,28,133
19259,61,14,28,133
19260,61,14,28,133
19261,61,14,28,133
19262,61,14,28,133
19263,61,14,28,133
19264,61,14,28,133
19265,61,14,28,133
19266,61,14,28,133
19267,61,14,28,133
19268,61,14,28,133
19269,61,14,28,133
19270,61,14,28,133
19271,61,14,28,133
19272,61,14,28,133
19273,61,14,28,133
19274,61,14,28,133
19275,61,14,28,133
19276,61,14,28,133
19277,61,14,28,133
19278,61,14,28,133
19279,61,14,28,133
19280,61,14,28,133
19281,61,14,28,133
19282,61,14,28,133
19283,61,14,28,133
19284,61,14,28,133
19285,61,14,28,133
19286,61,14,28,133
19287,61,14,28,133
19288,61,14,28,133
19289,61,14,28,133
19290,61,14,28,133
19291,61,14,28,133
19292,61,14,28,133
19293,61,14,28,133
19294,61,14,28,133
19295,61,14,28,133
19296,61,14,28,133
19297,61,14,28,133
19298,61,14,28,133
19299,61,14,28,133
19300,61,14,28,133
19301,61,14,28,133
19302,61,14,28,133
19303,61,14,28,133
19304,61,14,28,133
19305,61,14,28,133
19306,61,14,28,133
19307,61,14,28,133
19308,61,14,28,133
19309,61,14,28,133
19310,61,14,28,133
19311,61,14,28,133
19312,61,14,28,133
19313,61,14,28,133
19314,61,14,28,133
19315,61,14,28,133
19316,61,14,28,133
19317,61,14,28,133
19318,61,14,28,133
19319,61,14,28,133
19320,61,14,28,133
19321,61,14,28,133
19322,61,14,28,133
19323,61,14,28,133
19324,61,14,28,133
19325,61,14,28,133
19326,61,14,28,133
19327,61,14,28,133
19328,61,14,28,133
19329,61,14,28,133
19330,61,14,28,133
19331,61,14,28,133
19332,61,14,28,133
19333,61,14,28,133
19334,61,14,28,133
19335,61,14,28,133
19336,61,14,28,133
19337,61,14,28,133
19338,61,14,28,133
19339,61,14,28,133
19340,61,14,28,133
19341,61,14,28,133
19342,61,14,28,133
19343,61,14,28,133
19344,61,14,28,133
19345,61,14,28,133
19346,61,14,28,133
19347,61,14,28,133
19348,61,14,28,133
19349,61,14,28,133
19350,61,14,28,133
19351,61,14,28,133
19352,61,14,28,133
19353,61,14,28,133
19354,61,14,28,133
19355,61,14,28,133
19356,61,14,28,133
19357,61,14,28,133
19358,61,14,28,133
19359,61,14,28,133
19360,61,14,28,133
19361,61,14,28,133
19362,61,14,28,133
19363,61,14,28,133
19364,61,14,28,133
19365,61,14,28,133
19366,61,14,28,133
19367,61,14,28,133
19368,61,14,28,133
19369,61,14,28,133
19370,61,14,28,133
19371,61,14,28,133
19372,61,14,28,133
19373,61,14,28,133
19374,61,14,28,133
19375,61,14,28,133
19376,61,14,28,133
19377,61,14,28,133
19378,61,14,28,133
19379,61,14,28,133
19380,61,14,28,133
19381,61,14,28,133
19382,61,14,28,133
19383,61,14,28,133
19384,61,14,28,133
19385,61,14,28,133
19386,61,14,28,133
19387,61,14,28,133
19388,61,14,28,133
19389,61,14,28,133
19390,61,14,28,133
19391,61,14,28,133
19392,61,14,28,133
19393,61,14,28,133
19394,61,14,28,133
19395,61,14,28,133
19396,61,14,28,133
19397,61,14,28,133
19398,61,14,28,133
19399,61,14,28,133
19400,61,14,28,133
19401,61,14,28,133
19402,61,14,28,133
19403,61,14,28,133
19404,61,14,28,133
19405,61,14,28,133
19406,61,14,28,133
19407,61,14,28,133
19408,61,14,28,133
19409,61,14,28,133
19410,61,14,28,133
19411,61,14,28,133
19412,61,14,28,133
19413,61,14,28,133
19414,61,14,28,133
19415,61,14,28,133
19416,61,14,28,133
19417,61,14,28,133
19418,61,14,28,133
19419,61,14,28,133
19420,61,14,28,133
19421,61,14,28,133
19422,61,14,28,133
19423,61,14,28,133
19424,61,14,28,133
19425,61,14,28,133
19426,61,14,28,133
19427,61,14,28,133
19428,61,14,28,133
19429,61,14,28,133
19430,61,14,28,133
19431,61,14,28,133
19432,61,14,28,133
19433,61,14,28,133
19434,61,14,28,133
19435,61,14,28,133
19436,61,14,28,133
19437,61,14,28,133
19438,61,14,28,133
19439,61,14,28,133
19440,61,14,28,133
19441,61,14,28,133
19442,61,14,28,133
19443,61,14,28,133
19444,61,14,28,133
19445,61,14,28,133
19446,61,14,28,133
19447,61,14,28,133
19448,61,14,28,133
19449,61,14,28,133
19450,61,14,28,133
19451,61,14,28,133
19452,61,14,28,133
19453,61,14,28,133
19454,61,14,28,133
19455,61,14,28,133
19456,61,14,28,133
19457,61,14,28,133
19458,61,14,28,133
19459,61,14,28,133
19460,61,14,28,133
19461,61,14,28,133
19462,61,14,28,133
19463,61,14,28,133
19464,61,14,28,133
19465,61,14,28,133
19466,61,14,28,133
19467,61,14,28,133
19468,61,14,28,133
19469,61,14,28,133
19470,61,14,28,133
19471,61,14,28,133
19472,61,14,28,133
19473,61,14,28,133
19474,61,14,28,133
19475,61,14,28,133
19476,61,14,28,133
19477,61,14,28,133
19478,61,14,28,133
19479,61,14,28,133
19480,61,14,28,133
19481,61,14,28,133
19482,61,14,28,133
19483,61,14,28,133
19484,61,14,28,133
19485,61,14,28,133
19486,61,14,28,133
19487,61,14,28,133
19488,61,14,28,133
19489,61,14,28,133
19490,61,14,28,133
19491,61,14,28,133
19492,61,14,28,133
19493,61,14,28,133
19494,61,14,28,133
19495,61,14,28,133
19496,61,14,28,133
19497,61,14,28,133
19498,61,14,28,133
19499,61,14,28,133
19500,61,14,28,133
19501,61,14,28,133
19502,61,14,28,133
19503,61,14,28,133
19504,61,14,28,133
19505,61,14,28,133
19506,61,14,28,133
19507,61,14,28,133
19508,61,14,28,133
19509,61,14,28,133
19510,61,14,28,133
19511,61,14,28,133
19512,61,14,28,133
19513,61,14,28,133
19514,61,14,28,133
19515,61,14,28,133
19516,61,14,28,133
19517,61,14,28,133
19518,61,14,28,133
19519,61,14,28,133
19520,61,14,28,133
19521,61,14,28,133
19522,61,14,28,133
19523,61,14,28,133
19524,61,14,28,133
19525,61,14,28,133
19526,61,14,28,133
19527,61,14,28,133
19528,61,14,28,133
19529,61,14,28,133
19530,61,14,28,133
19531,61,14,28,133
19532,61,14,28,133
19533,61,14,28,133
19534,61,14,28,133
19535,61,14,28,133
19536,61,14,28,133
19537,61,14,28,133
19538,61,14,28,133
19539,61,14,28,133
19540,61,14,28,133
19541,61,14,28,133
19542,61,14,28,133
19543,61,14,28,133
19544,61,14,28,133
19545,61,14,28,133
19546,61,14,28,133
19547,61,14,28,133
19548,61,14,28,133
19549,61,14,28,133
19550,61,14,28,133
19551,61,14,28,133
19552,61,14,28,133
19553,61,14,28,133
19554,61,14,28,133
19555,61,14,28,133
19556,61,14,28,133
19557,61,14,28,133
19558,61,14,28,133
19559,61,14,28,133
19560,61,14,28,133
19561,61,14,28,133
19562,61,14,28,133
19563,61,14,28,133
19564,61,14,28,133
19565,61,14,28,133
19566,61,14,28,133
19567,61,14,28,133
19568,61,14,28,133
19569,61,14,28,133
19570,61,14,28,133
19571,61,14,28,133
19572,61,14,28,133
19573,61,14,28,133
19574,61,14,28,133
19575,61,14,28,133
19576,61,14,28,133
19577,61,14,28,133
19578,61,14,28,133
19579,61,14,28,133
19580,61,14,28,133
19581,61,14,28,133
19582,61,14,28,133
19583,61,14,28,133
19584,61,14,28,133
19585,61,14,28,133
19586,61,14,28,133
19587,61,14,28,133
19588,61,14,28,133
19589,61,14,28,133
19590,61,14,28,133
19591,61,14,28,133
19592,61,14,28,133
19593,61,14,28,133
19594,61,14,28,133
19595,61,14,28,133
19596,61,14,28,133
19597,61,14,28,133
19598,61,14,28,133
19599,61,14,28,133
19600,61,14,28,133
19601,61,14,28,133
19602,61,14,28,133
19603,61,14,28,133
19604,61,14,28,133
19605,61,14,28,133
19606,61,14,28,133
19607,61,14,28,133
19608,61,14,28,133
19609,61,14,28,133
19610,61,14,28,133
19611,61,14,28,133
19612,61,14,28,133
19613,61,14,28,133
19614,61,14,28,133
19615,61,14,28,133
19616,61,14,28,133
19617,61,14,28,133
19618,61,14,28,133
19619,61,14,28,133
19620,61,14,28,133
19621,61,14,28,133
19622,61,14,28,133
19623,61,14,28,133
19624,61,14,28,133
19625,61,14,28,133
19626,61,14,28,133
19627,61,14,28,133
19628,61,14,28,133
19629,61,14,28,133
19630,61,14,28,133
19631,61,14,28,133
19632,61,14,28,133
19633,61,14,28,133
19634,61,14,28,133
19635,61,14,28,133
19636,61,14,28,133
19637,61,14,28,133
19638,61,14,28,133
19639,61,14,28,133
19640,61,14,28,133
19641,61,14,28,133
19642,61,14,28,133
19643,61,14,28,133
19644,61,14,28,133
19645,61,14,28,133
19646,61,14,28,133
19647,61,14,28,133
19648,61,14,28,133
19649,61,14,28,133
19650,61,14,28,133
19651,61,14,28,133
19652,61,14,28,133
19653,61,14,28,133
19654,61,14,28,133
19655,61,14,28,133
19656,61,14,28,133
19657,61,14,28,133
19658,61,14,28,133
19659,61,14,28,133
19660,61,14,28,133
19661,61,14,28,133
19662,61,14,28,133
19663,61,14,28,133
19664,61,14,28,133
19665,61,14,28,133
19666,61,14,28,133
19667,61,14,28,133
19668,61,14,28,133
19669,61,14,28,133
19670,61,14,28,133
19671,61,14,28,133
19672,61,14,28,133
19673,61,14,28,133
19674,61,14,28,133
19675,61,14,28,133
19676,61,14,28,133
19677,61,14,28,133
19678,61,14,28,133
19679,61,14,28,133
19680,61,14,28,133
19681,61,14,28,133
19682,61,14,28,133
19683,61,14,28,133
19684,61,14,28,133
19685,61,14,28,133
19686,61,14,28,133
19687,61,14,28,133
19688,61,14,28,133
19689,61,14,28,133
19690,61,14,28,133
19691,61,14,28,133
19692,61,14,28,133
19693,61,14,28,133
19694,61,14,28,133
19695,61,14,28,133
19696,61,14,28,133
19697,61,14,28,133
19698,61,14,28,133
19699,61,14,28,133
19700,61,14,28,133
19701,61,14,28,133
19702,61,14,28,133
19703,61,14,28,133
19704,61,14,28,133
19705,61,14,28,133
19706,61,14,28,133
19707,61,14,28,133
19708,61,14,28,133
19709,61,14,28,133
19710,61,14,28,133
19711,61,14,28,133
19712,61,14,28,133
19713,61,14,28,133
19714,61,14,28,133
19715,61,14,28,133
19716,61,14,28,133
19717,61,14,28,133
19718,61,14,28,133
19719,61,14,28,133
19720,61,14,28,133
19721,61,14,28,133
19722,61,14,28,133
19723,61,14,28,133
19724,61,14,28,133
19725,61,14,28,133
19726,61,14,28,133
19727,61,14,28,133
19728,61,14,28,133
19729,61,14,28,133
19730,61,14,28,133
19731,61,14,28,133
19732,61,14,28,133
19733,61,14,28,133
19734,61,14,28,133
19735,61,14,28,133
19736,61,14,28,133
19737,61,14,28,133
19738,61,14,28,133
19739,61,14,28,133
19740,61,14,28,133
19741,61,14,28,133
19742,61,14,28,133
19743,61,14,28,133
19744,61,14,28,133
19745,61,14,28,133
19746,61,14,28,133
19747,61,14,28,133
19748,61,14,28,133
19749,61,14,28,133
19750,61,14,28,133
19751,61,14,28,133
19752,61,14,28,133
19753,61,14,28,133
19754,61,14,28,133
19755,61,14,28,133
19756,61,14,28,133
19757,61,14,28,133
19758,61,14,28,133
19759,61,14,28,133
19760,61,14,28,133
19761,61,14,28,133
19762,61,14,28,133
19763,61,14,28,133
19764,61,14,28,133
19765,61,14,28,133
19766,61,14,28,133
19767,61,14,28,133
19768,61,14,28,133
19769,61,14,28,133
19770,61,14,28,133
19771,61,14,28,133
19772,61,14,28,133
19773,61,14,28,133
19774,61,14,28,133
19775,61,14,28,133
19776,61,14,28,133
19777,61,14,28,133
19778,61,14,28,133
19779,61,14,28,133
19780,61,14,28,134
19781,61,14,28,134
19782,61,14,28,134
19783,61,14,28,134
19784,61,14,28,134
19785,61,14,28,134
19786,61,14,28,134
19787,61,14,28,134
19788,61,14,28,134
19789,61,14,28,134
19790,61,14,28,134
19791,61,14,28,134
19792,61,14,28,134
19793,61,14,28,134
19794,61,14,28,134
19795,61,14,28,134
19796,61,14,28,134
19797,61,14,28,134
19798,61,14,28,134
19799,61,14,28,134
19800,61,14,28,134
19801,61,14,28,134
19802,61,14,28,134
19803,61,14,28,134
19804,61,14,28,134
19805,61,14,28,134
19806,61,14,28,134
19807,61,14,28,134
19808,61,14,28,134
19809,61,14,28,134
19810,61,14,28,134
19811,61,14,28,134
19812,61,14,28,134
19813,61,14,28,134
19814,61,14,28,134
19815,61,14,28,134
19816,61,14,28,134
19817,61,14,28,134
19818,61,14,28,134
19819,61,14,28,134
19820,61,14,28,134
19821,61,14,28,134
19822,61,14,28,134
19823,61,14,28,134
19824,61,14,28,134
19825,61,14,28,134
19826,61,14,28,135
19827,61,14,28,135
19828,61,14,28,135
19829,61,14,28,135
19830,61,14,28,135
19831,61,14,28,135
19832,61,14,28,135
19833,61,14,28,135
19834,61,14,28,135
19835,61,14,28,135
19836,61,14,28,135
19837,61,14,28,135
19838,61,14,28,135
19839,61,14,28,135
19840,61,14,28,135
19841,61,14,28,135
19842,61,14,28,135
19843,61,14,28,135
19844,61,14,28,135
19845,61,14,28,135
19846,61,14,28,135
19847,61,14,28,135
19848,61,14,28,135
19849,61,14,28,135
19850,61,14,28,135
19851,61,14,28,135
19852,61,14,28,135
19853,61,14,28,135
19854,61,14,28,135
19855,61,14,28,135
19856,61,14,28,135
19857,61,14,28,136
19858,61,14,28,136
19859,61,14,28,136
19860,61,14,28,136
19861,61,14,28,136
19862,61,14,28,136
19863,61,14,28,136
19864,61,14,28,136
19865,61,14,28,136
19866,61,14,28,136
19867,61,14,28,136
19868,61,14,28,136
19869,61,14,28,136
19870,61,14,28,136
19871,61,14,28,136
19872,61,14,28,136
19873,61,14,28,136
19874,61,14,28,136
19875,61,14,28,136
19876,61,14,28,136
19877,61,14,28,136
19878,61,14,28,136
19879,61,14,28,136
19880,61,14,28,136
19881,61,14,28,136
19882,61,14,28,136
19883,61,14,28,136
19884,61,14,28,136
19885,61,14,28,136
19886,61,14,28,136
19887,61,14,28,136
19888,61,14,28,136
19889,61,14,28,136
19890,61,14,28,136
19891,61,14,28,136
19892,61,14,28,136
19893,61,14,28,136
19894,61,14,28,136
19895,61,14,28,136
19896,61,14,28,136
19897,61,14,28,136
19898,61,14,28,136
19899,61,14,28,136
19900,61,14,28,136
19901,61,14,28,136
19902,61,14,28,136
19903,61,14,28,136
19904,61,14,28,136
19905,61,14,28,136
19906,61,14,28,136
19907,61,14,28,136
19908,61,14,28,136
19909,61,14,28,136
19910,61,14,28,136
19911,61,14,28,136
19912,61,14,28,136
19913,61,14,28,136
19914,61,14,28,136
19915,61,14,28,136
19916,61,14,28,136
19917,61,14,28,136
19918,61,14,28,136
19919,61,14,28,136
19920,61,14,28,136
19921,61,14,28,136
19922,61,14,28,136
19923,61,14,28,136
19924,61,14,28,136
19925,61,14,28,136
19926,61,14,28,136
19927,61,14,28,136
19928,61,14,28,136
19929,61,14,28,136
19930,61,14,28,136
19931,61,14,28,136
19932,61,14,28,136
19933,61,14,28,136
19934,61,14,28,136
19935,61,14,28,136
19936,61,14,28,136
19937,61,14,28,136
19938,61,14,28,136
19939,61,14,28,136
19940,61,14,28,136
19941,61,14,28,136
19942,61,14,28,136
19943,61,14,28,136
19944,61,14,28,136
19945,61,14,28,136
19946,61,14,28,136
19947,61,14,28,136
19948,61,14,28,136
19949,61,14,28,136
19950,61,14,28,136
19951,61,14,28,136
19952,61,14,28,136
19953,61,14,28,136
19954,61,14,28,136
19955,61,14,28,136
19956,61,14,28,136
19957,61,14,28,136
19958,61,14,28,136
19959,61,14,28,136
19960,61,14,28,136
19961,61,14,28,136
19962,61,14,28,136
19963,61,14,28,136
19964,61,14,28,136
19965,61,14,28,136
19966,61,14,28,136
19967,61,14,28,136
19968,61,14,28,136
19969,61,14,28,136
19970,61,14,28,136
19971,61,14,28,136
19972,61,14,28,136
19973,61,14,28,136
19974,61,14,28,136
19975,61,14,28,136
19976,61,14,28,136
19977,61,14,28,136
19978,61,14,28,136
19979,61,14,28,136
19980,61,14,28,136
19981,61,14,28,136
19982,61,14,28,136
19983,61,14,28,136
19984,61,14,28,136
19985,61,14,28,136
19986,61,14,28,136
19987,61,14,28,136
19988,61,14,28,136
19989,61,14,28,136
19990,61,14,28,136
19991,61,14,28,136
19992,61,14,28,136
19993,61,14,28,136
19994,61,14,28,136
19995,61,14,28,136
19996,61,14,28,136
19997,61,14,28,136
19998,61,14,28,136
19999,61,14,28,136
20000,61,14,28,136
20001,61,14,28,136
20002,61,14,28,136
20003,61,14,28,136
20004,61,14,28,136
20005,61,14,28,136
20006,61,14,28,136
20007,61,14,28,136
20008,61,14,28,136
20009,61,14,28,136
20010,61,14,28,136
20011,61,14,28,136
20012,61,14,28,136
20013,61,14,28,136
20014,61,14,28,136
20015,61,14,28,136
20016,61,14,28,136
20017,61,14,28,136
20018,61,14,28,136
20019,61,14,28,136
20020,61,14,28,136
20021,61,14,28,136
20022,61,14,28,136
20023,61,14,28,136
20024,61,14,28,136
20025,61,14,28,136
20026,61,14,28,136
20027,61,14,28,136
20028,61,14,28,136
20029,61,14,28,136
20030,61,14,28,136
20031,61,14,28,136
20032,61,14,28,136
20033,61,14,28,136
20034,61,14,28,136
20035,61,14,28,136
20036,61,14,28,136
20037,61,14,28,136
20038,61,14,28,136
20039,61,14,28,136
20040,61,14,28,136
20041,61,14,28,136
20042,61,14,28,136
20043,61,14,28,136
20044,61,14,28,136
20045,61,14,28,136
20046,61,14,28,136
20047,61,14,28,136
20048,61,14,28,136
20049,61,14,28,136
20050,61,14,28,136
20051,61,14,28,136
20052,61,14,28,136
20053,61,14,28,136
20054,61,14,28,136
20055,61,14,28,136
20056,61,14,28,136
20057,61,14,28,136
20058,61,14,28,136
20059,61,14,28,136
20060,61,14,28,136
20061,61,14,28,136
20062,61,14,28,136
20063,61,14,28,136
20064,61,14,28,136
20065,61,14,28,136
20066,61,14,28,136
20067,61,14,28,136
20068,61,14,28,136
20069,61,14,28,136
20070,61,14,28,136
20071,61,14,28,136
20072,61,14,28,136
20073,61,14,28,136
20074,61,14,28,136
20075,61,14,28,136
20076,61,14,28,136
20077,61,14,28,136
20078,61,14,28,136
20079,61,14,28,136
20080,61,14,28,136
20081,61,14,28,136
20082,61,14,28,136
20083,61,14,28,136
20084,61,14,28,136
20085,61,14,28,136
20086,61,14,28,136
20087,61,14,28,136
20088,61,14,28,136
20089,61,14,28,136
20090,61,14,28,136
20091,61,14,28,136
20092,61,14,28,136
20093,61,14,28,136
20094,61,14,28,136
20095,61,14,28,136
20096,61,14,28,136
20097,61,14,28,136
20098,61,14,28,136
20099,61,14,28,136
20100,61,14,28,136
20101,61,14,28,136
20102,61,14,28,136
20103,61,14,28,136
20104,61,14,28,136
20105,61,14,28,136
20106,61,14,28,136
20107,61,14,28,136
20108,61,14,28,136
20109,61,14,28,136
20110,61,14,28,136
20111,61,14,28,136
20112,61,14,28,136
20113,61,14,28,136
20114,61,14,28,136
20115,61,14,28,136
20116,61,14,28,136
20117,61,14,28,136
20118,61,14,28,136
20119,61,14,28,136
20120,61,14,28,136
20121,61,14,28,136
20122,61,14,28,136
20123,61,14,28,136
20124,61,14,28,136
20125,61,14,28,136
20126,61,14,28,136
20127,61,14,28,136
20128,61,14,28,136
20129,61,14,28,136
20130,61,14,28,136
20131,61,14,28,136
20132,61,14,28,136
20133,61,14,28,136
20134,61,14,28,136
20135,61,14,28,136
20136,61,14,28,136
20137,61,14,28,136
20138,61,14,28,136
20139,61,14,28,136
20140,61,14,28,136
20141,61,14,28,136
20142,61,14,28,136
20143,61,14,28,136
20144,61,14,28,136
20145,61,14,28,136
20146,61,14,28,136
20147,61,14,28,136
20148,61,14,28,136
20149,61,14,28,136
20150,61,14,28,136
20151,61,14,28,136
20152,61,14,28,136
20153,61,14,28,136
20154,61,14,28,136
20155,61,14,28,136
20156,61,14,28,136
20157,61,14,28,136
20158,61,14,28,136
20159,61,14,28,136
20160,61,14,28,136
20161,61,14,28,136
20162,61,14,28,136
20163,61,14,28,136
20164,61,14,28,136
20165,61,14,28,136
20166,61,14,28,136
20167,61,14,28,136
20168,61,14,28,136
20169,61,14,28,136
20170,61,14,28,136
20171,61,14,28,136
20172,61,14,28,136
20173,61,14,28,136
20174,61,14,28,136
20175,61,14,28,136
20176,61,14,28,136
20177,61,14,28,136
20178,61,14,28,136
20179,61,14,28,136
20180,61,14,28,136
20181,61,14,28,136
20182,61,14,28,136
20183,61,14,28,136
20184,61,14,28,136
20185,61,14,28,136
20186,61,14,28,136
20187,61,14,28,136
20188,61,14,28,136
20189,61,14,28,136
20190,61,14,28,136
20191,61,14,28,136
20192,61,14,28,136
20193,61,14,28,136
20194,61,14,28,136
20195,61,14,28,136
20196,61,14,28,136
20197,61,14,28,136
20198,61,14,28,136
20199,61,14,28,136
20200,61,14,28,136
20201,61,14,28,136
20202,61,14,28,136
20203,61,14,28,136
20204,61,14,28,136
20205,61,14,28,136
20206,61,14,28,136
20207,61,14,28,136
20208,61,14,28,136
20209,61,14,28,136
20210,61,14,28,136
20211,61,14,28,136
20212,61,14,28,136
20213,61,14,28,136
20214,61,14,28,136
20215,61,14,28,136
20216,61,14,28,136
20217,61,14,28,136
20218,61,14,28,136
20219,61,14,28,136
20220,61,14,28,136
20221,61,14,28,136
20222,61,14,28,136
20223,61,14,28,136
20224,61,14,28,136
20225,61,14,28,136
20226,61,14,28,136
20227,61,14,28,136
20228,61,14,28,136
20229,61,14,28,136
20230,61,14,28,136
20231,61,14,28,136
20232,61,14,28,136
20233,61,14,28,136
20234,61,14,28,136
20235,61,14,28,136
20236,61,14,28,136
20237,61,14,28,136
20238,61,14,28,136
20239,61,14,28,136
20240,61,14,28,136
20241,61,14,28,136
20242,61,14,28,136
20243,61,14,28,136
20244,61,14,28,136
20245,61,14,28,136
20246,61,14,28,136
20247,61,14,28,136
20248,61,14,28,136
20249,61,14,28,136
20250,61,14,28,136
20251,61,14,28,136
20252,61,14,28,136
20253,61,14,28,136
20254,61,14,28,136
20255,61,14,28,136
20256,61,14,28,136
20257,61,14,28,136
20258,61,14,28,136
20259,61,14,28,136
20260,61,14,28,136
20261,61,14,28,136
20262,61,14,28,136
20263,61,14,28,136
20264,61,14,28,136
20265,61,14,28,136
20266,61,14,28,136
20267,61,14,28,136
20268,61,14,28,136
20269,61,14,28,136
20270,61,14,28,136
20271,61,14,28,136
20272,61,14,28,136
20273,61,14,28,136
20274,61,14,28,136
20275,61,14,28,136
20276,61,14,28,136
20277,61,14,28,136
20278,61,14,28,136
20279,61,14,28,136
20280,61,14,28,136
20281,61,14,28,136
20282,61,14,28,136
20283,61,14,28,136
20284,61,14,28,136
20285,61,14,28,136
20286,61,14,28,136
20287,61,14,28,136
20288,61,14,28,136
20289,61,14,28,136
20290,61,14,28,136
20291,61,14,28,136
20292,61,14,28,136
20293,61,14,28,136
20294,61,14,28,136
20295,61,14,28,136
20296,61,14,28,136
20297,61,14,28,136
20298,61,14,28,136
20299,61,14,28,136
20300,61,14,28,136
20301,61,14,28,136
20302,61,14,28,136
20303,61,14,28,136
20304,61,14,28,136
20305,61,14,28,136
20306,61,14,28,136
20307,61,14,28,136
20308,61,14,28,136
20309,61,14,28,136
20310,61,14,28,136
20311,61,14,28,136
20312,61,14,28,136
20313,61,14,28,136
20314,61,14,28,136
20315,61,14,28,136
20316,61,14,28,136
20317,61,14,28,136
20318,61,14,28,136
20319,61,14,28,136
20320,61,14,28,136
20321,61,14,28,136
20322,61,14,28,136
20323,61,14,28,136
20324,61,14,28,136
20325,61,14,28,136
20326,61,14,28,136
20327,61,14,28,136
20328,61,14,28,136
20329,61,14,28,136
20330,61,14,28,136
20331,61,14,28,136
20332,61,14,28,136
20333,61,14,28,136
20334,61,14,28,136
20335,61,14,28,136
20336,61,14,28,136
20337,61,14,28,136
20338,61,14,28,136
20339,61,14,28,136
20340,61,14,28,136
20341,61,14,28,136
20342,61,14,28,136
20343,61,14,28,136
20344,61,14,28,136
20345,61,14,28,136
20346,61,14,28,136
20347,61,14,28,136
20348,61,14,28,136
20349,61,14,28,136
20350,61,14,28,136
20351,61,14,28,136
20352,61,14,28,136
20353,61,14,28,136
20354,61,14,28,136
20355,61,14,28,136
20356,61,14,28,136
20357,61,14,28,136
20358,61,14,28,136
20359,61,14,28,136
20360,61,14,28,136
20361,61,14,28,136
20362,61,14,28,136
20363,61,14,28,136
20364,61,14,28,136
20365,61,14,28,136
20366,61,14,28,136
20367,61,14,28,136
20368,61,14,28,136
20369,61,14,28,136
20370,61,14,28,136
20371,61,14,28,136
20372,61,14,28,136
20373,61,14,28,136
20374,61,14,28,136
20375,61,14,28,136
20376,61,14,28,136
20377,61,14,28,136
20378,61,14,28,136
20379,61,14,28,136
20380,61,14,28,136
20381,61,14,28,136
20382,61,14,28,136
20383,61,14,28,136
20384,61,14,28,136
20385,61,14,28,136
20386,61,14,28,136
20387,61,14,28,136
20388,61,14,28,136
20389,61,14,28,136
20390,61,14,28,136
20391,61,14,28,136
20392,61,14,28,136
20393,61,14,28,136
20394,61,14,28,136
20395,61,14,28,136
20396,61,14,28,136
20397,61,14,28,136
20398,61,14,28,136
20399,61,14,28,136
20400,61,14,28,136
20401,61,14,28,136
20402,61,14,28,136
20403,61,14,28,136
20404,61,14,28,136
20405,61,14,28,136
20406,61,14,28,136
20407,61,14,28,136
20408,61,14,28,136
20409,61,14,28,136
20410,61,14,28,136
20411,61,14,28,136
20412,61,14,28,136
20413,61,14,28,136
20414,61,14,28,136
20415,61,14,28,136
20416,61,14,28,136
20417,61,14,28,136
20418,61,14,28,136
20419,61,14,28,136
20420,61,14,28,136
20421,61,14,28,136
20422,61,14,28,136
20423,61,14,28,136
20424,61,14,28,136
20425,61,14,28,136
20426,61,14,28,136
20427,61,14,28,136
20428,61,14,28,136
20429,61,14,28,136
20430,61,14,28,136
20431,61,14,28,136
20432,61,14,28,136
20433,61,14,28,136
20434,61,14,28,136
20435,61,14,28,136
20436,61,14,28,136
20437,61,14,28,136
20438,61,14,28,136
20439,61,14,28,136
20440,61,14,28,136
20441,61,14,28,136
20442,61,14,28,136
20443,61,14,28,136
20444,61,14,28,136
20445,61,14,28,136
20446,61,14,28,136
20447,61,14,28,136
20448,61,14,28,136
20449,61,14,28,136
20450,61,14,28,136
20451,61,14,28,136
20452,61,14,28,136
20453,61,14,28,136
20454,61,14,28,136
20455,61,14,28,136
20456,61,14,28,136
20457,61,14,28,136
20458,61,14,28,136
20459,61,14,28,136
20460,61,14,28,136
20461,61,14,28,136
20462,61,14,28,136
20463,61,14,28,136
20464,61,14,28,136
20465,61,14,28,136
20466,61,14,28,136
20467,61,14,28,136
20468,61,14,28,136
20469,61,14,28,136
20470,61,14,28,136
20471,61,14,28,136
20472,61,14,28,136
20473,61,14,28,136
20474,61,14,28,136
20475,61,14,28,136
20476,61,14,28,136
20477,61,14,28,136
20478,61,14,28,136
20479,61,14,28,136
20480,61,14,28,136
20481,61,14,28,136
20482,61,14,28,136
20483,61,14,28,136
20484,61,14,28,136
20485,61,14,28,136
20486,61,14,28,136
20487,61,14,28,136
20488,61,14,28,136
20489,61,14,28,136
20490,61,14,28,136
20491,61,14,28,136
20492,61,14,28,136
20493,61,14,28,136
20494,61,14,28,136
20495,61,14,28,136
20496,61,14,28,136
20497,61,14,28,136
20498,61,14,28,136
20499,61,14,28,136
20500,61,14,28,136
20501,61,14,28,136
20502,61,14,28,136
20503,61,14,28,136
20504,61,14,28,136
20505,61,14,28,136
20506,61,14,28,136
20507,61,14,28,136
20508,61,14,28,136
20509,61,14,28,136
20510,61,14,28,136
20511,61,14,28,136
20512,61,14,28,136
20513,61,14,28,136
20514,61,14,28,136
20515,61,14,28,136
20516,61,14,28,136
20517,61,14,28,136
20518,61,14,28,136
20519,61,14,28,136
20520,61,14,28,136
20521,61,14,28,136
20522,61,14,28,136
20523,61,14,28,136
20524,61,14,28,136
20525,61,14,28,136
20526,61,14,28,136
20527,61,14,28,136
20528,61,14,28,136
20529,61,14,28,136
20530,61,14,28,136
20531,61,14,28,136
20532,61,14,28,136
20533,61,14,28,136
20534,61,14,28,136
20535,61,14,28,136
20536,61,14,28,136
20537,61,14,28,136
20538,61,14,28,136
20539,61,14,28,136
20540,61,14,28,136
20541,61,14,28,136
20542,61,14,28,136
20543,61,14,28,136
20544,61,14,28,136
20545,61,14,28,136
20546,61,14,28,136
20547,61,14,28,136
20548,61,14,28,136
20549,61,14,28,136
20550,61,14,28,136
20551,61,14,28,136
20552,61,14,28,136
20553,61,14,28,136
20554,61,14,28,136
20555,61,14,28,136
20556,61,14,28,136
20557,61,14,28,136
20558,61,14,28,136
20559,61,14,28,136
20560,61,14,28,136
20561,61,14,28,136
20562,61,14,28,136
20563,61,14,28,136
20564,61,14,28,136
20565,61,14,28,136
20566,61,14,28,136
20567,61,14,28,136
20568,61,14,28,136
20569,61,14,28,136
20570,61,14,28,136
20571,61,14,28,137
20572,61,14,28,137
20573,61,14,28,137
20574,61,14,28,137
20575,61,14,28,137
20576,61,14,28,137
20577,61,14,28,137
20578,61,14,28,137
20579,61,14,28,137
20580,61,14,28,137
20581,61,14,28,137
20582,61,14,28,137
20583,61,14,28,137
20584,61,14,28,137
20585,61,14,28,137
20586,61,14,28,137
20587,61,14,28,137
20588,61,14,28,137
20589,61,14,28,137
20590,61,14,28,137
20591,61,14,28,137
20592,61,14,28,137
20593,61,14,28,137
20594,61,14,28,137
20595,61,14,28,137
20596,61,14,28,137
20597,61,14,28,137
20598,61,14,28,137
20599,61,14,28,137
20600,61,14,28,137
20601,61,14,28,137
20602,61,14,28,137
20603,61,14,28,137
20604,61,14,28,137
20605,61,14,28,137
20606,61,14,28,137
20607,61,14,28,137
20608,61,14,28,137
20609,61,14,28,137
20610,61,14,28,137
20611,61,14,28,137
20612,61,14,28,137
20613,61,14,28,137
20614,61,14,28,137
20615,61,14,28,137
20616,61,14,28,137
20617,61,14,28,137
20618,61,14,28,137
20619,61,14,28,137
20620,61,14,28,137
20621,61,14,28,137
20622,61,14,28,137
20623,61,14,28,137
20624,61,14,28,137
20625,61,14,28,137
20626,61,14,28,137
20627,61,14,28,137
20628,61,14,28,137
20629,61,14,28,137
20630,61,14,28,137
20631,61,14,28,137
20632,61,14,28,137
20633,61,14,28,137
20634,61,14,28,137
20635,61,14,28,137
20636,61,14,28,137
20637,61,14,28,137
20638,61,14,28,137
20639,61,14,28,137
20640,61,14,28,137
20641,61,14,28,137
20642,61,14,28,137
20643,61,14,28,137
20644,61,14,28,137
20645,61,14,28,137
20646,61,14,28,137
20647,61,14,28,137
20648,61,14,28,137
20649,61,14,28,137
20650,61,14,28,137
20651,61,14,28,137
20652,61,14,28,137
20653,61,14,28,137
20654,61,14,28,137
20655,61,14,28,137
20656,61,14,28,137
20657,61,14,28,137
20658,61,14,28,137
20659,61,14,28,137
20660,61,14,28,137
20661,61,14,28,137
20662,61,14,28,137
20663,61,14,28,137
20664,61,14,28,137
20665,61,14,28,137
20666,61,14,28,137
20667,61,14,28,137
20668,61,14,28,137
20669,61,14,28,137
20670,61,14,28,137
20671,61,14,28,137
20672,61,14,28,138
20673,61,14,28,138
20674,61,14,28,138
20675,61,14,28,138
20676,61,14,28,138
20677,61,14,28,138
20678,61,14,28,138
20679,61,14,28,138
20680,61,14,28,138
20681,61,14,28,138
20682,61,14,28,138
20683,61,14,28,138
20684,61,14,28,138
20685,61,14,28,138
20686,61,14,28,138
20687,61,14,28,138
20688,61,14,28,138
20689,61,14,28,138
20690,61,14,28,138
20691,61,14,28,138
20692,61,14,28,138
20693,61,14,28,138
20694,61,14,28,138
20695,61,14,28,138
20696,61,14,28,138
20697,61,14,28,138
20698,61,14,28,138
20699,61,14,28,138
20700,61,14,28,138
20701,61,14,28,138
20702,61,14,28,138
20703,61,14,28,138
20704,61,14,28,138
20705,61,14,28,138
20706,61,14,28,138
20707,61,14,28,138
20708,61,14,28,138
20709,61,14,28,138
20710,61,14,28,138
20711,61,14,28,138
20712,61,14,28,138
20713,61,14,28,138
20714,61,14,28,138
20715,61,14,28,138
20716,61,14,28,138
20717,61,14,28,138
20718,61,14,28,138
20719,61,14,28,138
20720,61,14,28,138
20721,61,14,28,138
20722,61,14,28,138
20723,61,14,28,138
20724,61,14,28,138
20725,61,14,28,138
20726,61,14,28,138
20727,61,14,28,138
20728,61,14,28,138
20729,61,14,28,138
20730,61,14,28,138
20731,61,14,28,138
20732,61,14,28,138
20733,61,14,28,138
20734,61,14,28,138
20735,61,14,28,138
20736,61,14,28,138
20737,61,14,28,138
20738,61,14,28,138
20739,61,14,28,138
20740,61,14,28,138
20741,61,14,28,138
20742,61,14,28,138
20743,61,14,28,138
20744,61,14,28,138
20745,61,14,28,138
20746,61,14,28,138
20747,61,14,28,138
20748,61,14,28,138
20749,61,14,28,138
20750,61,14,28,138
20751,61,14,28,138
20752,61,14,28,138
20753,61,14,28,138
20754,61,14,28,138
20755,61,14,28,138
20756,61,14,28,138
20757,61,14,28,138
20758,61,14,28,138
20759,61,14,28,138
20760,61,14,28,138
20761,61,14,28,138
20762,61,14,28,138
20763,61,14,28,138
20764,61,14,28,138
20765,61,14,28,138
20766,61,14,28,138
20767,61,14,28,138
20768,61,14,28,138
20769,61,14,28,138
20770,61,14,28,138
20771,61,14,28,138
20772,61,14,28,138
20773,61,14,28,138
20774,61,14,28,138
20775,61,14,28,138
20776,61,14,28,138
20777,61,14,28,138
20778,61,14,28,138
20779,61,14,28,138
20780,61,14,28,138
20781,61,14,28,138
20782,61,14,28,138
20783,61,14,28,138
20784,61,14,28,138
20785,61,14,28,138
20786,61,14,28,138
20787,61,14,28,138
20788,61,14,28,138
20789,61,14,28,138
20790,61,14,28,138
20791,61,14,28,138
20792,61,14,28,138
20793,61,14,28,138
20794,61,14,28,138
20795,61,14,28,138
20796,61,14,28,138
20797,61,14,28,138
20798,61,14,28,138
20799,61,14,28,139
20800,61,14,28,139
20801,61,14,28,139
20802,61,14,28,139
20803,61,14,28,139
20804,61,14,28,139
20805,61,14,28,139
20806,61,14,28,139
20807,61,14,28,139
20808,61,14,28,139
20809,61,14,28,139
20810,61,14,28,139
20811,61,14,28,139
20812,61,14,28,139
20813,61,14,28,139
20814,61,14,28,139
20815,61,14,28,139
20816,61,14,28,139
20817,61,14,28,139
20818,61,14,28,139
20819,61,14,28,139
20820,61,14,28,139
20821,61,14,28,139
20822,61,14,28,139
20823,61,14,28,139
20824,61,14,28,139
20825,61,14,28,139
20826,61,14,28,139
20827,61,14,28,139
20828,61,14,28,139
20829,61,14,28,139
20830,61,14,28,139
20831,61,14,28,139
20832,61,14,28,139
20833,61,14,28,139
20834,61,14,28,139
20835,61,14,28,139
20836,61,14,28,139
20837,61,14,28,139
20838,61,14,28,139
20839,61,14,28,139
20840,61,14,28,139
20841,61,14,28,139
20842,61,14,28,139
20843,61,14,28,139
20844,61,14,28,139
20845,61,14,28,139
20846,61,14,28,139
20847,61,14,28,139
20848,61,14,28,139
20849,61,14,28,139
20850,61,14,28,139
20851,61,14,28,139
20852,61,14,28,139
20853,61,14,28,139
20854,61,14,28,139
20855,61,14,28,139
20856,61,14,28,139
20857,61,14,28,139
20858,61,14,28,139
20859,61,14,28,139
20860,61,14,28,139
20861,61,14,28,139
20862,61,14,28,139
20863,61,14,28,139
20864,61,14,28,139
20865,61,14,28,139
20866,61,14,28,139
20867,61,14,28,139
20868,61,14,28,139
20869,61,14,28,139
20870,61,14,28,139
20871,61,14,28,139
20872,61,14,28,139
20873,61,14,28,139
20874,61,14,28,139
20875,61,14,28,139
20876,61,14,28,139
20877,61,14,28,139
20878,61,14,28,139
20879,61,14,28,139
20880,61,14,28,139
20881,61,14,28,139
20882,61,14,28,139
20883,61,14,28,139
20884,61,14,28,139
20885,61,14,28,139
20886,61,14,28,139
20887,61,14,28,139
20888,61,14,28,139
20889,61,14,28,139
20890,61,14,28,139
20891,61,14,28,139
20892,61,14,28,139
20893,61,14,28,139
20894,61,14,28,139
20895,61,14,28,139
20896,61,14,28,139
20897,61,14,28,139
20898,61,14,28,140
20899,61,14,28,140
20900,61,14,28,140
20901,61,14,28,140
20902,61,14,28,140
20903,61,14,28,140
20904,61,14,28,140
20905,61,14,28,140
20906,61,14,28,140
20907,61,14,28,140
20908,61,14,28,140
20909,61,14,28,140
20910,61,14,28,140
20911,61,14,28,140
20912,61,14,28,140
20913,61,14,28,140
20914,61,14,28,140
20915,61,14,28,140
20916,61,14,28,140
20917,61,14,28,140
20918,61,14,28,140
20919,61,14,28,140
20920,61,14,28,140
20921,61,14,28,140
20922,61,14,28,140
20923,61,14,28,140
20924,61,14,28,140
20925,61,14,28,140
20926,61,14,28,140
20927,61,14,28,140
20928,61,14,28,140
20929,61,14,28,140
20930,61,14,28,140
20931,61,14,28,140
20932,61,14,28,140
20933,61,14,28,140
20934,61,14,28,140
20935,61,14,28,140
20936,61,14,28,140
20937,61,14,28,140
20938,61,14,28,140
20939,61,14,28,140
20940,61,14,28,140
20941,61,14,28,140
20942,61,14,28,140
20943,61,14,28,140
20944,61,14,28,140
20945,61,14,28,140
20946,61,14,28,140
20947,61,14,28,140
20948,61,14,28,140
20949,61,14,28,140
20950,61,14,28,140
20951,61,14,28,140
20952,61,14,28,140
20953,61,14,28,140
20954,61,14,28,140
20955,61,14,28,140
20956,61,14,28,140
20957,61,14,28,140
20958,61,14,28,140
20959,61,14,28,140
20960,61,14,28,140
20961,61,14,28,140
20962,61,14,28,140
20963,61,14,28,140
20964,61,14,28,140
20965,61,14,28,140
20966,61,14,28,140
20967,61,14,28,140
20968,61,14,28,140
20969,61,14,28,140
20970,61,14,28,140
20971,61,14,28,140
20972,61,14,28,140
20973,61,14,28,140
20974,61,14,28,140
20975,61,14,28,140
20976,61,14,28,140
20977,61,14,28,140
20978,61,14,28,140
20979,61,14,28,140
20980,61,14,28,140
20981,61,14,28,140
20982,61,14,28,140
20983,61,14,28,140
20984,61,14,28,140
20985,61,14,28,140
20986,61,14,28,140
20987,61,14,28,140
20988,61,14,28,140
20989,61,14,28,140
20990,61,14,28,140
20991,61,14,28,140
20992,61,14,28,140
20993,61,14,28,140
20994,61,14,28,140
20995,61,14,28,140
20996,61,14,28,140
20997,61,14,28,140
20998,61,14,28,140
20999,61,14,28,140
21000,61,14,28,140
21001,61,14,28,140
21002,61,14,28,140
21003,61,14,28,140
21004,61,14,28,140
21005,61,14,28,140
21006,61,14,28,140
21007,61,14,28,140
21008,61,14,28,140
21009,61,14,28,140
21010,61,14,28,140
21011,61,14,28,140
21012,61,14,28,140
21013,61,14,28,140
21014,61,14,28,140
21015,61,14,28,140
21016,61,14,28,140
21017,61,14,28,140
21018,61,14,28,140
21019,61,14,28,140
21020,61,14,28,140
21021,61,14,28,140
21022,61,14,28,140
21023,61,14,28,140
21024,61,14,28,140
21025,61,14,28,140
21026,61,14,28,140
21027,61,14,28,140
21028,61,14,28,140
21029,61,14,28,140
21030,61,14,28,140
21031,61,14,28,140
21032,61,14,28,140
21033,61,14,28,140
21034,61,14,28,140
21035,61,14,28,140
21036,61,14,28,140
21037,61,14,28,140
21038,61,14,28,140
21039,61,14,28,140
21040,61,14,28,140
21041,61,14,28,140
21042,61,14,28,140
21043,61,14,28,140
21044,61,14,28,140
21045,61,14,28,140
21046,61,14,28,141
21047,61,14,28,141
21048,61,14,28,141
21049,61,14,28,141
21050,61,14,28,141
21051,61,14,28,141
21052,61,14,28,141
21053,61,14,28,141
21054,61,14,28,141
21055,61,14,28,141
21056,61,14,28,141
21057,61,14,28,141
21058,61,14,28,141
21059,61,14,28,141
21060,61,14,28,141
21061,61,14,28,141
21062,61,14,28,141
21063,61,14,28,141
21064,61,14,28,141
21065,61,14,28,141
21066,61,14,28,141
21067,61,14,28,141
21068,61,14,28,141
21069,61,14,28,141
21070,61,14,28,141
21071,61,14,28,141
21072,61,14,28,141
21073,61,14,28,141
21074,61,14,28,141
21075,61,14,28,141
21076,61,14,28,141
21077,61,14,28,141
21078,61,14,28,141
21079,61,14,28,141
21080,61,14,28,141
21081,61,14,28,141
21082,61,14,28,141
21083,61,14,28,141
21084,61,14,28,141
21085,61,14,28,141
21086,61,14,28,141
21087,61,14,28,141
21088,61,14,28,141
21089,61,14,28,141
21090,61,14,28,141
21091,61,14,28,141
21092,61,14,28,141
21093,61,14,28,141
21094,61,14,28,141
21095,61,14,28,141
21096,61,14,28,141
21097,61,14,28,141
21098,61,14,28,141
21099,61,14,28,141
21100,61,14,28,141
21101,61,14,28,141
21102,61,14,28,141
21103,61,14,28,141
21104,61,14,28,141
21105,61,14,28,141
21106,61,14,28,141
21107,61,14,28,141
21108,61,14,28,141
21109,61,14,28,141
21110,61,14,28,141
21111,61,14,28,141
21112,61,14,28,141
21113,61,14,28,141
21114,61,14,28,141
21115,61,14,28,141
21116,61,14,28,141
21117,61,14,28,141
21118,61,14,28,141
21119,61,14,28,141
21120,61,14,28,141
21121,61,14,28,141
21122,61,14,28,141
21123,61,14,28,141
21124,61,14,28,141
21125,61,14,28,141
21126,61,14,28,141
21127,61,14,28,141
21128,61,14,28,141
21129,61,14,28,141
21130,61,14,28,141
21131,61,14,28,141
21132,61,14,28,141
21133,61,14,28,141
21134,61,14,28,141
21135,61,14,28,141
21136,61,14,28,141
21137,61,14,28,141
21138,61,14,28,141
21139,61,14,28,141
21140,61,14,28,141
21141,61,14,28,141
21142,61,14,28,141
21143,61,14,28,141
21144,61,14,28,141
21145,61,14,28,141
21146,61,14,28,141
21147,61,14,28,141
21148,61,14,28,141
21149,61,14,28,141
21150,61,14,28,141
21151,61,14,28,141
21152,61,14,28,141
21153,61,14,28,141
21154,61,14,28,141
21155,61,14,28,141
21156,61,14,28,141
21157,61,14,28,141
21158,61,14,28,141
21159,61,14,28,141
21160,61,14,28,141
21161,61,14,28,141
21162,61,14,28,141
21163,61,14,28,141
21164,61,14,28,141
21165,61,14,28,142
21166,61,14,28,142
21167,61,14,28,142
21168,61,14,28,142
21169,61,14,28,142
21170,61,14,28,142
21171,61,14,28,142
21172,61,14,28,142
21173,61,14,28,142
21174,61,14,28,142
21175,61,14,28,142
21176,61,14,28,142
21177,61,14,28,142
21178,61,14,28,142
21179,61,14,28,142
21180,61,14,28,142
21181,61,14,28,142
21182,61,14,28,142
21183,61,14,28,142
21184,61,14,28,142
21185,61,14,28,142
21186,61,14,28,142
21187,61,14,28,142
21188,61,14,28,142
21189,61,14,28,142
21190,61,14,28,142
21191,61,14,28,142
21192,61,14,28,142
21193,61,14,28,142
21194,61,14,28,142
21195,61,14,28,142
21196,61,14,28,142
21197,61,14,28,142
21198,61,14,28,142
21199,61,14,28,142
21200,61,14,28,142
21201,61,14,28,142
21202,61,14,28,142
21203,61,14,28,142
21204,61,14,28,142
21205,61,14,28,142
21206,61,14,28,142
21207,61,14,28,142
21208,61,14,28,142
21209,61,14,28,142
21210,61,14,28,142
21211,61,14,28,142
21212,61,14,28,142
21213,61,14,28,142
21214,61,14,28,142
21215,61,14,28,142
21216,61,14,28,142
21217,61,14,28,142
21218,61,14,28,142
21219,61,14,28,142
21220,61,14,28,142
21221,61,14,28,142
21222,61,14,28,142
21223,61,14,28,142
21224,61,14,28,142
21225,61,14,28,142
21226,61,14,28,142
21227,61,14,28,142
21228,61,14,28,142
21229,61,14,28,142
21230,61,14,28,142
21231,61,14,28,142
21232,61,14,28,142
21233,61,14,28,143
21234,61,14,28,143
21235,61,14,28,143
21236,61,14,28,143
21237,61,14,28,143
21238,61,14,28,143
21239,61,14,28,143
21240,61,14,28,143
21241,61,14,28,143
21242,61,14,28,143
21243,61,14,28,143
21244,61,14,28,143
21245,61,14,28,143
21246,61,14,28,143
21247,61,14,28,143
21248,61,14,28,143
21249,61,14,28,143
21250,61,14,28,143
21251,61,14,28,143
21252,61,14,28,143
21253,61,14,28,143
21254,61,14,28,143
21255,61,14,28,143
21256,61,14,28,143
21257,61,14,28,143
21258,61,14,28,143
21259,61,14,28,143
21260,61,14,28,143
21261,61,14,28,143
21262,61,14,28,143
21263,61,14,28,143
21264,61,14,28,143
21265,61,14,28,143
21266,61,14,28,143
21267,61,14,28,143
21268,61,14,28,143
21269,61,14,28,143
21270,61,14,28,143
21271,61,14,28,143
21272,61,14,28,143
21273,61,14,28,143
21274,61,14,28,143
21275,61,14,28,143
21276,61,14,28,143
21277,61,14,28,143
21278,61,14,28,143
21279,61,14,28,143
21280,61,14,28,143
21281,61,14,28,143
21282,61,14,28,143
21283,61,14,28,143
21284,61,14,28,143
21285,61,14,28,143
21286,61,14,28,143
21287,61,14,28,143
21288,61,14,28,143
21289,61,14,28,143
21290,61,14,28,143
21291,61,14,28,143
21292,61,14,28,143
21293,61,14,28,143
21294,61,14,28,143
21295,61,14,28,143
21296,61,14,28,143
21297,61,14,28,143
21298,61,14,28,143
21299,61,14,28,143
21300,61,14,28,143
21301,61,14,28,143
21302,61,14,28,143
21303,61,14,28,143
21304,61,14,28,143
21305,61,14,28,143
21306,61,14,28,143
21307,61,14,28,143
21308,61,14,28,143
21309,61,14,28,143
21310,61,14,28,143
21311,61,14,28,143
21312,61,14,28,143
21313,61,14,28,143
21314,61,14,28,143
21315,61,14,28,144
21316,61,14,28,144
21317,61,14,28,144
21318,61,14,28,144
21319,61,14,28,144
21320,61,14,28,144
21321,61,14,28,144
21322,61,14,28,144
21323,61,14,28,144
21324,61,14,28,144
21325,61,14,28,144
21326,61,14,28,144
21327,61,14,28,144
21328,61,14,28,144
21329,61,14,28,144
21330,61,14,28,144
21331,61,14,28,144
21332,61,14,28,144
21333,61,14,28,144
21334,61,14,28,144
21335,61,14,28,144
21336,61,14,28,144
21337,61,14,28,144
21338,61,14,28,144
21339,61,14,28,144
21340,61,14,28,144
21341,61,14,28,144
21342,61,14,28,144
21343,61,14,28,144
21344,61,14,28,144
21345,61,14,28,144
21346,61,14,28,144
21347,61,14,28,144
21348,61,14,28,144
21349,61,14,28,144
21350,61,14,28,144
21351,61,14,28,144
21352,61,14,28,144
21353,61,14,28,144
21354,61,14,28,144
21355,61,14,28,144
21356,61,14,28,144
21357,61,14,28,144
21358,61,14,28,144
21359,61,14,28,144
21360,61,14,28,144
21361,61,14,28,144
21362,61,14,28,144
21363,61,14,28,144
21364,61,14,28,144
21365,61,14,28,144
21366,61,14,28,144
21367,61,14,28,144
21368,61,14,28,144
21369,61,14,28,144
21370,61,14,28,144
21371,61,14,28,144
21372,61,14,28,144
21373,61,14,28,144
21374,61,14,28,144
21375,61,14,28,144
21376,61,14,28,144
21377,61,14,28,144
21378,61,14,28,144
21379,61,14,28,144
21380,61,14,28,144
21381,61,14,28,144
21382,61,14,28,144
21383,61,14,28,144
21384,61,14,28,144
21385,61,14,28,144
21386,61,14,28,144
21387,61,14,28,144
21388,61,14,28,144
21389,61,14,28,144
21390,61,14,28,144
21391,61,14,28,144
21392,61,14,28,144
21393,61,14,28,144
21394,61,14,28,144
21395,61,14,28,144
21396,61,14,28,144
21397,61,14,28,144
21398,61,14,28,144
21399,61,14,28,144
21400,61,14,28,144
21401,61,14,28,144
21402,61,14,28,144
21403,61,14,28,144
21404,61,14,28,144
21405,61,14,28,144
21406,61,14,28,144
21407,61,14,28,144
21408,61,14,28,144
21409,61,14,28,144
21410,61,14,28,144
21411,61,14,28,144
21412,61,14,28,144
21413,61,14,28,144
21414,61,14,28,144
21415,61,14,28,144
21416,61,14,28,144
21417,61,14,28,144
21418,61,14,28,144
21419,61,14,28,144
21420,61,14,28,144
21421,61,14,28,144
21422,61,14,28,144
21423,61,14,28,144
21424,61,14,28,144
21425,61,14,28,144
21426,61,14,28,144
21427,61,14,28,144
21428,61,14,28,144
21429,61,14,28,144
21430,61,14,28,144
21431,61,14,28,144
21432,61,14,28,144
21433,61,14,28,144
21434,61,14,28,144
21435,61,14,28,144
21436,61,14,28,144
21437,61,14,28,144
21438,61,14,28,144
21439,61,14,28,144
21440,61,14,28,144
21441,61,14,28,144
21442,61,14,28,144
21443,61,14,28,144
21444,61,14,28,144
21445,61,14,28,144
21446,61,14,28,144
21447,61,14,28,144
21448,61,14,28,144
21449,61,14,28,144
21450,61,14,28,144
21451,61,14,28,144
21452,61,14,28,144
21453,61,14,28,144
21454,61,14,28,144
21455,61,14,28,144
21456,61,14,28,144
21457,61,14,28,144
21458,61,14,28,144
21459,61,14,28,144
21460,61,14,28,144
21461,61,14,28,144
21462,61,14,28,144
21463,61,14,28,144
21464,61,14,28,144
21465,61,14,28,144
21466,61,14,28,144
21467,61,14,28,144
21468,61,14,28,144
21469,61,14,28,144
21470,61,14,28,144
21471,61,14,28,144
21472,61,14,28,144
21473,61,14,28,144
21474,61,14,28,144
21475,61,14,28,144
21476,61,14,28,144
21477,61,14,28,144
21478,61,14,28,144
21479,61,14,28,144
21480,61,14,28,144
21481,61,14,28,144
21482,61,14,28,144
21483,61,14,28,144
21484,61,14,28,144
21485,61,14,28,144
21486,61,14,28,144
21487,61,14,28,144
21488,61,14,28,144
21489,61,14,28,144
21490,61,14,28,144
21491,61,14,28,144
21492,61,14,28,144
21493,61,14,28,144
21494,61,14,28,144
21495,61,14,28,144
21496,61,14,28,144
21497,61,14,28,144
21498,61,14,28,144
21499,61,14,28,144
21500,61,14,28,144
21501,61,14,28,144
21502,61,14,28,144
21503,61,14,28,144
21504,61,14,28,144
21505,61,14,28,144
21506,61,14,28,144
21507,61,14,28,144
21508,61,14,28,144
21509,61,14,28,144
21510,61,14,28,144
21511,61,14,28,144
21512,61,14,28,144
21513,61,14,28,144
21514,61,14,28,144
21515,61,14,28,144
21516,61,14,28,144
21517,61,14,28,144
21518,61,14,28,144
21519,61,14,28,144
21520,61,14,28,144
21521,61,14,28,144
21522,61,14,28,144
21523,61,14,28,144
21524,61,14,28,144
21525,61,14,28,144
21526,61,14,28,144
21527,61,14,28,144
21528,61,14,28,144
21529,61,14,28,144
21530,61,14,28,144
21531,61,14,28,144
21532,61,14,28,144
21533,61,14,28,144
21534,61,14,28,144
21535,61,14,28,144
21536,61,14,28,144
21537,61,14,28,144
21538,61,14,28,144
21539,61,14,28,144
21540,61,14,28,144
21541,61,14,28,144
21542,61,14,28,144
21543,61,14,28,144
21544,61,14,28,144
21545,61,14,28,144
21546,61,14,28,144
21547,61,14,28,144
21548,61,14,28,144
21549,61,14,28,144
21550,61,14,28,144
21551,61,14,28,144
21552,61,14,28,144
21553,61,14,28,144
21554,61,14,28,144
21555,61,14,28,144
21556,61,14,28,144
21557,61,14,28,144
21558,61,14,28,144
21559,61,14,28,144
21560,61,14,28,144
21561,61,14,28,144
21562,61,14,28,144
21563,61,14,28,144
21564,61,14,28,144
21565,61,14,28,144
21566,61,14,28,144
21567,61,14,28,144
21568,61,14,28,144
21569,61,14,28,144
21570,61,14,28,144
21571,61,14,28,144
21572,61,14,28,144
21573,61,14,28,144
21574,61,14,28,144
21575,61,14,28,144
21576,61,14,28,144
21577,61,14,28,144
21578,61,14,28,144
21579,61,14,28,144
21580,61,14,28,144
21581,61,14,28,144
21582,61,14,28,144
21583,61,14,28,144
21584,61,14,28,144
21585,61,14,28,144
21586,61,14,28,144
21587,61,14,28,144
21588,61,14,28,144
21589,61,14,28,145
21590,61,14,28,145
21591,61,14,28,145
21592,61,14,28,145
21593,61,14,28,145
21594,61,14,28,145
21595,61,14,28,145
21596,61,14,28,145
21597,61,14,28,145
21598,61,14,28,145
21599,61,14,28,145
21600,61,14,28,145
21601,61,14,28,145
21602,61,14,28,145
21603,61,14,28,145
21604,61,14,28,145
21605,61,14,28,145
21606,61,14,28,145
21607,61,14,28,145
21608,61,14,28,145
21609,61,14,28,145
21610,61,14,28,145
21611,61,14,28,145
21612,61,14,28,145
21613,61,14,28,145
21614,61,14,28,145
21615,61,14,28,145
21616,61,14,28,145
21617,61,14,28,145
21618,61,14,28,145
21619,61,14,28,145
21620,61,14,28,145
21621,61,14,28,145
21622,61,14,28,145
21623,61,14,28,145
21624,61,14,28,145
21625,61,14,28,145
21626,61,14,28,145
21627,61,14,28,145
21628,61,14,28,145
21629,61,14,28,145
21630,61,14,28,145
21631,61,14,28,145
21632,61,14,28,145
21633,61,14,28,145
21634,61,14,28,145
21635,61,14,28,145
21636,61,14,28,145
21637,61,14,28,145
21638,61,14,28,145
21639,61,14,28,145
21640,61,14,28,145
21641,61,14,28,145
21642,61,14,28,145
21643,61,14,28,145
21644,61,14,28,145
21645,61,14,28,145
21646,61,14,28,145
21647,61,14,28,145
21648,61,14,28,145
21649,61,14,28,145
21650,61,14,28,145
21651,61,14,28,145
21652,61,14,28,145
21653,61,14,28,145
21654,61,14,28,145
21655,61,14,28,145
21656,61,14,28,145
21657,61,14,28,145
21658,61,14,28,145
21659,61,14,28,145
21660,61,14,28,145
21661,61,14,28,145
21662,61,14,28,145
21663,61,14,28,145
21664,61,14,28,145
21665,61,14,28,145
21666,61,14,28,145
21667,61,14,28,145
21668,61,14,28,145
21669,61,14,28,145
21670,61,14,28,145
21671,61,14,28,145
21672,61,14,28,145
21673,61,14,28,145
21674,61,14,28,145
21675,61,14,28,145
21676,61,14,28,145
21677,61,14,28,145
21678,61,14,28,145
21679,61,14,28,145
21680,61,14,28,145
21681,61,14,28,145
21682,61,14,28,145
21683,61,14,28,145
21684,61,14,28,145
21685,61,14,28,145
21686,61,14,28,145
21687,61,14,28,145
21688,61,14,28,145
21689,61,14,28,145
21690,61,14,28,145
21691,61,14,28,145
21692,61,14,28,145
21693,61,14,28,145
21694,61,14,28,145
21695,61,14,28,145
21696,61,14,28,145
21697,61,14,28,145
21698,61,14,28,145
21699,61,14,28,145
21700,61,14,28,145
21701,61,14,28,145
21702,61,14,28,145
21703,61,14,28,145
21704,61,14,28,145
21705,61,14,28,145
21706,61,14,28,145
21707,61,14,28,145
21708,61,14,28,145
21709,61,14,28,145
21710,61,14,28,145
21711,61,14,28,145
21712,61,14,28,145
21713,61,14,28,145
21714,61,14,28,145
21715,61,14,28,145
21716,61,14,28,145
21717,61,14,28,145
21718,61,14,28,145
21719,61,14,28,145
21720,61,14,28,145
21721,61,14,28,145
21722,61,14,28,145
21723,61,14,28,145
21724,61,14,28,145
21725,61,14,28,145
21726,61,14,28,145
21727,61,14,28,145
21728,61,14,28,145
21729,61,14,28,145
21730,61,14,28,145
21731,61,14,28,145
21732,61,14,28,145
21733,61,14,28,145
21734,61,14,28,145
21735,61,14,28,145
21736,61,14,28,145
21737,61,14,28,145
21738,61,14,28,145
21739,61,14,28,145
21740,61,14,28,145
21741,61,14,28,146
21742,61,14,28,146
21743,61,14,28,146
21744,61,14,28,146
21745,61,14,28,146
21746,61,14,28,146
21747,61,14,28,146
21748,61,14,28,146
21749,61,14,28,146
21750,61,14,28,146
21751,61,14,28,146
21752,61,14,28,146
21753,61,14,28,146
21754,61,14,28,146
21755,61,14,28,146
21756,61,14,28,146
21757,61,14,28,146
21758,61,14,28,146
21759,61,14,28,146
21760,61,14,28,146
21761,61,14,28,146
21762,61,14,28,146
21763,61,14,28,146
21764,61,14,28,146
21765,61,14,28,146
21766,61,14,28,146
21767,61,14,28,146
21768,61,14,28,146
21769,61,14,28,146
21770,61,14,28,146
21771,61,14,28,146
21772,61,14,28,146
21773,61,14,28,146
21774,61,14,28,146
21775,61,14,28,146
21776,61,14,28,146
21777,61,14,28,146
21778,61,14,28,146
21779,61,14,28,146
21780,61,14,28,146
21781,61,14,28,146
21782,61,14,28,146
21783,61,14,28,146
21784,61,14,28,146
21785,61,14,28,146
21786,61,14,28,146
21787,61,14,28,146
21788,61,14,28,146
21789,61,14,28,146
21790,61,14,28,146
21791,61,14,28,146
21792,61,14,28,146
21793,61,14,28,146
21794,61,14,28,146
21795,61,14,28,146
21796,61,14,28,146
21797,61,14,28,146
21798,61,14,28,146
21799,61,14,28,146
21800,61,14,28,146
21801,61,14,28,146
21802,61,14,28,146
21803,61,14,28,146
21804,61,14,28,146
21805,61,14,28,146
21806,61,14,28,146
21807,61,14,28,146
21808,61,14,28,146
21809,61,14,28,146
21810,61,14,28,146
21811,61,14,28,146
21812,61,14,28,146
21813,61,14,28,146
21814,61,14,28,146
21815,61,14,28,146
21816,61,14,28,146
21817,61,14,28,146
21818,61,14,28,146
21819,61,14,28,146
21820,61,14,28,146
21821,61,14,28,146
21822,61,14,28,146
21823,61,14,28,146
21824,61,14,28,146
21825,61,14,28,146
21826,61,14,28,146
21827,61,14,28,146
21828,61,14,28,146
21829,61,14,28,146
21830,61,14,28,146
21831,61,14,28,146
21832,61,14,28,146
21833,61,14,28,146
21834,61,14,28,146
21835,61,14,28,146
21836,61,14,28,146
21837,61,14,28,146
21838,61,14,28,146
21839,61,14,28,146
21840,61,14,28,146
21841,61,14,28,146
21842,61,14,28,146
21843,61,14,28,146
21844,61,14,28,146
21845,61,14,28,146
21846,61,14,28,146
21847,61,14,28,146
21848,61,14,28,146
21849,61,14,28,146
21850,61,14,28,146
21851,61,14,28,146
21852,61,14,28,146
21853,61,14,28,146
21854,61,14,28,146
21855,61,14,28,146
21856,61,14,28,146
21857,61,14,28,146
21858,61,14,28,146
21859,61,14,28,146
21860,61,14,28,146
21861,61,14,28,146
21862,61,14,28,146
21863,61,14,28,146
21864,61,14,28,146
21865,61,14,28,146
21866,61,14,28,146
21867,61,14,28,146
21868,61,14,28,146
21869,61,14,28,146
21870,61,14,28,146
21871,61,14,28,146
21872,61,14,28,146
21873,61,14,28,146
21874,61,14,28,146
21875,61,14,28,146
21876,61,14,28,146
21877,61,14,28,146
21878,61,14,28,146
21879,61,14,28,146
21880,61,14,28,146
21881,61,14,28,147
21882,61,14,28,147
21883,61,14,28,147
21884,61,14,28,147
21885,61,14,28,147
21886,61,14,28,147
21887,61,14,28,147
21888,61,14,28,147
21889,61,14,28,147
21890,61,14,28,147
21891,61,14,28,147
21892,61,14,28,147
21893,61,14,28,147
21894,61,14,28,147
21895,61,14,28,147
21896,61,14,28,147
21897,61,14,28,148
21898,61,14,28,148
21899,61,14,28,148
21900,61,14,28,148
21901,61,14,28,148
21902,61,14,28,148
21903,61,14,28,148
21904,61,14,28,148
21905,61,14,28,148
21906,61,14,28,148
21907,61,14,28,148
21908,61,14,28,148
21909,61,14,28,148
21910,61,14,28,148
21911,61,14,28,148
21912,61,14,28,148
21913,61,14,28,148
21914,61,14,28,148
21915,61,14,28,148
21916,61,14,28,148
21917,61,14,28,148
21918,61,14,28,148
21919,61,14,28,148
21920,61,14,28,148
21921,61,14,28,148
21922,61,14,28,148
21923,61,14,28,148
21924,61,14,28,148
21925,61,14,28,148
21926,61,14,28,148
21927,61,14,28,148
21928,61,14,28,148
21929,61,14,28,148
21930,61,14,28,148
21931,61,14,28,148
21932,61,14,28,148
21933,61,14,28,148
21934,61,14,28,148
21935,61,14,28,148
21936,61,14,28,148
21937,61,14,28,148
21938,61,14,28,148
21939,61,14,28,148
21940,61,14,28,148
21941,61,14,28,148
21942,61,14,28,148
21943,61,14,28,148
21944,61,14,28,148
21945,61,14,28,148
21946,61,14,28,148
21947,61,14,28,148
21948,61,14,28,148
21949,61,14,28,148
21950,61,14,28,148
21951,61,14,28,148
21952,61,14,28,148
21953,61,14,28,148
21954,61,14,28,148
21955,61,14,28,148
21956,61,14,28,148
21957,61,14,28,148
21958,61,14,28,148
21959,61,14,28,148
21960,61,14,28,148
21961,61,14,28,148
21962,61,14,28,148
21963,61,14,28,148
21964,61,14,28,148
21965,61,14,28,148
21966,61,14,28,148
21967,61,14,28,148
21968,61,14,28,148
21969,61,14,28,148
21970,61,14,28,148
21971,61,14,28,148
21972,61,14,28,148
21973,61,14,28,148
21974,61,14,28,148
21975,61,14,28,148
21976,61,14,28,148
21977,61,14,28,148
21978,61,14,28,148
21979,61,14,28,148
21980,61,14,28,148
21981,61,14,28,148
21982,61,14,28,148
21983,61,14,28,148
21984,61,14,28,148
21985,61,14,28,148
21986,61,14,28,148
21987,61,14,28,148
21988,61,14,28,148
21989,61,14,28,148
21990,61,14,28,148
21991,61,14,28,148
21992,61,14,28,148
21993,61,14,28,148
21994,61,14,28,148
21995,61,14,28,148
21996,61,14,28,148
21997,61,14,28,148
21998,61,14,28,148
21999,61,14,28,148
22000,61,14,28,148
22001,61,14,28,148
22002,61,14,28,148
22003,61,14,28,148
22004,61,14,28,148
22005,61,14,28,148
22006,61,14,28,148
22007,61,14,28,148
22008,61,14,28,148
22009,61,14,28,148
22010,61,14,28,148
22011,61,14,28,148
22012,61,14,28,148
22013,61,14,28,148
22014,61,14,28,148
22015,61,14,28,148
22016,61,14,28,148
22017,61,14,28,148
22018,61,14,28,148
22019,61,14,28,148
22020,61,14,28,148
22021,61,14,28,148
22022,61,14,28,148
22023,61,14,28,148
22024,61,14,28,148
22025,61,14,28,148
22026,61,14,28,148
22027,61,14,28,148
22028,61,14,28,148
22029,61,14,28,148
22030,61,14,28,148
22031,61,14,28,148
22032,61,14,28,148
22033,61,14,28,148
22034,61,14,28,148
22035,61,14,28,148
22036,61,14,28,148
22037,61,14,28,149
22038,61,14,28,149
22039,61,14,28,149
22040,61,14,28,149
22041,61,14,28,149
22042,61,14,28,149
22043,61,14,28,149
22044,61,14,28,149
22045,61,14,28,149
22046,61,14,28,149
22047,61,14,28,149
22048,61,14,28,149
22049,61,14,28,149
22050,61,14,28,149
22051,61,14,28,149
22052,61,14,28,149
22053,61,14,28,149
22054,61,14,28,149
22055,61,14,28,149
22056,61,14,28,149
22057,61,14,28,149
22058,61,14,28,149
22059,61,14,28,149
22060,61,14,28,149
22061,61,14,28,149
22062,61,14,28,149
22063,61,14,28,149
22064,61,14,28,149
22065,61,14,28,149
22066,61,14,28,149
22067,61,14,28,149
22068,61,14,28,149
22069,61,14,28,149
22070,61,14,28,149
22071,61,14,28,149
22072,61,14,28,149
22073,61,14,28,149
22074,61,14,28,149
22075,61,14,28,149
22076,61,14,28,149
22077,61,14,28,149
22078,61,14,28,149
22079,61,14,28,149
22080,61,14,28,149
22081,61,14,28,149
22082,61,14,28,149
22083,61,14,28,149
22084,61,14,28,149
22085,61,14,28,149
22086,61,14,28,149
22087,61,14,28,149
22088,61,14,28,149
22089,61,14,28,149
22090,61,14,28,149
22091,61,14,28,149
22092,61,14,28,149
22093,61,14,28,149
22094,61,14,28,149
22095,61,14,28,149
22096,61,14,28,149
22097,61,14,28,149
22098,61,14,28,149
22099,61,14,28,149
22100,61,14,28,149
22101,61,14,28,149
22102,61,14,28,149
22103,61,14,28,149
22104,61,14,28,149
22105,61,14,28,149
22106,61,14,28,149
22107,61,14,28,149
22108,61,14,28,149
22109,61,14,28,149
22110,61,14,28,149
22111,61,14,28,149
22112,61,14,28,149
22113,61,14,28,149
22114,61,14,28,149
22115,61,14,28,149
22116,61,14,28,149
22117,61,14,28,149
22118,61,14,28,149
22119,61,14,28,149
22120,61,14,28,149
22121,61,14,28,149
22122,61,14,28,149
22123,61,14,28,149
22124,61,14,28,149
22125,61,14,28,149
22126,61,14,28,149
22127,61,14,28,149
22128,61,14,28,149
22129,61,14,28,149
22130,61,14,28,149
22131,61,14,28,149
22132,61,14,28,149
22133,61,14,28,149
22134,61,14,28,149
22135,61,14,28,149
22136,61,14,28,149
22137,61,14,28,149
22138,61,14,28,149
22139,61,14,28,149
22140,61,14,28,149
22141,61,14,28,149
22142,61,14,28,149
22143,61,14,28,149
22144,61,14,28,149
22145,61,14,28,149
22146,61,14,28,149
22147,61,14,28,149
22148,61,14,28,149
22149,61,14,28,149
22150,61,14,28,149
22151,61,14,28,149
22152,61,14,28,149
22153,61,14,28,149
22154,61,14,28,149
22155,61,14,28,149
22156,61,14,28,149
22157,61,14,28,149
22158,61,14,28,149
22159,61,14,28,149
22160,61,14,28,149
22161,61,14,28,149
22162,61,14,28,149
22163,61,14,28,149
22164,61,14,28,149
22165,61,14,28,149
22166,61,14,28,149
22167,61,14,28,149
22168,61,14,28,149
22169,61,14,28,149
22170,61,14,28,149
22171,61,14,28,149
22172,61,14,28,149
22173,61,14,28,149
22174,61,14,28,149
22175,61,14,28,149
22176,61,14,28,149
22177,61,14,28,149
22178,61,14,28,149
22179,61,14,28,149
22180,61,14,28,149
22181,61,14,28,149
22182,61,14,28,149
22183,61,14,28,149
22184,61,14,28,149
22185,61,14,28,149
22186,61,14,28,149
22187,61,14,28,149
22188,61,14,28,149
22189,61,14,28,149
22190,61,14,28,149
22191,61,14,28,149
22192,61,14,28,149
22193,61,14,28,149
22194,61,14,28,149
22195,61,14,28,149
22196,61,14,28,149
22197,61,14,28,149
22198,61,14,28,149
22199,61,14,28,149
22200,61,14,28,149
22201,61,14,28,149
22202,61,14,28,149
22203,61,14,28,149
22204,61,14,28,149
22205,61,14,28,149
22206,61,14,28,149
22207,61,14,28,149
22208,61,14,28,149
22209,61,14,28,149
22210,61,14,28,149
22211,61,14,28,149
22212,61,14,28,149
22213,61,14,28,149
22214,61,14,28,149
22215,61,14,28,149
22216,61,14,28,149
22217,61,14,28,149
22218,61,14,28,149
22219,61,14,28,149
22220,61,14,28,149
22221,61,14,28,149
22222,61,14,28,149
22223,61,14,28,149
22224,61,14,28,149
22225,61,14,28,149
22226,61,14,28,149
22227,61,14,28,149
22228,61,14,28,149
22229,61,14,28,149
22230,61,14,28,149
22231,61,14,28,149
22232,61,14,28,149
22233,61,14,28,149
22234,61,14,28,149
22235,61,14,28,149
22236,61,14,28,150
22237,61,14,28,150
22238,61,14,28,150
22239,61,14,28,150
22240,61,14,28,150
22241,61,14,28,150
22242,61,14,28,150
22243,61,14,28,150
22244,61,14,28,150
22245,61,14,28,150
22246,61,14,28,150
22247,61,14,28,150
22248,61,14,28,150
22249,61,14,28,150
22250,61,14,28,150
22251,61,14,28,150
22252,61,14,28,150
22253,61,14,28,150
22254,61,14,28,150
22255,61,14,28,150
22256,61,14,28,150
22257,61,14,28,150
22258,61,14,28,150
22259,61,14,28,150
22260,61,14,28,150
22261,61,14,28,150
22262,61,14,28,150
22263,61,14,28,150
22264,61,14,28,150
22265,61,14,28,150
22266,61,14,28,150
22267,61,14,28,150
22268,61,14,28,150
22269,61,14,28,150
22270,61,14,28,150
22271,61,14,28,150
22272,61,14,28,150
22273,61,14,28,150
22274,61,14,28,150
22275,61,14,28,150
22276,61,14,28,150
22277,61,14,28,150
22278,61,14,28,150
22279,61,14,28,150
22280,61,14,28,150
22281,61,14,28,150
22282,61,14,28,150
22283,61,14,28,150
22284,61,14,28,150
22285,61,14,28,150
22286,61,14,28,150
22287,61,14,28,150
22288,61,14,28,150
22289,61,14,28,150
22290,61,14,28,150
22291,61,14,28,150
22292,61,14,28,150
22293,61,14,28,150
22294,61,14,28,150
22295,61,14,28,150
22296,61,14,28,150
22297,61,14,28,150
22298,61,14,28,150
22299,61,14,28,150
22300,61,14,28,150
22301,61,14,28,150
22302,61,14,28,150
22303,61,14,28,150
22304,61,14,28,150
22305,61,14,28,150
22306,61,14,28,150
22307,61,14,28,150
22308,61,14,28,150
22309,61,14,28,150
22310,61,14,28,150
22311,61,14,28,150
22312,61,14,28,150
22313,61,14,28,150
22314,61,14,28,150
22315,61,14,28,150
22316,61,14,28,150
22317,61,14,28,150
22318,61,14,28,150
22319,61,14,28,150
22320,61,14,28,150
22321,61,14,28,150
22322,61,14,28,150
22323,61,14,28,150
22324,61,14,28,150
22325,61,14,28,150
22326,61,14,28,150
22327,61,14,28,150
22328,61,14,28,150
22329,61,14,28,150
22330,61,14,28,150
22331,61,14,28,150
22332,61,14,28,150
22333,61,14,28,150
22334,61,14,28,150
22335,61,14,28,150
22336,61,14,28,150
22337,61,14,28,150
22338,61,14,28,150
22339,61,14,28,150
22340,61,14,28,150
22341,61,14,28,150
22342,61,14,28,150
22343,61,14,28,150
22344,61,14,28,150
22345,61,14,28,150
22346,61,14,28,150
22347,61,14,28,150
22348,61,14,28,150
22349,61,14,28,150
22350,61,14,28,150
22351,61,14,28,150
22352,61,14,28,150
22353,61,14,28,150
22354,61,14,28,150
22355,61,14,28,150
22356,61,14,28,150
22357,61,14,28,150
22358,61,14,28,150
22359,61,14,28,150
22360,61,14,28,150
22361,61,14,28,150
22362,61,14,28,150
22363,61,14,28,150
22364,61,14,28,150
22365,61,14,28,150
22366,61,14,28,150
22367,61,14,28,150
22368,61,14,28,150
22369,61,14,28,150
22370,61,14,28,150
22371,61,14,28,150
22372,61,14,28,150
22373,61,14,28,150
22374,61,14,28,150
22375,61,14,28,150
22376,61,14,28,150
22377,61,14,28,150
22378,61,14,28,150
22379,61,14,28,150
22380,61,14,28,150
22381,61,14,28,150
22382,61,14,28,150
22383,61,14,28,150
22384,61,14,28,150
22385,61,14,28,150
22386,61,14,28,150
22387,61,14,28,151
22388,61,14,28,151
22389,61,14,28,151
22390,61,14,28,151
22391,61,14,28,151
22392,61,14,28,151
22393,61,14,28,151
22394,61,14,28,151
22395,61,14,28,151
22396,61,14,28,151
22397,61,14,28,151
22398,61,14,28,151
22399,61,14,28,151
22400,61,14,28,151
22401,61,14,28,151
22402,61,14,28,151
22403,61,14,28,151
22404,61,14,28,151
22405,61,14,28,151
22406,61,14,28,151
22407,61,14,28,151
22408,61,14,28,151
22409,61,14,28,151
22410,61,14,28,151
22411,61,14,28,152
22412,61,14,28,152
22413,61,14,28,152
22414,61,14,28,152
22415,61,14,28,152
22416,61,14,28,152
22417,61,14,28,152
22418,61,14,28,152
22419,61,14,28,152
22420,61,14,28,152
22421,61,14,28,152
22422,61,14,28,152
22423,61,14,28,152
22424,61,14,28,152
22425,61,14,28,152
22426,61,14,28,152
22427,61,14,28,152
22428,61,14,28,152
22429,61,14,28,152
22430,61,14,28,152
22431,61,14,28,152
22432,61,14,28,152
22433,61,14,28,152
22434,61,14,28,152
22435,61,14,28,152
22436,61,14,28,152
22437,61,14,28,152
22438,61,14,28,152
22439,61,14,28,152
22440,61,14,28,152
22441,61,14,28,152
22442,61,14,28,152
22443,61,14,28,152
22444,61,14,28,152
22445,61,14,28,152
22446,61,14,28,152
22447,61,14,28,152
22448,61,14,28,152
22449,61,14,28,152
22450,61,14,28,152
22451,61,14,28,152
22452,61,14,28,152
22453,61,14,28,152
22454,61,14,28,152
22455,61,14,28,152
22456,61,14,28,152
22457,61,14,28,152
22458,61,14,28,152
22459,61,14,28,152
22460,61,14,28,152
22461,61,14,28,152
22462,61,14,28,152
22463,61,14,28,152
22464,61,14,28,152
22465,61,14,28,152
22466,61,14,28,152
22467,61,14,28,152
22468,61,14,28,152
22469,61,14,28,152
22470,61,14,28,152
22471,61,14,28,152
22472,61,14,28,152
22473,61,14,28,152
22474,61,14,28,152
22475,61,14,28,152
22476,61,14,28,152
22477,61,14,28,152
22478,61,14,28,152
22479,61,14,28,152
22480,61,14,28,152
22481,61,14,28,152
22482,61,14,28,152
22483,61,14,28,152
22484,61,14,28,152
22485,61,14,28,152
22486,61,14,28,152
22487,61,14,28,152
22488,61,14,28,152
22489,61,14,28,152
22490,61,14,28,152
22491,61,14,28,152
22492,61,14,28,152
22493,61,14,28,152
22494,61,14,28,152
22495,61,14,28,152
22496,61,14,28,152
22497,61,14,28,152
22498,61,14,28,152
22499,61,14,28,152
22500,61,14,28,152
22501,61,14,28,152
22502,61,14,28,152
22503,61,14,28,152
22504,61,14,28,152
22505,61,14,28,152
22506,61,14,28,152
22507,61,14,28,152
22508,61,14,28,152
22509,61,14,28,152
22510,61,14,28,152
22511,61,14,28,152
22512,61,14,28,152
22513,61,14,28,152
22514,61,14,28,152
22515,61,14,28,152
22516,61,14,28,152
22517,61,14,28,152
22518,61,14,28,152
22519,61,14,28,152
22520,61,14,28,152
22521,61,14,28,152
22522,61,14,28,152
22523,61,14,28,152
22524,61,14,28,152
22525,61,14,28,152
22526,61,14,28,152
22527,61,14,28,152
22528,61,14,28,152
22529,61,14,28,152
22530,61,14,28,152
22531,61,14,28,152
22532,61,14,28,152
22533,61,14,28,152
22534,61,14,28,152
22535,61,14,28,152
22536,61,14,28,152
22537,61,14,28,152
22538,61,14,28,152
22539,61,14,28,152
22540,61,14,28,152
22541,61,14,28,152
22542,61,14,28,152
22543,61,14,28,152
22544,61,14,28,152
22545,61,14,28,152
22546,61,14,28,152
22547,61,14,28,152
22548,61,14,28,152
22549,61,14,28,152
22550,61,14,28,152
22551,61,14,28,152
22552,61,14,28,152
22553,61,14,28,152
22554,61,14,28,152
22555,61,14,28,152
22556,61,14,28,152
22557,61,14,28,152
22558,61,14,28,152
22559,61,14,28,152
22560,61,14,28,152
22561,61,14,28,152
22562,61,14,28,152
22563,61,14,28,152
22564,61,14,28,152
22565,61,14,28,152
22566,61,14,28,152
22567,61,14,28,152
22568,61,14,28,152
22569,61,14,28,152
22570,61,14,28,152
22571,61,14,28,153
22572,61,14,28,153
22573,61,14,28,153
22574,61,14,28,153
22575,61,14,28,153
22576,61,14,28,153
22577,61,14,28,153
22578,61,14,28,153
22579,61,14,28,153
22580,61,14,28,153
22581,61,14,28,153
22582,61,14,28,153
22583,61,14,28,153
22584,61,14,28,153
22585,61,14,28,153
22586,61,14,28,153
22587,61,14,28,153
22588,61,14,28,153
22589,61,14,28,153
22590,61,14,28,153
22591,61,14,28,153
22592,61,14,28,153
22593,61,14,28,153
22594,61,14,28,153
22595,61,14,28,153
22596,61,14,28,153
22597,61,14,28,153
22598,61,14,28,153
22599,61,14,28,153
22600,61,14,28,153
22601,61,14,28,153
22602,61,14,28,153
22603,61,14,28,153
22604,61,14,28,153
22605,61,14,28,153
22606,61,14,28,153
22607,61,14,28,153
22608,61,14,28,153
22609,61,14,28,153
22610,61,14,28,153
22611,61,14,28,153
22612,61,14,28,153
22613,61,14,28,153
22614,61,14,28,153
22615,61,14,28,153
22616,61,14,28,153
22617,61,14,28,153
22618,61,14,28,153
22619,61,14,28,153
22620,61,14,28,153
22621,61,14,28,153
22622,61,14,28,153
22623,61,14,28,153
22624,61,14,28,153
22625,61,14,28,153
22626,61,14,28,153
22627,61,14,28,153
22628,61,14,28,153
22629,61,14,28,153
22630,61,14,28,153
22631,61,14,28,153
22632,61,14,28,153
22633,61,14,28,153
22634,61,14,28,153
22635,61,14,28,153
22636,61,14,28,153
22637,61,14,28,153
22638,61,14,28,153
22639,61,14,28,153
22640,61,14,28,153
22641,61,14,28,153
22642,61,14,28,153
22643,61,14,28,153
22644,61,14,28,153
22645,61,14,28,153
22646,61,14,28,153
22647,61,14,28,153
22648,61,14,28,153
22649,61,14,28,153
22650,61,14,28,153
22651,61,14,28,153
22652,61,14,28,153
22653,61,14,28,153
22654,61,14,28,153
22655,61,14,28,153
22656,61,14,28,153
22657,61,14,28,153
22658,61,14,28,153
22659,61,14,28,153
22660,61,14,28,153
22661,61,14,28,153
22662,61,14,28,153
22663,61,14,28,153
22664,61,14,28,153
22665,61,14,28,153
22666,61,14,28,153
22667,61,14,28,153
22668,61,14,28,153
22669,61,14,28,153
22670,61,14,28,153
22671,61,14,28,153
22672,61,14,28,153
22673,61,14,28,153
22674,61,14,28,153
22675,61,14,28,153
22676,61,14,28,153
22677,61,14,28,153
22678,61,14,28,153
22679,61,14,28,153
22680,61,14,28,153
22681,61,14,28,153
22682,61,14,28,153
22683,61,14,28,153
22684,61,14,28,153
22685,61,14,28,153
22686,61,14,28,153
22687,61,14,28,153
22688,61,14,28,153
22689,61,14,28,153
22690,61,14,28,153
22691,61,14,28,153
22692,61,14,28,153
22693,61,14,28,153
22694,61,14,28,153
22695,61,14,28,153
22696,61,14,28,153
22697,61,14,28,153
22698,61,14,28,153
22699,61,14,28,153
22700,61,14,28,153
22701,61,14,28,153
22702,61,14,28,153
22703,61,14,28,153
22704,61,14,28,153
22705,61,14,28,153
22706,61,14,28,153
22707,61,14,28,153
22708,61,14,28,153
22709,61,14,28,153
22710,61,14,28,153
22711,61,14,28,153
22712,61,14,28,153
22713,61,14,28,153
22714,61,14,28,153
22715,61,14,28,153
22716,61,14,28,153
22717,61,14,28,153
22718,61,14,28,153
22719,61,14,28,153
22720,61,14,28,153
22721,61,14,28,153
22722,61,14,28,153
22723,61,14,28,153
22724,61,14,28,153
22725,61,14,28,153
22726,61,14,28,153
22727,61,14,28,153
22728,61,14,28,153
22729,61,14,28,153
22730,61,14,28,153
22731,61,14,28,153
22732,61,14,28,153
22733,61,14,28,153
22734,61,14,28,153
22735,61,14,28,153
22736,61,14,28,154
22737,61,14,28,154
22738,61,14,28,154
22739,61,14,28,154
22740,61,14,28,154
22741,61,14,28,154
22742,61,14,28,154
22743,61,14,28,154
22744,61,14,28,154
22745,61,14,28,154
22746,61,14,28,154
22747,61,14,28,154
22748,61,14,28,154
22749,61,14,28,154
22750,61,14,28,154
22751,61,14,28,154
22752,61,14,28,154
22753,61,14,28,154
22754,61,14,28,154
22755,61,14,28,154
22756,61,14,28,154
22757,61,14,28,154
22758,61,14,28,154
22759,61,14,28,154
22760,61,14,28,154
22761,61,14,28,154
22762,61,14,28,154
22763,61,14,28,154
22764,61,14,28,154
22765,61,14,28,154
22766,61,14,28,154
22767,61,14,28,154
22768,61,14,28,154
22769,61,14,28,154
22770,61,14,28,154
22771,61,14,28,154
22772,61,14,28,154
22773,61,14,28,154
22774,61,14,28,154
22775,61,14,28,154
22776,61,14,28,154
22777,61,14,28,154
22778,61,14,28,154
22779,61,14,28,154
22780,61,14,28,154
22781,61,14,28,154
22782,61,14,28,154
22783,61,14,28,154
22784,61,14,28,154
22785,61,14,28,154
22786,61,14,28,154
22787,61,14,28,154
22788,61,14,28,154
22789,61,14,28,154
22790,61,14,28,154
22791,61,14,28,154
22792,61,14,28,154
22793,61,14,28,154
22794,61,14,28,154
22795,61,14,28,154
22796,61,14,28,154
22797,61,14,28,154
22798,61,14,28,154
22799,61,14,28,154
22800,61,14,28,154
22801,61,14,28,154
22802,61,14,28,154
22803,61,14,28,154
22804,61,14,28,154
22805,61,14,28,154
22806,61,14,28,154
22807,61,14,28,154
22808,61,14,28,154
22809,61,14,28,154
22810,61,14,28,154
22811,61,14,28,154
22812,61,14,28,154
22813,61,14,28,154
22814,61,14,28,154
22815,61,14,28,154
22816,61,14,28,154
22817,61,14,28,154
22818,61,14,28,154
22819,61,14,28,154
22820,61,14,28,154
22821,61,14,28,154
22822,61,14,28,154
22823,61,14,28,154
22824,61,14,28,154
22825,61,14,28,154
22826,61,14,28,154
22827,61,14,28,154
22828,61,14,28,154
22829,61,14,28,154
22830,61,14,28,154
22831,61,14,28,154
22832,61,14,28,154
22833,61,14,28,154
22834,61,14,28,154
22835,61,14,28,154
22836,61,14,28,154
22837,61,14,28,154
22838,61,14,28,154
22839,61,14,28,154
22840,61,14,28,154
22841,61,14,28,154
22842,61,14,28,154
22843,61,14,28,154
22844,61,14,28,154
22845,61,14,28,154
22846,61,14,28,154
22847,61,14,28,154
22848,61,14,28,154
22849,61,14,28,154
22850,61,14,28,154
22851,61,14,28,154
22852,61,14,28,154
22853,61,14,28,154
22854,61,14,28,154
22855,61,14,28,154
22856,61,14,28,154
22857,61,14,28,154
22858,61,14,28,154
22859,61,14,28,154
22860,61,14,28,154
22861,61,14,28,154
22862,61,14,28,154
22863,61,14,28,154
22864,61,14,28,154
22865,61,14,28,154
22866,61,14,28,154
22867,61,14,28,154
22868,61,14,28,154
22869,61,14,28,154
22870,61,14,28,154
22871,61,14,28,154
22872,61,14,28,154
22873,61,14,28,154
22874,61,14,28,154
22875,61,14,28,154
22876,61,14,28,154
22877,61,14,28,154
22878,61,14,28,154
22879,61,14,28,154
22880,61,14,28,154
22881,61,14,28,154
22882,61,14,28,154
22883,61,14,28,154
22884,61,14,28,154
22885,61,14,28,154
22886,61,14,28,154
22887,61,14,28,154
22888,61,14,28,154
22889,61,14,28,154
22890,61,14,28,154
22891,61,14,28,154
22892,61,14,28,154
22893,61,14,28,154
22894,61,14,28,154
22895,61,14,28,154
22896,61,14,28,154
22897,61,14,28,154
22898,61,14,28,154
22899,61,14,28,154
22900,61,14,28,154
22901,61,14,28,154
22902,61,14,28,154
22903,61,14,28,154
22904,61,14,28,154
22905,61,14,28,154
22906,61,14,28,154
22907,61,14,28,154
22908,61,14,28,154
22909,61,14,28,154
22910,61,14,28,154
22911,61,14,28,154
22912,61,14,28,154
22913,61,14,28,154
22914,61,14,28,154
22915,61,14,28,154
22916,61,14,28,154
22917,61,14,28,154
22918,61,14,28,154
22919,61,14,28,154
22920,61,14,28,154
22921,61,14,28,154
22922,61,14,28,154
22923,61,14,28,154
22924,61,14,28,154
22925,61,14,28,154
22926,61,14,28,154
22927,61,14,28,154
22928,61,14,28,154
22929,61,14,28,154
22930,61,14,28,154
22931,61,14,28,154
22932,61,14,28,154
22933,61,14,28,154
22934,61,14,28,154
22935,61,14,28,154
22936,61,14,28,154
22937,61,14,28,154
22938,61,14,28,154
22939,61,14,28,154
22940,61,14,28,154
22941,61,14,28,154
22942,61,14,28,154
22943,61,14,28,154
22944,61,14,28,154
22945,61,14,28,154
22946,61,14,28,154
22947,61,14,28,154
22948,61,14,28,154
22949,61,14,28,155
22950,61,14,28,155
22951,61,14,28,155
22952,61,14,28,155
22953,61,14,28,155
22954,61,14,28,155
22955,61,14,28,155
22956,61,14,28,155
22957,61,14,28,155
22958,61,14,28,155
22959,61,14,28,155
22960,61,14,28,155
22961,61,14,28,155
22962,61,14,28,155
22963,61,14,28,155
22964,61,14,28,155
22965,61,14,28,155
22966,61,14,28,155
22967,61,14,28,155
22968,61,14,28,155
22969,61,14,28,155
22970,61,14,28,155
22971,61,14,28,155
22972,61,14,28,155
22973,61,14,28,155
22974,61,14,28,155
22975,61,14,28,155
22976,61,14,28,155
22977,61,14,28,155
22978,61,14,28,155
22979,61,14,28,155
22980,61,14,28,155
22981,61,14,28,155
22982,61,14,28,155
22983,61,14,28,155
22984,61,14,28,155
22985,61,14,28,155
22986,61,14,28,155
22987,61,14,28,155
22988,61,14,28,155
22989,61,14,28,155
22990,61,14,28,155
22991,61,14,28,155
22992,61,14,28,155
22993,61,14,28,155
22994,61,14,28,155
22995,61,14,28,155
22996,61,14,28,155
22997,61,14,28,155
22998,61,14,28,155
22999,61,14,28,155
23000,61,14,28,155
23001,61,14,28,155
23002,61,14,28,155
23003,61,14,28,155
23004,61,14,28,155
23005,61,14,28,155
23006,61,14,28,155
23007,61,14,28,155
23008,61,14,28,155
23009,61,14,28,155
23010,61,14,28,155
23011,61,14,28,155
23012,61,14,28,155
23013,61,14,28,155
23014,61,14,28,155
23015,61,14,28,155
23016,61,14,28,155
23017,61,14,28,155
23018,61,14,28,155
23019,61,14,28,155
23020,61,14,28,155
23021,61,14,28,155
23022,61,14,28,155
23023,61,14,28,155
23024,61,14,28,155
23025,61,14,28,155
23026,61,14,28,155
23027,61,14,28,155
23028,61,14,28,155
23029,61,14,28,155
23030,61,14,28,155
23031,61,14,28,155
23032,61,14,28,155
23033,61,14,28,155
23034,61,14,28,155
23035,61,14,28,155
23036,61,14,28,155
23037,61,14,28,155
23038,61,14,28,155
23039,61,14,28,155
23040,61,14,28,155
23041,61,14,28,155
23042,61,14,28,155
23043,61,14,28,155
23044,61,14,28,155
23045,61,14,28,155
23046,61,14,28,155
23047,61,14,28,155
23048,61,14,28,155
23049,61,14,28,155
23050,61,14,28,155
23051,61,14,28,155
23052,61,14,28,155
23053,61,14,28,155
23054,61,14,28,155
23055,61,14,28,155
23056,61,14,28,155
23057,61,14,28,155
23058,61,14,28,155
23059,61,14,28,155
23060,61,14,28,155
23061,61,14,28,155
23062,61,14,28,155
23063,61,14,28,155
23064,61,14,28,155
23065,61,14,28,155
23066,61,14,28,155
23067,61,14,28,155
23068,61,14,28,155
23069,61,14,28,155
23070,61,14,28,155
23071,61,14,28,155
23072,61,14,28,155
23073,61,14,28,155
23074,61,14,28,155
23075,61,14,28,156
23076,61,14,28,156
23077,61,14,28,156
23078,61,14,28,156
23079,61,14,28,156
23080,61,14,28,156
23081,61,14,28,156
23082,61,14,28,156
23083,61,14,28,156
23084,61,14,28,156
23085,61,14,28,156
23086,61,14,28,156
23087,61,14,28,156
23088,61,14,28,156
23089,61,14,28,156
23090,61,14,28,156
23091,61,14,28,156
23092,61,14,28,156
23093,61,14,28,156
23094,61,14,28,156
23095,61,14,28,156
23096,61,14,28,156
23097,61,14,28,156
23098,61,14,28,156
23099,61,14,28,156
23100,61,14,28,156
23101,61,14,28,156
23102,61,14,28,156
23103,61,14,28,156
23104,61,14,28,156
23105,61,14,28,156
23106,61,14,28,156
23107,61,14,28,156
23108,61,14,28,156
23109,61,14,28,156
23110,61,14,28,156
23111,61,14,28,156
23112,61,14,28,156
23113,61,14,28,156
23114,61,14,28,156
23115,61,14,28,156
23116,61,14,28,156
23117,61,14,28,156
23118,61,14,28,156
23119,61,14,28,156
23120,61,14,28,156
23121,61,14,28,156
23122,61,14,28,156
23123,61,14,28,156
23124,61,14,28,156
23125,61,14,28,156
23126,61,14,28,156
23127,61,14,28,156
23128,61,14,28,156
23129,61,14,28,156
23130,61,14,28,156
23131,61,14,28,156
23132,61,14,28,156
23133,61,14,28,156
23134,61,14,28,156
23135,61,14,28,156
23136,61,14,28,156
23137,61,14,28,156
23138,61,14,28,156
23139,61,14,28,156
23140,61,14,28,156
23141,61,14,28,156
23142,61,14,28,156
23143,61,14,28,156
23144,61,14,28,156
23145,61,14,28,156
23146,61,14,28,156
23147,61,14,28,156
23148,61,14,28,156
23149,61,14,28,156
23150,61,14,28,156
23151,61,14,28,156
23152,61,14,28,156
23153,61,14,28,156
23154,61,14,28,156
23155,61,14,28,156
23156,61,14,28,156
23157,61,14,28,156
23158,61,14,28,156
23159,61,14,28,156
23160,61,14,28,156
23161,61,14,28,156
23162,61,14,28,156
23163,61,14,28,156
23164,61,14,28,156
23165,61,14,28,156
23166,61,14,28,156
23167,61,14,28,156
23168,61,14,28,156
23169,61,14,28,156
23170,61,14,28,156
23171,61,14,28,156
23172,61,14,28,156
23173,61,14,28,156
23174,61,14,28,156
23175,61,14,28,156
23176,61,14,28,156
23177,61,14,28,156
23178,61,14,28,156
23179,61,14,28,156
23180,61,14,28,156
23181,61,14,28,156
23182,61,14,28,156
23183,61,14,28,156
23184,61,14,28,156
23185,61,14,28,156
23186,61,14,28,156
23187,61,14,28,156
23188,61,14,28,156
23189,61,14,28,156
23190,61,14,28,156
23191,61,14,28,156
23192,61,14,28,156
23193,61,14,28,156
23194,61,14,28,156
23195,61,14,28,156
23196,61,14,28,156
23197,61,14,28,156
23198,61,14,28,156
23199,61,14,28,156
23200,61,14,28,156
23201,61,14,28,156
23202,61,14,28,156
23203,61,14,28,156
23204,61,14,28,156
23205,61,14,28,156
23206,61,14,28,156
23207,61,14,28,156
23208,61,14,28,156
23209,61,14,28,156
23210,61,14,28,156
23211,61,14,28,156
23212,61,14,28,156
23213,61,14,28,156
23214,61,14,28,156
23215,61,14,28,156
23216,61,14,28,156
23217,61,14,28,156
23218,61,14,28,156
23219,61,14,28,156
23220,61,14,28,156
23221,61,14,28,156
23222,61,14,28,156
23223,61,14,28,156
23224,61,14,28,156
23225,61,14,28,156
23226,61,14,28,156
23227,61,14,28,156
23228,61,14,28,156
23229,61,14,28,156
23230,61,14,28,156
23231,61,14,28,156
23232,61,14,28,156
23233,61,14,28,156
23234,61,14,28,156
23235,61,14,28,156
23236,61,14,28,156
23237,61,14,28,156
23238,61,14,28,156
23239,61,14,28,156
23240,61,14,28,156
23241,61,14,28,156
23242,61,14,28,156
23243,61,14,28,156
23244,61,14,28,156
23245,61,14,28,156
23246,61,14,28,156
23247,61,14,28,156
23248,61,14,28,156
23249,61,14,28,156
23250,61,14,28,156
23251,61,14,28,156
23252,61,14,28,156
23253,61,14,28,156
23254,61,14,28,156
23255,61,14,28,156
23256,61,14,28,156
23257,61,14,28,156
23258,61,14,28,156
23259,61,14,28,156
23260,61,14,28,156
23261,61,14,28,156
23262,61,14,28,156
23263,61,14,28,156
23264,61,14,28,156
23265,61,14,28,156
23266,61,14,28,156
23267,61,14,28,156
23268,61,14,28,156
23269,61,14,28,156
23270,61,14,28,156
23271,61,14,28,156
23272,61,14,28,156
23273,61,14,28,156
23274,61,14,28,156
23275,61,14,28,156
23276,61,14,28,156
23277,61,14,28,156
23278,61,14,28,156
23279,61,14,28,156
23280,61,14,28,156
23281,61,14,28,156
23282,61,14,28,156
23283,61,14,28,156
23284,61,14,28,156
23285,61,14,28,156
23286,61,14,28,156
23287,61,14,28,156
23288,61,14,28,156
23289,61,14,28,156
23290,61,14,28,156
23291,61,14,28,156
23292,61,14,28,156
23293,61,14,28,156
23294,61,14,28,156
23295,61,14,28,156
23296,61,14,28,156
23297,61,14,28,156
23298,61,14,28,156
23299,61,14,28,156
23300,61,14,28,156
23301,61,14,28,156
23302,61,14,28,156
23303,61,14,28,156
23304,61,14,28,156
23305,61,14,28,156
23306,61,14,28,156
23307,61,14,28,156
23308,61,14,28,156
23309,61,14,28,156
23310,61,14,28,156
23311,61,14,28,156
23312,61,14,28,156
23313,61,14,28,156
23314,61,14,28,156
23315,61,14,28,156
23316,61,14,28,156
23317,61,14,28,156
23318,61,14,28,156
23319,61,14,28,156
23320,61,14,28,156
23321,61,14,28,156
23322,61,14,28,156
23323,61,14,28,156
23324,61,14,28,156
23325,61,14,28,156
23326,61,14,28,156
23327,61,14,28,156
23328,61,14,28,156
23329,61,14,28,156
23330,61,14,28,156
23331,61,14,28,156
23332,61,14,28,156
23333,61,14,28,156
23334,61,14,28,156
23335,61,14,28,156
23336,61,14,28,156
23337,61,14,28,156
23338,61,14,28,156
23339,61,14,28,156
23340,61,14,28,156
23341,61,14,28,156
23342,61,14,28,156
23343,61,14,28,156
23344,61,14,28,156
23345,61,14,28,156
23346,61,14,28,156
23347,61,14,28,156
23348,61,14,28,156
23349,61,14,28,156
23350,61,14,28,156
23351,61,14,28,156
23352,61,14,28,156
23353,61,14,28,156
23354,61,14,28,156
23355,61,14,28,156
23356,61,14,28,156
23357,61,14,28,156
23358,61,14,28,156
23359,61,14,28,156
23360,61,14,28,156
23361,61,14,28,157
23362,61,14,28,157
23363,61,14,28,157
23364,61,14,28,157
23365,61,14,28,157
23366,61,14,28,157
23367,61,14,28,157
23368,61,14,28,157
23369,61,14,28,157
23370,61,14,28,157
23371,61,14,28,157
23372,61,14,28,157
23373,61,14,28,157
23374,61,14,28,157
23375,61,14,28,157
23376,61,14,28,157
23377,61,14,28,157
23378,61,14,28,157
23379,61,14,28,157
23380,61,14,28,157
23381,61,14,28,157
23382,61,14,28,157
23383,61,14,28,157
23384,61,14,28,157
23385,61,14,28,157
23386,61,14,28,157
23387,61,14,28,157
23388,61,14,28,157
23389,61,14,28,157
23390,61,14,28,157
23391,61,14,28,157
23392,61,14,28,157
23393,61,14,28,157
23394,61,14,28,157
23395,61,14,28,157
23396,61,14,28,157
23397,61,14,28,157
23398,61,14,28,157
23399,61,14,28,157
23400,61,14,28,157
23401,61,14,28,157
23402,61,14,28,157
23403,61,14,28,157
23404,61,14,28,157
23405,61,14,28,157
23406,61,14,28,157
23407,61,14,28,157
23408,61,14,28,157
23409,61,14,28,157
23410,61,14,28,157
23411,61,14,28,157
23412,61,14,28,157
23413,61,14,28,157
23414,61,14,28,157
23415,61,14,28,157
23416,61,14,28,157
23417,61,14,28,157
23418,61,14,28,157
23419,61,14,28,157
23420,61,14,28,157
23421,61,14,28,157
23422,61,14,28,157
23423,61,14,28,157
23424,61,14,28,157
23425,61,14,28,157
23426,61,14,28,157
23427,61,14,28,157
23428,61,14,28,157
23429,61,14,28,157
23430,61,14,28,157
23431,61,14,28,157
23432,61,14,28,157
23433,61,14,28,157
23434,61,14,28,157
23435,61,14,28,157
23436,61,14,28,157
23437,61,14,28,157
23438,61,14,28,157
23439,61,14,28,157
23440,61,14,28,157
23441,61,14,28,157
23442,61,14,28,157
23443,61,14,28,157
23444,61,14,28,157
23445,61,14,28,157
23446,61,14,28,157
23447,61,14,28,157
23448,61,14,28,157
23449,61,14,28,157
23450,61,14,28,157
23451,61,14,28,157
23452,61,14,28,157
23453,61,14,28,157
23454,61,14,28,157
23455,61,14,28,157
23456,61,14,28,157
23457,61,14,28,157
23458,61,14,28,157
23459,61,14,28,157
23460,61,14,28,157
23461,61,14,28,157
23462,61,14,28,157
23463,61,14,28,157
23464,61,14,28,157
23465,61,14,28,157
23466,61,14,28,157
23467,61,14,28,157
23468,61,14,28,157
23469,61,14,28,157
23470,61,14,28,157
23471,61,14,28,157
23472,61,14,28,157
23473,61,14,28,157
23474,61,14,28,157
23475,61,14,28,157
23476,61,14,28,157
23477,61,14,28,157
23478,61,14,28,157
23479,61,14,28,157
23480,61,14,28,157
23481,61,14,28,157
23482,61,14,28,157
23483,61,14,28,157
23484,61,14,28,157
23485,61,14,28,157
23486,61,14,28,157
23487,61,14,28,157
23488,61,14,28,157
23489,61,14,28,157
23490,61,14,28,157
23491,61,14,28,157
23492,61,14,28,157
23493,61,14,28,157
23494,61,14,28,157
23495,61,14,28,157
23496,61,14,28,157
23497,61,14,28,157
23498,61,14,28,157
23499,61,14,28,157
23500,61,14,28,157
23501,61,14,28,157
23502,61,14,28,157
23503,61,14,28,157
23504,61,14,28,157
23505,61,14,28,157
23506,61,14,28,157
23507,61,14,28,157
23508,61,14,28,157
23509,61,14,28,157
23510,61,14,28,157
23511,61,14,28,157
23512,61,14,28,157
23513,61,14,28,157
23514,61,14,28,157
23515,61,14,28,157
23516,61,14,28,157
23517,61,14,28,157
23518,61,14,28,157
23519,61,14,28,157
23520,61,14,28,157
23521,61,14,28,157
23522,61,14,28,157
23523,61,14,28,157
23524,61,14,28,157
23525,61,14,28,157
23526,61,14,28,157
23527,61,14,28,157
23528,61,14,28,157
23529,61,14,28,157
23530,61,14,28,157
23531,61,14,28,157
23532,61,14,28,157
23533,61,14,28,157
23534,61,14,28,157
23535,61,14,28,157
23536,61,14,28,157
23537,61,14,28,157
23538,61,14,28,157
23539,61,14,28,157
23540,61,14,28,157
23541,61,14,28,157
23542,61,14,28,157
23543,61,14,28,157
23544,61,14,28,157
23545,61,14,28,157
23546,61,14,28,157
23547,61,14,28,157
23548,61,14,28,157
23549,61,14,28,157
23550,61,14,28,157
23551,61,14,28,157
23552,61,14,28,157
23553,61,14,28,157
23554,61,14,28,157
23555,61,14,28,157
23556,61,14,28,157
23557,61,14,28,157
23558,61,14,28,157
23559,61,14,28,157
23560,61,14,28,157
23561,61,14,28,157
23562,61,14,28,157
23563,61,14,28,157
23564,61,14,28,157
23565,61,14,28,157
23566,61,14,28,157
23567,61,14,28,157
23568,61,14,28,157
23569,61,14,28,157
23570,61,14,28,157
23571,61,14,28,157
23572,61,14,28,157
23573,61,14,28,157
23574,61,14,28,157
23575,61,14,28,157
23576,61,14,28,157
23577,61,14,28,157
23578,61,14,28,157
23579,61,14,28,157
23580,61,14,28,158
23581,61,14,28,158
23582,61,14,28,158
23583,61,14,28,158
23584,61,14,28,158
23585,61,14,28,158
23586,61,14,28,158
23587,61,14,28,158
23588,61,14,28,158
23589,61,14,28,158
23590,61,14,28,158
23591,61,14,28,158
23592,61,14,28,158
23593,61,14,28,158
23594,61,14,28,158
23595,61,14,28,158
23596,61,14,28,158
23597,61,14,28,158
23598,61,14,28,158
23599,61,14,28,158
23600,61,14,28,158
23601,61,14,28,158
23602,61,14,28,158
23603,61,14,28,158
23604,61,14,28,158
23605,61,14,28,158
23606,61,14,28,158
23607,61,14,28,158
23608,61,14,28,158
23609,61,14,28,158
23610,61,14,28,158
23611,61,14,28,158
23612,61,14,28,158
23613,61,14,28,158
23614,61,14,28,158
23615,61,14,28,158
23616,61,14,28,158
23617,61,14,28,158
23618,61,14,28,158
23619,61,14,28,158
23620,61,14,28,158
23621,61,14,28,158
23622,61,14,28,158
23623,61,14,28,158
23624,61,14,28,158
23625,61,14,28,158
23626,61,14,28,158
23627,61,14,28,158
23628,61,14,28,158
23629,61,14,28,158
23630,61,14,28,158
23631,61,14,28,158
23632,61,14,28,158
23633,61,14,28,158
23634,61,14,28,158
23635,61,14,28,158
23636,61,14,28,158
23637,61,14,28,158
23638,61,14,28,158
23639,61,14,28,158
23640,61,14,28,158
23641,61,14,28,158
23642,61,14,28,158
23643,61,14,28,158
23644,61,14,28,158
23645,61,14,28,158
23646,61,14,28,158
23647,61,14,28,158
23648,61,14,28,158
23649,61,14,28,158
23650,61,14,28,158
23651,61,14,28,158
23652,61,14,28,158
23653,61,14,28,158
23654,61,14,28,158
23655,61,14,28,158
23656,61,14,28,158
23657,61,14,28,158
23658,61,14,28,158
23659,61,14,28,158
23660,61,14,28,158
23661,61,14,28,158
23662,61,14,28,158
23663,61,14,28,158
23664,61,14,28,158
23665,61,14,28,158
23666,61,14,28,158
23667,61,14,28,158
23668,61,14,28,158
23669,61,14,28,158
23670,61,14,28,158
23671,61,14,28,158
23672,61,14,28,158
23673,61,14,28,158
23674,61,14,28,158
23675,61,14,28,158
23676,61,14,28,158
23677,61,14,28,158
23678,61,14,28,158
23679,61,14,28,158
23680,61,14,28,158
23681,61,14,28,158
23682,61,14,28,158
23683,61,14,28,158
23684,61,14,28,158
23685,61,14,28,158
23686,61,14,28,158
23687,61,14,28,158
23688,61,14,28,158
23689,61,14,28,158
23690,61,14,28,158
23691,61,14,28,158
23692,61,14,28,158
23693,61,14,28,158
23694,61,14,28,158
23695,61,14,28,158
23696,61,14,28,158
23697,61,14,28,158
23698,61,14,28,158
23699,61,14,28,158
23700,61,14,28,158
23701,61,14,28,158
23702,61,14,28,158
23703,61,14,28,158
23704,61,14,28,158
23705,61,14,28,158
23706,61,14,28,158
23707,61,14,28,158
23708,61,14,28,158
23709,61,14,28,158
23710,61,14,28,158
23711,61,14,28,159
23712,61,14,28,159
23713,61,14,28,159
23714,61,14,28,159
23715,61,14,28,159
23716,61,14,28,159
23717,61,14,28,159
23718,61,14,28,159
23719,61,14,28,159
23720,61,14,28,159
23721,61,14,28,159
23722,61,14,28,159
23723,61,14,28,159
23724,61,14,28,159
23725,61,14,28,159
23726,61,14,28,159
23727,61,14,28,159
23728,61,14,28,159
23729,61,14,28,159
23730,61,14,28,159
23731,61,14,28,159
23732,61,14,28,159
23733,61,14,28,159
23734,61,14,28,159
23735,61,14,28,159
23736,61,14,28,159
23737,61,14,28,159
23738,61,14,28,159
23739,61,14,28,159
23740,61,14,28,159
23741,61,14,28,159
23742,61,14,28,159
23743,61,14,28,159
23744,61,14,28,159
23745,61,14,28,159
23746,61,14,28,159
23747,61,14,28,159
23748,61,14,28,159
23749,61,14,28,159
23750,61,14,28,159
23751,61,14,28,159
23752,61,14,28,159
23753,61,14,28,159
23754,61,14,28,159
23755,61,14,28,159
23756,61,14,28,159
23757,61,14,28,159
23758,61,14,28,159
23759,61,14,28,159
23760,61,14,28,159
23761,61,14,28,159
23762,61,14,28,159
23763,61,14,28,159
23764,61,14,28,159
23765,61,14,28,159
23766,61,14,28,159
23767,61,14,28,159
23768,61,14,28,159
23769,61,14,28,159
23770,61,14,28,159
23771,61,14,28,159
23772,61,14,28,159
23773,61,14,28,159
23774,61,14,28,159
23775,61,14,28,159
23776,61,14,28,159
23777,61,14,28,159
23778,61,14,28,159
23779,61,14,28,159
23780,61,14,28,159
23781,61,14,28,159
23782,61,14,28,159
23783,61,14,28,159
23784,61,14,28,159
23785,61,14,28,159
23786,61,14,28,159
23787,61,14,28,159
23788,61,14,28,159
23789,61,14,28,159
23790,61,14,28,159
23791,61,14,28,159
23792,61,14,28,159
23793,61,14,28,159
23794,61,14,28,159
23795,61,14,28,159
23796,61,14,28,159
23797,61,14,28,159
23798,61,14,28,159
23799,61,14,28,159
23800,61,14,28,159
23801,61,14,28,159
23802,61,14,28,159
23803,61,14,28,159
23804,61,14,28,159
23805,61,14,28,159
23806,61,14,28,159
23807,61,14,28,159
23808,61,14,28,159
23809,61,14,28,159
23810,61,14,28,159
23811,61,14,28,159
23812,61,14,28,159
23813,61,14,28,159
23814,61,14,28,159
23815,61,14,28,159
23816,61,14,28,159
23817,61,14,28,159
23818,61,14,28,159
23819,61,14,28,159
23820,61,14,28,159
23821,61,14,28,159
23822,61,14,28,159
23823,61,14,28,159
23824,61,14,28,159
23825,61,14,28,159
23826,61,14,28,159
23827,61,14,28,159
23828,61,14,28,159
23829,61,14,28,159
23830,61,14,28,159
23831,61,14,28,159
23832,61,14,28,159
23833,61,14,28,159
23834,61,14,28,159
23835,61,14,28,159
23836,61,14,28,159
23837,61,14,28,159
23838,61,14,28,159
23839,61,14,28,159
23840,61,14,28,159
23841,61,14,28,159
23842,61,14,28,159
23843,61,14,28,159
23844,61,14,28,159
23845,61,14,28,159
23846,61,14,28,159
23847,61,14,28,159
23848,61,14,28,159
23849,61,14,28,159
23850,61,14,28,159
23851,61,14,28,159
23852,61,14,28,159
23853,61,14,28,159
23854,61,14,28,159
23855,61,14,28,159
23856,61,14,28,159
23857,61,14,28,159
23858,61,14,28,159
23859,61,14,28,159
23860,61,14,28,159
23861,61,14,28,159
23862,61,14,28,159
23863,61,14,28,159
23864,61,14,28,159
23865,61,14,28,159
23866,61,14,28,159
23867,61,14,28,159
23868,61,14,28,159
23869,61,14,28,159
23870,61,14,28,159
23871,61,14,28,159
23872,61,14,28,159
23873,61,14,28,159
23874,61,14,28,159
23875,61,14,28,159
23876,61,14,28,159
23877,61,14,28,159
23878,61,14,28,159
23879,61,14,28,159
23880,61,14,28,159
23881,61,14,28,159
23882,61,14,28,159
23883,61,14,28,159
23884,61,14,28,159
23885,61,14,28,159
23886,61,14,28,159
23887,61,14,28,159
23888,61,14,28,159
23889,61,14,28,159
23890,61,14,28,159
23891,61,14,28,159
23892,61,14,28,159
23893,61,14,28,159
23894,61,14,28,159
23895,61,14,28,159
23896,61,14,28,159
23897,61,14,28,159
23898,61,14,28,159
23899,61,14,28,159
23900,61,14,28,159
23901,61,14,28,159
23902,61,14,28,159
23903,61,14,28,159
23904,61,14,28,159
23905,61,14,28,159
23906,61,14,28,159
23907,61,14,28,159
23908,61,14,28,159
23909,61,14,28,159
23910,61,14,28,159
23911,61,14,28,159
23912,61,14,28,159
23913,61,14,28,159
23914,61,14,28,159
23915,61,14,28,159
23916,61,14,28,159
23917,61,14,28,159
23918,61,14,28,159
23919,61,14,28,159
23920,61,14,28,159
23921,61,14,28,159
23922,61,14,28,159
23923,61,14,28,159
23924,61,14,28,159
23925,61,14,28,159
23926,61,14,28,159
23927,61,14,28,159
23928,61,14,28,159
23929,61,14,28,159
23930,61,14,28,159
23931,61,14,28,159
23932,61,14,28,159
23933,61,14,28,159
23934,61,14,28,159
23935,61,14,28,159
23936,61,14,28,159
23937,61,14,28,159
23938,61,14,28,159
23939,61,14,28,159
23940,61,14,28,159
23941,61,14,28,159
23942,61,14,28,159
23943,61,14,28,159
23944,61,14,28,159
23945,61,14,28,159
23946,61,14,28,159
23947,61,14,28,159
23948,61,14,28,159
23949,61,14,28,159
23950,61,14,28,159
23951,61,14,28,159
23952,61,14,28,159
23953,61,14,28,159
23954,61,14,28,159
23955,61,14,28,159
23956,61,14,28,159
23957,61,14,28,159
23958,61,14,28,159
23959,61,14,28,159
23960,61,14,28,159
23961,61,14,28,159
23962,61,14,28,159
23963,61,14,28,159
23964,61,14,28,159
23965,61,14,28,159
23966,61,14,28,159
23967,61,14,28,159
23968,61,14,28,159
23969,61,14,28,159
23970,61,14,28,159
23971,61,14,28,159
23972,61,14,28,159
23973,61,14,28,159
23974,61,14,28,159
23975,61,14,28,159
23976,61,14,28,159
23977,61,14,28,159
23978,61,14,28,159
23979,61,14,28,159
23980,61,14,28,159
23981,61,14,28,159
23982,61,14,28,159
23983,61,14,28,159
23984,61,14,28,159
23985,61,14,28,159
23986,61,14,28,159
23987,61,14,28,159
23988,61,14,28,159
23989,61,14,28,159
23990,61,14,28,159
23991,61,14,28,159
23992,61,14,28,159
23993,61,14,28,159
23994,61,14,28,159
23995,61,14,28,159
23996,61,14,28,159
23997,61,14,28,159
23998,61,14,28,159
23999,61,14,28,159
24000,61,14,28,159
24001,61,14,28,159
24002,61,14,28,159
24003,61,14,28,159
24004,61,14,28,159
24005,61,14,28,159
24006,61,14,28,159
24007,61,14,28,159
24008,61,14,28,159
24009,61,14,28,159
24010,61,14,28,159
24011,61,14,28,159
24012,61,14,28,159
24013,61,14,28,159
24014,61,14,28,159
24015,61,14,28,159
24016,61,14,28,159
24017,61,14,28,159
24018,61,14,28,159
24019,61,14,28,159
24020,61,14,28,159
24021,61,14,28,159
24022,61,14,28,159
24023,61,14,28,159
24024,61,14,28,159
24025,61,14,28,159
24026,61,14,28,159
24027,61,14,28,159
24028,61,14,28,159
24029,61,14,28,159
24030,61,14,28,159
24031,61,14,28,159
24032,61,14,28,159
24033,61,14,28,159
24034,61,14,28,159
24035,61,14,28,159
24036,61,14,28,159
24037,61,14,28,159
24038,61,14,28,159
24039,61,14,28,159
24040,61,14,28,159
24041,61,14,28,159
24042,61,14,28,159
24043,61,14,28,159
24044,61,14,28,159
24045,61,14,28,159
24046,61,14,28,159
24047,61,14,28,159
24048,61,14,28,159
24049,61,14,28,159
24050,61,14,28,159
24051,61,14,28,159
24052,61,14,28,159
24053,61,14,28,159
24054,61,14,28,159
24055,61,14,28,159
24056,61,14,28,159
24057,61,14,28,159
24058,61,14,28,159
24059,61,14,28,159
24060,61,14,28,159
24061,61,14,28,159
24062,61,14,28,159
24063,61,14,28,159
24064,61,14,28,159
24065,61,14,28,159
24066,61,14,28,159
24067,61,14,28,159
24068,61,14,28,159
24069,61,14,28,159
24070,61,14,28,159
24071,61,14,28,159
24072,61,14,28,159
24073,61,14,28,159
24074,61,14,28,159
24075,61,14,28,159
24076,61,14,28,159
24077,61,14,28,159
24078,61,14,28,159
24079,61,14,28,159
24080,61,14,28,159
24081,61,14,28,159
24082,61,14,28,159
24083,61,14,28,159
24084,61,14,28,159
24085,61,14,28,159
24086,61,14,28,159
24087,61,14,28,159
24088,61,14,28,159
24089,61,14,28,159
24090,61,14,28,159
24091,61,14,28,159
24092,61,14,28,159
24093,61,14,28,159
24094,61,14,28,159
24095,61,14,28,159
24096,61,14,28,159
24097,61,14,28,160
24098,61,14,28,160
24099,61,14,28,160
24100,61,14,28,160
24101,61,14,28,160
24102,61,14,28,160
24103,61,14,28,160
24104,61,14,28,160
24105,61,14,28,160
24106,61,14,28,160
24107,61,14,28,160
24108,61,14,28,160
24109,61,14,28,160
24110,61,14,28,160
24111,61,14,28,160
24112,61,14,28,160
24113,61,14,28,160
24114,61,14,28,160
24115,61,14,28,160
24116,61,14,28,160
24117,61,14,28,160
24118,61,14,28,160
24119,61,14,28,160
24120,61,14,28,160
24121,61,14,28,160
24122,61,14,28,160
24123,61,14,28,160
24124,61,14,28,160
24125,61,14,28,160
24126,61,14,28,160
24127,61,14,28,160
24128,61,14,28,160
24129,61,14,28,160
24130,61,14,28,160
24131,61,14,28,160
24132,61,14,28,160
24133,61,14,28,160
24134,61,14,28,160
24135,61,14,28,160
24136,61,14,28,160
24137,61,14,28,160
24138,61,14,28,160
24139,61,14,28,160
24140,61,14,28,160
24141,61,14,28,160
24142,61,14,28,160
24143,61,14,28,160
24144,61,14,28,160
24145,61,14,28,160
24146,61,14,28,160
24147,61,14,28,160
24148,61,14,28,160
24149,61,14,28,160
24150,61,14,28,160
24151,61,14,28,160
24152,61,14,28,160
24153,61,14,28,160
24154,61,14,28,160
24155,61,14,28,160
24156,61,14,28,160
24157,61,14,28,160
24158,61,14,28,160
24159,61,14,28,160
24160,61,14,28,160
24161,61,14,28,160
24162,61,14,28,160
24163,61,14,28,161
24164,61,14,28,161
24165,61,14,28,161
24166,61,14,28,161
24167,61,14,28,161
24168,61,14,28,161
24169,61,14,28,161
24170,61,14,28,161
24171,61,14,28,161
24172,61,14,28,161
24173,61,14,28,161
24174,61,14,28,161
24175,61,14,28,161
24176,61,14,28,161
24177,61,14,28,161
24178,61,14,28,161
24179,61,14,28,161
24180,61,14,28,161
24181,61,14,28,161
24182,61,14,28,161
24183,61,14,28,161
24184,61,14,28,161
24185,61,14,28,161
24186,61,14,28,161
24187,61,14,28,161
24188,61,14,28,161
24189,61,14,28,161
24190,61,14,28,161
24191,61,14,28,161
24192,61,14,28,161
24193,61,14,28,161
24194,61,14,28,161
24195,61,14,28,161
24196,61,14,28,161
24197,61,14,28,161
24198,61,14,28,161
24199,61,14,28,161
24200,61,14,28,161
24201,61,14,28,161
24202,61,14,28,161
24203,61,14,28,161
24204,61,14,28,161
24205,61,14,28,161
24206,61,14,28,161
24207,61,14,28,161
24208,61,14,28,161
24209,61,14,28,161
24210,61,14,28,161
24211,61,14,28,161
24212,61,14,28,161
24213,61,14,28,161
24214,61,14,28,161
24215,61,14,28,161
24216,61,14,28,161
24217,61,14,28,161
24218,61,14,28,161
24219,61,14,28,161
24220,61,14,28,161
24221,61,14,28,161
24222,61,14,28,161
24223,61,14,28,161
24224,61,14,28,162
24225,61,14,28,162
24226,61,14,28,162
24227,61,14,28,162
24228,61,14,28,162
24229,61,14,28,162
24230,61,14,28,162
24231,61,14,28,162
24232,61,14,28,162
24233,61,14,28,162
24234,61,14,28,162
24235,61,14,28,162
24236,61,14,28,162
24237,61,14,28,162
24238,61,14,28,162
24239,61,14,28,162
24240,61,14,28,162
24241,61,14,28,162
24242,61,14,28,162
24243,61,14,28,162
24244,61,14,28,162
24245,61,14,28,162
24246,61,14,28,162
24247,61,14,28,162
24248,61,14,28,162
24249,61,14,28,162
24250,61,14,28,163
24251,61,14,28,163
24252,61,14,28,163
24253,61,14,28,163
24254,61,14,28,163
24255,61,14,28,163
24256,61,14,28,163
24257,61,14,28,163
24258,61,14,28,163
24259,61,14,28,163
24260,61,14,28,163
24261,61,14,28,163
24262,61,14,28,163
24263,61,14,28,163
24264,61,14,28,163
24265,61,14,28,163
24266,61,14,28,163
24267,61,14,28,163
24268,61,14,28,163
24269,61,14,28,163
24270,61,14,28,163
24271,61,14,28,163
24272,61,14,28,163
24273,61,14,28,163
24274,61,14,28,163
24275,61,14,28,163
24276,61,14,28,163
24277,61,14,28,163
24278,61,14,28,163
24279,61,14,28,163
24280,61,14,28,163
24281,61,14,28,163
24282,61,14,28,163
24283,61,14,28,163
24284,61,14,28,163
24285,61,14,28,163
24286,61,14,28,163
24287,61,14,28,163
24288,61,14,28,163
24289,61,14,28,163
24290,61,14,28,163
24291,61,14,28,163
24292,61,14,28,163
24293,61,14,28,163
24294,61,14,28,163
24295,61,14,28,163
24296,61,14,28,163
24297,61,14,28,163
24298,61,14,28,163
24299,61,14,28,163
24300,61,14,28,163
24301,61,14,28,163
24302,61,14,28,163
24303,61,14,28,163
24304,61,14,28,163
24305,61,14,28,163
24306,61,14,28,163
24307,61,14,28,163
24308,61,14,28,163
24309,61,14,28,163
24310,61,14,28,163
24311,61,14,28,163
24312,61,14,28,163
24313,61,14,28,163
24314,61,14,28,163
24315,61,14,28,163
24316,61,14,28,163
24317,61,14,28,163
24318,61,14,28,163
24319,61,14,28,163
24320,61,14,28,163
24321,61,14,28,163
24322,61,14,28,163
24323,61,14,28,163
24324,61,14,28,163
24325,61,14,28,163
24326,61,14,28,163
24327,61,14,28,163
24328,61,14,28,163
24329,61,14,28,163
24330,61,14,28,163
24331,61,14,28,163
24332,61,14,28,163
24333,61,14,28,163
24334,61,14,28,163
24335,61,14,28,163
24336,61,14,28,163
24337,61,14,28,163
24338,61,14,28,163
24339,61,14,28,163
24340,61,14,28,163
24341,61,14,28,163
24342,61,14,28,163
24343,61,14,28,163
24344,61,14,28,163
24345,61,14,28,163
24346,61,14,28,163
24347,61,14,28,163
24348,61,14,28,163
24349,61,14,28,163
24350,61,14,28,163
24351,61,14,28,163
24352,61,14,28,163
24353,61,14,28,163
24354,61,14,28,163
24355,61,14,28,163
24356,61,14,28,163
24357,61,14,28,163
24358,61,14,28,163
24359,61,14,28,163
24360,61,14,28,163
24361,61,14,28,163
24362,61,14,28,163
24363,61,14,28,163
24364,61,14,28,163
24365,61,14,28,163
24366,61,14,28,163
24367,61,14,28,163
24368,61,14,28,163
24369,61,14,28,163
24370,61,14,28,163
24371,61,14,28,163
24372,61,14,28,163
24373,61,14,28,163
24374,61,14,28,163
24375,61,14,28,163
24376,61,14,28,163
24377,61,14,28,163
24378,61,14,28,163
24379,61,14,28,163
24380,61,14,28,163
24381,61,14,28,163
24382,61,14,28,163
24383,61,14,28,163
24384,61,14,28,163
24385,61,14,28,163
24386,61,14,28,163
24387,61,14,28,163
24388,61,14,28,163
24389,61,14,28,163
24390,61,14,28,163
24391,61,14,28,163
24392,61,14,28,163
24393,61,14,28,163
24394,61,14,28,163
24395,61,14,28,163
24396,61,14,28,163
24397,61,14,28,163
24398,61,14,28,163
24399,61,14,28,163
24400,61,14,28,163
24401,61,14,28,163
24402,61,14,28,163
24403,61,14,28,163
24404,61,14,28,163
24405,61,14,28,163
24406,61,14,28,163
24407,61,14,28,163
24408,61,14,28,163
24409,61,14,28,163
24410,61,14,28,163
24411,61,14,28,163
24412,61,14,28,163
24413,61,14,28,163
24414,61,14,28,163
24415,61,14,28,163
24416,61,14,28,163
24417,61,14,28,163
24418,61,14,28,163
24419,61,14,28,163
24420,61,14,28,163
24421,61,14,28,163
24422,61,14,28,163
24423,61,14,28,163
24424,61,14,28,163
24425,61,14,28,163
24426,61,14,28,163
24427,61,14,28,163
24428,61,14,28,163
24429,61,14,28,163
24430,61,14,28,163
24431,61,14,28,163
24432,61,14,28,163
24433,61,14,28,163
24434,61,14,28,163
24435,61,14,28,163
24436,61,14,28,163
24437,61,14,28,163
24438,61,14,28,163
24439,61,14,28,163
24440,61,14,28,163
24441,61,14,28,163
24442,61,14,28,163
24443,61,14,28,163
24444,61,14,28,163
24445,61,14,28,163
24446,61,14,28,163
24447,61,14,28,163
24448,61,14,28,163
24449,61,14,28,163
24450,61,14,28,163
24451,61,14,28,163
24452,61,14,28,163
24453,61,14,28,163
24454,61,14,28,163
24455,61,14,28,163
24456,61,14,28,163
24457,61,14,28,163
24458,61,14,28,163
24459,61,14,28,163
24460,61,14,28,163
24461,61,14,28,163
24462,61,14,28,163
24463,61,14,28,163
24464,61,14,28,163
24465,61,14,28,163
24466,61,14,28,163
24467,61,14,28,163
24468,61,14,28,163
24469,61,14,28,163
24470,61,14,28,163
24471,61,14,28,163
24472,61,14,28,163
24473,61,14,28,163
24474,61,14,28,163
24475,61,14,28,163
24476,61,14,28,163
24477,61,14,28,163
24478,61,14,28,163
24479,61,14,28,163
24480,61,14,28,163
24481,61,14,28,163
24482,61,14,28,163
24483,61,14,28,163
24484,61,14,28,163
24485,61,14,28,163
24486,61,14,28,163
24487,61,14,28,163
24488,61,14,28,163
24489,61,14,28,163
24490,61,14,28,164
24491,61,14,28,164
24492,61,14,28,164
24493,61,14,28,164
24494,61,14,28,164
24495,61,14,28,164
24496,61,14,28,164
24497,61,14,28,164
24498,61,14,28,164
24499,61,14,28,164
24500,61,14,28,164
24501,61,14,28,164
24502,61,14,28,164
24503,61,14,28,164
24504,61,14,28,164
24505,61,14,28,164
24506,61,14,28,164
24507,61,14,28,164
24508,61,14,28,164
24509,61,14,28,164
24510,61,14,28,164
24511,61,14,28,164
24512,61,14,28,164
24513,61,14,28,164
24514,61,14,28,164
24515,61,14,28,164
24516,61,14,28,164
24517,61,14,28,164
24518,61,14,28,164
24519,61,14,28,164
24520,61,14,28,164
24521,61,14,28,164
24522,61,14,28,164
24523,61,14,28,164
24524,61,14,28,164
24525,61,14,28,164
24526,61,14,28,164
24527,61,14,28,164
24528,61,14,28,164
24529,61,14,28,164
24530,61,14,28,164
24531,61,14,28,164
24532,61,14,28,164
24533,61,14,28,164
24534,61,14,28,164
24535,61,14,28,164
24536,61,14,28,164
24537,61,14,28,164
24538,61,14,28,164
24539,61,14,28,164
24540,61,14,28,164
24541,61,14,28,164
24542,61,14,28,164
24543,61,14,28,164
24544,61,14,28,164
24545,61,14,28,164
24546,61,14,28,164
24547,61,14,28,164
24548,61,14,28,164
24549,61,14,28,164
24550,61,14,28,164
24551,61,14,28,164
24552,61,14,28,164
24553,61,14,28,164
24554,61,14,28,164
24555,61,14,28,164
24556,61,14,28,164
24557,61,14,28,164
24558,61,14,28,164
24559,61,14,28,164
24560,61,14,28,164
24561,61,14,28,164
24562,61,14,28,164
24563,61,14,28,164
24564,61,14,28,164
24565,61,14,28,164
24566,61,14,28,164
24567,61,14,28,164
24568,61,14,28,164
24569,61,14,28,164
24570,61,14,28,164
24571,61,14,28,164
24572,61,14,28,164
24573,61,14,28,164
24574,61,14,28,164
24575,61,14,28,164
24576,61,14,28,164
24577,61,14,28,164
24578,61,14,28,164
24579,61,14,28,164
24580,61,14,28,164
24581,61,14,28,164
24582,61,14,28,164
24583,61,14,28,164
24584,61,14,28,164
24585,61,14,28,164
24586,61,14,28,164
24587,61,14,28,164
24588,61,14,28,164
24589,61,14,28,164
24590,61,14,28,164
24591,61,14,28,164
24592,61,14,28,164
24593,61,14,28,164
24594,61,14,28,164
24595,61,14,28,164
24596,61,14,28,164
24597,61,14,28,164
24598,61,14,28,164
24599,61,14,28,164
24600,61,14,28,164
24601,61,14,28,164
24602,61,14,28,164
24603,61,14,28,164
24604,61,14,28,164
24605,61,14,28,164
24606,61,14,28,164
24607,61,14,28,164
24608,61,14,28,164
24609,61,14,28,164
24610,61,14,28,164
24611,61,14,28,164
24612,61,14,28,164
24613,61,14,28,164
24614,61,14,28,164
24615,61,14,28,164
24616,61,14,28,164
24617,61,14,28,164
24618,61,14,28,164
24619,61,14,28,164
24620,61,14,28,164
24621,61,14,28,164
24622,61,14,28,164
24623,61,14,28,164
24624,61,14,28,164
24625,61,14,28,164
24626,61,14,28,164
24627,61,14,28,164
24628,61,14,28,164
24629,61,14,28,164
24630,61,14,28,164
24631,61,14,28,164
24632,61,14,28,164
24633,61,14,28,164
24634,61,14,28,164
24635,61,14,28,164
24636,61,14,28,164
24637,61,14,28,164
24638,61,14,28,164
24639,61,14,28,164
24640,61,14,28,164
24641,61,14,28,164
24642,61,14,28,164
24643,61,14,28,164
24644,61,14,28,164
24645,61,14,28,164
24646,61,14,28,164
24647,61,14,28,164
24648,61,14,28,164
24649,61,14,28,164
24650,61,14,28,164
24651,61,14,28,164
24652,61,14,28,164
24653,61,14,28,164
24654,61,14,28,164
24655,61,14,28,164
24656,61,14,28,164
24657,61,14,28,164
24658,61,14,28,164
24659,61,14,28,164
24660,61,14,28,164
24661,61,14,28,164
24662,61,14,28,164
24663,61,14,28,164
24664,61,14,28,164
24665,61,14,28,164
24666,61,14,28,164
24667,61,14,28,164
24668,61,14,28,164
24669,61,14,28,164
24670,61,14,28,164
24671,61,14,28,164
24672,61,14,28,164
24673,61,14,28,164
24674,61,14,28,164
24675,61,14,28,164
24676,61,14,28,164
24677,61,14,28,164
24678,61,14,28,164
24679,61,14,28,164
24680,61,14,28,164
24681,61,14,28,164
24682,61,14,28,164
24683,61,14,28,164
24684,61,14,28,164
24685,61,14,28,164
24686,61,14,28,164
24687,61,14,28,164
24688,61,14,28,164
24689,61,14,28,164
24690,61,14,28,164
24691,61,14,28,164
24692,61,14,28,164
24693,61,14,28,164
24694,61,14,28,164
24695,61,14,28,164
24696,61,14,28,164
24697,61,14,28,164
24698,61,14,28,164
24699,61,14,28,164
24700,61,14,28,164
24701,61,14,28,164
24702,61,14,28,164
24703,61,14,28,164
24704,61,14,28,164
24705,61,14,28,164
24706,61,14,28,164
24707,61,14,28,164
24708,61,14,28,164
24709,61,14,28,164
24710,61,14,28,164
24711,61,14,28,164
24712,61,14,28,164
24713,61,14,28,164
24714,61,14,28,164
24715,61,14,28,164
24716,61,14,28,164
24717,61,14,28,164
24718,61,14,28,164
24719,61,14,28,164
24720,61,14,28,164
24721,61,14,28,164
24722,61,14,28,164
24723,61,14,28,164
24724,61,14,28,164
24725,61,14,28,164
24726,61,14,28,164
24727,61,14,28,164
24728,61,14,28,164
24729,61,14,28,164
24730,61,14,28,165
24731,61,14,28,165
24732,61,14,28,165
24733,61,14,28,165
24734,61,14,28,165
24735,61,14,28,165
24736,61,14,28,165
24737,61,14,28,165
24738,61,14,28,165
24739,61,14,28,165
24740,61,14,28,165
24741,61,14,28,165
24742,61,14,28,165
24743,61,14,28,165
24744,61,14,28,165
24745,61,14,28,165
24746,61,14,28,165
24747,61,14,28,165
24748,61,14,28,165
24749,61,14,28,165
24750,61,14,28,165
24751,61,14,28,165
24752,61,14,28,165
24753,61,14,28,165
24754,61,14,28,165
24755,61,14,28,165
24756,61,14,28,165
24757,61,14,28,165
24758,61,14,28,165
24759,61,14,28,165
24760,61,14,28,165
24761,61,14,28,165
24762,61,14,28,165
24763,61,14,28,165
24764,61,14,28,165
24765,61,14,28,165
24766,61,14,28,165
24767,61,14,28,165
24768,61,14,28,165
24769,61,14,28,165
24770,61,14,28,165
24771,61,14,28,165
24772,61,14,28,165
24773,61,14,28,165
24774,61,14,28,165
24775,61,14,28,165
24776,61,14,28,165
24777,61,14,28,165
24778,61,14,28,165
24779,61,14,28,165
24780,61,14,28,165
24781,61,14,28,165
24782,61,14,28,165
24783,61,14,28,165
24784,61,14,28,165
24785,61,14,28,165
24786,61,14,28,165
24787,61,14,28,165
24788,61,14,28,165
24789,61,14,28,165
24790,61,14,28,165
24791,61,14,28,165
24792,61,14,28,165
24793,61,14,28,165
24794,61,14,28,165
24795,61,14,28,165
24796,61,14,28,165
24797,61,14,28,165
24798,61,14,28,165
24799,61,14,28,165
24800,61,14,28,165
24801,61,14,28,165
24802,61,14,28,165
24803,61,14,28,165
24804,61,14,28,165
24805,61,14,28,165
24806,61,14,28,165
24807,61,14,28,165
24808,61,14,28,165
24809,61,14,28,165
24810,61,14,28,165
24811,61,14,28,165
24812,61,14,28,165
24813,61,14,28,165
24814,61,14,28,165
24815,61,14,28,165
24816,61,14,28,165
24817,61,14,28,165
24818,61,14,28,165
24819,61,14,28,165
24820,61,14,28,165
24821,61,14,28,165
24822,61,14,28,165
24823,61,14,28,165
24824,61,14,28,165
24825,61,14,28,165
24826,61,14,28,165
24827,61,14,28,165
24828,61,14,28,165
24829,61,14,28,165
24830,61,14,28,165
24831,61,14,28,166
24832,61,14,28,166
24833,61,14,28,166
24834,61,14,28,166
24835,61,14,28,166
24836,61,14,28,166
24837,61,14,28,166
24838,61,14,28,166
24839,61,14,28,166
24840,61,14,28,166
24841,61,14,28,166
24842,61,14,28,166
24843,61,14,28,166
24844,61,14,28,166
24845,61,14,28,166
24846,61,14,28,166
24847,61,14,28,166
24848,61,14,28,166
24849,61,14,28,166
24850,61,14,28,166
24851,61,14,28,166
24852,61,14,28,166
24853,61,14,28,166
24854,61,14,28,166
24855,61,14,28,166
24856,61,14,28,166
24857,61,14,28,166
24858,61,14,28,166
24859,61,14,28,166
24860,61,14,28,166
24861,61,14,28,166
24862,61,14,28,166
24863,61,14,28,166
24864,61,14,28,166
24865,61,14,28,166
24866,61,14,28,166
24867,61,14,28,166
24868,61,14,28,166
24869,61,14,28,166
24870,61,14,28,166
24871,61,14,28,166
24872,61,14,28,166
24873,61,14,28,166
24874,61,14,28,166
24875,61,14,28,166
24876,61,14,28,166
24877,61,14,28,166
24878,61,14,28,166
24879,61,14,28,166
24880,61,14,28,166
24881,61,14,28,166
24882,61,14,28,166
24883,61,14,28,166
24884,61,14,28,166
24885,61,14,28,166
24886,61,14,28,166
24887,61,14,28,166
24888,61,14,28,166
24889,61,14,28,166
24890,61,14,28,166
24891,61,14,28,166
24892,61,14,28,166
24893,61,14,28,166
24894,61,14,28,166
24895,61,14,28,166
24896,61,14,28,166
24897,61,14,28,166
24898,61,14,28,166
24899,61,14,28,166
24900,61,14,28,166
24901,61,14,28,166
24902,61,14,28,166
24903,61,14,28,166
24904,61,14,28,166
24905,61,14,28,166
24906,61,14,28,166
24907,61,14,28,166
24908,61,14,28,166
24909,61,14,28,166
24910,61,14,28,166
24911,61,14,28,166
24912,61,14,28,166
24913,61,14,28,166
24914,61,14,28,166
24915,61,14,28,166
24916,61,14,28,166
24917,61,14,28,166
24918,61,14,28,166
24919,61,14,28,166
24920,61,14,28,166
24921,61,14,28,166
24922,61,14,28,166
24923,61,14,28,166
24924,61,14,28,166
24925,61,14,28,166
24926,61,14,28,166
24927,61,14,28,166
24928,61,14,28,166
24929,61,14,28,166
24930,61,14,28,166
24931,61,14,28,166
24932,61,14,28,166
24933,61,14,28,166
24934,61,14,28,166
24935,61,14,28,166
24936,61,14,28,166
24937,61,14,28,166
24938,61,14,28,166
24939,61,14,28,166
24940,61,14,28,166
24941,61,14,28,166
24942,61,14,28,166
24943,61,14,28,166
24944,61,14,28,166
24945,61,14,28,166
24946,61,14,28,166
24947,61,14,28,166
24948,61,14,28,166
24949,61,14,28,166
24950,61,14,28,167
24951,61,14,28,167
24952,61,14,28,167
24953,61,14,28,167
24954,61,14,28,167
24955,61,14,28,167
24956,61,14,28,167
24957,61,14,28,167
24958,61,14,28,167
24959,61,14,28,167
24960,61,14,28,167
24961,61,14,28,167
24962,61,14,28,167
24963,61,14,28,167
24964,61,14,28,167
24965,61,14,28,167
24966,61,14,28,167
24967,61,14,28,167
24968,61,14,28,167
24969,61,14,28,167
24970,61,14,28,167
24971,61,14,28,167
24972,61,14,28,167
24973,61,14,28,167
24974,61,14,28,167
24975,61,14,28,167
24976,61,14,28,167
24977,61,14,28,167
24978,61,14,28,167
24979,61,14,28,167
24980,61,14,28,167
24981,61,14,28,167
24982,61,14,28,167
24983,61,14,28,167
24984,61,14,28,167
24985,61,14,28,167
24986,61,14,28,167
24987,61,14,28,167
24988,61,14,28,167
24989,61,14,28,167
24990,61,14,28,167
24991,61,14,28,167
24992,61,14,28,167
24993,61,14,28,167
24994,61,14,28,167
24995,61,14,28,167
24996,61,14,28,167
24997,61,14,28,167
24998,61,14,28,167
24999,61,14,28,167
25000,61,14,28,167
