iteration,coverage,max_depth,corpus_size,crashes
0,41,14,6,0
1,33,14,7,0
2,34,14,8,0
3,34,14,8,0
4,35,14,9,0
5,35,14,9,0
6,35,14,9,0
7,36,14,10,0
8,36,14,10,0
9,36,14,10,0
10,36,14,10,0
11,36,14,10,0
12,36,14,10,0
13,36,14,10,0
14,36,14,10,0
15,36,14,10,0
16,37,14,11,0
17,37,14,11,0
18,37,14,11,0
19,37,14,11,0
20,37,14,11,0
21,37,14,11,0
22,37,14,11,0
23,37,14,11,0
24,37,14,11,0
25,37,14,11,0
26,37,14,11,0
27,37,14,11,0
28,37,14,11,0
29,37,14,11,0
30,38,14,12,0
31,38,14,12,0
32,38,14,12,0
33,38,14,12,0
34,38,14,12,0
35,38,14,12,0
36,38,14,12,0
37,38,14,12,0
38,38,14,12,0
39,38,14,12,0
40,39,14,13,0
41,39,14,13,0
42,39,14,13,0
43,39,14,13,0
44,40,14,14,0
45,40,14,14,0
46,40,14,14,0
47,40,14,14,0
48,40,14,14,0
49,40,14,14,0
50,40,14,14,0
51,40,14,14,0
52,40,14,14,0
53,40,14,14,0
54,40,14,14,0
55,40,14,14,0
56,40,14,14,0
57,40,14,14,0
58,40,14,14,0
59,40,14,14,0
60,40,14,14,0
61,40,14,14,0
62,40,14,14,0
63,40,14,14,0
64,40,14,14,0
65,40,14,14,0
66,40,14,14,0
67,40,14,14,0
68,40,14,14,0
69,40,14,14,0
70,40,14,14,0
71,40,14,14,0
72,40,14,14,0
73,40,14,14,0
74,40,14,14,0
75,40,14,14,0
76,40,14,14,0
77,40,14,14,0
78,40,14,14,0
79,40,14,14,0
80,40,14,14,0
81,40,14,14,0
82,40,14,14,0
83,40,14,14,0
84,40,14,14,0
85,40,14,14,0
86,40,14,14,0
87,40,14,14,0
88,40,14,14,0
89,40,14,14,0
90,40,14,14,0
91,40,14,14,0
92,40,14,14,0
93,40,14,14,0
94,40,14,14,0
95,40,14,14,0
96,40,14,14,0
97,40,14,14,0
98,40,14,14,0
99,40,14,14,0
100,40,14,14,0
101,40,14,14,0
102,40,14,14,0
103,40,14,14,0
104,40,14,14,0
105,40,14,14,0
106,40,14,14,0
107,40,14,14,0
108,40,14,14,0
109,40,14,14,0
110,40,14,14,0
111,40,14,14,0
112,40,14,14,0
113,40,14,14,0
114,40,14,14,0
115,40,14,14,0
116,40,14,14,0
117,40,14,14,0
118,40,14,14,0
119,40,14,14,0
120,40,14,14,0
121,40,14,14,0
122,40,14,14,0
123,40,14,14,0
124,40,14,14,0
125,40,14,14,0
126,40,14,14,0
127,40,14,14,0
128,40,14,14,0
129,40,14,14,0
130,40,14,14,0
131,40,14,14,0
132,40,14,14,0
133,40,14,14,0
134,40,14,14,0
135,40,14,14,0
136,40,14,14,0
137,40,14,14,0
138,40,14,14,0
139,40,14,14,0
140,40,14,14,0
141,40,14,14,0
142,40,14,14,0
143,40,14,14,0
144,40,14,14,0
145,40,14,14,0
146,40,14,14,0
147,40,14,14,0
148,40,14,14,0
149,40,14,14,0
150,40,14,14,0
151,40,14,14,0
152,40,14,14,0
153,40,14,14,0
154,40,14,14,0
155,40,14,14,0
156,40,14,14,0
157,40,14,14,0
158,40,14,14,0
159,40,14,14,0
160,40,14,14,0
161,40,14,14,0
162,40,14,14,0
163,40,14,14,0
164,40,14,14,0
165,41,14,15,0
166,41,14,15,0
167,41,14,15,0
168,41,14,15,0
169,41,14,15,0
170,41,14,15,0
171,41,14,15,0
172,41,14,15,0
173,41,14,15,0
174,41,14,15,0
175,41,14,15,0
176,41,14,15,0
177,41,14,15,0
178,41,14,15,0
179,41,14,15,0
180,41,14,15,0
181,41,14,15,0
182,41,14,15,0
183,41,14,15,0
184,41,14,15,0
185,41,14,15,0
186,41,14,15,0
187,41,14,15,0
188,41,14,15,0
189,41,14,15,0
190,41,14,15,0
191,41,14,15,0
192,41,14,15,0
193,41,14,15,0
194,41,14,15,0
195,41,14,15,0
196,41,14,15,0
197,41,14,15,0
198,41,14,15,0
199,41,14,15,0
200,41,14,15,0
201,41,14,15,0
202,41,14,15,0
203,41,14,15,0
204,41,14,15,0
205,41,14,15,0
206,41,14,15,0
207,41,14,15,0
208,41,14,15,0
209,41,14,15,0
210,41,14,15,0
211,41,14,15,0
212,41,14,15,0
213,41,14,15,0
214,41,14,15,0
215,41,14,15,0
216,41,14,15,0
217,41,14,15,0
218,41,14,15,0
219,41,14,15,0
220,41,14,15,0
221,41,14,15,0
222,41,14,15,0
223,41,14,15,0
224,41,14,15,0
225,41,14,15,0
226,41,14,15,0
227,41,14,15,0
228,41,14,15,0
229,41,14,15,0
230,41,14,15,0
231,41,14,15,0
232,41,14,15,0
233,41,14,15,0
234,41,14,15,0
235,41,14,15,0
236,41,14,15,0
237,41,14,15,0
238,41,14,15,0
239,41,14,15,0
240,41,14,15,0
241,41,14,15,0
242,41,14,15,0
243,41,14,15,0
244,41,14,15,0
245,41,14,15,0
246,41,14,15,0
247,41,14,15,0
248,41,14,15,0
249,41,14,15,0
250,41,14,15,0
251,41,14,15,0
252,41,14,15,0
253,41,14,15,0
254,41,14,15,0
255,41,14,15,0
256,41,14,15,0
257,41,14,15,0
258,41,14,15,0
259,41,14,15,0
260,41,14,15,0
261,41,14,15,0
262,42,14,16,0
263,42,14,16,0
264,42,14,16,0
265,42,14,16,0
266,42,14,16,0
267,42,14,16,0
268,42,14,16,0
269,42,14,16,0
270,42,14,16,0
271,42,14,16,0
272,42,14,16,0
273,42,14,16,0
274,42,14,16,0
275,42,14,16,0
276,42,14,16,0
277,42,14,16,0
278,42,14,16,0
279,42,14,16,0
280,42,14,16,0
281,42,14,16,0
282,42,14,16,0
283,42,14,16,0
284,42,14,16,0
285,42,14,16,0
286,42,14,16,0
287,42,14,16,0
288,42,14,16,0
289,42,14,16,0
290,42,14,16,0
291,42,14,16,0
292,42,14,16,0
293,42,14,16,0
294,42,14,16,0
295,42,14,16,0
296,42,14,16,0
297,42,14,16,0
298,42,14,16,0
299,42,14,16,0
300,42,14,16,0
301,43,14,17,0
302,43,14,17,0
303,43,14,17,0
304,43,14,17,0
305,43,14,17,0
306,43,14,17,0
307,43,14,17,0
308,43,14,17,0
309,43,14,17,0
310,43,14,17,0
311,43,14,17,0
312,43,14,17,0
313,43,14,17,0
314,43,14,17,0
315,43,14,17,0
316,43,14,17,0
317,43,14,17,0
318,43,14,17,0
319,43,14,17,0
320,43,14,17,0
321,43,14,17,0
322,43,14,17,0
323,43,14,17,0
324,43,14,17,0
325,43,14,17,0
326,43,14,17,0
327,43,14,17,0
328,43,14,17,0
329,43,14,17,0
330,43,14,17,0
331,43,14,17,0
332,43,14,17,0
333,43,14,17,0
334,43,14,17,0
335,43,14,17,0
336,43,14,17,0
337,43,14,17,0
338,43,14,17,0
339,43,14,17,0
340,43,14,17,0
341,43,14,17,0
342,43,14,17,0
343,43,14,17,0
344,43,14,17,0
345,43,14,17,0
346,43,14,17,0
347,43,14,17,0
348,43,14,17,0
349,43,14,17,0
350,43,14,17,0
351,43,14,17,0
352,43,14,17,0
353,43,14,17,0
354,43,14,17,0
355,43,14,17,0
356,43,14,17,0
357,43,14,17,0
358,43,14,17,0
359,43,14,17,0
360,43,14,17,0
361,43,14,17,0
362,43,14,17,0
363,43,14,17,0
364,43,14,17,0
365,43,14,17,0
366,43,14,17,0
367,43,14,17,0
368,43,14,17,0
369,43,14,17,0
370,43,14,17,0
371,43,14,17,0
372,43,14,17,0
373,43,14,17,0
374,43,14,17,0
375,43,14,17,0
376,43,14,17,0
377,43,14,17,0
378,43,14,17,0
379,43,14,17,0
380,43,14,17,0
381,43,14,17,0
382,43,14,17,0
383,43,14,17,0
384,43,14,17,0
385,43,14,17,0
386,43,14,17,0
387,43,14,17,0
388,43,14,17,0
389,43,14,17,0
390,43,14,17,0
391,43,14,17,0
392,43,14,17,0
393,43,14,17,0
394,43,14,17,0
395,43,14,17,0
396,43,14,17,0
397,43,14,17,0
398,43,14,17,0
399,43,14,17,0
400,43,14,17,0
401,43,14,17,0
402,43,14,17,0
403,43,14,17,0
404,43,14,17,0
405,43,14,17,0
406,43,14,17,0
407,43,14,17,0
408,43,14,17,0
409,43,14,17,0
410,43,14,17,0
411,43,14,17,0
412,43,14,17,0
413,43,14,17,0
414,43,14,17,0
415,43,14,17,0
416,43,14,17,0
417,43,14,17,0
418,43,14,17,0
419,43,14,17,0
420,43,14,17,0
421,43,14,17,0
422,43,14,17,0
423,43,14,17,0
424,43,14,17,0
425,43,14,17,0
426,43,14,17,0
427,43,14,17,0
428,43,14,17,0
429,43,14,17,0
430,43,14,17,0
431,43,14,17,0
432,43,14,17,0
433,43,14,17,0
434,43,14,17,0
435,43,14,17,0
436,43,14,17,0
437,43,14,17,0
438,43,14,17,0
439,43,14,17,0
440,43,14,17,0
441,43,14,17,0
442,43,14,17,0
443,43,14,17,0
444,43,14,17,0
445,43,14,17,0
446,43,14,17,0
447,43,14,17,0
448,43,14,17,0
449,43,14,17,0
450,43,14,17,0
451,43,14,17,0
452,43,14,17,0
453,43,14,17,0
454,43,14,17,0
455,43,14,17,0
456,43,14,17,0
457,43,14,17,0
458,43,14,17,0
459,43,14,17,0
460,43,14,17,0
461,43,14,17,0
462,43,14,17,0
463,43,14,17,0
464,43,14,17,0
465,43,14,17,0
466,43,14,17,0
467,43,14,17,0
468,43,14,17,0
469,43,14,17,0
470,43,14,17,0
471,43,14,17,0
472,43,14,17,0
473,43,14,17,0
474,43,14,17,0
475,43,14,17,0
476,43,14,17,0
477,43,14,17,0
478,43,14,17,0
479,43,14,17,0
480,43,14,17,0
481,43,14,17,0
482,43,14,17,0
483,43,14,17,0
484,43,14,17,0
485,43,14,17,0
486,43,14,17,0
487,43,14,17,0
488,43,14,17,0
489,43,14,17,0
490,43,14,17,0
491,43,14,17,0
492,43,14,17,0
493,43,14,17,0
494,43,14,17,0
495,43,14,17,0
496,43,14,17,0
497,43,14,17,0
498,43,14,17,0
499,43,14,17,0
500,43,14,17,0
501,43,14,17,0
502,43,14,17,0
503,43,14,17,0
504,43,14,17,0
505,43,14,17,0
506,43,14,17,0
507,43,14,17,0
508,43,14,17,0
509,43,14,17,0
510,43,14,17,0
511,43,14,17,0
512,43,14,17,0
513,43,14,17,0
514,43,14,17,0
515,43,14,17,0
516,43,14,17,0
517,43,14,17,0
518,43,14,17,0
519,43,14,17,0
520,43,14,17,0
521,43,14,17,0
522,43,14,17,0
523,43,14,17,0
524,43,14,17,0
525,43,14,17,0
526,43,14,17,0
527,43,14,17,0
528,43,14,17,0
529,43,14,17,0
530,43,14,17,0
531,43,14,17,0
532,43,14,17,0
533,43,14,17,0
534,43,14,17,0
535,43,14,17,0
536,43,14,17,0
537,43,14,17,0
538,43,14,17,0
539,43,14,17,0
540,43,14,17,0
541,43,14,17,0
542,43,14,17,0
543,43,14,17,0
544,43,14,17,0
545,43,14,17,0
546,43,14,17,0
547,43,14,17,0
548,43,14,17,0
549,43,14,17,0
550,43,14,17,0
551,43,14,17,0
552,43,14,17,0
553,43,14,17,0
554,43,14,17,0
555,43,14,17,0
556,43,14,17,0
557,43,14,17,0
558,43,14,17,0
559,43,14,17,0
560,43,14,17,0
561,43,14,17,0
562,43,14,17,0
563,43,14,17,0
564,43,14,17,0
565,43,14,17,0
566,43,14,17,0
567,43,14,17,0
568,43,14,17,0
569,43,14,17,0
570,43,14,17,0
571,43,14,17,0
572,43,14,17,0
573,43,14,17,0
574,43,14,17,0
575,43,14,17,0
576,43,14,17,0
577,43,14,17,0
578,43,14,17,0
579,43,14,17,0
580,43,14,17,0
581,43,14,17,0
582,43,14,17,0
583,43,14,17,0
584,43,14,17,0
585,43,14,17,0
586,43,14,17,0
587,43,14,17,0
588,43,14,17,0
589,43,14,17,0
590,43,14,17,0
591,43,14,17,0
592,43,14,17,0
593,43,14,17,0
594,43,14,17,0
595,43,14,17,0
596,43,14,17,0
597,43,14,17,0
598,43,14,17,0
599,43,14,17,0
600,43,14,17,0
601,43,14,17,0
602,43,14,17,0
603,43,14,17,0
604,43,14,17,0
605,43,14,17,0
606,43,14,17,0
607,43,14,17,0
608,43,14,17,0
609,43,14,17,0
610,43,14,17,0
611,43,14,17,0
612,43,14,17,0
613,43,14,17,0
614,43,14,17,0
615,43,14,17,0
616,43,14,17,0
617,43,14,17,0
618,43,14,17,0
619,43,14,17,0
620,43,14,17,0
621,43,14,17,0
622,43,14,17,0
623,43,14,17,0
624,43,14,17,0
625,43,14,17,0
626,43,14,17,0
627,43,14,17,0
628,43,14,17,0
629,43,14,17,0
630,43,14,17,0
631,43,14,17,0
632,43,14,17,0
633,43,14,17,0
634,43,14,17,0
635,43,14,17,0
636,43,14,17,0
637,43,14,17,0
638,43,14,17,0
639,43,14,17,0
640,43,14,17,0
641,43,14,17,0
642,43,14,17,0
643,43,14,17,0
644,43,14,17,0
645,43,14,17,0
646,43,14,17,0
647,43,14,17,0
648,43,14,17,0
649,43,14,17,0
650,43,14,17,0
651,43,14,17,0
652,43,14,17,0
653,43,14,17,0
654,43,14,17,0
655,43,14,17,0
656,43,14,17,0
657,43,14,17,0
658,43,14,17,0
659,43,14,17,0
660,43,14,17,0
661,43,14,17,0
662,43,14,17,0
663,43,14,17,0
664,43,14,17,0
665,43,14,17,0
666,43,14,17,0
667,43,14,17,0
668,43,14,17,0
669,43,14,17,0
670,43,14,17,0
671,43,14,17,0
672,43,14,17,0
673,43,14,17,0
674,43,14,17,0
675,43,14,17,0
676,43,14,17,0
677,43,14,17,0
678,43,14,17,0
679,43,14,17,0
680,43,14,17,0
681,43,14,17,0
682,43,14,17,0
683,43,14,17,0
684,43,14,17,0
685,43,14,17,0
686,43,14,17,0
687,43,14,17,0
688,43,14,17,0
689,43,14,17,0
690,43,14,17,0
691,43,14,17,0
692,43,14,17,0
693,43,14,17,0
694,43,14,17,0
695,43,14,17,0
696,43,14,17,0
697,43,14,17,0
698,43,14,17,0
699,43,14,17,0
700,43,14,17,0
701,43,14,17,0
702,43,14,17,0
703,43,14,17,0
704,43,14,17,0
705,43,14,17,0
706,43,14,17,0
707,43,14,17,0
708,43,14,17,0
709,43,14,17,0
710,43,14,17,0
711,43,14,17,0
712,43,14,17,0
713,43,14,17,0
714,43,14,17,0
715,43,14,17,0
716,43,14,17,0
717,43,14,17,0
718,43,14,17,0
719,43,14,17,0
720,43,14,17,0
721,43,14,17,0
722,43,14,17,0
723,43,14,17,0
724,43,14,17,0
725,43,14,17,0
726,43,14,17,0
727,43,14,17,0
728,43,14,17,0
729,43,14,17,0
730,43,14,17,0
731,43,14,17,0
732,43,14,17,0
733,43,14,17,0
734,43,14,17,0
735,43,14,17,0
736,43,14,17,0
737,43,14,17,0
738,43,14,17,0
739,43,14,17,0
740,43,14,17,0
741,43,14,17,0
742,43,14,17,0
743,43,14,17,0
744,43,14,17,0
745,43,14,17,0
746,43,14,17,0
747,43,14,17,0
748,43,14,17,0
749,43,14,17,0
750,43,14,17,0
751,43,14,17,0
752,43,14,17,0
753,43,14,17,0
754,43,14,17,0
755,43,14,17,0
756,43,14,17,0
757,43,14,17,0
758,43,14,17,0
759,43,14,17,0
760,43,14,17,0
761,43,14,17,0
762,43,14,17,0
763,43,14,17,0
764,43,14,17,0
765,43,14,17,0
766,43,14,17,0
767,43,14,17,0
768,43,14,17,0
769,43,14,17,0
770,43,14,17,0
771,43,14,17,0
772,43,14,17,0
773,43,14,17,0
774,43,14,17,0
775,43,14,17,0
776,43,14,17,0
777,43,14,17,0
778,43,14,17,0
779,43,14,17,0
780,43,14,17,0
781,43,14,17,0
782,43,14,17,0
783,43,14,17,0
784,43,14,17,0
785,43,14,17,0
786,43,14,17,0
787,43,14,17,0
788,43,14,17,0
789,43,14,17,0
790,43,14,17,0
791,43,14,17,0
792,43,14,17,0
793,43,14,17,0
794,43,14,17,0
795,43,14,17,0
796,43,14,17,0
797,43,14,17,0
798,43,14,17,0
799,43,14,17,0
800,43,14,17,0
801,43,14,17,0
802,43,14,17,0
803,43,14,17,0
804,43,14,17,0
805,43,14,17,0
806,43,14,17,0
807,43,14,17,0
808,43,14,17,0
809,43,14,17,0
810,43,14,17,0
811,43,14,17,0
812,43,14,17,0
813,43,14,17,0
814,43,14,17,0
815,43,14,17,0
816,43,14,17,0
817,43,14,17,0
818,43,14,17,0
819,43,14,17,0
820,43,14,17,0
821,43,14,17,0
822,43,14,17,0
823,43,14,17,0
824,43,14,17,0
825,43,14,17,0
826,43,14,17,0
827,43,14,17,0
828,43,14,17,0
829,43,14,17,0
830,43,14,17,0
831,43,14,17,0
832,43,14,17,0
833,43,14,17,0
834,43,14,17,0
835,43,14,17,0
836,43,14,17,0
837,43,14,17,0
838,43,14,17,0
839,43,14,17,0
840,43,14,17,0
841,43,14,17,0
842,43,14,17,0
843,43,14,17,0
844,43,14,17,0
845,43,14,17,0
846,43,14,17,0
847,43,14,17,0
848,43,14,17,0
849,43,14,17,0
850,43,14,17,0
851,43,14,17,0
852,43,14,17,0
853,43,14,17,0
854,43,14,17,0
855,43,14,17,0
856,43,14,17,0
857,43,14,17,0
858,43,14,17,0
859,43,14,17,0
860,43,14,17,0
861,44,14,18,0
862,44,14,18,0
863,44,14,18,0
864,44,14,18,0
865,44,14,18,0
866,44,14,18,0
867,44,14,18,0
868,44,14,18,0
869,44,14,18,0
870,44,14,18,0
871,44,14,18,0
872,44,14,18,0
873,44,14,18,0
874,44,14,18,0
875,44,14,18,0
876,44,14,18,0
877,44,14,18,0
878,44,14,18,0
879,44,14,18,0
880,44,14,18,0
881,44,14,18,0
882,44,14,18,0
883,44,14,18,0
884,44,14,18,0
885,44,14,18,0
886,44,14,18,0
887,44,14,18,0
888,44,14,18,0
889,44,14,18,0
890,44,14,18,0
891,44,14,18,0
892,44,14,18,0
893,44,14,18,0
894,44,14,18,0
895,44,14,18,0
896,44,14,18,0
897,44,14,18,0
898,44,14,18,0
899,44,14,18,0
900,44,14,18,0
901,44,14,18,0
902,44,14,18,0
903,44,14,18,0
904,44,14,18,0
905,44,14,18,0
906,44,14,18,0
907,44,14,18,0
908,44,14,18,0
909,44,14,18,0
910,44,14,18,0
911,44,14,18,0
912,44,14,18,0
913,44,14,18,0
914,44,14,18,0
915,44,14,18,0
916,44,14,18,0
917,44,14,18,0
918,44,14,18,0
919,44,14,18,0
920,44,14,18,0
921,44,14,18,0
922,44,14,18,0
923,44,14,18,0
924,44,14,18,0
925,44,14,18,0
926,44,14,18,0
927,44,14,18,0
928,44,14,18,0
929,44,14,18,0
930,44,14,18,0
931,44,14,18,0
932,44,14,18,0
933,44,14,18,0
934,44,14,18,0
935,44,14,18,0
936,44,14,18,0
937,44,14,18,0
938,44,14,18,0
939,44,14,18,0
940,44,14,18,0
941,44,14,18,0
942,44,14,18,0
943,44,14,18,0
944,44,14,18,0
945,44,14,18,0
946,44,14,18,0
947,44,14,18,0
948,44,14,18,0
949,44,14,18,0
950,44,14,18,0
951,44,14,18,0
952,44,14,18,0
953,44,14,18,0
954,44,14,18,0
955,44,14,18,0
956,44,14,18,0
957,44,14,18,0
958,44,14,18,0
959,44,14,18,0
960,44,14,18,0
961,44,14,18,0
962,44,14,18,0
963,44,14,18,0
964,44,14,18,0
965,44,14,18,0
966,44,14,18,0
967,44,14,18,0
968,44,14,18,0
969,44,14,18,0
970,44,14,18,0
971,44,14,18,0
972,44,14,18,0
973,44,14,18,0
974,44,14,18,0
975,44,14,18,0
976,44,14,18,0
977,44,14,18,0
978,44,14,18,0
979,44,14,18,0
980,44,14,18,0
981,44,14,18,0
982,44,14,18,0
983,44,14,18,0
984,44,14,18,0
985,44,14,18,0
986,44,14,18,0
987,44,14,18,0
988,44,14,18,0
989,44,14,18,0
990,44,14,18,0
991,44,14,18,0
992,44,14,18,0
993,44,14,18,0
994,44,14,18,0
995,44,14,18,0
996,44,14,18,0
997,44,14,18,0
998,44,14,18,0
999,44,14,18,0
1000,44,14,18,0
1001,44,14,18,0
1002,44,14,18,0
1003,44,14,18,0
1004,44,14,18,0
1005,44,14,18,0
1006,44,14,18,0
1007,44,14,18,0
1008,44,14,18,0
1009,44,14,18,0
1010,44,14,18,0
1011,44,14,18,0
1012,44,14,18,0
1013,44,14,18,0
1014,44,14,18,0
1015,44,14,18,0
1016,44,14,18,0
1017,44,14,18,0
1018,44,14,18,0
1019,44,14,18,0
1020,44,14,18,0
1021,44,14,18,0
1022,44,14,18,0
1023,44,14,18,0
1024,44,14,18,0
1025,44,14,18,0
1026,44,14,18,0
1027,44,14,18,0
1028,44,14,18,0
1029,44,14,18,0
1030,44,14,18,0
1031,44,14,18,0
1032,44,14,18,0
1033,45,14,19,0
1034,45,14,19,0
1035,45,14,19,0
1036,45,14,19,0
1037,45,14,19,0
1038,45,14,19,0
1039,45,14,19,0
1040,45,14,19,0
1041,45,14,19,0
1042,45,14,19,0
1043,45,14,19,0
1044,45,14,19,0
1045,45,14,19,0
1046,45,14,19,0
1047,45,14,19,0
1048,45,14,19,0
1049,45,14,19,0
1050,45,14,19,0
1051,45,14,19,0
1052,45,14,19,0
1053,45,14,19,0
1054,45,14,19,0
1055,45,14,19,0
1056,45,14,19,0
1057,45,14,19,0
1058,45,14,19,0
1059,45,14,19,0
1060,45,14,19,0
1061,45,14,19,0
1062,45,14,19,0
1063,45,14,19,0
1064,45,14,19,0
1065,45,14,19,0
1066,45,14,19,0
1067,45,14,19,0
1068,45,14,19,0
1069,45,14,19,0
1070,45,14,19,0
1071,45,14,19,0
1072,45,14,19,0
1073,45,14,19,0
1074,45,14,19,0
1075,45,14,19,0
1076,45,14,19,0
1077,45,14,19,0
1078,47,14,20,0
1079,47,14,20,0
1080,47,14,20,0
1081,47,14,20,0
1082,47,14,20,0
1083,47,14,20,0
1084,47,14,20,0
1085,47,14,20,0
1086,47,14,20,0
1087,47,14,20,0
1088,47,14,20,0
1089,47,14,20,0
1090,47,14,20,0
1091,47,14,20,0
1092,47,14,20,0
1093,47,14,20,0
1094,47,14,20,0
1095,47,14,20,0
1096,47,14,20,0
1097,47,14,20,0
1098,47,14,20,0
1099,47,14,20,0
1100,47,14,20,0
1101,47,14,20,0
1102,47,14,20,0
1103,47,14,20,0
1104,47,14,20,0
1105,47,14,20,0
1106,47,14,20,0
1107,47,14,20,0
1108,47,14,20,0
1109,47,14,20,0
1110,47,14,20,0
1111,47,14,20,0
1112,47,14,20,0
1113,47,14,20,0
1114,47,14,20,0
1115,47,14,20,0
1116,47,14,20,0
1117,47,14,20,0
1118,47,14,20,0
1119,47,14,20,0
1120,47,14,20,0
1121,47,14,20,0
1122,47,14,20,0
1123,47,14,20,0
1124,47,14,20,0
1125,47,14,20,0
1126,47,14,20,0
1127,47,14,20,0
1128,47,14,20,0
1129,47,14,20,0
1130,47,14,20,0
1131,47,14,20,0
1132,47,14,20,0
1133,47,14,20,0
1134,47,14,20,0
1135,47,14,20,0
1136,47,14,20,0
1137,47,14,20,0
1138,47,14,20,0
1139,47,14,20,0
1140,47,14,20,0
1141,47,14,20,0
1142,47,14,20,0
1143,47,14,20,0
1144,47,14,20,0
1145,47,14,20,0
1146,47,14,20,0
1147,47,14,20,0
1148,47,14,20,0
1149,47,14,20,0
1150,47,14,20,0
1151,47,14,20,0
1152,47,14,20,0
1153,47,14,20,0
1154,47,14,20,0
1155,47,14,20,0
1156,47,14,20,0
1157,47,14,20,0
1158,47,14,20,0
1159,47,14,20,0
1160,47,14,20,0
1161,47,14,20,0
1162,47,14,20,0
1163,47,14,20,0
1164,47,14,20,0
1165,47,14,20,0
1166,47,14,20,0
1167,47,14,20,0
1168,47,14,20,0
1169,47,14,20,0
1170,47,14,20,0
1171,47,14,20,0
1172,47,14,20,0
1173,47,14,20,0
1174,47,14,20,0
1175,47,14,20,0
1176,47,14,20,0
1177,47,14,20,0
1178,47,14,20,0
1179,47,14,20,0
1180,47,14,20,0
1181,47,14,20,0
1182,47,14,20,0
1183,47,14,20,0
1184,47,14,20,0
1185,47,14,20,0
1186,47,14,20,0
1187,47,14,20,0
1188,47,14,20,0
1189,47,14,20,0
1190,47,14,20,0
1191,47,14,20,0
1192,47,14,20,0
1193,47,14,20,0
1194,47,14,20,0
1195,47,14,20,0
1196,47,14,20,0
1197,47,14,20,0
1198,47,14,20,0
1199,47,14,20,0
1200,47,14,20,0
1201,47,14,20,0
1202,47,14,20,0
1203,47,14,20,0
1204,47,14,20,0
1205,47,14,20,0
1206,47,14,20,0
1207,47,14,20,0
1208,47,14,20,0
1209,47,14,20,0
1210,47,14,20,0
1211,47,14,20,0
1212,47,14,20,0
1213,47,14,20,0
1214,47,14,20,0
1215,47,14,20,0
1216,47,14,20,0
1217,47,14,20,0
1218,47,14,20,0
1219,47,14,20,0
1220,47,14,20,0
1221,47,14,20,0
1222,47,14,20,0
1223,47,14,20,0
1224,47,14,20,0
1225,47,14,20,0
1226,47,14,20,0
1227,47,14,20,0
1228,47,14,20,0
1229,47,14,20,0
1230,47,14,20,0
1231,47,14,20,0
1232,47,14,20,0
1233,47,14,20,0
1234,47,14,20,0
1235,47,14,20,0
1236,47,14,20,0
1237,47,14,20,0
1238,47,14,20,0
1239,47,14,20,0
1240,47,14,20,0
1241,47,14,20,0
1242,47,14,20,0
1243,47,14,20,0
1244,47,14,20,0
1245,47,14,20,0
1246,47,14,20,0
1247,47,14,20,0
1248,47,14,20,0
1249,47,14,20,0
1250,47,14,20,0
1251,47,14,20,0
1252,47,14,20,0
1253,47,14,20,0
1254,47,14,20,0
1255,47,14,20,0
1256,47,14,20,0
1257,47,14,20,0
1258,47,14,20,0
1259,47,14,20,0
1260,47,14,20,0
1261,47,14,20,0
1262,47,14,20,0
1263,47,14,20,0
1264,47,14,20,0
1265,47,14,20,0
1266,47,14,20,0
1267,47,14,20,0
1268,47,14,20,0
1269,47,14,20,0
1270,47,14,20,0
1271,47,14,20,0
1272,47,14,20,0
1273,47,14,20,0
1274,47,14,20,0
1275,47,14,20,0
1276,47,14,20,0
1277,47,14,20,0
1278,47,14,20,0
1279,47,14,20,0
1280,47,14,20,0
1281,47,14,20,0
1282,47,14,20,0
1283,47,14,20,0
1284,47,14,20,0
1285,47,14,20,0
1286,47,14,20,0
1287,47,14,20,0
1288,47,14,20,0
1289,47,14,20,0
1290,47,14,20,0
1291,47,14,20,0
1292,47,14,20,0
1293,47,14,20,0
1294,47,14,20,0
1295,47,14,20,0
1296,47,14,20,0
1297,47,14,20,0
1298,47,14,20,0
1299,47,14,20,0
1300,47,14,20,0
1301,47,14,20,0
1302,47,14,20,0
1303,47,14,20,0
1304,47,14,20,0
1305,47,14,20,0
1306,47,14,20,0
1307,47,14,20,0
1308,47,14,20,0
1309,47,14,20,0
1310,47,14,20,0
1311,47,14,20,0
1312,47,14,20,0
1313,47,14,20,0
1314,47,14,20,0
1315,47,14,20,0
1316,47,14,20,0
1317,47,14,20,0
1318,47,14,20,0
1319,47,14,20,0
1320,47,14,20,0
1321,47,14,20,0
1322,47,14,20,0
1323,47,14,20,0
1324,47,14,20,0
1325,47,14,20,0
1326,47,14,20,0
1327,47,14,20,0
1328,47,14,20,0
1329,47,14,20,0
1330,47,14,20,0
1331,47,14,20,0
1332,47,14,20,0
1333,47,14,20,0
1334,47,14,20,0
1335,47,14,20,0
1336,47,14,20,0
1337,47,14,20,0
1338,47,14,20,0
1339,47,14,20,0
1340,47,14,20,0
1341,47,14,20,0
1342,47,14,20,0
1343,47,14,20,0
1344,47,14,20,0
1345,47,14,20,0
1346,47,14,20,0
1347,47,14,20,0
1348,47,14,20,0
1349,47,14,20,0
1350,47,14,20,0
1351,47,14,20,0
1352,47,14,20,0
1353,47,14,20,0
1354,47,14,20,0
1355,47,14,20,0
1356,47,14,20,0
1357,47,14,20,0
1358,47,14,20,0
1359,47,14,20,0
1360,47,14,20,0
1361,47,14,20,0
1362,47,14,20,0
1363,47,14,20,0
1364,47,14,20,0
1365,47,14,20,0
1366,47,14,20,0
1367,47,14,20,0
1368,47,14,20,0
1369,47,14,20,0
1370,47,14,20,0
1371,47,14,20,0
1372,47,14,20,0
1373,47,14,20,0
1374,47,14,20,0
1375,47,14,20,0
1376,47,14,20,0
1377,47,14,20,0
1378,47,14,20,0
1379,47,14,20,0
1380,47,14,20,0
1381,47,14,20,0
1382,47,14,20,0
1383,47,14,20,0
1384,47,14,20,0
1385,47,14,20,0
1386,47,14,20,0
1387,47,14,20,0
1388,47,14,20,0
1389,47,14,20,0
1390,47,14,20,0
1391,47,14,20,0
1392,47,14,20,0
1393,47,14,20,0
1394,47,14,20,0
1395,47,14,20,0
1396,47,14,20,0
1397,47,14,20,0
1398,47,14,20,0
1399,47,14,20,0
1400,47,14,20,0
1401,47,14,20,0
1402,47,14,20,0
1403,47,14,20,0
1404,47,14,20,0
1405,47,14,20,0
1406,47,14,20,0
1407,47,14,20,0
1408,50,14,21,0
1409,50,14,21,0
1410,50,14,21,0
1411,50,14,21,0
1412,50,14,21,0
1413,50,14,21,0
1414,50,14,21,0
1415,50,14,21,0
1416,50,14,21,0
1417,50,14,21,0
1418,50,14,21,0
1419,50,14,21,0
1420,50,14,21,0
1421,50,14,21,0
1422,50,14,21,0
1423,50,14,21,0
1424,50,14,21,0
1425,50,14,21,0
1426,50,14,21,0
1427,50,14,21,0
1428,50,14,21,0
1429,50,14,21,0
1430,50,14,21,0
1431,50,14,21,0
1432,50,14,21,0
1433,50,14,21,0
1434,50,14,21,0
1435,50,14,21,0
1436,50,14,21,0
1437,50,14,21,0
1438,50,14,21,0
1439,50,14,21,0
1440,50,14,21,0
1441,50,14,21,0
1442,50,14,21,0
1443,50,14,21,0
1444,50,14,21,0
1445,50,14,21,0
1446,50,14,21,0
1447,50,14,21,0
1448,50,14,21,0
1449,50,14,21,0
1450,50,14,21,0
1451,50,14,21,0
1452,50,14,21,0
1453,50,14,21,0
1454,50,14,21,0
1455,50,14,21,0
1456,50,14,21,0
1457,50,14,21,0
1458,50,14,21,0
1459,50,14,21,0
1460,50,14,21,0
1461,50,14,21,0
1462,50,14,21,0
1463,50,14,21,0
1464,50,14,21,0
1465,50,14,21,0
1466,50,14,21,0
1467,50,14,21,0
1468,50,14,21,0
1469,50,14,21,0
1470,50,14,21,0
1471,50,14,21,0
1472,50,14,21,0
1473,50,14,21,0
1474,50,14,21,0
1475,50,14,21,0
1476,50,14,21,0
1477,50,14,21,0
1478,50,14,21,0
1479,50,14,21,0
1480,50,14,21,0
1481,50,14,21,0
1482,50,14,21,0
1483,50,14,21,0
1484,50,14,21,0
1485,50,14,21,0
1486,50,14,21,0
1487,50,14,21,0
1488,50,14,21,0
1489,50,14,21,0
1490,50,14,21,0
1491,50,14,21,0
1492,50,14,21,0
1493,50,14,21,0
1494,50,14,21,0
1495,50,14,21,0
1496,50,14,21,0
1497,50,14,21,0
1498,50,14,21,0
1499,50,14,21,0
1500,50,14,21,0
1501,50,14,21,0
1502,50,14,21,0
1503,50,14,21,0
1504,50,14,21,0
1505,50,14,21,0
1506,50,14,21,0
1507,50,14,21,0
1508,50,14,21,0
1509,50,14,21,0
1510,50,14,21,0
1511,50,14,21,0
1512,50,14,21,0
1513,50,14,21,0
1514,50,14,21,0
1515,50,14,21,0
1516,50,14,21,0
1517,50,14,21,0
1518,50,14,21,0
1519,50,14,21,0
1520,50,14,21,0
1521,50,14,21,0
1522,50,14,21,0
1523,50,14,21,0
1524,50,14,21,0
1525,50,14,21,0
1526,50,14,21,0
1527,50,14,21,0
1528,50,14,21,0
1529,50,14,21,0
1530,50,14,21,0
1531,50,14,21,0
1532,50,14,21,0
1533,50,14,21,0
1534,50,14,21,0
1535,50,14,21,0
1536,50,14,21,0
1537,50,14,21,0
1538,50,14,21,0
1539,50,14,21,0
1540,50,14,21,0
1541,50,14,21,0
1542,50,14,21,0
1543,50,14,21,0
1544,50,14,21,0
1545,50,14,21,0
1546,50,14,21,0
1547,50,14,21,0
1548,50,14,21,0
1549,50,14,21,0
1550,50,14,21,0
1551,50,14,21,0
1552,50,14,21,0
1553,50,14,21,0
1554,50,14,21,0
1555,50,14,21,0
1556,50,14,21,0
1557,50,14,21,0
1558,50,14,21,0
1559,50,14,21,0
1560,50,14,21,0
1561,50,14,21,0
1562,50,14,21,0
1563,50,14,21,0
1564,50,14,21,0
1565,50,14,21,0
1566,50,14,21,0
1567,50,14,21,0
1568,50,14,21,0
1569,50,14,21,0
1570,50,14,21,0
1571,50,14,21,0
1572,50,14,21,0
1573,50,14,21,0
1574,50,14,21,0
1575,50,14,21,0
1576,50,14,21,0
1577,50,14,21,0
1578,50,14,21,0
1579,50,14,21,0
1580,50,14,21,0
1581,50,14,21,0
1582,50,14,21,0
1583,50,14,21,0
1584,50,14,21,0
1585,50,14,21,0
1586,50,14,21,0
1587,50,14,21,0
1588,50,14,21,0
1589,50,14,21,0
1590,50,14,21,0
1591,50,14,21,0
1592,50,14,21,0
1593,50,14,21,0
1594,50,14,21,0
1595,50,14,21,0
1596,50,14,21,0
1597,50,14,21,0
1598,50,14,21,0
1599,50,14,21,0
1600,50,14,21,0
1601,50,14,21,0
1602,50,14,21,0
1603,50,14,21,0
1604,50,14,21,0
1605,50,14,21,0
1606,50,14,21,0
1607,50,14,21,0
1608,50,14,21,0
1609,50,14,21,0
1610,50,14,21,0
1611,50,14,21,0
1612,50,14,21,0
1613,50,14,21,0
1614,50,14,21,0
1615,50,14,21,0
1616,50,14,21,0
1617,50,14,21,0
1618,50,14,21,0
1619,50,14,21,0
1620,50,14,21,0
1621,50,14,21,0
1622,50,14,21,0
1623,50,14,21,0
1624,50,14,21,0
1625,50,14,21,0
1626,50,14,21,0
1627,50,14,21,0
1628,50,14,21,0
1629,50,14,21,0
1630,50,14,21,0
1631,50,14,21,0
1632,50,14,21,0
1633,50,14,21,0
1634,50,14,21,0
1635,50,14,21,0
1636,50,14,21,0
1637,50,14,21,0
1638,50,14,21,0
1639,50,14,21,0
1640,50,14,21,0
1641,50,14,21,0
1642,50,14,21,0
1643,50,14,21,0
1644,50,14,21,0
1645,50,14,21,0
1646,50,14,21,0
1647,50,14,21,0
1648,50,14,21,0
1649,50,14,21,0
1650,50,14,21,0
1651,50,14,21,0
1652,50,14,21,0
1653,50,14,21,0
1654,50,14,21,0
1655,50,14,21,0
1656,50,14,21,0
1657,50,14,21,0
1658,50,14,21,0
1659,52,14,22,0
1660,52,14,22,0
1661,52,14,22,0
1662,52,14,22,0
1663,52,14,22,0
1664,52,14,22,0
1665,53,14,23,0
1666,53,14,23,0
1667,53,14,23,0
1668,53,14,23,0
1669,53,14,23,0
1670,53,14,23,0
1671,53,14,23,0
1672,53,14,23,0
1673,53,14,23,0
1674,53,14,23,0
1675,53,14,23,0
1676,53,14,23,0
1677,53,14,23,0
1678,53,14,23,0
1679,53,14,23,0
1680,53,14,23,0
1681,53,14,23,0
1682,53,14,23,0
1683,53,14,23,0
1684,53,14,23,0
1685,53,14,23,0
1686,53,14,23,0
1687,53,14,23,0
1688,53,14,23,0
1689,53,14,23,0
1690,53,14,23,0
1691,53,14,23,0
1692,53,14,23,0
1693,53,14,23,0
1694,53,14,23,0
1695,53,14,23,0
1696,53,14,23,0
1697,53,14,23,0
1698,53,14,23,0
1699,53,14,23,0
1700,53,14,23,0
1701,53,14,23,0
1702,53,14,23,0
1703,53,14,23,0
1704,53,14,23,0
1705,53,14,23,0
1706,53,14,23,0
1707,53,14,23,0
1708,53,14,23,0
1709,53,14,23,0
1710,53,14,23,0
1711,53,14,23,0
1712,53,14,23,0
1713,53,14,23,0
1714,53,14,23,0
1715,53,14,23,0
1716,53,14,23,0
1717,53,14,23,0
1718,53,14,23,0
1719,53,14,23,0
1720,53,14,23,0
1721,53,14,23,0
1722,53,14,23,0
1723,53,14,23,0
1724,53,14,23,0
1725,53,14,23,0
1726,53,14,23,0
1727,53,14,23,0
1728,53,14,23,0
1729,53,14,23,0
1730,53,14,23,0
1731,53,14,23,0
1732,53,14,23,0
1733,53,14,23,0
1734,53,14,23,0
1735,53,14,23,0
1736,53,14,23,0
1737,53,14,23,0
1738,53,14,23,0
1739,53,14,23,0
1740,53,14,23,0
1741,53,14,23,0
1742,53,14,23,0
1743,53,14,23,0
1744,53,14,23,0
1745,53,14,23,0
1746,53,14,23,0
1747,53,14,23,0
1748,53,14,23,0
1749,53,14,23,0
1750,53,14,23,0
1751,53,14,23,0
1752,53,14,23,0
1753,53,14,23,0
1754,53,14,23,0
1755,53,14,23,0
1756,53,14,23,0
1757,53,14,23,0
1758,53,14,23,0
1759,53,14,23,0
1760,53,14,23,0
1761,53,14,23,0
1762,53,14,23,0
1763,53,14,23,0
1764,53,14,23,0
1765,53,14,23,0
1766,53,14,23,0
1767,53,14,23,0
1768,53,14,23,0
1769,53,14,23,0
1770,53,14,23,0
1771,53,14,23,0
1772,53,14,23,0
1773,53,14,23,0
1774,53,14,23,0
1775,53,14,23,0
1776,53,14,23,0
1777,53,14,23,0
1778,53,14,23,0
1779,53,14,23,0
1780,53,14,23,0
1781,53,14,23,0
1782,53,14,23,0
1783,53,14,23,0
1784,53,14,23,0
1785,53,14,23,0
1786,53,14,23,0
1787,53,14,23,0
1788,53,14,23,0
1789,53,14,23,0
1790,53,14,23,0
1791,53,14,23,0
1792,53,14,23,0
1793,53,14,23,0
1794,53,14,23,0
1795,53,14,23,0
1796,53,14,23,0
1797,53,14,23,0
1798,53,14,23,0
1799,53,14,23,0
1800,53,14,23,0
1801,53,14,23,0
1802,53,14,23,0
1803,53,14,23,0
1804,53,14,23,0
1805,53,14,23,0
1806,53,14,23,0
1807,53,14,23,0
1808,53,14,23,0
1809,53,14,23,0
1810,53,14,23,0
1811,53,14,23,0
1812,53,14,23,0
1813,53,14,23,0
1814,53,14,23,0
1815,53,14,23,0
1816,53,14,23,0
1817,53,14,23,0
1818,53,14,23,0
1819,53,14,23,0
1820,53,14,23,0
1821,53,14,23,0
1822,53,14,23,0
1823,53,14,23,0
1824,53,14,23,0
1825,53,14,23,0
1826,53,14,23,0
1827,53,14,23,0
1828,53,14,23,0
1829,53,14,23,0
1830,53,14,23,0
1831,53,14,23,0
1832,53,14,23,0
1833,53,14,23,0
1834,53,14,23,0
1835,53,14,23,0
1836,53,14,23,0
1837,53,14,23,0
1838,53,14,23,0
1839,53,14,23,0
1840,53,14,23,0
1841,53,14,23,0
1842,53,14,23,0
1843,53,14,23,0
1844,53,14,23,0
1845,53,14,23,0
1846,53,14,23,0
1847,53,14,23,0
1848,53,14,23,0
1849,53,14,23,0
1850,53,14,23,0
1851,53,14,23,0
1852,53,14,23,0
1853,53,14,23,0
1854,53,14,23,0
1855,53,14,23,0
1856,53,14,23,0
1857,53,14,23,0
1858,53,14,23,0
1859,53,14,23,0
1860,53,14,23,0
1861,53,14,23,0
1862,53,14,23,0
1863,53,14,23,0
1864,53,14,23,0
1865,53,14,23,0
1866,53,14,23,0
1867,53,14,23,0
1868,53,14,23,0
1869,53,14,23,0
1870,53,14,23,0
1871,53,14,23,0
1872,53,14,23,0
1873,53,14,23,0
1874,53,14,23,0
1875,53,14,23,0
1876,53,14,23,0
1877,53,14,23,0
1878,53,14,23,0
1879,53,14,23,0
1880,53,14,23,0
1881,53,14,23,0
1882,53,14,23,0
1883,53,14,23,0
1884,53,14,23,0
1885,53,14,23,0
1886,53,14,23,0
1887,53,14,23,0
1888,53,14,23,0
1889,53,14,23,0
1890,53,14,23,0
1891,53,14,23,0
1892,53,14,23,0
1893,53,14,23,0
1894,53,14,23,0
1895,53,14,23,0
1896,53,14,23,0
1897,53,14,23,0
1898,53,14,23,0
1899,53,14,23,0
1900,53,14,23,0
1901,53,14,23,0
1902,53,14,23,0
1903,53,14,23,0
1904,53,14,23,0
1905,53,14,23,0
1906,53,14,23,0
1907,53,14,23,0
1908,53,14,23,0
1909,53,14,23,0
1910,53,14,23,0
1911,53,14,23,0
1912,53,14,23,0
1913,53,14,23,0
1914,53,14,23,0
1915,53,14,23,0
1916,53,14,23,0
1917,53,14,23,0
1918,53,14,23,0
1919,53,14,23,0
1920,53,14,23,0
1921,53,14,23,0
1922,53,14,23,0
1923,53,14,23,0
1924,53,14,23,0
1925,53,14,23,0
1926,53,14,23,0
1927,53,14,23,0
1928,53,14,23,0
1929,53,14,23,0
1930,53,14,23,0
1931,53,14,23,0
1932,53,14,23,0
1933,53,14,23,0
1934,53,14,23,0
1935,53,14,23,0
1936,53,14,23,0
1937,53,14,23,0
1938,53,14,23,0
1939,53,14,23,0
1940,53,14,23,0
1941,53,14,23,0
1942,53,14,23,0
1943,53,14,23,0
1944,53,14,23,0
1945,53,14,23,0
1946,53,14,23,0
1947,53,14,23,0
1948,53,14,23,0
1949,53,14,23,0
1950,53,14,23,0
1951,53,14,23,0
1952,53,14,23,0
1953,53,14,23,0
1954,53,14,23,0
1955,53,14,23,0
1956,53,14,23,0
1957,53,14,23,0
1958,53,14,23,0
1959,53,14,23,0
1960,53,14,23,0
1961,53,14,23,0
1962,53,14,23,0
1963,53,14,23,0
1964,53,14,23,0
1965,53,14,23,0
1966,53,14,23,0
1967,53,14,23,0
1968,53,14,23,0
1969,53,14,23,0
1970,53,14,23,0
1971,53,14,23,0
1972,53,14,23,0
1973,53,14,23,0
1974,53,14,23,0
1975,53,14,23,0
1976,53,14,23,0
1977,53,14,23,0
1978,53,14,23,0
1979,53,14,23,0
1980,53,14,23,0
1981,53,14,23,0
1982,53,14,23,0
1983,53,14,23,0
1984,53,14,23,0
1985,53,14,23,0
1986,53,14,23,0
1987,53,14,23,0
1988,53,14,23,0
1989,53,14,23,0
1990,53,14,23,0
1991,53,14,23,0
1992,53,14,23,0
1993,53,14,23,0
1994,53,14,23,0
1995,53,14,23,0
1996,53,14,23,0
1997,53,14,23,0
1998,53,14,23,0
1999,53,14,23,0
2000,53,14,23,0
2001,53,14,23,0
2002,53,14,23,0
2003,53,14,23,0
2004,53,14,23,0
2005,53,14,23,0
2006,53,14,23,0
2007,53,14,23,0
2008,53,14,23,0
2009,53,14,23,0
2010,53,14,23,0
2011,53,14,23,0
2012,53,14,23,0
2013,53,14,23,0
2014,53,14,23,0
2015,53,14,23,0
2016,53,14,23,0
2017,53,14,23,0
2018,53,14,23,0
2019,53,14,23,0
2020,53,14,23,0
2021,53,14,23,0
2022,53,14,23,0
2023,53,14,23,0
2024,53,14,23,0
2025,53,14,23,0
2026,53,14,23,0
2027,53,14,23,0
2028,53,14,23,0
2029,53,14,23,0
2030,53,14,23,0
2031,53,14,23,0
2032,53,14,23,0
2033,53,14,23,0
2034,53,14,23,0
2035,53,14,23,0
2036,53,14,23,0
2037,53,14,23,0
2038,53,14,23,0
2039,53,14,23,0
2040,53,14,23,0
2041,53,14,23,0
2042,53,14,23,0
2043,53,14,23,0
2044,53,14,23,0
2045,53,14,23,0
2046,53,14,23,0
2047,53,14,23,0
2048,53,14,23,0
2049,53,14,23,0
2050,53,14,23,0
2051,53,14,23,0
2052,53,14,23,0
2053,53,14,23,0
2054,53,14,23,0
2055,53,14,23,0
2056,53,14,23,0
2057,53,14,23,0
2058,53,14,23,0
2059,53,14,23,0
2060,53,14,23,0
2061,53,14,23,0
2062,53,14,23,0
2063,53,14,23,0
2064,53,14,23,0
2065,53,14,23,0
2066,53,14,23,0
2067,53,14,23,0
2068,53,14,23,0
2069,53,14,23,0
2070,53,14,23,0
2071,53,14,23,0
2072,53,14,23,0
2073,53,14,23,0
2074,53,14,23,0
2075,53,14,23,0
2076,53,14,23,0
2077,53,14,23,0
2078,53,14,23,0
2079,53,14,23,0
2080,53,14,23,0
2081,53,14,23,0
2082,53,14,23,0
2083,53,14,23,0
2084,53,14,23,0
2085,53,14,23,0
2086,53,14,23,0
2087,53,14,23,0
2088,53,14,23,0
2089,53,14,23,0
2090,53,14,23,0
2091,53,14,23,0
2092,53,14,23,0
2093,53,14,23,0
2094,53,14,23,0
2095,53,14,23,0
2096,53,14,23,0
2097,53,14,23,0
2098,53,14,23,0
2099,53,14,23,0
2100,53,14,23,0
2101,53,14,23,0
2102,53,14,23,0
2103,53,14,23,0
2104,53,14,23,0
2105,53,14,23,0
2106,53,14,23,0
2107,53,14,23,0
2108,53,14,23,0
2109,53,14,23,0
2110,53,14,23,0
2111,53,14,23,0
2112,53,14,23,0
2113,53,14,23,0
2114,53,14,23,0
2115,53,14,23,0
2116,53,14,23,0
2117,53,14,23,0
2118,53,14,23,0
2119,53,14,23,0
2120,53,14,23,0
2121,53,14,23,0
2122,53,14,23,0
2123,53,14,23,0
2124,53,14,23,0
2125,53,14,23,0
2126,53,14,23,0
2127,53,14,23,0
2128,53,14,23,0
2129,53,14,23,0
2130,53,14,23,0
2131,53,14,23,0
2132,53,14,23,0
2133,53,14,23,0
2134,53,14,23,0
2135,53,14,23,0
2136,53,14,23,0
2137,53,14,23,0
2138,53,14,23,0
2139,53,14,23,0
2140,53,14,23,0
2141,55,14,24,0
2142,55,14,24,0
2143,55,14,24,0
2144,55,14,24,0
2145,55,14,24,0
2146,55,14,24,0
2147,55,14,24,0
2148,55,14,24,0
2149,55,14,24,0
2150,55,14,24,0
2151,55,14,24,0
2152,55,14,24,0
2153,55,14,24,0
2154,55,14,24,0
2155,55,14,24,0
2156,55,14,24,0
2157,55,14,24,0
2158,55,14,24,0
2159,55,14,24,0
2160,55,14,24,0
2161,55,14,24,0
2162,55,14,24,0
2163,55,14,24,0
2164,55,14,24,0
2165,55,14,24,0
2166,55,14,24,0
2167,55,14,24,0
2168,55,14,24,0
2169,55,14,24,0
2170,55,14,24,0
2171,55,14,24,0
2172,55,14,24,0
2173,55,14,24,0
2174,55,14,24,0
2175,55,14,24,0
2176,55,14,24,0
2177,55,14,24,0
2178,55,14,24,0
2179,55,14,24,0
2180,55,14,24,0
2181,55,14,24,0
2182,55,14,24,0
2183,55,14,24,0
2184,55,14,24,0
2185,55,14,24,0
2186,55,14,24,0
2187,55,14,24,0
2188,55,14,24,0
2189,55,14,24,0
2190,55,14,24,0
2191,55,14,24,0
2192,55,14,24,0
2193,55,14,24,0
2194,55,14,24,0
2195,55,14,24,0
2196,55,14,24,0
2197,55,14,24,0
2198,55,14,24,0
2199,55,14,24,0
2200,55,14,24,0
2201,55,14,24,0
2202,55,14,24,0
2203,55,14,24,0
2204,55,14,24,0
2205,55,14,24,0
2206,55,14,24,0
2207,55,14,24,0
2208,55,14,24,0
2209,55,14,24,0
2210,55,14,24,0
2211,55,14,24,0
2212,55,14,24,0
2213,55,14,24,0
2214,55,14,24,0
2215,55,14,24,0
2216,55,14,24,0
2217,55,14,24,0
2218,55,14,24,0
2219,55,14,24,0
2220,55,14,24,0
2221,55,14,24,0
2222,55,14,24,0
2223,55,14,24,0
2224,55,14,24,0
2225,55,14,24,0
2226,55,14,24,0
2227,55,14,24,0
2228,55,14,24,0
2229,55,14,24,0
2230,55,14,24,0
2231,55,14,24,0
2232,55,14,24,0
2233,55,14,24,0
2234,55,14,24,0
2235,55,14,24,0
2236,55,14,24,0
2237,55,14,24,0
2238,55,14,24,0
2239,55,14,24,0
2240,55,14,24,0
2241,55,14,24,0
2242,55,14,24,0
2243,55,14,24,0
2244,55,14,24,0
2245,55,14,24,0
2246,55,14,24,0
2247,55,14,24,0
2248,55,14,24,0
2249,55,14,24,0
2250,55,14,24,0
2251,55,14,24,0
2252,55,14,24,0
2253,55,14,24,0
2254,55,14,24,0
2255,55,14,24,0
2256,55,14,24,0
2257,55,14,24,0
2258,55,14,24,0
2259,55,14,24,0
2260,55,14,24,0
2261,55,14,24,0
2262,55,14,24,0
2263,55,14,24,0
2264,55,14,24,0
2265,55,14,24,0
2266,55,14,24,0
2267,55,14,24,0
2268,55,14,24,0
2269,55,14,24,0
2270,55,14,24,0
2271,55,14,24,0
2272,55,14,24,0
2273,55,14,24,0
2274,55,14,24,0
2275,55,14,24,0
2276,55,14,24,0
2277,55,14,24,0
2278,55,14,24,0
2279,55,14,24,0
2280,55,14,24,0
2281,55,14,24,0
2282,55,14,24,0
2283,55,14,24,0
2284,55,14,24,0
2285,55,14,24,0
2286,55,14,24,0
2287,55,14,24,0
2288,55,14,24,0
2289,55,14,24,0
2290,55,14,24,0
2291,55,14,24,0
2292,55,14,24,0
2293,55,14,24,0
2294,55,14,24,0
2295,55,14,24,0
2296,55,14,24,0
2297,55,14,24,0
2298,55,14,24,0
2299,55,14,24,0
2300,55,14,24,0
2301,55,14,24,0
2302,55,14,24,0
2303,55,14,24,0
2304,55,14,24,0
2305,55,14,24,0
2306,55,14,24,0
2307,55,14,24,0
2308,55,14,24,0
2309,55,14,24,0
2310,55,14,24,0
2311,55,14,24,0
2312,55,14,24,0
2313,55,14,24,0
2314,55,14,24,0
2315,55,14,24,0
2316,55,14,24,0
2317,55,14,24,0
2318,55,14,24,0
2319,55,14,24,0
2320,55,14,24,0
2321,55,14,24,0
2322,55,14,24,0
2323,55,14,24,0
2324,55,14,24,0
2325,55,14,24,0
2326,55,14,24,0
2327,55,14,24,0
2328,55,14,24,0
2329,55,14,24,0
2330,55,14,24,0
2331,55,14,24,0
2332,55,14,24,0
2333,55,14,24,0
2334,55,14,24,0
2335,55,14,24,0
2336,55,14,24,0
2337,55,14,24,0
2338,55,14,24,0
2339,55,14,24,0
2340,55,14,24,0
2341,55,14,24,0
2342,55,14,24,0
2343,55,14,24,0
2344,55,14,24,0
2345,55,14,24,0
2346,55,14,24,0
2347,55,14,24,0
2348,55,14,24,0
2349,55,14,24,0
2350,55,14,24,0
2351,55,14,24,0
2352,55,14,24,0
2353,55,14,24,0
2354,55,14,24,0
2355,55,14,24,0
2356,55,14,24,0
2357,55,14,24,0
2358,55,14,24,0
2359,55,14,24,0
2360,55,14,24,0
2361,55,14,24,0
2362,55,14,24,0
2363,55,14,24,0
2364,55,14,24,0
2365,55,14,24,0
2366,55,14,24,0
2367,55,14,24,0
2368,55,14,24,0
2369,55,14,24,0
2370,55,14,24,0
2371,55,14,24,0
2372,55,14,24,0
2373,55,14,24,0
2374,55,14,24,0
2375,55,14,24,0
2376,55,14,24,0
2377,55,14,24,0
2378,55,14,24,0
2379,55,14,24,0
2380,55,14,24,0
2381,55,14,24,0
2382,55,14,24,0
2383,55,14,24,0
2384,55,14,24,0
2385,55,14,24,0
2386,55,14,24,0
2387,55,14,24,0
2388,55,14,24,0
2389,55,14,24,0
2390,55,14,24,0
2391,55,14,24,0
2392,55,14,24,0
2393,55,14,24,0
2394,55,14,24,0
2395,55,14,24,0
2396,55,14,24,0
2397,55,14,24,0
2398,55,14,24,0
2399,55,14,24,0
2400,55,14,24,0
2401,55,14,24,0
2402,55,14,24,0
2403,55,14,24,0
2404,55,14,24,0
2405,55,14,24,0
2406,55,14,24,0
2407,55,14,24,0
2408,55,14,24,0
2409,55,14,24,0
2410,55,14,24,0
2411,55,14,24,0
2412,55,14,24,0
2413,55,14,24,0
2414,55,14,24,0
2415,55,14,24,0
2416,55,14,24,0
2417,55,14,24,0
2418,55,14,24,0
2419,55,14,24,0
2420,55,14,24,0
2421,55,14,24,0
2422,55,14,24,0
2423,55,14,24,0
2424,55,14,24,0
2425,55,14,24,0
2426,55,14,24,0
2427,55,14,24,0
2428,55,14,24,0
2429,55,14,24,0
2430,55,14,24,0
2431,55,14,24,0
2432,55,14,24,0
2433,55,14,24,0
2434,55,14,24,0
2435,55,14,24,0
2436,55,14,24,0
2437,55,14,24,0
2438,55,14,24,0
2439,55,14,24,0
2440,55,14,24,0
2441,55,14,24,0
2442,55,14,24,0
2443,55,14,24,0
2444,55,14,24,0
2445,55,14,24,0
2446,55,14,24,0
2447,55,14,24,0
2448,55,14,24,0
2449,55,14,24,0
2450,55,14,24,0
2451,55,14,24,0
2452,55,14,24,0
2453,55,14,24,0
2454,55,14,24,0
2455,55,14,24,0
2456,55,14,24,0
2457,55,14,24,0
2458,55,14,24,0
2459,55,14,24,0
2460,55,14,24,0
2461,55,14,24,0
2462,55,14,24,0
2463,55,14,24,0
2464,55,14,24,0
2465,55,14,24,0
2466,55,14,24,0
2467,55,14,24,0
2468,55,14,24,0
2469,55,14,24,0
2470,55,14,24,0
2471,55,14,24,0
2472,55,14,24,0
2473,55,14,24,0
2474,55,14,24,0
2475,55,14,24,0
2476,55,14,24,0
2477,55,14,24,0
2478,55,14,24,0
2479,55,14,24,0
2480,55,14,24,0
2481,55,14,24,0
2482,55,14,24,0
2483,55,14,24,0
2484,55,14,24,0
2485,55,14,24,0
2486,55,14,24,0
2487,55,14,24,0
2488,55,14,24,0
2489,55,14,24,0
2490,55,14,24,0
2491,55,14,24,0
2492,55,14,24,0
2493,55,14,24,0
2494,55,14,24,0
2495,55,14,24,0
2496,55,14,24,0
2497,55,14,24,0
2498,55,14,24,0
2499,55,14,24,0
2500,55,14,24,0
2501,55,14,24,0
2502,55,14,24,0
2503,55,14,24,0
2504,55,14,24,0
2505,55,14,24,0
2506,55,14,24,0
2507,55,14,24,0
2508,55,14,24,0
2509,55,14,24,0
2510,55,14,24,0
2511,55,14,24,0
2512,55,14,24,0
2513,55,14,24,0
2514,55,14,24,0
2515,55,14,24,0
2516,55,14,24,0
2517,55,14,24,0
2518,55,14,24,0
2519,55,14,24,0
2520,55,14,24,0
2521,55,14,24,0
2522,55,14,24,0
2523,55,14,24,0
2524,55,14,24,0
2525,55,14,24,0
2526,55,14,24,0
2527,55,14,24,0
2528,55,14,24,0
2529,55,14,24,0
2530,55,14,24,0
2531,55,14,24,0
2532,55,14,24,0
2533,55,14,24,0
2534,55,14,24,0
2535,55,14,24,0
2536,55,14,24,0
2537,55,14,24,0
2538,55,14,24,0
2539,55,14,24,0
2540,55,14,24,0
2541,55,14,24,0
2542,55,14,24,0
2543,55,14,24,0
2544,55,14,24,0
2545,55,14,24,0
2546,55,14,24,0
2547,55,14,24,0
2548,55,14,24,0
2549,55,14,24,0
2550,55,14,24,0
2551,55,14,24,0
2552,55,14,24,0
2553,55,14,24,0
2554,55,14,24,0
2555,55,14,24,0
2556,55,14,24,0
2557,55,14,24,0
2558,55,14,24,0
2559,55,14,24,0
2560,55,14,24,0
2561,55,14,24,0
2562,55,14,24,0
2563,55,14,24,0
2564,55,14,24,0
2565,55,14,24,0
2566,55,14,24,0
2567,55,14,24,0
2568,55,14,24,0
2569,55,14,24,0
2570,55,14,24,0
2571,55,14,24,0
2572,55,14,24,0
2573,55,14,24,0
2574,55,14,24,0
2575,55,14,24,0
2576,55,14,24,0
2577,55,14,24,0
2578,55,14,24,0
2579,55,14,24,0
2580,55,14,24,0
2581,55,14,24,0
2582,55,14,24,0
2583,55,14,24,0
2584,55,14,24,0
2585,55,14,24,0
2586,55,14,24,0
2587,55,14,24,0
2588,55,14,24,0
2589,55,14,24,0
2590,55,14,24,0
2591,55,14,24,0
2592,55,14,24,0
2593,55,14,24,0
2594,55,14,24,0
2595,55,14,24,0
2596,55,14,24,0
2597,55,14,24,0
2598,55,14,24,0
2599,55,14,24,0
2600,55,14,24,0
2601,55,14,24,0
2602,55,14,24,0
2603,55,14,24,0
2604,55,14,24,0
2605,55,14,24,0
2606,55,14,24,0
2607,55,14,24,0
2608,55,14,24,0
2609,55,14,24,0
2610,55,14,24,0
2611,55,14,24,0
2612,55,14,24,0
2613,55,14,24,0
2614,55,14,24,0
2615,55,14,24,0
2616,55,14,24,0
2617,55,14,24,0
2618,55,14,24,0
2619,55,14,24,0
2620,55,14,24,0
2621,55,14,24,0
2622,55,14,24,0
2623,55,14,24,0
2624,55,14,24,0
2625,55,14,24,0
2626,55,14,24,0
2627,55,14,24,0
2628,55,14,24,0
2629,55,14,24,0
2630,55,14,24,0
2631,55,14,24,0
2632,55,14,24,0
2633,55,14,24,0
2634,55,14,24,0
2635,55,14,24,0
2636,55,14,24,0
2637,55,14,24,0
2638,55,14,24,0
2639,55,14,24,0
2640,55,14,24,0
2641,55,14,24,0
2642,55,14,24,0
2643,55,14,24,0
2644,55,14,24,0
2645,55,14,24,0
2646,55,14,24,0
2647,55,14,24,0
2648,55,14,24,0
2649,55,14,24,0
2650,55,14,24,0
2651,55,14,24,0
2652,55,14,24,0
2653,55,14,24,0
2654,55,14,24,0
2655,55,14,24,0
2656,55,14,24,0
2657,55,14,24,0
2658,55,14,24,0
2659,55,14,24,0
2660,55,14,24,0
2661,55,14,24,0
2662,55,14,24,0
2663,55,14,24,0
2664,55,14,24,0
2665,55,14,24,0
2666,55,14,24,0
2667,55,14,24,0
2668,55,14,24,0
2669,55,14,24,0
2670,55,14,24,0
2671,55,14,24,0
2672,55,14,24,0
2673,55,14,24,0
2674,55,14,24,0
2675,55,14,24,0
2676,55,14,24,0
2677,55,14,24,0
2678,55,14,24,0
2679,55,14,24,0
2680,55,14,24,0
2681,55,14,24,0
2682,55,14,24,0
2683,55,14,24,0
2684,55,14,24,0
2685,55,14,24,0
2686,55,14,24,0
2687,55,14,24,0
2688,55,14,24,0
2689,55,14,24,0
2690,55,14,24,0
2691,55,14,24,0
2692,55,14,24,0
2693,55,14,24,0
2694,55,14,24,0
2695,55,14,24,0
2696,55,14,24,0
2697,55,14,24,0
2698,55,14,24,0
2699,55,14,24,0
2700,55,14,24,0
2701,55,14,24,0
2702,55,14,24,0
2703,55,14,24,0
2704,55,14,24,0
2705,55,14,24,0
2706,55,14,24,0
2707,55,14,24,0
2708,55,14,24,0
2709,55,14,24,0
2710,55,14,24,0
2711,55,14,24,0
2712,55,14,24,0
2713,55,14,24,0
2714,55,14,24,0
2715,55,14,24,0
2716,55,14,24,0
2717,55,14,24,0
2718,55,14,24,0
2719,55,14,24,0
2720,55,14,24,0
2721,55,14,24,0
2722,55,14,24,0
2723,55,14,24,0
2724,55,14,24,0
2725,55,14,24,0
2726,55,14,24,0
2727,55,14,24,0
2728,55,14,24,0
2729,55,14,24,0
2730,55,14,24,0
2731,55,14,24,0
2732,55,14,24,0
2733,55,14,24,0
2734,55,14,24,0
2735,55,14,24,0
2736,55,14,24,0
2737,55,14,24,0
2738,55,14,24,0
2739,55,14,24,0
2740,55,14,24,0
2741,55,14,24,0
2742,55,14,24,0
2743,55,14,24,0
2744,55,14,24,0
2745,55,14,24,0
2746,55,14,24,0
2747,55,14,24,0
2748,55,14,24,0
2749,55,14,24,0
2750,55,14,24,0
2751,55,14,24,0
2752,55,14,24,0
2753,55,14,24,0
2754,55,14,24,0
2755,55,14,24,0
2756,55,14,24,0
2757,55,14,24,0
2758,55,14,24,0
2759,55,14,24,0
2760,55,14,24,0
2761,55,14,24,0
2762,55,14,24,0
2763,55,14,24,0
2764,55,14,24,0
2765,55,14,24,0
2766,55,14,24,0
2767,55,14,24,0
2768,55,14,24,0
2769,55,14,24,0
2770,55,14,24,0
2771,55,14,24,0
2772,55,14,24,0
2773,55,14,24,0
2774,55,14,24,0
2775,55,14,24,0
2776,55,14,24,0
2777,55,14,24,0
2778,55,14,24,0
2779,55,14,24,0
2780,55,14,24,0
2781,55,14,24,0
2782,55,14,24,0
2783,55,14,24,0
2784,55,14,24,0
2785,55,14,24,0
2786,55,14,24,0
2787,55,14,24,0
2788,55,14,24,0
2789,55,14,24,0
2790,55,14,24,0
2791,55,14,24,0
2792,55,14,24,0
2793,55,14,24,0
2794,55,14,24,0
2795,55,14,24,0
2796,55,14,24,0
2797,55,14,24,0
2798,55,14,24,0
2799,55,14,24,0
2800,55,14,24,0
2801,55,14,24,0
2802,55,14,24,0
2803,55,14,24,0
2804,55,14,24,0
2805,55,14,24,0
2806,55,14,24,0
2807,55,14,24,0
2808,55,14,24,0
2809,55,14,24,0
2810,55,14,24,0
2811,55,14,24,0
2812,55,14,24,0
2813,55,14,24,0
2814,55,14,24,0
2815,55,14,24,0
2816,55,14,24,0
2817,55,14,24,0
2818,55,14,24,0
2819,55,14,24,0
2820,55,14,24,0
2821,55,14,24,0
2822,55,14,24,0
2823,55,14,24,0
2824,55,14,24,0
2825,55,14,24,0
2826,55,14,24,0
2827,55,14,24,0
2828,55,14,24,0
2829,55,14,24,0
2830,55,14,24,0
2831,55,14,24,0
2832,55,14,24,0
2833,55,14,24,0
2834,55,14,24,0
2835,55,14,24,0
2836,55,14,24,0
2837,55,14,24,0
2838,55,14,24,0
2839,55,14,24,0
2840,55,14,24,0
2841,55,14,24,0
2842,55,14,24,0
2843,55,14,24,0
2844,55,14,24,0
2845,55,14,24,0
2846,55,14,24,0
2847,55,14,24,0
2848,55,14,24,0
2849,55,14,24,0
2850,55,14,24,0
2851,55,14,24,0
2852,55,14,24,0
2853,55,14,24,0
2854,55,14,24,0
2855,55,14,24,0
2856,55,14,24,0
2857,55,14,24,0
2858,55,14,24,0
2859,55,14,24,0
2860,55,14,24,0
2861,55,14,24,0
2862,55,14,24,0
2863,55,14,24,0
2864,55,14,24,0
2865,55,14,24,0
2866,55,14,24,0
2867,55,14,24,0
2868,55,14,24,0
2869,55,14,24,0
2870,55,14,24,0
2871,55,14,24,0
2872,55,14,24,0
2873,55,14,24,0
2874,55,14,24,0
2875,55,14,24,0
2876,55,14,24,0
2877,55,14,24,0
2878,55,14,24,0
2879,55,14,24,0
2880,55,14,24,0
2881,55,14,24,0
2882,55,14,24,0
2883,55,14,24,0
2884,55,14,24,0
2885,55,14,24,0
2886,55,14,24,0
2887,55,14,24,0
2888,55,14,24,0
2889,55,14,24,0
2890,55,14,24,0
2891,55,14,24,0
2892,55,14,24,0
2893,55,14,24,0
2894,55,14,24,0
2895,55,14,24,0
2896,55,14,24,0
2897,55,14,24,0
2898,55,14,24,0
2899,55,14,24,0
2900,55,14,24,0
2901,55,14,24,0
2902,55,14,24,0
2903,55,14,24,0
2904,55,14,24,0
2905,55,14,24,0
2906,55,14,24,0
2907,55,14,24,0
2908,55,14,24,0
2909,55,14,24,0
2910,55,14,24,0
2911,55,14,24,0
2912,55,14,24,0
2913,55,14,24,0
2914,55,14,24,0
2915,55,14,24,0
2916,55,14,24,0
2917,55,14,24,0
2918,55,14,24,0
2919,55,14,24,0
2920,55,14,24,0
2921,55,14,24,0
2922,55,14,24,0
2923,55,14,24,0
2924,55,14,24,0
2925,55,14,24,0
2926,55,14,24,0
2927,55,14,24,0
2928,55,14,24,0
2929,55,14,24,0
2930,55,14,24,0
2931,55,14,24,0
2932,55,14,24,0
2933,55,14,24,0
2934,55,14,24,0
2935,55,14,24,0
2936,55,14,24,0
2937,55,14,24,0
2938,55,14,24,0
2939,55,14,24,0
2940,55,14,24,0
2941,55,14,24,0
2942,55,14,24,0
2943,55,14,24,0
2944,55,14,24,0
2945,55,14,24,0
2946,55,14,24,0
2947,55,14,24,0
2948,55,14,24,0
2949,55,14,24,0
2950,55,14,24,0
2951,55,14,24,0
2952,55,14,24,0
2953,55,14,24,0
2954,55,14,24,0
2955,55,14,24,0
2956,55,14,24,0
2957,55,14,24,0
2958,55,14,24,0
2959,55,14,24,0
2960,55,14,24,0
2961,55,14,24,0
2962,55,14,24,0
2963,55,14,24,0
2964,55,14,24,0
2965,55,14,24,0
2966,55,14,24,0
2967,55,14,24,0
2968,55,14,24,0
2969,55,14,24,0
2970,55,14,24,0
2971,55,14,24,0
2972,55,14,24,0
2973,55,14,24,0
2974,55,14,24,0
2975,55,14,24,0
2976,55,14,24,0
2977,55,14,24,0
2978,55,14,24,0
2979,55,14,24,0
2980,55,14,24,0
2981,55,14,24,0
2982,55,14,24,0
2983,55,14,24,0
2984,55,14,24,0
2985,55,14,24,0
2986,55,14,24,0
2987,55,14,24,0
2988,57,15,25,0
2989,57,15,25,0
2990,57,15,25,0
2991,57,15,25,0
2992,57,15,25,0
2993,57,15,25,0
2994,57,15,25,0
2995,57,15,25,0
2996,57,15,25,0
2997,57,15,25,0
2998,57,15,25,0
2999,57,15,25,0
3000,57,15,25,0
3001,57,15,25,0
3002,57,15,25,0
3003,57,15,25,0
3004,57,15,25,0
3005,57,15,25,0
3006,57,15,25,0
3007,57,15,25,0
3008,57,15,25,0
3009,57,15,25,0
3010,57,15,25,0
3011,57,15,25,0
3012,57,15,25,0
3013,57,15,25,0
3014,57,15,25,0
3015,57,15,25,0
3016,57,15,25,0
3017,57,15,25,0
3018,57,15,25,0
3019,57,15,25,0
3020,57,15,25,0
3021,57,15,25,0
3022,57,15,25,0
3023,57,15,25,0
3024,57,15,25,0
3025,57,15,25,0
3026,57,15,25,0
3027,57,15,25,0
3028,57,15,25,0
3029,57,15,25,0
3030,57,15,25,0
3031,57,15,25,0
3032,57,15,25,0
3033,57,15,25,0
3034,57,15,25,0
3035,57,15,25,0
3036,57,15,25,0
3037,57,15,25,0
3038,57,15,25,0
3039,57,15,25,0
3040,57,15,25,0
3041,57,15,25,0
3042,57,15,25,0
3043,57,15,25,0
3044,57,15,25,0
3045,57,15,25,0
3046,57,15,25,0
3047,57,15,25,0
3048,57,15,25,0
3049,57,15,25,0
3050,57,15,25,0
3051,57,15,25,0
3052,57,15,25,0
3053,57,15,25,0
3054,57,15,25,0
3055,57,15,25,0
3056,57,15,25,0
3057,57,15,25,0
3058,57,15,25,0
3059,57,15,25,0
3060,57,15,25,0
3061,57,15,25,0
3062,57,15,25,0
3063,57,15,25,0
3064,57,15,25,0
3065,57,15,25,0
3066,57,15,25,0
3067,57,15,25,0
3068,57,15,25,0
3069,57,15,25,0
3070,57,15,25,0
3071,57,15,25,0
3072,57,15,25,0
3073,57,15,25,0
3074,57,15,25,0
3075,57,15,25,0
3076,57,15,25,0
3077,57,15,25,0
3078,57,15,25,0
3079,57,15,25,0
3080,57,15,25,0
3081,57,15,25,0
3082,57,15,25,0
3083,57,15,25,0
3084,57,15,25,0
3085,57,15,25,0
3086,57,15,25,0
3087,57,15,25,0
3088,57,15,25,0
3089,57,15,25,0
3090,57,15,25,0
3091,57,15,25,0
3092,57,15,25,0
3093,57,15,25,0
3094,57,15,25,0
3095,57,15,25,0
3096,57,15,25,0
3097,57,15,25,0
3098,57,15,25,0
3099,57,15,25,0
3100,57,15,25,0
3101,57,15,25,0
3102,57,15,25,0
3103,57,15,25,0
3104,57,15,25,0
3105,57,15,25,0
3106,57,15,25,0
3107,57,15,25,0
3108,57,15,25,0
3109,57,15,25,0
3110,57,15,25,0
3111,57,15,25,0
3112,57,15,25,0
3113,57,15,25,0
3114,57,15,25,0
3115,57,15,25,0
3116,57,15,25,0
3117,57,15,25,0
3118,57,15,25,0
3119,57,15,25,0
3120,57,15,25,0
3121,57,15,25,0
3122,57,15,25,0
3123,57,15,25,0
3124,57,15,25,0
3125,57,15,25,0
3126,57,15,25,0
3127,57,15,25,0
3128,57,15,25,0
3129,57,15,25,0
3130,57,15,25,0
3131,57,15,25,0
3132,57,15,25,0
3133,57,15,25,0
3134,57,15,25,0
3135,57,15,25,0
3136,57,15,25,0
3137,57,15,25,0
3138,57,15,25,0
3139,57,15,25,0
3140,57,15,25,0
3141,57,15,25,0
3142,57,15,25,0
3143,57,15,25,0
3144,57,15,25,0
3145,57,15,25,0
3146,57,15,25,0
3147,57,15,25,0
3148,57,15,25,0
3149,57,15,25,0
3150,57,15,25,0
3151,57,15,25,0
3152,57,15,25,0
3153,57,15,25,0
3154,57,15,25,0
3155,57,15,25,0
3156,57,15,25,0
3157,57,15,25,0
3158,57,15,25,0
3159,57,15,25,0
3160,57,15,25,0
3161,57,15,25,0
3162,57,15,25,0
3163,57,15,25,0
3164,57,15,25,0
3165,57,15,25,0
3166,57,15,25,0
3167,57,15,25,0
3168,57,15,25,0
3169,57,15,25,0
3170,57,15,25,0
3171,57,15,25,0
3172,57,15,25,0
3173,57,15,25,0
3174,57,15,25,0
3175,57,15,25,0
3176,57,15,25,0
3177,57,15,25,0
3178,57,15,25,0
3179,57,15,25,0
3180,57,15,25,0
3181,57,15,25,0
3182,57,15,25,0
3183,57,15,25,0
3184,57,15,25,0
3185,57,15,25,0
3186,57,15,25,0
3187,57,15,25,0
3188,57,15,25,0
3189,57,15,25,0
3190,57,15,25,0
3191,57,15,25,0
3192,57,15,25,0
3193,57,15,25,0
3194,57,15,25,0
3195,57,15,25,0
3196,57,15,25,0
3197,57,15,25,0
3198,57,15,25,0
3199,57,15,25,0
3200,57,15,25,0
3201,57,15,25,0
3202,57,15,25,0
3203,57,15,25,0
3204,57,15,25,0
3205,57,15,25,0
3206,57,15,25,0
3207,57,15,25,0
3208,57,15,25,0
3209,57,15,25,0
3210,57,15,25,0
3211,57,15,25,0
3212,57,15,25,0
3213,57,15,25,0
3214,57,15,25,0
3215,57,15,25,0
3216,57,15,25,0
3217,57,15,25,0
3218,57,15,25,0
3219,57,15,25,0
3220,57,15,25,0
3221,57,15,25,0
3222,57,15,25,0
3223,57,15,25,0
3224,57,15,25,0
3225,57,15,25,0
3226,57,15,25,0
3227,57,15,25,0
3228,57,15,25,0
3229,57,15,25,0
3230,57,15,25,0
3231,57,15,25,0
3232,57,15,25,0
3233,57,15,25,0
3234,57,15,25,0
3235,57,15,25,0
3236,57,15,25,0
3237,57,15,25,0
3238,57,15,25,0
3239,57,15,25,0
3240,57,15,25,0
3241,57,15,25,0
3242,57,15,25,0
3243,57,15,25,0
3244,57,15,25,0
3245,57,15,25,0
3246,57,15,25,0
3247,57,15,25,0
3248,57,15,25,0
3249,57,15,25,0
3250,57,15,25,0
3251,57,15,25,0
3252,57,15,25,0
3253,57,15,25,0
3254,57,15,25,0
3255,57,15,25,0
3256,57,15,25,0
3257,57,15,25,0
3258,57,15,25,0
3259,57,15,25,0
3260,57,15,25,0
3261,57,15,25,0
3262,57,15,25,0
3263,57,15,25,0
3264,57,15,25,0
3265,57,15,25,0
3266,57,15,25,0
3267,57,15,25,0
3268,57,15,25,0
3269,57,15,25,0
3270,57,15,25,0
3271,57,15,25,0
3272,57,15,25,0
3273,57,15,25,0
3274,57,15,25,0
3275,57,15,25,0
3276,57,15,25,0
3277,57,15,25,0
3278,57,15,25,0
3279,57,15,25,0
3280,57,15,25,0
3281,57,15,25,0
3282,57,15,25,0
3283,57,15,25,0
3284,57,15,25,0
3285,57,15,25,0
3286,57,15,25,0
3287,57,15,25,0
3288,57,15,25,0
3289,57,15,25,0
3290,57,15,25,0
3291,57,15,25,0
3292,57,15,25,0
3293,57,15,25,0
3294,57,15,25,0
3295,57,15,25,0
3296,57,15,25,0
3297,57,15,25,0
3298,57,15,25,0
3299,57,15,25,0
3300,57,15,25,0
3301,57,15,25,0
3302,57,15,25,0
3303,57,15,25,0
3304,57,15,25,0
3305,57,15,25,0
3306,57,15,25,0
3307,57,15,25,0
3308,57,15,25,0
3309,57,15,25,0
3310,57,15,25,0
3311,57,15,25,0
3312,57,15,25,0
3313,57,15,25,0
3314,57,15,25,0
3315,57,15,25,0
3316,57,15,25,0
3317,57,15,25,0
3318,57,15,25,0
3319,57,15,25,0
3320,57,15,25,0
3321,57,15,25,0
3322,57,15,25,0
3323,57,15,25,0
3324,57,15,25,0
3325,57,15,25,0
3326,57,15,25,0
3327,57,15,25,0
3328,57,15,25,0
3329,57,15,25,0
3330,57,15,25,0
3331,57,15,25,0
3332,57,15,25,0
3333,57,15,25,0
3334,57,15,25,0
3335,57,15,25,0
3336,57,15,25,0
3337,57,15,25,0
3338,57,15,25,0
3339,57,15,25,0
3340,57,15,25,0
3341,57,15,25,0
3342,57,15,25,0
3343,57,15,25,0
3344,57,15,25,0
3345,57,15,25,0
3346,57,15,25,0
3347,57,15,25,0
3348,57,15,25,0
3349,57,15,25,0
3350,57,15,25,0
3351,57,15,25,0
3352,57,15,25,0
3353,57,15,25,0
3354,57,15,25,0
3355,57,15,25,0
3356,57,15,25,0
3357,57,15,25,0
3358,57,15,25,0
3359,57,15,25,0
3360,57,15,25,0
3361,57,15,25,0
3362,57,15,25,0
3363,57,15,25,0
3364,57,15,25,0
3365,57,15,25,0
3366,57,15,25,0
3367,57,15,25,0
3368,57,15,25,0
3369,57,15,25,0
3370,57,15,25,0
3371,57,15,25,0
3372,57,15,25,0
3373,57,15,25,0
3374,57,15,25,0
3375,57,15,25,0
3376,57,15,25,0
3377,57,15,25,0
3378,57,15,25,0
3379,57,15,25,0
3380,57,15,25,0
3381,57,15,25,0
3382,57,15,25,0
3383,57,15,25,0
3384,57,15,25,0
3385,57,15,25,0
3386,57,15,25,0
3387,57,15,25,0
3388,57,15,25,0
3389,57,15,25,0
3390,57,15,25,0
3391,57,15,25,0
3392,57,15,25,0
3393,57,15,25,0
3394,57,15,25,0
3395,57,15,25,0
3396,57,15,25,0
3397,57,15,25,0
3398,57,15,25,0
3399,57,15,25,0
3400,57,15,25,0
3401,57,15,25,0
3402,57,15,25,0
3403,57,15,25,0
3404,57,15,25,0
3405,57,15,25,0
3406,57,15,25,0
3407,57,15,25,0
3408,57,15,25,0
3409,57,15,25,0
3410,57,15,25,0
3411,57,15,25,0
3412,57,15,25,0
3413,57,15,25,0
3414,57,15,25,0
3415,57,15,25,0
3416,57,15,25,0
3417,57,15,25,0
3418,57,15,25,0
3419,57,15,25,0
3420,57,15,25,0
3421,57,15,25,0
3422,57,15,25,0
3423,57,15,25,0
3424,57,15,25,0
3425,57,15,25,0
3426,57,15,25,0
3427,57,15,25,0
3428,57,15,25,0
3429,57,15,25,0
3430,57,15,25,0
3431,57,15,25,0
3432,57,15,25,0
3433,57,15,25,0
3434,57,15,25,0
3435,57,15,25,0
3436,57,15,25,0
3437,57,15,25,0
3438,57,15,25,0
3439,57,15,25,0
3440,57,15,25,0
3441,57,15,25,0
3442,57,15,25,0
3443,57,15,25,0
3444,57,15,25,0
3445,57,15,25,0
3446,57,15,25,0
3447,57,15,25,0
3448,57,15,25,0
3449,57,15,25,0
3450,57,15,25,0
3451,57,15,25,0
3452,57,15,25,0
3453,57,15,25,0
3454,57,15,25,0
3455,57,15,25,0
3456,57,15,25,0
3457,57,15,25,0
3458,57,15,25,0
3459,57,15,25,0
3460,57,15,25,0
3461,57,15,25,0
3462,57,15,25,0
3463,57,15,25,0
3464,57,15,25,0
3465,57,15,25,0
3466,57,15,25,0
3467,57,15,25,0
3468,57,15,25,0
3469,57,15,25,0
3470,57,15,25,0
3471,57,15,25,0
3472,57,15,25,0
3473,57,15,25,0
3474,57,15,25,0
3475,57,15,25,0
3476,57,15,25,0
3477,57,15,25,0
3478,57,15,25,0
3479,57,15,25,0
3480,57,15,25,0
3481,57,15,25,0
3482,57,15,25,0
3483,57,15,25,0
3484,57,15,25,0
3485,57,15,25,0
3486,57,15,25,0
3487,57,15,25,0
3488,57,15,25,0
3489,57,15,25,0
3490,57,15,25,0
3491,57,15,25,0
3492,57,15,25,0
3493,57,15,25,0
3494,57,15,25,0
3495,57,15,25,0
3496,57,15,25,0
3497,57,15,25,0
3498,57,15,25,0
3499,57,15,25,0
3500,57,15,25,0
3501,57,15,25,0
3502,57,15,25,0
3503,57,15,25,0
3504,57,15,25,0
3505,57,15,25,0
3506,57,15,25,0
3507,57,15,25,0
3508,57,15,25,0
3509,57,15,25,0
3510,57,15,25,0
3511,57,15,25,0
3512,57,15,25,0
3513,57,15,25,0
3514,57,15,25,0
3515,57,15,25,0
3516,57,15,25,0
3517,57,15,25,0
3518,57,15,25,0
3519,57,15,25,0
3520,57,15,25,0
3521,57,15,25,0
3522,57,15,25,0
3523,57,15,25,0
3524,57,15,25,0
3525,57,15,25,0
3526,57,15,25,0
3527,57,15,25,0
3528,57,15,25,0
3529,57,15,25,0
3530,57,15,25,0
3531,57,15,25,0
3532,57,15,25,0
3533,57,15,25,0
3534,57,15,25,0
3535,57,15,25,0
3536,57,15,25,0
3537,57,15,25,0
3538,57,15,25,0
3539,57,15,25,0
3540,57,15,25,0
3541,57,15,25,0
3542,57,15,25,0
3543,57,15,25,0
3544,57,15,25,0
3545,57,15,25,0
3546,57,15,25,0
3547,57,15,25,0
3548,57,15,25,0
3549,57,15,25,0
3550,57,15,25,0
3551,57,15,25,0
3552,57,15,25,0
3553,57,15,25,0
3554,57,15,25,0
3555,57,15,25,0
3556,57,15,25,0
3557,57,15,25,0
3558,57,15,25,0
3559,57,15,25,0
3560,57,15,25,0
3561,57,15,25,0
3562,57,15,25,0
3563,57,15,25,0
3564,57,15,25,0
3565,57,15,25,0
3566,57,15,25,0
3567,57,15,25,0
3568,57,15,25,0
3569,57,15,25,0
3570,57,15,25,0
3571,57,15,25,0
3572,57,15,25,0
3573,57,15,25,0
3574,57,15,25,0
3575,57,15,25,0
3576,57,15,25,0
3577,57,15,25,0
3578,57,15,25,0
3579,57,15,25,0
3580,57,15,25,0
3581,57,15,25,0
3582,57,15,25,0
3583,57,15,25,0
3584,57,15,25,0
3585,57,15,25,0
3586,57,15,25,0
3587,57,15,25,0
3588,57,15,25,0
3589,57,15,25,0
3590,57,15,25,0
3591,57,15,25,0
3592,57,15,25,0
3593,57,15,25,0
3594,57,15,25,0
3595,57,15,25,0
3596,57,15,25,0
3597,57,15,25,0
3598,57,15,25,0
3599,57,15,25,0
3600,57,15,25,0
3601,57,15,25,0
3602,57,15,25,0
3603,57,15,25,0
3604,57,15,25,0
3605,57,15,25,0
3606,57,15,25,0
3607,57,15,25,0
3608,57,15,25,0
3609,57,15,25,0
3610,57,15,25,0
3611,57,15,25,0
3612,57,15,25,0
3613,57,15,25,0
3614,57,15,25,0
3615,57,15,25,0
3616,57,15,25,0
3617,57,15,25,0
3618,57,15,25,0
3619,57,15,25,0
3620,57,15,25,0
3621,57,15,25,0
3622,57,15,25,0
3623,57,15,25,0
3624,57,15,25,0
3625,57,15,25,0
3626,57,15,25,0
3627,57,15,25,0
3628,57,15,25,0
3629,57,15,25,0
3630,57,15,25,0
3631,57,15,25,0
3632,57,15,25,0
3633,57,15,25,0
3634,57,15,25,0
3635,57,15,25,0
3636,57,15,25,0
3637,57,15,25,0
3638,57,15,25,0
3639,57,15,25,0
3640,57,15,25,0
3641,57,15,25,0
3642,57,15,25,0
3643,57,15,25,0
3644,57,15,25,0
3645,57,15,25,0
3646,57,15,25,0
3647,57,15,25,0
3648,57,15,25,0
3649,57,15,25,0
3650,57,15,25,0
3651,57,15,25,0
3652,57,15,25,0
3653,57,15,25,0
3654,57,15,25,0
3655,57,15,25,0
3656,57,15,25,0
3657,57,15,25,0
3658,57,15,25,0
3659,57,15,25,0
3660,57,15,25,0
3661,57,15,25,0
3662,57,15,25,0
3663,57,15,25,0
3664,57,15,25,0
3665,57,15,25,0
3666,57,15,25,0
3667,57,15,25,0
3668,57,15,25,0
3669,57,15,25,0
3670,57,15,25,0
3671,57,15,25,0
3672,57,15,25,0
3673,57,15,25,0
3674,57,15,25,0
3675,57,15,25,0
3676,57,15,25,0
3677,57,15,25,0
3678,57,15,25,0
3679,57,15,25,0
3680,57,15,25,0
3681,57,15,25,0
3682,57,15,25,0
3683,57,15,25,0
3684,57,15,25,0
3685,57,15,25,0
3686,57,15,25,0
3687,57,15,25,0
3688,57,15,25,0
3689,57,15,25,0
3690,57,15,25,0
3691,57,15,25,0
3692,57,15,25,0
3693,57,15,25,0
3694,57,15,25,0
3695,57,15,25,0
3696,57,15,25,0
3697,57,15,25,0
3698,57,15,25,0
3699,57,15,25,0
3700,57,15,25,0
3701,57,15,25,0
3702,57,15,25,0
3703,57,15,25,0
3704,57,15,25,0
3705,57,15,25,0
3706,57,15,25,0
3707,57,15,25,0
3708,57,15,25,0
3709,57,15,25,0
3710,57,15,25,0
3711,57,15,25,0
3712,57,15,25,0
3713,57,15,25,0
3714,57,15,25,0
3715,57,15,25,0
3716,57,15,25,0
3717,57,15,25,0
3718,57,15,25,0
3719,57,15,25,0
3720,57,15,25,0
3721,57,15,25,0
3722,57,15,25,0
3723,57,15,25,0
3724,57,15,25,0
3725,57,15,25,0
3726,57,15,25,0
3727,57,15,25,0
3728,57,15,25,0
3729,57,15,25,0
3730,57,15,25,0
3731,57,15,25,0
3732,57,15,25,0
3733,57,15,25,0
3734,57,15,25,0
3735,57,15,25,0
3736,57,15,25,0
3737,57,15,25,0
3738,57,15,25,0
3739,57,15,25,0
3740,57,15,25,0
3741,57,15,25,0
3742,57,15,25,0
3743,57,15,25,0
3744,57,15,25,0
3745,57,15,25,0
3746,57,15,25,0
3747,57,15,25,0
3748,57,15,25,0
3749,57,15,25,0
3750,57,15,25,0
3751,57,15,25,0
3752,57,15,25,0
3753,57,15,25,0
3754,57,15,25,0
3755,57,15,25,0
3756,57,15,25,0
3757,57,15,25,0
3758,57,15,25,0
3759,57,15,25,0
3760,57,15,25,0
3761,57,15,25,0
3762,57,15,25,0
3763,57,15,25,0
3764,57,15,25,0
3765,57,15,25,0
3766,57,15,25,0
3767,57,15,25,0
3768,57,15,25,0
3769,57,15,25,0
3770,57,15,25,0
3771,57,15,25,0
3772,57,15,25,0
3773,57,15,25,0
3774,57,15,25,0
3775,57,15,25,0
3776,57,15,25,0
3777,57,15,25,0
3778,57,15,25,0
3779,57,15,25,0
3780,57,15,25,0
3781,57,15,25,0
3782,57,15,25,0
3783,57,15,25,0
3784,57,15,25,0
3785,57,15,25,0
3786,57,15,25,0
3787,57,15,25,0
3788,57,15,25,0
3789,57,15,25,0
3790,57,15,25,0
3791,57,15,25,0
3792,57,15,25,0
3793,57,15,25,0
3794,57,15,25,0
3795,57,15,25,0
3796,57,15,25,0
3797,57,15,25,0
3798,57,15,25,0
3799,57,15,25,0
3800,57,15,25,0
3801,57,15,25,0
3802,57,15,25,0
3803,57,15,25,0
3804,57,15,25,0
3805,57,15,25,0
3806,57,15,25,0
3807,57,15,25,0
3808,57,15,25,0
3809,57,15,25,0
3810,57,15,25,0
3811,57,15,25,0
3812,57,15,25,0
3813,57,15,25,0
3814,57,15,25,0
3815,57,15,25,0
3816,57,15,25,0
3817,57,15,25,0
3818,57,15,25,0
3819,57,15,25,0
3820,57,15,25,0
3821,57,15,25,0
3822,57,15,25,0
3823,57,15,25,0
3824,57,15,25,0
3825,57,15,25,0
3826,57,15,25,0
3827,57,15,25,0
3828,57,15,25,0
3829,57,15,25,0
3830,57,15,25,0
3831,57,15,25,0
3832,57,15,25,0
3833,57,15,25,0
3834,57,15,25,0
3835,57,15,25,0
3836,57,15,25,0
3837,57,15,25,0
3838,57,15,25,0
3839,57,15,25,0
3840,57,15,25,0
3841,57,15,25,0
3842,57,15,25,0
3843,57,15,25,0
3844,57,15,25,0
3845,57,15,25,0
3846,57,15,25,0
3847,57,15,25,0
3848,57,15,25,0
3849,57,15,25,0
3850,57,15,25,0
3851,57,15,25,0
3852,57,15,25,0
3853,57,15,25,0
3854,57,15,25,0
3855,57,15,25,0
3856,57,15,25,0
3857,57,15,25,0
3858,57,15,25,0
3859,57,15,25,0
3860,57,15,25,0
3861,57,15,25,0
3862,57,15,25,0
3863,57,15,25,0
3864,57,15,25,0
3865,57,15,25,0
3866,57,15,25,0
3867,57,15,25,0
3868,57,15,25,0
3869,57,15,25,0
3870,57,15,25,0
3871,57,15,25,0
3872,57,15,25,0
3873,57,15,25,0
3874,57,15,25,0
3875,57,15,25,0
3876,57,15,25,0
3877,57,15,25,0
3878,57,15,25,0
3879,57,15,25,0
3880,57,15,25,0
3881,57,15,25,0
3882,57,15,25,0
3883,57,15,25,0
3884,57,15,25,0
3885,57,15,25,0
3886,57,15,25,0
3887,57,15,25,0
3888,57,15,25,0
3889,57,15,25,0
3890,57,15,25,0
3891,57,15,25,0
3892,57,15,25,0
3893,57,15,25,0
3894,57,15,25,0
3895,57,15,25,0
3896,57,15,25,0
3897,57,15,25,0
3898,57,15,25,0
3899,57,15,25,0
3900,57,15,25,0
3901,57,15,25,0
3902,57,15,25,0
3903,57,15,25,0
3904,57,15,25,0
3905,57,15,25,0
3906,57,15,25,0
3907,57,15,25,0
3908,57,15,25,0
3909,57,15,25,0
3910,57,15,25,0
3911,57,15,25,0
3912,57,15,25,0
3913,57,15,25,0
3914,57,15,25,0
3915,57,15,25,0
3916,57,15,25,0
3917,57,15,25,0
3918,57,15,25,0
3919,57,15,25,0
3920,57,15,25,0
3921,57,15,25,0
3922,57,15,25,0
3923,57,15,25,0
3924,57,15,25,0
3925,57,15,25,0
3926,57,15,25,0
3927,57,15,25,0
3928,57,15,25,0
3929,57,15,25,0
3930,57,15,25,0
3931,57,15,25,0
3932,57,15,25,0
3933,57,15,25,0
3934,57,15,25,0
3935,57,15,25,0
3936,57,15,25,0
3937,57,15,25,0
3938,57,15,25,0
3939,57,15,25,0
3940,57,15,25,0
3941,57,15,25,0
3942,57,15,25,0
3943,57,15,25,0
3944,57,15,25,0
3945,57,15,25,0
3946,57,15,25,0
3947,57,15,25,0
3948,57,15,25,0
3949,57,15,25,0
3950,57,15,25,0
3951,57,15,25,0
3952,57,15,25,0
3953,57,15,25,0
3954,57,15,25,0
3955,57,15,25,0
3956,57,15,25,0
3957,57,15,25,0
3958,57,15,25,0
3959,57,15,25,0
3960,57,15,25,0
3961,57,15,25,0
3962,57,15,25,0
3963,57,15,25,0
3964,57,15,25,0
3965,57,15,25,0
3966,57,15,25,0
3967,57,15,25,0
3968,57,15,25,0
3969,57,15,25,0
3970,57,15,25,0
3971,57,15,25,0
3972,57,15,25,0
3973,57,15,25,0
3974,57,15,25,0
3975,57,15,25,0
3976,57,15,25,0
3977,57,15,25,0
3978,57,15,25,0
3979,57,15,25,0
3980,57,15,25,0
3981,57,15,25,0
3982,57,15,25,0
3983,57,15,25,0
3984,57,15,25,0
3985,57,15,25,0
3986,57,15,25,0
3987,57,15,25,0
3988,57,15,25,0
3989,57,15,25,0
3990,57,15,25,0
3991,57,15,25,0
3992,57,15,25,0
3993,57,15,25,0
3994,57,15,25,0
3995,57,15,25,0
3996,57,15,25,0
3997,57,15,25,0
3998,57,15,25,0
3999,57,15,25,0
4000,57,15,25,0
4001,57,15,25,0
4002,57,15,25,0
4003,57,15,25,0
4004,57,15,25,0
4005,57,15,25,0
4006,57,15,25,0
4007,57,15,25,0
4008,57,15,25,0
4009,57,15,25,0
4010,57,15,25,0
4011,57,15,25,0
4012,57,15,25,0
4013,57,15,25,0
4014,57,15,25,0
4015,57,15,25,0
4016,57,15,25,0
4017,57,15,25,0
4018,57,15,25,0
4019,57,15,25,0
4020,57,15,25,0
4021,57,15,25,0
4022,57,15,25,0
4023,57,15,25,0
4024,57,15,25,0
4025,57,15,25,0
4026,57,15,25,0
4027,57,15,25,0
4028,57,15,25,0
4029,57,15,25,0
4030,57,15,25,0
4031,57,15,25,0
4032,57,15,25,0
4033,57,15,25,0
4034,57,15,25,0
4035,57,15,25,0
4036,57,15,25,0
4037,57,15,25,0
4038,57,15,25,0
4039,57,15,25,0
4040,57,15,25,0
4041,57,15,25,0
4042,57,15,25,0
4043,57,15,25,0
4044,57,15,25,0
4045,57,15,25,0
4046,57,15,25,0
4047,57,15,25,0
4048,57,15,25,0
4049,57,15,25,0
4050,57,15,25,0
4051,57,15,25,0
4052,57,15,25,0
4053,57,15,25,0
4054,57,15,25,0
4055,57,15,25,0
4056,57,15,25,0
4057,57,15,25,0
4058,57,15,25,0
4059,57,15,25,0
4060,57,15,25,0
4061,57,15,25,0
4062,57,15,25,0
4063,57,15,25,0
4064,57,15,25,0
4065,57,15,25,0
4066,57,15,25,0
4067,57,15,25,0
4068,57,15,25,0
4069,57,15,25,0
4070,57,15,25,0
4071,57,15,25,0
4072,57,15,25,0
4073,57,15,25,0
4074,57,15,25,0
4075,57,15,25,0
4076,57,15,25,0
4077,57,15,25,0
4078,57,15,25,0
4079,57,15,25,0
4080,57,15,25,0
4081,57,15,25,0
4082,57,15,25,0
4083,57,15,25,0
4084,57,15,25,0
4085,57,15,25,0
4086,57,15,25,0
4087,57,15,25,0
4088,57,15,25,0
4089,57,15,25,0
4090,57,15,25,0
4091,57,15,25,0
4092,57,15,25,0
4093,57,15,25,0
4094,57,15,25,0
4095,57,15,25,0
4096,57,15,25,0
4097,57,15,25,0
4098,57,15,25,0
4099,57,15,25,0
4100,57,15,25,0
4101,57,15,25,0
4102,57,15,25,0
4103,57,15,25,0
4104,57,15,25,0
4105,57,15,25,0
4106,57,15,25,0
4107,57,15,25,0
4108,57,15,25,0
4109,57,15,25,0
4110,57,15,25,0
4111,57,15,25,0
4112,57,15,25,0
4113,57,15,25,0
4114,57,15,25,0
4115,57,15,25,0
4116,57,15,25,0
4117,57,15,25,0
4118,57,15,25,0
4119,57,15,25,0
4120,57,15,25,0
4121,57,15,25,0
4122,57,15,25,0
4123,57,15,25,0
4124,57,15,25,0
4125,57,15,25,0
4126,57,15,25,0
4127,57,15,25,0
4128,57,15,25,0
4129,57,15,25,0
4130,57,15,25,0
4131,57,15,25,0
4132,57,15,25,0
4133,57,15,25,0
4134,57,15,25,0
4135,57,15,25,0
4136,57,15,25,0
4137,57,15,25,0
4138,57,15,25,0
4139,57,15,25,0
4140,57,15,25,0
4141,57,15,25,0
4142,57,15,25,0
4143,57,15,25,0
4144,57,15,25,0
4145,57,15,25,0
4146,57,15,25,0
4147,57,15,25,0
4148,57,15,25,0
4149,57,15,25,0
4150,57,15,25,0
4151,57,15,25,0
4152,57,15,25,0
4153,57,15,25,0
4154,57,15,25,0
4155,57,15,25,0
4156,57,15,25,0
4157,57,15,25,0
4158,57,15,25,0
4159,57,15,25,0
4160,57,15,25,0
4161,57,15,25,0
4162,57,15,25,0
4163,57,15,25,0
4164,57,15,25,0
4165,57,15,25,0
4166,57,15,25,0
4167,57,15,25,0
4168,57,15,25,0
4169,57,15,25,0
4170,57,15,25,0
4171,57,15,25,0
4172,57,15,25,0
4173,57,15,25,0
4174,57,15,25,0
4175,57,15,25,0
4176,57,15,25,0
4177,57,15,25,0
4178,57,15,25,0
4179,57,15,25,0
4180,57,15,25,0
4181,57,15,25,0
4182,57,15,25,0
4183,57,15,25,0
4184,57,15,25,0
4185,57,15,25,0
4186,57,15,25,0
4187,57,15,25,0
4188,57,15,25,0
4189,57,15,25,0
4190,57,15,25,0
4191,57,15,25,0
4192,57,15,25,0
4193,57,15,25,0
4194,57,15,25,0
4195,57,15,25,0
4196,57,15,25,0
4197,57,15,25,0
4198,57,15,25,0
4199,57,15,25,0
4200,57,15,25,0
4201,57,15,25,0
4202,57,15,25,0
4203,57,15,25,0
4204,57,15,25,0
4205,57,15,25,0
4206,57,15,25,0
4207,57,15,25,0
4208,57,15,25,0
4209,57,15,25,0
4210,57,15,25,0
4211,57,15,25,0
4212,57,15,25,0
4213,57,15,25,0
4214,57,15,25,0
4215,57,15,25,0
4216,57,15,25,0
4217,57,15,25,0
4218,57,15,25,0
4219,57,15,25,0
4220,57,15,25,0
4221,57,15,25,0
4222,57,15,25,0
4223,57,15,25,0
4224,57,15,25,0
4225,57,15,25,0
4226,57,15,25,0
4227,57,15,25,0
4228,57,15,25,0
4229,57,15,25,0
4230,57,15,25,0
4231,57,15,25,0
4232,57,15,25,0
4233,57,15,25,0
4234,57,15,25,0
4235,57,15,25,0
4236,57,15,25,0
4237,57,15,25,0
4238,57,15,25,0
4239,57,15,25,0
4240,57,15,25,0
4241,57,15,25,0
4242,57,15,25,0
4243,57,15,25,0
4244,57,15,25,0
4245,57,15,25,0
4246,57,15,25,0
4247,57,15,25,0
4248,57,15,25,0
4249,57,15,25,0
4250,57,15,25,0
4251,57,15,25,0
4252,57,15,25,0
4253,57,15,25,0
4254,57,15,25,0
4255,57,15,25,0
4256,57,15,25,0
4257,57,15,25,0
4258,57,15,25,0
4259,57,15,25,0
4260,57,15,25,0
4261,57,15,25,0
4262,57,15,25,0
4263,57,15,25,0
4264,57,15,25,0
4265,57,15,25,0
4266,57,15,25,0
4267,57,15,25,0
4268,57,15,25,0
4269,57,15,25,0
4270,57,15,25,0
4271,57,15,25,0
4272,57,15,25,0
4273,57,15,25,0
4274,57,15,25,0
4275,57,15,25,0
4276,57,15,25,0
4277,57,15,25,0
4278,57,15,25,0
4279,57,15,25,0
4280,57,15,25,0
4281,57,15,25,0
4282,57,15,25,0
4283,57,15,25,0
4284,57,15,25,0
4285,57,15,25,0
4286,57,15,25,0
4287,57,15,25,0
4288,57,15,25,0
4289,57,15,25,0
4290,57,15,25,0
4291,57,15,25,0
4292,57,15,25,0
4293,57,15,25,0
4294,57,15,25,0
4295,57,15,25,0
4296,57,15,25,0
4297,57,15,25,0
4298,57,15,25,0
4299,57,15,25,0
4300,57,15,25,0
4301,57,15,25,0
4302,57,15,25,0
4303,57,15,25,0
4304,57,15,25,0
4305,57,15,25,0
4306,57,15,25,0
4307,57,15,25,0
4308,57,15,25,0
4309,57,15,25,0
4310,57,15,25,0
4311,57,15,25,0
4312,57,15,25,0
4313,57,15,25,0
4314,57,15,25,0
4315,57,15,25,0
4316,57,15,25,0
4317,57,15,25,0
4318,57,15,25,0
4319,57,15,25,0
4320,57,15,25,0
4321,57,15,25,0
4322,57,15,25,0
4323,57,15,25,0
4324,57,15,25,0
4325,57,15,25,0
4326,57,15,25,0
4327,57,15,25,0
4328,57,15,25,0
4329,57,15,25,0
4330,57,15,25,0
4331,57,15,25,0
4332,57,15,25,0
4333,57,15,25,0
4334,57,15,25,0
4335,57,15,25,0
4336,57,15,25,0
4337,57,15,25,0
4338,57,15,25,0
4339,57,15,25,0
4340,57,15,25,0
4341,57,15,25,0
4342,57,15,25,0
4343,57,15,25,0
4344,57,15,25,0
4345,57,15,25,0
4346,57,15,25,0
4347,57,15,25,0
4348,57,15,25,0
4349,57,15,25,0
4350,57,15,25,0
4351,57,15,25,0
4352,57,15,25,0
4353,57,15,25,0
4354,57,15,25,0
4355,57,15,25,0
4356,57,15,25,0
4357,57,15,25,0
4358,57,15,25,0
4359,57,15,25,0
4360,57,15,25,0
4361,57,15,25,0
4362,57,15,25,0
4363,57,15,25,0
4364,57,15,25,0
4365,57,15,25,0
4366,57,15,25,0
4367,57,15,25,0
4368,57,15,25,0
4369,57,15,25,0
4370,57,15,25,0
4371,57,15,25,0
4372,57,15,25,0
4373,57,15,25,0
4374,57,15,25,0
4375,57,15,25,0
4376,57,15,25,0
4377,57,15,25,0
4378,57,15,25,0
4379,57,15,25,0
4380,57,15,25,0
4381,57,15,25,0
4382,57,15,25,0
4383,57,15,25,0
4384,57,15,25,0
4385,57,15,25,0
4386,57,15,25,0
4387,57,15,25,0
4388,57,15,25,0
4389,57,15,25,0
4390,57,15,25,0
4391,57,15,25,0
4392,57,15,25,0
4393,57,15,25,0
4394,57,15,25,0
4395,57,15,25,0
4396,57,15,25,0
4397,57,15,25,0
4398,57,15,25,0
4399,57,15,25,0
4400,57,15,25,0
4401,57,15,25,0
4402,57,15,25,0
4403,57,15,25,0
4404,57,15,25,0
4405,57,15,25,0
4406,57,15,25,0
4407,57,15,25,0
4408,57,15,25,0
4409,57,15,25,0
4410,57,15,25,0
4411,57,15,25,0
4412,57,15,25,0
4413,57,15,25,0
4414,57,15,25,0
4415,57,15,25,0
4416,57,15,25,0
4417,57,15,25,0
4418,57,15,25,0
4419,57,15,25,0
4420,57,15,25,0
4421,57,15,25,0
4422,57,15,25,0
4423,57,15,25,0
4424,57,15,25,0
4425,57,15,25,0
4426,57,15,25,0
4427,57,15,25,0
4428,57,15,25,0
4429,57,15,25,0
4430,57,15,25,0
4431,57,15,25,0
4432,57,15,25,0
4433,57,15,25,0
4434,57,15,25,0
4435,57,15,25,0
4436,57,15,25,0
4437,57,15,25,0
4438,57,15,25,0
4439,57,15,25,0
4440,57,15,25,0
4441,57,15,25,0
4442,57,15,25,0
4443,57,15,25,0
4444,57,15,25,0
4445,57,15,25,0
4446,57,15,25,0
4447,57,15,25,0
4448,57,15,25,0
4449,57,15,25,0
4450,57,15,25,0
4451,57,15,25,0
4452,57,15,25,0
4453,57,15,25,0
4454,57,15,25,0
4455,57,15,25,0
4456,57,15,25,0
4457,57,15,25,0
4458,57,15,25,0
4459,57,15,25,0
4460,57,15,25,0
4461,57,15,25,0
4462,57,15,25,0
4463,57,15,25,0
4464,57,15,25,0
4465,57,15,25,0
4466,57,15,25,0
4467,57,15,25,0
4468,57,15,25,0
4469,57,15,25,0
4470,57,15,25,0
4471,57,15,25,0
4472,57,15,25,0
4473,57,15,25,0
4474,57,15,25,0
4475,57,15,25,0
4476,57,15,25,0
4477,57,15,25,0
4478,57,15,25,0
4479,57,15,25,0
4480,57,15,25,0
4481,57,15,25,0
4482,57,15,25,0
4483,57,15,25,0
4484,57,15,25,0
4485,57,15,25,0
4486,57,15,25,0
4487,57,15,25,0
4488,57,15,25,0
4489,57,15,25,0
4490,57,15,25,0
4491,57,15,25,0
4492,57,15,25,0
4493,57,15,25,0
4494,57,15,25,0
4495,57,15,25,0
4496,57,15,25,0
4497,57,15,25,0
4498,57,15,25,0
4499,57,15,25,0
4500,57,15,25,0
4501,57,15,25,0
4502,57,15,25,0
4503,57,15,25,0
4504,57,15,25,0
4505,57,15,25,0
4506,57,15,25,0
4507,57,15,25,0
4508,57,15,25,0
4509,57,15,25,0
4510,57,15,25,0
4511,57,15,25,0
4512,57,15,25,0
4513,57,15,25,0
4514,57,15,25,0
4515,57,15,25,0
4516,57,15,25,0
4517,57,15,25,0
4518,57,15,25,0
4519,57,15,25,0
4520,57,15,25,0
4521,57,15,25,0
4522,57,15,25,0
4523,57,15,25,0
4524,57,15,25,0
4525,57,15,25,0
4526,57,15,25,0
4527,57,15,25,0
4528,57,15,25,0
4529,57,15,25,0
4530,57,15,25,0
4531,57,15,25,0
4532,57,15,25,0
4533,57,15,25,0
4534,57,15,25,0
4535,57,15,25,0
4536,57,15,25,0
4537,57,15,25,0
4538,57,15,25,0
4539,57,15,25,0
4540,57,15,25,0
4541,57,15,25,0
4542,57,15,25,0
4543,57,15,25,0
4544,57,15,25,0
4545,57,15,25,0
4546,57,15,25,0
4547,57,15,25,0
4548,57,15,25,0
4549,57,15,25,0
4550,57,15,25,0
4551,57,15,25,0
4552,57,15,25,0
4553,57,15,25,0
4554,57,15,25,0
4555,57,15,25,0
4556,57,15,25,0
4557,57,15,25,0
4558,57,15,25,0
4559,57,15,25,0
4560,57,15,25,0
4561,57,15,25,0
4562,57,15,25,0
4563,57,15,25,0
4564,57,15,25,0
4565,57,15,25,0
4566,57,15,25,0
4567,57,15,25,0
4568,57,15,25,0
4569,57,15,25,0
4570,57,15,25,0
4571,57,15,25,0
4572,57,15,25,0
4573,57,15,25,0
4574,57,15,25,0
4575,57,15,25,0
4576,57,15,25,0
4577,57,15,25,0
4578,57,15,25,0
4579,57,15,25,0
4580,57,15,25,0
4581,57,15,25,0
4582,57,15,25,0
4583,57,15,25,0
4584,57,15,25,0
4585,57,15,25,0
4586,57,15,25,0
4587,57,15,25,0
4588,57,15,25,0
4589,57,15,25,0
4590,57,15,25,0
4591,57,15,25,0
4592,57,15,25,0
4593,57,15,25,0
4594,57,15,25,0
4595,57,15,25,0
4596,57,15,25,0
4597,57,15,25,0
4598,57,15,25,0
4599,57,15,25,0
4600,57,15,25,0
4601,57,15,25,0
4602,57,15,25,0
4603,57,15,25,0
4604,57,15,25,0
4605,57,15,25,0
4606,57,15,25,0
4607,57,15,25,0
4608,57,15,25,0
4609,57,15,25,0
4610,57,15,25,0
4611,57,15,25,0
4612,57,15,25,0
4613,57,15,25,0
4614,57,15,25,0
4615,57,15,25,0
4616,57,15,25,0
4617,57,15,25,0
4618,57,15,25,0
4619,57,15,25,0
4620,57,15,25,0
4621,57,15,25,0
4622,57,15,25,0
4623,57,15,25,0
4624,57,15,25,0
4625,57,15,25,0
4626,57,15,25,0
4627,57,15,25,0
4628,57,15,25,0
4629,57,15,25,0
4630,57,15,25,0
4631,57,15,25,0
4632,57,15,25,0
4633,57,15,25,0
4634,57,15,25,0
4635,57,15,25,0
4636,57,15,25,0
4637,57,15,25,0
4638,57,15,25,0
4639,57,15,25,0
4640,57,15,25,0
4641,57,15,25,0
4642,57,15,25,0
4643,57,15,25,0
4644,57,15,25,0
4645,57,15,25,0
4646,57,15,25,0
4647,57,15,25,0
4648,57,15,25,0
4649,57,15,25,0
4650,57,15,25,0
4651,57,15,25,0
4652,57,15,25,0
4653,57,15,25,0
4654,57,15,25,0
4655,57,15,25,0
4656,57,15,25,0
4657,57,15,25,0
4658,57,15,25,0
4659,57,15,25,0
4660,57,15,25,0
4661,57,15,25,0
4662,57,15,25,0
4663,57,15,25,0
4664,57,15,25,0
4665,57,15,25,0
4666,57,15,25,0
4667,57,15,25,0
4668,57,15,25,0
4669,57,15,25,0
4670,57,15,25,0
4671,57,15,25,0
4672,57,15,25,0
4673,57,15,25,0
4674,57,15,25,0
4675,57,15,25,0
4676,57,15,25,0
4677,57,15,25,0
4678,57,15,25,0
4679,57,15,25,0
4680,57,15,25,0
4681,57,15,25,0
4682,57,15,25,0
4683,57,15,25,0
4684,57,15,25,0
4685,57,15,25,0
4686,57,15,25,0
4687,57,15,25,0
4688,57,15,25,0
4689,57,15,25,0
4690,57,15,25,0
4691,57,15,25,0
4692,57,15,25,0
4693,57,15,25,0
4694,57,15,25,0
4695,57,15,25,0
4696,57,15,25,0
4697,57,15,25,0
4698,57,15,25,0
4699,57,15,25,0
4700,57,15,25,0
4701,57,15,25,0
4702,57,15,25,0
4703,57,15,25,0
4704,57,15,25,0
4705,57,15,25,0
4706,57,15,25,0
4707,57,15,25,0
4708,57,15,25,0
4709,57,15,25,0
4710,57,15,25,0
4711,57,15,25,0
4712,57,15,25,0
4713,57,15,25,0
4714,57,15,25,0
4715,57,15,25,0
4716,57,15,25,0
4717,57,15,25,0
4718,57,15,25,0
4719,57,15,25,0
4720,57,15,25,0
4721,57,15,25,0
4722,57,15,25,0
4723,57,15,25,0
4724,57,15,25,0
4725,57,15,25,0
4726,57,15,25,0
4727,57,15,25,0
4728,57,15,25,0
4729,57,15,25,0
4730,57,15,25,0
4731,57,15,25,0
4732,57,15,25,0
4733,57,15,25,0
4734,57,15,25,0
4735,57,15,25,0
4736,57,15,25,0
4737,57,15,25,0
4738,57,15,25,0
4739,57,15,25,0
4740,57,15,25,0
4741,57,15,25,0
4742,57,15,25,0
4743,57,15,25,0
4744,57,15,25,0
4745,57,15,25,0
4746,57,15,25,0
4747,57,15,25,0
4748,57,15,25,0
4749,57,15,25,0
4750,57,15,25,0
4751,57,15,25,0
4752,57,15,25,0
4753,57,15,25,0
4754,57,15,25,0
4755,57,15,25,0
4756,57,15,25,0
4757,57,15,25,0
4758,57,15,25,0
4759,57,15,25,0
4760,57,15,25,0
4761,57,15,25,0
4762,57,15,25,0
4763,57,15,25,0
4764,57,15,25,0
4765,57,15,25,0
4766,57,15,25,0
4767,57,15,25,0
4768,57,15,25,0
4769,57,15,25,0
4770,57,15,25,0
4771,57,15,25,0
4772,57,15,25,0
4773,57,15,25,0
4774,57,15,25,0
4775,57,15,25,0
4776,57,15,25,0
4777,57,15,25,0
4778,57,15,25,0
4779,57,15,25,0
4780,57,15,25,0
4781,57,15,25,0
4782,57,15,25,0
4783,57,15,25,0
4784,57,15,25,0
4785,57,15,25,0
4786,57,15,25,0
4787,57,15,25,0
4788,57,15,25,0
4789,57,15,25,0
4790,57,15,25,0
4791,57,15,25,0
4792,57,15,25,0
4793,57,15,25,0
4794,57,15,25,0
4795,57,15,25,0
4796,57,15,25,0
4797,57,15,25,0
4798,57,15,25,0
4799,57,15,25,0
4800,57,15,25,0
4801,57,15,25,0
4802,57,15,25,0
4803,57,15,25,0
4804,57,15,25,0
4805,57,15,25,0
4806,57,15,25,0
4807,57,15,25,0
4808,57,15,25,0
4809,57,15,25,0
4810,57,15,25,0
4811,57,15,25,0
4812,57,15,25,0
4813,57,15,25,0
4814,57,15,25,0
4815,57,15,25,0
4816,57,15,25,0
4817,57,15,25,0
4818,57,15,25,0
4819,57,15,25,0
4820,57,15,25,0
4821,57,15,25,0
4822,57,15,25,0
4823,57,15,25,0
4824,57,15,25,0
4825,57,15,25,0
4826,57,15,25,0
4827,57,15,25,0
4828,57,15,25,0
4829,57,15,25,0
4830,57,15,25,0
4831,57,15,25,0
4832,57,15,25,0
4833,57,15,25,0
4834,57,15,25,0
4835,57,15,25,0
4836,57,15,25,0
4837,57,15,25,0
4838,57,15,25,0
4839,57,15,25,0
4840,57,15,25,0
4841,57,15,25,0
4842,57,15,25,0
4843,57,15,25,0
4844,57,15,25,0
4845,57,15,25,0
4846,57,15,25,0
4847,57,15,25,0
4848,57,15,25,0
4849,57,15,25,0
4850,57,15,25,0
4851,57,15,25,0
4852,57,15,25,0
4853,57,15,25,0
4854,57,15,25,0
4855,57,15,25,0
4856,57,15,25,0
4857,57,15,25,0
4858,57,15,25,0
4859,57,15,25,0
4860,57,15,25,0
4861,57,15,25,0
4862,57,15,25,0
4863,57,15,25,0
4864,57,15,25,0
4865,57,15,25,0
4866,57,15,25,0
4867,57,15,25,0
4868,57,15,25,0
4869,57,15,25,0
4870,57,15,25,0
4871,57,15,25,0
4872,57,15,25,0
4873,57,15,25,0
4874,57,15,25,0
4875,57,15,25,0
4876,57,15,25,0
4877,57,15,25,0
4878,57,15,25,0
4879,57,15,25,0
4880,57,15,25,0
4881,57,15,25,0
4882,57,15,25,0
4883,57,15,25,0
4884,57,15,25,0
4885,57,15,25,0
4886,57,15,25,0
4887,57,15,25,0
4888,57,15,25,0
4889,57,15,25,0
4890,57,15,25,0
4891,57,15,25,0
4892,57,15,25,0
4893,57,15,25,0
4894,57,15,25,0
4895,57,15,25,0
4896,57,15,25,0
4897,57,15,25,0
4898,57,15,25,0
4899,57,15,25,0
4900,57,15,25,0
4901,57,15,25,0
4902,57,15,25,0
4903,57,15,25,0
4904,57,15,25,0
4905,57,15,25,0
4906,57,15,25,0
4907,57,15,25,0
4908,57,15,25,0
4909,57,15,25,0
4910,57,15,25,0
4911,57,15,25,0
4912,57,15,25,0
4913,57,15,25,0
4914,57,15,25,0
4915,57,15,25,0
4916,57,15,25,0
4917,57,15,25,0
4918,57,15,25,0
4919,57,15,25,0
4920,57,15,25,0
4921,57,15,25,0
4922,57,15,25,0
4923,57,15,25,0
4924,57,15,25,0
4925,57,15,25,0
4926,57,15,25,0
4927,57,15,25,0
4928,57,15,25,0
4929,57,15,25,0
4930,57,15,25,0
4931,57,15,25,0
4932,57,15,25,0
4933,57,15,25,0
4934,57,15,25,0
4935,57,15,25,0
4936,57,15,25,0
4937,57,15,25,0
4938,57,15,25,0
4939,57,15,25,0
4940,57,15,25,0
4941,57,15,25,0
4942,57,15,25,0
4943,57,15,25,0
4944,57,15,25,0
4945,57,15,25,0
4946,57,15,25,0
4947,57,15,25,0
4948,57,15,25,0
4949,57,15,25,0
4950,57,15,25,0
4951,57,15,25,0
4952,57,15,25,0
4953,57,15,25,0
4954,57,15,25,0
4955,57,15,25,0
4956,57,15,25,0
4957,57,15,25,0
4958,57,15,25,0
4959,57,15,25,0
4960,57,15,25,0
4961,57,15,25,0
4962,57,15,25,0
4963,57,15,25,0
4964,57,15,25,0
4965,57,15,25,0
4966,57,15,25,0
4967,57,15,25,0
4968,57,15,25,0
4969,57,15,25,0
4970,57,15,25,0
4971,57,15,25,0
4972,57,15,25,0
4973,57,15,25,0
4974,57,15,25,0
4975,57,15,25,0
4976,57,15,25,0
4977,57,15,25,0
4978,57,15,25,0
4979,57,15,25,0
4980,57,15,25,0
4981,57,15,25,0
4982,57,15,25,0
4983,57,15,25,0
4984,57,15,25,0
4985,57,15,25,0
4986,57,15,25,0
4987,57,15,25,0
4988,57,15,25,0
4989,57,15,25,0
4990,57,15,25,0
4991,57,15,25,0
4992,57,15,25,0
4993,57,15,25,0
4994,57,15,25,0
4995,57,15,25,0
4996,57,15,25,0
4997,57,15,25,0
4998,57,15,25,0
4999,57,15,25,0
5000,57,15,25,0
5001,57,15,25,0
5002,57,15,25,0
5003,57,15,25,0
5004,57,15,25,0
5005,57,15,25,0
5006,57,15,25,0
5007,57,15,25,0
5008,57,15,25,0
5009,57,15,25,0
5010,57,15,25,0
5011,57,15,25,0
5012,57,15,25,0
5013,57,15,25,0
5014,57,15,25,0
5015,57,15,25,0
5016,57,15,25,0
5017,57,15,25,0
5018,57,15,25,0
5019,57,15,25,0
5020,57,15,25,0
5021,57,15,25,0
5022,57,15,25,0
5023,57,15,25,0
5024,57,15,25,0
5025,57,15,25,0
5026,57,15,25,0
5027,57,15,25,0
5028,57,15,25,0
5029,57,15,25,0
5030,57,15,25,0
5031,57,15,25,0
5032,57,15,25,0
5033,57,15,25,0
5034,57,15,25,0
5035,57,15,25,0
5036,57,15,25,0
5037,57,15,25,0
5038,57,15,25,0
5039,57,15,25,0
5040,57,15,25,0
5041,57,15,25,0
5042,57,15,25,0
5043,57,15,25,0
5044,57,15,25,0
5045,57,15,25,0
5046,57,15,25,0
5047,57,15,25,0
5048,57,15,25,0
5049,57,15,25,0
5050,57,15,25,0
5051,57,15,25,0
5052,57,15,25,0
5053,57,15,25,0
5054,57,15,25,0
5055,57,15,25,0
5056,57,15,25,0
5057,57,15,25,0
5058,57,15,25,0
5059,57,15,25,0
5060,57,15,25,0
5061,57,15,25,0
5062,57,15,25,0
5063,57,15,25,0
5064,57,15,25,0
5065,57,15,25,0
5066,57,15,25,0
5067,57,15,25,0
5068,57,15,25,0
5069,57,15,25,0
5070,57,15,25,0
5071,57,15,25,0
5072,57,15,25,0
5073,57,15,25,0
5074,57,15,25,0
5075,57,15,25,0
5076,57,15,25,0
5077,57,15,25,0
5078,57,15,25,0
5079,57,15,25,0
5080,57,15,25,0
5081,57,15,25,0
5082,57,15,25,0
5083,57,15,25,0
5084,57,15,25,0
5085,57,15,25,0
5086,57,15,25,0
5087,57,15,25,0
5088,57,15,25,0
5089,57,15,25,0
5090,57,15,25,0
5091,57,15,25,0
5092,57,15,25,0
5093,57,15,25,0
5094,57,15,25,0
5095,57,15,25,0
5096,57,15,25,0
5097,57,15,25,0
5098,57,15,25,0
5099,57,15,25,0
5100,57,15,25,0
5101,57,15,25,0
5102,57,15,25,0
5103,57,15,25,0
5104,57,15,25,0
5105,57,15,25,0
5106,57,15,25,0
5107,57,15,25,0
5108,57,15,25,0
5109,57,15,25,0
5110,57,15,25,0
5111,57,15,25,0
5112,57,15,25,0
5113,57,15,25,0
5114,57,15,25,0
5115,57,15,25,0
5116,57,15,25,0
5117,57,15,25,0
5118,57,15,25,0
5119,57,15,25,0
5120,57,15,25,0
5121,57,15,25,0
5122,57,15,25,0
5123,57,15,25,0
5124,57,15,25,0
5125,57,15,25,0
5126,57,15,25,0
5127,57,15,25,0
5128,57,15,25,0
5129,57,15,25,0
5130,57,15,25,0
5131,57,15,25,0
5132,57,15,25,0
5133,57,15,25,0
5134,57,15,25,0
5135,57,15,25,0
5136,57,15,25,0
5137,57,15,25,0
5138,57,15,25,0
5139,57,15,25,0
5140,57,15,25,0
5141,57,15,25,0
5142,57,15,25,0
5143,57,15,25,0
5144,57,15,25,0
5145,57,15,25,0
5146,57,15,25,0
5147,57,15,25,0
5148,57,15,25,0
5149,57,15,25,0
5150,57,15,25,0
5151,57,15,25,0
5152,57,15,25,0
5153,57,15,25,0
5154,57,15,25,0
5155,57,15,25,0
5156,57,15,25,0
5157,57,15,25,0
5158,57,15,25,0
5159,57,15,25,0
5160,57,15,25,0
5161,57,15,25,0
5162,57,15,25,0
5163,57,15,25,0
5164,57,15,25,0
5165,57,15,25,0
5166,57,15,25,0
5167,57,15,25,0
5168,57,15,25,0
5169,57,15,25,0
5170,57,15,25,0
5171,57,15,25,0
5172,57,15,25,0
5173,57,15,25,0
5174,57,15,25,0
5175,57,15,25,0
5176,57,15,25,0
5177,57,15,25,0
5178,57,15,25,0
5179,57,15,25,0
5180,57,15,25,0
5181,57,15,25,0
5182,57,15,25,0
5183,57,15,25,0
5184,57,15,25,0
5185,57,15,25,0
5186,57,15,25,0
5187,57,15,25,0
5188,57,15,25,0
5189,57,15,25,0
5190,57,15,25,0
5191,57,15,25,0
5192,57,15,25,0
5193,57,15,25,0
5194,57,15,25,0
5195,57,15,25,0
5196,57,15,25,0
5197,57,15,25,0
5198,57,15,25,0
5199,57,15,25,0
5200,57,15,25,0
5201,57,15,25,0
5202,57,15,25,0
5203,57,15,25,0
5204,57,15,25,0
5205,57,15,25,0
5206,57,15,25,0
5207,59,15,26,0
5208,59,15,26,0
5209,59,15,26,0
5210,59,15,26,0
5211,59,15,26,0
5212,59,15,26,0
5213,59,15,26,0
5214,59,15,26,0
5215,59,15,26,0
5216,59,15,26,0
5217,59,15,26,0
5218,59,15,26,0
5219,59,15,26,0
5220,59,15,26,0
5221,59,15,26,0
5222,59,15,26,0
5223,59,15,26,0
5224,59,15,26,0
5225,59,15,26,0
5226,59,15,26,0
5227,59,15,26,0
5228,59,15,26,0
5229,59,15,26,0
5230,59,15,26,0
5231,59,15,26,0
5232,59,15,26,0
5233,59,15,26,0
5234,59,15,26,0
5235,59,15,26,0
5236,59,15,26,0
5237,59,15,26,0
5238,59,15,26,0
5239,59,15,26,0
5240,59,15,26,0
5241,59,15,26,0
5242,59,15,26,0
5243,59,15,26,0
5244,59,15,26,0
5245,59,15,26,0
5246,59,15,26,0
5247,59,15,26,0
5248,59,15,26,0
5249,59,15,26,0
5250,59,15,26,0
5251,59,15,26,0
5252,59,15,26,0
5253,59,15,26,0
5254,59,15,26,0
5255,59,15,26,0
5256,59,15,26,0
5257,59,15,26,0
5258,59,15,26,0
5259,59,15,26,0
5260,59,15,26,0
5261,59,15,26,0
5262,59,15,26,0
5263,59,15,26,0
5264,59,15,26,0
5265,59,15,26,0
5266,59,15,26,0
5267,59,15,26,0
5268,59,15,26,0
5269,59,15,26,0
5270,59,15,26,0
5271,59,15,26,0
5272,59,15,26,0
5273,59,15,26,0
5274,59,15,26,0
5275,59,15,26,0
5276,59,15,26,0
5277,59,15,26,0
5278,59,15,26,0
5279,59,15,26,0
5280,59,15,26,0
5281,59,15,26,0
5282,59,15,26,0
5283,59,15,26,0
5284,59,15,26,0
5285,59,15,26,0
5286,59,15,26,0
5287,59,15,26,0
5288,59,15,26,0
5289,59,15,26,0
5290,59,15,26,0
5291,59,15,26,0
5292,59,15,26,0
5293,59,15,26,0
5294,59,15,26,0
5295,59,15,26,0
5296,59,15,26,0
5297,59,15,26,0
5298,59,15,26,0
5299,59,15,26,0
5300,59,15,26,0
5301,59,15,26,0
5302,59,15,26,0
5303,59,15,26,0
5304,59,15,26,0
5305,59,15,26,0
5306,59,15,26,0
5307,59,15,26,0
5308,59,15,26,0
5309,59,15,26,0
5310,59,15,26,0
5311,59,15,26,0
5312,59,15,26,0
5313,59,15,26,0
5314,59,15,26,0
5315,59,15,26,0
5316,59,15,26,0
5317,59,15,26,0
5318,59,15,26,0
5319,59,15,26,0
5320,59,15,26,0
5321,59,15,26,0
5322,59,15,26,0
5323,59,15,26,0
5324,59,15,26,0
5325,59,15,26,0
5326,59,15,26,0
5327,59,15,26,0
5328,59,15,26,0
5329,59,15,26,0
5330,59,15,26,0
5331,59,15,26,0
5332,59,15,26,0
5333,59,15,26,0
5334,59,15,26,0
5335,59,15,26,0
5336,59,15,26,0
5337,59,15,26,0
5338,59,15,26,0
5339,59,15,26,0
5340,59,15,26,0
5341,59,15,26,0
5342,59,15,26,0
5343,59,15,26,0
5344,59,15,26,0
5345,59,15,26,0
5346,59,15,26,0
5347,59,15,26,0
5348,59,15,26,0
5349,59,15,26,0
5350,59,15,26,0
5351,59,15,26,0
5352,59,15,26,0
5353,59,15,26,0
5354,59,15,26,0
5355,59,15,26,0
5356,59,15,26,0
5357,59,15,26,0
5358,59,15,26,0
5359,59,15,26,0
5360,59,15,26,0
5361,59,15,26,0
5362,59,15,26,0
5363,59,15,26,0
5364,59,15,26,0
5365,59,15,26,0
5366,59,15,26,0
5367,59,15,26,0
5368,59,15,26,0
5369,59,15,26,0
5370,59,15,26,0
5371,59,15,26,0
5372,59,15,26,0
5373,59,15,26,0
5374,59,15,26,0
5375,59,15,26,0
5376,59,15,26,0
5377,59,15,26,0
5378,59,15,26,0
5379,59,15,26,0
5380,59,15,26,0
5381,59,15,26,0
5382,59,15,26,0
5383,59,15,26,0
5384,59,15,26,0
5385,59,15,26,0
5386,59,15,26,0
5387,59,15,26,0
5388,59,15,26,0
5389,59,15,26,0
5390,59,15,26,0
5391,59,15,26,0
5392,59,15,26,0
5393,59,15,26,0
5394,59,15,26,0
5395,59,15,26,0
5396,59,15,26,0
5397,59,15,26,0
5398,59,15,26,0
5399,59,15,26,0
5400,59,15,26,0
5401,59,15,26,0
5402,59,15,26,0
5403,59,15,26,0
5404,59,15,26,0
5405,59,15,26,0
5406,59,15,26,0
5407,59,15,26,0
5408,59,15,26,0
5409,59,15,26,0
5410,59,15,26,0
5411,59,15,26,0
5412,59,15,26,0
5413,59,15,26,0
5414,59,15,26,0
5415,59,15,26,0
5416,59,15,26,0
5417,59,15,26,0
5418,59,15,26,0
5419,59,15,26,0
5420,59,15,26,0
5421,59,15,26,0
5422,59,15,26,0
5423,59,15,26,0
5424,59,15,26,0
5425,59,15,26,0
5426,59,15,26,0
5427,59,15,26,0
5428,59,15,26,0
5429,59,15,26,0
5430,59,15,26,0
5431,59,15,26,0
5432,59,15,26,0
5433,59,15,26,0
5434,59,15,26,0
5435,59,15,26,0
5436,59,15,26,0
5437,59,15,26,0
5438,59,15,26,0
5439,59,15,26,0
5440,59,15,26,0
5441,59,15,26,0
5442,59,15,26,0
5443,59,15,26,0
5444,59,15,26,0
5445,59,15,26,0
5446,59,15,26,0
5447,59,15,26,0
5448,59,15,26,0
5449,59,15,26,0
5450,59,15,26,0
5451,59,15,26,0
5452,59,15,26,0
5453,59,15,26,0
5454,59,15,26,0
5455,59,15,26,0
5456,59,15,26,0
5457,59,15,26,0
5458,59,15,26,0
5459,59,15,26,0
5460,59,15,26,0
5461,59,15,26,0
5462,59,15,26,0
5463,59,15,26,0
5464,59,15,26,0
5465,59,15,26,0
5466,59,15,26,0
5467,59,15,26,0
5468,59,15,26,0
5469,59,15,26,0
5470,59,15,26,0
5471,59,15,26,0
5472,59,15,26,0
5473,59,15,26,0
5474,59,15,26,0
5475,59,15,26,0
5476,59,15,26,0
5477,59,15,26,0
5478,59,15,26,0
5479,59,15,26,0
5480,59,15,26,0
5481,59,15,26,0
5482,59,15,26,0
5483,59,15,26,0
5484,59,15,26,0
5485,59,15,26,0
5486,59,15,26,0
5487,59,15,26,0
5488,59,15,26,0
5489,59,15,26,0
5490,59,15,26,0
5491,59,15,26,0
5492,59,15,26,0
5493,59,15,26,0
5494,59,15,26,0
5495,59,15,26,0
5496,59,15,26,0
5497,59,15,26,0
5498,59,15,26,0
5499,59,15,26,0
5500,59,15,26,0
5501,59,15,26,0
5502,59,15,26,0
5503,59,15,26,0
5504,59,15,26,0
5505,59,15,26,0
5506,59,15,26,0
5507,59,15,26,0
5508,59,15,26,0
5509,59,15,26,0
5510,59,15,26,0
5511,59,15,26,0
5512,59,15,26,0
5513,59,15,26,0
5514,59,15,26,0
5515,59,15,26,0
5516,59,15,26,0
5517,59,15,26,0
5518,59,15,26,0
5519,59,15,26,0
5520,59,15,26,0
5521,59,15,26,0
5522,59,15,26,0
5523,59,15,26,0
5524,59,15,26,0
5525,59,15,26,0
5526,59,15,26,0
5527,59,15,26,0
5528,59,15,26,0
5529,59,15,26,0
5530,59,15,26,0
5531,59,15,26,0
5532,59,15,26,0
5533,59,15,26,0
5534,59,15,26,0
5535,59,15,26,0
5536,59,15,26,0
5537,59,15,26,0
5538,59,15,26,0
5539,59,15,26,0
5540,59,15,26,0
5541,59,15,26,0
5542,59,15,26,0
5543,59,15,26,0
5544,59,15,26,0
5545,59,15,26,0
5546,59,15,26,0
5547,59,15,26,0
5548,59,15,26,0
5549,59,15,26,0
5550,59,15,26,0
5551,59,15,26,0
5552,59,15,26,0
5553,59,15,26,0
5554,59,15,26,0
5555,59,15,26,0
5556,59,15,26,0
5557,59,15,26,0
5558,59,15,26,0
5559,59,15,26,0
5560,59,15,26,0
5561,59,15,26,0
5562,59,15,26,0
5563,59,15,26,0
5564,59,15,26,0
5565,59,15,26,0
5566,59,15,26,0
5567,59,15,26,0
5568,59,15,26,0
5569,59,15,26,0
5570,59,15,26,0
5571,59,15,26,0
5572,59,15,26,0
5573,59,15,26,0
5574,59,15,26,0
5575,59,15,26,0
5576,59,15,26,0
5577,59,15,26,0
5578,59,15,26,0
5579,59,15,26,0
5580,59,15,26,0
5581,59,15,26,0
5582,59,15,26,0
5583,59,15,26,0
5584,59,15,26,0
5585,59,15,26,0
5586,59,15,26,0
5587,59,15,26,0
5588,59,15,26,0
5589,59,15,26,0
5590,59,15,26,0
5591,59,15,26,0
5592,59,15,26,0
5593,59,15,26,0
5594,59,15,26,0
5595,59,15,26,0
5596,59,15,26,0
5597,59,15,26,0
5598,59,15,26,0
5599,59,15,26,0
5600,59,15,26,0
5601,59,15,26,0
5602,59,15,26,0
5603,59,15,26,0
5604,59,15,26,0
5605,59,15,26,0
5606,59,15,26,0
5607,59,15,26,0
5608,59,15,26,0
5609,59,15,26,0
5610,59,15,26,0
5611,59,15,26,0
5612,59,15,26,0
5613,59,15,26,0
5614,59,15,26,0
5615,59,15,26,0
5616,59,15,26,0
5617,59,15,26,0
5618,59,15,26,0
5619,59,15,26,0
5620,59,15,26,0
5621,59,15,26,0
5622,59,15,26,0
5623,59,15,26,0
5624,59,15,26,0
5625,59,15,26,0
5626,59,15,26,0
5627,59,15,26,0
5628,59,15,26,0
5629,59,15,26,0
5630,59,15,26,0
5631,59,15,26,0
5632,59,15,26,0
5633,59,15,26,0
5634,59,15,26,0
5635,59,15,26,0
5636,59,15,26,0
5637,59,15,26,0
5638,59,15,26,0
5639,59,15,26,0
5640,59,15,26,0
5641,59,15,26,0
5642,59,15,26,0
5643,59,15,26,0
5644,59,15,26,0
5645,59,15,26,0
5646,59,15,26,0
5647,59,15,26,0
5648,59,15,26,0
5649,59,15,26,0
5650,59,15,26,0
5651,59,15,26,0
5652,59,15,26,0
5653,59,15,26,0
5654,59,15,26,0
5655,59,15,26,0
5656,59,15,26,0
5657,59,15,26,0
5658,59,15,26,0
5659,59,15,26,0
5660,59,15,26,0
5661,59,15,26,0
5662,59,15,26,0
5663,59,15,26,0
5664,59,15,26,0
5665,59,15,26,0
5666,59,15,26,0
5667,59,15,26,0
5668,59,15,26,0
5669,59,15,26,0
5670,59,15,26,0
5671,59,15,26,0
5672,59,15,26,0
5673,59,15,26,0
5674,59,15,26,0
5675,59,15,26,0
5676,59,15,26,0
5677,59,15,26,0
5678,59,15,26,0
5679,59,15,26,0
5680,59,15,26,0
5681,59,15,26,0
5682,59,15,26,0
5683,59,15,26,0
5684,59,15,26,0
5685,59,15,26,0
5686,59,15,26,0
5687,59,15,26,0
5688,59,15,26,0
5689,59,15,26,0
5690,59,15,26,0
5691,59,15,26,0
5692,59,15,26,0
5693,59,15,26,0
5694,59,15,26,0
5695,59,15,26,0
5696,59,15,26,0
5697,59,15,26,0
5698,59,15,26,0
5699,59,15,26,0
5700,59,15,26,0
5701,59,15,26,0
5702,59,15,26,0
5703,59,15,26,0
5704,59,15,26,0
5705,59,15,26,0
5706,59,15,26,0
5707,59,15,26,0
5708,59,15,26,0
5709,59,15,26,0
5710,59,15,26,0
5711,59,15,26,0
5712,59,15,26,0
5713,59,15,26,0
5714,59,15,26,0
5715,59,15,26,0
5716,59,15,26,0
5717,59,15,26,0
5718,59,15,26,0
5719,59,15,26,0
5720,59,15,26,0
5721,59,15,26,0
5722,59,15,26,0
5723,59,15,26,0
5724,59,15,26,0
5725,59,15,26,0
5726,59,15,26,0
5727,59,15,26,0
5728,59,15,26,0
5729,59,15,26,0
5730,59,15,26,0
5731,59,15,26,0
5732,59,15,26,0
5733,59,15,26,0
5734,59,15,26,0
5735,59,15,26,0
5736,59,15,26,0
5737,59,15,26,0
5738,59,15,26,0
5739,59,15,26,0
5740,59,15,26,0
5741,59,15,26,0
5742,59,15,26,0
5743,59,15,26,0
5744,59,15,26,0
5745,59,15,26,0
5746,59,15,26,0
5747,59,15,26,0
5748,59,15,26,0
5749,59,15,26,0
5750,59,15,26,0
5751,59,15,26,0
5752,59,15,26,0
5753,59,15,26,0
5754,59,15,26,0
5755,59,15,26,0
5756,59,15,26,0
5757,59,15,26,0
5758,59,15,26,0
5759,59,15,26,0
5760,59,15,26,0
5761,59,15,26,0
5762,59,15,26,0
5763,59,15,26,0
5764,59,15,26,0
5765,59,15,26,0
5766,59,15,26,0
5767,59,15,26,0
5768,59,15,26,0
5769,59,15,26,0
5770,59,15,26,0
5771,59,15,26,0
5772,59,15,26,0
5773,59,15,26,0
5774,59,15,26,0
5775,59,15,26,0
5776,59,15,26,0
5777,59,15,26,0
5778,59,15,26,0
5779,59,15,26,0
5780,59,15,26,0
5781,59,15,26,0
5782,59,15,26,0
5783,59,15,26,0
5784,59,15,26,0
5785,59,15,26,0
5786,59,15,26,0
5787,59,15,26,0
5788,59,15,26,0
5789,59,15,26,0
5790,59,15,26,0
5791,59,15,26,0
5792,59,15,26,0
5793,59,15,26,0
5794,59,15,26,0
5795,59,15,26,0
5796,59,15,26,0
5797,59,15,26,0
5798,59,15,26,0
5799,59,15,26,0
5800,59,15,26,0
5801,59,15,26,0
5802,59,15,26,0
5803,59,15,26,0
5804,59,15,26,0
5805,59,15,26,0
5806,59,15,26,0
5807,59,15,26,0
5808,59,15,26,0
5809,59,15,26,0
5810,59,15,26,0
5811,59,15,26,0
5812,59,15,26,0
5813,59,15,26,0
5814,59,15,26,0
5815,59,15,26,0
5816,59,15,26,0
5817,59,15,26,0
5818,59,15,26,0
5819,59,15,26,0
5820,59,15,26,0
5821,59,15,26,0
5822,59,15,26,0
5823,59,15,26,0
5824,59,15,26,0
5825,59,15,26,0
5826,59,15,26,0
5827,59,15,26,0
5828,59,15,26,0
5829,59,15,26,0
5830,59,15,26,0
5831,59,15,26,0
5832,59,15,26,0
5833,59,15,26,0
5834,59,15,26,0
5835,59,15,26,0
5836,59,15,26,0
5837,59,15,26,0
5838,59,15,26,0
5839,59,15,26,0
5840,59,15,26,0
5841,59,15,26,0
5842,59,15,26,0
5843,59,15,26,0
5844,59,15,26,0
5845,59,15,26,0
5846,59,15,26,0
5847,59,15,26,0
5848,59,15,26,0
5849,59,15,26,0
5850,59,15,26,0
5851,59,15,26,0
5852,59,15,26,0
5853,59,15,26,0
5854,59,15,26,0
5855,59,15,26,0
5856,59,15,26,0
5857,59,15,26,0
5858,59,15,26,0
5859,59,15,26,0
5860,59,15,26,0
5861,59,15,26,0
5862,59,15,26,0
5863,59,15,26,0
5864,59,15,26,0
5865,59,15,26,0
5866,59,15,26,0
5867,59,15,26,0
5868,59,15,26,0
5869,59,15,26,0
5870,59,15,26,0
5871,59,15,26,0
5872,59,15,26,0
5873,59,15,26,0
5874,59,15,26,0
5875,59,15,26,0
5876,59,15,26,0
5877,59,15,26,0
5878,59,15,26,0
5879,59,15,26,0
5880,59,15,26,0
5881,59,15,26,0
5882,59,15,26,0
5883,59,15,26,0
5884,59,15,26,0
5885,59,15,26,0
5886,59,15,26,0
5887,59,15,26,0
5888,59,15,26,0
5889,59,15,26,0
5890,59,15,26,0
5891,59,15,26,0
5892,59,15,26,0
5893,59,15,26,0
5894,59,15,26,0
5895,59,15,26,0
5896,59,15,26,0
5897,59,15,26,0
5898,59,15,26,0
5899,59,15,26,0
5900,59,15,26,0
5901,59,15,26,0
5902,59,15,26,0
5903,59,15,26,0
5904,59,15,26,0
5905,59,15,26,0
5906,59,15,26,0
5907,59,15,26,0
5908,59,15,26,0
5909,59,15,26,0
5910,59,15,26,0
5911,59,15,26,0
5912,59,15,26,0
5913,59,15,26,0
5914,59,15,26,0
5915,59,15,26,0
5916,59,15,26,0
5917,59,15,26,0
5918,59,15,26,0
5919,59,15,26,0
5920,59,15,26,0
5921,59,15,26,0
5922,59,15,26,0
5923,59,15,26,0
5924,59,15,26,0
5925,59,15,26,0
5926,59,15,26,0
5927,59,15,26,0
5928,59,15,26,0
5929,59,15,26,0
5930,59,15,26,0
5931,59,15,26,0
5932,59,15,26,0
5933,59,15,26,0
5934,59,15,26,0
5935,59,15,26,0
5936,59,15,26,0
5937,59,15,26,0
5938,59,15,26,0
5939,59,15,26,0
5940,59,15,26,0
5941,59,15,26,0
5942,59,15,26,0
5943,59,15,26,0
5944,59,15,26,0
5945,59,15,26,0
5946,59,15,26,0
5947,59,15,26,0
5948,59,15,26,0
5949,59,15,26,0
5950,59,15,26,0
5951,59,15,26,0
5952,59,15,26,0
5953,59,15,26,0
5954,59,15,26,0
5955,59,15,26,0
5956,59,15,26,0
5957,59,15,26,0
5958,59,15,26,0
5959,59,15,26,0
5960,59,15,26,0
5961,59,15,26,0
5962,59,15,26,0
5963,59,15,26,0
5964,59,15,26,0
5965,59,15,26,0
5966,59,15,26,0
5967,59,15,26,0
5968,59,15,26,0
5969,59,15,26,0
5970,59,15,26,0
5971,59,15,26,0
5972,59,15,26,0
5973,59,15,26,0
5974,59,15,26,0
5975,59,15,26,0
5976,59,15,26,0
5977,59,15,26,0
5978,59,15,26,0
5979,59,15,26,0
5980,59,15,26,0
5981,59,15,26,0
5982,59,15,26,0
5983,59,15,26,0
5984,59,15,26,0
5985,59,15,26,0
5986,59,15,26,0
5987,59,15,26,0
5988,59,15,26,0
5989,59,15,26,0
5990,59,15,26,0
5991,59,15,26,0
5992,59,15,26,0
5993,59,15,26,0
5994,59,15,26,0
5995,59,15,26,0
5996,59,15,26,0
5997,59,15,26,0
5998,59,15,26,0
5999,59,15,26,0
6000,59,15,26,0
6001,59,15,26,0
6002,59,15,26,0
6003,59,15,26,0
6004,59,15,26,0
6005,59,15,26,0
6006,59,15,26,0
6007,59,15,26,0
6008,59,15,26,0
6009,59,15,26,0
6010,59,15,26,0
6011,59,15,26,0
6012,59,15,26,0
6013,59,15,26,0
6014,59,15,26,0
6015,59,15,26,0
6016,59,15,26,0
6017,59,15,26,0
6018,59,15,26,0
6019,59,15,26,0
6020,59,15,26,0
6021,59,15,26,0
6022,59,15,26,0
6023,59,15,26,0
6024,59,15,26,0
6025,59,15,26,0
6026,59,15,26,0
6027,59,15,26,0
6028,59,15,26,0
6029,59,15,26,0
6030,59,15,26,0
6031,59,15,26,0
6032,59,15,26,0
6033,59,15,26,0
6034,59,15,26,0
6035,59,15,26,0
6036,59,15,26,0
6037,59,15,26,0
6038,59,15,26,0
6039,59,15,26,0
6040,59,15,26,0
6041,59,15,26,0
6042,59,15,26,0
6043,59,15,26,0
6044,59,15,26,0
6045,59,15,26,0
6046,59,15,26,0
6047,59,15,26,0
6048,59,15,26,0
6049,59,15,26,0
6050,59,15,26,0
6051,59,15,26,0
6052,59,15,26,0
6053,59,15,26,0
6054,59,15,26,0
6055,59,15,26,0
6056,59,15,26,0
6057,59,15,26,0
6058,59,15,26,0
6059,59,15,26,0
6060,59,15,26,0
6061,59,15,26,0
6062,59,15,26,0
6063,59,15,26,0
6064,59,15,26,0
6065,59,15,26,0
6066,59,15,26,0
6067,59,15,26,0
6068,59,15,26,0
6069,59,15,26,0
6070,59,15,26,0
6071,59,15,26,0
6072,59,15,26,0
6073,59,15,26,0
6074,59,15,26,0
6075,59,15,26,0
6076,59,15,26,0
6077,59,15,26,0
6078,59,15,26,0
6079,59,15,26,0
6080,59,15,26,0
6081,59,15,26,0
6082,59,15,26,0
6083,59,15,26,0
6084,59,15,26,0
6085,59,15,26,0
6086,59,15,26,0
6087,59,15,26,0
6088,59,15,26,0
6089,59,15,26,0
6090,59,15,26,0
6091,59,15,26,0
6092,59,15,26,0
6093,59,15,26,0
6094,59,15,26,0
6095,59,15,26,0
6096,59,15,26,0
6097,59,15,26,0
6098,59,15,26,0
6099,59,15,26,0
6100,59,15,26,0
6101,59,15,26,0
6102,59,15,26,0
6103,59,15,26,0
6104,59,15,26,0
6105,59,15,26,0
6106,59,15,26,0
6107,59,15,26,0
6108,59,15,26,0
6109,59,15,26,0
6110,59,15,26,0
6111,59,15,26,0
6112,59,15,26,0
6113,59,15,26,0
6114,59,15,26,0
6115,59,15,26,0
6116,59,15,26,0
6117,59,15,26,0
6118,59,15,26,0
6119,59,15,26,0
6120,59,15,26,0
6121,59,15,26,0
6122,59,15,26,0
6123,59,15,26,0
6124,59,15,26,0
6125,59,15,26,0
6126,59,15,26,0
6127,59,15,26,0
6128,59,15,26,0
6129,59,15,26,0
6130,59,15,26,0
6131,59,15,26,0
6132,59,15,26,0
6133,59,15,26,0
6134,59,15,26,0
6135,59,15,26,0
6136,59,15,26,0
6137,59,15,26,0
6138,59,15,26,0
6139,59,15,26,0
6140,59,15,26,0
6141,59,15,26,0
6142,59,15,26,0
6143,59,15,26,0
6144,59,15,26,0
6145,59,15,26,0
6146,59,15,26,0
6147,59,15,26,0
6148,59,15,26,0
6149,59,15,26,0
6150,59,15,26,0
6151,59,15,26,0
6152,59,15,26,0
6153,59,15,26,0
6154,59,15,26,0
6155,59,15,26,0
6156,59,15,26,0
6157,59,15,26,0
6158,59,15,26,0
6159,59,15,26,0
6160,59,15,26,0
6161,59,15,26,0
6162,59,15,26,0
6163,59,15,26,0
6164,59,15,26,0
6165,59,15,26,0
6166,59,15,26,0
6167,59,15,26,0
6168,59,15,26,0
6169,59,15,26,0
6170,59,15,26,0
6171,59,15,26,0
6172,59,15,26,0
6173,59,15,26,0
6174,59,15,26,0
6175,59,15,26,0
6176,59,15,26,0
6177,59,15,26,0
6178,59,15,26,0
6179,59,15,26,0
6180,59,15,26,0
6181,59,15,26,0
6182,59,15,26,0
6183,59,15,26,0
6184,59,15,26,0
6185,59,15,26,0
6186,59,15,26,0
6187,59,15,26,0
6188,59,15,26,0
6189,59,15,26,0
6190,59,15,26,0
6191,59,15,26,0
6192,59,15,26,0
6193,59,15,26,0
6194,59,15,26,0
6195,59,15,26,0
6196,59,15,26,0
6197,59,15,26,0
6198,59,15,26,0
6199,59,15,26,0
6200,59,15,26,0
6201,59,15,26,0
6202,59,15,26,0
6203,59,15,26,0
6204,59,15,26,0
6205,59,15,26,0
6206,59,15,26,0
6207,59,15,26,0
6208,59,15,26,0
6209,59,15,26,0
6210,59,15,26,0
6211,59,15,26,0
6212,59,15,26,0
6213,59,15,26,0
6214,59,15,26,0
6215,59,15,26,0
6216,59,15,26,0
6217,59,15,26,0
6218,59,15,26,0
6219,59,15,26,0
6220,59,15,26,0
6221,59,15,26,0
6222,59,15,26,0
6223,59,15,26,0
6224,59,15,26,0
6225,59,15,26,0
6226,59,15,26,0
6227,59,15,26,0
6228,59,15,26,0
6229,59,15,26,0
6230,59,15,26,0
6231,59,15,26,0
6232,59,15,26,0
6233,59,15,26,0
6234,59,15,26,0
6235,59,15,26,0
6236,59,15,26,0
6237,59,15,26,0
6238,59,15,26,0
6239,59,15,26,0
6240,59,15,26,0
6241,59,15,26,0
6242,59,15,26,0
6243,59,15,26,0
6244,59,15,26,0
6245,59,15,26,0
6246,59,15,26,0
6247,59,15,26,0
6248,59,15,26,0
6249,59,15,26,0
6250,59,15,26,0
6251,59,15,26,0
6252,59,15,26,0
6253,59,15,26,0
6254,59,15,26,0
6255,59,15,26,0
6256,59,15,26,0
6257,59,15,26,0
6258,59,15,26,0
6259,59,15,26,0
6260,59,15,26,0
6261,59,15,26,0
6262,59,15,26,0
6263,59,15,26,0
6264,59,15,26,0
6265,59,15,26,0
6266,59,15,26,0
6267,59,15,26,0
6268,59,15,26,0
6269,59,15,26,0
6270,59,15,26,0
6271,59,15,26,0
6272,59,15,26,0
6273,59,15,26,0
6274,59,15,26,0
6275,59,15,26,0
6276,59,15,26,0
6277,59,15,26,0
6278,59,15,26,0
6279,59,15,26,0
6280,59,15,26,0
6281,59,15,26,0
6282,59,15,26,0
6283,59,15,26,0
6284,59,15,26,0
6285,59,15,26,0
6286,59,15,26,0
6287,59,15,26,0
6288,59,15,26,0
6289,59,15,26,0
6290,59,15,26,0
6291,59,15,26,0
6292,59,15,26,0
6293,59,15,26,0
6294,59,15,26,0
6295,59,15,26,0
6296,59,15,26,0
6297,59,15,26,0
6298,59,15,26,0
6299,59,15,26,0
6300,59,15,26,0
6301,59,15,26,0
6302,59,15,26,0
6303,59,15,26,0
6304,59,15,26,0
6305,59,15,26,0
6306,59,15,26,0
6307,59,15,26,0
6308,59,15,26,0
6309,59,15,26,0
6310,59,15,26,0
6311,59,15,26,0
6312,59,15,26,0
6313,59,15,26,0
6314,59,15,26,0
6315,59,15,26,0
6316,59,15,26,0
6317,59,15,26,0
6318,59,15,26,0
6319,59,15,26,0
6320,59,15,26,0
6321,59,15,26,0
6322,59,15,26,0
6323,59,15,26,0
6324,59,15,26,0
6325,59,15,26,0
6326,59,15,26,0
6327,59,15,26,0
6328,59,15,26,0
6329,59,15,26,0
6330,59,15,26,0
6331,59,15,26,0
6332,59,15,26,0
6333,59,15,26,0
6334,59,15,26,0
6335,59,15,26,0
6336,59,15,26,0
6337,59,15,26,0
6338,59,15,26,0
6339,59,15,26,0
6340,59,15,26,0
6341,59,15,26,0
6342,59,15,26,0
6343,59,15,26,0
6344,59,15,26,0
6345,59,15,26,0
6346,59,15,26,0
6347,59,15,26,0
6348,59,15,26,0
6349,59,15,26,0
6350,59,15,26,0
6351,59,15,26,0
6352,59,15,26,0
6353,59,15,26,0
6354,59,15,26,0
6355,59,15,26,0
6356,59,15,26,0
6357,59,15,26,0
6358,59,15,26,0
6359,59,15,26,0
6360,59,15,26,0
6361,59,15,26,0
6362,59,15,26,0
6363,59,15,26,0
6364,59,15,26,0
6365,59,15,26,0
6366,59,15,26,0
6367,59,15,26,0
6368,59,15,26,0
6369,59,15,26,0
6370,59,15,26,0
6371,59,15,26,0
6372,59,15,26,0
6373,59,15,26,0
6374,59,15,26,0
6375,59,15,26,0
6376,59,15,26,0
6377,59,15,26,0
6378,59,15,26,0
6379,59,15,26,0
6380,59,15,26,0
6381,59,15,26,0
6382,59,15,26,0
6383,59,15,26,0
6384,59,15,26,0
6385,59,15,26,0
6386,59,15,26,0
6387,59,15,26,0
6388,59,15,26,0
6389,59,15,26,0
6390,59,15,26,0
6391,59,15,26,0
6392,59,15,26,0
6393,59,15,26,0
6394,59,15,26,0
6395,59,15,26,0
6396,59,15,26,0
6397,59,15,26,0
6398,59,15,26,0
6399,59,15,26,0
6400,59,15,26,0
6401,59,15,26,0
6402,59,15,26,0
6403,59,15,26,0
6404,59,15,26,0
6405,59,15,26,0
6406,59,15,26,0
6407,59,15,26,0
6408,59,15,26,0
6409,59,15,26,0
6410,59,15,26,0
6411,59,15,26,0
6412,59,15,26,0
6413,59,15,26,0
6414,59,15,26,0
6415,59,15,26,0
6416,59,15,26,0
6417,59,15,26,0
6418,59,15,26,0
6419,59,15,26,0
6420,59,15,26,0
6421,59,15,26,0
6422,59,15,26,0
6423,59,15,26,0
6424,59,15,26,0
6425,59,15,26,0
6426,59,15,26,0
6427,59,15,26,0
6428,59,15,26,0
6429,59,15,26,0
6430,59,15,26,0
6431,59,15,26,0
6432,59,15,26,0
6433,59,15,26,0
6434,59,15,26,0
6435,59,15,26,0
6436,59,15,26,0
6437,59,15,26,0
6438,59,15,26,0
6439,59,15,26,0
6440,59,15,26,0
6441,59,15,26,0
6442,59,15,26,0
6443,59,15,26,0
6444,59,15,26,0
6445,59,15,26,0
6446,59,15,26,0
6447,59,15,26,0
6448,59,15,26,0
6449,59,15,26,0
6450,59,15,26,0
6451,59,15,26,0
6452,59,15,26,0
6453,59,15,26,0
6454,59,15,26,0
6455,59,15,26,0
6456,59,15,26,0
6457,59,15,26,0
6458,59,15,26,0
6459,59,15,26,0
6460,59,15,26,0
6461,59,15,26,0
6462,59,15,26,0
6463,59,15,26,0
6464,59,15,26,0
6465,59,15,26,0
6466,59,15,26,0
6467,59,15,26,0
6468,59,15,26,0
6469,59,15,26,0
6470,59,15,26,0
6471,59,15,26,0
6472,59,15,26,0
6473,59,15,26,0
6474,59,15,26,0
6475,59,15,26,0
6476,59,15,26,0
6477,59,15,26,0
6478,59,15,26,0
6479,59,15,26,0
6480,59,15,26,0
6481,59,15,26,0
6482,59,15,26,0
6483,59,15,26,0
6484,59,15,26,0
6485,59,15,26,0
6486,59,15,26,0
6487,59,15,26,0
6488,59,15,26,0
6489,59,15,26,0
6490,59,15,26,0
6491,59,15,26,0
6492,59,15,26,0
6493,59,15,26,0
6494,59,15,26,0
6495,59,15,26,0
6496,59,15,26,0
6497,59,15,26,0
6498,59,15,26,0
6499,59,15,26,0
6500,59,15,26,0
6501,59,15,26,0
6502,59,15,26,0
6503,59,15,26,0
6504,59,15,26,0
6505,59,15,26,0
6506,59,15,26,0
6507,59,15,26,0
6508,59,15,26,0
6509,59,15,26,0
6510,59,15,26,0
6511,59,15,26,0
6512,59,15,26,0
6513,59,15,26,0
6514,59,15,26,0
6515,59,15,26,0
6516,59,15,26,0
6517,59,15,26,0
6518,59,15,26,0
6519,59,15,26,0
6520,59,15,26,0
6521,59,15,26,0
6522,59,15,26,0
6523,59,15,26,0
6524,59,15,26,0
6525,59,15,26,0
6526,59,15,26,0
6527,59,15,26,0
6528,59,15,26,0
6529,59,15,26,0
6530,59,15,26,0
6531,59,15,26,0
6532,59,15,26,0
6533,59,15,26,0
6534,59,15,26,0
6535,59,15,26,0
6536,59,15,26,0
6537,59,15,26,0
6538,59,15,26,0
6539,59,15,26,0
6540,59,15,26,0
6541,59,15,26,0
6542,59,15,26,0
6543,59,15,26,0
6544,59,15,26,0
6545,59,15,26,0
6546,59,15,26,0
6547,59,15,26,0
6548,59,15,26,0
6549,59,15,26,0
6550,59,15,26,0
6551,59,15,26,0
6552,59,15,26,0
6553,59,15,26,0
6554,59,15,26,0
6555,59,15,26,0
6556,59,15,26,0
6557,59,15,26,0
6558,59,15,26,0
6559,59,15,26,0
6560,59,15,26,0
6561,59,15,26,0
6562,59,15,26,0
6563,59,15,26,0
6564,59,15,26,0
6565,59,15,26,0
6566,59,15,26,0
6567,59,15,26,0
6568,59,15,26,0
6569,59,15,26,0
6570,59,15,26,0
6571,59,15,26,0
6572,59,15,26,0
6573,59,15,26,0
6574,59,15,26,0
6575,59,15,26,0
6576,59,15,26,0
6577,59,15,26,0
6578,59,15,26,0
6579,59,15,26,0
6580,59,15,26,0
6581,59,15,26,0
6582,59,15,26,0
6583,59,15,26,0
6584,59,15,26,0
6585,59,15,26,0
6586,59,15,26,0
6587,59,15,26,0
6588,59,15,26,0
6589,59,15,26,0
6590,59,15,26,0
6591,59,15,26,0
6592,59,15,26,0
6593,59,15,26,0
6594,59,15,26,0
6595,59,15,26,0
6596,59,15,26,0
6597,59,15,26,0
6598,59,15,26,0
6599,59,15,26,0
6600,59,15,26,0
6601,59,15,26,0
6602,59,15,26,0
6603,59,15,26,0
6604,59,15,26,0
6605,59,15,26,0
6606,59,15,26,0
6607,59,15,26,0
6608,59,15,26,0
6609,59,15,26,0
6610,59,15,26,0
6611,59,15,26,0
6612,59,15,26,0
6613,59,15,26,0
6614,59,15,26,0
6615,59,15,26,0
6616,59,15,26,0
6617,59,15,26,0
6618,59,15,26,0
6619,59,15,26,0
6620,59,15,26,0
6621,59,15,26,0
6622,59,15,26,0
6623,59,15,26,0
6624,59,15,26,0
6625,59,15,26,0
6626,59,15,26,0
6627,59,15,26,0
6628,59,15,26,0
6629,59,15,26,0
6630,59,15,26,0
6631,59,15,26,0
6632,59,15,26,0
6633,59,15,26,0
6634,59,15,26,0
6635,59,15,26,0
6636,59,15,26,0
6637,59,15,26,0
6638,59,15,26,0
6639,59,15,26,0
6640,59,15,26,0
6641,59,15,26,0
6642,59,15,26,0
6643,59,15,26,0
6644,59,15,26,0
6645,59,15,26,0
6646,59,15,26,0
6647,59,15,26,0
6648,59,15,26,0
6649,59,15,26,0
6650,59,15,26,0
6651,59,15,26,0
6652,59,15,26,0
6653,59,15,26,0
6654,59,15,26,0
6655,59,15,26,0
6656,59,15,26,0
6657,59,15,26,0
6658,59,15,26,0
6659,59,15,26,0
6660,59,15,26,0
6661,59,15,26,0
6662,59,15,26,0
6663,59,15,26,0
6664,59,15,26,0
6665,59,15,26,0
6666,59,15,26,0
6667,59,15,26,0
6668,59,15,26,0
6669,59,15,26,0
6670,59,15,26,0
6671,59,15,26,0
6672,59,15,26,0
6673,59,15,26,0
6674,59,15,26,0
6675,59,15,26,0
6676,59,15,26,0
6677,59,15,26,0
6678,59,15,26,0
6679,59,15,26,0
6680,59,15,26,0
6681,59,15,26,0
6682,59,15,26,0
6683,59,15,26,0
6684,59,15,26,0
6685,59,15,26,0
6686,59,15,26,0
6687,59,15,26,0
6688,59,15,26,0
6689,59,15,26,0
6690,59,15,26,0
6691,59,15,26,0
6692,59,15,26,0
6693,59,15,26,0
6694,59,15,26,0
6695,59,15,26,0
6696,59,15,26,0
6697,59,15,26,0
6698,59,15,26,0
6699,59,15,26,0
6700,59,15,26,0
6701,59,15,26,0
6702,59,15,26,0
6703,59,15,26,0
6704,59,15,26,0
6705,59,15,26,0
6706,59,15,26,0
6707,59,15,26,0
6708,59,15,26,0
6709,59,15,26,0
6710,59,15,26,0
6711,59,15,26,0
6712,59,15,26,0
6713,59,15,26,0
6714,59,15,26,0
6715,59,15,26,0
6716,59,15,26,0
6717,59,15,26,0
6718,59,15,26,0
6719,59,15,26,0
6720,59,15,26,0
6721,59,15,26,0
6722,59,15,26,0
6723,59,15,26,0
6724,59,15,26,0
6725,59,15,26,0
6726,59,15,26,0
6727,59,15,26,0
6728,59,15,26,0
6729,59,15,26,0
6730,59,15,26,0
6731,59,15,26,0
6732,59,15,26,0
6733,59,15,26,0
6734,59,15,26,0
6735,59,15,26,0
6736,59,15,26,0
6737,59,15,26,0
6738,59,15,26,0
6739,59,15,26,0
6740,59,15,26,0
6741,59,15,26,0
6742,59,15,26,0
6743,59,15,26,0
6744,59,15,26,0
6745,59,15,26,0
6746,59,15,26,0
6747,59,15,26,0
6748,59,15,26,0
6749,59,15,26,0
6750,59,15,26,0
6751,59,15,26,0
6752,59,15,26,0
6753,59,15,26,0
6754,59,15,26,0
6755,59,15,26,0
6756,59,15,26,0
6757,59,15,26,0
6758,59,15,26,0
6759,59,15,26,0
6760,59,15,26,0
6761,59,15,26,0
6762,59,15,26,0
6763,59,15,26,0
6764,59,15,26,0
6765,59,15,26,0
6766,59,15,26,0
6767,59,15,26,0
6768,59,15,26,0
6769,59,15,26,0
6770,59,15,26,0
6771,59,15,26,0
6772,59,15,26,0
6773,59,15,26,0
6774,59,15,26,0
6775,59,15,26,0
6776,59,15,26,0
6777,59,15,26,0
6778,59,15,26,0
6779,59,15,26,0
6780,59,15,26,0
6781,59,15,26,0
6782,59,15,26,0
6783,59,15,26,0
6784,59,15,26,0
6785,59,15,26,0
6786,59,15,26,0
6787,59,15,26,0
6788,59,15,26,0
6789,59,15,26,0
6790,59,15,26,0
6791,59,15,26,0
6792,59,15,26,0
6793,59,15,26,0
6794,59,15,26,0
6795,59,15,26,0
6796,59,15,26,0
6797,59,15,26,0
6798,59,15,26,0
6799,59,15,26,0
6800,59,15,26,0
6801,59,15,26,0
6802,59,15,26,0
6803,59,15,26,0
6804,59,15,26,0
6805,59,15,26,0
6806,59,15,26,0
6807,59,15,26,0
6808,59,15,26,0
6809,59,15,26,0
6810,59,15,26,0
6811,59,15,26,0
6812,59,15,26,0
6813,59,15,26,0
6814,59,15,26,0
6815,59,15,26,0
6816,59,15,26,0
6817,59,15,26,0
6818,59,15,26,0
6819,59,15,26,0
6820,59,15,26,0
6821,59,15,26,0
6822,59,15,26,0
6823,59,15,26,0
6824,59,15,26,0
6825,59,15,26,0
6826,59,15,26,0
6827,59,15,26,0
6828,59,15,26,0
6829,59,15,26,0
6830,59,15,26,0
6831,59,15,26,0
6832,59,15,26,0
6833,59,15,26,0
6834,59,15,26,0
6835,59,15,26,0
6836,59,15,26,0
6837,59,15,26,0
6838,59,15,26,0
6839,59,15,26,0
6840,59,15,26,0
6841,59,15,26,0
6842,59,15,26,0
6843,59,15,26,0
6844,59,15,26,0
6845,59,15,26,0
6846,59,15,26,0
6847,59,15,26,0
6848,59,15,26,0
6849,59,15,26,0
6850,59,15,26,0
6851,59,15,26,0
6852,59,15,26,0
6853,59,15,26,0
6854,59,15,26,0
6855,59,15,26,0
6856,59,15,26,0
6857,59,15,26,0
6858,59,15,26,0
6859,59,15,26,0
6860,59,15,26,0
6861,59,15,26,0
6862,59,15,26,0
6863,59,15,26,0
6864,59,15,26,0
6865,59,15,26,0
6866,59,15,26,0
6867,59,15,26,0
6868,59,15,26,0
6869,59,15,26,0
6870,59,15,26,0
6871,59,15,26,0
6872,59,15,26,0
6873,59,15,26,0
6874,59,15,26,0
6875,59,15,26,0
6876,59,15,26,0
6877,59,15,26,0
6878,59,15,26,0
6879,59,15,26,0
6880,59,15,26,0
6881,59,15,26,0
6882,59,15,26,0
6883,59,15,26,0
6884,59,15,26,0
6885,59,15,26,0
6886,59,15,26,0
6887,59,15,26,0
6888,59,15,26,0
6889,59,15,26,0
6890,59,15,26,0
6891,59,15,26,0
6892,59,15,26,0
6893,59,15,26,0
6894,59,15,26,0
6895,59,15,26,0
6896,59,15,26,0
6897,59,15,26,0
6898,59,15,26,0
6899,59,15,26,0
6900,59,15,26,0
6901,59,15,26,0
6902,59,15,26,0
6903,59,15,26,0
6904,59,15,26,0
6905,59,15,26,0
6906,59,15,26,0
6907,59,15,26,0
6908,59,15,26,0
6909,59,15,26,0
6910,59,15,26,0
6911,59,15,26,0
6912,59,15,26,0
6913,59,15,26,0
6914,59,15,26,0
6915,59,15,26,0
6916,59,15,26,0
6917,59,15,26,0
6918,59,15,26,0
6919,59,15,26,0
6920,59,15,26,0
6921,59,15,26,0
6922,59,15,26,0
6923,59,15,26,0
6924,59,15,26,0
6925,59,15,26,0
6926,59,15,26,0
6927,59,15,26,0
6928,59,15,26,0
6929,59,15,26,0
6930,59,15,26,0
6931,59,15,26,0
6932,59,15,26,0
6933,59,15,26,0
6934,59,15,26,0
6935,59,15,26,0
6936,59,15,26,0
6937,59,15,26,0
6938,59,15,26,0
6939,59,15,26,0
6940,59,15,26,0
6941,59,15,26,0
6942,59,15,26,0
6943,59,15,26,0
6944,59,15,26,0
6945,59,15,26,0
6946,59,15,26,0
6947,59,15,26,0
6948,59,15,26,0
6949,59,15,26,0
6950,59,15,26,0
6951,59,15,26,0
6952,59,15,26,0
6953,59,15,26,0
6954,59,15,26,0
6955,59,15,26,0
6956,59,15,26,0
6957,59,15,26,0
6958,59,15,26,0
6959,59,15,26,0
6960,59,15,26,0
6961,59,15,26,0
6962,59,15,26,0
6963,59,15,26,0
6964,59,15,26,0
6965,59,15,26,0
6966,59,15,26,0
6967,59,15,26,0
6968,59,15,26,0
6969,59,15,26,0
6970,59,15,26,0
6971,59,15,26,0
6972,59,15,26,0
6973,59,15,26,0
6974,59,15,26,0
6975,59,15,26,0
6976,59,15,26,0
6977,59,15,26,0
6978,59,15,26,0
6979,59,15,26,0
6980,59,15,26,0
6981,59,15,26,0
6982,59,15,26,0
6983,59,15,26,0
6984,59,15,26,0
6985,59,15,26,0
6986,59,15,26,0
6987,59,15,26,0
6988,59,15,26,0
6989,59,15,26,0
6990,59,15,26,0
6991,59,15,26,0
6992,59,15,26,0
6993,59,15,26,0
6994,59,15,26,0
6995,59,15,26,0
6996,59,15,26,0
6997,59,15,26,0
6998,59,15,26,0
6999,59,15,26,0
7000,59,15,26,0
7001,59,15,26,0
7002,59,15,26,0
7003,59,15,26,0
7004,59,15,26,0
7005,59,15,26,0
7006,59,15,26,0
7007,59,15,26,0
7008,59,15,26,0
7009,59,15,26,0
7010,59,15,26,0
7011,59,15,26,0
7012,59,15,26,0
7013,59,15,26,0
7014,59,15,26,0
7015,59,15,26,0
7016,59,15,26,0
7017,59,15,26,0
7018,59,15,26,0
7019,59,15,26,0
7020,59,15,26,0
7021,59,15,26,0
7022,59,15,26,0
7023,59,15,26,0
7024,59,15,26,0
7025,59,15,26,0
7026,59,15,26,0
7027,59,15,26,0
7028,59,15,26,0
7029,59,15,26,0
7030,59,15,26,0
7031,59,15,26,0
7032,59,15,26,0
7033,59,15,26,0
7034,59,15,26,0
7035,59,15,26,0
7036,59,15,26,0
7037,59,15,26,0
7038,59,15,26,0
7039,59,15,26,0
7040,59,15,26,0
7041,59,15,26,0
7042,59,15,26,0
7043,59,15,26,0
7044,59,15,26,0
7045,59,15,26,0
7046,59,15,26,0
7047,59,15,26,0
7048,59,15,26,0
7049,59,15,26,0
7050,59,15,26,0
7051,59,15,26,0
7052,59,15,26,0
7053,59,15,26,0
7054,59,15,26,0
7055,59,15,26,0
7056,59,15,26,0
7057,59,15,26,0
7058,59,15,26,0
7059,59,15,26,0
7060,59,15,26,0
7061,59,15,26,0
7062,59,15,26,0
7063,59,15,26,0
7064,59,15,26,0
7065,59,15,26,0
7066,59,15,26,0
7067,59,15,26,0
7068,59,15,26,0
7069,59,15,26,0
7070,59,15,26,0
7071,59,15,26,0
7072,59,15,26,0
7073,59,15,26,0
7074,59,15,26,0
7075,59,15,26,0
7076,59,15,26,0
7077,59,15,26,0
7078,59,15,26,0
7079,59,15,26,0
7080,59,15,26,0
7081,59,15,26,0
7082,59,15,26,0
7083,59,15,26,0
7084,59,15,26,0
7085,59,15,26,0
7086,59,15,26,0
7087,59,15,26,0
7088,59,15,26,0
7089,59,15,26,0
7090,59,15,26,0
7091,59,15,26,0
7092,59,15,26,0
7093,59,15,26,0
7094,59,15,26,0
7095,59,15,26,0
7096,59,15,26,0
7097,59,15,26,0
7098,59,15,26,0
7099,59,15,26,0
7100,59,15,26,0
7101,59,15,26,0
7102,59,15,26,0
7103,59,15,26,0
7104,59,15,26,0
7105,59,15,26,0
7106,59,15,26,0
7107,59,15,26,0
7108,59,15,26,0
7109,59,15,26,0
7110,59,15,26,0
7111,59,15,26,0
7112,59,15,26,0
7113,59,15,26,0
7114,59,15,26,0
7115,59,15,26,0
7116,59,15,26,0
7117,59,15,26,0
7118,59,15,26,0
7119,59,15,26,0
7120,59,15,26,0
7121,59,15,26,0
7122,59,15,26,0
7123,59,15,26,0
7124,59,15,26,0
7125,59,15,26,0
7126,59,15,26,0
7127,59,15,26,0
7128,59,15,26,0
7129,59,15,26,0
7130,59,15,26,0
7131,59,15,26,0
7132,59,15,26,0
7133,59,15,26,0
7134,59,15,26,0
7135,59,15,26,0
7136,59,15,26,0
7137,59,15,26,0
7138,59,15,26,0
7139,59,15,26,0
7140,59,15,26,0
7141,59,15,26,0
7142,59,15,26,0
7143,59,15,26,0
7144,59,15,26,0
7145,59,15,26,0
7146,59,15,26,0
7147,59,15,26,0
7148,59,15,26,0
7149,59,15,26,0
7150,59,15,26,0
7151,59,15,26,0
7152,59,15,26,0
7153,59,15,26,0
7154,59,15,26,0
7155,59,15,26,0
7156,59,15,26,0
7157,59,15,26,0
7158,59,15,26,0
7159,59,15,26,0
7160,59,15,26,0
7161,59,15,26,0
7162,59,15,26,0
7163,59,15,26,0
7164,59,15,26,0
7165,59,15,26,0
7166,59,15,26,0
7167,59,15,26,0
7168,59,15,26,0
7169,59,15,26,0
7170,59,15,26,0
7171,59,15,26,0
7172,59,15,26,0
7173,59,15,26,0
7174,59,15,26,0
7175,59,15,26,0
7176,59,15,26,0
7177,59,15,26,0
7178,59,15,26,0
7179,59,15,26,0
7180,59,15,26,0
7181,59,15,26,0
7182,59,15,26,0
7183,59,15,26,0
7184,59,15,26,0
7185,59,15,26,0
7186,59,15,26,0
7187,59,15,26,0
7188,59,15,26,0
7189,59,15,26,0
7190,59,15,26,0
7191,59,15,26,0
7192,59,15,26,0
7193,59,15,26,0
7194,59,15,26,0
7195,59,15,26,0
7196,59,15,26,0
7197,59,15,26,0
7198,59,15,26,0
7199,59,15,26,0
7200,59,15,26,0
7201,59,15,26,0
7202,59,15,26,0
7203,59,15,26,0
7204,59,15,26,0
7205,59,15,26,0
7206,59,15,26,0
7207,59,15,26,0
7208,59,15,26,0
7209,59,15,26,0
7210,59,15,26,0
7211,59,15,26,0
7212,59,15,26,0
7213,59,15,26,0
7214,59,15,26,0
7215,59,15,26,0
7216,59,15,26,0
7217,59,15,26,0
7218,59,15,26,0
7219,59,15,26,0
7220,59,15,26,0
7221,59,15,26,0
7222,59,15,26,0
7223,59,15,26,0
7224,59,15,26,0
7225,59,15,26,0
7226,59,15,26,0
7227,59,15,26,0
7228,59,15,26,0
7229,59,15,26,0
7230,59,15,26,0
7231,59,15,26,0
7232,59,15,26,0
7233,59,15,26,0
7234,59,15,26,0
7235,59,15,26,0
7236,59,15,26,0
7237,59,15,26,0
7238,59,15,26,0
7239,59,15,26,0
7240,59,15,26,0
7241,59,15,26,0
7242,59,15,26,0
7243,59,15,26,0
7244,59,15,26,0
7245,59,15,26,0
7246,59,15,26,0
7247,59,15,26,0
7248,59,15,26,0
7249,59,15,26,0
7250,59,15,26,0
7251,59,15,26,0
7252,59,15,26,0
7253,59,15,26,0
7254,59,15,26,0
7255,59,15,26,0
7256,59,15,26,0
7257,59,15,26,0
7258,59,15,26,0
7259,59,15,26,0
7260,59,15,26,0
7261,59,15,26,0
7262,59,15,26,0
7263,59,15,26,0
7264,59,15,26,0
7265,59,15,26,0
7266,59,15,26,0
7267,59,15,26,0
7268,59,15,26,0
7269,59,15,26,0
7270,59,15,26,0
7271,59,15,26,0
7272,59,15,26,0
7273,59,15,26,0
7274,59,15,26,0
7275,59,15,26,0
7276,59,15,26,0
7277,59,15,26,0
7278,59,15,26,0
7279,59,15,26,0
7280,59,15,26,0
7281,59,15,26,0
7282,59,15,26,0
7283,59,15,26,0
7284,59,15,26,0
7285,59,15,26,0
7286,59,15,26,0
7287,59,15,26,0
7288,59,15,26,0
7289,59,15,26,0
7290,59,15,26,0
7291,59,15,26,0
7292,59,15,26,0
7293,59,15,26,0
7294,59,15,26,0
7295,59,15,26,0
7296,59,15,26,0
7297,59,15,26,0
7298,59,15,26,0
7299,59,15,26,0
7300,59,15,26,0
7301,59,15,26,0
7302,59,15,26,0
7303,59,15,26,0
7304,59,15,26,0
7305,59,15,26,0
7306,59,15,26,0
7307,59,15,26,0
7308,59,15,26,0
7309,59,15,26,0
7310,59,15,26,0
7311,59,15,26,0
7312,59,15,26,0
7313,59,15,26,0
7314,59,15,26,0
7315,59,15,26,0
7316,59,15,26,0
7317,59,15,26,0
7318,59,15,26,0
7319,59,15,26,0
7320,59,15,26,0
7321,59,15,26,0
7322,59,15,26,0
7323,59,15,26,0
7324,59,15,26,0
7325,59,15,26,0
7326,59,15,26,0
7327,59,15,26,0
7328,59,15,26,0
7329,59,15,26,0
7330,59,15,26,0
7331,59,15,26,0
7332,59,15,26,0
7333,59,15,26,0
7334,59,15,26,0
7335,59,15,26,0
7336,59,15,26,0
7337,59,15,26,0
7338,59,15,26,0
7339,59,15,26,0
7340,59,15,26,0
7341,59,15,26,0
7342,59,15,26,0
7343,59,15,26,0
7344,59,15,26,0
7345,59,15,26,0
7346,59,15,26,0
7347,59,15,26,0
7348,59,15,26,0
7349,59,15,26,0
7350,59,15,26,0
7351,59,15,26,0
7352,59,15,26,0
7353,59,15,26,0
7354,59,15,26,0
7355,59,15,26,0
7356,59,15,26,0
7357,59,15,26,0
7358,59,15,26,0
7359,59,15,26,0
7360,59,15,26,0
7361,59,15,26,0
7362,59,15,26,0
7363,59,15,26,0
7364,59,15,26,0
7365,59,15,26,0
7366,59,15,26,0
7367,59,15,26,0
7368,59,15,26,0
7369,59,15,26,0
7370,59,15,26,0
7371,59,15,26,0
7372,59,15,26,0
7373,59,15,26,0
7374,59,15,26,0
7375,59,15,26,0
7376,59,15,26,0
7377,59,15,26,0
7378,59,15,26,0
7379,59,15,26,0
7380,59,15,26,0
7381,59,15,26,0
7382,59,15,26,0
7383,59,15,26,0
7384,59,15,26,0
7385,59,15,26,0
7386,59,15,26,0
7387,59,15,26,0
7388,59,15,26,0
7389,59,15,26,0
7390,59,15,26,0
7391,59,15,26,0
7392,59,15,26,0
7393,59,15,26,0
7394,59,15,26,0
7395,59,15,26,0
7396,59,15,26,0
7397,59,15,26,0
7398,59,15,26,0
7399,59,15,26,0
7400,59,15,26,0
7401,59,15,26,0
7402,59,15,26,0
7403,59,15,26,0
7404,59,15,26,0
7405,59,15,26,0
7406,59,15,26,0
7407,59,15,26,0
7408,59,15,26,0
7409,59,15,26,0
7410,59,15,26,0
7411,59,15,26,0
7412,59,15,26,0
7413,59,15,26,0
7414,59,15,26,0
7415,59,15,26,0
7416,59,15,26,0
7417,59,15,26,0
7418,59,15,26,0
7419,59,15,26,0
7420,59,15,26,0
7421,59,15,26,0
7422,59,15,26,0
7423,59,15,26,0
7424,59,15,26,0
7425,59,15,26,0
7426,59,15,26,0
7427,59,15,26,0
7428,59,15,26,0
7429,59,15,26,0
7430,59,15,26,0
7431,59,15,26,0
7432,59,15,26,0
7433,59,15,26,0
7434,59,15,26,0
7435,59,15,26,0
7436,59,15,26,0
7437,59,15,26,0
7438,59,15,26,0
7439,59,15,26,0
7440,59,15,26,0
7441,59,15,26,0
7442,59,15,26,0
7443,59,15,26,0
7444,59,15,26,0
7445,59,15,26,0
7446,59,15,26,0
7447,59,15,26,0
7448,59,15,26,0
7449,59,15,26,0
7450,59,15,26,0
7451,59,15,26,0
7452,59,15,26,0
7453,59,15,26,0
7454,59,15,26,0
7455,59,15,26,0
7456,59,15,26,0
7457,59,15,26,0
7458,59,15,26,0
7459,59,15,26,0
7460,59,15,26,0
7461,59,15,26,0
7462,59,15,26,0
7463,59,15,26,0
7464,59,15,26,0
7465,59,15,26,0
7466,59,15,26,0
7467,59,15,26,0
7468,59,15,26,0
7469,59,15,26,0
7470,59,15,26,0
7471,59,15,26,0
7472,59,15,26,0
7473,59,15,26,0
7474,59,15,26,0
7475,59,15,26,0
7476,59,15,26,0
7477,59,15,26,0
7478,59,15,26,0
7479,59,15,26,0
7480,59,15,26,0
7481,59,15,26,0
7482,59,15,26,0
7483,59,15,26,0
7484,59,15,26,0
7485,59,15,26,0
7486,59,15,26,0
7487,59,15,26,0
7488,59,15,26,0
7489,59,15,26,0
7490,59,15,26,0
7491,59,15,26,0
7492,59,15,26,0
7493,59,15,26,0
7494,59,15,26,0
7495,59,15,26,0
7496,59,15,26,0
7497,59,15,26,0
7498,59,15,26,0
7499,59,15,26,0
7500,59,15,26,0
7501,59,15,26,0
7502,59,15,26,0
7503,59,15,26,0
7504,59,15,26,0
7505,59,15,26,0
7506,59,15,26,0
7507,59,15,26,0
7508,59,15,26,0
7509,59,15,26,0
7510,59,15,26,0
7511,59,15,26,0
7512,59,15,26,0
7513,59,15,26,0
7514,59,15,26,0
7515,59,15,26,0
7516,59,15,26,0
7517,59,15,26,0
7518,59,15,26,0
7519,59,15,26,0
7520,59,15,26,0
7521,59,15,26,0
7522,59,15,26,0
7523,59,15,26,0
7524,59,15,26,0
7525,59,15,26,0
7526,59,15,26,0
7527,59,15,26,0
7528,59,15,26,0
7529,59,15,26,0
7530,59,15,26,0
7531,59,15,26,0
7532,59,15,26,0
7533,59,15,26,0
7534,59,15,26,0
7535,59,15,26,0
7536,59,15,26,0
7537,59,15,26,0
7538,59,15,26,0
7539,59,15,26,0
7540,59,15,26,0
7541,59,15,26,0
7542,59,15,26,0
7543,59,15,26,0
7544,59,15,26,0
7545,59,15,26,0
7546,59,15,26,0
7547,59,15,26,0
7548,59,15,26,0
7549,59,15,26,0
7550,59,15,26,0
7551,59,15,26,0
7552,59,15,26,0
7553,59,15,26,0
7554,59,15,26,0
7555,59,15,26,0
7556,59,15,26,0
7557,59,15,26,0
7558,59,15,26,0
7559,59,15,26,0
7560,59,15,26,0
7561,59,15,26,0
7562,59,15,26,0
7563,59,15,26,0
7564,59,15,26,0
7565,59,15,26,0
7566,59,15,26,0
7567,59,15,26,0
7568,59,15,26,0
7569,59,15,26,0
7570,59,15,26,0
7571,59,15,26,0
7572,59,15,26,0
7573,59,15,26,0
7574,59,15,26,0
7575,59,15,26,0
7576,59,15,26,0
7577,59,15,26,0
7578,59,15,26,0
7579,59,15,26,0
7580,59,15,26,0
7581,59,15,26,0
7582,59,15,26,0
7583,59,15,26,0
7584,59,15,26,0
7585,59,15,26,0
7586,59,15,26,0
7587,59,15,26,0
7588,59,15,26,0
7589,59,15,26,0
7590,59,15,26,0
7591,59,15,26,0
7592,59,15,26,0
7593,59,15,26,0
7594,59,15,26,0
7595,59,15,26,0
7596,59,15,26,0
7597,59,15,26,0
7598,59,15,26,0
7599,59,15,26,0
7600,59,15,26,0
7601,59,15,26,0
7602,59,15,26,0
7603,59,15,26,0
7604,59,15,26,0
7605,59,15,26,0
7606,59,15,26,0
7607,59,15,26,0
7608,59,15,26,0
7609,59,15,26,0
7610,59,15,26,0
7611,59,15,26,0
7612,59,15,26,0
7613,59,15,26,0
7614,59,15,26,0
7615,59,15,26,0
7616,59,15,26,0
7617,59,15,26,0
7618,59,15,26,0
7619,59,15,26,0
7620,59,15,26,0
7621,59,15,26,0
7622,59,15,26,0
7623,59,15,26,0
7624,59,15,26,0
7625,59,15,26,0
7626,59,15,26,0
7627,59,15,26,0
7628,59,15,26,0
7629,59,15,26,0
7630,59,15,26,0
7631,59,15,26,0
7632,59,15,26,0
7633,59,15,26,0
7634,59,15,26,0
7635,59,15,26,0
7636,59,15,26,0
7637,59,15,26,0
7638,59,15,26,0
7639,59,15,26,0
7640,59,15,26,0
7641,59,15,26,0
7642,59,15,26,0
7643,59,15,26,0
7644,59,15,26,0
7645,59,15,26,0
7646,59,15,26,0
7647,59,15,26,0
7648,59,15,26,0
7649,59,15,26,0
7650,59,15,26,0
7651,59,15,26,0
7652,59,15,26,0
7653,59,15,26,0
7654,59,15,26,0
7655,59,15,26,0
7656,59,15,26,0
7657,59,15,26,0
7658,59,15,26,0
7659,59,15,26,0
7660,59,15,26,0
7661,59,15,26,0
7662,59,15,26,0
7663,59,15,26,0
7664,59,15,26,0
7665,59,15,26,0
7666,59,15,26,0
7667,59,15,26,0
7668,59,15,26,0
7669,59,15,26,0
7670,59,15,26,0
7671,59,15,26,0
7672,59,15,26,0
7673,59,15,26,0
7674,59,15,26,0
7675,59,15,26,0
7676,59,15,26,0
7677,59,15,26,0
7678,59,15,26,0
7679,59,15,26,0
7680,59,15,26,0
7681,59,15,26,0
7682,59,15,26,0
7683,59,15,26,0
7684,59,15,26,0
7685,59,15,26,0
7686,59,15,26,0
7687,59,15,26,0
7688,59,15,26,0
7689,59,15,26,0
7690,59,15,26,0
7691,59,15,26,0
7692,59,15,26,0
7693,59,15,26,0
7694,59,15,26,0
7695,59,15,26,0
7696,59,15,26,0
7697,59,15,26,0
7698,59,15,26,0
7699,59,15,26,0
7700,59,15,26,0
7701,59,15,26,0
7702,59,15,26,0
7703,59,15,26,0
7704,59,15,26,0
7705,59,15,26,0
7706,59,15,26,0
7707,59,15,26,0
7708,59,15,26,0
7709,59,15,26,0
7710,59,15,26,0
7711,59,15,26,0
7712,59,15,26,0
7713,59,15,26,0
7714,59,15,26,0
7715,59,15,26,0
7716,59,15,26,0
7717,59,15,26,0
7718,59,15,26,0
7719,59,15,26,0
7720,59,15,26,0
7721,59,15,26,0
7722,59,15,26,0
7723,59,15,26,0
7724,59,15,26,0
7725,59,15,26,0
7726,59,15,26,0
7727,59,15,26,0
7728,59,15,26,0
7729,59,15,26,0
7730,59,15,26,0
7731,59,15,26,0
7732,59,15,26,0
7733,59,15,26,0
7734,59,15,26,0
7735,59,15,26,0
7736,59,15,26,0
7737,59,15,26,0
7738,59,15,26,0
7739,59,15,26,0
7740,59,15,26,0
7741,59,15,26,0
7742,59,15,26,0
7743,59,15,26,0
7744,59,15,26,0
7745,59,15,26,0
7746,59,15,26,0
7747,59,15,26,0
7748,59,15,26,0
7749,59,15,26,0
7750,59,15,26,0
7751,59,15,26,0
7752,59,15,26,0
7753,59,15,26,0
7754,59,15,26,0
7755,59,15,26,0
7756,59,15,26,0
7757,59,15,26,0
7758,59,15,26,0
7759,59,15,26,0
7760,59,15,26,0
7761,59,15,26,0
7762,59,15,26,0
7763,59,15,26,0
7764,59,15,26,0
7765,59,15,26,0
7766,59,15,26,0
7767,59,15,26,0
7768,59,15,26,0
7769,59,15,26,0
7770,59,15,26,0
7771,59,15,26,0
7772,59,15,26,0
7773,59,15,26,0
7774,59,15,26,0
7775,59,15,26,0
7776,59,15,26,0
7777,59,15,26,0
7778,59,15,26,0
7779,59,15,26,0
7780,59,15,26,0
7781,59,15,26,0
7782,59,15,26,0
7783,59,15,26,0
7784,59,15,26,0
7785,59,15,26,0
7786,59,15,26,0
7787,59,15,26,0
7788,59,15,26,0
7789,59,15,26,0
7790,59,15,26,0
7791,59,15,26,0
7792,59,15,26,0
7793,59,15,26,0
7794,59,15,26,0
7795,59,15,26,0
7796,59,15,26,0
7797,59,15,26,0
7798,59,15,26,0
7799,59,15,26,0
7800,59,15,26,0
7801,59,15,26,0
7802,59,15,26,0
7803,59,15,26,0
7804,59,15,26,0
7805,59,15,26,0
7806,59,15,26,0
7807,59,15,26,0
7808,59,15,26,0
7809,59,15,26,0
7810,59,15,26,0
7811,59,15,26,0
7812,59,15,26,0
7813,59,15,26,0
7814,59,15,26,0
7815,59,15,26,0
7816,59,15,26,0
7817,59,15,26,0
7818,59,15,26,0
7819,59,15,26,0
7820,59,15,26,0
7821,59,15,26,0
7822,59,15,26,0
7823,59,15,26,0
7824,59,15,26,0
7825,59,15,26,0
7826,59,15,26,0
7827,59,15,26,0
7828,59,15,26,0
7829,59,15,26,0
7830,59,15,26,0
7831,59,15,26,0
7832,59,15,26,0
7833,59,15,26,0
7834,59,15,26,0
7835,59,15,26,0
7836,59,15,26,0
7837,59,15,26,0
7838,59,15,26,0
7839,59,15,26,0
7840,59,15,26,0
7841,59,15,26,0
7842,59,15,26,0
7843,59,15,26,0
7844,59,15,26,0
7845,59,15,26,0
7846,59,15,26,0
7847,59,15,26,0
7848,59,15,26,0
7849,59,15,26,0
7850,59,15,26,0
7851,59,15,26,0
7852,59,15,26,0
7853,59,15,26,0
7854,59,15,26,0
7855,59,15,26,0
7856,59,15,26,0
7857,59,15,26,0
7858,59,15,26,0
7859,59,15,26,0
7860,59,15,26,0
7861,59,15,26,0
7862,59,15,26,0
7863,59,15,26,0
7864,59,15,26,0
7865,59,15,26,0
7866,59,15,26,0
7867,59,15,26,0
7868,59,15,26,0
7869,59,15,26,0
7870,59,15,26,0
7871,59,15,26,0
7872,59,15,26,0
7873,59,15,26,0
7874,59,15,26,0
7875,59,15,26,0
7876,59,15,26,0
7877,59,15,26,0
7878,59,15,26,0
7879,59,15,26,0
7880,59,15,26,0
7881,59,15,26,0
7882,59,15,26,0
7883,59,15,26,0
7884,59,15,26,0
7885,59,15,26,0
7886,59,15,26,0
7887,59,15,26,0
7888,59,15,26,0
7889,59,15,26,0
7890,59,15,26,0
7891,59,15,26,0
7892,59,15,26,0
7893,59,15,26,0
7894,59,15,26,0
7895,59,15,26,0
7896,59,15,26,0
7897,59,15,26,0
7898,59,15,26,0
7899,59,15,26,0
7900,59,15,26,0
7901,59,15,26,0
7902,59,15,26,0
7903,59,15,26,0
7904,59,15,26,0
7905,59,15,26,0
7906,59,15,26,0
7907,59,15,26,0
7908,59,15,26,0
7909,59,15,26,0
7910,59,15,26,0
7911,59,15,26,0
7912,59,15,26,0
7913,59,15,26,0
7914,59,15,26,0
7915,59,15,26,0
7916,59,15,26,0
7917,59,15,26,0
7918,59,15,26,0
7919,59,15,26,0
7920,59,15,26,0
7921,59,15,26,0
7922,59,15,26,0
7923,59,15,26,0
7924,59,15,26,0
7925,59,15,26,0
7926,59,15,26,0
7927,59,15,26,0
7928,59,15,26,0
7929,59,15,26,0
7930,59,15,26,0
7931,59,15,26,0
7932,59,15,26,0
7933,59,15,26,0
7934,59,15,26,0
7935,59,15,26,0
7936,59,15,26,0
7937,59,15,26,0
7938,59,15,26,0
7939,59,15,26,0
7940,59,15,26,0
7941,59,15,26,0
7942,59,15,26,0
7943,59,15,26,0
7944,59,15,26,0
7945,59,15,26,0
7946,59,15,26,0
7947,59,15,26,0
7948,59,15,26,0
7949,59,15,26,0
7950,59,15,26,0
7951,59,15,26,0
7952,59,15,26,0
7953,59,15,26,0
7954,59,15,26,0
7955,59,15,26,0
7956,59,15,26,0
7957,59,15,26,0
7958,59,15,26,0
7959,59,15,26,0
7960,59,15,26,0
7961,59,15,26,0
7962,59,15,26,0
7963,59,15,26,0
7964,59,15,26,0
7965,59,15,26,0
7966,59,15,26,0
7967,59,15,26,0
7968,59,15,26,0
7969,59,15,26,0
7970,59,15,26,0
7971,59,15,26,0
7972,59,15,26,0
7973,59,15,26,0
7974,59,15,26,0
7975,59,15,26,0
7976,59,15,26,0
7977,59,15,26,0
7978,59,15,26,0
7979,59,15,26,0
7980,59,15,26,0
7981,59,15,26,0
7982,59,15,26,0
7983,59,15,26,0
7984,59,15,26,0
7985,59,15,26,0
7986,59,15,26,0
7987,59,15,26,0
7988,59,15,26,0
7989,59,15,26,0
7990,59,15,26,0
7991,59,15,26,0
7992,59,15,26,0
7993,59,15,26,0
7994,59,15,26,0
7995,59,15,26,0
7996,59,15,26,0
7997,59,15,26,0
7998,59,15,26,0
7999,59,15,26,0
8000,59,15,26,0
8001,59,15,26,0
8002,59,15,26,0
8003,59,15,26,0
8004,59,15,26,0
8005,59,15,26,0
8006,59,15,26,0
8007,59,15,26,0
8008,59,15,26,0
8009,59,15,26,0
8010,59,15,26,0
8011,59,15,26,0
8012,59,15,26,0
8013,59,15,26,0
8014,59,15,26,0
8015,59,15,26,0
8016,59,15,26,0
8017,59,15,26,0
8018,59,15,26,0
8019,59,15,26,0
8020,59,15,26,0
8021,59,15,26,0
8022,59,15,26,0
8023,59,15,26,0
8024,59,15,26,0
8025,59,15,26,0
8026,59,15,26,0
8027,59,15,26,0
8028,59,15,26,0
8029,59,15,26,0
8030,59,15,26,0
8031,59,15,26,0
8032,59,15,26,0
8033,59,15,26,0
8034,59,15,26,0
8035,59,15,26,0
8036,59,15,26,0
8037,59,15,26,0
8038,59,15,26,0
8039,59,15,26,0
8040,59,15,26,0
8041,59,15,26,0
8042,59,15,26,0
8043,59,15,26,0
8044,59,15,26,0
8045,59,15,26,0
8046,59,15,26,0
8047,59,15,26,0
8048,59,15,26,0
8049,59,15,26,0
8050,59,15,26,0
8051,59,15,26,0
8052,59,15,26,0
8053,59,15,26,0
8054,59,15,26,0
8055,59,15,26,0
8056,59,15,26,0
8057,59,15,26,0
8058,59,15,26,0
8059,59,15,26,0
8060,59,15,26,0
8061,59,15,26,0
8062,59,15,26,0
8063,59,15,26,0
8064,59,15,26,0
8065,59,15,26,0
8066,59,15,26,0
8067,59,15,26,0
8068,59,15,26,0
8069,59,15,26,0
8070,59,15,26,0
8071,59,15,26,0
8072,59,15,26,0
8073,59,15,26,0
8074,59,15,26,0
8075,59,15,26,0
8076,59,15,26,0
8077,59,15,26,0
8078,59,15,26,0
8079,59,15,26,0
8080,59,15,26,0
8081,59,15,26,0
8082,59,15,26,0
8083,59,15,26,0
8084,59,15,26,0
8085,59,15,26,0
8086,59,15,26,0
8087,59,15,26,0
8088,59,15,26,0
8089,59,15,26,0
8090,59,15,26,0
8091,59,15,26,0
8092,59,15,26,0
8093,59,15,26,0
8094,59,15,26,0
8095,59,15,26,0
8096,59,15,26,0
8097,59,15,26,0
8098,59,15,26,0
8099,59,15,26,0
8100,59,15,26,0
8101,59,15,26,0
8102,59,15,26,0
8103,59,15,26,0
8104,59,15,26,0
8105,59,15,26,0
8106,59,15,26,0
8107,59,15,26,0
8108,59,15,26,0
8109,59,15,26,0
8110,59,15,26,0
8111,59,15,26,0
8112,59,15,26,0
8113,59,15,26,0
8114,59,15,26,0
8115,59,15,26,0
8116,59,15,26,0
8117,59,15,26,0
8118,59,15,26,0
8119,59,15,26,0
8120,59,15,26,0
8121,59,15,26,0
8122,59,15,26,0
8123,59,15,26,0
8124,59,15,26,0
8125,59,15,26,0
8126,59,15,26,0
8127,59,15,26,0
8128,59,15,26,0
8129,59,15,26,0
8130,59,15,26,0
8131,59,15,26,0
8132,59,15,26,0
8133,59,15,26,0
8134,59,15,26,0
8135,59,15,26,0
8136,59,15,26,0
8137,59,15,26,0
8138,59,15,26,0
8139,59,15,26,0
8140,59,15,26,0
8141,59,15,26,0
8142,59,15,26,0
8143,59,15,26,0
8144,59,15,26,0
8145,59,15,26,0
8146,59,15,26,0
8147,59,15,26,0
8148,59,15,26,0
8149,59,15,26,0
8150,59,15,26,0
8151,59,15,26,0
8152,59,15,26,0
8153,59,15,26,0
8154,59,15,26,0
8155,59,15,26,0
8156,59,15,26,0
8157,59,15,26,0
8158,59,15,26,0
8159,59,15,26,0
8160,59,15,26,0
8161,59,15,26,0
8162,59,15,26,0
8163,59,15,26,0
8164,59,15,26,0
8165,59,15,26,0
8166,59,15,26,0
8167,59,15,26,0
8168,59,15,26,0
8169,59,15,26,0
8170,59,15,26,0
8171,59,15,26,0
8172,59,15,26,0
8173,59,15,26,0
8174,59,15,26,0
8175,59,15,26,0
8176,59,15,26,0
8177,59,15,26,0
8178,59,15,26,0
8179,59,15,26,0
8180,59,15,26,0
8181,59,15,26,0
8182,59,15,26,0
8183,59,15,26,0
8184,59,15,26,0
8185,59,15,26,0
8186,59,15,26,0
8187,59,15,26,0
8188,59,15,26,0
8189,59,15,26,0
8190,59,15,26,0
8191,59,15,26,0
8192,59,15,26,0
8193,59,15,26,0
8194,59,15,26,0
8195,59,15,26,0
8196,59,15,26,0
8197,59,15,26,0
8198,59,15,26,0
8199,59,15,26,0
8200,59,15,26,0
8201,59,15,26,0
8202,59,15,26,0
8203,59,15,26,0
8204,59,15,26,0
8205,59,15,26,0
8206,59,15,26,0
8207,59,15,26,0
8208,59,15,26,0
8209,59,15,26,0
8210,59,15,26,0
8211,59,15,26,0
8212,59,15,26,0
8213,59,15,26,0
8214,59,15,26,0
8215,59,15,26,0
8216,59,15,26,0
8217,59,15,26,0
8218,59,15,26,0
8219,59,15,26,0
8220,59,15,26,0
8221,59,15,26,0
8222,59,15,26,0
8223,59,15,26,0
8224,59,15,26,0
8225,59,15,26,0
8226,59,15,26,0
8227,59,15,26,0
8228,59,15,26,0
8229,59,15,26,0
8230,59,15,26,0
8231,59,15,26,0
8232,59,15,26,0
8233,59,15,26,0
8234,59,15,26,0
8235,59,15,26,0
8236,59,15,26,0
8237,59,15,26,0
8238,59,15,26,0
8239,59,15,26,0
8240,59,15,26,0
8241,59,15,26,0
8242,59,15,26,0
8243,59,15,26,0
8244,59,15,26,0
8245,59,15,26,0
8246,59,15,26,0
8247,59,15,26,0
8248,59,15,26,0
8249,59,15,26,0
8250,59,15,26,0
8251,59,15,26,0
8252,59,15,26,0
8253,59,15,26,0
8254,59,15,26,0
8255,59,15,26,0
8256,59,15,26,0
8257,59,15,26,0
8258,59,15,26,0
8259,59,15,26,0
8260,59,15,26,0
8261,59,15,26,0
8262,59,15,26,0
8263,59,15,26,0
8264,59,15,26,0
8265,59,15,26,0
8266,59,15,26,0
8267,59,15,26,0
8268,59,15,26,0
8269,59,15,26,0
8270,59,15,26,0
8271,59,15,26,0
8272,59,15,26,0
8273,59,15,26,0
8274,59,15,26,0
8275,59,15,26,0
8276,59,15,26,0
8277,59,15,26,0
8278,59,15,26,0
8279,59,15,26,0
8280,59,15,26,0
8281,59,15,26,0
8282,59,15,26,0
8283,59,15,26,0
8284,59,15,26,0
8285,59,15,26,0
8286,59,15,26,0
8287,59,15,26,0
8288,59,15,26,0
8289,59,15,26,0
8290,59,15,26,0
8291,59,15,26,0
8292,59,15,26,0
8293,59,15,26,0
8294,59,15,26,0
8295,59,15,26,0
8296,59,15,26,0
8297,59,15,26,0
8298,59,15,26,0
8299,59,15,26,0
8300,59,15,26,0
8301,59,15,26,0
8302,59,15,26,0
8303,59,15,26,0
8304,59,15,26,0
8305,59,15,26,0
8306,59,15,26,0
8307,59,15,26,0
8308,59,15,26,0
8309,59,15,26,0
8310,59,15,26,0
8311,59,15,26,0
8312,59,15,26,0
8313,59,15,26,0
8314,59,15,26,0
8315,59,15,26,0
8316,59,15,26,0
8317,59,15,26,0
8318,59,15,26,0
8319,59,15,26,0
8320,59,15,26,0
8321,59,15,26,0
8322,59,15,26,0
8323,59,15,26,0
8324,59,15,26,0
8325,59,15,26,0
8326,59,15,26,0
8327,59,15,26,0
8328,59,15,26,0
8329,59,15,26,0
8330,59,15,26,0
8331,59,15,26,0
8332,59,15,26,0
8333,59,15,26,0
8334,59,15,26,0
8335,59,15,26,0
8336,59,15,26,0
8337,59,15,26,0
8338,59,15,26,0
8339,59,15,26,0
8340,59,15,26,0
8341,59,15,26,0
8342,59,15,26,0
8343,59,15,26,0
8344,59,15,26,0
8345,59,15,26,0
8346,59,15,26,0
8347,59,15,26,0
8348,59,15,26,0
8349,59,15,26,0
8350,59,15,26,0
8351,59,15,26,0
8352,59,15,26,0
8353,59,15,26,0
8354,59,15,26,0
8355,59,15,26,0
8356,59,15,26,0
8357,59,15,26,0
8358,59,15,26,0
8359,59,15,26,0
8360,59,15,26,0
8361,59,15,26,0
8362,59,15,26,0
8363,59,15,26,0
8364,59,15,26,0
8365,59,15,26,0
8366,59,15,26,0
8367,59,15,26,0
8368,59,15,26,0
8369,59,15,26,0
8370,59,15,26,0
8371,59,15,26,0
8372,59,15,26,0
8373,59,15,26,0
8374,59,15,26,0
8375,59,15,26,0
8376,59,15,26,0
8377,59,15,26,0
8378,59,15,26,0
8379,59,15,26,0
8380,59,15,26,0
8381,59,15,26,0
8382,59,15,26,0
8383,59,15,26,0
8384,59,15,26,0
8385,59,15,26,0
8386,59,15,26,0
8387,59,15,26,0
8388,59,15,26,0
8389,59,15,26,0
8390,59,15,26,0
8391,59,15,26,0
8392,59,15,26,0
8393,59,15,26,0
8394,59,15,26,0
8395,59,15,26,0
8396,59,15,26,0
8397,59,15,26,0
8398,59,15,26,0
8399,59,15,26,0
8400,59,15,26,0
8401,59,15,26,0
8402,59,15,26,0
8403,59,15,26,0
8404,59,15,26,0
8405,59,15,26,0
8406,59,15,26,0
8407,59,15,26,0
8408,59,15,26,0
8409,59,15,26,0
8410,59,15,26,0
8411,59,15,26,0
8412,59,15,26,0
8413,59,15,26,0
8414,59,15,26,0
8415,59,15,26,0
8416,59,15,26,0
8417,59,15,26,0
8418,59,15,26,0
8419,59,15,26,0
8420,59,15,26,0
8421,59,15,26,0
8422,59,15,26,0
8423,59,15,26,0
8424,59,15,26,0
8425,59,15,26,0
8426,59,15,26,0
8427,59,15,26,0
8428,59,15,26,0
8429,59,15,26,0
8430,59,15,26,0
8431,59,15,26,0
8432,59,15,26,0
8433,59,15,26,0
8434,59,15,26,0
8435,59,15,26,0
8436,59,15,26,0
8437,59,15,26,0
8438,59,15,26,0
8439,59,15,26,0
8440,59,15,26,0
8441,59,15,26,0
8442,59,15,26,0
8443,59,15,26,0
8444,59,15,26,0
8445,59,15,26,0
8446,59,15,26,0
8447,59,15,26,0
8448,59,15,26,0
8449,59,15,26,0
8450,59,15,26,0
8451,59,15,26,0
8452,59,15,26,0
8453,59,15,26,0
8454,59,15,26,0
8455,59,15,26,0
8456,59,15,26,0
8457,59,15,26,0
8458,59,15,26,0
8459,59,15,26,0
8460,59,15,26,0
8461,59,15,26,0
8462,59,15,26,0
8463,59,15,26,0
8464,59,15,26,0
8465,59,15,26,0
8466,59,15,26,0
8467,59,15,26,0
8468,59,15,26,0
8469,59,15,26,0
8470,59,15,26,0
8471,59,15,26,0
8472,59,15,26,0
8473,59,15,26,0
8474,59,15,26,0
8475,59,15,26,0
8476,59,15,26,0
8477,59,15,26,0
8478,59,15,26,0
8479,59,15,26,0
8480,59,15,26,0
8481,59,15,26,0
8482,59,15,26,0
8483,59,15,26,0
8484,59,15,26,0
8485,59,15,26,0
8486,59,15,26,0
8487,59,15,26,0
8488,59,15,26,0
8489,59,15,26,0
8490,59,15,26,0
8491,59,15,26,0
8492,59,15,26,0
8493,59,15,26,0
8494,59,15,26,0
8495,59,15,26,0
8496,59,15,26,0
8497,59,15,26,0
8498,59,15,26,0
8499,59,15,26,0
8500,59,15,26,0
8501,59,15,26,0
8502,59,15,26,0
8503,59,15,26,0
8504,59,15,26,0
8505,59,15,26,0
8506,59,15,26,0
8507,59,15,26,0
8508,59,15,26,0
8509,59,15,26,0
8510,59,15,26,0
8511,59,15,26,0
8512,59,15,26,0
8513,59,15,26,0
8514,59,15,26,0
8515,59,15,26,0
8516,59,15,26,0
8517,59,15,26,0
8518,59,15,26,0
8519,59,15,26,0
8520,59,15,26,0
8521,59,15,26,0
8522,59,15,26,0
8523,59,15,26,0
8524,59,15,26,0
8525,59,15,26,0
8526,59,15,26,0
8527,59,15,26,0
8528,59,15,26,0
8529,59,15,26,0
8530,59,15,26,0
8531,59,15,26,0
8532,59,15,26,0
8533,59,15,26,0
8534,59,15,26,0
8535,59,15,26,0
8536,59,15,26,0
8537,59,15,26,0
8538,59,15,26,0
8539,59,15,26,0
8540,59,15,26,0
8541,59,15,26,0
8542,59,15,26,0
8543,59,15,26,0
8544,59,15,26,0
8545,59,15,26,0
8546,59,15,26,0
8547,59,15,26,0
8548,59,15,26,0
8549,59,15,26,0
8550,59,15,26,0
8551,59,15,26,0
8552,59,15,26,0
8553,59,15,26,0
8554,59,15,26,0
8555,59,15,26,0
8556,59,15,26,0
8557,59,15,26,0
8558,59,15,26,0
8559,59,15,26,0
8560,59,15,26,0
8561,59,15,26,0
8562,59,15,26,0
8563,59,15,26,0
8564,59,15,26,0
8565,59,15,26,0
8566,59,15,26,0
8567,59,15,26,0
8568,59,15,26,0
8569,59,15,26,0
8570,59,15,26,0
8571,59,15,26,0
8572,59,15,26,0
8573,59,15,26,0
8574,59,15,26,0
8575,59,15,26,0
8576,59,15,26,0
8577,59,15,26,0
8578,59,15,26,0
8579,59,15,26,0
8580,59,15,26,0
8581,59,15,26,0
8582,59,15,26,0
8583,59,15,26,0
8584,59,15,26,0
8585,59,15,26,0
8586,59,15,26,0
8587,59,15,26,0
8588,59,15,26,0
8589,59,15,26,0
8590,59,15,26,0
8591,59,15,26,0
8592,59,15,26,0
8593,59,15,26,0
8594,59,15,26,0
8595,59,15,26,0
8596,59,15,26,0
8597,59,15,26,0
8598,59,15,26,0
8599,59,15,26,0
8600,59,15,26,0
8601,59,15,26,0
8602,59,15,26,0
8603,59,15,26,0
8604,59,15,26,0
8605,59,15,26,0
8606,59,15,26,0
8607,59,15,26,0
8608,59,15,26,0
8609,59,15,26,0
8610,59,15,26,0
8611,59,15,26,0
8612,59,15,26,0
8613,59,15,26,0
8614,59,15,26,0
8615,59,15,26,0
8616,59,15,26,0
8617,59,15,26,0
8618,59,15,26,0
8619,59,15,26,0
8620,59,15,26,0
8621,59,15,26,0
8622,59,15,26,0
8623,59,15,26,0
8624,59,15,26,0
8625,59,15,26,0
8626,59,15,26,0
8627,59,15,26,0
8628,59,15,26,0
8629,59,15,26,0
8630,59,15,26,0
8631,59,15,26,0
8632,59,15,26,0
8633,59,15,26,0
8634,59,15,26,0
8635,59,15,26,0
8636,59,15,26,0
8637,59,15,26,0
8638,59,15,26,0
8639,59,15,26,0
8640,59,15,26,0
8641,59,15,26,0
8642,59,15,26,0
8643,59,15,26,0
8644,59,15,26,0
8645,59,15,26,0
8646,59,15,26,0
8647,59,15,26,0
8648,59,15,26,0
8649,59,15,26,0
8650,59,15,26,0
8651,59,15,26,0
8652,59,15,26,0
8653,59,15,26,0
8654,59,15,26,0
8655,59,15,26,0
8656,59,15,26,0
8657,59,15,26,0
8658,59,15,26,0
8659,59,15,26,0
8660,59,15,26,0
8661,59,15,26,0
8662,59,15,26,0
8663,59,15,26,0
8664,59,15,26,0
8665,59,15,26,0
8666,59,15,26,0
8667,59,15,26,0
8668,59,15,26,0
8669,59,15,26,0
8670,59,15,26,0
8671,59,15,26,0
8672,59,15,26,0
8673,59,15,26,0
8674,59,15,26,0
8675,59,15,26,0
8676,59,15,26,0
8677,59,15,26,0
8678,59,15,26,0
8679,59,15,26,0
8680,59,15,26,0
8681,59,15,26,0
8682,59,15,26,0
8683,59,15,26,0
8684,59,15,26,0
8685,59,15,26,0
8686,59,15,26,0
8687,59,15,26,0
8688,59,15,26,0
8689,59,15,26,0
8690,59,15,26,0
8691,59,15,26,0
8692,59,15,26,0
8693,59,15,26,0
8694,59,15,26,0
8695,59,15,26,0
8696,59,15,26,0
8697,59,15,26,0
8698,59,15,26,0
8699,59,15,26,0
8700,59,15,26,0
8701,59,15,26,0
8702,59,15,26,0
8703,59,15,26,0
8704,59,15,26,0
8705,59,15,26,0
8706,59,15,26,0
8707,59,15,26,0
8708,59,15,26,0
8709,59,15,26,0
8710,59,15,26,0
8711,59,15,26,0
8712,59,15,26,0
8713,59,15,26,0
8714,59,15,26,0
8715,59,15,26,0
8716,59,15,26,0
8717,59,15,26,0
8718,59,15,26,0
8719,59,15,26,0
8720,59,15,26,0
8721,59,15,26,0
8722,59,15,26,0
8723,59,15,26,0
8724,59,15,26,0
8725,59,15,26,0
8726,59,15,26,0
8727,59,15,26,0
8728,59,15,26,0
8729,59,15,26,0
8730,59,15,26,0
8731,59,15,26,0
8732,59,15,26,0
8733,59,15,26,0
8734,59,15,26,0
8735,59,15,26,0
8736,59,15,26,0
8737,59,15,26,0
8738,59,15,26,0
8739,59,15,26,0
8740,59,15,26,0
8741,59,15,26,0
8742,59,15,26,0
8743,59,15,26,0
8744,59,15,26,0
8745,59,15,26,0
8746,59,15,26,0
8747,59,15,26,0
8748,59,15,26,0
8749,59,15,26,0
8750,59,15,26,0
8751,59,15,26,0
8752,59,15,26,0
8753,59,15,26,0
8754,59,15,26,0
8755,59,15,26,0
8756,59,15,26,0
8757,59,15,26,0
8758,59,15,26,0
8759,59,15,26,0
8760,59,15,26,0
8761,59,15,26,0
8762,59,15,26,0
8763,59,15,26,0
8764,59,15,26,0
8765,59,15,26,0
8766,59,15,26,0
8767,59,15,26,0
8768,59,15,26,0
8769,59,15,26,0
8770,59,15,26,0
8771,59,15,26,0
8772,59,15,26,0
8773,59,15,26,0
8774,59,15,26,0
8775,59,15,26,0
8776,59,15,26,0
8777,59,15,26,0
8778,59,15,26,0
8779,59,15,26,0
8780,59,15,26,0
8781,59,15,26,0
8782,59,15,26,0
8783,59,15,26,0
8784,59,15,26,0
8785,59,15,26,0
8786,59,15,26,0
8787,59,15,26,0
8788,59,15,26,0
8789,59,15,26,0
8790,59,15,26,0
8791,59,15,26,0
8792,59,15,26,0
8793,59,15,26,0
8794,59,15,26,0
8795,59,15,26,0
8796,59,15,26,0
8797,59,15,26,0
8798,59,15,26,0
8799,59,15,26,0
8800,59,15,26,0
8801,59,15,26,0
8802,59,15,26,0
8803,59,15,26,0
8804,59,15,26,0
8805,59,15,26,0
8806,59,15,26,0
8807,59,15,26,0
8808,59,15,26,0
8809,59,15,26,0
8810,59,15,26,0
8811,59,15,26,0
8812,59,15,26,0
8813,59,15,26,0
8814,59,15,26,0
8815,59,15,26,0
8816,59,15,26,0
8817,59,15,26,0
8818,59,15,26,0
8819,59,15,26,0
8820,59,15,26,0
8821,59,15,26,0
8822,59,15,26,0
8823,59,15,26,0
8824,59,15,26,0
8825,59,15,26,0
8826,59,15,26,0
8827,59,15,26,0
8828,59,15,26,0
8829,59,15,26,0
8830,59,15,26,0
8831,59,15,26,0
8832,59,15,26,0
8833,59,15,26,0
8834,59,15,26,0
8835,59,15,26,0
8836,59,15,26,0
8837,59,15,26,0
8838,59,15,26,0
8839,59,15,26,0
8840,59,15,26,0
8841,59,15,26,0
8842,59,15,26,0
8843,59,15,26,0
8844,59,15,26,0
8845,59,15,26,0
8846,59,15,26,0
8847,59,15,26,0
8848,59,15,26,0
8849,59,15,26,0
8850,59,15,26,0
8851,59,15,26,0
8852,59,15,26,0
8853,59,15,26,0
8854,59,15,26,0
8855,59,15,26,0
8856,59,15,26,0
8857,59,15,26,0
8858,59,15,26,0
8859,59,15,26,0
8860,59,15,26,0
8861,59,15,26,0
8862,59,15,26,0
8863,59,15,26,0
8864,59,15,26,0
8865,59,15,26,0
8866,59,15,26,0
8867,59,15,26,0
8868,59,15,26,0
8869,59,15,26,0
8870,59,15,26,0
8871,59,15,26,0
8872,59,15,26,0
8873,59,15,26,0
8874,59,15,26,0
8875,59,15,26,0
8876,59,15,26,0
8877,59,15,26,0
8878,59,15,26,0
8879,59,15,26,0
8880,59,15,26,0
8881,59,15,26,0
8882,59,15,26,0
8883,59,15,26,0
8884,59,15,26,0
8885,59,15,26,0
8886,59,15,26,0
8887,59,15,26,0
8888,59,15,26,0
8889,59,15,26,0
8890,59,15,26,0
8891,59,15,26,0
8892,59,15,26,0
8893,59,15,26,0
8894,59,15,26,0
8895,59,15,26,0
8896,59,15,26,0
8897,59,15,26,0
8898,59,15,26,0
8899,59,15,26,0
8900,59,15,26,0
8901,59,15,26,0
8902,59,15,26,0
8903,59,15,26,0
8904,59,15,26,0
8905,59,15,26,0
8906,59,15,26,0
8907,59,15,26,0
8908,59,15,26,0
8909,59,15,26,0
8910,59,15,26,0
8911,59,15,26,0
8912,59,15,26,0
8913,59,15,26,0
8914,59,15,26,0
8915,59,15,26,0
8916,59,15,26,0
8917,59,15,26,0
8918,59,15,26,0
8919,59,15,26,0
8920,59,15,26,0
8921,59,15,26,0
8922,59,15,26,0
8923,59,15,26,0
8924,59,15,26,0
8925,59,15,26,0
8926,59,15,26,0
8927,59,15,26,0
8928,59,15,26,0
8929,59,15,26,0
8930,59,15,26,0
8931,59,15,26,0
8932,59,15,26,0
8933,59,15,26,0
8934,59,15,26,0
8935,59,15,26,0
8936,59,15,26,0
8937,59,15,26,0
8938,59,15,26,0
8939,59,15,26,0
8940,59,15,26,0
8941,59,15,26,0
8942,59,15,26,0
8943,59,15,26,0
8944,59,15,26,0
8945,59,15,26,0
8946,59,15,26,0
8947,59,15,26,0
8948,59,15,26,0
8949,59,15,26,0
8950,59,15,26,0
8951,59,15,26,0
8952,59,15,26,0
8953,59,15,26,0
8954,59,15,26,0
8955,59,15,26,0
8956,59,15,26,0
8957,59,15,26,0
8958,59,15,26,0
8959,59,15,26,0
8960,59,15,26,0
8961,59,15,26,0
8962,59,15,26,0
8963,59,15,26,0
8964,59,15,26,0
8965,59,15,26,0
8966,59,15,26,0
8967,59,15,26,0
8968,59,15,26,0
8969,59,15,26,0
8970,59,15,26,0
8971,59,15,26,0
8972,59,15,26,0
8973,59,15,26,0
8974,59,15,26,0
8975,59,15,26,0
8976,59,15,26,0
8977,59,15,26,0
8978,59,15,26,0
8979,59,15,26,0
8980,59,15,26,0
8981,59,15,26,0
8982,59,15,26,0
8983,59,15,26,0
8984,59,15,26,0
8985,59,15,26,0
8986,59,15,26,0
8987,59,15,26,0
8988,59,15,26,0
8989,59,15,26,0
8990,59,15,26,0
8991,59,15,26,0
8992,59,15,26,0
8993,59,15,26,0
8994,59,15,26,0
8995,59,15,26,0
8996,59,15,26,0
8997,59,15,26,0
8998,59,15,26,0
8999,59,15,26,0
9000,59,15,26,0
9001,59,15,26,0
9002,59,15,26,0
9003,59,15,26,0
9004,59,15,26,0
9005,59,15,26,0
9006,59,15,26,0
9007,59,15,26,0
9008,59,15,26,0
9009,59,15,26,0
9010,59,15,26,0
9011,59,15,26,0
9012,59,15,26,0
9013,59,15,26,0
9014,59,15,26,0
9015,59,15,26,0
9016,59,15,26,0
9017,59,15,26,0
9018,59,15,26,0
9019,59,15,26,0
9020,59,15,26,0
9021,59,15,26,0
9022,59,15,26,0
9023,59,15,26,0
9024,59,15,26,0
9025,59,15,26,0
9026,59,15,26,0
9027,59,15,26,0
9028,59,15,26,0
9029,59,15,26,0
9030,59,15,26,0
9031,59,15,26,0
9032,59,15,26,0
9033,59,15,26,0
9034,59,15,26,0
9035,59,15,26,0
9036,59,15,26,0
9037,59,15,26,0
9038,59,15,26,0
9039,59,15,26,0
9040,59,15,26,0
9041,59,15,26,0
9042,59,15,26,0
9043,59,15,26,0
9044,59,15,26,0
9045,59,15,26,0
9046,59,15,26,0
9047,59,15,26,0
9048,59,15,26,0
9049,59,15,26,0
9050,59,15,26,0
9051,59,15,26,0
9052,59,15,26,0
9053,59,15,26,0
9054,59,15,26,0
9055,59,15,26,0
9056,59,15,26,0
9057,59,15,26,0
9058,59,15,26,0
9059,59,15,26,0
9060,59,15,26,0
9061,59,15,26,0
9062,59,15,26,0
9063,59,15,26,0
9064,59,15,26,0
9065,59,15,26,0
9066,59,15,26,0
9067,59,15,26,0
9068,59,15,26,0
9069,59,15,26,0
9070,59,15,26,0
9071,59,15,26,0
9072,59,15,26,0
9073,59,15,26,0
9074,59,15,26,0
9075,59,15,26,0
9076,59,15,26,0
9077,59,15,26,0
9078,59,15,26,0
9079,59,15,26,0
9080,59,15,26,0
9081,59,15,26,0
9082,59,15,26,0
9083,59,15,26,0
9084,59,15,26,0
9085,59,15,26,0
9086,59,15,26,0
9087,59,15,26,0
9088,59,15,26,0
9089,59,15,26,0
9090,59,15,26,0
9091,59,15,26,0
9092,59,15,26,0
9093,59,15,26,0
9094,59,15,26,0
9095,59,15,26,0
9096,59,15,26,0
9097,59,15,26,0
9098,59,15,26,0
9099,59,15,26,0
9100,59,15,26,0
9101,59,15,26,0
9102,59,15,26,0
9103,59,15,26,0
9104,59,15,26,0
9105,59,15,26,0
9106,59,15,26,0
9107,59,15,26,0
9108,59,15,26,0
9109,59,15,26,0
9110,59,15,26,0
9111,59,15,26,0
9112,59,15,26,0
9113,59,15,26,0
9114,59,15,26,0
9115,59,15,26,0
9116,59,15,26,0
9117,59,15,26,0
9118,59,15,26,0
9119,59,15,26,0
9120,59,15,26,0
9121,59,15,26,0
9122,59,15,26,0
9123,59,15,26,0
9124,59,15,26,0
9125,59,15,26,0
9126,59,15,26,0
9127,59,15,26,0
9128,59,15,26,0
9129,59,15,26,0
9130,59,15,26,0
9131,59,15,26,0
9132,59,15,26,0
9133,59,15,26,0
9134,59,15,26,0
9135,59,15,26,0
9136,59,15,26,0
9137,59,15,26,0
9138,59,15,26,0
9139,59,15,26,0
9140,59,15,26,0
9141,59,15,26,0
9142,59,15,26,0
9143,59,15,26,0
9144,59,15,26,0
9145,59,15,26,0
9146,59,15,26,0
9147,59,15,26,0
9148,59,15,26,0
9149,59,15,26,0
9150,59,15,26,0
9151,59,15,26,0
9152,59,15,26,0
9153,59,15,26,0
9154,59,15,26,0
9155,59,15,26,0
9156,59,15,26,0
9157,59,15,26,0
9158,59,15,26,0
9159,59,15,26,0
9160,59,15,26,0
9161,59,15,26,0
9162,59,15,26,0
9163,59,15,26,0
9164,59,15,26,0
9165,59,15,26,0
9166,59,15,26,0
9167,59,15,26,0
9168,59,15,26,0
9169,59,15,26,0
9170,59,15,26,0
9171,59,15,26,0
9172,59,15,26,0
9173,59,15,26,0
9174,59,15,26,0
9175,59,15,26,0
9176,59,15,26,0
9177,59,15,26,0
9178,59,15,26,0
9179,59,15,26,0
9180,59,15,26,0
9181,59,15,26,0
9182,59,15,26,0
9183,59,15,26,0
9184,59,15,26,0
9185,59,15,26,0
9186,59,15,26,0
9187,59,15,26,0
9188,59,15,26,0
9189,59,15,26,0
9190,59,15,26,0
9191,59,15,26,0
9192,59,15,26,0
9193,59,15,26,0
9194,59,15,26,0
9195,59,15,26,0
9196,59,15,26,0
9197,59,15,26,0
9198,59,15,26,0
9199,59,15,26,0
9200,59,15,26,0
9201,59,15,26,0
9202,59,15,26,0
9203,59,15,26,0
9204,59,15,26,0
9205,59,15,26,0
9206,59,15,26,0
9207,59,15,26,0
9208,59,15,26,0
9209,59,15,26,0
9210,59,15,26,0
9211,59,15,26,0
9212,59,15,26,0
9213,59,15,26,0
9214,59,15,26,0
9215,59,15,26,0
9216,59,15,26,0
9217,59,15,26,0
9218,59,15,26,0
9219,59,15,26,0
9220,59,15,26,0
9221,59,15,26,0
9222,59,15,26,0
9223,59,15,26,0
9224,59,15,26,0
9225,59,15,26,0
9226,59,15,26,0
9227,59,15,26,0
9228,59,15,26,0
9229,59,15,26,0
9230,59,15,26,0
9231,59,15,26,0
9232,59,15,26,0
9233,59,15,26,0
9234,59,15,26,0
9235,59,15,26,0
9236,59,15,26,0
9237,59,15,26,0
9238,59,15,26,0
9239,59,15,26,0
9240,59,15,26,0
9241,59,15,26,0
9242,59,15,26,0
9243,59,15,26,0
9244,59,15,26,0
9245,59,15,26,0
9246,59,15,26,0
9247,59,15,26,0
9248,59,15,26,0
9249,59,15,26,0
9250,59,15,26,0
9251,59,15,26,0
9252,59,15,26,0
9253,59,15,26,0
9254,59,15,26,0
9255,59,15,26,0
9256,59,15,26,0
9257,59,15,26,0
9258,59,15,26,0
9259,59,15,26,0
9260,59,15,26,0
9261,59,15,26,0
9262,59,15,26,0
9263,59,15,26,0
9264,59,15,26,0
9265,59,15,26,0
9266,59,15,26,0
9267,59,15,26,0
9268,59,15,26,0
9269,59,15,26,0
9270,59,15,26,0
9271,59,15,26,0
9272,59,15,26,0
9273,59,15,26,0
9274,59,15,26,0
9275,59,15,26,0
9276,59,15,26,0
9277,59,15,26,0
9278,59,15,26,0
9279,59,15,26,0
9280,59,15,26,0
9281,59,15,26,0
9282,59,15,26,0
9283,59,15,26,0
9284,59,15,26,0
9285,59,15,26,0
9286,59,15,26,0
9287,59,15,26,0
9288,59,15,26,0
9289,59,15,26,0
9290,59,15,26,0
9291,59,15,26,0
9292,59,15,26,0
9293,59,15,26,0
9294,59,15,26,0
9295,59,15,26,0
9296,59,15,26,0
9297,59,15,26,0
9298,59,15,26,0
9299,59,15,26,0
9300,59,15,26,0
9301,59,15,26,0
9302,59,15,26,0
9303,59,15,26,0
9304,59,15,26,0
9305,59,15,26,0
9306,59,15,26,0
9307,59,15,26,0
9308,59,15,26,0
9309,59,15,26,0
9310,59,15,26,0
9311,59,15,26,0
9312,59,15,26,0
9313,59,15,26,0
9314,59,15,26,0
9315,59,15,26,0
9316,59,15,26,0
9317,59,15,26,0
9318,59,15,26,0
9319,59,15,26,0
9320,59,15,26,0
9321,59,15,26,0
9322,59,15,26,0
9323,59,15,26,0
9324,59,15,26,0
9325,59,15,26,0
9326,59,15,26,0
9327,59,15,26,0
9328,59,15,26,0
9329,59,15,26,0
9330,59,15,26,0
9331,59,15,26,0
9332,59,15,26,0
9333,59,15,26,0
9334,59,15,26,0
9335,59,15,26,0
9336,59,15,26,0
9337,59,15,26,0
9338,59,15,26,0
9339,59,15,26,0
9340,59,15,26,0
9341,59,15,26,0
9342,59,15,26,0
9343,59,15,26,0
9344,59,15,26,0
9345,59,15,26,0
9346,59,15,26,0
9347,59,15,26,0
9348,59,15,26,0
9349,59,15,26,0
9350,59,15,26,0
9351,59,15,26,0
9352,59,15,26,0
9353,59,15,26,0
9354,59,15,26,0
9355,59,15,26,0
9356,59,15,26,0
9357,59,15,26,0
9358,59,15,26,0
9359,59,15,26,0
9360,59,15,26,0
9361,59,15,26,0
9362,59,15,26,0
9363,59,15,26,0
9364,59,15,26,0
9365,59,15,26,0
9366,59,15,26,0
9367,59,15,26,0
9368,59,15,26,0
9369,59,15,26,0
9370,59,15,26,0
9371,59,15,26,0
9372,59,15,26,0
9373,59,15,26,0
9374,59,15,26,0
9375,59,15,26,0
9376,59,15,26,0
9377,59,15,26,0
9378,59,15,26,0
9379,59,15,26,0
9380,59,15,26,0
9381,59,15,26,0
9382,59,15,26,0
9383,59,15,26,0
9384,59,15,26,0
9385,59,15,26,0
9386,59,15,26,0
9387,59,15,26,0
9388,59,15,26,0
9389,59,15,26,0
9390,59,15,26,0
9391,59,15,26,0
9392,59,15,26,0
9393,59,15,26,0
9394,59,15,26,0
9395,59,15,26,0
9396,59,15,26,0
9397,59,15,26,0
9398,59,15,26,0
9399,59,15,26,0
9400,59,15,26,0
9401,59,15,26,0
9402,59,15,26,0
9403,59,15,26,0
9404,59,15,26,0
9405,59,15,26,0
9406,59,15,26,0
9407,59,15,26,0
9408,59,15,26,0
9409,59,15,26,0
9410,59,15,26,0
9411,59,15,26,0
9412,59,15,26,0
9413,59,15,26,0
9414,59,15,26,0
9415,59,15,26,0
9416,59,15,26,0
9417,59,15,26,0
9418,59,15,26,0
9419,59,15,26,0
9420,59,15,26,0
9421,59,15,26,0
9422,59,15,26,0
9423,59,15,26,0
9424,59,15,26,0
9425,59,15,26,0
9426,59,15,26,0
9427,59,15,26,0
9428,59,15,26,0
9429,59,15,26,0
9430,59,15,26,0
9431,59,15,26,0
9432,59,15,26,0
9433,59,15,26,0
9434,59,15,26,0
9435,59,15,26,0
9436,59,15,26,0
9437,59,15,26,0
9438,59,15,26,0
9439,59,15,26,0
9440,59,15,26,0
9441,59,15,26,0
9442,59,15,26,0
9443,59,15,26,0
9444,59,15,26,0
9445,59,15,26,0
9446,59,15,26,0
9447,59,15,26,0
9448,59,15,26,0
9449,59,15,26,0
9450,59,15,26,0
9451,59,15,26,0
9452,59,15,26,0
9453,59,15,26,0
9454,59,15,26,0
9455,59,15,26,0
9456,59,15,26,0
9457,59,15,26,0
9458,59,15,26,0
9459,59,15,26,0
9460,59,15,26,0
9461,59,15,26,0
9462,59,15,26,0
9463,59,15,26,0
9464,59,15,26,0
9465,59,15,26,0
9466,59,15,26,0
9467,59,15,26,0
9468,59,15,26,0
9469,59,15,26,0
9470,59,15,26,0
9471,59,15,26,0
9472,59,15,26,0
9473,59,15,26,0
9474,59,15,26,0
9475,59,15,26,0
9476,59,15,26,0
9477,59,15,26,0
9478,59,15,26,0
9479,59,15,26,0
9480,59,15,26,0
9481,59,15,26,0
9482,59,15,26,0
9483,59,15,26,0
9484,59,15,26,0
9485,59,15,26,0
9486,59,15,26,0
9487,59,15,26,0
9488,59,15,26,0
9489,59,15,26,0
9490,59,15,26,0
9491,59,15,26,0
9492,59,15,26,0
9493,59,15,26,0
9494,59,15,26,0
9495,59,15,26,0
9496,59,15,26,0
9497,59,15,26,0
9498,59,15,26,0
9499,59,15,26,0
9500,59,15,26,0
9501,59,15,26,0
9502,59,15,26,0
9503,59,15,26,0
9504,59,15,26,0
9505,59,15,26,0
9506,59,15,26,0
9507,59,15,26,0
9508,59,15,26,0
9509,59,15,26,0
9510,59,15,26,0
9511,59,15,26,0
9512,59,15,26,0
9513,59,15,26,0
9514,59,15,26,0
9515,59,15,26,0
9516,59,15,26,0
9517,59,15,26,0
9518,59,15,26,0
9519,59,15,26,0
9520,59,15,26,0
9521,59,15,26,0
9522,59,15,26,0
9523,59,15,26,0
9524,59,15,26,0
9525,59,15,26,0
9526,59,15,26,0
9527,59,15,26,0
9528,59,15,26,0
9529,59,15,26,0
9530,59,15,26,0
9531,59,15,26,0
9532,59,15,26,0
9533,59,15,26,0
9534,59,15,26,0
9535,59,15,26,0
9536,59,15,26,0
9537,59,15,26,0
9538,59,15,26,0
9539,59,15,26,0
9540,59,15,26,0
9541,59,15,26,0
9542,59,15,26,0
9543,59,15,26,0
9544,59,15,26,0
9545,59,15,26,0
9546,59,15,26,0
9547,59,15,26,0
9548,59,15,26,0
9549,59,15,26,0
9550,59,15,26,0
9551,59,15,26,0
9552,59,15,26,0
9553,59,15,26,0
9554,59,15,26,0
9555,59,15,26,0
9556,59,15,26,0
9557,59,15,26,0
9558,59,15,26,0
9559,59,15,26,0
9560,59,15,26,0
9561,59,15,26,0
9562,59,15,26,0
9563,59,15,26,0
9564,59,15,26,0
9565,59,15,26,0
9566,59,15,26,0
9567,59,15,26,0
9568,59,15,26,0
9569,59,15,26,0
9570,59,15,26,0
9571,59,15,26,0
9572,59,15,26,0
9573,59,15,26,0
9574,59,15,26,0
9575,59,15,26,0
9576,59,15,26,0
9577,59,15,26,0
9578,59,15,26,0
9579,59,15,26,0
9580,59,15,26,0
9581,59,15,26,0
9582,59,15,26,0
9583,59,15,26,0
9584,59,15,26,0
9585,59,15,26,0
9586,59,15,26,0
9587,59,15,26,0
9588,59,15,26,0
9589,59,15,26,0
9590,59,15,26,0
9591,59,15,26,0
9592,59,15,26,0
9593,59,15,26,0
9594,59,15,26,0
9595,59,15,26,0
9596,59,15,26,0
9597,59,15,26,0
9598,59,15,26,0
9599,59,15,26,0
9600,59,15,26,0
9601,59,15,26,0
9602,59,15,26,0
9603,59,15,26,0
9604,59,15,26,0
9605,59,15,26,0
9606,59,15,26,0
9607,59,15,26,0
9608,59,15,26,0
9609,59,15,26,0
9610,59,15,26,0
9611,59,15,26,0
9612,59,15,26,0
9613,59,15,26,0
9614,59,15,26,0
9615,59,15,26,0
9616,59,15,26,0
9617,59,15,26,0
9618,59,15,26,0
9619,59,15,26,0
9620,59,15,26,0
9621,59,15,26,0
9622,59,15,26,0
9623,59,15,26,0
9624,59,15,26,0
9625,59,15,26,0
9626,59,15,26,0
9627,59,15,26,0
9628,59,15,26,0
9629,59,15,26,0
9630,59,15,26,0
9631,59,15,26,0
9632,59,15,26,0
9633,59,15,26,0
9634,59,15,26,0
9635,59,15,26,0
9636,59,15,26,0
9637,59,15,26,0
9638,59,15,26,0
9639,59,15,26,0
9640,59,15,26,0
9641,59,15,26,0
9642,59,15,26,0
9643,59,15,26,0
9644,59,15,26,0
9645,59,15,26,0
9646,59,15,26,0
9647,59,15,26,0
9648,59,15,26,0
9649,59,15,26,0
9650,59,15,26,0
9651,59,15,26,0
9652,59,15,26,0
9653,59,15,26,0
9654,59,15,26,0
9655,59,15,26,0
9656,59,15,26,0
9657,59,15,26,0
9658,59,15,26,0
9659,59,15,26,0
9660,59,15,26,0
9661,59,15,26,0
9662,59,15,26,0
9663,59,15,26,0
9664,59,15,26,0
9665,59,15,26,0
9666,59,15,26,0
9667,59,15,26,0
9668,59,15,26,0
9669,59,15,26,0
9670,59,15,26,0
9671,59,15,26,0
9672,59,15,26,0
9673,59,15,26,0
9674,59,15,26,0
9675,59,15,26,0
9676,59,15,26,0
9677,59,15,26,0
9678,59,15,26,0
9679,59,15,26,0
9680,59,15,26,0
9681,59,15,26,0
9682,59,15,26,0
9683,59,15,26,0
9684,59,15,26,0
9685,59,15,26,0
9686,59,15,26,0
9687,59,15,26,0
9688,59,15,26,0
9689,59,15,26,0
9690,59,15,26,0
9691,59,15,26,0
9692,59,15,26,0
9693,59,15,26,0
9694,59,15,26,0
9695,59,15,26,0
9696,59,15,26,0
9697,59,15,26,0
9698,59,15,26,0
9699,59,15,26,0
9700,59,15,26,0
9701,59,15,26,0
9702,59,15,26,0
9703,59,15,26,0
9704,59,15,26,0
9705,59,15,26,0
9706,59,15,26,0
9707,59,15,26,0
9708,59,15,26,0
9709,59,15,26,0
9710,59,15,26,0
9711,59,15,26,0
9712,59,15,26,0
9713,59,15,26,0
9714,59,15,26,0
9715,59,15,26,0
9716,59,15,26,0
9717,59,15,26,0
9718,59,15,26,0
9719,59,15,26,0
9720,59,15,26,0
9721,59,15,26,0
9722,59,15,26,0
9723,59,15,26,0
9724,59,15,26,0
9725,59,15,26,0
9726,59,15,26,0
9727,59,15,26,0
9728,59,15,26,0
9729,59,15,26,0
9730,59,15,26,0
9731,59,15,26,0
9732,59,15,26,0
9733,59,15,26,0
9734,59,15,26,0
9735,59,15,26,0
9736,59,15,26,0
9737,59,15,26,0
9738,59,15,26,0
9739,59,15,26,0
9740,59,15,26,0
9741,59,15,26,0
9742,59,15,26,0
9743,59,15,26,0
9744,59,15,26,0
9745,59,15,26,0
9746,59,15,26,0
9747,59,15,26,0
9748,59,15,26,0
9749,59,15,26,0
9750,59,15,26,0
9751,59,15,26,0
9752,59,15,26,0
9753,59,15,26,0
9754,59,15,26,0
9755,59,15,26,0
9756,59,15,26,0
9757,59,15,26,0
9758,59,15,26,0
9759,59,15,26,0
9760,59,15,26,0
9761,59,15,26,0
9762,59,15,26,0
9763,59,15,26,0
9764,59,15,26,0
9765,59,15,26,0
9766,59,15,26,0
9767,59,15,26,0
9768,59,15,26,0
9769,59,15,26,0
9770,59,15,26,0
9771,59,15,26,0
9772,59,15,26,0
9773,59,15,26,0
9774,59,15,26,0
9775,59,15,26,0
9776,59,15,26,0
9777,59,15,26,0
9778,59,15,26,0
9779,59,15,26,0
9780,59,15,26,0
9781,59,15,26,0
9782,59,15,26,0
9783,59,15,26,0
9784,59,15,26,0
9785,59,15,26,0
9786,59,15,26,0
9787,59,15,26,0
9788,59,15,26,0
9789,59,15,26,0
9790,59,15,26,0
9791,59,15,26,0
9792,59,15,26,0
9793,59,15,26,0
9794,59,15,26,0
9795,59,15,26,0
9796,59,15,26,0
9797,59,15,26,0
9798,59,15,26,0
9799,59,15,26,0
9800,59,15,26,0
9801,59,15,26,0
9802,59,15,26,0
9803,59,15,26,0
9804,59,15,26,0
9805,59,15,26,0
9806,59,15,26,0
9807,59,15,26,0
9808,59,15,26,0
9809,59,15,26,0
9810,59,15,26,0
9811,59,15,26,0
9812,59,15,26,0
9813,59,15,26,0
9814,59,15,26,0
9815,59,15,26,0
9816,59,15,26,0
9817,59,15,26,0
9818,59,15,26,0
9819,59,15,26,0
9820,59,15,26,0
9821,59,15,26,0
9822,59,15,26,0
9823,59,15,26,0
9824,59,15,26,0
9825,59,15,26,0
9826,59,15,26,0
9827,59,15,26,0
9828,59,15,26,0
9829,59,15,26,0
9830,59,15,26,0
9831,59,15,26,0
9832,59,15,26,0
9833,59,15,26,0
9834,59,15,26,0
9835,59,15,26,0
9836,59,15,26,0
9837,59,15,26,0
9838,59,15,26,0
9839,59,15,26,0
9840,59,15,26,0
9841,59,15,26,0
9842,59,15,26,0
9843,59,15,26,0
9844,59,15,26,0
9845,59,15,26,0
9846,59,15,26,0
9847,59,15,26,0
9848,59,15,26,0
9849,59,15,26,0
9850,59,15,26,0
9851,59,15,26,0
9852,59,15,26,0
9853,59,15,26,0
9854,59,15,26,0
9855,59,15,26,0
9856,59,15,26,0
9857,59,15,26,0
9858,59,15,26,0
9859,59,15,26,0
9860,59,15,26,0
9861,59,15,26,0
9862,59,15,26,0
9863,59,15,26,0
9864,59,15,26,0
9865,59,15,26,0
9866,59,15,26,0
9867,59,15,26,0
9868,59,15,26,0
9869,59,15,26,0
9870,59,15,26,0
9871,59,15,26,0
9872,59,15,26,0
9873,59,15,26,0
9874,59,15,26,0
9875,59,15,26,0
9876,59,15,26,0
9877,59,15,26,0
9878,59,15,26,0
9879,59,15,26,0
9880,59,15,26,0
9881,59,15,26,0
9882,59,15,26,0
9883,59,15,26,0
9884,59,15,26,0
9885,59,15,26,0
9886,59,15,26,0
9887,59,15,26,0
9888,59,15,26,0
9889,59,15,26,0
9890,59,15,26,0
9891,59,15,26,0
9892,59,15,26,0
9893,59,15,26,0
9894,59,15,26,0
9895,59,15,26,0
9896,59,15,26,0
9897,59,15,26,0
9898,59,15,26,0
9899,59,15,26,0
9900,59,15,26,0
9901,59,15,26,0
9902,59,15,26,0
9903,59,15,26,0
9904,59,15,26,0
9905,59,15,26,0
9906,59,15,26,0
9907,59,15,26,0
9908,59,15,26,0
9909,59,15,26,0
9910,59,15,26,0
9911,59,15,26,0
9912,59,15,26,0
9913,59,15,26,0
9914,59,15,26,0
9915,59,15,26,0
9916,59,15,26,0
9917,59,15,26,0
9918,59,15,26,0
9919,59,15,26,0
9920,59,15,26,0
9921,59,15,26,0
9922,59,15,26,0
9923,59,15,26,0
9924,59,15,26,0
9925,59,15,26,0
9926,59,15,26,0
9927,59,15,26,0
9928,59,15,26,0
9929,59,15,26,0
9930,59,15,26,0
9931,59,15,26,0
9932,59,15,26,0
9933,59,15,26,0
9934,59,15,26,0
9935,59,15,26,0
9936,59,15,26,0
9937,59,15,26,0
9938,59,15,26,0
9939,59,15,26,0
9940,59,15,26,0
9941,59,15,26,0
9942,59,15,26,0
9943,59,15,26,0
9944,59,15,26,0
9945,59,15,26,0
9946,59,15,26,0
9947,59,15,26,0
9948,59,15,26,0
9949,59,15,26,0
9950,59,15,26,0
9951,59,15,26,0
9952,59,15,26,0
9953,59,15,26,0
9954,59,15,26,0
9955,59,15,26,0
9956,59,15,26,0
9957,59,15,26,0
9958,59,15,26,0
9959,59,15,26,0
9960,59,15,26,0
9961,59,15,26,0
9962,59,15,26,0
9963,59,15,26,0
9964,59,15,26,0
9965,59,15,26,0
9966,59,15,26,0
9967,59,15,26,0
9968,59,15,26,0
9969,59,15,26,0
9970,59,15,26,0
9971,59,15,26,0
9972,59,15,26,0
9973,59,15,26,0
9974,59,15,26,0
9975,59,15,26,0
9976,59,15,26,0
9977,59,15,26,0
9978,59,15,26,0
9979,59,15,26,0
9980,59,15,26,0
9981,59,15,26,0
9982,59,15,26,0
9983,59,15,26,0
9984,59,15,26,0
9985,59,15,26,0
9986,59,15,26,0
9987,59,15,26,0
9988,59,15,26,0
9989,59,15,26,0
9990,59,15,26,0
9991,59,15,26,0
9992,59,15,26,0
9993,59,15,26,0
9994,59,15,26,0
9995,59,15,26,0
9996,59,15,26,0
9997,59,15,26,0
9998,59,15,26,0
9999,59,15,26,0
10000,59,15,26,0
10001,59,15,26,0
10002,59,15,26,0
10003,59,15,26,0
10004,59,15,26,0
10005,59,15,26,0
10006,59,15,26,0
10007,59,15,26,0
10008,59,15,26,0
10009,59,15,26,0
10010,59,15,26,0
10011,59,15,26,0
10012,59,15,26,0
10013,59,15,26,0
10014,59,15,26,0
10015,59,15,26,0
10016,59,15,26,0
10017,59,15,26,0
10018,59,15,26,0
10019,59,15,26,0
10020,59,15,26,0
10021,59,15,26,0
10022,59,15,26,0
10023,59,15,26,0
10024,59,15,26,0
10025,59,15,26,0
10026,59,15,26,0
10027,59,15,26,0
10028,59,15,26,0
10029,59,15,26,0
10030,59,15,26,0
10031,59,15,26,0
10032,59,15,26,0
10033,59,15,26,0
10034,59,15,26,0
10035,59,15,26,0
10036,59,15,26,0
10037,59,15,26,0
10038,59,15,26,0
10039,59,15,26,0
10040,59,15,26,0
10041,59,15,26,0
10042,59,15,26,0
10043,59,15,26,0
10044,59,15,26,0
10045,59,15,26,0
10046,59,15,26,0
10047,59,15,26,0
10048,59,15,26,0
10049,59,15,26,0
10050,59,15,26,0
10051,59,15,26,0
10052,59,15,26,0
10053,59,15,26,0
10054,59,15,26,0
10055,59,15,26,0
10056,59,15,26,0
10057,59,15,26,0
10058,59,15,26,0
10059,59,15,26,0
10060,59,15,26,0
10061,59,15,26,0
10062,59,15,26,0
10063,59,15,26,0
10064,59,15,26,0
10065,59,15,26,0
10066,59,15,26,0
10067,59,15,26,0
10068,59,15,26,0
10069,59,15,26,0
10070,59,15,26,0
10071,59,15,26,0
10072,59,15,26,0
10073,59,15,26,0
10074,59,15,26,0
10075,59,15,26,0
10076,59,15,26,0
10077,59,15,26,0
10078,59,15,26,0
10079,59,15,26,0
10080,59,15,26,0
10081,59,15,26,0
10082,59,15,26,0
10083,59,15,26,0
10084,59,15,26,0
10085,59,15,26,0
10086,59,15,26,0
10087,59,15,26,0
10088,59,15,26,0
10089,59,15,26,0
10090,59,15,26,0
10091,59,15,26,0
10092,59,15,26,0
10093,59,15,26,0
10094,59,15,26,0
10095,59,15,26,0
10096,59,15,26,0
10097,59,15,26,0
10098,59,15,26,0
10099,59,15,26,0
10100,59,15,26,0
10101,59,15,26,0
10102,59,15,26,0
10103,59,15,26,0
10104,59,15,26,0
10105,59,15,26,0
10106,59,15,26,0
10107,59,15,26,0
10108,59,15,26,0
10109,59,15,26,0
10110,59,15,26,0
10111,59,15,26,0
10112,59,15,26,0
10113,59,15,26,0
10114,59,15,26,0
10115,59,15,26,0
10116,59,15,26,0
10117,59,15,26,0
10118,59,15,26,0
10119,59,15,26,0
10120,59,15,26,0
10121,59,15,26,0
10122,59,15,26,0
10123,59,15,26,0
10124,59,15,26,0
10125,59,15,26,0
10126,59,15,26,0
10127,59,15,26,0
10128,59,15,26,0
10129,59,15,26,0
10130,59,15,26,0
10131,59,15,26,0
10132,59,15,26,0
10133,59,15,26,0
10134,59,15,26,0
10135,59,15,26,0
10136,59,15,26,0
10137,59,15,26,0
10138,59,15,26,0
10139,59,15,26,0
10140,59,15,26,0
10141,59,15,26,0
10142,59,15,26,0
10143,59,15,26,0
10144,59,15,26,0
10145,59,15,26,0
10146,59,15,26,0
10147,59,15,26,0
10148,59,15,26,0
10149,59,15,26,0
10150,59,15,26,0
10151,59,15,26,0
10152,59,15,26,0
10153,59,15,26,0
10154,59,15,26,0
10155,59,15,26,0
10156,59,15,26,0
10157,59,15,26,0
10158,59,15,26,0
10159,59,15,26,0
10160,59,15,26,0
10161,59,15,26,0
10162,59,15,26,0
10163,59,15,26,0
10164,59,15,26,0
10165,59,15,26,0
10166,59,15,26,0
10167,59,15,26,0
10168,59,15,26,0
10169,59,15,26,0
10170,59,15,26,0
10171,59,15,26,0
10172,59,15,26,0
10173,59,15,26,0
10174,59,15,26,0
10175,59,15,26,0
10176,59,15,26,0
10177,59,15,26,0
10178,59,15,26,0
10179,59,15,26,0
10180,59,15,26,0
10181,59,15,26,0
10182,59,15,26,0
10183,59,15,26,0
10184,59,15,26,0
10185,59,15,26,0
10186,59,15,26,0
10187,59,15,26,0
10188,59,15,26,0
10189,59,15,26,0
10190,59,15,26,0
10191,59,15,26,0
10192,59,15,26,0
10193,59,15,26,0
10194,59,15,26,0
10195,59,15,26,0
10196,59,15,26,0
10197,59,15,26,0
10198,59,15,26,0
10199,59,15,26,0
10200,59,15,26,0
10201,59,15,26,0
10202,59,15,26,0
10203,59,15,26,0
10204,59,15,26,0
10205,59,15,26,0
10206,59,15,26,0
10207,59,15,26,0
10208,59,15,26,0
10209,59,15,26,0
10210,59,15,26,0
10211,59,15,26,0
10212,59,15,26,0
10213,59,15,26,0
10214,59,15,26,0
10215,59,15,26,0
10216,59,15,26,0
10217,59,15,26,0
10218,59,15,26,0
10219,59,15,26,0
10220,59,15,26,0
10221,59,15,26,0
10222,59,15,26,0
10223,59,15,26,0
10224,59,15,26,0
10225,59,15,26,0
10226,59,15,26,0
10227,59,15,26,0
10228,59,15,26,0
10229,59,15,26,0
10230,59,15,26,0
10231,59,15,26,0
10232,59,15,26,0
10233,59,15,26,0
10234,59,15,26,0
10235,59,15,26,0
10236,59,15,26,0
10237,59,15,26,0
10238,59,15,26,0
10239,59,15,26,0
10240,59,15,26,0
10241,59,15,26,0
10242,59,15,26,0
10243,59,15,26,0
10244,59,15,26,0
10245,59,15,26,0
10246,59,15,26,0
10247,59,15,26,0
10248,59,15,26,0
10249,59,15,26,0
10250,59,15,26,0
10251,59,15,26,0
10252,59,15,26,0
10253,59,15,26,0
10254,59,15,26,0
10255,59,15,26,0
10256,59,15,26,0
10257,59,15,26,0
10258,59,15,26,0
10259,59,15,26,0
10260,59,15,26,0
10261,59,15,26,0
10262,59,15,26,0
10263,59,15,26,0
10264,59,15,26,0
10265,59,15,26,0
10266,59,15,26,0
10267,59,15,26,0
10268,59,15,26,0
10269,59,15,26,0
10270,59,15,26,0
10271,59,15,26,0
10272,59,15,26,0
10273,59,15,26,0
10274,59,15,26,0
10275,59,15,26,0
10276,59,15,26,0
10277,59,15,26,0
10278,59,15,26,0
10279,59,15,26,0
10280,59,15,26,0
10281,59,15,26,0
10282,59,15,26,0
10283,59,15,26,0
10284,59,15,26,0
10285,59,15,26,0
10286,59,15,26,0
10287,59,15,26,0
10288,59,15,26,0
10289,59,15,26,0
10290,59,15,26,0
10291,59,15,26,0
10292,59,15,26,0
10293,59,15,26,0
10294,59,15,26,0
10295,59,15,26,0
10296,59,15,26,0
10297,59,15,26,0
10298,59,15,26,0
10299,59,15,26,0
10300,59,15,26,0
10301,59,15,26,0
10302,59,15,26,0
10303,59,15,26,0
10304,59,15,26,0
10305,59,15,26,0
10306,59,15,26,0
10307,59,15,26,0
10308,59,15,26,0
10309,59,15,26,0
10310,59,15,26,0
10311,59,15,26,0
10312,59,15,26,0
10313,59,15,26,0
10314,59,15,26,0
10315,59,15,26,0
10316,59,15,26,0
10317,59,15,26,0
10318,59,15,26,0
10319,59,15,26,0
10320,59,15,26,0
10321,59,15,26,0
10322,59,15,26,0
10323,59,15,26,0
10324,59,15,26,0
10325,59,15,26,0
10326,59,15,26,0
10327,59,15,26,0
10328,59,15,26,0
10329,59,15,26,0
10330,59,15,26,0
10331,59,15,26,0
10332,59,15,26,0
10333,59,15,26,0
10334,59,15,26,0
10335,59,15,26,0
10336,59,15,26,0
10337,59,15,26,0
10338,59,15,26,0
10339,59,15,26,0
10340,59,15,26,0
10341,59,15,26,0
10342,59,15,26,0
10343,59,15,26,0
10344,59,15,26,0
10345,59,15,26,0
10346,59,15,26,0
10347,59,15,26,0
10348,59,15,26,0
10349,59,15,26,0
10350,59,15,26,0
10351,59,15,26,0
10352,59,15,26,0
10353,59,15,26,0
10354,59,15,26,0
10355,59,15,26,0
10356,59,15,26,0
10357,59,15,26,0
10358,59,15,26,0
10359,59,15,26,0
10360,59,15,26,0
10361,59,15,26,0
10362,59,15,26,0
10363,59,15,26,0
10364,59,15,26,0
10365,59,15,26,0
10366,59,15,26,0
10367,59,15,26,0
10368,59,15,26,0
10369,59,15,26,0
10370,59,15,26,0
10371,59,15,26,0
10372,59,15,26,0
10373,59,15,26,0
10374,59,15,26,0
10375,59,15,26,0
10376,59,15,26,0
10377,59,15,26,0
10378,59,15,26,0
10379,59,15,26,0
10380,59,15,26,0
10381,59,15,26,0
10382,59,15,26,0
10383,59,15,26,0
10384,59,15,26,0
10385,59,15,26,0
10386,59,15,26,0
10387,59,15,26,0
10388,59,15,26,0
10389,59,15,26,0
10390,59,15,26,0
10391,59,15,26,0
10392,59,15,26,0
10393,59,15,26,0
10394,59,15,26,0
10395,59,15,26,0
10396,59,15,26,0
10397,59,15,26,0
10398,59,15,26,0
10399,59,15,26,0
10400,59,15,26,0
10401,59,15,26,0
10402,59,15,26,0
10403,59,15,26,0
10404,59,15,26,0
10405,59,15,26,0
10406,59,15,26,0
10407,59,15,26,0
10408,59,15,26,0
10409,59,15,26,0
10410,59,15,26,0
10411,59,15,26,0
10412,59,15,26,0
10413,59,15,26,0
10414,59,15,26,0
10415,59,15,26,0
10416,59,15,26,0
10417,59,15,26,0
10418,59,15,26,0
10419,59,15,26,0
10420,59,15,26,0
10421,59,15,26,0
10422,59,15,26,0
10423,59,15,26,0
10424,59,15,26,0
10425,59,15,26,0
10426,59,15,26,0
10427,59,15,26,0
10428,59,15,26,0
10429,59,15,26,0
10430,59,15,26,0
10431,59,15,26,0
10432,59,15,26,0
10433,59,15,26,0
10434,59,15,26,0
10435,59,15,26,0
10436,59,15,26,0
10437,59,15,26,0
10438,59,15,26,0
10439,59,15,26,0
10440,59,15,26,0
10441,59,15,26,0
10442,59,15,26,0
10443,59,15,26,0
10444,59,15,26,0
10445,59,15,26,0
10446,59,15,26,0
10447,59,15,26,0
10448,59,15,26,0
10449,59,15,26,0
10450,59,15,26,0
10451,59,15,26,0
10452,59,15,26,0
10453,59,15,26,0
10454,59,15,26,0
10455,59,15,26,0
10456,59,15,26,0
10457,59,15,26,0
10458,59,15,26,0
10459,59,15,26,0
10460,59,15,26,0
10461,59,15,26,0
10462,59,15,26,0
10463,59,15,26,0
10464,59,15,26,0
10465,59,15,26,0
10466,59,15,26,0
10467,59,15,26,0
10468,59,15,26,0
10469,59,15,26,0
10470,59,15,26,0
10471,59,15,26,0
10472,59,15,26,0
10473,59,15,26,0
10474,59,15,26,0
10475,59,15,26,0
10476,59,15,26,0
10477,59,15,26,0
10478,59,15,26,0
10479,59,15,26,0
10480,59,15,26,0
10481,59,15,26,0
10482,59,15,26,0
10483,59,15,26,0
10484,59,15,26,0
10485,59,15,26,0
10486,59,15,26,0
10487,59,15,26,0
10488,59,15,26,0
10489,59,15,26,0
10490,59,15,26,0
10491,59,15,26,0
10492,59,15,26,0
10493,59,15,26,0
10494,59,15,26,0
10495,59,15,26,0
10496,59,15,26,0
10497,59,15,26,0
10498,59,15,26,0
10499,59,15,26,0
10500,59,15,26,0
10501,59,15,26,0
10502,59,15,26,0
10503,59,15,26,0
10504,59,15,26,0
10505,59,15,26,0
10506,59,15,26,0
10507,59,15,26,0
10508,59,15,26,0
10509,59,15,26,0
10510,59,15,26,0
10511,59,15,26,0
10512,59,15,26,0
10513,59,15,26,0
10514,59,15,26,0
10515,59,15,26,0
10516,59,15,26,0
10517,59,15,26,0
10518,59,15,26,0
10519,59,15,26,0
10520,59,15,26,0
10521,59,15,26,0
10522,59,15,26,0
10523,59,15,26,0
10524,59,15,26,0
10525,59,15,26,0
10526,59,15,26,0
10527,59,15,26,0
10528,59,15,26,0
10529,59,15,26,0
10530,59,15,26,0
10531,59,15,26,0
10532,59,15,26,0
10533,59,15,26,0
10534,59,15,26,0
10535,59,15,26,0
10536,59,15,26,0
10537,59,15,26,0
10538,59,15,26,0
10539,59,15,26,0
10540,59,15,26,0
10541,59,15,26,0
10542,59,15,26,0
10543,59,15,26,0
10544,59,15,26,0
10545,59,15,26,0
10546,59,15,26,0
10547,59,15,26,0
10548,59,15,26,0
10549,59,15,26,0
10550,59,15,26,0
10551,59,15,26,0
10552,59,15,26,0
10553,59,15,26,0
10554,59,15,26,0
10555,59,15,26,0
10556,59,15,26,0
10557,59,15,26,0
10558,59,15,26,0
10559,59,15,26,0
10560,59,15,26,0
10561,59,15,26,0
10562,59,15,26,0
10563,59,15,26,0
10564,59,15,26,0
10565,59,15,26,0
10566,59,15,26,0
10567,59,15,26,0
10568,59,15,26,0
10569,59,15,26,0
10570,59,15,26,0
10571,59,15,26,0
10572,59,15,26,0
10573,59,15,26,0
10574,59,15,26,0
10575,59,15,26,0
10576,59,15,26,0
10577,59,15,26,0
10578,59,15,26,0
10579,59,15,26,0
10580,59,15,26,0
10581,59,15,26,0
10582,59,15,26,0
10583,59,15,26,0
10584,59,15,26,0
10585,59,15,26,0
10586,59,15,26,0
10587,59,15,26,0
10588,59,15,26,0
10589,59,15,26,0
10590,59,15,26,0
10591,59,15,26,0
10592,59,15,26,0
10593,59,15,26,0
10594,59,15,26,0
10595,59,15,26,0
10596,59,15,26,0
10597,59,15,26,0
10598,59,15,26,0
10599,59,15,26,0
10600,59,15,26,0
10601,59,15,26,0
10602,59,15,26,0
10603,59,15,26,0
10604,59,15,26,0
10605,59,15,26,0
10606,59,15,26,0
10607,59,15,26,0
10608,59,15,26,0
10609,59,15,26,0
10610,59,15,26,0
10611,59,15,26,0
10612,59,15,26,0
10613,59,15,26,0
10614,59,15,26,0
10615,59,15,26,0
10616,59,15,26,0
10617,59,15,26,0
10618,59,15,26,0
10619,59,15,26,0
10620,59,15,26,0
10621,59,15,26,0
10622,59,15,26,0
10623,59,15,26,0
10624,59,15,26,0
10625,59,15,26,0
10626,59,15,26,0
10627,59,15,26,0
10628,59,15,26,0
10629,59,15,26,0
10630,59,15,26,0
10631,59,15,26,0
10632,59,15,26,0
10633,59,15,26,0
10634,59,15,26,0
10635,59,15,26,0
10636,59,15,26,0
10637,59,15,26,0
10638,59,15,26,0
10639,59,15,26,0
10640,59,15,26,0
10641,59,15,26,0
10642,59,15,26,0
10643,59,15,26,0
10644,59,15,26,0
10645,59,15,26,0
10646,59,15,26,0
10647,59,15,26,0
10648,59,15,26,0
10649,59,15,26,0
10650,59,15,26,0
10651,59,15,26,0
10652,59,15,26,0
10653,59,15,26,0
10654,59,15,26,0
10655,59,15,26,0
10656,59,15,26,0
10657,59,15,26,0
10658,59,15,26,0
10659,59,15,26,0
10660,59,15,26,0
10661,59,15,26,0
10662,59,15,26,0
10663,59,15,26,0
10664,59,15,26,0
10665,59,15,26,0
10666,59,15,26,0
10667,59,15,26,0
10668,59,15,26,0
10669,59,15,26,0
10670,59,15,26,0
10671,59,15,26,0
10672,59,15,26,0
10673,59,15,26,0
10674,59,15,26,0
10675,59,15,26,0
10676,59,15,26,0
10677,59,15,26,0
10678,59,15,26,0
10679,59,15,26,0
10680,59,15,26,0
10681,59,15,26,0
10682,59,15,26,0
10683,59,15,26,0
10684,59,15,26,0
10685,59,15,26,0
10686,59,15,26,0
10687,59,15,26,0
10688,59,15,26,0
10689,59,15,26,0
10690,59,15,26,0
10691,59,15,26,0
10692,59,15,26,0
10693,59,15,26,0
10694,59,15,26,0
10695,59,15,26,0
10696,59,15,26,0
10697,59,15,26,0
10698,59,15,26,0
10699,59,15,26,0
10700,59,15,26,0
10701,59,15,26,0
10702,59,15,26,0
10703,59,15,26,0
10704,59,15,26,0
10705,59,15,26,0
10706,59,15,26,0
10707,59,15,26,0
10708,59,15,26,0
10709,59,15,26,0
10710,59,15,26,0
10711,59,15,26,0
10712,59,15,26,0
10713,59,15,26,0
10714,59,15,26,0
10715,59,15,26,0
10716,59,15,26,0
10717,59,15,26,0
10718,59,15,26,0
10719,59,15,26,0
10720,59,15,26,0
10721,59,15,26,0
10722,59,15,26,0
10723,59,15,26,0
10724,59,15,26,0
10725,59,15,26,0
10726,59,15,26,0
10727,59,15,26,0
10728,59,15,26,0
10729,59,15,26,0
10730,59,15,26,0
10731,59,15,26,0
10732,59,15,26,0
10733,59,15,26,0
10734,59,15,26,0
10735,59,15,26,0
10736,59,15,26,0
10737,59,15,26,0
10738,59,15,26,0
10739,59,15,26,0
10740,59,15,26,0
10741,59,15,26,0
10742,59,15,26,0
10743,59,15,26,0
10744,59,15,26,0
10745,59,15,26,0
10746,59,15,26,0
10747,59,15,26,0
10748,59,15,26,0
10749,59,15,26,0
10750,59,15,26,0
10751,59,15,26,0
10752,59,15,26,0
10753,59,15,26,0
10754,59,15,26,0
10755,59,15,26,0
10756,59,15,26,0
10757,59,15,26,0
10758,59,15,26,0
10759,59,15,26,0
10760,59,15,26,0
10761,59,15,26,0
10762,59,15,26,0
10763,59,15,26,0
10764,59,15,26,0
10765,59,15,26,0
10766,59,15,26,0
10767,59,15,26,0
10768,59,15,26,0
10769,59,15,26,0
10770,59,15,26,0
10771,59,15,26,0
10772,59,15,26,0
10773,59,15,26,0
10774,59,15,26,0
10775,59,15,26,0
10776,59,15,26,0
10777,59,15,26,0
10778,59,15,26,0
10779,59,15,26,0
10780,59,15,26,0
10781,59,15,26,0
10782,59,15,26,0
10783,59,15,26,0
10784,59,15,26,0
10785,59,15,26,0
10786,59,15,26,0
10787,59,15,26,0
10788,59,15,26,0
10789,59,15,26,0
10790,59,15,26,0
10791,59,15,26,0
10792,59,15,26,0
10793,59,15,26,0
10794,59,15,26,0
10795,59,15,26,0
10796,59,15,26,0
10797,59,15,26,0
10798,59,15,26,0
10799,59,15,26,0
10800,59,15,26,0
10801,59,15,26,0
10802,59,15,26,0
10803,59,15,26,0
10804,59,15,26,0
10805,59,15,26,0
10806,59,15,26,0
10807,59,15,26,0
10808,59,15,26,0
10809,59,15,26,0
10810,59,15,26,0
10811,59,15,26,0
10812,59,15,26,0
10813,59,15,26,0
10814,59,15,26,0
10815,59,15,26,0
10816,59,15,26,0
10817,59,15,26,0
10818,59,15,26,0
10819,59,15,26,0
10820,59,15,26,0
10821,59,15,26,0
10822,59,15,26,0
10823,59,15,26,0
10824,59,15,26,0
10825,59,15,26,0
10826,59,15,26,0
10827,59,15,26,0
10828,59,15,26,0
10829,59,15,26,0
10830,59,15,26,0
10831,59,15,26,0
10832,59,15,26,0
10833,59,15,26,0
10834,59,15,26,0
10835,59,15,26,0
10836,59,15,26,0
10837,59,15,26,0
10838,59,15,26,0
10839,59,15,26,0
10840,59,15,26,0
10841,59,15,26,0
10842,59,15,26,0
10843,59,15,26,0
10844,59,15,26,0
10845,59,15,26,0
10846,59,15,26,0
10847,59,15,26,0
10848,59,15,26,0
10849,59,15,26,0
10850,59,15,26,0
10851,59,15,26,0
10852,59,15,26,0
10853,59,15,26,0
10854,59,15,26,0
10855,59,15,26,0
10856,59,15,26,0
10857,59,15,26,0
10858,59,15,26,0
10859,59,15,26,0
10860,59,15,26,0
10861,59,15,26,0
10862,59,15,26,0
10863,59,15,26,0
10864,59,15,26,0
10865,59,15,26,0
10866,59,15,26,0
10867,59,15,26,0
10868,59,15,26,0
10869,59,15,26,0
10870,59,15,26,0
10871,59,15,26,0
10872,59,15,26,0
10873,59,15,26,0
10874,59,15,26,0
10875,59,15,26,0
10876,59,15,26,0
10877,59,15,26,0
10878,59,15,26,0
10879,59,15,26,0
10880,59,15,26,0
10881,59,15,26,0
10882,59,15,26,0
10883,59,15,26,0
10884,59,15,26,0
10885,59,15,26,0
10886,59,15,26,0
10887,59,15,26,0
10888,59,15,26,0
10889,59,15,26,0
10890,59,15,26,0
10891,59,15,26,0
10892,59,15,26,0
10893,59,15,26,0
10894,59,15,26,0
10895,59,15,26,0
10896,59,15,26,0
10897,59,15,26,0
10898,59,15,26,0
10899,59,15,26,0
10900,59,15,26,0
10901,59,15,26,0
10902,59,15,26,0
10903,59,15,26,0
10904,59,15,26,0
10905,59,15,26,0
10906,59,15,26,0
10907,59,15,26,0
10908,59,15,26,0
10909,59,15,26,0
10910,59,15,26,0
10911,59,15,26,0
10912,59,15,26,0
10913,59,15,26,0
10914,59,15,26,0
10915,59,15,26,0
10916,59,15,26,0
10917,59,15,26,0
10918,59,15,26,0
10919,59,15,26,0
10920,59,15,26,0
10921,59,15,26,0
10922,59,15,26,0
10923,59,15,26,0
10924,59,15,26,0
10925,59,15,26,0
10926,59,15,26,0
10927,59,15,26,0
10928,59,15,26,0
10929,59,15,26,0
10930,59,15,26,0
10931,59,15,26,0
10932,59,15,26,0
10933,59,15,26,0
10934,59,15,26,0
10935,59,15,26,0
10936,59,15,26,0
10937,59,15,26,0
10938,59,15,26,0
10939,59,15,26,0
10940,59,15,26,0
10941,59,15,26,0
10942,59,15,26,0
10943,59,15,26,0
10944,59,15,26,0
10945,59,15,26,0
10946,59,15,26,0
10947,59,15,26,0
10948,59,15,26,0
10949,59,15,26,0
10950,59,15,26,0
10951,59,15,26,0
10952,59,15,26,0
10953,59,15,26,0
10954,59,15,26,0
10955,59,15,26,0
10956,59,15,26,0
10957,59,15,26,0
10958,59,15,26,0
10959,59,15,26,0
10960,59,15,26,0
10961,59,15,26,0
10962,59,15,26,0
10963,59,15,26,0
10964,59,15,26,0
10965,59,15,26,0
10966,59,15,26,0
10967,59,15,26,0
10968,59,15,26,0
10969,59,15,26,0
10970,59,15,26,0
10971,59,15,26,0
10972,59,15,26,0
10973,59,15,26,0
10974,59,15,26,0
10975,59,15,26,0
10976,59,15,26,0
10977,59,15,26,0
10978,59,15,26,0
10979,59,15,26,0
10980,59,15,26,0
10981,59,15,26,0
10982,59,15,26,0
10983,59,15,26,0
10984,59,15,26,0
10985,59,15,26,0
10986,59,15,26,0
10987,59,15,26,0
10988,59,15,26,0
10989,59,15,26,0
10990,59,15,26,0
10991,59,15,26,0
10992,59,15,26,0
10993,59,15,26,0
10994,59,15,26,0
10995,59,15,26,0
10996,59,15,26,0
10997,59,15,26,0
10998,59,15,26,0
10999,59,15,26,0
11000,59,15,26,0
11001,59,15,26,0
11002,59,15,26,0
11003,59,15,26,0
11004,59,15,26,0
11005,59,15,26,0
11006,59,15,26,0
11007,59,15,26,0
11008,59,15,26,0
11009,59,15,26,0
11010,59,15,26,0
11011,59,15,26,0
11012,59,15,26,0
11013,59,15,26,0
11014,59,15,26,0
11015,59,15,26,0
11016,59,15,26,0
11017,59,15,26,0
11018,59,15,26,0
11019,59,15,26,0
11020,59,15,26,0
11021,59,15,26,0
11022,59,15,26,0
11023,59,15,26,0
11024,59,15,26,0
11025,59,15,26,0
11026,59,15,26,0
11027,59,15,26,0
11028,59,15,26,0
11029,59,15,26,0
11030,59,15,26,0
11031,59,15,26,0
11032,59,15,26,0
11033,59,15,26,0
11034,59,15,26,0
11035,59,15,26,0
11036,59,15,26,0
11037,59,15,26,0
11038,59,15,26,0
11039,59,15,26,0
11040,59,15,26,0
11041,59,15,26,0
11042,59,15,26,0
11043,59,15,26,0
11044,59,15,26,0
11045,59,15,26,0
11046,59,15,26,0
11047,59,15,26,0
11048,59,15,26,0
11049,59,15,26,0
11050,59,15,26,0
11051,59,15,26,0
11052,59,15,26,0
11053,59,15,26,0
11054,59,15,26,0
11055,59,15,26,0
11056,59,15,26,0
11057,59,15,26,0
11058,59,15,26,0
11059,59,15,26,0
11060,59,15,26,0
11061,59,15,26,0
11062,59,15,26,0
11063,59,15,26,0
11064,59,15,26,0
11065,59,15,26,0
11066,59,15,26,0
11067,59,15,26,0
11068,59,15,26,0
11069,59,15,26,0
11070,59,15,26,0
11071,59,15,26,0
11072,59,15,26,0
11073,59,15,26,0
11074,59,15,26,0
11075,59,15,26,0
11076,59,15,26,0
11077,59,15,26,0
11078,59,15,26,0
11079,59,15,26,0
11080,59,15,26,0
11081,59,15,26,0
11082,59,15,26,0
11083,59,15,26,0
11084,59,15,26,0
11085,59,15,26,0
11086,59,15,26,0
11087,59,15,26,0
11088,59,15,26,0
11089,59,15,26,0
11090,59,15,26,0
11091,59,15,26,0
11092,59,15,26,0
11093,59,15,26,0
11094,59,15,26,0
11095,59,15,26,0
11096,59,15,26,0
11097,59,15,26,0
11098,59,15,26,0
11099,59,15,26,0
11100,59,15,26,0
11101,59,15,26,0
11102,59,15,26,0
11103,59,15,26,0
11104,59,15,26,0
11105,59,15,26,0
11106,59,15,26,0
11107,59,15,26,0
11108,59,15,26,0
11109,59,15,26,0
11110,59,15,26,0
11111,59,15,26,0
11112,59,15,26,0
11113,59,15,26,0
11114,59,15,26,0
11115,59,15,26,0
11116,59,15,26,0
11117,59,15,26,0
11118,59,15,26,0
11119,59,15,26,0
11120,59,15,26,0
11121,59,15,26,0
11122,59,15,26,0
11123,59,15,26,0
11124,59,15,26,0
11125,59,15,26,0
11126,59,15,26,0
11127,59,15,26,0
11128,59,15,26,0
11129,59,15,26,0
11130,59,15,26,0
11131,59,15,26,0
11132,59,15,26,0
11133,59,15,26,0
11134,59,15,26,0
11135,59,15,26,0
11136,59,15,26,0
11137,59,15,26,0
11138,59,15,26,0
11139,59,15,26,0
11140,59,15,26,0
11141,59,15,26,0
11142,59,15,26,0
11143,59,15,26,0
11144,59,15,26,0
11145,59,15,26,0
11146,59,15,26,0
11147,59,15,26,0
11148,59,15,26,0
11149,59,15,26,0
11150,59,15,26,0
11151,59,15,26,0
11152,59,15,26,0
11153,59,15,26,0
11154,59,15,26,0
11155,59,15,26,0
11156,59,15,26,0
11157,59,15,26,0
11158,59,15,26,0
11159,59,15,26,0
11160,59,15,26,0
11161,59,15,26,0
11162,59,15,26,0
11163,59,15,26,0
11164,59,15,26,0
11165,59,15,26,0
11166,59,15,26,0
11167,59,15,26,0
11168,59,15,26,0
11169,59,15,26,0
11170,59,15,26,0
11171,59,15,26,0
11172,59,15,26,0
11173,59,15,26,0
11174,59,15,26,0
11175,59,15,26,0
11176,59,15,26,0
11177,59,15,26,0
11178,59,15,26,0
11179,59,15,26,0
11180,59,15,26,0
11181,59,15,26,0
11182,59,15,26,0
11183,59,15,26,0
11184,59,15,26,0
11185,59,15,26,0
11186,59,15,26,0
11187,59,15,26,0
11188,59,15,26,0
11189,59,15,26,0
11190,59,15,26,0
11191,59,15,26,0
11192,59,15,26,0
11193,59,15,26,0
11194,59,15,26,0
11195,59,15,26,0
11196,59,15,26,0
11197,59,15,26,0
11198,59,15,26,0
11199,59,15,26,0
11200,59,15,26,0
11201,59,15,26,0
11202,59,15,26,0
11203,59,15,26,0
11204,59,15,26,0
11205,59,15,26,0
11206,59,15,26,0
11207,59,15,26,0
11208,59,15,26,0
11209,59,15,26,0
11210,59,15,26,0
11211,59,15,26,0
11212,59,15,26,0
11213,59,15,26,0
11214,59,15,26,0
11215,59,15,26,0
11216,59,15,26,0
11217,59,15,26,0
11218,59,15,26,0
11219,59,15,26,0
11220,59,15,26,0
11221,59,15,26,0
11222,59,15,26,0
11223,59,15,26,0
11224,59,15,26,0
11225,59,15,26,0
11226,59,15,26,0
11227,59,15,26,0
11228,59,15,26,0
11229,59,15,26,0
11230,59,15,26,0
11231,59,15,26,0
11232,59,15,26,0
11233,59,15,26,0
11234,59,15,26,0
11235,59,15,26,0
11236,59,15,26,0
11237,59,15,26,0
11238,59,15,26,0
11239,59,15,26,0
11240,59,15,26,0
11241,59,15,26,0
11242,59,15,26,0
11243,59,15,26,0
11244,59,15,26,0
11245,59,15,26,0
11246,59,15,26,0
11247,59,15,26,0
11248,59,15,26,0
11249,59,15,26,0
11250,59,15,26,0
11251,59,15,26,0
11252,59,15,26,0
11253,59,15,26,0
11254,59,15,26,0
11255,59,15,26,0
11256,59,15,26,0
11257,59,15,26,0
11258,59,15,26,0
11259,59,15,26,0
11260,59,15,26,0
11261,59,15,26,0
11262,59,15,26,0
11263,59,15,26,0
11264,59,15,26,0
11265,59,15,26,0
11266,59,15,26,0
11267,59,15,26,0
11268,59,15,26,0
11269,59,15,26,0
11270,59,15,26,0
11271,59,15,26,0
11272,59,15,26,0
11273,59,15,26,0
11274,59,15,26,0
11275,59,15,26,0
11276,59,15,26,0
11277,59,15,26,0
11278,59,15,26,0
11279,59,15,26,0
11280,59,15,26,0
11281,59,15,26,0
11282,59,15,26,0
11283,59,15,26,0
11284,59,15,26,0
11285,59,15,26,0
11286,59,15,26,0
11287,59,15,26,0
11288,59,15,26,0
11289,59,15,26,0
11290,59,15,26,0
11291,59,15,26,0
11292,59,15,26,0
11293,59,15,26,0
11294,59,15,26,0
11295,59,15,26,0
11296,59,15,26,0
11297,59,15,26,0
11298,59,15,26,0
11299,59,15,26,0
11300,59,15,26,0
11301,59,15,26,0
11302,59,15,26,0
11303,59,15,26,0
11304,59,15,26,0
11305,59,15,26,0
11306,59,15,26,0
11307,59,15,26,0
11308,59,15,26,0
11309,59,15,26,0
11310,59,15,26,0
11311,59,15,26,0
11312,59,15,26,0
11313,59,15,26,0
11314,59,15,26,0
11315,59,15,26,0
11316,59,15,26,0
11317,59,15,26,0
11318,59,15,26,0
11319,59,15,26,0
11320,59,15,26,0
11321,59,15,26,0
11322,59,15,26,0
11323,59,15,26,0
11324,59,15,26,0
11325,59,15,26,0
11326,59,15,26,0
11327,59,15,26,0
11328,59,15,26,0
11329,59,15,26,0
11330,59,15,26,0
11331,59,15,26,0
11332,59,15,26,0
11333,59,15,26,0
11334,59,15,26,0
11335,59,15,26,0
11336,59,15,26,0
11337,59,15,26,0
11338,59,15,26,0
11339,59,15,26,0
11340,59,15,26,0
11341,59,15,26,0
11342,59,15,26,0
11343,59,15,26,0
11344,59,15,26,0
11345,59,15,26,0
11346,59,15,26,0
11347,59,15,26,0
11348,59,15,26,0
11349,59,15,26,0
11350,59,15,26,0
11351,59,15,26,0
11352,59,15,26,0
11353,59,15,26,0
11354,59,15,26,0
11355,59,15,26,0
11356,59,15,26,0
11357,59,15,26,0
11358,59,15,26,0
11359,59,15,26,0
11360,59,15,26,0
11361,59,15,26,0
11362,59,15,26,0
11363,59,15,26,0
11364,59,15,26,0
11365,59,15,26,0
11366,59,15,26,0
11367,59,15,26,0
11368,59,15,26,0
11369,59,15,26,0
11370,59,15,26,0
11371,59,15,26,0
11372,59,15,26,0
11373,59,15,26,0
11374,59,15,26,0
11375,59,15,26,0
11376,59,15,26,0
11377,59,15,26,0
11378,59,15,26,0
11379,59,15,26,0
11380,59,15,26,0
11381,59,15,26,0
11382,59,15,26,0
11383,59,15,26,0
11384,59,15,26,0
11385,59,15,26,0
11386,59,15,26,0
11387,59,15,26,0
11388,59,15,26,0
11389,59,15,26,0
11390,59,15,26,0
11391,59,15,26,0
11392,59,15,26,0
11393,59,15,26,0
11394,59,15,26,0
11395,59,15,26,0
11396,59,15,26,0
11397,59,15,26,0
11398,59,15,26,0
11399,59,15,26,0
11400,59,15,26,0
11401,59,15,26,0
11402,59,15,26,0
11403,59,15,26,0
11404,59,15,26,0
11405,59,15,26,0
11406,59,15,26,0
11407,59,15,26,0
11408,59,15,26,0
11409,59,15,26,0
11410,59,15,26,0
11411,59,15,26,0
11412,59,15,26,0
11413,59,15,26,0
11414,59,15,26,0
11415,59,15,26,0
11416,59,15,26,0
11417,59,15,26,0
11418,59,15,26,0
11419,59,15,26,0
11420,59,15,26,0
11421,59,15,26,0
11422,59,15,26,0
11423,59,15,26,0
11424,59,15,26,0
11425,59,15,26,0
11426,59,15,26,0
11427,59,15,26,0
11428,59,15,26,0
11429,59,15,26,0
11430,59,15,26,0
11431,59,15,26,0
11432,59,15,26,0
11433,59,15,26,0
11434,59,15,26,0
11435,59,15,26,0
11436,59,15,26,0
11437,59,15,26,0
11438,59,15,26,0
11439,59,15,26,0
11440,59,15,26,0
11441,59,15,26,0
11442,59,15,26,0
11443,59,15,26,0
11444,59,15,26,0
11445,59,15,26,0
11446,59,15,26,0
11447,59,15,26,0
11448,59,15,26,0
11449,59,15,26,0
11450,59,15,26,0
11451,59,15,26,0
11452,59,15,26,0
11453,59,15,26,0
11454,59,15,26,0
11455,59,15,26,0
11456,59,15,26,0
11457,59,15,26,0
11458,59,15,26,0
11459,59,15,26,0
11460,59,15,26,0
11461,59,15,26,0
11462,59,15,26,0
11463,59,15,26,0
11464,59,15,26,0
11465,59,15,26,0
11466,59,15,26,0
11467,59,15,26,0
11468,59,15,26,0
11469,59,15,26,0
11470,59,15,26,0
11471,59,15,26,0
11472,59,15,26,0
11473,59,15,26,0
11474,59,15,26,0
11475,59,15,26,0
11476,59,15,26,0
11477,59,15,26,0
11478,59,15,26,0
11479,59,15,26,0
11480,59,15,26,0
11481,59,15,26,0
11482,59,15,26,0
11483,59,15,26,0
11484,59,15,26,0
11485,59,15,26,0
11486,59,15,26,0
11487,59,15,26,0
11488,59,15,26,0
11489,59,15,26,0
11490,59,15,26,0
11491,59,15,26,0
11492,59,15,26,0
11493,59,15,26,0
11494,59,15,26,0
11495,59,15,26,0
11496,59,15,26,0
11497,59,15,26,0
11498,59,15,26,0
11499,59,15,26,0
11500,59,15,26,0
11501,59,15,26,0
11502,59,15,26,0
11503,59,15,26,0
11504,59,15,26,0
11505,59,15,26,0
11506,59,15,26,0
11507,59,15,26,0
11508,59,15,26,0
11509,59,15,26,0
11510,59,15,26,0
11511,59,15,26,0
11512,59,15,26,0
11513,59,15,26,0
11514,59,15,26,0
11515,59,15,26,0
11516,59,15,26,0
11517,59,15,26,0
11518,59,15,26,0
11519,59,15,26,0
11520,59,15,26,0
11521,59,15,26,0
11522,59,15,26,0
11523,59,15,26,0
11524,59,15,26,0
11525,59,15,26,0
11526,59,15,26,0
11527,59,15,26,0
11528,59,15,26,0
11529,59,15,26,0
11530,59,15,26,0
11531,59,15,26,0
11532,59,15,26,0
11533,59,15,26,0
11534,59,15,26,0
11535,59,15,26,0
11536,59,15,26,0
11537,59,15,26,0
11538,59,15,26,0
11539,59,15,26,0
11540,59,15,26,0
11541,59,15,26,0
11542,59,15,26,0
11543,59,15,26,0
11544,59,15,26,0
11545,59,15,26,0
11546,59,15,26,0
11547,59,15,26,0
11548,59,15,26,0
11549,59,15,26,0
11550,59,15,26,0
11551,59,15,26,0
11552,59,15,26,0
11553,59,15,26,0
11554,59,15,26,0
11555,59,15,26,0
11556,59,15,26,0
11557,59,15,26,0
11558,59,15,26,0
11559,59,15,26,0
11560,59,15,26,0
11561,59,15,26,0
11562,59,15,26,0
11563,59,15,26,0
11564,59,15,26,0
11565,59,15,26,0
11566,59,15,26,0
11567,59,15,26,0
11568,59,15,26,0
11569,59,15,26,0
11570,59,15,26,0
11571,59,15,26,0
11572,59,15,26,0
11573,59,15,26,0
11574,59,15,26,0
11575,59,15,26,0
11576,59,15,26,0
11577,59,15,26,0
11578,59,15,26,0
11579,59,15,26,0
11580,59,15,26,0
11581,59,15,26,0
11582,59,15,26,0
11583,59,15,26,0
11584,59,15,26,0
11585,59,15,26,0
11586,59,15,26,0
11587,59,15,26,0
11588,59,15,26,0
11589,59,15,26,0
11590,59,15,26,0
11591,59,15,26,0
11592,59,15,26,0
11593,59,15,26,0
11594,59,15,26,0
11595,59,15,26,0
11596,59,15,26,0
11597,59,15,26,0
11598,59,15,26,0
11599,59,15,26,0
11600,59,15,26,0
11601,59,15,26,0
11602,59,15,26,0
11603,59,15,26,0
11604,59,15,26,0
11605,59,15,26,0
11606,59,15,26,0
11607,59,15,26,0
11608,59,15,26,0
11609,59,15,26,0
11610,59,15,26,0
11611,59,15,26,0
11612,59,15,26,0
11613,59,15,26,0
11614,59,15,26,0
11615,59,15,26,0
11616,59,15,26,0
11617,59,15,26,0
11618,59,15,26,0
11619,59,15,26,0
11620,59,15,26,0
11621,59,15,26,0
11622,59,15,26,0
11623,59,15,26,0
11624,59,15,26,0
11625,59,15,26,0
11626,59,15,26,0
11627,59,15,26,0
11628,59,15,26,0
11629,59,15,26,0
11630,59,15,26,0
11631,59,15,26,0
11632,59,15,26,0
11633,59,15,26,0
11634,59,15,26,0
11635,59,15,26,0
11636,59,15,26,0
11637,59,15,26,0
11638,59,15,26,0
11639,59,15,26,0
11640,59,15,26,0
11641,59,15,26,0
11642,59,15,26,0
11643,59,15,26,0
11644,59,15,26,0
11645,59,15,26,0
11646,59,15,26,0
11647,59,15,26,0
11648,59,15,26,0
11649,59,15,26,0
11650,59,15,26,0
11651,59,15,26,0
11652,59,15,26,0
11653,59,15,26,0
11654,59,15,26,0
11655,59,15,26,0
11656,59,15,26,0
11657,59,15,26,0
11658,59,15,26,0
11659,59,15,26,0
11660,59,15,26,0
11661,59,15,26,0
11662,59,15,26,0
11663,59,15,26,0
11664,59,15,26,0
11665,59,15,26,0
11666,59,15,26,0
11667,59,15,26,0
11668,59,15,26,0
11669,59,15,26,0
11670,59,15,26,0
11671,59,15,26,0
11672,59,15,26,0
11673,59,15,26,0
11674,59,15,26,0
11675,59,15,26,0
11676,59,15,26,0
11677,59,15,26,0
11678,59,15,26,0
11679,59,15,26,0
11680,59,15,26,0
11681,59,15,26,0
11682,59,15,26,0
11683,59,15,26,0
11684,59,15,26,0
11685,59,15,26,0
11686,59,15,26,0
11687,59,15,26,0
11688,59,15,26,0
11689,59,15,26,0
11690,59,15,26,0
11691,59,15,26,0
11692,59,15,26,0
11693,59,15,26,0
11694,59,15,26,0
11695,59,15,26,0
11696,59,15,26,0
11697,59,15,26,0
11698,59,15,26,0
11699,59,15,26,0
11700,59,15,26,0
11701,59,15,26,0
11702,59,15,26,0
11703,59,15,26,0
11704,59,15,26,0
11705,59,15,26,0
11706,59,15,26,0
11707,59,15,26,0
11708,59,15,26,0
11709,59,15,26,0
11710,59,15,26,0
11711,59,15,26,0
11712,59,15,26,0
11713,59,15,26,0
11714,59,15,26,0
11715,59,15,26,0
11716,59,15,26,0
11717,59,15,26,0
11718,59,15,26,0
11719,59,15,26,0
11720,59,15,26,0
11721,59,15,26,0
11722,59,15,26,0
11723,59,15,26,0
11724,59,15,26,0
11725,59,15,26,0
11726,59,15,26,0
11727,59,15,26,0
11728,59,15,26,0
11729,59,15,26,0
11730,59,15,26,0
11731,59,15,26,0
11732,59,15,26,0
11733,59,15,26,0
11734,59,15,26,0
11735,59,15,26,0
11736,59,15,26,0
11737,59,15,26,0
11738,59,15,26,0
11739,59,15,26,0
11740,59,15,26,0
11741,59,15,26,0
11742,59,15,26,0
11743,59,15,26,0
11744,59,15,26,0
11745,59,15,26,0
11746,59,15,26,0
11747,59,15,26,0
11748,59,15,26,0
11749,59,15,26,0
11750,59,15,26,0
11751,59,15,26,0
11752,59,15,26,0
11753,59,15,26,0
11754,59,15,26,0
11755,59,15,26,0
11756,59,15,26,0
11757,59,15,26,0
11758,59,15,26,0
11759,59,15,26,0
11760,59,15,26,0
11761,59,15,26,0
11762,59,15,26,0
11763,59,15,26,0
11764,59,15,26,0
11765,59,15,26,0
11766,59,15,26,0
11767,59,15,26,0
11768,59,15,26,0
11769,59,15,26,0
11770,59,15,26,0
11771,59,15,26,0
11772,59,15,26,0
11773,59,15,26,0
11774,59,15,26,0
11775,59,15,26,0
11776,59,15,26,0
11777,59,15,26,0
11778,59,15,26,0
11779,59,15,26,0
11780,59,15,26,0
11781,59,15,26,0
11782,59,15,26,0
11783,59,15,26,0
11784,59,15,26,0
11785,59,15,26,0
11786,59,15,26,0
11787,59,15,26,0
11788,59,15,26,0
11789,59,15,26,0
11790,59,15,26,0
11791,59,15,26,0
11792,59,15,26,0
11793,59,15,26,0
11794,59,15,26,0
11795,59,15,26,0
11796,59,15,26,0
11797,59,15,26,0
11798,59,15,26,0
11799,59,15,26,0
11800,59,15,26,0
11801,59,15,26,0
11802,59,15,26,0
11803,59,15,26,0
11804,59,15,26,0
11805,59,15,26,0
11806,59,15,26,0
11807,59,15,26,0
11808,59,15,26,0
11809,59,15,26,0
11810,59,15,26,0
11811,59,15,26,0
11812,59,15,26,0
11813,59,15,26,0
11814,59,15,26,0
11815,59,15,26,0
11816,59,15,26,0
11817,59,15,26,0
11818,59,15,26,0
11819,59,15,26,0
11820,59,15,26,0
11821,59,15,26,0
11822,59,15,26,0
11823,59,15,26,0
11824,59,15,26,0
11825,59,15,26,0
11826,59,15,26,0
11827,59,15,26,0
11828,59,15,26,0
11829,59,15,26,0
11830,59,15,26,0
11831,59,15,26,0
11832,59,15,26,0
11833,59,15,26,0
11834,59,15,26,0
11835,59,15,26,0
11836,59,15,26,0
11837,59,15,26,0
11838,59,15,26,0
11839,59,15,26,0
11840,59,15,26,0
11841,59,15,26,0
11842,59,15,26,0
11843,59,15,26,0
11844,59,15,26,0
11845,59,15,26,0
11846,59,15,26,0
11847,59,15,26,0
11848,59,15,26,0
11849,59,15,26,0
11850,59,15,26,0
11851,59,15,26,0
11852,59,15,26,0
11853,59,15,26,0
11854,59,15,26,0
11855,59,15,26,0
11856,59,15,26,0
11857,59,15,26,0
11858,59,15,26,0
11859,59,15,26,0
11860,59,15,26,0
11861,59,15,26,0
11862,59,15,26,0
11863,59,15,26,0
11864,59,15,26,0
11865,59,15,26,0
11866,59,15,26,0
11867,59,15,26,0
11868,59,15,26,0
11869,59,15,26,0
11870,59,15,26,0
11871,59,15,26,0
11872,59,15,26,0
11873,59,15,26,0
11874,59,15,26,0
11875,59,15,26,0
11876,59,15,26,0
11877,59,15,26,0
11878,59,15,26,0
11879,59,15,26,0
11880,59,15,26,0
11881,59,15,26,0
11882,59,15,26,0
11883,59,15,26,0
11884,59,15,26,0
11885,59,15,26,0
11886,59,15,26,0
11887,59,15,26,0
11888,59,15,26,0
11889,59,15,26,0
11890,59,15,26,0
11891,59,15,26,0
11892,59,15,26,0
11893,59,15,26,0
11894,59,15,26,0
11895,59,15,26,0
11896,59,15,26,0
11897,59,15,26,0
11898,59,15,26,0
11899,59,15,26,0
11900,59,15,26,0
11901,59,15,26,0
11902,59,15,26,0
11903,59,15,26,0
11904,59,15,26,0
11905,59,15,26,0
11906,59,15,26,0
11907,59,15,26,0
11908,59,15,26,0
11909,59,15,26,0
11910,59,15,26,0
11911,59,15,26,0
11912,59,15,26,0
11913,59,15,26,0
11914,59,15,26,0
11915,59,15,26,0
11916,59,15,26,0
11917,59,15,26,0
11918,59,15,26,0
11919,59,15,26,0
11920,59,15,26,0
11921,59,15,26,0
11922,59,15,26,0
11923,59,15,26,0
11924,59,15,26,0
11925,59,15,26,0
11926,59,15,26,0
11927,59,15,26,0
11928,59,15,26,0
11929,59,15,26,0
11930,59,15,26,0
11931,59,15,26,0
11932,59,15,26,0
11933,59,15,26,0
11934,59,15,26,0
11935,59,15,26,0
11936,59,15,26,0
11937,59,15,26,0
11938,59,15,26,0
11939,59,15,26,0
11940,59,15,26,0
11941,59,15,26,0
11942,59,15,26,0
11943,59,15,26,0
11944,59,15,26,0
11945,59,15,26,0
11946,59,15,26,0
11947,59,15,26,0
11948,59,15,26,0
11949,59,15,26,0
11950,59,15,26,0
11951,59,15,26,0
11952,59,15,26,0
11953,59,15,26,0
11954,59,15,26,0
11955,59,15,26,0
11956,59,15,26,0
11957,59,15,26,0
11958,59,15,26,0
11959,59,15,26,0
11960,59,15,26,0
11961,59,15,26,0
11962,59,15,26,0
11963,59,15,26,0
11964,59,15,26,0
11965,59,15,26,0
11966,59,15,26,0
11967,59,15,26,0
11968,59,15,26,0
11969,59,15,26,0
11970,59,15,26,0
11971,59,15,26,0
11972,59,15,26,0
11973,59,15,26,0
11974,59,15,26,0
11975,59,15,26,0
11976,59,15,26,0
11977,59,15,26,0
11978,59,15,26,0
11979,59,15,26,0
11980,59,15,26,0
11981,59,15,26,0
11982,59,15,26,0
11983,59,15,26,0
11984,59,15,26,0
11985,59,15,26,0
11986,59,15,26,0
11987,59,15,26,0
11988,59,15,26,0
11989,59,15,26,0
11990,59,15,26,0
11991,59,15,26,0
11992,59,15,26,0
11993,59,15,26,0
11994,59,15,26,0
11995,59,15,26,0
11996,59,15,26,0
11997,59,15,26,0
11998,59,15,26,0
11999,59,15,26,0
12000,59,15,26,0
12001,59,15,26,0
12002,59,15,26,0
12003,59,15,26,0
12004,59,15,26,0
12005,59,15,26,0
12006,59,15,26,0
12007,59,15,26,0
12008,59,15,26,0
12009,59,15,26,0
12010,59,15,26,0
12011,59,15,26,0
12012,59,15,26,0
12013,59,15,26,0
12014,59,15,26,0
12015,59,15,26,0
12016,59,15,26,0
12017,59,15,26,0
12018,59,15,26,0
12019,59,15,26,0
12020,59,15,26,0
12021,59,15,26,0
12022,59,15,26,0
12023,59,15,26,0
12024,59,15,26,0
12025,59,15,26,0
12026,59,15,26,0
12027,59,15,26,0
12028,59,15,26,0
12029,59,15,26,0
12030,59,15,26,0
12031,59,15,26,0
12032,59,15,26,0
12033,59,15,26,0
12034,59,15,26,0
12035,59,15,26,0
12036,59,15,26,0
12037,59,15,26,0
12038,59,15,26,0
12039,59,15,26,0
12040,59,15,26,0
12041,59,15,26,0
12042,59,15,26,0
12043,59,15,26,0
12044,59,15,26,0
12045,59,15,26,0
12046,59,15,26,0
12047,59,15,26,0
12048,59,15,26,0
12049,59,15,26,0
12050,59,15,26,0
12051,59,15,26,0
12052,59,15,26,0
12053,59,15,26,0
12054,59,15,26,0
12055,59,15,26,0
12056,59,15,26,0
12057,59,15,26,0
12058,59,15,26,0
12059,59,15,26,0
12060,59,15,26,0
12061,59,15,26,0
12062,59,15,26,0
12063,59,15,26,0
12064,59,15,26,0
12065,59,15,26,0
12066,59,15,26,0
12067,59,15,26,0
12068,59,15,26,0
12069,59,15,26,0
12070,59,15,26,0
12071,59,15,26,0
12072,59,15,26,0
12073,59,15,26,0
12074,59,15,26,0
12075,59,15,26,0
12076,59,15,26,0
12077,59,15,26,0
12078,59,15,26,0
12079,59,15,26,0
12080,59,15,26,0
12081,59,15,26,0
12082,59,15,26,0
12083,59,15,26,0
12084,59,15,26,0
12085,59,15,26,0
12086,59,15,26,0
12087,59,15,26,0
12088,59,15,26,0
12089,59,15,26,0
12090,59,15,26,0
12091,59,15,26,0
12092,59,15,26,0
12093,59,15,26,0
12094,59,15,26,0
12095,59,15,26,0
12096,59,15,26,0
12097,59,15,26,0
12098,59,15,26,0
12099,59,15,26,0
12100,59,15,26,0
12101,59,15,26,0
12102,59,15,26,0
12103,59,15,26,0
12104,59,15,26,0
12105,59,15,26,0
12106,59,15,26,0
12107,59,15,26,0
12108,59,15,26,0
12109,59,15,26,0
12110,59,15,26,0
12111,59,15,26,0
12112,59,15,26,0
12113,59,15,26,0
12114,59,15,26,0
12115,59,15,26,0
12116,59,15,26,0
12117,59,15,26,0
12118,59,15,26,0
12119,59,15,26,0
12120,59,15,26,0
12121,59,15,26,0
12122,59,15,26,0
12123,59,15,26,0
12124,59,15,26,0
12125,59,15,26,0
12126,59,15,26,0
12127,59,15,26,0
12128,59,15,26,0
12129,59,15,26,0
12130,59,15,26,0
12131,59,15,26,0
12132,59,15,26,0
12133,59,15,26,0
12134,59,15,26,0
12135,59,15,26,0
12136,59,15,26,0
12137,59,15,26,0
12138,59,15,26,0
12139,59,15,26,0
12140,59,15,26,0
12141,59,15,26,0
12142,59,15,26,0
12143,59,15,26,0
12144,59,15,26,0
12145,59,15,26,0
12146,59,15,26,0
12147,59,15,26,0
12148,59,15,26,0
12149,59,15,26,0
12150,59,15,26,0
12151,59,15,26,0
12152,59,15,26,0
12153,59,15,26,0
12154,59,15,26,0
12155,59,15,26,0
12156,59,15,26,0
12157,59,15,26,0
12158,59,15,26,0
12159,59,15,26,0
12160,59,15,26,0
12161,59,15,26,0
12162,59,15,26,0
12163,59,15,26,0
12164,59,15,26,0
12165,59,15,26,0
12166,59,15,26,0
12167,59,15,26,0
12168,59,15,26,0
12169,59,15,26,0
12170,59,15,26,0
12171,59,15,26,0
12172,59,15,26,0
12173,59,15,26,0
12174,59,15,26,0
12175,59,15,26,0
12176,59,15,26,0
12177,59,15,26,0
12178,59,15,26,0
12179,59,15,26,0
12180,59,15,26,0
12181,59,15,26,0
12182,59,15,26,0
12183,59,15,26,0
12184,59,15,26,0
12185,59,15,26,0
12186,59,15,26,0
12187,59,15,26,0
12188,59,15,26,0
12189,59,15,26,0
12190,59,15,26,0
12191,59,15,26,0
12192,59,15,26,0
12193,59,15,26,0
12194,59,15,26,0
12195,59,15,26,0
12196,59,15,26,0
12197,59,15,26,0
12198,59,15,26,0
12199,59,15,26,0
12200,59,15,26,0
12201,59,15,26,0
12202,59,15,26,0
12203,59,15,26,0
12204,59,15,26,0
12205,59,15,26,0
12206,59,15,26,0
12207,59,15,26,0
12208,59,15,26,0
12209,59,15,26,0
12210,59,15,26,0
12211,59,15,26,0
12212,59,15,26,0
12213,59,15,26,0
12214,59,15,26,0
12215,59,15,26,0
12216,59,15,26,0
12217,59,15,26,0
12218,59,15,26,0
12219,59,15,26,0
12220,59,15,26,0
12221,59,15,26,0
12222,59,15,26,0
12223,59,15,26,0
12224,59,15,26,0
12225,59,15,26,0
12226,59,15,26,0
12227,59,15,26,0
12228,59,15,26,0
12229,59,15,26,0
12230,59,15,26,0
12231,59,15,26,0
12232,59,15,26,0
12233,59,15,26,0
12234,59,15,26,0
12235,59,15,26,0
12236,59,15,26,0
12237,59,15,26,0
12238,59,15,26,0
12239,59,15,26,0
12240,59,15,26,0
12241,59,15,26,0
12242,59,15,26,0
12243,59,15,26,0
12244,59,15,26,0
12245,59,15,26,0
12246,59,15,26,0
12247,59,15,26,0
12248,59,15,26,0
12249,59,15,26,0
12250,59,15,26,0
12251,59,15,26,0
12252,59,15,26,0
12253,59,15,26,0
12254,59,15,26,0
12255,59,15,26,0
12256,59,15,26,0
12257,59,15,26,0
12258,59,15,26,0
12259,59,15,26,0
12260,59,15,26,0
12261,59,15,26,0
12262,59,15,26,0
12263,59,15,26,0
12264,59,15,26,0
12265,59,15,26,0
12266,59,15,26,0
12267,59,15,26,0
12268,59,15,26,0
12269,59,15,26,0
12270,59,15,26,0
12271,59,15,26,0
12272,59,15,26,0
12273,59,15,26,0
12274,59,15,26,0
12275,59,15,26,0
12276,59,15,26,0
12277,59,15,26,0
12278,59,15,26,0
12279,59,15,26,0
12280,59,15,26,0
12281,59,15,26,0
12282,59,15,26,0
12283,59,15,26,0
12284,59,15,26,0
12285,59,15,26,0
12286,59,15,26,0
12287,59,15,26,0
12288,59,15,26,0
12289,59,15,26,0
12290,59,15,26,0
12291,59,15,26,0
12292,59,15,26,0
12293,59,15,26,0
12294,59,15,26,0
12295,59,15,26,0
12296,59,15,26,0
12297,59,15,26,0
12298,59,15,26,0
12299,59,15,26,0
12300,59,15,26,0
12301,59,15,26,0
12302,59,15,26,0
12303,59,15,26,0
12304,59,15,26,0
12305,59,15,26,0
12306,59,15,26,0
12307,59,15,26,0
12308,59,15,26,0
12309,59,15,26,0
12310,59,15,26,0
12311,59,15,26,0
12312,59,15,26,0
12313,59,15,26,0
12314,59,15,26,0
12315,59,15,26,0
12316,59,15,26,0
12317,59,15,26,0
12318,59,15,26,0
12319,59,15,26,0
12320,59,15,26,0
12321,59,15,26,0
12322,59,15,26,0
12323,59,15,26,0
12324,59,15,26,0
12325,59,15,26,0
12326,59,15,26,0
12327,59,15,26,0
12328,59,15,26,0
12329,59,15,26,0
12330,59,15,26,0
12331,59,15,26,0
12332,59,15,26,0
12333,59,15,26,0
12334,59,15,26,0
12335,59,15,26,0
12336,59,15,26,0
12337,59,15,26,0
12338,59,15,26,0
12339,59,15,26,0
12340,59,15,26,0
12341,59,15,26,0
12342,59,15,26,0
12343,59,15,26,0
12344,59,15,26,0
12345,59,15,26,0
12346,59,15,26,0
12347,59,15,26,0
12348,59,15,26,0
12349,59,15,26,0
12350,59,15,26,0
12351,59,15,26,0
12352,59,15,26,0
12353,59,15,26,0
12354,59,15,26,0
12355,59,15,26,0
12356,59,15,26,0
12357,59,15,26,0
12358,59,15,26,0
12359,59,15,26,0
12360,59,15,26,0
12361,59,15,26,0
12362,59,15,26,0
12363,59,15,26,0
12364,59,15,26,0
12365,59,15,26,0
12366,59,15,26,0
12367,59,15,26,0
12368,59,15,26,0
12369,59,15,26,0
12370,59,15,26,0
12371,59,15,26,0
12372,59,15,26,0
12373,59,15,26,0
12374,59,15,26,0
12375,59,15,26,0
12376,59,15,26,0
12377,59,15,26,0
12378,59,15,26,0
12379,59,15,26,0
12380,59,15,26,0
12381,59,15,26,0
12382,59,15,26,0
12383,59,15,26,0
12384,59,15,26,0
12385,59,15,26,0
12386,59,15,26,0
12387,59,15,26,0
12388,59,15,26,0
12389,59,15,26,0
12390,59,15,26,0
12391,59,15,26,0
12392,59,15,26,0
12393,59,15,26,0
12394,59,15,26,0
12395,59,15,26,0
12396,59,15,26,0
12397,59,15,26,0
12398,59,15,26,0
12399,59,15,26,0
12400,59,15,26,0
12401,59,15,26,0
12402,59,15,26,0
12403,59,15,26,0
12404,59,15,26,0
12405,59,15,26,0
12406,59,15,26,0
12407,59,15,26,0
12408,59,15,26,0
12409,59,15,26,0
12410,59,15,26,0
12411,59,15,26,0
12412,59,15,26,0
12413,59,15,26,0
12414,59,15,26,0
12415,59,15,26,0
12416,59,15,26,0
12417,59,15,26,0
12418,59,15,26,0
12419,59,15,26,0
12420,59,15,26,0
12421,59,15,26,0
12422,59,15,26,0
12423,59,15,26,0
12424,59,15,26,0
12425,59,15,26,0
12426,59,15,26,0
12427,59,15,26,0
12428,59,15,26,0
12429,59,15,26,0
12430,59,15,26,0
12431,59,15,26,0
12432,59,15,26,0
12433,59,15,26,0
12434,59,15,26,0
12435,59,15,26,0
12436,59,15,26,0
12437,59,15,26,0
12438,59,15,26,0
12439,59,15,26,0
12440,59,15,26,0
12441,59,15,26,0
12442,59,15,26,0
12443,59,15,26,0
12444,59,15,26,0
12445,59,15,26,0
12446,59,15,26,0
12447,59,15,26,0
12448,59,15,26,0
12449,59,15,26,0
12450,59,15,26,0
12451,59,15,26,0
12452,59,15,26,0
12453,59,15,26,0
12454,59,15,26,0
12455,59,15,26,0
12456,59,15,26,0
12457,59,15,26,0
12458,59,15,26,0
12459,59,15,26,0
12460,59,15,26,0
12461,59,15,26,0
12462,59,15,26,0
12463,59,15,26,0
12464,59,15,26,0
12465,59,15,26,0
12466,59,15,26,0
12467,59,15,26,0
12468,59,15,26,0
12469,59,15,26,0
12470,59,15,26,0
12471,59,15,26,0
12472,59,15,26,0
12473,59,15,26,0
12474,59,15,26,0
12475,59,15,26,0
12476,59,15,26,0
12477,59,15,26,0
12478,59,15,26,0
12479,59,15,26,0
12480,59,15,26,0
12481,59,15,26,0
12482,59,15,26,0
12483,59,15,26,0
12484,59,15,26,0
12485,59,15,26,0
12486,59,15,26,0
12487,59,15,26,0
12488,59,15,26,0
12489,59,15,26,0
12490,59,15,26,0
12491,59,15,26,0
12492,59,15,26,0
12493,59,15,26,0
12494,59,15,26,0
12495,59,15,26,0
12496,59,15,26,0
12497,59,15,26,0
12498,59,15,26,0
12499,59,15,26,0
12500,59,15,26,0
12501,59,15,26,0
12502,59,15,26,0
12503,59,15,26,0
12504,59,15,26,0
12505,59,15,26,0
12506,59,15,26,0
12507,59,15,26,0
12508,59,15,26,0
12509,59,15,26,0
12510,59,15,26,0
12511,59,15,26,0
12512,59,15,26,0
12513,59,15,26,0
12514,59,15,26,0
12515,59,15,26,0
12516,59,15,26,0
12517,59,15,26,0
12518,59,15,26,0
12519,59,15,26,0
12520,59,15,26,0
12521,59,15,26,0
12522,59,15,26,0
12523,59,15,26,0
12524,59,15,26,0
12525,59,15,26,0
12526,59,15,26,0
12527,59,15,26,0
12528,59,15,26,0
12529,59,15,26,0
12530,59,15,26,0
12531,59,15,26,0
12532,59,15,26,0
12533,59,15,26,0
12534,59,15,26,0
12535,59,15,26,0
12536,59,15,26,0
12537,59,15,26,0
12538,59,15,26,0
12539,59,15,26,0
12540,59,15,26,0
12541,59,15,26,0
12542,59,15,26,0
12543,59,15,26,0
12544,59,15,26,0
12545,59,15,26,0
12546,59,15,26,0
12547,59,15,26,0
12548,59,15,26,0
12549,59,15,26,0
12550,59,15,26,0
12551,59,15,26,0
12552,59,15,26,0
12553,59,15,26,0
12554,59,15,26,0
12555,59,15,26,0
12556,59,15,26,0
12557,59,15,26,0
12558,59,15,26,0
12559,59,15,26,0
12560,59,15,26,0
12561,59,15,26,0
12562,59,15,26,0
12563,59,15,26,0
12564,59,15,26,0
12565,59,15,26,0
12566,59,15,26,0
12567,59,15,26,0
12568,59,15,26,0
12569,59,15,26,0
12570,59,15,26,0
12571,59,15,26,0
12572,59,15,26,0
12573,59,15,26,0
12574,59,15,26,0
12575,59,15,26,0
12576,59,15,26,0
12577,59,15,26,0
12578,59,15,26,0
12579,59,15,26,0
12580,59,15,26,0
12581,59,15,26,0
12582,59,15,26,0
12583,59,15,26,0
12584,59,15,26,0
12585,59,15,26,0
12586,59,15,26,0
12587,59,15,26,0
12588,59,15,26,0
12589,59,15,26,0
12590,59,15,26,0
12591,59,15,26,0
12592,59,15,26,0
12593,59,15,26,0
12594,59,15,26,0
12595,59,15,26,0
12596,59,15,26,0
12597,59,15,26,0
12598,59,15,26,0
12599,59,15,26,0
12600,59,15,26,0
12601,59,15,26,0
12602,59,15,26,0
12603,59,15,26,0
12604,59,15,26,0
12605,59,15,26,0
12606,59,15,26,0
12607,59,15,26,0
12608,59,15,26,0
12609,59,15,26,0
12610,59,15,26,0
12611,59,15,26,0
12612,59,15,26,0
12613,59,15,26,0
12614,59,15,26,0
12615,59,15,26,0
12616,59,15,26,0
12617,59,15,26,0
12618,59,15,26,0
12619,59,15,26,0
12620,59,15,26,0
12621,59,15,26,0
12622,59,15,26,0
12623,59,15,26,0
12624,59,15,26,0
12625,59,15,26,0
12626,59,15,26,0
12627,59,15,26,0
12628,59,15,26,0
12629,59,15,26,0
12630,59,15,26,0
12631,59,15,26,0
12632,59,15,26,0
12633,59,15,26,0
12634,59,15,26,0
12635,59,15,26,0
12636,59,15,26,0
12637,59,15,26,0
12638,59,15,26,0
12639,59,15,26,0
12640,59,15,26,0
12641,59,15,26,0
12642,59,15,26,0
12643,59,15,26,0
12644,59,15,26,0
12645,59,15,26,0
12646,59,15,26,0
12647,59,15,26,0
12648,59,15,26,0
12649,59,15,26,0
12650,59,15,26,0
12651,59,15,26,0
12652,59,15,26,0
12653,59,15,26,0
12654,59,15,26,0
12655,59,15,26,0
12656,59,15,26,0
12657,59,15,26,0
12658,59,15,26,0
12659,59,15,26,0
12660,59,15,26,0
12661,59,15,26,0
12662,59,15,26,0
12663,59,15,26,0
12664,59,15,26,0
12665,59,15,26,0
12666,59,15,26,0
12667,59,15,26,0
12668,59,15,26,0
12669,59,15,26,0
12670,59,15,26,0
12671,59,15,26,0
12672,59,15,26,0
12673,59,15,26,0
12674,59,15,26,0
12675,59,15,26,0
12676,59,15,26,0
12677,59,15,26,0
12678,59,15,26,0
12679,59,15,26,0
12680,59,15,26,0
12681,59,15,26,0
12682,59,15,26,0
12683,59,15,26,0
12684,59,15,26,0
12685,59,15,26,0
12686,59,15,26,0
12687,59,15,26,0
12688,59,15,26,0
12689,59,15,26,0
12690,59,15,26,0
12691,59,15,26,0
12692,59,15,26,0
12693,59,15,26,0
12694,59,15,26,0
12695,59,15,26,0
12696,59,15,26,0
12697,59,15,26,0
12698,59,15,26,0
12699,59,15,26,0
12700,59,15,26,0
12701,59,15,26,0
12702,59,15,26,0
12703,59,15,26,0
12704,59,15,26,0
12705,59,15,26,0
12706,59,15,26,0
12707,59,15,26,0
12708,59,15,26,0
12709,59,15,26,0
12710,59,15,26,0
12711,59,15,26,0
12712,59,15,26,0
12713,59,15,26,0
12714,59,15,26,0
12715,59,15,26,0
12716,59,15,26,0
12717,59,15,26,0
12718,59,15,26,0
12719,59,15,26,0
12720,59,15,26,0
12721,59,15,26,0
12722,59,15,26,0
12723,59,15,26,0
12724,59,15,26,0
12725,59,15,26,0
12726,59,15,26,0
12727,59,15,26,0
12728,59,15,26,0
12729,59,15,26,0
12730,59,15,26,0
12731,59,15,26,0
12732,59,15,26,0
12733,59,15,26,0
12734,59,15,26,0
12735,59,15,26,0
12736,59,15,26,0
12737,59,15,26,0
12738,59,15,26,0
12739,59,15,26,0
12740,59,15,26,0
12741,59,15,26,0
12742,59,15,26,0
12743,59,15,26,0
12744,59,15,26,0
12745,59,15,26,0
12746,59,15,26,0
12747,59,15,26,0
12748,59,15,26,0
12749,59,15,26,0
12750,59,15,26,0
12751,59,15,26,0
12752,59,15,26,0
12753,59,15,26,0
12754,59,15,26,0
12755,59,15,26,0
12756,59,15,26,0
12757,59,15,26,0
12758,59,15,26,0
12759,59,15,26,0
12760,59,15,26,0
12761,59,15,26,0
12762,59,15,26,0
12763,59,15,26,0
12764,59,15,26,0
12765,59,15,26,0
12766,59,15,26,0
12767,59,15,26,0
12768,59,15,26,0
12769,59,15,26,0
12770,59,15,26,0
12771,59,15,26,0
12772,59,15,26,0
12773,59,15,26,0
12774,59,15,26,0
12775,59,15,26,0
12776,59,15,26,0
12777,59,15,26,0
12778,59,15,26,0
12779,59,15,26,0
12780,59,15,26,0
12781,59,15,26,0
12782,59,15,26,0
12783,59,15,26,0
12784,59,15,26,0
12785,59,15,26,0
12786,59,15,26,0
12787,59,15,26,0
12788,59,15,26,0
12789,59,15,26,0
12790,59,15,26,0
12791,59,15,26,0
12792,59,15,26,0
12793,59,15,26,0
12794,59,15,26,0
12795,59,15,26,0
12796,59,15,26,0
12797,59,15,26,0
12798,59,15,26,0
12799,59,15,26,0
12800,59,15,26,0
12801,59,15,26,0
12802,59,15,26,0
12803,59,15,26,0
12804,59,15,26,0
12805,59,15,26,0
12806,59,15,26,0
12807,59,15,26,0
12808,59,15,26,0
12809,59,15,26,0
12810,59,15,26,0
12811,59,15,26,0
12812,59,15,26,0
12813,59,15,26,0
12814,59,15,26,0
12815,59,15,26,0
12816,59,15,26,0
12817,59,15,26,0
12818,59,15,26,0
12819,59,15,26,0
12820,59,15,26,0
12821,59,15,26,0
12822,59,15,26,0
12823,59,15,26,0
12824,59,15,26,0
12825,59,15,26,0
12826,59,15,26,0
12827,59,15,26,0
12828,59,15,26,0
12829,59,15,26,0
12830,59,15,26,0
12831,59,15,26,0
12832,59,15,26,0
12833,59,15,26,0
12834,59,15,26,0
12835,59,15,26,0
12836,59,15,26,0
12837,59,15,26,0
12838,59,15,26,0
12839,59,15,26,0
12840,59,15,26,0
12841,59,15,26,0
12842,59,15,26,0
12843,59,15,26,0
12844,59,15,26,0
12845,59,15,26,0
12846,59,15,26,0
12847,59,15,26,0
12848,59,15,26,0
12849,59,15,26,0
12850,59,15,26,0
12851,59,15,26,0
12852,59,15,26,0
12853,59,15,26,0
12854,59,15,26,0
12855,59,15,26,0
12856,59,15,26,0
12857,59,15,26,0
12858,59,15,26,0
12859,59,15,26,0
12860,59,15,26,0
12861,59,15,26,0
12862,59,15,26,0
12863,59,15,26,0
12864,59,15,26,0
12865,59,15,26,0
12866,59,15,26,0
12867,59,15,26,0
12868,59,15,26,0
12869,59,15,26,0
12870,59,15,26,0
12871,59,15,26,0
12872,59,15,26,0
12873,59,15,26,0
12874,59,15,26,0
12875,59,15,26,0
12876,59,15,26,0
12877,59,15,26,0
12878,59,15,26,0
12879,59,15,26,0
12880,59,15,26,0
12881,59,15,26,0
12882,59,15,26,0
12883,59,15,26,0
12884,59,15,26,0
12885,59,15,26,0
12886,59,15,26,0
12887,59,15,26,0
12888,59,15,26,0
12889,59,15,26,0
12890,59,15,26,0
12891,59,15,26,0
12892,59,15,26,0
12893,59,15,26,0
12894,59,15,26,0
12895,59,15,26,0
12896,59,15,26,0
12897,59,15,26,0
12898,59,15,26,0
12899,59,15,26,0
12900,59,15,26,0
12901,59,15,26,0
12902,59,15,26,0
12903,59,15,26,0
12904,59,15,26,0
12905,59,15,26,0
12906,59,15,26,0
12907,59,15,26,0
12908,59,15,26,0
12909,59,15,26,0
12910,59,15,26,0
12911,59,15,26,0
12912,59,15,26,0
12913,59,15,26,0
12914,59,15,26,0
12915,59,15,26,0
12916,59,15,26,0
12917,59,15,26,0
12918,59,15,26,0
12919,59,15,26,0
12920,59,15,26,0
12921,59,15,26,0
12922,59,15,26,0
12923,59,15,26,0
12924,59,15,26,0
12925,59,15,26,0
12926,59,15,26,0
12927,59,15,26,0
12928,59,15,26,0
12929,59,15,26,0
12930,59,15,26,0
12931,59,15,26,0
12932,59,15,26,0
12933,59,15,26,0
12934,59,15,26,0
12935,59,15,26,0
12936,59,15,26,0
12937,59,15,26,0
12938,59,15,26,0
12939,59,15,26,0
12940,59,15,26,0
12941,59,15,26,0
12942,59,15,26,0
12943,59,15,26,0
12944,59,15,26,0
12945,59,15,26,0
12946,59,15,26,0
12947,59,15,26,0
12948,59,15,26,0
12949,59,15,26,0
12950,59,15,26,0
12951,59,15,26,0
12952,59,15,26,0
12953,59,15,26,0
12954,59,15,26,0
12955,59,15,26,0
12956,59,15,26,0
12957,59,15,26,0
12958,59,15,26,0
12959,59,15,26,0
12960,59,15,26,0
12961,59,15,26,0
12962,59,15,26,0
12963,59,15,26,0
12964,59,15,26,0
12965,59,15,26,0
12966,59,15,26,0
12967,59,15,26,0
12968,59,15,26,0
12969,59,15,26,0
12970,59,15,26,0
12971,59,15,26,0
12972,59,15,26,0
12973,59,15,26,0
12974,59,15,26,0
12975,59,15,26,0
12976,59,15,26,0
12977,59,15,26,0
12978,59,15,26,0
12979,59,15,26,0
12980,59,15,26,0
12981,59,15,26,0
12982,59,15,26,0
12983,59,15,26,0
12984,59,15,26,0
12985,59,15,26,0
12986,59,15,26,0
12987,59,15,26,0
12988,59,15,26,0
12989,59,15,26,0
12990,59,15,26,0
12991,59,15,26,0
12992,59,15,26,0
12993,59,15,26,0
12994,59,15,26,0
12995,59,15,26,0
12996,59,15,26,0
12997,59,15,26,0
12998,59,15,26,0
12999,59,15,26,0
13000,59,15,26,0
13001,59,15,26,0
13002,59,15,26,0
13003,59,15,26,0
13004,59,15,26,0
13005,59,15,26,0
13006,59,15,26,0
13007,59,15,26,0
13008,59,15,26,0
13009,59,15,26,0
13010,59,15,26,0
13011,59,15,26,0
13012,59,15,26,0
13013,59,15,26,0
13014,59,15,26,0
13015,59,15,26,0
13016,59,15,26,0
13017,59,15,26,0
13018,59,15,26,0
13019,59,15,26,0
13020,59,15,26,0
13021,59,15,26,0
13022,59,15,26,0
13023,59,15,26,0
13024,59,15,26,0
13025,59,15,26,0
13026,59,15,26,0
13027,59,15,26,0
13028,59,15,26,0
13029,59,15,26,0
13030,59,15,26,0
13031,59,15,26,0
13032,59,15,26,0
13033,59,15,26,0
13034,59,15,26,0
13035,59,15,26,0
13036,59,15,26,0
13037,59,15,26,0
13038,59,15,26,0
13039,59,15,26,0
13040,59,15,26,0
13041,59,15,26,0
13042,59,15,26,0
13043,59,15,26,0
13044,59,15,26,0
13045,59,15,26,0
13046,59,15,26,0
13047,59,15,26,0
13048,59,15,26,0
13049,59,15,26,0
13050,59,15,26,0
13051,59,15,26,0
13052,59,15,26,0
13053,59,15,26,0
13054,59,15,26,0
13055,59,15,26,0
13056,59,15,26,0
13057,59,15,26,0
13058,59,15,26,0
13059,59,15,26,0
13060,59,15,26,0
13061,59,15,26,0
13062,59,15,26,0
13063,59,15,26,0
13064,59,15,26,0
13065,59,15,26,0
13066,59,15,26,0
13067,59,15,26,0
13068,59,15,26,0
13069,59,15,26,0
13070,59,15,26,0
13071,59,15,26,0
13072,59,15,26,0
13073,59,15,26,0
13074,59,15,26,0
13075,59,15,26,0
13076,59,15,26,0
13077,59,15,26,0
13078,59,15,26,0
13079,59,15,26,0
13080,59,15,26,0
13081,59,15,26,0
13082,59,15,26,0
13083,59,15,26,0
13084,59,15,26,0
13085,59,15,26,0
13086,59,15,26,0
13087,59,15,26,0
13088,59,15,26,0
13089,59,15,26,0
13090,59,15,26,0
13091,59,15,26,0
13092,59,15,26,0
13093,59,15,26,0
13094,59,15,26,0
13095,59,15,26,0
13096,59,15,26,0
13097,59,15,26,0
13098,59,15,26,0
13099,59,15,26,0
13100,59,15,26,0
13101,59,15,26,0
13102,59,15,26,0
13103,59,15,26,0
13104,59,15,26,0
13105,59,15,26,0
13106,59,15,26,0
13107,59,15,26,0
13108,59,15,26,0
13109,59,15,26,0
13110,59,15,26,0
13111,59,15,26,0
13112,59,15,26,0
13113,59,15,26,0
13114,59,15,26,0
13115,59,15,26,0
13116,59,15,26,0
13117,59,15,26,0
13118,59,15,26,0
13119,59,15,26,0
13120,59,15,26,0
13121,59,15,26,0
13122,59,15,26,0
13123,59,15,26,0
13124,59,15,26,0
13125,59,15,26,0
13126,59,15,26,0
13127,59,15,26,0
13128,59,15,26,0
13129,59,15,26,0
13130,59,15,26,0
13131,59,15,26,0
13132,59,15,26,0
13133,59,15,26,0
13134,59,15,26,0
13135,59,15,26,0
13136,59,15,26,0
13137,59,15,26,0
13138,59,15,26,0
13139,59,15,26,0
13140,59,15,26,0
13141,59,15,26,0
13142,59,15,26,0
13143,59,15,26,0
13144,59,15,26,0
13145,59,15,26,0
13146,59,15,26,0
13147,59,15,26,0
13148,59,15,26,0
13149,59,15,26,0
13150,59,15,26,0
13151,59,15,26,0
13152,59,15,26,0
13153,59,15,26,0
13154,59,15,26,0
13155,59,15,26,0
13156,59,15,26,0
13157,59,15,26,0
13158,59,15,26,0
13159,59,15,26,0
13160,59,15,26,0
13161,59,15,26,0
13162,59,15,26,0
13163,59,15,26,0
13164,59,15,26,0
13165,59,15,26,0
13166,59,15,26,0
13167,59,15,26,0
13168,59,15,26,0
13169,59,15,26,0
13170,59,15,26,0
13171,59,15,26,0
13172,59,15,26,0
13173,59,15,26,0
13174,59,15,26,0
13175,59,15,26,0
13176,59,15,26,0
13177,59,15,26,0
13178,59,15,26,0
13179,59,15,26,0
13180,59,15,26,0
13181,59,15,26,0
13182,59,15,26,0
13183,59,15,26,0
13184,59,15,26,0
13185,59,15,26,0
13186,59,15,26,0
13187,59,15,26,0
13188,59,15,26,0
13189,59,15,26,0
13190,59,15,26,0
13191,59,15,26,0
13192,59,15,26,0
13193,59,15,26,0
13194,59,15,26,0
13195,59,15,26,0
13196,59,15,26,0
13197,59,15,26,0
13198,59,15,26,0
13199,59,15,26,0
13200,59,15,26,0
13201,59,15,26,0
13202,59,15,26,0
13203,59,15,26,0
13204,59,15,26,0
13205,59,15,26,0
13206,59,15,26,0
13207,59,15,26,0
13208,59,15,26,0
13209,59,15,26,0
13210,59,15,26,0
13211,59,15,26,0
13212,59,15,26,0
13213,59,15,26,0
13214,59,15,26,0
13215,59,15,26,0
13216,59,15,26,0
13217,59,15,26,0
13218,59,15,26,0
13219,59,15,26,0
13220,59,15,26,0
13221,59,15,26,0
13222,59,15,26,0
13223,59,15,26,0
13224,59,15,26,0
13225,59,15,26,0
13226,59,15,26,0
13227,59,15,26,0
13228,59,15,26,0
13229,59,15,26,0
13230,59,15,26,0
13231,59,15,26,0
13232,59,15,26,0
13233,59,15,26,0
13234,59,15,26,0
13235,59,15,26,0
13236,59,15,26,0
13237,59,15,26,0
13238,59,15,26,0
13239,59,15,26,0
13240,59,15,26,0
13241,59,15,26,0
13242,59,15,26,0
13243,59,15,26,0
13244,59,15,26,0
13245,59,15,26,0
13246,59,15,26,0
13247,59,15,26,0
13248,59,15,26,0
13249,59,15,26,0
13250,59,15,26,0
13251,59,15,26,0
13252,59,15,26,0
13253,59,15,26,0
13254,59,15,26,0
13255,59,15,26,0
13256,59,15,26,0
13257,59,15,26,0
13258,59,15,26,0
13259,59,15,26,0
13260,59,15,26,0
13261,59,15,26,0
13262,59,15,26,0
13263,59,15,26,0
13264,59,15,26,0
13265,59,15,26,0
13266,59,15,26,0
13267,59,15,26,0
13268,59,15,26,0
13269,59,15,26,0
13270,59,15,26,0
13271,59,15,26,0
13272,59,15,26,0
13273,59,15,26,0
13274,59,15,26,0
13275,59,15,26,0
13276,59,15,26,0
13277,59,15,26,0
13278,59,15,26,0
13279,59,15,26,0
13280,59,15,26,0
13281,59,15,26,0
13282,59,15,26,0
13283,59,15,26,0
13284,59,15,26,0
13285,59,15,26,0
13286,59,15,26,0
13287,59,15,26,0
13288,59,15,26,0
13289,59,15,26,0
13290,59,15,26,0
13291,59,15,26,0
13292,59,15,26,0
13293,59,15,26,0
13294,59,15,26,0
13295,59,15,26,0
13296,59,15,26,0
13297,59,15,26,0
13298,59,15,26,0
13299,59,15,26,0
13300,59,15,26,0
13301,59,15,26,0
13302,59,15,26,0
13303,59,15,26,0
13304,59,15,26,0
13305,59,15,26,0
13306,59,15,26,0
13307,59,15,26,0
13308,59,15,26,0
13309,59,15,26,0
13310,59,15,26,0
13311,59,15,26,0
13312,59,15,26,0
13313,59,15,26,0
13314,59,15,26,0
13315,59,15,26,0
13316,59,15,26,0
13317,59,15,26,0
13318,59,15,26,0
13319,59,15,26,0
13320,59,15,26,0
13321,59,15,26,0
13322,59,15,26,0
13323,59,15,26,0
13324,59,15,26,0
13325,59,15,26,0
13326,59,15,26,0
13327,59,15,26,0
13328,59,15,26,0
13329,59,15,26,0
13330,59,15,26,0
13331,59,15,26,0
13332,59,15,26,0
13333,59,15,26,0
13334,59,15,26,0
13335,59,15,26,0
13336,59,15,26,0
13337,59,15,26,0
13338,59,15,26,0
13339,59,15,26,0
13340,59,15,26,0
13341,59,15,26,0
13342,59,15,26,0
13343,59,15,26,0
13344,59,15,26,0
13345,59,15,26,0
13346,59,15,26,0
13347,59,15,26,0
13348,59,15,26,0
13349,59,15,26,0
13350,59,15,26,0
13351,59,15,26,0
13352,59,15,26,0
13353,59,15,26,0
13354,59,15,26,0
13355,59,15,26,0
13356,59,15,26,0
13357,59,15,26,0
13358,59,15,26,0
13359,59,15,26,0
13360,59,15,26,0
13361,59,15,26,0
13362,59,15,26,0
13363,59,15,26,0
13364,59,15,26,0
13365,59,15,26,0
13366,59,15,26,0
13367,59,15,26,0
13368,59,15,26,0
13369,59,15,26,0
13370,59,15,26,0
13371,59,15,26,0
13372,59,15,26,0
13373,59,15,26,0
13374,59,15,26,0
13375,59,15,26,0
13376,59,15,26,0
13377,59,15,26,0
13378,59,15,26,0
13379,59,15,26,0
13380,59,15,26,0
13381,59,15,26,0
13382,59,15,26,0
13383,59,15,26,0
13384,59,15,26,0
13385,59,15,26,0
13386,59,15,26,0
13387,59,15,26,0
13388,59,15,26,0
13389,59,15,26,0
13390,59,15,26,0
13391,59,15,26,0
13392,59,15,26,0
13393,59,15,26,0
13394,59,15,26,0
13395,59,15,26,0
13396,59,15,26,0
13397,59,15,26,0
13398,59,15,26,0
13399,59,15,26,0
13400,59,15,26,0
13401,59,15,26,0
13402,59,15,26,0
13403,59,15,26,0
13404,59,15,26,0
13405,59,15,26,0
13406,59,15,26,0
13407,59,15,26,0
13408,59,15,26,0
13409,59,15,26,0
13410,59,15,26,0
13411,59,15,26,0
13412,59,15,26,0
13413,59,15,26,0
13414,59,15,26,0
13415,59,15,26,0
13416,59,15,26,0
13417,59,15,26,0
13418,59,15,26,0
13419,59,15,26,0
13420,59,15,26,0
13421,59,15,26,0
13422,59,15,26,0
13423,59,15,26,0
13424,59,15,26,0
13425,59,15,26,0
13426,59,15,26,0
13427,59,15,26,0
13428,59,15,26,0
13429,59,15,26,0
13430,59,15,26,0
13431,59,15,26,0
13432,59,15,26,0
13433,59,15,26,0
13434,59,15,26,0
13435,59,15,26,0
13436,59,15,26,0
13437,59,15,26,0
13438,59,15,26,0
13439,59,15,26,0
13440,59,15,26,0
13441,59,15,26,0
13442,59,15,26,0
13443,59,15,26,0
13444,59,15,26,0
13445,59,15,26,0
13446,59,15,26,0
13447,59,15,26,0
13448,59,15,26,0
13449,59,15,26,0
13450,59,15,26,0
13451,59,15,26,0
13452,59,15,26,0
13453,59,15,26,0
13454,59,15,26,0
13455,59,15,26,0
13456,59,15,26,0
13457,59,15,26,0
13458,59,15,26,0
13459,59,15,26,0
13460,59,15,26,0
13461,59,15,26,0
13462,59,15,26,0
13463,59,15,26,0
13464,59,15,26,0
13465,59,15,26,0
13466,59,15,26,0
13467,59,15,26,0
13468,59,15,26,0
13469,59,15,26,0
13470,59,15,26,0
13471,59,15,26,0
13472,59,15,26,0
13473,59,15,26,0
13474,59,15,26,0
13475,59,15,26,0
13476,59,15,26,0
13477,59,15,26,0
13478,59,15,26,0
13479,59,15,26,0
13480,59,15,26,0
13481,59,15,26,0
13482,59,15,26,0
13483,59,15,26,0
13484,59,15,26,0
13485,59,15,26,0
13486,59,15,26,0
13487,59,15,26,0
13488,59,15,26,0
13489,59,15,26,0
13490,59,15,26,0
13491,59,15,26,0
13492,59,15,26,0
13493,59,15,26,0
13494,59,15,26,0
13495,59,15,26,0
13496,59,15,26,0
13497,59,15,26,0
13498,59,15,26,0
13499,59,15,26,0
13500,59,15,26,0
13501,59,15,26,0
13502,59,15,26,0
13503,59,15,26,0
13504,59,15,26,0
13505,59,15,26,0
13506,59,15,26,0
13507,59,15,26,0
13508,59,15,26,0
13509,59,15,26,0
13510,59,15,26,0
13511,59,15,26,0
13512,59,15,26,0
13513,59,15,26,0
13514,59,15,26,0
13515,59,15,26,0
13516,59,15,26,0
13517,59,15,26,0
13518,59,15,26,0
13519,59,15,26,0
13520,59,15,26,0
13521,59,15,26,0
13522,59,15,26,0
13523,59,15,26,0
13524,59,15,26,0
13525,59,15,26,0
13526,59,15,26,0
13527,59,15,26,0
13528,59,15,26,0
13529,59,15,26,0
13530,59,15,26,0
13531,59,15,26,0
13532,59,15,26,0
13533,59,15,26,0
13534,59,15,26,0
13535,59,15,26,0
13536,59,15,26,0
13537,59,15,26,0
13538,59,15,26,0
13539,59,15,26,0
13540,59,15,26,0
13541,59,15,26,0
13542,59,15,26,0
13543,59,15,26,0
13544,59,15,26,0
13545,59,15,26,0
13546,59,15,26,0
13547,59,15,26,0
13548,59,15,26,0
13549,59,15,26,0
13550,59,15,26,0
13551,59,15,26,0
13552,59,15,26,0
13553,59,15,26,0
13554,59,15,26,0
13555,59,15,26,0
13556,59,15,26,0
13557,59,15,26,0
13558,59,15,26,0
13559,59,15,26,0
13560,59,15,26,0
13561,59,15,26,0
13562,59,15,26,0
13563,59,15,26,0
13564,59,15,26,0
13565,59,15,26,0
13566,59,15,26,0
13567,59,15,26,0
13568,59,15,26,0
13569,59,15,26,0
13570,59,15,26,0
13571,59,15,26,0
13572,59,15,26,0
13573,59,15,26,0
13574,59,15,26,0
13575,59,15,26,0
13576,59,15,26,0
13577,59,15,26,0
13578,59,15,26,0
13579,59,15,26,0
13580,59,15,26,0
13581,59,15,26,0
13582,59,15,26,0
13583,59,15,26,0
13584,59,15,26,0
13585,59,15,26,0
13586,59,15,26,0
13587,59,15,26,0
13588,59,15,26,0
13589,59,15,26,0
13590,59,15,26,0
13591,59,15,26,0
13592,59,15,26,0
13593,59,15,26,0
13594,59,15,26,0
13595,59,15,26,0
13596,59,15,26,0
13597,59,15,26,0
13598,59,15,26,0
13599,59,15,26,0
13600,59,15,26,0
13601,59,15,26,0
13602,59,15,26,0
13603,59,15,26,0
13604,59,15,26,0
13605,59,15,26,0
13606,59,15,26,0
13607,59,15,26,0
13608,59,15,26,0
13609,59,15,26,0
13610,59,15,26,0
13611,59,15,26,0
13612,59,15,26,0
13613,59,15,26,0
13614,59,15,26,0
13615,59,15,26,0
13616,59,15,26,0
13617,59,15,26,0
13618,59,15,26,0
13619,59,15,26,0
13620,59,15,26,0
13621,59,15,26,0
13622,59,15,26,0
13623,59,15,26,0
13624,59,15,26,0
13625,59,15,26,0
13626,59,15,26,0
13627,59,15,26,0
13628,59,15,26,0
13629,59,15,26,0
13630,59,15,26,0
13631,59,15,26,0
13632,59,15,26,0
13633,59,15,26,0
13634,59,15,26,0
13635,59,15,26,0
13636,59,15,26,0
13637,59,15,26,0
13638,59,15,26,0
13639,59,15,26,0
13640,59,15,26,0
13641,59,15,26,0
13642,59,15,26,0
13643,59,15,26,0
13644,59,15,26,0
13645,59,15,26,0
13646,59,15,26,0
13647,59,15,26,0
13648,59,15,26,0
13649,59,15,26,0
13650,59,15,26,0
13651,59,15,26,0
13652,59,15,26,0
13653,59,15,26,0
13654,59,15,26,0
13655,59,15,26,0
13656,59,15,26,0
13657,59,15,26,0
13658,59,15,26,0
13659,59,15,26,0
13660,59,15,26,0
13661,59,15,26,0
13662,59,15,26,0
13663,59,15,26,0
13664,59,15,26,0
13665,59,15,26,0
13666,59,15,26,0
13667,59,15,26,0
13668,59,15,26,0
13669,59,15,26,0
13670,59,15,26,0
13671,59,15,26,0
13672,59,15,26,0
13673,59,15,26,0
13674,59,15,26,0
13675,59,15,26,0
13676,59,15,26,0
13677,59,15,26,0
13678,59,15,26,0
13679,59,15,26,0
13680,59,15,26,0
13681,59,15,26,0
13682,59,15,26,0
13683,59,15,26,0
13684,59,15,26,0
13685,59,15,26,0
13686,59,15,26,0
13687,59,15,26,0
13688,59,15,26,0
13689,59,15,26,0
13690,59,15,26,0
13691,59,15,26,0
13692,59,15,26,0
13693,59,15,26,0
13694,59,15,26,0
13695,59,15,26,0
13696,59,15,26,0
13697,59,15,26,0
13698,59,15,26,0
13699,59,15,26,0
13700,59,15,26,0
13701,59,15,26,0
13702,59,15,26,0
13703,59,15,26,0
13704,59,15,26,0
13705,59,15,26,0
13706,59,15,26,0
13707,59,15,26,0
13708,59,15,26,0
13709,59,15,26,0
13710,59,15,26,0
13711,59,15,26,0
13712,59,15,26,0
13713,59,15,26,0
13714,59,15,26,0
13715,59,15,26,0
13716,59,15,26,0
13717,59,15,26,0
13718,59,15,26,0
13719,59,15,26,0
13720,59,15,26,0
13721,59,15,26,0
13722,59,15,26,0
13723,59,15,26,0
13724,59,15,26,0
13725,59,15,26,0
13726,59,15,26,0
13727,59,15,26,0
13728,59,15,26,0
13729,59,15,26,0
13730,59,15,26,0
13731,59,15,26,0
13732,59,15,26,0
13733,59,15,26,0
13734,59,15,26,0
13735,59,15,26,0
13736,59,15,26,0
13737,59,15,26,0
13738,59,15,26,0
13739,59,15,26,0
13740,59,15,26,0
13741,59,15,26,0
13742,59,15,26,0
13743,59,15,26,0
13744,59,15,26,0
13745,59,15,26,0
13746,59,15,26,0
13747,59,15,26,0
13748,59,15,26,0
13749,59,15,26,0
13750,59,15,26,0
13751,59,15,26,0
13752,59,15,26,0
13753,59,15,26,0
13754,59,15,26,0
13755,59,15,26,0
13756,59,15,26,0
13757,59,15,26,0
13758,59,15,26,0
13759,59,15,26,0
13760,59,15,26,0
13761,59,15,26,0
13762,59,15,26,0
13763,59,15,26,0
13764,59,15,26,0
13765,59,15,26,0
13766,59,15,26,0
13767,59,15,26,0
13768,59,15,26,0
13769,59,15,26,0
13770,59,15,26,0
13771,59,15,26,0
13772,59,15,26,0
13773,59,15,26,0
13774,59,15,26,0
13775,59,15,26,0
13776,59,15,26,0
13777,59,15,26,0
13778,59,15,26,0
13779,59,15,26,0
13780,59,15,26,0
13781,59,15,26,0
13782,59,15,26,0
13783,59,15,26,0
13784,59,15,26,0
13785,59,15,26,0
13786,59,15,26,0
13787,59,15,26,0
13788,59,15,26,0
13789,59,15,26,0
13790,59,15,26,0
13791,59,15,26,0
13792,59,15,26,0
13793,59,15,26,0
13794,59,15,26,0
13795,59,15,26,0
13796,59,15,26,0
13797,59,15,26,0
13798,59,15,26,0
13799,59,15,26,0
13800,59,15,26,0
13801,59,15,26,0
13802,59,15,26,0
13803,59,15,26,0
13804,59,15,26,0
13805,59,15,26,0
13806,59,15,26,0
13807,59,15,26,0
13808,59,15,26,0
13809,59,15,26,0
13810,59,15,26,0
13811,59,15,26,0
13812,59,15,26,0
13813,59,15,26,0
13814,59,15,26,0
13815,59,15,26,0
13816,59,15,26,0
13817,59,15,26,0
13818,59,15,26,0
13819,59,15,26,0
13820,59,15,26,0
13821,59,15,26,0
13822,59,15,26,0
13823,59,15,26,0
13824,59,15,26,0
13825,59,15,26,0
13826,59,15,26,0
13827,59,15,26,0
13828,59,15,26,0
13829,59,15,26,0
13830,59,15,26,0
13831,59,15,26,0
13832,59,15,26,0
13833,59,15,26,0
13834,59,15,26,0
13835,59,15,26,0
13836,59,15,26,0
13837,59,15,26,0
13838,59,15,26,0
13839,59,15,26,0
13840,59,15,26,0
13841,59,15,26,0
13842,59,15,26,0
13843,59,15,26,0
13844,59,15,26,0
13845,59,15,26,0
13846,59,15,26,0
13847,59,15,26,0
13848,59,15,26,0
13849,59,15,26,0
13850,59,15,26,0
13851,59,15,26,0
13852,59,15,26,0
13853,59,15,26,0
13854,59,15,26,0
13855,59,15,26,0
13856,59,15,26,0
13857,59,15,26,0
13858,59,15,26,0
13859,59,15,26,0
13860,59,15,26,0
13861,59,15,26,0
13862,59,15,26,0
13863,59,15,26,0
13864,59,15,26,0
13865,59,15,26,0
13866,59,15,26,0
13867,59,15,26,0
13868,59,15,26,0
13869,59,15,26,0
13870,59,15,26,0
13871,59,15,26,0
13872,59,15,26,0
13873,59,15,26,0
13874,59,15,26,0
13875,59,15,26,0
13876,59,15,26,0
13877,59,15,26,0
13878,59,15,26,0
13879,59,15,26,0
13880,59,15,26,0
13881,59,15,26,0
13882,59,15,26,0
13883,59,15,26,0
13884,59,15,26,0
13885,59,15,26,0
13886,59,15,26,0
13887,59,15,26,0
13888,59,15,26,0
13889,59,15,26,0
13890,59,15,26,0
13891,59,15,26,0
13892,59,15,26,0
13893,59,15,26,0
13894,59,15,26,0
13895,59,15,26,0
13896,59,15,26,0
13897,59,15,26,0
13898,59,15,26,0
13899,59,15,26,0
13900,59,15,26,0
13901,59,15,26,0
13902,59,15,26,0
13903,59,15,26,0
13904,59,15,26,0
13905,59,15,26,0
13906,59,15,26,0
13907,59,15,26,0
13908,59,15,26,0
13909,59,15,26,0
13910,59,15,26,0
13911,59,15,26,0
13912,59,15,26,0
13913,59,15,26,0
13914,59,15,26,0
13915,59,15,26,0
13916,59,15,26,0
13917,59,15,26,0
13918,59,15,26,0
13919,59,15,26,0
13920,59,15,26,0
13921,59,15,26,0
13922,59,15,26,0
13923,59,15,26,0
13924,59,15,26,0
13925,59,15,26,0
13926,59,15,26,0
13927,59,15,26,0
13928,59,15,26,0
13929,59,15,26,0
13930,59,15,26,0
13931,59,15,26,0
13932,59,15,26,0
13933,59,15,26,0
13934,59,15,26,0
13935,59,15,26,0
13936,59,15,26,0
13937,59,15,26,0
13938,59,15,26,0
13939,59,15,26,0
13940,59,15,26,0
13941,59,15,26,0
13942,59,15,26,0
13943,59,15,26,0
13944,59,15,26,0
13945,59,15,26,0
13946,59,15,26,0
13947,59,15,26,0
13948,59,15,26,0
13949,59,15,26,0
13950,59,15,26,0
13951,59,15,26,0
13952,59,15,26,0
13953,59,15,26,0
13954,59,15,26,0
13955,59,15,26,0
13956,59,15,26,0
13957,59,15,26,0
13958,59,15,26,0
13959,59,15,26,0
13960,59,15,26,0
13961,59,15,26,0
13962,59,15,26,0
13963,59,15,26,0
13964,59,15,26,0
13965,59,15,26,0
13966,59,15,26,0
13967,59,15,26,0
13968,59,15,26,0
13969,59,15,26,0
13970,59,15,26,0
13971,59,15,26,0
13972,59,15,26,0
13973,59,15,26,0
13974,59,15,26,0
13975,59,15,26,0
13976,59,15,26,0
13977,59,15,26,0
13978,59,15,26,0
13979,59,15,26,0
13980,59,15,26,0
13981,59,15,26,0
13982,59,15,26,0
13983,59,15,26,0
13984,59,15,26,0
13985,59,15,26,0
13986,59,15,26,0
13987,59,15,26,0
13988,59,15,26,0
13989,59,15,26,0
13990,59,15,26,0
13991,59,15,26,0
13992,59,15,26,0
13993,59,15,26,0
13994,59,15,26,0
13995,59,15,26,0
13996,59,15,26,0
13997,59,15,26,0
13998,59,15,26,0
13999,59,15,26,0
14000,59,15,26,0
14001,59,15,26,0
14002,59,15,26,0
14003,59,15,26,0
14004,59,15,26,0
14005,59,15,26,0
14006,59,15,26,0
14007,59,15,26,0
14008,59,15,26,0
14009,59,15,26,0
14010,59,15,26,0
14011,59,15,26,0
14012,59,15,26,0
14013,59,15,26,0
14014,59,15,26,0
14015,59,15,26,0
14016,59,15,26,0
14017,59,15,26,0
14018,59,15,26,0
14019,59,15,26,0
14020,59,15,26,0
14021,59,15,26,0
14022,59,15,26,0
14023,59,15,26,0
14024,59,15,26,0
14025,59,15,26,0
14026,59,15,26,0
14027,59,15,26,0
14028,59,15,26,0
14029,59,15,26,0
14030,59,15,26,0
14031,59,15,26,0
14032,59,15,26,0
14033,59,15,26,0
14034,59,15,26,0
14035,59,15,26,0
14036,59,15,26,0
14037,59,15,26,0
14038,59,15,26,0
14039,59,15,26,0
14040,59,15,26,0
14041,59,15,26,0
14042,59,15,26,0
14043,59,15,26,0
14044,59,15,26,0
14045,59,15,26,0
14046,59,15,26,0
14047,59,15,26,0
14048,59,15,26,0
14049,59,15,26,0
14050,59,15,26,0
14051,59,15,26,0
14052,59,15,26,0
14053,59,15,26,0
14054,59,15,26,0
14055,59,15,26,0
14056,59,15,26,0
14057,59,15,26,0
14058,59,15,26,0
14059,59,15,26,0
14060,59,15,26,0
14061,59,15,26,0
14062,59,15,26,0
14063,59,15,26,0
14064,59,15,26,0
14065,59,15,26,0
14066,59,15,26,0
14067,59,15,26,0
14068,59,15,26,0
14069,59,15,26,0
14070,59,15,26,0
14071,59,15,26,0
14072,59,15,26,0
14073,59,15,26,0
14074,59,15,26,0
14075,59,15,26,0
14076,59,15,26,0
14077,59,15,26,0
14078,59,15,26,0
14079,59,15,26,0
14080,59,15,26,0
14081,59,15,26,0
14082,59,15,26,0
14083,59,15,26,0
14084,59,15,26,0
14085,59,15,26,0
14086,59,15,26,0
14087,59,15,26,0
14088,59,15,26,0
14089,59,15,26,0
14090,59,15,26,0
14091,59,15,26,0
14092,59,15,26,0
14093,59,15,26,0
14094,59,15,26,0
14095,59,15,26,0
14096,59,15,26,0
14097,59,15,26,0
14098,59,15,26,0
14099,59,15,26,0
14100,59,15,26,0
14101,59,15,26,0
14102,59,15,26,0
14103,59,15,26,0
14104,59,15,26,0
14105,59,15,26,0
14106,59,15,26,0
14107,59,15,26,0
14108,59,15,26,0
14109,59,15,26,0
14110,59,15,26,0
14111,59,15,26,0
14112,59,15,26,0
14113,59,15,26,0
14114,59,15,26,0
14115,59,15,26,0
14116,59,15,26,0
14117,59,15,26,0
14118,59,15,26,0
14119,59,15,26,0
14120,59,15,26,0
14121,59,15,26,0
14122,59,15,26,0
14123,59,15,26,0
14124,59,15,26,0
14125,59,15,26,0
14126,59,15,26,0
14127,59,15,26,0
14128,59,15,26,0
14129,59,15,26,0
14130,59,15,26,0
14131,59,15,26,0
14132,59,15,26,0
14133,59,15,26,0
14134,59,15,26,0
14135,59,15,26,0
14136,59,15,26,0
14137,59,15,26,0
14138,59,15,26,0
14139,59,15,26,0
14140,59,15,26,0
14141,59,15,26,0
14142,59,15,26,0
14143,59,15,26,0
14144,59,15,26,0
14145,59,15,26,0
14146,59,15,26,0
14147,59,15,26,0
14148,59,15,26,0
14149,59,15,26,0
14150,59,15,26,0
14151,59,15,26,0
14152,59,15,26,0
14153,59,15,26,0
14154,59,15,26,0
14155,59,15,26,0
14156,59,15,26,0
14157,59,15,26,0
14158,59,15,26,0
14159,59,15,26,0
14160,59,15,26,0
14161,59,15,26,0
14162,59,15,26,0
14163,59,15,26,0
14164,59,15,26,0
14165,59,15,26,0
14166,59,15,26,0
14167,59,15,26,0
14168,59,15,26,0
14169,59,15,26,0
14170,59,15,26,0
14171,59,15,26,0
14172,59,15,26,0
14173,59,15,26,0
14174,59,15,26,0
14175,59,15,26,0
14176,59,15,26,0
14177,59,15,26,0
14178,59,15,26,0
14179,59,15,26,0
14180,59,15,26,0
14181,59,15,26,0
14182,59,15,26,0
14183,59,15,26,0
14184,59,15,26,0
14185,59,15,26,0
14186,59,15,26,0
14187,59,15,26,0
14188,59,15,26,0
14189,59,15,26,0
14190,59,15,26,0
14191,59,15,26,0
14192,59,15,26,0
14193,59,15,26,0
14194,59,15,26,0
14195,59,15,26,0
14196,59,15,26,0
14197,59,15,26,0
14198,59,15,26,0
14199,59,15,26,0
14200,59,15,26,0
14201,59,15,26,0
14202,59,15,26,0
14203,59,15,26,0
14204,59,15,26,0
14205,59,15,26,0
14206,59,15,26,0
14207,59,15,26,0
14208,59,15,26,0
14209,59,15,26,0
14210,59,15,26,0
14211,59,15,26,0
14212,59,15,26,0
14213,59,15,26,0
14214,59,15,26,0
14215,59,15,26,0
14216,59,15,26,0
14217,59,15,26,0
14218,59,15,26,0
14219,59,15,26,0
14220,59,15,26,0
14221,59,15,26,0
14222,59,15,26,0
14223,59,15,26,0
14224,59,15,26,0
14225,59,15,26,0
14226,59,15,26,0
14227,59,15,26,0
14228,59,15,26,0
14229,59,15,26,0
14230,59,15,26,0
14231,59,15,26,0
14232,59,15,26,0
14233,59,15,26,0
14234,59,15,26,0
14235,59,15,26,0
14236,59,15,26,0
14237,59,15,26,0
14238,59,15,26,0
14239,59,15,26,0
14240,59,15,26,0
14241,59,15,26,0
14242,59,15,26,0
14243,59,15,26,0
14244,59,15,26,0
14245,59,15,26,0
14246,59,15,26,0
14247,59,15,26,0
14248,59,15,26,0
14249,59,15,26,0
14250,59,15,26,0
14251,59,15,26,0
14252,59,15,26,0
14253,59,15,26,0
14254,59,15,26,0
14255,59,15,26,0
14256,59,15,26,0
14257,59,15,26,0
14258,59,15,26,0
14259,59,15,26,0
14260,59,15,26,0
14261,59,15,26,0
14262,59,15,26,0
14263,59,15,26,0
14264,59,15,26,0
14265,59,15,26,0
14266,59,15,26,0
14267,59,15,26,0
14268,59,15,26,0
14269,59,15,26,0
14270,59,15,26,0
14271,59,15,26,0
14272,59,15,26,0
14273,59,15,26,0
14274,59,15,26,0
14275,59,15,26,0
14276,59,15,26,0
14277,59,15,26,0
14278,59,15,26,0
14279,59,15,26,0
14280,59,15,26,0
14281,59,15,26,0
14282,59,15,26,0
14283,59,15,26,0
14284,59,15,26,0
14285,59,15,26,0
14286,59,15,26,0
14287,59,15,26,0
14288,59,15,26,0
14289,59,15,26,0
14290,59,15,26,0
14291,59,15,26,0
14292,59,15,26,0
14293,59,15,26,0
14294,59,15,26,0
14295,59,15,26,0
14296,59,15,26,0
14297,59,15,26,0
14298,59,15,26,0
14299,59,15,26,0
14300,59,15,26,0
14301,59,15,26,0
14302,59,15,26,0
14303,59,15,26,0
14304,59,15,26,0
14305,59,15,26,0
14306,59,15,26,0
14307,59,15,26,0
14308,59,15,26,0
14309,59,15,26,0
14310,59,15,26,0
14311,59,15,26,0
14312,59,15,26,0
14313,59,15,26,0
14314,59,15,26,0
14315,59,15,26,0
14316,59,15,26,0
14317,59,15,26,0
14318,59,15,26,0
14319,59,15,26,0
14320,59,15,26,0
14321,59,15,26,0
14322,59,15,26,0
14323,59,15,26,0
14324,59,15,26,0
14325,59,15,26,0
14326,59,15,26,0
14327,59,15,26,0
14328,59,15,26,0
14329,59,15,26,0
14330,59,15,26,0
14331,59,15,26,0
14332,59,15,26,0
14333,59,15,26,0
14334,59,15,26,0
14335,59,15,26,0
14336,59,15,26,0
14337,59,15,26,0
14338,59,15,26,0
14339,59,15,26,0
14340,59,15,26,0
14341,59,15,26,0
14342,59,15,26,0
14343,59,15,26,0
14344,59,15,26,0
14345,59,15,26,0
14346,59,15,26,0
14347,59,15,26,0
14348,59,15,26,0
14349,59,15,26,0
14350,59,15,26,0
14351,59,15,26,0
14352,59,15,26,0
14353,59,15,26,0
14354,59,15,26,0
14355,59,15,26,0
14356,59,15,26,0
14357,59,15,26,0
14358,59,15,26,0
14359,59,15,26,0
14360,59,15,26,0
14361,59,15,26,0
14362,59,15,26,0
14363,59,15,26,0
14364,59,15,26,0
14365,59,15,26,0
14366,59,15,26,0
14367,59,15,26,0
14368,59,15,26,0
14369,59,15,26,0
14370,59,15,26,0
14371,59,15,26,0
14372,59,15,26,0
14373,59,15,26,0
14374,59,15,26,0
14375,59,15,26,0
14376,59,15,26,0
14377,59,15,26,0
14378,59,15,26,0
14379,59,15,26,0
14380,59,15,26,0
14381,59,15,26,0
14382,59,15,26,0
14383,59,15,26,0
14384,59,15,26,0
14385,59,15,26,0
14386,59,15,26,0
14387,59,15,26,0
14388,59,15,26,0
14389,59,15,26,0
14390,59,15,26,0
14391,59,15,26,0
14392,59,15,26,0
14393,59,15,26,0
14394,59,15,26,0
14395,59,15,26,0
14396,59,15,26,0
14397,59,15,26,0
14398,59,15,26,0
14399,59,15,26,0
14400,59,15,26,0
14401,59,15,26,0
14402,59,15,26,0
14403,59,15,26,0
14404,59,15,26,0
14405,59,15,26,0
14406,59,15,26,0
14407,59,15,26,0
14408,59,15,26,0
14409,59,15,26,0
14410,59,15,26,0
14411,59,15,26,0
14412,59,15,26,0
14413,59,15,26,0
14414,59,15,26,0
14415,59,15,26,0
14416,59,15,26,0
14417,59,15,26,0
14418,59,15,26,0
14419,59,15,26,0
14420,59,15,26,0
14421,59,15,26,0
14422,59,15,26,0
14423,59,15,26,0
14424,59,15,26,0
14425,59,15,26,0
14426,59,15,26,0
14427,59,15,26,0
14428,59,15,26,0
14429,59,15,26,0
14430,59,15,26,0
14431,59,15,26,0
14432,59,15,26,0
14433,59,15,26,0
14434,59,15,26,0
14435,59,15,26,0
14436,59,15,26,0
14437,59,15,26,0
14438,59,15,26,0
14439,59,15,26,0
14440,59,15,26,0
14441,59,15,26,0
14442,59,15,26,0
14443,59,15,26,0
14444,59,15,26,0
14445,59,15,26,0
14446,59,15,26,0
14447,59,15,26,0
14448,59,15,26,0
14449,59,15,26,0
14450,59,15,26,0
14451,59,15,26,0
14452,59,15,26,0
14453,59,15,26,0
14454,59,15,26,0
14455,59,15,26,0
14456,59,15,26,0
14457,59,15,26,0
14458,59,15,26,0
14459,59,15,26,0
14460,59,15,26,0
14461,59,15,26,0
14462,59,15,26,0
14463,59,15,26,0
14464,59,15,26,0
14465,59,15,26,0
14466,59,15,26,0
14467,59,15,26,0
14468,59,15,26,0
14469,59,15,26,0
14470,59,15,26,0
14471,59,15,26,0
14472,59,15,26,0
14473,59,15,26,0
14474,59,15,26,0
14475,59,15,26,0
14476,59,15,26,0
14477,59,15,26,0
14478,59,15,26,0
14479,59,15,26,0
14480,59,15,26,0
14481,59,15,26,0
14482,59,15,26,0
14483,59,15,26,0
14484,59,15,26,0
14485,59,15,26,0
14486,59,15,26,0
14487,59,15,26,0
14488,59,15,26,0
14489,59,15,26,0
14490,59,15,26,0
14491,59,15,26,0
14492,59,15,26,0
14493,59,15,26,0
14494,59,15,26,0
14495,59,15,26,0
14496,59,15,26,0
14497,59,15,26,0
14498,59,15,26,0
14499,59,15,26,0
14500,59,15,26,0
14501,59,15,26,0
14502,59,15,26,0
14503,59,15,26,0
14504,59,15,26,0
14505,59,15,26,0
14506,59,15,26,0
14507,59,15,26,0
14508,59,15,26,0
14509,59,15,26,0
14510,59,15,26,0
14511,59,15,26,0
14512,59,15,26,0
14513,59,15,26,0
14514,59,15,26,0
14515,59,15,26,0
14516,59,15,26,0
14517,59,15,26,0
14518,59,15,26,0
14519,59,15,26,0
14520,59,15,26,0
14521,59,15,26,0
14522,59,15,26,0
14523,59,15,26,0
14524,59,15,26,0
14525,59,15,26,0
14526,59,15,26,0
14527,59,15,26,0
14528,59,15,26,0
14529,59,15,26,0
14530,59,15,26,0
14531,59,15,26,0
14532,59,15,26,0
14533,59,15,26,0
14534,59,15,26,0
14535,59,15,26,0
14536,59,15,26,0
14537,59,15,26,0
14538,59,15,26,0
14539,59,15,26,0
14540,59,15,26,0
14541,59,15,26,0
14542,59,15,26,0
14543,59,15,26,0
14544,59,15,26,0
14545,59,15,26,0
14546,59,15,26,0
14547,59,15,26,0
14548,59,15,26,0
14549,59,15,26,0
14550,59,15,26,0
14551,59,15,26,0
14552,59,15,26,0
14553,59,15,26,0
14554,59,15,26,0
14555,59,15,26,0
14556,59,15,26,0
14557,59,15,26,0
14558,59,15,26,0
14559,59,15,26,0
14560,59,15,26,0
14561,59,15,26,0
14562,59,15,26,0
14563,59,15,26,0
14564,59,15,26,0
14565,59,15,26,0
14566,59,15,26,0
14567,59,15,26,0
14568,59,15,26,0
14569,59,15,26,0
14570,59,15,26,0
14571,59,15,26,0
14572,59,15,26,0
14573,59,15,26,0
14574,59,15,26,0
14575,59,15,26,0
14576,59,15,26,0
14577,59,15,26,0
14578,59,15,26,0
14579,59,15,26,0
14580,59,15,26,0
14581,59,15,26,0
14582,59,15,26,0
14583,59,15,26,0
14584,59,15,26,0
14585,59,15,26,0
14586,59,15,26,0
14587,59,15,26,0
14588,59,15,26,0
14589,59,15,26,0
14590,59,15,26,0
14591,59,15,26,0
14592,59,15,26,0
14593,59,15,26,0
14594,59,15,26,0
14595,59,15,26,0
14596,59,15,26,0
14597,59,15,26,0
14598,59,15,26,0
14599,59,15,26,0
14600,59,15,26,0
14601,59,15,26,0
14602,59,15,26,0
14603,59,15,26,0
14604,59,15,26,0
14605,59,15,26,0
14606,59,15,26,0
14607,59,15,26,0
14608,59,15,26,0
14609,59,15,26,0
14610,59,15,26,0
14611,59,15,26,0
14612,59,15,26,0
14613,59,15,26,0
14614,59,15,26,0
14615,59,15,26,0
14616,59,15,26,0
14617,59,15,26,0
14618,59,15,26,0
14619,59,15,26,0
14620,59,15,26,0
14621,59,15,26,0
14622,59,15,26,0
14623,59,15,26,0
14624,59,15,26,0
14625,59,15,26,0
14626,59,15,26,0
14627,59,15,26,0
14628,59,15,26,0
14629,59,15,26,0
14630,59,15,26,0
14631,59,15,26,0
14632,59,15,26,0
14633,59,15,26,0
14634,59,15,26,0
14635,59,15,26,0
14636,59,15,26,0
14637,59,15,26,0
14638,59,15,26,0
14639,59,15,26,0
14640,59,15,26,0
14641,59,15,26,0
14642,59,15,26,0
14643,59,15,26,0
14644,59,15,26,0
14645,59,15,26,0
14646,59,15,26,0
14647,59,15,26,0
14648,59,15,26,0
14649,59,15,26,0
14650,59,15,26,0
14651,59,15,26,0
14652,59,15,26,0
14653,59,15,26,0
14654,59,15,26,0
14655,59,15,26,0
14656,59,15,26,0
14657,59,15,26,0
14658,59,15,26,0
14659,59,15,26,0
14660,59,15,26,0
14661,59,15,26,0
14662,59,15,26,0
14663,59,15,26,0
14664,59,15,26,0
14665,59,15,26,0
14666,59,15,26,0
14667,59,15,26,0
14668,59,15,26,0
14669,59,15,26,0
14670,59,15,26,0
14671,59,15,26,0
14672,59,15,26,0
14673,59,15,26,0
14674,59,15,26,0
14675,59,15,26,0
14676,59,15,26,0
14677,59,15,26,0
14678,59,15,26,0
14679,59,15,26,0
14680,59,15,26,0
14681,59,15,26,0
14682,59,15,26,0
14683,59,15,26,0
14684,59,15,26,0
14685,59,15,26,0
14686,59,15,26,0
14687,59,15,26,0
14688,59,15,26,0
14689,59,15,26,0
14690,59,15,26,0
14691,59,15,26,0
14692,59,15,26,0
14693,59,15,26,0
14694,59,15,26,0
14695,59,15,26,0
14696,59,15,26,0
14697,59,15,26,0
14698,59,15,26,0
14699,59,15,26,0
14700,59,15,26,0
14701,59,15,26,0
14702,59,15,26,0
14703,59,15,26,0
14704,59,15,26,0
14705,59,15,26,0
14706,59,15,26,0
14707,59,15,26,0
14708,59,15,26,0
14709,59,15,26,0
14710,59,15,26,0
14711,59,15,26,0
14712,59,15,26,0
14713,59,15,26,0
14714,59,15,26,0
14715,59,15,26,0
14716,59,15,26,0
14717,59,15,26,0
14718,59,15,26,0
14719,59,15,26,0
14720,59,15,26,0
14721,59,15,26,0
14722,59,15,26,0
14723,59,15,26,0
14724,59,15,26,0
14725,59,15,26,0
14726,59,15,26,0
14727,59,15,26,0
14728,59,15,26,0
14729,59,15,26,0
14730,59,15,26,0
14731,59,15,26,0
14732,59,15,26,0
14733,59,15,26,0
14734,59,15,26,0
14735,59,15,26,0
14736,59,15,26,0
14737,59,15,26,0
14738,59,15,26,0
14739,59,15,26,0
14740,59,15,26,0
14741,59,15,26,0
14742,59,15,26,0
14743,59,15,26,0
14744,59,15,26,0
14745,59,15,26,0
14746,59,15,26,0
14747,59,15,26,0
14748,59,15,26,0
14749,59,15,26,0
14750,59,15,26,0
14751,59,15,26,0
14752,59,15,26,0
14753,59,15,26,0
14754,59,15,26,0
14755,59,15,26,0
14756,59,15,26,0
14757,59,15,26,0
14758,59,15,26,0
14759,59,15,26,0
14760,59,15,26,0
14761,59,15,26,0
14762,59,15,26,0
14763,59,15,26,0
14764,59,15,26,0
14765,59,15,26,0
14766,59,15,26,0
14767,59,15,26,0
14768,59,15,26,0
14769,59,15,26,0
14770,59,15,26,0
14771,59,15,26,0
14772,59,15,26,0
14773,59,15,26,0
14774,59,15,26,0
14775,59,15,26,0
14776,59,15,26,0
14777,59,15,26,0
14778,59,15,26,0
14779,59,15,26,0
14780,59,15,26,0
14781,59,15,26,0
14782,59,15,26,0
14783,59,15,26,0
14784,59,15,26,0
14785,59,15,26,0
14786,59,15,26,0
14787,59,15,26,0
14788,59,15,26,0
14789,59,15,26,0
14790,59,15,26,0
14791,59,15,26,0
14792,59,15,26,0
14793,59,15,26,0
14794,59,15,26,0
14795,59,15,26,0
14796,59,15,26,0
14797,59,15,26,0
14798,59,15,26,0
14799,59,15,26,0
14800,59,15,26,0
14801,59,15,26,0
14802,59,15,26,0
14803,59,15,26,0
14804,59,15,26,0
14805,59,15,26,0
14806,59,15,26,0
14807,59,15,26,0
14808,59,15,26,0
14809,59,15,26,0
14810,59,15,26,0
14811,59,15,26,0
14812,59,15,26,0
14813,59,15,26,0
14814,59,15,26,0
14815,59,15,26,0
14816,59,15,26,0
14817,59,15,26,0
14818,59,15,26,0
14819,59,15,26,0
14820,59,15,26,0
14821,59,15,26,0
14822,59,15,26,0
14823,59,15,26,0
14824,59,15,26,0
14825,59,15,26,0
14826,59,15,26,0
14827,59,15,26,0
14828,59,15,26,0
14829,59,15,26,0
14830,59,15,26,0
14831,59,15,26,0
14832,59,15,26,0
14833,59,15,26,0
14834,59,15,26,0
14835,59,15,26,0
14836,59,15,26,0
14837,59,15,26,0
14838,59,15,26,0
14839,59,15,26,0
14840,59,15,26,0
14841,59,15,26,0
14842,59,15,26,0
14843,59,15,26,0
14844,59,15,26,0
14845,59,15,26,0
14846,59,15,26,0
14847,59,15,26,0
14848,59,15,26,0
14849,59,15,26,0
14850,59,15,26,0
14851,59,15,26,0
14852,59,15,26,0
14853,59,15,26,0
14854,59,15,26,0
14855,59,15,26,0
14856,59,15,26,0
14857,59,15,26,0
14858,59,15,26,0
14859,59,15,26,0
14860,59,15,26,0
14861,59,15,26,0
14862,59,15,26,0
14863,59,15,26,0
14864,59,15,26,0
14865,59,15,26,0
14866,59,15,26,0
14867,59,15,26,0
14868,59,15,26,0
14869,59,15,26,0
14870,59,15,26,0
14871,59,15,26,0
14872,59,15,26,0
14873,59,15,26,0
14874,59,15,26,0
14875,59,15,26,0
14876,59,15,26,0
14877,59,15,26,0
14878,59,15,26,0
14879,59,15,26,0
14880,59,15,26,0
14881,59,15,26,0
14882,59,15,26,0
14883,59,15,26,0
14884,59,15,26,0
14885,59,15,26,0
14886,59,15,26,0
14887,59,15,26,0
14888,59,15,26,0
14889,59,15,26,0
14890,59,15,26,0
14891,59,15,26,0
14892,59,15,26,0
14893,59,15,26,0
14894,59,15,26,0
14895,59,15,26,0
14896,59,15,26,0
14897,59,15,26,0
14898,59,15,26,0
14899,59,15,26,0
14900,59,15,26,0
14901,59,15,26,0
14902,59,15,26,0
14903,59,15,26,0
14904,59,15,26,0
14905,59,15,26,0
14906,59,15,26,0
14907,59,15,26,0
14908,59,15,26,0
14909,59,15,26,0
14910,59,15,26,0
14911,59,15,26,0
14912,59,15,26,0
14913,59,15,26,0
14914,59,15,26,0
14915,59,15,26,0
14916,59,15,26,0
14917,59,15,26,0
14918,59,15,26,0
14919,59,15,26,0
14920,59,15,26,0
14921,59,15,26,0
14922,59,15,26,0
14923,59,15,26,0
14924,59,15,26,0
14925,59,15,26,0
14926,59,15,26,0
14927,59,15,26,0
14928,59,15,26,0
14929,59,15,26,0
14930,59,15,26,0
14931,59,15,26,0
14932,59,15,26,0
14933,59,15,26,0
14934,59,15,26,0
14935,59,15,26,0
14936,59,15,26,0
14937,59,15,26,0
14938,59,15,26,0
14939,59,15,26,0
14940,59,15,26,0
14941,59,15,26,0
14942,59,15,26,0
14943,59,15,26,0
14944,59,15,26,0
14945,59,15,26,0
14946,59,15,26,0
14947,59,15,26,0
14948,59,15,26,0
14949,59,15,26,0
14950,59,15,26,0
14951,59,15,26,0
14952,59,15,26,0
14953,59,15,26,0
14954,59,15,26,0
14955,59,15,26,0
14956,59,15,26,0
14957,59,15,26,0
14958,59,15,26,0
14959,59,15,26,0
14960,59,15,26,0
14961,59,15,26,0
14962,59,15,26,0
14963,59,15,26,0
14964,59,15,26,0
14965,59,15,26,0
14966,59,15,26,0
14967,59,15,26,0
14968,59,15,26,0
14969,59,15,26,0
14970,59,15,26,0
14971,59,15,26,0
14972,59,15,26,0
14973,59,15,26,0
14974,59,15,26,0
14975,59,15,26,0
14976,59,15,26,0
14977,59,15,26,0
14978,59,15,26,0
14979,59,15,26,0
14980,59,15,26,0
14981,59,15,26,0
14982,59,15,26,0
14983,59,15,26,0
14984,59,15,26,0
14985,59,15,26,0
14986,59,15,26,0
14987,59,15,26,0
14988,59,15,26,0
14989,59,15,26,0
14990,59,15,26,0
14991,59,15,26,0
14992,59,15,26,0
14993,59,15,26,0
14994,59,15,26,0
14995,59,15,26,0
14996,59,15,26,0
14997,59,15,26,0
14998,59,15,26,0
14999,59,15,26,0
15000,59,15,26,0
15001,59,15,26,0
15002,59,15,26,0
15003,59,15,26,0
15004,59,15,26,0
15005,59,15,26,0
15006,59,15,26,0
15007,59,15,26,0
15008,59,15,26,0
15009,59,15,26,0
15010,59,15,26,0
15011,59,15,26,0
15012,59,15,26,0
15013,59,15,26,0
15014,59,15,26,0
15015,59,15,26,0
15016,59,15,26,0
15017,59,15,26,0
15018,59,15,26,0
15019,59,15,26,0
15020,59,15,26,0
15021,59,15,26,0
15022,59,15,26,0
15023,59,15,26,0
15024,59,15,26,0
15025,59,15,26,0
15026,59,15,26,0
15027,59,15,26,0
15028,59,15,26,0
15029,59,15,26,0
15030,59,15,26,0
15031,59,15,26,0
15032,59,15,26,0
15033,59,15,26,0
15034,59,15,26,0
15035,59,15,26,0
15036,59,15,26,0
15037,59,15,26,0
15038,59,15,26,0
15039,59,15,26,0
15040,59,15,26,0
15041,59,15,26,0
15042,59,15,26,0
15043,59,15,26,0
15044,59,15,26,0
15045,59,15,26,0
15046,59,15,26,0
15047,59,15,26,0
15048,59,15,26,0
15049,59,15,26,0
15050,59,15,26,0
15051,59,15,26,0
15052,59,15,26,0
15053,59,15,26,0
15054,59,15,26,0
15055,59,15,26,0
15056,59,15,26,0
15057,59,15,26,0
15058,59,15,26,0
15059,59,15,26,0
15060,59,15,26,0
15061,59,15,26,0
15062,59,15,26,0
15063,59,15,26,0
15064,59,15,26,0
15065,59,15,26,0
15066,59,15,26,0
15067,59,15,26,0
15068,59,15,26,0
15069,59,15,26,0
15070,59,15,26,0
15071,59,15,26,0
15072,59,15,26,0
15073,59,15,26,0
15074,59,15,26,0
15075,59,15,26,0
15076,59,15,26,0
15077,59,15,26,0
15078,59,15,26,0
15079,59,15,26,0
15080,59,15,26,0
15081,59,15,26,0
15082,59,15,26,0
15083,59,15,26,0
15084,59,15,26,0
15085,59,15,26,0
15086,59,15,26,0
15087,59,15,26,0
15088,59,15,26,0
15089,59,15,26,0
15090,59,15,26,0
15091,59,15,26,0
15092,59,15,26,0
15093,59,15,26,0
15094,59,15,26,0
15095,59,15,26,0
15096,59,15,26,0
15097,59,15,26,0
15098,59,15,26,0
15099,59,15,26,0
15100,59,15,26,0
15101,59,15,26,0
15102,59,15,26,0
15103,59,15,26,0
15104,59,15,26,0
15105,59,15,26,0
15106,59,15,26,0
15107,59,15,26,0
15108,59,15,26,0
15109,59,15,26,0
15110,59,15,26,0
15111,59,15,26,0
15112,59,15,26,0
15113,59,15,26,0
15114,59,15,26,0
15115,59,15,26,0
15116,59,15,26,0
15117,59,15,26,0
15118,59,15,26,0
15119,59,15,26,0
15120,59,15,26,0
15121,59,15,26,0
15122,59,15,26,0
15123,59,15,26,0
15124,59,15,26,0
15125,59,15,26,0
15126,59,15,26,0
15127,59,15,26,0
15128,59,15,26,0
15129,59,15,26,0
15130,59,15,26,0
15131,59,15,26,0
15132,59,15,26,0
15133,59,15,26,0
15134,59,15,26,0
15135,59,15,26,0
15136,59,15,26,0
15137,59,15,26,0
15138,59,15,26,0
15139,59,15,26,0
15140,59,15,26,0
15141,59,15,26,0
15142,59,15,26,0
15143,59,15,26,0
15144,59,15,26,0
15145,59,15,26,0
15146,59,15,26,0
15147,59,15,26,0
15148,59,15,26,0
15149,59,15,26,0
15150,59,15,26,0
15151,59,15,26,0
15152,59,15,26,0
15153,59,15,26,0
15154,59,15,26,0
15155,59,15,26,0
15156,59,15,26,0
15157,59,15,26,0
15158,59,15,26,0
15159,59,15,26,0
15160,59,15,26,0
15161,59,15,26,0
15162,59,15,26,0
15163,59,15,26,0
15164,59,15,26,0
15165,59,15,26,0
15166,59,15,26,0
15167,59,15,26,0
15168,59,15,26,0
15169,59,15,26,0
15170,59,15,26,0
15171,59,15,26,0
15172,59,15,26,0
15173,59,15,26,0
15174,59,15,26,0
15175,59,15,26,0
15176,59,15,26,0
15177,59,15,26,0
15178,59,15,26,0
15179,59,15,26,0
15180,59,15,26,0
15181,59,15,26,0
15182,59,15,26,0
15183,59,15,26,0
15184,59,15,26,0
15185,59,15,26,0
15186,59,15,26,0
15187,59,15,26,0
15188,59,15,26,0
15189,59,15,26,0
15190,59,15,26,0
15191,59,15,26,0
15192,59,15,26,0
15193,59,15,26,0
15194,59,15,26,0
15195,59,15,26,0
15196,59,15,26,0
15197,59,15,26,0
15198,59,15,26,0
15199,59,15,26,0
15200,59,15,26,0
15201,59,15,26,0
15202,59,15,26,0
15203,59,15,26,0
15204,59,15,26,0
15205,59,15,26,0
15206,59,15,26,0
15207,59,15,26,0
15208,59,15,26,0
15209,59,15,26,0
15210,59,15,26,0
15211,59,15,26,0
15212,59,15,26,0
15213,59,15,26,0
15214,59,15,26,0
15215,59,15,26,0
15216,59,15,26,0
15217,59,15,26,0
15218,59,15,26,0
15219,59,15,26,0
15220,59,15,26,0
15221,59,15,26,0
15222,59,15,26,0
15223,59,15,26,0
15224,59,15,26,0
15225,59,15,26,0
15226,59,15,26,0
15227,59,15,26,0
15228,59,15,26,0
15229,59,15,26,0
15230,59,15,26,0
15231,59,15,26,0
15232,59,15,26,0
15233,59,15,26,0
15234,59,15,26,0
15235,59,15,26,0
15236,59,15,26,0
15237,59,15,26,0
15238,59,15,26,0
15239,59,15,26,0
15240,59,15,26,0
15241,59,15,26,0
15242,59,15,26,0
15243,59,15,26,0
15244,59,15,26,0
15245,59,15,26,0
15246,59,15,26,0
15247,59,15,26,0
15248,59,15,26,0
15249,59,15,26,0
15250,59,15,26,0
15251,59,15,26,0
15252,59,15,26,0
15253,59,15,26,0
15254,59,15,26,0
15255,59,15,26,0
15256,59,15,26,0
15257,59,15,26,0
15258,59,15,26,0
15259,59,15,26,0
15260,59,15,26,0
15261,59,15,26,0
15262,59,15,26,0
15263,59,15,26,0
15264,59,15,26,0
15265,59,15,26,0
15266,59,15,26,0
15267,59,15,26,0
15268,59,15,26,0
15269,59,15,26,0
15270,59,15,26,0
15271,59,15,26,0
15272,59,15,26,0
15273,59,15,26,0
15274,59,15,26,0
15275,59,15,26,0
15276,59,15,26,0
15277,59,15,26,0
15278,59,15,26,0
15279,59,15,26,0
15280,59,15,26,0
15281,59,15,26,0
15282,59,15,26,0
15283,59,15,26,0
15284,59,15,26,0
15285,59,15,26,0
15286,59,15,26,0
15287,59,15,26,0
15288,59,15,26,0
15289,59,15,26,0
15290,59,15,26,0
15291,59,15,26,0
15292,59,15,26,0
15293,59,15,26,0
15294,59,15,26,0
15295,59,15,26,0
15296,59,15,26,0
15297,59,15,26,0
15298,59,15,26,0
15299,59,15,26,0
15300,59,15,26,0
15301,59,15,26,0
15302,59,15,26,0
15303,59,15,26,0
15304,59,15,26,0
15305,59,15,26,0
15306,59,15,26,0
15307,59,15,26,0
15308,59,15,26,0
15309,59,15,26,0
15310,59,15,26,0
15311,59,15,26,0
15312,59,15,26,0
15313,59,15,26,0
15314,59,15,26,0
15315,59,15,26,0
15316,59,15,26,0
15317,59,15,26,0
15318,59,15,26,0
15319,59,15,26,0
15320,59,15,26,0
15321,59,15,26,0
15322,59,15,26,0
15323,59,15,26,0
15324,59,15,26,0
15325,59,15,26,0
15326,59,15,26,0
15327,59,15,26,0
15328,59,15,26,0
15329,59,15,26,0
15330,59,15,26,0
15331,59,15,26,0
15332,59,15,26,0
15333,59,15,26,0
15334,59,15,26,0
15335,59,15,26,0
15336,59,15,26,0
15337,59,15,26,0
15338,59,15,26,0
15339,59,15,26,0
15340,59,15,26,0
15341,59,15,26,0
15342,59,15,26,0
15343,59,15,26,0
15344,59,15,26,0
15345,59,15,26,0
15346,59,15,26,0
15347,59,15,26,0
15348,59,15,26,0
15349,59,15,26,0
15350,59,15,26,0
15351,59,15,26,0
15352,59,15,26,0
15353,59,15,26,0
15354,59,15,26,0
15355,59,15,26,0
15356,59,15,26,0
15357,59,15,26,0
15358,59,15,26,0
15359,59,15,26,0
15360,59,15,26,0
15361,59,15,26,0
15362,59,15,26,0
15363,59,15,26,0
15364,59,15,26,0
15365,59,15,26,0
15366,59,15,26,0
15367,59,15,26,0
15368,59,15,26,0
15369,59,15,26,0
15370,59,15,26,0
15371,59,15,26,0
15372,59,15,26,0
15373,59,15,26,0
15374,59,15,26,0
15375,59,15,26,0
15376,59,15,26,0
15377,59,15,26,0
15378,59,15,26,0
15379,59,15,26,0
15380,59,15,26,0
15381,59,15,26,0
15382,59,15,26,0
15383,59,15,26,0
15384,59,15,26,0
15385,59,15,26,0
15386,59,15,26,0
15387,59,15,26,0
15388,59,15,26,0
15389,59,15,26,0
15390,59,15,26,0
15391,59,15,26,0
15392,59,15,26,0
15393,59,15,26,0
15394,59,15,26,0
15395,59,15,26,0
15396,59,15,26,0
15397,59,15,26,0
15398,59,15,26,0
15399,59,15,26,0
15400,59,15,26,0
15401,59,15,26,0
15402,59,15,26,0
15403,59,15,26,0
15404,59,15,26,0
15405,59,15,26,0
15406,59,15,26,0
15407,59,15,26,0
15408,59,15,26,0
15409,59,15,26,0
15410,59,15,26,0
15411,59,15,26,0
15412,59,15,26,0
15413,59,15,26,0
15414,59,15,26,0
15415,59,15,26,0
15416,59,15,26,0
15417,59,15,26,0
15418,59,15,26,0
15419,59,15,26,0
15420,59,15,26,0
15421,59,15,26,0
15422,59,15,26,0
15423,59,15,26,0
15424,59,15,26,0
15425,59,15,26,0
15426,59,15,26,0
15427,59,15,26,0
15428,59,15,26,0
15429,59,15,26,0
15430,59,15,26,0
15431,59,15,26,0
15432,59,15,26,0
15433,59,15,26,0
15434,59,15,26,0
15435,59,15,26,0
15436,59,15,26,0
15437,59,15,26,0
15438,59,15,26,0
15439,59,15,26,0
15440,59,15,26,0
15441,59,15,26,0
15442,59,15,26,0
15443,59,15,26,0
15444,59,15,26,0
15445,59,15,26,0
15446,59,15,26,0
15447,59,15,26,0
15448,59,15,26,0
15449,59,15,26,0
15450,59,15,26,0
15451,59,15,26,0
15452,59,15,26,0
15453,59,15,26,0
15454,59,15,26,0
15455,59,15,26,0
15456,59,15,26,0
15457,59,15,26,0
15458,59,15,26,0
15459,59,15,26,0
15460,59,15,26,0
15461,59,15,26,0
15462,59,15,26,0
15463,59,15,26,0
15464,59,15,26,0
15465,59,15,26,0
15466,59,15,26,0
15467,59,15,26,0
15468,59,15,26,0
15469,59,15,26,0
15470,59,15,26,0
15471,59,15,26,0
15472,59,15,26,0
15473,59,15,26,0
15474,59,15,26,0
15475,59,15,26,0
15476,59,15,26,0
15477,59,15,26,0
15478,59,15,26,0
15479,59,15,26,0
15480,59,15,26,0
15481,59,15,26,0
15482,59,15,26,0
15483,59,15,26,0
15484,59,15,26,0
15485,59,15,26,0
15486,59,15,26,0
15487,59,15,26,0
15488,59,15,26,0
15489,59,15,26,0
15490,59,15,26,0
15491,59,15,26,0
15492,59,15,26,0
15493,59,15,26,0
15494,59,15,26,0
15495,59,15,26,0
15496,59,15,26,0
15497,59,15,26,0
15498,59,15,26,0
15499,59,15,26,0
15500,59,15,26,0
15501,59,15,26,0
15502,59,15,26,0
15503,59,15,26,0
15504,59,15,26,0
15505,59,15,26,0
15506,59,15,26,0
15507,59,15,26,0
15508,59,15,26,0
15509,59,15,26,0
15510,59,15,26,0
15511,59,15,26,0
15512,59,15,26,0
15513,59,15,26,0
15514,59,15,26,0
15515,59,15,26,0
15516,59,15,26,0
15517,59,15,26,0
15518,59,15,26,0
15519,59,15,26,0
15520,59,15,26,0
15521,59,15,26,0
15522,59,15,26,0
15523,59,15,26,0
15524,59,15,26,0
15525,59,15,26,0
15526,59,15,26,0
15527,59,15,26,0
15528,59,15,26,0
15529,59,15,26,0
15530,59,15,26,0
15531,59,15,26,0
15532,59,15,26,0
15533,59,15,26,0
15534,59,15,26,0
15535,59,15,26,0
15536,59,15,26,0
15537,59,15,26,0
15538,59,15,26,0
15539,59,15,26,0
15540,59,15,26,0
15541,59,15,26,0
15542,59,15,26,0
15543,59,15,26,0
15544,59,15,26,0
15545,59,15,26,0
15546,59,15,26,0
15547,59,15,26,0
15548,59,15,26,0
15549,59,15,26,0
15550,59,15,26,0
15551,59,15,26,0
15552,59,15,26,0
15553,59,15,26,0
15554,59,15,26,0
15555,59,15,26,0
15556,59,15,26,0
15557,59,15,26,0
15558,59,15,26,0
15559,59,15,26,0
15560,59,15,26,0
15561,59,15,26,0
15562,59,15,26,0
15563,59,15,26,0
15564,59,15,26,0
15565,59,15,26,0
15566,59,15,26,0
15567,59,15,26,0
15568,59,15,26,0
15569,59,15,26,0
15570,59,15,26,0
15571,59,15,26,0
15572,59,15,26,0
15573,59,15,26,0
15574,59,15,26,0
15575,59,15,26,0
15576,59,15,26,0
15577,59,15,26,0
15578,59,15,26,0
15579,59,15,26,0
15580,59,15,26,0
15581,59,15,26,0
15582,59,15,26,0
15583,59,15,26,0
15584,59,15,26,0
15585,59,15,26,0
15586,59,15,26,0
15587,59,15,26,0
15588,59,15,26,0
15589,59,15,26,0
15590,59,15,26,0
15591,59,15,26,0
15592,59,15,26,0
15593,59,15,26,0
15594,59,15,26,0
15595,59,15,26,0
15596,59,15,26,0
15597,59,15,26,0
15598,59,15,26,0
15599,59,15,26,0
15600,59,15,26,0
15601,59,15,26,0
15602,59,15,26,0
15603,59,15,26,0
15604,59,15,26,0
15605,59,15,26,0
15606,59,15,26,0
15607,59,15,26,0
15608,59,15,26,0
15609,59,15,26,0
15610,59,15,26,0
15611,59,15,26,0
15612,59,15,26,0
15613,59,15,26,0
15614,59,15,26,0
15615,59,15,26,0
15616,59,15,26,0
15617,59,15,26,0
15618,59,15,26,0
15619,59,15,26,0
15620,59,15,26,0
15621,59,15,26,0
15622,59,15,26,0
15623,59,15,26,0
15624,59,15,26,0
15625,59,15,26,0
15626,59,15,26,0
15627,59,15,26,0
15628,59,15,26,0
15629,59,15,26,0
15630,59,15,26,0
15631,59,15,26,0
15632,59,15,26,0
15633,59,15,26,0
15634,59,15,26,0
15635,59,15,26,0
15636,59,15,26,0
15637,59,15,26,0
15638,59,15,26,0
15639,59,15,26,0
15640,59,15,26,0
15641,59,15,26,0
15642,59,15,26,0
15643,59,15,26,0
15644,59,15,26,0
15645,59,15,26,0
15646,59,15,26,0
15647,59,15,26,0
15648,59,15,26,0
15649,59,15,26,0
15650,59,15,26,0
15651,59,15,26,0
15652,59,15,26,0
15653,59,15,26,0
15654,59,15,26,0
15655,59,15,26,0
15656,59,15,26,0
15657,59,15,26,0
15658,59,15,26,0
15659,59,15,26,0
15660,59,15,26,0
15661,59,15,26,0
15662,59,15,26,0
15663,59,15,26,0
15664,59,15,26,0
15665,59,15,26,0
15666,59,15,26,0
15667,59,15,26,0
15668,59,15,26,0
15669,59,15,26,0
15670,59,15,26,0
15671,59,15,26,0
15672,59,15,26,0
15673,59,15,26,0
15674,59,15,26,0
15675,59,15,26,0
15676,59,15,26,0
15677,59,15,26,0
15678,59,15,26,0
15679,59,15,26,0
15680,59,15,26,0
15681,59,15,26,0
15682,59,15,26,0
15683,59,15,26,0
15684,59,15,26,0
15685,59,15,26,0
15686,59,15,26,0
15687,59,15,26,0
15688,59,15,26,0
15689,59,15,26,0
15690,59,15,26,0
15691,59,15,26,0
15692,59,15,26,0
15693,59,15,26,0
15694,59,15,26,0
15695,59,15,26,0
15696,59,15,26,0
15697,59,15,26,0
15698,59,15,26,0
15699,59,15,26,0
15700,59,15,26,0
15701,59,15,26,0
15702,59,15,26,0
15703,59,15,26,0
15704,59,15,26,0
15705,59,15,26,0
15706,59,15,26,0
15707,59,15,26,0
15708,59,15,26,0
15709,59,15,26,0
15710,59,15,26,0
15711,59,15,26,0
15712,59,15,26,0
15713,59,15,26,0
15714,59,15,26,0
15715,59,15,26,0
15716,59,15,26,0
15717,59,15,26,0
15718,59,15,26,0
15719,59,15,26,0
15720,59,15,26,0
15721,59,15,26,0
15722,59,15,26,0
15723,59,15,26,0
15724,59,15,26,0
15725,59,15,26,0
15726,59,15,26,0
15727,59,15,26,0
15728,59,15,26,0
15729,59,15,26,0
15730,59,15,26,0
15731,59,15,26,0
15732,59,15,26,0
15733,59,15,26,0
15734,59,15,26,0
15735,59,15,26,0
15736,59,15,26,0
15737,59,15,26,0
15738,59,15,26,0
15739,59,15,26,0
15740,59,15,26,0
15741,59,15,26,0
15742,59,15,26,0
15743,59,15,26,0
15744,59,15,26,0
15745,59,15,26,0
15746,59,15,26,0
15747,59,15,26,0
15748,59,15,26,0
15749,59,15,26,0
15750,59,15,26,0
15751,59,15,26,0
15752,59,15,26,0
15753,59,15,26,0
15754,59,15,26,0
15755,59,15,26,0
15756,59,15,26,0
15757,59,15,26,0
15758,59,15,26,0
15759,59,15,26,0
15760,59,15,26,0
15761,59,15,26,0
15762,59,15,26,0
15763,59,15,26,0
15764,59,15,26,0
15765,59,15,26,0
15766,59,15,26,0
15767,59,15,26,0
15768,59,15,26,0
15769,59,15,26,0
15770,59,15,26,0
15771,59,15,26,0
15772,59,15,26,0
15773,59,15,26,0
15774,59,15,26,0
15775,59,15,26,0
15776,59,15,26,0
15777,59,15,26,0
15778,59,15,26,0
15779,59,15,26,0
15780,59,15,26,0
15781,59,15,26,0
15782,59,15,26,0
15783,59,15,26,0
15784,59,15,26,0
15785,59,15,26,0
15786,59,15,26,0
15787,59,15,26,0
15788,59,15,26,0
15789,59,15,26,0
15790,59,15,26,0
15791,59,15,26,0
15792,59,15,26,0
15793,59,15,26,0
15794,59,15,26,0
15795,59,15,26,0
15796,59,15,26,0
15797,59,15,26,0
15798,59,15,26,0
15799,59,15,26,0
15800,59,15,26,0
15801,59,15,26,0
15802,59,15,26,0
15803,59,15,26,0
15804,59,15,26,0
15805,59,15,26,0
15806,59,15,26,0
15807,59,15,26,0
15808,59,15,26,0
15809,59,15,26,0
15810,59,15,26,0
15811,59,15,26,0
15812,59,15,26,0
15813,59,15,26,0
15814,59,15,26,0
15815,59,15,26,0
15816,59,15,26,0
15817,59,15,26,0
15818,59,15,26,0
15819,59,15,26,0
15820,59,15,26,0
15821,59,15,26,0
15822,59,15,26,0
15823,59,15,26,0
15824,59,15,26,0
15825,59,15,26,0
15826,59,15,26,0
15827,59,15,26,0
15828,59,15,26,0
15829,59,15,26,0
15830,59,15,26,0
15831,59,15,26,0
15832,59,15,26,0
15833,59,15,26,0
15834,59,15,26,0
15835,59,15,26,0
15836,59,15,26,0
15837,59,15,26,0
15838,59,15,26,0
15839,59,15,26,0
15840,59,15,26,0
15841,59,15,26,0
15842,59,15,26,0
15843,59,15,26,0
15844,59,15,26,0
15845,59,15,26,0
15846,59,15,26,0
15847,59,15,26,0
15848,59,15,26,0
15849,59,15,26,0
15850,59,15,26,0
15851,59,15,26,0
15852,59,15,26,0
15853,59,15,26,0
15854,59,15,26,0
15855,59,15,26,0
15856,59,15,26,0
15857,59,15,26,0
15858,59,15,26,0
15859,59,15,26,0
15860,59,15,26,0
15861,59,15,26,0
15862,59,15,26,0
15863,59,15,26,0
15864,59,15,26,0
15865,59,15,26,0
15866,59,15,26,0
15867,59,15,26,0
15868,59,15,26,0
15869,59,15,26,0
15870,59,15,26,0
15871,59,15,26,0
15872,59,15,26,0
15873,59,15,26,0
15874,59,15,26,0
15875,59,15,26,0
15876,59,15,26,0
15877,59,15,26,0
15878,59,15,26,0
15879,59,15,26,0
15880,59,15,26,0
15881,59,15,26,0
15882,59,15,26,0
15883,59,15,26,0
15884,59,15,26,0
15885,59,15,26,0
15886,59,15,26,0
15887,59,15,26,0
15888,59,15,26,0
15889,59,15,26,0
15890,59,15,26,0
15891,59,15,26,0
15892,59,15,26,0
15893,59,15,26,0
15894,59,15,26,0
15895,59,15,26,0
15896,59,15,26,0
15897,59,15,26,0
15898,59,15,26,0
15899,59,15,26,0
15900,59,15,26,0
15901,59,15,26,0
15902,59,15,26,0
15903,59,15,26,0
15904,59,15,26,0
15905,59,15,26,0
15906,59,15,26,0
15907,59,15,26,0
15908,59,15,26,0
15909,59,15,26,0
15910,59,15,26,0
15911,59,15,26,0
15912,59,15,26,0
15913,59,15,26,0
15914,59,15,26,0
15915,59,15,26,0
15916,59,15,26,0
15917,59,15,26,0
15918,59,15,26,0
15919,59,15,26,0
15920,59,15,26,0
15921,59,15,26,0
15922,59,15,26,0
15923,59,15,26,0
15924,59,15,26,0
15925,59,15,26,0
15926,59,15,26,0
15927,59,15,26,0
15928,59,15,26,0
15929,59,15,26,0
15930,59,15,26,0
15931,59,15,26,0
15932,59,15,26,0
15933,59,15,26,0
15934,59,15,26,0
15935,59,15,26,0
15936,59,15,26,0
15937,59,15,26,0
15938,59,15,26,0
15939,59,15,26,0
15940,59,15,26,0
15941,59,15,26,0
15942,59,15,26,0
15943,59,15,26,0
15944,59,15,26,0
15945,59,15,26,0
15946,59,15,26,0
15947,59,15,26,0
15948,59,15,26,0
15949,59,15,26,0
15950,59,15,26,0
15951,59,15,26,0
15952,59,15,26,0
15953,59,15,26,0
15954,59,15,26,0
15955,59,15,26,0
15956,59,15,26,0
15957,59,15,26,0
15958,59,15,26,0
15959,59,15,26,0
15960,59,15,26,0
15961,59,15,26,0
15962,59,15,26,0
15963,59,15,26,0
15964,59,15,26,0
15965,59,15,26,0
15966,59,15,26,0
15967,59,15,26,0
15968,59,15,26,0
15969,59,15,26,0
15970,59,15,26,0
15971,59,15,26,0
15972,59,15,26,0
15973,59,15,26,0
15974,59,15,26,0
15975,59,15,26,0
15976,59,15,26,0
15977,59,15,26,0
15978,59,15,26,0
15979,59,15,26,0
15980,59,15,26,0
15981,59,15,26,0
15982,59,15,26,0
15983,59,15,26,0
15984,59,15,26,0
15985,59,15,26,0
15986,59,15,26,0
15987,59,15,26,0
15988,59,15,26,0
15989,59,15,26,0
15990,59,15,26,0
15991,59,15,26,0
15992,59,15,26,0
15993,59,15,26,0
15994,59,15,26,0
15995,59,15,26,0
15996,59,15,26,0
15997,59,15,26,0
15998,59,15,26,0
15999,59,15,26,0
16000,59,15,26,0
16001,59,15,26,0
16002,59,15,26,0
16003,59,15,26,0
16004,59,15,26,0
16005,59,15,26,0
16006,59,15,26,0
16007,59,15,26,0
16008,59,15,26,0
16009,59,15,26,0
16010,59,15,26,0
16011,59,15,26,0
16012,59,15,26,0
16013,59,15,26,0
16014,59,15,26,0
16015,59,15,26,0
16016,59,15,26,0
16017,59,15,26,0
16018,59,15,26,0
16019,59,15,26,0
16020,59,15,26,0
16021,59,15,26,0
16022,59,15,26,0
16023,59,15,26,0
16024,59,15,26,0
16025,59,15,26,0
16026,59,15,26,0
16027,59,15,26,0
16028,59,15,26,0
16029,59,15,26,0
16030,59,15,26,0
16031,59,15,26,0
16032,59,15,26,0
16033,59,15,26,0
16034,59,15,26,0
16035,59,15,26,0
16036,59,15,26,0
16037,59,15,26,0
16038,59,15,26,0
16039,59,15,26,0
16040,59,15,26,0
16041,59,15,26,0
16042,59,15,26,0
16043,59,15,26,0
16044,59,15,26,0
16045,59,15,26,0
16046,59,15,26,0
16047,59,15,26,0
16048,59,15,26,0
16049,59,15,26,0
16050,59,15,26,0
16051,59,15,26,0
16052,59,15,26,0
16053,59,15,26,0
16054,59,15,26,0
16055,59,15,26,0
16056,59,15,26,0
16057,59,15,26,0
16058,59,15,26,0
16059,59,15,26,0
16060,59,15,26,0
16061,59,15,26,0
16062,59,15,26,0
16063,59,15,26,0
16064,59,15,26,0
16065,59,15,26,0
16066,59,15,26,0
16067,59,15,26,0
16068,59,15,26,0
16069,59,15,26,0
16070,59,15,26,0
16071,59,15,26,0
16072,59,15,26,0
16073,59,15,26,0
16074,59,15,26,0
16075,59,15,26,0
16076,59,15,26,0
16077,59,15,26,0
16078,59,15,26,0
16079,59,15,26,0
16080,59,15,26,0
16081,59,15,26,0
16082,59,15,26,0
16083,59,15,26,0
16084,59,15,26,0
16085,59,15,26,0
16086,59,15,26,0
16087,59,15,26,0
16088,59,15,26,0
16089,59,15,26,0
16090,59,15,26,0
16091,59,15,26,0
16092,59,15,26,0
16093,59,15,26,0
16094,59,15,26,0
16095,59,15,26,0
16096,59,15,26,0
16097,59,15,26,0
16098,59,15,26,0
16099,59,15,26,0
16100,59,15,26,0
16101,59,15,26,0
16102,59,15,26,0
16103,59,15,26,0
16104,59,15,26,0
16105,59,15,26,0
16106,59,15,26,0
16107,59,15,26,0
16108,59,15,26,0
16109,59,15,26,0
16110,59,15,26,0
16111,59,15,26,0
16112,59,15,26,0
16113,59,15,26,0
16114,59,15,26,0
16115,59,15,26,0
16116,59,15,26,0
16117,59,15,26,0
16118,59,15,26,0
16119,59,15,26,0
16120,59,15,26,0
16121,59,15,26,0
16122,59,15,26,0
16123,59,15,26,0
16124,59,15,26,0
16125,59,15,26,0
16126,59,15,26,0
16127,59,15,26,0
16128,59,15,26,0
16129,59,15,26,0
16130,59,15,26,0
16131,59,15,26,0
16132,59,15,26,0
16133,59,15,26,0
16134,59,15,26,0
16135,59,15,26,0
16136,59,15,26,0
16137,59,15,26,0
16138,59,15,26,0
16139,59,15,26,0
16140,59,15,26,0
16141,59,15,26,0
16142,59,15,26,0
16143,59,15,26,0
16144,59,15,26,0
16145,59,15,26,0
16146,59,15,26,0
16147,59,15,26,0
16148,59,15,26,0
16149,59,15,26,0
16150,59,15,26,0
16151,59,15,26,0
16152,59,15,26,0
16153,59,15,26,0
16154,59,15,26,0
16155,59,15,26,0
16156,59,15,26,0
16157,59,15,26,0
16158,59,15,26,0
16159,59,15,26,0
16160,59,15,26,0
16161,59,15,26,0
16162,59,15,26,0
16163,59,15,26,0
16164,59,15,26,0
16165,59,15,26,0
16166,59,15,26,0
16167,59,15,26,0
16168,59,15,26,0
16169,59,15,26,0
16170,59,15,26,0
16171,59,15,26,0
16172,59,15,26,0
16173,59,15,26,0
16174,59,15,26,0
16175,59,15,26,0
16176,59,15,26,0
16177,59,15,26,0
16178,59,15,26,0
16179,59,15,26,0
16180,59,15,26,0
16181,59,15,26,0
16182,59,15,26,0
16183,59,15,26,0
16184,59,15,26,0
16185,59,15,26,0
16186,59,15,26,0
16187,59,15,26,0
16188,59,15,26,0
16189,59,15,26,0
16190,59,15,26,0
16191,59,15,26,0
16192,59,15,26,0
16193,59,15,26,0
16194,59,15,26,0
16195,59,15,26,0
16196,59,15,26,0
16197,59,15,26,0
16198,59,15,26,0
16199,59,15,26,0
16200,59,15,26,0
16201,59,15,26,0
16202,59,15,26,0
16203,59,15,26,0
16204,59,15,26,0
16205,59,15,26,0
16206,59,15,26,0
16207,59,15,26,0
16208,59,15,26,0
16209,59,15,26,0
16210,59,15,26,0
16211,59,15,26,0
16212,59,15,26,0
16213,59,15,26,0
16214,59,15,26,0
16215,59,15,26,0
16216,59,15,26,0
16217,59,15,26,0
16218,59,15,26,0
16219,59,15,26,0
16220,59,15,26,0
16221,59,15,26,0
16222,59,15,26,0
16223,59,15,26,0
16224,59,15,26,0
16225,59,15,26,0
16226,59,15,26,0
16227,59,15,26,0
16228,59,15,26,0
16229,59,15,26,0
16230,59,15,26,0
16231,59,15,26,0
16232,59,15,26,0
16233,59,15,26,0
16234,59,15,26,0
16235,59,15,26,0
16236,59,15,26,0
16237,59,15,26,0
16238,59,15,26,0
16239,59,15,26,0
16240,59,15,26,0
16241,59,15,26,0
16242,59,15,26,0
16243,59,15,26,0
16244,59,15,26,0
16245,59,15,26,0
16246,59,15,26,0
16247,59,15,26,0
16248,59,15,26,0
16249,59,15,26,0
16250,59,15,26,0
16251,59,15,26,0
16252,59,15,26,0
16253,59,15,26,0
16254,59,15,26,0
16255,59,15,26,0
16256,59,15,26,0
16257,59,15,26,0
16258,59,15,26,0
16259,59,15,26,0
16260,59,15,26,0
16261,59,15,26,0
16262,59,15,26,0
16263,59,15,26,0
16264,59,15,26,0
16265,59,15,26,0
16266,59,15,26,0
16267,59,15,26,0
16268,59,15,26,0
16269,59,15,26,0
16270,59,15,26,0
16271,59,15,26,0
16272,59,15,26,0
16273,59,15,26,0
16274,59,15,26,0
16275,59,15,26,0
16276,59,15,26,0
16277,59,15,26,0
16278,59,15,26,0
16279,59,15,26,0
16280,59,15,26,0
16281,59,15,26,0
16282,59,15,26,0
16283,59,15,26,0
16284,59,15,26,0
16285,59,15,26,0
16286,59,15,26,0
16287,59,15,26,0
16288,59,15,26,0
16289,59,15,26,0
16290,59,15,26,0
16291,59,15,26,0
16292,59,15,26,0
16293,59,15,26,0
16294,59,15,26,0
16295,59,15,26,0
16296,59,15,26,0
16297,59,15,26,0
16298,59,15,26,0
16299,59,15,26,0
16300,59,15,26,0
16301,59,15,26,0
16302,59,15,26,0
16303,59,15,26,0
16304,59,15,26,0
16305,59,15,26,0
16306,59,15,26,0
16307,59,15,26,0
16308,59,15,26,0
16309,59,15,26,0
16310,59,15,26,0
16311,59,15,26,0
16312,59,15,26,0
16313,59,15,26,0
16314,59,15,26,0
16315,59,15,26,0
16316,59,15,26,0
16317,59,15,26,0
16318,59,15,26,0
16319,59,15,26,0
16320,59,15,26,0
16321,59,15,26,0
16322,59,15,26,0
16323,59,15,26,0
16324,59,15,26,0
16325,59,15,26,0
16326,59,15,26,0
16327,59,15,26,0
16328,59,15,26,0
16329,59,15,26,0
16330,59,15,26,0
16331,59,15,26,0
16332,59,15,26,0
16333,59,15,26,0
16334,59,15,26,0
16335,59,15,26,0
16336,59,15,26,0
16337,59,15,26,0
16338,59,15,26,0
16339,59,15,26,0
16340,59,15,26,0
16341,59,15,26,0
16342,59,15,26,0
16343,59,15,26,0
16344,59,15,26,0
16345,59,15,26,0
16346,59,15,26,0
16347,59,15,26,0
16348,59,15,26,0
16349,59,15,26,0
16350,59,15,26,0
16351,59,15,26,0
16352,59,15,26,0
16353,59,15,26,0
16354,59,15,26,0
16355,59,15,26,0
16356,59,15,26,0
16357,59,15,26,0
16358,59,15,26,0
16359,59,15,26,0
16360,59,15,26,0
16361,59,15,26,0
16362,59,15,26,0
16363,59,15,26,0
16364,59,15,26,0
16365,59,15,26,0
16366,59,15,26,0
16367,59,15,26,0
16368,59,15,26,0
16369,59,15,26,0
16370,59,15,26,0
16371,59,15,26,0
16372,59,15,26,0
16373,59,15,26,0
16374,59,15,26,0
16375,59,15,26,0
16376,59,15,26,0
16377,59,15,26,0
16378,59,15,26,0
16379,59,15,26,0
16380,59,15,26,0
16381,59,15,26,0
16382,59,15,26,0
16383,59,15,26,0
16384,59,15,26,0
16385,59,15,26,0
16386,59,15,26,0
16387,59,15,26,0
16388,59,15,26,0
16389,59,15,26,0
16390,59,15,26,0
16391,59,15,26,0
16392,59,15,26,0
16393,59,15,26,0
16394,59,15,26,0
16395,59,15,26,0
16396,59,15,26,0
16397,59,15,26,0
16398,59,15,26,0
16399,59,15,26,0
16400,59,15,26,0
16401,59,15,26,0
16402,59,15,26,0
16403,59,15,26,0
16404,59,15,26,0
16405,59,15,26,0
16406,59,15,26,0
16407,59,15,26,0
16408,59,15,26,0
16409,59,15,26,0
16410,59,15,26,0
16411,59,15,26,0
16412,59,15,26,0
16413,59,15,26,0
16414,59,15,26,0
16415,59,15,26,0
16416,59,15,26,0
16417,59,15,26,0
16418,59,15,26,0
16419,59,15,26,0
16420,59,15,26,0
16421,59,15,26,0
16422,59,15,26,0
16423,59,15,26,0
16424,59,15,26,0
16425,59,15,26,0
16426,59,15,26,0
16427,59,15,26,0
16428,59,15,26,0
16429,59,15,26,0
16430,59,15,26,0
16431,59,15,26,0
16432,59,15,26,0
16433,59,15,26,0
16434,59,15,26,0
16435,59,15,26,0
16436,59,15,26,0
16437,59,15,26,0
16438,59,15,26,0
16439,59,15,26,0
16440,59,15,26,0
16441,59,15,26,0
16442,59,15,26,0
16443,59,15,26,0
16444,59,15,26,0
16445,59,15,26,0
16446,59,15,26,0
16447,59,15,26,0
16448,59,15,26,0
16449,59,15,26,0
16450,59,15,26,0
16451,59,15,26,0
16452,59,15,26,0
16453,59,15,26,0
16454,59,15,26,0
16455,59,15,26,0
16456,59,15,26,0
16457,59,15,26,0
16458,59,15,26,0
16459,59,15,26,0
16460,59,15,26,0
16461,59,15,26,0
16462,59,15,26,0
16463,59,15,26,0
16464,59,15,26,0
16465,59,15,26,0
16466,59,15,26,0
16467,59,15,26,0
16468,59,15,26,0
16469,59,15,26,0
16470,59,15,26,0
16471,59,15,26,0
16472,59,15,26,0
16473,59,15,26,0
16474,59,15,26,0
16475,59,15,26,0
16476,59,15,26,0
16477,59,15,26,0
16478,59,15,26,0
16479,59,15,26,0
16480,59,15,26,0
16481,59,15,26,0
16482,59,15,26,0
16483,59,15,26,0
16484,59,15,26,0
16485,59,15,26,0
16486,59,15,26,0
16487,59,15,26,0
16488,59,15,26,0
16489,59,15,26,0
16490,59,15,26,0
16491,59,15,26,0
16492,59,15,26,0
16493,59,15,26,0
16494,59,15,26,0
16495,59,15,26,0
16496,59,15,26,0
16497,59,15,26,0
16498,59,15,26,0
16499,59,15,26,0
16500,59,15,26,0
16501,59,15,26,0
16502,59,15,26,0
16503,59,15,26,0
16504,59,15,26,0
16505,59,15,26,0
16506,59,15,26,0
16507,59,15,26,0
16508,59,15,26,0
16509,59,15,26,0
16510,59,15,26,0
16511,59,15,26,0
16512,59,15,26,0
16513,59,15,26,0
16514,59,15,26,0
16515,59,15,26,0
16516,59,15,26,0
16517,59,15,26,0
16518,59,15,26,0
16519,59,15,26,0
16520,59,15,26,0
16521,59,15,26,0
16522,59,15,26,0
16523,59,15,26,0
16524,59,15,26,0
16525,59,15,26,0
16526,59,15,26,0
16527,59,15,26,0
16528,59,15,26,0
16529,59,15,26,0
16530,59,15,26,0
16531,59,15,26,0
16532,59,15,26,0
16533,59,15,26,0
16534,59,15,26,0
16535,59,15,26,0
16536,59,15,26,0
16537,59,15,26,0
16538,59,15,26,0
16539,59,15,26,0
16540,59,15,26,0
16541,59,15,26,0
16542,59,15,26,0
16543,59,15,26,0
16544,59,15,26,0
16545,59,15,26,0
16546,59,15,26,0
16547,59,15,26,0
16548,59,15,26,0
16549,59,15,26,0
16550,59,15,26,0
16551,59,15,26,0
16552,59,15,26,0
16553,59,15,26,0
16554,59,15,26,0
16555,59,15,26,0
16556,59,15,26,0
16557,59,15,26,0
16558,59,15,26,0
16559,59,15,26,0
16560,59,15,26,0
16561,59,15,26,0
16562,59,15,26,0
16563,59,15,26,0
16564,59,15,26,0
16565,59,15,26,0
16566,59,15,26,0
16567,59,15,26,0
16568,59,15,26,0
16569,59,15,26,0
16570,59,15,26,0
16571,59,15,26,0
16572,59,15,26,0
16573,59,15,26,0
16574,59,15,26,0
16575,59,15,26,0
16576,59,15,26,0
16577,59,15,26,0
16578,59,15,26,0
16579,59,15,26,0
16580,59,15,26,0
16581,59,15,26,0
16582,59,15,26,0
16583,59,15,26,0
16584,59,15,26,0
16585,59,15,26,0
16586,59,15,26,0
16587,59,15,26,0
16588,59,15,26,0
16589,59,15,26,0
16590,59,15,26,0
16591,59,15,26,0
16592,59,15,26,0
16593,59,15,26,0
16594,59,15,26,0
16595,59,15,26,0
16596,59,15,26,0
16597,59,15,26,0
16598,59,15,26,0
16599,59,15,26,0
16600,59,15,26,0
16601,59,15,26,0
16602,59,15,26,0
16603,59,15,26,0
16604,59,15,26,0
16605,59,15,26,0
16606,59,15,26,0
16607,59,15,26,0
16608,59,15,26,0
16609,59,15,26,0
16610,59,15,26,0
16611,59,15,26,0
16612,59,15,26,0
16613,59,15,26,0
16614,59,15,26,0
16615,59,15,26,0
16616,59,15,26,0
16617,59,15,26,0
16618,59,15,26,0
16619,59,15,26,0
16620,59,15,26,0
16621,59,15,26,0
16622,59,15,26,0
16623,59,15,26,0
16624,59,15,26,0
16625,59,15,26,0
16626,59,15,26,0
16627,59,15,26,0
16628,59,15,26,0
16629,59,15,26,0
16630,59,15,26,0
16631,59,15,26,0
16632,59,15,26,0
16633,59,15,26,0
16634,59,15,26,0
16635,59,15,26,0
16636,59,15,26,0
16637,59,15,26,0
16638,59,15,26,0
16639,59,15,26,0
16640,59,15,26,0
16641,59,15,26,0
16642,59,15,26,0
16643,59,15,26,0
16644,59,15,26,0
16645,59,15,26,0
16646,59,15,26,0
16647,59,15,26,0
16648,59,15,26,0
16649,59,15,26,0
16650,59,15,26,0
16651,59,15,26,0
16652,59,15,26,0
16653,59,15,26,0
16654,59,15,26,0
16655,59,15,26,0
16656,59,15,26,0
16657,59,15,26,0
16658,59,15,26,0
16659,59,15,26,0
16660,59,15,26,0
16661,59,15,26,0
16662,59,15,26,0
16663,59,15,26,0
16664,59,15,26,0
16665,59,15,26,0
16666,59,15,26,0
16667,59,15,26,0
16668,59,15,26,0
16669,59,15,26,0
16670,59,15,26,0
16671,59,15,26,0
16672,59,15,26,0
16673,59,15,26,0
16674,59,15,26,0
16675,59,15,26,0
16676,59,15,26,0
16677,59,15,26,0
16678,59,15,26,0
16679,59,15,26,0
16680,59,15,26,0
16681,59,15,26,0
16682,59,15,26,0
16683,59,15,26,0
16684,59,15,26,0
16685,59,15,26,0
16686,59,15,26,0
16687,59,15,26,0
16688,59,15,26,0
16689,59,15,26,0
16690,59,15,26,0
16691,59,15,26,0
16692,59,15,26,0
16693,59,15,26,0
16694,59,15,26,0
16695,59,15,26,0
16696,59,15,26,0
16697,59,15,26,0
16698,59,15,26,0
16699,59,15,26,0
16700,59,15,26,0
16701,59,15,26,0
16702,59,15,26,0
16703,59,15,26,0
16704,59,15,26,0
16705,59,15,26,0
16706,59,15,26,0
16707,59,15,26,0
16708,59,15,26,0
16709,59,15,26,0
16710,59,15,26,0
16711,59,15,26,0
16712,59,15,26,0
16713,59,15,26,0
16714,59,15,26,0
16715,59,15,26,0
16716,59,15,26,0
16717,59,15,26,0
16718,59,15,26,0
16719,59,15,26,0
16720,59,15,26,0
16721,59,15,26,0
16722,59,15,26,0
16723,59,15,26,0
16724,59,15,26,0
16725,59,15,26,0
16726,59,15,26,0
16727,59,15,26,0
16728,59,15,26,0
16729,59,15,26,0
16730,59,15,26,0
16731,59,15,26,0
16732,59,15,26,0
16733,59,15,26,0
16734,59,15,26,0
16735,59,15,26,0
16736,59,15,26,0
16737,59,15,26,0
16738,59,15,26,0
16739,59,15,26,0
16740,59,15,26,0
16741,59,15,26,0
16742,59,15,26,0
16743,59,15,26,0
16744,59,15,26,0
16745,59,15,26,0
16746,59,15,26,0
16747,59,15,26,0
16748,59,15,26,0
16749,59,15,26,0
16750,59,15,26,0
16751,59,15,26,0
16752,59,15,26,0
16753,59,15,26,0
16754,59,15,26,0
16755,59,15,26,0
16756,59,15,26,0
16757,59,15,26,0
16758,59,15,26,0
16759,59,15,26,0
16760,59,15,26,0
16761,59,15,26,0
16762,59,15,26,0
16763,59,15,26,0
16764,59,15,26,0
16765,59,15,26,0
16766,59,15,26,0
16767,59,15,26,0
16768,59,15,26,0
16769,59,15,26,0
16770,59,15,26,0
16771,59,15,26,0
16772,59,15,26,0
16773,59,15,26,0
16774,59,15,26,0
16775,59,15,26,0
16776,59,15,26,0
16777,59,15,26,0
16778,59,15,26,0
16779,59,15,26,0
16780,59,15,26,0
16781,59,15,26,0
16782,59,15,26,0
16783,59,15,26,0
16784,59,15,26,0
16785,59,15,26,0
16786,59,15,26,0
16787,59,15,26,0
16788,59,15,26,0
16789,59,15,26,0
16790,59,15,26,0
16791,59,15,26,0
16792,59,15,26,0
16793,59,15,26,0
16794,59,15,26,0
16795,59,15,26,0
16796,59,15,26,0
16797,59,15,26,0
16798,59,15,26,0
16799,59,15,26,0
16800,59,15,26,0
16801,59,15,26,0
16802,59,15,26,0
16803,59,15,26,0
16804,59,15,26,0
16805,59,15,26,0
16806,59,15,26,0
16807,59,15,26,0
16808,59,15,26,0
16809,59,15,26,0
16810,59,15,26,0
16811,59,15,26,0
16812,59,15,26,0
16813,59,15,26,0
16814,59,15,26,0
16815,59,15,26,0
16816,59,15,26,0
16817,59,15,26,0
16818,59,15,26,0
16819,59,15,26,0
16820,59,15,26,0
16821,59,15,26,0
16822,59,15,26,0
16823,59,15,26,0
16824,59,15,26,0
16825,59,15,26,0
16826,59,15,26,0
16827,59,15,26,0
16828,59,15,26,0
16829,59,15,26,0
16830,59,15,26,0
16831,59,15,26,0
16832,59,15,26,0
16833,59,15,26,0
16834,59,15,26,0
16835,59,15,26,0
16836,59,15,26,0
16837,59,15,26,0
16838,59,15,26,0
16839,59,15,26,0
16840,59,15,26,0
16841,59,15,26,0
16842,59,15,26,0
16843,59,15,26,0
16844,59,15,26,0
16845,59,15,26,0
16846,59,15,26,0
16847,59,15,26,0
16848,59,15,26,0
16849,59,15,26,0
16850,59,15,26,0
16851,59,15,26,0
16852,59,15,26,0
16853,59,15,26,0
16854,59,15,26,0
16855,59,15,26,0
16856,59,15,26,0
16857,59,15,26,0
16858,59,15,26,0
16859,59,15,26,0
16860,59,15,26,0
16861,59,15,26,0
16862,59,15,26,0
16863,59,15,26,0
16864,59,15,26,0
16865,59,15,26,0
16866,59,15,26,0
16867,59,15,26,0
16868,59,15,26,0
16869,59,15,26,0
16870,59,15,26,0
16871,59,15,26,0
16872,59,15,26,0
16873,59,15,26,0
16874,59,15,26,0
16875,59,15,26,0
16876,59,15,26,0
16877,59,15,26,0
16878,59,15,26,0
16879,59,15,26,0
16880,59,15,26,0
16881,59,15,26,0
16882,59,15,26,0
16883,59,15,26,0
16884,59,15,26,0
16885,59,15,26,0
16886,59,15,26,0
16887,59,15,26,0
16888,59,15,26,0
16889,59,15,26,0
16890,59,15,26,0
16891,59,15,26,0
16892,59,15,26,0
16893,59,15,26,0
16894,59,15,26,0
16895,59,15,26,0
16896,59,15,26,0
16897,59,15,26,0
16898,59,15,26,0
16899,59,15,26,0
16900,59,15,26,0
16901,59,15,26,0
16902,59,15,26,0
16903,59,15,26,0
16904,59,15,26,0
16905,59,15,26,0
16906,59,15,26,0
16907,59,15,26,0
16908,59,15,26,0
16909,59,15,26,0
16910,59,15,26,0
16911,59,15,26,0
16912,59,15,26,0
16913,59,15,26,0
16914,59,15,26,0
16915,59,15,26,0
16916,59,15,26,0
16917,59,15,26,0
16918,59,15,26,0
16919,59,15,26,0
16920,59,15,26,0
16921,59,15,26,0
16922,59,15,26,0
16923,59,15,26,0
16924,59,15,26,0
16925,59,15,26,0
16926,59,15,26,0
16927,59,15,26,0
16928,59,15,26,0
16929,59,15,26,0
16930,59,15,26,0
16931,59,15,26,0
16932,59,15,26,0
16933,59,15,26,0
16934,59,15,26,0
16935,59,15,26,0
16936,59,15,26,0
16937,59,15,26,0
16938,59,15,26,0
16939,59,15,26,0
16940,59,15,26,0
16941,59,15,26,0
16942,59,15,26,0
16943,59,15,26,0
16944,59,15,26,0
16945,59,15,26,0
16946,59,15,26,0
16947,59,15,26,0
16948,59,15,26,0
16949,59,15,26,0
16950,59,15,26,0
16951,59,15,26,0
16952,59,15,26,0
16953,59,15,26,0
16954,59,15,26,0
16955,59,15,26,0
16956,59,15,26,0
16957,59,15,26,0
16958,59,15,26,0
16959,59,15,26,0
16960,59,15,26,0
16961,59,15,26,0
16962,59,15,26,0
16963,59,15,26,0
16964,59,15,26,0
16965,59,15,26,0
16966,59,15,26,0
16967,59,15,26,0
16968,59,15,26,0
16969,59,15,26,0
16970,59,15,26,0
16971,59,15,26,0
16972,59,15,26,0
16973,59,15,26,0
16974,59,15,26,0
16975,59,15,26,0
16976,59,15,26,0
16977,59,15,26,0
16978,59,15,26,0
16979,59,15,26,0
16980,59,15,26,0
16981,59,15,26,0
16982,59,15,26,0
16983,59,15,26,0
16984,59,15,26,0
16985,59,15,26,0
16986,59,15,26,0
16987,59,15,26,0
16988,59,15,26,0
16989,59,15,26,0
16990,59,15,26,0
16991,59,15,26,0
16992,59,15,26,0
16993,59,15,26,0
16994,59,15,26,0
16995,59,15,26,0
16996,59,15,26,0
16997,59,15,26,0
16998,59,15,26,0
16999,59,15,26,0
17000,59,15,26,0
17001,59,15,26,0
17002,59,15,26,0
17003,59,15,26,0
17004,59,15,26,0
17005,59,15,26,0
17006,59,15,26,0
17007,59,15,26,0
17008,59,15,26,0
17009,59,15,26,0
17010,59,15,26,0
17011,59,15,26,0
17012,59,15,26,0
17013,59,15,26,0
17014,59,15,26,0
17015,59,15,26,0
17016,59,15,26,0
17017,59,15,26,0
17018,59,15,26,0
17019,59,15,26,0
17020,59,15,26,0
17021,59,15,26,0
17022,59,15,26,0
17023,59,15,26,0
17024,59,15,26,0
17025,59,15,26,0
17026,59,15,26,0
17027,59,15,26,0
17028,59,15,26,0
17029,59,15,26,0
17030,59,15,26,0
17031,59,15,26,0
17032,59,15,26,0
17033,59,15,26,0
17034,59,15,26,0
17035,59,15,26,0
17036,59,15,26,0
17037,59,15,26,0
17038,59,15,26,0
17039,59,15,26,0
17040,59,15,26,0
17041,59,15,26,0
17042,59,15,26,0
17043,59,15,26,0
17044,59,15,26,0
17045,59,15,26,0
17046,59,15,26,0
17047,59,15,26,0
17048,59,15,26,0
17049,59,15,26,0
17050,59,15,26,0
17051,59,15,26,0
17052,59,15,26,0
17053,59,15,26,0
17054,59,15,26,0
17055,59,15,26,0
17056,59,15,26,0
17057,59,15,26,0
17058,59,15,26,0
17059,59,15,26,0
17060,59,15,26,0
17061,59,15,26,0
17062,59,15,26,0
17063,59,15,26,0
17064,59,15,26,0
17065,59,15,26,0
17066,59,15,26,0
17067,59,15,26,0
17068,59,15,26,0
17069,59,15,26,0
17070,59,15,26,0
17071,59,15,26,0
17072,59,15,26,0
17073,59,15,26,0
17074,59,15,26,0
17075,59,15,26,0
17076,59,15,26,0
17077,59,15,26,0
17078,59,15,26,0
17079,59,15,26,0
17080,59,15,26,0
17081,59,15,26,0
17082,59,15,26,0
17083,59,15,26,0
17084,59,15,26,0
17085,59,15,26,0
17086,59,15,26,0
17087,59,15,26,0
17088,59,15,26,0
17089,59,15,26,0
17090,59,15,26,0
17091,59,15,26,0
17092,59,15,26,0
17093,59,15,26,0
17094,59,15,26,0
17095,59,15,26,0
17096,59,15,26,0
17097,59,15,26,0
17098,59,15,26,0
17099,59,15,26,0
17100,59,15,26,0
17101,59,15,26,0
17102,59,15,26,0
17103,59,15,26,0
17104,59,15,26,0
17105,59,15,26,0
17106,59,15,26,0
17107,59,15,26,0
17108,59,15,26,0
17109,59,15,26,0
17110,59,15,26,0
17111,59,15,26,0
17112,59,15,26,0
17113,59,15,26,0
17114,59,15,26,0
17115,59,15,26,0
17116,59,15,26,0
17117,59,15,26,0
17118,59,15,26,0
17119,59,15,26,0
17120,59,15,26,0
17121,59,15,26,0
17122,59,15,26,0
17123,59,15,26,0
17124,59,15,26,0
17125,59,15,26,0
17126,59,15,26,0
17127,59,15,26,0
17128,59,15,26,0
17129,59,15,26,0
17130,59,15,26,0
17131,59,15,26,0
17132,59,15,26,0
17133,59,15,26,0
17134,59,15,26,0
17135,59,15,26,0
17136,59,15,26,0
17137,59,15,26,0
17138,59,15,26,0
17139,59,15,26,0
17140,59,15,26,0
17141,59,15,26,0
17142,59,15,26,0
17143,59,15,26,0
17144,59,15,26,0
17145,59,15,26,0
17146,59,15,26,0
17147,59,15,26,0
17148,59,15,26,0
17149,59,15,26,0
17150,59,15,26,0
17151,59,15,26,0
17152,59,15,26,0
17153,59,15,26,0
17154,59,15,26,0
17155,59,15,26,0
17156,59,15,26,0
17157,59,15,26,0
17158,59,15,26,0
17159,59,15,26,0
17160,59,15,26,0
17161,59,15,26,0
17162,59,15,26,0
17163,59,15,26,0
17164,59,15,26,0
17165,59,15,26,0
17166,59,15,26,0
17167,59,15,26,0
17168,59,15,26,0
17169,59,15,26,0
17170,59,15,26,0
17171,59,15,26,0
17172,59,15,26,0
17173,59,15,26,0
17174,59,15,26,0
17175,59,15,26,0
17176,59,15,26,0
17177,59,15,26,0
17178,59,15,26,0
17179,59,15,26,0
17180,59,15,26,0
17181,59,15,26,0
17182,59,15,26,0
17183,59,15,26,0
17184,59,15,26,0
17185,59,15,26,0
17186,59,15,26,0
17187,59,15,26,0
17188,59,15,26,0
17189,59,15,26,0
17190,59,15,26,0
17191,59,15,26,0
17192,59,15,26,0
17193,59,15,26,0
17194,59,15,26,0
17195,59,15,26,0
17196,59,15,26,0
17197,59,15,26,0
17198,59,15,26,0
17199,59,15,26,0
17200,59,15,26,0
17201,59,15,26,0
17202,59,15,26,0
17203,59,15,26,0
17204,59,15,26,0
17205,59,15,26,0
17206,59,15,26,0
17207,59,15,26,0
17208,59,15,26,0
17209,59,15,26,0
17210,59,15,26,0
17211,59,15,26,0
17212,59,15,26,0
17213,59,15,26,0
17214,59,15,26,0
17215,59,15,26,0
17216,59,15,26,0
17217,59,15,26,0
17218,59,15,26,0
17219,59,15,26,0
17220,59,15,26,0
17221,59,15,26,0
17222,59,15,26,0
17223,59,15,26,0
17224,59,15,26,0
17225,59,15,26,0
17226,59,15,26,0
17227,59,15,26,0
17228,59,15,26,0
17229,59,15,26,0
17230,59,15,26,0
17231,59,15,26,0
17232,59,15,26,0
17233,59,15,26,0
17234,59,15,26,0
17235,59,15,26,0
17236,59,15,26,0
17237,59,15,26,0
17238,59,15,26,0
17239,59,15,26,0
17240,59,15,26,0
17241,59,15,26,0
17242,59,15,26,0
17243,59,15,26,0
17244,59,15,26,0
17245,59,15,26,0
17246,59,15,26,0
17247,59,15,26,0
17248,59,15,26,0
17249,59,15,26,0
17250,59,15,26,0
17251,59,15,26,0
17252,59,15,26,0
17253,59,15,26,0
17254,59,15,26,0
17255,59,15,26,0
17256,59,15,26,0
17257,59,15,26,0
17258,59,15,26,0
17259,59,15,26,0
17260,59,15,26,0
17261,59,15,26,0
17262,59,15,26,0
17263,59,15,26,0
17264,59,15,26,0
17265,59,15,26,0
17266,59,15,26,0
17267,59,15,26,0
17268,59,15,26,0
17269,59,15,26,0
17270,59,15,26,0
17271,59,15,26,0
17272,59,15,26,0
17273,59,15,26,0
17274,59,15,26,0
17275,59,15,26,0
17276,59,15,26,0
17277,59,15,26,0
17278,59,15,26,0
17279,59,15,26,0
17280,59,15,26,0
17281,59,15,26,0
17282,59,15,26,0
17283,59,15,26,0
17284,59,15,26,0
17285,59,15,26,0
17286,59,15,26,0
17287,59,15,26,0
17288,59,15,26,0
17289,59,15,26,0
17290,59,15,26,0
17291,59,15,26,0
17292,59,15,26,0
17293,59,15,26,0
17294,59,15,26,0
17295,59,15,26,0
17296,59,15,26,0
17297,59,15,26,0
17298,59,15,26,0
17299,59,15,26,0
17300,59,15,26,0
17301,59,15,26,0
17302,59,15,26,0
17303,59,15,26,0
17304,59,15,26,0
17305,59,15,26,0
17306,59,15,26,0
17307,59,15,26,0
17308,59,15,26,0
17309,59,15,26,0
17310,59,15,26,0
17311,59,15,26,0
17312,59,15,26,0
17313,59,15,26,0
17314,59,15,26,0
17315,59,15,26,0
17316,59,15,26,0
17317,59,15,26,0
17318,59,15,26,0
17319,59,15,26,0
17320,59,15,26,0
17321,59,15,26,0
17322,59,15,26,0
17323,59,15,26,0
17324,59,15,26,0
17325,59,15,26,0
17326,59,15,26,0
17327,59,15,26,0
17328,59,15,26,0
17329,59,15,26,0
17330,59,15,26,0
17331,59,15,26,0
17332,59,15,26,0
17333,59,15,26,0
17334,59,15,26,0
17335,59,15,26,0
17336,59,15,26,0
17337,59,15,26,0
17338,59,15,26,0
17339,59,15,26,0
17340,59,15,26,0
17341,59,15,26,0
17342,59,15,26,0
17343,59,15,26,0
17344,59,15,26,0
17345,59,15,26,0
17346,59,15,26,0
17347,59,15,26,0
17348,59,15,26,0
17349,59,15,26,0
17350,59,15,26,0
17351,59,15,26,0
17352,59,15,26,0
17353,59,15,26,0
17354,59,15,26,0
17355,59,15,26,0
17356,59,15,26,0
17357,59,15,26,0
17358,59,15,26,0
17359,59,15,26,0
17360,59,15,26,0
17361,59,15,26,0
17362,59,15,26,0
17363,59,15,26,0
17364,59,15,26,0
17365,59,15,26,0
17366,59,15,26,0
17367,59,15,26,0
17368,59,15,26,0
17369,59,15,26,0
17370,59,15,26,0
17371,59,15,26,0
17372,59,15,26,0
17373,59,15,26,0
17374,59,15,26,0
17375,59,15,26,0
17376,59,15,26,0
17377,59,15,26,0
17378,59,15,26,0
17379,59,15,26,0
17380,59,15,26,0
17381,59,15,26,0
17382,59,15,26,0
17383,59,15,26,0
17384,59,15,26,0
17385,59,15,26,0
17386,59,15,26,0
17387,59,15,26,0
17388,59,15,26,0
17389,59,15,26,0
17390,59,15,26,0
17391,59,15,26,0
17392,59,15,26,0
17393,59,15,26,0
17394,59,15,26,0
17395,59,15,26,0
17396,59,15,26,0
17397,59,15,26,0
17398,59,15,26,0
17399,59,15,26,0
17400,59,15,26,0
17401,59,15,26,0
17402,59,15,26,0
17403,59,15,26,0
17404,59,15,26,0
17405,59,15,26,0
17406,59,15,26,0
17407,59,15,26,0
17408,59,15,26,0
17409,59,15,26,0
17410,59,15,26,0
17411,59,15,26,0
17412,59,15,26,0
17413,59,15,26,0
17414,59,15,26,0
17415,59,15,26,0
17416,59,15,26,0
17417,59,15,26,0
17418,59,15,26,0
17419,59,15,26,0
17420,59,15,26,0
17421,59,15,26,0
17422,59,15,26,0
17423,59,15,26,0
17424,59,15,26,0
17425,59,15,26,0
17426,59,15,26,0
17427,59,15,26,0
17428,59,15,26,0
17429,59,15,26,0
17430,59,15,26,0
17431,59,15,26,0
17432,59,15,26,0
17433,59,15,26,0
17434,59,15,26,0
17435,59,15,26,0
17436,59,15,26,0
17437,59,15,26,0
17438,59,15,26,0
17439,59,15,26,0
17440,59,15,26,0
17441,59,15,26,0
17442,59,15,26,0
17443,59,15,26,0
17444,59,15,26,0
17445,59,15,26,0
17446,59,15,26,0
17447,59,15,26,0
17448,59,15,26,0
17449,59,15,26,0
17450,59,15,26,0
17451,59,15,26,0
17452,59,15,26,0
17453,59,15,26,0
17454,59,15,26,0
17455,59,15,26,0
17456,59,15,26,0
17457,59,15,26,0
17458,59,15,26,0
17459,59,15,26,0
17460,59,15,26,0
17461,59,15,26,0
17462,59,15,26,0
17463,59,15,26,0
17464,59,15,26,0
17465,59,15,26,0
17466,59,15,26,0
17467,59,15,26,0
17468,59,15,26,0
17469,59,15,26,0
17470,59,15,26,0
17471,59,15,26,0
17472,59,15,26,0
17473,59,15,26,0
17474,59,15,26,0
17475,59,15,26,0
17476,59,15,26,0
17477,59,15,26,0
17478,59,15,26,0
17479,59,15,26,0
17480,59,15,26,0
17481,59,15,26,0
17482,59,15,26,0
17483,59,15,26,0
17484,59,15,26,0
17485,59,15,26,0
17486,59,15,26,0
17487,59,15,26,0
17488,59,15,26,0
17489,59,15,26,0
17490,59,15,26,0
17491,59,15,26,0
17492,59,15,26,0
17493,59,15,26,0
17494,59,15,26,0
17495,59,15,26,0
17496,59,15,26,0
17497,59,15,26,0
17498,59,15,26,0
17499,59,15,26,0
17500,59,15,26,0
17501,59,15,26,0
17502,59,15,26,0
17503,59,15,26,0
17504,59,15,26,0
17505,59,15,26,0
17506,59,15,26,0
17507,59,15,26,0
17508,59,15,26,0
17509,59,15,26,0
17510,59,15,26,0
17511,59,15,26,0
17512,59,15,26,0
17513,59,15,26,0
17514,59,15,26,0
17515,59,15,26,0
17516,59,15,26,0
17517,59,15,26,0
17518,59,15,26,0
17519,59,15,26,0
17520,59,15,26,0
17521,59,15,26,0
17522,59,15,26,0
17523,59,15,26,0
17524,59,15,26,0
17525,59,15,26,0
17526,59,15,26,0
17527,59,15,26,0
17528,59,15,26,0
17529,59,15,26,0
17530,59,15,26,0
17531,59,15,26,0
17532,59,15,26,0
17533,59,15,26,0
17534,59,15,26,0
17535,59,15,26,0
17536,59,15,26,0
17537,59,15,26,0
17538,59,15,26,0
17539,59,15,26,0
17540,59,15,26,0
17541,59,15,26,0
17542,59,15,26,0
17543,59,15,26,0
17544,59,15,26,0
17545,59,15,26,0
17546,59,15,26,0
17547,59,15,26,0
17548,59,15,26,0
17549,59,15,26,0
17550,59,15,26,0
17551,59,15,26,0
17552,59,15,26,0
17553,59,15,26,0
17554,59,15,26,0
17555,59,15,26,0
17556,59,15,26,0
17557,59,15,26,0
17558,59,15,26,0
17559,59,15,26,0
17560,59,15,26,0
17561,59,15,26,0
17562,59,15,26,0
17563,59,15,26,0
17564,59,15,26,0
17565,59,15,26,0
17566,59,15,26,0
17567,59,15,26,0
17568,59,15,26,0
17569,59,15,26,0
17570,59,15,26,0
17571,59,15,26,0
17572,59,15,26,0
17573,59,15,26,0
17574,59,15,26,0
17575,59,15,26,0
17576,59,15,26,0
17577,59,15,26,0
17578,59,15,26,0
17579,59,15,26,0
17580,59,15,26,0
17581,59,15,26,0
17582,59,15,26,0
17583,59,15,26,0
17584,59,15,26,0
17585,59,15,26,0
17586,59,15,26,0
17587,59,15,26,0
17588,59,15,26,0
17589,59,15,26,0
17590,59,15,26,0
17591,59,15,26,0
17592,59,15,26,0
17593,59,15,26,0
17594,59,15,26,0
17595,59,15,26,0
17596,59,15,26,0
17597,59,15,26,0
17598,59,15,26,0
17599,59,15,26,0
17600,59,15,26,0
17601,59,15,26,0
17602,59,15,26,0
17603,59,15,26,0
17604,59,15,26,0
17605,59,15,26,0
17606,59,15,26,0
17607,59,15,26,0
17608,59,15,26,0
17609,59,15,26,0
17610,59,15,26,0
17611,59,15,26,0
17612,59,15,26,0
17613,59,15,26,0
17614,59,15,26,0
17615,59,15,26,0
17616,59,15,26,0
17617,59,15,26,0
17618,59,15,26,0
17619,59,15,26,0
17620,59,15,26,0
17621,59,15,26,0
17622,59,15,26,0
17623,59,15,26,0
17624,59,15,26,0
17625,59,15,26,0
17626,59,15,26,0
17627,59,15,26,0
17628,59,15,26,0
17629,59,15,26,0
17630,59,15,26,0
17631,59,15,26,0
17632,59,15,26,0
17633,59,15,26,0
17634,59,15,26,0
17635,59,15,26,0
17636,59,15,26,0
17637,59,15,26,0
17638,59,15,26,0
17639,59,15,26,0
17640,59,15,26,0
17641,59,15,26,0
17642,59,15,26,0
17643,59,15,26,0
17644,59,15,26,0
17645,59,15,26,0
17646,59,15,26,0
17647,59,15,26,0
17648,59,15,26,0
17649,59,15,26,0
17650,59,15,26,0
17651,59,15,26,0
17652,59,15,26,0
17653,59,15,26,0
17654,59,15,26,0
17655,59,15,26,0
17656,59,15,26,0
17657,59,15,26,0
17658,59,15,26,0
17659,59,15,26,0
17660,59,15,26,0
17661,59,15,26,0
17662,59,15,26,0
17663,59,15,26,0
17664,59,15,26,0
17665,59,15,26,0
17666,59,15,26,0
17667,59,15,26,0
17668,59,15,26,0
17669,59,15,26,0
17670,59,15,26,0
17671,59,15,26,0
17672,59,15,26,0
17673,59,15,26,0
17674,59,15,26,0
17675,59,15,26,0
17676,59,15,26,0
17677,59,15,26,0
17678,59,15,26,0
17679,59,15,26,0
17680,59,15,26,0
17681,59,15,26,0
17682,59,15,26,0
17683,59,15,26,0
17684,59,15,26,0
17685,59,15,26,0
17686,59,15,26,0
17687,59,15,26,0
17688,59,15,26,0
17689,59,15,26,0
17690,59,15,26,0
17691,59,15,26,0
17692,59,15,26,0
17693,59,15,26,0
17694,59,15,26,0
17695,59,15,26,0
17696,59,15,26,0
17697,59,15,26,0
17698,59,15,26,0
17699,59,15,26,0
17700,59,15,26,0
17701,59,15,26,0
17702,59,15,26,0
17703,59,15,26,0
17704,59,15,26,0
17705,59,15,26,0
17706,59,15,26,0
17707,59,15,26,0
17708,59,15,26,0
17709,59,15,26,0
17710,59,15,26,0
17711,59,15,26,0
17712,59,15,26,0
17713,59,15,26,0
17714,59,15,26,0
17715,59,15,26,0
17716,59,15,26,0
17717,59,15,26,0
17718,59,15,26,0
17719,59,15,26,0
17720,59,15,26,0
17721,59,15,26,0
17722,59,15,26,0
17723,59,15,26,0
17724,59,15,26,0
17725,59,15,26,0
17726,59,15,26,0
17727,59,15,26,0
17728,59,15,26,0
17729,59,15,26,0
17730,59,15,26,0
17731,59,15,26,0
17732,59,15,26,0
17733,59,15,26,0
17734,59,15,26,0
17735,59,15,26,0
17736,59,15,26,0
17737,59,15,26,0
17738,59,15,26,0
17739,59,15,26,0
17740,59,15,26,0
17741,59,15,26,0
17742,59,15,26,0
17743,59,15,26,0
17744,59,15,26,0
17745,59,15,26,0
17746,59,15,26,0
17747,59,15,26,0
17748,59,15,26,0
17749,59,15,26,0
17750,59,15,26,0
17751,59,15,26,0
17752,59,15,26,0
17753,59,15,26,0
17754,59,15,26,0
17755,59,15,26,0
17756,59,15,26,0
17757,59,15,26,0
17758,59,15,26,0
17759,59,15,26,0
17760,59,15,26,0
17761,59,15,26,0
17762,59,15,26,0
17763,59,15,26,0
17764,59,15,26,0
17765,59,15,26,0
17766,59,15,26,0
17767,59,15,26,0
17768,59,15,26,0
17769,59,15,26,0
17770,59,15,26,0
17771,59,15,26,0
17772,59,15,26,0
17773,59,15,26,0
17774,59,15,26,0
17775,59,15,26,0
17776,59,15,26,0
17777,59,15,26,0
17778,59,15,26,0
17779,59,15,26,0
17780,59,15,26,0
17781,59,15,26,0
17782,59,15,26,0
17783,59,15,26,0
17784,59,15,26,0
17785,59,15,26,0
17786,59,15,26,0
17787,59,15,26,0
17788,59,15,26,0
17789,59,15,26,0
17790,59,15,26,0
17791,59,15,26,0
17792,59,15,26,0
17793,59,15,26,0
17794,59,15,26,0
17795,59,15,26,0
17796,59,15,26,0
17797,59,15,26,0
17798,59,15,26,0
17799,59,15,26,0
17800,59,15,26,0
17801,59,15,26,0
17802,59,15,26,0
17803,59,15,26,0
17804,59,15,26,0
17805,59,15,26,0
17806,59,15,26,0
17807,59,15,26,0
17808,59,15,26,0
17809,59,15,26,0
17810,59,15,26,0
17811,59,15,26,0
17812,59,15,26,0
17813,59,15,26,0
17814,59,15,26,0
17815,59,15,26,0
17816,59,15,26,0
17817,59,15,26,0
17818,59,15,26,0
17819,59,15,26,0
17820,59,15,26,0
17821,59,15,26,0
17822,59,15,26,0
17823,59,15,26,0
17824,59,15,26,0
17825,59,15,26,0
17826,59,15,26,0
17827,59,15,26,0
17828,59,15,26,0
17829,59,15,26,0
17830,59,15,26,0
17831,59,15,26,0
17832,59,15,26,0
17833,59,15,26,0
17834,59,15,26,0
17835,59,15,26,0
17836,59,15,26,0
17837,59,15,26,0
17838,59,15,26,0
17839,59,15,26,0
17840,59,15,26,0
17841,59,15,26,0
17842,59,15,26,0
17843,59,15,26,0
17844,59,15,26,0
17845,59,15,26,0
17846,59,15,26,0
17847,59,15,26,0
17848,59,15,26,0
17849,59,15,26,0
17850,59,15,26,0
17851,59,15,26,0
17852,59,15,26,0
17853,59,15,26,0
17854,59,15,26,0
17855,59,15,26,0
17856,59,15,26,0
17857,59,15,26,0
17858,59,15,26,0
17859,59,15,26,0
17860,59,15,26,0
17861,59,15,26,0
17862,59,15,26,0
17863,59,15,26,0
17864,59,15,26,0
17865,59,15,26,0
17866,59,15,26,0
17867,59,15,26,0
17868,59,15,26,0
17869,59,15,26,0
17870,59,15,26,0
17871,59,15,26,0
17872,59,15,26,0
17873,59,15,26,0
17874,59,15,26,0
17875,59,15,26,0
17876,59,15,26,0
17877,59,15,26,0
17878,59,15,26,0
17879,59,15,26,0
17880,59,15,26,0
17881,59,15,26,0
17882,59,15,26,0
17883,59,15,26,0
17884,59,15,26,0
17885,59,15,26,0
17886,59,15,26,0
17887,59,15,26,0
17888,59,15,26,0
17889,59,15,26,0
17890,59,15,26,0
17891,59,15,26,0
17892,59,15,26,0
17893,59,15,26,0
17894,59,15,26,0
17895,59,15,26,0
17896,59,15,26,0
17897,59,15,26,0
17898,59,15,26,0
17899,59,15,26,0
17900,59,15,26,0
17901,59,15,26,0
17902,59,15,26,0
17903,59,15,26,0
17904,59,15,26,0
17905,59,15,26,0
17906,59,15,26,0
17907,59,15,26,0
17908,59,15,26,0
17909,59,15,26,0
17910,59,15,26,0
17911,59,15,26,0
17912,59,15,26,0
17913,59,15,26,0
17914,59,15,26,0
17915,59,15,26,0
17916,59,15,26,0
17917,59,15,26,0
17918,59,15,26,0
17919,59,15,26,0
17920,59,15,26,0
17921,59,15,26,0
17922,59,15,26,0
17923,59,15,26,0
17924,59,15,26,0
17925,59,15,26,0
17926,59,15,26,0
17927,59,15,26,0
17928,59,15,26,0
17929,59,15,26,0
17930,59,15,26,0
17931,59,15,26,0
17932,59,15,26,0
17933,59,15,26,0
17934,59,15,26,0
17935,59,15,26,0
17936,59,15,26,0
17937,59,15,26,0
17938,59,15,26,0
17939,59,15,26,0
17940,59,15,26,0
17941,59,15,26,0
17942,59,15,26,0
17943,59,15,26,0
17944,59,15,26,0
17945,59,15,26,0
17946,59,15,26,0
17947,59,15,26,0
17948,59,15,26,0
17949,59,15,26,0
17950,59,15,26,0
17951,59,15,26,0
17952,60,15,27,0
17953,60,15,27,0
17954,60,15,27,0
17955,60,15,27,0
17956,60,15,27,0
17957,60,15,27,0
17958,60,15,27,0
17959,60,15,27,0
17960,60,15,27,0
17961,60,15,27,0
17962,60,15,27,0
17963,60,15,27,0
17964,60,15,27,0
17965,60,15,27,0
17966,60,15,27,0
17967,60,15,27,0
17968,60,15,27,0
17969,60,15,27,0
17970,60,15,27,0
17971,60,15,27,0
17972,60,15,27,0
17973,60,15,27,0
17974,60,15,27,0
17975,60,15,27,0
17976,60,15,27,0
17977,60,15,27,0
17978,60,15,27,0
17979,60,15,27,0
17980,60,15,27,0
17981,60,15,27,0
17982,60,15,27,0
17983,60,15,27,0
17984,60,15,27,0
17985,60,15,27,0
17986,60,15,27,0
17987,60,15,27,0
17988,60,15,27,0
17989,60,15,27,0
17990,60,15,27,0
17991,60,15,27,0
17992,60,15,27,0
17993,60,15,27,0
17994,60,15,27,0
17995,60,15,27,0
17996,60,15,27,0
17997,60,15,27,0
17998,60,15,27,0
17999,60,15,27,0
18000,60,15,27,0
18001,60,15,27,0
18002,60,15,27,0
18003,60,15,27,0
18004,60,15,27,0
18005,60,15,27,0
18006,60,15,27,0
18007,60,15,27,0
18008,60,15,27,0
18009,60,15,27,0
18010,60,15,27,0
18011,60,15,27,0
18012,60,15,27,0
18013,60,15,27,0
18014,60,15,27,0
18015,60,15,27,0
18016,60,15,27,0
18017,60,15,27,0
18018,60,15,27,0
18019,60,15,27,0
18020,60,15,27,0
18021,60,15,27,0
18022,60,15,27,0
18023,60,15,27,0
18024,60,15,27,0
18025,60,15,27,0
18026,60,15,27,0
18027,60,15,27,0
18028,60,15,27,0
18029,60,15,27,0
18030,60,15,27,0
18031,60,15,27,0
18032,60,15,27,0
18033,60,15,27,0
18034,60,15,27,0
18035,60,15,27,0
18036,60,15,27,0
18037,60,15,27,0
18038,60,15,27,0
18039,60,15,27,0
18040,60,15,27,0
18041,60,15,27,0
18042,60,15,27,0
18043,60,15,27,0
18044,60,15,27,0
18045,60,15,27,0
18046,60,15,27,0
18047,60,15,27,0
18048,60,15,27,0
18049,60,15,27,0
18050,60,15,27,0
18051,60,15,27,0
18052,60,15,27,0
18053,60,15,27,0
18054,60,15,27,0
18055,60,15,27,0
18056,60,15,27,0
18057,60,15,27,0
18058,60,15,27,0
18059,60,15,27,0
18060,60,15,27,0
18061,60,15,27,0
18062,60,15,27,0
18063,60,15,27,0
18064,60,15,27,0
18065,60,15,27,0
18066,60,15,27,0
18067,60,15,27,0
18068,60,15,27,0
18069,60,15,27,0
18070,60,15,27,0
18071,60,15,27,0
18072,60,15,27,0
18073,60,15,27,0
18074,60,15,27,0
18075,60,15,27,0
18076,60,15,27,0
18077,60,15,27,0
18078,60,15,27,0
18079,60,15,27,0
18080,60,15,27,0
18081,60,15,27,0
18082,60,15,27,0
18083,60,15,27,0
18084,60,15,27,0
18085,60,15,27,0
18086,60,15,27,0
18087,60,15,27,0
18088,60,15,27,0
18089,60,15,27,0
18090,60,15,27,0
18091,60,15,27,0
18092,60,15,27,0
18093,60,15,27,0
18094,60,15,27,0
18095,60,15,27,0
18096,60,15,27,0
18097,60,15,27,0
18098,60,15,27,0
18099,60,15,27,0
18100,60,15,27,0
18101,60,15,27,0
18102,60,15,27,0
18103,60,15,27,0
18104,60,15,27,0
18105,60,15,27,0
18106,60,15,27,0
18107,60,15,27,0
18108,60,15,27,0
18109,60,15,27,0
18110,60,15,27,0
18111,60,15,27,0
18112,60,15,27,0
18113,60,15,27,0
18114,60,15,27,0
18115,60,15,27,0
18116,60,15,27,0
18117,60,15,27,0
18118,60,15,27,0
18119,60,15,27,0
18120,60,15,27,0
18121,60,15,27,0
18122,60,15,27,0
18123,60,15,27,0
18124,60,15,27,0
18125,60,15,27,0
18126,60,15,27,0
18127,60,15,27,0
18128,60,15,27,0
18129,60,15,27,0
18130,60,15,27,0
18131,60,15,27,0
18132,60,15,27,0
18133,60,15,27,0
18134,60,15,27,0
18135,60,15,27,0
18136,60,15,27,0
18137,60,15,27,0
18138,60,15,27,0
18139,60,15,27,0
18140,60,15,27,0
18141,60,15,27,0
18142,60,15,27,0
18143,60,15,27,0
18144,60,15,27,0
18145,60,15,27,0
18146,60,15,27,0
18147,60,15,27,0
18148,60,15,27,0
18149,60,15,27,0
18150,60,15,27,0
18151,60,15,27,0
18152,60,15,27,0
18153,60,15,27,0
18154,60,15,27,0
18155,60,15,27,0
18156,60,15,27,0
18157,60,15,27,0
18158,60,15,27,0
18159,60,15,27,0
18160,60,15,27,0
18161,60,15,27,0
18162,60,15,27,0
18163,60,15,27,0
18164,60,15,27,0
18165,60,15,27,0
18166,60,15,27,0
18167,60,15,27,0
18168,60,15,27,0
18169,60,15,27,0
18170,60,15,27,0
18171,60,15,27,0
18172,60,15,27,0
18173,60,15,27,0
18174,60,15,27,0
18175,60,15,27,0
18176,60,15,27,0
18177,60,15,27,0
18178,60,15,27,0
18179,60,15,27,0
18180,60,15,27,0
18181,60,15,27,0
18182,60,15,27,0
18183,60,15,27,0
18184,60,15,27,0
18185,60,15,27,0
18186,60,15,27,0
18187,60,15,27,0
18188,60,15,27,0
18189,60,15,27,0
18190,60,15,27,0
18191,60,15,27,0
18192,60,15,27,0
18193,60,15,27,0
18194,60,15,27,0
18195,60,15,27,0
18196,60,15,27,0
18197,60,15,27,0
18198,60,15,27,0
18199,60,15,27,0
18200,60,15,27,0
18201,60,15,27,0
18202,60,15,27,0
18203,60,15,27,0
18204,60,15,27,0
18205,60,15,27,0
18206,60,15,27,0
18207,60,15,27,0
18208,60,15,27,0
18209,60,15,27,0
18210,60,15,27,0
18211,60,15,27,0
18212,60,15,27,0
18213,60,15,27,0
18214,60,15,27,0
18215,60,15,27,0
18216,60,15,27,0
18217,60,15,27,0
18218,60,15,27,0
18219,60,15,27,0
18220,60,15,27,0
18221,60,15,27,0
18222,60,15,27,0
18223,60,15,27,0
18224,60,15,27,0
18225,60,15,27,0
18226,60,15,27,0
18227,60,15,27,0
18228,60,15,27,0
18229,60,15,27,0
18230,60,15,27,0
18231,60,15,27,0
18232,60,15,27,0
18233,60,15,27,0
18234,60,15,27,0
18235,60,15,27,0
18236,60,15,27,0
18237,60,15,27,0
18238,60,15,27,0
18239,60,15,27,0
18240,60,15,27,0
18241,60,15,27,0
18242,60,15,27,0
18243,60,15,27,0
18244,60,15,27,0
18245,60,15,27,0
18246,60,15,27,0
18247,60,15,27,0
18248,60,15,27,0
18249,60,15,27,0
18250,60,15,27,0
18251,60,15,27,0
18252,60,15,27,0
18253,60,15,27,0
18254,60,15,27,0
18255,60,15,27,0
18256,60,15,27,0
18257,60,15,27,0
18258,60,15,27,0
18259,60,15,27,0
18260,60,15,27,0
18261,60,15,27,0
18262,60,15,27,0
18263,60,15,27,0
18264,60,15,27,0
18265,60,15,27,0
18266,60,15,27,0
18267,60,15,27,0
18268,60,15,27,0
18269,60,15,27,0
18270,60,15,27,0
18271,60,15,27,0
18272,60,15,27,0
18273,60,15,27,0
18274,60,15,27,0
18275,60,15,27,0
18276,60,15,27,0
18277,60,15,27,0
18278,60,15,27,0
18279,60,15,27,0
18280,60,15,27,0
18281,60,15,27,0
18282,60,15,27,0
18283,60,15,27,0
18284,60,15,27,0
18285,60,15,27,0
18286,60,15,27,0
18287,60,15,27,0
18288,60,15,27,0
18289,60,15,27,0
18290,60,15,27,0
18291,60,15,27,0
18292,60,15,27,0
18293,60,15,27,0
18294,60,15,27,0
18295,60,15,27,0
18296,60,15,27,0
18297,60,15,27,0
18298,60,15,27,0
18299,60,15,27,0
18300,60,15,27,0
18301,60,15,27,0
18302,60,15,27,0
18303,60,15,27,0
18304,60,15,27,0
18305,60,15,27,0
18306,60,15,27,0
18307,60,15,27,0
18308,60,15,27,0
18309,60,15,27,0
18310,60,15,27,0
18311,60,15,27,0
18312,60,15,27,0
18313,60,15,27,0
18314,60,15,27,0
18315,60,15,27,0
18316,60,15,27,0
18317,60,15,27,0
18318,60,15,27,0
18319,60,15,27,0
18320,60,15,27,0
18321,60,15,27,0
18322,60,15,27,0
18323,60,15,27,0
18324,60,15,27,0
18325,60,15,27,0
18326,60,15,27,0
18327,60,15,27,0
18328,60,15,27,0
18329,60,15,27,0
18330,60,15,27,0
18331,60,15,27,0
18332,60,15,27,0
18333,60,15,27,0
18334,60,15,27,0
18335,60,15,27,0
18336,60,15,27,0
18337,60,15,27,0
18338,60,15,27,0
18339,60,15,27,0
18340,60,15,27,0
18341,60,15,27,0
18342,60,15,27,0
18343,60,15,27,0
18344,60,15,27,0
18345,60,15,27,0
18346,60,15,27,0
18347,60,15,27,0
18348,60,15,27,0
18349,60,15,27,0
18350,60,15,27,0
18351,60,15,27,0
18352,60,15,27,0
18353,60,15,27,0
18354,60,15,27,0
18355,60,15,27,0
18356,60,15,27,0
18357,60,15,27,0
18358,60,15,27,0
18359,60,15,27,0
18360,60,15,27,0
18361,60,15,27,0
18362,60,15,27,0
18363,60,15,27,0
18364,60,15,27,0
18365,60,15,27,0
18366,60,15,27,0
18367,60,15,27,0
18368,60,15,27,0
18369,60,15,27,0
18370,60,15,27,0
18371,60,15,27,0
18372,60,15,27,0
18373,60,15,27,0
18374,60,15,27,0
18375,60,15,27,0
18376,60,15,27,0
18377,60,15,27,0
18378,60,15,27,0
18379,60,15,27,0
18380,60,15,27,0
18381,60,15,27,0
18382,60,15,27,0
18383,60,15,27,0
18384,60,15,27,0
18385,60,15,27,0
18386,60,15,27,0
18387,60,15,27,0
18388,60,15,27,0
18389,60,15,27,0
18390,60,15,27,0
18391,60,15,27,0
18392,60,15,27,0
18393,60,15,27,0
18394,60,15,27,0
18395,60,15,27,0
18396,60,15,27,0
18397,60,15,27,0
18398,60,15,27,0
18399,60,15,27,0
18400,60,15,27,0
18401,60,15,27,0
18402,60,15,27,0
18403,60,15,27,0
18404,60,15,27,0
18405,60,15,27,0
18406,60,15,27,0
18407,60,15,27,0
18408,60,15,27,0
18409,60,15,27,0
18410,60,15,27,0
18411,60,15,27,0
18412,60,15,27,0
18413,60,15,27,0
18414,60,15,27,0
18415,60,15,27,0
18416,60,15,27,0
18417,60,15,27,0
18418,60,15,27,0
18419,60,15,27,0
18420,60,15,27,0
18421,60,15,27,0
18422,60,15,27,0
18423,60,15,27,0
18424,60,15,27,0
18425,60,15,27,0
18426,60,15,27,0
18427,60,15,27,0
18428,60,15,27,0
18429,60,15,27,0
18430,60,15,27,0
18431,60,15,27,0
18432,60,15,27,0
18433,60,15,27,0
18434,60,15,27,0
18435,60,15,27,0
18436,60,15,27,0
18437,60,15,27,0
18438,60,15,27,0
18439,60,15,27,0
18440,60,15,27,0
18441,60,15,27,0
18442,60,15,27,0
18443,60,15,27,0
18444,60,15,27,0
18445,60,15,27,0
18446,60,15,27,0
18447,60,15,27,0
18448,60,15,27,0
18449,60,15,27,0
18450,60,15,27,0
18451,60,15,27,0
18452,60,15,27,0
18453,60,15,27,0
18454,60,15,27,0
18455,60,15,27,0
18456,60,15,27,0
18457,60,15,27,0
18458,60,15,27,0
18459,60,15,27,0
18460,60,15,27,0
18461,60,15,27,0
18462,60,15,27,0
18463,60,15,27,0
18464,60,15,27,0
18465,60,15,27,0
18466,60,15,27,0
18467,60,15,27,0
18468,60,15,27,0
18469,60,15,27,0
18470,60,15,27,0
18471,60,15,27,0
18472,60,15,27,0
18473,60,15,27,0
18474,60,15,27,0
18475,60,15,27,0
18476,60,15,27,0
18477,60,15,27,0
18478,60,15,27,0
18479,60,15,27,0
18480,60,15,27,0
18481,60,15,27,0
18482,60,15,27,0
18483,60,15,27,0
18484,60,15,27,0
18485,60,15,27,0
18486,60,15,27,0
18487,60,15,27,0
18488,60,15,27,0
18489,60,15,27,0
18490,60,15,27,0
18491,60,15,27,0
18492,60,15,27,0
18493,60,15,27,0
18494,60,15,27,0
18495,60,15,27,0
18496,60,15,27,0
18497,60,15,27,0
18498,60,15,27,0
18499,60,15,27,0
18500,60,15,27,0
18501,60,15,27,0
18502,60,15,27,0
18503,60,15,27,0
18504,60,15,27,0
18505,60,15,27,0
18506,60,15,27,0
18507,60,15,27,0
18508,60,15,27,0
18509,60,15,27,0
18510,60,15,27,0
18511,60,15,27,0
18512,60,15,27,0
18513,60,15,27,0
18514,60,15,27,0
18515,60,15,27,0
18516,60,15,27,0
18517,60,15,27,0
18518,60,15,27,0
18519,60,15,27,0
18520,60,15,27,0
18521,60,15,27,0
18522,60,15,27,0
18523,60,15,27,0
18524,60,15,27,0
18525,60,15,27,0
18526,60,15,27,0
18527,60,15,27,0
18528,60,15,27,0
18529,60,15,27,0
18530,60,15,27,0
18531,60,15,27,0
18532,60,15,27,0
18533,60,15,27,0
18534,60,15,27,0
18535,60,15,27,0
18536,60,15,27,0
18537,60,15,27,0
18538,60,15,27,0
18539,60,15,27,0
18540,60,15,27,0
18541,60,15,27,0
18542,60,15,27,0
18543,60,15,27,0
18544,60,15,27,0
18545,60,15,27,0
18546,60,15,27,0
18547,60,15,27,0
18548,60,15,27,0
18549,60,15,27,0
18550,60,15,27,0
18551,60,15,27,0
18552,60,15,27,0
18553,60,15,27,0
18554,60,15,27,0
18555,60,15,27,0
18556,60,15,27,0
18557,60,15,27,0
18558,60,15,27,0
18559,60,15,27,0
18560,60,15,27,0
18561,60,15,27,0
18562,60,15,27,0
18563,60,15,27,0
18564,60,15,27,0
18565,60,15,27,0
18566,60,15,27,0
18567,60,15,27,0
18568,60,15,27,0
18569,60,15,27,0
18570,60,15,27,0
18571,60,15,27,0
18572,60,15,27,0
18573,60,15,27,0
18574,60,15,27,0
18575,60,15,27,0
18576,60,15,27,0
18577,60,15,27,0
18578,60,15,27,0
18579,60,15,27,0
18580,60,15,27,0
18581,60,15,27,0
18582,60,15,27,0
18583,60,15,27,0
18584,60,15,27,0
18585,60,15,27,0
18586,60,15,27,0
18587,60,15,27,0
18588,60,15,27,0
18589,60,15,27,0
18590,60,15,27,0
18591,60,15,27,0
18592,60,15,27,0
18593,60,15,27,0
18594,60,15,27,0
18595,60,15,27,0
18596,60,15,27,0
18597,60,15,27,0
18598,60,15,27,0
18599,60,15,27,0
18600,60,15,27,0
18601,60,15,27,0
18602,60,15,27,0
18603,60,15,27,0
18604,60,15,27,0
18605,60,15,27,0
18606,60,15,27,0
18607,60,15,27,0
18608,60,15,27,0
18609,60,15,27,0
18610,60,15,27,0
18611,60,15,27,0
18612,60,15,27,0
18613,60,15,27,0
18614,60,15,27,0
18615,60,15,27,0
18616,60,15,27,0
18617,60,15,27,0
18618,60,15,27,0
18619,60,15,27,0
18620,60,15,27,0
18621,60,15,27,0
18622,60,15,27,0
18623,60,15,27,0
18624,60,15,27,0
18625,60,15,27,0
18626,60,15,27,0
18627,60,15,27,0
18628,60,15,27,0
18629,60,15,27,0
18630,60,15,27,0
18631,60,15,27,0
18632,60,15,27,0
18633,60,15,27,0
18634,60,15,27,0
18635,60,15,27,0
18636,60,15,27,0
18637,60,15,27,0
18638,60,15,27,0
18639,60,15,27,0
18640,60,15,27,0
18641,60,15,27,0
18642,60,15,27,0
18643,60,15,27,0
18644,60,15,27,0
18645,60,15,27,0
18646,60,15,27,0
18647,60,15,27,0
18648,60,15,27,0
18649,60,15,27,0
18650,60,15,27,0
18651,60,15,27,0
18652,60,15,27,0
18653,60,15,27,0
18654,60,15,27,0
18655,60,15,27,0
18656,60,15,27,0
18657,60,15,27,0
18658,60,15,27,0
18659,60,15,27,0
18660,60,15,27,0
18661,60,15,27,0
18662,60,15,27,0
18663,60,15,27,0
18664,60,15,27,0
18665,60,15,27,0
18666,60,15,27,0
18667,60,15,27,0
18668,60,15,27,0
18669,60,15,27,0
18670,60,15,27,0
18671,60,15,27,0
18672,60,15,27,0
18673,60,15,27,0
18674,60,15,27,0
18675,60,15,27,0
18676,60,15,27,0
18677,60,15,27,0
18678,60,15,27,0
18679,60,15,27,0
18680,60,15,27,0
18681,60,15,27,0
18682,60,15,27,0
18683,60,15,27,0
18684,60,15,27,0
18685,60,15,27,0
18686,60,15,27,0
18687,60,15,27,0
18688,60,15,27,0
18689,60,15,27,0
18690,60,15,27,0
18691,60,15,27,0
18692,60,15,27,0
18693,60,15,27,0
18694,60,15,27,0
18695,60,15,27,0
18696,60,15,27,0
18697,60,15,27,0
18698,60,15,27,0
18699,60,15,27,0
18700,60,15,27,0
18701,60,15,27,0
18702,60,15,27,0
18703,60,15,27,0
18704,60,15,27,0
18705,60,15,27,0
18706,60,15,27,0
18707,60,15,27,0
18708,60,15,27,0
18709,60,15,27,0
18710,60,15,27,0
18711,60,15,27,0
18712,60,15,27,0
18713,60,15,27,0
18714,60,15,27,0
18715,60,15,27,0
18716,60,15,27,0
18717,60,15,27,0
18718,60,15,27,0
18719,60,15,27,0
18720,60,15,27,0
18721,60,15,27,0
18722,60,15,27,0
18723,60,15,27,0
18724,60,15,27,0
18725,60,15,27,0
18726,60,15,27,0
18727,60,15,27,0
18728,60,15,27,0
18729,60,15,27,0
18730,60,15,27,0
18731,60,15,27,0
18732,60,15,27,0
18733,60,15,27,0
18734,60,15,27,0
18735,60,15,27,0
18736,60,15,27,0
18737,60,15,27,0
18738,60,15,27,0
18739,60,15,27,0
18740,60,15,27,0
18741,60,15,27,0
18742,60,15,27,0
18743,60,15,27,0
18744,60,15,27,0
18745,60,15,27,0
18746,60,15,27,0
18747,60,15,27,0
18748,60,15,27,0
18749,60,15,27,0
18750,60,15,27,0
18751,60,15,27,0
18752,60,15,27,0
18753,60,15,27,0
18754,60,15,27,0
18755,60,15,27,0
18756,60,15,27,0
18757,60,15,27,0
18758,60,15,27,0
18759,60,15,27,0
18760,60,15,27,0
18761,60,15,27,0
18762,60,15,27,0
18763,60,15,27,0
18764,60,15,27,0
18765,60,15,27,0
18766,60,15,27,0
18767,60,15,27,0
18768,60,15,27,0
18769,60,15,27,0
18770,60,15,27,0
18771,60,15,27,0
18772,60,15,27,0
18773,60,15,27,0
18774,60,15,27,0
18775,60,15,27,0
18776,60,15,27,0
18777,60,15,27,0
18778,60,15,27,0
18779,60,15,27,0
18780,60,15,27,0
18781,60,15,27,0
18782,60,15,27,0
18783,60,15,27,0
18784,60,15,27,0
18785,60,15,27,0
18786,60,15,27,0
18787,60,15,27,0
18788,60,15,27,0
18789,60,15,27,0
18790,60,15,27,0
18791,60,15,27,0
18792,60,15,27,0
18793,60,15,27,0
18794,60,15,27,0
18795,60,15,27,0
18796,60,15,27,0
18797,60,15,27,0
18798,60,15,27,0
18799,60,15,27,0
18800,60,15,27,0
18801,60,15,27,0
18802,60,15,27,0
18803,60,15,27,0
18804,60,15,27,0
18805,60,15,27,0
18806,60,15,27,0
18807,60,15,27,0
18808,60,15,27,0
18809,60,15,27,0
18810,60,15,27,0
18811,60,15,27,0
18812,60,15,27,0
18813,60,15,27,0
18814,60,15,27,0
18815,60,15,27,0
18816,60,15,27,0
18817,60,15,27,0
18818,60,15,27,0
18819,60,15,27,0
18820,60,15,27,0
18821,60,15,27,0
18822,60,15,27,0
18823,60,15,27,0
18824,60,15,27,0
18825,60,15,27,0
18826,60,15,27,0
18827,60,15,27,0
18828,60,15,27,0
18829,60,15,27,0
18830,60,15,27,0
18831,60,15,27,0
18832,60,15,27,0
18833,60,15,27,0
18834,60,15,27,0
18835,60,15,27,0
18836,60,15,27,0
18837,60,15,27,0
18838,60,15,27,0
18839,60,15,27,0
18840,60,15,27,0
18841,60,15,27,0
18842,60,15,27,0
18843,60,15,27,0
18844,60,15,27,0
18845,60,15,27,0
18846,60,15,27,0
18847,60,15,27,0
18848,60,15,27,0
18849,60,15,27,0
18850,60,15,27,0
18851,60,15,27,0
18852,60,15,27,0
18853,60,15,27,0
18854,60,15,27,0
18855,60,15,27,0
18856,60,15,27,0
18857,60,15,27,0
18858,60,15,27,0
18859,60,15,27,0
18860,60,15,27,0
18861,60,15,27,0
18862,60,15,27,0
18863,60,15,27,0
18864,60,15,27,0
18865,60,15,27,0
18866,60,15,27,0
18867,60,15,27,0
18868,60,15,27,0
18869,60,15,27,0
18870,60,15,27,0
18871,60,15,27,0
18872,60,15,27,0
18873,60,15,27,0
18874,60,15,27,0
18875,60,15,27,0
18876,60,15,27,0
18877,60,15,27,0
18878,60,15,27,0
18879,60,15,27,0
18880,60,15,27,0
18881,60,15,27,0
18882,60,15,27,0
18883,60,15,27,0
18884,60,15,27,0
18885,60,15,27,0
18886,60,15,27,0
18887,60,15,27,0
18888,60,15,27,0
18889,60,15,27,0
18890,60,15,27,0
18891,60,15,27,0
18892,60,15,27,0
18893,60,15,27,0
18894,60,15,27,0
18895,60,15,27,0
18896,60,15,27,0
18897,60,15,27,0
18898,60,15,27,0
18899,60,15,27,0
18900,60,15,27,0
18901,60,15,27,0
18902,60,15,27,0
18903,60,15,27,0
18904,60,15,27,0
18905,60,15,27,0
18906,60,15,27,0
18907,60,15,27,0
18908,60,15,27,0
18909,60,15,27,0
18910,60,15,27,0
18911,60,15,27,0
18912,60,15,27,0
18913,60,15,27,0
18914,60,15,27,0
18915,60,15,27,0
18916,60,15,27,0
18917,60,15,27,0
18918,60,15,27,0
18919,60,15,27,0
18920,60,15,27,0
18921,60,15,27,0
18922,60,15,27,0
18923,60,15,27,0
18924,60,15,27,0
18925,60,15,27,0
18926,60,15,27,0
18927,60,15,27,0
18928,60,15,27,0
18929,60,15,27,0
18930,60,15,27,0
18931,60,15,27,0
18932,60,15,27,0
18933,60,15,27,0
18934,60,15,27,0
18935,60,15,27,0
18936,60,15,27,0
18937,60,15,27,0
18938,60,15,27,0
18939,60,15,27,0
18940,60,15,27,0
18941,60,15,27,0
18942,60,15,27,0
18943,60,15,27,0
18944,60,15,27,0
18945,60,15,27,0
18946,60,15,27,0
18947,60,15,27,0
18948,60,15,27,0
18949,60,15,27,0
18950,60,15,27,0
18951,60,15,27,0
18952,60,15,27,0
18953,60,15,27,0
18954,60,15,27,0
18955,60,15,27,0
18956,60,15,27,0
18957,60,15,27,0
18958,60,15,27,0
18959,60,15,27,0
18960,60,15,27,0
18961,60,15,27,0
18962,60,15,27,0
18963,60,15,27,0
18964,60,15,27,0
18965,60,15,27,0
18966,60,15,27,0
18967,60,15,27,0
18968,60,15,27,0
18969,60,15,27,0
18970,60,15,27,0
18971,60,15,27,0
18972,60,15,27,0
18973,60,15,27,0
18974,60,15,27,0
18975,60,15,27,0
18976,60,15,27,0
18977,60,15,27,0
18978,60,15,27,0
18979,60,15,27,0
18980,60,15,27,0
18981,60,15,27,0
18982,60,15,27,0
18983,60,15,27,0
18984,60,15,27,0
18985,60,15,27,0
18986,60,15,27,0
18987,60,15,27,0
18988,60,15,27,0
18989,60,15,27,0
18990,60,15,27,0
18991,60,15,27,0
18992,60,15,27,0
18993,60,15,27,0
18994,60,15,27,0
18995,60,15,27,0
18996,60,15,27,0
18997,60,15,27,0
18998,60,15,27,0
18999,60,15,27,0
19000,60,15,27,0
19001,60,15,27,0
19002,60,15,27,0
19003,60,15,27,0
19004,60,15,27,0
19005,60,15,27,0
19006,60,15,27,0
19007,60,15,27,0
19008,60,15,27,0
19009,60,15,27,0
19010,60,15,27,0
19011,62,15,28,0
19012,62,15,28,0
19013,62,15,28,0
19014,62,15,28,0
19015,62,15,28,0
19016,62,15,28,0
19017,62,15,28,0
19018,62,15,28,0
19019,62,15,28,0
19020,62,15,28,0
19021,62,15,28,0
19022,62,15,28,0
19023,62,15,28,0
19024,62,15,28,0
19025,62,15,28,0
19026,62,15,28,0
19027,62,15,28,0
19028,62,15,28,0
19029,62,15,28,0
19030,62,15,28,0
19031,62,15,28,0
19032,62,15,28,0
19033,62,15,28,0
19034,62,15,28,0
19035,62,15,28,0
19036,62,15,28,0
19037,62,15,28,0
19038,62,15,28,0
19039,62,15,28,0
19040,62,15,28,0
19041,62,15,28,0
19042,62,15,28,0
19043,62,15,28,0
19044,62,15,28,0
19045,62,15,28,0
19046,62,15,28,0
19047,62,15,28,0
19048,62,15,28,0
19049,62,15,28,0
19050,62,15,28,0
19051,62,15,28,0
19052,62,15,28,0
19053,62,15,28,0
19054,62,15,28,0
19055,62,15,28,0
19056,62,15,28,0
19057,62,15,28,0
19058,62,15,28,0
19059,62,15,28,0
19060,62,15,28,0
19061,62,15,28,0
19062,62,15,28,0
19063,62,15,28,0
19064,62,15,28,0
19065,62,15,28,0
19066,62,15,28,0
19067,62,15,28,0
19068,62,15,28,0
19069,62,15,28,0
19070,62,15,28,0
19071,62,15,28,0
19072,62,15,28,0
19073,62,15,28,0
19074,62,15,28,0
19075,62,15,28,0
19076,62,15,28,0
19077,62,15,28,0
19078,62,15,28,0
19079,62,15,28,0
19080,62,15,28,0
19081,62,15,28,0
19082,62,15,28,0
19083,62,15,28,0
19084,62,15,28,0
19085,62,15,28,0
19086,62,15,28,0
19087,62,15,28,0
19088,62,15,28,0
19089,62,15,28,0
19090,62,15,28,0
19091,62,15,28,0
19092,62,15,28,0
19093,62,15,28,0
19094,62,15,28,0
19095,62,15,28,0
19096,62,15,28,0
19097,62,15,28,0
19098,62,15,28,0
19099,62,15,28,0
19100,62,15,28,0
19101,62,15,28,0
19102,62,15,28,0
19103,62,15,28,0
19104,62,15,28,0
19105,62,15,28,0
19106,62,15,28,0
19107,62,15,28,0
19108,62,15,28,0
19109,62,15,28,0
19110,62,15,28,0
19111,62,15,28,0
19112,62,15,28,0
19113,62,15,28,0
19114,62,15,28,0
19115,62,15,28,0
19116,62,15,28,0
19117,62,15,28,0
19118,62,15,28,0
19119,62,15,28,0
19120,62,15,28,0
19121,62,15,28,0
19122,62,15,28,0
19123,62,15,28,0
19124,62,15,28,0
19125,62,15,28,0
19126,62,15,28,0
19127,62,15,28,0
19128,62,15,28,0
19129,62,15,28,0
19130,62,15,28,0
19131,62,15,28,0
19132,62,15,28,0
19133,62,15,28,0
19134,62,15,28,0
19135,62,15,28,0
19136,62,15,28,0
19137,62,15,28,0
19138,62,15,28,0
19139,62,15,28,0
19140,62,15,28,0
19141,62,15,28,0
19142,62,15,28,0
19143,62,15,28,0
19144,62,15,28,0
19145,62,15,28,0
19146,62,15,28,0
19147,62,15,28,0
19148,62,15,28,0
19149,62,15,28,0
19150,62,15,28,0
19151,62,15,28,0
19152,62,15,28,0
19153,62,15,28,0
19154,62,15,28,0
19155,62,15,28,0
19156,62,15,28,0
19157,62,15,28,0
19158,62,15,28,0
19159,62,15,28,0
19160,62,15,28,0
19161,62,15,28,0
19162,62,15,28,0
19163,62,15,28,0
19164,62,15,28,0
19165,62,15,28,0
19166,62,15,28,0
19167,62,15,28,0
19168,62,15,28,0
19169,62,15,28,0
19170,63,15,29,1
19171,63,15,29,1
19172,63,15,29,1
19173,63,15,29,1
19174,63,15,29,1
19175,63,15,29,1
19176,63,15,29,2
19177,63,15,29,2
19178,63,15,29,2
19179,63,15,29,2
19180,63,15,29,2
19181,63,15,29,3
19182,63,15,29,3
19183,63,15,29,3
19184,63,15,29,3
19185,63,15,29,3
19186,63,15,29,3
19187,63,15,29,3
19188,63,15,29,3
19189,63,15,29,3
19190,63,15,29,3
19191,63,15,29,3
19192,63,15,29,3
19193,63,15,29,4
19194,63,15,29,4
19195,63,15,29,4
19196,63,15,29,4
19197,63,15,29,4
19198,63,15,29,5
19199,63,15,29,5
19200,63,15,29,5
19201,63,15,29,5
19202,63,15,29,5
19203,63,15,29,5
19204,63,15,29,6
19205,63,15,29,7
19206,63,15,29,7
19207,63,15,29,7
19208,63,15,29,7
19209,63,15,29,7
19210,63,15,29,7
19211,63,15,29,7
19212,63,15,29,7
19213,63,15,29,7
19214,63,15,29,8
19215,63,15,29,8
19216,63,15,29,9
19217,63,15,29,10
19218,63,15,29,11
19219,63,15,29,11
19220,63,15,29,11
19221,63,15,29,12
19222,63,15,29,12
19223,63,15,29,12
19224,63,15,29,12
19225,63,15,29,13
19226,63,15,29,13
19227,63,15,29,13
19228,63,15,29,13
19229,63,15,29,13
19230,63,15,29,13
19231,63,15,29,13
19232,63,15,29,14
19233,63,15,29,14
19234,63,15,29,14
19235,63,15,29,14
19236,63,15,29,14
19237,63,15,29,15
19238,63,15,29,15
19239,63,15,29,15
19240,63,15,29,16
19241,63,15,29,16
19242,63,15,29,16
19243,63,15,29,16
19244,63,15,29,17
19245,63,15,29,17
19246,63,15,29,17
19247,63,15,29,17
19248,63,15,29,17
19249,63,15,29,17
19250,63,15,29,17
19251,63,15,29,17
19252,63,15,29,18
19253,63,15,29,18
19254,63,15,29,18
19255,63,15,29,18
19256,63,15,29,19
19257,63,15,29,19
19258,63,15,29,19
19259,63,15,29,19
19260,63,15,29,19
19261,63,15,29,19
19262,63,15,29,19
19263,63,15,29,19
19264,63,15,29,19
19265,63,15,29,20
19266,63,15,29,20
19267,63,15,29,20
19268,63,15,29,21
19269,63,15,29,21
19270,63,15,29,21
19271,63,15,29,21
19272,63,15,29,21
19273,63,15,29,21
19274,63,15,29,21
19275,63,15,29,21
19276,63,15,29,21
19277,63,15,29,22
19278,63,15,29,22
19279,63,15,29,22
19280,63,15,29,22
19281,63,15,29,22
19282,63,15,29,22
19283,63,15,29,22
19284,63,15,29,22
19285,63,15,29,22
19286,63,15,29,22
19287,63,15,29,22
19288,63,15,29,22
19289,63,15,29,22
19290,63,15,29,22
19291,63,15,29,22
19292,63,15,29,22
19293,63,15,29,22
19294,63,15,29,22
19295,63,15,29,22
19296,63,15,29,22
19297,63,15,29,22
19298,63,15,29,22
19299,63,15,29,22
19300,63,15,29,23
19301,63,15,29,23
19302,63,15,29,23
19303,63,15,29,23
19304,63,15,29,23
19305,63,15,29,23
19306,63,15,29,23
19307,63,15,29,23
19308,63,15,29,23
19309,63,15,29,23
19310,63,15,29,23
19311,63,15,29,23
19312,63,15,29,23
19313,63,15,29,23
19314,63,15,29,23
19315,63,15,29,23
19316,63,15,29,23
19317,63,15,29,23
19318,63,15,29,23
19319,63,15,29,23
19320,63,15,29,24
19321,63,15,29,24
19322,63,15,29,24
19323,63,15,29,24
19324,63,15,29,25
19325,63,15,29,25
19326,63,15,29,25
19327,63,15,29,25
19328,63,15,29,25
19329,63,15,29,25
19330,63,15,29,25
19331,63,15,29,25
19332,63,15,29,25
19333,63,15,29,25
19334,63,15,29,25
19335,63,15,29,25
19336,63,15,29,25
19337,63,15,29,25
19338,63,15,29,25
19339,63,15,29,25
19340,63,15,29,25
19341,63,15,29,25
19342,63,15,29,25
19343,63,15,29,25
19344,63,15,29,25
19345,63,15,29,25
19346,63,15,29,25
19347,63,15,29,25
19348,63,15,29,26
19349,63,15,29,26
19350,63,15,29,26
19351,63,15,29,26
19352,63,15,29,26
19353,63,15,29,26
19354,63,15,29,26
19355,63,15,29,26
19356,63,15,29,26
19357,63,15,29,26
19358,63,15,29,27
19359,63,15,29,27
19360,63,15,29,27
19361,63,15,29,27
19362,63,15,29,27
19363,63,15,29,27
19364,63,15,29,27
19365,63,15,29,28
19366,63,15,29,28
19367,63,15,29,28
19368,63,15,29,29
19369,63,15,29,29
19370,63,15,29,29
19371,63,15,29,29
19372,63,15,29,29
19373,63,15,29,29
19374,63,15,29,29
19375,63,15,29,29
19376,63,15,29,29
19377,63,15,29,29
19378,63,15,29,29
19379,63,15,29,29
19380,63,15,29,29
19381,63,15,29,29
19382,63,15,29,29
19383,63,15,29,29
19384,63,15,29,29
19385,63,15,29,29
19386,63,15,29,29
19387,63,15,29,29
19388,63,15,29,29
19389,63,15,29,29
19390,63,15,29,29
19391,63,15,29,29
19392,63,15,29,29
19393,63,15,29,29
19394,63,15,29,29
19395,63,15,29,29
19396,63,15,29,29
19397,63,15,29,29
19398,63,15,29,29
19399,63,15,29,29
19400,63,15,29,29
19401,63,15,29,29
19402,63,15,29,29
19403,63,15,29,30
19404,63,15,29,30
19405,63,15,29,30
19406,63,15,29,30
19407,63,15,29,30
19408,63,15,29,30
19409,63,15,29,30
19410,63,15,29,30
19411,63,15,29,30
19412,63,15,29,30
19413,63,15,29,30
19414,63,15,29,30
19415,63,15,29,30
19416,63,15,29,31
19417,63,15,29,31
19418,63,15,29,31
19419,63,15,29,31
19420,63,15,29,32
19421,63,15,29,32
19422,63,15,29,32
19423,63,15,29,32
19424,63,15,29,32
19425,63,15,29,32
19426,63,15,29,32
19427,63,15,29,32
19428,63,15,29,32
19429,63,15,29,32
19430,63,15,29,32
19431,63,15,29,32
19432,63,15,29,32
19433,63,15,29,32
19434,63,15,29,32
19435,63,15,29,32
19436,63,15,29,33
19437,63,15,29,33
19438,63,15,29,33
19439,63,15,29,33
19440,63,15,29,34
19441,63,15,29,34
19442,63,15,29,34
19443,63,15,29,34
19444,63,15,29,34
19445,63,15,29,34
19446,63,15,29,34
19447,63,15,29,34
19448,63,15,29,34
19449,63,15,29,34
19450,63,15,29,34
19451,63,15,29,34
19452,63,15,29,34
19453,63,15,29,34
19454,63,15,29,34
19455,63,15,29,35
19456,63,15,29,35
19457,63,15,29,35
19458,63,15,29,35
19459,63,15,29,35
19460,63,15,29,35
19461,63,15,29,35
19462,63,15,29,35
19463,63,15,29,35
19464,63,15,29,35
19465,63,15,29,35
19466,63,15,29,36
19467,63,15,29,36
19468,63,15,29,36
19469,63,15,29,36
19470,63,15,29,36
19471,63,15,29,36
19472,63,15,29,36
19473,63,15,29,36
19474,63,15,29,36
19475,63,15,29,36
19476,63,15,29,36
19477,63,15,29,36
19478,63,15,29,37
19479,63,15,29,37
19480,63,15,29,37
19481,63,15,29,37
19482,63,15,29,37
19483,63,15,29,37
19484,63,15,29,37
19485,63,15,29,37
19486,63,15,29,37
19487,63,15,29,37
19488,63,15,29,38
19489,63,15,29,38
19490,63,15,29,38
19491,63,15,29,38
19492,63,15,29,38
19493,63,15,29,38
19494,63,15,29,38
19495,63,15,29,38
19496,63,15,29,38
19497,63,15,29,38
19498,63,15,29,38
19499,63,15,29,38
19500,63,15,29,38
19501,63,15,29,38
19502,63,15,29,38
19503,63,15,29,38
19504,63,15,29,38
19505,63,15,29,38
19506,63,15,29,38
19507,63,15,29,38
19508,63,15,29,38
19509,63,15,29,38
19510,63,15,29,38
19511,63,15,29,38
19512,63,15,29,38
19513,63,15,29,38
19514,63,15,29,38
19515,63,15,29,38
19516,63,15,29,38
19517,63,15,29,38
19518,63,15,29,38
19519,63,15,29,38
19520,63,15,29,38
19521,63,15,29,38
19522,63,15,29,38
19523,63,15,29,38
19524,63,15,29,38
19525,63,15,29,38
19526,63,15,29,38
19527,63,15,29,38
19528,63,15,29,38
19529,63,15,29,38
19530,63,15,29,38
19531,63,15,29,38
19532,63,15,29,38
19533,63,15,29,38
19534,63,15,29,38
19535,63,15,29,38
19536,63,15,29,38
19537,63,15,29,38
19538,63,15,29,39
19539,63,15,29,39
19540,63,15,29,39
19541,63,15,29,39
19542,63,15,29,39
19543,63,15,29,39
19544,63,15,29,39
19545,63,15,29,39
19546,63,15,29,39
19547,63,15,29,39
19548,63,15,29,39
19549,63,15,29,39
19550,63,15,29,39
19551,63,15,29,39
19552,63,15,29,39
19553,63,15,29,39
19554,63,15,29,39
19555,63,15,29,39
19556,63,15,29,39
19557,63,15,29,39
19558,63,15,29,39
19559,63,15,29,40
19560,63,15,29,40
19561,63,15,29,40
19562,63,15,29,41
19563,63,15,29,41
19564,63,15,29,41
19565,63,15,29,41
19566,63,15,29,41
19567,63,15,29,42
19568,63,15,29,42
19569,63,15,29,42
19570,63,15,29,42
19571,63,15,29,42
19572,63,15,29,42
19573,63,15,29,42
19574,63,15,29,42
19575,63,15,29,42
19576,63,15,29,42
19577,63,15,29,43
19578,63,15,29,43
19579,63,15,29,44
19580,63,15,29,44
19581,63,15,29,44
19582,63,15,29,44
19583,63,15,29,44
19584,63,15,29,44
19585,63,15,29,44
19586,63,15,29,44
19587,63,15,29,44
19588,63,15,29,44
19589,63,15,29,44
19590,63,15,29,44
19591,63,15,29,44
19592,63,15,29,44
19593,63,15,29,44
19594,63,15,29,44
19595,63,15,29,45
19596,63,15,29,45
19597,63,15,29,45
19598,63,15,29,45
19599,63,15,29,45
19600,63,15,29,45
19601,63,15,29,45
19602,63,15,29,45
19603,63,15,29,45
19604,63,15,29,45
19605,63,15,29,45
19606,63,15,29,45
19607,63,15,29,46
19608,63,15,29,46
19609,63,15,29,46
19610,63,15,29,46
19611,63,15,29,47
19612,63,15,29,47
19613,63,15,29,47
19614,63,15,29,47
19615,63,15,29,48
19616,63,15,29,48
19617,63,15,29,48
19618,63,15,29,48
19619,63,15,29,48
19620,63,15,29,49
19621,63,15,29,49
19622,63,15,29,49
19623,63,15,29,49
19624,63,15,29,49
19625,63,15,29,49
19626,63,15,29,49
19627,63,15,29,49
19628,63,15,29,49
19629,63,15,29,49
19630,63,15,29,50
19631,63,15,29,50
19632,63,15,29,50
19633,63,15,29,50
19634,63,15,29,50
19635,63,15,29,50
19636,63,15,29,50
19637,63,15,29,50
19638,63,15,29,50
19639,63,15,29,50
19640,63,15,29,50
19641,63,15,29,50
19642,63,15,29,50
19643,63,15,29,50
19644,63,15,29,50
19645,63,15,29,50
19646,63,15,29,50
19647,63,15,29,50
19648,63,15,29,50
19649,63,15,29,50
19650,63,15,29,50
19651,63,15,29,50
19652,63,15,29,50
19653,63,15,29,50
19654,63,15,29,50
19655,63,15,29,50
19656,63,15,29,50
19657,63,15,29,50
19658,63,15,29,50
19659,63,15,29,50
19660,63,15,29,50
19661,63,15,29,50
19662,63,15,29,50
19663,63,15,29,50
19664,63,15,29,50
19665,63,15,29,50
19666,63,15,29,50
19667,63,15,29,50
19668,63,15,29,50
19669,63,15,29,50
19670,63,15,29,50
19671,63,15,29,50
19672,63,15,29,50
19673,63,15,29,50
19674,63,15,29,50
19675,63,15,29,50
19676,63,15,29,50
19677,63,15,29,50
19678,63,15,29,50
19679,63,15,29,50
19680,63,15,29,50
19681,63,15,29,50
19682,63,15,29,51
19683,63,15,29,51
19684,63,15,29,51
19685,63,15,29,51
19686,63,15,29,51
19687,63,15,29,51
19688,63,15,29,51
19689,63,15,29,51
19690,63,15,29,51
19691,63,15,29,51
19692,63,15,29,51
19693,63,15,29,51
19694,63,15,29,51
19695,63,15,29,51
19696,63,15,29,51
19697,63,15,29,51
19698,63,15,29,51
19699,63,15,29,51
19700,63,15,29,51
19701,63,15,29,51
19702,63,15,29,51
19703,63,15,29,51
19704,63,15,29,51
19705,63,15,29,51
19706,63,15,29,51
19707,63,15,29,51
19708,63,15,29,51
19709,63,15,29,51
19710,63,15,29,51
19711,63,15,29,51
19712,63,15,29,51
19713,63,15,29,51
19714,63,15,29,51
19715,63,15,29,51
19716,63,15,29,51
19717,63,15,29,51
19718,63,15,29,51
19719,63,15,29,51
19720,63,15,29,51
19721,63,15,29,51
19722,63,15,29,51
19723,63,15,29,51
19724,63,15,29,51
19725,63,15,29,51
19726,63,15,29,51
19727,63,15,29,51
19728,63,15,29,51
19729,63,15,29,51
19730,63,15,29,51
19731,63,15,29,51
19732,63,15,29,51
19733,63,15,29,51
19734,63,15,29,51
19735,63,15,29,51
19736,63,15,29,51
19737,63,15,29,51
19738,63,15,29,51
19739,63,15,29,51
19740,63,15,29,51
19741,63,15,29,51
19742,63,15,29,51
19743,63,15,29,51
19744,63,15,29,51
19745,63,15,29,51
19746,63,15,29,51
19747,63,15,29,51
19748,63,15,29,51
19749,63,15,29,51
19750,63,15,29,51
19751,63,15,29,51
19752,63,15,29,51
19753,63,15,29,51
19754,63,15,29,51
19755,63,15,29,51
19756,63,15,29,51
19757,63,15,29,51
19758,63,15,29,51
19759,63,15,29,51
19760,63,15,29,51
19761,63,15,29,51
19762,63,15,29,51
19763,63,15,29,51
19764,63,15,29,51
19765,63,15,29,51
19766,63,15,29,51
19767,63,15,29,51
19768,63,15,29,51
19769,63,15,29,51
19770,63,15,29,51
19771,63,15,29,51
19772,63,15,29,51
19773,63,15,29,51
19774,63,15,29,51
19775,63,15,29,51
19776,63,15,29,51
19777,63,15,29,51
19778,63,15,29,51
19779,63,15,29,52
19780,63,15,29,52
19781,63,15,29,52
19782,63,15,29,52
19783,63,15,29,52
19784,63,15,29,52
19785,63,15,29,52
19786,63,15,29,52
19787,63,15,29,53
19788,63,15,29,53
19789,63,15,29,53
19790,63,15,29,53
19791,63,15,29,53
19792,63,15,29,53
19793,63,15,29,53
19794,63,15,29,53
19795,63,15,29,53
19796,63,15,29,53
19797,63,15,29,53
19798,63,15,29,53
19799,63,15,29,53
19800,63,15,29,53
19801,63,15,29,53
19802,63,15,29,54
19803,63,15,29,54
19804,63,15,29,54
19805,63,15,29,54
19806,63,15,29,55
19807,63,15,29,55
19808,63,15,29,55
19809,63,15,29,55
19810,63,15,29,55
19811,63,15,29,55
19812,63,15,29,55
19813,63,15,29,55
19814,63,15,29,55
19815,63,15,29,55
19816,63,15,29,55
19817,63,15,29,55
19818,63,15,29,55
19819,63,15,29,55
19820,63,15,29,55
19821,63,15,29,55
19822,63,15,29,55
19823,63,15,29,55
19824,63,15,29,55
19825,63,15,29,55
19826,63,15,29,55
19827,63,15,29,55
19828,63,15,29,55
19829,63,15,29,55
19830,63,15,29,55
19831,63,15,29,55
19832,63,15,29,55
19833,63,15,29,55
19834,63,15,29,55
19835,63,15,29,55
19836,63,15,29,55
19837,63,15,29,55
19838,63,15,29,55
19839,63,15,29,55
19840,63,15,29,55
19841,63,15,29,55
19842,63,15,29,55
19843,63,15,29,55
19844,63,15,29,55
19845,63,15,29,55
19846,63,15,29,55
19847,63,15,29,55
19848,63,15,29,55
19849,63,15,29,56
19850,63,15,29,56
19851,63,15,29,56
19852,63,15,29,56
19853,63,15,29,56
19854,63,15,29,56
19855,63,15,29,56
19856,63,15,29,56
19857,63,15,29,56
19858,63,15,29,56
19859,63,15,29,56
19860,63,15,29,57
19861,63,15,29,57
19862,63,15,29,57
19863,63,15,29,57
19864,63,15,29,57
19865,63,15,29,57
19866,63,15,29,57
19867,63,15,29,58
19868,63,15,29,58
19869,63,15,29,58
19870,63,15,29,58
19871,63,15,29,58
19872,63,15,29,58
19873,63,15,29,58
19874,63,15,29,58
19875,63,15,29,58
19876,63,15,29,58
19877,63,15,29,59
19878,63,15,29,59
19879,63,15,29,59
19880,63,15,29,59
19881,63,15,29,59
19882,63,15,29,59
19883,63,15,29,60
19884,63,15,29,60
19885,63,15,29,60
19886,63,15,29,60
19887,63,15,29,61
19888,63,15,29,61
19889,63,15,29,61
19890,63,15,29,61
19891,63,15,29,61
19892,63,15,29,61
19893,63,15,29,61
19894,63,15,29,61
19895,63,15,29,61
19896,63,15,29,61
19897,63,15,29,61
19898,63,15,29,61
19899,63,15,29,61
19900,63,15,29,61
19901,63,15,29,61
19902,63,15,29,62
19903,63,15,29,62
19904,63,15,29,62
19905,63,15,29,62
19906,63,15,29,62
19907,63,15,29,62
19908,63,15,29,62
19909,63,15,29,62
19910,63,15,29,62
19911,63,15,29,62
19912,63,15,29,62
19913,63,15,29,62
19914,63,15,29,62
19915,63,15,29,62
19916,63,15,29,62
19917,63,15,29,62
19918,63,15,29,62
19919,63,15,29,63
19920,63,15,29,63
19921,63,15,29,63
19922,63,15,29,63
19923,63,15,29,63
19924,63,15,29,63
19925,63,15,29,63
19926,63,15,29,63
19927,63,15,29,63
19928,63,15,29,63
19929,63,15,29,63
19930,63,15,29,63
19931,63,15,29,63
19932,63,15,29,63
19933,63,15,29,63
19934,63,15,29,63
19935,63,15,29,63
19936,63,15,29,63
19937,63,15,29,63
19938,63,15,29,63
19939,63,15,29,63
19940,63,15,29,63
19941,63,15,29,63
19942,63,15,29,63
19943,63,15,29,63
19944,63,15,29,64
19945,63,15,29,64
19946,63,15,29,64
19947,63,15,29,64
19948,63,15,29,64
19949,63,15,29,64
19950,63,15,29,64
19951,63,15,29,64
19952,63,15,29,64
19953,63,15,29,64
19954,63,15,29,64
19955,63,15,29,64
19956,63,15,29,64
19957,63,15,29,64
19958,63,15,29,64
19959,63,15,29,64
19960,63,15,29,64
19961,63,15,29,64
19962,63,15,29,64
19963,63,15,29,64
19964,63,15,29,64
19965,63,15,29,64
19966,63,15,29,64
19967,63,15,29,64
19968,63,15,29,64
19969,63,15,29,64
19970,63,15,29,64
19971,63,15,29,64
19972,63,15,29,64
19973,63,15,29,64
19974,63,15,29,64
19975,63,15,29,64
19976,63,15,29,64
19977,63,15,29,64
19978,63,15,29,64
19979,63,15,29,64
19980,63,15,29,64
19981,63,15,29,64
19982,63,15,29,64
19983,63,15,29,64
19984,63,15,29,64
19985,63,15,29,64
19986,63,15,29,64
19987,63,15,29,64
19988,63,15,29,64
19989,63,15,29,64
19990,63,15,29,64
19991,63,15,29,65
19992,63,15,29,65
19993,63,15,29,65
19994,63,15,29,65
19995,63,15,29,65
19996,63,15,29,65
19997,63,15,29,65
19998,63,15,29,65
19999,63,15,29,65
20000,63,15,29,65
20001,63,15,29,65
20002,63,15,29,65
20003,63,15,29,65
20004,63,15,29,66
20005,63,15,29,66
20006,63,15,29,66
20007,63,15,29,66
20008,63,15,29,66
20009,63,15,29,66
20010,63,15,29,66
20011,63,15,29,66
20012,63,15,29,66
20013,63,15,29,66
20014,63,15,29,66
20015,63,15,29,66
20016,63,15,29,66
20017,63,15,29,66
20018,63,15,29,66
20019,63,15,29,66
20020,63,15,29,66
20021,63,15,29,66
20022,63,15,29,67
20023,63,15,29,67
20024,63,15,29,67
20025,63,15,29,67
20026,63,15,29,67
20027,63,15,29,67
20028,63,15,29,67
20029,63,15,29,67
20030,63,15,29,67
20031,63,15,29,67
20032,63,15,29,67
20033,63,15,29,68
20034,63,15,29,68
20035,63,15,29,68
20036,63,15,29,68
20037,63,15,29,68
20038,63,15,29,68
20039,63,15,29,68
20040,63,15,29,68
20041,63,15,29,68
20042,63,15,29,68
20043,63,15,29,68
20044,63,15,29,68
20045,63,15,29,68
20046,63,15,29,68
20047,63,15,29,68
20048,63,15,29,68
20049,63,15,29,68
20050,63,15,29,68
20051,63,15,29,68
20052,63,15,29,69
20053,63,15,29,69
20054,63,15,29,69
20055,63,15,29,69
20056,63,15,29,69
20057,63,15,29,69
20058,63,15,29,69
20059,63,15,29,69
20060,63,15,29,69
20061,63,15,29,69
20062,63,15,29,69
20063,63,15,29,69
20064,63,15,29,69
20065,63,15,29,69
20066,63,15,29,69
20067,63,15,29,69
20068,63,15,29,69
20069,63,15,29,69
20070,63,15,29,69
20071,63,15,29,69
20072,63,15,29,69
20073,63,15,29,69
20074,63,15,29,69
20075,63,15,29,69
20076,63,15,29,69
20077,63,15,29,69
20078,63,15,29,69
20079,63,15,29,69
20080,63,15,29,69
20081,63,15,29,69
20082,63,15,29,69
20083,63,15,29,70
20084,63,15,29,70
20085,63,15,29,70
20086,63,15,29,70
20087,63,15,29,70
20088,63,15,29,70
20089,63,15,29,70
20090,63,15,29,70
20091,63,15,29,70
20092,63,15,29,70
20093,63,15,29,70
20094,63,15,29,70
20095,63,15,29,70
20096,63,15,29,70
20097,63,15,29,70
20098,63,15,29,70
20099,63,15,29,70
20100,63,15,29,70
20101,63,15,29,70
20102,63,15,29,70
20103,63,15,29,70
20104,63,15,29,70
20105,63,15,29,70
20106,63,15,29,70
20107,63,15,29,70
20108,63,15,29,70
20109,63,15,29,70
20110,63,15,29,70
20111,63,15,29,70
20112,63,15,29,70
20113,63,15,29,70
20114,63,15,29,70
20115,63,15,29,70
20116,63,15,29,70
20117,63,15,29,70
20118,63,15,29,70
20119,63,15,29,70
20120,63,15,29,70
20121,63,15,29,70
20122,63,15,29,70
20123,63,15,29,70
20124,63,15,29,70
20125,63,15,29,70
20126,63,15,29,70
20127,63,15,29,70
20128,63,15,29,70
20129,63,15,29,70
20130,63,15,29,70
20131,63,15,29,70
20132,63,15,29,70
20133,63,15,29,70
20134,63,15,29,70
20135,63,15,29,71
20136,63,15,29,71
20137,63,15,29,71
20138,63,15,29,71
20139,63,15,29,71
20140,63,15,29,71
20141,63,15,29,71
20142,63,15,29,71
20143,63,15,29,71
20144,63,15,29,71
20145,63,15,29,71
20146,63,15,29,71
20147,63,15,29,71
20148,63,15,29,71
20149,63,15,29,71
20150,63,15,29,71
20151,63,15,29,71
20152,63,15,29,71
20153,63,15,29,71
20154,63,15,29,71
20155,63,15,29,71
20156,63,15,29,71
20157,63,15,29,71
20158,63,15,29,71
20159,63,15,29,71
20160,63,15,29,71
20161,63,15,29,71
20162,63,15,29,71
20163,63,15,29,71
20164,63,15,29,71
20165,63,15,29,71
20166,63,15,29,71
20167,63,15,29,71
20168,63,15,29,72
20169,63,15,29,72
20170,63,15,29,72
20171,63,15,29,72
20172,63,15,29,72
20173,63,15,29,72
20174,63,15,29,72
20175,63,15,29,72
20176,63,15,29,72
20177,63,15,29,72
20178,63,15,29,72
20179,63,15,29,72
20180,63,15,29,72
20181,63,15,29,72
20182,63,15,29,72
20183,63,15,29,72
20184,63,15,29,72
20185,63,15,29,72
20186,63,15,29,72
20187,63,15,29,72
20188,63,15,29,72
20189,63,15,29,72
20190,63,15,29,73
20191,63,15,29,73
20192,63,15,29,73
20193,63,15,29,73
20194,63,15,29,73
20195,63,15,29,73
20196,63,15,29,73
20197,63,15,29,73
20198,63,15,29,73
20199,63,15,29,73
20200,63,15,29,73
20201,63,15,29,73
20202,63,15,29,73
20203,63,15,29,73
20204,63,15,29,73
20205,63,15,29,73
20206,63,15,29,73
20207,63,15,29,73
20208,63,15,29,74
20209,63,15,29,74
20210,63,15,29,74
20211,63,15,29,74
20212,63,15,29,74
20213,63,15,29,74
20214,63,15,29,74
20215,63,15,29,74
20216,63,15,29,74
20217,63,15,29,74
20218,63,15,29,75
20219,63,15,29,75
20220,63,15,29,75
20221,63,15,29,75
20222,63,15,29,75
20223,63,15,29,75
20224,63,15,29,75
20225,63,15,29,75
20226,63,15,29,75
20227,63,15,29,75
20228,63,15,29,75
20229,63,15,29,75
20230,63,15,29,75
20231,63,15,29,75
20232,63,15,29,75
20233,63,15,29,75
20234,63,15,29,76
20235,63,15,29,76
20236,63,15,29,76
20237,63,15,29,76
20238,63,15,29,76
20239,63,15,29,76
20240,63,15,29,76
20241,63,15,29,76
20242,63,15,29,77
20243,63,15,29,77
20244,63,15,29,77
20245,63,15,29,77
20246,63,15,29,77
20247,63,15,29,77
20248,63,15,29,77
20249,63,15,29,77
20250,63,15,29,77
20251,63,15,29,77
20252,63,15,29,77
20253,63,15,29,77
20254,63,15,29,77
20255,63,15,29,77
20256,63,15,29,77
20257,63,15,29,77
20258,63,15,29,77
20259,63,15,29,78
20260,63,15,29,78
20261,63,15,29,78
20262,63,15,29,78
20263,63,15,29,78
20264,63,15,29,78
20265,63,15,29,78
20266,63,15,29,78
20267,63,15,29,78
20268,63,15,29,78
20269,63,15,29,78
20270,63,15,29,78
20271,63,15,29,78
20272,63,15,29,78
20273,63,15,29,78
20274,63,15,29,78
20275,63,15,29,78
20276,63,15,29,78
20277,63,15,29,78
20278,63,15,29,78
20279,63,15,29,78
20280,63,15,29,78
20281,63,15,29,78
20282,63,15,29,78
20283,63,15,29,78
20284,63,15,29,78
20285,63,15,29,78
20286,63,15,29,78
20287,63,15,29,78
20288,63,15,29,78
20289,63,15,29,78
20290,63,15,29,79
20291,63,15,29,79
20292,63,15,29,79
20293,63,15,29,79
20294,63,15,29,79
20295,63,15,29,79
20296,63,15,29,79
20297,63,15,29,79
20298,63,15,29,79
20299,63,15,29,79
20300,63,15,29,79
20301,63,15,29,79
20302,63,15,29,79
20303,63,15,29,79
20304,63,15,29,79
20305,63,15,29,79
20306,63,15,29,79
20307,63,15,29,79
20308,63,15,29,79
20309,63,15,29,79
20310,63,15,29,79
20311,63,15,29,79
20312,63,15,29,79
20313,63,15,29,79
20314,63,15,29,80
20315,63,15,29,80
20316,63,15,29,80
20317,63,15,29,80
20318,63,15,29,80
20319,63,15,29,80
20320,63,15,29,80
20321,63,15,29,80
20322,63,15,29,81
20323,63,15,29,81
20324,63,15,29,81
20325,63,15,29,81
20326,63,15,29,81
20327,63,15,29,81
20328,63,15,29,81
20329,63,15,29,81
20330,63,15,29,81
20331,63,15,29,81
20332,63,15,29,81
20333,63,15,29,82
20334,63,15,29,82
20335,63,15,29,82
20336,63,15,29,82
20337,63,15,29,82
20338,63,15,29,82
20339,63,15,29,82
20340,63,15,29,82
20341,63,15,29,82
20342,63,15,29,82
20343,63,15,29,82
20344,63,15,29,82
20345,63,15,29,83
20346,63,15,29,83
20347,63,15,29,83
20348,63,15,29,83
20349,63,15,29,83
20350,63,15,29,83
20351,63,15,29,83
20352,63,15,29,83
20353,63,15,29,83
20354,63,15,29,83
20355,63,15,29,83
20356,63,15,29,83
20357,63,15,29,83
20358,63,15,29,84
20359,63,15,29,84
20360,63,15,29,84
20361,63,15,29,84
20362,63,15,29,84
20363,63,15,29,84
20364,63,15,29,84
20365,63,15,29,84
20366,63,15,29,84
20367,63,15,29,84
20368,63,15,29,84
20369,63,15,29,84
20370,63,15,29,84
20371,63,15,29,84
20372,63,15,29,84
20373,63,15,29,84
20374,63,15,29,84
20375,63,15,29,84
20376,63,15,29,84
20377,63,15,29,84
20378,63,15,29,84
20379,63,15,29,84
20380,63,15,29,84
20381,63,15,29,84
20382,63,15,29,84
20383,63,15,29,84
20384,63,15,29,84
20385,63,15,29,84
20386,63,15,29,84
20387,63,15,29,84
20388,63,15,29,84
20389,63,15,29,84
20390,63,15,29,84
20391,63,15,29,84
20392,63,15,29,84
20393,63,15,29,85
20394,63,15,29,85
20395,63,15,29,85
20396,63,15,29,85
20397,63,15,29,85
20398,63,15,29,85
20399,63,15,29,85
20400,63,15,29,85
20401,63,15,29,85
20402,63,15,29,85
20403,63,15,29,85
20404,63,15,29,85
20405,63,15,29,85
20406,63,15,29,85
20407,63,15,29,85
20408,63,15,29,85
20409,63,15,29,85
20410,63,15,29,85
20411,63,15,29,85
20412,63,15,29,85
20413,63,15,29,85
20414,63,15,29,85
20415,63,15,29,85
20416,63,15,29,85
20417,63,15,29,85
20418,63,15,29,86
20419,63,15,29,86
20420,63,15,29,86
20421,63,15,29,86
20422,63,15,29,86
20423,63,15,29,86
20424,63,15,29,86
20425,63,15,29,86
20426,63,15,29,86
20427,63,15,29,86
20428,63,15,29,86
20429,63,15,29,86
20430,63,15,29,86
20431,63,15,29,86
20432,63,15,29,86
20433,63,15,29,86
20434,63,15,29,86
20435,63,15,29,86
20436,63,15,29,86
20437,63,15,29,86
20438,63,15,29,86
20439,63,15,29,86
20440,63,15,29,86
20441,63,15,29,86
20442,63,15,29,86
20443,63,15,29,86
20444,63,15,29,86
20445,63,15,29,86
20446,63,15,29,86
20447,63,15,29,86
20448,63,15,29,86
20449,63,15,29,86
20450,63,15,29,86
20451,63,15,29,86
20452,63,15,29,86
20453,63,15,29,86
20454,63,15,29,86
20455,63,15,29,86
20456,63,15,29,86
20457,63,15,29,86
20458,63,15,29,86
20459,63,15,29,86
20460,63,15,29,86
20461,63,15,29,86
20462,63,15,29,86
20463,63,15,29,86
20464,63,15,29,86
20465,63,15,29,86
20466,63,15,29,86
20467,63,15,29,86
20468,63,15,29,86
20469,63,15,29,86
20470,63,15,29,86
20471,63,15,29,86
20472,63,15,29,86
20473,63,15,29,86
20474,63,15,29,86
20475,63,15,29,86
20476,63,15,29,86
20477,63,15,29,86
20478,63,15,29,86
20479,63,15,29,86
20480,63,15,29,86
20481,63,15,29,86
20482,63,15,29,86
20483,63,15,29,86
20484,63,15,29,86
20485,63,15,29,86
20486,63,15,29,86
20487,63,15,29,86
20488,63,15,29,86
20489,63,15,29,86
20490,63,15,29,86
20491,63,15,29,86
20492,63,15,29,86
20493,63,15,29,86
20494,63,15,29,86
20495,63,15,29,86
20496,63,15,29,86
20497,63,15,29,86
20498,63,15,29,86
20499,63,15,29,87
20500,63,15,29,87
20501,63,15,29,87
20502,63,15,29,87
20503,63,15,29,87
20504,63,15,29,87
20505,63,15,29,87
20506,63,15,29,87
20507,63,15,29,87
20508,63,15,29,87
20509,63,15,29,87
20510,63,15,29,87
20511,63,15,29,87
20512,63,15,29,87
20513,63,15,29,87
20514,63,15,29,87
20515,63,15,29,87
20516,63,15,29,87
20517,63,15,29,87
20518,63,15,29,87
20519,63,15,29,87
20520,63,15,29,87
20521,63,15,29,87
20522,63,15,29,87
20523,63,15,29,87
20524,63,15,29,87
20525,63,15,29,87
20526,63,15,29,88
20527,63,15,29,88
20528,63,15,29,88
20529,63,15,29,88
20530,63,15,29,88
20531,63,15,29,88
20532,63,15,29,88
20533,63,15,29,88
20534,63,15,29,88
20535,63,15,29,88
20536,63,15,29,88
20537,63,15,29,88
20538,63,15,29,88
20539,63,15,29,88
20540,63,15,29,89
20541,63,15,29,89
20542,63,15,29,89
20543,63,15,29,89
20544,63,15,29,89
20545,63,15,29,89
20546,63,15,29,89
20547,63,15,29,89
20548,63,15,29,89
20549,63,15,29,89
20550,63,15,29,89
20551,63,15,29,89
20552,63,15,29,90
20553,63,15,29,90
20554,63,15,29,91
20555,63,15,29,91
20556,63,15,29,91
20557,63,15,29,91
20558,63,15,29,91
20559,63,15,29,91
20560,63,15,29,91
20561,63,15,29,91
20562,63,15,29,91
20563,63,15,29,91
20564,63,15,29,91
20565,63,15,29,91
20566,63,15,29,91
20567,63,15,29,91
20568,63,15,29,91
20569,63,15,29,91
20570,63,15,29,91
20571,63,15,29,92
20572,63,15,29,92
20573,63,15,29,92
20574,63,15,29,92
20575,63,15,29,92
20576,63,15,29,92
20577,63,15,29,92
20578,63,15,29,92
20579,63,15,29,92
20580,63,15,29,92
20581,63,15,29,92
20582,63,15,29,92
20583,63,15,29,92
20584,63,15,29,92
20585,63,15,29,92
20586,63,15,29,92
20587,63,15,29,92
20588,63,15,29,92
20589,63,15,29,93
20590,63,15,29,93
20591,63,15,29,93
20592,63,15,29,93
20593,63,15,29,93
20594,63,15,29,93
20595,63,15,29,93
20596,63,15,29,93
20597,63,15,29,93
20598,63,15,29,93
20599,63,15,29,93
20600,63,15,29,93
20601,63,15,29,93
20602,63,15,29,93
20603,63,15,29,93
20604,63,15,29,93
20605,63,15,29,94
20606,63,15,29,94
20607,63,15,29,94
20608,63,15,29,94
20609,63,15,29,94
20610,63,15,29,94
20611,63,15,29,94
20612,63,15,29,94
20613,63,15,29,94
20614,63,15,29,94
20615,63,15,29,94
20616,63,15,29,94
20617,63,15,29,94
20618,63,15,29,94
20619,63,15,29,94
20620,63,15,29,94
20621,63,15,29,94
20622,63,15,29,94
20623,63,15,29,94
20624,63,15,29,94
20625,63,15,29,94
20626,63,15,29,95
20627,63,15,29,95
20628,63,15,29,95
20629,63,15,29,95
20630,63,15,29,95
20631,63,15,29,95
20632,63,15,29,95
20633,63,15,29,95
20634,63,15,29,96
20635,63,15,29,96
20636,63,15,29,96
20637,63,15,29,96
20638,63,15,29,96
20639,63,15,29,96
20640,63,15,29,96
20641,63,15,29,96
20642,63,15,29,96
20643,63,15,29,96
20644,63,15,29,96
20645,63,15,29,96
20646,63,15,29,96
20647,63,15,29,96
20648,63,15,29,96
20649,63,15,29,96
20650,63,15,29,96
20651,63,15,29,96
20652,63,15,29,96
20653,63,15,29,96
20654,63,15,29,96
20655,63,15,29,96
20656,63,15,29,96
20657,63,15,29,96
20658,63,15,29,96
20659,63,15,29,96
20660,63,15,29,96
20661,63,15,29,96
20662,63,15,29,96
20663,63,15,29,96
20664,63,15,29,96
20665,63,15,29,96
20666,63,15,29,96
20667,63,15,29,96
20668,63,15,29,96
20669,63,15,29,96
20670,63,15,29,96
20671,63,15,29,96
20672,63,15,29,96
20673,63,15,29,96
20674,63,15,29,96
20675,63,15,29,96
20676,63,15,29,96
20677,63,15,29,96
20678,63,15,29,96
20679,63,15,29,96
20680,63,15,29,96
20681,63,15,29,96
20682,63,15,29,96
20683,63,15,29,96
20684,63,15,29,96
20685,63,15,29,96
20686,63,15,29,96
20687,63,15,29,96
20688,63,15,29,96
20689,63,15,29,96
20690,63,15,29,96
20691,63,15,29,96
20692,63,15,29,96
20693,63,15,29,96
20694,63,15,29,96
20695,63,15,29,96
20696,63,15,29,96
20697,63,15,29,96
20698,63,15,29,96
20699,63,15,29,97
20700,63,15,29,97
20701,63,15,29,97
20702,63,15,29,97
20703,63,15,29,97
20704,63,15,29,97
20705,63,15,29,97
20706,63,15,29,97
20707,63,15,29,97
20708,63,15,29,97
20709,63,15,29,97
20710,63,15,29,97
20711,63,15,29,97
20712,63,15,29,97
20713,63,15,29,97
20714,63,15,29,97
20715,63,15,29,97
20716,63,15,29,97
20717,63,15,29,97
20718,63,15,29,97
20719,63,15,29,97
20720,63,15,29,97
20721,63,15,29,97
20722,63,15,29,97
20723,63,15,29,97
20724,63,15,29,97
20725,63,15,29,97
20726,63,15,29,97
20727,63,15,29,97
20728,63,15,29,97
20729,63,15,29,97
20730,63,15,29,97
20731,63,15,29,97
20732,63,15,29,97
20733,63,15,29,97
20734,63,15,29,97
20735,63,15,29,97
20736,63,15,29,97
20737,63,15,29,97
20738,63,15,29,97
20739,63,15,29,97
20740,63,15,29,97
20741,63,15,29,97
20742,63,15,29,97
20743,63,15,29,97
20744,63,15,29,97
20745,63,15,29,97
20746,63,15,29,97
20747,63,15,29,97
20748,63,15,29,97
20749,63,15,29,97
20750,63,15,29,97
20751,63,15,29,97
20752,63,15,29,97
20753,63,15,29,97
20754,63,15,29,97
20755,63,15,29,97
20756,63,15,29,97
20757,63,15,29,97
20758,63,15,29,97
20759,63,15,29,97
20760,63,15,29,97
20761,63,15,29,97
20762,63,15,29,97
20763,63,15,29,97
20764,63,15,29,97
20765,63,15,29,97
20766,63,15,29,97
20767,63,15,29,97
20768,63,15,29,97
20769,63,15,29,97
20770,63,15,29,97
20771,63,15,29,97
20772,63,15,29,97
20773,63,15,29,97
20774,63,15,29,97
20775,63,15,29,97
20776,63,15,29,97
20777,63,15,29,97
20778,63,15,29,97
20779,63,15,29,97
20780,63,15,29,97
20781,63,15,29,97
20782,63,15,29,97
20783,63,15,29,97
20784,63,15,29,97
20785,63,15,29,97
20786,63,15,29,97
20787,63,15,29,97
20788,63,15,29,97
20789,63,15,29,97
20790,63,15,29,97
20791,63,15,29,98
20792,63,15,29,98
20793,63,15,29,98
20794,63,15,29,98
20795,63,15,29,98
20796,63,15,29,98
20797,63,15,29,98
20798,63,15,29,98
20799,63,15,29,98
20800,63,15,29,98
20801,63,15,29,98
20802,63,15,29,98
20803,63,15,29,98
20804,63,15,29,98
20805,63,15,29,98
20806,63,15,29,98
20807,63,15,29,98
20808,63,15,29,98
20809,63,15,29,98
20810,63,15,29,98
20811,63,15,29,98
20812,63,15,29,98
20813,63,15,29,98
20814,63,15,29,98
20815,63,15,29,98
20816,63,15,29,98
20817,63,15,29,98
20818,63,15,29,98
20819,63,15,29,98
20820,63,15,29,99
20821,63,15,29,99
20822,63,15,29,99
20823,63,15,29,99
20824,63,15,29,99
20825,63,15,29,99
20826,63,15,29,99
20827,63,15,29,99
20828,63,15,29,99
20829,63,15,29,99
20830,63,15,29,99
20831,63,15,29,99
20832,63,15,29,99
20833,63,15,29,99
20834,63,15,29,99
20835,63,15,29,99
20836,63,15,29,99
20837,63,15,29,99
20838,63,15,29,99
20839,63,15,29,99
20840,63,15,29,99
20841,63,15,29,99
20842,63,15,29,99
20843,63,15,29,99
20844,63,15,29,99
20845,63,15,29,100
20846,63,15,29,100
20847,63,15,29,100
20848,63,15,29,100
20849,63,15,29,100
20850,63,15,29,100
20851,63,15,29,100
20852,63,15,29,100
20853,63,15,29,100
20854,63,15,29,100
20855,63,15,29,100
20856,63,15,29,100
20857,63,15,29,100
20858,63,15,29,100
20859,63,15,29,100
20860,63,15,29,100
20861,63,15,29,100
20862,63,15,29,100
20863,63,15,29,100
20864,63,15,29,100
20865,63,15,29,100
20866,63,15,29,100
20867,63,15,29,100
20868,63,15,29,100
20869,63,15,29,101
20870,63,15,29,101
20871,63,15,29,101
20872,63,15,29,101
20873,63,15,29,101
20874,63,15,29,101
20875,63,15,29,101
20876,63,15,29,101
20877,63,15,29,101
20878,63,15,29,101
20879,63,15,29,101
20880,63,15,29,101
20881,63,15,29,101
20882,63,15,29,101
20883,63,15,29,101
20884,63,15,29,102
20885,63,15,29,102
20886,63,15,29,102
20887,63,15,29,102
20888,63,15,29,102
20889,63,15,29,102
20890,63,15,29,102
20891,63,15,29,102
20892,63,15,29,102
20893,63,15,29,102
20894,63,15,29,102
20895,63,15,29,102
20896,63,15,29,102
20897,63,15,29,102
20898,63,15,29,102
20899,63,15,29,102
20900,63,15,29,102
20901,63,15,29,103
20902,63,15,29,103
20903,63,15,29,103
20904,63,15,29,103
20905,63,15,29,103
20906,63,15,29,103
20907,63,15,29,103
20908,63,15,29,103
20909,63,15,29,103
20910,63,15,29,103
20911,63,15,29,103
20912,63,15,29,103
20913,63,15,29,103
20914,63,15,29,103
20915,63,15,29,103
20916,63,15,29,103
20917,63,15,29,103
20918,63,15,29,103
20919,63,15,29,103
20920,63,15,29,103
20921,63,15,29,103
20922,63,15,29,103
20923,63,15,29,103
20924,63,15,29,103
20925,63,15,29,103
20926,63,15,29,103
20927,63,15,29,103
20928,63,15,29,103
20929,63,15,29,103
20930,63,15,29,103
20931,63,15,29,103
20932,63,15,29,103
20933,63,15,29,103
20934,63,15,29,103
20935,63,15,29,103
20936,63,15,29,103
20937,63,15,29,103
20938,63,15,29,103
20939,63,15,29,103
20940,63,15,29,103
20941,63,15,29,103
20942,63,15,29,103
20943,63,15,29,103
20944,63,15,29,103
20945,63,15,29,103
20946,63,15,29,103
20947,63,15,29,103
20948,63,15,29,103
20949,63,15,29,103
20950,63,15,29,104
20951,63,15,29,104
20952,63,15,29,104
20953,63,15,29,104
20954,63,15,29,104
20955,63,15,29,104
20956,63,15,29,105
20957,63,15,29,105
20958,63,15,29,105
20959,63,15,29,105
20960,63,15,29,105
20961,63,15,29,105
20962,63,15,29,105
20963,63,15,29,105
20964,63,15,29,105
20965,63,15,29,105
20966,63,15,29,106
20967,63,15,29,106
20968,63,15,29,106
20969,63,15,29,106
20970,63,15,29,106
20971,63,15,29,106
20972,63,15,29,106
20973,63,15,29,106
20974,63,15,29,106
20975,63,15,29,106
20976,63,15,29,106
20977,63,15,29,106
20978,63,15,29,107
20979,63,15,29,107
20980,63,15,29,107
20981,63,15,29,107
20982,63,15,29,107
20983,63,15,29,107
20984,63,15,29,107
20985,63,15,29,107
20986,63,15,29,107
20987,63,15,29,107
20988,63,15,29,107
20989,63,15,29,107
20990,63,15,29,107
20991,63,15,29,107
20992,63,15,29,107
20993,63,15,29,107
20994,63,15,29,107
20995,63,15,29,107
20996,63,15,29,107
20997,63,15,29,107
20998,63,15,29,107
20999,63,15,29,107
21000,63,15,29,107
21001,63,15,29,107
21002,63,15,29,107
21003,63,15,29,108
21004,63,15,29,108
21005,63,15,29,108
21006,63,15,29,108
21007,63,15,29,108
21008,63,15,29,109
21009,63,15,29,109
21010,63,15,29,109
21011,63,15,29,109
21012,63,15,29,109
21013,63,15,29,110
21014,63,15,29,110
21015,63,15,29,110
21016,63,15,29,110
21017,63,15,29,110
21018,63,15,29,110
21019,63,15,29,110
21020,63,15,29,110
21021,63,15,29,110
21022,63,15,29,110
21023,63,15,29,110
21024,63,15,29,110
21025,63,15,29,110
21026,63,15,29,110
21027,63,15,29,110
21028,63,15,29,110
21029,63,15,29,110
21030,63,15,29,110
21031,63,15,29,110
21032,63,15,29,110
21033,63,15,29,110
21034,63,15,29,110
21035,63,15,29,111
21036,63,15,29,111
21037,63,15,29,111
21038,63,15,29,111
21039,63,15,29,111
21040,63,15,29,111
21041,63,15,29,111
21042,63,15,29,111
21043,63,15,29,111
21044,63,15,29,111
21045,63,15,29,111
21046,63,15,29,111
21047,63,15,29,111
21048,63,15,29,111
21049,63,15,29,111
21050,63,15,29,111
21051,63,15,29,111
21052,63,15,29,111
21053,63,15,29,111
21054,63,15,29,111
21055,63,15,29,111
21056,63,15,29,111
21057,63,15,29,111
21058,63,15,29,111
21059,63,15,29,111
21060,63,15,29,111
21061,63,15,29,111
21062,63,15,29,111
21063,63,15,29,111
21064,63,15,29,111
21065,63,15,29,111
21066,63,15,29,111
21067,63,15,29,111
21068,63,15,29,111
21069,63,15,29,111
21070,63,15,29,111
21071,63,15,29,111
21072,63,15,29,111
21073,63,15,29,111
21074,63,15,29,111
21075,63,15,29,111
21076,63,15,29,111
21077,63,15,29,111
21078,63,15,29,111
21079,63,15,29,111
21080,63,15,29,111
21081,63,15,29,111
21082,63,15,29,111
21083,63,15,29,111
21084,63,15,29,111
21085,63,15,29,111
21086,63,15,29,111
21087,63,15,29,111
21088,63,15,29,111
21089,63,15,29,111
21090,63,15,29,111
21091,63,15,29,111
21092,63,15,29,111
21093,63,15,29,111
21094,63,15,29,111
21095,63,15,29,111
21096,63,15,29,111
21097,63,15,29,111
21098,63,15,29,111
21099,63,15,29,111
21100,63,15,29,111
21101,63,15,29,111
21102,63,15,29,112
21103,63,15,29,112
21104,63,15,29,112
21105,63,15,29,112
21106,63,15,29,112
21107,63,15,29,112
21108,63,15,29,112
21109,63,15,29,112
21110,63,15,29,112
21111,63,15,29,112
21112,63,15,29,112
21113,63,15,29,112
21114,63,15,29,112
21115,63,15,29,112
21116,63,15,29,112
21117,63,15,29,112
21118,63,15,29,112
21119,63,15,29,112
21120,63,15,29,112
21121,63,15,29,112
21122,63,15,29,112
21123,63,15,29,112
21124,63,15,29,112
21125,63,15,29,112
21126,63,15,29,112
21127,63,15,29,112
21128,63,15,29,112
21129,63,15,29,112
21130,63,15,29,112
21131,63,15,29,112
21132,63,15,29,112
21133,63,15,29,112
21134,63,15,29,112
21135,63,15,29,112
21136,63,15,29,112
21137,63,15,29,112
21138,63,15,29,112
21139,63,15,29,112
21140,63,15,29,112
21141,63,15,29,112
21142,63,15,29,112
21143,63,15,29,112
21144,63,15,29,112
21145,63,15,29,112
21146,63,15,29,112
21147,63,15,29,112
21148,63,15,29,112
21149,63,15,29,112
21150,63,15,29,112
21151,63,15,29,112
21152,63,15,29,112
21153,63,15,29,112
21154,63,15,29,112
21155,63,15,29,112
21156,63,15,29,112
21157,63,15,29,112
21158,63,15,29,112
21159,63,15,29,112
21160,63,15,29,112
21161,63,15,29,112
21162,63,15,29,112
21163,63,15,29,112
21164,63,15,29,112
21165,63,15,29,112
21166,63,15,29,112
21167,63,15,29,112
21168,63,15,29,112
21169,63,15,29,112
21170,63,15,29,112
21171,63,15,29,112
21172,63,15,29,112
21173,63,15,29,112
21174,63,15,29,112
21175,63,15,29,112
21176,63,15,29,112
21177,63,15,29,112
21178,63,15,29,112
21179,63,15,29,112
21180,63,15,29,112
21181,63,15,29,112
21182,63,15,29,112
21183,63,15,29,112
21184,63,15,29,112
21185,63,15,29,112
21186,63,15,29,112
21187,63,15,29,112
21188,63,15,29,112
21189,63,15,29,112
21190,63,15,29,112
21191,63,15,29,112
21192,63,15,29,112
21193,63,15,29,112
21194,63,15,29,112
21195,63,15,29,112
21196,63,15,29,112
21197,63,15,29,112
21198,63,15,29,112
21199,63,15,29,112
21200,63,15,29,112
21201,63,15,29,112
21202,63,15,29,112
21203,63,15,29,112
21204,63,15,29,112
21205,63,15,29,112
21206,63,15,29,112
21207,63,15,29,112
21208,63,15,29,112
21209,63,15,29,112
21210,63,15,29,112
21211,63,15,29,112
21212,63,15,29,112
21213,63,15,29,112
21214,63,15,29,112
21215,63,15,29,112
21216,63,15,29,112
21217,63,15,29,112
21218,63,15,29,112
21219,63,15,29,112
21220,63,15,29,112
21221,63,15,29,112
21222,63,15,29,112
21223,63,15,29,112
21224,63,15,29,112
21225,63,15,29,112
21226,63,15,29,112
21227,63,15,29,112
21228,63,15,29,112
21229,63,15,29,112
21230,63,15,29,112
21231,63,15,29,112
21232,63,15,29,112
21233,63,15,29,112
21234,63,15,29,112
21235,63,15,29,112
21236,63,15,29,112
21237,63,15,29,112
21238,63,15,29,112
21239,63,15,29,112
21240,63,15,29,112
21241,63,15,29,112
21242,63,15,29,113
21243,63,15,29,113
21244,63,15,29,113
21245,63,15,29,113
21246,63,15,29,113
21247,63,15,29,113
21248,63,15,29,113
21249,63,15,29,113
21250,63,15,29,113
21251,63,15,29,113
21252,63,15,29,113
21253,63,15,29,113
21254,63,15,29,113
21255,63,15,29,113
21256,63,15,29,113
21257,63,15,29,113
21258,63,15,29,113
21259,63,15,29,113
21260,63,15,29,113
21261,63,15,29,113
21262,63,15,29,113
21263,63,15,29,113
21264,63,15,29,113
21265,63,15,29,113
21266,63,15,29,113
21267,63,15,29,113
21268,63,15,29,113
21269,63,15,29,113
21270,63,15,29,113
21271,63,15,29,113
21272,63,15,29,113
21273,63,15,29,113
21274,63,15,29,113
21275,63,15,29,113
21276,63,15,29,113
21277,63,15,29,113
21278,63,15,29,113
21279,63,15,29,113
21280,63,15,29,113
21281,63,15,29,113
21282,63,15,29,113
21283,63,15,29,113
21284,63,15,29,113
21285,63,15,29,113
21286,63,15,29,113
21287,63,15,29,113
21288,63,15,29,113
21289,63,15,29,113
21290,63,15,29,113
21291,63,15,29,113
21292,63,15,29,113
21293,63,15,29,113
21294,63,15,29,113
21295,63,15,29,113
21296,63,15,29,113
21297,63,15,29,113
21298,63,15,29,113
21299,63,15,29,113
21300,63,15,29,113
21301,63,15,29,113
21302,63,15,29,113
21303,63,15,29,113
21304,63,15,29,113
21305,63,15,29,113
21306,63,15,29,113
21307,63,15,29,113
21308,63,15,29,113
21309,63,15,29,113
21310,63,15,29,113
21311,63,15,29,113
21312,63,15,29,113
21313,63,15,29,113
21314,63,15,29,113
21315,63,15,29,113
21316,63,15,29,113
21317,63,15,29,113
21318,63,15,29,113
21319,63,15,29,113
21320,63,15,29,113
21321,63,15,29,113
21322,63,15,29,113
21323,63,15,29,113
21324,63,15,29,113
21325,63,15,29,113
21326,63,15,29,113
21327,63,15,29,114
21328,63,15,29,114
21329,63,15,29,114
21330,63,15,29,114
21331,63,15,29,114
21332,63,15,29,114
21333,63,15,29,114
21334,63,15,29,114
21335,63,15,29,114
21336,63,15,29,114
21337,63,15,29,114
21338,63,15,29,114
21339,63,15,29,114
21340,63,15,29,114
21341,63,15,29,114
21342,63,15,29,114
21343,63,15,29,114
21344,63,15,29,114
21345,63,15,29,114
21346,63,15,29,114
21347,63,15,29,114
21348,63,15,29,114
21349,63,15,29,114
21350,63,15,29,114
21351,63,15,29,114
21352,63,15,29,114
21353,63,15,29,114
21354,63,15,29,114
21355,63,15,29,114
21356,63,15,29,114
21357,63,15,29,114
21358,63,15,29,114
21359,63,15,29,114
21360,63,15,29,114
21361,63,15,29,114
21362,63,15,29,114
21363,63,15,29,114
21364,63,15,29,114
21365,63,15,29,114
21366,63,15,29,114
21367,63,15,29,114
21368,63,15,29,114
21369,63,15,29,114
21370,63,15,29,114
21371,63,15,29,114
21372,63,15,29,114
21373,63,15,29,114
21374,63,15,29,114
21375,63,15,29,114
21376,63,15,29,114
21377,63,15,29,114
21378,63,15,29,114
21379,63,15,29,114
21380,63,15,29,114
21381,63,15,29,114
21382,63,15,29,114
21383,63,15,29,114
21384,63,15,29,114
21385,63,15,29,114
21386,63,15,29,114
21387,63,15,29,114
21388,63,15,29,114
21389,63,15,29,114
21390,63,15,29,114
21391,63,15,29,114
21392,63,15,29,114
21393,63,15,29,114
21394,63,15,29,114
21395,63,15,29,114
21396,63,15,29,114
21397,63,15,29,114
21398,63,15,29,114
21399,63,15,29,114
21400,63,15,29,114
21401,63,15,29,114
21402,63,15,29,114
21403,63,15,29,114
21404,63,15,29,114
21405,63,15,29,114
21406,63,15,29,114
21407,63,15,29,114
21408,63,15,29,114
21409,63,15,29,114
21410,63,15,29,114
21411,63,15,29,114
21412,63,15,29,114
21413,63,15,29,114
21414,63,15,29,114
21415,63,15,29,114
21416,63,15,29,114
21417,63,15,29,114
21418,63,15,29,114
21419,63,15,29,114
21420,63,15,29,114
21421,63,15,29,114
21422,63,15,29,114
21423,63,15,29,114
21424,63,15,29,114
21425,63,15,29,115
21426,63,15,29,115
21427,63,15,29,115
21428,63,15,29,115
21429,63,15,29,115
21430,63,15,29,115
21431,63,15,29,115
21432,63,15,29,115
21433,63,15,29,115
21434,63,15,29,115
21435,63,15,29,115
21436,63,15,29,115
21437,63,15,29,115
21438,63,15,29,115
21439,63,15,29,115
21440,63,15,29,115
21441,63,15,29,115
21442,63,15,29,115
21443,63,15,29,115
21444,63,15,29,115
21445,63,15,29,115
21446,63,15,29,115
21447,63,15,29,115
21448,63,15,29,115
21449,63,15,29,115
21450,63,15,29,115
21451,63,15,29,115
21452,63,15,29,115
21453,63,15,29,115
21454,63,15,29,115
21455,63,15,29,115
21456,63,15,29,115
21457,63,15,29,115
21458,63,15,29,115
21459,63,15,29,115
21460,63,15,29,115
21461,63,15,29,115
21462,63,15,29,115
21463,63,15,29,115
21464,63,15,29,115
21465,63,15,29,115
21466,63,15,29,115
21467,63,15,29,115
21468,63,15,29,115
21469,63,15,29,115
21470,63,15,29,115
21471,63,15,29,115
21472,63,15,29,115
21473,63,15,29,115
21474,63,15,29,115
21475,63,15,29,115
21476,63,15,29,115
21477,63,15,29,115
21478,63,15,29,115
21479,63,15,29,115
21480,63,15,29,115
21481,63,15,29,115
21482,63,15,29,115
21483,63,15,29,115
21484,63,15,29,115
21485,63,15,29,115
21486,63,15,29,115
21487,63,15,29,115
21488,63,15,29,115
21489,63,15,29,115
21490,63,15,29,115
21491,63,15,29,115
21492,63,15,29,115
21493,63,15,29,115
21494,63,15,29,115
21495,63,15,29,115
21496,63,15,29,115
21497,63,15,29,115
21498,63,15,29,115
21499,63,15,29,115
21500,63,15,29,115
21501,63,15,29,115
21502,63,15,29,115
21503,63,15,29,115
21504,63,15,29,115
21505,63,15,29,115
21506,63,15,29,115
21507,63,15,29,115
21508,63,15,29,115
21509,63,15,29,115
21510,63,15,29,115
21511,63,15,29,115
21512,63,15,29,115
21513,63,15,29,115
21514,63,15,29,115
21515,63,15,29,115
21516,63,15,29,115
21517,63,15,29,115
21518,63,15,29,115
21519,63,15,29,115
21520,63,15,29,115
21521,63,15,29,115
21522,63,15,29,115
21523,63,15,29,115
21524,63,15,29,115
21525,63,15,29,115
21526,63,15,29,115
21527,63,15,29,115
21528,63,15,29,115
21529,63,15,29,115
21530,63,15,29,115
21531,63,15,29,115
21532,63,15,29,115
21533,63,15,29,115
21534,63,15,29,115
21535,63,15,29,115
21536,63,15,29,115
21537,63,15,29,115
21538,63,15,29,115
21539,63,15,29,115
21540,63,15,29,115
21541,63,15,29,115
21542,63,15,29,115
21543,63,15,29,115
21544,63,15,29,115
21545,63,15,29,115
21546,63,15,29,115
21547,63,15,29,115
21548,63,15,29,115
21549,63,15,29,115
21550,63,15,29,115
21551,63,15,29,115
21552,63,15,29,115
21553,63,15,29,115
21554,63,15,29,115
21555,63,15,29,115
21556,63,15,29,115
21557,63,15,29,115
21558,63,15,29,115
21559,63,15,29,115
21560,63,15,29,115
21561,63,15,29,115
21562,63,15,29,115
21563,63,15,29,115
21564,63,15,29,115
21565,63,15,29,115
21566,63,15,29,115
21567,63,15,29,115
21568,63,15,29,115
21569,63,15,29,115
21570,63,15,29,115
21571,63,15,29,115
21572,63,15,29,115
21573,63,15,29,115
21574,63,15,29,115
21575,63,15,29,115
21576,63,15,29,115
21577,63,15,29,115
21578,63,15,29,115
21579,63,15,29,115
21580,63,15,29,115
21581,63,15,29,115
21582,63,15,29,115
21583,63,15,29,115
21584,63,15,29,115
21585,63,15,29,115
21586,63,15,29,115
21587,63,15,29,115
21588,63,15,29,115
21589,63,15,29,115
21590,63,15,29,115
21591,63,15,29,115
21592,63,15,29,115
21593,63,15,29,115
21594,63,15,29,115
21595,63,15,29,115
21596,63,15,29,115
21597,63,15,29,115
21598,63,15,29,115
21599,63,15,29,115
21600,63,15,29,115
21601,63,15,29,115
21602,63,15,29,115
21603,63,15,29,115
21604,63,15,29,115
21605,63,15,29,115
21606,63,15,29,115
21607,63,15,29,115
21608,63,15,29,115
21609,63,15,29,115
21610,63,15,29,115
21611,63,15,29,115
21612,63,15,29,115
21613,63,15,29,115
21614,63,15,29,115
21615,63,15,29,115
21616,63,15,29,115
21617,63,15,29,115
21618,63,15,29,115
21619,63,15,29,115
21620,63,15,29,115
21621,63,15,29,115
21622,63,15,29,115
21623,63,15,29,115
21624,63,15,29,115
21625,63,15,29,115
21626,63,15,29,115
21627,63,15,29,115
21628,63,15,29,115
21629,63,15,29,115
21630,63,15,29,115
21631,63,15,29,115
21632,63,15,29,115
21633,63,15,29,115
21634,63,15,29,115
21635,63,15,29,115
21636,63,15,29,115
21637,63,15,29,115
21638,63,15,29,115
21639,63,15,29,115
21640,63,15,29,115
21641,63,15,29,115
21642,63,15,29,115
21643,63,15,29,115
21644,63,15,29,115
21645,63,15,29,115
21646,63,15,29,115
21647,63,15,29,115
21648,63,15,29,115
21649,63,15,29,115
21650,63,15,29,115
21651,63,15,29,116
21652,63,15,29,116
21653,63,15,29,116
21654,63,15,29,116
21655,63,15,29,116
21656,63,15,29,116
21657,63,15,29,116
21658,63,15,29,116
21659,63,15,29,116
21660,63,15,29,116
21661,63,15,29,116
21662,63,15,29,116
21663,63,15,29,116
21664,63,15,29,116
21665,63,15,29,116
21666,63,15,29,116
21667,63,15,29,116
21668,63,15,29,116
21669,63,15,29,116
21670,63,15,29,116
21671,63,15,29,116
21672,63,15,29,116
21673,63,15,29,116
21674,63,15,29,116
21675,63,15,29,116
21676,63,15,29,116
21677,63,15,29,116
21678,63,15,29,116
21679,63,15,29,116
21680,63,15,29,116
21681,63,15,29,116
21682,63,15,29,116
21683,63,15,29,116
21684,63,15,29,116
21685,63,15,29,116
21686,63,15,29,116
21687,63,15,29,116
21688,63,15,29,116
21689,63,15,29,116
21690,63,15,29,116
21691,63,15,29,116
21692,63,15,29,116
21693,63,15,29,116
21694,63,15,29,116
21695,63,15,29,116
21696,63,15,29,116
21697,63,15,29,116
21698,63,15,29,116
21699,63,15,29,116
21700,63,15,29,116
21701,63,15,29,116
21702,63,15,29,116
21703,63,15,29,116
21704,63,15,29,116
21705,63,15,29,116
21706,63,15,29,116
21707,63,15,29,116
21708,63,15,29,116
21709,63,15,29,116
21710,63,15,29,116
21711,63,15,29,116
21712,63,15,29,116
21713,63,15,29,116
21714,63,15,29,116
21715,63,15,29,116
21716,63,15,29,116
21717,63,15,29,116
21718,63,15,29,116
21719,63,15,29,116
21720,63,15,29,116
21721,63,15,29,116
21722,63,15,29,116
21723,63,15,29,116
21724,63,15,29,116
21725,63,15,29,116
21726,63,15,29,116
21727,63,15,29,116
21728,63,15,29,116
21729,63,15,29,116
21730,63,15,29,116
21731,63,15,29,116
21732,63,15,29,116
21733,63,15,29,116
21734,63,15,29,116
21735,63,15,29,116
21736,63,15,29,116
21737,63,15,29,116
21738,63,15,29,116
21739,63,15,29,116
21740,63,15,29,116
21741,63,15,29,116
21742,63,15,29,116
21743,63,15,29,116
21744,63,15,29,116
21745,63,15,29,116
21746,63,15,29,116
21747,63,15,29,116
21748,63,15,29,116
21749,63,15,29,116
21750,63,15,29,116
21751,63,15,29,116
21752,63,15,29,116
21753,63,15,29,116
21754,63,15,29,116
21755,63,15,29,116
21756,63,15,29,116
21757,63,15,29,116
21758,63,15,29,116
21759,63,15,29,116
21760,63,15,29,116
21761,63,15,29,116
21762,63,15,29,116
21763,63,15,29,116
21764,63,15,29,116
21765,63,15,29,116
21766,63,15,29,116
21767,63,15,29,116
21768,63,15,29,116
21769,63,15,29,116
21770,63,15,29,116
21771,63,15,29,116
21772,63,15,29,116
21773,63,15,29,116
21774,63,15,29,116
21775,63,15,29,116
21776,63,15,29,116
21777,63,15,29,116
21778,63,15,29,116
21779,63,15,29,116
21780,63,15,29,116
21781,63,15,29,116
21782,63,15,29,116
21783,63,15,29,116
21784,63,15,29,116
21785,63,15,29,116
21786,63,15,29,116
21787,63,15,29,116
21788,63,15,29,116
21789,63,15,29,116
21790,63,15,29,116
21791,63,15,29,116
21792,63,15,29,116
21793,63,15,29,116
21794,63,15,29,116
21795,63,15,29,116
21796,63,15,29,116
21797,63,15,29,116
21798,63,15,29,116
21799,63,15,29,116
21800,63,15,29,116
21801,63,15,29,116
21802,63,15,29,116
21803,63,15,29,116
21804,63,15,29,116
21805,63,15,29,116
21806,63,15,29,116
21807,63,15,29,116
21808,63,15,29,116
21809,63,15,29,116
21810,63,15,29,116
21811,63,15,29,116
21812,63,15,29,116
21813,63,15,29,116
21814,63,15,29,116
21815,63,15,29,116
21816,63,15,29,116
21817,63,15,29,116
21818,63,15,29,116
21819,63,15,29,116
21820,63,15,29,116
21821,63,15,29,116
21822,63,15,29,116
21823,63,15,29,116
21824,63,15,29,116
21825,63,15,29,116
21826,63,15,29,116
21827,63,15,29,116
21828,63,15,29,116
21829,63,15,29,116
21830,63,15,29,116
21831,63,15,29,116
21832,63,15,29,116
21833,63,15,29,116
21834,63,15,29,116
21835,63,15,29,116
21836,63,15,29,116
21837,63,15,29,116
21838,63,15,29,116
21839,63,15,29,116
21840,63,15,29,116
21841,63,15,29,116
21842,63,15,29,116
21843,63,15,29,116
21844,63,15,29,116
21845,63,15,29,116
21846,63,15,29,116
21847,63,15,29,116
21848,63,15,29,116
21849,63,15,29,116
21850,63,15,29,116
21851,63,15,29,116
21852,63,15,29,116
21853,63,15,29,116
21854,63,15,29,116
21855,63,15,29,116
21856,63,15,29,116
21857,63,15,29,116
21858,63,15,29,116
21859,63,15,29,116
21860,63,15,29,116
21861,63,15,29,116
21862,63,15,29,116
21863,63,15,29,116
21864,63,15,29,116
21865,63,15,29,116
21866,63,15,29,116
21867,63,15,29,116
21868,63,15,29,116
21869,63,15,29,116
21870,63,15,29,116
21871,63,15,29,116
21872,63,15,29,116
21873,63,15,29,116
21874,63,15,29,116
21875,63,15,29,116
21876,63,15,29,116
21877,63,15,29,116
21878,63,15,29,116
21879,63,15,29,116
21880,63,15,29,116
21881,63,15,29,116
21882,63,15,29,116
21883,63,15,29,116
21884,63,15,29,116
21885,63,15,29,116
21886,63,15,29,116
21887,63,15,29,116
21888,63,15,29,116
21889,63,15,29,116
21890,63,15,29,116
21891,63,15,29,116
21892,63,15,29,116
21893,63,15,29,116
21894,63,15,29,116
21895,63,15,29,116
21896,63,15,29,116
21897,63,15,29,116
21898,63,15,29,116
21899,63,15,29,116
21900,63,15,29,116
21901,63,15,29,116
21902,63,15,29,116
21903,63,15,29,116
21904,63,15,29,116
21905,63,15,29,116
21906,63,15,29,116
21907,63,15,29,116
21908,63,15,29,116
21909,63,15,29,116
21910,63,15,29,116
21911,63,15,29,116
21912,63,15,29,116
21913,63,15,29,116
21914,63,15,29,116
21915,63,15,29,116
21916,63,15,29,116
21917,63,15,29,116
21918,63,15,29,116
21919,63,15,29,116
21920,63,15,29,116
21921,63,15,29,116
21922,63,15,29,116
21923,63,15,29,116
21924,63,15,29,116
21925,63,15,29,116
21926,63,15,29,116
21927,63,15,29,116
21928,63,15,29,116
21929,63,15,29,116
21930,63,15,29,116
21931,63,15,29,116
21932,63,15,29,116
21933,63,15,29,116
21934,63,15,29,116
21935,63,15,29,116
21936,63,15,29,116
21937,63,15,29,116
21938,63,15,29,116
21939,63,15,29,116
21940,63,15,29,116
21941,63,15,29,116
21942,63,15,29,116
21943,63,15,29,116
21944,63,15,29,116
21945,63,15,29,116
21946,63,15,29,116
21947,63,15,29,116
21948,63,15,29,116
21949,63,15,29,116
21950,63,15,29,116
21951,63,15,29,116
21952,63,15,29,116
21953,63,15,29,116
21954,63,15,29,116
21955,63,15,29,116
21956,63,15,29,116
21957,63,15,29,116
21958,63,15,29,116
21959,63,15,29,116
21960,63,15,29,116
21961,63,15,29,116
21962,63,15,29,116
21963,63,15,29,116
21964,63,15,29,116
21965,63,15,29,116
21966,63,15,29,116
21967,63,15,29,116
21968,63,15,29,116
21969,63,15,29,116
21970,63,15,29,116
21971,63,15,29,116
21972,63,15,29,116
21973,63,15,29,116
21974,63,15,29,116
21975,63,15,29,116
21976,63,15,29,116
21977,63,15,29,116
21978,63,15,29,116
21979,63,15,29,116
21980,63,15,29,116
21981,63,15,29,116
21982,63,15,29,116
21983,63,15,29,116
21984,63,15,29,116
21985,63,15,29,116
21986,63,15,29,116
21987,63,15,29,116
21988,63,15,29,116
21989,63,15,29,116
21990,63,15,29,116
21991,63,15,29,116
21992,63,15,29,116
21993,63,15,29,116
21994,63,15,29,116
21995,63,15,29,116
21996,63,15,29,116
21997,63,15,29,116
21998,63,15,29,116
21999,63,15,29,116
22000,63,15,29,116
22001,63,15,29,116
22002,63,15,29,116
22003,63,15,29,116
22004,63,15,29,116
22005,63,15,29,116
22006,63,15,29,116
22007,63,15,29,116
22008,63,15,29,116
22009,63,15,29,116
22010,63,15,29,116
22011,63,15,29,116
22012,63,15,29,116
22013,63,15,29,117
22014,63,15,29,117
22015,63,15,29,117
22016,63,15,29,117
22017,63,15,29,117
22018,63,15,29,117
22019,63,15,29,117
22020,63,15,29,117
22021,63,15,29,117
22022,63,15,29,117
22023,63,15,29,117
22024,63,15,29,117
22025,63,15,29,117
22026,63,15,29,117
22027,63,15,29,117
22028,63,15,29,117
22029,63,15,29,117
22030,63,15,29,117
22031,63,15,29,117
22032,63,15,29,117
22033,63,15,29,117
22034,63,15,29,117
22035,63,15,29,117
22036,63,15,29,117
22037,63,15,29,117
22038,63,15,29,117
22039,63,15,29,117
22040,63,15,29,117
22041,63,15,29,117
22042,63,15,29,117
22043,63,15,29,117
22044,63,15,29,117
22045,63,15,29,117
22046,63,15,29,117
22047,63,15,29,117
22048,63,15,29,117
22049,63,15,29,117
22050,63,15,29,117
22051,63,15,29,117
22052,63,15,29,117
22053,63,15,29,117
22054,63,15,29,117
22055,63,15,29,117
22056,63,15,29,118
22057,63,15,29,118
22058,63,15,29,118
22059,63,15,29,118
22060,63,15,29,118
22061,63,15,29,118
22062,63,15,29,118
22063,63,15,29,118
22064,63,15,29,118
22065,63,15,29,118
22066,63,15,29,118
22067,63,15,29,118
22068,63,15,29,118
22069,63,15,29,118
22070,63,15,29,118
22071,63,15,29,118
22072,63,15,29,118
22073,63,15,29,118
22074,63,15,29,118
22075,63,15,29,118
22076,63,15,29,118
22077,63,15,29,118
22078,63,15,29,118
22079,63,15,29,118
22080,63,15,29,118
22081,63,15,29,118
22082,63,15,29,118
22083,63,15,29,118
22084,63,15,29,118
22085,63,15,29,118
22086,63,15,29,118
22087,63,15,29,118
22088,63,15,29,118
22089,63,15,29,118
22090,63,15,29,118
22091,63,15,29,118
22092,63,15,29,118
22093,63,15,29,118
22094,63,15,29,118
22095,63,15,29,118
22096,63,15,29,118
22097,63,15,29,118
22098,63,15,29,118
22099,63,15,29,118
22100,63,15,29,118
22101,63,15,29,118
22102,63,15,29,118
22103,63,15,29,118
22104,63,15,29,118
22105,63,15,29,118
22106,63,15,29,118
22107,63,15,29,118
22108,63,15,29,118
22109,63,15,29,118
22110,63,15,29,118
22111,63,15,29,118
22112,63,15,29,118
22113,63,15,29,118
22114,63,15,29,118
22115,63,15,29,118
22116,63,15,29,118
22117,63,15,29,118
22118,63,15,29,118
22119,63,15,29,118
22120,63,15,29,118
22121,63,15,29,118
22122,63,15,29,118
22123,63,15,29,118
22124,63,15,29,118
22125,63,15,29,118
22126,63,15,29,118
22127,63,15,29,118
22128,63,15,29,118
22129,63,15,29,118
22130,63,15,29,118
22131,63,15,29,118
22132,63,15,29,118
22133,63,15,29,118
22134,63,15,29,118
22135,63,15,29,118
22136,63,15,29,118
22137,63,15,29,118
22138,63,15,29,118
22139,63,15,29,118
22140,63,15,29,118
22141,63,15,29,118
22142,63,15,29,118
22143,63,15,29,118
22144,63,15,29,118
22145,63,15,29,118
22146,63,15,29,118
22147,63,15,29,118
22148,63,15,29,118
22149,63,15,29,118
22150,63,15,29,118
22151,63,15,29,118
22152,63,15,29,118
22153,63,15,29,118
22154,63,15,29,118
22155,63,15,29,118
22156,63,15,29,118
22157,63,15,29,118
22158,63,15,29,118
22159,63,15,29,118
22160,63,15,29,118
22161,63,15,29,118
22162,63,15,29,118
22163,63,15,29,118
22164,63,15,29,118
22165,63,15,29,118
22166,63,15,29,118
22167,63,15,29,118
22168,63,15,29,118
22169,63,15,29,118
22170,63,15,29,118
22171,63,15,29,118
22172,63,15,29,118
22173,63,15,29,118
22174,63,15,29,118
22175,63,15,29,119
22176,63,15,29,119
22177,63,15,29,119
22178,63,15,29,119
22179,63,15,29,119
22180,63,15,29,119
22181,63,15,29,119
22182,63,15,29,119
22183,63,15,29,119
22184,63,15,29,119
22185,63,15,29,119
22186,63,15,29,119
22187,63,15,29,119
22188,63,15,29,119
22189,63,15,29,119
22190,63,15,29,119
22191,63,15,29,119
22192,63,15,29,119
22193,63,15,29,119
22194,63,15,29,119
22195,63,15,29,119
22196,63,15,29,119
22197,63,15,29,119
22198,63,15,29,119
22199,63,15,29,119
22200,63,15,29,119
22201,63,15,29,119
22202,63,15,29,119
22203,63,15,29,119
22204,63,15,29,119
22205,63,15,29,119
22206,63,15,29,119
22207,63,15,29,119
22208,63,15,29,119
22209,63,15,29,119
22210,63,15,29,119
22211,63,15,29,119
22212,63,15,29,119
22213,63,15,29,119
22214,63,15,29,119
22215,63,15,29,119
22216,63,15,29,119
22217,63,15,29,119
22218,63,15,29,119
22219,63,15,29,119
22220,63,15,29,119
22221,63,15,29,119
22222,63,15,29,119
22223,63,15,29,119
22224,63,15,29,119
22225,63,15,29,119
22226,63,15,29,119
22227,63,15,29,119
22228,63,15,29,119
22229,63,15,29,119
22230,63,15,29,119
22231,63,15,29,119
22232,63,15,29,119
22233,63,15,29,119
22234,63,15,29,119
22235,63,15,29,119
22236,63,15,29,119
22237,63,15,29,119
22238,63,15,29,119
22239,63,15,29,119
22240,63,15,29,119
22241,63,15,29,119
22242,63,15,29,119
22243,63,15,29,119
22244,63,15,29,119
22245,63,15,29,119
22246,63,15,29,119
22247,63,15,29,119
22248,63,15,29,119
22249,63,15,29,119
22250,63,15,29,119
22251,63,15,29,119
22252,63,15,29,119
22253,63,15,29,119
22254,63,15,29,119
22255,63,15,29,119
22256,63,15,29,119
22257,63,15,29,119
22258,63,15,29,119
22259,63,15,29,119
22260,63,15,29,119
22261,63,15,29,119
22262,63,15,29,119
22263,63,15,29,119
22264,63,15,29,119
22265,63,15,29,119
22266,63,15,29,119
22267,63,15,29,119
22268,63,15,29,119
22269,63,15,29,119
22270,63,15,29,119
22271,63,15,29,119
22272,63,15,29,119
22273,63,15,29,119
22274,63,15,29,119
22275,63,15,29,119
22276,63,15,29,119
22277,63,15,29,119
22278,63,15,29,119
22279,63,15,29,119
22280,63,15,29,119
22281,63,15,29,119
22282,63,15,29,119
22283,63,15,29,119
22284,63,15,29,119
22285,63,15,29,119
22286,63,15,29,119
22287,63,15,29,119
22288,63,15,29,119
22289,63,15,29,119
22290,63,15,29,119
22291,63,15,29,119
22292,63,15,29,119
22293,63,15,29,119
22294,63,15,29,119
22295,63,15,29,119
22296,63,15,29,119
22297,63,15,29,119
22298,63,15,29,119
22299,63,15,29,119
22300,63,15,29,119
22301,63,15,29,119
22302,63,15,29,119
22303,63,15,29,119
22304,63,15,29,119
22305,63,15,29,119
22306,63,15,29,119
22307,63,15,29,119
22308,63,15,29,119
22309,63,15,29,119
22310,63,15,29,119
22311,63,15,29,119
22312,63,15,29,119
22313,63,15,29,119
22314,63,15,29,119
22315,63,15,29,119
22316,63,15,29,119
22317,63,15,29,119
22318,63,15,29,119
22319,63,15,29,119
22320,63,15,29,119
22321,63,15,29,119
22322,63,15,29,119
22323,63,15,29,119
22324,63,15,29,119
22325,63,15,29,119
22326,63,15,29,119
22327,63,15,29,119
22328,63,15,29,119
22329,63,15,29,119
22330,63,15,29,119
22331,63,15,29,119
22332,63,15,29,119
22333,63,15,29,119
22334,63,15,29,119
22335,63,15,29,119
22336,63,15,29,119
22337,63,15,29,119
22338,63,15,29,119
22339,63,15,29,119
22340,63,15,29,119
22341,63,15,29,119
22342,63,15,29,119
22343,63,15,29,119
22344,63,15,29,119
22345,63,15,29,119
22346,63,15,29,119
22347,63,15,29,119
22348,63,15,29,119
22349,63,15,29,119
22350,63,15,29,119
22351,63,15,29,119
22352,63,15,29,119
22353,63,15,29,119
22354,63,15,29,119
22355,63,15,29,119
22356,63,15,29,119
22357,63,15,29,119
22358,63,15,29,119
22359,63,15,29,119
22360,63,15,29,119
22361,63,15,29,119
22362,63,15,29,119
22363,63,15,29,119
22364,63,15,29,119
22365,63,15,29,119
22366,63,15,29,119
22367,63,15,29,119
22368,63,15,29,119
22369,63,15,29,119
22370,63,15,29,119
22371,63,15,29,119
22372,63,15,29,119
22373,63,15,29,119
22374,63,15,29,119
22375,63,15,29,119
22376,63,15,29,119
22377,63,15,29,119
22378,63,15,29,119
22379,63,15,29,119
22380,63,15,29,119
22381,63,15,29,119
22382,63,15,29,119
22383,63,15,29,119
22384,63,15,29,119
22385,63,15,29,119
22386,63,15,29,119
22387,63,15,29,119
22388,63,15,29,119
22389,63,15,29,119
22390,63,15,29,119
22391,63,15,29,119
22392,63,15,29,119
22393,63,15,29,119
22394,63,15,29,119
22395,63,15,29,119
22396,63,15,29,120
22397,63,15,29,120
22398,63,15,29,120
22399,63,15,29,120
22400,63,15,29,120
22401,63,15,29,120
22402,63,15,29,120
22403,63,15,29,120
22404,63,15,29,120
22405,63,15,29,120
22406,63,15,29,120
22407,63,15,29,120
22408,63,15,29,120
22409,63,15,29,120
22410,63,15,29,120
22411,63,15,29,120
22412,63,15,29,120
22413,63,15,29,120
22414,63,15,29,120
22415,63,15,29,120
22416,63,15,29,120
22417,63,15,29,120
22418,63,15,29,120
22419,63,15,29,120
22420,63,15,29,120
22421,63,15,29,120
22422,63,15,29,120
22423,63,15,29,120
22424,63,15,29,120
22425,63,15,29,120
22426,63,15,29,120
22427,63,15,29,120
22428,63,15,29,120
22429,63,15,29,120
22430,63,15,29,120
22431,63,15,29,120
22432,63,15,29,120
22433,63,15,29,120
22434,63,15,29,120
22435,63,15,29,120
22436,63,15,29,120
22437,63,15,29,120
22438,63,15,29,120
22439,63,15,29,120
22440,63,15,29,120
22441,63,15,29,120
22442,63,15,29,120
22443,63,15,29,120
22444,63,15,29,120
22445,63,15,29,120
22446,63,15,29,120
22447,63,15,29,120
22448,63,15,29,120
22449,63,15,29,120
22450,63,15,29,120
22451,63,15,29,120
22452,63,15,29,120
22453,63,15,29,120
22454,63,15,29,120
22455,63,15,29,120
22456,63,15,29,120
22457,63,15,29,120
22458,63,15,29,120
22459,63,15,29,120
22460,63,15,29,120
22461,63,15,29,120
22462,63,15,29,120
22463,63,15,29,120
22464,63,15,29,120
22465,63,15,29,120
22466,63,15,29,120
22467,63,15,29,120
22468,63,15,29,120
22469,63,15,29,120
22470,63,15,29,120
22471,63,15,29,121
22472,63,15,29,121
22473,63,15,29,121
22474,63,15,29,121
22475,63,15,29,121
22476,63,15,29,121
22477,63,15,29,121
22478,63,15,29,121
22479,63,15,29,121
22480,63,15,29,121
22481,63,15,29,121
22482,63,15,29,121
22483,63,15,29,121
22484,63,15,29,121
22485,63,15,29,121
22486,63,15,29,121
22487,63,15,29,121
22488,63,15,29,121
22489,63,15,29,121
22490,63,15,29,121
22491,63,15,29,121
22492,63,15,29,121
22493,63,15,29,121
22494,63,15,29,121
22495,63,15,29,121
22496,63,15,29,121
22497,63,15,29,121
22498,63,15,29,121
22499,63,15,29,121
22500,63,15,29,121
22501,63,15,29,121
22502,63,15,29,121
22503,63,15,29,121
22504,63,15,29,121
22505,63,15,29,121
22506,63,15,29,121
22507,63,15,29,121
22508,63,15,29,121
22509,63,15,29,121
22510,63,15,29,121
22511,63,15,29,121
22512,63,15,29,121
22513,63,15,29,121
22514,63,15,29,121
22515,63,15,29,121
22516,63,15,29,121
22517,63,15,29,121
22518,63,15,29,121
22519,63,15,29,121
22520,63,15,29,121
22521,63,15,29,121
22522,63,15,29,121
22523,63,15,29,121
22524,63,15,29,121
22525,63,15,29,121
22526,63,15,29,121
22527,63,15,29,121
22528,63,15,29,121
22529,63,15,29,121
22530,63,15,29,121
22531,63,15,29,121
22532,63,15,29,121
22533,63,15,29,121
22534,63,15,29,121
22535,63,15,29,121
22536,63,15,29,121
22537,63,15,29,121
22538,63,15,29,121
22539,63,15,29,121
22540,63,15,29,121
22541,63,15,29,121
22542,63,15,29,121
22543,63,15,29,121
22544,63,15,29,121
22545,63,15,29,121
22546,63,15,29,121
22547,63,15,29,121
22548,63,15,29,121
22549,63,15,29,121
22550,63,15,29,121
22551,63,15,29,121
22552,63,15,29,121
22553,63,15,29,121
22554,63,15,29,121
22555,63,15,29,121
22556,63,15,29,121
22557,63,15,29,121
22558,63,15,29,121
22559,63,15,29,121
22560,63,15,29,121
22561,63,15,29,121
22562,63,15,29,121
22563,63,15,29,121
22564,63,15,29,121
22565,63,15,29,121
22566,63,15,29,121
22567,63,15,29,121
22568,63,15,29,121
22569,63,15,29,121
22570,63,15,29,121
22571,63,15,29,121
22572,63,15,29,121
22573,63,15,29,121
22574,63,15,29,121
22575,63,15,29,121
22576,63,15,29,121
22577,63,15,29,121
22578,63,15,29,121
22579,63,15,29,121
22580,63,15,29,121
22581,63,15,29,121
22582,63,15,29,121
22583,63,15,29,121
22584,63,15,29,121
22585,63,15,29,121
22586,63,15,29,121
22587,63,15,29,121
22588,63,15,29,121
22589,63,15,29,121
22590,63,15,29,121
22591,63,15,29,121
22592,63,15,29,121
22593,63,15,29,121
22594,63,15,29,121
22595,63,15,29,121
22596,63,15,29,121
22597,63,15,29,121
22598,63,15,29,121
22599,63,15,29,121
22600,63,15,29,121
22601,63,15,29,121
22602,63,15,29,121
22603,63,15,29,121
22604,63,15,29,121
22605,63,15,29,121
22606,63,15,29,121
22607,63,15,29,121
22608,63,15,29,121
22609,63,15,29,121
22610,63,15,29,121
22611,63,15,29,121
22612,63,15,29,121
22613,63,15,29,121
22614,63,15,29,121
22615,63,15,29,121
22616,63,15,29,121
22617,63,15,29,121
22618,63,15,29,121
22619,63,15,29,121
22620,63,15,29,121
22621,63,15,29,121
22622,63,15,29,121
22623,63,15,29,121
22624,63,15,29,121
22625,63,15,29,121
22626,63,15,29,121
22627,63,15,29,121
22628,63,15,29,121
22629,63,15,29,121
22630,63,15,29,121
22631,63,15,29,121
22632,63,15,29,121
22633,63,15,29,121
22634,63,15,29,121
22635,63,15,29,121
22636,63,15,29,121
22637,63,15,29,121
22638,63,15,29,121
22639,63,15,29,121
22640,63,15,29,121
22641,63,15,29,121
22642,63,15,29,121
22643,63,15,29,121
22644,63,15,29,121
22645,63,15,29,121
22646,63,15,29,121
22647,63,15,29,121
22648,63,15,29,121
22649,63,15,29,121
22650,63,15,29,121
22651,63,15,29,121
22652,63,15,29,121
22653,63,15,29,121
22654,63,15,29,121
22655,63,15,29,121
22656,63,15,29,121
22657,63,15,29,121
22658,63,15,29,121
22659,63,15,29,121
22660,63,15,29,121
22661,63,15,29,121
22662,63,15,29,121
22663,63,15,29,121
22664,63,15,29,121
22665,63,15,29,121
22666,63,15,29,121
22667,63,15,29,121
22668,63,15,29,121
22669,63,15,29,121
22670,63,15,29,121
22671,63,15,29,121
22672,63,15,29,121
22673,63,15,29,121
22674,63,15,29,121
22675,63,15,29,121
22676,63,15,29,121
22677,63,15,29,121
22678,63,15,29,121
22679,63,15,29,121
22680,63,15,29,121
22681,63,15,29,121
22682,63,15,29,121
22683,63,15,29,121
22684,63,15,29,121
22685,63,15,29,121
22686,63,15,29,121
22687,63,15,29,121
22688,63,15,29,121
22689,63,15,29,121
22690,63,15,29,121
22691,63,15,29,121
22692,63,15,29,121
22693,63,15,29,121
22694,63,15,29,121
22695,63,15,29,121
22696,63,15,29,121
22697,63,15,29,121
22698,63,15,29,121
22699,63,15,29,121
22700,63,15,29,121
22701,63,15,29,121
22702,63,15,29,121
22703,63,15,29,121
22704,63,15,29,121
22705,63,15,29,121
22706,63,15,29,121
22707,63,15,29,121
22708,63,15,29,121
22709,63,15,29,121
22710,63,15,29,121
22711,63,15,29,121
22712,63,15,29,121
22713,63,15,29,121
22714,63,15,29,121
22715,63,15,29,121
22716,63,15,29,121
22717,63,15,29,121
22718,63,15,29,121
22719,63,15,29,121
22720,63,15,29,121
22721,63,15,29,121
22722,63,15,29,121
22723,63,15,29,121
22724,63,15,29,121
22725,63,15,29,121
22726,63,15,29,121
22727,63,15,29,121
22728,63,15,29,121
22729,63,15,29,122
22730,63,15,29,122
22731,63,15,29,122
22732,63,15,29,122
22733,63,15,29,122
22734,63,15,29,122
22735,63,15,29,122
22736,63,15,29,122
22737,63,15,29,122
22738,63,15,29,122
22739,63,15,29,122
22740,63,15,29,122
22741,63,15,29,122
22742,63,15,29,122
22743,63,15,29,122
22744,63,15,29,122
22745,63,15,29,122
22746,63,15,29,122
22747,63,15,29,122
22748,63,15,29,122
22749,63,15,29,122
22750,63,15,29,122
22751,63,15,29,122
22752,63,15,29,122
22753,63,15,29,122
22754,63,15,29,122
22755,63,15,29,122
22756,63,15,29,122
22757,63,15,29,122
22758,63,15,29,122
22759,63,15,29,122
22760,63,15,29,122
22761,63,15,29,122
22762,63,15,29,122
22763,63,15,29,122
22764,63,15,29,122
22765,63,15,29,122
22766,63,15,29,122
22767,63,15,29,122
22768,63,15,29,122
22769,63,15,29,122
22770,63,15,29,122
22771,63,15,29,122
22772,63,15,29,122
22773,63,15,29,122
22774,63,15,29,122
22775,63,15,29,122
22776,63,15,29,122
22777,63,15,29,122
22778,63,15,29,122
22779,63,15,29,122
22780,63,15,29,122
22781,63,15,29,122
22782,63,15,29,122
22783,63,15,29,122
22784,63,15,29,122
22785,63,15,29,122
22786,63,15,29,122
22787,63,15,29,122
22788,63,15,29,122
22789,63,15,29,122
22790,63,15,29,122
22791,63,15,29,122
22792,63,15,29,122
22793,63,15,29,122
22794,63,15,29,122
22795,63,15,29,122
22796,63,15,29,122
22797,63,15,29,122
22798,63,15,29,122
22799,63,15,29,123
22800,63,15,29,123
22801,63,15,29,123
22802,63,15,29,123
22803,63,15,29,123
22804,63,15,29,123
22805,63,15,29,123
22806,63,15,29,123
22807,63,15,29,123
22808,63,15,29,123
22809,63,15,29,123
22810,63,15,29,123
22811,63,15,29,123
22812,63,15,29,123
22813,63,15,29,123
22814,63,15,29,123
22815,63,15,29,123
22816,63,15,29,123
22817,63,15,29,123
22818,63,15,29,123
22819,63,15,29,123
22820,63,15,29,123
22821,63,15,29,123
22822,63,15,29,123
22823,63,15,29,123
22824,63,15,29,123
22825,63,15,29,123
22826,63,15,29,123
22827,63,15,29,123
22828,63,15,29,123
22829,63,15,29,123
22830,63,15,29,123
22831,63,15,29,123
22832,63,15,29,123
22833,63,15,29,123
22834,63,15,29,123
22835,63,15,29,123
22836,63,15,29,123
22837,63,15,29,123
22838,63,15,29,123
22839,63,15,29,123
22840,63,15,29,123
22841,63,15,29,123
22842,63,15,29,124
22843,63,15,29,124
22844,63,15,29,124
22845,63,15,29,124
22846,63,15,29,124
22847,63,15,29,124
22848,63,15,29,124
22849,63,15,29,124
22850,63,15,29,124
22851,63,15,29,124
22852,63,15,29,124
22853,63,15,29,124
22854,63,15,29,124
22855,63,15,29,124
22856,63,15,29,124
22857,63,15,29,124
22858,63,15,29,124
22859,63,15,29,124
22860,63,15,29,124
22861,63,15,29,124
22862,63,15,29,124
22863,63,15,29,124
22864,63,15,29,124
22865,63,15,29,124
22866,63,15,29,124
22867,63,15,29,124
22868,63,15,29,124
22869,63,15,29,124
22870,63,15,29,124
22871,63,15,29,124
22872,63,15,29,124
22873,63,15,29,124
22874,63,15,29,124
22875,63,15,29,124
22876,63,15,29,124
22877,63,15,29,124
22878,63,15,29,124
22879,63,15,29,124
22880,63,15,29,124
22881,63,15,29,124
22882,63,15,29,124
22883,63,15,29,124
22884,63,15,29,124
22885,63,15,29,124
22886,63,15,29,124
22887,63,15,29,124
22888,63,15,29,124
22889,63,15,29,124
22890,63,15,29,124
22891,63,15,29,124
22892,63,15,29,124
22893,63,15,29,124
22894,63,15,29,124
22895,63,15,29,124
22896,63,15,29,124
22897,63,15,29,124
22898,63,15,29,124
22899,63,15,29,124
22900,63,15,29,124
22901,63,15,29,124
22902,63,15,29,124
22903,63,15,29,124
22904,63,15,29,124
22905,63,15,29,124
22906,63,15,29,124
22907,63,15,29,124
22908,63,15,29,124
22909,63,15,29,124
22910,63,15,29,124
22911,63,15,29,124
22912,63,15,29,124
22913,63,15,29,124
22914,63,15,29,124
22915,63,15,29,124
22916,63,15,29,124
22917,63,15,29,124
22918,63,15,29,124
22919,63,15,29,124
22920,63,15,29,124
22921,63,15,29,124
22922,63,15,29,124
22923,63,15,29,124
22924,63,15,29,124
22925,63,15,29,124
22926,63,15,29,124
22927,63,15,29,124
22928,63,15,29,124
22929,63,15,29,124
22930,63,15,29,124
22931,63,15,29,124
22932,63,15,29,124
22933,63,15,29,124
22934,63,15,29,124
22935,63,15,29,124
22936,63,15,29,124
22937,63,15,29,124
22938,63,15,29,124
22939,63,15,29,124
22940,63,15,29,124
22941,63,15,29,124
22942,63,15,29,124
22943,63,15,29,124
22944,63,15,29,124
22945,63,15,29,124
22946,63,15,29,124
22947,63,15,29,124
22948,63,15,29,124
22949,63,15,29,124
22950,63,15,29,124
22951,63,15,29,124
22952,63,15,29,124
22953,63,15,29,124
22954,63,15,29,124
22955,63,15,29,124
22956,63,15,29,124
22957,63,15,29,124
22958,63,15,29,124
22959,63,15,29,124
22960,63,15,29,124
22961,63,15,29,124
22962,63,15,29,124
22963,63,15,29,124
22964,63,15,29,124
22965,63,15,29,124
22966,63,15,29,124
22967,63,15,29,124
22968,63,15,29,124
22969,63,15,29,124
22970,63,15,29,124
22971,63,15,29,124
22972,63,15,29,124
22973,63,15,29,124
22974,63,15,29,124
22975,63,15,29,124
22976,63,15,29,124
22977,63,15,29,124
22978,63,15,29,124
22979,63,15,29,124
22980,63,15,29,124
22981,63,15,29,124
22982,63,15,29,124
22983,63,15,29,124
22984,63,15,29,124
22985,63,15,29,124
22986,63,15,29,124
22987,63,15,29,124
22988,63,15,29,124
22989,63,15,29,124
22990,63,15,29,124
22991,63,15,29,124
22992,63,15,29,124
22993,63,15,29,124
22994,63,15,29,124
22995,63,15,29,124
22996,63,15,29,124
22997,63,15,29,124
22998,63,15,29,124
22999,63,15,29,124
23000,63,15,29,124
23001,63,15,29,124
23002,63,15,29,124
23003,63,15,29,124
23004,63,15,29,124
23005,63,15,29,124
23006,63,15,29,124
23007,63,15,29,124
23008,63,15,29,124
23009,63,15,29,124
23010,63,15,29,124
23011,63,15,29,124
23012,63,15,29,124
23013,63,15,29,124
23014,63,15,29,124
23015,63,15,29,124
23016,63,15,29,124
23017,63,15,29,124
23018,63,15,29,124
23019,63,15,29,124
23020,63,15,29,124
23021,63,15,29,124
23022,63,15,29,124
23023,63,15,29,124
23024,63,15,29,124
23025,63,15,29,124
23026,63,15,29,124
23027,63,15,29,124
23028,63,15,29,124
23029,63,15,29,124
23030,63,15,29,124
23031,63,15,29,124
23032,63,15,29,124
23033,63,15,29,124
23034,63,15,29,124
23035,63,15,29,124
23036,63,15,29,124
23037,63,15,29,124
23038,63,15,29,124
23039,63,15,29,124
23040,63,15,29,124
23041,63,15,29,124
23042,63,15,29,124
23043,63,15,29,124
23044,63,15,29,124
23045,63,15,29,124
23046,63,15,29,124
23047,63,15,29,124
23048,63,15,29,124
23049,63,15,29,124
23050,63,15,29,124
23051,63,15,29,124
23052,63,15,29,124
23053,63,15,29,124
23054,63,15,29,124
23055,63,15,29,124
23056,63,15,29,124
23057,63,15,29,124
23058,63,15,29,124
23059,63,15,29,124
23060,63,15,29,124
23061,63,15,29,124
23062,63,15,29,124
23063,63,15,29,124
23064,63,15,29,124
23065,63,15,29,124
23066,63,15,29,124
23067,63,15,29,124
23068,63,15,29,124
23069,63,15,29,124
23070,63,15,29,124
23071,63,15,29,124
23072,63,15,29,124
23073,63,15,29,124
23074,63,15,29,124
23075,63,15,29,124
23076,63,15,29,124
23077,63,15,29,124
23078,63,15,29,124
23079,63,15,29,124
23080,63,15,29,124
23081,63,15,29,124
23082,63,15,29,124
23083,63,15,29,124
23084,63,15,29,124
23085,63,15,29,124
23086,63,15,29,124
23087,63,15,29,124
23088,63,15,29,124
23089,63,15,29,124
23090,63,15,29,124
23091,63,15,29,124
23092,63,15,29,124
23093,63,15,29,124
23094,63,15,29,124
23095,63,15,29,124
23096,63,15,29,124
23097,63,15,29,124
23098,63,15,29,124
23099,63,15,29,124
23100,63,15,29,124
23101,63,15,29,124
23102,63,15,29,124
23103,63,15,29,124
23104,63,15,29,124
23105,63,15,29,124
23106,63,15,29,124
23107,63,15,29,124
23108,63,15,29,124
23109,63,15,29,124
23110,63,15,29,124
23111,63,15,29,124
23112,63,15,29,124
23113,63,15,29,124
23114,63,15,29,124
23115,63,15,29,124
23116,63,15,29,124
23117,63,15,29,124
23118,63,15,29,124
23119,63,15,29,124
23120,63,15,29,124
23121,63,15,29,124
23122,63,15,29,124
23123,63,15,29,124
23124,63,15,29,124
23125,63,15,29,124
23126,63,15,29,124
23127,63,15,29,124
23128,63,15,29,124
23129,63,15,29,124
23130,63,15,29,124
23131,63,15,29,124
23132,63,15,29,124
23133,63,15,29,124
23134,63,15,29,124
23135,63,15,29,124
23136,63,15,29,124
23137,63,15,29,124
23138,63,15,29,124
23139,63,15,29,124
23140,63,15,29,124
23141,63,15,29,124
23142,63,15,29,124
23143,63,15,29,124
23144,63,15,29,124
23145,63,15,29,124
23146,63,15,29,124
23147,63,15,29,124
23148,63,15,29,124
23149,63,15,29,124
23150,63,15,29,124
23151,63,15,29,124
23152,63,15,29,124
23153,63,15,29,124
23154,63,15,29,124
23155,63,15,29,124
23156,63,15,29,124
23157,63,15,29,124
23158,63,15,29,124
23159,63,15,29,124
23160,63,15,29,124
23161,63,15,29,124
23162,63,15,29,124
23163,63,15,29,124
23164,63,15,29,124
23165,63,15,29,124
23166,63,15,29,124
23167,63,15,29,124
23168,63,15,29,124
23169,63,15,29,124
23170,63,15,29,124
23171,63,15,29,124
23172,63,15,29,124
23173,63,15,29,124
23174,63,15,29,124
23175,63,15,29,124
23176,63,15,29,124
23177,63,15,29,124
23178,63,15,29,124
23179,63,15,29,124
23180,63,15,29,124
23181,63,15,29,124
23182,63,15,29,124
23183,63,15,29,124
23184,63,15,29,124
23185,63,15,29,124
23186,63,15,29,124
23187,63,15,29,124
23188,63,15,29,124
23189,63,15,29,124
23190,63,15,29,124
23191,63,15,29,124
23192,63,15,29,124
23193,63,15,29,124
23194,63,15,29,124
23195,63,15,29,124
23196,63,15,29,124
23197,63,15,29,124
23198,63,15,29,124
23199,63,15,29,124
23200,63,15,29,124
23201,63,15,29,124
23202,63,15,29,124
23203,63,15,29,124
23204,63,15,29,124
23205,63,15,29,124
23206,63,15,29,124
23207,63,15,29,124
23208,63,15,29,124
23209,63,15,29,124
23210,63,15,29,124
23211,63,15,29,124
23212,63,15,29,124
23213,63,15,29,124
23214,63,15,29,124
23215,63,15,29,124
23216,63,15,29,124
23217,63,15,29,124
23218,63,15,29,124
23219,63,15,29,124
23220,63,15,29,124
23221,63,15,29,124
23222,63,15,29,124
23223,63,15,29,124
23224,63,15,29,124
23225,63,15,29,124
23226,63,15,29,124
23227,63,15,29,124
23228,63,15,29,124
23229,63,15,29,124
23230,63,15,29,124
23231,63,15,29,124
23232,63,15,29,124
23233,63,15,29,124
23234,63,15,29,124
23235,63,15,29,124
23236,63,15,29,124
23237,63,15,29,124
23238,63,15,29,124
23239,63,15,29,124
23240,63,15,29,124
23241,63,15,29,124
23242,63,15,29,124
23243,63,15,29,124
23244,63,15,29,124
23245,63,15,29,124
23246,63,15,29,124
23247,63,15,29,124
23248,63,15,29,124
23249,63,15,29,124
23250,63,15,29,124
23251,63,15,29,124
23252,63,15,29,124
23253,63,15,29,124
23254,63,15,29,124
23255,63,15,29,124
23256,63,15,29,124
23257,63,15,29,124
23258,63,15,29,124
23259,63,15,29,124
23260,63,15,29,124
23261,63,15,29,124
23262,63,15,29,124
23263,63,15,29,124
23264,63,15,29,124
23265,63,15,29,124
23266,63,15,29,124
23267,63,15,29,124
23268,63,15,29,124
23269,63,15,29,124
23270,63,15,29,124
23271,63,15,29,124
23272,63,15,29,124
23273,63,15,29,124
23274,63,15,29,124
23275,63,15,29,124
23276,63,15,29,124
23277,63,15,29,124
23278,63,15,29,124
23279,63,15,29,124
23280,63,15,29,124
23281,63,15,29,124
23282,63,15,29,124
23283,63,15,29,124
23284,63,15,29,124
23285,63,15,29,124
23286,63,15,29,124
23287,63,15,29,124
23288,63,15,29,124
23289,63,15,29,124
23290,63,15,29,124
23291,63,15,29,124
23292,63,15,29,124
23293,63,15,29,124
23294,63,15,29,124
23295,63,15,29,124
23296,63,15,29,124
23297,63,15,29,124
23298,63,15,29,124
23299,63,15,29,124
23300,63,15,29,124
23301,63,15,29,124
23302,63,15,29,124
23303,63,15,29,124
23304,63,15,29,124
23305,63,15,29,124
23306,63,15,29,124
23307,63,15,29,124
23308,63,15,29,124
23309,63,15,29,124
23310,63,15,29,124
23311,63,15,29,124
23312,63,15,29,124
23313,63,15,29,124
23314,63,15,29,124
23315,63,15,29,124
23316,63,15,29,124
23317,63,15,29,124
23318,63,15,29,124
23319,63,15,29,124
23320,63,15,29,124
23321,63,15,29,124
23322,63,15,29,124
23323,63,15,29,124
23324,63,15,29,124
23325,63,15,29,124
23326,63,15,29,124
23327,63,15,29,124
23328,63,15,29,124
23329,63,15,29,124
23330,63,15,29,124
23331,63,15,29,124
23332,63,15,29,124
23333,63,15,29,124
23334,63,15,29,124
23335,63,15,29,124
23336,63,15,29,124
23337,63,15,29,124
23338,63,15,29,124
23339,63,15,29,124
23340,63,15,29,124
23341,63,15,29,124
23342,63,15,29,124
23343,63,15,29,124
23344,63,15,29,124
23345,63,15,29,124
23346,63,15,29,124
23347,63,15,29,124
23348,63,15,29,124
23349,63,15,29,124
23350,63,15,29,124
23351,63,15,29,124
23352,63,15,29,124
23353,63,15,29,124
23354,63,15,29,124
23355,63,15,29,124
23356,63,15,29,124
23357,63,15,29,124
23358,63,15,29,124
23359,63,15,29,124
23360,63,15,29,124
23361,63,15,29,124
23362,63,15,29,124
23363,63,15,29,124
23364,63,15,29,124
23365,63,15,29,124
23366,63,15,29,124
23367,63,15,29,124
23368,63,15,29,124
23369,63,15,29,124
23370,63,15,29,124
23371,63,15,29,124
23372,63,15,29,124
23373,63,15,29,124
23374,63,15,29,124
23375,63,15,29,124
23376,63,15,29,124
23377,63,15,29,124
23378,63,15,29,124
23379,63,15,29,124
23380,63,15,29,124
23381,63,15,29,124
23382,63,15,29,124
23383,63,15,29,124
23384,63,15,29,124
23385,63,15,29,124
23386,63,15,29,124
23387,63,15,29,124
23388,63,15,29,124
23389,63,15,29,124
23390,63,15,29,124
23391,63,15,29,124
23392,63,15,29,124
23393,63,15,29,124
23394,63,15,29,124
23395,63,15,29,124
23396,63,15,29,125
23397,63,15,29,125
23398,63,15,29,125
23399,63,15,29,125
23400,63,15,29,125
23401,63,15,29,125
23402,63,15,29,125
23403,63,15,29,125
23404,63,15,29,125
23405,63,15,29,125
23406,63,15,29,125
23407,63,15,29,125
23408,63,15,29,125
23409,63,15,29,125
23410,63,15,29,125
23411,63,15,29,125
23412,63,15,29,125
23413,63,15,29,125
23414,63,15,29,125
23415,63,15,29,125
23416,63,15,29,125
23417,63,15,29,125
23418,63,15,29,125
23419,63,15,29,125
23420,63,15,29,125
23421,63,15,29,125
23422,63,15,29,125
23423,63,15,29,125
23424,63,15,29,125
23425,63,15,29,125
23426,63,15,29,125
23427,63,15,29,125
23428,63,15,29,125
23429,63,15,29,125
23430,63,15,29,125
23431,63,15,29,125
23432,63,15,29,125
23433,63,15,29,125
23434,63,15,29,125
23435,63,15,29,125
23436,63,15,29,125
23437,63,15,29,125
23438,63,15,29,125
23439,63,15,29,125
23440,63,15,29,125
23441,63,15,29,125
23442,63,15,29,125
23443,63,15,29,125
23444,63,15,29,125
23445,63,15,29,125
23446,63,15,29,125
23447,63,15,29,125
23448,63,15,29,125
23449,63,15,29,125
23450,63,15,29,125
23451,63,15,29,125
23452,63,15,29,125
23453,63,15,29,125
23454,63,15,29,125
23455,63,15,29,125
23456,63,15,29,125
23457,63,15,29,125
23458,63,15,29,125
23459,63,15,29,125
23460,63,15,29,125
23461,63,15,29,125
23462,63,15,29,125
23463,63,15,29,125
23464,63,15,29,125
23465,63,15,29,125
23466,63,15,29,125
23467,63,15,29,125
23468,63,15,29,125
23469,63,15,29,125
23470,63,15,29,125
23471,63,15,29,125
23472,63,15,29,125
23473,63,15,29,125
23474,63,15,29,125
23475,63,15,29,125
23476,63,15,29,125
23477,63,15,29,125
23478,63,15,29,125
23479,63,15,29,125
23480,63,15,29,125
23481,63,15,29,125
23482,63,15,29,125
23483,63,15,29,125
23484,63,15,29,125
23485,63,15,29,125
23486,63,15,29,125
23487,63,15,29,125
23488,63,15,29,125
23489,63,15,29,125
23490,63,15,29,125
23491,63,15,29,125
23492,63,15,29,125
23493,63,15,29,125
23494,63,15,29,125
23495,63,15,29,125
23496,63,15,29,125
23497,63,15,29,125
23498,63,15,29,125
23499,63,15,29,125
23500,63,15,29,125
23501,63,15,29,125
23502,63,15,29,125
23503,63,15,29,125
23504,63,15,29,125
23505,63,15,29,125
23506,63,15,29,125
23507,63,15,29,125
23508,63,15,29,125
23509,63,15,29,125
23510,63,15,29,125
23511,63,15,29,125
23512,63,15,29,125
23513,63,15,29,125
23514,63,15,29,125
23515,63,15,29,125
23516,63,15,29,125
23517,63,15,29,125
23518,63,15,29,125
23519,63,15,29,125
23520,63,15,29,125
23521,63,15,29,125
23522,63,15,29,125
23523,63,15,29,125
23524,63,15,29,125
23525,63,15,29,125
23526,63,15,29,125
23527,63,15,29,125
23528,63,15,29,125
23529,63,15,29,125
23530,63,15,29,125
23531,63,15,29,125
23532,63,15,29,125
23533,63,15,29,125
23534,63,15,29,125
23535,63,15,29,125
23536,63,15,29,125
23537,63,15,29,125
23538,63,15,29,125
23539,63,15,29,125
23540,63,15,29,125
23541,63,15,29,125
23542,63,15,29,125
23543,63,15,29,125
23544,63,15,29,125
23545,63,15,29,125
23546,63,15,29,125
23547,63,15,29,125
23548,63,15,29,125
23549,63,15,29,125
23550,63,15,29,125
23551,63,15,29,125
23552,63,15,29,125
23553,63,15,29,125
23554,63,15,29,125
23555,63,15,29,125
23556,63,15,29,125
23557,63,15,29,125
23558,63,15,29,125
23559,63,15,29,125
23560,63,15,29,125
23561,63,15,29,125
23562,63,15,29,125
23563,63,15,29,125
23564,63,15,29,125
23565,63,15,29,125
23566,63,15,29,125
23567,63,15,29,125
23568,63,15,29,125
23569,63,15,29,125
23570,63,15,29,125
23571,63,15,29,125
23572,63,15,29,125
23573,63,15,29,125
23574,63,15,29,125
23575,63,15,29,125
23576,63,15,29,125
23577,63,15,29,125
23578,63,15,29,125
23579,63,15,29,125
23580,63,15,29,125
23581,63,15,29,125
23582,63,15,29,125
23583,63,15,29,125
23584,63,15,29,125
23585,63,15,29,125
23586,63,15,29,125
23587,63,15,29,125
23588,63,15,29,125
23589,63,15,29,125
23590,63,15,29,125
23591,63,15,29,125
23592,63,15,29,125
23593,63,15,29,125
23594,63,15,29,125
23595,63,15,29,125
23596,63,15,29,125
23597,63,15,29,125
23598,63,15,29,125
23599,63,15,29,125
23600,63,15,29,125
23601,63,15,29,125
23602,63,15,29,125
23603,63,15,29,125
23604,63,15,29,125
23605,63,15,29,125
23606,63,15,29,125
23607,63,15,29,125
23608,63,15,29,125
23609,63,15,29,125
23610,63,15,29,125
23611,63,15,29,125
23612,63,15,29,125
23613,63,15,29,125
23614,63,15,29,125
23615,63,15,29,125
23616,63,15,29,125
23617,63,15,29,125
23618,63,15,29,125
23619,63,15,29,125
23620,63,15,29,125
23621,63,15,29,125
23622,63,15,29,125
23623,63,15,29,125
23624,63,15,29,125
23625,63,15,29,125
23626,63,15,29,125
23627,63,15,29,125
23628,63,15,29,125
23629,63,15,29,125
23630,63,15,29,125
23631,63,15,29,125
23632,63,15,29,125
23633,63,15,29,125
23634,63,15,29,125
23635,63,15,29,125
23636,63,15,29,125
23637,63,15,29,125
23638,63,15,29,125
23639,63,15,29,125
23640,63,15,29,125
23641,63,15,29,125
23642,63,15,29,125
23643,63,15,29,125
23644,63,15,29,125
23645,63,15,29,125
23646,63,15,29,125
23647,63,15,29,125
23648,63,15,29,125
23649,63,15,29,125
23650,63,15,29,125
23651,63,15,29,125
23652,63,15,29,125
23653,63,15,29,125
23654,63,15,29,125
23655,63,15,29,125
23656,63,15,29,125
23657,63,15,29,125
23658,63,15,29,125
23659,63,15,29,125
23660,63,15,29,125
23661,63,15,29,125
23662,63,15,29,125
23663,63,15,29,125
23664,63,15,29,125
23665,63,15,29,125
23666,63,15,29,125
23667,63,15,29,125
23668,63,15,29,125
23669,63,15,29,125
23670,63,15,29,125
23671,63,15,29,125
23672,63,15,29,125
23673,63,15,29,125
23674,63,15,29,125
23675,63,15,29,125
23676,63,15,29,125
23677,63,15,29,125
23678,63,15,29,125
23679,63,15,29,125
23680,63,15,29,125
23681,63,15,29,125
23682,63,15,29,125
23683,63,15,29,125
23684,63,15,29,125
23685,63,15,29,125
23686,63,15,29,125
23687,63,15,29,125
23688,63,15,29,125
23689,63,15,29,125
23690,63,15,29,125
23691,63,15,29,125
23692,63,15,29,125
23693,63,15,29,125
23694,63,15,29,125
23695,63,15,29,125
23696,63,15,29,125
23697,63,15,29,125
23698,63,15,29,125
23699,63,15,29,125
23700,63,15,29,125
23701,63,15,29,125
23702,63,15,29,125
23703,63,15,29,125
23704,63,15,29,125
23705,63,15,29,125
23706,63,15,29,125
23707,63,15,29,125
23708,63,15,29,125
23709,63,15,29,125
23710,63,15,29,125
23711,63,15,29,125
23712,63,15,29,125
23713,63,15,29,125
23714,63,15,29,125
23715,63,15,29,125
23716,63,15,29,125
23717,63,15,29,125
23718,63,15,29,125
23719,63,15,29,125
23720,63,15,29,125
23721,63,15,29,125
23722,63,15,29,125
23723,63,15,29,125
23724,63,15,29,125
23725,63,15,29,125
23726,63,15,29,125
23727,63,15,29,125
23728,63,15,29,125
23729,63,15,29,125
23730,63,15,29,125
23731,63,15,29,125
23732,63,15,29,125
23733,63,15,29,125
23734,63,15,29,125
23735,63,15,29,125
23736,63,15,29,125
23737,63,15,29,125
23738,63,15,29,125
23739,63,15,29,125
23740,63,15,29,125
23741,63,15,29,125
23742,63,15,29,125
23743,63,15,29,125
23744,63,15,29,125
23745,63,15,29,125
23746,63,15,29,125
23747,63,15,29,125
23748,63,15,29,125
23749,63,15,29,125
23750,63,15,29,125
23751,63,15,29,125
23752,63,15,29,125
23753,63,15,29,125
23754,63,15,29,125
23755,63,15,29,125
23756,63,15,29,125
23757,63,15,29,125
23758,63,15,29,125
23759,63,15,29,125
23760,63,15,29,125
23761,63,15,29,125
23762,63,15,29,125
23763,63,15,29,125
23764,63,15,29,125
23765,63,15,29,125
23766,63,15,29,125
23767,63,15,29,125
23768,63,15,29,125
23769,63,15,29,125
23770,63,15,29,125
23771,63,15,29,125
23772,63,15,29,125
23773,63,15,29,125
23774,63,15,29,125
23775,63,15,29,125
23776,63,15,29,125
23777,63,15,29,125
23778,63,15,29,125
23779,63,15,29,125
23780,63,15,29,125
23781,63,15,29,125
23782,63,15,29,125
23783,63,15,29,125
23784,63,15,29,125
23785,63,15,29,125
23786,63,15,29,125
23787,63,15,29,125
23788,63,15,29,125
23789,63,15,29,125
23790,63,15,29,125
23791,63,15,29,125
23792,63,15,29,125
23793,63,15,29,125
23794,63,15,29,125
23795,63,15,29,125
23796,63,15,29,125
23797,63,15,29,125
23798,63,15,29,125
23799,63,15,29,125
23800,63,15,29,125
23801,63,15,29,125
23802,63,15,29,125
23803,63,15,29,125
23804,63,15,29,125
23805,63,15,29,125
23806,63,15,29,125
23807,63,15,29,125
23808,63,15,29,125
23809,63,15,29,125
23810,63,15,29,125
23811,63,15,29,125
23812,63,15,29,125
23813,63,15,29,125
23814,63,15,29,125
23815,63,15,29,125
23816,63,15,29,125
23817,63,15,29,125
23818,63,15,29,125
23819,63,15,29,125
23820,63,15,29,125
23821,63,15,29,125
23822,63,15,29,125
23823,63,15,29,125
23824,63,15,29,125
23825,63,15,29,125
23826,63,15,29,125
23827,63,15,29,125
23828,63,15,29,125
23829,63,15,29,125
23830,63,15,29,125
23831,63,15,29,125
23832,63,15,29,125
23833,63,15,29,125
23834,63,15,29,125
23835,63,15,29,125
23836,63,15,29,125
23837,63,15,29,125
23838,63,15,29,125
23839,63,15,29,125
23840,63,15,29,125
23841,63,15,29,125
23842,63,15,29,125
23843,63,15,29,125
23844,63,15,29,125
23845,63,15,29,125
23846,63,15,29,125
23847,63,15,29,125
23848,63,15,29,125
23849,63,15,29,125
23850,63,15,29,125
23851,63,15,29,125
23852,63,15,29,125
23853,63,15,29,125
23854,63,15,29,125
23855,63,15,29,125
23856,63,15,29,125
23857,63,15,29,125
23858,63,15,29,125
23859,63,15,29,125
23860,63,15,29,125
23861,63,15,29,125
23862,63,15,29,125
23863,63,15,29,125
23864,63,15,29,125
23865,63,15,29,125
23866,63,15,29,125
23867,63,15,29,125
23868,63,15,29,125
23869,63,15,29,125
23870,63,15,29,125
23871,63,15,29,125
23872,63,15,29,125
23873,63,15,29,125
23874,63,15,29,125
23875,63,15,29,125
23876,63,15,29,125
23877,63,15,29,125
23878,63,15,29,125
23879,63,15,29,125
23880,63,15,29,125
23881,63,15,29,125
23882,63,15,29,125
23883,63,15,29,125
23884,63,15,29,125
23885,63,15,29,125
23886,63,15,29,125
23887,63,15,29,125
23888,63,15,29,125
23889,63,15,29,125
23890,63,15,29,125
23891,63,15,29,125
23892,63,15,29,125
23893,63,15,29,125
23894,63,15,29,125
23895,63,15,29,125
23896,63,15,29,125
23897,63,15,29,125
23898,63,15,29,125
23899,63,15,29,125
23900,63,15,29,125
23901,63,15,29,125
23902,63,15,29,125
23903,63,15,29,125
23904,63,15,29,125
23905,63,15,29,125
23906,63,15,29,125
23907,63,15,29,125
23908,63,15,29,125
23909,63,15,29,125
23910,63,15,29,125
23911,63,15,29,125
23912,63,15,29,125
23913,63,15,29,125
23914,63,15,29,125
23915,63,15,29,125
23916,63,15,29,125
23917,63,15,29,125
23918,63,15,29,125
23919,63,15,29,125
23920,63,15,29,125
23921,63,15,29,125
23922,63,15,29,125
23923,63,15,29,125
23924,63,15,29,125
23925,63,15,29,125
23926,63,15,29,125
23927,63,15,29,125
23928,63,15,29,125
23929,63,15,29,125
23930,63,15,29,125
23931,63,15,29,125
23932,63,15,29,125
23933,63,15,29,125
23934,63,15,29,125
23935,63,15,29,125
23936,63,15,29,125
23937,63,15,29,125
23938,63,15,29,125
23939,63,15,29,125
23940,63,15,29,125
23941,63,15,29,125
23942,63,15,29,125
23943,63,15,29,125
23944,63,15,29,125
23945,63,15,29,125
23946,63,15,29,125
23947,63,15,29,125
23948,63,15,29,125
23949,63,15,29,125
23950,63,15,29,125
23951,63,15,29,125
23952,63,15,29,125
23953,63,15,29,125
23954,63,15,29,125
23955,63,15,29,125
23956,63,15,29,125
23957,63,15,29,125
23958,63,15,29,125
23959,63,15,29,125
23960,63,15,29,125
23961,63,15,29,125
23962,63,15,29,125
23963,63,15,29,125
23964,63,15,29,125
23965,63,15,29,125
23966,63,15,29,125
23967,63,15,29,125
23968,63,15,29,125
23969,63,15,29,125
23970,63,15,29,125
23971,63,15,29,125
23972,63,15,29,125
23973,63,15,29,125
23974,63,15,29,125
23975,63,15,29,125
23976,63,15,29,125
23977,63,15,29,125
23978,63,15,29,125
23979,63,15,29,125
23980,63,15,29,125
23981,63,15,29,125
23982,63,15,29,125
23983,63,15,29,125
23984,63,15,29,125
23985,63,15,29,125
23986,63,15,29,125
23987,63,15,29,125
23988,63,15,29,125
23989,63,15,29,125
23990,63,15,29,125
23991,63,15,29,125
23992,63,15,29,125
23993,63,15,29,125
23994,63,15,29,125
23995,63,15,29,125
23996,63,15,29,125
23997,63,15,29,125
23998,63,15,29,125
23999,63,15,29,125
24000,63,15,29,125
24001,63,15,29,125
24002,63,15,29,125
24003,63,15,29,125
24004,63,15,29,125
24005,63,15,29,125
24006,63,15,29,125
24007,63,15,29,125
24008,63,15,29,125
24009,63,15,29,125
24010,63,15,29,125
24011,63,15,29,125
24012,63,15,29,125
24013,63,15,29,125
24014,63,15,29,125
24015,63,15,29,125
24016,63,15,29,125
24017,63,15,29,125
24018,63,15,29,125
24019,63,15,29,125
24020,63,15,29,125
24021,63,15,29,125
24022,63,15,29,125
24023,63,15,29,125
24024,63,15,29,125
24025,63,15,29,125
24026,63,15,29,125
24027,63,15,29,125
24028,63,15,29,125
24029,63,15,29,125
24030,63,15,29,125
24031,63,15,29,125
24032,63,15,29,125
24033,63,15,29,125
24034,63,15,29,125
24035,63,15,29,125
24036,63,15,29,125
24037,63,15,29,125
24038,63,15,29,125
24039,63,15,29,125
24040,63,15,29,125
24041,63,15,29,125
24042,63,15,29,125
24043,63,15,29,125
24044,63,15,29,125
24045,63,15,29,125
24046,63,15,29,125
24047,63,15,29,125
24048,63,15,29,125
24049,63,15,29,125
24050,63,15,29,125
24051,63,15,29,125
24052,63,15,29,125
24053,63,15,29,125
24054,63,15,29,125
24055,63,15,29,125
24056,63,15,29,125
24057,63,15,29,125
24058,63,15,29,125
24059,63,15,29,125
24060,63,15,29,125
24061,63,15,29,125
24062,63,15,29,125
24063,63,15,29,125
24064,63,15,29,125
24065,63,15,29,125
24066,63,15,29,125
24067,63,15,29,125
24068,63,15,29,125
24069,63,15,29,125
24070,63,15,29,125
24071,63,15,29,125
24072,63,15,29,125
24073,63,15,29,125
24074,63,15,29,125
24075,63,15,29,125
24076,63,15,29,125
24077,63,15,29,125
24078,63,15,29,125
24079,63,15,29,125
24080,63,15,29,125
24081,63,15,29,125
24082,63,15,29,125
24083,63,15,29,125
24084,63,15,29,125
24085,63,15,29,125
24086,63,15,29,125
24087,63,15,29,125
24088,63,15,29,125
24089,63,15,29,125
24090,63,15,29,125
24091,63,15,29,125
24092,63,15,29,125
24093,63,15,29,125
24094,63,15,29,125
24095,63,15,29,125
24096,63,15,29,125
24097,63,15,29,125
24098,63,15,29,125
24099,63,15,29,125
24100,63,15,29,125
24101,63,15,29,125
24102,63,15,29,125
24103,63,15,29,125
24104,63,15,29,125
24105,63,15,29,125
24106,63,15,29,125
24107,63,15,29,125
24108,63,15,29,125
24109,63,15,29,125
24110,63,15,29,125
24111,63,15,29,125
24112,63,15,29,125
24113,63,15,29,125
24114,63,15,29,125
24115,63,15,29,125
24116,63,15,29,125
24117,63,15,29,125
24118,63,15,29,125
24119,63,15,29,125
24120,63,15,29,125
24121,63,15,29,125
24122,63,15,29,125
24123,63,15,29,125
24124,63,15,29,125
24125,63,15,29,125
24126,63,15,29,125
24127,63,15,29,125
24128,63,15,29,125
24129,63,15,29,125
24130,63,15,29,125
24131,63,15,29,125
24132,63,15,29,125
24133,63,15,29,125
24134,63,15,29,126
24135,63,15,29,126
24136,63,15,29,126
24137,63,15,29,126
24138,63,15,29,126
24139,63,15,29,126
24140,63,15,29,126
24141,63,15,29,126
24142,63,15,29,126
24143,63,15,29,126
24144,63,15,29,126
24145,63,15,29,126
24146,63,15,29,126
24147,63,15,29,126
24148,63,15,29,126
24149,63,15,29,126
24150,63,15,29,126
24151,63,15,29,126
24152,63,15,29,126
24153,63,15,29,126
24154,63,15,29,126
24155,63,15,29,127
24156,63,15,29,127
24157,63,15,29,127
24158,63,15,29,127
24159,63,15,29,127
24160,63,15,29,127
24161,63,15,29,127
24162,63,15,29,127
24163,63,15,29,127
24164,63,15,29,127
24165,63,15,29,127
24166,63,15,29,127
24167,63,15,29,127
24168,63,15,29,127
24169,63,15,29,127
24170,63,15,29,127
24171,63,15,29,127
24172,63,15,29,127
24173,63,15,29,127
24174,63,15,29,127
24175,63,15,29,127
24176,63,15,29,127
24177,63,15,29,127
24178,63,15,29,127
24179,63,15,29,127
24180,63,15,29,127
24181,63,15,29,127
24182,63,15,29,127
24183,63,15,29,127
24184,63,15,29,127
24185,63,15,29,127
24186,63,15,29,127
24187,63,15,29,127
24188,63,15,29,127
24189,63,15,29,127
24190,63,15,29,127
24191,63,15,29,127
24192,63,15,29,127
24193,63,15,29,127
24194,63,15,29,127
24195,63,15,29,127
24196,63,15,29,127
24197,63,15,29,127
24198,63,15,29,127
24199,63,15,29,127
24200,63,15,29,127
24201,63,15,29,127
24202,63,15,29,127
24203,63,15,29,127
24204,63,15,29,127
24205,63,15,29,127
24206,63,15,29,127
24207,63,15,29,127
24208,63,15,29,127
24209,63,15,29,127
24210,63,15,29,127
24211,63,15,29,127
24212,63,15,29,127
24213,63,15,29,127
24214,63,15,29,127
24215,63,15,29,127
24216,63,15,29,127
24217,63,15,29,127
24218,63,15,29,127
24219,63,15,29,127
24220,63,15,29,127
24221,63,15,29,127
24222,63,15,29,127
24223,63,15,29,128
24224,63,15,29,128
24225,63,15,29,128
24226,63,15,29,128
24227,63,15,29,128
24228,63,15,29,128
24229,63,15,29,128
24230,63,15,29,128
24231,63,15,29,128
24232,63,15,29,128
24233,63,15,29,128
24234,63,15,29,128
24235,63,15,29,128
24236,63,15,29,128
24237,63,15,29,128
24238,63,15,29,128
24239,63,15,29,128
24240,63,15,29,128
24241,63,15,29,128
24242,63,15,29,128
24243,63,15,29,128
24244,63,15,29,128
24245,63,15,29,128
24246,63,15,29,128
24247,63,15,29,128
24248,63,15,29,128
24249,63,15,29,128
24250,63,15,29,128
24251,63,15,29,128
24252,63,15,29,128
24253,63,15,29,128
24254,63,15,29,128
24255,63,15,29,128
24256,63,15,29,128
24257,63,15,29,128
24258,63,15,29,128
24259,63,15,29,128
24260,63,15,29,128
24261,63,15,29,128
24262,63,15,29,128
24263,63,15,29,128
24264,63,15,29,128
24265,63,15,29,128
24266,63,15,29,128
24267,63,15,29,128
24268,63,15,29,128
24269,63,15,29,128
24270,63,15,29,128
24271,63,15,29,128
24272,63,15,29,128
24273,63,15,29,128
24274,63,15,29,128
24275,63,15,29,128
24276,63,15,29,128
24277,63,15,29,128
24278,63,15,29,128
24279,63,15,29,128
24280,63,15,29,128
24281,63,15,29,128
24282,63,15,29,128
24283,63,15,29,128
24284,63,15,29,128
24285,63,15,29,128
24286,63,15,29,128
24287,63,15,29,128
24288,63,15,29,128
24289,63,15,29,128
24290,63,15,29,128
24291,63,15,29,128
24292,63,15,29,128
24293,63,15,29,128
24294,63,15,29,128
24295,63,15,29,128
24296,63,15,29,128
24297,63,15,29,128
24298,63,15,29,128
24299,63,15,29,128
24300,63,15,29,128
24301,63,15,29,128
24302,63,15,29,128
24303,63,15,29,128
24304,63,15,29,128
24305,63,15,29,128
24306,63,15,29,128
24307,63,15,29,128
24308,63,15,29,128
24309,63,15,29,128
24310,63,15,29,128
24311,63,15,29,128
24312,63,15,29,128
24313,63,15,29,128
24314,63,15,29,128
24315,63,15,29,128
24316,63,15,29,128
24317,63,15,29,128
24318,63,15,29,128
24319,63,15,29,128
24320,63,15,29,128
24321,63,15,29,128
24322,63,15,29,128
24323,63,15,29,128
24324,63,15,29,128
24325,63,15,29,128
24326,63,15,29,128
24327,63,15,29,128
24328,63,15,29,128
24329,63,15,29,128
24330,63,15,29,128
24331,63,15,29,128
24332,63,15,29,128
24333,63,15,29,128
24334,63,15,29,128
24335,63,15,29,128
24336,63,15,29,128
24337,63,15,29,128
24338,63,15,29,128
24339,63,15,29,128
24340,63,15,29,128
24341,63,15,29,128
24342,63,15,29,128
24343,63,15,29,128
24344,63,15,29,128
24345,63,15,29,128
24346,63,15,29,128
24347,63,15,29,128
24348,63,15,29,128
24349,63,15,29,128
24350,63,15,29,128
24351,63,15,29,128
24352,63,15,29,128
24353,63,15,29,128
24354,63,15,29,128
24355,63,15,29,128
24356,63,15,29,128
24357,63,15,29,128
24358,63,15,29,128
24359,63,15,29,128
24360,63,15,29,128
24361,63,15,29,128
24362,63,15,29,128
24363,63,15,29,128
24364,63,15,29,128
24365,63,15,29,128
24366,63,15,29,128
24367,63,15,29,128
24368,63,15,29,128
24369,63,15,29,128
24370,63,15,29,128
24371,63,15,29,128
24372,63,15,29,128
24373,63,15,29,128
24374,63,15,29,128
24375,63,15,29,128
24376,63,15,29,128
24377,63,15,29,128
24378,63,15,29,128
24379,63,15,29,128
24380,63,15,29,128
24381,63,15,29,128
24382,63,15,29,128
24383,63,15,29,128
24384,63,15,29,128
24385,63,15,29,128
24386,63,15,29,128
24387,63,15,29,128
24388,63,15,29,128
24389,63,15,29,128
24390,63,15,29,128
24391,63,15,29,128
24392,63,15,29,128
24393,63,15,29,128
24394,63,15,29,128
24395,63,15,29,128
24396,63,15,29,128
24397,63,15,29,128
24398,63,15,29,128
24399,63,15,29,128
24400,63,15,29,128
24401,63,15,29,128
24402,63,15,29,128
24403,63,15,29,128
24404,63,15,29,128
24405,63,15,29,128
24406,63,15,29,128
24407,63,15,29,128
24408,63,15,29,128
24409,63,15,29,128
24410,63,15,29,128
24411,63,15,29,128
24412,63,15,29,128
24413,63,15,29,128
24414,63,15,29,128
24415,63,15,29,128
24416,63,15,29,128
24417,63,15,29,128
24418,63,15,29,128
24419,63,15,29,128
24420,63,15,29,128
24421,63,15,29,128
24422,63,15,29,128
24423,63,15,29,128
24424,63,15,29,128
24425,63,15,29,128
24426,63,15,29,128
24427,63,15,29,128
24428,63,15,29,128
24429,63,15,29,128
24430,63,15,29,128
24431,63,15,29,128
24432,63,15,29,128
24433,63,15,29,128
24434,63,15,29,128
24435,63,15,29,128
24436,63,15,29,128
24437,63,15,29,128
24438,63,15,29,128
24439,63,15,29,128
24440,63,15,29,128
24441,63,15,29,128
24442,63,15,29,128
24443,63,15,29,128
24444,63,15,29,128
24445,63,15,29,128
24446,63,15,29,128
24447,63,15,29,128
24448,63,15,29,128
24449,63,15,29,128
24450,63,15,29,128
24451,63,15,29,128
24452,63,15,29,128
24453,63,15,29,128
24454,63,15,29,128
24455,63,15,29,128
24456,63,15,29,128
24457,63,15,29,128
24458,63,15,29,128
24459,63,15,29,128
24460,63,15,29,128
24461,63,15,29,128
24462,63,15,29,128
24463,63,15,29,128
24464,63,15,29,128
24465,63,15,29,128
24466,63,15,29,128
24467,63,15,29,128
24468,63,15,29,128
24469,63,15,29,128
24470,63,15,29,128
24471,63,15,29,128
24472,63,15,29,128
24473,63,15,29,128
24474,63,15,29,128
24475,63,15,29,128
24476,63,15,29,128
24477,63,15,29,128
24478,63,15,29,128
24479,63,15,29,128
24480,63,15,29,128
24481,63,15,29,128
24482,63,15,29,128
24483,63,15,29,128
24484,63,15,29,128
24485,63,15,29,128
24486,63,15,29,128
24487,63,15,29,128
24488,63,15,29,128
24489,63,15,29,128
24490,63,15,29,128
24491,63,15,29,128
24492,63,15,29,128
24493,63,15,29,128
24494,63,15,29,128
24495,63,15,29,128
24496,63,15,29,128
24497,63,15,29,128
24498,63,15,29,128
24499,63,15,29,128
24500,63,15,29,128
24501,63,15,29,128
24502,63,15,29,128
24503,63,15,29,128
24504,63,15,29,128
24505,63,15,29,128
24506,63,15,29,128
24507,63,15,29,128
24508,63,15,29,128
24509,63,15,29,128
24510,63,15,29,128
24511,63,15,29,128
24512,63,15,29,128
24513,63,15,29,128
24514,63,15,29,128
24515,63,15,29,128
24516,63,15,29,128
24517,63,15,29,128
24518,63,15,29,128
24519,63,15,29,128
24520,63,15,29,128
24521,63,15,29,128
24522,63,15,29,128
24523,63,15,29,128
24524,63,15,29,128
24525,63,15,29,128
24526,63,15,29,128
24527,63,15,29,128
24528,63,15,29,128
24529,63,15,29,128
24530,63,15,29,128
24531,63,15,29,128
24532,63,15,29,128
24533,63,15,29,128
24534,63,15,29,128
24535,63,15,29,128
24536,63,15,29,128
24537,63,15,29,128
24538,63,15,29,128
24539,63,15,29,128
24540,63,15,29,128
24541,63,15,29,128
24542,63,15,29,128
24543,63,15,29,128
24544,63,15,29,128
24545,63,15,29,128
24546,63,15,29,128
24547,63,15,29,128
24548,63,15,29,128
24549,63,15,29,128
24550,63,15,29,128
24551,63,15,29,128
24552,63,15,29,128
24553,63,15,29,128
24554,63,15,29,128
24555,63,15,29,128
24556,63,15,29,128
24557,63,15,29,128
24558,63,15,29,128
24559,63,15,29,128
24560,63,15,29,128
24561,63,15,29,128
24562,63,15,29,128
24563,63,15,29,128
24564,63,15,29,128
24565,63,15,29,128
24566,63,15,29,128
24567,63,15,29,128
24568,63,15,29,128
24569,63,15,29,128
24570,63,15,29,128
24571,63,15,29,128
24572,63,15,29,128
24573,63,15,29,128
24574,63,15,29,128
24575,63,15,29,128
24576,63,15,29,128
24577,63,15,29,128
24578,63,15,29,128
24579,63,15,29,128
24580,63,15,29,128
24581,63,15,29,128
24582,63,15,29,128
24583,63,15,29,128
24584,63,15,29,128
24585,63,15,29,128
24586,63,15,29,128
24587,63,15,29,128
24588,63,15,29,128
24589,63,15,29,128
24590,63,15,29,128
24591,63,15,29,128
24592,63,15,29,128
24593,63,15,29,128
24594,63,15,29,128
24595,63,15,29,128
24596,63,15,29,128
24597,63,15,29,128
24598,63,15,29,128
24599,63,15,29,128
24600,63,15,29,128
24601,63,15,29,128
24602,63,15,29,128
24603,63,15,29,128
24604,63,15,29,128
24605,63,15,29,128
24606,63,15,29,128
24607,63,15,29,128
24608,63,15,29,128
24609,63,15,29,128
24610,63,15,29,128
24611,63,15,29,128
24612,63,15,29,128
24613,63,15,29,128
24614,63,15,29,128
24615,63,15,29,128
24616,63,15,29,128
24617,63,15,29,128
24618,63,15,29,128
24619,63,15,29,128
24620,63,15,29,128
24621,63,15,29,128
24622,63,15,29,128
24623,63,15,29,128
24624,63,15,29,128
24625,63,15,29,128
24626,63,15,29,128
24627,63,15,29,128
24628,63,15,29,128
24629,63,15,29,128
24630,63,15,29,128
24631,63,15,29,128
24632,63,15,29,128
24633,63,15,29,128
24634,63,15,29,128
24635,63,15,29,128
24636,63,15,29,128
24637,63,15,29,128
24638,63,15,29,128
24639,63,15,29,128
24640,63,15,29,128
24641,63,15,29,128
24642,63,15,29,128
24643,63,15,29,128
24644,63,15,29,128
24645,63,15,29,128
24646,63,15,29,128
24647,63,15,29,129
24648,63,15,29,129
24649,63,15,29,129
24650,63,15,29,129
24651,63,15,29,129
24652,63,15,29,129
24653,63,15,29,129
24654,63,15,29,129
24655,63,15,29,129
24656,63,15,29,129
24657,63,15,29,129
24658,63,15,29,129
24659,63,15,29,129
24660,63,15,29,129
24661,63,15,29,129
24662,63,15,29,129
24663,63,15,29,129
24664,63,15,29,129
24665,63,15,29,129
24666,63,15,29,129
24667,63,15,29,129
24668,63,15,29,129
24669,63,15,29,129
24670,63,15,29,129
24671,63,15,29,129
24672,63,15,29,129
24673,63,15,29,129
24674,63,15,29,129
24675,63,15,29,129
24676,63,15,29,129
24677,63,15,29,129
24678,63,15,29,129
24679,63,15,29,129
24680,63,15,29,129
24681,63,15,29,129
24682,63,15,29,129
24683,63,15,29,129
24684,63,15,29,129
24685,63,15,29,129
24686,63,15,29,129
24687,63,15,29,129
24688,63,15,29,129
24689,63,15,29,129
24690,63,15,29,129
24691,63,15,29,129
24692,63,15,29,129
24693,63,15,29,129
24694,63,15,29,129
24695,63,15,29,129
24696,63,15,29,129
24697,63,15,29,129
24698,63,15,29,129
24699,63,15,29,129
24700,63,15,29,129
24701,63,15,29,129
24702,63,15,29,129
24703,63,15,29,129
24704,63,15,29,129
24705,63,15,29,129
24706,63,15,29,129
24707,63,15,29,129
24708,63,15,29,129
24709,63,15,29,129
24710,63,15,29,129
24711,63,15,29,129
24712,63,15,29,129
24713,63,15,29,129
24714,63,15,29,129
24715,63,15,29,129
24716,63,15,29,129
24717,63,15,29,129
24718,63,15,29,129
24719,63,15,29,129
24720,63,15,29,129
24721,63,15,29,129
24722,63,15,29,129
24723,63,15,29,129
24724,63,15,29,129
24725,63,15,29,129
24726,63,15,29,129
24727,63,15,29,129
24728,63,15,29,129
24729,63,15,29,129
24730,63,15,29,129
24731,63,15,29,129
24732,63,15,29,129
24733,63,15,29,129
24734,63,15,29,129
24735,63,15,29,129
24736,63,15,29,129
24737,63,15,29,129
24738,63,15,29,129
24739,63,15,29,129
24740,63,15,29,129
24741,63,15,29,129
24742,63,15,29,129
24743,63,15,29,129
24744,63,15,29,129
24745,63,15,29,129
24746,63,15,29,129
24747,63,15,29,129
24748,63,15,29,129
24749,63,15,29,129
24750,63,15,29,129
24751,63,15,29,129
24752,63,15,29,129
24753,63,15,29,129
24754,63,15,29,129
24755,63,15,29,129
24756,63,15,29,129
24757,63,15,29,129
24758,63,15,29,129
24759,63,15,29,129
24760,63,15,29,129
24761,63,15,29,129
24762,63,15,29,129
24763,63,15,29,129
24764,63,15,29,129
24765,63,15,29,129
24766,63,15,29,129
24767,63,15,29,129
24768,63,15,29,129
24769,63,15,29,129
24770,63,15,29,129
24771,63,15,29,129
24772,63,15,29,129
24773,63,15,29,129
24774,63,15,29,129
24775,63,15,29,129
24776,63,15,29,129
24777,63,15,29,129
24778,63,15,29,129
24779,63,15,29,129
24780,63,15,29,129
24781,63,15,29,129
24782,63,15,29,129
24783,63,15,29,129
24784,63,15,29,129
24785,63,15,29,129
24786,63,15,29,129
24787,63,15,29,129
24788,63,15,29,129
24789,63,15,29,129
24790,63,15,29,129
24791,63,15,29,129
24792,63,15,29,129
24793,63,15,29,129
24794,63,15,29,129
24795,63,15,29,129
24796,63,15,29,129
24797,63,15,29,129
24798,63,15,29,129
24799,63,15,29,129
24800,63,15,29,129
24801,63,15,29,129
24802,63,15,29,129
24803,63,15,29,129
24804,63,15,29,129
24805,63,15,29,129
24806,63,15,29,129
24807,63,15,29,129
24808,63,15,29,129
24809,63,15,29,129
24810,63,15,29,129
24811,63,15,29,129
24812,63,15,29,129
24813,63,15,29,129
24814,63,15,29,129
24815,63,15,29,129
24816,63,15,29,129
24817,63,15,29,129
24818,63,15,29,129
24819,63,15,29,129
24820,63,15,29,129
24821,63,15,29,129
24822,63,15,29,129
24823,63,15,29,129
24824,63,15,29,129
24825,63,15,29,129
24826,63,15,29,129
24827,63,15,29,129
24828,63,15,29,129
24829,63,15,29,129
24830,63,15,29,129
24831,63,15,29,129
24832,63,15,29,129
24833,63,15,29,129
24834,63,15,29,129
24835,63,15,29,129
24836,63,15,29,129
24837,63,15,29,129
24838,63,15,29,129
24839,63,15,29,129
24840,63,15,29,129
24841,63,15,29,129
24842,63,15,29,129
24843,63,15,29,129
24844,63,15,29,129
24845,63,15,29,129
24846,63,15,29,129
24847,63,15,29,129
24848,63,15,29,129
24849,63,15,29,129
24850,63,15,29,129
24851,63,15,29,129
24852,63,15,29,129
24853,63,15,29,129
24854,63,15,29,129
24855,63,15,29,129
24856,63,15,29,129
24857,63,15,29,129
24858,63,15,29,129
24859,63,15,29,129
24860,63,15,29,129
24861,63,15,29,129
24862,63,15,29,129
24863,63,15,29,129
24864,63,15,29,129
24865,63,15,29,129
24866,63,15,29,129
24867,63,15,29,129
24868,63,15,29,129
24869,63,15,29,129
24870,63,15,29,129
24871,63,15,29,129
24872,63,15,29,129
24873,63,15,29,129
24874,63,15,29,129
24875,63,15,29,129
24876,63,15,29,129
24877,63,15,29,129
24878,63,15,29,129
24879,63,15,29,129
24880,63,15,29,129
24881,63,15,29,129
24882,63,15,29,129
24883,63,15,29,129
24884,63,15,29,129
24885,63,15,29,129
24886,63,15,29,129
24887,63,15,29,129
24888,63,15,29,129
24889,63,15,29,129
24890,63,15,29,129
24891,63,15,29,129
24892,63,15,29,129
24893,63,15,29,129
24894,63,15,29,129
24895,63,15,29,129
24896,63,15,29,129
24897,63,15,29,129
24898,63,15,29,129
24899,63,15,29,129
24900,63,15,29,129
24901,63,15,29,129
24902,63,15,29,129
24903,63,15,29,129
24904,63,15,29,129
24905,63,15,29,129
24906,63,15,29,129
24907,63,15,29,129
24908,63,15,29,129
24909,63,15,29,129
24910,63,15,29,129
24911,63,15,29,129
24912,63,15,29,129
24913,63,15,29,129
24914,63,15,29,129
24915,63,15,29,129
24916,63,15,29,129
24917,63,15,29,129
24918,63,15,29,129
24919,63,15,29,129
24920,63,15,29,129
24921,63,15,29,129
24922,63,15,29,129
24923,63,15,29,129
24924,63,15,29,129
24925,63,15,29,129
24926,63,15,29,129
24927,63,15,29,129
24928,63,15,29,129
24929,63,15,29,129
24930,63,15,29,129
24931,63,15,29,129
24932,63,15,29,129
24933,63,15,29,129
24934,63,15,29,129
24935,63,15,29,129
24936,63,15,29,129
24937,63,15,29,129
24938,63,15,29,129
24939,63,15,29,129
24940,63,15,29,129
24941,63,15,29,129
24942,63,15,29,129
24943,63,15,29,129
24944,63,15,29,129
24945,63,15,29,129
24946,63,15,29,129
24947,63,15,29,129
24948,63,15,29,129
24949,63,15,29,129
24950,63,15,29,129
24951,63,15,29,129
24952,63,15,29,129
24953,63,15,29,129
24954,63,15,29,129
24955,63,15,29,130
24956,63,15,29,130
24957,63,15,29,130
24958,63,15,29,130
24959,63,15,29,130
24960,63,15,29,130
24961,63,15,29,130
24962,63,15,29,130
24963,63,15,29,130
24964,63,15,29,130
24965,63,15,29,130
24966,63,15,29,130
24967,63,15,29,130
24968,63,15,29,130
24969,63,15,29,130
24970,63,15,29,130
24971,63,15,29,130
24972,63,15,29,130
24973,63,15,29,130
24974,63,15,29,130
24975,63,15,29,130
24976,63,15,29,130
24977,63,15,29,130
24978,63,15,29,130
24979,63,15,29,130
24980,63,15,29,130
24981,63,15,29,130
24982,63,15,29,130
24983,63,15,29,130
24984,63,15,29,130
24985,63,15,29,130
24986,63,15,29,130
24987,63,15,29,130
24988,63,15,29,130
24989,63,15,29,130
24990,63,15,29,130
24991,63,15,29,130
24992,63,15,29,130
24993,63,15,29,130
24994,63,15,29,130
24995,63,15,29,131
24996,63,15,29,131
24997,63,15,29,131
24998,63,15,29,131
24999,63,15,29,131
25000,63,15,29,131
