iteration,coverage,max_depth,corpus_size,crashes
0,41,14,6,0
1,33,14,7,0
2,34,14,8,0
3,34,14,8,0
4,34,14,8,0
5,34,14,8,0
6,35,14,9,0
7,35,14,9,0
8,36,14,10,0
9,37,14,11,0
10,38,14,12,0
11,38,14,12,0
12,38,14,12,0
13,38,14,12,0
14,38,14,12,0
15,38,14,12,0
16,38,14,12,0
17,38,14,12,0
18,38,14,12,0
19,38,14,12,0
20,38,14,12,0
21,38,14,12,0
22,38,14,12,0
23,38,14,12,0
24,39,14,13,0
25,39,14,13,0
26,39,14,13,0
27,39,14,13,0
28,39,14,13,0
29,39,14,13,0
30,39,14,13,0
31,39,14,13,0
32,39,14,13,0
33,39,14,13,0
34,39,14,13,0
35,39,14,13,0
36,39,14,13,0
37,39,14,13,0
38,39,14,13,0
39,39,14,13,0
40,39,14,13,0
41,39,14,13,0
42,39,14,13,0
43,39,14,13,0
44,39,14,13,0
45,39,14,13,0
46,39,14,13,0
47,39,14,13,0
48,39,14,13,0
49,39,14,13,0
50,39,14,13,0
51,39,14,13,0
52,39,14,13,0
53,39,14,13,0
54,39,14,13,0
55,39,14,13,0
56,39,14,13,0
57,39,14,13,0
58,39,14,13,0
59,39,14,13,0
60,39,14,13,0
61,39,14,13,0
62,39,14,13,0
63,39,14,13,0
64,39,14,13,0
65,39,14,13,0
66,39,14,13,0
67,39,14,13,0
68,39,14,13,0
69,39,14,13,0
70,39,14,13,0
71,39,14,13,0
72,39,14,13,0
73,39,14,13,0
74,39,14,13,0
75,39,14,13,0
76,39,14,13,0
77,39,14,13,0
78,39,14,13,0
79,39,14,13,0
80,39,14,13,0
81,39,14,13,0
82,39,14,13,0
83,39,14,13,0
84,39,14,13,0
85,39,14,13,0
86,39,14,13,0
87,39,14,13,0
88,39,14,13,0
89,39,14,13,0
90,39,14,13,0
91,39,14,13,0
92,39,14,13,0
93,39,14,13,0
94,39,14,13,0
95,39,14,13,0
96,39,14,13,0
97,39,14,13,0
98,39,14,13,0
99,39,14,13,0
100,39,14,13,0
101,39,14,13,0
102,39,14,13,0
103,39,14,13,0
104,39,14,13,0
105,39,14,13,0
106,39,14,13,0
107,39,14,13,0
108,39,14,13,0
109,39,14,13,0
110,39,14,13,0
111,39,14,13,0
112,39,14,13,0
113,39,14,13,0
114,39,14,13,0
115,39,14,13,0
116,39,14,13,0
117,39,14,13,0
118,39,14,13,0
119,39,14,13,0
120,39,14,13,0
121,39,14,13,0
122,39,14,13,0
123,39,14,13,0
124,39,14,13,0
125,39,14,13,0
126,39,14,13,0
127,39,14,13,0
128,39,14,13,0
129,39,14,13,0
130,39,14,13,0
131,39,14,13,0
132,39,14,13,0
133,39,14,13,0
134,39,14,13,0
135,39,14,13,0
136,39,14,13,0
137,39,14,13,0
138,39,14,13,0
139,39,14,13,0
140,39,14,13,0
141,39,14,13,0
142,39,14,13,0
143,39,14,13,0
144,39,14,13,0
145,39,14,13,0
146,39,14,13,0
147,39,14,13,0
148,39,14,13,0
149,39,14,13,0
150,39,14,13,0
151,39,14,13,0
152,39,14,13,0
153,39,14,13,0
154,39,14,13,0
155,39,14,13,0
156,39,14,13,0
157,39,14,13,0
158,39,14,13,0
159,39,14,13,0
160,39,14,13,0
161,39,14,13,0
162,39,14,13,0
163,39,14,13,0
164,40,14,14,0
165,40,14,14,0
166,40,14,14,0
167,40,14,14,0
168,40,14,14,0
169,40,14,14,0
170,40,14,14,0
171,40,14,14,0
172,40,14,14,0
173,40,14,14,0
174,40,14,14,0
175,40,14,14,0
176,40,14,14,0
177,40,14,14,0
178,40,14,14,0
179,40,14,14,0
180,40,14,14,0
181,40,14,14,0
182,40,14,14,0
183,40,14,14,0
184,40,14,14,0
185,40,14,14,0
186,40,14,14,0
187,40,14,14,0
188,40,14,14,0
189,42,14,15,0
190,42,14,15,0
191,42,14,15,0
192,42,14,15,0
193,42,14,15,0
194,42,14,15,0
195,42,14,15,0
196,42,14,15,0
197,42,14,15,0
198,42,14,15,0
199,42,14,15,0
200,42,14,15,0
201,42,14,15,0
202,42,14,15,0
203,42,14,15,0
204,42,14,15,0
205,42,14,15,0
206,42,14,15,0
207,42,14,15,0
208,42,14,15,0
209,42,14,15,0
210,42,14,15,0
211,42,14,15,0
212,42,14,15,0
213,42,14,15,0
214,42,14,15,0
215,42,14,15,0
216,42,14,15,0
217,42,14,15,0
218,42,14,15,0
219,42,14,15,0
220,42,14,15,0
221,42,14,15,0
222,42,14,15,0
223,42,14,15,0
224,42,14,15,0
225,42,14,15,0
226,42,14,15,0
227,42,14,15,0
228,42,14,15,0
229,42,14,15,0
230,42,14,15,0
231,42,14,15,0
232,42,14,15,0
233,42,14,15,0
234,42,14,15,0
235,42,14,15,0
236,42,14,15,0
237,42,14,15,0
238,42,14,15,0
239,42,14,15,0
240,42,14,15,0
241,42,14,15,0
242,42,14,15,0
243,42,14,15,0
244,42,14,15,0
245,42,14,15,0
246,42,14,15,0
247,42,14,15,0
248,42,14,15,0
249,42,14,15,0
250,42,14,15,0
251,42,14,15,0
252,42,14,15,0
253,42,14,15,0
254,42,14,15,0
255,42,14,15,0
256,42,14,15,0
257,42,14,15,0
258,42,14,15,0
259,42,14,15,0
260,42,14,15,0
261,42,14,15,0
262,42,14,15,0
263,42,14,15,0
264,42,14,15,0
265,42,14,15,0
266,42,14,15,0
267,42,14,15,0
268,42,14,15,0
269,42,14,15,0
270,42,14,15,0
271,42,14,15,0
272,42,14,15,0
273,42,14,15,0
274,42,14,15,0
275,42,14,15,0
276,42,14,15,0
277,42,14,15,0
278,42,14,15,0
279,42,14,15,0
280,42,14,15,0
281,42,14,15,0
282,42,14,15,0
283,42,14,15,0
284,42,14,15,0
285,42,14,15,0
286,42,14,15,0
287,42,14,15,0
288,42,14,15,0
289,42,14,15,0
290,42,14,15,0
291,42,14,15,0
292,42,14,15,0
293,42,14,15,0
294,42,14,15,0
295,42,14,15,0
296,42,14,15,0
297,42,14,15,0
298,42,14,15,0
299,42,14,15,0
300,42,14,15,0
301,42,14,15,0
302,42,14,15,0
303,42,14,15,0
304,42,14,15,0
305,42,14,15,0
306,42,14,15,0
307,42,14,15,0
308,42,14,15,0
309,42,14,15,0
310,42,14,15,0
311,42,14,15,0
312,42,14,15,0
313,42,14,15,0
314,42,14,15,0
315,42,14,15,0
316,42,14,15,0
317,42,14,15,0
318,42,14,15,0
319,42,14,15,0
320,42,14,15,0
321,42,14,15,0
322,42,14,15,0
323,42,14,15,0
324,42,14,15,0
325,42,14,15,0
326,42,14,15,0
327,42,14,15,0
328,42,14,15,0
329,42,14,15,0
330,42,14,15,0
331,42,14,15,0
332,42,14,15,0
333,42,14,15,0
334,42,14,15,0
335,42,14,15,0
336,42,14,15,0
337,42,14,15,0
338,42,14,15,0
339,42,14,15,0
340,42,14,15,0
341,42,14,15,0
342,42,14,15,0
343,42,14,15,0
344,42,14,15,0
345,42,14,15,0
346,42,14,15,0
347,42,14,15,0
348,42,14,15,0
349,42,14,15,0
350,42,14,15,0
351,42,14,15,0
352,42,14,15,0
353,42,14,15,0
354,42,14,15,0
355,42,14,15,0
356,45,14,16,0
357,45,14,16,0
358,45,14,16,0
359,45,14,16,0
360,45,14,16,0
361,45,14,16,0
362,45,14,16,0
363,45,14,16,0
364,45,14,16,0
365,45,14,16,0
366,45,14,16,0
367,45,14,16,0
368,45,14,16,0
369,45,14,16,0
370,45,14,16,0
371,45,14,16,0
372,45,14,16,0
373,45,14,16,0
374,45,14,16,0
375,45,14,16,0
376,45,14,16,0
377,45,14,16,0
378,45,14,16,0
379,45,14,16,0
380,45,14,16,0
381,45,14,16,0
382,45,14,16,0
383,45,14,16,0
384,45,14,16,0
385,45,14,16,0
386,45,14,16,0
387,45,14,16,0
388,45,14,16,0
389,45,14,16,0
390,45,14,16,0
391,45,14,16,0
392,45,14,16,0
393,45,14,16,0
394,45,14,16,0
395,45,14,16,0
396,45,14,16,0
397,45,14,16,0
398,45,14,16,0
399,45,14,16,0
400,45,14,16,0
401,46,14,17,0
402,46,14,17,0
403,46,14,17,0
404,46,14,17,0
405,46,14,17,0
406,46,14,17,0
407,46,14,17,0
408,46,14,17,0
409,46,14,17,0
410,46,14,17,0
411,46,14,17,0
412,46,14,17,0
413,46,14,17,0
414,46,14,17,0
415,46,14,17,0
416,46,14,17,0
417,46,14,17,0
418,46,14,17,0
419,46,14,17,0
420,46,14,17,0
421,46,14,17,0
422,46,14,17,0
423,46,14,17,0
424,46,14,17,0
425,46,14,17,0
426,46,14,17,0
427,46,14,17,0
428,46,14,17,0
429,46,14,17,0
430,46,14,17,0
431,46,14,17,0
432,46,14,17,0
433,46,14,17,0
434,46,14,17,0
435,46,14,17,0
436,46,14,17,0
437,46,14,17,0
438,46,14,17,0
439,46,14,17,0
440,46,14,17,0
441,46,14,17,0
442,46,14,17,0
443,46,14,17,0
444,46,14,17,0
445,46,14,17,0
446,46,14,17,0
447,46,14,17,0
448,46,14,17,0
449,46,14,17,0
450,46,14,17,0
451,46,14,17,0
452,46,14,17,0
453,46,14,17,0
454,46,14,17,0
455,46,14,17,0
456,46,14,17,0
457,46,14,17,0
458,46,14,17,0
459,46,14,17,0
460,46,14,17,0
461,46,14,17,0
462,46,14,17,0
463,46,14,17,0
464,46,14,17,0
465,46,14,17,0
466,46,14,17,0
467,46,14,17,0
468,46,14,17,0
469,46,14,17,0
470,46,14,17,0
471,46,14,17,0
472,46,14,17,0
473,46,14,17,0
474,46,14,17,0
475,46,14,17,0
476,46,14,17,0
477,48,14,18,0
478,48,14,18,0
479,48,14,18,0
480,48,14,18,0
481,48,14,18,0
482,48,14,18,0
483,48,14,18,0
484,48,14,18,0
485,48,14,18,0
486,48,14,18,0
487,48,14,18,0
488,48,14,18,0
489,48,14,18,0
490,48,14,18,0
491,48,14,18,0
492,48,14,18,0
493,48,14,18,0
494,48,14,18,0
495,48,14,18,0
496,48,14,18,0
497,48,14,18,0
498,48,14,18,0
499,48,14,18,0
500,48,14,18,0
501,48,14,18,0
502,48,14,18,0
503,48,14,18,0
504,48,14,18,0
505,48,14,18,0
506,48,14,18,0
507,48,14,18,0
508,48,14,18,0
509,48,14,18,0
510,48,14,18,0
511,48,14,18,0
512,48,14,18,0
513,48,14,18,0
514,48,14,18,0
515,48,14,18,0
516,48,14,18,0
517,48,14,18,0
518,48,14,18,0
519,48,14,18,0
520,48,14,18,0
521,48,14,18,0
522,48,14,18,0
523,48,14,18,0
524,48,14,18,0
525,48,14,18,0
526,48,14,18,0
527,48,14,18,0
528,48,14,18,0
529,48,14,18,0
530,48,14,18,0
531,48,14,18,0
532,48,14,18,0
533,48,14,18,0
534,48,14,18,0
535,48,14,18,0
536,48,14,18,0
537,48,14,18,0
538,48,14,18,0
539,48,14,18,0
540,48,14,18,0
541,48,14,18,0
542,48,14,18,0
543,48,14,18,0
544,48,14,18,0
545,48,14,18,0
546,48,14,18,0
547,48,14,18,0
548,48,14,18,0
549,48,14,18,0
550,48,14,18,0
551,48,14,18,0
552,48,14,18,0
553,48,14,18,0
554,48,14,18,0
555,48,14,18,0
556,48,14,18,0
557,48,14,18,0
558,48,14,18,0
559,48,14,18,0
560,48,14,18,0
561,48,14,18,0
562,48,14,18,0
563,48,14,18,0
564,48,14,18,0
565,48,14,18,0
566,48,14,18,0
567,48,14,18,0
568,48,14,18,0
569,48,14,18,0
570,48,14,18,0
571,48,14,18,0
572,48,14,18,0
573,48,14,18,0
574,48,14,18,0
575,48,14,18,0
576,48,14,18,0
577,48,14,18,0
578,48,14,18,0
579,48,14,18,0
580,48,14,18,0
581,48,14,18,0
582,48,14,18,0
583,48,14,18,0
584,48,14,18,0
585,48,14,18,0
586,48,14,18,0
587,48,14,18,0
588,48,14,18,0
589,48,14,18,0
590,48,14,18,0
591,48,14,18,0
592,48,14,18,0
593,48,14,18,0
594,48,14,18,0
595,48,14,18,0
596,48,14,18,0
597,48,14,18,0
598,48,14,18,0
599,48,14,18,0
600,48,14,18,0
601,48,14,18,0
602,48,14,18,0
603,48,14,18,0
604,48,14,18,0
605,48,14,18,0
606,48,14,18,0
607,48,14,18,0
608,48,14,18,0
609,48,14,18,0
610,48,14,18,0
611,48,14,18,0
612,48,14,18,0
613,48,14,18,0
614,48,14,18,0
615,48,14,18,0
616,48,14,18,0
617,48,14,18,0
618,48,14,18,0
619,48,14,18,0
620,48,14,18,0
621,48,14,18,0
622,48,14,18,0
623,48,14,18,0
624,48,14,18,0
625,48,14,18,0
626,48,14,18,0
627,48,14,18,0
628,48,14,18,0
629,48,14,18,0
630,48,14,18,0
631,48,14,18,0
632,48,14,18,0
633,48,14,18,0
634,48,14,18,0
635,48,14,18,0
636,48,14,18,0
637,48,14,18,0
638,48,14,18,0
639,48,14,18,0
640,48,14,18,0
641,48,14,18,0
642,48,14,18,0
643,48,14,18,0
644,48,14,18,0
645,48,14,18,0
646,48,14,18,0
647,48,14,18,0
648,48,14,18,0
649,48,14,18,0
650,48,14,18,0
651,48,14,18,0
652,48,14,18,0
653,48,14,18,0
654,48,14,18,0
655,48,14,18,0
656,48,14,18,0
657,48,14,18,0
658,48,14,18,0
659,48,14,18,0
660,48,14,18,0
661,48,14,18,0
662,48,14,18,0
663,48,14,18,0
664,48,14,18,0
665,48,14,18,0
666,48,14,18,0
667,48,14,18,0
668,48,14,18,0
669,48,14,18,0
670,48,14,18,0
671,48,14,18,0
672,48,14,18,0
673,48,14,18,0
674,48,14,18,0
675,48,14,18,0
676,48,14,18,0
677,48,14,18,0
678,48,14,18,0
679,48,14,18,0
680,48,14,18,0
681,48,14,18,0
682,48,14,18,0
683,48,14,18,0
684,48,14,18,0
685,48,14,18,0
686,48,14,18,0
687,48,14,18,0
688,48,14,18,0
689,48,14,18,0
690,48,14,18,0
691,48,14,18,0
692,48,14,18,0
693,48,14,18,0
694,48,14,18,0
695,48,14,18,0
696,48,14,18,0
697,48,14,18,0
698,48,14,18,0
699,48,14,18,0
700,48,14,18,0
701,48,14,18,0
702,48,14,18,0
703,48,14,18,0
704,48,14,18,0
705,48,14,18,0
706,48,14,18,0
707,48,14,18,0
708,48,14,18,0
709,48,14,18,0
710,48,14,18,0
711,48,14,18,0
712,48,14,18,0
713,48,14,18,0
714,48,14,18,0
715,48,14,18,0
716,48,14,18,0
717,48,14,18,0
718,48,14,18,0
719,48,14,18,0
720,48,14,18,0
721,48,14,18,0
722,48,14,18,0
723,48,14,18,0
724,48,14,18,0
725,48,14,18,0
726,48,14,18,0
727,48,14,18,0
728,48,14,18,0
729,48,14,18,0
730,48,14,18,0
731,48,14,18,0
732,48,14,18,0
733,48,14,18,0
734,48,14,18,0
735,48,14,18,0
736,48,14,18,0
737,48,14,18,0
738,48,14,18,0
739,48,14,18,0
740,48,14,18,0
741,48,14,18,0
742,48,14,18,0
743,48,14,18,0
744,48,14,18,0
745,48,14,18,0
746,48,14,18,0
747,48,14,18,0
748,48,14,18,0
749,48,14,18,0
750,48,14,18,0
751,48,14,18,0
752,48,14,18,0
753,48,14,18,0
754,48,14,18,0
755,48,14,18,0
756,48,14,18,0
757,48,14,18,0
758,48,14,18,0
759,48,14,18,0
760,48,14,18,0
761,48,14,18,0
762,48,14,18,0
763,48,14,18,0
764,48,14,18,0
765,48,14,18,0
766,48,14,18,0
767,48,14,18,0
768,48,14,18,0
769,48,14,18,0
770,48,14,18,0
771,48,14,18,0
772,48,14,18,0
773,48,14,18,0
774,48,14,18,0
775,48,14,18,0
776,48,14,18,0
777,48,14,18,0
778,48,14,18,0
779,48,14,18,0
780,48,14,18,0
781,48,14,18,0
782,48,14,18,0
783,48,14,18,0
784,48,14,18,0
785,48,14,18,0
786,48,14,18,0
787,48,14,18,0
788,48,14,18,0
789,48,14,18,0
790,48,14,18,0
791,48,14,18,0
792,48,14,18,0
793,48,14,18,0
794,48,14,18,0
795,48,14,18,0
796,48,14,18,0
797,48,14,18,0
798,48,14,18,0
799,48,14,18,0
800,48,14,18,0
801,48,14,18,0
802,48,14,18,0
803,48,14,18,0
804,48,14,18,0
805,48,14,18,0
806,48,14,18,0
807,48,14,18,0
808,48,14,18,0
809,48,14,18,0
810,48,14,18,0
811,48,14,18,0
812,48,14,18,0
813,48,14,18,0
814,48,14,18,0
815,48,14,18,0
816,48,14,18,0
817,48,14,18,0
818,48,14,18,0
819,48,14,18,0
820,48,14,18,0
821,48,14,18,0
822,48,14,18,0
823,48,14,18,0
824,48,14,18,0
825,48,14,18,0
826,48,14,18,0
827,48,14,18,0
828,48,14,18,0
829,48,14,18,0
830,48,14,18,0
831,48,14,18,0
832,48,14,18,0
833,48,14,18,0
834,48,14,18,0
835,48,14,18,0
836,48,14,18,0
837,48,14,18,0
838,48,14,18,0
839,48,14,18,0
840,48,14,18,0
841,48,14,18,0
842,48,14,18,0
843,48,14,18,0
844,48,14,18,0
845,48,14,18,0
846,48,14,18,0
847,48,14,18,0
848,48,14,18,0
849,48,14,18,0
850,48,14,18,0
851,48,14,18,0
852,48,14,18,0
853,48,14,18,0
854,48,14,18,0
855,48,14,18,0
856,48,14,18,0
857,48,14,18,0
858,48,14,18,0
859,48,14,18,0
860,48,14,18,0
861,48,14,18,0
862,48,14,18,0
863,48,14,18,0
864,48,14,18,0
865,48,14,18,0
866,48,14,18,0
867,48,14,18,0
868,48,14,18,0
869,48,14,18,0
870,48,14,18,0
871,48,14,18,0
872,48,14,18,0
873,48,14,18,0
874,48,14,18,0
875,48,14,18,0
876,48,14,18,0
877,48,14,18,0
878,48,14,18,0
879,48,14,18,0
880,48,14,18,0
881,48,14,18,0
882,48,14,18,0
883,48,14,18,0
884,48,14,18,0
885,48,14,18,0
886,48,14,18,0
887,48,14,18,0
888,48,14,18,0
889,48,14,18,0
890,48,14,18,0
891,48,14,18,0
892,48,14,18,0
893,48,14,18,0
894,48,14,18,0
895,48,14,18,0
896,48,14,18,0
897,48,14,18,0
898,48,14,18,0
899,48,14,18,0
900,48,14,18,0
901,48,14,18,0
902,48,14,18,0
903,48,14,18,0
904,48,14,18,0
905,48,14,18,0
906,48,14,18,0
907,48,14,18,0
908,48,14,18,0
909,48,14,18,0
910,48,14,18,0
911,48,14,18,0
912,48,14,18,0
913,48,14,18,0
914,48,14,18,0
915,48,14,18,0
916,48,14,18,0
917,48,14,18,0
918,48,14,18,0
919,48,14,18,0
920,48,14,18,0
921,48,14,18,0
922,48,14,18,0
923,48,14,18,0
924,48,14,18,0
925,48,14,18,0
926,48,14,18,0
927,48,14,18,0
928,48,14,18,0
929,48,14,18,0
930,48,14,18,0
931,48,14,18,0
932,48,14,18,0
933,48,14,18,0
934,48,14,18,0
935,48,14,18,0
936,48,14,18,0
937,48,14,18,0
938,48,14,18,0
939,48,14,18,0
940,48,14,18,0
941,48,14,18,0
942,48,14,18,0
943,48,14,18,0
944,48,14,18,0
945,48,14,18,0
946,48,14,18,0
947,48,14,18,0
948,48,14,18,0
949,48,14,18,0
950,48,14,18,0
951,48,14,18,0
952,48,14,18,0
953,48,14,18,0
954,48,14,18,0
955,48,14,18,0
956,48,14,18,0
957,48,14,18,0
958,48,14,18,0
959,48,14,18,0
960,48,14,18,0
961,48,14,18,0
962,48,14,18,0
963,48,14,18,0
964,48,14,18,0
965,48,14,18,0
966,48,14,18,0
967,48,14,18,0
968,48,14,18,0
969,48,14,18,0
970,48,14,18,0
971,48,14,18,0
972,48,14,18,0
973,48,14,18,0
974,48,14,18,0
975,48,14,18,0
976,48,14,18,0
977,48,14,18,0
978,48,14,18,0
979,48,14,18,0
980,48,14,18,0
981,48,14,18,0
982,48,14,18,0
983,48,14,18,0
984,48,14,18,0
985,48,14,18,0
986,48,14,18,0
987,48,14,18,0
988,48,14,18,0
989,48,14,18,0
990,48,14,18,0
991,48,14,18,0
992,48,14,18,0
993,48,14,18,0
994,48,14,18,0
995,48,14,18,0
996,48,14,18,0
997,48,14,18,0
998,48,14,18,0
999,48,14,18,0
1000,48,14,18,0
1001,48,14,18,0
1002,48,14,18,0
1003,48,14,18,0
1004,48,14,18,0
1005,48,14,18,0
1006,48,14,18,0
1007,48,14,18,0
1008,48,14,18,0
1009,48,14,18,0
1010,48,14,18,0
1011,48,14,18,0
1012,48,14,18,0
1013,48,14,18,0
1014,48,14,18,0
1015,48,14,18,0
1016,48,14,18,0
1017,48,14,18,0
1018,48,14,18,0
1019,48,14,18,0
1020,48,14,18,0
1021,48,14,18,0
1022,48,14,18,0
1023,48,14,18,0
1024,48,14,18,0
1025,48,14,18,0
1026,48,14,18,0
1027,48,14,18,0
1028,48,14,18,0
1029,48,14,18,0
1030,48,14,18,0
1031,48,14,18,0
1032,48,14,18,0
1033,48,14,18,0
1034,48,14,18,0
1035,48,14,18,0
1036,48,14,18,0
1037,48,14,18,0
1038,48,14,18,0
1039,48,14,18,0
1040,48,14,18,0
1041,48,14,18,0
1042,48,14,18,0
1043,48,14,18,0
1044,48,14,18,0
1045,48,14,18,0
1046,48,14,18,0
1047,48,14,18,0
1048,48,14,18,0
1049,48,14,18,0
1050,48,14,18,0
1051,48,14,18,0
1052,48,14,18,0
1053,48,14,18,0
1054,48,14,18,0
1055,48,14,18,0
1056,48,14,18,0
1057,48,14,18,0
1058,48,14,18,0
1059,48,14,18,0
1060,48,14,18,0
1061,48,14,18,0
1062,48,14,18,0
1063,48,14,18,0
1064,48,14,18,0
1065,48,14,18,0
1066,48,14,18,0
1067,48,14,18,0
1068,48,14,18,0
1069,48,14,18,0
1070,48,14,18,0
1071,48,14,18,0
1072,48,14,18,0
1073,48,14,18,0
1074,48,14,18,0
1075,48,14,18,0
1076,48,14,18,0
1077,48,14,18,0
1078,48,14,18,0
1079,48,14,18,0
1080,48,14,18,0
1081,48,14,18,0
1082,48,14,18,0
1083,48,14,18,0
1084,48,14,18,0
1085,48,14,18,0
1086,48,14,18,0
1087,48,14,18,0
1088,48,14,18,0
1089,48,14,18,0
1090,48,14,18,0
1091,48,14,18,0
1092,48,14,18,0
1093,48,14,18,0
1094,48,14,18,0
1095,48,14,18,0
1096,48,14,18,0
1097,48,14,18,0
1098,48,14,18,0
1099,48,14,18,0
1100,48,14,18,0
1101,48,14,18,0
1102,48,14,18,0
1103,48,14,18,0
1104,48,14,18,0
1105,48,14,18,0
1106,48,14,18,0
1107,48,14,18,0
1108,48,14,18,0
1109,48,14,18,0
1110,48,14,18,0
1111,48,14,18,0
1112,48,14,18,0
1113,48,14,18,0
1114,48,14,18,0
1115,48,14,18,0
1116,48,14,18,0
1117,48,14,18,0
1118,48,14,18,0
1119,48,14,18,0
1120,48,14,18,0
1121,48,14,18,0
1122,48,14,18,0
1123,48,14,18,0
1124,48,14,18,0
1125,48,14,18,0
1126,48,14,18,0
1127,48,14,18,0
1128,48,14,18,0
1129,48,14,18,0
1130,48,14,18,0
1131,48,14,18,0
1132,48,14,18,0
1133,48,14,18,0
1134,48,14,18,0
1135,48,14,18,0
1136,48,14,18,0
1137,48,14,18,0
1138,48,14,18,0
1139,48,14,18,0
1140,48,14,18,0
1141,48,14,18,0
1142,48,14,18,0
1143,48,14,18,0
1144,48,14,18,0
1145,48,14,18,0
1146,48,14,18,0
1147,48,14,18,0
1148,48,14,18,0
1149,48,14,18,0
1150,48,14,18,0
1151,48,14,18,0
1152,48,14,18,0
1153,48,14,18,0
1154,48,14,18,0
1155,48,14,18,0
1156,48,14,18,0
1157,48,14,18,0
1158,48,14,18,0
1159,48,14,18,0
1160,48,14,18,0
1161,48,14,18,0
1162,48,14,18,0
1163,48,14,18,0
1164,48,14,18,0
1165,48,14,18,0
1166,48,14,18,0
1167,48,14,18,0
1168,48,14,18,0
1169,48,14,18,0
1170,48,14,18,0
1171,48,14,18,0
1172,48,14,18,0
1173,48,14,18,0
1174,48,14,18,0
1175,48,14,18,0
1176,48,14,18,0
1177,48,14,18,0
1178,48,14,18,0
1179,48,14,18,0
1180,48,14,18,0
1181,48,14,18,0
1182,48,14,18,0
1183,48,14,18,0
1184,49,14,19,0
1185,49,14,19,0
1186,49,14,19,0
1187,49,14,19,0
1188,49,14,19,0
1189,49,14,19,0
1190,49,14,19,0
1191,49,14,19,0
1192,49,14,19,0
1193,49,14,19,0
1194,49,14,19,0
1195,49,14,19,0
1196,49,14,19,0
1197,49,14,19,0
1198,49,14,19,0
1199,49,14,19,0
1200,49,14,19,0
1201,49,14,19,0
1202,49,14,19,0
1203,49,14,19,0
1204,49,14,19,0
1205,49,14,19,0
1206,49,14,19,0
1207,49,14,19,0
1208,49,14,19,0
1209,49,14,19,0
1210,49,14,19,0
1211,49,14,19,0
1212,49,14,19,0
1213,49,14,19,0
1214,49,14,19,0
1215,49,14,19,0
1216,49,14,19,0
1217,49,14,19,0
1218,49,14,19,0
1219,49,14,19,0
1220,49,14,19,0
1221,49,14,19,0
1222,49,14,19,0
1223,49,14,19,0
1224,49,14,19,0
1225,49,14,19,0
1226,49,14,19,0
1227,49,14,19,0
1228,49,14,19,0
1229,49,14,19,0
1230,49,14,19,0
1231,49,14,19,0
1232,49,14,19,0
1233,49,14,19,0
1234,49,14,19,0
1235,49,14,19,0
1236,49,14,19,0
1237,49,14,19,0
1238,49,14,19,0
1239,49,14,19,0
1240,49,14,19,0
1241,49,14,19,0
1242,49,14,19,0
1243,49,14,19,0
1244,49,14,19,0
1245,49,14,19,0
1246,49,14,19,0
1247,49,14,19,0
1248,49,14,19,0
1249,49,14,19,0
1250,49,14,19,0
1251,49,14,19,0
1252,49,14,19,0
1253,49,14,19,0
1254,49,14,19,0
1255,49,14,19,0
1256,49,14,19,0
1257,49,14,19,0
1258,49,14,19,0
1259,49,14,19,0
1260,49,14,19,0
1261,49,14,19,0
1262,49,14,19,0
1263,49,14,19,0
1264,49,14,19,0
1265,49,14,19,0
1266,49,14,19,0
1267,49,14,19,0
1268,49,14,19,0
1269,49,14,19,0
1270,49,14,19,0
1271,49,14,19,0
1272,49,14,19,0
1273,49,14,19,0
1274,49,14,19,0
1275,49,14,19,0
1276,49,14,19,0
1277,49,14,19,0
1278,49,14,19,0
1279,49,14,19,0
1280,49,14,19,0
1281,49,14,19,0
1282,49,14,19,0
1283,49,14,19,0
1284,49,14,19,0
1285,49,14,19,0
1286,49,14,19,0
1287,49,14,19,0
1288,49,14,19,0
1289,49,14,19,0
1290,49,14,19,0
1291,49,14,19,0
1292,49,14,19,0
1293,49,14,19,0
1294,49,14,19,0
1295,49,14,19,0
1296,49,14,19,0
1297,49,14,19,0
1298,49,14,19,0
1299,49,14,19,0
1300,49,14,19,0
1301,49,14,19,0
1302,49,14,19,0
1303,49,14,19,0
1304,49,14,19,0
1305,49,14,19,0
1306,49,14,19,0
1307,49,14,19,0
1308,49,14,19,0
1309,49,14,19,0
1310,49,14,19,0
1311,49,14,19,0
1312,49,14,19,0
1313,49,14,19,0
1314,49,14,19,0
1315,49,14,19,0
1316,49,14,19,0
1317,49,14,19,0
1318,49,14,19,0
1319,49,14,19,0
1320,49,14,19,0
1321,49,14,19,0
1322,49,14,19,0
1323,49,14,19,0
1324,49,14,19,0
1325,49,14,19,0
1326,49,14,19,0
1327,49,14,19,0
1328,49,14,19,0
1329,49,14,19,0
1330,49,14,19,0
1331,49,14,19,0
1332,49,14,19,0
1333,49,14,19,0
1334,49,14,19,0
1335,49,14,19,0
1336,49,14,19,0
1337,49,14,19,0
1338,49,14,19,0
1339,49,14,19,0
1340,49,14,19,0
1341,49,14,19,0
1342,49,14,19,0
1343,49,14,19,0
1344,49,14,19,0
1345,49,14,19,0
1346,49,14,19,0
1347,49,14,19,0
1348,49,14,19,0
1349,49,14,19,0
1350,49,14,19,0
1351,49,14,19,0
1352,49,14,19,0
1353,49,14,19,0
1354,49,14,19,0
1355,49,14,19,0
1356,49,14,19,0
1357,49,14,19,0
1358,49,14,19,0
1359,49,14,19,0
1360,49,14,19,0
1361,49,14,19,0
1362,49,14,19,0
1363,49,14,19,0
1364,49,14,19,0
1365,49,14,19,0
1366,49,14,19,0
1367,49,14,19,0
1368,49,14,19,0
1369,49,14,19,0
1370,49,14,19,0
1371,49,14,19,0
1372,49,14,19,0
1373,49,14,19,0
1374,49,14,19,0
1375,49,14,19,0
1376,49,14,19,0
1377,49,14,19,0
1378,49,14,19,0
1379,49,14,19,0
1380,49,14,19,0
1381,49,14,19,0
1382,49,14,19,0
1383,49,14,19,0
1384,49,14,19,0
1385,49,14,19,0
1386,49,14,19,0
1387,49,14,19,0
1388,49,14,19,0
1389,49,14,19,0
1390,49,14,19,0
1391,49,14,19,0
1392,49,14,19,0
1393,49,14,19,0
1394,49,14,19,0
1395,49,14,19,0
1396,49,14,19,0
1397,49,14,19,0
1398,49,14,19,0
1399,49,14,19,0
1400,49,14,19,0
1401,49,14,19,0
1402,49,14,19,0
1403,49,14,19,0
1404,49,14,19,0
1405,49,14,19,0
1406,49,14,19,0
1407,49,14,19,0
1408,49,14,19,0
1409,49,14,19,0
1410,49,14,19,0
1411,49,14,19,0
1412,49,14,19,0
1413,49,14,19,0
1414,49,14,19,0
1415,49,14,19,0
1416,49,14,19,0
1417,49,14,19,0
1418,49,14,19,0
1419,49,14,19,0
1420,49,14,19,0
1421,49,14,19,0
1422,49,14,19,0
1423,49,14,19,0
1424,49,14,19,0
1425,49,14,19,0
1426,49,14,19,0
1427,49,14,19,0
1428,49,14,19,0
1429,49,14,19,0
1430,49,14,19,0
1431,49,14,19,0
1432,49,14,19,0
1433,49,14,19,0
1434,49,14,19,0
1435,49,14,19,0
1436,49,14,19,0
1437,49,14,19,0
1438,49,14,19,0
1439,49,14,19,0
1440,49,14,19,0
1441,49,14,19,0
1442,49,14,19,0
1443,49,14,19,0
1444,49,14,19,0
1445,49,14,19,0
1446,49,14,19,0
1447,49,14,19,0
1448,49,14,19,0
1449,49,14,19,0
1450,49,14,19,0
1451,49,14,19,0
1452,49,14,19,0
1453,49,14,19,0
1454,49,14,19,0
1455,49,14,19,0
1456,49,14,19,0
1457,49,14,19,0
1458,49,14,19,0
1459,49,14,19,0
1460,49,14,19,0
1461,49,14,19,0
1462,49,14,19,0
1463,49,14,19,0
1464,49,14,19,0
1465,49,14,19,0
1466,49,14,19,0
1467,49,14,19,0
1468,49,14,19,0
1469,49,14,19,0
1470,49,14,19,0
1471,49,14,19,0
1472,49,14,19,0
1473,49,14,19,0
1474,49,14,19,0
1475,49,14,19,0
1476,49,14,19,0
1477,49,14,19,0
1478,49,14,19,0
1479,49,14,19,0
1480,49,14,19,0
1481,49,14,19,0
1482,49,14,19,0
1483,49,14,19,0
1484,49,14,19,0
1485,49,14,19,0
1486,49,14,19,0
1487,49,14,19,0
1488,49,14,19,0
1489,49,14,19,0
1490,49,14,19,0
1491,49,14,19,0
1492,49,14,19,0
1493,49,14,19,0
1494,49,14,19,0
1495,49,14,19,0
1496,49,14,19,0
1497,49,14,19,0
1498,49,14,19,0
1499,49,14,19,0
1500,49,14,19,0
1501,49,14,19,0
1502,49,14,19,0
1503,49,14,19,0
1504,49,14,19,0
1505,49,14,19,0
1506,49,14,19,0
1507,49,14,19,0
1508,49,14,19,0
1509,49,14,19,0
1510,49,14,19,0
1511,49,14,19,0
1512,49,14,19,0
1513,49,14,19,0
1514,49,14,19,0
1515,49,14,19,0
1516,49,14,19,0
1517,49,14,19,0
1518,49,14,19,0
1519,49,14,19,0
1520,49,14,19,0
1521,49,14,19,0
1522,49,14,19,0
1523,49,14,19,0
1524,49,14,19,0
1525,49,14,19,0
1526,49,14,19,0
1527,49,14,19,0
1528,49,14,19,0
1529,49,14,19,0
1530,49,14,19,0
1531,49,14,19,0
1532,49,14,19,0
1533,49,14,19,0
1534,49,14,19,0
1535,49,14,19,0
1536,49,14,19,0
1537,49,14,19,0
1538,49,14,19,0
1539,49,14,19,0
1540,49,14,19,0
1541,49,14,19,0
1542,49,14,19,0
1543,49,14,19,0
1544,49,14,19,0
1545,49,14,19,0
1546,49,14,19,0
1547,49,14,19,0
1548,49,14,19,0
1549,49,14,19,0
1550,49,14,19,0
1551,49,14,19,0
1552,49,14,19,0
1553,49,14,19,0
1554,49,14,19,0
1555,49,14,19,0
1556,49,14,19,0
1557,49,14,19,0
1558,49,14,19,0
1559,49,14,19,0
1560,49,14,19,0
1561,49,14,19,0
1562,49,14,19,0
1563,49,14,19,0
1564,49,14,19,0
1565,49,14,19,0
1566,49,14,19,0
1567,49,14,19,0
1568,49,14,19,0
1569,49,14,19,0
1570,49,14,19,0
1571,49,14,19,0
1572,49,14,19,0
1573,49,14,19,0
1574,49,14,19,0
1575,49,14,19,0
1576,49,14,19,0
1577,49,14,19,0
1578,49,14,19,0
1579,49,14,19,0
1580,49,14,19,0
1581,49,14,19,0
1582,49,14,19,0
1583,49,14,19,0
1584,49,14,19,0
1585,49,14,19,0
1586,49,14,19,0
1587,49,14,19,0
1588,49,14,19,0
1589,49,14,19,0
1590,49,14,19,0
1591,49,14,19,0
1592,49,14,19,0
1593,49,14,19,0
1594,49,14,19,0
1595,49,14,19,0
1596,49,14,19,0
1597,49,14,19,0
1598,49,14,19,0
1599,49,14,19,0
1600,49,14,19,0
1601,49,14,19,0
1602,49,14,19,0
1603,49,14,19,0
1604,49,14,19,0
1605,49,14,19,0
1606,49,14,19,0
1607,49,14,19,0
1608,49,14,19,0
1609,49,14,19,0
1610,49,14,19,0
1611,49,14,19,0
1612,49,14,19,0
1613,49,14,19,0
1614,49,14,19,0
1615,49,14,19,0
1616,49,14,19,0
1617,49,14,19,0
1618,49,14,19,0
1619,49,14,19,0
1620,49,14,19,0
1621,49,14,19,0
1622,49,14,19,0
1623,49,14,19,0
1624,49,14,19,0
1625,49,14,19,0
1626,49,14,19,0
1627,49,14,19,0
1628,49,14,19,0
1629,49,14,19,0
1630,49,14,19,0
1631,49,14,19,0
1632,49,14,19,0
1633,49,14,19,0
1634,49,14,19,0
1635,49,14,19,0
1636,49,14,19,0
1637,49,14,19,0
1638,49,14,19,0
1639,49,14,19,0
1640,49,14,19,0
1641,49,14,19,0
1642,49,14,19,0
1643,49,14,19,0
1644,49,14,19,0
1645,49,14,19,0
1646,49,14,19,0
1647,49,14,19,0
1648,49,14,19,0
1649,49,14,19,0
1650,49,14,19,0
1651,49,14,19,0
1652,49,14,19,0
1653,49,14,19,0
1654,49,14,19,0
1655,49,14,19,0
1656,49,14,19,0
1657,49,14,19,0
1658,49,14,19,0
1659,49,14,19,0
1660,49,14,19,0
1661,49,14,19,0
1662,49,14,19,0
1663,49,14,19,0
1664,49,14,19,0
1665,49,14,19,0
1666,49,14,19,0
1667,49,14,19,0
1668,49,14,19,0
1669,49,14,19,0
1670,49,14,19,0
1671,49,14,19,0
1672,49,14,19,0
1673,49,14,19,0
1674,49,14,19,0
1675,49,14,19,0
1676,49,14,19,0
1677,49,14,19,0
1678,49,14,19,0
1679,49,14,19,0
1680,49,14,19,0
1681,49,14,19,0
1682,49,14,19,0
1683,49,14,19,0
1684,49,14,19,0
1685,49,14,19,0
1686,49,14,19,0
1687,49,14,19,0
1688,49,14,19,0
1689,49,14,19,0
1690,49,14,19,0
1691,49,14,19,0
1692,49,14,19,0
1693,49,14,19,0
1694,49,14,19,0
1695,49,14,19,0
1696,49,14,19,0
1697,49,14,19,0
1698,49,14,19,0
1699,49,14,19,0
1700,49,14,19,0
1701,49,14,19,0
1702,49,14,19,0
1703,49,14,19,0
1704,49,14,19,0
1705,49,14,19,0
1706,49,14,19,0
1707,49,14,19,0
1708,49,14,19,0
1709,49,14,19,0
1710,49,14,19,0
1711,49,14,19,0
1712,49,14,19,0
1713,49,14,19,0
1714,49,14,19,0
1715,49,14,19,0
1716,49,14,19,0
1717,49,14,19,0
1718,49,14,19,0
1719,49,14,19,0
1720,49,14,19,0
1721,49,14,19,0
1722,49,14,19,0
1723,49,14,19,0
1724,49,14,19,0
1725,49,14,19,0
1726,50,14,20,0
1727,50,14,20,0
1728,50,14,20,0
1729,50,14,20,0
1730,50,14,20,0
1731,50,14,20,0
1732,50,14,20,0
1733,50,14,20,0
1734,50,14,20,0
1735,50,14,20,0
1736,50,14,20,0
1737,50,14,20,0
1738,50,14,20,0
1739,50,14,20,0
1740,50,14,20,0
1741,50,14,20,0
1742,50,14,20,0
1743,50,14,20,0
1744,50,14,20,0
1745,50,14,20,0
1746,50,14,20,0
1747,50,14,20,0
1748,50,14,20,0
1749,50,14,20,0
1750,50,14,20,0
1751,50,14,20,0
1752,50,14,20,0
1753,50,14,20,0
1754,50,14,20,0
1755,50,14,20,0
1756,50,14,20,0
1757,50,14,20,0
1758,50,14,20,0
1759,50,14,20,0
1760,50,14,20,0
1761,50,14,20,0
1762,50,14,20,0
1763,50,14,20,0
1764,50,14,20,0
1765,50,14,20,0
1766,50,14,20,0
1767,50,14,20,0
1768,50,14,20,0
1769,50,14,20,0
1770,50,14,20,0
1771,50,14,20,0
1772,50,14,20,0
1773,50,14,20,0
1774,50,14,20,0
1775,50,14,20,0
1776,50,14,20,0
1777,50,14,20,0
1778,50,14,20,0
1779,50,14,20,0
1780,50,14,20,0
1781,50,14,20,0
1782,50,14,20,0
1783,50,14,20,0
1784,50,14,20,0
1785,50,14,20,0
1786,50,14,20,0
1787,50,14,20,0
1788,50,14,20,0
1789,50,14,20,0
1790,50,14,20,0
1791,50,14,20,0
1792,50,14,20,0
1793,50,14,20,0
1794,50,14,20,0
1795,50,14,20,0
1796,50,14,20,0
1797,50,14,20,0
1798,50,14,20,0
1799,50,14,20,0
1800,50,14,20,0
1801,50,14,20,0
1802,50,14,20,0
1803,50,14,20,0
1804,50,14,20,0
1805,50,14,20,0
1806,50,14,20,0
1807,50,14,20,0
1808,50,14,20,0
1809,50,14,20,0
1810,50,14,20,0
1811,50,14,20,0
1812,50,14,20,0
1813,50,14,20,0
1814,50,14,20,0
1815,50,14,20,0
1816,50,14,20,0
1817,50,14,20,0
1818,50,14,20,0
1819,50,14,20,0
1820,50,14,20,0
1821,50,14,20,0
1822,50,14,20,0
1823,50,14,20,0
1824,50,14,20,0
1825,50,14,20,0
1826,50,14,20,0
1827,50,14,20,0
1828,50,14,20,0
1829,50,14,20,0
1830,50,14,20,0
1831,50,14,20,0
1832,50,14,20,0
1833,50,14,20,0
1834,50,14,20,0
1835,50,14,20,0
1836,50,14,20,0
1837,50,14,20,0
1838,50,14,20,0
1839,50,14,20,0
1840,50,14,20,0
1841,50,14,20,0
1842,50,14,20,0
1843,50,14,20,0
1844,50,14,20,0
1845,50,14,20,0
1846,50,14,20,0
1847,50,14,20,0
1848,50,14,20,0
1849,50,14,20,0
1850,50,14,20,0
1851,50,14,20,0
1852,50,14,20,0
1853,50,14,20,0
1854,50,14,20,0
1855,50,14,20,0
1856,50,14,20,0
1857,50,14,20,0
1858,50,14,20,0
1859,50,14,20,0
1860,50,14,20,0
1861,50,14,20,0
1862,50,14,20,0
1863,50,14,20,0
1864,50,14,20,0
1865,50,14,20,0
1866,50,14,20,0
1867,50,14,20,0
1868,50,14,20,0
1869,50,14,20,0
1870,50,14,20,0
1871,50,14,20,0
1872,50,14,20,0
1873,50,14,20,0
1874,50,14,20,0
1875,50,14,20,0
1876,50,14,20,0
1877,50,14,20,0
1878,50,14,20,0
1879,50,14,20,0
1880,50,14,20,0
1881,50,14,20,0
1882,50,14,20,0
1883,50,14,20,0
1884,50,14,20,0
1885,50,14,20,0
1886,50,14,20,0
1887,50,14,20,0
1888,50,14,20,0
1889,50,14,20,0
1890,50,14,20,0
1891,50,14,20,0
1892,50,14,20,0
1893,50,14,20,0
1894,50,14,20,0
1895,50,14,20,0
1896,50,14,20,0
1897,50,14,20,0
1898,50,14,20,0
1899,50,14,20,0
1900,50,14,20,0
1901,50,14,20,0
1902,50,14,20,0
1903,50,14,20,0
1904,50,14,20,0
1905,50,14,20,0
1906,50,14,20,0
1907,50,14,20,0
1908,50,14,20,0
1909,50,14,20,0
1910,50,14,20,0
1911,50,14,20,0
1912,50,14,20,0
1913,50,14,20,0
1914,50,14,20,0
1915,50,14,20,0
1916,50,14,20,0
1917,50,14,20,0
1918,50,14,20,0
1919,50,14,20,0
1920,50,14,20,0
1921,50,14,20,0
1922,50,14,20,0
1923,50,14,20,0
1924,50,14,20,0
1925,50,14,20,0
1926,50,14,20,0
1927,50,14,20,0
1928,50,14,20,0
1929,50,14,20,0
1930,50,14,20,0
1931,50,14,20,0
1932,50,14,20,0
1933,50,14,20,0
1934,50,14,20,0
1935,50,14,20,0
1936,50,14,20,0
1937,50,14,20,0
1938,50,14,20,0
1939,50,14,20,0
1940,50,14,20,0
1941,50,14,20,0
1942,50,14,20,0
1943,50,14,20,0
1944,50,14,20,0
1945,50,14,20,0
1946,50,14,20,0
1947,50,14,20,0
1948,50,14,20,0
1949,50,14,20,0
1950,50,14,20,0
1951,50,14,20,0
1952,50,14,20,0
1953,50,14,20,0
1954,50,14,20,0
1955,50,14,20,0
1956,50,14,20,0
1957,50,14,20,0
1958,50,14,20,0
1959,50,14,20,0
1960,50,14,20,0
1961,50,14,20,0
1962,50,14,20,0
1963,50,14,20,0
1964,50,14,20,0
1965,50,14,20,0
1966,50,14,20,0
1967,50,14,20,0
1968,50,14,20,0
1969,50,14,20,0
1970,50,14,20,0
1971,50,14,20,0
1972,50,14,20,0
1973,50,14,20,0
1974,50,14,20,0
1975,50,14,20,0
1976,50,14,20,0
1977,50,14,20,0
1978,50,14,20,0
1979,50,14,20,0
1980,50,14,20,0
1981,50,14,20,0
1982,50,14,20,0
1983,50,14,20,0
1984,50,14,20,0
1985,50,14,20,0
1986,50,14,20,0
1987,50,14,20,0
1988,50,14,20,0
1989,50,14,20,0
1990,50,14,20,0
1991,50,14,20,0
1992,50,14,20,0
1993,50,14,20,0
1994,50,14,20,0
1995,50,14,20,0
1996,50,14,20,0
1997,50,14,20,0
1998,50,14,20,0
1999,50,14,20,0
2000,50,14,20,0
2001,50,14,20,0
2002,50,14,20,0
2003,50,14,20,0
2004,50,14,20,0
2005,50,14,20,0
2006,50,14,20,0
2007,50,14,20,0
2008,50,14,20,0
2009,50,14,20,0
2010,50,14,20,0
2011,50,14,20,0
2012,50,14,20,0
2013,50,14,20,0
2014,50,14,20,0
2015,50,14,20,0
2016,50,14,20,0
2017,50,14,20,0
2018,50,14,20,0
2019,50,14,20,0
2020,50,14,20,0
2021,50,14,20,0
2022,50,14,20,0
2023,50,14,20,0
2024,50,14,20,0
2025,50,14,20,0
2026,50,14,20,0
2027,50,14,20,0
2028,50,14,20,0
2029,50,14,20,0
2030,50,14,20,0
2031,50,14,20,0
2032,50,14,20,0
2033,50,14,20,0
2034,50,14,20,0
2035,50,14,20,0
2036,50,14,20,0
2037,50,14,20,0
2038,50,14,20,0
2039,50,14,20,0
2040,50,14,20,0
2041,50,14,20,0
2042,50,14,20,0
2043,50,14,20,0
2044,50,14,20,0
2045,50,14,20,0
2046,50,14,20,0
2047,50,14,20,0
2048,50,14,20,0
2049,50,14,20,0
2050,50,14,20,0
2051,50,14,20,0
2052,50,14,20,0
2053,50,14,20,0
2054,50,14,20,0
2055,50,14,20,0
2056,50,14,20,0
2057,50,14,20,0
2058,50,14,20,0
2059,50,14,20,0
2060,50,14,20,0
2061,50,14,20,0
2062,50,14,20,0
2063,50,14,20,0
2064,50,14,20,0
2065,50,14,20,0
2066,50,14,20,0
2067,50,14,20,0
2068,50,14,20,0
2069,50,14,20,0
2070,50,14,20,0
2071,50,14,20,0
2072,50,14,20,0
2073,50,14,20,0
2074,50,14,20,0
2075,50,14,20,0
2076,50,14,20,0
2077,50,14,20,0
2078,50,14,20,0
2079,50,14,20,0
2080,50,14,20,0
2081,50,14,20,0
2082,50,14,20,0
2083,50,14,20,0
2084,50,14,20,0
2085,50,14,20,0
2086,50,14,20,0
2087,50,14,20,0
2088,50,14,20,0
2089,50,14,20,0
2090,50,14,20,0
2091,50,14,20,0
2092,50,14,20,0
2093,50,14,20,0
2094,50,14,20,0
2095,50,14,20,0
2096,50,14,20,0
2097,50,14,20,0
2098,50,14,20,0
2099,50,14,20,0
2100,50,14,20,0
2101,50,14,20,0
2102,50,14,20,0
2103,50,14,20,0
2104,50,14,20,0
2105,50,14,20,0
2106,50,14,20,0
2107,50,14,20,0
2108,50,14,20,0
2109,50,14,20,0
2110,50,14,20,0
2111,50,14,20,0
2112,50,14,20,0
2113,50,14,20,0
2114,50,14,20,0
2115,50,14,20,0
2116,50,14,20,0
2117,50,14,20,0
2118,50,14,20,0
2119,50,14,20,0
2120,50,14,20,0
2121,50,14,20,0
2122,50,14,20,0
2123,50,14,20,0
2124,50,14,20,0
2125,50,14,20,0
2126,50,14,20,0
2127,50,14,20,0
2128,50,14,20,0
2129,50,14,20,0
2130,50,14,20,0
2131,50,14,20,0
2132,50,14,20,0
2133,50,14,20,0
2134,50,14,20,0
2135,50,14,20,0
2136,50,14,20,0
2137,50,14,20,0
2138,50,14,20,0
2139,50,14,20,0
2140,50,14,20,0
2141,50,14,20,0
2142,50,14,20,0
2143,50,14,20,0
2144,50,14,20,0
2145,50,14,20,0
2146,50,14,20,0
2147,50,14,20,0
2148,50,14,20,0
2149,50,14,20,0
2150,50,14,20,0
2151,50,14,20,0
2152,50,14,20,0
2153,50,14,20,0
2154,50,14,20,0
2155,50,14,20,0
2156,50,14,20,0
2157,50,14,20,0
2158,50,14,20,0
2159,50,14,20,0
2160,50,14,20,0
2161,50,14,20,0
2162,50,14,20,0
2163,50,14,20,0
2164,50,14,20,0
2165,50,14,20,0
2166,50,14,20,0
2167,50,14,20,0
2168,50,14,20,0
2169,50,14,20,0
2170,50,14,20,0
2171,50,14,20,0
2172,50,14,20,0
2173,50,14,20,0
2174,50,14,20,0
2175,50,14,20,0
2176,50,14,20,0
2177,50,14,20,0
2178,50,14,20,0
2179,50,14,20,0
2180,50,14,20,0
2181,50,14,20,0
2182,50,14,20,0
2183,50,14,20,0
2184,50,14,20,0
2185,50,14,20,0
2186,50,14,20,0
2187,50,14,20,0
2188,50,14,20,0
2189,50,14,20,0
2190,50,14,20,0
2191,50,14,20,0
2192,50,14,20,0
2193,50,14,20,0
2194,50,14,20,0
2195,50,14,20,0
2196,50,14,20,0
2197,50,14,20,0
2198,50,14,20,0
2199,50,14,20,0
2200,50,14,20,0
2201,50,14,20,0
2202,50,14,20,0
2203,50,14,20,0
2204,50,14,20,0
2205,50,14,20,0
2206,50,14,20,0
2207,50,14,20,0
2208,50,14,20,0
2209,50,14,20,0
2210,50,14,20,0
2211,50,14,20,0
2212,50,14,20,0
2213,50,14,20,0
2214,50,14,20,0
2215,50,14,20,0
2216,50,14,20,0
2217,50,14,20,0
2218,50,14,20,0
2219,50,14,20,0
2220,50,14,20,0
2221,50,14,20,0
2222,50,14,20,0
2223,50,14,20,0
2224,50,14,20,0
2225,50,14,20,0
2226,50,14,20,0
2227,50,14,20,0
2228,50,14,20,0
2229,50,14,20,0
2230,50,14,20,0
2231,50,14,20,0
2232,50,14,20,0
2233,50,14,20,0
2234,50,14,20,0
2235,50,14,20,0
2236,50,14,20,0
2237,50,14,20,0
2238,50,14,20,0
2239,50,14,20,0
2240,50,14,20,0
2241,50,14,20,0
2242,50,14,20,0
2243,50,14,20,0
2244,50,14,20,0
2245,50,14,20,0
2246,50,14,20,0
2247,50,14,20,0
2248,50,14,20,0
2249,50,14,20,0
2250,50,14,20,0
2251,50,14,20,0
2252,50,14,20,0
2253,50,14,20,0
2254,50,14,20,0
2255,50,14,20,0
2256,50,14,20,0
2257,50,14,20,0
2258,50,14,20,0
2259,50,14,20,0
2260,50,14,20,0
2261,50,14,20,0
2262,50,14,20,0
2263,50,14,20,0
2264,50,14,20,0
2265,50,14,20,0
2266,50,14,20,0
2267,50,14,20,0
2268,50,14,20,0
2269,50,14,20,0
2270,50,14,20,0
2271,50,14,20,0
2272,50,14,20,0
2273,50,14,20,0
2274,50,14,20,0
2275,50,14,20,0
2276,50,14,20,0
2277,50,14,20,0
2278,50,14,20,0
2279,50,14,20,0
2280,50,14,20,0
2281,50,14,20,0
2282,50,14,20,0
2283,50,14,20,0
2284,50,14,20,0
2285,50,14,20,0
2286,50,14,20,0
2287,50,14,20,0
2288,50,14,20,0
2289,50,14,20,0
2290,50,14,20,0
2291,50,14,20,0
2292,50,14,20,0
2293,50,14,20,0
2294,50,14,20,0
2295,50,14,20,0
2296,50,14,20,0
2297,50,14,20,0
2298,50,14,20,0
2299,50,14,20,0
2300,50,14,20,0
2301,50,14,20,0
2302,50,14,20,0
2303,50,14,20,0
2304,50,14,20,0
2305,50,14,20,0
2306,50,14,20,0
2307,50,14,20,0
2308,50,14,20,0
2309,50,14,20,0
2310,50,14,20,0
2311,50,14,20,0
2312,50,14,20,0
2313,50,14,20,0
2314,50,14,20,0
2315,50,14,20,0
2316,50,14,20,0
2317,50,14,20,0
2318,50,14,20,0
2319,50,14,20,0
2320,50,14,20,0
2321,50,14,20,0
2322,50,14,20,0
2323,50,14,20,0
2324,50,14,20,0
2325,50,14,20,0
2326,50,14,20,0
2327,50,14,20,0
2328,50,14,20,0
2329,50,14,20,0
2330,50,14,20,0
2331,50,14,20,0
2332,50,14,20,0
2333,50,14,20,0
2334,50,14,20,0
2335,50,14,20,0
2336,50,14,20,0
2337,50,14,20,0
2338,50,14,20,0
2339,50,14,20,0
2340,50,14,20,0
2341,50,14,20,0
2342,50,14,20,0
2343,50,14,20,0
2344,50,14,20,0
2345,50,14,20,0
2346,50,14,20,0
2347,50,14,20,0
2348,50,14,20,0
2349,50,14,20,0
2350,50,14,20,0
2351,50,14,20,0
2352,50,14,20,0
2353,50,14,20,0
2354,50,14,20,0
2355,50,14,20,0
2356,50,14,20,0
2357,50,14,20,0
2358,50,14,20,0
2359,50,14,20,0
2360,50,14,20,0
2361,50,14,20,0
2362,50,14,20,0
2363,50,14,20,0
2364,50,14,20,0
2365,50,14,20,0
2366,50,14,20,0
2367,50,14,20,0
2368,50,14,20,0
2369,50,14,20,0
2370,50,14,20,0
2371,50,14,20,0
2372,50,14,20,0
2373,50,14,20,0
2374,50,14,20,0
2375,50,14,20,0
2376,50,14,20,0
2377,50,14,20,0
2378,50,14,20,0
2379,50,14,20,0
2380,50,14,20,0
2381,50,14,20,0
2382,50,14,20,0
2383,50,14,20,0
2384,50,14,20,0
2385,50,14,20,0
2386,51,14,21,0
2387,51,14,21,0
2388,51,14,21,0
2389,51,14,21,0
2390,51,14,21,0
2391,51,14,21,0
2392,51,14,21,0
2393,51,14,21,0
2394,51,14,21,0
2395,51,14,21,0
2396,51,14,21,0
2397,51,14,21,0
2398,51,14,21,0
2399,51,14,21,0
2400,51,14,21,0
2401,51,14,21,0
2402,51,14,21,0
2403,51,14,21,0
2404,51,14,21,0
2405,51,14,21,0
2406,51,14,21,0
2407,51,14,21,0
2408,51,14,21,0
2409,51,14,21,0
2410,51,14,21,0
2411,51,14,21,0
2412,51,14,21,0
2413,51,14,21,0
2414,51,14,21,0
2415,51,14,21,0
2416,51,14,21,0
2417,51,14,21,0
2418,51,14,21,0
2419,51,14,21,0
2420,51,14,21,0
2421,51,14,21,0
2422,51,14,21,0
2423,51,14,21,0
2424,51,14,21,0
2425,51,14,21,0
2426,51,14,21,0
2427,51,14,21,0
2428,51,14,21,0
2429,51,14,21,0
2430,51,14,21,0
2431,51,14,21,0
2432,51,14,21,0
2433,51,14,21,0
2434,51,14,21,0
2435,51,14,21,0
2436,51,14,21,0
2437,51,14,21,0
2438,51,14,21,0
2439,51,14,21,0
2440,51,14,21,0
2441,51,14,21,0
2442,51,14,21,0
2443,51,14,21,0
2444,51,14,21,0
2445,51,14,21,0
2446,51,14,21,0
2447,51,14,21,0
2448,51,14,21,0
2449,51,14,21,0
2450,51,14,21,0
2451,51,14,21,0
2452,51,14,21,0
2453,51,14,21,0
2454,51,14,21,0
2455,51,14,21,0
2456,51,14,21,0
2457,51,14,21,0
2458,51,14,21,0
2459,51,14,21,0
2460,51,14,21,0
2461,51,14,21,0
2462,51,14,21,0
2463,51,14,21,0
2464,51,14,21,0
2465,51,14,21,0
2466,51,14,21,0
2467,51,14,21,0
2468,51,14,21,0
2469,51,14,21,0
2470,51,14,21,0
2471,51,14,21,0
2472,51,14,21,0
2473,51,14,21,0
2474,51,14,21,0
2475,51,14,21,0
2476,51,14,21,0
2477,51,14,21,0
2478,51,14,21,0
2479,51,14,21,0
2480,51,14,21,0
2481,51,14,21,0
2482,51,14,21,0
2483,51,14,21,0
2484,51,14,21,0
2485,51,14,21,0
2486,51,14,21,0
2487,51,14,21,0
2488,51,14,21,0
2489,51,14,21,0
2490,51,14,21,0
2491,51,14,21,0
2492,51,14,21,0
2493,51,14,21,0
2494,51,14,21,0
2495,51,14,21,0
2496,51,14,21,0
2497,51,14,21,0
2498,51,14,21,0
2499,51,14,21,0
2500,51,14,21,0
2501,51,14,21,0
2502,51,14,21,0
2503,51,14,21,0
2504,51,14,21,0
2505,51,14,21,0
2506,51,14,21,0
2507,51,14,21,0
2508,51,14,21,0
2509,51,14,21,0
2510,51,14,21,0
2511,51,14,21,0
2512,51,14,21,0
2513,51,14,21,0
2514,51,14,21,0
2515,51,14,21,0
2516,51,14,21,0
2517,51,14,21,0
2518,51,14,21,0
2519,51,14,21,0
2520,51,14,21,0
2521,51,14,21,0
2522,51,14,21,0
2523,51,14,21,0
2524,51,14,21,0
2525,51,14,21,0
2526,51,14,21,0
2527,51,14,21,0
2528,51,14,21,0
2529,51,14,21,0
2530,51,14,21,0
2531,51,14,21,0
2532,51,14,21,0
2533,51,14,21,0
2534,51,14,21,0
2535,51,14,21,0
2536,51,14,21,0
2537,51,14,21,0
2538,51,14,21,0
2539,51,14,21,0
2540,51,14,21,0
2541,51,14,21,0
2542,51,14,21,0
2543,51,14,21,0
2544,51,14,21,0
2545,51,14,21,0
2546,51,14,21,0
2547,51,14,21,0
2548,51,14,21,0
2549,51,14,21,0
2550,51,14,21,0
2551,51,14,21,0
2552,51,14,21,0
2553,51,14,21,0
2554,51,14,21,0
2555,51,14,21,0
2556,51,14,21,0
2557,51,14,21,0
2558,51,14,21,0
2559,51,14,21,0
2560,51,14,21,0
2561,51,14,21,0
2562,51,14,21,0
2563,51,14,21,0
2564,51,14,21,0
2565,51,14,21,0
2566,51,14,21,0
2567,51,14,21,0
2568,51,14,21,0
2569,51,14,21,0
2570,51,14,21,0
2571,51,14,21,0
2572,51,14,21,0
2573,51,14,21,0
2574,51,14,21,0
2575,51,14,21,0
2576,51,14,21,0
2577,51,14,21,0
2578,51,14,21,0
2579,51,14,21,0
2580,51,14,21,0
2581,51,14,21,0
2582,51,14,21,0
2583,51,14,21,0
2584,51,14,21,0
2585,51,14,21,0
2586,51,14,21,0
2587,51,14,21,0
2588,51,14,21,0
2589,51,14,21,0
2590,51,14,21,0
2591,51,14,21,0
2592,51,14,21,0
2593,51,14,21,0
2594,51,14,21,0
2595,51,14,21,0
2596,51,14,21,0
2597,51,14,21,0
2598,51,14,21,0
2599,51,14,21,0
2600,51,14,21,0
2601,51,14,21,0
2602,51,14,21,0
2603,51,14,21,0
2604,51,14,21,0
2605,51,14,21,0
2606,51,14,21,0
2607,51,14,21,0
2608,51,14,21,0
2609,51,14,21,0
2610,51,14,21,0
2611,51,14,21,0
2612,51,14,21,0
2613,51,14,21,0
2614,51,14,21,0
2615,51,14,21,0
2616,51,14,21,0
2617,51,14,21,0
2618,51,14,21,0
2619,51,14,21,0
2620,51,14,21,0
2621,51,14,21,0
2622,51,14,21,0
2623,51,14,21,0
2624,51,14,21,0
2625,51,14,21,0
2626,51,14,21,0
2627,51,14,21,0
2628,51,14,21,0
2629,51,14,21,0
2630,51,14,21,0
2631,51,14,21,0
2632,51,14,21,0
2633,51,14,21,0
2634,51,14,21,0
2635,51,14,21,0
2636,51,14,21,0
2637,51,14,21,0
2638,51,14,21,0
2639,51,14,21,0
2640,51,14,21,0
2641,51,14,21,0
2642,51,14,21,0
2643,51,14,21,0
2644,51,14,21,0
2645,51,14,21,0
2646,51,14,21,0
2647,51,14,21,0
2648,51,14,21,0
2649,51,14,21,0
2650,51,14,21,0
2651,51,14,21,0
2652,51,14,21,0
2653,51,14,21,0
2654,51,14,21,0
2655,51,14,21,0
2656,51,14,21,0
2657,51,14,21,0
2658,51,14,21,0
2659,51,14,21,0
2660,51,14,21,0
2661,51,14,21,0
2662,51,14,21,0
2663,51,14,21,0
2664,51,14,21,0
2665,51,14,21,0
2666,51,14,21,0
2667,51,14,21,0
2668,51,14,21,0
2669,51,14,21,0
2670,51,14,21,0
2671,51,14,21,0
2672,51,14,21,0
2673,51,14,21,0
2674,51,14,21,0
2675,51,14,21,0
2676,51,14,21,0
2677,51,14,21,0
2678,51,14,21,0
2679,51,14,21,0
2680,51,14,21,0
2681,51,14,21,0
2682,51,14,21,0
2683,51,14,21,0
2684,51,14,21,0
2685,51,14,21,0
2686,51,14,21,0
2687,51,14,21,0
2688,51,14,21,0
2689,51,14,21,0
2690,51,14,21,0
2691,51,14,21,0
2692,51,14,21,0
2693,51,14,21,0
2694,51,14,21,0
2695,51,14,21,0
2696,51,14,21,0
2697,51,14,21,0
2698,51,14,21,0
2699,51,14,21,0
2700,51,14,21,0
2701,51,14,21,0
2702,51,14,21,0
2703,51,14,21,0
2704,51,14,21,0
2705,51,14,21,0
2706,51,14,21,0
2707,51,14,21,0
2708,51,14,21,0
2709,51,14,21,0
2710,51,14,21,0
2711,51,14,21,0
2712,51,14,21,0
2713,51,14,21,0
2714,51,14,21,0
2715,51,14,21,0
2716,51,14,21,0
2717,51,14,21,0
2718,51,14,21,0
2719,51,14,21,0
2720,51,14,21,0
2721,51,14,21,0
2722,51,14,21,0
2723,51,14,21,0
2724,51,14,21,0
2725,51,14,21,0
2726,51,14,21,0
2727,51,14,21,0
2728,51,14,21,0
2729,51,14,21,0
2730,51,14,21,0
2731,51,14,21,0
2732,51,14,21,0
2733,51,14,21,0
2734,51,14,21,0
2735,51,14,21,0
2736,51,14,21,0
2737,51,14,21,0
2738,51,14,21,0
2739,51,14,21,0
2740,51,14,21,0
2741,51,14,21,0
2742,51,14,21,0
2743,51,14,21,0
2744,51,14,21,0
2745,51,14,21,0
2746,51,14,21,0
2747,51,14,21,0
2748,51,14,21,0
2749,51,14,21,0
2750,51,14,21,0
2751,51,14,21,0
2752,51,14,21,0
2753,51,14,21,0
2754,51,14,21,0
2755,51,14,21,0
2756,51,14,21,0
2757,51,14,21,0
2758,51,14,21,0
2759,51,14,21,0
2760,51,14,21,0
2761,51,14,21,0
2762,51,14,21,0
2763,51,14,21,0
2764,51,14,21,0
2765,51,14,21,0
2766,51,14,21,0
2767,51,14,21,0
2768,51,14,21,0
2769,51,14,21,0
2770,51,14,21,0
2771,51,14,21,0
2772,51,14,21,0
2773,51,14,21,0
2774,51,14,21,0
2775,51,14,21,0
2776,51,14,21,0
2777,51,14,21,0
2778,51,14,21,0
2779,51,14,21,0
2780,51,14,21,0
2781,51,14,21,0
2782,51,14,21,0
2783,51,14,21,0
2784,51,14,21,0
2785,51,14,21,0
2786,51,14,21,0
2787,51,14,21,0
2788,51,14,21,0
2789,51,14,21,0
2790,51,14,21,0
2791,51,14,21,0
2792,51,14,21,0
2793,51,14,21,0
2794,51,14,21,0
2795,51,14,21,0
2796,51,14,21,0
2797,51,14,21,0
2798,51,14,21,0
2799,51,14,21,0
2800,51,14,21,0
2801,51,14,21,0
2802,51,14,21,0
2803,51,14,21,0
2804,51,14,21,0
2805,51,14,21,0
2806,51,14,21,0
2807,51,14,21,0
2808,51,14,21,0
2809,51,14,21,0
2810,51,14,21,0
2811,51,14,21,0
2812,51,14,21,0
2813,51,14,21,0
2814,51,14,21,0
2815,51,14,21,0
2816,51,14,21,0
2817,51,14,21,0
2818,51,14,21,0
2819,51,14,21,0
2820,51,14,21,0
2821,51,14,21,0
2822,51,14,21,0
2823,51,14,21,0
2824,51,14,21,0
2825,51,14,21,0
2826,51,14,21,0
2827,51,14,21,0
2828,51,14,21,0
2829,51,14,21,0
2830,51,14,21,0
2831,51,14,21,0
2832,51,14,21,0
2833,51,14,21,0
2834,51,14,21,0
2835,51,14,21,0
2836,51,14,21,0
2837,51,14,21,0
2838,51,14,21,0
2839,51,14,21,0
2840,51,14,21,0
2841,51,14,21,0
2842,51,14,21,0
2843,51,14,21,0
2844,51,14,21,0
2845,51,14,21,0
2846,51,14,21,0
2847,51,14,21,0
2848,51,14,21,0
2849,51,14,21,0
2850,51,14,21,0
2851,51,14,21,0
2852,51,14,21,0
2853,51,14,21,0
2854,51,14,21,0
2855,51,14,21,0
2856,51,14,21,0
2857,51,14,21,0
2858,51,14,21,0
2859,51,14,21,0
2860,51,14,21,0
2861,51,14,21,0
2862,51,14,21,0
2863,51,14,21,0
2864,51,14,21,0
2865,51,14,21,0
2866,51,14,21,0
2867,51,14,21,0
2868,51,14,21,0
2869,51,14,21,0
2870,51,14,21,0
2871,51,14,21,0
2872,51,14,21,0
2873,51,14,21,0
2874,51,14,21,0
2875,51,14,21,0
2876,51,14,21,0
2877,51,14,21,0
2878,51,14,21,0
2879,51,14,21,0
2880,51,14,21,0
2881,51,14,21,0
2882,51,14,21,0
2883,51,14,21,0
2884,51,14,21,0
2885,51,14,21,0
2886,51,14,21,0
2887,51,14,21,0
2888,51,14,21,0
2889,51,14,21,0
2890,51,14,21,0
2891,51,14,21,0
2892,51,14,21,0
2893,51,14,21,0
2894,51,14,21,0
2895,51,14,21,0
2896,51,14,21,0
2897,51,14,21,0
2898,51,14,21,0
2899,51,14,21,0
2900,51,14,21,0
2901,51,14,21,0
2902,51,14,21,0
2903,51,14,21,0
2904,51,14,21,0
2905,51,14,21,0
2906,51,14,21,0
2907,51,14,21,0
2908,51,14,21,0
2909,51,14,21,0
2910,51,14,21,0
2911,51,14,21,0
2912,51,14,21,0
2913,51,14,21,0
2914,51,14,21,0
2915,51,14,21,0
2916,51,14,21,0
2917,51,14,21,0
2918,51,14,21,0
2919,51,14,21,0
2920,51,14,21,0
2921,51,14,21,0
2922,51,14,21,0
2923,51,14,21,0
2924,51,14,21,0
2925,51,14,21,0
2926,51,14,21,0
2927,51,14,21,0
2928,51,14,21,0
2929,51,14,21,0
2930,51,14,21,0
2931,51,14,21,0
2932,51,14,21,0
2933,51,14,21,0
2934,51,14,21,0
2935,51,14,21,0
2936,51,14,21,0
2937,51,14,21,0
2938,51,14,21,0
2939,51,14,21,0
2940,51,14,21,0
2941,51,14,21,0
2942,51,14,21,0
2943,51,14,21,0
2944,51,14,21,0
2945,51,14,21,0
2946,51,14,21,0
2947,51,14,21,0
2948,51,14,21,0
2949,51,14,21,0
2950,51,14,21,0
2951,51,14,21,0
2952,51,14,21,0
2953,51,14,21,0
2954,51,14,21,0
2955,51,14,21,0
2956,51,14,21,0
2957,51,14,21,0
2958,51,14,21,0
2959,51,14,21,0
2960,51,14,21,0
2961,51,14,21,0
2962,51,14,21,0
2963,51,14,21,0
2964,51,14,21,0
2965,51,14,21,0
2966,51,14,21,0
2967,51,14,21,0
2968,51,14,21,0
2969,51,14,21,0
2970,51,14,21,0
2971,51,14,21,0
2972,51,14,21,0
2973,51,14,21,0
2974,51,14,21,0
2975,51,14,21,0
2976,51,14,21,0
2977,51,14,21,0
2978,51,14,21,0
2979,51,14,21,0
2980,51,14,21,0
2981,51,14,21,0
2982,51,14,21,0
2983,51,14,21,0
2984,51,14,21,0
2985,51,14,21,0
2986,51,14,21,0
2987,51,14,21,0
2988,51,14,21,0
2989,51,14,21,0
2990,51,14,21,0
2991,51,14,21,0
2992,51,14,21,0
2993,51,14,21,0
2994,51,14,21,0
2995,51,14,21,0
2996,51,14,21,0
2997,51,14,21,0
2998,51,14,21,0
2999,51,14,21,0
3000,51,14,21,0
3001,51,14,21,0
3002,51,14,21,0
3003,51,14,21,0
3004,51,14,21,0
3005,51,14,21,0
3006,51,14,21,0
3007,51,14,21,0
3008,51,14,21,0
3009,51,14,21,0
3010,51,14,21,0
3011,51,14,21,0
3012,51,14,21,0
3013,51,14,21,0
3014,51,14,21,0
3015,51,14,21,0
3016,51,14,21,0
3017,51,14,21,0
3018,51,14,21,0
3019,51,14,21,0
3020,51,14,21,0
3021,51,14,21,0
3022,51,14,21,0
3023,51,14,21,0
3024,51,14,21,0
3025,51,14,21,0
3026,51,14,21,0
3027,51,14,21,0
3028,51,14,21,0
3029,51,14,21,0
3030,51,14,21,0
3031,51,14,21,0
3032,51,14,21,0
3033,51,14,21,0
3034,51,14,21,0
3035,51,14,21,0
3036,51,14,21,0
3037,51,14,21,0
3038,51,14,21,0
3039,51,14,21,0
3040,51,14,21,0
3041,51,14,21,0
3042,51,14,21,0
3043,51,14,21,0
3044,51,14,21,0
3045,51,14,21,0
3046,51,14,21,0
3047,51,14,21,0
3048,51,14,21,0
3049,51,14,21,0
3050,51,14,21,0
3051,51,14,21,0
3052,51,14,21,0
3053,51,14,21,0
3054,51,14,21,0
3055,51,14,21,0
3056,51,14,21,0
3057,51,14,21,0
3058,51,14,21,0
3059,51,14,21,0
3060,51,14,21,0
3061,51,14,21,0
3062,51,14,21,0
3063,51,14,21,0
3064,51,14,21,0
3065,51,14,21,0
3066,51,14,21,0
3067,51,14,21,0
3068,51,14,21,0
3069,51,14,21,0
3070,51,14,21,0
3071,51,14,21,0
3072,51,14,21,0
3073,51,14,21,0
3074,51,14,21,0
3075,51,14,21,0
3076,51,14,21,0
3077,51,14,21,0
3078,51,14,21,0
3079,51,14,21,0
3080,51,14,21,0
3081,51,14,21,0
3082,51,14,21,0
3083,51,14,21,0
3084,51,14,21,0
3085,51,14,21,0
3086,51,14,21,0
3087,51,14,21,0
3088,51,14,21,0
3089,51,14,21,0
3090,51,14,21,0
3091,51,14,21,0
3092,51,14,21,0
3093,51,14,21,0
3094,51,14,21,0
3095,51,14,21,0
3096,51,14,21,0
3097,51,14,21,0
3098,51,14,21,0
3099,51,14,21,0
3100,51,14,21,0
3101,51,14,21,0
3102,51,14,21,0
3103,51,14,21,0
3104,51,14,21,0
3105,51,14,21,0
3106,51,14,21,0
3107,51,14,21,0
3108,51,14,21,0
3109,51,14,21,0
3110,51,14,21,0
3111,51,14,21,0
3112,51,14,21,0
3113,51,14,21,0
3114,51,14,21,0
3115,51,14,21,0
3116,51,14,21,0
3117,51,14,21,0
3118,51,14,21,0
3119,51,14,21,0
3120,51,14,21,0
3121,51,14,21,0
3122,51,14,21,0
3123,51,14,21,0
3124,51,14,21,0
3125,51,14,21,0
3126,51,14,21,0
3127,51,14,21,0
3128,51,14,21,0
3129,51,14,21,0
3130,51,14,21,0
3131,51,14,21,0
3132,51,14,21,0
3133,51,14,21,0
3134,51,14,21,0
3135,51,14,21,0
3136,51,14,21,0
3137,51,14,21,0
3138,51,14,21,0
3139,51,14,21,0
3140,51,14,21,0
3141,51,14,21,0
3142,51,14,21,0
3143,51,14,21,0
3144,51,14,21,0
3145,51,14,21,0
3146,51,14,21,0
3147,51,14,21,0
3148,51,14,21,0
3149,51,14,21,0
3150,51,14,21,0
3151,51,14,21,0
3152,51,14,21,0
3153,51,14,21,0
3154,51,14,21,0
3155,51,14,21,0
3156,51,14,21,0
3157,51,14,21,0
3158,51,14,21,0
3159,51,14,21,0
3160,51,14,21,0
3161,51,14,21,0
3162,51,14,21,0
3163,51,14,21,0
3164,51,14,21,0
3165,51,14,21,0
3166,51,14,21,0
3167,51,14,21,0
3168,51,14,21,0
3169,51,14,21,0
3170,51,14,21,0
3171,51,14,21,0
3172,51,14,21,0
3173,51,14,21,0
3174,51,14,21,0
3175,51,14,21,0
3176,51,14,21,0
3177,51,14,21,0
3178,51,14,21,0
3179,51,14,21,0
3180,51,14,21,0
3181,51,14,21,0
3182,51,14,21,0
3183,51,14,21,0
3184,51,14,21,0
3185,51,14,21,0
3186,51,14,21,0
3187,51,14,21,0
3188,51,14,21,0
3189,51,14,21,0
3190,51,14,21,0
3191,51,14,21,0
3192,51,14,21,0
3193,51,14,21,0
3194,51,14,21,0
3195,51,14,21,0
3196,51,14,21,0
3197,51,14,21,0
3198,51,14,21,0
3199,51,14,21,0
3200,51,14,21,0
3201,51,14,21,0
3202,51,14,21,0
3203,51,14,21,0
3204,51,14,21,0
3205,51,14,21,0
3206,51,14,21,0
3207,52,14,22,0
3208,52,14,22,0
3209,52,14,22,0
3210,52,14,22,0
3211,52,14,22,0
3212,52,14,22,0
3213,52,14,22,0
3214,52,14,22,0
3215,52,14,22,0
3216,52,14,22,0
3217,52,14,22,0
3218,52,14,22,0
3219,52,14,22,0
3220,52,14,22,0
3221,52,14,22,0
3222,52,14,22,0
3223,52,14,22,0
3224,52,14,22,0
3225,52,14,22,0
3226,52,14,22,0
3227,52,14,22,0
3228,52,14,22,0
3229,52,14,22,0
3230,52,14,22,0
3231,52,14,22,0
3232,52,14,22,0
3233,52,14,22,0
3234,52,14,22,0
3235,52,14,22,0
3236,52,14,22,0
3237,52,14,22,0
3238,52,14,22,0
3239,52,14,22,0
3240,52,14,22,0
3241,52,14,22,0
3242,52,14,22,0
3243,52,14,22,0
3244,52,14,22,0
3245,52,14,22,0
3246,52,14,22,0
3247,52,14,22,0
3248,52,14,22,0
3249,52,14,22,0
3250,52,14,22,0
3251,52,14,22,0
3252,52,14,22,0
3253,52,14,22,0
3254,52,14,22,0
3255,52,14,22,0
3256,52,14,22,0
3257,52,14,22,0
3258,52,14,22,0
3259,52,14,22,0
3260,52,14,22,0
3261,52,14,22,0
3262,52,14,22,0
3263,52,14,22,0
3264,52,14,22,0
3265,52,14,22,0
3266,52,14,22,0
3267,52,14,22,0
3268,52,14,22,0
3269,52,14,22,0
3270,52,14,22,0
3271,52,14,22,0
3272,52,14,22,0
3273,52,14,22,0
3274,52,14,22,0
3275,52,14,22,0
3276,52,14,22,0
3277,52,14,22,0
3278,52,14,22,0
3279,52,14,22,0
3280,52,14,22,0
3281,52,14,22,0
3282,52,14,22,0
3283,52,14,22,0
3284,52,14,22,0
3285,52,14,22,0
3286,52,14,22,0
3287,52,14,22,0
3288,52,14,22,0
3289,52,14,22,0
3290,52,14,22,0
3291,52,14,22,0
3292,52,14,22,0
3293,52,14,22,0
3294,52,14,22,0
3295,52,14,22,0
3296,52,14,22,0
3297,52,14,22,0
3298,52,14,22,0
3299,52,14,22,0
3300,54,14,23,0
3301,54,14,23,0
3302,54,14,23,0
3303,54,14,23,0
3304,54,14,23,0
3305,54,14,23,0
3306,54,14,23,0
3307,54,14,23,0
3308,54,14,23,0
3309,54,14,23,0
3310,54,14,23,0
3311,54,14,23,0
3312,54,14,23,0
3313,54,14,23,0
3314,54,14,23,0
3315,54,14,23,0
3316,54,14,23,0
3317,54,14,23,0
3318,54,14,23,0
3319,54,14,23,0
3320,54,14,23,0
3321,54,14,23,0
3322,54,14,23,0
3323,54,14,23,0
3324,54,14,23,0
3325,54,14,23,0
3326,54,14,23,0
3327,54,14,23,0
3328,54,14,23,0
3329,54,14,23,0
3330,54,14,23,0
3331,54,14,23,0
3332,54,14,23,0
3333,54,14,23,0
3334,54,14,23,0
3335,54,14,23,0
3336,54,14,23,0
3337,54,14,23,0
3338,54,14,23,0
3339,54,14,23,0
3340,54,14,23,0
3341,54,14,23,0
3342,54,14,23,0
3343,54,14,23,0
3344,54,14,23,0
3345,54,14,23,0
3346,54,14,23,0
3347,54,14,23,0
3348,54,14,23,0
3349,54,14,23,0
3350,54,14,23,0
3351,54,14,23,0
3352,54,14,23,0
3353,54,14,23,0
3354,54,14,23,0
3355,54,14,23,0
3356,54,14,23,0
3357,54,14,23,0
3358,54,14,23,0
3359,54,14,23,0
3360,54,14,23,0
3361,54,14,23,0
3362,54,14,23,0
3363,54,14,23,0
3364,54,14,23,0
3365,54,14,23,0
3366,54,14,23,0
3367,54,14,23,0
3368,54,14,23,0
3369,54,14,23,0
3370,54,14,23,0
3371,54,14,23,0
3372,54,14,23,0
3373,54,14,23,0
3374,54,14,23,0
3375,54,14,23,0
3376,54,14,23,0
3377,54,14,23,0
3378,54,14,23,0
3379,54,14,23,0
3380,54,14,23,0
3381,54,14,23,0
3382,54,14,23,0
3383,54,14,23,0
3384,54,14,23,0
3385,54,14,23,0
3386,54,14,23,0
3387,54,14,23,0
3388,54,14,23,0
3389,54,14,23,0
3390,54,14,23,0
3391,54,14,23,0
3392,54,14,23,0
3393,54,14,23,0
3394,54,14,23,0
3395,54,14,23,0
3396,54,14,23,0
3397,54,14,23,0
3398,54,14,23,0
3399,54,14,23,0
3400,54,14,23,0
3401,54,14,23,0
3402,54,14,23,0
3403,54,14,23,0
3404,54,14,23,0
3405,54,14,23,0
3406,54,14,23,0
3407,54,14,23,0
3408,54,14,23,0
3409,54,14,23,0
3410,54,14,23,0
3411,54,14,23,0
3412,54,14,23,0
3413,54,14,23,0
3414,54,14,23,0
3415,54,14,23,0
3416,54,14,23,0
3417,54,14,23,0
3418,54,14,23,0
3419,54,14,23,0
3420,54,14,23,0
3421,54,14,23,0
3422,54,14,23,0
3423,54,14,23,0
3424,54,14,23,0
3425,54,14,23,0
3426,56,14,24,0
3427,56,14,24,0
3428,56,14,24,0
3429,56,14,24,0
3430,56,14,24,0
3431,56,14,24,0
3432,56,14,24,0
3433,56,14,24,0
3434,56,14,24,0
3435,56,14,24,0
3436,56,14,24,0
3437,56,14,24,0
3438,57,14,25,0
3439,57,14,25,0
3440,57,14,25,0
3441,57,14,25,0
3442,57,14,25,0
3443,57,14,25,0
3444,57,14,25,0
3445,57,14,25,0
3446,57,14,25,0
3447,57,14,25,0
3448,57,14,25,0
3449,57,14,25,0
3450,57,14,25,0
3451,57,14,25,0
3452,57,14,25,0
3453,57,14,25,0
3454,57,14,25,0
3455,57,14,25,0
3456,57,14,25,0
3457,57,14,25,0
3458,57,14,25,0
3459,57,14,25,0
3460,57,14,25,0
3461,57,14,25,0
3462,57,14,25,0
3463,57,14,25,0
3464,57,14,25,0
3465,57,14,25,0
3466,57,14,25,0
3467,57,14,25,0
3468,57,14,25,0
3469,57,14,25,0
3470,57,14,25,0
3471,57,14,25,0
3472,57,14,25,0
3473,57,14,25,0
3474,57,14,25,0
3475,57,14,25,0
3476,57,14,25,0
3477,57,14,25,0
3478,57,14,25,0
3479,57,14,25,0
3480,57,14,25,0
3481,57,14,25,0
3482,57,14,25,0
3483,57,14,25,0
3484,57,14,25,0
3485,57,14,25,0
3486,57,14,25,0
3487,57,14,25,0
3488,57,14,25,0
3489,57,14,25,0
3490,57,14,25,0
3491,57,14,25,0
3492,57,14,25,0
3493,57,14,25,0
3494,57,14,25,0
3495,57,14,25,0
3496,57,14,25,0
3497,57,14,25,0
3498,57,14,25,0
3499,57,14,25,0
3500,57,14,25,0
3501,57,14,25,0
3502,57,14,25,0
3503,57,14,25,0
3504,57,14,25,0
3505,57,14,25,0
3506,57,14,25,0
3507,57,14,25,0
3508,57,14,25,0
3509,57,14,25,0
3510,57,14,25,0
3511,57,14,25,0
3512,57,14,25,0
3513,57,14,25,0
3514,57,14,25,0
3515,57,14,25,0
3516,57,14,25,0
3517,57,14,25,0
3518,57,14,25,0
3519,57,14,25,0
3520,57,14,25,0
3521,57,14,25,0
3522,57,14,25,0
3523,57,14,25,0
3524,57,14,25,0
3525,57,14,25,0
3526,57,14,25,0
3527,57,14,25,0
3528,57,14,25,0
3529,57,14,25,0
3530,57,14,25,0
3531,57,14,25,0
3532,57,14,25,0
3533,57,14,25,0
3534,57,14,25,0
3535,57,14,25,0
3536,57,14,25,0
3537,57,14,25,0
3538,57,14,25,0
3539,57,14,25,0
3540,57,14,25,0
3541,57,14,25,0
3542,57,14,25,0
3543,57,14,25,0
3544,57,14,25,0
3545,57,14,25,0
3546,57,14,25,0
3547,57,14,25,0
3548,57,14,25,0
3549,57,14,25,0
3550,57,14,25,0
3551,57,14,25,0
3552,57,14,25,0
3553,57,14,25,0
3554,57,14,25,0
3555,57,14,25,0
3556,57,14,25,0
3557,57,14,25,0
3558,57,14,25,0
3559,57,14,25,0
3560,57,14,25,0
3561,57,14,25,0
3562,57,14,25,0
3563,57,14,25,0
3564,57,14,25,0
3565,57,14,25,0
3566,57,14,25,0
3567,57,14,25,0
3568,57,14,25,0
3569,57,14,25,0
3570,57,14,25,0
3571,57,14,25,0
3572,57,14,25,0
3573,57,14,25,0
3574,57,14,25,0
3575,57,14,25,0
3576,57,14,25,0
3577,57,14,25,0
3578,57,14,25,0
3579,57,14,25,0
3580,57,14,25,0
3581,57,14,25,0
3582,57,14,25,0
3583,57,14,25,0
3584,57,14,25,0
3585,57,14,25,0
3586,57,14,25,0
3587,57,14,25,0
3588,57,14,25,0
3589,57,14,25,0
3590,57,14,25,0
3591,57,14,25,0
3592,57,14,25,0
3593,57,14,25,0
3594,57,14,25,0
3595,57,14,25,0
3596,57,14,25,0
3597,57,14,25,0
3598,57,14,25,0
3599,57,14,25,0
3600,57,14,25,0
3601,57,14,25,0
3602,57,14,25,0
3603,57,14,25,0
3604,57,14,25,0
3605,57,14,25,0
3606,57,14,25,0
3607,57,14,25,0
3608,57,14,25,0
3609,57,14,25,0
3610,57,14,25,0
3611,57,14,25,0
3612,57,14,25,0
3613,57,14,25,0
3614,57,14,25,0
3615,57,14,25,0
3616,57,14,25,0
3617,57,14,25,0
3618,57,14,25,0
3619,57,14,25,0
3620,57,14,25,0
3621,57,14,25,0
3622,57,14,25,0
3623,57,14,25,0
3624,57,14,25,0
3625,57,14,25,0
3626,57,14,25,0
3627,57,14,25,0
3628,57,14,25,0
3629,57,14,25,0
3630,57,14,25,0
3631,57,14,25,0
3632,57,14,25,0
3633,57,14,25,0
3634,57,14,25,0
3635,57,14,25,0
3636,57,14,25,0
3637,57,14,25,0
3638,57,14,25,0
3639,57,14,25,0
3640,57,14,25,0
3641,57,14,25,0
3642,57,14,25,0
3643,57,14,25,0
3644,57,14,25,0
3645,57,14,25,0
3646,57,14,25,0
3647,57,14,25,0
3648,57,14,25,0
3649,57,14,25,0
3650,57,14,25,0
3651,57,14,25,0
3652,57,14,25,0
3653,57,14,25,0
3654,57,14,25,0
3655,57,14,25,0
3656,57,14,25,0
3657,57,14,25,0
3658,57,14,25,0
3659,57,14,25,0
3660,57,14,25,0
3661,57,14,25,0
3662,57,14,25,0
3663,57,14,25,0
3664,57,14,25,0
3665,57,14,25,0
3666,57,14,25,0
3667,57,14,25,0
3668,57,14,25,0
3669,57,14,25,0
3670,57,14,25,0
3671,57,14,25,0
3672,57,14,25,0
3673,57,14,25,0
3674,57,14,25,0
3675,57,14,25,0
3676,57,14,25,0
3677,57,14,25,0
3678,57,14,25,0
3679,57,14,25,0
3680,57,14,25,0
3681,57,14,25,0
3682,57,14,25,0
3683,57,14,25,0
3684,57,14,25,0
3685,57,14,25,0
3686,57,14,25,0
3687,57,14,25,0
3688,57,14,25,0
3689,57,14,25,0
3690,57,14,25,0
3691,57,14,25,0
3692,57,14,25,0
3693,57,14,25,0
3694,57,14,25,0
3695,57,14,25,0
3696,57,14,25,0
3697,57,14,25,0
3698,57,14,25,0
3699,57,14,25,0
3700,57,14,25,0
3701,57,14,25,0
3702,57,14,25,0
3703,57,14,25,0
3704,57,14,25,0
3705,57,14,25,0
3706,57,14,25,0
3707,57,14,25,0
3708,57,14,25,0
3709,57,14,25,0
3710,57,14,25,0
3711,57,14,25,0
3712,57,14,25,0
3713,57,14,25,0
3714,57,14,25,0
3715,57,14,25,0
3716,57,14,25,0
3717,57,14,25,0
3718,57,14,25,0
3719,57,14,25,0
3720,57,14,25,0
3721,57,14,25,0
3722,57,14,25,0
3723,57,14,25,0
3724,57,14,25,0
3725,57,14,25,0
3726,57,14,25,0
3727,57,14,25,0
3728,57,14,25,0
3729,57,14,25,0
3730,57,14,25,0
3731,57,14,25,0
3732,57,14,25,0
3733,57,14,25,0
3734,57,14,25,0
3735,57,14,25,0
3736,57,14,25,0
3737,57,14,25,0
3738,57,14,25,0
3739,57,14,25,0
3740,57,14,25,0
3741,57,14,25,0
3742,57,14,25,0
3743,57,14,25,0
3744,57,14,25,0
3745,57,14,25,0
3746,57,14,25,0
3747,57,14,25,0
3748,57,14,25,0
3749,57,14,25,0
3750,57,14,25,0
3751,57,14,25,0
3752,57,14,25,0
3753,57,14,25,0
3754,57,14,25,0
3755,57,14,25,0
3756,57,14,25,0
3757,57,14,25,0
3758,57,14,25,0
3759,57,14,25,0
3760,57,14,25,0
3761,57,14,25,0
3762,57,14,25,0
3763,57,14,25,0
3764,57,14,25,0
3765,57,14,25,0
3766,57,14,25,0
3767,57,14,25,0
3768,57,14,25,0
3769,57,14,25,0
3770,57,14,25,0
3771,57,14,25,0
3772,57,14,25,0
3773,57,14,25,0
3774,57,14,25,0
3775,57,14,25,0
3776,57,14,25,0
3777,57,14,25,0
3778,57,14,25,0
3779,57,14,25,0
3780,57,14,25,0
3781,57,14,25,0
3782,57,14,25,0
3783,57,14,25,0
3784,57,14,25,0
3785,57,14,25,0
3786,57,14,25,0
3787,57,14,25,0
3788,57,14,25,0
3789,57,14,25,0
3790,57,14,25,0
3791,57,14,25,0
3792,57,14,25,0
3793,57,14,25,0
3794,57,14,25,0
3795,57,14,25,0
3796,57,14,25,0
3797,57,14,25,0
3798,57,14,25,0
3799,57,14,25,0
3800,57,14,25,0
3801,57,14,25,0
3802,57,14,25,0
3803,57,14,25,0
3804,57,14,25,0
3805,57,14,25,0
3806,57,14,25,0
3807,57,14,25,0
3808,57,14,25,0
3809,57,14,25,0
3810,57,14,25,0
3811,57,14,25,0
3812,57,14,25,0
3813,57,14,25,0
3814,57,14,25,0
3815,57,14,25,0
3816,57,14,25,0
3817,57,14,25,0
3818,57,14,25,0
3819,57,14,25,0
3820,57,14,25,0
3821,57,14,25,0
3822,57,14,25,0
3823,57,14,25,0
3824,57,14,25,0
3825,57,14,25,0
3826,57,14,25,0
3827,57,14,25,0
3828,57,14,25,0
3829,57,14,25,0
3830,57,14,25,0
3831,57,14,25,0
3832,57,14,25,0
3833,57,14,25,0
3834,57,14,25,0
3835,57,14,25,0
3836,57,14,25,0
3837,57,14,25,0
3838,57,14,25,0
3839,57,14,25,0
3840,57,14,25,0
3841,57,14,25,0
3842,57,14,25,0
3843,57,14,25,0
3844,57,14,25,0
3845,57,14,25,0
3846,57,14,25,0
3847,57,14,25,0
3848,57,14,25,0
3849,57,14,25,0
3850,57,14,25,0
3851,57,14,25,0
3852,57,14,25,0
3853,57,14,25,0
3854,57,14,25,0
3855,57,14,25,0
3856,57,14,25,0
3857,57,14,25,0
3858,57,14,25,0
3859,57,14,25,0
3860,57,14,25,0
3861,57,14,25,0
3862,57,14,25,0
3863,57,14,25,0
3864,57,14,25,0
3865,57,14,25,0
3866,57,14,25,0
3867,57,14,25,0
3868,57,14,25,0
3869,57,14,25,0
3870,57,14,25,0
3871,57,14,25,0
3872,57,14,25,0
3873,57,14,25,0
3874,57,14,25,0
3875,57,14,25,0
3876,57,14,25,0
3877,57,14,25,0
3878,57,14,25,0
3879,57,14,25,0
3880,57,14,25,0
3881,57,14,25,0
3882,57,14,25,0
3883,57,14,25,0
3884,57,14,25,0
3885,57,14,25,0
3886,57,14,25,0
3887,57,14,25,0
3888,57,14,25,0
3889,57,14,25,0
3890,57,14,25,0
3891,57,14,25,0
3892,57,14,25,0
3893,57,14,25,0
3894,57,14,25,0
3895,57,14,25,0
3896,57,14,25,0
3897,57,14,25,0
3898,57,14,25,0
3899,57,14,25,0
3900,57,14,25,0
3901,57,14,25,0
3902,57,14,25,0
3903,57,14,25,0
3904,57,14,25,0
3905,57,14,25,0
3906,57,14,25,0
3907,57,14,25,0
3908,57,14,25,0
3909,57,14,25,0
3910,57,14,25,0
3911,57,14,25,0
3912,57,14,25,0
3913,57,14,25,0
3914,57,14,25,0
3915,57,14,25,0
3916,57,14,25,0
3917,57,14,25,0
3918,57,14,25,0
3919,57,14,25,0
3920,57,14,25,0
3921,57,14,25,0
3922,57,14,25,0
3923,57,14,25,0
3924,57,14,25,0
3925,57,14,25,0
3926,57,14,25,0
3927,57,14,25,0
3928,57,14,25,0
3929,57,14,25,0
3930,57,14,25,0
3931,57,14,25,0
3932,57,14,25,0
3933,57,14,25,0
3934,57,14,25,0
3935,57,14,25,0
3936,57,14,25,0
3937,57,14,25,0
3938,57,14,25,0
3939,57,14,25,0
3940,57,14,25,0
3941,57,14,25,0
3942,57,14,25,0
3943,57,14,25,0
3944,57,14,25,0
3945,57,14,25,0
3946,57,14,25,0
3947,57,14,25,0
3948,57,14,25,0
3949,57,14,25,0
3950,57,14,25,0
3951,57,14,25,0
3952,57,14,25,0
3953,57,14,25,0
3954,57,14,25,0
3955,57,14,25,0
3956,57,14,25,0
3957,57,14,25,0
3958,57,14,25,0
3959,57,14,25,0
3960,57,14,25,0
3961,57,14,25,0
3962,57,14,25,0
3963,57,14,25,0
3964,57,14,25,0
3965,57,14,25,0
3966,57,14,25,0
3967,57,14,25,0
3968,57,14,25,0
3969,57,14,25,0
3970,57,14,25,0
3971,57,14,25,0
3972,57,14,25,0
3973,57,14,25,0
3974,57,14,25,0
3975,57,14,25,0
3976,57,14,25,0
3977,57,14,25,0
3978,57,14,25,0
3979,57,14,25,0
3980,57,14,25,0
3981,57,14,25,0
3982,57,14,25,0
3983,57,14,25,0
3984,57,14,25,0
3985,57,14,25,0
3986,57,14,25,0
3987,57,14,25,0
3988,57,14,25,0
3989,57,14,25,0
3990,57,14,25,0
3991,57,14,25,0
3992,57,14,25,0
3993,57,14,25,0
3994,57,14,25,0
3995,57,14,25,0
3996,57,14,25,0
3997,57,14,25,0
3998,57,14,25,0
3999,57,14,25,0
4000,57,14,25,0
4001,57,14,25,0
4002,57,14,25,0
4003,57,14,25,0
4004,57,14,25,0
4005,57,14,25,0
4006,57,14,25,0
4007,57,14,25,0
4008,57,14,25,0
4009,57,14,25,0
4010,57,14,25,0
4011,57,14,25,0
4012,57,14,25,0
4013,57,14,25,0
4014,57,14,25,0
4015,57,14,25,0
4016,57,14,25,0
4017,57,14,25,0
4018,57,14,25,0
4019,57,14,25,0
4020,57,14,25,0
4021,57,14,25,0
4022,57,14,25,0
4023,57,14,25,0
4024,57,14,25,0
4025,57,14,25,0
4026,57,14,25,0
4027,57,14,25,0
4028,57,14,25,0
4029,57,14,25,0
4030,57,14,25,0
4031,57,14,25,0
4032,57,14,25,0
4033,57,14,25,0
4034,57,14,25,0
4035,57,14,25,0
4036,57,14,25,0
4037,57,14,25,0
4038,57,14,25,0
4039,57,14,25,0
4040,57,14,25,0
4041,57,14,25,0
4042,57,14,25,0
4043,57,14,25,0
4044,57,14,25,0
4045,57,14,25,0
4046,57,14,25,0
4047,57,14,25,0
4048,57,14,25,0
4049,57,14,25,0
4050,57,14,25,0
4051,57,14,25,0
4052,57,14,25,0
4053,57,14,25,0
4054,57,14,25,0
4055,57,14,25,0
4056,57,14,25,0
4057,57,14,25,0
4058,57,14,25,0
4059,57,14,25,0
4060,57,14,25,0
4061,57,14,25,0
4062,57,14,25,0
4063,57,14,25,0
4064,57,14,25,0
4065,57,14,25,0
4066,57,14,25,0
4067,57,14,25,0
4068,57,14,25,0
4069,57,14,25,0
4070,57,14,25,0
4071,57,14,25,0
4072,57,14,25,0
4073,57,14,25,0
4074,57,14,25,0
4075,57,14,25,0
4076,57,14,25,0
4077,57,14,25,0
4078,57,14,25,0
4079,57,14,25,0
4080,57,14,25,0
4081,57,14,25,0
4082,57,14,25,0
4083,57,14,25,0
4084,57,14,25,0
4085,57,14,25,0
4086,57,14,25,0
4087,57,14,25,0
4088,57,14,25,0
4089,57,14,25,0
4090,57,14,25,0
4091,57,14,25,0
4092,57,14,25,0
4093,57,14,25,0
4094,57,14,25,0
4095,57,14,25,0
4096,57,14,25,0
4097,57,14,25,0
4098,57,14,25,0
4099,57,14,25,0
4100,57,14,25,0
4101,57,14,25,0
4102,57,14,25,0
4103,57,14,25,0
4104,57,14,25,0
4105,57,14,25,0
4106,57,14,25,0
4107,57,14,25,0
4108,57,14,25,0
4109,57,14,25,0
4110,57,14,25,0
4111,57,14,25,0
4112,57,14,25,0
4113,57,14,25,0
4114,57,14,25,0
4115,57,14,25,0
4116,57,14,25,0
4117,57,14,25,0
4118,57,14,25,0
4119,57,14,25,0
4120,57,14,25,0
4121,57,14,25,0
4122,57,14,25,0
4123,57,14,25,0
4124,57,14,25,0
4125,57,14,25,0
4126,57,14,25,0
4127,57,14,25,0
4128,57,14,25,0
4129,57,14,25,0
4130,57,14,25,0
4131,57,14,25,0
4132,57,14,25,0
4133,57,14,25,0
4134,57,14,25,0
4135,57,14,25,0
4136,57,14,25,0
4137,57,14,25,0
4138,57,14,25,0
4139,57,14,25,0
4140,57,14,25,0
4141,57,14,25,0
4142,57,14,25,0
4143,57,14,25,0
4144,57,14,25,0
4145,57,14,25,0
4146,57,14,25,0
4147,57,14,25,0
4148,57,14,25,0
4149,57,14,25,0
4150,57,14,25,0
4151,57,14,25,0
4152,57,14,25,0
4153,57,14,25,0
4154,57,14,25,0
4155,57,14,25,0
4156,57,14,25,0
4157,57,14,25,0
4158,57,14,25,0
4159,57,14,25,0
4160,57,14,25,0
4161,57,14,25,0
4162,57,14,25,0
4163,57,14,25,0
4164,57,14,25,0
4165,57,14,25,0
4166,57,14,25,0
4167,57,14,25,0
4168,57,14,25,0
4169,57,14,25,0
4170,57,14,25,0
4171,57,14,25,0
4172,57,14,25,0
4173,57,14,25,0
4174,57,14,25,0
4175,57,14,25,0
4176,57,14,25,0
4177,57,14,25,0
4178,57,14,25,0
4179,57,14,25,0
4180,57,14,25,0
4181,57,14,25,0
4182,57,14,25,0
4183,57,14,25,0
4184,57,14,25,0
4185,57,14,25,0
4186,57,14,25,0
4187,57,14,25,0
4188,57,14,25,0
4189,57,14,25,0
4190,57,14,25,0
4191,57,14,25,0
4192,57,14,25,0
4193,57,14,25,0
4194,57,14,25,0
4195,57,14,25,0
4196,57,14,25,0
4197,57,14,25,0
4198,57,14,25,0
4199,57,14,25,0
4200,57,14,25,0
4201,57,14,25,0
4202,57,14,25,0
4203,57,14,25,0
4204,57,14,25,0
4205,57,14,25,0
4206,57,14,25,0
4207,57,14,25,0
4208,57,14,25,0
4209,57,14,25,0
4210,57,14,25,0
4211,57,14,25,0
4212,57,14,25,0
4213,57,14,25,0
4214,57,14,25,0
4215,57,14,25,0
4216,57,14,25,0
4217,57,14,25,0
4218,57,14,25,0
4219,57,14,25,0
4220,57,14,25,0
4221,57,14,25,0
4222,57,14,25,0
4223,57,14,25,0
4224,57,14,25,0
4225,57,14,25,0
4226,57,14,25,0
4227,57,14,25,0
4228,57,14,25,0
4229,57,14,25,0
4230,57,14,25,0
4231,57,14,25,0
4232,57,14,25,0
4233,57,14,25,0
4234,57,14,25,0
4235,57,14,25,0
4236,57,14,25,0
4237,57,14,25,0
4238,57,14,25,0
4239,57,14,25,0
4240,57,14,25,0
4241,57,14,25,0
4242,57,14,25,0
4243,57,14,25,0
4244,57,14,25,0
4245,57,14,25,0
4246,57,14,25,0
4247,57,14,25,0
4248,57,14,25,0
4249,57,14,25,0
4250,57,14,25,0
4251,57,14,25,0
4252,57,14,25,0
4253,57,14,25,0
4254,57,14,25,0
4255,57,14,25,0
4256,57,14,25,0
4257,57,14,25,0
4258,57,14,25,0
4259,57,14,25,0
4260,57,14,25,0
4261,57,14,25,0
4262,57,14,25,0
4263,57,14,25,0
4264,57,14,25,0
4265,57,14,25,0
4266,57,14,25,0
4267,57,14,25,0
4268,57,14,25,0
4269,57,14,25,0
4270,57,14,25,0
4271,57,14,25,0
4272,57,14,25,0
4273,57,14,25,0
4274,57,14,25,0
4275,57,14,25,0
4276,57,14,25,0
4277,57,14,25,0
4278,57,14,25,0
4279,57,14,25,0
4280,57,14,25,0
4281,57,14,25,0
4282,57,14,25,0
4283,57,14,25,0
4284,57,14,25,0
4285,57,14,25,0
4286,57,14,25,0
4287,57,14,25,0
4288,57,14,25,0
4289,57,14,25,0
4290,57,14,25,0
4291,57,14,25,0
4292,57,14,25,0
4293,57,14,25,0
4294,57,14,25,0
4295,57,14,25,0
4296,57,14,25,0
4297,57,14,25,0
4298,57,14,25,0
4299,57,14,25,0
4300,57,14,25,0
4301,57,14,25,0
4302,57,14,25,0
4303,57,14,25,0
4304,57,14,25,0
4305,57,14,25,0
4306,57,14,25,0
4307,57,14,25,0
4308,57,14,25,0
4309,57,14,25,0
4310,57,14,25,0
4311,57,14,25,0
4312,57,14,25,0
4313,57,14,25,0
4314,57,14,25,0
4315,57,14,25,0
4316,57,14,25,0
4317,57,14,25,0
4318,57,14,25,0
4319,57,14,25,0
4320,57,14,25,0
4321,57,14,25,0
4322,57,14,25,0
4323,57,14,25,0
4324,57,14,25,0
4325,57,14,25,0
4326,57,14,25,0
4327,57,14,25,0
4328,57,14,25,0
4329,57,14,25,0
4330,57,14,25,0
4331,57,14,25,0
4332,57,14,25,0
4333,57,14,25,0
4334,57,14,25,0
4335,57,14,25,0
4336,57,14,25,0
4337,57,14,25,0
4338,57,14,25,0
4339,57,14,25,0
4340,57,14,25,0
4341,57,14,25,0
4342,57,14,25,0
4343,57,14,25,0
4344,57,14,25,0
4345,57,14,25,0
4346,57,14,25,0
4347,57,14,25,0
4348,57,14,25,0
4349,57,14,25,0
4350,57,14,25,0
4351,57,14,25,0
4352,57,14,25,0
4353,57,14,25,0
4354,57,14,25,0
4355,57,14,25,0
4356,57,14,25,0
4357,57,14,25,0
4358,57,14,25,0
4359,57,14,25,0
4360,57,14,25,0
4361,57,14,25,0
4362,57,14,25,0
4363,57,14,25,0
4364,57,14,25,0
4365,57,14,25,0
4366,57,14,25,0
4367,57,14,25,0
4368,57,14,25,0
4369,57,14,25,0
4370,57,14,25,0
4371,57,14,25,0
4372,57,14,25,0
4373,57,14,25,0
4374,57,14,25,0
4375,57,14,25,0
4376,57,14,25,0
4377,57,14,25,0
4378,57,14,25,0
4379,57,14,25,0
4380,57,14,25,0
4381,57,14,25,0
4382,57,14,25,0
4383,57,14,25,0
4384,57,14,25,0
4385,57,14,25,0
4386,57,14,25,0
4387,57,14,25,0
4388,57,14,25,0
4389,57,14,25,0
4390,57,14,25,0
4391,57,14,25,0
4392,57,14,25,0
4393,57,14,25,0
4394,57,14,25,0
4395,57,14,25,0
4396,57,14,25,0
4397,57,14,25,0
4398,57,14,25,0
4399,57,14,25,0
4400,57,14,25,0
4401,57,14,25,0
4402,57,14,25,0
4403,57,14,25,0
4404,57,14,25,0
4405,57,14,25,0
4406,57,14,25,0
4407,57,14,25,0
4408,57,14,25,0
4409,57,14,25,0
4410,57,14,25,0
4411,57,14,25,0
4412,57,14,25,0
4413,57,14,25,0
4414,57,14,25,0
4415,57,14,25,0
4416,57,14,25,0
4417,57,14,25,0
4418,57,14,25,0
4419,57,14,25,0
4420,57,14,25,0
4421,57,14,25,0
4422,57,14,25,0
4423,57,14,25,0
4424,57,14,25,0
4425,57,14,25,0
4426,57,14,25,0
4427,57,14,25,0
4428,57,14,25,0
4429,57,14,25,0
4430,57,14,25,0
4431,57,14,25,0
4432,57,14,25,0
4433,57,14,25,0
4434,57,14,25,0
4435,57,14,25,0
4436,57,14,25,0
4437,57,14,25,0
4438,57,14,25,0
4439,57,14,25,0
4440,57,14,25,0
4441,57,14,25,0
4442,57,14,25,0
4443,57,14,25,0
4444,57,14,25,0
4445,57,14,25,0
4446,57,14,25,0
4447,57,14,25,0
4448,57,14,25,0
4449,57,14,25,0
4450,57,14,25,0
4451,57,14,25,0
4452,57,14,25,0
4453,57,14,25,0
4454,57,14,25,0
4455,57,14,25,0
4456,57,14,25,0
4457,57,14,25,0
4458,57,14,25,0
4459,57,14,25,0
4460,57,14,25,0
4461,57,14,25,0
4462,57,14,25,0
4463,57,14,25,0
4464,57,14,25,0
4465,57,14,25,0
4466,57,14,25,0
4467,57,14,25,0
4468,57,14,25,0
4469,57,14,25,0
4470,57,14,25,0
4471,57,14,25,0
4472,57,14,25,0
4473,57,14,25,0
4474,57,14,25,0
4475,57,14,25,0
4476,57,14,25,0
4477,57,14,25,0
4478,57,14,25,0
4479,57,14,25,0
4480,57,14,25,0
4481,57,14,25,0
4482,57,14,25,0
4483,57,14,25,0
4484,57,14,25,0
4485,57,14,25,0
4486,57,14,25,0
4487,57,14,25,0
4488,57,14,25,0
4489,57,14,25,0
4490,57,14,25,0
4491,57,14,25,0
4492,57,14,25,0
4493,57,14,25,0
4494,57,14,25,0
4495,57,14,25,0
4496,57,14,25,0
4497,57,14,25,0
4498,57,14,25,0
4499,57,14,25,0
4500,57,14,25,0
4501,57,14,25,0
4502,57,14,25,0
4503,57,14,25,0
4504,57,14,25,0
4505,57,14,25,0
4506,57,14,25,0
4507,57,14,25,0
4508,57,14,25,0
4509,57,14,25,0
4510,57,14,25,0
4511,57,14,25,0
4512,57,14,25,0
4513,57,14,25,0
4514,57,14,25,0
4515,57,14,25,0
4516,57,14,25,0
4517,57,14,25,0
4518,57,14,25,0
4519,57,14,25,0
4520,57,14,25,0
4521,57,14,25,0
4522,57,14,25,0
4523,57,14,25,0
4524,57,14,25,0
4525,57,14,25,0
4526,57,14,25,0
4527,57,14,25,0
4528,57,14,25,0
4529,57,14,25,0
4530,57,14,25,0
4531,57,14,25,0
4532,57,14,25,0
4533,57,14,25,0
4534,57,14,25,0
4535,57,14,25,0
4536,57,14,25,0
4537,57,14,25,0
4538,57,14,25,0
4539,57,14,25,0
4540,57,14,25,0
4541,57,14,25,0
4542,57,14,25,0
4543,57,14,25,0
4544,57,14,25,0
4545,57,14,25,0
4546,57,14,25,0
4547,57,14,25,0
4548,57,14,25,0
4549,57,14,25,0
4550,57,14,25,0
4551,57,14,25,0
4552,57,14,25,0
4553,57,14,25,0
4554,57,14,25,0
4555,57,14,25,0
4556,57,14,25,0
4557,57,14,25,0
4558,57,14,25,0
4559,57,14,25,0
4560,57,14,25,0
4561,57,14,25,0
4562,57,14,25,0
4563,57,14,25,0
4564,57,14,25,0
4565,57,14,25,0
4566,57,14,25,0
4567,57,14,25,0
4568,57,14,25,0
4569,57,14,25,0
4570,57,14,25,0
4571,57,14,25,0
4572,57,14,25,0
4573,57,14,25,0
4574,57,14,25,0
4575,57,14,25,0
4576,57,14,25,0
4577,57,14,25,0
4578,57,14,25,0
4579,57,14,25,0
4580,57,14,25,0
4581,57,14,25,0
4582,57,14,25,0
4583,57,14,25,0
4584,57,14,25,0
4585,57,14,25,0
4586,57,14,25,0
4587,57,14,25,0
4588,57,14,25,0
4589,57,14,25,0
4590,57,14,25,0
4591,57,14,25,0
4592,57,14,25,0
4593,57,14,25,0
4594,57,14,25,0
4595,57,14,25,0
4596,57,14,25,0
4597,57,14,25,0
4598,57,14,25,0
4599,57,14,25,0
4600,57,14,25,0
4601,57,14,25,0
4602,57,14,25,0
4603,57,14,25,0
4604,57,14,25,0
4605,57,14,25,0
4606,57,14,25,0
4607,57,14,25,0
4608,57,14,25,0
4609,57,14,25,0
4610,57,14,25,0
4611,57,14,25,0
4612,57,14,25,0
4613,57,14,25,0
4614,57,14,25,0
4615,57,14,25,0
4616,57,14,25,0
4617,57,14,25,0
4618,57,14,25,0
4619,57,14,25,0
4620,57,14,25,0
4621,57,14,25,0
4622,57,14,25,0
4623,57,14,25,0
4624,57,14,25,0
4625,57,14,25,0
4626,57,14,25,0
4627,57,14,25,0
4628,57,14,25,0
4629,57,14,25,0
4630,57,14,25,0
4631,57,14,25,0
4632,57,14,25,0
4633,57,14,25,0
4634,57,14,25,0
4635,57,14,25,0
4636,57,14,25,0
4637,57,14,25,0
4638,57,14,25,0
4639,57,14,25,0
4640,57,14,25,0
4641,57,14,25,0
4642,57,14,25,0
4643,57,14,25,0
4644,57,14,25,0
4645,57,14,25,0
4646,57,14,25,0
4647,57,14,25,0
4648,57,14,25,0
4649,57,14,25,0
4650,57,14,25,0
4651,57,14,25,0
4652,57,14,25,0
4653,57,14,25,0
4654,57,14,25,0
4655,57,14,25,0
4656,57,14,25,0
4657,57,14,25,0
4658,57,14,25,0
4659,57,14,25,0
4660,57,14,25,0
4661,57,14,25,0
4662,57,14,25,0
4663,57,14,25,0
4664,57,14,25,0
4665,57,14,25,0
4666,57,14,25,0
4667,57,14,25,0
4668,57,14,25,0
4669,57,14,25,0
4670,57,14,25,0
4671,57,14,25,0
4672,57,14,25,0
4673,57,14,25,0
4674,57,14,25,0
4675,57,14,25,0
4676,57,14,25,0
4677,57,14,25,0
4678,57,14,25,0
4679,57,14,25,0
4680,57,14,25,0
4681,57,14,25,0
4682,57,14,25,0
4683,57,14,25,0
4684,57,14,25,0
4685,57,14,25,0
4686,57,14,25,0
4687,57,14,25,0
4688,57,14,25,0
4689,57,14,25,0
4690,57,14,25,0
4691,57,14,25,0
4692,57,14,25,0
4693,57,14,25,0
4694,57,14,25,0
4695,57,14,25,0
4696,57,14,25,0
4697,57,14,25,0
4698,57,14,25,0
4699,57,14,25,0
4700,57,14,25,0
4701,57,14,25,0
4702,57,14,25,0
4703,57,14,25,0
4704,57,14,25,0
4705,57,14,25,0
4706,57,14,25,0
4707,57,14,25,0
4708,57,14,25,0
4709,57,14,25,0
4710,57,14,25,0
4711,57,14,25,0
4712,57,14,25,0
4713,57,14,25,0
4714,57,14,25,0
4715,57,14,25,0
4716,57,14,25,0
4717,57,14,25,0
4718,57,14,25,0
4719,57,14,25,0
4720,57,14,25,0
4721,57,14,25,0
4722,57,14,25,0
4723,57,14,25,0
4724,57,14,25,0
4725,57,14,25,0
4726,57,14,25,0
4727,57,14,25,0
4728,57,14,25,0
4729,57,14,25,0
4730,57,14,25,0
4731,57,14,25,0
4732,57,14,25,0
4733,57,14,25,0
4734,57,14,25,0
4735,57,14,25,0
4736,57,14,25,0
4737,57,14,25,0
4738,57,14,25,0
4739,57,14,25,0
4740,57,14,25,0
4741,57,14,25,0
4742,57,14,25,0
4743,57,14,25,0
4744,57,14,25,0
4745,57,14,25,0
4746,57,14,25,0
4747,57,14,25,0
4748,57,14,25,0
4749,57,14,25,0
4750,57,14,25,0
4751,57,14,25,0
4752,57,14,25,0
4753,57,14,25,0
4754,57,14,25,0
4755,57,14,25,0
4756,57,14,25,0
4757,57,14,25,0
4758,57,14,25,0
4759,57,14,25,0
4760,57,14,25,0
4761,57,14,25,0
4762,57,14,25,0
4763,57,14,25,0
4764,57,14,25,0
4765,57,14,25,0
4766,57,14,25,0
4767,57,14,25,0
4768,57,14,25,0
4769,57,14,25,0
4770,57,14,25,0
4771,57,14,25,0
4772,57,14,25,0
4773,57,14,25,0
4774,57,14,25,0
4775,57,14,25,0
4776,57,14,25,0
4777,57,14,25,0
4778,57,14,25,0
4779,57,14,25,0
4780,57,14,25,0
4781,57,14,25,0
4782,57,14,25,0
4783,57,14,25,0
4784,57,14,25,0
4785,57,14,25,0
4786,57,14,25,0
4787,57,14,25,0
4788,57,14,25,0
4789,57,14,25,0
4790,57,14,25,0
4791,57,14,25,0
4792,57,14,25,0
4793,57,14,25,0
4794,57,14,25,0
4795,57,14,25,0
4796,57,14,25,0
4797,57,14,25,0
4798,57,14,25,0
4799,57,14,25,0
4800,57,14,25,0
4801,57,14,25,0
4802,57,14,25,0
4803,57,14,25,0
4804,57,14,25,0
4805,57,14,25,0
4806,57,14,25,0
4807,57,14,25,0
4808,57,14,25,0
4809,57,14,25,0
4810,57,14,25,0
4811,57,14,25,0
4812,57,14,25,0
4813,57,14,25,0
4814,57,14,25,0
4815,57,14,25,0
4816,57,14,25,0
4817,57,14,25,0
4818,57,14,25,0
4819,57,14,25,0
4820,57,14,25,0
4821,57,14,25,0
4822,57,14,25,0
4823,57,14,25,0
4824,57,14,25,0
4825,57,14,25,0
4826,57,14,25,0
4827,57,14,25,0
4828,57,14,25,0
4829,57,14,25,0
4830,57,14,25,0
4831,57,14,25,0
4832,57,14,25,0
4833,57,14,25,0
4834,57,14,25,0
4835,57,14,25,0
4836,57,14,25,0
4837,57,14,25,0
4838,57,14,25,0
4839,57,14,25,0
4840,57,14,25,0
4841,57,14,25,0
4842,57,14,25,0
4843,57,14,25,0
4844,57,14,25,0
4845,57,14,25,0
4846,57,14,25,0
4847,57,14,25,0
4848,57,14,25,0
4849,57,14,25,0
4850,57,14,25,0
4851,57,14,25,0
4852,57,14,25,0
4853,57,14,25,0
4854,57,14,25,0
4855,57,14,25,0
4856,57,14,25,0
4857,57,14,25,0
4858,57,14,25,0
4859,57,14,25,0
4860,57,14,25,0
4861,57,14,25,0
4862,57,14,25,0
4863,57,14,25,0
4864,57,14,25,0
4865,57,14,25,0
4866,57,14,25,0
4867,57,14,25,0
4868,57,14,25,0
4869,57,14,25,0
4870,57,14,25,0
4871,57,14,25,0
4872,57,14,25,0
4873,57,14,25,0
4874,57,14,25,0
4875,57,14,25,0
4876,57,14,25,0
4877,57,14,25,0
4878,57,14,25,0
4879,57,14,25,0
4880,57,14,25,0
4881,57,14,25,0
4882,57,14,25,0
4883,57,14,25,0
4884,57,14,25,0
4885,57,14,25,0
4886,57,14,25,0
4887,57,14,25,0
4888,57,14,25,0
4889,57,14,25,0
4890,57,14,25,0
4891,57,14,25,0
4892,57,14,25,0
4893,57,14,25,0
4894,57,14,25,0
4895,57,14,25,0
4896,57,14,25,0
4897,57,14,25,0
4898,57,14,25,0
4899,57,14,25,0
4900,57,14,25,0
4901,57,14,25,0
4902,57,14,25,0
4903,57,14,25,0
4904,57,14,25,0
4905,57,14,25,0
4906,57,14,25,0
4907,57,14,25,0
4908,57,14,25,0
4909,57,14,25,0
4910,57,14,25,0
4911,57,14,25,0
4912,57,14,25,0
4913,57,14,25,0
4914,57,14,25,0
4915,57,14,25,0
4916,57,14,25,0
4917,57,14,25,0
4918,57,14,25,0
4919,57,14,25,0
4920,57,14,25,0
4921,57,14,25,0
4922,57,14,25,0
4923,57,14,25,0
4924,57,14,25,0
4925,57,14,25,0
4926,57,14,25,0
4927,57,14,25,0
4928,57,14,25,0
4929,57,14,25,0
4930,57,14,25,0
4931,57,14,25,0
4932,57,14,25,0
4933,57,14,25,0
4934,57,14,25,0
4935,57,14,25,0
4936,57,14,25,0
4937,57,14,25,0
4938,57,14,25,0
4939,57,14,25,0
4940,57,14,25,0
4941,57,14,25,0
4942,57,14,25,0
4943,57,14,25,0
4944,57,14,25,0
4945,57,14,25,0
4946,57,14,25,0
4947,57,14,25,0
4948,57,14,25,0
4949,57,14,25,0
4950,57,14,25,0
4951,57,14,25,0
4952,57,14,25,0
4953,57,14,25,0
4954,57,14,25,0
4955,57,14,25,0
4956,57,14,25,0
4957,57,14,25,0
4958,57,14,25,0
4959,57,14,25,0
4960,57,14,25,0
4961,57,14,25,0
4962,57,14,25,0
4963,57,14,25,0
4964,57,14,25,0
4965,57,14,25,0
4966,57,14,25,0
4967,57,14,25,0
4968,57,14,25,0
4969,57,14,25,0
4970,57,14,25,0
4971,57,14,25,0
4972,57,14,25,0
4973,57,14,25,0
4974,57,14,25,0
4975,57,14,25,0
4976,57,14,25,0
4977,57,14,25,0
4978,57,14,25,0
4979,57,14,25,0
4980,57,14,25,0
4981,57,14,25,0
4982,57,14,25,0
4983,57,14,25,0
4984,57,14,25,0
4985,57,14,25,0
4986,57,14,25,0
4987,57,14,25,0
4988,57,14,25,0
4989,57,14,25,0
4990,57,14,25,0
4991,57,14,25,0
4992,57,14,25,0
4993,57,14,25,0
4994,57,14,25,0
4995,57,14,25,0
4996,57,14,25,0
4997,57,14,25,0
4998,57,14,25,0
4999,57,14,25,0
5000,57,14,25,0
5001,57,14,25,0
5002,57,14,25,0
5003,57,14,25,0
5004,57,14,25,0
5005,57,14,25,0
5006,57,14,25,0
5007,57,14,25,0
5008,57,14,25,0
5009,57,14,25,0
5010,57,14,25,0
5011,57,14,25,0
5012,57,14,25,0
5013,57,14,25,0
5014,57,14,25,0
5015,57,14,25,0
5016,57,14,25,0
5017,57,14,25,0
5018,57,14,25,0
5019,57,14,25,0
5020,57,14,25,0
5021,57,14,25,0
5022,57,14,25,0
5023,57,14,25,0
5024,57,14,25,0
5025,57,14,25,0
5026,57,14,25,0
5027,57,14,25,0
5028,57,14,25,0
5029,57,14,25,0
5030,57,14,25,0
5031,57,14,25,0
5032,57,14,25,0
5033,57,14,25,0
5034,57,14,25,0
5035,57,14,25,0
5036,57,14,25,0
5037,57,14,25,0
5038,57,14,25,0
5039,57,14,25,0
5040,57,14,25,0
5041,57,14,25,0
5042,57,14,25,0
5043,57,14,25,0
5044,57,14,25,0
5045,57,14,25,0
5046,57,14,25,0
5047,57,14,25,0
5048,57,14,25,0
5049,57,14,25,0
5050,57,14,25,0
5051,57,14,25,0
5052,57,14,25,0
5053,57,14,25,0
5054,57,14,25,0
5055,57,14,25,0
5056,57,14,25,0
5057,57,14,25,0
5058,57,14,25,0
5059,57,14,25,0
5060,57,14,25,0
5061,57,14,25,0
5062,57,14,25,0
5063,57,14,25,0
5064,57,14,25,0
5065,57,14,25,0
5066,57,14,25,0
5067,57,14,25,0
5068,57,14,25,0
5069,57,14,25,0
5070,57,14,25,0
5071,57,14,25,0
5072,57,14,25,0
5073,57,14,25,0
5074,57,14,25,0
5075,57,14,25,0
5076,57,14,25,0
5077,57,14,25,0
5078,57,14,25,0
5079,57,14,25,0
5080,57,14,25,0
5081,57,14,25,0
5082,57,14,25,0
5083,57,14,25,0
5084,57,14,25,0
5085,57,14,25,0
5086,57,14,25,0
5087,57,14,25,0
5088,57,14,25,0
5089,57,14,25,0
5090,57,14,25,0
5091,57,14,25,0
5092,57,14,25,0
5093,57,14,25,0
5094,57,14,25,0
5095,57,14,25,0
5096,57,14,25,0
5097,57,14,25,0
5098,57,14,25,0
5099,57,14,25,0
5100,57,14,25,0
5101,57,14,25,0
5102,57,14,25,0
5103,57,14,25,0
5104,57,14,25,0
5105,57,14,25,0
5106,57,14,25,0
5107,57,14,25,0
5108,57,14,25,0
5109,57,14,25,0
5110,57,14,25,0
5111,57,14,25,0
5112,57,14,25,0
5113,57,14,25,0
5114,57,14,25,0
5115,57,14,25,0
5116,57,14,25,0
5117,57,14,25,0
5118,57,14,25,0
5119,57,14,25,0
5120,57,14,25,0
5121,57,14,25,0
5122,57,14,25,0
5123,57,14,25,0
5124,57,14,25,0
5125,57,14,25,0
5126,57,14,25,0
5127,57,14,25,0
5128,57,14,25,0
5129,57,14,25,0
5130,57,14,25,0
5131,57,14,25,0
5132,57,14,25,0
5133,57,14,25,0
5134,57,14,25,0
5135,57,14,25,0
5136,57,14,25,0
5137,57,14,25,0
5138,57,14,25,0
5139,57,14,25,0
5140,57,14,25,0
5141,57,14,25,0
5142,57,14,25,0
5143,57,14,25,0
5144,57,14,25,0
5145,57,14,25,0
5146,57,14,25,0
5147,57,14,25,0
5148,57,14,25,0
5149,57,14,25,0
5150,57,14,25,0
5151,57,14,25,0
5152,57,14,25,0
5153,57,14,25,0
5154,57,14,25,0
5155,57,14,25,0
5156,57,14,25,0
5157,57,14,25,0
5158,57,14,25,0
5159,57,14,25,0
5160,57,14,25,0
5161,57,14,25,0
5162,57,14,25,0
5163,57,14,25,0
5164,57,14,25,0
5165,57,14,25,0
5166,57,14,25,0
5167,57,14,25,0
5168,57,14,25,0
5169,57,14,25,0
5170,57,14,25,0
5171,57,14,25,0
5172,57,14,25,0
5173,57,14,25,0
5174,57,14,25,0
5175,57,14,25,0
5176,57,14,25,0
5177,57,14,25,0
5178,57,14,25,0
5179,57,14,25,0
5180,57,14,25,0
5181,57,14,25,0
5182,57,14,25,0
5183,57,14,25,0
5184,57,14,25,0
5185,57,14,25,0
5186,57,14,25,0
5187,57,14,25,0
5188,57,14,25,0
5189,57,14,25,0
5190,57,14,25,0
5191,57,14,25,0
5192,57,14,25,0
5193,57,14,25,0
5194,57,14,25,0
5195,57,14,25,0
5196,57,14,25,0
5197,57,14,25,0
5198,57,14,25,0
5199,57,14,25,0
5200,57,14,25,0
5201,57,14,25,0
5202,57,14,25,0
5203,57,14,25,0
5204,57,14,25,0
5205,57,14,25,0
5206,57,14,25,0
5207,57,14,25,0
5208,57,14,25,0
5209,57,14,25,0
5210,57,14,25,0
5211,57,14,25,0
5212,57,14,25,0
5213,57,14,25,0
5214,57,14,25,0
5215,57,14,25,0
5216,57,14,25,0
5217,57,14,25,0
5218,57,14,25,0
5219,57,14,25,0
5220,57,14,25,0
5221,57,14,25,0
5222,57,14,25,0
5223,57,14,25,0
5224,57,14,25,0
5225,57,14,25,0
5226,57,14,25,0
5227,57,14,25,0
5228,57,14,25,0
5229,57,14,25,0
5230,57,14,25,0
5231,57,14,25,0
5232,57,14,25,0
5233,57,14,25,0
5234,57,14,25,0
5235,57,14,25,0
5236,57,14,25,0
5237,57,14,25,0
5238,57,14,25,0
5239,57,14,25,0
5240,57,14,25,0
5241,57,14,25,0
5242,57,14,25,0
5243,57,14,25,0
5244,57,14,25,0
5245,57,14,25,0
5246,57,14,25,0
5247,57,14,25,0
5248,57,14,25,0
5249,57,14,25,0
5250,57,14,25,0
5251,57,14,25,0
5252,57,14,25,0
5253,57,14,25,0
5254,57,14,25,0
5255,57,14,25,0
5256,57,14,25,0
5257,57,14,25,0
5258,57,14,25,0
5259,57,14,25,0
5260,57,14,25,0
5261,57,14,25,0
5262,57,14,25,0
5263,57,14,25,0
5264,57,14,25,0
5265,57,14,25,0
5266,57,14,25,0
5267,57,14,25,0
5268,57,14,25,0
5269,57,14,25,0
5270,57,14,25,0
5271,57,14,25,0
5272,57,14,25,0
5273,57,14,25,0
5274,57,14,25,0
5275,57,14,25,0
5276,57,14,25,0
5277,57,14,25,0
5278,57,14,25,0
5279,57,14,25,0
5280,57,14,25,0
5281,57,14,25,0
5282,57,14,25,0
5283,57,14,25,0
5284,57,14,25,0
5285,57,14,25,0
5286,57,14,25,0
5287,57,14,25,0
5288,57,14,25,0
5289,57,14,25,0
5290,57,14,25,0
5291,57,14,25,0
5292,57,14,25,0
5293,57,14,25,0
5294,57,14,25,0
5295,57,14,25,0
5296,57,14,25,0
5297,57,14,25,0
5298,57,14,25,0
5299,57,14,25,0
5300,57,14,25,0
5301,57,14,25,0
5302,57,14,25,0
5303,57,14,25,0
5304,57,14,25,0
5305,57,14,25,0
5306,57,14,25,0
5307,57,14,25,0
5308,57,14,25,0
5309,57,14,25,0
5310,57,14,25,0
5311,57,14,25,0
5312,57,14,25,0
5313,57,14,25,0
5314,57,14,25,0
5315,57,14,25,0
5316,57,14,25,0
5317,57,14,25,0
5318,57,14,25,0
5319,57,14,25,0
5320,57,14,25,0
5321,57,14,25,0
5322,57,14,25,0
5323,57,14,25,0
5324,57,14,25,0
5325,57,14,25,0
5326,57,14,25,0
5327,57,14,25,0
5328,57,14,25,0
5329,57,14,25,0
5330,57,14,25,0
5331,57,14,25,0
5332,57,14,25,0
5333,57,14,25,0
5334,57,14,25,0
5335,57,14,25,0
5336,57,14,25,0
5337,57,14,25,0
5338,57,14,25,0
5339,57,14,25,0
5340,57,14,25,0
5341,57,14,25,0
5342,57,14,25,0
5343,57,14,25,0
5344,57,14,25,0
5345,57,14,25,0
5346,57,14,25,0
5347,57,14,25,0
5348,57,14,25,0
5349,57,14,25,0
5350,57,14,25,0
5351,57,14,25,0
5352,57,14,25,0
5353,57,14,25,0
5354,57,14,25,0
5355,57,14,25,0
5356,57,14,25,0
5357,57,14,25,0
5358,57,14,25,0
5359,57,14,25,0
5360,57,14,25,0
5361,57,14,25,0
5362,57,14,25,0
5363,57,14,25,0
5364,57,14,25,0
5365,57,14,25,0
5366,57,14,25,0
5367,57,14,25,0
5368,57,14,25,0
5369,57,14,25,0
5370,57,14,25,0
5371,57,14,25,0
5372,57,14,25,0
5373,57,14,25,0
5374,57,14,25,0
5375,57,14,25,0
5376,57,14,25,0
5377,57,14,25,0
5378,57,14,25,0
5379,57,14,25,0
5380,57,14,25,0
5381,57,14,25,0
5382,57,14,25,0
5383,57,14,25,0
5384,57,14,25,0
5385,57,14,25,0
5386,57,14,25,0
5387,57,14,25,0
5388,57,14,25,0
5389,57,14,25,0
5390,57,14,25,0
5391,57,14,25,0
5392,57,14,25,0
5393,57,14,25,0
5394,57,14,25,0
5395,57,14,25,0
5396,57,14,25,0
5397,57,14,25,0
5398,57,14,25,0
5399,57,14,25,0
5400,57,14,25,0
5401,57,14,25,0
5402,57,14,25,0
5403,57,14,25,0
5404,57,14,25,0
5405,57,14,25,0
5406,57,14,25,0
5407,57,14,25,0
5408,57,14,25,0
5409,57,14,25,0
5410,57,14,25,0
5411,57,14,25,0
5412,57,14,25,0
5413,57,14,25,0
5414,57,14,25,0
5415,57,14,25,0
5416,57,14,25,0
5417,57,14,25,0
5418,57,14,25,0
5419,57,14,25,0
5420,57,14,25,0
5421,57,14,25,0
5422,57,14,25,0
5423,57,14,25,0
5424,57,14,25,0
5425,57,14,25,0
5426,57,14,25,0
5427,57,14,25,0
5428,57,14,25,0
5429,57,14,25,0
5430,57,14,25,0
5431,57,14,25,0
5432,57,14,25,0
5433,57,14,25,0
5434,57,14,25,0
5435,57,14,25,0
5436,57,14,25,0
5437,57,14,25,0
5438,57,14,25,0
5439,57,14,25,0
5440,57,14,25,0
5441,57,14,25,0
5442,57,14,25,0
5443,57,14,25,0
5444,57,14,25,0
5445,57,14,25,0
5446,57,14,25,0
5447,57,14,25,0
5448,57,14,25,0
5449,57,14,25,0
5450,57,14,25,0
5451,57,14,25,0
5452,57,14,25,0
5453,57,14,25,0
5454,57,14,25,0
5455,57,14,25,0
5456,57,14,25,0
5457,57,14,25,0
5458,57,14,25,0
5459,57,14,25,0
5460,57,14,25,0
5461,57,14,25,0
5462,57,14,25,0
5463,57,14,25,0
5464,57,14,25,0
5465,57,14,25,0
5466,57,14,25,0
5467,57,14,25,0
5468,57,14,25,0
5469,57,14,25,0
5470,57,14,25,0
5471,57,14,25,0
5472,57,14,25,0
5473,57,14,25,0
5474,57,14,25,0
5475,57,14,25,0
5476,57,14,25,0
5477,57,14,25,0
5478,57,14,25,0
5479,57,14,25,0
5480,57,14,25,0
5481,57,14,25,0
5482,57,14,25,0
5483,57,14,25,0
5484,57,14,25,0
5485,57,14,25,0
5486,57,14,25,0
5487,57,14,25,0
5488,57,14,25,0
5489,57,14,25,0
5490,57,14,25,0
5491,57,14,25,0
5492,57,14,25,0
5493,57,14,25,0
5494,57,14,25,0
5495,57,14,25,0
5496,57,14,25,0
5497,57,14,25,0
5498,57,14,25,0
5499,57,14,25,0
5500,57,14,25,0
5501,57,14,25,0
5502,57,14,25,0
5503,57,14,25,0
5504,57,14,25,0
5505,57,14,25,0
5506,57,14,25,0
5507,57,14,25,0
5508,57,14,25,0
5509,57,14,25,0
5510,57,14,25,0
5511,57,14,25,0
5512,57,14,25,0
5513,57,14,25,0
5514,57,14,25,0
5515,57,14,25,0
5516,57,14,25,0
5517,57,14,25,0
5518,57,14,25,0
5519,57,14,25,0
5520,57,14,25,0
5521,57,14,25,0
5522,57,14,25,0
5523,57,14,25,0
5524,57,14,25,0
5525,57,14,25,0
5526,57,14,25,0
5527,57,14,25,0
5528,57,14,25,0
5529,57,14,25,0
5530,57,14,25,0
5531,57,14,25,0
5532,57,14,25,0
5533,57,14,25,0
5534,57,14,25,0
5535,57,14,25,0
5536,57,14,25,0
5537,57,14,25,0
5538,57,14,25,0
5539,57,14,25,0
5540,57,14,25,0
5541,57,14,25,0
5542,57,14,25,0
5543,57,14,25,0
5544,57,14,25,0
5545,57,14,25,0
5546,57,14,25,0
5547,57,14,25,0
5548,57,14,25,0
5549,57,14,25,0
5550,57,14,25,0
5551,57,14,25,0
5552,57,14,25,0
5553,57,14,25,0
5554,57,14,25,0
5555,57,14,25,0
5556,57,14,25,0
5557,57,14,25,0
5558,57,14,25,0
5559,57,14,25,0
5560,57,14,25,0
5561,57,14,25,0
5562,57,14,25,0
5563,57,14,25,0
5564,57,14,25,0
5565,57,14,25,0
5566,57,14,25,0
5567,57,14,25,0
5568,57,14,25,0
5569,57,14,25,0
5570,57,14,25,0
5571,57,14,25,0
5572,57,14,25,0
5573,57,14,25,0
5574,57,14,25,0
5575,57,14,25,0
5576,57,14,25,0
5577,57,14,25,0
5578,57,14,25,0
5579,57,14,25,0
5580,57,14,25,0
5581,57,14,25,0
5582,57,14,25,0
5583,57,14,25,0
5584,57,14,25,0
5585,57,14,25,0
5586,57,14,25,0
5587,57,14,25,0
5588,57,14,25,0
5589,57,14,25,0
5590,57,14,25,0
5591,57,14,25,0
5592,57,14,25,0
5593,57,14,25,0
5594,57,14,25,0
5595,57,14,25,0
5596,57,14,25,0
5597,57,14,25,0
5598,57,14,25,0
5599,57,14,25,0
5600,57,14,25,0
5601,57,14,25,0
5602,57,14,25,0
5603,57,14,25,0
5604,57,14,25,0
5605,57,14,25,0
5606,57,14,25,0
5607,57,14,25,0
5608,57,14,25,0
5609,57,14,25,0
5610,57,14,25,0
5611,57,14,25,0
5612,57,14,25,0
5613,57,14,25,0
5614,57,14,25,0
5615,57,14,25,0
5616,57,14,25,0
5617,57,14,25,0
5618,57,14,25,0
5619,57,14,25,0
5620,57,14,25,0
5621,57,14,25,0
5622,57,14,25,0
5623,57,14,25,0
5624,57,14,25,0
5625,57,14,25,0
5626,57,14,25,0
5627,57,14,25,0
5628,57,14,25,0
5629,57,14,25,0
5630,57,14,25,0
5631,57,14,25,0
5632,57,14,25,0
5633,57,14,25,0
5634,57,14,25,0
5635,57,14,25,0
5636,57,14,25,0
5637,57,14,25,0
5638,57,14,25,0
5639,57,14,25,0
5640,57,14,25,0
5641,57,14,25,0
5642,57,14,25,0
5643,57,14,25,0
5644,57,14,25,0
5645,57,14,25,0
5646,57,14,25,0
5647,57,14,25,0
5648,57,14,25,0
5649,57,14,25,0
5650,57,14,25,0
5651,57,14,25,0
5652,57,14,25,0
5653,57,14,25,0
5654,57,14,25,0
5655,57,14,25,0
5656,57,14,25,0
5657,57,14,25,0
5658,57,14,25,0
5659,57,14,25,0
5660,57,14,25,0
5661,57,14,25,0
5662,57,14,25,0
5663,57,14,25,0
5664,57,14,25,0
5665,57,14,25,0
5666,57,14,25,0
5667,57,14,25,0
5668,57,14,25,0
5669,57,14,25,0
5670,57,14,25,0
5671,57,14,25,0
5672,57,14,25,0
5673,57,14,25,0
5674,57,14,25,0
5675,57,14,25,0
5676,57,14,25,0
5677,57,14,25,0
5678,57,14,25,0
5679,57,14,25,0
5680,57,14,25,0
5681,57,14,25,0
5682,57,14,25,0
5683,57,14,25,0
5684,57,14,25,0
5685,57,14,25,0
5686,57,14,25,0
5687,57,14,25,0
5688,57,14,25,0
5689,57,14,25,0
5690,57,14,25,0
5691,57,14,25,0
5692,57,14,25,0
5693,57,14,25,0
5694,57,14,25,0
5695,57,14,25,0
5696,57,14,25,0
5697,57,14,25,0
5698,57,14,25,0
5699,57,14,25,0
5700,57,14,25,0
5701,57,14,25,0
5702,57,14,25,0
5703,57,14,25,0
5704,57,14,25,0
5705,57,14,25,0
5706,57,14,25,0
5707,57,14,25,0
5708,57,14,25,0
5709,57,14,25,0
5710,57,14,25,0
5711,57,14,25,0
5712,57,14,25,0
5713,57,14,25,0
5714,57,14,25,0
5715,57,14,25,0
5716,57,14,25,0
5717,57,14,25,0
5718,57,14,25,0
5719,57,14,25,0
5720,57,14,25,0
5721,57,14,25,0
5722,57,14,25,0
5723,57,14,25,0
5724,57,14,25,0
5725,57,14,25,0
5726,57,14,25,0
5727,57,14,25,0
5728,57,14,25,0
5729,57,14,25,0
5730,57,14,25,0
5731,57,14,25,0
5732,57,14,25,0
5733,57,14,25,0
5734,57,14,25,0
5735,57,14,25,0
5736,57,14,25,0
5737,57,14,25,0
5738,57,14,25,0
5739,57,14,25,0
5740,57,14,25,0
5741,57,14,25,0
5742,57,14,25,0
5743,57,14,25,0
5744,57,14,25,0
5745,57,14,25,0
5746,57,14,25,0
5747,57,14,25,0
5748,57,14,25,0
5749,57,14,25,0
5750,57,14,25,0
5751,57,14,25,0
5752,57,14,25,0
5753,57,14,25,0
5754,57,14,25,0
5755,57,14,25,0
5756,57,14,25,0
5757,57,14,25,0
5758,57,14,25,0
5759,57,14,25,0
5760,57,14,25,0
5761,57,14,25,0
5762,57,14,25,0
5763,57,14,25,0
5764,57,14,25,0
5765,57,14,25,0
5766,57,14,25,0
5767,57,14,25,0
5768,57,14,25,0
5769,57,14,25,0
5770,57,14,25,0
5771,57,14,25,0
5772,57,14,25,0
5773,57,14,25,0
5774,57,14,25,0
5775,57,14,25,0
5776,57,14,25,0
5777,57,14,25,0
5778,57,14,25,0
5779,57,14,25,0
5780,57,14,25,0
5781,57,14,25,0
5782,57,14,25,0
5783,57,14,25,0
5784,57,14,25,0
5785,57,14,25,0
5786,57,14,25,0
5787,57,14,25,0
5788,57,14,25,0
5789,57,14,25,0
5790,57,14,25,0
5791,57,14,25,0
5792,57,14,25,0
5793,57,14,25,0
5794,57,14,25,0
5795,57,14,25,0
5796,57,14,25,0
5797,57,14,25,0
5798,57,14,25,0
5799,57,14,25,0
5800,57,14,25,0
5801,57,14,25,0
5802,57,14,25,0
5803,57,14,25,0
5804,57,14,25,0
5805,57,14,25,0
5806,57,14,25,0
5807,57,14,25,0
5808,57,14,25,0
5809,57,14,25,0
5810,57,14,25,0
5811,57,14,25,0
5812,57,14,25,0
5813,57,14,25,0
5814,57,14,25,0
5815,57,14,25,0
5816,57,14,25,0
5817,57,14,25,0
5818,57,14,25,0
5819,57,14,25,0
5820,57,14,25,0
5821,57,14,25,0
5822,57,14,25,0
5823,57,14,25,0
5824,57,14,25,0
5825,57,14,25,0
5826,57,14,25,0
5827,57,14,25,0
5828,57,14,25,0
5829,57,14,25,0
5830,57,14,25,0
5831,57,14,25,0
5832,57,14,25,0
5833,57,14,25,0
5834,57,14,25,0
5835,57,14,25,0
5836,57,14,25,0
5837,57,14,25,0
5838,57,14,25,0
5839,57,14,25,0
5840,57,14,25,0
5841,57,14,25,0
5842,57,14,25,0
5843,57,14,25,0
5844,57,14,25,0
5845,57,14,25,0
5846,57,14,25,0
5847,57,14,25,0
5848,57,14,25,0
5849,57,14,25,0
5850,57,14,25,0
5851,57,14,25,0
5852,57,14,25,0
5853,57,14,25,0
5854,57,14,25,0
5855,57,14,25,0
5856,57,14,25,0
5857,57,14,25,0
5858,57,14,25,0
5859,57,14,25,0
5860,57,14,25,0
5861,57,14,25,0
5862,57,14,25,0
5863,57,14,25,0
5864,57,14,25,0
5865,57,14,25,0
5866,57,14,25,0
5867,57,14,25,0
5868,57,14,25,0
5869,57,14,25,0
5870,57,14,25,0
5871,57,14,25,0
5872,57,14,25,0
5873,57,14,25,0
5874,57,14,25,0
5875,57,14,25,0
5876,57,14,25,0
5877,57,14,25,0
5878,57,14,25,0
5879,57,14,25,0
5880,57,14,25,0
5881,57,14,25,0
5882,57,14,25,0
5883,57,14,25,0
5884,57,14,25,0
5885,57,14,25,0
5886,57,14,25,0
5887,57,14,25,0
5888,57,14,25,0
5889,57,14,25,0
5890,57,14,25,0
5891,57,14,25,0
5892,57,14,25,0
5893,57,14,25,0
5894,57,14,25,0
5895,57,14,25,0
5896,57,14,25,0
5897,57,14,25,0
5898,57,14,25,0
5899,57,14,25,0
5900,57,14,25,0
5901,57,14,25,0
5902,57,14,25,0
5903,57,14,25,0
5904,57,14,25,0
5905,57,14,25,0
5906,57,14,25,0
5907,57,14,25,0
5908,57,14,25,0
5909,57,14,25,0
5910,57,14,25,0
5911,57,14,25,0
5912,57,14,25,0
5913,57,14,25,0
5914,57,14,25,0
5915,57,14,25,0
5916,57,14,25,0
5917,57,14,25,0
5918,57,14,25,0
5919,57,14,25,0
5920,57,14,25,0
5921,57,14,25,0
5922,57,14,25,0
5923,57,14,25,0
5924,57,14,25,0
5925,57,14,25,0
5926,57,14,25,0
5927,57,14,25,0
5928,57,14,25,0
5929,57,14,25,0
5930,57,14,25,0
5931,57,14,25,0
5932,57,14,25,0
5933,57,14,25,0
5934,57,14,25,0
5935,57,14,25,0
5936,57,14,25,0
5937,57,14,25,0
5938,57,14,25,0
5939,57,14,25,0
5940,57,14,25,0
5941,57,14,25,0
5942,57,14,25,0
5943,57,14,25,0
5944,57,14,25,0
5945,57,14,25,0
5946,57,14,25,0
5947,57,14,25,0
5948,57,14,25,0
5949,57,14,25,0
5950,57,14,25,0
5951,57,14,25,0
5952,57,14,25,0
5953,57,14,25,0
5954,57,14,25,0
5955,57,14,25,0
5956,57,14,25,0
5957,57,14,25,0
5958,57,14,25,0
5959,57,14,25,0
5960,57,14,25,0
5961,57,14,25,0
5962,57,14,25,0
5963,57,14,25,0
5964,57,14,25,0
5965,57,14,25,0
5966,57,14,25,0
5967,57,14,25,0
5968,57,14,25,0
5969,57,14,25,0
5970,57,14,25,0
5971,57,14,25,0
5972,57,14,25,0
5973,57,14,25,0
5974,57,14,25,0
5975,57,14,25,0
5976,57,14,25,0
5977,57,14,25,0
5978,57,14,25,0
5979,57,14,25,0
5980,57,14,25,0
5981,57,14,25,0
5982,57,14,25,0
5983,57,14,25,0
5984,57,14,25,0
5985,57,14,25,0
5986,57,14,25,0
5987,57,14,25,0
5988,57,14,25,0
5989,57,14,25,0
5990,57,14,25,0
5991,57,14,25,0
5992,57,14,25,0
5993,57,14,25,0
5994,57,14,25,0
5995,57,14,25,0
5996,57,14,25,0
5997,57,14,25,0
5998,57,14,25,0
5999,57,14,25,0
6000,57,14,25,0
6001,57,14,25,0
6002,57,14,25,0
6003,57,14,25,0
6004,57,14,25,0
6005,57,14,25,0
6006,57,14,25,0
6007,57,14,25,0
6008,57,14,25,0
6009,57,14,25,0
6010,57,14,25,0
6011,57,14,25,0
6012,57,14,25,0
6013,57,14,25,0
6014,57,14,25,0
6015,57,14,25,0
6016,57,14,25,0
6017,57,14,25,0
6018,57,14,25,0
6019,57,14,25,0
6020,57,14,25,0
6021,57,14,25,0
6022,57,14,25,0
6023,57,14,25,0
6024,57,14,25,0
6025,57,14,25,0
6026,57,14,25,0
6027,57,14,25,0
6028,57,14,25,0
6029,57,14,25,0
6030,57,14,25,0
6031,57,14,25,0
6032,57,14,25,0
6033,57,14,25,0
6034,57,14,25,0
6035,57,14,25,0
6036,57,14,25,0
6037,57,14,25,0
6038,57,14,25,0
6039,57,14,25,0
6040,57,14,25,0
6041,57,14,25,0
6042,57,14,25,0
6043,57,14,25,0
6044,57,14,25,0
6045,57,14,25,0
6046,57,14,25,0
6047,57,14,25,0
6048,57,14,25,0
6049,57,14,25,0
6050,57,14,25,0
6051,57,14,25,0
6052,57,14,25,0
6053,57,14,25,0
6054,57,14,25,0
6055,57,14,25,0
6056,57,14,25,0
6057,57,14,25,0
6058,57,14,25,0
6059,57,14,25,0
6060,57,14,25,0
6061,57,14,25,0
6062,57,14,25,0
6063,57,14,25,0
6064,57,14,25,0
6065,57,14,25,0
6066,57,14,25,0
6067,57,14,25,0
6068,57,14,25,0
6069,57,14,25,0
6070,57,14,25,0
6071,57,14,25,0
6072,57,14,25,0
6073,57,14,25,0
6074,57,14,25,0
6075,57,14,25,0
6076,57,14,25,0
6077,57,14,25,0
6078,57,14,25,0
6079,57,14,25,0
6080,57,14,25,0
6081,57,14,25,0
6082,57,14,25,0
6083,57,14,25,0
6084,57,14,25,0
6085,57,14,25,0
6086,57,14,25,0
6087,57,14,25,0
6088,57,14,25,0
6089,57,14,25,0
6090,57,14,25,0
6091,57,14,25,0
6092,57,14,25,0
6093,57,14,25,0
6094,57,14,25,0
6095,57,14,25,0
6096,57,14,25,0
6097,57,14,25,0
6098,57,14,25,0
6099,57,14,25,0
6100,57,14,25,0
6101,57,14,25,0
6102,57,14,25,0
6103,57,14,25,0
6104,57,14,25,0
6105,57,14,25,0
6106,57,14,25,0
6107,57,14,25,0
6108,57,14,25,0
6109,57,14,25,0
6110,57,14,25,0
6111,57,14,25,0
6112,57,14,25,0
6113,57,14,25,0
6114,57,14,25,0
6115,57,14,25,0
6116,57,14,25,0
6117,57,14,25,0
6118,57,14,25,0
6119,57,14,25,0
6120,57,14,25,0
6121,57,14,25,0
6122,57,14,25,0
6123,57,14,25,0
6124,57,14,25,0
6125,57,14,25,0
6126,57,14,25,0
6127,57,14,25,0
6128,57,14,25,0
6129,57,14,25,0
6130,57,14,25,0
6131,57,14,25,0
6132,57,14,25,0
6133,57,14,25,0
6134,57,14,25,0
6135,57,14,25,0
6136,57,14,25,0
6137,57,14,25,0
6138,57,14,25,0
6139,57,14,25,0
6140,57,14,25,0
6141,57,14,25,0
6142,57,14,25,0
6143,57,14,25,0
6144,57,14,25,0
6145,57,14,25,0
6146,57,14,25,0
6147,57,14,25,0
6148,57,14,25,0
6149,57,14,25,0
6150,57,14,25,0
6151,57,14,25,0
6152,57,14,25,0
6153,57,14,25,0
6154,57,14,25,0
6155,57,14,25,0
6156,57,14,25,0
6157,57,14,25,0
6158,57,14,25,0
6159,57,14,25,0
6160,57,14,25,0
6161,57,14,25,0
6162,57,14,25,0
6163,57,14,25,0
6164,57,14,25,0
6165,57,14,25,0
6166,57,14,25,0
6167,57,14,25,0
6168,57,14,25,0
6169,57,14,25,0
6170,57,14,25,0
6171,57,14,25,0
6172,57,14,25,0
6173,57,14,25,0
6174,57,14,25,0
6175,57,14,25,0
6176,57,14,25,0
6177,57,14,25,0
6178,57,14,25,0
6179,57,14,25,0
6180,57,14,25,0
6181,57,14,25,0
6182,57,14,25,0
6183,57,14,25,0
6184,57,14,25,0
6185,57,14,25,0
6186,57,14,25,0
6187,57,14,25,0
6188,57,14,25,0
6189,57,14,25,0
6190,57,14,25,0
6191,57,14,25,0
6192,57,14,25,0
6193,57,14,25,0
6194,57,14,25,0
6195,57,14,25,0
6196,57,14,25,0
6197,57,14,25,0
6198,57,14,25,0
6199,57,14,25,0
6200,57,14,25,0
6201,57,14,25,0
6202,57,14,25,0
6203,57,14,25,0
6204,57,14,25,0
6205,57,14,25,0
6206,57,14,25,0
6207,57,14,25,0
6208,57,14,25,0
6209,57,14,25,0
6210,57,14,25,0
6211,57,14,25,0
6212,57,14,25,0
6213,57,14,25,0
6214,57,14,25,0
6215,57,14,25,0
6216,57,14,25,0
6217,57,14,25,0
6218,57,14,25,0
6219,57,14,25,0
6220,57,14,25,0
6221,57,14,25,0
6222,57,14,25,0
6223,57,14,25,0
6224,57,14,25,0
6225,57,14,25,0
6226,57,14,25,0
6227,57,14,25,0
6228,57,14,25,0
6229,57,14,25,0
6230,57,14,25,0
6231,57,14,25,0
6232,57,14,25,0
6233,57,14,25,0
6234,57,14,25,0
6235,57,14,25,0
6236,57,14,25,0
6237,57,14,25,0
6238,57,14,25,0
6239,57,14,25,0
6240,57,14,25,0
6241,57,14,25,0
6242,57,14,25,0
6243,57,14,25,0
6244,57,14,25,0
6245,57,14,25,0
6246,57,14,25,0
6247,57,14,25,0
6248,57,14,25,0
6249,57,14,25,0
6250,57,14,25,0
6251,57,14,25,0
6252,57,14,25,0
6253,57,14,25,0
6254,57,14,25,0
6255,57,14,25,0
6256,57,14,25,0
6257,57,14,25,0
6258,57,14,25,0
6259,57,14,25,0
6260,57,14,25,0
6261,57,14,25,0
6262,57,14,25,0
6263,57,14,25,0
6264,57,14,25,0
6265,57,14,25,0
6266,57,14,25,0
6267,57,14,25,0
6268,57,14,25,0
6269,57,14,25,0
6270,57,14,25,0
6271,57,14,25,0
6272,57,14,25,0
6273,57,14,25,0
6274,57,14,25,0
6275,57,14,25,0
6276,57,14,25,0
6277,57,14,25,0
6278,57,14,25,0
6279,57,14,25,0
6280,57,14,25,0
6281,57,14,25,0
6282,57,14,25,0
6283,57,14,25,0
6284,57,14,25,0
6285,57,14,25,0
6286,57,14,25,0
6287,57,14,25,0
6288,57,14,25,0
6289,57,14,25,0
6290,57,14,25,0
6291,57,14,25,0
6292,57,14,25,0
6293,57,14,25,0
6294,57,14,25,0
6295,57,14,25,0
6296,57,14,25,0
6297,57,14,25,0
6298,57,14,25,0
6299,57,14,25,0
6300,57,14,25,0
6301,57,14,25,0
6302,57,14,25,0
6303,57,14,25,0
6304,57,14,25,0
6305,57,14,25,0
6306,57,14,25,0
6307,57,14,25,0
6308,57,14,25,0
6309,57,14,25,0
6310,57,14,25,0
6311,57,14,25,0
6312,57,14,25,0
6313,57,14,25,0
6314,57,14,25,0
6315,57,14,25,0
6316,57,14,25,0
6317,57,14,25,0
6318,57,14,25,0
6319,57,14,25,0
6320,57,14,25,0
6321,57,14,25,0
6322,57,14,25,0
6323,57,14,25,0
6324,57,14,25,0
6325,57,14,25,0
6326,57,14,25,0
6327,57,14,25,0
6328,57,14,25,0
6329,57,14,25,0
6330,57,14,25,0
6331,57,14,25,0
6332,57,14,25,0
6333,57,14,25,0
6334,57,14,25,0
6335,57,14,25,0
6336,57,14,25,0
6337,57,14,25,0
6338,57,14,25,0
6339,57,14,25,0
6340,57,14,25,0
6341,57,14,25,0
6342,57,14,25,0
6343,57,14,25,0
6344,57,14,25,0
6345,57,14,25,0
6346,57,14,25,0
6347,57,14,25,0
6348,57,14,25,0
6349,57,14,25,0
6350,57,14,25,0
6351,57,14,25,0
6352,57,14,25,0
6353,57,14,25,0
6354,57,14,25,0
6355,57,14,25,0
6356,57,14,25,0
6357,57,14,25,0
6358,57,14,25,0
6359,57,14,25,0
6360,57,14,25,0
6361,57,14,25,0
6362,57,14,25,0
6363,57,14,25,0
6364,57,14,25,0
6365,57,14,25,0
6366,57,14,25,0
6367,57,14,25,0
6368,57,14,25,0
6369,57,14,25,0
6370,57,14,25,0
6371,57,14,25,0
6372,57,14,25,0
6373,57,14,25,0
6374,57,14,25,0
6375,57,14,25,0
6376,57,14,25,0
6377,57,14,25,0
6378,57,14,25,0
6379,57,14,25,0
6380,57,14,25,0
6381,57,14,25,0
6382,57,14,25,0
6383,57,14,25,0
6384,57,14,25,0
6385,57,14,25,0
6386,57,14,25,0
6387,57,14,25,0
6388,57,14,25,0
6389,57,14,25,0
6390,57,14,25,0
6391,57,14,25,0
6392,57,14,25,0
6393,57,14,25,0
6394,57,14,25,0
6395,57,14,25,0
6396,57,14,25,0
6397,57,14,25,0
6398,57,14,25,0
6399,57,14,25,0
6400,57,14,25,0
6401,57,14,25,0
6402,57,14,25,0
6403,57,14,25,0
6404,57,14,25,0
6405,57,14,25,0
6406,57,14,25,0
6407,57,14,25,0
6408,57,14,25,0
6409,57,14,25,0
6410,57,14,25,0
6411,57,14,25,0
6412,57,14,25,0
6413,57,14,25,0
6414,57,14,25,0
6415,57,14,25,0
6416,57,14,25,0
6417,57,14,25,0
6418,57,14,25,0
6419,57,14,25,0
6420,57,14,25,0
6421,57,14,25,0
6422,57,14,25,0
6423,57,14,25,0
6424,57,14,25,0
6425,57,14,25,0
6426,57,14,25,0
6427,57,14,25,0
6428,57,14,25,0
6429,57,14,25,0
6430,57,14,25,0
6431,57,14,25,0
6432,57,14,25,0
6433,57,14,25,0
6434,57,14,25,0
6435,57,14,25,0
6436,57,14,25,0
6437,57,14,25,0
6438,57,14,25,0
6439,57,14,25,0
6440,57,14,25,0
6441,57,14,25,0
6442,57,14,25,0
6443,57,14,25,0
6444,57,14,25,0
6445,57,14,25,0
6446,57,14,25,0
6447,57,14,25,0
6448,57,14,25,0
6449,57,14,25,0
6450,57,14,25,0
6451,57,14,25,0
6452,57,14,25,0
6453,57,14,25,0
6454,57,14,25,0
6455,57,14,25,0
6456,57,14,25,0
6457,57,14,25,0
6458,57,14,25,0
6459,57,14,25,0
6460,57,14,25,0
6461,57,14,25,0
6462,57,14,25,0
6463,57,14,25,0
6464,57,14,25,0
6465,57,14,25,0
6466,57,14,25,0
6467,57,14,25,0
6468,57,14,25,0
6469,57,14,25,0
6470,57,14,25,0
6471,57,14,25,0
6472,57,14,25,0
6473,57,14,25,0
6474,57,14,25,0
6475,57,14,25,0
6476,57,14,25,0
6477,57,14,25,0
6478,57,14,25,0
6479,57,14,25,0
6480,57,14,25,0
6481,57,14,25,0
6482,57,14,25,0
6483,57,14,25,0
6484,57,14,25,0
6485,57,14,25,0
6486,57,14,25,0
6487,57,14,25,0
6488,57,14,25,0
6489,57,14,25,0
6490,57,14,25,0
6491,57,14,25,0
6492,57,14,25,0
6493,57,14,25,0
6494,57,14,25,0
6495,57,14,25,0
6496,57,14,25,0
6497,57,14,25,0
6498,57,14,25,0
6499,57,14,25,0
6500,57,14,25,0
6501,57,14,25,0
6502,57,14,25,0
6503,57,14,25,0
6504,57,14,25,0
6505,57,14,25,0
6506,57,14,25,0
6507,57,14,25,0
6508,57,14,25,0
6509,57,14,25,0
6510,57,14,25,0
6511,57,14,25,0
6512,57,14,25,0
6513,57,14,25,0
6514,57,14,25,0
6515,57,14,25,0
6516,57,14,25,0
6517,57,14,25,0
6518,57,14,25,0
6519,57,14,25,0
6520,57,14,25,0
6521,57,14,25,0
6522,57,14,25,0
6523,57,14,25,0
6524,57,14,25,0
6525,57,14,25,0
6526,57,14,25,0
6527,57,14,25,0
6528,57,14,25,0
6529,57,14,25,0
6530,57,14,25,0
6531,57,14,25,0
6532,57,14,25,0
6533,57,14,25,0
6534,57,14,25,0
6535,57,14,25,0
6536,57,14,25,0
6537,57,14,25,0
6538,57,14,25,0
6539,57,14,25,0
6540,57,14,25,0
6541,57,14,25,0
6542,57,14,25,0
6543,57,14,25,0
6544,57,14,25,0
6545,57,14,25,0
6546,57,14,25,0
6547,57,14,25,0
6548,57,14,25,0
6549,57,14,25,0
6550,57,14,25,0
6551,57,14,25,0
6552,57,14,25,0
6553,57,14,25,0
6554,57,14,25,0
6555,57,14,25,0
6556,57,14,25,0
6557,57,14,25,0
6558,57,14,25,0
6559,57,14,25,0
6560,57,14,25,0
6561,57,14,25,0
6562,57,14,25,0
6563,57,14,25,0
6564,57,14,25,0
6565,57,14,25,0
6566,57,14,25,0
6567,57,14,25,0
6568,57,14,25,0
6569,57,14,25,0
6570,57,14,25,0
6571,57,14,25,0
6572,57,14,25,0
6573,57,14,25,0
6574,57,14,25,0
6575,57,14,25,0
6576,57,14,25,0
6577,57,14,25,0
6578,57,14,25,0
6579,57,14,25,0
6580,57,14,25,0
6581,57,14,25,0
6582,57,14,25,0
6583,57,14,25,0
6584,57,14,25,0
6585,57,14,25,0
6586,57,14,25,0
6587,57,14,25,0
6588,57,14,25,0
6589,57,14,25,0
6590,57,14,25,0
6591,57,14,25,0
6592,57,14,25,0
6593,57,14,25,0
6594,57,14,25,0
6595,57,14,25,0
6596,57,14,25,0
6597,57,14,25,0
6598,57,14,25,0
6599,57,14,25,0
6600,57,14,25,0
6601,57,14,25,0
6602,57,14,25,0
6603,57,14,25,0
6604,57,14,25,0
6605,57,14,25,0
6606,57,14,25,0
6607,57,14,25,0
6608,57,14,25,0
6609,57,14,25,0
6610,57,14,25,0
6611,57,14,25,0
6612,57,14,25,0
6613,57,14,25,0
6614,57,14,25,0
6615,57,14,25,0
6616,57,14,25,0
6617,57,14,25,0
6618,57,14,25,0
6619,57,14,25,0
6620,57,14,25,0
6621,57,14,25,0
6622,57,14,25,0
6623,57,14,25,0
6624,57,14,25,0
6625,57,14,25,0
6626,57,14,25,0
6627,57,14,25,0
6628,57,14,25,0
6629,57,14,25,0
6630,57,14,25,0
6631,57,14,25,0
6632,57,14,25,0
6633,57,14,25,0
6634,57,14,25,0
6635,57,14,25,0
6636,57,14,25,0
6637,57,14,25,0
6638,57,14,25,0
6639,57,14,25,0
6640,57,14,25,0
6641,57,14,25,0
6642,57,14,25,0
6643,57,14,25,0
6644,57,14,25,0
6645,57,14,25,0
6646,57,14,25,0
6647,57,14,25,0
6648,57,14,25,0
6649,57,14,25,0
6650,57,14,25,0
6651,57,14,25,0
6652,57,14,25,0
6653,57,14,25,0
6654,57,14,25,0
6655,57,14,25,0
6656,57,14,25,0
6657,57,14,25,0
6658,57,14,25,0
6659,57,14,25,0
6660,57,14,25,0
6661,57,14,25,0
6662,57,14,25,0
6663,57,14,25,0
6664,57,14,25,0
6665,57,14,25,0
6666,57,14,25,0
6667,57,14,25,0
6668,57,14,25,0
6669,57,14,25,0
6670,57,14,25,0
6671,57,14,25,0
6672,57,14,25,0
6673,57,14,25,0
6674,57,14,25,0
6675,57,14,25,0
6676,57,14,25,0
6677,57,14,25,0
6678,57,14,25,0
6679,57,14,25,0
6680,57,14,25,0
6681,57,14,25,0
6682,57,14,25,0
6683,57,14,25,0
6684,57,14,25,0
6685,57,14,25,0
6686,57,14,25,0
6687,57,14,25,0
6688,57,14,25,0
6689,57,14,25,0
6690,57,14,25,0
6691,57,14,25,0
6692,57,14,25,0
6693,57,14,25,0
6694,57,14,25,0
6695,57,14,25,0
6696,57,14,25,0
6697,57,14,25,0
6698,57,14,25,0
6699,57,14,25,0
6700,57,14,25,0
6701,57,14,25,0
6702,57,14,25,0
6703,57,14,25,0
6704,57,14,25,0
6705,57,14,25,0
6706,57,14,25,0
6707,57,14,25,0
6708,57,14,25,0
6709,57,14,25,0
6710,57,14,25,0
6711,57,14,25,0
6712,57,14,25,0
6713,57,14,25,0
6714,57,14,25,0
6715,57,14,25,0
6716,57,14,25,0
6717,57,14,25,0
6718,57,14,25,0
6719,57,14,25,0
6720,57,14,25,0
6721,57,14,25,0
6722,57,14,25,0
6723,57,14,25,0
6724,57,14,25,0
6725,57,14,25,0
6726,57,14,25,0
6727,57,14,25,0
6728,57,14,25,0
6729,57,14,25,0
6730,57,14,25,0
6731,57,14,25,0
6732,57,14,25,0
6733,57,14,25,0
6734,57,14,25,0
6735,57,14,25,0
6736,57,14,25,0
6737,57,14,25,0
6738,57,14,25,0
6739,57,14,25,0
6740,57,14,25,0
6741,57,14,25,0
6742,57,14,25,0
6743,57,14,25,0
6744,57,14,25,0
6745,57,14,25,0
6746,57,14,25,0
6747,57,14,25,0
6748,57,14,25,0
6749,57,14,25,0
6750,57,14,25,0
6751,57,14,25,0
6752,57,14,25,0
6753,57,14,25,0
6754,57,14,25,0
6755,57,14,25,0
6756,57,14,25,0
6757,57,14,25,0
6758,57,14,25,0
6759,57,14,25,0
6760,57,14,25,0
6761,57,14,25,0
6762,57,14,25,0
6763,57,14,25,0
6764,57,14,25,0
6765,57,14,25,0
6766,57,14,25,0
6767,57,14,25,0
6768,57,14,25,0
6769,57,14,25,0
6770,57,14,25,0
6771,57,14,25,0
6772,57,14,25,0
6773,57,14,25,0
6774,57,14,25,0
6775,57,14,25,0
6776,57,14,25,0
6777,57,14,25,0
6778,57,14,25,0
6779,57,14,25,0
6780,57,14,25,0
6781,57,14,25,0
6782,57,14,25,0
6783,57,14,25,0
6784,57,14,25,0
6785,57,14,25,0
6786,57,14,25,0
6787,57,14,25,0
6788,57,14,25,0
6789,57,14,25,0
6790,57,14,25,0
6791,57,14,25,0
6792,57,14,25,0
6793,57,14,25,0
6794,57,14,25,0
6795,57,14,25,0
6796,57,14,25,0
6797,57,14,25,0
6798,57,14,25,0
6799,57,14,25,0
6800,57,14,25,0
6801,57,14,25,0
6802,57,14,25,0
6803,57,14,25,0
6804,57,14,25,0
6805,57,14,25,0
6806,57,14,25,0
6807,57,14,25,0
6808,57,14,25,0
6809,57,14,25,0
6810,57,14,25,0
6811,57,14,25,0
6812,57,14,25,0
6813,57,14,25,0
6814,57,14,25,0
6815,57,14,25,0
6816,57,14,25,0
6817,57,14,25,0
6818,57,14,25,0
6819,57,14,25,0
6820,57,14,25,0
6821,57,14,25,0
6822,57,14,25,0
6823,57,14,25,0
6824,57,14,25,0
6825,57,14,25,0
6826,57,14,25,0
6827,57,14,25,0
6828,57,14,25,0
6829,57,14,25,0
6830,57,14,25,0
6831,57,14,25,0
6832,57,14,25,0
6833,57,14,25,0
6834,57,14,25,0
6835,57,14,25,0
6836,57,14,25,0
6837,57,14,25,0
6838,57,14,25,0
6839,57,14,25,0
6840,57,14,25,0
6841,57,14,25,0
6842,57,14,25,0
6843,57,14,25,0
6844,57,14,25,0
6845,57,14,25,0
6846,57,14,25,0
6847,57,14,25,0
6848,57,14,25,0
6849,57,14,25,0
6850,57,14,25,0
6851,57,14,25,0
6852,57,14,25,0
6853,57,14,25,0
6854,57,14,25,0
6855,57,14,25,0
6856,57,14,25,0
6857,57,14,25,0
6858,57,14,25,0
6859,57,14,25,0
6860,57,14,25,0
6861,57,14,25,0
6862,57,14,25,0
6863,57,14,25,0
6864,57,14,25,0
6865,57,14,25,0
6866,57,14,25,0
6867,57,14,25,0
6868,57,14,25,0
6869,57,14,25,0
6870,57,14,25,0
6871,57,14,25,0
6872,57,14,25,0
6873,57,14,25,0
6874,57,14,25,0
6875,57,14,25,0
6876,57,14,25,0
6877,57,14,25,0
6878,57,14,25,0
6879,57,14,25,0
6880,57,14,25,0
6881,57,14,25,0
6882,57,14,25,0
6883,57,14,25,0
6884,57,14,25,0
6885,57,14,25,0
6886,57,14,25,0
6887,57,14,25,0
6888,57,14,25,0
6889,57,14,25,0
6890,57,14,25,0
6891,57,14,25,0
6892,57,14,25,0
6893,57,14,25,0
6894,57,14,25,0
6895,57,14,25,0
6896,57,14,25,0
6897,57,14,25,0
6898,57,14,25,0
6899,57,14,25,0
6900,57,14,25,0
6901,57,14,25,0
6902,57,14,25,0
6903,57,14,25,0
6904,57,14,25,0
6905,57,14,25,0
6906,57,14,25,0
6907,57,14,25,0
6908,57,14,25,0
6909,57,14,25,0
6910,57,14,25,0
6911,57,14,25,0
6912,57,14,25,0
6913,57,14,25,0
6914,57,14,25,0
6915,57,14,25,0
6916,57,14,25,0
6917,57,14,25,0
6918,57,14,25,0
6919,57,14,25,0
6920,57,14,25,0
6921,57,14,25,0
6922,57,14,25,0
6923,57,14,25,0
6924,57,14,25,0
6925,57,14,25,0
6926,57,14,25,0
6927,57,14,25,0
6928,57,14,25,0
6929,57,14,25,0
6930,57,14,25,0
6931,57,14,25,0
6932,57,14,25,0
6933,57,14,25,0
6934,57,14,25,0
6935,57,14,25,0
6936,57,14,25,0
6937,57,14,25,0
6938,57,14,25,0
6939,57,14,25,0
6940,57,14,25,0
6941,57,14,25,0
6942,57,14,25,0
6943,57,14,25,0
6944,57,14,25,0
6945,57,14,25,0
6946,57,14,25,0
6947,57,14,25,0
6948,57,14,25,0
6949,57,14,25,0
6950,57,14,25,0
6951,57,14,25,0
6952,57,14,25,0
6953,57,14,25,0
6954,57,14,25,0
6955,57,14,25,0
6956,57,14,25,0
6957,57,14,25,0
6958,57,14,25,0
6959,57,14,25,0
6960,57,14,25,0
6961,57,14,25,0
6962,57,14,25,0
6963,57,14,25,0
6964,57,14,25,0
6965,57,14,25,0
6966,57,14,25,0
6967,57,14,25,0
6968,57,14,25,0
6969,57,14,25,0
6970,57,14,25,0
6971,57,14,25,0
6972,57,14,25,0
6973,57,14,25,0
6974,57,14,25,0
6975,57,14,25,0
6976,57,14,25,0
6977,57,14,25,0
6978,57,14,25,0
6979,57,14,25,0
6980,57,14,25,0
6981,57,14,25,0
6982,57,14,25,0
6983,57,14,25,0
6984,57,14,25,0
6985,57,14,25,0
6986,57,14,25,0
6987,57,14,25,0
6988,57,14,25,0
6989,57,14,25,0
6990,57,14,25,0
6991,57,14,25,0
6992,57,14,25,0
6993,57,14,25,0
6994,57,14,25,0
6995,57,14,25,0
6996,57,14,25,0
6997,57,14,25,0
6998,57,14,25,0
6999,57,14,25,0
7000,57,14,25,0
7001,57,14,25,0
7002,57,14,25,0
7003,57,14,25,0
7004,57,14,25,0
7005,57,14,25,0
7006,57,14,25,0
7007,57,14,25,0
7008,57,14,25,0
7009,57,14,25,0
7010,57,14,25,0
7011,57,14,25,0
7012,57,14,25,0
7013,57,14,25,0
7014,57,14,25,0
7015,57,14,25,0
7016,57,14,25,0
7017,57,14,25,0
7018,57,14,25,0
7019,57,14,25,0
7020,57,14,25,0
7021,57,14,25,0
7022,57,14,25,0
7023,57,14,25,0
7024,57,14,25,0
7025,57,14,25,0
7026,57,14,25,0
7027,57,14,25,0
7028,57,14,25,0
7029,57,14,25,0
7030,57,14,25,0
7031,57,14,25,0
7032,57,14,25,0
7033,57,14,25,0
7034,57,14,25,0
7035,57,14,25,0
7036,57,14,25,0
7037,57,14,25,0
7038,57,14,25,0
7039,57,14,25,0
7040,57,14,25,0
7041,57,14,25,0
7042,57,14,25,0
7043,57,14,25,0
7044,57,14,25,0
7045,57,14,25,0
7046,57,14,25,0
7047,57,14,25,0
7048,57,14,25,0
7049,57,14,25,0
7050,57,14,25,0
7051,57,14,25,0
7052,57,14,25,0
7053,57,14,25,0
7054,57,14,25,0
7055,57,14,25,0
7056,57,14,25,0
7057,57,14,25,0
7058,57,14,25,0
7059,57,14,25,0
7060,57,14,25,0
7061,57,14,25,0
7062,57,14,25,0
7063,57,14,25,0
7064,57,14,25,0
7065,57,14,25,0
7066,57,14,25,0
7067,57,14,25,0
7068,57,14,25,0
7069,57,14,25,0
7070,57,14,25,0
7071,57,14,25,0
7072,57,14,25,0
7073,57,14,25,0
7074,57,14,25,0
7075,57,14,25,0
7076,57,14,25,0
7077,57,14,25,0
7078,57,14,25,0
7079,57,14,25,0
7080,57,14,25,0
7081,57,14,25,0
7082,57,14,25,0
7083,57,14,25,0
7084,57,14,25,0
7085,57,14,25,0
7086,57,14,25,0
7087,57,14,25,0
7088,57,14,25,0
7089,57,14,25,0
7090,57,14,25,0
7091,57,14,25,0
7092,57,14,25,0
7093,57,14,25,0
7094,57,14,25,0
7095,57,14,25,0
7096,57,14,25,0
7097,57,14,25,0
7098,57,14,25,0
7099,57,14,25,0
7100,57,14,25,0
7101,57,14,25,0
7102,57,14,25,0
7103,57,14,25,0
7104,57,14,25,0
7105,57,14,25,0
7106,57,14,25,0
7107,57,14,25,0
7108,57,14,25,0
7109,57,14,25,0
7110,57,14,25,0
7111,57,14,25,0
7112,57,14,25,0
7113,57,14,25,0
7114,57,14,25,0
7115,57,14,25,0
7116,57,14,25,0
7117,57,14,25,0
7118,57,14,25,0
7119,57,14,25,0
7120,57,14,25,0
7121,57,14,25,0
7122,57,14,25,0
7123,57,14,25,0
7124,57,14,25,0
7125,57,14,25,0
7126,57,14,25,0
7127,57,14,25,0
7128,57,14,25,0
7129,57,14,25,0
7130,57,14,25,0
7131,57,14,25,0
7132,57,14,25,0
7133,57,14,25,0
7134,57,14,25,0
7135,57,14,25,0
7136,57,14,25,0
7137,57,14,25,0
7138,57,14,25,0
7139,57,14,25,0
7140,57,14,25,0
7141,57,14,25,0
7142,57,14,25,0
7143,57,14,25,0
7144,57,14,25,0
7145,57,14,25,0
7146,57,14,25,0
7147,57,14,25,0
7148,57,14,25,0
7149,57,14,25,0
7150,57,14,25,0
7151,57,14,25,0
7152,57,14,25,0
7153,57,14,25,0
7154,57,14,25,0
7155,57,14,25,0
7156,57,14,25,0
7157,57,14,25,0
7158,57,14,25,0
7159,57,14,25,0
7160,57,14,25,0
7161,57,14,25,0
7162,57,14,25,0
7163,57,14,25,0
7164,57,14,25,0
7165,57,14,25,0
7166,57,14,25,0
7167,57,14,25,0
7168,57,14,25,0
7169,57,14,25,0
7170,57,14,25,0
7171,57,14,25,0
7172,57,14,25,0
7173,57,14,25,0
7174,57,14,25,0
7175,57,14,25,0
7176,57,14,25,0
7177,57,14,25,0
7178,57,14,25,0
7179,57,14,25,0
7180,57,14,25,0
7181,57,14,25,0
7182,57,14,25,0
7183,57,14,25,0
7184,57,14,25,0
7185,57,14,25,0
7186,57,14,25,0
7187,57,14,25,0
7188,57,14,25,0
7189,57,14,25,0
7190,57,14,25,0
7191,57,14,25,0
7192,57,14,25,0
7193,57,14,25,0
7194,57,14,25,0
7195,57,14,25,0
7196,57,14,25,0
7197,57,14,25,0
7198,57,14,25,0
7199,57,14,25,0
7200,57,14,25,0
7201,57,14,25,0
7202,57,14,25,0
7203,57,14,25,0
7204,57,14,25,0
7205,57,14,25,0
7206,57,14,25,0
7207,57,14,25,0
7208,57,14,25,0
7209,57,14,25,0
7210,57,14,25,0
7211,57,14,25,0
7212,57,14,25,0
7213,57,14,25,0
7214,57,14,25,0
7215,57,14,25,0
7216,57,14,25,0
7217,57,14,25,0
7218,57,14,25,0
7219,57,14,25,0
7220,57,14,25,0
7221,57,14,25,0
7222,57,14,25,0
7223,57,14,25,0
7224,57,14,25,0
7225,57,14,25,0
7226,57,14,25,0
7227,57,14,25,0
7228,57,14,25,0
7229,57,14,25,0
7230,57,14,25,0
7231,57,14,25,0
7232,57,14,25,0
7233,57,14,25,0
7234,57,14,25,0
7235,57,14,25,0
7236,57,14,25,0
7237,57,14,25,0
7238,57,14,25,0
7239,57,14,25,0
7240,57,14,25,0
7241,57,14,25,0
7242,57,14,25,0
7243,57,14,25,0
7244,57,14,25,0
7245,57,14,25,0
7246,57,14,25,0
7247,57,14,25,0
7248,57,14,25,0
7249,57,14,25,0
7250,57,14,25,0
7251,57,14,25,0
7252,57,14,25,0
7253,57,14,25,0
7254,57,14,25,0
7255,57,14,25,0
7256,57,14,25,0
7257,57,14,25,0
7258,57,14,25,0
7259,57,14,25,0
7260,57,14,25,0
7261,57,14,25,0
7262,57,14,25,0
7263,57,14,25,0
7264,57,14,25,0
7265,57,14,25,0
7266,57,14,25,0
7267,57,14,25,0
7268,57,14,25,0
7269,57,14,25,0
7270,57,14,25,0
7271,57,14,25,0
7272,57,14,25,0
7273,57,14,25,0
7274,57,14,25,0
7275,57,14,25,0
7276,57,14,25,0
7277,57,14,25,0
7278,57,14,25,0
7279,57,14,25,0
7280,57,14,25,0
7281,57,14,25,0
7282,57,14,25,0
7283,57,14,25,0
7284,57,14,25,0
7285,57,14,25,0
7286,57,14,25,0
7287,57,14,25,0
7288,57,14,25,0
7289,57,14,25,0
7290,57,14,25,0
7291,57,14,25,0
7292,57,14,25,0
7293,57,14,25,0
7294,57,14,25,0
7295,57,14,25,0
7296,57,14,25,0
7297,57,14,25,0
7298,57,14,25,0
7299,57,14,25,0
7300,57,14,25,0
7301,57,14,25,0
7302,57,14,25,0
7303,57,14,25,0
7304,57,14,25,0
7305,57,14,25,0
7306,57,14,25,0
7307,57,14,25,0
7308,57,14,25,0
7309,57,14,25,0
7310,57,14,25,0
7311,57,14,25,0
7312,57,14,25,0
7313,57,14,25,0
7314,57,14,25,0
7315,57,14,25,0
7316,57,14,25,0
7317,57,14,25,0
7318,57,14,25,0
7319,57,14,25,0
7320,57,14,25,0
7321,57,14,25,0
7322,57,14,25,0
7323,57,14,25,0
7324,57,14,25,0
7325,57,14,25,0
7326,57,14,25,0
7327,57,14,25,0
7328,57,14,25,0
7329,57,14,25,0
7330,57,14,25,0
7331,57,14,25,0
7332,57,14,25,0
7333,57,14,25,0
7334,57,14,25,0
7335,57,14,25,0
7336,57,14,25,0
7337,57,14,25,0
7338,57,14,25,0
7339,57,14,25,0
7340,57,14,25,0
7341,57,14,25,0
7342,57,14,25,0
7343,57,14,25,0
7344,57,14,25,0
7345,57,14,25,0
7346,57,14,25,0
7347,57,14,25,0
7348,57,14,25,0
7349,57,14,25,0
7350,57,14,25,0
7351,57,14,25,0
7352,57,14,25,0
7353,57,14,25,0
7354,57,14,25,0
7355,57,14,25,0
7356,57,14,25,0
7357,57,14,25,0
7358,57,14,25,0
7359,57,14,25,0
7360,57,14,25,0
7361,57,14,25,0
7362,57,14,25,0
7363,57,14,25,0
7364,57,14,25,0
7365,57,14,25,0
7366,57,14,25,0
7367,57,14,25,0
7368,57,14,25,0
7369,57,14,25,0
7370,57,14,25,0
7371,57,14,25,0
7372,57,14,25,0
7373,57,14,25,0
7374,57,14,25,0
7375,57,14,25,0
7376,57,14,25,0
7377,57,14,25,0
7378,57,14,25,0
7379,57,14,25,0
7380,57,14,25,0
7381,57,14,25,0
7382,57,14,25,0
7383,57,14,25,0
7384,57,14,25,0
7385,57,14,25,0
7386,57,14,25,0
7387,57,14,25,0
7388,57,14,25,0
7389,57,14,25,0
7390,57,14,25,0
7391,57,14,25,0
7392,57,14,25,0
7393,57,14,25,0
7394,57,14,25,0
7395,57,14,25,0
7396,57,14,25,0
7397,57,14,25,0
7398,57,14,25,0
7399,57,14,25,0
7400,57,14,25,0
7401,57,14,25,0
7402,57,14,25,0
7403,57,14,25,0
7404,57,14,25,0
7405,57,14,25,0
7406,57,14,25,0
7407,57,14,25,0
7408,57,14,25,0
7409,57,14,25,0
7410,57,14,25,0
7411,57,14,25,0
7412,57,14,25,0
7413,57,14,25,0
7414,57,14,25,0
7415,57,14,25,0
7416,57,14,25,0
7417,57,14,25,0
7418,57,14,25,0
7419,57,14,25,0
7420,57,14,25,0
7421,57,14,25,0
7422,57,14,25,0
7423,57,14,25,0
7424,57,14,25,0
7425,57,14,25,0
7426,57,14,25,0
7427,57,14,25,0
7428,57,14,25,0
7429,57,14,25,0
7430,57,14,25,0
7431,57,14,25,0
7432,57,14,25,0
7433,57,14,25,0
7434,57,14,25,0
7435,57,14,25,0
7436,57,14,25,0
7437,57,14,25,0
7438,57,14,25,0
7439,57,14,25,0
7440,57,14,25,0
7441,57,14,25,0
7442,57,14,25,0
7443,57,14,25,0
7444,57,14,25,0
7445,57,14,25,0
7446,57,14,25,0
7447,57,14,25,0
7448,57,14,25,0
7449,57,14,25,0
7450,57,14,25,0
7451,57,14,25,0
7452,57,14,25,0
7453,57,14,25,0
7454,57,14,25,0
7455,57,14,25,0
7456,57,14,25,0
7457,57,14,25,0
7458,57,14,25,0
7459,57,14,25,0
7460,57,14,25,0
7461,57,14,25,0
7462,57,14,25,0
7463,57,14,25,0
7464,57,14,25,0
7465,57,14,25,0
7466,57,14,25,0
7467,57,14,25,0
7468,57,14,25,0
7469,57,14,25,0
7470,57,14,25,0
7471,57,14,25,0
7472,57,14,25,0
7473,57,14,25,0
7474,57,14,25,0
7475,57,14,25,0
7476,57,14,25,0
7477,57,14,25,0
7478,57,14,25,0
7479,57,14,25,0
7480,57,14,25,0
7481,57,14,25,0
7482,57,14,25,0
7483,57,14,25,0
7484,57,14,25,0
7485,57,14,25,0
7486,57,14,25,0
7487,57,14,25,0
7488,57,14,25,0
7489,57,14,25,0
7490,57,14,25,0
7491,57,14,25,0
7492,57,14,25,0
7493,57,14,25,0
7494,57,14,25,0
7495,57,14,25,0
7496,57,14,25,0
7497,57,14,25,0
7498,57,14,25,0
7499,57,14,25,0
7500,57,14,25,0
7501,57,14,25,0
7502,57,14,25,0
7503,57,14,25,0
7504,57,14,25,0
7505,57,14,25,0
7506,57,14,25,0
7507,57,14,25,0
7508,57,14,25,0
7509,57,14,25,0
7510,57,14,25,0
7511,57,14,25,0
7512,57,14,25,0
7513,57,14,25,0
7514,57,14,25,0
7515,57,14,25,0
7516,57,14,25,0
7517,57,14,25,0
7518,57,14,25,0
7519,57,14,25,0
7520,57,14,25,0
7521,57,14,25,0
7522,57,14,25,0
7523,57,14,25,0
7524,57,14,25,0
7525,57,14,25,0
7526,57,14,25,0
7527,57,14,25,0
7528,57,14,25,0
7529,57,14,25,0
7530,57,14,25,0
7531,57,14,25,0
7532,57,14,25,0
7533,57,14,25,0
7534,57,14,25,0
7535,57,14,25,0
7536,57,14,25,0
7537,57,14,25,0
7538,57,14,25,0
7539,57,14,25,0
7540,57,14,25,0
7541,57,14,25,0
7542,57,14,25,0
7543,57,14,25,0
7544,57,14,25,0
7545,57,14,25,0
7546,57,14,25,0
7547,57,14,25,0
7548,57,14,25,0
7549,57,14,25,0
7550,57,14,25,0
7551,57,14,25,0
7552,57,14,25,0
7553,57,14,25,0
7554,57,14,25,0
7555,57,14,25,0
7556,57,14,25,0
7557,57,14,25,0
7558,57,14,25,0
7559,57,14,25,0
7560,57,14,25,0
7561,57,14,25,0
7562,57,14,25,0
7563,57,14,25,0
7564,57,14,25,0
7565,57,14,25,0
7566,57,14,25,0
7567,57,14,25,0
7568,57,14,25,0
7569,57,14,25,0
7570,57,14,25,0
7571,57,14,25,0
7572,57,14,25,0
7573,57,14,25,0
7574,57,14,25,0
7575,57,14,25,0
7576,57,14,25,0
7577,57,14,25,0
7578,57,14,25,0
7579,57,14,25,0
7580,57,14,25,0
7581,57,14,25,0
7582,57,14,25,0
7583,57,14,25,0
7584,57,14,25,0
7585,57,14,25,0
7586,57,14,25,0
7587,57,14,25,0
7588,57,14,25,0
7589,57,14,25,0
7590,57,14,25,0
7591,57,14,25,0
7592,57,14,25,0
7593,57,14,25,0
7594,57,14,25,0
7595,57,14,25,0
7596,57,14,25,0
7597,57,14,25,0
7598,57,14,25,0
7599,57,14,25,0
7600,57,14,25,0
7601,57,14,25,0
7602,57,14,25,0
7603,57,14,25,0
7604,57,14,25,0
7605,57,14,25,0
7606,57,14,25,0
7607,57,14,25,0
7608,57,14,25,0
7609,57,14,25,0
7610,57,14,25,0
7611,57,14,25,0
7612,57,14,25,0
7613,57,14,25,0
7614,57,14,25,0
7615,57,14,25,0
7616,57,14,25,0
7617,57,14,25,0
7618,57,14,25,0
7619,57,14,25,0
7620,57,14,25,0
7621,57,14,25,0
7622,57,14,25,0
7623,57,14,25,0
7624,57,14,25,0
7625,57,14,25,0
7626,57,14,25,0
7627,57,14,25,0
7628,57,14,25,0
7629,57,14,25,0
7630,57,14,25,0
7631,57,14,25,0
7632,57,14,25,0
7633,57,14,25,0
7634,57,14,25,0
7635,57,14,25,0
7636,57,14,25,0
7637,57,14,25,0
7638,57,14,25,0
7639,57,14,25,0
7640,57,14,25,0
7641,57,14,25,0
7642,57,14,25,0
7643,57,14,25,0
7644,57,14,25,0
7645,57,14,25,0
7646,57,14,25,0
7647,57,14,25,0
7648,57,14,25,0
7649,57,14,25,0
7650,57,14,25,0
7651,57,14,25,0
7652,57,14,25,0
7653,57,14,25,0
7654,57,14,25,0
7655,57,14,25,0
7656,57,14,25,0
7657,57,14,25,0
7658,57,14,25,0
7659,57,14,25,0
7660,57,14,25,0
7661,57,14,25,0
7662,57,14,25,0
7663,57,14,25,0
7664,57,14,25,0
7665,57,14,25,0
7666,57,14,25,0
7667,57,14,25,0
7668,57,14,25,0
7669,57,14,25,0
7670,57,14,25,0
7671,57,14,25,0
7672,57,14,25,0
7673,57,14,25,0
7674,57,14,25,0
7675,57,14,25,0
7676,57,14,25,0
7677,57,14,25,0
7678,57,14,25,0
7679,57,14,25,0
7680,57,14,25,0
7681,57,14,25,0
7682,57,14,25,0
7683,57,14,25,0
7684,57,14,25,0
7685,57,14,25,0
7686,57,14,25,0
7687,57,14,25,0
7688,57,14,25,0
7689,57,14,25,0
7690,57,14,25,0
7691,57,14,25,0
7692,57,14,25,0
7693,57,14,25,0
7694,57,14,25,0
7695,57,14,25,0
7696,57,14,25,0
7697,57,14,25,0
7698,57,14,25,0
7699,57,14,25,0
7700,57,14,25,0
7701,57,14,25,0
7702,57,14,25,0
7703,57,14,25,0
7704,57,14,25,0
7705,57,14,25,0
7706,57,14,25,0
7707,57,14,25,0
7708,57,14,25,0
7709,57,14,25,0
7710,57,14,25,0
7711,57,14,25,0
7712,57,14,25,0
7713,57,14,25,0
7714,57,14,25,0
7715,57,14,25,0
7716,57,14,25,0
7717,57,14,25,0
7718,57,14,25,0
7719,57,14,25,0
7720,57,14,25,0
7721,57,14,25,0
7722,57,14,25,0
7723,57,14,25,0
7724,57,14,25,0
7725,57,14,25,0
7726,57,14,25,0
7727,57,14,25,0
7728,57,14,25,0
7729,57,14,25,0
7730,57,14,25,0
7731,57,14,25,0
7732,57,14,25,0
7733,57,14,25,0
7734,57,14,25,0
7735,57,14,25,0
7736,57,14,25,0
7737,57,14,25,0
7738,57,14,25,0
7739,57,14,25,0
7740,57,14,25,0
7741,57,14,25,0
7742,57,14,25,0
7743,57,14,25,0
7744,57,14,25,0
7745,57,14,25,0
7746,57,14,25,0
7747,57,14,25,0
7748,57,14,25,0
7749,57,14,25,0
7750,57,14,25,0
7751,57,14,25,0
7752,57,14,25,0
7753,57,14,25,0
7754,57,14,25,0
7755,57,14,25,0
7756,57,14,25,0
7757,57,14,25,0
7758,57,14,25,0
7759,57,14,25,0
7760,57,14,25,0
7761,57,14,25,0
7762,57,14,25,0
7763,57,14,25,0
7764,57,14,25,0
7765,57,14,25,0
7766,57,14,25,0
7767,57,14,25,0
7768,57,14,25,0
7769,57,14,25,0
7770,57,14,25,0
7771,57,14,25,0
7772,57,14,25,0
7773,57,14,25,0
7774,57,14,25,0
7775,57,14,25,0
7776,57,14,25,0
7777,57,14,25,0
7778,57,14,25,0
7779,57,14,25,0
7780,57,14,25,0
7781,57,14,25,0
7782,57,14,25,0
7783,57,14,25,0
7784,57,14,25,0
7785,57,14,25,0
7786,57,14,25,0
7787,57,14,25,0
7788,57,14,25,0
7789,57,14,25,0
7790,57,14,25,0
7791,57,14,25,0
7792,57,14,25,0
7793,57,14,25,0
7794,57,14,25,0
7795,57,14,25,0
7796,57,14,25,0
7797,57,14,25,0
7798,57,14,25,0
7799,57,14,25,0
7800,57,14,25,0
7801,57,14,25,0
7802,57,14,25,0
7803,57,14,25,0
7804,57,14,25,0
7805,57,14,25,0
7806,57,14,25,0
7807,57,14,25,0
7808,57,14,25,0
7809,57,14,25,0
7810,57,14,25,0
7811,57,14,25,0
7812,57,14,25,0
7813,57,14,25,0
7814,57,14,25,0
7815,57,14,25,0
7816,57,14,25,0
7817,57,14,25,0
7818,57,14,25,0
7819,57,14,25,0
7820,57,14,25,0
7821,57,14,25,0
7822,57,14,25,0
7823,57,14,25,0
7824,57,14,25,0
7825,57,14,25,0
7826,57,14,25,0
7827,57,14,25,0
7828,57,14,25,0
7829,57,14,25,0
7830,57,14,25,0
7831,57,14,25,0
7832,57,14,25,0
7833,57,14,25,0
7834,57,14,25,0
7835,57,14,25,0
7836,57,14,25,0
7837,57,14,25,0
7838,57,14,25,0
7839,57,14,25,0
7840,57,14,25,0
7841,57,14,25,0
7842,57,14,25,0
7843,57,14,25,0
7844,57,14,25,0
7845,57,14,25,0
7846,57,14,25,0
7847,57,14,25,0
7848,57,14,25,0
7849,57,14,25,0
7850,57,14,25,0
7851,57,14,25,0
7852,57,14,25,0
7853,57,14,25,0
7854,57,14,25,0
7855,57,14,25,0
7856,57,14,25,0
7857,57,14,25,0
7858,57,14,25,0
7859,57,14,25,0
7860,57,14,25,0
7861,57,14,25,0
7862,57,14,25,0
7863,57,14,25,0
7864,57,14,25,0
7865,57,14,25,0
7866,57,14,25,0
7867,57,14,25,0
7868,57,14,25,0
7869,57,14,25,0
7870,57,14,25,0
7871,57,14,25,0
7872,57,14,25,0
7873,57,14,25,0
7874,57,14,25,0
7875,57,14,25,0
7876,57,14,25,0
7877,57,14,25,0
7878,57,14,25,0
7879,57,14,25,0
7880,57,14,25,0
7881,57,14,25,0
7882,57,14,25,0
7883,57,14,25,0
7884,57,14,25,0
7885,57,14,25,0
7886,57,14,25,0
7887,57,14,25,0
7888,57,14,25,0
7889,57,14,25,0
7890,57,14,25,0
7891,57,14,25,0
7892,57,14,25,0
7893,57,14,25,0
7894,57,14,25,0
7895,57,14,25,0
7896,57,14,25,0
7897,57,14,25,0
7898,57,14,25,0
7899,57,14,25,0
7900,57,14,25,0
7901,57,14,25,0
7902,57,14,25,0
7903,57,14,25,0
7904,57,14,25,0
7905,57,14,25,0
7906,57,14,25,0
7907,57,14,25,0
7908,57,14,25,0
7909,57,14,25,0
7910,57,14,25,0
7911,57,14,25,0
7912,57,14,25,0
7913,57,14,25,0
7914,57,14,25,0
7915,57,14,25,0
7916,57,14,25,0
7917,57,14,25,0
7918,57,14,25,0
7919,57,14,25,0
7920,57,14,25,0
7921,57,14,25,0
7922,57,14,25,0
7923,57,14,25,0
7924,57,14,25,0
7925,57,14,25,0
7926,57,14,25,0
7927,57,14,25,0
7928,57,14,25,0
7929,57,14,25,0
7930,57,14,25,0
7931,57,14,25,0
7932,57,14,25,0
7933,57,14,25,0
7934,57,14,25,0
7935,57,14,25,0
7936,57,14,25,0
7937,57,14,25,0
7938,57,14,25,0
7939,57,14,25,0
7940,57,14,25,0
7941,57,14,25,0
7942,57,14,25,0
7943,57,14,25,0
7944,57,14,25,0
7945,57,14,25,0
7946,57,14,25,0
7947,57,14,25,0
7948,57,14,25,0
7949,57,14,25,0
7950,57,14,25,0
7951,57,14,25,0
7952,57,14,25,0
7953,57,14,25,0
7954,57,14,25,0
7955,57,14,25,0
7956,57,14,25,0
7957,57,14,25,0
7958,57,14,25,0
7959,57,14,25,0
7960,57,14,25,0
7961,57,14,25,0
7962,57,14,25,0
7963,57,14,25,0
7964,57,14,25,0
7965,57,14,25,0
7966,57,14,25,0
7967,57,14,25,0
7968,57,14,25,0
7969,57,14,25,0
7970,57,14,25,0
7971,57,14,25,0
7972,57,14,25,0
7973,57,14,25,0
7974,57,14,25,0
7975,57,14,25,0
7976,57,14,25,0
7977,57,14,25,0
7978,57,14,25,0
7979,57,14,25,0
7980,57,14,25,0
7981,57,14,25,0
7982,57,14,25,0
7983,57,14,25,0
7984,57,14,25,0
7985,57,14,25,0
7986,57,14,25,0
7987,57,14,25,0
7988,57,14,25,0
7989,57,14,25,0
7990,57,14,25,0
7991,57,14,25,0
7992,57,14,25,0
7993,57,14,25,0
7994,57,14,25,0
7995,57,14,25,0
7996,57,14,25,0
7997,57,14,25,0
7998,57,14,25,0
7999,57,14,25,0
8000,57,14,25,0
8001,57,14,25,0
8002,57,14,25,0
8003,57,14,25,0
8004,57,14,25,0
8005,57,14,25,0
8006,57,14,25,0
8007,57,14,25,0
8008,57,14,25,0
8009,57,14,25,0
8010,57,14,25,0
8011,57,14,25,0
8012,57,14,25,0
8013,57,14,25,0
8014,57,14,25,0
8015,57,14,25,0
8016,57,14,25,0
8017,57,14,25,0
8018,57,14,25,0
8019,57,14,25,0
8020,57,14,25,0
8021,57,14,25,0
8022,57,14,25,0
8023,57,14,25,0
8024,57,14,25,0
8025,57,14,25,0
8026,57,14,25,0
8027,57,14,25,0
8028,57,14,25,0
8029,57,14,25,0
8030,57,14,25,0
8031,57,14,25,0
8032,57,14,25,0
8033,57,14,25,0
8034,57,14,25,0
8035,57,14,25,0
8036,57,14,25,0
8037,57,14,25,0
8038,57,14,25,0
8039,57,14,25,0
8040,57,14,25,0
8041,57,14,25,0
8042,57,14,25,0
8043,57,14,25,0
8044,57,14,25,0
8045,57,14,25,0
8046,57,14,25,0
8047,57,14,25,0
8048,57,14,25,0
8049,57,14,25,0
8050,57,14,25,0
8051,57,14,25,0
8052,57,14,25,0
8053,57,14,25,0
8054,57,14,25,0
8055,57,14,25,0
8056,57,14,25,0
8057,57,14,25,0
8058,57,14,25,0
8059,57,14,25,0
8060,57,14,25,0
8061,57,14,25,0
8062,57,14,25,0
8063,57,14,25,0
8064,57,14,25,0
8065,57,14,25,0
8066,57,14,25,0
8067,57,14,25,0
8068,57,14,25,0
8069,57,14,25,0
8070,57,14,25,0
8071,57,14,25,0
8072,57,14,25,0
8073,57,14,25,0
8074,57,14,25,0
8075,57,14,25,0
8076,57,14,25,0
8077,57,14,25,0
8078,57,14,25,0
8079,57,14,25,0
8080,57,14,25,0
8081,57,14,25,0
8082,57,14,25,0
8083,57,14,25,0
8084,57,14,25,0
8085,57,14,25,0
8086,57,14,25,0
8087,57,14,25,0
8088,57,14,25,0
8089,57,14,25,0
8090,57,14,25,0
8091,57,14,25,0
8092,57,14,25,0
8093,57,14,25,0
8094,57,14,25,0
8095,57,14,25,0
8096,57,14,25,0
8097,57,14,25,0
8098,57,14,25,0
8099,57,14,25,0
8100,57,14,25,0
8101,57,14,25,0
8102,57,14,25,0
8103,57,14,25,0
8104,57,14,25,0
8105,57,14,25,0
8106,57,14,25,0
8107,57,14,25,0
8108,57,14,25,0
8109,57,14,25,0
8110,57,14,25,0
8111,57,14,25,0
8112,57,14,25,0
8113,57,14,25,0
8114,57,14,25,0
8115,57,14,25,0
8116,57,14,25,0
8117,57,14,25,0
8118,57,14,25,0
8119,57,14,25,0
8120,57,14,25,0
8121,57,14,25,0
8122,57,14,25,0
8123,57,14,25,0
8124,57,14,25,0
8125,57,14,25,0
8126,57,14,25,0
8127,57,14,25,0
8128,57,14,25,0
8129,57,14,25,0
8130,57,14,25,0
8131,57,14,25,0
8132,57,14,25,0
8133,57,14,25,0
8134,57,14,25,0
8135,57,14,25,0
8136,57,14,25,0
8137,57,14,25,0
8138,57,14,25,0
8139,57,14,25,0
8140,57,14,25,0
8141,57,14,25,0
8142,57,14,25,0
8143,57,14,25,0
8144,57,14,25,0
8145,57,14,25,0
8146,57,14,25,0
8147,57,14,25,0
8148,57,14,25,0
8149,57,14,25,0
8150,57,14,25,0
8151,57,14,25,0
8152,57,14,25,0
8153,57,14,25,0
8154,57,14,25,0
8155,57,14,25,0
8156,57,14,25,0
8157,57,14,25,0
8158,57,14,25,0
8159,57,14,25,0
8160,57,14,25,0
8161,57,14,25,0
8162,57,14,25,0
8163,57,14,25,0
8164,57,14,25,0
8165,57,14,25,0
8166,57,14,25,0
8167,57,14,25,0
8168,57,14,25,0
8169,57,14,25,0
8170,57,14,25,0
8171,57,14,25,0
8172,57,14,25,0
8173,57,14,25,0
8174,57,14,25,0
8175,57,14,25,0
8176,57,14,25,0
8177,57,14,25,0
8178,57,14,25,0
8179,57,14,25,0
8180,57,14,25,0
8181,57,14,25,0
8182,57,14,25,0
8183,57,14,25,0
8184,57,14,25,0
8185,57,14,25,0
8186,57,14,25,0
8187,57,14,25,0
8188,57,14,25,0
8189,57,14,25,0
8190,57,14,25,0
8191,57,14,25,0
8192,57,14,25,0
8193,57,14,25,0
8194,57,14,25,0
8195,57,14,25,0
8196,57,14,25,0
8197,57,14,25,0
8198,57,14,25,0
8199,57,14,25,0
8200,57,14,25,0
8201,57,14,25,0
8202,57,14,25,0
8203,57,14,25,0
8204,57,14,25,0
8205,57,14,25,0
8206,57,14,25,0
8207,57,14,25,0
8208,57,14,25,0
8209,57,14,25,0
8210,57,14,25,0
8211,57,14,25,0
8212,57,14,25,0
8213,57,14,25,0
8214,57,14,25,0
8215,57,14,25,0
8216,57,14,25,0
8217,57,14,25,0
8218,57,14,25,0
8219,57,14,25,0
8220,57,14,25,0
8221,57,14,25,0
8222,57,14,25,0
8223,57,14,25,0
8224,57,14,25,0
8225,57,14,25,0
8226,57,14,25,0
8227,57,14,25,0
8228,57,14,25,0
8229,57,14,25,0
8230,57,14,25,0
8231,57,14,25,0
8232,57,14,25,0
8233,57,14,25,0
8234,57,14,25,0
8235,57,14,25,0
8236,57,14,25,0
8237,57,14,25,0
8238,57,14,25,0
8239,57,14,25,0
8240,57,14,25,0
8241,57,14,25,0
8242,57,14,25,0
8243,57,14,25,0
8244,57,14,25,0
8245,57,14,25,0
8246,57,14,25,0
8247,57,14,25,0
8248,57,14,25,0
8249,57,14,25,0
8250,57,14,25,0
8251,57,14,25,0
8252,57,14,25,0
8253,57,14,25,0
8254,57,14,25,0
8255,57,14,25,0
8256,57,14,25,0
8257,57,14,25,0
8258,57,14,25,0
8259,57,14,25,0
8260,57,14,25,0
8261,57,14,25,0
8262,57,14,25,0
8263,57,14,25,0
8264,57,14,25,0
8265,57,14,25,0
8266,57,14,25,0
8267,57,14,25,0
8268,57,14,25,0
8269,57,14,25,0
8270,57,14,25,0
8271,57,14,25,0
8272,57,14,25,0
8273,57,14,25,0
8274,57,14,25,0
8275,57,14,25,0
8276,57,14,25,0
8277,57,14,25,0
8278,57,14,25,0
8279,57,14,25,0
8280,57,14,25,0
8281,57,14,25,0
8282,57,14,25,0
8283,57,14,25,0
8284,57,14,25,0
8285,57,14,25,0
8286,57,14,25,0
8287,57,14,25,0
8288,57,14,25,0
8289,57,14,25,0
8290,57,14,25,0
8291,57,14,25,0
8292,57,14,25,0
8293,57,14,25,0
8294,57,14,25,0
8295,57,14,25,0
8296,57,14,25,0
8297,57,14,25,0
8298,57,14,25,0
8299,57,14,25,0
8300,57,14,25,0
8301,57,14,25,0
8302,57,14,25,0
8303,57,14,25,0
8304,57,14,25,0
8305,57,14,25,0
8306,57,14,25,0
8307,57,14,25,0
8308,57,14,25,0
8309,57,14,25,0
8310,57,14,25,0
8311,57,14,25,0
8312,57,14,25,0
8313,57,14,25,0
8314,57,14,25,0
8315,57,14,25,0
8316,57,14,25,0
8317,57,14,25,0
8318,57,14,25,0
8319,57,14,25,0
8320,57,14,25,0
8321,57,14,25,0
8322,57,14,25,0
8323,57,14,25,0
8324,57,14,25,0
8325,57,14,25,0
8326,57,14,25,0
8327,57,14,25,0
8328,57,14,25,0
8329,57,14,25,0
8330,57,14,25,0
8331,57,14,25,0
8332,57,14,25,0
8333,57,14,25,0
8334,57,14,25,0
8335,57,14,25,0
8336,57,14,25,0
8337,57,14,25,0
8338,57,14,25,0
8339,57,14,25,0
8340,57,14,25,0
8341,57,14,25,0
8342,57,14,25,0
8343,57,14,25,0
8344,57,14,25,0
8345,57,14,25,0
8346,57,14,25,0
8347,57,14,25,0
8348,57,14,25,0
8349,57,14,25,0
8350,57,14,25,0
8351,57,14,25,0
8352,57,14,25,0
8353,57,14,25,0
8354,57,14,25,0
8355,57,14,25,0
8356,57,14,25,0
8357,57,14,25,0
8358,57,14,25,0
8359,57,14,25,0
8360,57,14,25,0
8361,57,14,25,0
8362,57,14,25,0
8363,57,14,25,0
8364,57,14,25,0
8365,57,14,25,0
8366,57,14,25,0
8367,57,14,25,0
8368,57,14,25,0
8369,57,14,25,0
8370,57,14,25,0
8371,57,14,25,0
8372,57,14,25,0
8373,57,14,25,0
8374,57,14,25,0
8375,57,14,25,0
8376,57,14,25,0
8377,57,14,25,0
8378,57,14,25,0
8379,57,14,25,0
8380,57,14,25,0
8381,57,14,25,0
8382,57,14,25,0
8383,57,14,25,0
8384,57,14,25,0
8385,57,14,25,0
8386,57,14,25,0
8387,57,14,25,0
8388,57,14,25,0
8389,57,14,25,0
8390,57,14,25,0
8391,57,14,25,0
8392,57,14,25,0
8393,57,14,25,0
8394,57,14,25,0
8395,57,14,25,0
8396,57,14,25,0
8397,57,14,25,0
8398,57,14,25,0
8399,57,14,25,0
8400,57,14,25,0
8401,57,14,25,0
8402,57,14,25,0
8403,57,14,25,0
8404,57,14,25,0
8405,57,14,25,0
8406,57,14,25,0
8407,57,14,25,0
8408,57,14,25,0
8409,57,14,25,0
8410,57,14,25,0
8411,57,14,25,0
8412,57,14,25,0
8413,57,14,25,0
8414,57,14,25,0
8415,57,14,25,0
8416,57,14,25,0
8417,57,14,25,0
8418,57,14,25,0
8419,57,14,25,0
8420,57,14,25,0
8421,57,14,25,0
8422,57,14,25,0
8423,57,14,25,0
8424,57,14,25,0
8425,57,14,25,0
8426,57,14,25,0
8427,57,14,25,0
8428,57,14,25,0
8429,57,14,25,0
8430,57,14,25,0
8431,57,14,25,0
8432,57,14,25,0
8433,57,14,25,0
8434,57,14,25,0
8435,57,14,25,0
8436,57,14,25,0
8437,57,14,25,0
8438,57,14,25,0
8439,57,14,25,0
8440,57,14,25,0
8441,57,14,25,0
8442,57,14,25,0
8443,57,14,25,0
8444,57,14,25,0
8445,57,14,25,0
8446,57,14,25,0
8447,57,14,25,0
8448,57,14,25,0
8449,57,14,25,0
8450,57,14,25,0
8451,57,14,25,0
8452,57,14,25,0
8453,57,14,25,0
8454,57,14,25,0
8455,57,14,25,0
8456,57,14,25,0
8457,57,14,25,0
8458,57,14,25,0
8459,57,14,25,0
8460,57,14,25,0
8461,57,14,25,0
8462,57,14,25,0
8463,57,14,25,0
8464,57,14,25,0
8465,57,14,25,0
8466,57,14,25,0
8467,57,14,25,0
8468,57,14,25,0
8469,57,14,25,0
8470,57,14,25,0
8471,57,14,25,0
8472,57,14,25,0
8473,57,14,25,0
8474,57,14,25,0
8475,57,14,25,0
8476,57,14,25,0
8477,57,14,25,0
8478,57,14,25,0
8479,57,14,25,0
8480,57,14,25,0
8481,57,14,25,0
8482,57,14,25,0
8483,57,14,25,0
8484,57,14,25,0
8485,57,14,25,0
8486,57,14,25,0
8487,57,14,25,0
8488,57,14,25,0
8489,57,14,25,0
8490,57,14,25,0
8491,57,14,25,0
8492,57,14,25,0
8493,57,14,25,0
8494,57,14,25,0
8495,57,14,25,0
8496,57,14,25,0
8497,57,14,25,0
8498,57,14,25,0
8499,57,14,25,0
8500,57,14,25,0
8501,57,14,25,0
8502,57,14,25,0
8503,57,14,25,0
8504,57,14,25,0
8505,57,14,25,0
8506,57,14,25,0
8507,57,14,25,0
8508,57,14,25,0
8509,57,14,25,0
8510,57,14,25,0
8511,57,14,25,0
8512,57,14,25,0
8513,57,14,25,0
8514,57,14,25,0
8515,57,14,25,0
8516,57,14,25,0
8517,57,14,25,0
8518,57,14,25,0
8519,57,14,25,0
8520,57,14,25,0
8521,57,14,25,0
8522,57,14,25,0
8523,57,14,25,0
8524,57,14,25,0
8525,57,14,25,0
8526,57,14,25,0
8527,57,14,25,0
8528,57,14,25,0
8529,57,14,25,0
8530,57,14,25,0
8531,57,14,25,0
8532,57,14,25,0
8533,57,14,25,0
8534,57,14,25,0
8535,57,14,25,0
8536,57,14,25,0
8537,57,14,25,0
8538,57,14,25,0
8539,57,14,25,0
8540,57,14,25,0
8541,57,14,25,0
8542,57,14,25,0
8543,57,14,25,0
8544,57,14,25,0
8545,57,14,25,0
8546,57,14,25,0
8547,57,14,25,0
8548,57,14,25,0
8549,57,14,25,0
8550,57,14,25,0
8551,57,14,25,0
8552,57,14,25,0
8553,57,14,25,0
8554,57,14,25,0
8555,57,14,25,0
8556,57,14,25,0
8557,57,14,25,0
8558,57,14,25,0
8559,57,14,25,0
8560,57,14,25,0
8561,57,14,25,0
8562,57,14,25,0
8563,57,14,25,0
8564,57,14,25,0
8565,57,14,25,0
8566,57,14,25,0
8567,57,14,25,0
8568,57,14,25,0
8569,57,14,25,0
8570,57,14,25,0
8571,57,14,25,0
8572,57,14,25,0
8573,57,14,25,0
8574,57,14,25,0
8575,57,14,25,0
8576,57,14,25,0
8577,57,14,25,0
8578,57,14,25,0
8579,57,14,25,0
8580,57,14,25,0
8581,57,14,25,0
8582,57,14,25,0
8583,57,14,25,0
8584,57,14,25,0
8585,57,14,25,0
8586,57,14,25,0
8587,57,14,25,0
8588,57,14,25,0
8589,57,14,25,0
8590,57,14,25,0
8591,57,14,25,0
8592,57,14,25,0
8593,57,14,25,0
8594,57,14,25,0
8595,57,14,25,0
8596,57,14,25,0
8597,57,14,25,0
8598,57,14,25,0
8599,57,14,25,0
8600,57,14,25,0
8601,57,14,25,0
8602,57,14,25,0
8603,57,14,25,0
8604,57,14,25,0
8605,57,14,25,0
8606,57,14,25,0
8607,57,14,25,0
8608,57,14,25,0
8609,57,14,25,0
8610,57,14,25,0
8611,57,14,25,0
8612,57,14,25,0
8613,57,14,25,0
8614,57,14,25,0
8615,57,14,25,0
8616,57,14,25,0
8617,57,14,25,0
8618,57,14,25,0
8619,57,14,25,0
8620,57,14,25,0
8621,57,14,25,0
8622,57,14,25,0
8623,57,14,25,0
8624,57,14,25,0
8625,57,14,25,0
8626,57,14,25,0
8627,57,14,25,0
8628,57,14,25,0
8629,57,14,25,0
8630,57,14,25,0
8631,57,14,25,0
8632,57,14,25,0
8633,57,14,25,0
8634,57,14,25,0
8635,57,14,25,0
8636,57,14,25,0
8637,57,14,25,0
8638,57,14,25,0
8639,57,14,25,0
8640,57,14,25,0
8641,57,14,25,0
8642,57,14,25,0
8643,57,14,25,0
8644,57,14,25,0
8645,57,14,25,0
8646,57,14,25,0
8647,57,14,25,0
8648,57,14,25,0
8649,57,14,25,0
8650,57,14,25,0
8651,57,14,25,0
8652,57,14,25,0
8653,57,14,25,0
8654,57,14,25,0
8655,57,14,25,0
8656,57,14,25,0
8657,57,14,25,0
8658,57,14,25,0
8659,57,14,25,0
8660,57,14,25,0
8661,57,14,25,0
8662,57,14,25,0
8663,57,14,25,0
8664,57,14,25,0
8665,57,14,25,0
8666,57,14,25,0
8667,57,14,25,0
8668,57,14,25,0
8669,57,14,25,0
8670,57,14,25,0
8671,57,14,25,0
8672,57,14,25,0
8673,57,14,25,0
8674,57,14,25,0
8675,57,14,25,0
8676,57,14,25,0
8677,57,14,25,0
8678,57,14,25,0
8679,57,14,25,0
8680,57,14,25,0
8681,57,14,25,0
8682,57,14,25,0
8683,57,14,25,0
8684,57,14,25,0
8685,57,14,25,0
8686,57,14,25,0
8687,57,14,25,0
8688,57,14,25,0
8689,57,14,25,0
8690,57,14,25,0
8691,57,14,25,0
8692,57,14,25,0
8693,57,14,25,0
8694,57,14,25,0
8695,57,14,25,0
8696,57,14,25,0
8697,57,14,25,0
8698,57,14,25,0
8699,57,14,25,0
8700,57,14,25,0
8701,57,14,25,0
8702,57,14,25,0
8703,57,14,25,0
8704,57,14,25,0
8705,57,14,25,0
8706,57,14,25,0
8707,57,14,25,0
8708,57,14,25,0
8709,57,14,25,0
8710,57,14,25,0
8711,57,14,25,0
8712,57,14,25,0
8713,57,14,25,0
8714,57,14,25,0
8715,57,14,25,0
8716,57,14,25,0
8717,57,14,25,0
8718,57,14,25,0
8719,57,14,25,0
8720,57,14,25,0
8721,57,14,25,0
8722,57,14,25,0
8723,57,14,25,0
8724,57,14,25,0
8725,57,14,25,0
8726,57,14,25,0
8727,57,14,25,0
8728,57,14,25,0
8729,57,14,25,0
8730,57,14,25,0
8731,57,14,25,0
8732,57,14,25,0
8733,57,14,25,0
8734,57,14,25,0
8735,57,14,25,0
8736,57,14,25,0
8737,57,14,25,0
8738,57,14,25,0
8739,57,14,25,0
8740,57,14,25,0
8741,57,14,25,0
8742,57,14,25,0
8743,57,14,25,0
8744,57,14,25,0
8745,57,14,25,0
8746,57,14,25,0
8747,57,14,25,0
8748,57,14,25,0
8749,57,14,25,0
8750,57,14,25,0
8751,57,14,25,0
8752,57,14,25,0
8753,57,14,25,0
8754,57,14,25,0
8755,57,14,25,0
8756,57,14,25,0
8757,57,14,25,0
8758,57,14,25,0
8759,57,14,25,0
8760,57,14,25,0
8761,57,14,25,0
8762,57,14,25,0
8763,57,14,25,0
8764,57,14,25,0
8765,57,14,25,0
8766,57,14,25,0
8767,57,14,25,0
8768,57,14,25,0
8769,57,14,25,0
8770,57,14,25,0
8771,57,14,25,0
8772,57,14,25,0
8773,57,14,25,0
8774,57,14,25,0
8775,57,14,25,0
8776,57,14,25,0
8777,57,14,25,0
8778,57,14,25,0
8779,57,14,25,0
8780,57,14,25,0
8781,57,14,25,0
8782,57,14,25,0
8783,57,14,25,0
8784,57,14,25,0
8785,57,14,25,0
8786,57,14,25,0
8787,57,14,25,0
8788,57,14,25,0
8789,57,14,25,0
8790,57,14,25,0
8791,57,14,25,0
8792,57,14,25,0
8793,57,14,25,0
8794,57,14,25,0
8795,57,14,25,0
8796,57,14,25,0
8797,57,14,25,0
8798,57,14,25,0
8799,57,14,25,0
8800,57,14,25,0
8801,57,14,25,0
8802,57,14,25,0
8803,57,14,25,0
8804,57,14,25,0
8805,57,14,25,0
8806,57,14,25,0
8807,57,14,25,0
8808,57,14,25,0
8809,57,14,25,0
8810,57,14,25,0
8811,57,14,25,0
8812,57,14,25,0
8813,57,14,25,0
8814,57,14,25,0
8815,57,14,25,0
8816,57,14,25,0
8817,57,14,25,0
8818,57,14,25,0
8819,57,14,25,0
8820,57,14,25,0
8821,57,14,25,0
8822,57,14,25,0
8823,57,14,25,0
8824,57,14,25,0
8825,57,14,25,0
8826,57,14,25,0
8827,57,14,25,0
8828,57,14,25,0
8829,57,14,25,0
8830,57,14,25,0
8831,57,14,25,0
8832,57,14,25,0
8833,57,14,25,0
8834,57,14,25,0
8835,57,14,25,0
8836,57,14,25,0
8837,57,14,25,0
8838,57,14,25,0
8839,57,14,25,0
8840,57,14,25,0
8841,57,14,25,0
8842,57,14,25,0
8843,57,14,25,0
8844,57,14,25,0
8845,57,14,25,0
8846,57,14,25,0
8847,57,14,25,0
8848,57,14,25,0
8849,57,14,25,0
8850,57,14,25,0
8851,57,14,25,0
8852,57,14,25,0
8853,57,14,25,0
8854,57,14,25,0
8855,57,14,25,0
8856,57,14,25,0
8857,57,14,25,0
8858,57,14,25,0
8859,57,14,25,0
8860,57,14,25,0
8861,57,14,25,0
8862,57,14,25,0
8863,57,14,25,0
8864,57,14,25,0
8865,57,14,25,0
8866,57,14,25,0
8867,57,14,25,0
8868,57,14,25,0
8869,57,14,25,0
8870,57,14,25,0
8871,57,14,25,0
8872,57,14,25,0
8873,57,14,25,0
8874,57,14,25,0
8875,57,14,25,0
8876,57,14,25,0
8877,57,14,25,0
8878,57,14,25,0
8879,57,14,25,0
8880,57,14,25,0
8881,57,14,25,0
8882,57,14,25,0
8883,57,14,25,0
8884,57,14,25,0
8885,57,14,25,0
8886,57,14,25,0
8887,57,14,25,0
8888,57,14,25,0
8889,57,14,25,0
8890,57,14,25,0
8891,57,14,25,0
8892,57,14,25,0
8893,57,14,25,0
8894,57,14,25,0
8895,57,14,25,0
8896,57,14,25,0
8897,57,14,25,0
8898,57,14,25,0
8899,57,14,25,0
8900,57,14,25,0
8901,57,14,25,0
8902,57,14,25,0
8903,57,14,25,0
8904,57,14,25,0
8905,57,14,25,0
8906,57,14,25,0
8907,57,14,25,0
8908,57,14,25,0
8909,57,14,25,0
8910,57,14,25,0
8911,57,14,25,0
8912,57,14,25,0
8913,57,14,25,0
8914,57,14,25,0
8915,57,14,25,0
8916,57,14,25,0
8917,57,14,25,0
8918,57,14,25,0
8919,57,14,25,0
8920,57,14,25,0
8921,57,14,25,0
8922,57,14,25,0
8923,57,14,25,0
8924,57,14,25,0
8925,57,14,25,0
8926,57,14,25,0
8927,57,14,25,0
8928,57,14,25,0
8929,57,14,25,0
8930,57,14,25,0
8931,57,14,25,0
8932,57,14,25,0
8933,57,14,25,0
8934,57,14,25,0
8935,57,14,25,0
8936,57,14,25,0
8937,57,14,25,0
8938,57,14,25,0
8939,57,14,25,0
8940,57,14,25,0
8941,57,14,25,0
8942,57,14,25,0
8943,57,14,25,0
8944,57,14,25,0
8945,57,14,25,0
8946,57,14,25,0
8947,57,14,25,0
8948,57,14,25,0
8949,57,14,25,0
8950,57,14,25,0
8951,57,14,25,0
8952,57,14,25,0
8953,57,14,25,0
8954,57,14,25,0
8955,57,14,25,0
8956,57,14,25,0
8957,57,14,25,0
8958,57,14,25,0
8959,57,14,25,0
8960,57,14,25,0
8961,57,14,25,0
8962,57,14,25,0
8963,57,14,25,0
8964,57,14,25,0
8965,57,14,25,0
8966,57,14,25,0
8967,57,14,25,0
8968,57,14,25,0
8969,57,14,25,0
8970,57,14,25,0
8971,57,14,25,0
8972,57,14,25,0
8973,57,14,25,0
8974,57,14,25,0
8975,57,14,25,0
8976,57,14,25,0
8977,57,14,25,0
8978,57,14,25,0
8979,57,14,25,0
8980,57,14,25,0
8981,57,14,25,0
8982,57,14,25,0
8983,57,14,25,0
8984,57,14,25,0
8985,57,14,25,0
8986,57,14,25,0
8987,57,14,25,0
8988,57,14,25,0
8989,57,14,25,0
8990,57,14,25,0
8991,57,14,25,0
8992,57,14,25,0
8993,57,14,25,0
8994,57,14,25,0
8995,57,14,25,0
8996,57,14,25,0
8997,57,14,25,0
8998,57,14,25,0
8999,57,14,25,0
9000,57,14,25,0
9001,57,14,25,0
9002,57,14,25,0
9003,57,14,25,0
9004,57,14,25,0
9005,57,14,25,0
9006,57,14,25,0
9007,57,14,25,0
9008,57,14,25,0
9009,57,14,25,0
9010,57,14,25,0
9011,57,14,25,0
9012,57,14,25,0
9013,57,14,25,0
9014,57,14,25,0
9015,57,14,25,0
9016,57,14,25,0
9017,57,14,25,0
9018,57,14,25,0
9019,57,14,25,0
9020,57,14,25,0
9021,57,14,25,0
9022,57,14,25,0
9023,57,14,25,0
9024,57,14,25,0
9025,57,14,25,0
9026,57,14,25,0
9027,57,14,25,0
9028,57,14,25,0
9029,57,14,25,0
9030,57,14,25,0
9031,57,14,25,0
9032,57,14,25,0
9033,57,14,25,0
9034,57,14,25,0
9035,57,14,25,0
9036,57,14,25,0
9037,57,14,25,0
9038,57,14,25,0
9039,57,14,25,0
9040,57,14,25,0
9041,57,14,25,0
9042,57,14,25,0
9043,57,14,25,0
9044,57,14,25,0
9045,57,14,25,0
9046,57,14,25,0
9047,57,14,25,0
9048,57,14,25,0
9049,57,14,25,0
9050,57,14,25,0
9051,57,14,25,0
9052,57,14,25,0
9053,57,14,25,0
9054,57,14,25,0
9055,57,14,25,0
9056,57,14,25,0
9057,57,14,25,0
9058,57,14,25,0
9059,57,14,25,0
9060,57,14,25,0
9061,57,14,25,0
9062,57,14,25,0
9063,57,14,25,0
9064,57,14,25,0
9065,57,14,25,0
9066,57,14,25,0
9067,57,14,25,0
9068,57,14,25,0
9069,57,14,25,0
9070,57,14,25,0
9071,57,14,25,0
9072,57,14,25,0
9073,57,14,25,0
9074,57,14,25,0
9075,57,14,25,0
9076,57,14,25,0
9077,57,14,25,0
9078,57,14,25,0
9079,57,14,25,0
9080,57,14,25,0
9081,57,14,25,0
9082,57,14,25,0
9083,57,14,25,0
9084,57,14,25,0
9085,57,14,25,0
9086,57,14,25,0
9087,57,14,25,0
9088,57,14,25,0
9089,57,14,25,0
9090,57,14,25,0
9091,57,14,25,0
9092,57,14,25,0
9093,57,14,25,0
9094,57,14,25,0
9095,57,14,25,0
9096,57,14,25,0
9097,57,14,25,0
9098,57,14,25,0
9099,57,14,25,0
9100,57,14,25,0
9101,57,14,25,0
9102,57,14,25,0
9103,57,14,25,0
9104,57,14,25,0
9105,57,14,25,0
9106,57,14,25,0
9107,57,14,25,0
9108,57,14,25,0
9109,57,14,25,0
9110,57,14,25,0
9111,57,14,25,0
9112,57,14,25,0
9113,57,14,25,0
9114,57,14,25,0
9115,57,14,25,0
9116,57,14,25,0
9117,57,14,25,0
9118,57,14,25,0
9119,57,14,25,0
9120,57,14,25,0
9121,57,14,25,0
9122,57,14,25,0
9123,57,14,25,0
9124,57,14,25,0
9125,57,14,25,0
9126,57,14,25,0
9127,57,14,25,0
9128,57,14,25,0
9129,57,14,25,0
9130,57,14,25,0
9131,57,14,25,0
9132,57,14,25,0
9133,57,14,25,0
9134,57,14,25,0
9135,57,14,25,0
9136,57,14,25,0
9137,57,14,25,0
9138,57,14,25,0
9139,57,14,25,0
9140,57,14,25,0
9141,57,14,25,0
9142,57,14,25,0
9143,57,14,25,0
9144,57,14,25,0
9145,57,14,25,0
9146,57,14,25,0
9147,57,14,25,0
9148,57,14,25,0
9149,57,14,25,0
9150,57,14,25,0
9151,57,14,25,0
9152,57,14,25,0
9153,57,14,25,0
9154,57,14,25,0
9155,57,14,25,0
9156,57,14,25,0
9157,57,14,25,0
9158,57,14,25,0
9159,57,14,25,0
9160,57,14,25,0
9161,57,14,25,0
9162,57,14,25,0
9163,57,14,25,0
9164,57,14,25,0
9165,57,14,25,0
9166,57,14,25,0
9167,57,14,25,0
9168,57,14,25,0
9169,57,14,25,0
9170,57,14,25,0
9171,57,14,25,0
9172,57,14,25,0
9173,57,14,25,0
9174,57,14,25,0
9175,57,14,25,0
9176,57,14,25,0
9177,57,14,25,0
9178,57,14,25,0
9179,57,14,25,0
9180,57,14,25,0
9181,57,14,25,0
9182,57,14,25,0
9183,57,14,25,0
9184,57,14,25,0
9185,57,14,25,0
9186,57,14,25,0
9187,57,14,25,0
9188,57,14,25,0
9189,57,14,25,0
9190,57,14,25,0
9191,57,14,25,0
9192,57,14,25,0
9193,57,14,25,0
9194,57,14,25,0
9195,57,14,25,0
9196,57,14,25,0
9197,57,14,25,0
9198,57,14,25,0
9199,57,14,25,0
9200,57,14,25,0
9201,57,14,25,0
9202,57,14,25,0
9203,57,14,25,0
9204,57,14,25,0
9205,57,14,25,0
9206,57,14,25,0
9207,57,14,25,0
9208,57,14,25,0
9209,57,14,25,0
9210,57,14,25,0
9211,57,14,25,0
9212,57,14,25,0
9213,57,14,25,0
9214,57,14,25,0
9215,57,14,25,0
9216,57,14,25,0
9217,57,14,25,0
9218,57,14,25,0
9219,57,14,25,0
9220,57,14,25,0
9221,57,14,25,0
9222,57,14,25,0
9223,57,14,25,0
9224,57,14,25,0
9225,57,14,25,0
9226,57,14,25,0
9227,57,14,25,0
9228,57,14,25,0
9229,57,14,25,0
9230,57,14,25,0
9231,57,14,25,0
9232,57,14,25,0
9233,57,14,25,0
9234,57,14,25,0
9235,57,14,25,0
9236,57,14,25,0
9237,57,14,25,0
9238,57,14,25,0
9239,57,14,25,0
9240,57,14,25,0
9241,57,14,25,0
9242,57,14,25,0
9243,57,14,25,0
9244,57,14,25,0
9245,57,14,25,0
9246,57,14,25,0
9247,57,14,25,0
9248,57,14,25,0
9249,57,14,25,0
9250,57,14,25,0
9251,57,14,25,0
9252,57,14,25,0
9253,57,14,25,0
9254,57,14,25,0
9255,57,14,25,0
9256,57,14,25,0
9257,57,14,25,0
9258,57,14,25,0
9259,57,14,25,0
9260,57,14,25,0
9261,57,14,25,0
9262,57,14,25,0
9263,57,14,25,0
9264,57,14,25,0
9265,57,14,25,0
9266,57,14,25,0
9267,57,14,25,0
9268,57,14,25,0
9269,57,14,25,0
9270,57,14,25,0
9271,57,14,25,0
9272,57,14,25,0
9273,57,14,25,0
9274,57,14,25,0
9275,57,14,25,0
9276,57,14,25,0
9277,57,14,25,0
9278,57,14,25,0
9279,57,14,25,0
9280,57,14,25,0
9281,57,14,25,0
9282,57,14,25,0
9283,57,14,25,0
9284,57,14,25,0
9285,57,14,25,0
9286,57,14,25,0
9287,57,14,25,0
9288,57,14,25,0
9289,57,14,25,0
9290,57,14,25,0
9291,57,14,25,0
9292,57,14,25,0
9293,57,14,25,0
9294,57,14,25,0
9295,57,14,25,0
9296,57,14,25,0
9297,57,14,25,0
9298,57,14,25,0
9299,57,14,25,0
9300,57,14,25,0
9301,57,14,25,0
9302,57,14,25,0
9303,57,14,25,0
9304,57,14,25,0
9305,57,14,25,0
9306,57,14,25,0
9307,57,14,25,0
9308,57,14,25,0
9309,57,14,25,0
9310,57,14,25,0
9311,57,14,25,0
9312,57,14,25,0
9313,57,14,25,0
9314,57,14,25,0
9315,57,14,25,0
9316,57,14,25,0
9317,57,14,25,0
9318,57,14,25,0
9319,57,14,25,0
9320,57,14,25,0
9321,57,14,25,0
9322,57,14,25,0
9323,57,14,25,0
9324,57,14,25,0
9325,57,14,25,0
9326,57,14,25,0
9327,57,14,25,0
9328,57,14,25,0
9329,57,14,25,0
9330,57,14,25,0
9331,57,14,25,0
9332,57,14,25,0
9333,57,14,25,0
9334,57,14,25,0
9335,57,14,25,0
9336,57,14,25,0
9337,57,14,25,0
9338,57,14,25,0
9339,57,14,25,0
9340,57,14,25,0
9341,57,14,25,0
9342,57,14,25,0
9343,57,14,25,0
9344,57,14,25,0
9345,57,14,25,0
9346,57,14,25,0
9347,57,14,25,0
9348,57,14,25,0
9349,57,14,25,0
9350,57,14,25,0
9351,57,14,25,0
9352,57,14,25,0
9353,57,14,25,0
9354,57,14,25,0
9355,57,14,25,0
9356,57,14,25,0
9357,57,14,25,0
9358,57,14,25,0
9359,57,14,25,0
9360,57,14,25,0
9361,57,14,25,0
9362,57,14,25,0
9363,57,14,25,0
9364,57,14,25,0
9365,57,14,25,0
9366,57,14,25,0
9367,57,14,25,0
9368,57,14,25,0
9369,57,14,25,0
9370,57,14,25,0
9371,57,14,25,0
9372,57,14,25,0
9373,57,14,25,0
9374,57,14,25,0
9375,57,14,25,0
9376,57,14,25,0
9377,57,14,25,0
9378,57,14,25,0
9379,57,14,25,0
9380,57,14,25,0
9381,57,14,25,0
9382,57,14,25,0
9383,57,14,25,0
9384,57,14,25,0
9385,57,14,25,0
9386,57,14,25,0
9387,57,14,25,0
9388,57,14,25,0
9389,57,14,25,0
9390,57,14,25,0
9391,57,14,25,0
9392,57,14,25,0
9393,57,14,25,0
9394,57,14,25,0
9395,57,14,25,0
9396,57,14,25,0
9397,57,14,25,0
9398,57,14,25,0
9399,57,14,25,0
9400,57,14,25,0
9401,57,14,25,0
9402,57,14,25,0
9403,57,14,25,0
9404,57,14,25,0
9405,57,14,25,0
9406,57,14,25,0
9407,57,14,25,0
9408,57,14,25,0
9409,57,14,25,0
9410,57,14,25,0
9411,57,14,25,0
9412,57,14,25,0
9413,57,14,25,0
9414,57,14,25,0
9415,57,14,25,0
9416,57,14,25,0
9417,57,14,25,0
9418,57,14,25,0
9419,57,14,25,0
9420,57,14,25,0
9421,57,14,25,0
9422,57,14,25,0
9423,57,14,25,0
9424,57,14,25,0
9425,57,14,25,0
9426,57,14,25,0
9427,57,14,25,0
9428,57,14,25,0
9429,57,14,25,0
9430,57,14,25,0
9431,57,14,25,0
9432,57,14,25,0
9433,57,14,25,0
9434,57,14,25,0
9435,57,14,25,0
9436,57,14,25,0
9437,57,14,25,0
9438,57,14,25,0
9439,57,14,25,0
9440,57,14,25,0
9441,57,14,25,0
9442,57,14,25,0
9443,57,14,25,0
9444,57,14,25,0
9445,57,14,25,0
9446,57,14,25,0
9447,57,14,25,0
9448,57,14,25,0
9449,57,14,25,0
9450,57,14,25,0
9451,57,14,25,0
9452,57,14,25,0
9453,57,14,25,0
9454,57,14,25,0
9455,57,14,25,0
9456,57,14,25,0
9457,57,14,25,0
9458,57,14,25,0
9459,57,14,25,0
9460,57,14,25,0
9461,57,14,25,0
9462,57,14,25,0
9463,57,14,25,0
9464,57,14,25,0
9465,57,14,25,0
9466,57,14,25,0
9467,57,14,25,0
9468,57,14,25,0
9469,57,14,25,0
9470,57,14,25,0
9471,57,14,25,0
9472,57,14,25,0
9473,57,14,25,0
9474,57,14,25,0
9475,57,14,25,0
9476,57,14,25,0
9477,57,14,25,0
9478,57,14,25,0
9479,57,14,25,0
9480,57,14,25,0
9481,57,14,25,0
9482,57,14,25,0
9483,57,14,25,0
9484,57,14,25,0
9485,57,14,25,0
9486,57,14,25,0
9487,57,14,25,0
9488,57,14,25,0
9489,57,14,25,0
9490,57,14,25,0
9491,57,14,25,0
9492,57,14,25,0
9493,57,14,25,0
9494,57,14,25,0
9495,57,14,25,0
9496,57,14,25,0
9497,57,14,25,0
9498,57,14,25,0
9499,57,14,25,0
9500,57,14,25,0
9501,57,14,25,0
9502,57,14,25,0
9503,57,14,25,0
9504,57,14,25,0
9505,57,14,25,0
9506,57,14,25,0
9507,57,14,25,0
9508,57,14,25,0
9509,57,14,25,0
9510,57,14,25,0
9511,57,14,25,0
9512,57,14,25,0
9513,57,14,25,0
9514,57,14,25,0
9515,57,14,25,0
9516,57,14,25,0
9517,57,14,25,0
9518,57,14,25,0
9519,57,14,25,0
9520,57,14,25,0
9521,57,14,25,0
9522,57,14,25,0
9523,57,14,25,0
9524,57,14,25,0
9525,57,14,25,0
9526,57,14,25,0
9527,57,14,25,0
9528,57,14,25,0
9529,57,14,25,0
9530,57,14,25,0
9531,57,14,25,0
9532,57,14,25,0
9533,57,14,25,0
9534,57,14,25,0
9535,57,14,25,0
9536,57,14,25,0
9537,57,14,25,0
9538,57,14,25,0
9539,57,14,25,0
9540,57,14,25,0
9541,57,14,25,0
9542,57,14,25,0
9543,57,14,25,0
9544,57,14,25,0
9545,57,14,25,0
9546,57,14,25,0
9547,57,14,25,0
9548,57,14,25,0
9549,57,14,25,0
9550,57,14,25,0
9551,57,14,25,0
9552,57,14,25,0
9553,57,14,25,0
9554,57,14,25,0
9555,57,14,25,0
9556,57,14,25,0
9557,57,14,25,0
9558,57,14,25,0
9559,57,14,25,0
9560,57,14,25,0
9561,57,14,25,0
9562,57,14,25,0
9563,57,14,25,0
9564,57,14,25,0
9565,57,14,25,0
9566,57,14,25,0
9567,57,14,25,0
9568,57,14,25,0
9569,57,14,25,0
9570,57,14,25,0
9571,57,14,25,0
9572,57,14,25,0
9573,57,14,25,0
9574,57,14,25,0
9575,57,14,25,0
9576,57,14,25,0
9577,57,14,25,0
9578,57,14,25,0
9579,57,14,25,0
9580,57,14,25,0
9581,57,14,25,0
9582,57,14,25,0
9583,57,14,25,0
9584,57,14,25,0
9585,57,14,25,0
9586,57,14,25,0
9587,57,14,25,0
9588,57,14,25,0
9589,57,14,25,0
9590,57,14,25,0
9591,57,14,25,0
9592,57,14,25,0
9593,57,14,25,0
9594,57,14,25,0
9595,57,14,25,0
9596,57,14,25,0
9597,57,14,25,0
9598,57,14,25,0
9599,57,14,25,0
9600,57,14,25,0
9601,57,14,25,0
9602,57,14,25,0
9603,57,14,25,0
9604,57,14,25,0
9605,57,14,25,0
9606,57,14,25,0
9607,57,14,25,0
9608,57,14,25,0
9609,57,14,25,0
9610,57,14,25,0
9611,57,14,25,0
9612,57,14,25,0
9613,57,14,25,0
9614,57,14,25,0
9615,57,14,25,0
9616,57,14,25,0
9617,57,14,25,0
9618,57,14,25,0
9619,57,14,25,0
9620,57,14,25,0
9621,57,14,25,0
9622,57,14,25,0
9623,57,14,25,0
9624,57,14,25,0
9625,57,14,25,0
9626,57,14,25,0
9627,57,14,25,0
9628,57,14,25,0
9629,57,14,25,0
9630,57,14,25,0
9631,57,14,25,0
9632,57,14,25,0
9633,57,14,25,0
9634,57,14,25,0
9635,57,14,25,0
9636,57,14,25,0
9637,57,14,25,0
9638,57,14,25,0
9639,57,14,25,0
9640,57,14,25,0
9641,57,14,25,0
9642,57,14,25,0
9643,57,14,25,0
9644,57,14,25,0
9645,57,14,25,0
9646,57,14,25,0
9647,57,14,25,0
9648,57,14,25,0
9649,57,14,25,0
9650,57,14,25,0
9651,57,14,25,0
9652,57,14,25,0
9653,57,14,25,0
9654,57,14,25,0
9655,57,14,25,0
9656,57,14,25,0
9657,57,14,25,0
9658,57,14,25,0
9659,57,14,25,0
9660,57,14,25,0
9661,57,14,25,0
9662,57,14,25,0
9663,57,14,25,0
9664,57,14,25,0
9665,57,14,25,0
9666,57,14,25,0
9667,57,14,25,0
9668,57,14,25,0
9669,57,14,25,0
9670,57,14,25,0
9671,57,14,25,0
9672,57,14,25,0
9673,57,14,25,0
9674,57,14,25,0
9675,57,14,25,0
9676,57,14,25,0
9677,57,14,25,0
9678,57,14,25,0
9679,57,14,25,0
9680,57,14,25,0
9681,57,14,25,0
9682,57,14,25,0
9683,57,14,25,0
9684,57,14,25,0
9685,57,14,25,0
9686,57,14,25,0
9687,57,14,25,0
9688,57,14,25,0
9689,57,14,25,0
9690,57,14,25,0
9691,57,14,25,0
9692,57,14,25,0
9693,57,14,25,0
9694,57,14,25,0
9695,57,14,25,0
9696,57,14,25,0
9697,57,14,25,0
9698,57,14,25,0
9699,57,14,25,0
9700,57,14,25,0
9701,57,14,25,0
9702,57,14,25,0
9703,57,14,25,0
9704,57,14,25,0
9705,57,14,25,0
9706,57,14,25,0
9707,57,14,25,0
9708,57,14,25,0
9709,57,14,25,0
9710,57,14,25,0
9711,57,14,25,0
9712,57,14,25,0
9713,57,14,25,0
9714,57,14,25,0
9715,57,14,25,0
9716,57,14,25,0
9717,57,14,25,0
9718,57,14,25,0
9719,57,14,25,0
9720,57,14,25,0
9721,57,14,25,0
9722,57,14,25,0
9723,57,14,25,0
9724,57,14,25,0
9725,57,14,25,0
9726,57,14,25,0
9727,57,14,25,0
9728,57,14,25,0
9729,57,14,25,0
9730,57,14,25,0
9731,57,14,25,0
9732,57,14,25,0
9733,57,14,25,0
9734,57,14,25,0
9735,57,14,25,0
9736,57,14,25,0
9737,57,14,25,0
9738,57,14,25,0
9739,57,14,25,0
9740,57,14,25,0
9741,57,14,25,0
9742,57,14,25,0
9743,57,14,25,0
9744,57,14,25,0
9745,57,14,25,0
9746,57,14,25,0
9747,57,14,25,0
9748,57,14,25,0
9749,57,14,25,0
9750,57,14,25,0
9751,57,14,25,0
9752,57,14,25,0
9753,57,14,25,0
9754,57,14,25,0
9755,57,14,25,0
9756,57,14,25,0
9757,57,14,25,0
9758,57,14,25,0
9759,57,14,25,0
9760,57,14,25,0
9761,57,14,25,0
9762,57,14,25,0
9763,57,14,25,0
9764,57,14,25,0
9765,57,14,25,0
9766,57,14,25,0
9767,57,14,25,0
9768,57,14,25,0
9769,57,14,25,0
9770,57,14,25,0
9771,57,14,25,0
9772,57,14,25,0
9773,57,14,25,0
9774,57,14,25,0
9775,57,14,25,0
9776,57,14,25,0
9777,57,14,25,0
9778,57,14,25,0
9779,57,14,25,0
9780,57,14,25,0
9781,57,14,25,0
9782,57,14,25,0
9783,57,14,25,0
9784,57,14,25,0
9785,57,14,25,0
9786,57,14,25,0
9787,57,14,25,0
9788,57,14,25,0
9789,57,14,25,0
9790,57,14,25,0
9791,57,14,25,0
9792,57,14,25,0
9793,57,14,25,0
9794,57,14,25,0
9795,57,14,25,0
9796,57,14,25,0
9797,57,14,25,0
9798,57,14,25,0
9799,57,14,25,0
9800,57,14,25,0
9801,57,14,25,0
9802,57,14,25,0
9803,57,14,25,0
9804,57,14,25,0
9805,57,14,25,0
9806,57,14,25,0
9807,57,14,25,0
9808,57,14,25,0
9809,57,14,25,0
9810,57,14,25,0
9811,57,14,25,0
9812,57,14,25,0
9813,57,14,25,0
9814,57,14,25,0
9815,57,14,25,0
9816,57,14,25,0
9817,57,14,25,0
9818,57,14,25,0
9819,57,14,25,0
9820,57,14,25,0
9821,57,14,25,0
9822,57,14,25,0
9823,57,14,25,0
9824,57,14,25,0
9825,57,14,25,0
9826,57,14,25,0
9827,57,14,25,0
9828,57,14,25,0
9829,57,14,25,0
9830,57,14,25,0
9831,57,14,25,0
9832,57,14,25,0
9833,57,14,25,0
9834,57,14,25,0
9835,57,14,25,0
9836,57,14,25,0
9837,57,14,25,0
9838,57,14,25,0
9839,57,14,25,0
9840,57,14,25,0
9841,57,14,25,0
9842,57,14,25,0
9843,57,14,25,0
9844,57,14,25,0
9845,57,14,25,0
9846,57,14,25,0
9847,57,14,25,0
9848,57,14,25,0
9849,57,14,25,0
9850,57,14,25,0
9851,57,14,25,0
9852,57,14,25,0
9853,57,14,25,0
9854,57,14,25,0
9855,57,14,25,0
9856,57,14,25,0
9857,57,14,25,0
9858,57,14,25,0
9859,57,14,25,0
9860,57,14,25,0
9861,57,14,25,0
9862,57,14,25,0
9863,57,14,25,0
9864,57,14,25,0
9865,57,14,25,0
9866,57,14,25,0
9867,57,14,25,0
9868,57,14,25,0
9869,57,14,25,0
9870,57,14,25,0
9871,57,14,25,0
9872,57,14,25,0
9873,57,14,25,0
9874,57,14,25,0
9875,57,14,25,0
9876,57,14,25,0
9877,57,14,25,0
9878,57,14,25,0
9879,57,14,25,0
9880,57,14,25,0
9881,57,14,25,0
9882,57,14,25,0
9883,57,14,25,0
9884,57,14,25,0
9885,57,14,25,0
9886,57,14,25,0
9887,57,14,25,0
9888,57,14,25,0
9889,57,14,25,0
9890,57,14,25,0
9891,57,14,25,0
9892,57,14,25,0
9893,57,14,25,0
9894,57,14,25,0
9895,57,14,25,0
9896,57,14,25,0
9897,57,14,25,0
9898,57,14,25,0
9899,57,14,25,0
9900,57,14,25,0
9901,57,14,25,0
9902,57,14,25,0
9903,57,14,25,0
9904,57,14,25,0
9905,57,14,25,0
9906,57,14,25,0
9907,57,14,25,0
9908,57,14,25,0
9909,57,14,25,0
9910,57,14,25,0
9911,57,14,25,0
9912,57,14,25,0
9913,57,14,25,0
9914,57,14,25,0
9915,57,14,25,0
9916,57,14,25,0
9917,57,14,25,0
9918,57,14,25,0
9919,57,14,25,0
9920,57,14,25,0
9921,57,14,25,0
9922,57,14,25,0
9923,57,14,25,0
9924,57,14,25,0
9925,57,14,25,0
9926,57,14,25,0
9927,57,14,25,0
9928,57,14,25,0
9929,57,14,25,0
9930,57,14,25,0
9931,57,14,25,0
9932,57,14,25,0
9933,57,14,25,0
9934,57,14,25,0
9935,57,14,25,0
9936,57,14,25,0
9937,57,14,25,0
9938,57,14,25,0
9939,57,14,25,0
9940,57,14,25,0
9941,57,14,25,0
9942,57,14,25,0
9943,57,14,25,0
9944,57,14,25,0
9945,57,14,25,0
9946,57,14,25,0
9947,57,14,25,0
9948,57,14,25,0
9949,57,14,25,0
9950,57,14,25,0
9951,57,14,25,0
9952,57,14,25,0
9953,57,14,25,0
9954,57,14,25,0
9955,57,14,25,0
9956,57,14,25,0
9957,57,14,25,0
9958,57,14,25,0
9959,57,14,25,0
9960,57,14,25,0
9961,57,14,25,0
9962,57,14,25,0
9963,57,14,25,0
9964,57,14,25,0
9965,57,14,25,0
9966,57,14,25,0
9967,57,14,25,0
9968,57,14,25,0
9969,57,14,25,0
9970,57,14,25,0
9971,57,14,25,0
9972,57,14,25,0
9973,57,14,25,0
9974,57,14,25,0
9975,57,14,25,0
9976,57,14,25,0
9977,57,14,25,0
9978,57,14,25,0
9979,57,14,25,0
9980,57,14,25,0
9981,57,14,25,0
9982,57,14,25,0
9983,57,14,25,0
9984,57,14,25,0
9985,57,14,25,0
9986,57,14,25,0
9987,57,14,25,0
9988,57,14,25,0
9989,57,14,25,0
9990,57,14,25,0
9991,57,14,25,0
9992,57,14,25,0
9993,57,14,25,0
9994,57,14,25,0
9995,57,14,25,0
9996,57,14,25,0
9997,57,14,25,0
9998,57,14,25,0
9999,57,14,25,0
10000,57,14,25,0
10001,57,14,25,0
10002,57,14,25,0
10003,57,14,25,0
10004,57,14,25,0
10005,57,14,25,0
10006,57,14,25,0
10007,57,14,25,0
10008,57,14,25,0
10009,57,14,25,0
10010,57,14,25,0
10011,57,14,25,0
10012,57,14,25,0
10013,57,14,25,0
10014,57,14,25,0
10015,57,14,25,0
10016,57,14,25,0
10017,57,14,25,0
10018,57,14,25,0
10019,57,14,25,0
10020,57,14,25,0
10021,57,14,25,0
10022,57,14,25,0
10023,57,14,25,0
10024,57,14,25,0
10025,57,14,25,0
10026,57,14,25,0
10027,57,14,25,0
10028,57,14,25,0
10029,57,14,25,0
10030,57,14,25,0
10031,57,14,25,0
10032,57,14,25,0
10033,57,14,25,0
10034,57,14,25,0
10035,57,14,25,0
10036,57,14,25,0
10037,57,14,25,0
10038,57,14,25,0
10039,57,14,25,0
10040,57,14,25,0
10041,57,14,25,0
10042,57,14,25,0
10043,57,14,25,0
10044,57,14,25,0
10045,57,14,25,0
10046,57,14,25,0
10047,57,14,25,0
10048,57,14,25,0
10049,57,14,25,0
10050,57,14,25,0
10051,57,14,25,0
10052,57,14,25,0
10053,57,14,25,0
10054,57,14,25,0
10055,57,14,25,0
10056,57,14,25,0
10057,57,14,25,0
10058,57,14,25,0
10059,57,14,25,0
10060,57,14,25,0
10061,57,14,25,0
10062,57,14,25,0
10063,57,14,25,0
10064,57,14,25,0
10065,57,14,25,0
10066,57,14,25,0
10067,57,14,25,0
10068,57,14,25,0
10069,57,14,25,0
10070,57,14,25,0
10071,57,14,25,0
10072,57,14,25,0
10073,57,14,25,0
10074,57,14,25,0
10075,57,14,25,0
10076,57,14,25,0
10077,57,14,25,0
10078,57,14,25,0
10079,57,14,25,0
10080,57,14,25,0
10081,57,14,25,0
10082,57,14,25,0
10083,57,14,25,0
10084,57,14,25,0
10085,57,14,25,0
10086,57,14,25,0
10087,57,14,25,0
10088,57,14,25,0
10089,57,14,25,0
10090,57,14,25,0
10091,57,14,25,0
10092,57,14,25,0
10093,57,14,25,0
10094,57,14,25,0
10095,57,14,25,0
10096,57,14,25,0
10097,57,14,25,0
10098,57,14,25,0
10099,57,14,25,0
10100,57,14,25,0
10101,57,14,25,0
10102,57,14,25,0
10103,57,14,25,0
10104,57,14,25,0
10105,57,14,25,0
10106,57,14,25,0
10107,57,14,25,0
10108,57,14,25,0
10109,57,14,25,0
10110,57,14,25,0
10111,57,14,25,0
10112,57,14,25,0
10113,57,14,25,0
10114,57,14,25,0
10115,57,14,25,0
10116,57,14,25,0
10117,57,14,25,0
10118,57,14,25,0
10119,57,14,25,0
10120,57,14,25,0
10121,57,14,25,0
10122,57,14,25,0
10123,57,14,25,0
10124,57,14,25,0
10125,57,14,25,0
10126,57,14,25,0
10127,57,14,25,0
10128,57,14,25,0
10129,57,14,25,0
10130,57,14,25,0
10131,57,14,25,0
10132,57,14,25,0
10133,57,14,25,0
10134,57,14,25,0
10135,57,14,25,0
10136,57,14,25,0
10137,57,14,25,0
10138,57,14,25,0
10139,57,14,25,0
10140,57,14,25,0
10141,57,14,25,0
10142,57,14,25,0
10143,57,14,25,0
10144,57,14,25,0
10145,57,14,25,0
10146,57,14,25,0
10147,57,14,25,0
10148,57,14,25,0
10149,57,14,25,0
10150,57,14,25,0
10151,57,14,25,0
10152,57,14,25,0
10153,57,14,25,0
10154,57,14,25,0
10155,57,14,25,0
10156,57,14,25,0
10157,57,14,25,0
10158,57,14,25,0
10159,57,14,25,0
10160,57,14,25,0
10161,57,14,25,0
10162,57,14,25,0
10163,57,14,25,0
10164,57,14,25,0
10165,57,14,25,0
10166,57,14,25,0
10167,57,14,25,0
10168,57,14,25,0
10169,57,14,25,0
10170,57,14,25,0
10171,57,14,25,0
10172,57,14,25,0
10173,57,14,25,0
10174,57,14,25,0
10175,57,14,25,0
10176,57,14,25,0
10177,57,14,25,0
10178,57,14,25,0
10179,57,14,25,0
10180,57,14,25,0
10181,57,14,25,0
10182,57,14,25,0
10183,57,14,25,0
10184,57,14,25,0
10185,57,14,25,0
10186,57,14,25,0
10187,57,14,25,0
10188,57,14,25,0
10189,57,14,25,0
10190,57,14,25,0
10191,57,14,25,0
10192,57,14,25,0
10193,57,14,25,0
10194,57,14,25,0
10195,57,14,25,0
10196,57,14,25,0
10197,57,14,25,0
10198,57,14,25,0
10199,57,14,25,0
10200,57,14,25,0
10201,57,14,25,0
10202,57,14,25,0
10203,57,14,25,0
10204,57,14,25,0
10205,57,14,25,0
10206,57,14,25,0
10207,57,14,25,0
10208,57,14,25,0
10209,57,14,25,0
10210,57,14,25,0
10211,57,14,25,0
10212,57,14,25,0
10213,57,14,25,0
10214,57,14,25,0
10215,57,14,25,0
10216,57,14,25,0
10217,57,14,25,0
10218,57,14,25,0
10219,57,14,25,0
10220,57,14,25,0
10221,57,14,25,0
10222,57,14,25,0
10223,57,14,25,0
10224,57,14,25,0
10225,57,14,25,0
10226,57,14,25,0
10227,57,14,25,0
10228,57,14,25,0
10229,57,14,25,0
10230,57,14,25,0
10231,57,14,25,0
10232,57,14,25,0
10233,57,14,25,0
10234,57,14,25,0
10235,57,14,25,0
10236,57,14,25,0
10237,57,14,25,0
10238,57,14,25,0
10239,57,14,25,0
10240,57,14,25,0
10241,57,14,25,0
10242,57,14,25,0
10243,57,14,25,0
10244,57,14,25,0
10245,57,14,25,0
10246,57,14,25,0
10247,57,14,25,0
10248,57,14,25,0
10249,57,14,25,0
10250,57,14,25,0
10251,57,14,25,0
10252,57,14,25,0
10253,57,14,25,0
10254,57,14,25,0
10255,57,14,25,0
10256,57,14,25,0
10257,57,14,25,0
10258,57,14,25,0
10259,57,14,25,0
10260,57,14,25,0
10261,57,14,25,0
10262,57,14,25,0
10263,57,14,25,0
10264,57,14,25,0
10265,57,14,25,0
10266,57,14,25,0
10267,57,14,25,0
10268,57,14,25,0
10269,57,14,25,0
10270,57,14,25,0
10271,57,14,25,0
10272,57,14,25,0
10273,57,14,25,0
10274,57,14,25,0
10275,57,14,25,0
10276,57,14,25,0
10277,57,14,25,0
10278,57,14,25,0
10279,57,14,25,0
10280,57,14,25,0
10281,57,14,25,0
10282,57,14,25,0
10283,57,14,25,0
10284,57,14,25,0
10285,57,14,25,0
10286,57,14,25,0
10287,57,14,25,0
10288,57,14,25,0
10289,57,14,25,0
10290,57,14,25,0
10291,57,14,25,0
10292,57,14,25,0
10293,57,14,25,0
10294,57,14,25,0
10295,57,14,25,0
10296,57,14,25,0
10297,57,14,25,0
10298,57,14,25,0
10299,57,14,25,0
10300,57,14,25,0
10301,57,14,25,0
10302,57,14,25,0
10303,57,14,25,0
10304,57,14,25,0
10305,57,14,25,0
10306,57,14,25,0
10307,57,14,25,0
10308,57,14,25,0
10309,57,14,25,0
10310,57,14,25,0
10311,57,14,25,0
10312,57,14,25,0
10313,57,14,25,0
10314,57,14,25,0
10315,57,14,25,0
10316,57,14,25,0
10317,57,14,25,0
10318,57,14,25,0
10319,57,14,25,0
10320,57,14,25,0
10321,57,14,25,0
10322,57,14,25,0
10323,57,14,25,0
10324,57,14,25,0
10325,57,14,25,0
10326,57,14,25,0
10327,57,14,25,0
10328,57,14,25,0
10329,57,14,25,0
10330,57,14,25,0
10331,57,14,25,0
10332,57,14,25,0
10333,57,14,25,0
10334,57,14,25,0
10335,57,14,25,0
10336,57,14,25,0
10337,57,14,25,0
10338,57,14,25,0
10339,57,14,25,0
10340,57,14,25,0
10341,57,14,25,0
10342,57,14,25,0
10343,57,14,25,0
10344,57,14,25,0
10345,57,14,25,0
10346,57,14,25,0
10347,57,14,25,0
10348,57,14,25,0
10349,57,14,25,0
10350,57,14,25,0
10351,57,14,25,0
10352,57,14,25,0
10353,57,14,25,0
10354,57,14,25,0
10355,57,14,25,0
10356,57,14,25,0
10357,57,14,25,0
10358,57,14,25,0
10359,57,14,25,0
10360,57,14,25,0
10361,57,14,25,0
10362,57,14,25,0
10363,57,14,25,0
10364,57,14,25,0
10365,57,14,25,0
10366,57,14,25,0
10367,57,14,25,0
10368,57,14,25,0
10369,57,14,25,0
10370,57,14,25,0
10371,57,14,25,0
10372,57,14,25,0
10373,57,14,25,0
10374,57,14,25,0
10375,57,14,25,0
10376,57,14,25,0
10377,57,14,25,0
10378,57,14,25,0
10379,57,14,25,0
10380,57,14,25,0
10381,57,14,25,0
10382,57,14,25,0
10383,57,14,25,0
10384,57,14,25,0
10385,57,14,25,0
10386,57,14,25,0
10387,57,14,25,0
10388,57,14,25,0
10389,57,14,25,0
10390,57,14,25,0
10391,57,14,25,0
10392,57,14,25,0
10393,57,14,25,0
10394,57,14,25,0
10395,57,14,25,0
10396,57,14,25,0
10397,57,14,25,0
10398,57,14,25,0
10399,57,14,25,0
10400,57,14,25,0
10401,57,14,25,0
10402,57,14,25,0
10403,57,14,25,0
10404,57,14,25,0
10405,57,14,25,0
10406,57,14,25,0
10407,57,14,25,0
10408,57,14,25,0
10409,57,14,25,0
10410,57,14,25,0
10411,57,14,25,0
10412,57,14,25,0
10413,57,14,25,0
10414,57,14,25,0
10415,57,14,25,0
10416,57,14,25,0
10417,57,14,25,0
10418,57,14,25,0
10419,57,14,25,0
10420,57,14,25,0
10421,57,14,25,0
10422,57,14,25,0
10423,57,14,25,0
10424,57,14,25,0
10425,57,14,25,0
10426,57,14,25,0
10427,57,14,25,0
10428,57,14,25,0
10429,57,14,25,0
10430,57,14,25,0
10431,57,14,25,0
10432,57,14,25,0
10433,57,14,25,0
10434,57,14,25,0
10435,57,14,25,0
10436,57,14,25,0
10437,57,14,25,0
10438,57,14,25,0
10439,57,14,25,0
10440,57,14,25,0
10441,57,14,25,0
10442,57,14,25,0
10443,57,14,25,0
10444,57,14,25,0
10445,57,14,25,0
10446,57,14,25,0
10447,57,14,25,0
10448,57,14,25,0
10449,57,14,25,0
10450,57,14,25,0
10451,57,14,25,0
10452,57,14,25,0
10453,57,14,25,0
10454,57,14,25,0
10455,57,14,25,0
10456,57,14,25,0
10457,57,14,25,0
10458,57,14,25,0
10459,57,14,25,0
10460,57,14,25,0
10461,57,14,25,0
10462,57,14,25,0
10463,57,14,25,0
10464,57,14,25,0
10465,57,14,25,0
10466,57,14,25,0
10467,57,14,25,0
10468,57,14,25,0
10469,57,14,25,0
10470,57,14,25,0
10471,57,14,25,0
10472,57,14,25,0
10473,57,14,25,0
10474,57,14,25,0
10475,57,14,25,0
10476,57,14,25,0
10477,57,14,25,0
10478,57,14,25,0
10479,57,14,25,0
10480,57,14,25,0
10481,57,14,25,0
10482,57,14,25,0
10483,57,14,25,0
10484,57,14,25,0
10485,57,14,25,0
10486,57,14,25,0
10487,57,14,25,0
10488,57,14,25,0
10489,57,14,25,0
10490,57,14,25,0
10491,57,14,25,0
10492,57,14,25,0
10493,57,14,25,0
10494,57,14,25,0
10495,57,14,25,0
10496,57,14,25,0
10497,57,14,25,0
10498,57,14,25,0
10499,57,14,25,0
10500,57,14,25,0
10501,57,14,25,0
10502,57,14,25,0
10503,57,14,25,0
10504,57,14,25,0
10505,57,14,25,0
10506,57,14,25,0
10507,57,14,25,0
10508,57,14,25,0
10509,57,14,25,0
10510,57,14,25,0
10511,57,14,25,0
10512,57,14,25,0
10513,57,14,25,0
10514,57,14,25,0
10515,57,14,25,0
10516,57,14,25,0
10517,57,14,25,0
10518,57,14,25,0
10519,57,14,25,0
10520,57,14,25,0
10521,57,14,25,0
10522,57,14,25,0
10523,57,14,25,0
10524,57,14,25,0
10525,57,14,25,0
10526,57,14,25,0
10527,57,14,25,0
10528,57,14,25,0
10529,57,14,25,0
10530,57,14,25,0
10531,57,14,25,0
10532,57,14,25,0
10533,57,14,25,0
10534,57,14,25,0
10535,57,14,25,0
10536,57,14,25,0
10537,57,14,25,0
10538,57,14,25,0
10539,57,14,25,0
10540,57,14,25,0
10541,57,14,25,0
10542,57,14,25,0
10543,57,14,25,0
10544,57,14,25,0
10545,57,14,25,0
10546,57,14,25,0
10547,57,14,25,0
10548,57,14,25,0
10549,57,14,25,0
10550,57,14,25,0
10551,57,14,25,0
10552,57,14,25,0
10553,57,14,25,0
10554,57,14,25,0
10555,57,14,25,0
10556,57,14,25,0
10557,57,14,25,0
10558,57,14,25,0
10559,57,14,25,0
10560,57,14,25,0
10561,57,14,25,0
10562,57,14,25,0
10563,57,14,25,0
10564,57,14,25,0
10565,57,14,25,0
10566,57,14,25,0
10567,57,14,25,0
10568,57,14,25,0
10569,57,14,25,0
10570,57,14,25,0
10571,57,14,25,0
10572,57,14,25,0
10573,57,14,25,0
10574,57,14,25,0
10575,57,14,25,0
10576,57,14,25,0
10577,57,14,25,0
10578,57,14,25,0
10579,57,14,25,0
10580,57,14,25,0
10581,57,14,25,0
10582,57,14,25,0
10583,57,14,25,0
10584,57,14,25,0
10585,57,14,25,0
10586,57,14,25,0
10587,57,14,25,0
10588,57,14,25,0
10589,57,14,25,0
10590,57,14,25,0
10591,57,14,25,0
10592,57,14,25,0
10593,57,14,25,0
10594,57,14,25,0
10595,57,14,25,0
10596,57,14,25,0
10597,57,14,25,0
10598,57,14,25,0
10599,57,14,25,0
10600,57,14,25,0
10601,57,14,25,0
10602,57,14,25,0
10603,57,14,25,0
10604,57,14,25,0
10605,57,14,25,0
10606,57,14,25,0
10607,57,14,25,0
10608,57,14,25,0
10609,57,14,25,0
10610,57,14,25,0
10611,57,14,25,0
10612,57,14,25,0
10613,57,14,25,0
10614,57,14,25,0
10615,57,14,25,0
10616,57,14,25,0
10617,57,14,25,0
10618,57,14,25,0
10619,57,14,25,0
10620,57,14,25,0
10621,57,14,25,0
10622,57,14,25,0
10623,57,14,25,0
10624,57,14,25,0
10625,57,14,25,0
10626,57,14,25,0
10627,57,14,25,0
10628,57,14,25,0
10629,57,14,25,0
10630,57,14,25,0
10631,57,14,25,0
10632,57,14,25,0
10633,57,14,25,0
10634,57,14,25,0
10635,57,14,25,0
10636,57,14,25,0
10637,57,14,25,0
10638,57,14,25,0
10639,57,14,25,0
10640,57,14,25,0
10641,57,14,25,0
10642,57,14,25,0
10643,57,14,25,0
10644,57,14,25,0
10645,57,14,25,0
10646,57,14,25,0
10647,57,14,25,0
10648,57,14,25,0
10649,57,14,25,0
10650,57,14,25,0
10651,57,14,25,0
10652,57,14,25,0
10653,57,14,25,0
10654,57,14,25,0
10655,57,14,25,0
10656,57,14,25,0
10657,57,14,25,0
10658,57,14,25,0
10659,57,14,25,0
10660,57,14,25,0
10661,57,14,25,0
10662,57,14,25,0
10663,57,14,25,0
10664,57,14,25,0
10665,57,14,25,0
10666,57,14,25,0
10667,57,14,25,0
10668,57,14,25,0
10669,57,14,25,0
10670,57,14,25,0
10671,57,14,25,0
10672,57,14,25,0
10673,57,14,25,0
10674,57,14,25,0
10675,57,14,25,0
10676,57,14,25,0
10677,57,14,25,0
10678,57,14,25,0
10679,57,14,25,0
10680,57,14,25,0
10681,57,14,25,0
10682,57,14,25,0
10683,57,14,25,0
10684,57,14,25,0
10685,57,14,25,0
10686,57,14,25,0
10687,57,14,25,0
10688,57,14,25,0
10689,57,14,25,0
10690,57,14,25,0
10691,57,14,25,0
10692,57,14,25,0
10693,57,14,25,0
10694,57,14,25,0
10695,57,14,25,0
10696,57,14,25,0
10697,57,14,25,0
10698,57,14,25,0
10699,57,14,25,0
10700,57,14,25,0
10701,57,14,25,0
10702,57,14,25,0
10703,57,14,25,0
10704,57,14,25,0
10705,57,14,25,0
10706,57,14,25,0
10707,57,14,25,0
10708,57,14,25,0
10709,57,14,25,0
10710,57,14,25,0
10711,57,14,25,0
10712,57,14,25,0
10713,57,14,25,0
10714,57,14,25,0
10715,57,14,25,0
10716,57,14,25,0
10717,57,14,25,0
10718,57,14,25,0
10719,57,14,25,0
10720,57,14,25,0
10721,57,14,25,0
10722,57,14,25,0
10723,57,14,25,0
10724,57,14,25,0
10725,57,14,25,0
10726,57,14,25,0
10727,57,14,25,0
10728,57,14,25,0
10729,57,14,25,0
10730,57,14,25,0
10731,57,14,25,0
10732,57,14,25,0
10733,57,14,25,0
10734,57,14,25,0
10735,57,14,25,0
10736,57,14,25,0
10737,57,14,25,0
10738,57,14,25,0
10739,57,14,25,0
10740,57,14,25,0
10741,57,14,25,0
10742,57,14,25,0
10743,57,14,25,0
10744,57,14,25,0
10745,57,14,25,0
10746,57,14,25,0
10747,57,14,25,0
10748,57,14,25,0
10749,57,14,25,0
10750,57,14,25,0
10751,57,14,25,0
10752,57,14,25,0
10753,57,14,25,0
10754,57,14,25,0
10755,57,14,25,0
10756,57,14,25,0
10757,57,14,25,0
10758,57,14,25,0
10759,57,14,25,0
10760,57,14,25,0
10761,57,14,25,0
10762,57,14,25,0
10763,57,14,25,0
10764,57,14,25,0
10765,57,14,25,0
10766,57,14,25,0
10767,57,14,25,0
10768,57,14,25,0
10769,57,14,25,0
10770,57,14,25,0
10771,57,14,25,0
10772,57,14,25,0
10773,57,14,25,0
10774,57,14,25,0
10775,57,14,25,0
10776,57,14,25,0
10777,57,14,25,0
10778,57,14,25,0
10779,57,14,25,0
10780,57,14,25,0
10781,57,14,25,0
10782,57,14,25,0
10783,57,14,25,0
10784,57,14,25,0
10785,57,14,25,0
10786,57,14,25,0
10787,57,14,25,0
10788,57,14,25,0
10789,57,14,25,0
10790,57,14,25,0
10791,57,14,25,0
10792,57,14,25,0
10793,57,14,25,0
10794,57,14,25,0
10795,57,14,25,0
10796,57,14,25,0
10797,57,14,25,0
10798,57,14,25,0
10799,57,14,25,0
10800,57,14,25,0
10801,57,14,25,0
10802,57,14,25,0
10803,57,14,25,0
10804,57,14,25,0
10805,57,14,25,0
10806,57,14,25,0
10807,57,14,25,0
10808,57,14,25,0
10809,57,14,25,0
10810,57,14,25,0
10811,57,14,25,0
10812,57,14,25,0
10813,57,14,25,0
10814,57,14,25,0
10815,57,14,25,0
10816,57,14,25,0
10817,57,14,25,0
10818,57,14,25,0
10819,57,14,25,0
10820,57,14,25,0
10821,57,14,25,0
10822,57,14,25,0
10823,57,14,25,0
10824,57,14,25,0
10825,57,14,25,0
10826,57,14,25,0
10827,57,14,25,0
10828,57,14,25,0
10829,57,14,25,0
10830,57,14,25,0
10831,57,14,25,0
10832,57,14,25,0
10833,57,14,25,0
10834,57,14,25,0
10835,57,14,25,0
10836,57,14,25,0
10837,57,14,25,0
10838,57,14,25,0
10839,57,14,25,0
10840,57,14,25,0
10841,57,14,25,0
10842,57,14,25,0
10843,57,14,25,0
10844,57,14,25,0
10845,57,14,25,0
10846,57,14,25,0
10847,57,14,25,0
10848,57,14,25,0
10849,57,14,25,0
10850,57,14,25,0
10851,57,14,25,0
10852,57,14,25,0
10853,57,14,25,0
10854,57,14,25,0
10855,57,14,25,0
10856,57,14,25,0
10857,57,14,25,0
10858,57,14,25,0
10859,57,14,25,0
10860,57,14,25,0
10861,57,14,25,0
10862,57,14,25,0
10863,57,14,25,0
10864,57,14,25,0
10865,57,14,25,0
10866,57,14,25,0
10867,57,14,25,0
10868,57,14,25,0
10869,57,14,25,0
10870,57,14,25,0
10871,57,14,25,0
10872,57,14,25,0
10873,57,14,25,0
10874,57,14,25,0
10875,57,14,25,0
10876,57,14,25,0
10877,57,14,25,0
10878,57,14,25,0
10879,57,14,25,0
10880,57,14,25,0
10881,57,14,25,0
10882,57,14,25,0
10883,57,14,25,0
10884,57,14,25,0
10885,57,14,25,0
10886,57,14,25,0
10887,57,14,25,0
10888,57,14,25,0
10889,57,14,25,0
10890,57,14,25,0
10891,57,14,25,0
10892,57,14,25,0
10893,57,14,25,0
10894,57,14,25,0
10895,57,14,25,0
10896,57,14,25,0
10897,57,14,25,0
10898,57,14,25,0
10899,57,14,25,0
10900,57,14,25,0
10901,57,14,25,0
10902,57,14,25,0
10903,57,14,25,0
10904,57,14,25,0
10905,57,14,25,0
10906,57,14,25,0
10907,57,14,25,0
10908,57,14,25,0
10909,57,14,25,0
10910,57,14,25,0
10911,57,14,25,0
10912,57,14,25,0
10913,57,14,25,0
10914,57,14,25,0
10915,57,14,25,0
10916,57,14,25,0
10917,57,14,25,0
10918,57,14,25,0
10919,57,14,25,0
10920,57,14,25,0
10921,57,14,25,0
10922,57,14,25,0
10923,57,14,25,0
10924,57,14,25,0
10925,57,14,25,0
10926,57,14,25,0
10927,57,14,25,0
10928,57,14,25,0
10929,57,14,25,0
10930,57,14,25,0
10931,57,14,25,0
10932,57,14,25,0
10933,57,14,25,0
10934,57,14,25,0
10935,57,14,25,0
10936,57,14,25,0
10937,57,14,25,0
10938,57,14,25,0
10939,57,14,25,0
10940,57,14,25,0
10941,57,14,25,0
10942,57,14,25,0
10943,57,14,25,0
10944,57,14,25,0
10945,57,14,25,0
10946,57,14,25,0
10947,57,14,25,0
10948,57,14,25,0
10949,57,14,25,0
10950,57,14,25,0
10951,57,14,25,0
10952,57,14,25,0
10953,57,14,25,0
10954,57,14,25,0
10955,57,14,25,0
10956,57,14,25,0
10957,57,14,25,0
10958,57,14,25,0
10959,57,14,25,0
10960,57,14,25,0
10961,57,14,25,0
10962,57,14,25,0
10963,57,14,25,0
10964,57,14,25,0
10965,57,14,25,0
10966,57,14,25,0
10967,57,14,25,0
10968,57,14,25,0
10969,57,14,25,0
10970,57,14,25,0
10971,57,14,25,0
10972,57,14,25,0
10973,57,14,25,0
10974,57,14,25,0
10975,57,14,25,0
10976,57,14,25,0
10977,57,14,25,0
10978,57,14,25,0
10979,57,14,25,0
10980,57,14,25,0
10981,57,14,25,0
10982,57,14,25,0
10983,57,14,25,0
10984,57,14,25,0
10985,57,14,25,0
10986,57,14,25,0
10987,57,14,25,0
10988,57,14,25,0
10989,57,14,25,0
10990,57,14,25,0
10991,57,14,25,0
10992,57,14,25,0
10993,57,14,25,0
10994,57,14,25,0
10995,57,14,25,0
10996,57,14,25,0
10997,57,14,25,0
10998,57,14,25,0
10999,57,14,25,0
11000,57,14,25,0
11001,57,14,25,0
11002,57,14,25,0
11003,57,14,25,0
11004,57,14,25,0
11005,57,14,25,0
11006,57,14,25,0
11007,57,14,25,0
11008,57,14,25,0
11009,57,14,25,0
11010,57,14,25,0
11011,57,14,25,0
11012,57,14,25,0
11013,57,14,25,0
11014,57,14,25,0
11015,57,14,25,0
11016,57,14,25,0
11017,57,14,25,0
11018,57,14,25,0
11019,57,14,25,0
11020,57,14,25,0
11021,57,14,25,0
11022,57,14,25,0
11023,57,14,25,0
11024,57,14,25,0
11025,57,14,25,0
11026,57,14,25,0
11027,57,14,25,0
11028,57,14,25,0
11029,57,14,25,0
11030,57,14,25,0
11031,57,14,25,0
11032,57,14,25,0
11033,57,14,25,0
11034,57,14,25,0
11035,57,14,25,0
11036,57,14,25,0
11037,57,14,25,0
11038,57,14,25,0
11039,57,14,25,0
11040,57,14,25,0
11041,57,14,25,0
11042,57,14,25,0
11043,57,14,25,0
11044,57,14,25,0
11045,57,14,25,0
11046,57,14,25,0
11047,57,14,25,0
11048,57,14,25,0
11049,57,14,25,0
11050,57,14,25,0
11051,57,14,25,0
11052,57,14,25,0
11053,57,14,25,0
11054,57,14,25,0
11055,57,14,25,0
11056,57,14,25,0
11057,57,14,25,0
11058,57,14,25,0
11059,57,14,25,0
11060,57,14,25,0
11061,57,14,25,0
11062,57,14,25,0
11063,57,14,25,0
11064,57,14,25,0
11065,57,14,25,0
11066,57,14,25,0
11067,57,14,25,0
11068,57,14,25,0
11069,57,14,25,0
11070,57,14,25,0
11071,57,14,25,0
11072,57,14,25,0
11073,57,14,25,0
11074,57,14,25,0
11075,57,14,25,0
11076,57,14,25,0
11077,57,14,25,0
11078,57,14,25,0
11079,57,14,25,0
11080,57,14,25,0
11081,57,14,25,0
11082,57,14,25,0
11083,57,14,25,0
11084,57,14,25,0
11085,57,14,25,0
11086,57,14,25,0
11087,57,14,25,0
11088,57,14,25,0
11089,57,14,25,0
11090,57,14,25,0
11091,57,14,25,0
11092,57,14,25,0
11093,57,14,25,0
11094,57,14,25,0
11095,57,14,25,0
11096,57,14,25,0
11097,57,14,25,0
11098,57,14,25,0
11099,57,14,25,0
11100,57,14,25,0
11101,57,14,25,0
11102,57,14,25,0
11103,57,14,25,0
11104,57,14,25,0
11105,57,14,25,0
11106,57,14,25,0
11107,57,14,25,0
11108,57,14,25,0
11109,57,14,25,0
11110,57,14,25,0
11111,57,14,25,0
11112,57,14,25,0
11113,57,14,25,0
11114,57,14,25,0
11115,57,14,25,0
11116,57,14,25,0
11117,57,14,25,0
11118,57,14,25,0
11119,57,14,25,0
11120,57,14,25,0
11121,57,14,25,0
11122,57,14,25,0
11123,57,14,25,0
11124,57,14,25,0
11125,57,14,25,0
11126,57,14,25,0
11127,57,14,25,0
11128,57,14,25,0
11129,57,14,25,0
11130,57,14,25,0
11131,57,14,25,0
11132,57,14,25,0
11133,57,14,25,0
11134,57,14,25,0
11135,57,14,25,0
11136,57,14,25,0
11137,57,14,25,0
11138,57,14,25,0
11139,57,14,25,0
11140,57,14,25,0
11141,57,14,25,0
11142,57,14,25,0
11143,57,14,25,0
11144,57,14,25,0
11145,57,14,25,0
11146,57,14,25,0
11147,57,14,25,0
11148,57,14,25,0
11149,57,14,25,0
11150,57,14,25,0
11151,57,14,25,0
11152,57,14,25,0
11153,57,14,25,0
11154,57,14,25,0
11155,57,14,25,0
11156,57,14,25,0
11157,57,14,25,0
11158,57,14,25,0
11159,57,14,25,0
11160,57,14,25,0
11161,57,14,25,0
11162,57,14,25,0
11163,57,14,25,0
11164,57,14,25,0
11165,57,14,25,0
11166,57,14,25,0
11167,57,14,25,0
11168,57,14,25,0
11169,57,14,25,0
11170,57,14,25,0
11171,57,14,25,0
11172,57,14,25,0
11173,57,14,25,0
11174,57,14,25,0
11175,57,14,25,0
11176,57,14,25,0
11177,57,14,25,0
11178,57,14,25,0
11179,57,14,25,0
11180,57,14,25,0
11181,57,14,25,0
11182,57,14,25,0
11183,57,14,25,0
11184,57,14,25,0
11185,57,14,25,0
11186,57,14,25,0
11187,57,14,25,0
11188,57,14,25,0
11189,57,14,25,0
11190,57,14,25,0
11191,57,14,25,0
11192,57,14,25,0
11193,57,14,25,0
11194,57,14,25,0
11195,57,14,25,0
11196,57,14,25,0
11197,57,14,25,0
11198,57,14,25,0
11199,57,14,25,0
11200,57,14,25,0
11201,57,14,25,0
11202,57,14,25,0
11203,57,14,25,0
11204,57,14,25,0
11205,57,14,25,0
11206,57,14,25,0
11207,57,14,25,0
11208,57,14,25,0
11209,57,14,25,0
11210,57,14,25,0
11211,57,14,25,0
11212,57,14,25,0
11213,57,14,25,0
11214,57,14,25,0
11215,57,14,25,0
11216,57,14,25,0
11217,57,14,25,0
11218,57,14,25,0
11219,57,14,25,0
11220,57,14,25,0
11221,57,14,25,0
11222,57,14,25,0
11223,57,14,25,0
11224,57,14,25,0
11225,57,14,25,0
11226,57,14,25,0
11227,57,14,25,0
11228,57,14,25,0
11229,57,14,25,0
11230,57,14,25,0
11231,57,14,25,0
11232,57,14,25,0
11233,57,14,25,0
11234,57,14,25,0
11235,57,14,25,0
11236,57,14,25,0
11237,57,14,25,0
11238,57,14,25,0
11239,57,14,25,0
11240,57,14,25,0
11241,57,14,25,0
11242,57,14,25,0
11243,57,14,25,0
11244,57,14,25,0
11245,57,14,25,0
11246,57,14,25,0
11247,57,14,25,0
11248,57,14,25,0
11249,57,14,25,0
11250,57,14,25,0
11251,57,14,25,0
11252,57,14,25,0
11253,57,14,25,0
11254,57,14,25,0
11255,57,14,25,0
11256,57,14,25,0
11257,57,14,25,0
11258,57,14,25,0
11259,57,14,25,0
11260,57,14,25,0
11261,57,14,25,0
11262,57,14,25,0
11263,57,14,25,0
11264,57,14,25,0
11265,57,14,25,0
11266,57,14,25,0
11267,57,14,25,0
11268,57,14,25,0
11269,57,14,25,0
11270,57,14,25,0
11271,57,14,25,0
11272,57,14,25,0
11273,57,14,25,0
11274,57,14,25,0
11275,57,14,25,0
11276,57,14,25,0
11277,57,14,25,0
11278,57,14,25,0
11279,57,14,25,0
11280,57,14,25,0
11281,57,14,25,0
11282,57,14,25,0
11283,57,14,25,0
11284,57,14,25,0
11285,57,14,25,0
11286,57,14,25,0
11287,57,14,25,0
11288,57,14,25,0
11289,57,14,25,0
11290,57,14,25,0
11291,57,14,25,0
11292,57,14,25,0
11293,57,14,25,0
11294,57,14,25,0
11295,57,14,25,0
11296,57,14,25,0
11297,57,14,25,0
11298,57,14,25,0
11299,57,14,25,0
11300,57,14,25,0
11301,57,14,25,0
11302,57,14,25,0
11303,57,14,25,0
11304,57,14,25,0
11305,57,14,25,0
11306,57,14,25,0
11307,57,14,25,0
11308,57,14,25,0
11309,57,14,25,0
11310,57,14,25,0
11311,57,14,25,0
11312,57,14,25,0
11313,57,14,25,0
11314,57,14,25,0
11315,57,14,25,0
11316,57,14,25,0
11317,57,14,25,0
11318,57,14,25,0
11319,57,14,25,0
11320,57,14,25,0
11321,57,14,25,0
11322,57,14,25,0
11323,57,14,25,0
11324,57,14,25,0
11325,57,14,25,0
11326,57,14,25,0
11327,57,14,25,0
11328,57,14,25,0
11329,57,14,25,0
11330,57,14,25,0
11331,57,14,25,0
11332,57,14,25,0
11333,57,14,25,0
11334,57,14,25,0
11335,57,14,25,0
11336,57,14,25,0
11337,57,14,25,0
11338,57,14,25,0
11339,57,14,25,0
11340,57,14,25,0
11341,57,14,25,0
11342,57,14,25,0
11343,57,14,25,0
11344,57,14,25,0
11345,57,14,25,0
11346,57,14,25,0
11347,57,14,25,0
11348,57,14,25,0
11349,57,14,25,0
11350,57,14,25,0
11351,57,14,25,0
11352,57,14,25,0
11353,57,14,25,0
11354,57,14,25,0
11355,57,14,25,0
11356,57,14,25,0
11357,57,14,25,0
11358,57,14,25,0
11359,57,14,25,0
11360,57,14,25,0
11361,57,14,25,0
11362,57,14,25,0
11363,57,14,25,0
11364,57,14,25,0
11365,57,14,25,0
11366,57,14,25,0
11367,57,14,25,0
11368,57,14,25,0
11369,57,14,25,0
11370,57,14,25,0
11371,57,14,25,0
11372,57,14,25,0
11373,57,14,25,0
11374,57,14,25,0
11375,57,14,25,0
11376,57,14,25,0
11377,57,14,25,0
11378,57,14,25,0
11379,57,14,25,0
11380,57,14,25,0
11381,57,14,25,0
11382,57,14,25,0
11383,57,14,25,0
11384,57,14,25,0
11385,57,14,25,0
11386,57,14,25,0
11387,57,14,25,0
11388,57,14,25,0
11389,57,14,25,0
11390,57,14,25,0
11391,57,14,25,0
11392,57,14,25,0
11393,57,14,25,0
11394,57,14,25,0
11395,57,14,25,0
11396,57,14,25,0
11397,57,14,25,0
11398,57,14,25,0
11399,57,14,25,0
11400,57,14,25,0
11401,57,14,25,0
11402,57,14,25,0
11403,57,14,25,0
11404,57,14,25,0
11405,57,14,25,0
11406,57,14,25,0
11407,57,14,25,0
11408,57,14,25,0
11409,57,14,25,0
11410,57,14,25,0
11411,57,14,25,0
11412,57,14,25,0
11413,57,14,25,0
11414,57,14,25,0
11415,57,14,25,0
11416,57,14,25,0
11417,57,14,25,0
11418,57,14,25,0
11419,57,14,25,0
11420,57,14,25,0
11421,57,14,25,0
11422,57,14,25,0
11423,57,14,25,0
11424,57,14,25,0
11425,57,14,25,0
11426,57,14,25,0
11427,57,14,25,0
11428,57,14,25,0
11429,57,14,25,0
11430,57,14,25,0
11431,57,14,25,0
11432,57,14,25,0
11433,57,14,25,0
11434,57,14,25,0
11435,57,14,25,0
11436,57,14,25,0
11437,57,14,25,0
11438,57,14,25,0
11439,57,14,25,0
11440,57,14,25,0
11441,57,14,25,0
11442,57,14,25,0
11443,57,14,25,0
11444,57,14,25,0
11445,57,14,25,0
11446,57,14,25,0
11447,57,14,25,0
11448,57,14,25,0
11449,57,14,25,0
11450,57,14,25,0
11451,57,14,25,0
11452,57,14,25,0
11453,57,14,25,0
11454,57,14,25,0
11455,57,14,25,0
11456,57,14,25,0
11457,57,14,25,0
11458,57,14,25,0
11459,57,14,25,0
11460,57,14,25,0
11461,57,14,25,0
11462,57,14,25,0
11463,57,14,25,0
11464,57,14,25,0
11465,57,14,25,0
11466,57,14,25,0
11467,57,14,25,0
11468,57,14,25,0
11469,57,14,25,0
11470,57,14,25,0
11471,57,14,25,0
11472,57,14,25,0
11473,57,14,25,0
11474,57,14,25,0
11475,57,14,25,0
11476,57,14,25,0
11477,57,14,25,0
11478,57,14,25,0
11479,57,14,25,0
11480,57,14,25,0
11481,57,14,25,0
11482,57,14,25,0
11483,57,14,25,0
11484,57,14,25,0
11485,57,14,25,0
11486,57,14,25,0
11487,57,14,25,0
11488,57,14,25,0
11489,57,14,25,0
11490,57,14,25,0
11491,57,14,25,0
11492,57,14,25,0
11493,57,14,25,0
11494,57,14,25,0
11495,57,14,25,0
11496,57,14,25,0
11497,57,14,25,0
11498,57,14,25,0
11499,57,14,25,0
11500,57,14,25,0
11501,57,14,25,0
11502,57,14,25,0
11503,57,14,25,0
11504,57,14,25,0
11505,57,14,25,0
11506,57,14,25,0
11507,57,14,25,0
11508,57,14,25,0
11509,57,14,25,0
11510,57,14,25,0
11511,57,14,25,0
11512,57,14,25,0
11513,57,14,25,0
11514,57,14,25,0
11515,57,14,25,0
11516,57,14,25,0
11517,57,14,25,0
11518,57,14,25,0
11519,57,14,25,0
11520,57,14,25,0
11521,57,14,25,0
11522,57,14,25,0
11523,57,14,25,0
11524,57,14,25,0
11525,57,14,25,0
11526,57,14,25,0
11527,57,14,25,0
11528,57,14,25,0
11529,57,14,25,0
11530,57,14,25,0
11531,57,14,25,0
11532,57,14,25,0
11533,57,14,25,0
11534,57,14,25,0
11535,57,14,25,0
11536,57,14,25,0
11537,57,14,25,0
11538,57,14,25,0
11539,57,14,25,0
11540,57,14,25,0
11541,57,14,25,0
11542,57,14,25,0
11543,57,14,25,0
11544,57,14,25,0
11545,57,14,25,0
11546,57,14,25,0
11547,57,14,25,0
11548,57,14,25,0
11549,57,14,25,0
11550,57,14,25,0
11551,57,14,25,0
11552,57,14,25,0
11553,57,14,25,0
11554,57,14,25,0
11555,57,14,25,0
11556,57,14,25,0
11557,57,14,25,0
11558,57,14,25,0
11559,57,14,25,0
11560,57,14,25,0
11561,57,14,25,0
11562,57,14,25,0
11563,57,14,25,0
11564,57,14,25,0
11565,57,14,25,0
11566,57,14,25,0
11567,57,14,25,0
11568,57,14,25,0
11569,57,14,25,0
11570,57,14,25,0
11571,57,14,25,0
11572,57,14,25,0
11573,57,14,25,0
11574,57,14,25,0
11575,57,14,25,0
11576,57,14,25,0
11577,57,14,25,0
11578,57,14,25,0
11579,57,14,25,0
11580,57,14,25,0
11581,57,14,25,0
11582,57,14,25,0
11583,57,14,25,0
11584,57,14,25,0
11585,57,14,25,0
11586,57,14,25,0
11587,57,14,25,0
11588,57,14,25,0
11589,57,14,25,0
11590,57,14,25,0
11591,57,14,25,0
11592,57,14,25,0
11593,57,14,25,0
11594,57,14,25,0
11595,57,14,25,0
11596,57,14,25,0
11597,57,14,25,0
11598,57,14,25,0
11599,57,14,25,0
11600,57,14,25,0
11601,57,14,25,0
11602,57,14,25,0
11603,57,14,25,0
11604,57,14,25,0
11605,57,14,25,0
11606,57,14,25,0
11607,57,14,25,0
11608,57,14,25,0
11609,57,14,25,0
11610,57,14,25,0
11611,57,14,25,0
11612,57,14,25,0
11613,57,14,25,0
11614,57,14,25,0
11615,57,14,25,0
11616,57,14,25,0
11617,57,14,25,0
11618,57,14,25,0
11619,57,14,25,0
11620,57,14,25,0
11621,57,14,25,0
11622,57,14,25,0
11623,57,14,25,0
11624,57,14,25,0
11625,57,14,25,0
11626,57,14,25,0
11627,57,14,25,0
11628,57,14,25,0
11629,57,14,25,0
11630,57,14,25,0
11631,57,14,25,0
11632,57,14,25,0
11633,57,14,25,0
11634,57,14,25,0
11635,57,14,25,0
11636,57,14,25,0
11637,57,14,25,0
11638,57,14,25,0
11639,57,14,25,0
11640,57,14,25,0
11641,57,14,25,0
11642,57,14,25,0
11643,57,14,25,0
11644,57,14,25,0
11645,57,14,25,0
11646,57,14,25,0
11647,57,14,25,0
11648,57,14,25,0
11649,57,14,25,0
11650,57,14,25,0
11651,57,14,25,0
11652,57,14,25,0
11653,57,14,25,0
11654,57,14,25,0
11655,57,14,25,0
11656,57,14,25,0
11657,57,14,25,0
11658,57,14,25,0
11659,57,14,25,0
11660,57,14,25,0
11661,57,14,25,0
11662,57,14,25,0
11663,57,14,25,0
11664,57,14,25,0
11665,57,14,25,0
11666,57,14,25,0
11667,57,14,25,0
11668,57,14,25,0
11669,57,14,25,0
11670,57,14,25,0
11671,57,14,25,0
11672,57,14,25,0
11673,57,14,25,0
11674,57,14,25,0
11675,57,14,25,0
11676,57,14,25,0
11677,57,14,25,0
11678,57,14,25,0
11679,57,14,25,0
11680,57,14,25,0
11681,57,14,25,0
11682,57,14,25,0
11683,57,14,25,0
11684,57,14,25,0
11685,57,14,25,0
11686,57,14,25,0
11687,57,14,25,0
11688,57,14,25,0
11689,57,14,25,0
11690,57,14,25,0
11691,57,14,25,0
11692,57,14,25,0
11693,57,14,25,0
11694,57,14,25,0
11695,57,14,25,0
11696,57,14,25,0
11697,57,14,25,0
11698,57,14,25,0
11699,57,14,25,0
11700,57,14,25,0
11701,57,14,25,0
11702,57,14,25,0
11703,57,14,25,0
11704,57,14,25,0
11705,57,14,25,0
11706,57,14,25,0
11707,57,14,25,0
11708,57,14,25,0
11709,57,14,25,0
11710,57,14,25,0
11711,57,14,25,0
11712,57,14,25,0
11713,57,14,25,0
11714,57,14,25,0
11715,57,14,25,0
11716,57,14,25,0
11717,57,14,25,0
11718,57,14,25,0
11719,57,14,25,0
11720,57,14,25,0
11721,57,14,25,0
11722,57,14,25,0
11723,57,14,25,0
11724,57,14,25,0
11725,57,14,25,0
11726,57,14,25,0
11727,57,14,25,0
11728,57,14,25,0
11729,57,14,25,0
11730,57,14,25,0
11731,57,14,25,0
11732,57,14,25,0
11733,57,14,25,0
11734,57,14,25,0
11735,57,14,25,0
11736,57,14,25,0
11737,57,14,25,0
11738,57,14,25,0
11739,57,14,25,0
11740,57,14,25,0
11741,57,14,25,0
11742,57,14,25,0
11743,57,14,25,0
11744,57,14,25,0
11745,57,14,25,0
11746,57,14,25,0
11747,57,14,25,0
11748,57,14,25,0
11749,57,14,25,0
11750,57,14,25,0
11751,57,14,25,0
11752,57,14,25,0
11753,57,14,25,0
11754,57,14,25,0
11755,57,14,25,0
11756,57,14,25,0
11757,57,14,25,0
11758,57,14,25,0
11759,57,14,25,0
11760,57,14,25,0
11761,57,14,25,0
11762,57,14,25,0
11763,57,14,25,0
11764,57,14,25,0
11765,57,14,25,0
11766,57,14,25,0
11767,57,14,25,0
11768,57,14,25,0
11769,57,14,25,0
11770,57,14,25,0
11771,57,14,25,0
11772,57,14,25,0
11773,57,14,25,0
11774,57,14,25,0
11775,57,14,25,0
11776,57,14,25,0
11777,57,14,25,0
11778,57,14,25,0
11779,57,14,25,0
11780,57,14,25,0
11781,57,14,25,0
11782,57,14,25,0
11783,57,14,25,0
11784,57,14,25,0
11785,57,14,25,0
11786,57,14,25,0
11787,57,14,25,0
11788,57,14,25,0
11789,57,14,25,0
11790,57,14,25,0
11791,57,14,25,0
11792,57,14,25,0
11793,57,14,25,0
11794,57,14,25,0
11795,57,14,25,0
11796,57,14,25,0
11797,57,14,25,0
11798,57,14,25,0
11799,57,14,25,0
11800,57,14,25,0
11801,57,14,25,0
11802,57,14,25,0
11803,57,14,25,0
11804,57,14,25,0
11805,57,14,25,0
11806,57,14,25,0
11807,57,14,25,0
11808,57,14,25,0
11809,57,14,25,0
11810,57,14,25,0
11811,57,14,25,0
11812,57,14,25,0
11813,57,14,25,0
11814,57,14,25,0
11815,57,14,25,0
11816,57,14,25,0
11817,57,14,25,0
11818,57,14,25,0
11819,57,14,25,0
11820,57,14,25,0
11821,57,14,25,0
11822,57,14,25,0
11823,57,14,25,0
11824,57,14,25,0
11825,57,14,25,0
11826,57,14,25,0
11827,57,14,25,0
11828,57,14,25,0
11829,57,14,25,0
11830,57,14,25,0
11831,57,14,25,0
11832,57,14,25,0
11833,57,14,25,0
11834,57,14,25,0
11835,57,14,25,0
11836,57,14,25,0
11837,57,14,25,0
11838,57,14,25,0
11839,57,14,25,0
11840,57,14,25,0
11841,57,14,25,0
11842,57,14,25,0
11843,57,14,25,0
11844,57,14,25,0
11845,57,14,25,0
11846,57,14,25,0
11847,57,14,25,0
11848,57,14,25,0
11849,57,14,25,0
11850,57,14,25,0
11851,57,14,25,0
11852,57,14,25,0
11853,57,14,25,0
11854,57,14,25,0
11855,57,14,25,0
11856,57,14,25,0
11857,57,14,25,0
11858,57,14,25,0
11859,57,14,25,0
11860,57,14,25,0
11861,57,14,25,0
11862,57,14,25,0
11863,57,14,25,0
11864,57,14,25,0
11865,57,14,25,0
11866,57,14,25,0
11867,57,14,25,0
11868,57,14,25,0
11869,57,14,25,0
11870,57,14,25,0
11871,57,14,25,0
11872,57,14,25,0
11873,57,14,25,0
11874,57,14,25,0
11875,57,14,25,0
11876,57,14,25,0
11877,59,15,26,0
11878,59,15,26,0
11879,59,15,26,0
11880,59,15,26,0
11881,59,15,26,0
11882,59,15,26,0
11883,59,15,26,0
11884,59,15,26,0
11885,59,15,26,0
11886,59,15,26,0
11887,59,15,26,0
11888,59,15,26,0
11889,59,15,26,0
11890,59,15,26,0
11891,59,15,26,0
11892,59,15,26,0
11893,59,15,26,0
11894,59,15,26,0
11895,59,15,26,0
11896,59,15,26,0
11897,59,15,26,0
11898,59,15,26,0
11899,59,15,26,0
11900,59,15,26,0
11901,59,15,26,0
11902,59,15,26,0
11903,59,15,26,0
11904,59,15,26,0
11905,59,15,26,0
11906,59,15,26,0
11907,59,15,26,0
11908,59,15,26,0
11909,59,15,26,0
11910,59,15,26,0
11911,59,15,26,0
11912,59,15,26,0
11913,59,15,26,0
11914,59,15,26,0
11915,59,15,26,0
11916,59,15,26,0
11917,59,15,26,0
11918,59,15,26,0
11919,59,15,26,0
11920,59,15,26,0
11921,59,15,26,0
11922,59,15,26,0
11923,59,15,26,0
11924,59,15,26,0
11925,59,15,26,0
11926,59,15,26,0
11927,59,15,26,0
11928,59,15,26,0
11929,59,15,26,0
11930,59,15,26,0
11931,59,15,26,0
11932,59,15,26,0
11933,59,15,26,0
11934,59,15,26,0
11935,59,15,26,0
11936,59,15,26,0
11937,59,15,26,0
11938,59,15,26,0
11939,59,15,26,0
11940,59,15,26,0
11941,59,15,26,0
11942,59,15,26,0
11943,59,15,26,0
11944,59,15,26,0
11945,59,15,26,0
11946,59,15,26,0
11947,59,15,26,0
11948,59,15,26,0
11949,59,15,26,0
11950,59,15,26,0
11951,59,15,26,0
11952,59,15,26,0
11953,59,15,26,0
11954,59,15,26,0
11955,59,15,26,0
11956,59,15,26,0
11957,59,15,26,0
11958,59,15,26,0
11959,59,15,26,0
11960,59,15,26,0
11961,59,15,26,0
11962,59,15,26,0
11963,59,15,26,0
11964,59,15,26,0
11965,59,15,26,0
11966,59,15,26,0
11967,59,15,26,0
11968,59,15,26,0
11969,59,15,26,0
11970,59,15,26,0
11971,59,15,26,0
11972,59,15,26,0
11973,59,15,26,0
11974,59,15,26,0
11975,59,15,26,0
11976,59,15,26,0
11977,59,15,26,0
11978,59,15,26,0
11979,59,15,26,0
11980,59,15,26,0
11981,59,15,26,0
11982,59,15,26,0
11983,59,15,26,0
11984,59,15,26,0
11985,59,15,26,0
11986,59,15,26,0
11987,59,15,26,0
11988,59,15,26,0
11989,59,15,26,0
11990,59,15,26,0
11991,59,15,26,0
11992,59,15,26,0
11993,59,15,26,0
11994,59,15,26,0
11995,59,15,26,0
11996,59,15,26,0
11997,59,15,26,0
11998,59,15,26,0
11999,59,15,26,0
12000,59,15,26,0
12001,59,15,26,0
12002,59,15,26,0
12003,59,15,26,0
12004,59,15,26,0
12005,59,15,26,0
12006,59,15,26,0
12007,59,15,26,0
12008,59,15,26,0
12009,59,15,26,0
12010,59,15,26,0
12011,59,15,26,0
12012,59,15,26,0
12013,59,15,26,0
12014,59,15,26,0
12015,59,15,26,0
12016,59,15,26,0
12017,59,15,26,0
12018,59,15,26,0
12019,59,15,26,0
12020,59,15,26,0
12021,59,15,26,0
12022,59,15,26,0
12023,59,15,26,0
12024,59,15,26,0
12025,59,15,26,0
12026,59,15,26,0
12027,59,15,26,0
12028,59,15,26,0
12029,59,15,26,0
12030,59,15,26,0
12031,59,15,26,0
12032,59,15,26,0
12033,59,15,26,0
12034,59,15,26,0
12035,59,15,26,0
12036,59,15,26,0
12037,59,15,26,0
12038,59,15,26,0
12039,59,15,26,0
12040,59,15,26,0
12041,59,15,26,0
12042,59,15,26,0
12043,59,15,26,0
12044,59,15,26,0
12045,59,15,26,0
12046,59,15,26,0
12047,59,15,26,0
12048,59,15,26,0
12049,59,15,26,0
12050,59,15,26,0
12051,59,15,26,0
12052,59,15,26,0
12053,59,15,26,0
12054,59,15,26,0
12055,59,15,26,0
12056,59,15,26,0
12057,59,15,26,0
12058,59,15,26,0
12059,59,15,26,0
12060,59,15,26,0
12061,59,15,26,0
12062,59,15,26,0
12063,59,15,26,0
12064,59,15,26,0
12065,59,15,26,0
12066,59,15,26,0
12067,59,15,26,0
12068,59,15,26,0
12069,59,15,26,0
12070,59,15,26,0
12071,59,15,26,0
12072,59,15,26,0
12073,59,15,26,0
12074,59,15,26,0
12075,59,15,26,0
12076,59,15,26,0
12077,59,15,26,0
12078,59,15,26,0
12079,59,15,26,0
12080,59,15,26,0
12081,59,15,26,0
12082,59,15,26,0
12083,59,15,26,0
12084,59,15,26,0
12085,59,15,26,0
12086,59,15,26,0
12087,59,15,26,0
12088,59,15,26,0
12089,59,15,26,0
12090,59,15,26,0
12091,59,15,26,0
12092,59,15,26,0
12093,59,15,26,0
12094,59,15,26,0
12095,59,15,26,0
12096,59,15,26,0
12097,59,15,26,0
12098,59,15,26,0
12099,59,15,26,0
12100,59,15,26,0
12101,59,15,26,0
12102,59,15,26,0
12103,59,15,26,0
12104,59,15,26,0
12105,59,15,26,0
12106,59,15,26,0
12107,59,15,26,0
12108,59,15,26,0
12109,59,15,26,0
12110,59,15,26,0
12111,59,15,26,0
12112,59,15,26,0
12113,59,15,26,0
12114,59,15,26,0
12115,59,15,26,0
12116,59,15,26,0
12117,59,15,26,0
12118,59,15,26,0
12119,59,15,26,0
12120,59,15,26,0
12121,59,15,26,0
12122,59,15,26,0
12123,59,15,26,0
12124,59,15,26,0
12125,59,15,26,0
12126,59,15,26,0
12127,59,15,26,0
12128,59,15,26,0
12129,59,15,26,0
12130,59,15,26,0
12131,59,15,26,0
12132,59,15,26,0
12133,59,15,26,0
12134,59,15,26,0
12135,59,15,26,0
12136,59,15,26,0
12137,59,15,26,0
12138,59,15,26,0
12139,59,15,26,0
12140,59,15,26,0
12141,59,15,26,0
12142,59,15,26,0
12143,59,15,26,0
12144,59,15,26,0
12145,59,15,26,0
12146,59,15,26,0
12147,59,15,26,0
12148,59,15,26,0
12149,59,15,26,0
12150,59,15,26,0
12151,59,15,26,0
12152,59,15,26,0
12153,59,15,26,0
12154,59,15,26,0
12155,59,15,26,0
12156,59,15,26,0
12157,59,15,26,0
12158,59,15,26,0
12159,59,15,26,0
12160,59,15,26,0
12161,59,15,26,0
12162,59,15,26,0
12163,59,15,26,0
12164,59,15,26,0
12165,59,15,26,0
12166,59,15,26,0
12167,59,15,26,0
12168,59,15,26,0
12169,59,15,26,0
12170,59,15,26,0
12171,59,15,26,0
12172,59,15,26,0
12173,59,15,26,0
12174,59,15,26,0
12175,59,15,26,0
12176,59,15,26,0
12177,59,15,26,0
12178,59,15,26,0
12179,59,15,26,0
12180,59,15,26,0
12181,59,15,26,0
12182,59,15,26,0
12183,59,15,26,0
12184,59,15,26,0
12185,59,15,26,0
12186,59,15,26,0
12187,59,15,26,0
12188,59,15,26,0
12189,59,15,26,0
12190,59,15,26,0
12191,59,15,26,0
12192,59,15,26,0
12193,59,15,26,0
12194,59,15,26,0
12195,59,15,26,0
12196,59,15,26,0
12197,59,15,26,0
12198,59,15,26,0
12199,59,15,26,0
12200,59,15,26,0
12201,59,15,26,0
12202,59,15,26,0
12203,59,15,26,0
12204,59,15,26,0
12205,59,15,26,0
12206,59,15,26,0
12207,59,15,26,0
12208,59,15,26,0
12209,59,15,26,0
12210,59,15,26,0
12211,59,15,26,0
12212,59,15,26,0
12213,59,15,26,0
12214,59,15,26,0
12215,59,15,26,0
12216,59,15,26,0
12217,59,15,26,0
12218,59,15,26,0
12219,59,15,26,0
12220,59,15,26,0
12221,59,15,26,0
12222,59,15,26,0
12223,59,15,26,0
12224,59,15,26,0
12225,59,15,26,0
12226,59,15,26,0
12227,59,15,26,0
12228,59,15,26,0
12229,59,15,26,0
12230,59,15,26,0
12231,59,15,26,0
12232,59,15,26,0
12233,59,15,26,0
12234,59,15,26,0
12235,59,15,26,0
12236,59,15,26,0
12237,59,15,26,0
12238,59,15,26,0
12239,59,15,26,0
12240,59,15,26,0
12241,59,15,26,0
12242,59,15,26,0
12243,59,15,26,0
12244,59,15,26,0
12245,59,15,26,0
12246,59,15,26,0
12247,59,15,26,0
12248,59,15,26,0
12249,59,15,26,0
12250,59,15,26,0
12251,59,15,26,0
12252,59,15,26,0
12253,59,15,26,0
12254,59,15,26,0
12255,59,15,26,0
12256,59,15,26,0
12257,59,15,26,0
12258,59,15,26,0
12259,59,15,26,0
12260,59,15,26,0
12261,59,15,26,0
12262,59,15,26,0
12263,59,15,26,0
12264,59,15,26,0
12265,59,15,26,0
12266,59,15,26,0
12267,59,15,26,0
12268,59,15,26,0
12269,59,15,26,0
12270,59,15,26,0
12271,59,15,26,0
12272,59,15,26,0
12273,59,15,26,0
12274,59,15,26,0
12275,59,15,26,0
12276,59,15,26,0
12277,59,15,26,0
12278,59,15,26,0
12279,59,15,26,0
12280,59,15,26,0
12281,59,15,26,0
12282,59,15,26,0
12283,59,15,26,0
12284,59,15,26,0
12285,59,15,26,0
12286,59,15,26,0
12287,59,15,26,0
12288,59,15,26,0
12289,59,15,26,0
12290,59,15,26,0
12291,59,15,26,0
12292,59,15,26,0
12293,59,15,26,0
12294,59,15,26,0
12295,59,15,26,0
12296,59,15,26,0
12297,59,15,26,0
12298,59,15,26,0
12299,59,15,26,0
12300,59,15,26,0
12301,59,15,26,0
12302,59,15,26,0
12303,59,15,26,0
12304,59,15,26,0
12305,59,15,26,0
12306,59,15,26,0
12307,59,15,26,0
12308,59,15,26,0
12309,59,15,26,0
12310,59,15,26,0
12311,59,15,26,0
12312,59,15,26,0
12313,59,15,26,0
12314,59,15,26,0
12315,59,15,26,0
12316,59,15,26,0
12317,59,15,26,0
12318,59,15,26,0
12319,59,15,26,0
12320,59,15,26,0
12321,59,15,26,0
12322,59,15,26,0
12323,59,15,26,0
12324,59,15,26,0
12325,59,15,26,0
12326,59,15,26,0
12327,59,15,26,0
12328,59,15,26,0
12329,59,15,26,0
12330,59,15,26,0
12331,59,15,26,0
12332,59,15,26,0
12333,59,15,26,0
12334,59,15,26,0
12335,59,15,26,0
12336,59,15,26,0
12337,59,15,26,0
12338,59,15,26,0
12339,59,15,26,0
12340,59,15,26,0
12341,59,15,26,0
12342,59,15,26,0
12343,59,15,26,0
12344,59,15,26,0
12345,59,15,26,0
12346,59,15,26,0
12347,59,15,26,0
12348,59,15,26,0
12349,59,15,26,0
12350,59,15,26,0
12351,59,15,26,0
12352,59,15,26,0
12353,59,15,26,0
12354,59,15,26,0
12355,59,15,26,0
12356,59,15,26,0
12357,59,15,26,0
12358,59,15,26,0
12359,59,15,26,0
12360,59,15,26,0
12361,59,15,26,0
12362,59,15,26,0
12363,59,15,26,0
12364,59,15,26,0
12365,59,15,26,0
12366,59,15,26,0
12367,59,15,26,0
12368,59,15,26,0
12369,59,15,26,0
12370,59,15,26,0
12371,59,15,26,0
12372,59,15,26,0
12373,59,15,26,0
12374,59,15,26,0
12375,59,15,26,0
12376,59,15,26,0
12377,59,15,26,0
12378,59,15,26,0
12379,59,15,26,0
12380,59,15,26,0
12381,59,15,26,0
12382,59,15,26,0
12383,59,15,26,0
12384,59,15,26,0
12385,59,15,26,0
12386,59,15,26,0
12387,59,15,26,0
12388,59,15,26,0
12389,59,15,26,0
12390,59,15,26,0
12391,59,15,26,0
12392,59,15,26,0
12393,59,15,26,0
12394,59,15,26,0
12395,59,15,26,0
12396,59,15,26,0
12397,59,15,26,0
12398,59,15,26,0
12399,59,15,26,0
12400,59,15,26,0
12401,59,15,26,0
12402,59,15,26,0
12403,59,15,26,0
12404,59,15,26,0
12405,59,15,26,0
12406,59,15,26,0
12407,59,15,26,0
12408,59,15,26,0
12409,59,15,26,0
12410,59,15,26,0
12411,59,15,26,0
12412,59,15,26,0
12413,59,15,26,0
12414,59,15,26,0
12415,59,15,26,0
12416,59,15,26,0
12417,59,15,26,0
12418,59,15,26,0
12419,59,15,26,0
12420,59,15,26,0
12421,59,15,26,0
12422,59,15,26,0
12423,59,15,26,0
12424,59,15,26,0
12425,59,15,26,0
12426,59,15,26,0
12427,59,15,26,0
12428,59,15,26,0
12429,59,15,26,0
12430,59,15,26,0
12431,59,15,26,0
12432,59,15,26,0
12433,59,15,26,0
12434,59,15,26,0
12435,59,15,26,0
12436,59,15,26,0
12437,59,15,26,0
12438,59,15,26,0
12439,59,15,26,0
12440,59,15,26,0
12441,59,15,26,0
12442,59,15,26,0
12443,59,15,26,0
12444,59,15,26,0
12445,59,15,26,0
12446,59,15,26,0
12447,59,15,26,0
12448,59,15,26,0
12449,59,15,26,0
12450,59,15,26,0
12451,59,15,26,0
12452,59,15,26,0
12453,59,15,26,0
12454,59,15,26,0
12455,59,15,26,0
12456,59,15,26,0
12457,59,15,26,0
12458,59,15,26,0
12459,59,15,26,0
12460,59,15,26,0
12461,59,15,26,0
12462,59,15,26,0
12463,59,15,26,0
12464,59,15,26,0
12465,59,15,26,0
12466,59,15,26,0
12467,59,15,26,0
12468,59,15,26,0
12469,59,15,26,0
12470,59,15,26,0
12471,59,15,26,0
12472,59,15,26,0
12473,59,15,26,0
12474,59,15,26,0
12475,59,15,26,0
12476,59,15,26,0
12477,59,15,26,0
12478,59,15,26,0
12479,59,15,26,0
12480,59,15,26,0
12481,59,15,26,0
12482,59,15,26,0
12483,59,15,26,0
12484,59,15,26,0
12485,59,15,26,0
12486,59,15,26,0
12487,59,15,26,0
12488,59,15,26,0
12489,59,15,26,0
12490,59,15,26,0
12491,59,15,26,0
12492,59,15,26,0
12493,59,15,26,0
12494,59,15,26,0
12495,59,15,26,0
12496,59,15,26,0
12497,59,15,26,0
12498,59,15,26,0
12499,59,15,26,0
12500,59,15,26,0
12501,59,15,26,0
12502,59,15,26,0
12503,59,15,26,0
12504,59,15,26,0
12505,59,15,26,0
12506,59,15,26,0
12507,59,15,26,0
12508,59,15,26,0
12509,59,15,26,0
12510,59,15,26,0
12511,59,15,26,0
12512,59,15,26,0
12513,59,15,26,0
12514,59,15,26,0
12515,59,15,26,0
12516,59,15,26,0
12517,59,15,26,0
12518,59,15,26,0
12519,59,15,26,0
12520,59,15,26,0
12521,59,15,26,0
12522,59,15,26,0
12523,59,15,26,0
12524,59,15,26,0
12525,59,15,26,0
12526,59,15,26,0
12527,59,15,26,0
12528,59,15,26,0
12529,59,15,26,0
12530,59,15,26,0
12531,59,15,26,0
12532,59,15,26,0
12533,59,15,26,0
12534,59,15,26,0
12535,59,15,26,0
12536,59,15,26,0
12537,59,15,26,0
12538,59,15,26,0
12539,59,15,26,0
12540,59,15,26,0
12541,59,15,26,0
12542,59,15,26,0
12543,59,15,26,0
12544,59,15,26,0
12545,59,15,26,0
12546,59,15,26,0
12547,59,15,26,0
12548,59,15,26,0
12549,59,15,26,0
12550,59,15,26,0
12551,59,15,26,0
12552,59,15,26,0
12553,59,15,26,0
12554,59,15,26,0
12555,59,15,26,0
12556,59,15,26,0
12557,59,15,26,0
12558,59,15,26,0
12559,59,15,26,0
12560,59,15,26,0
12561,59,15,26,0
12562,59,15,26,0
12563,59,15,26,0
12564,59,15,26,0
12565,59,15,26,0
12566,59,15,26,0
12567,59,15,26,0
12568,59,15,26,0
12569,59,15,26,0
12570,59,15,26,0
12571,59,15,26,0
12572,59,15,26,0
12573,59,15,26,0
12574,59,15,26,0
12575,59,15,26,0
12576,59,15,26,0
12577,59,15,26,0
12578,59,15,26,0
12579,59,15,26,0
12580,59,15,26,0
12581,59,15,26,0
12582,59,15,26,0
12583,59,15,26,0
12584,59,15,26,0
12585,59,15,26,0
12586,59,15,26,0
12587,59,15,26,0
12588,59,15,26,0
12589,59,15,26,0
12590,59,15,26,0
12591,59,15,26,0
12592,59,15,26,0
12593,59,15,26,0
12594,59,15,26,0
12595,59,15,26,0
12596,59,15,26,0
12597,59,15,26,0
12598,59,15,26,0
12599,59,15,26,0
12600,59,15,26,0
12601,59,15,26,0
12602,59,15,26,0
12603,59,15,26,0
12604,59,15,26,0
12605,59,15,26,0
12606,59,15,26,0
12607,59,15,26,0
12608,59,15,26,0
12609,59,15,26,0
12610,59,15,26,0
12611,59,15,26,0
12612,59,15,26,0
12613,59,15,26,0
12614,59,15,26,0
12615,59,15,26,0
12616,59,15,26,0
12617,59,15,26,0
12618,59,15,26,0
12619,59,15,26,0
12620,59,15,26,0
12621,59,15,26,0
12622,59,15,26,0
12623,59,15,26,0
12624,59,15,26,0
12625,59,15,26,0
12626,59,15,26,0
12627,59,15,26,0
12628,59,15,26,0
12629,59,15,26,0
12630,59,15,26,0
12631,59,15,26,0
12632,59,15,26,0
12633,59,15,26,0
12634,59,15,26,0
12635,59,15,26,0
12636,59,15,26,0
12637,59,15,26,0
12638,59,15,26,0
12639,59,15,26,0
12640,59,15,26,0
12641,59,15,26,0
12642,59,15,26,0
12643,59,15,26,0
12644,59,15,26,0
12645,59,15,26,0
12646,59,15,26,0
12647,59,15,26,0
12648,59,15,26,0
12649,59,15,26,0
12650,59,15,26,0
12651,59,15,26,0
12652,59,15,26,0
12653,59,15,26,0
12654,59,15,26,0
12655,59,15,26,0
12656,59,15,26,0
12657,59,15,26,0
12658,59,15,26,0
12659,59,15,26,0
12660,59,15,26,0
12661,59,15,26,0
12662,59,15,26,0
12663,59,15,26,0
12664,59,15,26,0
12665,59,15,26,0
12666,59,15,26,0
12667,59,15,26,0
12668,59,15,26,0
12669,59,15,26,0
12670,59,15,26,0
12671,59,15,26,0
12672,59,15,26,0
12673,59,15,26,0
12674,59,15,26,0
12675,59,15,26,0
12676,59,15,26,0
12677,59,15,26,0
12678,59,15,26,0
12679,59,15,26,0
12680,59,15,26,0
12681,59,15,26,0
12682,59,15,26,0
12683,59,15,26,0
12684,59,15,26,0
12685,59,15,26,0
12686,59,15,26,0
12687,59,15,26,0
12688,59,15,26,0
12689,59,15,26,0
12690,59,15,26,0
12691,59,15,26,0
12692,59,15,26,0
12693,59,15,26,0
12694,59,15,26,0
12695,59,15,26,0
12696,59,15,26,0
12697,59,15,26,0
12698,59,15,26,0
12699,59,15,26,0
12700,59,15,26,0
12701,59,15,26,0
12702,59,15,26,0
12703,59,15,26,0
12704,59,15,26,0
12705,59,15,26,0
12706,59,15,26,0
12707,59,15,26,0
12708,59,15,26,0
12709,59,15,26,0
12710,59,15,26,0
12711,59,15,26,0
12712,59,15,26,0
12713,59,15,26,0
12714,59,15,26,0
12715,59,15,26,0
12716,59,15,26,0
12717,59,15,26,0
12718,59,15,26,0
12719,59,15,26,0
12720,59,15,26,0
12721,59,15,26,0
12722,59,15,26,0
12723,59,15,26,0
12724,59,15,26,0
12725,59,15,26,0
12726,59,15,26,0
12727,59,15,26,0
12728,59,15,26,0
12729,59,15,26,0
12730,59,15,26,0
12731,59,15,26,0
12732,59,15,26,0
12733,59,15,26,0
12734,59,15,26,0
12735,59,15,26,0
12736,59,15,26,0
12737,59,15,26,0
12738,59,15,26,0
12739,59,15,26,0
12740,59,15,26,0
12741,59,15,26,0
12742,59,15,26,0
12743,59,15,26,0
12744,59,15,26,0
12745,59,15,26,0
12746,59,15,26,0
12747,59,15,26,0
12748,59,15,26,0
12749,59,15,26,0
12750,59,15,26,0
12751,59,15,26,0
12752,59,15,26,0
12753,59,15,26,0
12754,59,15,26,0
12755,59,15,26,0
12756,59,15,26,0
12757,59,15,26,0
12758,59,15,26,0
12759,59,15,26,0
12760,59,15,26,0
12761,59,15,26,0
12762,59,15,26,0
12763,59,15,26,0
12764,59,15,26,0
12765,59,15,26,0
12766,59,15,26,0
12767,59,15,26,0
12768,59,15,26,0
12769,59,15,26,0
12770,59,15,26,0
12771,59,15,26,0
12772,59,15,26,0
12773,59,15,26,0
12774,59,15,26,0
12775,59,15,26,0
12776,59,15,26,0
12777,59,15,26,0
12778,59,15,26,0
12779,59,15,26,0
12780,59,15,26,0
12781,59,15,26,0
12782,59,15,26,0
12783,59,15,26,0
12784,59,15,26,0
12785,59,15,26,0
12786,59,15,26,0
12787,59,15,26,0
12788,59,15,26,0
12789,59,15,26,0
12790,59,15,26,0
12791,59,15,26,0
12792,59,15,26,0
12793,59,15,26,0
12794,59,15,26,0
12795,59,15,26,0
12796,59,15,26,0
12797,59,15,26,0
12798,59,15,26,0
12799,59,15,26,0
12800,59,15,26,0
12801,59,15,26,0
12802,59,15,26,0
12803,59,15,26,0
12804,59,15,26,0
12805,59,15,26,0
12806,59,15,26,0
12807,59,15,26,0
12808,59,15,26,0
12809,59,15,26,0
12810,59,15,26,0
12811,59,15,26,0
12812,59,15,26,0
12813,59,15,26,0
12814,59,15,26,0
12815,59,15,26,0
12816,59,15,26,0
12817,59,15,26,0
12818,59,15,26,0
12819,59,15,26,0
12820,59,15,26,0
12821,59,15,26,0
12822,59,15,26,0
12823,59,15,26,0
12824,59,15,26,0
12825,59,15,26,0
12826,59,15,26,0
12827,59,15,26,0
12828,59,15,26,0
12829,59,15,26,0
12830,59,15,26,0
12831,59,15,26,0
12832,59,15,26,0
12833,59,15,26,0
12834,59,15,26,0
12835,59,15,26,0
12836,59,15,26,0
12837,59,15,26,0
12838,59,15,26,0
12839,59,15,26,0
12840,59,15,26,0
12841,59,15,26,0
12842,59,15,26,0
12843,59,15,26,0
12844,59,15,26,0
12845,59,15,26,0
12846,59,15,26,0
12847,59,15,26,0
12848,59,15,26,0
12849,59,15,26,0
12850,59,15,26,0
12851,59,15,26,0
12852,59,15,26,0
12853,59,15,26,0
12854,59,15,26,0
12855,59,15,26,0
12856,59,15,26,0
12857,59,15,26,0
12858,59,15,26,0
12859,59,15,26,0
12860,59,15,26,0
12861,59,15,26,0
12862,59,15,26,0
12863,59,15,26,0
12864,59,15,26,0
12865,59,15,26,0
12866,59,15,26,0
12867,59,15,26,0
12868,59,15,26,0
12869,59,15,26,0
12870,59,15,26,0
12871,59,15,26,0
12872,59,15,26,0
12873,59,15,26,0
12874,59,15,26,0
12875,59,15,26,0
12876,59,15,26,0
12877,59,15,26,0
12878,59,15,26,0
12879,59,15,26,0
12880,59,15,26,0
12881,59,15,26,0
12882,59,15,26,0
12883,59,15,26,0
12884,59,15,26,0
12885,59,15,26,0
12886,59,15,26,0
12887,59,15,26,0
12888,59,15,26,0
12889,59,15,26,0
12890,59,15,26,0
12891,59,15,26,0
12892,59,15,26,0
12893,59,15,26,0
12894,59,15,26,0
12895,59,15,26,0
12896,59,15,26,0
12897,59,15,26,0
12898,59,15,26,0
12899,59,15,26,0
12900,59,15,26,0
12901,59,15,26,0
12902,59,15,26,0
12903,59,15,26,0
12904,59,15,26,0
12905,59,15,26,0
12906,59,15,26,0
12907,59,15,26,0
12908,59,15,26,0
12909,59,15,26,0
12910,59,15,26,0
12911,59,15,26,0
12912,59,15,26,0
12913,59,15,26,0
12914,59,15,26,0
12915,59,15,26,0
12916,59,15,26,0
12917,59,15,26,0
12918,59,15,26,0
12919,59,15,26,0
12920,59,15,26,0
12921,59,15,26,0
12922,59,15,26,0
12923,59,15,26,0
12924,59,15,26,0
12925,59,15,26,0
12926,59,15,26,0
12927,59,15,26,0
12928,59,15,26,0
12929,59,15,26,0
12930,59,15,26,0
12931,59,15,26,0
12932,59,15,26,0
12933,59,15,26,0
12934,59,15,26,0
12935,59,15,26,0
12936,59,15,26,0
12937,59,15,26,0
12938,59,15,26,0
12939,59,15,26,0
12940,59,15,26,0
12941,59,15,26,0
12942,59,15,26,0
12943,59,15,26,0
12944,59,15,26,0
12945,59,15,26,0
12946,59,15,26,0
12947,59,15,26,0
12948,59,15,26,0
12949,59,15,26,0
12950,59,15,26,0
12951,59,15,26,0
12952,59,15,26,0
12953,59,15,26,0
12954,59,15,26,0
12955,59,15,26,0
12956,59,15,26,0
12957,59,15,26,0
12958,59,15,26,0
12959,59,15,26,0
12960,59,15,26,0
12961,59,15,26,0
12962,59,15,26,0
12963,59,15,26,0
12964,59,15,26,0
12965,59,15,26,0
12966,59,15,26,0
12967,59,15,26,0
12968,59,15,26,0
12969,59,15,26,0
12970,59,15,26,0
12971,59,15,26,0
12972,59,15,26,0
12973,59,15,26,0
12974,59,15,26,0
12975,59,15,26,0
12976,59,15,26,0
12977,59,15,26,0
12978,59,15,26,0
12979,59,15,26,0
12980,59,15,26,0
12981,59,15,26,0
12982,59,15,26,0
12983,59,15,26,0
12984,59,15,26,0
12985,59,15,26,0
12986,59,15,26,0
12987,59,15,26,0
12988,59,15,26,0
12989,59,15,26,0
12990,59,15,26,0
12991,59,15,26,0
12992,59,15,26,0
12993,59,15,26,0
12994,59,15,26,0
12995,59,15,26,0
12996,59,15,26,0
12997,59,15,26,0
12998,59,15,26,0
12999,59,15,26,0
13000,59,15,26,0
13001,59,15,26,0
13002,59,15,26,0
13003,59,15,26,0
13004,59,15,26,0
13005,59,15,26,0
13006,59,15,26,0
13007,59,15,26,0
13008,59,15,26,0
13009,59,15,26,0
13010,59,15,26,0
13011,59,15,26,0
13012,59,15,26,0
13013,59,15,26,0
13014,59,15,26,0
13015,59,15,26,0
13016,59,15,26,0
13017,59,15,26,0
13018,59,15,26,0
13019,59,15,26,0
13020,59,15,26,0
13021,59,15,26,0
13022,59,15,26,0
13023,59,15,26,0
13024,59,15,26,0
13025,59,15,26,0
13026,59,15,26,0
13027,59,15,26,0
13028,59,15,26,0
13029,59,15,26,0
13030,59,15,26,0
13031,59,15,26,0
13032,59,15,26,0
13033,59,15,26,0
13034,59,15,26,0
13035,59,15,26,0
13036,59,15,26,0
13037,59,15,26,0
13038,59,15,26,0
13039,59,15,26,0
13040,59,15,26,0
13041,59,15,26,0
13042,59,15,26,0
13043,59,15,26,0
13044,59,15,26,0
13045,59,15,26,0
13046,59,15,26,0
13047,59,15,26,0
13048,59,15,26,0
13049,59,15,26,0
13050,59,15,26,0
13051,59,15,26,0
13052,59,15,26,0
13053,59,15,26,0
13054,59,15,26,0
13055,59,15,26,0
13056,59,15,26,0
13057,59,15,26,0
13058,59,15,26,0
13059,59,15,26,0
13060,59,15,26,0
13061,59,15,26,0
13062,59,15,26,0
13063,59,15,26,0
13064,59,15,26,0
13065,59,15,26,0
13066,59,15,26,0
13067,59,15,26,0
13068,59,15,26,0
13069,59,15,26,0
13070,59,15,26,0
13071,59,15,26,0
13072,59,15,26,0
13073,59,15,26,0
13074,59,15,26,0
13075,59,15,26,0
13076,59,15,26,0
13077,59,15,26,0
13078,59,15,26,0
13079,59,15,26,0
13080,59,15,26,0
13081,59,15,26,0
13082,59,15,26,0
13083,59,15,26,0
13084,59,15,26,0
13085,59,15,26,0
13086,59,15,26,0
13087,59,15,26,0
13088,59,15,26,0
13089,59,15,26,0
13090,59,15,26,0
13091,59,15,26,0
13092,59,15,26,0
13093,59,15,26,0
13094,59,15,26,0
13095,59,15,26,0
13096,59,15,26,0
13097,59,15,26,0
13098,59,15,26,0
13099,59,15,26,0
13100,59,15,26,0
13101,59,15,26,0
13102,59,15,26,0
13103,59,15,26,0
13104,59,15,26,0
13105,59,15,26,0
13106,59,15,26,0
13107,59,15,26,0
13108,59,15,26,0
13109,59,15,26,0
13110,59,15,26,0
13111,59,15,26,0
13112,59,15,26,0
13113,59,15,26,0
13114,59,15,26,0
13115,59,15,26,0
13116,59,15,26,0
13117,59,15,26,0
13118,59,15,26,0
13119,59,15,26,0
13120,59,15,26,0
13121,59,15,26,0
13122,59,15,26,0
13123,59,15,26,0
13124,59,15,26,0
13125,59,15,26,0
13126,59,15,26,0
13127,59,15,26,0
13128,59,15,26,0
13129,59,15,26,0
13130,59,15,26,0
13131,59,15,26,0
13132,59,15,26,0
13133,59,15,26,0
13134,59,15,26,0
13135,59,15,26,0
13136,59,15,26,0
13137,59,15,26,0
13138,59,15,26,0
13139,59,15,26,0
13140,59,15,26,0
13141,59,15,26,0
13142,59,15,26,0
13143,59,15,26,0
13144,59,15,26,0
13145,59,15,26,0
13146,59,15,26,0
13147,59,15,26,0
13148,59,15,26,0
13149,59,15,26,0
13150,59,15,26,0
13151,59,15,26,0
13152,59,15,26,0
13153,59,15,26,0
13154,59,15,26,0
13155,59,15,26,0
13156,59,15,26,0
13157,59,15,26,0
13158,59,15,26,0
13159,59,15,26,0
13160,59,15,26,0
13161,59,15,26,0
13162,59,15,26,0
13163,59,15,26,0
13164,59,15,26,0
13165,59,15,26,0
13166,59,15,26,0
13167,59,15,26,0
13168,59,15,26,0
13169,59,15,26,0
13170,59,15,26,0
13171,59,15,26,0
13172,59,15,26,0
13173,59,15,26,0
13174,59,15,26,0
13175,59,15,26,0
13176,59,15,26,0
13177,59,15,26,0
13178,59,15,26,0
13179,59,15,26,0
13180,59,15,26,0
13181,59,15,26,0
13182,59,15,26,0
13183,59,15,26,0
13184,59,15,26,0
13185,59,15,26,0
13186,59,15,26,0
13187,59,15,26,0
13188,59,15,26,0
13189,59,15,26,0
13190,59,15,26,0
13191,59,15,26,0
13192,59,15,26,0
13193,59,15,26,0
13194,59,15,26,0
13195,59,15,26,0
13196,59,15,26,0
13197,59,15,26,0
13198,59,15,26,0
13199,59,15,26,0
13200,59,15,26,0
13201,59,15,26,0
13202,59,15,26,0
13203,59,15,26,0
13204,59,15,26,0
13205,59,15,26,0
13206,59,15,26,0
13207,59,15,26,0
13208,59,15,26,0
13209,59,15,26,0
13210,59,15,26,0
13211,59,15,26,0
13212,59,15,26,0
13213,59,15,26,0
13214,59,15,26,0
13215,59,15,26,0
13216,59,15,26,0
13217,59,15,26,0
13218,59,15,26,0
13219,59,15,26,0
13220,59,15,26,0
13221,59,15,26,0
13222,59,15,26,0
13223,59,15,26,0
13224,59,15,26,0
13225,59,15,26,0
13226,59,15,26,0
13227,59,15,26,0
13228,59,15,26,0
13229,59,15,26,0
13230,59,15,26,0
13231,59,15,26,0
13232,59,15,26,0
13233,59,15,26,0
13234,59,15,26,0
13235,59,15,26,0
13236,59,15,26,0
13237,59,15,26,0
13238,59,15,26,0
13239,59,15,26,0
13240,59,15,26,0
13241,59,15,26,0
13242,59,15,26,0
13243,59,15,26,0
13244,59,15,26,0
13245,59,15,26,0
13246,59,15,26,0
13247,59,15,26,0
13248,59,15,26,0
13249,59,15,26,0
13250,59,15,26,0
13251,59,15,26,0
13252,59,15,26,0
13253,59,15,26,0
13254,59,15,26,0
13255,59,15,26,0
13256,59,15,26,0
13257,59,15,26,0
13258,59,15,26,0
13259,59,15,26,0
13260,59,15,26,0
13261,59,15,26,0
13262,59,15,26,0
13263,59,15,26,0
13264,59,15,26,0
13265,59,15,26,0
13266,59,15,26,0
13267,59,15,26,0
13268,59,15,26,0
13269,59,15,26,0
13270,59,15,26,0
13271,59,15,26,0
13272,59,15,26,0
13273,59,15,26,0
13274,59,15,26,0
13275,59,15,26,0
13276,59,15,26,0
13277,59,15,26,0
13278,59,15,26,0
13279,59,15,26,0
13280,59,15,26,0
13281,59,15,26,0
13282,59,15,26,0
13283,59,15,26,0
13284,59,15,26,0
13285,59,15,26,0
13286,59,15,26,0
13287,59,15,26,0
13288,59,15,26,0
13289,59,15,26,0
13290,59,15,26,0
13291,59,15,26,0
13292,59,15,26,0
13293,59,15,26,0
13294,59,15,26,0
13295,59,15,26,0
13296,59,15,26,0
13297,59,15,26,0
13298,59,15,26,0
13299,59,15,26,0
13300,59,15,26,0
13301,59,15,26,0
13302,59,15,26,0
13303,59,15,26,0
13304,59,15,26,0
13305,59,15,26,0
13306,59,15,26,0
13307,59,15,26,0
13308,59,15,26,0
13309,59,15,26,0
13310,59,15,26,0
13311,59,15,26,0
13312,59,15,26,0
13313,59,15,26,0
13314,59,15,26,0
13315,59,15,26,0
13316,59,15,26,0
13317,59,15,26,0
13318,59,15,26,0
13319,59,15,26,0
13320,59,15,26,0
13321,59,15,26,0
13322,59,15,26,0
13323,59,15,26,0
13324,59,15,26,0
13325,59,15,26,0
13326,59,15,26,0
13327,59,15,26,0
13328,59,15,26,0
13329,59,15,26,0
13330,59,15,26,0
13331,59,15,26,0
13332,59,15,26,0
13333,59,15,26,0
13334,59,15,26,0
13335,59,15,26,0
13336,59,15,26,0
13337,59,15,26,0
13338,59,15,26,0
13339,59,15,26,0
13340,59,15,26,0
13341,59,15,26,0
13342,59,15,26,0
13343,59,15,26,0
13344,59,15,26,0
13345,59,15,26,0
13346,59,15,26,0
13347,59,15,26,0
13348,59,15,26,0
13349,59,15,26,0
13350,59,15,26,0
13351,59,15,26,0
13352,59,15,26,0
13353,59,15,26,0
13354,59,15,26,0
13355,59,15,26,0
13356,59,15,26,0
13357,59,15,26,0
13358,59,15,26,0
13359,59,15,26,0
13360,59,15,26,0
13361,59,15,26,0
13362,59,15,26,0
13363,59,15,26,0
13364,59,15,26,0
13365,59,15,26,0
13366,59,15,26,0
13367,59,15,26,0
13368,59,15,26,0
13369,59,15,26,0
13370,59,15,26,0
13371,59,15,26,0
13372,59,15,26,0
13373,59,15,26,0
13374,59,15,26,0
13375,59,15,26,0
13376,59,15,26,0
13377,59,15,26,0
13378,59,15,26,0
13379,59,15,26,0
13380,59,15,26,0
13381,59,15,26,0
13382,59,15,26,0
13383,59,15,26,0
13384,59,15,26,0
13385,59,15,26,0
13386,59,15,26,0
13387,59,15,26,0
13388,59,15,26,0
13389,59,15,26,0
13390,59,15,26,0
13391,59,15,26,0
13392,59,15,26,0
13393,59,15,26,0
13394,59,15,26,0
13395,59,15,26,0
13396,59,15,26,0
13397,59,15,26,0
13398,59,15,26,0
13399,59,15,26,0
13400,59,15,26,0
13401,59,15,26,0
13402,59,15,26,0
13403,59,15,26,0
13404,59,15,26,0
13405,59,15,26,0
13406,59,15,26,0
13407,59,15,26,0
13408,59,15,26,0
13409,59,15,26,0
13410,59,15,26,0
13411,59,15,26,0
13412,59,15,26,0
13413,59,15,26,0
13414,59,15,26,0
13415,59,15,26,0
13416,59,15,26,0
13417,59,15,26,0
13418,59,15,26,0
13419,59,15,26,0
13420,59,15,26,0
13421,59,15,26,0
13422,59,15,26,0
13423,59,15,26,0
13424,59,15,26,0
13425,59,15,26,0
13426,59,15,26,0
13427,59,15,26,0
13428,59,15,26,0
13429,59,15,26,0
13430,59,15,26,0
13431,59,15,26,0
13432,59,15,26,0
13433,59,15,26,0
13434,59,15,26,0
13435,59,15,26,0
13436,59,15,26,0
13437,59,15,26,0
13438,59,15,26,0
13439,59,15,26,0
13440,59,15,26,0
13441,59,15,26,0
13442,59,15,26,0
13443,59,15,26,0
13444,59,15,26,0
13445,59,15,26,0
13446,59,15,26,0
13447,59,15,26,0
13448,59,15,26,0
13449,59,15,26,0
13450,59,15,26,0
13451,59,15,26,0
13452,59,15,26,0
13453,59,15,26,0
13454,59,15,26,0
13455,59,15,26,0
13456,59,15,26,0
13457,59,15,26,0
13458,59,15,26,0
13459,59,15,26,0
13460,59,15,26,0
13461,59,15,26,0
13462,59,15,26,0
13463,59,15,26,0
13464,59,15,26,0
13465,59,15,26,0
13466,59,15,26,0
13467,59,15,26,0
13468,59,15,26,0
13469,59,15,26,0
13470,59,15,26,0
13471,59,15,26,0
13472,59,15,26,0
13473,59,15,26,0
13474,59,15,26,0
13475,59,15,26,0
13476,59,15,26,0
13477,59,15,26,0
13478,59,15,26,0
13479,59,15,26,0
13480,59,15,26,0
13481,59,15,26,0
13482,59,15,26,0
13483,59,15,26,0
13484,59,15,26,0
13485,59,15,26,0
13486,59,15,26,0
13487,59,15,26,0
13488,59,15,26,0
13489,59,15,26,0
13490,59,15,26,0
13491,59,15,26,0
13492,59,15,26,0
13493,59,15,26,0
13494,59,15,26,0
13495,59,15,26,0
13496,59,15,26,0
13497,59,15,26,0
13498,59,15,26,0
13499,59,15,26,0
13500,59,15,26,0
13501,59,15,26,0
13502,59,15,26,0
13503,59,15,26,0
13504,59,15,26,0
13505,59,15,26,0
13506,59,15,26,0
13507,59,15,26,0
13508,59,15,26,0
13509,59,15,26,0
13510,59,15,26,0
13511,59,15,26,0
13512,59,15,26,0
13513,59,15,26,0
13514,59,15,26,0
13515,59,15,26,0
13516,59,15,26,0
13517,59,15,26,0
13518,59,15,26,0
13519,59,15,26,0
13520,59,15,26,0
13521,59,15,26,0
13522,59,15,26,0
13523,59,15,26,0
13524,59,15,26,0
13525,59,15,26,0
13526,59,15,26,0
13527,59,15,26,0
13528,59,15,26,0
13529,59,15,26,0
13530,59,15,26,0
13531,59,15,26,0
13532,59,15,26,0
13533,59,15,26,0
13534,59,15,26,0
13535,59,15,26,0
13536,59,15,26,0
13537,59,15,26,0
13538,59,15,26,0
13539,59,15,26,0
13540,59,15,26,0
13541,59,15,26,0
13542,59,15,26,0
13543,59,15,26,0
13544,59,15,26,0
13545,59,15,26,0
13546,59,15,26,0
13547,59,15,26,0
13548,59,15,26,0
13549,59,15,26,0
13550,59,15,26,0
13551,59,15,26,0
13552,59,15,26,0
13553,59,15,26,0
13554,59,15,26,0
13555,59,15,26,0
13556,59,15,26,0
13557,59,15,26,0
13558,59,15,26,0
13559,59,15,26,0
13560,59,15,26,0
13561,59,15,26,0
13562,59,15,26,0
13563,59,15,26,0
13564,59,15,26,0
13565,59,15,26,0
13566,59,15,26,0
13567,59,15,26,0
13568,59,15,26,0
13569,59,15,26,0
13570,59,15,26,0
13571,59,15,26,0
13572,59,15,26,0
13573,59,15,26,0
13574,59,15,26,0
13575,59,15,26,0
13576,59,15,26,0
13577,59,15,26,0
13578,59,15,26,0
13579,59,15,26,0
13580,59,15,26,0
13581,59,15,26,0
13582,59,15,26,0
13583,59,15,26,0
13584,59,15,26,0
13585,59,15,26,0
13586,59,15,26,0
13587,59,15,26,0
13588,59,15,26,0
13589,59,15,26,0
13590,59,15,26,0
13591,59,15,26,0
13592,59,15,26,0
13593,59,15,26,0
13594,59,15,26,0
13595,59,15,26,0
13596,59,15,26,0
13597,59,15,26,0
13598,59,15,26,0
13599,59,15,26,0
13600,59,15,26,0
13601,59,15,26,0
13602,59,15,26,0
13603,59,15,26,0
13604,59,15,26,0
13605,59,15,26,0
13606,59,15,26,0
13607,59,15,26,0
13608,59,15,26,0
13609,59,15,26,0
13610,59,15,26,0
13611,59,15,26,0
13612,59,15,26,0
13613,59,15,26,0
13614,59,15,26,0
13615,59,15,26,0
13616,59,15,26,0
13617,59,15,26,0
13618,59,15,26,0
13619,59,15,26,0
13620,59,15,26,0
13621,59,15,26,0
13622,59,15,26,0
13623,59,15,26,0
13624,59,15,26,0
13625,59,15,26,0
13626,59,15,26,0
13627,59,15,26,0
13628,59,15,26,0
13629,59,15,26,0
13630,59,15,26,0
13631,59,15,26,0
13632,59,15,26,0
13633,59,15,26,0
13634,59,15,26,0
13635,59,15,26,0
13636,59,15,26,0
13637,59,15,26,0
13638,59,15,26,0
13639,59,15,26,0
13640,59,15,26,0
13641,59,15,26,0
13642,59,15,26,0
13643,59,15,26,0
13644,59,15,26,0
13645,59,15,26,0
13646,59,15,26,0
13647,59,15,26,0
13648,59,15,26,0
13649,59,15,26,0
13650,59,15,26,0
13651,59,15,26,0
13652,59,15,26,0
13653,59,15,26,0
13654,59,15,26,0
13655,59,15,26,0
13656,59,15,26,0
13657,59,15,26,0
13658,59,15,26,0
13659,59,15,26,0
13660,59,15,26,0
13661,59,15,26,0
13662,59,15,26,0
13663,59,15,26,0
13664,59,15,26,0
13665,59,15,26,0
13666,59,15,26,0
13667,59,15,26,0
13668,59,15,26,0
13669,59,15,26,0
13670,59,15,26,0
13671,59,15,26,0
13672,59,15,26,0
13673,59,15,26,0
13674,59,15,26,0
13675,59,15,26,0
13676,59,15,26,0
13677,59,15,26,0
13678,59,15,26,0
13679,59,15,26,0
13680,59,15,26,0
13681,59,15,26,0
13682,59,15,26,0
13683,59,15,26,0
13684,59,15,26,0
13685,59,15,26,0
13686,59,15,26,0
13687,59,15,26,0
13688,59,15,26,0
13689,59,15,26,0
13690,59,15,26,0
13691,59,15,26,0
13692,59,15,26,0
13693,59,15,26,0
13694,59,15,26,0
13695,59,15,26,0
13696,59,15,26,0
13697,59,15,26,0
13698,59,15,26,0
13699,59,15,26,0
13700,59,15,26,0
13701,59,15,26,0
13702,59,15,26,0
13703,59,15,26,0
13704,59,15,26,0
13705,59,15,26,0
13706,59,15,26,0
13707,59,15,26,0
13708,59,15,26,0
13709,59,15,26,0
13710,59,15,26,0
13711,59,15,26,0
13712,59,15,26,0
13713,59,15,26,0
13714,59,15,26,0
13715,59,15,26,0
13716,59,15,26,0
13717,59,15,26,0
13718,59,15,26,0
13719,59,15,26,0
13720,59,15,26,0
13721,59,15,26,0
13722,59,15,26,0
13723,59,15,26,0
13724,59,15,26,0
13725,59,15,26,0
13726,59,15,26,0
13727,59,15,26,0
13728,59,15,26,0
13729,59,15,26,0
13730,59,15,26,0
13731,59,15,26,0
13732,59,15,26,0
13733,59,15,26,0
13734,59,15,26,0
13735,59,15,26,0
13736,59,15,26,0
13737,59,15,26,0
13738,59,15,26,0
13739,59,15,26,0
13740,59,15,26,0
13741,59,15,26,0
13742,59,15,26,0
13743,59,15,26,0
13744,59,15,26,0
13745,59,15,26,0
13746,59,15,26,0
13747,59,15,26,0
13748,59,15,26,0
13749,59,15,26,0
13750,59,15,26,0
13751,59,15,26,0
13752,59,15,26,0
13753,59,15,26,0
13754,59,15,26,0
13755,59,15,26,0
13756,59,15,26,0
13757,59,15,26,0
13758,59,15,26,0
13759,59,15,26,0
13760,59,15,26,0
13761,59,15,26,0
13762,59,15,26,0
13763,59,15,26,0
13764,59,15,26,0
13765,59,15,26,0
13766,59,15,26,0
13767,59,15,26,0
13768,59,15,26,0
13769,59,15,26,0
13770,59,15,26,0
13771,59,15,26,0
13772,59,15,26,0
13773,59,15,26,0
13774,59,15,26,0
13775,59,15,26,0
13776,59,15,26,0
13777,59,15,26,0
13778,59,15,26,0
13779,59,15,26,0
13780,59,15,26,0
13781,59,15,26,0
13782,59,15,26,0
13783,59,15,26,0
13784,59,15,26,0
13785,59,15,26,0
13786,59,15,26,0
13787,59,15,26,0
13788,59,15,26,0
13789,59,15,26,0
13790,59,15,26,0
13791,59,15,26,0
13792,59,15,26,0
13793,59,15,26,0
13794,59,15,26,0
13795,59,15,26,0
13796,59,15,26,0
13797,59,15,26,0
13798,59,15,26,0
13799,59,15,26,0
13800,59,15,26,0
13801,59,15,26,0
13802,59,15,26,0
13803,59,15,26,0
13804,59,15,26,0
13805,59,15,26,0
13806,59,15,26,0
13807,59,15,26,0
13808,59,15,26,0
13809,59,15,26,0
13810,59,15,26,0
13811,59,15,26,0
13812,59,15,26,0
13813,59,15,26,0
13814,59,15,26,0
13815,59,15,26,0
13816,59,15,26,0
13817,59,15,26,0
13818,59,15,26,0
13819,59,15,26,0
13820,59,15,26,0
13821,59,15,26,0
13822,59,15,26,0
13823,59,15,26,0
13824,59,15,26,0
13825,59,15,26,0
13826,59,15,26,0
13827,59,15,26,0
13828,59,15,26,0
13829,59,15,26,0
13830,59,15,26,0
13831,59,15,26,0
13832,59,15,26,0
13833,59,15,26,0
13834,59,15,26,0
13835,59,15,26,0
13836,59,15,26,0
13837,59,15,26,0
13838,59,15,26,0
13839,59,15,26,0
13840,59,15,26,0
13841,59,15,26,0
13842,59,15,26,0
13843,59,15,26,0
13844,59,15,26,0
13845,59,15,26,0
13846,59,15,26,0
13847,59,15,26,0
13848,59,15,26,0
13849,59,15,26,0
13850,59,15,26,0
13851,59,15,26,0
13852,59,15,26,0
13853,59,15,26,0
13854,59,15,26,0
13855,59,15,26,0
13856,59,15,26,0
13857,59,15,26,0
13858,59,15,26,0
13859,59,15,26,0
13860,59,15,26,0
13861,59,15,26,0
13862,59,15,26,0
13863,59,15,26,0
13864,59,15,26,0
13865,59,15,26,0
13866,59,15,26,0
13867,59,15,26,0
13868,59,15,26,0
13869,59,15,26,0
13870,59,15,26,0
13871,59,15,26,0
13872,59,15,26,0
13873,59,15,26,0
13874,59,15,26,0
13875,61,15,27,0
13876,61,15,27,0
13877,61,15,27,0
13878,61,15,27,0
13879,61,15,27,0
13880,61,15,27,0
13881,61,15,27,0
13882,61,15,27,0
13883,61,15,27,0
13884,61,15,27,0
13885,61,15,27,0
13886,61,15,27,0
13887,61,15,27,0
13888,61,15,27,0
13889,61,15,27,0
13890,61,15,27,0
13891,61,15,27,0
13892,61,15,27,0
13893,61,15,27,0
13894,61,15,27,0
13895,61,15,27,0
13896,61,15,27,0
13897,61,15,27,0
13898,61,15,27,0
13899,61,15,27,0
13900,61,15,27,0
13901,61,15,27,0
13902,61,15,27,0
13903,61,15,27,0
13904,61,15,27,0
13905,61,15,27,0
13906,61,15,27,0
13907,61,15,27,0
13908,61,15,27,0
13909,61,15,27,0
13910,61,15,27,0
13911,61,15,27,0
13912,61,15,27,0
13913,61,15,27,0
13914,61,15,27,0
13915,62,15,28,1
13916,62,15,28,1
13917,62,15,28,1
13918,62,15,28,1
13919,62,15,28,1
13920,62,15,28,1
13921,62,15,28,1
13922,62,15,28,1
13923,62,15,28,2
13924,62,15,28,2
13925,62,15,28,2
13926,62,15,28,3
13927,62,15,28,3
13928,62,15,28,3
13929,62,15,28,3
13930,62,15,28,3
13931,62,15,28,3
13932,62,15,28,3
13933,62,15,28,4
13934,62,15,28,5
13935,62,15,28,6
13936,62,15,28,7
13937,62,15,28,7
13938,62,15,28,7
13939,62,15,28,7
13940,62,15,28,7
13941,62,15,28,7
13942,62,15,28,7
13943,62,15,28,7
13944,62,15,28,7
13945,62,15,28,7
13946,62,15,28,7
13947,62,15,28,7
13948,62,15,28,7
13949,62,15,28,7
13950,62,15,28,7
13951,62,15,28,7
13952,62,15,28,7
13953,62,15,28,7
13954,62,15,28,7
13955,62,15,28,7
13956,62,15,28,7
13957,62,15,28,7
13958,62,15,28,7
13959,62,15,28,7
13960,62,15,28,8
13961,62,15,28,8
13962,62,15,28,8
13963,62,15,28,8
13964,62,15,28,8
13965,62,15,28,8
13966,62,15,28,8
13967,62,15,28,8
13968,62,15,28,8
13969,62,15,28,8
13970,62,15,28,8
13971,62,15,28,8
13972,62,15,28,8
13973,62,15,28,8
13974,62,15,28,9
13975,62,15,28,9
13976,62,15,28,9
13977,62,15,28,9
13978,62,15,28,9
13979,62,15,28,9
13980,62,15,28,9
13981,62,15,28,9
13982,62,15,28,9
13983,62,15,28,9
13984,62,15,28,9
13985,62,15,28,10
13986,62,15,28,10
13987,62,15,28,10
13988,62,15,28,10
13989,62,15,28,10
13990,62,15,28,10
13991,62,15,28,10
13992,62,15,28,10
13993,62,15,28,11
13994,62,15,28,11
13995,62,15,28,11
13996,62,15,28,12
13997,62,15,28,12
13998,62,15,28,13
13999,62,15,28,13
14000,62,15,28,13
14001,62,15,28,13
14002,62,15,28,13
14003,62,15,28,13
14004,62,15,28,13
14005,62,15,28,14
14006,62,15,28,14
14007,62,15,28,14
14008,62,15,28,14
14009,62,15,28,15
14010,62,15,28,15
14011,62,15,28,15
14012,62,15,28,15
14013,62,15,28,15
14014,62,15,28,15
14015,62,15,28,15
14016,62,15,28,15
14017,62,15,28,15
14018,62,15,28,15
14019,62,15,28,15
14020,62,15,28,15
14021,62,15,28,15
14022,62,15,28,15
14023,62,15,28,15
14024,62,15,28,15
14025,62,15,28,16
14026,62,15,28,16
14027,62,15,28,16
14028,62,15,28,17
14029,62,15,28,17
14030,62,15,28,17
14031,62,15,28,17
14032,62,15,28,17
14033,62,15,28,17
14034,62,15,28,17
14035,62,15,28,17
14036,62,15,28,17
14037,62,15,28,17
14038,62,15,28,18
14039,62,15,28,18
14040,62,15,28,18
14041,62,15,28,18
14042,62,15,28,18
14043,62,15,28,18
14044,62,15,28,18
14045,62,15,28,18
14046,62,15,28,19
14047,62,15,28,19
14048,62,15,28,19
14049,62,15,28,20
14050,62,15,28,20
14051,62,15,28,20
14052,62,15,28,20
14053,62,15,28,20
14054,62,15,28,20
14055,62,15,28,20
14056,62,15,28,20
14057,62,15,28,20
14058,62,15,28,21
14059,62,15,28,21
14060,62,15,28,21
14061,62,15,28,21
14062,62,15,28,21
14063,62,15,28,22
14064,62,15,28,22
14065,62,15,28,22
14066,62,15,28,22
14067,62,15,28,22
14068,62,15,28,22
14069,62,15,28,22
14070,62,15,28,22
14071,62,15,28,22
14072,62,15,28,22
14073,62,15,28,22
14074,62,15,28,22
14075,62,15,28,22
14076,62,15,28,22
14077,62,15,28,22
14078,62,15,28,22
14079,62,15,28,22
14080,62,15,28,22
14081,62,15,28,22
14082,62,15,28,22
14083,62,15,28,22
14084,62,15,28,22
14085,62,15,28,22
14086,62,15,28,22
14087,62,15,28,22
14088,62,15,28,22
14089,62,15,28,22
14090,62,15,28,22
14091,62,15,28,22
14092,62,15,28,22
14093,62,15,28,22
14094,62,15,28,22
14095,62,15,28,22
14096,62,15,28,22
14097,62,15,28,22
14098,62,15,28,22
14099,62,15,28,22
14100,62,15,28,23
14101,62,15,28,23
14102,62,15,28,23
14103,62,15,28,23
14104,62,15,28,24
14105,62,15,28,24
14106,62,15,28,24
14107,62,15,28,24
14108,62,15,28,25
14109,62,15,28,25
14110,62,15,28,26
14111,62,15,28,26
14112,62,15,28,26
14113,62,15,28,26
14114,62,15,28,26
14115,62,15,28,26
14116,62,15,28,26
14117,62,15,28,26
14118,62,15,28,26
14119,62,15,28,26
14120,62,15,28,26
14121,62,15,28,26
14122,62,15,28,26
14123,62,15,28,26
14124,62,15,28,27
14125,62,15,28,27
14126,62,15,28,27
14127,62,15,28,27
14128,62,15,28,27
14129,62,15,28,27
14130,62,15,28,27
14131,62,15,28,27
14132,62,15,28,27
14133,62,15,28,27
14134,62,15,28,28
14135,62,15,28,28
14136,62,15,28,28
14137,62,15,28,28
14138,62,15,28,29
14139,62,15,28,29
14140,62,15,28,29
14141,62,15,28,29
14142,62,15,28,29
14143,62,15,28,29
14144,62,15,28,29
14145,62,15,28,29
14146,62,15,28,29
14147,62,15,28,29
14148,62,15,28,29
14149,62,15,28,29
14150,62,15,28,29
14151,62,15,28,29
14152,62,15,28,29
14153,62,15,28,30
14154,62,15,28,30
14155,62,15,28,30
14156,62,15,28,30
14157,62,15,28,30
14158,62,15,28,30
14159,62,15,28,30
14160,62,15,28,30
14161,62,15,28,30
14162,62,15,28,30
14163,62,15,28,30
14164,62,15,28,31
14165,62,15,28,31
14166,62,15,28,31
14167,62,15,28,32
14168,62,15,28,32
14169,62,15,28,32
14170,62,15,28,33
14171,62,15,28,33
14172,62,15,28,33
14173,62,15,28,33
14174,62,15,28,33
14175,62,15,28,33
14176,62,15,28,33
14177,62,15,28,33
14178,62,15,28,33
14179,62,15,28,33
14180,62,15,28,33
14181,62,15,28,33
14182,62,15,28,33
14183,62,15,28,33
14184,62,15,28,34
14185,62,15,28,34
14186,62,15,28,34
14187,62,15,28,35
14188,62,15,28,35
14189,62,15,28,35
14190,62,15,28,35
14191,62,15,28,36
14192,62,15,28,36
14193,62,15,28,36
14194,62,15,28,36
14195,62,15,28,36
14196,62,15,28,36
14197,62,15,28,36
14198,62,15,28,36
14199,62,15,28,36
14200,62,15,28,36
14201,62,15,28,36
14202,62,15,28,36
14203,62,15,28,36
14204,62,15,28,36
14205,62,15,28,36
14206,62,15,28,36
14207,62,15,28,36
14208,62,15,28,36
14209,62,15,28,36
14210,62,15,28,37
14211,62,15,28,37
14212,62,15,28,37
14213,62,15,28,37
14214,62,15,28,37
14215,62,15,28,37
14216,62,15,28,37
14217,62,15,28,37
14218,62,15,28,37
14219,62,15,28,37
14220,62,15,28,37
14221,62,15,28,37
14222,62,15,28,37
14223,62,15,28,37
14224,62,15,28,37
14225,62,15,28,37
14226,62,15,28,37
14227,62,15,28,37
14228,62,15,28,37
14229,62,15,28,37
14230,62,15,28,37
14231,62,15,28,37
14232,62,15,28,37
14233,62,15,28,37
14234,62,15,28,37
14235,62,15,28,37
14236,62,15,28,37
14237,62,15,28,38
14238,62,15,28,38
14239,62,15,28,38
14240,62,15,28,39
14241,62,15,28,39
14242,62,15,28,39
14243,62,15,28,39
14244,62,15,28,40
14245,62,15,28,40
14246,62,15,28,40
14247,62,15,28,40
14248,62,15,28,41
14249,62,15,28,41
14250,62,15,28,41
14251,62,15,28,41
14252,62,15,28,41
14253,62,15,28,41
14254,62,15,28,41
14255,62,15,28,41
14256,62,15,28,41
14257,62,15,28,41
14258,62,15,28,42
14259,62,15,28,42
14260,62,15,28,42
14261,62,15,28,42
14262,62,15,28,42
14263,62,15,28,42
14264,62,15,28,42
14265,62,15,28,42
14266,62,15,28,42
14267,62,15,28,42
14268,62,15,28,42
14269,62,15,28,42
14270,62,15,28,42
14271,62,15,28,42
14272,62,15,28,42
14273,62,15,28,42
14274,62,15,28,42
14275,62,15,28,42
14276,62,15,28,42
14277,62,15,28,42
14278,62,15,28,42
14279,62,15,28,42
14280,62,15,28,42
14281,62,15,28,43
14282,62,15,28,43
14283,62,15,28,43
14284,62,15,28,43
14285,62,15,28,43
14286,62,15,28,43
14287,62,15,28,43
14288,62,15,28,43
14289,62,15,28,43
14290,62,15,28,43
14291,62,15,28,43
14292,62,15,28,43
14293,62,15,28,43
14294,62,15,28,43
14295,62,15,28,44
14296,62,15,28,44
14297,62,15,28,44
14298,62,15,28,44
14299,62,15,28,44
14300,62,15,28,44
14301,62,15,28,44
14302,62,15,28,44
14303,62,15,28,44
14304,62,15,28,44
14305,62,15,28,44
14306,62,15,28,44
14307,62,15,28,45
14308,62,15,28,45
14309,62,15,28,45
14310,62,15,28,45
14311,62,15,28,45
14312,62,15,28,45
14313,62,15,28,46
14314,62,15,28,47
14315,62,15,28,47
14316,62,15,28,47
14317,62,15,28,47
14318,62,15,28,47
14319,62,15,28,47
14320,62,15,28,47
14321,62,15,28,47
14322,62,15,28,47
14323,62,15,28,47
14324,62,15,28,47
14325,62,15,28,47
14326,62,15,28,47
14327,62,15,28,47
14328,62,15,28,48
14329,62,15,28,48
14330,62,15,28,48
14331,62,15,28,48
14332,62,15,28,48
14333,62,15,28,48
14334,62,15,28,48
14335,62,15,28,48
14336,62,15,28,48
14337,62,15,28,48
14338,62,15,28,48
14339,62,15,28,48
14340,62,15,28,48
14341,62,15,28,49
14342,62,15,28,49
14343,62,15,28,49
14344,62,15,28,49
14345,62,15,28,49
14346,62,15,28,49
14347,62,15,28,49
14348,62,15,28,49
14349,62,15,28,49
14350,62,15,28,49
14351,62,15,28,49
14352,62,15,28,49
14353,62,15,28,49
14354,62,15,28,49
14355,62,15,28,49
14356,62,15,28,49
14357,62,15,28,49
14358,62,15,28,49
14359,62,15,28,49
14360,62,15,28,50
14361,62,15,28,50
14362,62,15,28,50
14363,62,15,28,50
14364,62,15,28,50
14365,62,15,28,50
14366,62,15,28,50
14367,62,15,28,50
14368,62,15,28,50
14369,62,15,28,50
14370,62,15,28,50
14371,62,15,28,50
14372,62,15,28,50
14373,62,15,28,50
14374,62,15,28,50
14375,62,15,28,50
14376,63,15,29,50
14377,63,15,29,50
14378,63,15,29,50
14379,63,15,29,50
14380,63,15,29,50
14381,63,15,29,50
14382,63,15,29,50
14383,63,15,29,50
14384,63,15,29,50
14385,63,15,29,50
14386,63,15,29,50
14387,63,15,29,50
14388,63,15,29,50
14389,63,15,29,50
14390,63,15,29,50
14391,63,15,29,50
14392,63,15,29,50
14393,63,15,29,50
14394,63,15,29,50
14395,63,15,29,50
14396,63,15,29,50
14397,63,15,29,50
14398,63,15,29,50
14399,63,15,29,50
14400,63,15,29,50
14401,63,15,29,50
14402,63,15,29,50
14403,63,15,29,50
14404,63,15,29,50
14405,63,15,29,50
14406,63,15,29,50
14407,63,15,29,50
14408,63,15,29,50
14409,63,15,29,50
14410,63,15,29,50
14411,63,15,29,50
14412,63,15,29,50
14413,63,15,29,50
14414,63,15,29,50
14415,63,15,29,50
14416,63,15,29,50
14417,63,15,29,50
14418,63,15,29,50
14419,63,15,29,50
14420,63,15,29,50
14421,63,15,29,50
14422,63,15,29,50
14423,63,15,29,50
14424,63,15,29,50
14425,63,15,29,50
14426,63,15,29,50
14427,63,15,29,50
14428,63,15,29,50
14429,63,15,29,50
14430,63,15,29,50
14431,63,15,29,50
14432,63,15,29,50
14433,63,15,29,50
14434,63,15,29,50
14435,63,15,29,50
14436,63,15,29,50
14437,63,15,29,50
14438,63,15,29,50
14439,63,15,29,50
14440,63,15,29,50
14441,63,15,29,50
14442,63,15,29,50
14443,63,15,29,50
14444,63,15,29,50
14445,63,15,29,50
14446,63,15,29,50
14447,63,15,29,50
14448,63,15,29,50
14449,63,15,29,50
14450,63,15,29,50
14451,63,15,29,50
14452,63,15,29,50
14453,63,15,29,50
14454,63,15,29,50
14455,63,15,29,50
14456,63,15,29,50
14457,63,15,29,50
14458,63,15,29,50
14459,63,15,29,50
14460,63,15,29,50
14461,63,15,29,50
14462,63,15,29,50
14463,63,15,29,50
14464,63,15,29,50
14465,63,15,29,50
14466,63,15,29,50
14467,63,15,29,50
14468,63,15,29,50
14469,63,15,29,50
14470,63,15,29,50
14471,63,15,29,50
14472,63,15,29,50
14473,63,15,29,50
14474,63,15,29,50
14475,63,15,29,50
14476,63,15,29,50
14477,63,15,29,50
14478,63,15,29,50
14479,63,15,29,50
14480,63,15,29,50
14481,63,15,29,50
14482,63,15,29,50
14483,63,15,29,50
14484,63,15,29,50
14485,63,15,29,50
14486,63,15,29,50
14487,63,15,29,50
14488,63,15,29,50
14489,63,15,29,50
14490,63,15,29,50
14491,63,15,29,50
14492,63,15,29,50
14493,63,15,29,50
14494,63,15,29,50
14495,63,15,29,50
14496,63,15,29,50
14497,63,15,29,50
14498,63,15,29,50
14499,63,15,29,50
14500,63,15,29,50
14501,63,15,29,50
14502,63,15,29,50
14503,63,15,29,50
14504,63,15,29,50
14505,63,15,29,50
14506,63,15,29,50
14507,63,15,29,50
14508,63,15,29,50
14509,63,15,29,50
14510,63,15,29,50
14511,63,15,29,50
14512,63,15,29,50
14513,63,15,29,50
14514,63,15,29,50
14515,63,15,29,50
14516,63,15,29,50
14517,63,15,29,50
14518,63,15,29,50
14519,63,15,29,50
14520,63,15,29,50
14521,63,15,29,50
14522,63,15,29,50
14523,63,15,29,50
14524,63,15,29,50
14525,63,15,29,50
14526,63,15,29,50
14527,63,15,29,50
14528,63,15,29,50
14529,63,15,29,50
14530,63,15,29,50
14531,63,15,29,50
14532,63,15,29,50
14533,63,15,29,50
14534,63,15,29,50
14535,63,15,29,50
14536,63,15,29,50
14537,63,15,29,50
14538,63,15,29,50
14539,63,15,29,50
14540,63,15,29,51
14541,63,15,29,51
14542,63,15,29,51
14543,63,15,29,51
14544,63,15,29,51
14545,63,15,29,51
14546,63,15,29,51
14547,63,15,29,51
14548,63,15,29,51
14549,63,15,29,51
14550,63,15,29,51
14551,63,15,29,51
14552,63,15,29,51
14553,63,15,29,51
14554,63,15,29,51
14555,63,15,29,51
14556,63,15,29,51
14557,63,15,29,51
14558,63,15,29,51
14559,63,15,29,51
14560,63,15,29,51
14561,63,15,29,51
14562,63,15,29,51
14563,63,15,29,51
14564,63,15,29,51
14565,63,15,29,51
14566,63,15,29,51
14567,63,15,29,51
14568,63,15,29,51
14569,63,15,29,51
14570,63,15,29,51
14571,63,15,29,51
14572,63,15,29,51
14573,63,15,29,51
14574,63,15,29,51
14575,63,15,29,51
14576,63,15,29,51
14577,63,15,29,51
14578,63,15,29,51
14579,63,15,29,51
14580,63,15,29,51
14581,63,15,29,51
14582,63,15,29,51
14583,63,15,29,51
14584,63,15,29,51
14585,63,15,29,51
14586,63,15,29,51
14587,63,15,29,51
14588,63,15,29,51
14589,63,15,29,51
14590,63,15,29,51
14591,63,15,29,51
14592,63,15,29,51
14593,63,15,29,51
14594,63,15,29,51
14595,63,15,29,51
14596,63,15,29,51
14597,63,15,29,51
14598,63,15,29,51
14599,63,15,29,51
14600,63,15,29,51
14601,63,15,29,51
14602,63,15,29,51
14603,63,15,29,51
14604,63,15,29,51
14605,63,15,29,51
14606,63,15,29,51
14607,63,15,29,51
14608,63,15,29,51
14609,63,15,29,51
14610,63,15,29,51
14611,63,15,29,51
14612,63,15,29,51
14613,63,15,29,51
14614,63,15,29,51
14615,63,15,29,51
14616,63,15,29,51
14617,63,15,29,51
14618,63,15,29,51
14619,63,15,29,51
14620,63,15,29,51
14621,63,15,29,51
14622,63,15,29,51
14623,63,15,29,51
14624,63,15,29,51
14625,63,15,29,51
14626,63,15,29,51
14627,63,15,29,51
14628,63,15,29,51
14629,63,15,29,51
14630,63,15,29,51
14631,63,15,29,51
14632,63,15,29,51
14633,63,15,29,51
14634,63,15,29,51
14635,63,15,29,51
14636,63,15,29,51
14637,63,15,29,51
14638,63,15,29,51
14639,63,15,29,51
14640,63,15,29,51
14641,63,15,29,51
14642,63,15,29,51
14643,63,15,29,51
14644,63,15,29,51
14645,63,15,29,51
14646,63,15,29,51
14647,63,15,29,51
14648,63,15,29,51
14649,63,15,29,51
14650,63,15,29,51
14651,63,15,29,51
14652,63,15,29,51
14653,63,15,29,51
14654,63,15,29,51
14655,63,15,29,51
14656,63,15,29,51
14657,63,15,29,51
14658,63,15,29,51
14659,63,15,29,51
14660,63,15,29,51
14661,63,15,29,51
14662,63,15,29,51
14663,63,15,29,51
14664,63,15,29,51
14665,63,15,29,51
14666,63,15,29,51
14667,63,15,29,51
14668,63,15,29,51
14669,63,15,29,51
14670,63,15,29,51
14671,63,15,29,51
14672,63,15,29,51
14673,63,15,29,51
14674,63,15,29,51
14675,63,15,29,51
14676,63,15,29,51
14677,63,15,29,51
14678,63,15,29,51
14679,63,15,29,51
14680,63,15,29,51
14681,63,15,29,51
14682,63,15,29,51
14683,63,15,29,51
14684,63,15,29,51
14685,63,15,29,51
14686,63,15,29,51
14687,63,15,29,51
14688,63,15,29,51
14689,63,15,29,51
14690,63,15,29,51
14691,63,15,29,51
14692,63,15,29,51
14693,63,15,29,51
14694,63,15,29,51
14695,63,15,29,51
14696,63,15,29,51
14697,63,15,29,51
14698,63,15,29,51
14699,63,15,29,51
14700,63,15,29,51
14701,63,15,29,51
14702,63,15,29,51
14703,63,15,29,51
14704,63,15,29,51
14705,63,15,29,51
14706,63,15,29,51
14707,63,15,29,51
14708,63,15,29,51
14709,63,15,29,51
14710,63,15,29,51
14711,63,15,29,51
14712,63,15,29,51
14713,63,15,29,51
14714,63,15,29,51
14715,63,15,29,51
14716,63,15,29,51
14717,63,15,29,51
14718,63,15,29,51
14719,63,15,29,51
14720,63,15,29,51
14721,63,15,29,51
14722,63,15,29,51
14723,63,15,29,51
14724,63,15,29,51
14725,63,15,29,51
14726,63,15,29,52
14727,63,15,29,52
14728,63,15,29,52
14729,63,15,29,52
14730,63,15,29,52
14731,63,15,29,52
14732,63,15,29,53
14733,63,15,29,53
14734,63,15,29,53
14735,63,15,29,53
14736,63,15,29,53
14737,63,15,29,53
14738,63,15,29,53
14739,63,15,29,53
14740,63,15,29,53
14741,63,15,29,53
14742,63,15,29,54
14743,63,15,29,54
14744,63,15,29,54
14745,63,15,29,54
14746,63,15,29,54
14747,63,15,29,54
14748,63,15,29,54
14749,63,15,29,54
14750,63,15,29,54
14751,63,15,29,54
14752,63,15,29,54
14753,63,15,29,54
14754,63,15,29,55
14755,63,15,29,55
14756,63,15,29,55
14757,63,15,29,55
14758,63,15,29,55
14759,63,15,29,55
14760,63,15,29,55
14761,63,15,29,55
14762,63,15,29,55
14763,63,15,29,56
14764,63,15,29,56
14765,63,15,29,56
14766,63,15,29,56
14767,63,15,29,56
14768,63,15,29,56
14769,63,15,29,56
14770,63,15,29,56
14771,63,15,29,56
14772,63,15,29,56
14773,63,15,29,56
14774,63,15,29,56
14775,63,15,29,56
14776,63,15,29,56
14777,63,15,29,56
14778,63,15,29,56
14779,63,15,29,56
14780,63,15,29,56
14781,63,15,29,56
14782,63,15,29,56
14783,63,15,29,56
14784,63,15,29,56
14785,63,15,29,56
14786,63,15,29,56
14787,63,15,29,56
14788,63,15,29,56
14789,63,15,29,56
14790,63,15,29,56
14791,63,15,29,56
14792,63,15,29,56
14793,63,15,29,56
14794,63,15,29,56
14795,63,15,29,56
14796,63,15,29,56
14797,63,15,29,56
14798,63,15,29,56
14799,63,15,29,56
14800,63,15,29,56
14801,63,15,29,56
14802,63,15,29,56
14803,63,15,29,56
14804,63,15,29,56
14805,63,15,29,56
14806,63,15,29,56
14807,63,15,29,56
14808,63,15,29,56
14809,63,15,29,56
14810,63,15,29,56
14811,63,15,29,56
14812,63,15,29,56
14813,63,15,29,56
14814,63,15,29,56
14815,63,15,29,56
14816,63,15,29,56
14817,63,15,29,56
14818,63,15,29,56
14819,63,15,29,56
14820,63,15,29,56
14821,63,15,29,56
14822,63,15,29,57
14823,63,15,29,57
14824,63,15,29,57
14825,63,15,29,57
14826,63,15,29,57
14827,63,15,29,57
14828,63,15,29,57
14829,63,15,29,57
14830,63,15,29,57
14831,63,15,29,57
14832,63,15,29,57
14833,63,15,29,57
14834,63,15,29,57
14835,63,15,29,57
14836,63,15,29,57
14837,63,15,29,57
14838,63,15,29,57
14839,63,15,29,57
14840,63,15,29,57
14841,63,15,29,57
14842,63,15,29,57
14843,63,15,29,57
14844,63,15,29,57
14845,63,15,29,57
14846,63,15,29,57
14847,63,15,29,57
14848,63,15,29,57
14849,63,15,29,57
14850,63,15,29,58
14851,63,15,29,58
14852,63,15,29,58
14853,63,15,29,58
14854,63,15,29,58
14855,63,15,29,58
14856,63,15,29,58
14857,63,15,29,58
14858,63,15,29,58
14859,63,15,29,58
14860,63,15,29,58
14861,63,15,29,58
14862,63,15,29,58
14863,63,15,29,59
14864,63,15,29,59
14865,63,15,29,59
14866,63,15,29,59
14867,63,15,29,59
14868,63,15,29,59
14869,63,15,29,59
14870,63,15,29,59
14871,63,15,29,59
14872,63,15,29,59
14873,63,15,29,59
14874,63,15,29,59
14875,63,15,29,59
14876,63,15,29,59
14877,63,15,29,59
14878,63,15,29,59
14879,63,15,29,59
14880,63,15,29,59
14881,63,15,29,59
14882,63,15,29,59
14883,63,15,29,59
14884,63,15,29,59
14885,63,15,29,59
14886,63,15,29,59
14887,63,15,29,59
14888,63,15,29,59
14889,63,15,29,59
14890,63,15,29,59
14891,63,15,29,59
14892,63,15,29,59
14893,63,15,29,59
14894,63,15,29,59
14895,63,15,29,59
14896,63,15,29,59
14897,63,15,29,59
14898,63,15,29,59
14899,63,15,29,59
14900,63,15,29,59
14901,63,15,29,59
14902,63,15,29,59
14903,63,15,29,59
14904,63,15,29,59
14905,63,15,29,59
14906,63,15,29,59
14907,63,15,29,59
14908,63,15,29,59
14909,63,15,29,59
14910,63,15,29,59
14911,63,15,29,59
14912,63,15,29,59
14913,63,15,29,59
14914,63,15,29,59
14915,63,15,29,59
14916,63,15,29,59
14917,63,15,29,59
14918,63,15,29,59
14919,63,15,29,59
14920,63,15,29,59
14921,63,15,29,59
14922,63,15,29,59
14923,63,15,29,59
14924,63,15,29,59
14925,63,15,29,59
14926,63,15,29,59
14927,63,15,29,59
14928,63,15,29,59
14929,63,15,29,59
14930,63,15,29,59
14931,63,15,29,59
14932,63,15,29,59
14933,63,15,29,59
14934,63,15,29,59
14935,63,15,29,59
14936,63,15,29,59
14937,63,15,29,59
14938,63,15,29,59
14939,63,15,29,59
14940,63,15,29,59
14941,63,15,29,59
14942,63,15,29,59
14943,63,15,29,59
14944,63,15,29,59
14945,63,15,29,59
14946,63,15,29,59
14947,63,15,29,59
14948,63,15,29,59
14949,63,15,29,59
14950,63,15,29,59
14951,63,15,29,60
14952,63,15,29,60
14953,63,15,29,60
14954,63,15,29,60
14955,63,15,29,60
14956,63,15,29,60
14957,63,15,29,60
14958,63,15,29,60
14959,63,15,29,60
14960,63,15,29,60
14961,63,15,29,60
14962,63,15,29,60
14963,63,15,29,60
14964,63,15,29,60
14965,63,15,29,61
14966,63,15,29,61
14967,63,15,29,61
14968,63,15,29,61
14969,63,15,29,61
14970,63,15,29,61
14971,63,15,29,61
14972,63,15,29,61
14973,63,15,29,61
14974,63,15,29,61
14975,63,15,29,61
14976,63,15,29,61
14977,63,15,29,61
14978,63,15,29,61
14979,63,15,29,61
14980,63,15,29,61
14981,63,15,29,61
14982,63,15,29,61
14983,63,15,29,61
14984,63,15,29,61
14985,63,15,29,61
14986,63,15,29,61
14987,63,15,29,61
14988,63,15,29,61
14989,63,15,29,61
14990,63,15,29,61
14991,63,15,29,61
14992,63,15,29,61
14993,63,15,29,61
14994,63,15,29,62
14995,63,15,29,62
14996,63,15,29,62
14997,63,15,29,62
14998,63,15,29,62
14999,63,15,29,62
15000,63,15,29,62
15001,63,15,29,62
15002,63,15,29,62
15003,63,15,29,62
15004,63,15,29,62
15005,63,15,29,62
15006,63,15,29,62
15007,63,15,29,62
15008,63,15,29,62
15009,63,15,29,62
15010,63,15,29,62
15011,63,15,29,62
15012,63,15,29,62
15013,63,15,29,62
15014,63,15,29,62
15015,63,15,29,62
15016,63,15,29,62
15017,63,15,29,62
15018,63,15,29,62
15019,63,15,29,62
15020,63,15,29,62
15021,63,15,29,62
15022,63,15,29,62
15023,63,15,29,62
15024,63,15,29,62
15025,63,15,29,62
15026,63,15,29,62
15027,63,15,29,62
15028,63,15,29,62
15029,63,15,29,62
15030,63,15,29,62
15031,63,15,29,62
15032,63,15,29,62
15033,63,15,29,62
15034,63,15,29,62
15035,63,15,29,62
15036,63,15,29,62
15037,63,15,29,62
15038,63,15,29,62
15039,63,15,29,62
15040,63,15,29,63
15041,63,15,29,63
15042,63,15,29,63
15043,63,15,29,63
15044,63,15,29,63
15045,63,15,29,63
15046,63,15,29,63
15047,63,15,29,63
15048,63,15,29,63
15049,63,15,29,63
15050,63,15,29,63
15051,63,15,29,63
15052,63,15,29,63
15053,63,15,29,63
15054,63,15,29,63
15055,63,15,29,63
15056,63,15,29,63
15057,63,15,29,63
15058,63,15,29,63
15059,63,15,29,63
15060,63,15,29,63
15061,63,15,29,63
15062,63,15,29,63
15063,63,15,29,63
15064,63,15,29,63
15065,63,15,29,63
15066,63,15,29,63
15067,63,15,29,63
15068,63,15,29,63
15069,63,15,29,63
15070,63,15,29,63
15071,63,15,29,63
15072,63,15,29,63
15073,63,15,29,63
15074,63,15,29,63
15075,63,15,29,63
15076,63,15,29,63
15077,63,15,29,63
15078,63,15,29,63
15079,63,15,29,63
15080,63,15,29,63
15081,63,15,29,63
15082,63,15,29,63
15083,63,15,29,63
15084,63,15,29,63
15085,63,15,29,63
15086,63,15,29,63
15087,63,15,29,63
15088,63,15,29,63
15089,63,15,29,63
15090,63,15,29,63
15091,63,15,29,63
15092,63,15,29,63
15093,63,15,29,63
15094,63,15,29,63
15095,63,15,29,63
15096,63,15,29,63
15097,63,15,29,63
15098,63,15,29,63
15099,63,15,29,63
15100,63,15,29,63
15101,63,15,29,63
15102,63,15,29,63
15103,63,15,29,63
15104,63,15,29,63
15105,63,15,29,63
15106,63,15,29,63
15107,63,15,29,63
15108,63,15,29,63
15109,63,15,29,63
15110,63,15,29,64
15111,63,15,29,64
15112,63,15,29,64
15113,63,15,29,64
15114,63,15,29,64
15115,63,15,29,64
15116,63,15,29,64
15117,63,15,29,64
15118,63,15,29,64
15119,63,15,29,64
15120,63,15,29,64
15121,63,15,29,65
15122,63,15,29,65
15123,63,15,29,65
15124,63,15,29,65
15125,63,15,29,65
15126,63,15,29,65
15127,63,15,29,65
15128,63,15,29,65
15129,63,15,29,65
15130,63,15,29,65
15131,63,15,29,65
15132,63,15,29,65
15133,63,15,29,65
15134,63,15,29,65
15135,63,15,29,65
15136,63,15,29,65
15137,63,15,29,65
15138,63,15,29,65
15139,63,15,29,65
15140,63,15,29,65
15141,63,15,29,65
15142,63,15,29,65
15143,63,15,29,65
15144,63,15,29,65
15145,63,15,29,65
15146,63,15,29,65
15147,63,15,29,65
15148,63,15,29,65
15149,63,15,29,65
15150,63,15,29,65
15151,63,15,29,65
15152,63,15,29,65
15153,63,15,29,65
15154,63,15,29,65
15155,63,15,29,65
15156,63,15,29,65
15157,63,15,29,65
15158,63,15,29,65
15159,63,15,29,65
15160,63,15,29,65
15161,63,15,29,65
15162,63,15,29,65
15163,63,15,29,65
15164,63,15,29,65
15165,63,15,29,65
15166,63,15,29,65
15167,63,15,29,65
15168,63,15,29,65
15169,63,15,29,65
15170,63,15,29,65
15171,63,15,29,65
15172,63,15,29,65
15173,63,15,29,65
15174,63,15,29,65
15175,63,15,29,65
15176,63,15,29,65
15177,63,15,29,65
15178,63,15,29,66
15179,63,15,29,66
15180,63,15,29,66
15181,63,15,29,66
15182,63,15,29,66
15183,63,15,29,66
15184,63,15,29,66
15185,63,15,29,66
15186,63,15,29,66
15187,63,15,29,66
15188,63,15,29,67
15189,63,15,29,67
15190,63,15,29,67
15191,63,15,29,67
15192,63,15,29,67
15193,63,15,29,67
15194,63,15,29,67
15195,63,15,29,67
15196,63,15,29,67
15197,63,15,29,67
15198,63,15,29,67
15199,63,15,29,67
15200,63,15,29,67
15201,63,15,29,68
15202,63,15,29,68
15203,63,15,29,68
15204,63,15,29,68
15205,63,15,29,68
15206,63,15,29,68
15207,63,15,29,68
15208,63,15,29,68
15209,63,15,29,68
15210,63,15,29,68
15211,63,15,29,68
15212,63,15,29,68
15213,63,15,29,68
15214,63,15,29,68
15215,63,15,29,68
15216,63,15,29,68
15217,63,15,29,68
15218,63,15,29,68
15219,63,15,29,68
15220,63,15,29,68
15221,63,15,29,69
15222,63,15,29,69
15223,63,15,29,69
15224,63,15,29,69
15225,63,15,29,69
15226,63,15,29,69
15227,63,15,29,69
15228,63,15,29,69
15229,63,15,29,69
15230,63,15,29,69
15231,63,15,29,69
15232,63,15,29,69
15233,63,15,29,69
15234,63,15,29,69
15235,63,15,29,69
15236,63,15,29,69
15237,63,15,29,69
15238,63,15,29,69
15239,63,15,29,70
15240,63,15,29,70
15241,63,15,29,70
15242,63,15,29,70
15243,63,15,29,70
15244,63,15,29,70
15245,63,15,29,70
15246,63,15,29,70
15247,63,15,29,70
15248,63,15,29,70
15249,63,15,29,70
15250,63,15,29,70
15251,63,15,29,70
15252,63,15,29,70
15253,63,15,29,70
15254,63,15,29,70
15255,63,15,29,70
15256,63,15,29,70
15257,63,15,29,70
15258,63,15,29,70
15259,63,15,29,70
15260,63,15,29,70
15261,63,15,29,70
15262,63,15,29,70
15263,63,15,29,70
15264,63,15,29,70
15265,63,15,29,70
15266,63,15,29,70
15267,63,15,29,70
15268,63,15,29,70
15269,63,15,29,70
15270,63,15,29,70
15271,63,15,29,70
15272,63,15,29,70
15273,63,15,29,70
15274,63,15,29,70
15275,63,15,29,70
15276,63,15,29,70
15277,63,15,29,70
15278,63,15,29,70
15279,63,15,29,70
15280,63,15,29,70
15281,63,15,29,70
15282,63,15,29,70
15283,63,15,29,70
15284,63,15,29,70
15285,63,15,29,70
15286,63,15,29,70
15287,63,15,29,70
15288,63,15,29,70
15289,63,15,29,70
15290,63,15,29,70
15291,63,15,29,70
15292,63,15,29,70
15293,63,15,29,70
15294,63,15,29,70
15295,63,15,29,70
15296,63,15,29,70
15297,63,15,29,70
15298,63,15,29,70
15299,63,15,29,70
15300,63,15,29,70
15301,63,15,29,70
15302,63,15,29,70
15303,63,15,29,70
15304,63,15,29,70
15305,63,15,29,70
15306,63,15,29,70
15307,63,15,29,70
15308,63,15,29,70
15309,63,15,29,70
15310,63,15,29,70
15311,63,15,29,70
15312,63,15,29,70
15313,63,15,29,70
15314,63,15,29,70
15315,63,15,29,70
15316,63,15,29,70
15317,63,15,29,70
15318,63,15,29,70
15319,63,15,29,70
15320,63,15,29,70
15321,63,15,29,70
15322,63,15,29,71
15323,63,15,29,71
15324,63,15,29,71
15325,63,15,29,71
15326,63,15,29,71
15327,63,15,29,71
15328,63,15,29,71
15329,63,15,29,71
15330,63,15,29,71
15331,63,15,29,71
15332,63,15,29,71
15333,63,15,29,71
15334,63,15,29,71
15335,63,15,29,71
15336,63,15,29,71
15337,63,15,29,71
15338,63,15,29,71
15339,63,15,29,71
15340,63,15,29,71
15341,63,15,29,71
15342,63,15,29,71
15343,63,15,29,71
15344,63,15,29,72
15345,63,15,29,72
15346,63,15,29,72
15347,63,15,29,72
15348,63,15,29,72
15349,63,15,29,72
15350,63,15,29,72
15351,63,15,29,72
15352,63,15,29,72
15353,63,15,29,72
15354,63,15,29,72
15355,63,15,29,72
15356,63,15,29,72
15357,63,15,29,72
15358,63,15,29,72
15359,63,15,29,72
15360,63,15,29,72
15361,63,15,29,72
15362,63,15,29,72
15363,63,15,29,72
15364,63,15,29,72
15365,63,15,29,72
15366,63,15,29,72
15367,63,15,29,72
15368,63,15,29,72
15369,63,15,29,72
15370,63,15,29,72
15371,63,15,29,73
15372,63,15,29,73
15373,63,15,29,73
15374,63,15,29,73
15375,63,15,29,73
15376,63,15,29,73
15377,63,15,29,73
15378,63,15,29,73
15379,63,15,29,73
15380,63,15,29,74
15381,63,15,29,74
15382,63,15,29,74
15383,63,15,29,74
15384,63,15,29,74
15385,63,15,29,74
15386,63,15,29,74
15387,63,15,29,74
15388,63,15,29,74
15389,63,15,29,74
15390,63,15,29,74
15391,63,15,29,74
15392,63,15,29,75
15393,63,15,29,75
15394,63,15,29,75
15395,63,15,29,75
15396,63,15,29,75
15397,63,15,29,75
15398,63,15,29,75
15399,63,15,29,75
15400,63,15,29,75
15401,63,15,29,75
15402,63,15,29,75
15403,63,15,29,75
15404,63,15,29,75
15405,63,15,29,75
15406,63,15,29,75
15407,63,15,29,75
15408,63,15,29,75
15409,63,15,29,75
15410,63,15,29,75
15411,63,15,29,75
15412,63,15,29,75
15413,63,15,29,75
15414,63,15,29,75
15415,63,15,29,75
15416,63,15,29,75
15417,63,15,29,75
15418,63,15,29,75
15419,63,15,29,75
15420,63,15,29,75
15421,63,15,29,75
15422,63,15,29,75
15423,63,15,29,75
15424,63,15,29,75
15425,63,15,29,75
15426,63,15,29,75
15427,63,15,29,75
15428,63,15,29,75
15429,63,15,29,75
15430,63,15,29,75
15431,63,15,29,75
15432,63,15,29,75
15433,63,15,29,75
15434,63,15,29,75
15435,63,15,29,75
15436,63,15,29,75
15437,63,15,29,75
15438,63,15,29,75
15439,63,15,29,75
15440,63,15,29,75
15441,63,15,29,75
15442,63,15,29,75
15443,63,15,29,75
15444,63,15,29,75
15445,63,15,29,75
15446,63,15,29,75
15447,63,15,29,75
15448,63,15,29,75
15449,63,15,29,75
15450,63,15,29,75
15451,63,15,29,75
15452,63,15,29,75
15453,63,15,29,75
15454,63,15,29,75
15455,63,15,29,75
15456,63,15,29,75
15457,63,15,29,75
15458,63,15,29,75
15459,63,15,29,75
15460,63,15,29,75
15461,63,15,29,75
15462,63,15,29,75
15463,63,15,29,75
15464,63,15,29,75
15465,63,15,29,75
15466,63,15,29,75
15467,63,15,29,75
15468,63,15,29,75
15469,63,15,29,75
15470,63,15,29,75
15471,63,15,29,75
15472,63,15,29,75
15473,63,15,29,75
15474,63,15,29,75
15475,63,15,29,75
15476,63,15,29,75
15477,63,15,29,75
15478,63,15,29,75
15479,63,15,29,75
15480,63,15,29,75
15481,63,15,29,75
15482,63,15,29,75
15483,63,15,29,75
15484,63,15,29,75
15485,63,15,29,75
15486,63,15,29,75
15487,63,15,29,75
15488,63,15,29,76
15489,63,15,29,76
15490,63,15,29,76
15491,63,15,29,76
15492,63,15,29,76
15493,63,15,29,76
15494,63,15,29,76
15495,63,15,29,76
15496,63,15,29,76
15497,63,15,29,76
15498,63,15,29,76
15499,63,15,29,76
15500,63,15,29,76
15501,63,15,29,76
15502,63,15,29,76
15503,63,15,29,76
15504,63,15,29,76
15505,63,15,29,76
15506,63,15,29,76
15507,63,15,29,76
15508,63,15,29,76
15509,63,15,29,76
15510,63,15,29,76
15511,63,15,29,76
15512,63,15,29,76
15513,63,15,29,76
15514,63,15,29,76
15515,63,15,29,76
15516,63,15,29,76
15517,63,15,29,76
15518,63,15,29,76
15519,63,15,29,76
15520,63,15,29,76
15521,63,15,29,76
15522,63,15,29,76
15523,63,15,29,76
15524,63,15,29,76
15525,63,15,29,76
15526,63,15,29,76
15527,63,15,29,76
15528,63,15,29,76
15529,63,15,29,77
15530,63,15,29,77
15531,63,15,29,77
15532,63,15,29,77
15533,63,15,29,77
15534,63,15,29,77
15535,63,15,29,77
15536,63,15,29,77
15537,63,15,29,77
15538,63,15,29,77
15539,63,15,29,77
15540,63,15,29,77
15541,63,15,29,77
15542,63,15,29,77
15543,63,15,29,77
15544,63,15,29,77
15545,63,15,29,77
15546,63,15,29,77
15547,63,15,29,77
15548,63,15,29,77
15549,63,15,29,77
15550,63,15,29,77
15551,63,15,29,77
15552,63,15,29,77
15553,63,15,29,77
15554,63,15,29,77
15555,63,15,29,77
15556,63,15,29,77
15557,63,15,29,77
15558,63,15,29,77
15559,63,15,29,77
15560,63,15,29,77
15561,63,15,29,77
15562,63,15,29,77
15563,63,15,29,77
15564,63,15,29,77
15565,63,15,29,77
15566,63,15,29,77
15567,63,15,29,77
15568,63,15,29,77
15569,63,15,29,77
15570,63,15,29,77
15571,63,15,29,77
15572,63,15,29,77
15573,63,15,29,77
15574,63,15,29,77
15575,63,15,29,77
15576,63,15,29,77
15577,63,15,29,77
15578,63,15,29,77
15579,63,15,29,77
15580,63,15,29,77
15581,63,15,29,77
15582,63,15,29,77
15583,63,15,29,77
15584,63,15,29,77
15585,63,15,29,77
15586,63,15,29,77
15587,63,15,29,77
15588,63,15,29,77
15589,63,15,29,77
15590,63,15,29,77
15591,63,15,29,77
15592,63,15,29,77
15593,63,15,29,77
15594,63,15,29,77
15595,63,15,29,77
15596,63,15,29,77
15597,63,15,29,77
15598,63,15,29,77
15599,63,15,29,77
15600,63,15,29,77
15601,63,15,29,77
15602,63,15,29,77
15603,63,15,29,77
15604,63,15,29,77
15605,63,15,29,77
15606,63,15,29,77
15607,63,15,29,77
15608,63,15,29,77
15609,63,15,29,78
15610,63,15,29,78
15611,63,15,29,78
15612,63,15,29,78
15613,63,15,29,78
15614,63,15,29,78
15615,63,15,29,78
15616,63,15,29,78
15617,63,15,29,78
15618,63,15,29,79
15619,63,15,29,79
15620,63,15,29,79
15621,63,15,29,79
15622,63,15,29,79
15623,63,15,29,79
15624,63,15,29,79
15625,63,15,29,79
15626,63,15,29,79
15627,63,15,29,79
15628,63,15,29,79
15629,63,15,29,79
15630,63,15,29,79
15631,63,15,29,79
15632,63,15,29,79
15633,63,15,29,79
15634,63,15,29,79
15635,63,15,29,79
15636,63,15,29,79
15637,63,15,29,80
15638,63,15,29,80
15639,63,15,29,80
15640,63,15,29,80
15641,63,15,29,80
15642,63,15,29,80
15643,63,15,29,80
15644,63,15,29,80
15645,63,15,29,80
15646,63,15,29,80
15647,63,15,29,80
15648,63,15,29,80
15649,63,15,29,80
15650,63,15,29,80
15651,63,15,29,81
15652,63,15,29,81
15653,63,15,29,81
15654,63,15,29,81
15655,63,15,29,81
15656,63,15,29,81
15657,63,15,29,81
15658,63,15,29,81
15659,63,15,29,81
15660,63,15,29,81
15661,63,15,29,81
15662,63,15,29,81
15663,63,15,29,81
15664,63,15,29,81
15665,63,15,29,81
15666,63,15,29,81
15667,63,15,29,81
15668,63,15,29,81
15669,63,15,29,81
15670,63,15,29,81
15671,63,15,29,82
15672,63,15,29,82
15673,63,15,29,82
15674,63,15,29,82
15675,63,15,29,82
15676,63,15,29,82
15677,63,15,29,82
15678,63,15,29,82
15679,63,15,29,82
15680,63,15,29,82
15681,63,15,29,82
15682,63,15,29,82
15683,63,15,29,83
15684,63,15,29,83
15685,63,15,29,83
15686,63,15,29,83
15687,63,15,29,83
15688,63,15,29,83
15689,63,15,29,83
15690,63,15,29,83
15691,63,15,29,83
15692,63,15,29,83
15693,63,15,29,83
15694,63,15,29,83
15695,63,15,29,83
15696,63,15,29,83
15697,63,15,29,83
15698,63,15,29,83
15699,63,15,29,83
15700,63,15,29,83
15701,63,15,29,83
15702,63,15,29,83
15703,63,15,29,83
15704,63,15,29,84
15705,63,15,29,84
15706,63,15,29,84
15707,63,15,29,84
15708,63,15,29,84
15709,63,15,29,84
15710,63,15,29,84
15711,63,15,29,84
15712,63,15,29,84
15713,63,15,29,84
15714,63,15,29,84
15715,63,15,29,84
15716,63,15,29,84
15717,63,15,29,85
15718,63,15,29,85
15719,63,15,29,85
15720,63,15,29,85
15721,63,15,29,85
15722,63,15,29,85
15723,63,15,29,85
15724,63,15,29,85
15725,63,15,29,85
15726,63,15,29,85
15727,63,15,29,85
15728,63,15,29,85
15729,63,15,29,85
15730,63,15,29,85
15731,63,15,29,86
15732,63,15,29,86
15733,63,15,29,86
15734,63,15,29,86
15735,63,15,29,86
15736,63,15,29,86
15737,63,15,29,86
15738,63,15,29,86
15739,63,15,29,86
15740,63,15,29,86
15741,63,15,29,86
15742,63,15,29,86
15743,63,15,29,86
15744,63,15,29,87
15745,63,15,29,87
15746,63,15,29,87
15747,63,15,29,87
15748,63,15,29,87
15749,63,15,29,87
15750,63,15,29,87
15751,63,15,29,87
15752,63,15,29,87
15753,63,15,29,87
15754,63,15,29,87
15755,63,15,29,87
15756,63,15,29,87
15757,63,15,29,87
15758,63,15,29,87
15759,63,15,29,87
15760,63,15,29,87
15761,63,15,29,87
15762,63,15,29,87
15763,63,15,29,87
15764,63,15,29,87
15765,63,15,29,87
15766,63,15,29,87
15767,63,15,29,87
15768,63,15,29,87
15769,63,15,29,87
15770,63,15,29,87
15771,63,15,29,87
15772,63,15,29,87
15773,63,15,29,87
15774,63,15,29,87
15775,63,15,29,87
15776,63,15,29,87
15777,63,15,29,87
15778,63,15,29,87
15779,63,15,29,87
15780,63,15,29,87
15781,63,15,29,87
15782,63,15,29,87
15783,63,15,29,87
15784,63,15,29,87
15785,63,15,29,87
15786,63,15,29,87
15787,63,15,29,87
15788,63,15,29,87
15789,63,15,29,88
15790,63,15,29,88
15791,63,15,29,88
15792,63,15,29,88
15793,63,15,29,88
15794,63,15,29,88
15795,63,15,29,88
15796,63,15,29,88
15797,63,15,29,88
15798,63,15,29,88
15799,63,15,29,88
15800,63,15,29,88
15801,63,15,29,88
15802,63,15,29,88
15803,63,15,29,88
15804,63,15,29,88
15805,63,15,29,89
15806,63,15,29,89
15807,63,15,29,89
15808,63,15,29,89
15809,63,15,29,89
15810,63,15,29,89
15811,63,15,29,89
15812,63,15,29,89
15813,63,15,29,89
15814,63,15,29,89
15815,63,15,29,89
15816,63,15,29,89
15817,63,15,29,89
15818,63,15,29,90
15819,63,15,29,90
15820,63,15,29,90
15821,63,15,29,90
15822,63,15,29,90
15823,63,15,29,90
15824,63,15,29,90
15825,63,15,29,90
15826,63,15,29,90
15827,63,15,29,90
15828,63,15,29,90
15829,63,15,29,90
15830,63,15,29,90
15831,63,15,29,90
15832,63,15,29,90
15833,63,15,29,90
15834,63,15,29,90
15835,63,15,29,90
15836,63,15,29,90
15837,63,15,29,90
15838,63,15,29,90
15839,63,15,29,90
15840,63,15,29,90
15841,63,15,29,90
15842,63,15,29,90
15843,63,15,29,90
15844,63,15,29,90
15845,63,15,29,90
15846,63,15,29,90
15847,63,15,29,90
15848,63,15,29,90
15849,63,15,29,90
15850,63,15,29,90
15851,63,15,29,90
15852,63,15,29,90
15853,63,15,29,90
15854,63,15,29,91
15855,63,15,29,91
15856,63,15,29,91
15857,63,15,29,91
15858,63,15,29,91
15859,63,15,29,91
15860,63,15,29,91
15861,63,15,29,91
15862,63,15,29,91
15863,63,15,29,91
15864,63,15,29,91
15865,63,15,29,91
15866,63,15,29,91
15867,63,15,29,91
15868,63,15,29,91
15869,63,15,29,91
15870,63,15,29,91
15871,63,15,29,92
15872,63,15,29,92
15873,63,15,29,92
15874,63,15,29,92
15875,63,15,29,92
15876,63,15,29,92
15877,63,15,29,92
15878,63,15,29,92
15879,63,15,29,92
15880,63,15,29,92
15881,63,15,29,92
15882,63,15,29,92
15883,63,15,29,92
15884,63,15,29,92
15885,63,15,29,92
15886,63,15,29,92
15887,63,15,29,92
15888,63,15,29,92
15889,63,15,29,92
15890,63,15,29,92
15891,63,15,29,92
15892,63,15,29,92
15893,63,15,29,92
15894,63,15,29,92
15895,63,15,29,92
15896,63,15,29,92
15897,63,15,29,92
15898,63,15,29,92
15899,63,15,29,92
15900,63,15,29,92
15901,63,15,29,92
15902,63,15,29,92
15903,63,15,29,92
15904,63,15,29,92
15905,63,15,29,92
15906,63,15,29,92
15907,63,15,29,92
15908,63,15,29,92
15909,63,15,29,92
15910,63,15,29,92
15911,63,15,29,92
15912,63,15,29,92
15913,63,15,29,92
15914,63,15,29,92
15915,63,15,29,92
15916,63,15,29,92
15917,63,15,29,92
15918,63,15,29,93
15919,63,15,29,93
15920,63,15,29,93
15921,63,15,29,93
15922,63,15,29,93
15923,63,15,29,93
15924,63,15,29,93
15925,63,15,29,93
15926,63,15,29,93
15927,63,15,29,93
15928,63,15,29,93
15929,63,15,29,93
15930,63,15,29,93
15931,63,15,29,93
15932,63,15,29,93
15933,63,15,29,93
15934,63,15,29,93
15935,63,15,29,93
15936,63,15,29,93
15937,63,15,29,93
15938,63,15,29,93
15939,63,15,29,93
15940,63,15,29,93
15941,63,15,29,93
15942,63,15,29,93
15943,63,15,29,93
15944,63,15,29,93
15945,63,15,29,93
15946,63,15,29,93
15947,63,15,29,93
15948,63,15,29,93
15949,63,15,29,93
15950,63,15,29,93
15951,63,15,29,93
15952,63,15,29,93
15953,63,15,29,93
15954,63,15,29,93
15955,63,15,29,93
15956,63,15,29,93
15957,63,15,29,93
15958,63,15,29,93
15959,63,15,29,93
15960,63,15,29,93
15961,63,15,29,93
15962,63,15,29,93
15963,63,15,29,93
15964,63,15,29,93
15965,63,15,29,93
15966,63,15,29,93
15967,63,15,29,93
15968,63,15,29,93
15969,63,15,29,93
15970,63,15,29,93
15971,63,15,29,93
15972,63,15,29,93
15973,63,15,29,93
15974,63,15,29,93
15975,63,15,29,93
15976,63,15,29,93
15977,63,15,29,93
15978,63,15,29,93
15979,63,15,29,93
15980,63,15,29,93
15981,63,15,29,93
15982,63,15,29,93
15983,63,15,29,93
15984,63,15,29,93
15985,63,15,29,93
15986,63,15,29,93
15987,63,15,29,94
15988,63,15,29,94
15989,63,15,29,94
15990,63,15,29,94
15991,63,15,29,94
15992,63,15,29,94
15993,63,15,29,94
15994,63,15,29,94
15995,63,15,29,94
15996,63,15,29,94
15997,63,15,29,94
15998,63,15,29,94
15999,63,15,29,94
16000,63,15,29,94
16001,63,15,29,94
16002,63,15,29,94
16003,63,15,29,94
16004,63,15,29,94
16005,63,15,29,94
16006,63,15,29,94
16007,63,15,29,94
16008,63,15,29,94
16009,63,15,29,94
16010,63,15,29,94
16011,63,15,29,94
16012,63,15,29,94
16013,63,15,29,94
16014,63,15,29,94
16015,63,15,29,94
16016,63,15,29,94
16017,63,15,29,94
16018,63,15,29,94
16019,63,15,29,94
16020,63,15,29,94
16021,63,15,29,94
16022,63,15,29,94
16023,63,15,29,94
16024,63,15,29,94
16025,63,15,29,94
16026,63,15,29,94
16027,63,15,29,94
16028,63,15,29,94
16029,63,15,29,94
16030,63,15,29,94
16031,63,15,29,94
16032,63,15,29,94
16033,63,15,29,94
16034,63,15,29,94
16035,63,15,29,94
16036,63,15,29,94
16037,63,15,29,94
16038,63,15,29,94
16039,63,15,29,94
16040,63,15,29,94
16041,63,15,29,94
16042,63,15,29,94
16043,63,15,29,94
16044,63,15,29,94
16045,63,15,29,94
16046,63,15,29,94
16047,63,15,29,94
16048,63,15,29,95
16049,63,15,29,95
16050,63,15,29,95
16051,63,15,29,95
16052,63,15,29,95
16053,63,15,29,95
16054,63,15,29,95
16055,63,15,29,95
16056,63,15,29,95
16057,63,15,29,95
16058,63,15,29,95
16059,63,15,29,95
16060,63,15,29,95
16061,63,15,29,95
16062,63,15,29,95
16063,63,15,29,95
16064,63,15,29,95
16065,63,15,29,95
16066,63,15,29,95
16067,63,15,29,95
16068,63,15,29,95
16069,63,15,29,95
16070,63,15,29,95
16071,63,15,29,95
16072,63,15,29,95
16073,63,15,29,95
16074,63,15,29,95
16075,63,15,29,95
16076,63,15,29,95
16077,63,15,29,95
16078,63,15,29,95
16079,63,15,29,95
16080,63,15,29,95
16081,63,15,29,95
16082,63,15,29,95
16083,63,15,29,95
16084,63,15,29,95
16085,63,15,29,95
16086,63,15,29,95
16087,63,15,29,95
16088,63,15,29,95
16089,63,15,29,95
16090,63,15,29,95
16091,63,15,29,95
16092,63,15,29,95
16093,63,15,29,95
16094,63,15,29,95
16095,63,15,29,95
16096,63,15,29,95
16097,63,15,29,95
16098,63,15,29,95
16099,63,15,29,95
16100,63,15,29,95
16101,63,15,29,95
16102,63,15,29,95
16103,63,15,29,95
16104,63,15,29,95
16105,63,15,29,95
16106,63,15,29,95
16107,63,15,29,95
16108,63,15,29,96
16109,63,15,29,96
16110,63,15,29,96
16111,63,15,29,96
16112,63,15,29,96
16113,63,15,29,96
16114,63,15,29,96
16115,63,15,29,96
16116,63,15,29,96
16117,63,15,29,96
16118,63,15,29,96
16119,63,15,29,96
16120,63,15,29,96
16121,63,15,29,96
16122,63,15,29,96
16123,63,15,29,96
16124,63,15,29,96
16125,63,15,29,96
16126,63,15,29,96
16127,63,15,29,96
16128,63,15,29,96
16129,63,15,29,96
16130,63,15,29,96
16131,63,15,29,96
16132,63,15,29,96
16133,63,15,29,96
16134,63,15,29,96
16135,63,15,29,96
16136,63,15,29,96
16137,63,15,29,96
16138,63,15,29,96
16139,63,15,29,96
16140,63,15,29,96
16141,63,15,29,96
16142,63,15,29,96
16143,63,15,29,96
16144,63,15,29,96
16145,63,15,29,96
16146,63,15,29,96
16147,63,15,29,96
16148,63,15,29,96
16149,63,15,29,96
16150,63,15,29,96
16151,63,15,29,96
16152,63,15,29,96
16153,63,15,29,96
16154,63,15,29,96
16155,63,15,29,96
16156,63,15,29,96
16157,63,15,29,96
16158,63,15,29,96
16159,63,15,29,96
16160,63,15,29,96
16161,63,15,29,96
16162,63,15,29,96
16163,63,15,29,96
16164,63,15,29,96
16165,63,15,29,96
16166,63,15,29,96
16167,63,15,29,96
16168,63,15,29,96
16169,63,15,29,96
16170,63,15,29,96
16171,63,15,29,96
16172,63,15,29,96
16173,63,15,29,96
16174,63,15,29,96
16175,63,15,29,96
16176,63,15,29,96
16177,63,15,29,96
16178,63,15,29,96
16179,63,15,29,96
16180,63,15,29,96
16181,63,15,29,96
16182,63,15,29,96
16183,63,15,29,96
16184,63,15,29,96
16185,63,15,29,96
16186,63,15,29,96
16187,63,15,29,96
16188,63,15,29,96
16189,63,15,29,96
16190,63,15,29,96
16191,63,15,29,96
16192,63,15,29,96
16193,63,15,29,96
16194,63,15,29,96
16195,63,15,29,96
16196,63,15,29,96
16197,63,15,29,96
16198,63,15,29,96
16199,63,15,29,96
16200,63,15,29,96
16201,63,15,29,96
16202,63,15,29,96
16203,63,15,29,96
16204,63,15,29,96
16205,63,15,29,96
16206,63,15,29,96
16207,63,15,29,96
16208,63,15,29,96
16209,63,15,29,96
16210,63,15,29,96
16211,63,15,29,96
16212,63,15,29,96
16213,63,15,29,96
16214,63,15,29,96
16215,63,15,29,97
16216,63,15,29,97
16217,63,15,29,97
16218,63,15,29,97
16219,63,15,29,97
16220,63,15,29,97
16221,63,15,29,97
16222,63,15,29,97
16223,63,15,29,97
16224,63,15,29,97
16225,63,15,29,97
16226,63,15,29,97
16227,63,15,29,97
16228,63,15,29,97
16229,63,15,29,97
16230,63,15,29,97
16231,63,15,29,97
16232,63,15,29,97
16233,63,15,29,97
16234,63,15,29,97
16235,63,15,29,97
16236,63,15,29,97
16237,63,15,29,97
16238,63,15,29,97
16239,63,15,29,97
16240,63,15,29,97
16241,63,15,29,97
16242,63,15,29,97
16243,63,15,29,97
16244,63,15,29,97
16245,63,15,29,97
16246,63,15,29,97
16247,63,15,29,97
16248,63,15,29,97
16249,63,15,29,97
16250,63,15,29,97
16251,63,15,29,97
16252,63,15,29,97
16253,63,15,29,97
16254,63,15,29,97
16255,63,15,29,97
16256,63,15,29,97
16257,63,15,29,97
16258,63,15,29,97
16259,63,15,29,97
16260,63,15,29,97
16261,63,15,29,97
16262,63,15,29,97
16263,63,15,29,97
16264,63,15,29,97
16265,63,15,29,97
16266,63,15,29,97
16267,63,15,29,97
16268,63,15,29,97
16269,63,15,29,97
16270,63,15,29,97
16271,63,15,29,97
16272,63,15,29,97
16273,63,15,29,97
16274,63,15,29,97
16275,63,15,29,97
16276,63,15,29,97
16277,63,15,29,97
16278,63,15,29,97
16279,63,15,29,97
16280,63,15,29,97
16281,63,15,29,97
16282,63,15,29,97
16283,63,15,29,97
16284,63,15,29,97
16285,63,15,29,97
16286,63,15,29,97
16287,63,15,29,97
16288,63,15,29,97
16289,63,15,29,97
16290,63,15,29,97
16291,63,15,29,97
16292,63,15,29,97
16293,63,15,29,97
16294,63,15,29,97
16295,63,15,29,97
16296,63,15,29,97
16297,63,15,29,97
16298,63,15,29,97
16299,63,15,29,97
16300,63,15,29,97
16301,63,15,29,97
16302,63,15,29,97
16303,63,15,29,97
16304,63,15,29,97
16305,63,15,29,97
16306,63,15,29,97
16307,63,15,29,97
16308,63,15,29,97
16309,63,15,29,97
16310,63,15,29,97
16311,63,15,29,97
16312,63,15,29,97
16313,63,15,29,97
16314,63,15,29,97
16315,63,15,29,97
16316,63,15,29,97
16317,63,15,29,97
16318,63,15,29,97
16319,63,15,29,97
16320,63,15,29,97
16321,63,15,29,97
16322,63,15,29,97
16323,63,15,29,97
16324,63,15,29,97
16325,63,15,29,97
16326,63,15,29,97
16327,63,15,29,98
16328,63,15,29,98
16329,63,15,29,98
16330,63,15,29,98
16331,63,15,29,98
16332,63,15,29,98
16333,63,15,29,98
16334,63,15,29,98
16335,63,15,29,98
16336,63,15,29,98
16337,63,15,29,98
16338,63,15,29,98
16339,63,15,29,98
16340,63,15,29,98
16341,63,15,29,98
16342,63,15,29,98
16343,63,15,29,98
16344,63,15,29,98
16345,63,15,29,98
16346,63,15,29,98
16347,63,15,29,98
16348,63,15,29,98
16349,63,15,29,98
16350,63,15,29,98
16351,63,15,29,98
16352,63,15,29,98
16353,63,15,29,98
16354,63,15,29,98
16355,63,15,29,98
16356,63,15,29,98
16357,63,15,29,98
16358,63,15,29,98
16359,63,15,29,98
16360,63,15,29,98
16361,63,15,29,98
16362,63,15,29,98
16363,63,15,29,98
16364,63,15,29,98
16365,63,15,29,98
16366,63,15,29,98
16367,63,15,29,98
16368,63,15,29,98
16369,63,15,29,98
16370,63,15,29,98
16371,63,15,29,98
16372,63,15,29,98
16373,63,15,29,98
16374,63,15,29,98
16375,63,15,29,98
16376,63,15,29,98
16377,63,15,29,98
16378,63,15,29,98
16379,63,15,29,98
16380,63,15,29,98
16381,63,15,29,98
16382,63,15,29,98
16383,63,15,29,98
16384,63,15,29,98
16385,63,15,29,98
16386,63,15,29,98
16387,63,15,29,98
16388,63,15,29,98
16389,63,15,29,98
16390,63,15,29,98
16391,63,15,29,98
16392,63,15,29,98
16393,63,15,29,98
16394,63,15,29,98
16395,63,15,29,98
16396,63,15,29,98
16397,63,15,29,98
16398,63,15,29,98
16399,63,15,29,98
16400,63,15,29,98
16401,63,15,29,98
16402,63,15,29,98
16403,63,15,29,98
16404,63,15,29,98
16405,63,15,29,98
16406,63,15,29,98
16407,63,15,29,99
16408,63,15,29,99
16409,63,15,29,99
16410,63,15,29,99
16411,63,15,29,99
16412,63,15,29,99
16413,63,15,29,99
16414,63,15,29,99
16415,63,15,29,99
16416,63,15,29,99
16417,63,15,29,99
16418,63,15,29,99
16419,63,15,29,99
16420,63,15,29,99
16421,63,15,29,99
16422,63,15,29,99
16423,63,15,29,99
16424,63,15,29,99
16425,63,15,29,99
16426,63,15,29,99
16427,63,15,29,99
16428,63,15,29,99
16429,63,15,29,99
16430,63,15,29,99
16431,63,15,29,99
16432,63,15,29,99
16433,63,15,29,99
16434,63,15,29,99
16435,63,15,29,99
16436,63,15,29,99
16437,63,15,29,99
16438,63,15,29,99
16439,63,15,29,99
16440,63,15,29,99
16441,63,15,29,99
16442,63,15,29,99
16443,63,15,29,99
16444,63,15,29,100
16445,63,15,29,100
16446,63,15,29,100
16447,63,15,29,100
16448,63,15,29,100
16449,63,15,29,100
16450,63,15,29,100
16451,63,15,29,100
16452,63,15,29,100
16453,63,15,29,100
16454,63,15,29,100
16455,63,15,29,100
16456,63,15,29,100
16457,63,15,29,100
16458,63,15,29,100
16459,63,15,29,100
16460,63,15,29,100
16461,63,15,29,100
16462,63,15,29,100
16463,63,15,29,100
16464,63,15,29,100
16465,63,15,29,100
16466,63,15,29,100
16467,63,15,29,100
16468,63,15,29,100
16469,63,15,29,100
16470,63,15,29,100
16471,63,15,29,100
16472,63,15,29,100
16473,63,15,29,100
16474,63,15,29,100
16475,63,15,29,100
16476,63,15,29,100
16477,63,15,29,100
16478,63,15,29,100
16479,63,15,29,100
16480,63,15,29,100
16481,63,15,29,100
16482,63,15,29,100
16483,63,15,29,100
16484,63,15,29,100
16485,63,15,29,100
16486,63,15,29,100
16487,63,15,29,100
16488,63,15,29,100
16489,63,15,29,100
16490,63,15,29,100
16491,63,15,29,100
16492,63,15,29,100
16493,63,15,29,100
16494,63,15,29,100
16495,63,15,29,100
16496,63,15,29,100
16497,63,15,29,100
16498,63,15,29,100
16499,63,15,29,100
16500,63,15,29,100
16501,63,15,29,100
16502,63,15,29,100
16503,63,15,29,100
16504,63,15,29,100
16505,63,15,29,100
16506,63,15,29,100
16507,63,15,29,100
16508,63,15,29,100
16509,63,15,29,100
16510,63,15,29,100
16511,63,15,29,100
16512,63,15,29,100
16513,63,15,29,100
16514,63,15,29,100
16515,63,15,29,100
16516,63,15,29,100
16517,63,15,29,100
16518,63,15,29,100
16519,63,15,29,100
16520,63,15,29,100
16521,63,15,29,100
16522,63,15,29,100
16523,63,15,29,100
16524,63,15,29,100
16525,63,15,29,100
16526,63,15,29,100
16527,63,15,29,100
16528,63,15,29,100
16529,63,15,29,100
16530,63,15,29,100
16531,63,15,29,100
16532,63,15,29,100
16533,63,15,29,100
16534,63,15,29,100
16535,63,15,29,100
16536,63,15,29,100
16537,63,15,29,100
16538,63,15,29,100
16539,63,15,29,100
16540,63,15,29,100
16541,63,15,29,100
16542,63,15,29,100
16543,63,15,29,100
16544,63,15,29,100
16545,63,15,29,100
16546,63,15,29,100
16547,63,15,29,100
16548,63,15,29,100
16549,63,15,29,100
16550,63,15,29,100
16551,63,15,29,100
16552,63,15,29,100
16553,63,15,29,100
16554,63,15,29,100
16555,63,15,29,100
16556,63,15,29,100
16557,63,15,29,100
16558,63,15,29,100
16559,63,15,29,100
16560,63,15,29,100
16561,63,15,29,100
16562,63,15,29,100
16563,63,15,29,100
16564,63,15,29,100
16565,63,15,29,100
16566,63,15,29,100
16567,63,15,29,100
16568,63,15,29,100
16569,63,15,29,100
16570,63,15,29,100
16571,63,15,29,100
16572,63,15,29,100
16573,63,15,29,100
16574,63,15,29,100
16575,63,15,29,100
16576,63,15,29,100
16577,63,15,29,100
16578,63,15,29,100
16579,63,15,29,100
16580,63,15,29,100
16581,63,15,29,100
16582,63,15,29,100
16583,63,15,29,100
16584,63,15,29,100
16585,63,15,29,100
16586,63,15,29,100
16587,63,15,29,100
16588,63,15,29,100
16589,63,15,29,100
16590,63,15,29,100
16591,63,15,29,100
16592,63,15,29,100
16593,63,15,29,100
16594,63,15,29,100
16595,63,15,29,100
16596,63,15,29,100
16597,63,15,29,100
16598,63,15,29,100
16599,63,15,29,100
16600,63,15,29,100
16601,63,15,29,100
16602,63,15,29,100
16603,63,15,29,100
16604,63,15,29,100
16605,63,15,29,100
16606,63,15,29,100
16607,63,15,29,100
16608,63,15,29,100
16609,63,15,29,100
16610,63,15,29,100
16611,63,15,29,100
16612,63,15,29,100
16613,63,15,29,100
16614,63,15,29,100
16615,63,15,29,100
16616,63,15,29,100
16617,63,15,29,100
16618,63,15,29,100
16619,63,15,29,100
16620,63,15,29,100
16621,63,15,29,100
16622,63,15,29,100
16623,63,15,29,100
16624,63,15,29,100
16625,63,15,29,100
16626,63,15,29,100
16627,63,15,29,100
16628,63,15,29,100
16629,63,15,29,100
16630,63,15,29,100
16631,63,15,29,100
16632,63,15,29,100
16633,63,15,29,100
16634,63,15,29,100
16635,63,15,29,100
16636,63,15,29,100
16637,63,15,29,100
16638,63,15,29,100
16639,63,15,29,100
16640,63,15,29,100
16641,63,15,29,100
16642,63,15,29,100
16643,63,15,29,100
16644,63,15,29,100
16645,63,15,29,100
16646,63,15,29,100
16647,63,15,29,100
16648,63,15,29,100
16649,63,15,29,100
16650,63,15,29,100
16651,63,15,29,100
16652,63,15,29,100
16653,63,15,29,100
16654,63,15,29,100
16655,63,15,29,100
16656,63,15,29,100
16657,63,15,29,100
16658,63,15,29,100
16659,63,15,29,100
16660,63,15,29,100
16661,63,15,29,100
16662,63,15,29,100
16663,63,15,29,100
16664,63,15,29,100
16665,63,15,29,100
16666,63,15,29,100
16667,63,15,29,100
16668,63,15,29,100
16669,63,15,29,100
16670,63,15,29,100
16671,63,15,29,100
16672,63,15,29,100
16673,63,15,29,100
16674,63,15,29,100
16675,63,15,29,100
16676,63,15,29,100
16677,63,15,29,100
16678,63,15,29,100
16679,63,15,29,100
16680,63,15,29,100
16681,63,15,29,100
16682,63,15,29,100
16683,63,15,29,100
16684,63,15,29,100
16685,63,15,29,100
16686,63,15,29,100
16687,63,15,29,100
16688,63,15,29,100
16689,63,15,29,100
16690,63,15,29,100
16691,63,15,29,100
16692,63,15,29,100
16693,63,15,29,100
16694,63,15,29,100
16695,63,15,29,100
16696,63,15,29,100
16697,63,15,29,100
16698,63,15,29,100
16699,63,15,29,100
16700,63,15,29,100
16701,63,15,29,100
16702,63,15,29,100
16703,63,15,29,100
16704,63,15,29,100
16705,63,15,29,100
16706,63,15,29,100
16707,63,15,29,100
16708,63,15,29,100
16709,63,15,29,100
16710,63,15,29,100
16711,63,15,29,100
16712,63,15,29,100
16713,63,15,29,100
16714,63,15,29,100
16715,63,15,29,100
16716,63,15,29,100
16717,63,15,29,100
16718,63,15,29,100
16719,63,15,29,100
16720,63,15,29,100
16721,63,15,29,100
16722,63,15,29,100
16723,63,15,29,100
16724,63,15,29,100
16725,63,15,29,100
16726,63,15,29,100
16727,63,15,29,100
16728,63,15,29,100
16729,63,15,29,101
16730,63,15,29,101
16731,63,15,29,101
16732,63,15,29,101
16733,63,15,29,101
16734,63,15,29,101
16735,63,15,29,101
16736,63,15,29,101
16737,63,15,29,101
16738,63,15,29,101
16739,63,15,29,101
16740,63,15,29,101
16741,63,15,29,101
16742,63,15,29,101
16743,63,15,29,101
16744,63,15,29,101
16745,63,15,29,101
16746,63,15,29,101
16747,63,15,29,101
16748,63,15,29,101
16749,63,15,29,101
16750,63,15,29,101
16751,63,15,29,101
16752,63,15,29,101
16753,63,15,29,101
16754,63,15,29,101
16755,63,15,29,101
16756,63,15,29,101
16757,63,15,29,101
16758,63,15,29,101
16759,63,15,29,101
16760,63,15,29,101
16761,63,15,29,101
16762,63,15,29,101
16763,63,15,29,101
16764,63,15,29,101
16765,63,15,29,101
16766,63,15,29,101
16767,63,15,29,101
16768,63,15,29,101
16769,63,15,29,101
16770,63,15,29,101
16771,63,15,29,101
16772,63,15,29,101
16773,63,15,29,101
16774,63,15,29,101
16775,63,15,29,101
16776,63,15,29,101
16777,63,15,29,101
16778,63,15,29,101
16779,63,15,29,101
16780,63,15,29,101
16781,63,15,29,101
16782,63,15,29,101
16783,63,15,29,101
16784,63,15,29,101
16785,63,15,29,101
16786,63,15,29,101
16787,63,15,29,101
16788,63,15,29,101
16789,63,15,29,101
16790,63,15,29,101
16791,63,15,29,101
16792,63,15,29,101
16793,63,15,29,101
16794,63,15,29,101
16795,63,15,29,102
16796,63,15,29,102
16797,63,15,29,102
16798,63,15,29,102
16799,63,15,29,102
16800,63,15,29,102
16801,63,15,29,102
16802,63,15,29,102
16803,63,15,29,102
16804,63,15,29,102
16805,63,15,29,102
16806,63,15,29,102
16807,63,15,29,102
16808,63,15,29,102
16809,63,15,29,102
16810,63,15,29,102
16811,63,15,29,102
16812,63,15,29,102
16813,63,15,29,102
16814,63,15,29,102
16815,63,15,29,102
16816,63,15,29,102
16817,63,15,29,102
16818,63,15,29,102
16819,63,15,29,102
16820,63,15,29,102
16821,63,15,29,102
16822,63,15,29,102
16823,63,15,29,102
16824,63,15,29,102
16825,63,15,29,102
16826,63,15,29,102
16827,63,15,29,102
16828,63,15,29,102
16829,63,15,29,102
16830,63,15,29,102
16831,63,15,29,102
16832,63,15,29,102
16833,63,15,29,102
16834,63,15,29,102
16835,63,15,29,102
16836,63,15,29,102
16837,63,15,29,102
16838,63,15,29,102
16839,63,15,29,102
16840,63,15,29,102
16841,63,15,29,102
16842,63,15,29,102
16843,63,15,29,102
16844,63,15,29,102
16845,63,15,29,102
16846,63,15,29,102
16847,63,15,29,102
16848,63,15,29,102
16849,63,15,29,102
16850,63,15,29,102
16851,63,15,29,102
16852,63,15,29,102
16853,63,15,29,102
16854,63,15,29,102
16855,63,15,29,102
16856,63,15,29,102
16857,63,15,29,102
16858,63,15,29,102
16859,63,15,29,102
16860,63,15,29,102
16861,63,15,29,102
16862,63,15,29,102
16863,63,15,29,102
16864,63,15,29,102
16865,63,15,29,102
16866,63,15,29,102
16867,63,15,29,102
16868,63,15,29,102
16869,63,15,29,102
16870,63,15,29,102
16871,63,15,29,102
16872,63,15,29,102
16873,63,15,29,102
16874,63,15,29,102
16875,63,15,29,102
16876,63,15,29,102
16877,63,15,29,102
16878,63,15,29,102
16879,63,15,29,102
16880,63,15,29,102
16881,63,15,29,102
16882,63,15,29,102
16883,63,15,29,102
16884,63,15,29,102
16885,63,15,29,102
16886,63,15,29,102
16887,63,15,29,102
16888,63,15,29,102
16889,63,15,29,102
16890,63,15,29,102
16891,63,15,29,102
16892,63,15,29,102
16893,63,15,29,102
16894,63,15,29,102
16895,63,15,29,102
16896,63,15,29,102
16897,63,15,29,102
16898,63,15,29,102
16899,63,15,29,102
16900,63,15,29,102
16901,63,15,29,102
16902,63,15,29,102
16903,63,15,29,102
16904,63,15,29,102
16905,63,15,29,102
16906,63,15,29,102
16907,63,15,29,102
16908,63,15,29,102
16909,63,15,29,102
16910,63,15,29,102
16911,63,15,29,102
16912,63,15,29,102
16913,63,15,29,102
16914,63,15,29,102
16915,63,15,29,102
16916,63,15,29,103
16917,63,15,29,103
16918,63,15,29,103
16919,63,15,29,103
16920,63,15,29,103
16921,63,15,29,103
16922,63,15,29,103
16923,63,15,29,103
16924,63,15,29,103
16925,63,15,29,103
16926,63,15,29,103
16927,63,15,29,103
16928,63,15,29,103
16929,63,15,29,103
16930,63,15,29,103
16931,63,15,29,103
16932,63,15,29,103
16933,63,15,29,103
16934,63,15,29,103
16935,63,15,29,103
16936,63,15,29,103
16937,63,15,29,103
16938,63,15,29,103
16939,63,15,29,103
16940,63,15,29,103
16941,63,15,29,103
16942,63,15,29,103
16943,63,15,29,103
16944,63,15,29,103
16945,63,15,29,103
16946,63,15,29,103
16947,63,15,29,103
16948,63,15,29,103
16949,63,15,29,103
16950,63,15,29,103
16951,63,15,29,103
16952,63,15,29,103
16953,63,15,29,103
16954,63,15,29,103
16955,63,15,29,103
16956,63,15,29,103
16957,63,15,29,103
16958,63,15,29,103
16959,63,15,29,103
16960,63,15,29,103
16961,63,15,29,103
16962,63,15,29,103
16963,63,15,29,103
16964,63,15,29,103
16965,63,15,29,103
16966,63,15,29,103
16967,63,15,29,103
16968,63,15,29,103
16969,63,15,29,103
16970,63,15,29,103
16971,63,15,29,103
16972,63,15,29,103
16973,63,15,29,103
16974,63,15,29,103
16975,63,15,29,103
16976,63,15,29,103
16977,63,15,29,103
16978,63,15,29,103
16979,63,15,29,103
16980,63,15,29,103
16981,63,15,29,103
16982,63,15,29,103
16983,63,15,29,103
16984,63,15,29,103
16985,63,15,29,103
16986,63,15,29,103
16987,63,15,29,103
16988,63,15,29,103
16989,63,15,29,103
16990,63,15,29,103
16991,63,15,29,103
16992,63,15,29,103
16993,63,15,29,103
16994,63,15,29,103
16995,63,15,29,103
16996,63,15,29,103
16997,63,15,29,103
16998,63,15,29,103
16999,63,15,29,103
17000,63,15,29,103
17001,63,15,29,103
17002,63,15,29,103
17003,63,15,29,103
17004,63,15,29,103
17005,63,15,29,103
17006,63,15,29,103
17007,63,15,29,103
17008,63,15,29,103
17009,63,15,29,103
17010,63,15,29,103
17011,63,15,29,103
17012,63,15,29,103
17013,63,15,29,103
17014,63,15,29,103
17015,63,15,29,103
17016,63,15,29,103
17017,63,15,29,103
17018,63,15,29,103
17019,63,15,29,103
17020,63,15,29,103
17021,63,15,29,103
17022,63,15,29,103
17023,63,15,29,104
17024,63,15,29,104
17025,63,15,29,104
17026,63,15,29,104
17027,63,15,29,104
17028,63,15,29,104
17029,63,15,29,104
17030,63,15,29,104
17031,63,15,29,104
17032,63,15,29,104
17033,63,15,29,104
17034,63,15,29,104
17035,63,15,29,104
17036,63,15,29,104
17037,63,15,29,104
17038,63,15,29,104
17039,63,15,29,104
17040,63,15,29,104
17041,63,15,29,104
17042,63,15,29,104
17043,63,15,29,104
17044,63,15,29,104
17045,63,15,29,104
17046,63,15,29,104
17047,63,15,29,104
17048,63,15,29,104
17049,63,15,29,104
17050,63,15,29,104
17051,63,15,29,104
17052,63,15,29,104
17053,63,15,29,104
17054,63,15,29,104
17055,63,15,29,104
17056,63,15,29,104
17057,63,15,29,104
17058,63,15,29,104
17059,63,15,29,104
17060,63,15,29,104
17061,63,15,29,104
17062,63,15,29,104
17063,63,15,29,104
17064,63,15,29,104
17065,63,15,29,104
17066,63,15,29,104
17067,63,15,29,104
17068,63,15,29,104
17069,63,15,29,104
17070,63,15,29,104
17071,63,15,29,104
17072,63,15,29,104
17073,63,15,29,104
17074,63,15,29,104
17075,63,15,29,104
17076,63,15,29,104
17077,63,15,29,104
17078,63,15,29,104
17079,63,15,29,104
17080,63,15,29,104
17081,63,15,29,104
17082,63,15,29,104
17083,63,15,29,104
17084,63,15,29,104
17085,63,15,29,104
17086,63,15,29,104
17087,63,15,29,104
17088,63,15,29,104
17089,63,15,29,104
17090,63,15,29,104
17091,63,15,29,104
17092,63,15,29,104
17093,63,15,29,104
17094,63,15,29,104
17095,63,15,29,104
17096,63,15,29,104
17097,63,15,29,104
17098,63,15,29,104
17099,63,15,29,104
17100,63,15,29,104
17101,63,15,29,104
17102,63,15,29,104
17103,63,15,29,104
17104,63,15,29,104
17105,63,15,29,104
17106,63,15,29,104
17107,63,15,29,104
17108,63,15,29,104
17109,63,15,29,104
17110,63,15,29,104
17111,63,15,29,104
17112,63,15,29,104
17113,63,15,29,104
17114,63,15,29,104
17115,63,15,29,104
17116,63,15,29,104
17117,63,15,29,104
17118,63,15,29,104
17119,63,15,29,104
17120,63,15,29,104
17121,63,15,29,104
17122,63,15,29,104
17123,63,15,29,104
17124,63,15,29,104
17125,63,15,29,104
17126,63,15,29,104
17127,63,15,29,104
17128,63,15,29,104
17129,63,15,29,104
17130,63,15,29,104
17131,63,15,29,104
17132,63,15,29,104
17133,63,15,29,104
17134,63,15,29,104
17135,63,15,29,104
17136,63,15,29,104
17137,63,15,29,104
17138,63,15,29,104
17139,63,15,29,104
17140,63,15,29,104
17141,63,15,29,104
17142,63,15,29,104
17143,63,15,29,104
17144,63,15,29,104
17145,63,15,29,104
17146,63,15,29,104
17147,63,15,29,104
17148,63,15,29,104
17149,63,15,29,104
17150,63,15,29,104
17151,63,15,29,104
17152,63,15,29,104
17153,63,15,29,104
17154,63,15,29,104
17155,63,15,29,104
17156,63,15,29,104
17157,63,15,29,104
17158,63,15,29,104
17159,63,15,29,104
17160,63,15,29,104
17161,63,15,29,104
17162,63,15,29,104
17163,63,15,29,104
17164,63,15,29,104
17165,63,15,29,104
17166,63,15,29,104
17167,63,15,29,104
17168,63,15,29,104
17169,63,15,29,104
17170,63,15,29,104
17171,63,15,29,104
17172,63,15,29,104
17173,63,15,29,104
17174,63,15,29,104
17175,63,15,29,104
17176,63,15,29,104
17177,63,15,29,104
17178,63,15,29,104
17179,63,15,29,104
17180,63,15,29,104
17181,63,15,29,104
17182,63,15,29,104
17183,63,15,29,104
17184,63,15,29,104
17185,63,15,29,104
17186,63,15,29,104
17187,63,15,29,104
17188,63,15,29,104
17189,63,15,29,104
17190,63,15,29,104
17191,63,15,29,104
17192,63,15,29,104
17193,63,15,29,104
17194,63,15,29,104
17195,63,15,29,104
17196,63,15,29,104
17197,63,15,29,104
17198,63,15,29,104
17199,63,15,29,104
17200,63,15,29,104
17201,63,15,29,104
17202,63,15,29,104
17203,63,15,29,104
17204,63,15,29,104
17205,63,15,29,104
17206,63,15,29,104
17207,63,15,29,104
17208,63,15,29,104
17209,63,15,29,104
17210,63,15,29,104
17211,63,15,29,104
17212,63,15,29,104
17213,63,15,29,104
17214,63,15,29,104
17215,63,15,29,104
17216,63,15,29,104
17217,63,15,29,104
17218,63,15,29,104
17219,63,15,29,104
17220,63,15,29,104
17221,63,15,29,104
17222,63,15,29,104
17223,63,15,29,104
17224,63,15,29,104
17225,63,15,29,104
17226,63,15,29,104
17227,63,15,29,104
17228,63,15,29,104
17229,63,15,29,104
17230,63,15,29,104
17231,63,15,29,104
17232,63,15,29,104
17233,63,15,29,104
17234,63,15,29,104
17235,63,15,29,104
17236,63,15,29,104
17237,63,15,29,104
17238,63,15,29,104
17239,63,15,29,104
17240,63,15,29,104
17241,63,15,29,104
17242,63,15,29,104
17243,63,15,29,104
17244,63,15,29,104
17245,63,15,29,104
17246,63,15,29,104
17247,63,15,29,104
17248,63,15,29,104
17249,63,15,29,104
17250,63,15,29,104
17251,63,15,29,104
17252,63,15,29,104
17253,63,15,29,104
17254,63,15,29,104
17255,63,15,29,104
17256,63,15,29,104
17257,63,15,29,104
17258,63,15,29,104
17259,63,15,29,104
17260,63,15,29,104
17261,63,15,29,104
17262,63,15,29,104
17263,63,15,29,104
17264,63,15,29,104
17265,63,15,29,104
17266,63,15,29,104
17267,63,15,29,104
17268,63,15,29,104
17269,63,15,29,104
17270,63,15,29,104
17271,63,15,29,104
17272,63,15,29,104
17273,63,15,29,104
17274,63,15,29,104
17275,63,15,29,104
17276,63,15,29,104
17277,63,15,29,104
17278,63,15,29,104
17279,63,15,29,104
17280,63,15,29,104
17281,63,15,29,104
17282,63,15,29,104
17283,63,15,29,104
17284,63,15,29,104
17285,63,15,29,104
17286,63,15,29,104
17287,63,15,29,104
17288,63,15,29,104
17289,63,15,29,104
17290,63,15,29,104
17291,63,15,29,104
17292,63,15,29,104
17293,63,15,29,104
17294,63,15,29,104
17295,63,15,29,104
17296,63,15,29,104
17297,63,15,29,104
17298,63,15,29,104
17299,63,15,29,104
17300,63,15,29,104
17301,63,15,29,105
17302,63,15,29,105
17303,63,15,29,105
17304,63,15,29,105
17305,63,15,29,105
17306,63,15,29,105
17307,63,15,29,105
17308,63,15,29,105
17309,63,15,29,105
17310,63,15,29,105
17311,63,15,29,105
17312,63,15,29,105
17313,63,15,29,105
17314,63,15,29,105
17315,63,15,29,105
17316,63,15,29,105
17317,63,15,29,105
17318,63,15,29,105
17319,63,15,29,105
17320,63,15,29,105
17321,63,15,29,105
17322,63,15,29,105
17323,63,15,29,105
17324,63,15,29,105
17325,63,15,29,105
17326,63,15,29,105
17327,63,15,29,105
17328,63,15,29,105
17329,63,15,29,105
17330,63,15,29,105
17331,63,15,29,105
17332,63,15,29,105
17333,63,15,29,105
17334,63,15,29,105
17335,63,15,29,105
17336,63,15,29,105
17337,63,15,29,105
17338,63,15,29,105
17339,63,15,29,105
17340,63,15,29,105
17341,63,15,29,105
17342,63,15,29,105
17343,63,15,29,105
17344,63,15,29,105
17345,63,15,29,105
17346,63,15,29,105
17347,63,15,29,105
17348,63,15,29,105
17349,63,15,29,105
17350,63,15,29,105
17351,63,15,29,105
17352,63,15,29,105
17353,63,15,29,105
17354,63,15,29,105
17355,63,15,29,105
17356,63,15,29,105
17357,63,15,29,105
17358,63,15,29,105
17359,63,15,29,105
17360,63,15,29,105
17361,63,15,29,105
17362,63,15,29,105
17363,63,15,29,105
17364,63,15,29,105
17365,63,15,29,105
17366,63,15,29,105
17367,63,15,29,105
17368,63,15,29,105
17369,63,15,29,105
17370,63,15,29,105
17371,63,15,29,105
17372,63,15,29,105
17373,63,15,29,105
17374,63,15,29,105
17375,63,15,29,105
17376,63,15,29,105
17377,63,15,29,105
17378,63,15,29,105
17379,63,15,29,105
17380,63,15,29,105
17381,63,15,29,105
17382,63,15,29,105
17383,63,15,29,105
17384,63,15,29,105
17385,63,15,29,105
17386,63,15,29,105
17387,63,15,29,105
17388,63,15,29,105
17389,63,15,29,105
17390,63,15,29,105
17391,63,15,29,105
17392,63,15,29,105
17393,63,15,29,105
17394,63,15,29,105
17395,63,15,29,105
17396,63,15,29,105
17397,63,15,29,105
17398,63,15,29,105
17399,63,15,29,105
17400,63,15,29,105
17401,63,15,29,105
17402,63,15,29,105
17403,63,15,29,105
17404,63,15,29,105
17405,63,15,29,105
17406,63,15,29,105
17407,63,15,29,105
17408,63,15,29,105
17409,63,15,29,105
17410,63,15,29,105
17411,63,15,29,105
17412,63,15,29,105
17413,63,15,29,105
17414,63,15,29,105
17415,63,15,29,105
17416,63,15,29,105
17417,63,15,29,105
17418,63,15,29,105
17419,63,15,29,105
17420,63,15,29,105
17421,63,15,29,105
17422,63,15,29,105
17423,63,15,29,105
17424,63,15,29,105
17425,63,15,29,105
17426,63,15,29,105
17427,63,15,29,105
17428,63,15,29,105
17429,63,15,29,105
17430,63,15,29,105
17431,63,15,29,105
17432,63,15,29,105
17433,63,15,29,105
17434,63,15,29,105
17435,63,15,29,105
17436,63,15,29,105
17437,63,15,29,105
17438,63,15,29,105
17439,63,15,29,105
17440,63,15,29,105
17441,63,15,29,105
17442,63,15,29,105
17443,63,15,29,105
17444,63,15,29,105
17445,63,15,29,105
17446,63,15,29,105
17447,63,15,29,105
17448,63,15,29,105
17449,63,15,29,105
17450,63,15,29,105
17451,63,15,29,105
17452,63,15,29,105
17453,63,15,29,105
17454,63,15,29,105
17455,63,15,29,105
17456,63,15,29,105
17457,63,15,29,105
17458,63,15,29,105
17459,63,15,29,105
17460,63,15,29,105
17461,63,15,29,105
17462,63,15,29,105
17463,63,15,29,105
17464,63,15,29,105
17465,63,15,29,105
17466,63,15,29,106
17467,63,15,29,106
17468,63,15,29,106
17469,63,15,29,106
17470,63,15,29,106
17471,63,15,29,106
17472,63,15,29,106
17473,63,15,29,106
17474,63,15,29,106
17475,63,15,29,106
17476,63,15,29,106
17477,63,15,29,106
17478,63,15,29,106
17479,63,15,29,106
17480,63,15,29,106
17481,63,15,29,106
17482,63,15,29,106
17483,63,15,29,106
17484,63,15,29,106
17485,63,15,29,106
17486,63,15,29,106
17487,63,15,29,106
17488,63,15,29,106
17489,63,15,29,106
17490,63,15,29,106
17491,63,15,29,106
17492,63,15,29,106
17493,63,15,29,106
17494,63,15,29,106
17495,63,15,29,106
17496,63,15,29,106
17497,63,15,29,106
17498,63,15,29,106
17499,63,15,29,106
17500,63,15,29,106
17501,63,15,29,106
17502,63,15,29,106
17503,63,15,29,106
17504,63,15,29,106
17505,63,15,29,106
17506,63,15,29,106
17507,63,15,29,106
17508,63,15,29,106
17509,63,15,29,106
17510,63,15,29,106
17511,63,15,29,106
17512,63,15,29,106
17513,63,15,29,106
17514,63,15,29,106
17515,63,15,29,106
17516,63,15,29,106
17517,63,15,29,106
17518,63,15,29,106
17519,63,15,29,106
17520,63,15,29,106
17521,63,15,29,106
17522,63,15,29,106
17523,63,15,29,106
17524,63,15,29,106
17525,63,15,29,106
17526,63,15,29,106
17527,63,15,29,106
17528,63,15,29,107
17529,63,15,29,107
17530,63,15,29,107
17531,63,15,29,107
17532,63,15,29,107
17533,63,15,29,107
17534,63,15,29,107
17535,63,15,29,107
17536,63,15,29,107
17537,63,15,29,107
17538,63,15,29,107
17539,63,15,29,107
17540,63,15,29,107
17541,63,15,29,107
17542,63,15,29,107
17543,63,15,29,107
17544,63,15,29,107
17545,63,15,29,107
17546,63,15,29,107
17547,63,15,29,107
17548,63,15,29,107
17549,63,15,29,107
17550,63,15,29,107
17551,63,15,29,107
17552,63,15,29,107
17553,63,15,29,107
17554,63,15,29,107
17555,63,15,29,107
17556,63,15,29,107
17557,63,15,29,107
17558,63,15,29,107
17559,63,15,29,107
17560,63,15,29,107
17561,63,15,29,107
17562,63,15,29,107
17563,63,15,29,107
17564,63,15,29,107
17565,63,15,29,107
17566,63,15,29,107
17567,63,15,29,107
17568,63,15,29,107
17569,63,15,29,107
17570,63,15,29,107
17571,63,15,29,107
17572,63,15,29,107
17573,63,15,29,107
17574,63,15,29,107
17575,63,15,29,107
17576,63,15,29,107
17577,63,15,29,107
17578,63,15,29,107
17579,63,15,29,107
17580,63,15,29,107
17581,63,15,29,107
17582,63,15,29,107
17583,63,15,29,107
17584,63,15,29,107
17585,63,15,29,107
17586,63,15,29,107
17587,63,15,29,107
17588,63,15,29,107
17589,63,15,29,107
17590,63,15,29,107
17591,63,15,29,107
17592,63,15,29,107
17593,63,15,29,107
17594,63,15,29,107
17595,63,15,29,107
17596,63,15,29,107
17597,63,15,29,107
17598,63,15,29,107
17599,63,15,29,107
17600,63,15,29,107
17601,63,15,29,107
17602,63,15,29,107
17603,63,15,29,107
17604,63,15,29,107
17605,63,15,29,107
17606,63,15,29,107
17607,63,15,29,107
17608,63,15,29,107
17609,63,15,29,107
17610,63,15,29,107
17611,63,15,29,107
17612,63,15,29,107
17613,63,15,29,107
17614,63,15,29,107
17615,63,15,29,107
17616,63,15,29,107
17617,63,15,29,107
17618,63,15,29,107
17619,63,15,29,107
17620,63,15,29,107
17621,63,15,29,107
17622,63,15,29,107
17623,63,15,29,107
17624,63,15,29,107
17625,63,15,29,107
17626,63,15,29,107
17627,63,15,29,107
17628,63,15,29,107
17629,63,15,29,107
17630,63,15,29,107
17631,63,15,29,107
17632,63,15,29,107
17633,63,15,29,107
17634,63,15,29,107
17635,63,15,29,107
17636,63,15,29,107
17637,63,15,29,107
17638,63,15,29,107
17639,63,15,29,107
17640,63,15,29,107
17641,63,15,29,107
17642,63,15,29,107
17643,63,15,29,107
17644,63,15,29,107
17645,63,15,29,107
17646,63,15,29,107
17647,63,15,29,107
17648,63,15,29,107
17649,63,15,29,107
17650,63,15,29,107
17651,63,15,29,107
17652,63,15,29,107
17653,63,15,29,107
17654,63,15,29,107
17655,63,15,29,107
17656,63,15,29,107
17657,63,15,29,107
17658,63,15,29,107
17659,63,15,29,107
17660,63,15,29,107
17661,63,15,29,107
17662,63,15,29,107
17663,63,15,29,107
17664,63,15,29,107
17665,63,15,29,107
17666,63,15,29,107
17667,63,15,29,107
17668,63,15,29,107
17669,63,15,29,107
17670,63,15,29,107
17671,63,15,29,107
17672,63,15,29,107
17673,63,15,29,107
17674,63,15,29,107
17675,63,15,29,107
17676,63,15,29,107
17677,63,15,29,107
17678,63,15,29,107
17679,63,15,29,107
17680,63,15,29,107
17681,63,15,29,107
17682,63,15,29,107
17683,63,15,29,107
17684,63,15,29,107
17685,63,15,29,107
17686,63,15,29,107
17687,63,15,29,107
17688,63,15,29,107
17689,63,15,29,107
17690,63,15,29,107
17691,63,15,29,107
17692,63,15,29,107
17693,63,15,29,107
17694,63,15,29,107
17695,63,15,29,107
17696,63,15,29,107
17697,63,15,29,107
17698,63,15,29,107
17699,63,15,29,107
17700,63,15,29,107
17701,63,15,29,107
17702,63,15,29,107
17703,63,15,29,107
17704,63,15,29,107
17705,63,15,29,107
17706,63,15,29,107
17707,63,15,29,107
17708,63,15,29,107
17709,63,15,29,107
17710,63,15,29,107
17711,63,15,29,107
17712,63,15,29,107
17713,63,15,29,107
17714,63,15,29,108
17715,63,15,29,108
17716,63,15,29,108
17717,63,15,29,108
17718,63,15,29,108
17719,63,15,29,108
17720,63,15,29,108
17721,63,15,29,108
17722,63,15,29,108
17723,63,15,29,108
17724,63,15,29,108
17725,63,15,29,108
17726,63,15,29,108
17727,63,15,29,108
17728,63,15,29,108
17729,63,15,29,108
17730,63,15,29,108
17731,63,15,29,108
17732,63,15,29,108
17733,63,15,29,108
17734,63,15,29,108
17735,63,15,29,108
17736,63,15,29,108
17737,63,15,29,108
17738,63,15,29,108
17739,63,15,29,108
17740,63,15,29,108
17741,63,15,29,108
17742,63,15,29,108
17743,63,15,29,108
17744,63,15,29,108
17745,63,15,29,108
17746,63,15,29,108
17747,63,15,29,108
17748,63,15,29,108
17749,63,15,29,108
17750,63,15,29,108
17751,63,15,29,108
17752,63,15,29,108
17753,63,15,29,108
17754,63,15,29,108
17755,63,15,29,108
17756,63,15,29,108
17757,63,15,29,108
17758,63,15,29,108
17759,63,15,29,108
17760,63,15,29,108
17761,63,15,29,108
17762,63,15,29,108
17763,63,15,29,109
17764,63,15,29,109
17765,63,15,29,109
17766,63,15,29,109
17767,63,15,29,109
17768,63,15,29,109
17769,63,15,29,109
17770,63,15,29,109
17771,63,15,29,109
17772,63,15,29,109
17773,63,15,29,109
17774,63,15,29,109
17775,63,15,29,109
17776,63,15,29,109
17777,63,15,29,109
17778,63,15,29,109
17779,63,15,29,109
17780,63,15,29,109
17781,63,15,29,109
17782,63,15,29,109
17783,63,15,29,109
17784,63,15,29,109
17785,63,15,29,109
17786,63,15,29,109
17787,63,15,29,109
17788,63,15,29,109
17789,63,15,29,109
17790,63,15,29,109
17791,63,15,29,109
17792,63,15,29,109
17793,63,15,29,109
17794,63,15,29,109
17795,63,15,29,109
17796,63,15,29,109
17797,63,15,29,109
17798,63,15,29,109
17799,63,15,29,109
17800,63,15,29,109
17801,63,15,29,109
17802,63,15,29,109
17803,63,15,29,109
17804,63,15,29,109
17805,63,15,29,109
17806,63,15,29,109
17807,63,15,29,109
17808,63,15,29,109
17809,63,15,29,109
17810,63,15,29,109
17811,63,15,29,109
17812,63,15,29,109
17813,63,15,29,109
17814,63,15,29,109
17815,63,15,29,109
17816,63,15,29,109
17817,63,15,29,109
17818,63,15,29,109
17819,63,15,29,109
17820,63,15,29,109
17821,63,15,29,109
17822,63,15,29,109
17823,63,15,29,109
17824,63,15,29,109
17825,63,15,29,109
17826,63,15,29,109
17827,63,15,29,109
17828,63,15,29,109
17829,63,15,29,109
17830,63,15,29,109
17831,63,15,29,109
17832,63,15,29,109
17833,63,15,29,109
17834,63,15,29,109
17835,63,15,29,109
17836,63,15,29,109
17837,63,15,29,109
17838,63,15,29,109
17839,63,15,29,109
17840,63,15,29,109
17841,63,15,29,109
17842,63,15,29,109
17843,63,15,29,109
17844,63,15,29,109
17845,63,15,29,109
17846,63,15,29,109
17847,63,15,29,109
17848,63,15,29,109
17849,63,15,29,109
17850,63,15,29,109
17851,63,15,29,109
17852,63,15,29,109
17853,63,15,29,109
17854,63,15,29,109
17855,63,15,29,109
17856,63,15,29,109
17857,63,15,29,109
17858,63,15,29,109
17859,63,15,29,109
17860,63,15,29,109
17861,63,15,29,109
17862,63,15,29,109
17863,63,15,29,109
17864,63,15,29,109
17865,63,15,29,109
17866,63,15,29,109
17867,63,15,29,109
17868,63,15,29,109
17869,63,15,29,109
17870,63,15,29,109
17871,63,15,29,109
17872,63,15,29,109
17873,63,15,29,109
17874,63,15,29,109
17875,63,15,29,109
17876,63,15,29,109
17877,63,15,29,109
17878,63,15,29,109
17879,63,15,29,109
17880,63,15,29,109
17881,63,15,29,109
17882,63,15,29,109
17883,63,15,29,109
17884,63,15,29,109
17885,63,15,29,109
17886,63,15,29,109
17887,63,15,29,109
17888,63,15,29,109
17889,63,15,29,109
17890,63,15,29,109
17891,63,15,29,109
17892,63,15,29,109
17893,63,15,29,109
17894,63,15,29,109
17895,63,15,29,109
17896,63,15,29,109
17897,63,15,29,109
17898,63,15,29,109
17899,63,15,29,109
17900,63,15,29,109
17901,63,15,29,109
17902,63,15,29,109
17903,63,15,29,109
17904,63,15,29,109
17905,63,15,29,109
17906,63,15,29,109
17907,63,15,29,109
17908,63,15,29,109
17909,63,15,29,109
17910,63,15,29,109
17911,63,15,29,109
17912,63,15,29,109
17913,63,15,29,109
17914,63,15,29,109
17915,63,15,29,109
17916,63,15,29,109
17917,63,15,29,109
17918,63,15,29,109
17919,63,15,29,109
17920,63,15,29,109
17921,63,15,29,109
17922,63,15,29,109
17923,63,15,29,109
17924,63,15,29,109
17925,63,15,29,109
17926,63,15,29,109
17927,63,15,29,109
17928,63,15,29,109
17929,63,15,29,110
17930,63,15,29,110
17931,63,15,29,110
17932,63,15,29,110
17933,63,15,29,110
17934,63,15,29,110
17935,63,15,29,110
17936,63,15,29,110
17937,63,15,29,110
17938,63,15,29,110
17939,63,15,29,110
17940,63,15,29,110
17941,63,15,29,110
17942,63,15,29,110
17943,63,15,29,110
17944,63,15,29,110
17945,63,15,29,110
17946,63,15,29,110
17947,63,15,29,110
17948,63,15,29,110
17949,63,15,29,110
17950,63,15,29,110
17951,63,15,29,110
17952,63,15,29,110
17953,63,15,29,110
17954,63,15,29,110
17955,63,15,29,110
17956,63,15,29,110
17957,63,15,29,110
17958,63,15,29,110
17959,63,15,29,110
17960,63,15,29,110
17961,63,15,29,110
17962,63,15,29,110
17963,63,15,29,110
17964,63,15,29,110
17965,63,15,29,110
17966,63,15,29,110
17967,63,15,29,110
17968,63,15,29,110
17969,63,15,29,110
17970,63,15,29,110
17971,63,15,29,110
17972,63,15,29,110
17973,63,15,29,110
17974,63,15,29,110
17975,63,15,29,110
17976,63,15,29,110
17977,63,15,29,110
17978,63,15,29,110
17979,63,15,29,110
17980,63,15,29,110
17981,63,15,29,110
17982,63,15,29,110
17983,63,15,29,110
17984,63,15,29,110
17985,63,15,29,110
17986,63,15,29,110
17987,63,15,29,110
17988,63,15,29,110
17989,63,15,29,110
17990,63,15,29,110
17991,63,15,29,110
17992,63,15,29,110
17993,63,15,29,110
17994,63,15,29,110
17995,63,15,29,110
17996,63,15,29,110
17997,63,15,29,110
17998,63,15,29,110
17999,63,15,29,110
18000,63,15,29,110
18001,63,15,29,110
18002,63,15,29,110
18003,63,15,29,110
18004,63,15,29,110
18005,63,15,29,110
18006,63,15,29,110
18007,63,15,29,110
18008,63,15,29,110
18009,63,15,29,110
18010,63,15,29,110
18011,63,15,29,110
18012,63,15,29,110
18013,63,15,29,110
18014,63,15,29,110
18015,63,15,29,110
18016,63,15,29,110
18017,63,15,29,110
18018,63,15,29,110
18019,63,15,29,110
18020,63,15,29,110
18021,63,15,29,111
18022,63,15,29,111
18023,63,15,29,111
18024,63,15,29,111
18025,63,15,29,111
18026,63,15,29,111
18027,63,15,29,111
18028,63,15,29,111
18029,63,15,29,111
18030,63,15,29,111
18031,63,15,29,111
18032,63,15,29,111
18033,63,15,29,111
18034,63,15,29,111
18035,63,15,29,111
18036,63,15,29,111
18037,63,15,29,111
18038,63,15,29,111
18039,63,15,29,111
18040,63,15,29,111
18041,63,15,29,111
18042,63,15,29,111
18043,63,15,29,111
18044,63,15,29,111
18045,63,15,29,111
18046,63,15,29,111
18047,63,15,29,111
18048,63,15,29,111
18049,63,15,29,111
18050,63,15,29,111
18051,63,15,29,111
18052,63,15,29,111
18053,63,15,29,111
18054,63,15,29,111
18055,63,15,29,111
18056,63,15,29,111
18057,63,15,29,111
18058,63,15,29,111
18059,63,15,29,111
18060,63,15,29,111
18061,63,15,29,111
18062,63,15,29,111
18063,63,15,29,111
18064,63,15,29,111
18065,63,15,29,111
18066,63,15,29,111
18067,63,15,29,111
18068,63,15,29,111
18069,63,15,29,111
18070,63,15,29,111
18071,63,15,29,111
18072,63,15,29,111
18073,63,15,29,111
18074,63,15,29,111
18075,63,15,29,111
18076,63,15,29,111
18077,63,15,29,111
18078,63,15,29,111
18079,63,15,29,111
18080,63,15,29,111
18081,63,15,29,111
18082,63,15,29,111
18083,63,15,29,111
18084,63,15,29,111
18085,63,15,29,111
18086,63,15,29,111
18087,63,15,29,111
18088,63,15,29,111
18089,63,15,29,111
18090,63,15,29,111
18091,63,15,29,111
18092,63,15,29,111
18093,63,15,29,111
18094,63,15,29,111
18095,63,15,29,111
18096,63,15,29,111
18097,63,15,29,111
18098,63,15,29,111
18099,63,15,29,111
18100,63,15,29,111
18101,63,15,29,111
18102,63,15,29,111
18103,63,15,29,111
18104,63,15,29,111
18105,63,15,29,111
18106,63,15,29,111
18107,63,15,29,111
18108,63,15,29,111
18109,63,15,29,111
18110,63,15,29,111
18111,63,15,29,111
18112,63,15,29,111
18113,63,15,29,111
18114,63,15,29,111
18115,63,15,29,111
18116,63,15,29,111
18117,63,15,29,111
18118,63,15,29,111
18119,63,15,29,111
18120,63,15,29,111
18121,63,15,29,111
18122,63,15,29,111
18123,63,15,29,111
18124,63,15,29,111
18125,63,15,29,111
18126,63,15,29,111
18127,63,15,29,111
18128,63,15,29,111
18129,63,15,29,111
18130,63,15,29,111
18131,63,15,29,111
18132,63,15,29,111
18133,63,15,29,111
18134,63,15,29,111
18135,63,15,29,111
18136,63,15,29,111
18137,63,15,29,111
18138,63,15,29,111
18139,63,15,29,111
18140,63,15,29,111
18141,63,15,29,111
18142,63,15,29,111
18143,63,15,29,111
18144,63,15,29,111
18145,63,15,29,111
18146,63,15,29,111
18147,63,15,29,111
18148,63,15,29,111
18149,63,15,29,111
18150,63,15,29,111
18151,63,15,29,111
18152,63,15,29,111
18153,63,15,29,111
18154,63,15,29,111
18155,63,15,29,111
18156,63,15,29,111
18157,63,15,29,111
18158,63,15,29,111
18159,63,15,29,111
18160,63,15,29,111
18161,63,15,29,111
18162,63,15,29,111
18163,63,15,29,111
18164,63,15,29,111
18165,63,15,29,111
18166,63,15,29,111
18167,63,15,29,111
18168,63,15,29,111
18169,63,15,29,111
18170,63,15,29,111
18171,63,15,29,111
18172,63,15,29,111
18173,63,15,29,111
18174,63,15,29,111
18175,63,15,29,111
18176,63,15,29,111
18177,63,15,29,111
18178,63,15,29,111
18179,63,15,29,111
18180,63,15,29,111
18181,63,15,29,111
18182,63,15,29,111
18183,63,15,29,111
18184,63,15,29,111
18185,63,15,29,111
18186,63,15,29,111
18187,63,15,29,111
18188,63,15,29,111
18189,63,15,29,111
18190,63,15,29,111
18191,63,15,29,111
18192,63,15,29,111
18193,63,15,29,111
18194,63,15,29,111
18195,63,15,29,111
18196,63,15,29,111
18197,63,15,29,111
18198,63,15,29,111
18199,63,15,29,111
18200,63,15,29,111
18201,63,15,29,111
18202,63,15,29,111
18203,63,15,29,111
18204,63,15,29,111
18205,63,15,29,111
18206,63,15,29,111
18207,63,15,29,111
18208,63,15,29,111
18209,63,15,29,111
18210,63,15,29,111
18211,63,15,29,111
18212,63,15,29,111
18213,63,15,29,111
18214,63,15,29,111
18215,63,15,29,111
18216,63,15,29,111
18217,63,15,29,111
18218,63,15,29,111
18219,63,15,29,111
18220,63,15,29,111
18221,63,15,29,111
18222,63,15,29,111
18223,63,15,29,111
18224,63,15,29,111
18225,63,15,29,111
18226,63,15,29,111
18227,63,15,29,111
18228,63,15,29,111
18229,63,15,29,111
18230,63,15,29,111
18231,63,15,29,111
18232,63,15,29,111
18233,63,15,29,111
18234,63,15,29,111
18235,63,15,29,111
18236,63,15,29,111
18237,63,15,29,111
18238,63,15,29,111
18239,63,15,29,111
18240,63,15,29,111
18241,63,15,29,111
18242,63,15,29,111
18243,63,15,29,111
18244,63,15,29,111
18245,63,15,29,111
18246,63,15,29,111
18247,63,15,29,111
18248,63,15,29,111
18249,63,15,29,111
18250,63,15,29,111
18251,63,15,29,111
18252,63,15,29,111
18253,63,15,29,111
18254,63,15,29,111
18255,63,15,29,111
18256,63,15,29,111
18257,63,15,29,111
18258,63,15,29,111
18259,63,15,29,111
18260,63,15,29,111
18261,63,15,29,111
18262,63,15,29,111
18263,63,15,29,111
18264,63,15,29,111
18265,63,15,29,111
18266,63,15,29,111
18267,63,15,29,111
18268,63,15,29,111
18269,63,15,29,111
18270,63,15,29,111
18271,63,15,29,111
18272,63,15,29,111
18273,63,15,29,111
18274,63,15,29,111
18275,63,15,29,111
18276,63,15,29,111
18277,63,15,29,111
18278,63,15,29,111
18279,63,15,29,111
18280,63,15,29,111
18281,63,15,29,111
18282,63,15,29,111
18283,63,15,29,111
18284,63,15,29,111
18285,63,15,29,111
18286,63,15,29,112
18287,63,15,29,112
18288,63,15,29,112
18289,63,15,29,112
18290,63,15,29,112
18291,63,15,29,112
18292,63,15,29,112
18293,63,15,29,112
18294,63,15,29,112
18295,63,15,29,112
18296,63,15,29,112
18297,63,15,29,112
18298,63,15,29,112
18299,63,15,29,112
18300,63,15,29,112
18301,63,15,29,112
18302,63,15,29,112
18303,63,15,29,112
18304,63,15,29,112
18305,63,15,29,112
18306,63,15,29,112
18307,63,15,29,112
18308,63,15,29,112
18309,63,15,29,112
18310,63,15,29,112
18311,63,15,29,112
18312,63,15,29,112
18313,63,15,29,112
18314,63,15,29,112
18315,63,15,29,112
18316,63,15,29,112
18317,63,15,29,112
18318,63,15,29,112
18319,63,15,29,112
18320,63,15,29,112
18321,63,15,29,112
18322,63,15,29,112
18323,63,15,29,112
18324,63,15,29,112
18325,63,15,29,112
18326,63,15,29,112
18327,63,15,29,113
18328,63,15,29,113
18329,63,15,29,113
18330,63,15,29,113
18331,63,15,29,113
18332,63,15,29,113
18333,63,15,29,113
18334,63,15,29,113
18335,63,15,29,113
18336,63,15,29,113
18337,63,15,29,113
18338,63,15,29,113
18339,63,15,29,113
18340,63,15,29,113
18341,63,15,29,113
18342,63,15,29,113
18343,63,15,29,113
18344,63,15,29,113
18345,63,15,29,113
18346,63,15,29,113
18347,63,15,29,113
18348,63,15,29,113
18349,63,15,29,113
18350,63,15,29,113
18351,63,15,29,113
18352,63,15,29,113
18353,63,15,29,113
18354,63,15,29,113
18355,63,15,29,113
18356,63,15,29,113
18357,63,15,29,113
18358,63,15,29,113
18359,63,15,29,113
18360,63,15,29,113
18361,63,15,29,113
18362,63,15,29,113
18363,63,15,29,113
18364,63,15,29,113
18365,63,15,29,113
18366,63,15,29,113
18367,63,15,29,113
18368,63,15,29,113
18369,63,15,29,113
18370,63,15,29,113
18371,63,15,29,113
18372,63,15,29,113
18373,63,15,29,113
18374,63,15,29,113
18375,63,15,29,113
18376,63,15,29,113
18377,63,15,29,113
18378,63,15,29,113
18379,63,15,29,113
18380,63,15,29,113
18381,63,15,29,113
18382,63,15,29,113
18383,63,15,29,113
18384,63,15,29,113
18385,63,15,29,113
18386,63,15,29,113
18387,63,15,29,113
18388,63,15,29,113
18389,63,15,29,113
18390,63,15,29,113
18391,63,15,29,113
18392,63,15,29,113
18393,63,15,29,113
18394,63,15,29,113
18395,63,15,29,113
18396,63,15,29,113
18397,63,15,29,113
18398,63,15,29,113
18399,63,15,29,113
18400,63,15,29,113
18401,63,15,29,113
18402,63,15,29,113
18403,63,15,29,113
18404,63,15,29,113
18405,63,15,29,113
18406,63,15,29,113
18407,63,15,29,113
18408,63,15,29,113
18409,63,15,29,113
18410,63,15,29,113
18411,63,15,29,113
18412,63,15,29,113
18413,63,15,29,113
18414,63,15,29,113
18415,63,15,29,113
18416,63,15,29,113
18417,63,15,29,113
18418,63,15,29,113
18419,63,15,29,113
18420,63,15,29,113
18421,63,15,29,113
18422,63,15,29,113
18423,63,15,29,113
18424,63,15,29,113
18425,63,15,29,113
18426,63,15,29,113
18427,63,15,29,113
18428,63,15,29,113
18429,63,15,29,113
18430,63,15,29,113
18431,63,15,29,113
18432,63,15,29,113
18433,63,15,29,113
18434,63,15,29,113
18435,63,15,29,113
18436,63,15,29,113
18437,63,15,29,113
18438,63,15,29,113
18439,63,15,29,113
18440,63,15,29,113
18441,63,15,29,113
18442,63,15,29,113
18443,63,15,29,113
18444,63,15,29,113
18445,63,15,29,113
18446,63,15,29,113
18447,63,15,29,113
18448,63,15,29,113
18449,63,15,29,113
18450,63,15,29,113
18451,63,15,29,113
18452,63,15,29,113
18453,63,15,29,113
18454,63,15,29,113
18455,63,15,29,113
18456,63,15,29,113
18457,63,15,29,113
18458,63,15,29,113
18459,63,15,29,113
18460,63,15,29,113
18461,63,15,29,113
18462,63,15,29,113
18463,63,15,29,113
18464,63,15,29,113
18465,63,15,29,113
18466,63,15,29,113
18467,63,15,29,113
18468,63,15,29,113
18469,63,15,29,113
18470,63,15,29,113
18471,63,15,29,113
18472,63,15,29,113
18473,63,15,29,113
18474,63,15,29,113
18475,63,15,29,113
18476,63,15,29,113
18477,63,15,29,113
18478,63,15,29,113
18479,63,15,29,113
18480,63,15,29,113
18481,63,15,29,113
18482,63,15,29,113
18483,63,15,29,113
18484,63,15,29,113
18485,63,15,29,113
18486,63,15,29,113
18487,63,15,29,113
18488,63,15,29,113
18489,63,15,29,113
18490,63,15,29,113
18491,63,15,29,113
18492,63,15,29,113
18493,63,15,29,113
18494,63,15,29,113
18495,63,15,29,113
18496,63,15,29,113
18497,63,15,29,113
18498,63,15,29,113
18499,63,15,29,113
18500,63,15,29,113
18501,63,15,29,113
18502,63,15,29,113
18503,63,15,29,113
18504,63,15,29,113
18505,63,15,29,113
18506,63,15,29,113
18507,63,15,29,113
18508,63,15,29,113
18509,63,15,29,113
18510,63,15,29,113
18511,63,15,29,113
18512,63,15,29,113
18513,63,15,29,113
18514,63,15,29,113
18515,63,15,29,113
18516,63,15,29,113
18517,63,15,29,113
18518,63,15,29,113
18519,63,15,29,113
18520,63,15,29,113
18521,63,15,29,113
18522,63,15,29,113
18523,63,15,29,113
18524,63,15,29,113
18525,63,15,29,113
18526,63,15,29,113
18527,63,15,29,113
18528,63,15,29,113
18529,63,15,29,113
18530,63,15,29,113
18531,63,15,29,113
18532,63,15,29,113
18533,63,15,29,113
18534,63,15,29,113
18535,63,15,29,113
18536,63,15,29,113
18537,63,15,29,113
18538,63,15,29,113
18539,63,15,29,113
18540,63,15,29,113
18541,63,15,29,113
18542,63,15,29,113
18543,63,15,29,113
18544,63,15,29,113
18545,63,15,29,113
18546,63,15,29,113
18547,63,15,29,113
18548,63,15,29,113
18549,63,15,29,113
18550,63,15,29,113
18551,63,15,29,113
18552,63,15,29,113
18553,63,15,29,113
18554,63,15,29,113
18555,63,15,29,113
18556,63,15,29,113
18557,63,15,29,113
18558,63,15,29,113
18559,63,15,29,113
18560,63,15,29,113
18561,63,15,29,113
18562,63,15,29,113
18563,63,15,29,113
18564,63,15,29,113
18565,63,15,29,113
18566,63,15,29,113
18567,63,15,29,113
18568,63,15,29,113
18569,63,15,29,113
18570,63,15,29,113
18571,63,15,29,113
18572,63,15,29,113
18573,63,15,29,113
18574,63,15,29,113
18575,63,15,29,113
18576,63,15,29,113
18577,63,15,29,113
18578,63,15,29,113
18579,63,15,29,113
18580,63,15,29,113
18581,63,15,29,113
18582,63,15,29,113
18583,63,15,29,113
18584,63,15,29,113
18585,63,15,29,113
18586,63,15,29,113
18587,63,15,29,113
18588,63,15,29,113
18589,63,15,29,114
18590,63,15,29,114
18591,63,15,29,114
18592,63,15,29,114
18593,63,15,29,114
18594,63,15,29,114
18595,63,15,29,114
18596,63,15,29,114
18597,63,15,29,114
18598,63,15,29,114
18599,63,15,29,114
18600,63,15,29,114
18601,63,15,29,114
18602,63,15,29,114
18603,63,15,29,114
18604,63,15,29,114
18605,63,15,29,114
18606,63,15,29,114
18607,63,15,29,114
18608,63,15,29,114
18609,63,15,29,114
18610,63,15,29,114
18611,63,15,29,114
18612,63,15,29,114
18613,63,15,29,114
18614,63,15,29,114
18615,63,15,29,114
18616,63,15,29,114
18617,63,15,29,114
18618,63,15,29,114
18619,63,15,29,114
18620,63,15,29,114
18621,63,15,29,114
18622,63,15,29,114
18623,63,15,29,114
18624,63,15,29,114
18625,63,15,29,114
18626,63,15,29,114
18627,63,15,29,114
18628,63,15,29,114
18629,63,15,29,114
18630,63,15,29,114
18631,63,15,29,114
18632,63,15,29,114
18633,63,15,29,114
18634,63,15,29,114
18635,63,15,29,114
18636,63,15,29,114
18637,63,15,29,114
18638,63,15,29,114
18639,63,15,29,114
18640,63,15,29,114
18641,63,15,29,114
18642,63,15,29,114
18643,63,15,29,114
18644,63,15,29,114
18645,63,15,29,114
18646,63,15,29,114
18647,63,15,29,114
18648,63,15,29,114
18649,63,15,29,114
18650,63,15,29,114
18651,63,15,29,114
18652,63,15,29,114
18653,63,15,29,114
18654,63,15,29,114
18655,63,15,29,114
18656,63,15,29,114
18657,63,15,29,114
18658,63,15,29,114
18659,63,15,29,114
18660,63,15,29,114
18661,63,15,29,114
18662,63,15,29,114
18663,63,15,29,114
18664,63,15,29,114
18665,63,15,29,114
18666,63,15,29,114
18667,63,15,29,114
18668,63,15,29,114
18669,63,15,29,114
18670,63,15,29,114
18671,63,15,29,114
18672,63,15,29,114
18673,63,15,29,114
18674,63,15,29,114
18675,63,15,29,114
18676,63,15,29,114
18677,63,15,29,114
18678,63,15,29,114
18679,63,15,29,114
18680,63,15,29,114
18681,63,15,29,114
18682,63,15,29,114
18683,63,15,29,114
18684,63,15,29,114
18685,63,15,29,114
18686,63,15,29,114
18687,63,15,29,114
18688,63,15,29,114
18689,63,15,29,114
18690,63,15,29,114
18691,63,15,29,114
18692,63,15,29,114
18693,63,15,29,114
18694,63,15,29,114
18695,63,15,29,114
18696,63,15,29,114
18697,63,15,29,114
18698,63,15,29,114
18699,63,15,29,114
18700,63,15,29,114
18701,63,15,29,114
18702,63,15,29,114
18703,63,15,29,114
18704,63,15,29,114
18705,63,15,29,114
18706,63,15,29,114
18707,63,15,29,114
18708,63,15,29,114
18709,63,15,29,114
18710,63,15,29,114
18711,63,15,29,114
18712,63,15,29,114
18713,63,15,29,114
18714,63,15,29,114
18715,63,15,29,114
18716,63,15,29,114
18717,63,15,29,114
18718,63,15,29,114
18719,63,15,29,114
18720,63,15,29,114
18721,63,15,29,114
18722,63,15,29,114
18723,63,15,29,114
18724,63,15,29,115
18725,63,15,29,115
18726,63,15,29,115
18727,63,15,29,115
18728,63,15,29,115
18729,63,15,29,115
18730,63,15,29,115
18731,63,15,29,115
18732,63,15,29,115
18733,63,15,29,115
18734,63,15,29,115
18735,63,15,29,115
18736,63,15,29,115
18737,63,15,29,115
18738,63,15,29,115
18739,63,15,29,115
18740,63,15,29,115
18741,63,15,29,115
18742,63,15,29,115
18743,63,15,29,115
18744,63,15,29,115
18745,63,15,29,115
18746,63,15,29,115
18747,63,15,29,115
18748,63,15,29,115
18749,63,15,29,115
18750,63,15,29,115
18751,63,15,29,115
18752,63,15,29,115
18753,63,15,29,115
18754,63,15,29,115
18755,63,15,29,115
18756,63,15,29,115
18757,63,15,29,115
18758,63,15,29,115
18759,63,15,29,115
18760,63,15,29,115
18761,63,15,29,115
18762,63,15,29,115
18763,63,15,29,115
18764,63,15,29,115
18765,63,15,29,115
18766,63,15,29,115
18767,63,15,29,115
18768,63,15,29,115
18769,63,15,29,115
18770,63,15,29,115
18771,63,15,29,115
18772,63,15,29,115
18773,63,15,29,115
18774,63,15,29,115
18775,63,15,29,115
18776,63,15,29,115
18777,63,15,29,115
18778,63,15,29,115
18779,63,15,29,115
18780,63,15,29,115
18781,63,15,29,115
18782,63,15,29,115
18783,63,15,29,115
18784,63,15,29,115
18785,63,15,29,115
18786,63,15,29,115
18787,63,15,29,115
18788,63,15,29,115
18789,63,15,29,115
18790,63,15,29,115
18791,63,15,29,115
18792,63,15,29,115
18793,63,15,29,115
18794,63,15,29,115
18795,63,15,29,115
18796,63,15,29,115
18797,63,15,29,115
18798,63,15,29,115
18799,63,15,29,115
18800,63,15,29,115
18801,63,15,29,115
18802,63,15,29,115
18803,63,15,29,115
18804,63,15,29,115
18805,63,15,29,115
18806,63,15,29,115
18807,63,15,29,115
18808,63,15,29,115
18809,63,15,29,115
18810,63,15,29,115
18811,63,15,29,115
18812,63,15,29,115
18813,63,15,29,115
18814,63,15,29,115
18815,63,15,29,115
18816,63,15,29,115
18817,63,15,29,115
18818,63,15,29,115
18819,63,15,29,115
18820,63,15,29,115
18821,63,15,29,115
18822,63,15,29,115
18823,63,15,29,115
18824,63,15,29,115
18825,63,15,29,115
18826,63,15,29,115
18827,63,15,29,115
18828,63,15,29,115
18829,63,15,29,115
18830,63,15,29,115
18831,63,15,29,115
18832,63,15,29,115
18833,63,15,29,115
18834,63,15,29,115
18835,63,15,29,115
18836,63,15,29,115
18837,63,15,29,115
18838,63,15,29,115
18839,63,15,29,115
18840,63,15,29,115
18841,63,15,29,115
18842,63,15,29,115
18843,63,15,29,115
18844,63,15,29,115
18845,63,15,29,115
18846,63,15,29,115
18847,63,15,29,115
18848,63,15,29,115
18849,63,15,29,115
18850,63,15,29,115
18851,63,15,29,115
18852,63,15,29,115
18853,63,15,29,115
18854,63,15,29,115
18855,63,15,29,115
18856,63,15,29,115
18857,63,15,29,115
18858,63,15,29,115
18859,63,15,29,115
18860,63,15,29,115
18861,63,15,29,115
18862,63,15,29,115
18863,63,15,29,115
18864,63,15,29,115
18865,63,15,29,115
18866,63,15,29,115
18867,63,15,29,115
18868,63,15,29,115
18869,63,15,29,115
18870,63,15,29,115
18871,63,15,29,115
18872,63,15,29,115
18873,63,15,29,115
18874,63,15,29,115
18875,63,15,29,115
18876,63,15,29,115
18877,63,15,29,115
18878,63,15,29,115
18879,63,15,29,115
18880,63,15,29,115
18881,63,15,29,115
18882,63,15,29,115
18883,63,15,29,115
18884,63,15,29,115
18885,63,15,29,115
18886,63,15,29,115
18887,63,15,29,115
18888,63,15,29,115
18889,63,15,29,115
18890,63,15,29,115
18891,63,15,29,115
18892,63,15,29,115
18893,63,15,29,115
18894,63,15,29,115
18895,63,15,29,115
18896,63,15,29,115
18897,63,15,29,115
18898,63,15,29,115
18899,63,15,29,115
18900,63,15,29,115
18901,63,15,29,115
18902,63,15,29,115
18903,63,15,29,115
18904,63,15,29,115
18905,63,15,29,115
18906,63,15,29,115
18907,63,15,29,115
18908,63,15,29,115
18909,63,15,29,115
18910,63,15,29,115
18911,63,15,29,115
18912,63,15,29,115
18913,63,15,29,115
18914,63,15,29,115
18915,63,15,29,115
18916,63,15,29,115
18917,63,15,29,115
18918,63,15,29,115
18919,63,15,29,115
18920,63,15,29,115
18921,63,15,29,115
18922,63,15,29,115
18923,63,15,29,115
18924,63,15,29,115
18925,63,15,29,115
18926,63,15,29,115
18927,63,15,29,115
18928,63,15,29,115
18929,63,15,29,115
18930,63,15,29,115
18931,63,15,29,115
18932,63,15,29,115
18933,63,15,29,115
18934,63,15,29,115
18935,63,15,29,115
18936,63,15,29,115
18937,63,15,29,115
18938,63,15,29,115
18939,63,15,29,115
18940,63,15,29,115
18941,63,15,29,115
18942,63,15,29,115
18943,63,15,29,115
18944,63,15,29,115
18945,63,15,29,115
18946,63,15,29,115
18947,63,15,29,115
18948,63,15,29,115
18949,63,15,29,115
18950,63,15,29,115
18951,63,15,29,115
18952,63,15,29,115
18953,63,15,29,115
18954,63,15,29,115
18955,63,15,29,115
18956,63,15,29,115
18957,63,15,29,115
18958,63,15,29,115
18959,63,15,29,115
18960,63,15,29,115
18961,63,15,29,115
18962,63,15,29,115
18963,63,15,29,115
18964,63,15,29,115
18965,63,15,29,115
18966,63,15,29,115
18967,63,15,29,115
18968,63,15,29,115
18969,63,15,29,115
18970,63,15,29,115
18971,63,15,29,115
18972,63,15,29,115
18973,63,15,29,115
18974,63,15,29,115
18975,63,15,29,115
18976,63,15,29,115
18977,63,15,29,115
18978,63,15,29,115
18979,63,15,29,115
18980,63,15,29,115
18981,63,15,29,115
18982,63,15,29,115
18983,63,15,29,115
18984,63,15,29,115
18985,63,15,29,115
18986,63,15,29,115
18987,63,15,29,115
18988,63,15,29,115
18989,63,15,29,115
18990,63,15,29,115
18991,63,15,29,115
18992,63,15,29,115
18993,63,15,29,115
18994,63,15,29,115
18995,63,15,29,115
18996,63,15,29,115
18997,63,15,29,115
18998,63,15,29,115
18999,63,15,29,115
19000,63,15,29,115
19001,63,15,29,115
19002,63,15,29,115
19003,63,15,29,115
19004,63,15,29,115
19005,63,15,29,115
19006,63,15,29,115
19007,63,15,29,115
19008,63,15,29,115
19009,63,15,29,115
19010,63,15,29,115
19011,63,15,29,115
19012,63,15,29,115
19013,63,15,29,115
19014,63,15,29,115
19015,63,15,29,115
19016,63,15,29,115
19017,63,15,29,115
19018,63,15,29,115
19019,63,15,29,115
19020,63,15,29,115
19021,63,15,29,115
19022,63,15,29,115
19023,63,15,29,115
19024,63,15,29,115
19025,63,15,29,115
19026,63,15,29,115
19027,63,15,29,115
19028,63,15,29,115
19029,63,15,29,115
19030,63,15,29,115
19031,63,15,29,115
19032,63,15,29,115
19033,63,15,29,115
19034,63,15,29,115
19035,63,15,29,115
19036,63,15,29,115
19037,63,15,29,115
19038,63,15,29,115
19039,63,15,29,115
19040,63,15,29,115
19041,63,15,29,115
19042,63,15,29,115
19043,63,15,29,115
19044,63,15,29,115
19045,63,15,29,115
19046,63,15,29,115
19047,63,15,29,115
19048,63,15,29,115
19049,63,15,29,115
19050,63,15,29,115
19051,63,15,29,115
19052,63,15,29,115
19053,63,15,29,115
19054,63,15,29,115
19055,63,15,29,115
19056,63,15,29,115
19057,63,15,29,115
19058,63,15,29,115
19059,63,15,29,115
19060,63,15,29,115
19061,63,15,29,115
19062,63,15,29,115
19063,63,15,29,115
19064,63,15,29,115
19065,63,15,29,115
19066,63,15,29,115
19067,63,15,29,115
19068,63,15,29,115
19069,63,15,29,115
19070,63,15,29,115
19071,63,15,29,115
19072,63,15,29,115
19073,63,15,29,115
19074,63,15,29,115
19075,63,15,29,115
19076,63,15,29,115
19077,63,15,29,115
19078,63,15,29,115
19079,63,15,29,115
19080,63,15,29,115
19081,63,15,29,115
19082,63,15,29,115
19083,63,15,29,115
19084,63,15,29,115
19085,63,15,29,115
19086,63,15,29,115
19087,63,15,29,115
19088,63,15,29,115
19089,63,15,29,115
19090,63,15,29,115
19091,63,15,29,115
19092,63,15,29,115
19093,63,15,29,115
19094,63,15,29,115
19095,63,15,29,115
19096,63,15,29,115
19097,63,15,29,115
19098,63,15,29,115
19099,63,15,29,116
19100,63,15,29,116
19101,63,15,29,116
19102,63,15,29,116
19103,63,15,29,116
19104,63,15,29,116
19105,63,15,29,116
19106,63,15,29,116
19107,63,15,29,116
19108,63,15,29,116
19109,63,15,29,116
19110,63,15,29,116
19111,63,15,29,116
19112,63,15,29,116
19113,63,15,29,116
19114,63,15,29,116
19115,63,15,29,116
19116,63,15,29,116
19117,63,15,29,117
19118,63,15,29,117
19119,63,15,29,117
19120,63,15,29,117
19121,63,15,29,117
19122,63,15,29,117
19123,63,15,29,117
19124,63,15,29,117
19125,63,15,29,117
19126,63,15,29,117
19127,63,15,29,117
19128,63,15,29,118
19129,63,15,29,118
19130,63,15,29,118
19131,63,15,29,118
19132,63,15,29,118
19133,63,15,29,118
19134,63,15,29,118
19135,63,15,29,118
19136,63,15,29,118
19137,63,15,29,118
19138,63,15,29,118
19139,63,15,29,118
19140,63,15,29,118
19141,63,15,29,118
19142,63,15,29,118
19143,63,15,29,118
19144,63,15,29,118
19145,63,15,29,118
19146,63,15,29,118
19147,63,15,29,118
19148,63,15,29,118
19149,63,15,29,118
19150,63,15,29,118
19151,63,15,29,118
19152,63,15,29,118
19153,63,15,29,118
19154,63,15,29,118
19155,63,15,29,118
19156,63,15,29,118
19157,63,15,29,118
19158,63,15,29,118
19159,63,15,29,118
19160,63,15,29,118
19161,63,15,29,118
19162,63,15,29,118
19163,63,15,29,118
19164,63,15,29,118
19165,63,15,29,118
19166,63,15,29,118
19167,63,15,29,118
19168,63,15,29,118
19169,63,15,29,118
19170,63,15,29,118
19171,63,15,29,118
19172,63,15,29,118
19173,63,15,29,118
19174,63,15,29,118
19175,63,15,29,118
19176,63,15,29,118
19177,63,15,29,118
19178,63,15,29,118
19179,63,15,29,118
19180,63,15,29,118
19181,63,15,29,118
19182,63,15,29,118
19183,63,15,29,118
19184,63,15,29,118
19185,63,15,29,118
19186,63,15,29,118
19187,63,15,29,118
19188,63,15,29,118
19189,63,15,29,118
19190,63,15,29,118
19191,63,15,29,118
19192,63,15,29,118
19193,63,15,29,118
19194,63,15,29,118
19195,63,15,29,118
19196,63,15,29,118
19197,63,15,29,118
19198,63,15,29,118
19199,63,15,29,118
19200,63,15,29,118
19201,63,15,29,118
19202,63,15,29,118
19203,63,15,29,118
19204,63,15,29,118
19205,63,15,29,119
19206,63,15,29,119
19207,63,15,29,119
19208,63,15,29,119
19209,63,15,29,119
19210,63,15,29,119
19211,63,15,29,119
19212,63,15,29,119
19213,63,15,29,119
19214,63,15,29,119
19215,63,15,29,119
19216,63,15,29,119
19217,63,15,29,119
19218,63,15,29,119
19219,63,15,29,119
19220,63,15,29,119
19221,63,15,29,119
19222,63,15,29,119
19223,63,15,29,119
19224,63,15,29,119
19225,63,15,29,119
19226,63,15,29,119
19227,63,15,29,119
19228,63,15,29,119
19229,63,15,29,119
19230,63,15,29,119
19231,63,15,29,119
19232,63,15,29,119
19233,63,15,29,119
19234,63,15,29,119
19235,63,15,29,119
19236,63,15,29,119
19237,63,15,29,119
19238,63,15,29,119
19239,63,15,29,119
19240,63,15,29,119
19241,63,15,29,119
19242,63,15,29,119
19243,63,15,29,119
19244,63,15,29,119
19245,63,15,29,119
19246,63,15,29,119
19247,63,15,29,119
19248,63,15,29,119
19249,63,15,29,119
19250,63,15,29,119
19251,63,15,29,119
19252,63,15,29,119
19253,63,15,29,119
19254,63,15,29,119
19255,63,15,29,119
19256,63,15,29,119
19257,63,15,29,119
19258,63,15,29,119
19259,63,15,29,119
19260,63,15,29,119
19261,63,15,29,119
19262,63,15,29,119
19263,63,15,29,119
19264,63,15,29,119
19265,63,15,29,119
19266,63,15,29,119
19267,63,15,29,119
19268,63,15,29,119
19269,63,15,29,119
19270,63,15,29,119
19271,63,15,29,119
19272,63,15,29,119
19273,63,15,29,119
19274,63,15,29,119
19275,63,15,29,119
19276,63,15,29,119
19277,63,15,29,119
19278,63,15,29,119
19279,63,15,29,119
19280,63,15,29,119
19281,63,15,29,119
19282,63,15,29,119
19283,63,15,29,119
19284,63,15,29,119
19285,63,15,29,119
19286,63,15,29,119
19287,63,15,29,119
19288,63,15,29,119
19289,63,15,29,119
19290,63,15,29,119
19291,63,15,29,119
19292,63,15,29,119
19293,63,15,29,119
19294,63,15,29,119
19295,63,15,29,119
19296,63,15,29,119
19297,63,15,29,119
19298,63,15,29,119
19299,63,15,29,119
19300,63,15,29,119
19301,63,15,29,120
19302,63,15,29,120
19303,63,15,29,120
19304,63,15,29,120
19305,63,15,29,120
19306,63,15,29,120
19307,63,15,29,120
19308,63,15,29,120
19309,63,15,29,120
19310,63,15,29,120
19311,63,15,29,120
19312,63,15,29,120
19313,63,15,29,120
19314,63,15,29,120
19315,63,15,29,120
19316,63,15,29,120
19317,63,15,29,120
19318,63,15,29,120
19319,63,15,29,120
19320,63,15,29,120
19321,63,15,29,120
19322,63,15,29,120
19323,63,15,29,120
19324,63,15,29,120
19325,63,15,29,120
19326,63,15,29,120
19327,63,15,29,120
19328,63,15,29,120
19329,63,15,29,120
19330,63,15,29,120
19331,63,15,29,120
19332,63,15,29,120
19333,63,15,29,120
19334,63,15,29,120
19335,63,15,29,120
19336,63,15,29,120
19337,63,15,29,120
19338,63,15,29,120
19339,63,15,29,120
19340,63,15,29,120
19341,63,15,29,120
19342,63,15,29,120
19343,63,15,29,120
19344,63,15,29,120
19345,63,15,29,120
19346,63,15,29,120
19347,63,15,29,120
19348,63,15,29,120
19349,63,15,29,120
19350,63,15,29,120
19351,63,15,29,120
19352,63,15,29,120
19353,63,15,29,120
19354,63,15,29,120
19355,63,15,29,120
19356,63,15,29,120
19357,63,15,29,120
19358,63,15,29,120
19359,63,15,29,120
19360,63,15,29,120
19361,63,15,29,120
19362,63,15,29,120
19363,63,15,29,120
19364,63,15,29,120
19365,63,15,29,120
19366,63,15,29,120
19367,63,15,29,120
19368,63,15,29,120
19369,63,15,29,120
19370,63,15,29,120
19371,63,15,29,120
19372,63,15,29,120
19373,63,15,29,120
19374,63,15,29,120
19375,63,15,29,120
19376,63,15,29,120
19377,63,15,29,120
19378,63,15,29,120
19379,63,15,29,120
19380,63,15,29,120
19381,63,15,29,120
19382,63,15,29,120
19383,63,15,29,120
19384,63,15,29,120
19385,63,15,29,120
19386,63,15,29,120
19387,63,15,29,120
19388,63,15,29,120
19389,63,15,29,120
19390,63,15,29,120
19391,63,15,29,120
19392,63,15,29,120
19393,63,15,29,120
19394,63,15,29,120
19395,63,15,29,120
19396,63,15,29,120
19397,63,15,29,120
19398,63,15,29,120
19399,63,15,29,120
19400,63,15,29,120
19401,63,15,29,120
19402,63,15,29,120
19403,63,15,29,120
19404,63,15,29,120
19405,63,15,29,120
19406,63,15,29,120
19407,63,15,29,120
19408,63,15,29,120
19409,63,15,29,120
19410,63,15,29,120
19411,63,15,29,120
19412,63,15,29,120
19413,63,15,29,120
19414,63,15,29,120
19415,63,15,29,120
19416,63,15,29,120
19417,63,15,29,120
19418,63,15,29,120
19419,63,15,29,120
19420,63,15,29,120
19421,63,15,29,120
19422,63,15,29,120
19423,63,15,29,120
19424,63,15,29,120
19425,63,15,29,120
19426,63,15,29,120
19427,63,15,29,120
19428,63,15,29,120
19429,63,15,29,120
19430,63,15,29,120
19431,63,15,29,120
19432,63,15,29,120
19433,63,15,29,120
19434,63,15,29,120
19435,63,15,29,120
19436,63,15,29,120
19437,63,15,29,120
19438,63,15,29,120
19439,63,15,29,120
19440,63,15,29,120
19441,63,15,29,120
19442,63,15,29,120
19443,63,15,29,120
19444,63,15,29,120
19445,63,15,29,120
19446,63,15,29,120
19447,63,15,29,120
19448,63,15,29,120
19449,63,15,29,120
19450,63,15,29,120
19451,63,15,29,120
19452,63,15,29,120
19453,63,15,29,120
19454,63,15,29,120
19455,63,15,29,120
19456,63,15,29,120
19457,63,15,29,120
19458,63,15,29,120
19459,63,15,29,120
19460,63,15,29,120
19461,63,15,29,120
19462,63,15,29,120
19463,63,15,29,120
19464,63,15,29,120
19465,63,15,29,120
19466,63,15,29,120
19467,63,15,29,120
19468,63,15,29,120
19469,63,15,29,120
19470,63,15,29,120
19471,63,15,29,120
19472,63,15,29,120
19473,63,15,29,120
19474,63,15,29,120
19475,63,15,29,120
19476,63,15,29,120
19477,63,15,29,120
19478,63,15,29,120
19479,63,15,29,120
19480,63,15,29,120
19481,63,15,29,120
19482,63,15,29,120
19483,63,15,29,120
19484,63,15,29,120
19485,63,15,29,120
19486,63,15,29,120
19487,63,15,29,120
19488,63,15,29,120
19489,63,15,29,120
19490,63,15,29,120
19491,63,15,29,120
19492,63,15,29,120
19493,63,15,29,120
19494,63,15,29,120
19495,63,15,29,120
19496,63,15,29,120
19497,63,15,29,120
19498,63,15,29,120
19499,63,15,29,120
19500,63,15,29,120
19501,63,15,29,120
19502,63,15,29,120
19503,63,15,29,120
19504,63,15,29,120
19505,63,15,29,120
19506,63,15,29,120
19507,63,15,29,120
19508,63,15,29,120
19509,63,15,29,120
19510,63,15,29,120
19511,63,15,29,120
19512,63,15,29,120
19513,63,15,29,120
19514,63,15,29,120
19515,63,15,29,120
19516,63,15,29,120
19517,63,15,29,120
19518,63,15,29,120
19519,63,15,29,120
19520,63,15,29,120
19521,63,15,29,120
19522,63,15,29,120
19523,63,15,29,120
19524,63,15,29,120
19525,63,15,29,120
19526,63,15,29,120
19527,63,15,29,120
19528,63,15,29,120
19529,63,15,29,120
19530,63,15,29,120
19531,63,15,29,120
19532,63,15,29,120
19533,63,15,29,120
19534,63,15,29,120
19535,63,15,29,120
19536,63,15,29,120
19537,63,15,29,120
19538,63,15,29,120
19539,63,15,29,120
19540,63,15,29,120
19541,63,15,29,120
19542,63,15,29,120
19543,63,15,29,120
19544,63,15,29,120
19545,63,15,29,120
19546,63,15,29,120
19547,63,15,29,120
19548,63,15,29,120
19549,63,15,29,120
19550,63,15,29,120
19551,63,15,29,120
19552,63,15,29,120
19553,63,15,29,120
19554,63,15,29,120
19555,63,15,29,120
19556,63,15,29,120
19557,63,15,29,120
19558,63,15,29,120
19559,63,15,29,120
19560,63,15,29,120
19561,63,15,29,120
19562,63,15,29,120
19563,63,15,29,120
19564,63,15,29,120
19565,63,15,29,120
19566,63,15,29,120
19567,63,15,29,120
19568,63,15,29,120
19569,63,15,29,120
19570,63,15,29,120
19571,63,15,29,120
19572,63,15,29,120
19573,63,15,29,120
19574,63,15,29,120
19575,63,15,29,120
19576,63,15,29,120
19577,63,15,29,120
19578,63,15,29,120
19579,63,15,29,120
19580,63,15,29,120
19581,63,15,29,120
19582,63,15,29,120
19583,63,15,29,120
19584,63,15,29,120
19585,63,15,29,120
19586,63,15,29,120
19587,63,15,29,120
19588,63,15,29,120
19589,63,15,29,120
19590,63,15,29,120
19591,63,15,29,120
19592,63,15,29,120
19593,63,15,29,120
19594,63,15,29,120
19595,63,15,29,120
19596,63,15,29,120
19597,63,15,29,120
19598,63,15,29,120
19599,63,15,29,120
19600,63,15,29,120
19601,63,15,29,120
19602,63,15,29,120
19603,63,15,29,120
19604,63,15,29,120
19605,63,15,29,120
19606,63,15,29,120
19607,63,15,29,120
19608,63,15,29,120
19609,63,15,29,120
19610,63,15,29,120
19611,63,15,29,120
19612,63,15,29,120
19613,63,15,29,120
19614,63,15,29,120
19615,63,15,29,120
19616,63,15,29,120
19617,63,15,29,120
19618,63,15,29,120
19619,63,15,29,120
19620,63,15,29,120
19621,63,15,29,120
19622,63,15,29,120
19623,63,15,29,120
19624,63,15,29,120
19625,63,15,29,120
19626,63,15,29,120
19627,63,15,29,120
19628,63,15,29,120
19629,63,15,29,120
19630,63,15,29,120
19631,63,15,29,120
19632,63,15,29,120
19633,63,15,29,120
19634,63,15,29,120
19635,63,15,29,120
19636,63,15,29,120
19637,63,15,29,120
19638,63,15,29,120
19639,63,15,29,120
19640,63,15,29,120
19641,63,15,29,120
19642,63,15,29,120
19643,63,15,29,120
19644,63,15,29,120
19645,63,15,29,120
19646,63,15,29,120
19647,63,15,29,120
19648,63,15,29,120
19649,63,15,29,120
19650,63,15,29,120
19651,63,15,29,120
19652,63,15,29,120
19653,63,15,29,120
19654,63,15,29,120
19655,63,15,29,120
19656,63,15,29,120
19657,63,15,29,120
19658,63,15,29,120
19659,63,15,29,120
19660,63,15,29,120
19661,63,15,29,120
19662,63,15,29,120
19663,63,15,29,120
19664,63,15,29,120
19665,63,15,29,120
19666,63,15,29,120
19667,63,15,29,120
19668,63,15,29,120
19669,63,15,29,120
19670,63,15,29,120
19671,63,15,29,120
19672,63,15,29,120
19673,63,15,29,120
19674,63,15,29,120
19675,63,15,29,120
19676,63,15,29,120
19677,63,15,29,120
19678,63,15,29,120
19679,63,15,29,120
19680,63,15,29,120
19681,63,15,29,120
19682,63,15,29,120
19683,63,15,29,120
19684,63,15,29,120
19685,63,15,29,120
19686,63,15,29,120
19687,63,15,29,120
19688,63,15,29,120
19689,63,15,29,120
19690,63,15,29,120
19691,63,15,29,120
19692,63,15,29,120
19693,63,15,29,120
19694,63,15,29,120
19695,63,15,29,120
19696,63,15,29,120
19697,63,15,29,120
19698,63,15,29,120
19699,63,15,29,120
19700,63,15,29,120
19701,63,15,29,120
19702,63,15,29,120
19703,63,15,29,120
19704,63,15,29,120
19705,63,15,29,120
19706,63,15,29,120
19707,63,15,29,120
19708,63,15,29,120
19709,63,15,29,120
19710,63,15,29,120
19711,63,15,29,120
19712,63,15,29,120
19713,63,15,29,120
19714,63,15,29,120
19715,63,15,29,120
19716,63,15,29,120
19717,63,15,29,120
19718,63,15,29,120
19719,63,15,29,120
19720,63,15,29,120
19721,63,15,29,120
19722,63,15,29,120
19723,63,15,29,120
19724,63,15,29,120
19725,63,15,29,120
19726,63,15,29,120
19727,63,15,29,120
19728,63,15,29,120
19729,63,15,29,120
19730,63,15,29,120
19731,63,15,29,120
19732,63,15,29,120
19733,63,15,29,120
19734,63,15,29,120
19735,63,15,29,120
19736,63,15,29,120
19737,63,15,29,120
19738,63,15,29,120
19739,63,15,29,120
19740,63,15,29,120
19741,63,15,29,120
19742,63,15,29,120
19743,63,15,29,120
19744,63,15,29,120
19745,63,15,29,120
19746,63,15,29,120
19747,63,15,29,120
19748,63,15,29,120
19749,63,15,29,120
19750,63,15,29,120
19751,63,15,29,120
19752,63,15,29,120
19753,63,15,29,120
19754,63,15,29,120
19755,63,15,29,120
19756,63,15,29,120
19757,63,15,29,120
19758,63,15,29,120
19759,63,15,29,120
19760,63,15,29,120
19761,63,15,29,120
19762,63,15,29,120
19763,63,15,29,120
19764,63,15,29,120
19765,63,15,29,120
19766,63,15,29,120
19767,63,15,29,120
19768,63,15,29,120
19769,63,15,29,120
19770,63,15,29,120
19771,63,15,29,120
19772,63,15,29,120
19773,63,15,29,120
19774,63,15,29,120
19775,63,15,29,120
19776,63,15,29,120
19777,63,15,29,120
19778,63,15,29,120
19779,63,15,29,120
19780,63,15,29,120
19781,63,15,29,120
19782,63,15,29,120
19783,63,15,29,120
19784,63,15,29,120
19785,63,15,29,120
19786,63,15,29,120
19787,63,15,29,120
19788,63,15,29,120
19789,63,15,29,120
19790,63,15,29,120
19791,63,15,29,120
19792,63,15,29,120
19793,63,15,29,120
19794,63,15,29,120
19795,63,15,29,120
19796,63,15,29,120
19797,63,15,29,120
19798,63,15,29,120
19799,63,15,29,120
19800,63,15,29,120
19801,63,15,29,120
19802,63,15,29,120
19803,63,15,29,120
19804,63,15,29,120
19805,63,15,29,120
19806,63,15,29,120
19807,63,15,29,120
19808,63,15,29,120
19809,63,15,29,120
19810,63,15,29,120
19811,63,15,29,120
19812,63,15,29,120
19813,63,15,29,120
19814,63,15,29,120
19815,63,15,29,120
19816,63,15,29,120
19817,63,15,29,120
19818,63,15,29,120
19819,63,15,29,120
19820,63,15,29,120
19821,63,15,29,120
19822,63,15,29,120
19823,63,15,29,120
19824,63,15,29,120
19825,63,15,29,120
19826,63,15,29,120
19827,63,15,29,120
19828,63,15,29,120
19829,63,15,29,120
19830,63,15,29,120
19831,63,15,29,120
19832,63,15,29,120
19833,63,15,29,120
19834,63,15,29,120
19835,63,15,29,120
19836,63,15,29,120
19837,63,15,29,120
19838,63,15,29,120
19839,63,15,29,120
19840,63,15,29,120
19841,63,15,29,120
19842,63,15,29,120
19843,63,15,29,120
19844,63,15,29,120
19845,63,15,29,120
19846,63,15,29,120
19847,63,15,29,120
19848,63,15,29,120
19849,63,15,29,120
19850,63,15,29,120
19851,63,15,29,120
19852,63,15,29,120
19853,63,15,29,120
19854,63,15,29,120
19855,63,15,29,120
19856,63,15,29,120
19857,63,15,29,120
19858,63,15,29,120
19859,63,15,29,120
19860,63,15,29,120
19861,63,15,29,120
19862,63,15,29,120
19863,63,15,29,120
19864,63,15,29,120
19865,63,15,29,120
19866,63,15,29,120
19867,63,15,29,120
19868,63,15,29,120
19869,63,15,29,120
19870,63,15,29,120
19871,63,15,29,120
19872,63,15,29,120
19873,63,15,29,120
19874,63,15,29,120
19875,63,15,29,120
19876,63,15,29,120
19877,63,15,29,120
19878,63,15,29,120
19879,63,15,29,120
19880,63,15,29,120
19881,63,15,29,120
19882,63,15,29,120
19883,63,15,29,120
19884,63,15,29,120
19885,63,15,29,120
19886,63,15,29,120
19887,63,15,29,120
19888,63,15,29,120
19889,63,15,29,120
19890,63,15,29,120
19891,63,15,29,120
19892,63,15,29,120
19893,63,15,29,120
19894,63,15,29,120
19895,63,15,29,120
19896,63,15,29,120
19897,63,15,29,120
19898,63,15,29,120
19899,63,15,29,120
19900,63,15,29,120
19901,63,15,29,120
19902,63,15,29,120
19903,63,15,29,120
19904,63,15,29,120
19905,63,15,29,120
19906,63,15,29,120
19907,63,15,29,120
19908,63,15,29,120
19909,63,15,29,120
19910,63,15,29,120
19911,63,15,29,120
19912,63,15,29,120
19913,63,15,29,120
19914,63,15,29,120
19915,63,15,29,120
19916,63,15,29,120
19917,63,15,29,120
19918,63,15,29,120
19919,63,15,29,120
19920,63,15,29,120
19921,63,15,29,120
19922,63,15,29,120
19923,63,15,29,120
19924,63,15,29,120
19925,63,15,29,120
19926,63,15,29,120
19927,63,15,29,120
19928,63,15,29,120
19929,63,15,29,120
19930,63,15,29,120
19931,63,15,29,120
19932,63,15,29,120
19933,63,15,29,120
19934,63,15,29,120
19935,63,15,29,120
19936,63,15,29,120
19937,63,15,29,120
19938,63,15,29,120
19939,63,15,29,120
19940,63,15,29,120
19941,63,15,29,120
19942,63,15,29,120
19943,63,15,29,120
19944,63,15,29,120
19945,63,15,29,120
19946,63,15,29,120
19947,63,15,29,120
19948,63,15,29,120
19949,63,15,29,120
19950,63,15,29,120
19951,63,15,29,120
19952,63,15,29,120
19953,63,15,29,120
19954,63,15,29,120
19955,63,15,29,120
19956,63,15,29,120
19957,63,15,29,120
19958,63,15,29,120
19959,63,15,29,120
19960,63,15,29,120
19961,63,15,29,120
19962,63,15,29,120
19963,63,15,29,120
19964,63,15,29,120
19965,63,15,29,120
19966,63,15,29,120
19967,63,15,29,120
19968,63,15,29,120
19969,63,15,29,120
19970,63,15,29,120
19971,63,15,29,120
19972,63,15,29,120
19973,63,15,29,120
19974,63,15,29,120
19975,63,15,29,120
19976,63,15,29,120
19977,63,15,29,120
19978,63,15,29,120
19979,63,15,29,120
19980,63,15,29,120
19981,63,15,29,120
19982,63,15,29,120
19983,63,15,29,120
19984,63,15,29,120
19985,63,15,29,120
19986,63,15,29,120
19987,63,15,29,120
19988,63,15,29,120
19989,63,15,29,120
19990,63,15,29,120
19991,63,15,29,120
19992,63,15,29,120
19993,63,15,29,120
19994,63,15,29,120
19995,63,15,29,121
19996,63,15,29,121
19997,63,15,29,121
19998,63,15,29,121
19999,63,15,29,121
20000,63,15,29,121
20001,63,15,29,121
20002,63,15,29,121
20003,63,15,29,121
20004,63,15,29,121
20005,63,15,29,121
20006,63,15,29,121
20007,63,15,29,121
20008,63,15,29,121
20009,63,15,29,121
20010,63,15,29,121
20011,63,15,29,121
20012,63,15,29,121
20013,63,15,29,121
20014,63,15,29,121
20015,63,15,29,121
20016,63,15,29,121
20017,63,15,29,121
20018,63,15,29,121
20019,63,15,29,121
20020,63,15,29,121
20021,63,15,29,121
20022,63,15,29,121
20023,63,15,29,121
20024,63,15,29,121
20025,63,15,29,121
20026,63,15,29,121
20027,63,15,29,121
20028,63,15,29,121
20029,63,15,29,121
20030,63,15,29,121
20031,63,15,29,121
20032,63,15,29,121
20033,63,15,29,121
20034,63,15,29,121
20035,63,15,29,121
20036,63,15,29,121
20037,63,15,29,121
20038,63,15,29,121
20039,63,15,29,121
20040,63,15,29,121
20041,63,15,29,121
20042,63,15,29,121
20043,63,15,29,121
20044,63,15,29,121
20045,63,15,29,121
20046,63,15,29,121
20047,63,15,29,121
20048,63,15,29,121
20049,63,15,29,121
20050,63,15,29,121
20051,63,15,29,121
20052,63,15,29,121
20053,63,15,29,121
20054,63,15,29,121
20055,63,15,29,121
20056,63,15,29,121
20057,63,15,29,121
20058,63,15,29,121
20059,63,15,29,121
20060,63,15,29,121
20061,63,15,29,121
20062,63,15,29,121
20063,63,15,29,121
20064,63,15,29,121
20065,63,15,29,121
20066,63,15,29,121
20067,63,15,29,121
20068,63,15,29,121
20069,63,15,29,121
20070,63,15,29,121
20071,63,15,29,121
20072,63,15,29,121
20073,63,15,29,121
20074,63,15,29,121
20075,63,15,29,121
20076,63,15,29,121
20077,63,15,29,121
20078,63,15,29,121
20079,63,15,29,121
20080,63,15,29,121
20081,63,15,29,121
20082,63,15,29,121
20083,63,15,29,121
20084,63,15,29,121
20085,63,15,29,121
20086,63,15,29,121
20087,63,15,29,121
20088,63,15,29,121
20089,63,15,29,121
20090,63,15,29,121
20091,63,15,29,121
20092,63,15,29,121
20093,63,15,29,121
20094,63,15,29,121
20095,63,15,29,122
20096,63,15,29,122
20097,63,15,29,122
20098,63,15,29,122
20099,63,15,29,122
20100,63,15,29,122
20101,63,15,29,122
20102,63,15,29,122
20103,63,15,29,122
20104,63,15,29,122
20105,63,15,29,122
20106,63,15,29,122
20107,63,15,29,122
20108,63,15,29,122
20109,63,15,29,122
20110,63,15,29,122
20111,63,15,29,122
20112,63,15,29,122
20113,63,15,29,122
20114,63,15,29,122
20115,63,15,29,122
20116,63,15,29,122
20117,63,15,29,122
20118,63,15,29,122
20119,63,15,29,122
20120,63,15,29,122
20121,63,15,29,122
20122,63,15,29,122
20123,63,15,29,122
20124,63,15,29,122
20125,63,15,29,122
20126,63,15,29,122
20127,63,15,29,122
20128,63,15,29,122
20129,63,15,29,122
20130,63,15,29,122
20131,63,15,29,122
20132,63,15,29,122
20133,63,15,29,122
20134,63,15,29,122
20135,63,15,29,122
20136,63,15,29,122
20137,63,15,29,122
20138,63,15,29,122
20139,63,15,29,122
20140,63,15,29,122
20141,63,15,29,122
20142,63,15,29,122
20143,63,15,29,122
20144,63,15,29,122
20145,63,15,29,122
20146,63,15,29,122
20147,63,15,29,122
20148,63,15,29,122
20149,63,15,29,122
20150,63,15,29,122
20151,63,15,29,122
20152,63,15,29,122
20153,63,15,29,122
20154,63,15,29,122
20155,63,15,29,122
20156,63,15,29,122
20157,63,15,29,122
20158,63,15,29,122
20159,63,15,29,122
20160,63,15,29,122
20161,63,15,29,122
20162,63,15,29,122
20163,63,15,29,122
20164,63,15,29,122
20165,63,15,29,122
20166,63,15,29,122
20167,63,15,29,122
20168,63,15,29,122
20169,63,15,29,122
20170,63,15,29,122
20171,63,15,29,122
20172,63,15,29,122
20173,63,15,29,122
20174,63,15,29,122
20175,63,15,29,122
20176,63,15,29,122
20177,63,15,29,122
20178,63,15,29,122
20179,63,15,29,122
20180,63,15,29,122
20181,63,15,29,122
20182,63,15,29,122
20183,63,15,29,122
20184,63,15,29,122
20185,63,15,29,122
20186,63,15,29,122
20187,63,15,29,122
20188,63,15,29,122
20189,63,15,29,122
20190,63,15,29,122
20191,63,15,29,122
20192,63,15,29,122
20193,63,15,29,122
20194,63,15,29,122
20195,63,15,29,122
20196,63,15,29,122
20197,63,15,29,122
20198,63,15,29,122
20199,63,15,29,122
20200,63,15,29,122
20201,63,15,29,122
20202,63,15,29,122
20203,63,15,29,122
20204,63,15,29,122
20205,63,15,29,122
20206,63,15,29,122
20207,63,15,29,122
20208,63,15,29,122
20209,63,15,29,122
20210,63,15,29,122
20211,63,15,29,122
20212,63,15,29,122
20213,63,15,29,122
20214,63,15,29,122
20215,63,15,29,122
20216,63,15,29,122
20217,63,15,29,122
20218,63,15,29,122
20219,63,15,29,122
20220,63,15,29,122
20221,63,15,29,122
20222,63,15,29,122
20223,63,15,29,122
20224,63,15,29,122
20225,63,15,29,122
20226,63,15,29,122
20227,63,15,29,122
20228,63,15,29,122
20229,63,15,29,122
20230,63,15,29,122
20231,63,15,29,122
20232,63,15,29,122
20233,63,15,29,122
20234,63,15,29,122
20235,63,15,29,122
20236,63,15,29,122
20237,63,15,29,122
20238,63,15,29,122
20239,63,15,29,122
20240,63,15,29,122
20241,63,15,29,122
20242,63,15,29,122
20243,63,15,29,122
20244,63,15,29,122
20245,63,15,29,122
20246,63,15,29,122
20247,63,15,29,122
20248,63,15,29,122
20249,63,15,29,122
20250,63,15,29,122
20251,63,15,29,122
20252,63,15,29,122
20253,63,15,29,122
20254,63,15,29,122
20255,63,15,29,122
20256,63,15,29,122
20257,63,15,29,122
20258,63,15,29,122
20259,63,15,29,122
20260,63,15,29,122
20261,63,15,29,122
20262,63,15,29,122
20263,63,15,29,122
20264,63,15,29,122
20265,63,15,29,122
20266,63,15,29,122
20267,63,15,29,122
20268,63,15,29,122
20269,63,15,29,122
20270,63,15,29,122
20271,63,15,29,122
20272,63,15,29,122
20273,63,15,29,122
20274,63,15,29,122
20275,63,15,29,122
20276,63,15,29,122
20277,63,15,29,122
20278,63,15,29,122
20279,63,15,29,122
20280,63,15,29,122
20281,63,15,29,122
20282,63,15,29,122
20283,63,15,29,122
20284,63,15,29,122
20285,63,15,29,122
20286,63,15,29,122
20287,63,15,29,122
20288,63,15,29,122
20289,63,15,29,122
20290,63,15,29,122
20291,63,15,29,122
20292,63,15,29,122
20293,63,15,29,122
20294,63,15,29,122
20295,63,15,29,122
20296,63,15,29,122
20297,63,15,29,122
20298,63,15,29,122
20299,63,15,29,122
20300,63,15,29,122
20301,63,15,29,123
20302,63,15,29,123
20303,63,15,29,123
20304,63,15,29,123
20305,63,15,29,123
20306,63,15,29,123
20307,63,15,29,123
20308,63,15,29,123
20309,63,15,29,123
20310,63,15,29,123
20311,63,15,29,123
20312,63,15,29,123
20313,63,15,29,123
20314,63,15,29,123
20315,63,15,29,123
20316,63,15,29,123
20317,63,15,29,123
20318,63,15,29,123
20319,63,15,29,123
20320,63,15,29,123
20321,63,15,29,123
20322,63,15,29,123
20323,63,15,29,123
20324,63,15,29,123
20325,63,15,29,123
20326,63,15,29,123
20327,63,15,29,123
20328,63,15,29,123
20329,63,15,29,123
20330,63,15,29,123
20331,63,15,29,123
20332,63,15,29,123
20333,63,15,29,123
20334,63,15,29,123
20335,63,15,29,123
20336,63,15,29,123
20337,63,15,29,123
20338,63,15,29,123
20339,63,15,29,123
20340,63,15,29,123
20341,63,15,29,123
20342,63,15,29,123
20343,63,15,29,123
20344,63,15,29,123
20345,63,15,29,123
20346,63,15,29,123
20347,63,15,29,123
20348,63,15,29,123
20349,63,15,29,123
20350,63,15,29,123
20351,63,15,29,123
20352,63,15,29,123
20353,63,15,29,123
20354,63,15,29,123
20355,63,15,29,123
20356,63,15,29,123
20357,63,15,29,123
20358,63,15,29,123
20359,63,15,29,123
20360,63,15,29,123
20361,63,15,29,123
20362,63,15,29,123
20363,63,15,29,123
20364,63,15,29,123
20365,63,15,29,123
20366,63,15,29,123
20367,63,15,29,123
20368,63,15,29,123
20369,63,15,29,123
20370,63,15,29,123
20371,63,15,29,123
20372,63,15,29,123
20373,63,15,29,123
20374,63,15,29,123
20375,63,15,29,123
20376,63,15,29,123
20377,63,15,29,123
20378,63,15,29,123
20379,63,15,29,123
20380,63,15,29,123
20381,63,15,29,123
20382,63,15,29,123
20383,63,15,29,123
20384,63,15,29,123
20385,63,15,29,123
20386,63,15,29,123
20387,63,15,29,123
20388,63,15,29,123
20389,63,15,29,123
20390,63,15,29,123
20391,63,15,29,123
20392,63,15,29,123
20393,63,15,29,124
20394,63,15,29,124
20395,63,15,29,124
20396,63,15,29,124
20397,63,15,29,124
20398,63,15,29,124
20399,63,15,29,124
20400,63,15,29,124
20401,63,15,29,124
20402,63,15,29,124
20403,63,15,29,124
20404,63,15,29,124
20405,63,15,29,124
20406,63,15,29,124
20407,63,15,29,124
20408,63,15,29,124
20409,63,15,29,124
20410,63,15,29,124
20411,63,15,29,124
20412,63,15,29,124
20413,63,15,29,124
20414,63,15,29,124
20415,63,15,29,124
20416,63,15,29,124
20417,63,15,29,124
20418,63,15,29,124
20419,63,15,29,124
20420,63,15,29,124
20421,63,15,29,124
20422,63,15,29,124
20423,63,15,29,124
20424,63,15,29,124
20425,63,15,29,124
20426,63,15,29,124
20427,63,15,29,124
20428,63,15,29,124
20429,63,15,29,124
20430,63,15,29,124
20431,63,15,29,124
20432,63,15,29,124
20433,63,15,29,124
20434,63,15,29,124
20435,63,15,29,124
20436,63,15,29,124
20437,63,15,29,124
20438,63,15,29,124
20439,63,15,29,124
20440,63,15,29,124
20441,63,15,29,124
20442,63,15,29,124
20443,63,15,29,124
20444,63,15,29,124
20445,63,15,29,124
20446,63,15,29,124
20447,63,15,29,124
20448,63,15,29,124
20449,63,15,29,124
20450,63,15,29,124
20451,63,15,29,124
20452,63,15,29,124
20453,63,15,29,124
20454,63,15,29,124
20455,63,15,29,124
20456,63,15,29,124
20457,63,15,29,124
20458,63,15,29,124
20459,63,15,29,124
20460,63,15,29,124
20461,63,15,29,124
20462,63,15,29,124
20463,63,15,29,124
20464,63,15,29,124
20465,63,15,29,124
20466,63,15,29,124
20467,63,15,29,124
20468,63,15,29,124
20469,63,15,29,124
20470,63,15,29,124
20471,63,15,29,124
20472,63,15,29,124
20473,63,15,29,124
20474,63,15,29,124
20475,63,15,29,124
20476,63,15,29,124
20477,63,15,29,124
20478,63,15,29,124
20479,63,15,29,124
20480,63,15,29,124
20481,63,15,29,124
20482,63,15,29,124
20483,63,15,29,124
20484,63,15,29,124
20485,63,15,29,124
20486,63,15,29,124
20487,63,15,29,124
20488,63,15,29,124
20489,63,15,29,124
20490,63,15,29,124
20491,63,15,29,124
20492,63,15,29,124
20493,63,15,29,124
20494,63,15,29,124
20495,63,15,29,124
20496,63,15,29,124
20497,63,15,29,124
20498,63,15,29,124
20499,63,15,29,124
20500,63,15,29,124
20501,63,15,29,124
20502,63,15,29,124
20503,63,15,29,124
20504,63,15,29,124
20505,63,15,29,124
20506,63,15,29,124
20507,63,15,29,124
20508,63,15,29,124
20509,63,15,29,124
20510,63,15,29,124
20511,63,15,29,124
20512,63,15,29,124
20513,63,15,29,124
20514,63,15,29,124
20515,63,15,29,124
20516,63,15,29,124
20517,63,15,29,124
20518,63,15,29,124
20519,63,15,29,124
20520,63,15,29,124
20521,63,15,29,124
20522,63,15,29,124
20523,63,15,29,124
20524,63,15,29,124
20525,63,15,29,124
20526,63,15,29,124
20527,63,15,29,124
20528,63,15,29,124
20529,63,15,29,124
20530,63,15,29,124
20531,63,15,29,124
20532,63,15,29,124
20533,63,15,29,124
20534,63,15,29,124
20535,63,15,29,124
20536,63,15,29,124
20537,63,15,29,124
20538,63,15,29,124
20539,63,15,29,124
20540,63,15,29,124
20541,63,15,29,124
20542,63,15,29,124
20543,63,15,29,124
20544,63,15,29,124
20545,63,15,29,124
20546,63,15,29,124
20547,63,15,29,124
20548,63,15,29,124
20549,63,15,29,124
20550,63,15,29,124
20551,63,15,29,124
20552,63,15,29,124
20553,63,15,29,124
20554,63,15,29,124
20555,63,15,29,124
20556,63,15,29,124
20557,63,15,29,124
20558,63,15,29,124
20559,63,15,29,124
20560,63,15,29,124
20561,63,15,29,124
20562,63,15,29,124
20563,63,15,29,124
20564,63,15,29,124
20565,63,15,29,124
20566,63,15,29,124
20567,63,15,29,124
20568,63,15,29,124
20569,63,15,29,124
20570,63,15,29,124
20571,63,15,29,124
20572,63,15,29,124
20573,63,15,29,124
20574,63,15,29,124
20575,63,15,29,124
20576,63,15,29,124
20577,63,15,29,124
20578,63,15,29,124
20579,63,15,29,124
20580,63,15,29,124
20581,63,15,29,124
20582,63,15,29,124
20583,63,15,29,124
20584,63,15,29,124
20585,63,15,29,124
20586,63,15,29,124
20587,63,15,29,124
20588,63,15,29,124
20589,63,15,29,124
20590,63,15,29,124
20591,63,15,29,124
20592,63,15,29,124
20593,63,15,29,124
20594,63,15,29,124
20595,63,15,29,124
20596,63,15,29,124
20597,63,15,29,124
20598,63,15,29,124
20599,63,15,29,124
20600,63,15,29,124
20601,63,15,29,124
20602,63,15,29,124
20603,63,15,29,124
20604,63,15,29,124
20605,63,15,29,124
20606,63,15,29,124
20607,63,15,29,124
20608,63,15,29,124
20609,63,15,29,124
20610,63,15,29,124
20611,63,15,29,124
20612,63,15,29,124
20613,63,15,29,124
20614,63,15,29,124
20615,63,15,29,124
20616,63,15,29,124
20617,63,15,29,124
20618,63,15,29,124
20619,63,15,29,124
20620,63,15,29,124
20621,63,15,29,124
20622,63,15,29,124
20623,63,15,29,124
20624,63,15,29,124
20625,63,15,29,124
20626,63,15,29,124
20627,63,15,29,124
20628,63,15,29,124
20629,63,15,29,124
20630,63,15,29,124
20631,63,15,29,124
20632,63,15,29,124
20633,63,15,29,124
20634,63,15,29,124
20635,63,15,29,124
20636,63,15,29,124
20637,63,15,29,124
20638,63,15,29,124
20639,63,15,29,124
20640,63,15,29,124
20641,63,15,29,124
20642,63,15,29,124
20643,63,15,29,124
20644,63,15,29,124
20645,63,15,29,124
20646,63,15,29,124
20647,63,15,29,124
20648,63,15,29,124
20649,63,15,29,124
20650,63,15,29,124
20651,63,15,29,124
20652,63,15,29,124
20653,63,15,29,124
20654,63,15,29,124
20655,63,15,29,124
20656,63,15,29,124
20657,63,15,29,124
20658,63,15,29,124
20659,63,15,29,124
20660,63,15,29,124
20661,63,15,29,124
20662,63,15,29,124
20663,63,15,29,124
20664,63,15,29,124
20665,63,15,29,124
20666,63,15,29,124
20667,63,15,29,124
20668,63,15,29,124
20669,63,15,29,124
20670,63,15,29,124
20671,63,15,29,124
20672,63,15,29,124
20673,63,15,29,124
20674,63,15,29,124
20675,63,15,29,124
20676,63,15,29,124
20677,63,15,29,124
20678,63,15,29,124
20679,63,15,29,124
20680,63,15,29,124
20681,63,15,29,124
20682,63,15,29,124
20683,63,15,29,124
20684,63,15,29,124
20685,63,15,29,124
20686,63,15,29,124
20687,63,15,29,124
20688,63,15,29,124
20689,63,15,29,124
20690,63,15,29,124
20691,63,15,29,124
20692,63,15,29,124
20693,63,15,29,124
20694,63,15,29,124
20695,63,15,29,124
20696,63,15,29,124
20697,63,15,29,124
20698,63,15,29,124
20699,63,15,29,124
20700,63,15,29,124
20701,63,15,29,124
20702,63,15,29,124
20703,63,15,29,124
20704,63,15,29,124
20705,63,15,29,124
20706,63,15,29,124
20707,63,15,29,124
20708,63,15,29,124
20709,63,15,29,124
20710,63,15,29,124
20711,63,15,29,124
20712,63,15,29,124
20713,63,15,29,124
20714,63,15,29,124
20715,63,15,29,124
20716,63,15,29,124
20717,63,15,29,124
20718,63,15,29,124
20719,63,15,29,124
20720,63,15,29,124
20721,63,15,29,124
20722,63,15,29,124
20723,63,15,29,124
20724,63,15,29,124
20725,63,15,29,124
20726,63,15,29,124
20727,63,15,29,124
20728,63,15,29,124
20729,63,15,29,124
20730,63,15,29,124
20731,63,15,29,124
20732,63,15,29,124
20733,63,15,29,124
20734,63,15,29,124
20735,63,15,29,124
20736,63,15,29,124
20737,63,15,29,124
20738,63,15,29,124
20739,63,15,29,124
20740,63,15,29,124
20741,63,15,29,124
20742,63,15,29,124
20743,63,15,29,124
20744,63,15,29,124
20745,63,15,29,124
20746,63,15,29,124
20747,63,15,29,124
20748,63,15,29,124
20749,63,15,29,124
20750,63,15,29,124
20751,63,15,29,124
20752,63,15,29,124
20753,63,15,29,124
20754,63,15,29,124
20755,63,15,29,124
20756,63,15,29,124
20757,63,15,29,124
20758,63,15,29,124
20759,63,15,29,124
20760,63,15,29,124
20761,63,15,29,124
20762,63,15,29,124
20763,63,15,29,124
20764,63,15,29,124
20765,63,15,29,124
20766,63,15,29,124
20767,63,15,29,124
20768,63,15,29,124
20769,63,15,29,124
20770,63,15,29,124
20771,63,15,29,124
20772,63,15,29,124
20773,63,15,29,124
20774,63,15,29,124
20775,63,15,29,124
20776,63,15,29,124
20777,63,15,29,124
20778,63,15,29,124
20779,63,15,29,124
20780,63,15,29,124
20781,63,15,29,124
20782,63,15,29,124
20783,63,15,29,124
20784,63,15,29,124
20785,63,15,29,124
20786,63,15,29,124
20787,63,15,29,124
20788,63,15,29,124
20789,63,15,29,124
20790,63,15,29,124
20791,63,15,29,124
20792,63,15,29,124
20793,63,15,29,124
20794,63,15,29,124
20795,63,15,29,124
20796,63,15,29,124
20797,63,15,29,124
20798,63,15,29,124
20799,63,15,29,124
20800,63,15,29,124
20801,63,15,29,124
20802,63,15,29,124
20803,63,15,29,124
20804,63,15,29,124
20805,63,15,29,124
20806,63,15,29,124
20807,63,15,29,124
20808,63,15,29,124
20809,63,15,29,124
20810,63,15,29,124
20811,63,15,29,124
20812,63,15,29,124
20813,63,15,29,124
20814,63,15,29,124
20815,63,15,29,124
20816,63,15,29,124
20817,63,15,29,124
20818,63,15,29,124
20819,63,15,29,124
20820,63,15,29,124
20821,63,15,29,124
20822,63,15,29,124
20823,63,15,29,124
20824,63,15,29,124
20825,63,15,29,124
20826,63,15,29,124
20827,63,15,29,124
20828,63,15,29,124
20829,63,15,29,124
20830,63,15,29,124
20831,63,15,29,124
20832,63,15,29,124
20833,63,15,29,124
20834,63,15,29,124
20835,63,15,29,124
20836,63,15,29,124
20837,63,15,29,124
20838,63,15,29,124
20839,63,15,29,124
20840,63,15,29,124
20841,63,15,29,124
20842,63,15,29,124
20843,63,15,29,124
20844,63,15,29,124
20845,63,15,29,124
20846,63,15,29,124
20847,63,15,29,124
20848,63,15,29,124
20849,63,15,29,124
20850,63,15,29,124
20851,63,15,29,124
20852,63,15,29,124
20853,63,15,29,124
20854,63,15,29,124
20855,63,15,29,124
20856,63,15,29,124
20857,63,15,29,124
20858,63,15,29,124
20859,63,15,29,124
20860,63,15,29,124
20861,63,15,29,124
20862,63,15,29,124
20863,63,15,29,124
20864,63,15,29,124
20865,63,15,29,124
20866,63,15,29,124
20867,63,15,29,124
20868,63,15,29,124
20869,63,15,29,124
20870,63,15,29,124
20871,63,15,29,124
20872,63,15,29,124
20873,63,15,29,124
20874,63,15,29,124
20875,63,15,29,124
20876,63,15,29,124
20877,63,15,29,124
20878,63,15,29,124
20879,63,15,29,124
20880,63,15,29,124
20881,63,15,29,124
20882,63,15,29,124
20883,63,15,29,124
20884,63,15,29,124
20885,63,15,29,124
20886,63,15,29,124
20887,63,15,29,124
20888,63,15,29,124
20889,63,15,29,124
20890,63,15,29,124
20891,63,15,29,124
20892,63,15,29,124
20893,63,15,29,124
20894,63,15,29,125
20895,63,15,29,125
20896,63,15,29,125
20897,63,15,29,125
20898,63,15,29,125
20899,63,15,29,125
20900,63,15,29,125
20901,63,15,29,125
20902,63,15,29,125
20903,63,15,29,125
20904,63,15,29,125
20905,63,15,29,125
20906,63,15,29,125
20907,63,15,29,125
20908,63,15,29,125
20909,63,15,29,125
20910,63,15,29,125
20911,63,15,29,125
20912,63,15,29,125
20913,63,15,29,125
20914,63,15,29,125
20915,63,15,29,125
20916,63,15,29,125
20917,63,15,29,125
20918,63,15,29,125
20919,63,15,29,125
20920,63,15,29,125
20921,63,15,29,125
20922,63,15,29,125
20923,63,15,29,125
20924,63,15,29,125
20925,63,15,29,125
20926,63,15,29,125
20927,63,15,29,125
20928,63,15,29,125
20929,63,15,29,125
20930,63,15,29,125
20931,63,15,29,125
20932,63,15,29,125
20933,63,15,29,125
20934,63,15,29,125
20935,63,15,29,125
20936,63,15,29,125
20937,63,15,29,125
20938,63,15,29,125
20939,63,15,29,125
20940,63,15,29,125
20941,63,15,29,125
20942,63,15,29,125
20943,63,15,29,125
20944,63,15,29,125
20945,63,15,29,125
20946,63,15,29,125
20947,63,15,29,125
20948,63,15,29,125
20949,63,15,29,125
20950,63,15,29,125
20951,63,15,29,125
20952,63,15,29,125
20953,63,15,29,125
20954,63,15,29,125
20955,63,15,29,125
20956,63,15,29,125
20957,63,15,29,125
20958,63,15,29,125
20959,63,15,29,125
20960,63,15,29,125
20961,63,15,29,125
20962,63,15,29,125
20963,63,15,29,125
20964,63,15,29,125
20965,63,15,29,125
20966,63,15,29,125
20967,63,15,29,125
20968,63,15,29,125
20969,63,15,29,125
20970,63,15,29,125
20971,63,15,29,125
20972,63,15,29,125
20973,63,15,29,125
20974,63,15,29,125
20975,63,15,29,125
20976,63,15,29,125
20977,63,15,29,125
20978,63,15,29,125
20979,63,15,29,125
20980,63,15,29,125
20981,63,15,29,125
20982,63,15,29,125
20983,63,15,29,125
20984,63,15,29,125
20985,63,15,29,126
20986,63,15,29,126
20987,63,15,29,126
20988,63,15,29,126
20989,63,15,29,126
20990,63,15,29,126
20991,63,15,29,126
20992,63,15,29,126
20993,63,15,29,126
20994,63,15,29,126
20995,63,15,29,126
20996,63,15,29,126
20997,63,15,29,126
20998,63,15,29,126
20999,63,15,29,126
21000,63,15,29,126
21001,63,15,29,126
21002,63,15,29,126
21003,63,15,29,126
21004,63,15,29,126
21005,63,15,29,126
21006,63,15,29,126
21007,63,15,29,126
21008,63,15,29,126
21009,63,15,29,126
21010,63,15,29,126
21011,63,15,29,126
21012,63,15,29,126
21013,63,15,29,126
21014,63,15,29,126
21015,63,15,29,126
21016,63,15,29,126
21017,63,15,29,126
21018,63,15,29,126
21019,63,15,29,126
21020,63,15,29,126
21021,63,15,29,126
21022,63,15,29,126
21023,63,15,29,126
21024,63,15,29,126
21025,63,15,29,126
21026,63,15,29,126
21027,63,15,29,126
21028,63,15,29,126
21029,63,15,29,126
21030,63,15,29,126
21031,63,15,29,126
21032,63,15,29,126
21033,63,15,29,126
21034,63,15,29,126
21035,63,15,29,126
21036,63,15,29,126
21037,63,15,29,126
21038,63,15,29,126
21039,63,15,29,126
21040,63,15,29,126
21041,63,15,29,126
21042,63,15,29,126
21043,63,15,29,126
21044,63,15,29,126
21045,63,15,29,126
21046,63,15,29,126
21047,63,15,29,126
21048,63,15,29,126
21049,63,15,29,126
21050,63,15,29,126
21051,63,15,29,126
21052,63,15,29,126
21053,63,15,29,126
21054,63,15,29,126
21055,63,15,29,126
21056,63,15,29,126
21057,63,15,29,126
21058,63,15,29,126
21059,63,15,29,126
21060,63,15,29,126
21061,63,15,29,126
21062,63,15,29,126
21063,63,15,29,126
21064,63,15,29,126
21065,63,15,29,126
21066,63,15,29,126
21067,63,15,29,126
21068,63,15,29,126
21069,63,15,29,126
21070,63,15,29,126
21071,63,15,29,126
21072,63,15,29,126
21073,63,15,29,126
21074,63,15,29,126
21075,63,15,29,126
21076,63,15,29,126
21077,63,15,29,126
21078,63,15,29,126
21079,63,15,29,126
21080,63,15,29,126
21081,63,15,29,126
21082,63,15,29,126
21083,63,15,29,126
21084,63,15,29,126
21085,63,15,29,126
21086,63,15,29,126
21087,63,15,29,126
21088,63,15,29,126
21089,63,15,29,126
21090,63,15,29,126
21091,63,15,29,126
21092,63,15,29,126
21093,63,15,29,126
21094,63,15,29,126
21095,63,15,29,126
21096,63,15,29,126
21097,63,15,29,126
21098,63,15,29,126
21099,63,15,29,126
21100,63,15,29,126
21101,63,15,29,126
21102,63,15,29,126
21103,63,15,29,126
21104,63,15,29,126
21105,63,15,29,126
21106,63,15,29,126
21107,63,15,29,126
21108,63,15,29,126
21109,63,15,29,126
21110,63,15,29,126
21111,63,15,29,126
21112,63,15,29,126
21113,63,15,29,126
21114,63,15,29,126
21115,63,15,29,126
21116,63,15,29,126
21117,63,15,29,126
21118,63,15,29,126
21119,63,15,29,126
21120,63,15,29,126
21121,63,15,29,126
21122,63,15,29,126
21123,63,15,29,126
21124,63,15,29,126
21125,63,15,29,126
21126,63,15,29,126
21127,63,15,29,126
21128,63,15,29,126
21129,63,15,29,126
21130,63,15,29,126
21131,63,15,29,126
21132,63,15,29,126
21133,63,15,29,126
21134,63,15,29,126
21135,63,15,29,126
21136,63,15,29,126
21137,63,15,29,126
21138,63,15,29,126
21139,63,15,29,126
21140,63,15,29,126
21141,63,15,29,126
21142,63,15,29,126
21143,63,15,29,126
21144,63,15,29,126
21145,63,15,29,126
21146,63,15,29,126
21147,63,15,29,126
21148,63,15,29,126
21149,63,15,29,126
21150,63,15,29,126
21151,63,15,29,126
21152,63,15,29,126
21153,63,15,29,126
21154,63,15,29,126
21155,63,15,29,126
21156,63,15,29,126
21157,63,15,29,126
21158,63,15,29,126
21159,63,15,29,126
21160,63,15,29,126
21161,63,15,29,126
21162,63,15,29,126
21163,63,15,29,126
21164,63,15,29,126
21165,63,15,29,126
21166,63,15,29,126
21167,63,15,29,126
21168,63,15,29,126
21169,63,15,29,126
21170,63,15,29,126
21171,63,15,29,126
21172,63,15,29,126
21173,63,15,29,126
21174,63,15,29,126
21175,63,15,29,126
21176,63,15,29,126
21177,63,15,29,126
21178,63,15,29,126
21179,63,15,29,126
21180,63,15,29,126
21181,63,15,29,126
21182,63,15,29,126
21183,63,15,29,126
21184,63,15,29,126
21185,63,15,29,126
21186,63,15,29,126
21187,63,15,29,126
21188,63,15,29,126
21189,63,15,29,126
21190,63,15,29,126
21191,63,15,29,126
21192,63,15,29,126
21193,63,15,29,126
21194,63,15,29,126
21195,63,15,29,126
21196,63,15,29,126
21197,63,15,29,126
21198,63,15,29,126
21199,63,15,29,126
21200,63,15,29,126
21201,63,15,29,126
21202,63,15,29,126
21203,63,15,29,126
21204,63,15,29,126
21205,63,15,29,126
21206,63,15,29,126
21207,63,15,29,126
21208,63,15,29,126
21209,63,15,29,126
21210,63,15,29,126
21211,63,15,29,126
21212,63,15,29,126
21213,63,15,29,126
21214,63,15,29,126
21215,63,15,29,126
21216,63,15,29,126
21217,63,15,29,126
21218,63,15,29,126
21219,63,15,29,126
21220,63,15,29,126
21221,63,15,29,126
21222,63,15,29,126
21223,63,15,29,126
21224,63,15,29,126
21225,63,15,29,126
21226,63,15,29,126
21227,63,15,29,126
21228,63,15,29,126
21229,63,15,29,126
21230,63,15,29,126
21231,63,15,29,126
21232,63,15,29,126
21233,63,15,29,126
21234,63,15,29,126
21235,63,15,29,126
21236,63,15,29,126
21237,63,15,29,126
21238,63,15,29,126
21239,63,15,29,126
21240,63,15,29,126
21241,63,15,29,126
21242,63,15,29,126
21243,63,15,29,126
21244,63,15,29,126
21245,63,15,29,126
21246,63,15,29,126
21247,63,15,29,126
21248,63,15,29,126
21249,63,15,29,126
21250,63,15,29,126
21251,63,15,29,126
21252,63,15,29,126
21253,63,15,29,126
21254,63,15,29,126
21255,63,15,29,126
21256,63,15,29,126
21257,63,15,29,126
21258,63,15,29,126
21259,63,15,29,126
21260,63,15,29,126
21261,63,15,29,126
21262,63,15,29,126
21263,63,15,29,126
21264,63,15,29,126
21265,63,15,29,126
21266,63,15,29,126
21267,63,15,29,126
21268,63,15,29,126
21269,63,15,29,126
21270,63,15,29,126
21271,63,15,29,126
21272,63,15,29,126
21273,63,15,29,126
21274,63,15,29,126
21275,63,15,29,126
21276,63,15,29,126
21277,63,15,29,126
21278,63,15,29,126
21279,63,15,29,126
21280,63,15,29,126
21281,63,15,29,126
21282,63,15,29,126
21283,63,15,29,126
21284,63,15,29,126
21285,63,15,29,126
21286,63,15,29,126
21287,63,15,29,126
21288,63,15,29,126
21289,63,15,29,126
21290,63,15,29,126
21291,63,15,29,126
21292,63,15,29,126
21293,63,15,29,126
21294,63,15,29,126
21295,63,15,29,126
21296,63,15,29,126
21297,63,15,29,126
21298,63,15,29,126
21299,63,15,29,126
21300,63,15,29,126
21301,63,15,29,126
21302,63,15,29,126
21303,63,15,29,126
21304,63,15,29,126
21305,63,15,29,126
21306,63,15,29,126
21307,63,15,29,126
21308,63,15,29,126
21309,63,15,29,126
21310,63,15,29,126
21311,63,15,29,126
21312,63,15,29,126
21313,63,15,29,126
21314,63,15,29,126
21315,63,15,29,126
21316,63,15,29,126
21317,63,15,29,126
21318,63,15,29,126
21319,63,15,29,126
21320,63,15,29,126
21321,63,15,29,126
21322,63,15,29,126
21323,63,15,29,126
21324,63,15,29,126
21325,63,15,29,126
21326,63,15,29,126
21327,63,15,29,126
21328,63,15,29,126
21329,63,15,29,126
21330,63,15,29,126
21331,63,15,29,126
21332,63,15,29,126
21333,63,15,29,126
21334,63,15,29,126
21335,63,15,29,126
21336,63,15,29,126
21337,63,15,29,126
21338,63,15,29,126
21339,63,15,29,126
21340,63,15,29,126
21341,63,15,29,126
21342,63,15,29,126
21343,63,15,29,126
21344,63,15,29,126
21345,63,15,29,126
21346,63,15,29,126
21347,63,15,29,126
21348,63,15,29,126
21349,63,15,29,126
21350,63,15,29,126
21351,63,15,29,126
21352,63,15,29,126
21353,63,15,29,126
21354,63,15,29,126
21355,63,15,29,126
21356,63,15,29,126
21357,63,15,29,126
21358,63,15,29,126
21359,63,15,29,126
21360,63,15,29,126
21361,63,15,29,126
21362,63,15,29,126
21363,63,15,29,126
21364,63,15,29,126
21365,63,15,29,126
21366,63,15,29,126
21367,63,15,29,126
21368,63,15,29,126
21369,63,15,29,126
21370,63,15,29,126
21371,63,15,29,126
21372,63,15,29,126
21373,63,15,29,126
21374,63,15,29,126
21375,63,15,29,126
21376,63,15,29,126
21377,63,15,29,126
21378,63,15,29,126
21379,63,15,29,126
21380,63,15,29,126
21381,63,15,29,126
21382,63,15,29,126
21383,63,15,29,126
21384,63,15,29,126
21385,63,15,29,126
21386,63,15,29,126
21387,63,15,29,126
21388,63,15,29,126
21389,63,15,29,126
21390,63,15,29,126
21391,63,15,29,126
21392,63,15,29,126
21393,63,15,29,126
21394,63,15,29,126
21395,63,15,29,126
21396,63,15,29,126
21397,63,15,29,126
21398,63,15,29,126
21399,63,15,29,126
21400,63,15,29,126
21401,63,15,29,126
21402,63,15,29,126
21403,63,15,29,126
21404,63,15,29,126
21405,63,15,29,126
21406,63,15,29,126
21407,63,15,29,126
21408,63,15,29,126
21409,63,15,29,126
21410,63,15,29,126
21411,63,15,29,126
21412,63,15,29,126
21413,63,15,29,126
21414,63,15,29,126
21415,63,15,29,126
21416,63,15,29,126
21417,63,15,29,126
21418,63,15,29,126
21419,63,15,29,126
21420,63,15,29,126
21421,63,15,29,126
21422,63,15,29,126
21423,63,15,29,126
21424,63,15,29,127
21425,63,15,29,127
21426,63,15,29,127
21427,63,15,29,127
21428,63,15,29,127
21429,63,15,29,127
21430,63,15,29,127
21431,63,15,29,127
21432,63,15,29,127
21433,63,15,29,127
21434,63,15,29,127
21435,63,15,29,127
21436,63,15,29,127
21437,63,15,29,127
21438,63,15,29,127
21439,63,15,29,127
21440,63,15,29,127
21441,63,15,29,127
21442,63,15,29,127
21443,63,15,29,127
21444,63,15,29,127
21445,63,15,29,127
21446,63,15,29,127
21447,63,15,29,127
21448,63,15,29,127
21449,63,15,29,127
21450,63,15,29,127
21451,63,15,29,127
21452,63,15,29,127
21453,63,15,29,127
21454,63,15,29,127
21455,63,15,29,127
21456,63,15,29,127
21457,63,15,29,127
21458,63,15,29,127
21459,63,15,29,127
21460,63,15,29,127
21461,63,15,29,127
21462,63,15,29,127
21463,63,15,29,127
21464,63,15,29,127
21465,63,15,29,127
21466,63,15,29,127
21467,63,15,29,128
21468,63,15,29,128
21469,63,15,29,128
21470,63,15,29,128
21471,63,15,29,128
21472,63,15,29,128
21473,63,15,29,128
21474,63,15,29,128
21475,63,15,29,128
21476,63,15,29,128
21477,63,15,29,128
21478,63,15,29,128
21479,63,15,29,128
21480,63,15,29,128
21481,63,15,29,128
21482,63,15,29,128
21483,63,15,29,128
21484,63,15,29,128
21485,63,15,29,128
21486,63,15,29,128
21487,63,15,29,128
21488,63,15,29,128
21489,63,15,29,128
21490,63,15,29,128
21491,63,15,29,128
21492,63,15,29,128
21493,63,15,29,128
21494,63,15,29,128
21495,63,15,29,128
21496,63,15,29,128
21497,63,15,29,128
21498,63,15,29,128
21499,63,15,29,128
21500,63,15,29,128
21501,63,15,29,128
21502,63,15,29,128
21503,63,15,29,128
21504,63,15,29,128
21505,63,15,29,128
21506,63,15,29,128
21507,63,15,29,128
21508,63,15,29,128
21509,63,15,29,128
21510,63,15,29,128
21511,63,15,29,128
21512,63,15,29,128
21513,63,15,29,128
21514,63,15,29,128
21515,63,15,29,128
21516,63,15,29,128
21517,63,15,29,128
21518,63,15,29,128
21519,63,15,29,128
21520,63,15,29,128
21521,63,15,29,128
21522,63,15,29,128
21523,63,15,29,128
21524,63,15,29,128
21525,63,15,29,128
21526,63,15,29,128
21527,63,15,29,128
21528,63,15,29,128
21529,63,15,29,128
21530,63,15,29,128
21531,63,15,29,128
21532,63,15,29,128
21533,63,15,29,128
21534,63,15,29,128
21535,63,15,29,129
21536,63,15,29,129
21537,63,15,29,129
21538,63,15,29,129
21539,63,15,29,129
21540,63,15,29,129
21541,63,15,29,129
21542,63,15,29,129
21543,63,15,29,129
21544,63,15,29,129
21545,63,15,29,129
21546,63,15,29,129
21547,63,15,29,129
21548,63,15,29,129
21549,63,15,29,129
21550,63,15,29,129
21551,63,15,29,129
21552,63,15,29,129
21553,63,15,29,129
21554,63,15,29,129
21555,63,15,29,129
21556,63,15,29,129
21557,63,15,29,129
21558,63,15,29,129
21559,63,15,29,129
21560,63,15,29,129
21561,63,15,29,129
21562,63,15,29,129
21563,63,15,29,129
21564,63,15,29,129
21565,63,15,29,129
21566,63,15,29,129
21567,63,15,29,129
21568,63,15,29,129
21569,63,15,29,129
21570,63,15,29,129
21571,63,15,29,129
21572,63,15,29,129
21573,63,15,29,129
21574,63,15,29,129
21575,63,15,29,129
21576,63,15,29,129
21577,63,15,29,129
21578,63,15,29,129
21579,63,15,29,129
21580,63,15,29,129
21581,63,15,29,129
21582,63,15,29,129
21583,63,15,29,129
21584,63,15,29,129
21585,63,15,29,129
21586,63,15,29,129
21587,63,15,29,129
21588,63,15,29,129
21589,63,15,29,129
21590,63,15,29,129
21591,63,15,29,129
21592,63,15,29,129
21593,63,15,29,129
21594,63,15,29,129
21595,63,15,29,129
21596,63,15,29,129
21597,63,15,29,129
21598,63,15,29,129
21599,63,15,29,129
21600,63,15,29,129
21601,63,15,29,129
21602,63,15,29,129
21603,63,15,29,129
21604,63,15,29,129
21605,63,15,29,129
21606,63,15,29,129
21607,63,15,29,129
21608,63,15,29,129
21609,63,15,29,129
21610,63,15,29,129
21611,63,15,29,129
21612,63,15,29,129
21613,63,15,29,129
21614,63,15,29,129
21615,63,15,29,129
21616,63,15,29,129
21617,63,15,29,129
21618,63,15,29,129
21619,63,15,29,129
21620,63,15,29,129
21621,63,15,29,129
21622,63,15,29,129
21623,63,15,29,129
21624,63,15,29,129
21625,63,15,29,129
21626,63,15,29,129
21627,63,15,29,129
21628,63,15,29,129
21629,63,15,29,129
21630,63,15,29,129
21631,63,15,29,129
21632,63,15,29,129
21633,63,15,29,129
21634,63,15,29,129
21635,63,15,29,129
21636,63,15,29,129
21637,63,15,29,129
21638,63,15,29,129
21639,63,15,29,129
21640,63,15,29,129
21641,63,15,29,129
21642,63,15,29,129
21643,63,15,29,129
21644,63,15,29,129
21645,63,15,29,129
21646,63,15,29,129
21647,63,15,29,129
21648,63,15,29,129
21649,63,15,29,129
21650,63,15,29,129
21651,63,15,29,129
21652,63,15,29,129
21653,63,15,29,129
21654,63,15,29,129
21655,63,15,29,129
21656,63,15,29,129
21657,63,15,29,129
21658,63,15,29,129
21659,63,15,29,129
21660,63,15,29,129
21661,63,15,29,129
21662,63,15,29,129
21663,63,15,29,129
21664,63,15,29,129
21665,63,15,29,129
21666,63,15,29,129
21667,63,15,29,129
21668,63,15,29,129
21669,63,15,29,129
21670,63,15,29,129
21671,63,15,29,129
21672,63,15,29,129
21673,63,15,29,129
21674,63,15,29,129
21675,63,15,29,129
21676,63,15,29,129
21677,63,15,29,129
21678,63,15,29,129
21679,63,15,29,129
21680,63,15,29,129
21681,63,15,29,129
21682,63,15,29,129
21683,63,15,29,129
21684,63,15,29,129
21685,63,15,29,129
21686,63,15,29,129
21687,63,15,29,129
21688,63,15,29,129
21689,63,15,29,129
21690,63,15,29,129
21691,63,15,29,129
21692,63,15,29,129
21693,63,15,29,129
21694,63,15,29,129
21695,63,15,29,129
21696,63,15,29,129
21697,63,15,29,129
21698,63,15,29,129
21699,63,15,29,129
21700,63,15,29,129
21701,63,15,29,129
21702,63,15,29,129
21703,63,15,29,129
21704,63,15,29,129
21705,63,15,29,129
21706,63,15,29,129
21707,63,15,29,129
21708,63,15,29,129
21709,63,15,29,129
21710,63,15,29,129
21711,63,15,29,129
21712,63,15,29,129
21713,63,15,29,129
21714,63,15,29,129
21715,63,15,29,129
21716,63,15,29,129
21717,63,15,29,130
21718,63,15,29,130
21719,63,15,29,130
21720,63,15,29,130
21721,63,15,29,130
21722,63,15,29,130
21723,63,15,29,130
21724,63,15,29,130
21725,63,15,29,130
21726,63,15,29,130
21727,63,15,29,130
21728,63,15,29,130
21729,63,15,29,130
21730,63,15,29,130
21731,63,15,29,130
21732,63,15,29,130
21733,63,15,29,130
21734,63,15,29,130
21735,63,15,29,130
21736,63,15,29,130
21737,63,15,29,130
21738,63,15,29,130
21739,63,15,29,130
21740,63,15,29,130
21741,63,15,29,130
21742,63,15,29,130
21743,63,15,29,130
21744,63,15,29,130
21745,63,15,29,130
21746,63,15,29,130
21747,63,15,29,130
21748,63,15,29,130
21749,63,15,29,130
21750,63,15,29,130
21751,63,15,29,130
21752,63,15,29,130
21753,63,15,29,130
21754,63,15,29,130
21755,63,15,29,130
21756,63,15,29,130
21757,63,15,29,130
21758,63,15,29,130
21759,63,15,29,130
21760,63,15,29,130
21761,63,15,29,130
21762,63,15,29,130
21763,63,15,29,130
21764,63,15,29,130
21765,63,15,29,131
21766,63,15,29,131
21767,63,15,29,131
21768,63,15,29,131
21769,63,15,29,131
21770,63,15,29,131
21771,63,15,29,131
21772,63,15,29,131
21773,63,15,29,131
21774,63,15,29,131
21775,63,15,29,131
21776,63,15,29,131
21777,63,15,29,131
21778,63,15,29,131
21779,63,15,29,131
21780,63,15,29,131
21781,63,15,29,131
21782,63,15,29,131
21783,63,15,29,131
21784,63,15,29,131
21785,63,15,29,131
21786,63,15,29,131
21787,63,15,29,131
21788,63,15,29,131
21789,63,15,29,131
21790,63,15,29,131
21791,63,15,29,131
21792,63,15,29,131
21793,63,15,29,131
21794,63,15,29,131
21795,63,15,29,131
21796,63,15,29,131
21797,63,15,29,131
21798,63,15,29,131
21799,63,15,29,131
21800,63,15,29,131
21801,63,15,29,131
21802,63,15,29,131
21803,63,15,29,131
21804,63,15,29,131
21805,63,15,29,131
21806,63,15,29,131
21807,63,15,29,131
21808,63,15,29,131
21809,63,15,29,131
21810,63,15,29,131
21811,63,15,29,131
21812,63,15,29,131
21813,63,15,29,131
21814,63,15,29,131
21815,63,15,29,131
21816,63,15,29,131
21817,63,15,29,131
21818,63,15,29,131
21819,63,15,29,131
21820,63,15,29,131
21821,63,15,29,131
21822,63,15,29,131
21823,63,15,29,131
21824,63,15,29,131
21825,63,15,29,131
21826,63,15,29,131
21827,63,15,29,131
21828,63,15,29,131
21829,63,15,29,131
21830,63,15,29,131
21831,63,15,29,131
21832,63,15,29,131
21833,63,15,29,131
21834,63,15,29,131
21835,63,15,29,131
21836,63,15,29,131
21837,63,15,29,131
21838,63,15,29,131
21839,63,15,29,131
21840,63,15,29,131
21841,63,15,29,131
21842,63,15,29,131
21843,63,15,29,131
21844,63,15,29,131
21845,63,15,29,131
21846,63,15,29,131
21847,63,15,29,131
21848,63,15,29,131
21849,63,15,29,131
21850,63,15,29,131
21851,63,15,29,131
21852,63,15,29,131
21853,63,15,29,131
21854,63,15,29,131
21855,63,15,29,131
21856,63,15,29,131
21857,63,15,29,131
21858,63,15,29,131
21859,63,15,29,131
21860,63,15,29,131
21861,63,15,29,131
21862,63,15,29,131
21863,63,15,29,131
21864,63,15,29,131
21865,63,15,29,131
21866,63,15,29,131
21867,63,15,29,131
21868,63,15,29,131
21869,63,15,29,131
21870,63,15,29,131
21871,63,15,29,131
21872,63,15,29,131
21873,63,15,29,131
21874,63,15,29,131
21875,63,15,29,131
21876,63,15,29,131
21877,63,15,29,131
21878,63,15,29,131
21879,63,15,29,131
21880,63,15,29,131
21881,63,15,29,131
21882,63,15,29,131
21883,63,15,29,131
21884,63,15,29,131
21885,63,15,29,131
21886,63,15,29,131
21887,63,15,29,131
21888,63,15,29,131
21889,63,15,29,131
21890,63,15,29,131
21891,63,15,29,131
21892,63,15,29,131
21893,63,15,29,131
21894,63,15,29,131
21895,63,15,29,131
21896,63,15,29,131
21897,63,15,29,131
21898,63,15,29,131
21899,63,15,29,131
21900,63,15,29,131
21901,63,15,29,131
21902,63,15,29,132
21903,63,15,29,132
21904,63,15,29,132
21905,63,15,29,132
21906,63,15,29,132
21907,63,15,29,132
21908,63,15,29,132
21909,63,15,29,132
21910,63,15,29,132
21911,63,15,29,132
21912,63,15,29,132
21913,63,15,29,132
21914,63,15,29,132
21915,63,15,29,132
21916,63,15,29,132
21917,63,15,29,132
21918,63,15,29,132
21919,63,15,29,132
21920,63,15,29,132
21921,63,15,29,132
21922,63,15,29,132
21923,63,15,29,132
21924,63,15,29,132
21925,63,15,29,132
21926,63,15,29,132
21927,63,15,29,132
21928,63,15,29,132
21929,63,15,29,132
21930,63,15,29,132
21931,63,15,29,132
21932,63,15,29,132
21933,63,15,29,132
21934,63,15,29,132
21935,63,15,29,132
21936,63,15,29,132
21937,63,15,29,132
21938,63,15,29,132
21939,63,15,29,132
21940,63,15,29,132
21941,63,15,29,132
21942,63,15,29,132
21943,63,15,29,132
21944,63,15,29,132
21945,63,15,29,132
21946,63,15,29,132
21947,63,15,29,132
21948,63,15,29,132
21949,63,15,29,132
21950,63,15,29,132
21951,63,15,29,132
21952,63,15,29,132
21953,63,15,29,132
21954,63,15,29,132
21955,63,15,29,132
21956,63,15,29,132
21957,63,15,29,132
21958,63,15,29,132
21959,63,15,29,133
21960,63,15,29,133
21961,63,15,29,133
21962,63,15,29,133
21963,63,15,29,133
21964,63,15,29,133
21965,63,15,29,133
21966,63,15,29,133
21967,63,15,29,133
21968,63,15,29,133
21969,63,15,29,133
21970,63,15,29,133
21971,63,15,29,133
21972,63,15,29,133
21973,63,15,29,133
21974,63,15,29,133
21975,63,15,29,133
21976,63,15,29,133
21977,63,15,29,133
21978,63,15,29,133
21979,63,15,29,133
21980,63,15,29,133
21981,63,15,29,133
21982,63,15,29,133
21983,63,15,29,133
21984,63,15,29,133
21985,63,15,29,133
21986,63,15,29,133
21987,63,15,29,133
21988,63,15,29,133
21989,63,15,29,133
21990,63,15,29,133
21991,63,15,29,133
21992,63,15,29,133
21993,63,15,29,133
21994,63,15,29,133
21995,63,15,29,133
21996,63,15,29,133
21997,63,15,29,133
21998,63,15,29,133
21999,63,15,29,133
22000,63,15,29,133
22001,63,15,29,133
22002,63,15,29,133
22003,63,15,29,133
22004,63,15,29,133
22005,63,15,29,133
22006,63,15,29,133
22007,63,15,29,133
22008,63,15,29,133
22009,63,15,29,133
22010,63,15,29,133
22011,63,15,29,133
22012,63,15,29,133
22013,63,15,29,133
22014,63,15,29,133
22015,63,15,29,133
22016,63,15,29,133
22017,63,15,29,133
22018,63,15,29,133
22019,63,15,29,133
22020,63,15,29,133
22021,63,15,29,133
22022,63,15,29,133
22023,63,15,29,133
22024,63,15,29,133
22025,63,15,29,133
22026,63,15,29,133
22027,63,15,29,133
22028,63,15,29,133
22029,63,15,29,133
22030,63,15,29,133
22031,63,15,29,133
22032,63,15,29,133
22033,63,15,29,133
22034,63,15,29,133
22035,63,15,29,133
22036,63,15,29,133
22037,63,15,29,133
22038,63,15,29,133
22039,63,15,29,133
22040,63,15,29,133
22041,63,15,29,133
22042,63,15,29,133
22043,63,15,29,133
22044,63,15,29,133
22045,63,15,29,133
22046,63,15,29,133
22047,63,15,29,133
22048,63,15,29,133
22049,63,15,29,133
22050,63,15,29,133
22051,63,15,29,133
22052,63,15,29,133
22053,63,15,29,133
22054,63,15,29,133
22055,63,15,29,133
22056,63,15,29,133
22057,63,15,29,133
22058,63,15,29,133
22059,63,15,29,133
22060,63,15,29,133
22061,63,15,29,133
22062,63,15,29,133
22063,63,15,29,133
22064,63,15,29,133
22065,63,15,29,133
22066,63,15,29,133
22067,63,15,29,133
22068,63,15,29,133
22069,63,15,29,133
22070,63,15,29,133
22071,63,15,29,133
22072,63,15,29,133
22073,63,15,29,133
22074,63,15,29,133
22075,63,15,29,133
22076,63,15,29,133
22077,63,15,29,133
22078,63,15,29,133
22079,63,15,29,133
22080,63,15,29,133
22081,63,15,29,133
22082,63,15,29,133
22083,63,15,29,133
22084,63,15,29,133
22085,63,15,29,133
22086,63,15,29,133
22087,63,15,29,133
22088,63,15,29,133
22089,63,15,29,133
22090,63,15,29,133
22091,63,15,29,133
22092,63,15,29,133
22093,63,15,29,133
22094,63,15,29,133
22095,63,15,29,133
22096,63,15,29,133
22097,63,15,29,133
22098,63,15,29,133
22099,63,15,29,133
22100,63,15,29,133
22101,63,15,29,133
22102,63,15,29,133
22103,63,15,29,133
22104,63,15,29,133
22105,63,15,29,133
22106,63,15,29,133
22107,63,15,29,133
22108,63,15,29,133
22109,63,15,29,133
22110,63,15,29,133
22111,63,15,29,133
22112,63,15,29,133
22113,63,15,29,133
22114,63,15,29,133
22115,63,15,29,133
22116,63,15,29,133
22117,63,15,29,133
22118,63,15,29,133
22119,63,15,29,133
22120,63,15,29,133
22121,63,15,29,133
22122,63,15,29,133
22123,63,15,29,133
22124,63,15,29,133
22125,63,15,29,133
22126,63,15,29,133
22127,63,15,29,133
22128,63,15,29,133
22129,63,15,29,133
22130,63,15,29,133
22131,63,15,29,133
22132,63,15,29,133
22133,63,15,29,133
22134,63,15,29,133
22135,63,15,29,133
22136,63,15,29,133
22137,63,15,29,133
22138,63,15,29,134
22139,63,15,29,134
22140,63,15,29,134
22141,63,15,29,134
22142,63,15,29,134
22143,63,15,29,134
22144,63,15,29,134
22145,63,15,29,134
22146,63,15,29,134
22147,63,15,29,134
22148,63,15,29,134
22149,63,15,29,134
22150,63,15,29,134
22151,63,15,29,134
22152,63,15,29,134
22153,63,15,29,134
22154,63,15,29,134
22155,63,15,29,134
22156,63,15,29,134
22157,63,15,29,134
22158,63,15,29,134
22159,63,15,29,134
22160,63,15,29,134
22161,63,15,29,134
22162,63,15,29,134
22163,63,15,29,134
22164,63,15,29,134
22165,63,15,29,134
22166,63,15,29,134
22167,63,15,29,134
22168,63,15,29,134
22169,63,15,29,134
22170,63,15,29,134
22171,63,15,29,134
22172,63,15,29,134
22173,63,15,29,134
22174,63,15,29,134
22175,63,15,29,134
22176,63,15,29,134
22177,63,15,29,134
22178,63,15,29,134
22179,63,15,29,134
22180,63,15,29,134
22181,63,15,29,134
22182,63,15,29,134
22183,63,15,29,134
22184,63,15,29,134
22185,63,15,29,134
22186,63,15,29,134
22187,63,15,29,134
22188,63,15,29,134
22189,63,15,29,134
22190,63,15,29,134
22191,63,15,29,134
22192,63,15,29,134
22193,63,15,29,134
22194,63,15,29,134
22195,63,15,29,134
22196,63,15,29,134
22197,63,15,29,134
22198,63,15,29,134
22199,63,15,29,134
22200,63,15,29,134
22201,63,15,29,134
22202,63,15,29,134
22203,63,15,29,134
22204,63,15,29,134
22205,63,15,29,134
22206,63,15,29,134
22207,63,15,29,134
22208,63,15,29,134
22209,63,15,29,134
22210,63,15,29,134
22211,63,15,29,134
22212,63,15,29,134
22213,63,15,29,134
22214,63,15,29,134
22215,63,15,29,134
22216,63,15,29,134
22217,63,15,29,134
22218,63,15,29,134
22219,63,15,29,134
22220,63,15,29,134
22221,63,15,29,134
22222,63,15,29,134
22223,63,15,29,134
22224,63,15,29,134
22225,63,15,29,134
22226,63,15,29,134
22227,63,15,29,134
22228,63,15,29,134
22229,63,15,29,134
22230,63,15,29,134
22231,63,15,29,134
22232,63,15,29,134
22233,63,15,29,134
22234,63,15,29,134
22235,63,15,29,134
22236,63,15,29,134
22237,63,15,29,134
22238,63,15,29,134
22239,63,15,29,134
22240,63,15,29,134
22241,63,15,29,134
22242,63,15,29,134
22243,63,15,29,134
22244,63,15,29,134
22245,63,15,29,134
22246,63,15,29,134
22247,63,15,29,134
22248,63,15,29,134
22249,63,15,29,134
22250,63,15,29,134
22251,63,15,29,134
22252,63,15,29,134
22253,63,15,29,134
22254,63,15,29,134
22255,63,15,29,134
22256,63,15,29,134
22257,63,15,29,134
22258,63,15,29,134
22259,63,15,29,134
22260,63,15,29,134
22261,63,15,29,134
22262,63,15,29,134
22263,63,15,29,134
22264,63,15,29,134
22265,63,15,29,134
22266,63,15,29,134
22267,63,15,29,134
22268,63,15,29,134
22269,63,15,29,134
22270,63,15,29,134
22271,63,15,29,134
22272,63,15,29,134
22273,63,15,29,134
22274,63,15,29,134
22275,63,15,29,134
22276,63,15,29,134
22277,63,15,29,134
22278,63,15,29,134
22279,63,15,29,134
22280,63,15,29,134
22281,63,15,29,134
22282,63,15,29,134
22283,63,15,29,134
22284,63,15,29,134
22285,63,15,29,134
22286,63,15,29,134
22287,63,15,29,134
22288,63,15,29,134
22289,63,15,29,134
22290,63,15,29,134
22291,63,15,29,134
22292,63,15,29,134
22293,63,15,29,134
22294,63,15,29,134
22295,63,15,29,134
22296,63,15,29,134
22297,63,15,29,134
22298,63,15,29,134
22299,63,15,29,134
22300,63,15,29,134
22301,63,15,29,134
22302,63,15,29,134
22303,63,15,29,134
22304,63,15,29,134
22305,63,15,29,134
22306,63,15,29,134
22307,63,15,29,134
22308,63,15,29,134
22309,63,15,29,134
22310,63,15,29,134
22311,63,15,29,134
22312,63,15,29,134
22313,63,15,29,134
22314,63,15,29,134
22315,63,15,29,134
22316,63,15,29,134
22317,63,15,29,134
22318,63,15,29,134
22319,63,15,29,134
22320,63,15,29,134
22321,63,15,29,134
22322,63,15,29,134
22323,63,15,29,134
22324,63,15,29,134
22325,63,15,29,134
22326,63,15,29,134
22327,63,15,29,134
22328,63,15,29,134
22329,63,15,29,134
22330,63,15,29,134
22331,63,15,29,134
22332,63,15,29,134
22333,63,15,29,134
22334,63,15,29,134
22335,63,15,29,134
22336,63,15,29,134
22337,63,15,29,134
22338,63,15,29,134
22339,63,15,29,134
22340,63,15,29,134
22341,63,15,29,134
22342,63,15,29,134
22343,63,15,29,134
22344,63,15,29,134
22345,63,15,29,134
22346,63,15,29,134
22347,63,15,29,134
22348,63,15,29,134
22349,63,15,29,134
22350,63,15,29,134
22351,63,15,29,134
22352,63,15,29,134
22353,63,15,29,134
22354,63,15,29,134
22355,63,15,29,134
22356,63,15,29,134
22357,63,15,29,134
22358,63,15,29,134
22359,63,15,29,134
22360,63,15,29,135
22361,63,15,29,135
22362,63,15,29,135
22363,63,15,29,135
22364,63,15,29,135
22365,63,15,29,135
22366,63,15,29,135
22367,63,15,29,135
22368,63,15,29,135
22369,63,15,29,135
22370,63,15,29,135
22371,63,15,29,135
22372,63,15,29,135
22373,63,15,29,135
22374,63,15,29,135
22375,63,15,29,135
22376,63,15,29,135
22377,63,15,29,135
22378,63,15,29,135
22379,63,15,29,135
22380,63,15,29,135
22381,63,15,29,135
22382,63,15,29,135
22383,63,15,29,135
22384,63,15,29,135
22385,63,15,29,135
22386,63,15,29,135
22387,63,15,29,135
22388,63,15,29,135
22389,63,15,29,135
22390,63,15,29,135
22391,63,15,29,135
22392,63,15,29,135
22393,63,15,29,135
22394,63,15,29,135
22395,63,15,29,135
22396,63,15,29,135
22397,63,15,29,135
22398,63,15,29,135
22399,63,15,29,135
22400,63,15,29,135
22401,63,15,29,135
22402,63,15,29,135
22403,63,15,29,135
22404,63,15,29,135
22405,63,15,29,135
22406,63,15,29,135
22407,63,15,29,135
22408,63,15,29,135
22409,63,15,29,135
22410,63,15,29,135
22411,63,15,29,135
22412,63,15,29,135
22413,63,15,29,135
22414,63,15,29,135
22415,63,15,29,135
22416,63,15,29,135
22417,63,15,29,135
22418,63,15,29,135
22419,63,15,29,135
22420,63,15,29,135
22421,63,15,29,135
22422,63,15,29,135
22423,63,15,29,135
22424,63,15,29,135
22425,63,15,29,135
22426,63,15,29,135
22427,63,15,29,135
22428,63,15,29,135
22429,63,15,29,135
22430,63,15,29,135
22431,63,15,29,135
22432,63,15,29,135
22433,63,15,29,135
22434,63,15,29,135
22435,63,15,29,135
22436,63,15,29,135
22437,63,15,29,135
22438,63,15,29,135
22439,63,15,29,135
22440,63,15,29,135
22441,63,15,29,135
22442,63,15,29,135
22443,63,15,29,135
22444,63,15,29,135
22445,63,15,29,135
22446,63,15,29,135
22447,63,15,29,135
22448,63,15,29,135
22449,63,15,29,135
22450,63,15,29,135
22451,63,15,29,135
22452,63,15,29,135
22453,63,15,29,135
22454,63,15,29,135
22455,63,15,29,135
22456,63,15,29,135
22457,63,15,29,135
22458,63,15,29,135
22459,63,15,29,135
22460,63,15,29,135
22461,63,15,29,135
22462,63,15,29,135
22463,63,15,29,135
22464,63,15,29,135
22465,63,15,29,135
22466,63,15,29,135
22467,63,15,29,135
22468,63,15,29,135
22469,63,15,29,135
22470,63,15,29,135
22471,63,15,29,135
22472,63,15,29,135
22473,63,15,29,135
22474,63,15,29,135
22475,63,15,29,135
22476,63,15,29,135
22477,63,15,29,135
22478,63,15,29,135
22479,63,15,29,135
22480,63,15,29,135
22481,63,15,29,135
22482,63,15,29,135
22483,63,15,29,135
22484,63,15,29,135
22485,63,15,29,135
22486,63,15,29,135
22487,63,15,29,135
22488,63,15,29,135
22489,63,15,29,135
22490,63,15,29,135
22491,63,15,29,135
22492,63,15,29,135
22493,63,15,29,135
22494,63,15,29,135
22495,63,15,29,135
22496,63,15,29,135
22497,63,15,29,135
22498,63,15,29,135
22499,63,15,29,135
22500,63,15,29,135
22501,63,15,29,135
22502,63,15,29,135
22503,63,15,29,135
22504,63,15,29,135
22505,63,15,29,135
22506,63,15,29,135
22507,63,15,29,135
22508,63,15,29,135
22509,63,15,29,135
22510,63,15,29,135
22511,63,15,29,135
22512,63,15,29,135
22513,63,15,29,135
22514,63,15,29,135
22515,63,15,29,135
22516,63,15,29,135
22517,63,15,29,135
22518,63,15,29,135
22519,63,15,29,135
22520,63,15,29,135
22521,63,15,29,135
22522,63,15,29,135
22523,63,15,29,135
22524,63,15,29,135
22525,63,15,29,135
22526,63,15,29,135
22527,63,15,29,135
22528,63,15,29,135
22529,63,15,29,135
22530,63,15,29,135
22531,63,15,29,135
22532,63,15,29,135
22533,63,15,29,135
22534,63,15,29,135
22535,63,15,29,135
22536,63,15,29,135
22537,63,15,29,135
22538,63,15,29,135
22539,63,15,29,135
22540,63,15,29,135
22541,63,15,29,135
22542,63,15,29,135
22543,63,15,29,135
22544,63,15,29,135
22545,63,15,29,135
22546,63,15,29,135
22547,63,15,29,135
22548,63,15,29,135
22549,63,15,29,135
22550,63,15,29,135
22551,63,15,29,135
22552,63,15,29,135
22553,63,15,29,135
22554,63,15,29,135
22555,63,15,29,135
22556,63,15,29,135
22557,63,15,29,135
22558,63,15,29,135
22559,63,15,29,135
22560,63,15,29,135
22561,63,15,29,135
22562,63,15,29,135
22563,63,15,29,135
22564,63,15,29,135
22565,63,15,29,135
22566,63,15,29,135
22567,63,15,29,135
22568,63,15,29,135
22569,63,15,29,135
22570,63,15,29,135
22571,63,15,29,135
22572,63,15,29,135
22573,63,15,29,135
22574,63,15,29,135
22575,63,15,29,135
22576,63,15,29,135
22577,63,15,29,135
22578,63,15,29,135
22579,63,15,29,135
22580,63,15,29,135
22581,63,15,29,135
22582,63,15,29,135
22583,63,15,29,135
22584,63,15,29,135
22585,63,15,29,135
22586,63,15,29,135
22587,63,15,29,135
22588,63,15,29,135
22589,63,15,29,135
22590,63,15,29,135
22591,63,15,29,135
22592,63,15,29,135
22593,63,15,29,135
22594,63,15,29,135
22595,63,15,29,135
22596,63,15,29,135
22597,63,15,29,135
22598,63,15,29,135
22599,63,15,29,135
22600,63,15,29,135
22601,63,15,29,135
22602,63,15,29,135
22603,63,15,29,135
22604,63,15,29,135
22605,63,15,29,135
22606,63,15,29,135
22607,63,15,29,135
22608,63,15,29,135
22609,63,15,29,135
22610,63,15,29,135
22611,63,15,29,135
22612,63,15,29,135
22613,63,15,29,135
22614,63,15,29,135
22615,63,15,29,135
22616,63,15,29,135
22617,63,15,29,135
22618,63,15,29,135
22619,63,15,29,135
22620,63,15,29,135
22621,63,15,29,135
22622,63,15,29,135
22623,63,15,29,135
22624,63,15,29,135
22625,63,15,29,135
22626,63,15,29,135
22627,63,15,29,135
22628,63,15,29,135
22629,63,15,29,135
22630,63,15,29,135
22631,63,15,29,135
22632,63,15,29,135
22633,63,15,29,135
22634,63,15,29,135
22635,63,15,29,135
22636,63,15,29,135
22637,63,15,29,135
22638,63,15,29,135
22639,63,15,29,135
22640,63,15,29,135
22641,63,15,29,135
22642,63,15,29,135
22643,63,15,29,135
22644,63,15,29,135
22645,63,15,29,135
22646,63,15,29,135
22647,63,15,29,135
22648,63,15,29,135
22649,63,15,29,135
22650,63,15,29,135
22651,63,15,29,135
22652,63,15,29,135
22653,63,15,29,135
22654,63,15,29,135
22655,63,15,29,135
22656,63,15,29,135
22657,63,15,29,135
22658,63,15,29,135
22659,63,15,29,135
22660,63,15,29,135
22661,63,15,29,135
22662,63,15,29,135
22663,63,15,29,135
22664,63,15,29,135
22665,63,15,29,135
22666,63,15,29,135
22667,63,15,29,135
22668,63,15,29,135
22669,63,15,29,135
22670,63,15,29,135
22671,63,15,29,135
22672,63,15,29,135
22673,63,15,29,135
22674,63,15,29,135
22675,63,15,29,135
22676,63,15,29,135
22677,63,15,29,135
22678,63,15,29,135
22679,63,15,29,135
22680,63,15,29,135
22681,63,15,29,135
22682,63,15,29,135
22683,63,15,29,135
22684,63,15,29,135
22685,63,15,29,135
22686,63,15,29,135
22687,63,15,29,135
22688,63,15,29,135
22689,63,15,29,135
22690,63,15,29,135
22691,63,15,29,135
22692,63,15,29,135
22693,63,15,29,135
22694,63,15,29,135
22695,63,15,29,135
22696,63,15,29,135
22697,63,15,29,135
22698,63,15,29,135
22699,63,15,29,135
22700,63,15,29,135
22701,63,15,29,135
22702,63,15,29,135
22703,63,15,29,135
22704,63,15,29,135
22705,63,15,29,135
22706,63,15,29,135
22707,63,15,29,135
22708,63,15,29,135
22709,63,15,29,135
22710,63,15,29,135
22711,63,15,29,135
22712,63,15,29,135
22713,63,15,29,135
22714,63,15,29,135
22715,63,15,29,135
22716,63,15,29,135
22717,63,15,29,135
22718,63,15,29,135
22719,63,15,29,135
22720,63,15,29,135
22721,63,15,29,135
22722,63,15,29,135
22723,63,15,29,135
22724,63,15,29,135
22725,63,15,29,135
22726,63,15,29,135
22727,63,15,29,135
22728,63,15,29,135
22729,63,15,29,135
22730,63,15,29,135
22731,63,15,29,135
22732,63,15,29,135
22733,63,15,29,135
22734,63,15,29,135
22735,63,15,29,135
22736,63,15,29,135
22737,63,15,29,135
22738,63,15,29,135
22739,63,15,29,135
22740,63,15,29,135
22741,63,15,29,135
22742,63,15,29,135
22743,63,15,29,135
22744,63,15,29,135
22745,63,15,29,135
22746,63,15,29,135
22747,63,15,29,135
22748,63,15,29,135
22749,63,15,29,135
22750,63,15,29,135
22751,63,15,29,135
22752,63,15,29,135
22753,63,15,29,135
22754,63,15,29,135
22755,63,15,29,135
22756,63,15,29,135
22757,63,15,29,135
22758,63,15,29,135
22759,63,15,29,135
22760,63,15,29,135
22761,63,15,29,135
22762,63,15,29,135
22763,63,15,29,135
22764,63,15,29,135
22765,63,15,29,135
22766,63,15,29,135
22767,63,15,29,135
22768,63,15,29,135
22769,63,15,29,135
22770,63,15,29,135
22771,63,15,29,135
22772,63,15,29,135
22773,63,15,29,135
22774,63,15,29,135
22775,63,15,29,135
22776,63,15,29,135
22777,63,15,29,135
22778,63,15,29,135
22779,63,15,29,135
22780,63,15,29,135
22781,63,15,29,135
22782,63,15,29,135
22783,63,15,29,135
22784,63,15,29,135
22785,63,15,29,135
22786,63,15,29,135
22787,63,15,29,135
22788,63,15,29,135
22789,63,15,29,135
22790,63,15,29,135
22791,63,15,29,135
22792,63,15,29,135
22793,63,15,29,135
22794,63,15,29,135
22795,63,15,29,135
22796,63,15,29,135
22797,63,15,29,135
22798,63,15,29,135
22799,63,15,29,135
22800,63,15,29,135
22801,63,15,29,135
22802,63,15,29,135
22803,63,15,29,135
22804,63,15,29,135
22805,63,15,29,135
22806,63,15,29,135
22807,63,15,29,135
22808,63,15,29,135
22809,63,15,29,135
22810,63,15,29,135
22811,63,15,29,135
22812,63,15,29,135
22813,63,15,29,135
22814,63,15,29,135
22815,63,15,29,135
22816,63,15,29,135
22817,63,15,29,135
22818,63,15,29,135
22819,63,15,29,135
22820,63,15,29,135
22821,63,15,29,135
22822,63,15,29,135
22823,63,15,29,135
22824,63,15,29,135
22825,63,15,29,135
22826,63,15,29,135
22827,63,15,29,135
22828,63,15,29,135
22829,63,15,29,135
22830,63,15,29,135
22831,63,15,29,135
22832,63,15,29,135
22833,63,15,29,135
22834,63,15,29,135
22835,63,15,29,135
22836,63,15,29,135
22837,63,15,29,135
22838,63,15,29,135
22839,63,15,29,135
22840,63,15,29,135
22841,63,15,29,135
22842,63,15,29,135
22843,63,15,29,135
22844,63,15,29,135
22845,63,15,29,135
22846,63,15,29,135
22847,63,15,29,135
22848,63,15,29,135
22849,63,15,29,135
22850,63,15,29,135
22851,63,15,29,135
22852,63,15,29,135
22853,63,15,29,135
22854,63,15,29,135
22855,63,15,29,135
22856,63,15,29,135
22857,63,15,29,135
22858,63,15,29,135
22859,63,15,29,135
22860,63,15,29,135
22861,63,15,29,135
22862,63,15,29,135
22863,63,15,29,135
22864,63,15,29,135
22865,63,15,29,135
22866,63,15,29,135
22867,63,15,29,135
22868,63,15,29,135
22869,63,15,29,135
22870,63,15,29,135
22871,63,15,29,135
22872,63,15,29,135
22873,63,15,29,135
22874,63,15,29,135
22875,63,15,29,135
22876,63,15,29,135
22877,63,15,29,135
22878,63,15,29,135
22879,63,15,29,135
22880,63,15,29,135
22881,63,15,29,135
22882,63,15,29,136
22883,63,15,29,136
22884,63,15,29,136
22885,63,15,29,136
22886,63,15,29,136
22887,63,15,29,136
22888,63,15,29,136
22889,63,15,29,136
22890,63,15,29,136
22891,63,15,29,136
22892,63,15,29,136
22893,63,15,29,136
22894,63,15,29,136
22895,63,15,29,136
22896,63,15,29,136
22897,63,15,29,136
22898,63,15,29,136
22899,63,15,29,136
22900,63,15,29,136
22901,63,15,29,136
22902,63,15,29,136
22903,63,15,29,136
22904,63,15,29,136
22905,63,15,29,136
22906,63,15,29,136
22907,63,15,29,136
22908,63,15,29,136
22909,63,15,29,136
22910,63,15,29,136
22911,63,15,29,136
22912,63,15,29,136
22913,63,15,29,136
22914,63,15,29,136
22915,63,15,29,136
22916,63,15,29,136
22917,63,15,29,136
22918,63,15,29,136
22919,63,15,29,136
22920,63,15,29,136
22921,63,15,29,136
22922,63,15,29,136
22923,63,15,29,136
22924,63,15,29,136
22925,63,15,29,136
22926,63,15,29,136
22927,63,15,29,136
22928,63,15,29,136
22929,63,15,29,136
22930,63,15,29,136
22931,63,15,29,136
22932,63,15,29,136
22933,63,15,29,136
22934,63,15,29,136
22935,63,15,29,136
22936,63,15,29,136
22937,63,15,29,136
22938,63,15,29,136
22939,63,15,29,136
22940,63,15,29,136
22941,63,15,29,136
22942,63,15,29,136
22943,63,15,29,136
22944,63,15,29,136
22945,63,15,29,136
22946,63,15,29,136
22947,63,15,29,136
22948,63,15,29,136
22949,63,15,29,136
22950,63,15,29,136
22951,63,15,29,136
22952,63,15,29,136
22953,63,15,29,136
22954,63,15,29,136
22955,63,15,29,136
22956,63,15,29,136
22957,63,15,29,136
22958,63,15,29,136
22959,63,15,29,136
22960,63,15,29,136
22961,63,15,29,136
22962,63,15,29,136
22963,63,15,29,136
22964,63,15,29,136
22965,63,15,29,136
22966,63,15,29,136
22967,63,15,29,136
22968,63,15,29,136
22969,63,15,29,136
22970,63,15,29,136
22971,63,15,29,136
22972,63,15,29,136
22973,63,15,29,136
22974,63,15,29,136
22975,63,15,29,136
22976,63,15,29,136
22977,63,15,29,136
22978,63,15,29,136
22979,63,15,29,136
22980,63,15,29,137
22981,63,15,29,137
22982,63,15,29,137
22983,63,15,29,137
22984,63,15,29,137
22985,63,15,29,137
22986,63,15,29,137
22987,63,15,29,137
22988,63,15,29,137
22989,63,15,29,137
22990,63,15,29,137
22991,63,15,29,137
22992,63,15,29,137
22993,63,15,29,137
22994,63,15,29,137
22995,63,15,29,137
22996,63,15,29,137
22997,63,15,29,137
22998,63,15,29,137
22999,63,15,29,137
23000,63,15,29,137
23001,63,15,29,137
23002,63,15,29,137
23003,63,15,29,137
23004,63,15,29,137
23005,63,15,29,137
23006,63,15,29,137
23007,63,15,29,137
23008,63,15,29,137
23009,63,15,29,137
23010,63,15,29,137
23011,63,15,29,137
23012,63,15,29,137
23013,63,15,29,137
23014,63,15,29,137
23015,63,15,29,137
23016,63,15,29,137
23017,63,15,29,137
23018,63,15,29,137
23019,63,15,29,137
23020,63,15,29,137
23021,63,15,29,137
23022,63,15,29,137
23023,63,15,29,137
23024,63,15,29,137
23025,63,15,29,137
23026,63,15,29,137
23027,63,15,29,137
23028,63,15,29,137
23029,63,15,29,137
23030,63,15,29,137
23031,63,15,29,137
23032,63,15,29,137
23033,63,15,29,137
23034,63,15,29,137
23035,63,15,29,137
23036,63,15,29,137
23037,63,15,29,137
23038,63,15,29,137
23039,63,15,29,137
23040,63,15,29,137
23041,63,15,29,137
23042,63,15,29,137
23043,63,15,29,137
23044,63,15,29,137
23045,63,15,29,137
23046,63,15,29,137
23047,63,15,29,137
23048,63,15,29,137
23049,63,15,29,137
23050,63,15,29,137
23051,63,15,29,137
23052,63,15,29,137
23053,63,15,29,137
23054,63,15,29,137
23055,63,15,29,137
23056,63,15,29,137
23057,63,15,29,137
23058,63,15,29,137
23059,63,15,29,137
23060,63,15,29,137
23061,63,15,29,137
23062,63,15,29,137
23063,63,15,29,137
23064,63,15,29,137
23065,63,15,29,137
23066,63,15,29,137
23067,63,15,29,137
23068,63,15,29,137
23069,63,15,29,137
23070,63,15,29,137
23071,63,15,29,137
23072,63,15,29,137
23073,63,15,29,137
23074,63,15,29,137
23075,63,15,29,137
23076,63,15,29,137
23077,63,15,29,137
23078,63,15,29,137
23079,63,15,29,137
23080,63,15,29,137
23081,63,15,29,137
23082,63,15,29,137
23083,63,15,29,137
23084,63,15,29,137
23085,63,15,29,137
23086,63,15,29,137
23087,63,15,29,137
23088,63,15,29,137
23089,63,15,29,137
23090,63,15,29,137
23091,63,15,29,137
23092,63,15,29,137
23093,63,15,29,137
23094,63,15,29,137
23095,63,15,29,137
23096,63,15,29,137
23097,63,15,29,137
23098,63,15,29,137
23099,63,15,29,137
23100,63,15,29,137
23101,63,15,29,137
23102,63,15,29,137
23103,63,15,29,137
23104,63,15,29,138
23105,63,15,29,138
23106,63,15,29,138
23107,63,15,29,138
23108,63,15,29,138
23109,63,15,29,138
23110,63,15,29,138
23111,63,15,29,138
23112,63,15,29,138
23113,63,15,29,138
23114,63,15,29,138
23115,63,15,29,138
23116,63,15,29,138
23117,63,15,29,138
23118,63,15,29,138
23119,63,15,29,138
23120,63,15,29,138
23121,63,15,29,138
23122,63,15,29,138
23123,63,15,29,138
23124,63,15,29,138
23125,63,15,29,138
23126,63,15,29,138
23127,63,15,29,138
23128,63,15,29,138
23129,63,15,29,138
23130,63,15,29,138
23131,63,15,29,138
23132,63,15,29,138
23133,63,15,29,138
23134,63,15,29,138
23135,63,15,29,138
23136,63,15,29,138
23137,63,15,29,138
23138,63,15,29,138
23139,63,15,29,138
23140,63,15,29,138
23141,63,15,29,138
23142,63,15,29,138
23143,63,15,29,138
23144,63,15,29,138
23145,63,15,29,138
23146,63,15,29,138
23147,63,15,29,138
23148,63,15,29,138
23149,63,15,29,138
23150,63,15,29,138
23151,63,15,29,138
23152,63,15,29,138
23153,63,15,29,138
23154,63,15,29,138
23155,63,15,29,138
23156,63,15,29,138
23157,63,15,29,138
23158,63,15,29,138
23159,63,15,29,138
23160,63,15,29,138
23161,63,15,29,138
23162,63,15,29,138
23163,63,15,29,138
23164,63,15,29,138
23165,63,15,29,138
23166,63,15,29,138
23167,63,15,29,138
23168,63,15,29,138
23169,63,15,29,138
23170,63,15,29,138
23171,63,15,29,138
23172,63,15,29,138
23173,63,15,29,138
23174,63,15,29,138
23175,63,15,29,138
23176,63,15,29,138
23177,63,15,29,138
23178,63,15,29,138
23179,63,15,29,138
23180,63,15,29,138
23181,63,15,29,138
23182,63,15,29,138
23183,63,15,29,138
23184,63,15,29,138
23185,63,15,29,138
23186,63,15,29,138
23187,63,15,29,138
23188,63,15,29,138
23189,63,15,29,138
23190,63,15,29,138
23191,63,15,29,138
23192,63,15,29,138
23193,63,15,29,138
23194,63,15,29,138
23195,63,15,29,138
23196,63,15,29,138
23197,63,15,29,138
23198,63,15,29,138
23199,63,15,29,138
23200,63,15,29,138
23201,63,15,29,138
23202,63,15,29,138
23203,63,15,29,138
23204,63,15,29,138
23205,63,15,29,138
23206,63,15,29,138
23207,63,15,29,138
23208,63,15,29,138
23209,63,15,29,138
23210,63,15,29,138
23211,63,15,29,138
23212,63,15,29,138
23213,63,15,29,138
23214,63,15,29,138
23215,63,15,29,138
23216,63,15,29,138
23217,63,15,29,138
23218,63,15,29,138
23219,63,15,29,138
23220,63,15,29,138
23221,63,15,29,138
23222,63,15,29,138
23223,63,15,29,138
23224,63,15,29,138
23225,63,15,29,138
23226,63,15,29,138
23227,63,15,29,138
23228,63,15,29,138
23229,63,15,29,138
23230,63,15,29,138
23231,63,15,29,138
23232,63,15,29,138
23233,63,15,29,138
23234,63,15,29,138
23235,63,15,29,138
23236,63,15,29,138
23237,63,15,29,138
23238,63,15,29,138
23239,63,15,29,138
23240,63,15,29,138
23241,63,15,29,138
23242,63,15,29,138
23243,63,15,29,138
23244,63,15,29,138
23245,63,15,29,138
23246,63,15,29,138
23247,63,15,29,138
23248,63,15,29,138
23249,63,15,29,138
23250,63,15,29,138
23251,63,15,29,138
23252,63,15,29,138
23253,63,15,29,138
23254,63,15,29,138
23255,63,15,29,138
23256,63,15,29,138
23257,63,15,29,138
23258,63,15,29,138
23259,63,15,29,138
23260,63,15,29,138
23261,63,15,29,138
23262,63,15,29,138
23263,63,15,29,138
23264,63,15,29,138
23265,63,15,29,138
23266,63,15,29,138
23267,63,15,29,138
23268,63,15,29,138
23269,63,15,29,138
23270,63,15,29,138
23271,63,15,29,138
23272,63,15,29,138
23273,63,15,29,138
23274,63,15,29,138
23275,63,15,29,138
23276,63,15,29,138
23277,63,15,29,138
23278,63,15,29,138
23279,63,15,29,138
23280,63,15,29,138
23281,63,15,29,138
23282,63,15,29,138
23283,63,15,29,138
23284,63,15,29,138
23285,63,15,29,138
23286,63,15,29,138
23287,63,15,29,138
23288,63,15,29,138
23289,63,15,29,138
23290,63,15,29,138
23291,63,15,29,138
23292,63,15,29,138
23293,63,15,29,138
23294,63,15,29,138
23295,63,15,29,138
23296,63,15,29,138
23297,63,15,29,138
23298,63,15,29,138
23299,63,15,29,138
23300,63,15,29,138
23301,63,15,29,138
23302,63,15,29,138
23303,63,15,29,138
23304,63,15,29,138
23305,63,15,29,138
23306,63,15,29,138
23307,63,15,29,138
23308,63,15,29,138
23309,63,15,29,138
23310,63,15,29,138
23311,63,15,29,138
23312,63,15,29,138
23313,63,15,29,138
23314,63,15,29,138
23315,63,15,29,138
23316,63,15,29,138
23317,63,15,29,138
23318,63,15,29,138
23319,63,15,29,138
23320,63,15,29,138
23321,63,15,29,138
23322,63,15,29,138
23323,63,15,29,138
23324,63,15,29,138
23325,63,15,29,138
23326,63,15,29,138
23327,63,15,29,139
23328,63,15,29,139
23329,63,15,29,139
23330,63,15,29,139
23331,63,15,29,139
23332,63,15,29,139
23333,63,15,29,139
23334,63,15,29,139
23335,63,15,29,139
23336,63,15,29,139
23337,63,15,29,139
23338,63,15,29,139
23339,63,15,29,139
23340,63,15,29,139
23341,63,15,29,139
23342,63,15,29,139
23343,63,15,29,139
23344,63,15,29,139
23345,63,15,29,139
23346,63,15,29,139
23347,63,15,29,139
23348,63,15,29,139
23349,63,15,29,139
23350,63,15,29,139
23351,63,15,29,139
23352,63,15,29,139
23353,63,15,29,139
23354,63,15,29,139
23355,63,15,29,139
23356,63,15,29,139
23357,63,15,29,139
23358,63,15,29,139
23359,63,15,29,139
23360,63,15,29,139
23361,63,15,29,139
23362,63,15,29,139
23363,63,15,29,139
23364,63,15,29,139
23365,63,15,29,139
23366,63,15,29,139
23367,63,15,29,139
23368,63,15,29,139
23369,63,15,29,139
23370,63,15,29,139
23371,63,15,29,139
23372,63,15,29,139
23373,63,15,29,139
23374,63,15,29,139
23375,63,15,29,139
23376,63,15,29,139
23377,63,15,29,139
23378,63,15,29,139
23379,63,15,29,139
23380,63,15,29,139
23381,63,15,29,139
23382,63,15,29,139
23383,63,15,29,139
23384,63,15,29,139
23385,63,15,29,139
23386,63,15,29,139
23387,63,15,29,139
23388,63,15,29,139
23389,63,15,29,139
23390,63,15,29,139
23391,63,15,29,139
23392,63,15,29,139
23393,63,15,29,139
23394,63,15,29,139
23395,63,15,29,139
23396,63,15,29,139
23397,63,15,29,139
23398,63,15,29,139
23399,63,15,29,139
23400,63,15,29,139
23401,63,15,29,139
23402,63,15,29,139
23403,63,15,29,139
23404,63,15,29,139
23405,63,15,29,139
23406,63,15,29,139
23407,63,15,29,139
23408,63,15,29,139
23409,63,15,29,139
23410,63,15,29,139
23411,63,15,29,139
23412,63,15,29,139
23413,63,15,29,139
23414,63,15,29,139
23415,63,15,29,139
23416,63,15,29,139
23417,63,15,29,139
23418,63,15,29,139
23419,63,15,29,139
23420,63,15,29,139
23421,63,15,29,139
23422,63,15,29,139
23423,63,15,29,139
23424,63,15,29,139
23425,63,15,29,139
23426,63,15,29,139
23427,63,15,29,139
23428,63,15,29,139
23429,63,15,29,139
23430,63,15,29,139
23431,63,15,29,139
23432,63,15,29,139
23433,63,15,29,139
23434,63,15,29,139
23435,63,15,29,139
23436,63,15,29,139
23437,63,15,29,139
23438,63,15,29,139
23439,63,15,29,139
23440,63,15,29,139
23441,63,15,29,139
23442,63,15,29,139
23443,63,15,29,139
23444,63,15,29,139
23445,63,15,29,139
23446,63,15,29,139
23447,63,15,29,139
23448,63,15,29,139
23449,63,15,29,139
23450,63,15,29,139
23451,63,15,29,139
23452,63,15,29,139
23453,63,15,29,139
23454,63,15,29,139
23455,63,15,29,139
23456,63,15,29,139
23457,63,15,29,139
23458,63,15,29,139
23459,63,15,29,139
23460,63,15,29,139
23461,63,15,29,139
23462,63,15,29,139
23463,63,15,29,139
23464,63,15,29,139
23465,63,15,29,139
23466,63,15,29,139
23467,63,15,29,139
23468,63,15,29,139
23469,63,15,29,139
23470,63,15,29,139
23471,63,15,29,139
23472,63,15,29,139
23473,63,15,29,139
23474,63,15,29,139
23475,63,15,29,139
23476,63,15,29,139
23477,63,15,29,139
23478,63,15,29,139
23479,63,15,29,139
23480,63,15,29,139
23481,63,15,29,139
23482,63,15,29,139
23483,63,15,29,139
23484,63,15,29,139
23485,63,15,29,139
23486,63,15,29,139
23487,63,15,29,139
23488,63,15,29,139
23489,63,15,29,139
23490,63,15,29,139
23491,63,15,29,139
23492,63,15,29,139
23493,63,15,29,139
23494,63,15,29,139
23495,63,15,29,139
23496,63,15,29,139
23497,63,15,29,139
23498,63,15,29,139
23499,63,15,29,139
23500,63,15,29,139
23501,63,15,29,139
23502,63,15,29,139
23503,63,15,29,139
23504,63,15,29,139
23505,63,15,29,139
23506,63,15,29,139
23507,63,15,29,139
23508,63,15,29,139
23509,63,15,29,139
23510,63,15,29,139
23511,63,15,29,140
23512,63,15,29,140
23513,63,15,29,140
23514,63,15,29,140
23515,63,15,29,140
23516,63,15,29,140
23517,63,15,29,140
23518,63,15,29,140
23519,63,15,29,140
23520,63,15,29,140
23521,63,15,29,140
23522,63,15,29,140
23523,63,15,29,140
23524,63,15,29,140
23525,63,15,29,140
23526,63,15,29,140
23527,63,15,29,140
23528,63,15,29,140
23529,63,15,29,140
23530,63,15,29,140
23531,63,15,29,140
23532,63,15,29,140
23533,63,15,29,140
23534,63,15,29,140
23535,63,15,29,140
23536,63,15,29,140
23537,63,15,29,140
23538,63,15,29,140
23539,63,15,29,140
23540,63,15,29,140
23541,63,15,29,140
23542,63,15,29,140
23543,63,15,29,140
23544,63,15,29,140
23545,63,15,29,140
23546,63,15,29,140
23547,63,15,29,140
23548,63,15,29,140
23549,63,15,29,140
23550,63,15,29,140
23551,63,15,29,140
23552,63,15,29,140
23553,63,15,29,140
23554,63,15,29,140
23555,63,15,29,140
23556,63,15,29,140
23557,63,15,29,140
23558,63,15,29,140
23559,63,15,29,140
23560,63,15,29,140
23561,63,15,29,140
23562,63,15,29,140
23563,63,15,29,140
23564,63,15,29,140
23565,63,15,29,140
23566,63,15,29,140
23567,63,15,29,140
23568,63,15,29,140
23569,63,15,29,140
23570,63,15,29,140
23571,63,15,29,140
23572,63,15,29,140
23573,63,15,29,140
23574,63,15,29,140
23575,63,15,29,140
23576,63,15,29,140
23577,63,15,29,140
23578,63,15,29,140
23579,63,15,29,140
23580,63,15,29,140
23581,63,15,29,141
23582,63,15,29,141
23583,63,15,29,141
23584,63,15,29,141
23585,63,15,29,141
23586,63,15,29,141
23587,63,15,29,141
23588,63,15,29,141
23589,63,15,29,141
23590,63,15,29,141
23591,63,15,29,141
23592,63,15,29,141
23593,63,15,29,141
23594,63,15,29,141
23595,63,15,29,141
23596,63,15,29,141
23597,63,15,29,141
23598,63,15,29,141
23599,63,15,29,141
23600,63,15,29,141
23601,63,15,29,141
23602,63,15,29,141
23603,63,15,29,141
23604,63,15,29,141
23605,63,15,29,141
23606,63,15,29,141
23607,63,15,29,141
23608,63,15,29,141
23609,63,15,29,141
23610,63,15,29,141
23611,63,15,29,141
23612,63,15,29,141
23613,63,15,29,141
23614,63,15,29,141
23615,63,15,29,141
23616,63,15,29,141
23617,63,15,29,141
23618,63,15,29,141
23619,63,15,29,141
23620,63,15,29,141
23621,63,15,29,141
23622,63,15,29,141
23623,63,15,29,141
23624,63,15,29,141
23625,63,15,29,141
23626,63,15,29,141
23627,63,15,29,141
23628,63,15,29,141
23629,63,15,29,141
23630,63,15,29,141
23631,63,15,29,141
23632,63,15,29,141
23633,63,15,29,141
23634,63,15,29,141
23635,63,15,29,141
23636,63,15,29,141
23637,63,15,29,141
23638,63,15,29,141
23639,63,15,29,141
23640,63,15,29,141
23641,63,15,29,141
23642,63,15,29,142
23643,63,15,29,142
23644,63,15,29,142
23645,63,15,29,142
23646,63,15,29,142
23647,63,15,29,142
23648,63,15,29,142
23649,63,15,29,142
23650,63,15,29,142
23651,63,15,29,142
23652,63,15,29,142
23653,63,15,29,142
23654,63,15,29,142
23655,63,15,29,142
23656,63,15,29,142
23657,63,15,29,142
23658,63,15,29,142
23659,63,15,29,142
23660,63,15,29,142
23661,63,15,29,142
23662,63,15,29,142
23663,63,15,29,142
23664,63,15,29,142
23665,63,15,29,142
23666,63,15,29,142
23667,63,15,29,142
23668,63,15,29,142
23669,63,15,29,142
23670,63,15,29,142
23671,63,15,29,142
23672,63,15,29,142
23673,63,15,29,142
23674,63,15,29,142
23675,63,15,29,142
23676,63,15,29,142
23677,63,15,29,142
23678,63,15,29,142
23679,63,15,29,142
23680,63,15,29,142
23681,63,15,29,142
23682,63,15,29,142
23683,63,15,29,142
23684,63,15,29,142
23685,63,15,29,142
23686,63,15,29,142
23687,63,15,29,142
23688,63,15,29,142
23689,63,15,29,142
23690,63,15,29,142
23691,63,15,29,142
23692,63,15,29,142
23693,63,15,29,142
23694,63,15,29,142
23695,63,15,29,142
23696,63,15,29,142
23697,63,15,29,142
23698,63,15,29,142
23699,63,15,29,142
23700,63,15,29,142
23701,63,15,29,142
23702,63,15,29,142
23703,63,15,29,142
23704,63,15,29,142
23705,63,15,29,142
23706,63,15,29,142
23707,63,15,29,142
23708,63,15,29,142
23709,63,15,29,142
23710,63,15,29,142
23711,63,15,29,142
23712,63,15,29,142
23713,63,15,29,142
23714,63,15,29,142
23715,63,15,29,142
23716,63,15,29,142
23717,63,15,29,142
23718,63,15,29,142
23719,63,15,29,142
23720,63,15,29,142
23721,63,15,29,142
23722,63,15,29,142
23723,63,15,29,142
23724,63,15,29,142
23725,63,15,29,142
23726,63,15,29,142
23727,63,15,29,142
23728,63,15,29,142
23729,63,15,29,142
23730,63,15,29,142
23731,63,15,29,142
23732,63,15,29,142
23733,63,15,29,142
23734,63,15,29,142
23735,63,15,29,142
23736,63,15,29,142
23737,63,15,29,142
23738,63,15,29,142
23739,63,15,29,142
23740,63,15,29,142
23741,63,15,29,142
23742,63,15,29,142
23743,63,15,29,142
23744,63,15,29,142
23745,63,15,29,142
23746,63,15,29,142
23747,63,15,29,142
23748,63,15,29,142
23749,63,15,29,142
23750,63,15,29,143
23751,63,15,29,143
23752,63,15,29,143
23753,63,15,29,143
23754,63,15,29,143
23755,63,15,29,143
23756,63,15,29,143
23757,63,15,29,143
23758,63,15,29,143
23759,63,15,29,143
23760,63,15,29,143
23761,63,15,29,143
23762,63,15,29,143
23763,63,15,29,143
23764,63,15,29,143
23765,63,15,29,143
23766,63,15,29,143
23767,63,15,29,143
23768,63,15,29,143
23769,63,15,29,143
23770,63,15,29,143
23771,63,15,29,143
23772,63,15,29,143
23773,63,15,29,143
23774,63,15,29,143
23775,63,15,29,143
23776,63,15,29,143
23777,63,15,29,143
23778,63,15,29,143
23779,63,15,29,143
23780,63,15,29,143
23781,63,15,29,143
23782,63,15,29,143
23783,63,15,29,143
23784,63,15,29,143
23785,63,15,29,143
23786,63,15,29,143
23787,63,15,29,143
23788,63,15,29,143
23789,63,15,29,143
23790,63,15,29,143
23791,63,15,29,143
23792,63,15,29,143
23793,63,15,29,143
23794,63,15,29,143
23795,63,15,29,143
23796,63,15,29,143
23797,63,15,29,143
23798,63,15,29,143
23799,63,15,29,143
23800,63,15,29,143
23801,63,15,29,143
23802,63,15,29,143
23803,63,15,29,143
23804,63,15,29,143
23805,63,15,29,143
23806,63,15,29,143
23807,63,15,29,143
23808,63,15,29,143
23809,63,15,29,143
23810,63,15,29,143
23811,63,15,29,143
23812,63,15,29,143
23813,63,15,29,143
23814,63,15,29,143
23815,63,15,29,143
23816,63,15,29,143
23817,63,15,29,143
23818,63,15,29,143
23819,63,15,29,143
23820,63,15,29,143
23821,63,15,29,143
23822,63,15,29,143
23823,63,15,29,143
23824,63,15,29,143
23825,63,15,29,143
23826,63,15,29,143
23827,63,15,29,143
23828,63,15,29,143
23829,63,15,29,143
23830,63,15,29,143
23831,63,15,29,143
23832,63,15,29,143
23833,63,15,29,143
23834,63,15,29,143
23835,63,15,29,143
23836,63,15,29,143
23837,63,15,29,143
23838,63,15,29,143
23839,63,15,29,143
23840,63,15,29,143
23841,63,15,29,143
23842,63,15,29,143
23843,63,15,29,143
23844,63,15,29,143
23845,63,15,29,143
23846,63,15,29,143
23847,63,15,29,143
23848,63,15,29,143
23849,63,15,29,143
23850,63,15,29,143
23851,63,15,29,143
23852,63,15,29,143
23853,63,15,29,143
23854,63,15,29,143
23855,63,15,29,143
23856,63,15,29,143
23857,63,15,29,143
23858,63,15,29,143
23859,63,15,29,143
23860,63,15,29,143
23861,63,15,29,143
23862,63,15,29,143
23863,63,15,29,143
23864,63,15,29,143
23865,63,15,29,143
23866,63,15,29,143
23867,63,15,29,143
23868,63,15,29,143
23869,63,15,29,143
23870,63,15,29,143
23871,63,15,29,143
23872,63,15,29,143
23873,63,15,29,143
23874,63,15,29,143
23875,63,15,29,143
23876,63,15,29,143
23877,63,15,29,143
23878,63,15,29,143
23879,63,15,29,143
23880,63,15,29,143
23881,63,15,29,143
23882,63,15,29,143
23883,63,15,29,143
23884,63,15,29,143
23885,63,15,29,143
23886,63,15,29,143
23887,63,15,29,143
23888,63,15,29,143
23889,63,15,29,143
23890,63,15,29,143
23891,63,15,29,143
23892,63,15,29,143
23893,63,15,29,143
23894,63,15,29,143
23895,63,15,29,143
23896,63,15,29,143
23897,63,15,29,143
23898,63,15,29,143
23899,63,15,29,143
23900,63,15,29,143
23901,63,15,29,143
23902,63,15,29,143
23903,63,15,29,143
23904,63,15,29,143
23905,63,15,29,143
23906,63,15,29,143
23907,63,15,29,143
23908,63,15,29,143
23909,63,15,29,143
23910,63,15,29,143
23911,63,15,29,143
23912,63,15,29,143
23913,63,15,29,143
23914,63,15,29,143
23915,63,15,29,143
23916,63,15,29,143
23917,63,15,29,143
23918,63,15,29,143
23919,63,15,29,143
23920,63,15,29,143
23921,63,15,29,143
23922,63,15,29,143
23923,63,15,29,143
23924,63,15,29,143
23925,63,15,29,143
23926,63,15,29,143
23927,63,15,29,143
23928,63,15,29,143
23929,63,15,29,143
23930,63,15,29,143
23931,63,15,29,143
23932,63,15,29,143
23933,63,15,29,143
23934,63,15,29,143
23935,63,15,29,143
23936,63,15,29,143
23937,63,15,29,143
23938,63,15,29,143
23939,63,15,29,143
23940,63,15,29,143
23941,63,15,29,143
23942,63,15,29,143
23943,63,15,29,143
23944,63,15,29,143
23945,63,15,29,143
23946,63,15,29,143
23947,63,15,29,143
23948,63,15,29,143
23949,63,15,29,143
23950,63,15,29,143
23951,63,15,29,143
23952,63,15,29,143
23953,63,15,29,143
23954,63,15,29,143
23955,63,15,29,143
23956,63,15,29,143
23957,63,15,29,143
23958,63,15,29,143
23959,63,15,29,143
23960,63,15,29,143
23961,63,15,29,143
23962,63,15,29,143
23963,63,15,29,143
23964,63,15,29,143
23965,63,15,29,143
23966,63,15,29,143
23967,63,15,29,143
23968,63,15,29,143
23969,63,15,29,143
23970,63,15,29,143
23971,63,15,29,143
23972,63,15,29,143
23973,63,15,29,143
23974,63,15,29,143
23975,63,15,29,143
23976,63,15,29,143
23977,63,15,29,143
23978,63,15,29,143
23979,63,15,29,143
23980,63,15,29,143
23981,63,15,29,143
23982,63,15,29,143
23983,63,15,29,143
23984,63,15,29,143
23985,63,15,29,143
23986,63,15,29,143
23987,63,15,29,143
23988,63,15,29,143
23989,63,15,29,143
23990,63,15,29,143
23991,63,15,29,143
23992,63,15,29,143
23993,63,15,29,143
23994,63,15,29,143
23995,63,15,29,143
23996,63,15,29,143
23997,63,15,29,143
23998,63,15,29,143
23999,63,15,29,143
24000,63,15,29,143
24001,63,15,29,143
24002,63,15,29,143
24003,63,15,29,143
24004,63,15,29,143
24005,63,15,29,143
24006,63,15,29,143
24007,63,15,29,143
24008,63,15,29,143
24009,63,15,29,143
24010,63,15,29,143
24011,63,15,29,143
24012,63,15,29,143
24013,63,15,29,143
24014,63,15,29,143
24015,63,15,29,143
24016,63,15,29,143
24017,63,15,29,143
24018,63,15,29,143
24019,63,15,29,143
24020,63,15,29,143
24021,63,15,29,143
24022,63,15,29,143
24023,63,15,29,143
24024,63,15,29,143
24025,63,15,29,143
24026,63,15,29,143
24027,63,15,29,143
24028,63,15,29,143
24029,63,15,29,143
24030,63,15,29,143
24031,63,15,29,143
24032,63,15,29,143
24033,63,15,29,143
24034,63,15,29,143
24035,63,15,29,143
24036,63,15,29,143
24037,63,15,29,143
24038,63,15,29,143
24039,63,15,29,143
24040,63,15,29,143
24041,63,15,29,143
24042,63,15,29,143
24043,63,15,29,143
24044,63,15,29,143
24045,63,15,29,143
24046,63,15,29,143
24047,63,15,29,143
24048,63,15,29,143
24049,63,15,29,143
24050,63,15,29,143
24051,63,15,29,143
24052,63,15,29,143
24053,63,15,29,143
24054,63,15,29,143
24055,63,15,29,143
24056,63,15,29,143
24057,63,15,29,143
24058,63,15,29,143
24059,63,15,29,143
24060,63,15,29,143
24061,63,15,29,143
24062,63,15,29,143
24063,63,15,29,143
24064,63,15,29,143
24065,63,15,29,143
24066,63,15,29,143
24067,63,15,29,143
24068,63,15,29,143
24069,63,15,29,143
24070,63,15,29,143
24071,63,15,29,143
24072,63,15,29,143
24073,63,15,29,143
24074,63,15,29,143
24075,63,15,29,143
24076,63,15,29,143
24077,63,15,29,143
24078,63,15,29,143
24079,63,15,29,143
24080,63,15,29,143
24081,63,15,29,143
24082,63,15,29,143
24083,63,15,29,143
24084,63,15,29,143
24085,63,15,29,143
24086,63,15,29,143
24087,63,15,29,143
24088,63,15,29,143
24089,63,15,29,143
24090,63,15,29,143
24091,63,15,29,143
24092,63,15,29,143
24093,63,15,29,143
24094,63,15,29,143
24095,63,15,29,143
24096,63,15,29,143
24097,63,15,29,143
24098,63,15,29,143
24099,63,15,29,143
24100,63,15,29,143
24101,63,15,29,143
24102,63,15,29,143
24103,63,15,29,143
24104,63,15,29,143
24105,63,15,29,143
24106,63,15,29,143
24107,63,15,29,143
24108,63,15,29,143
24109,63,15,29,143
24110,63,15,29,143
24111,63,15,29,143
24112,63,15,29,143
24113,63,15,29,143
24114,63,15,29,143
24115,63,15,29,143
24116,63,15,29,143
24117,63,15,29,143
24118,63,15,29,143
24119,63,15,29,143
24120,63,15,29,143
24121,63,15,29,143
24122,63,15,29,143
24123,63,15,29,143
24124,63,15,29,143
24125,63,15,29,143
24126,63,15,29,144
24127,63,15,29,144
24128,63,15,29,144
24129,63,15,29,144
24130,63,15,29,144
24131,63,15,29,144
24132,63,15,29,144
24133,63,15,29,144
24134,63,15,29,144
24135,63,15,29,144
24136,63,15,29,144
24137,63,15,29,144
24138,63,15,29,144
24139,63,15,29,144
24140,63,15,29,144
24141,63,15,29,144
24142,63,15,29,144
24143,63,15,29,144
24144,63,15,29,144
24145,63,15,29,144
24146,63,15,29,144
24147,63,15,29,144
24148,63,15,29,144
24149,63,15,29,144
24150,63,15,29,144
24151,63,15,29,144
24152,63,15,29,144
24153,63,15,29,144
24154,63,15,29,144
24155,63,15,29,144
24156,63,15,29,144
24157,63,15,29,144
24158,63,15,29,144
24159,63,15,29,144
24160,63,15,29,144
24161,63,15,29,144
24162,63,15,29,144
24163,63,15,29,144
24164,63,15,29,144
24165,63,15,29,144
24166,63,15,29,144
24167,63,15,29,144
24168,63,15,29,144
24169,63,15,29,144
24170,63,15,29,144
24171,63,15,29,144
24172,63,15,29,144
24173,63,15,29,144
24174,63,15,29,144
24175,63,15,29,144
24176,63,15,29,144
24177,63,15,29,144
24178,63,15,29,144
24179,63,15,29,144
24180,63,15,29,144
24181,63,15,29,144
24182,63,15,29,144
24183,63,15,29,144
24184,63,15,29,144
24185,63,15,29,144
24186,63,15,29,144
24187,63,15,29,144
24188,63,15,29,144
24189,63,15,29,144
24190,63,15,29,144
24191,63,15,29,144
24192,63,15,29,144
24193,63,15,29,144
24194,63,15,29,144
24195,63,15,29,144
24196,63,15,29,144
24197,63,15,29,144
24198,63,15,29,144
24199,63,15,29,144
24200,63,15,29,144
24201,63,15,29,144
24202,63,15,29,144
24203,63,15,29,144
24204,63,15,29,144
24205,63,15,29,144
24206,63,15,29,144
24207,63,15,29,144
24208,63,15,29,144
24209,63,15,29,144
24210,63,15,29,144
24211,63,15,29,144
24212,63,15,29,144
24213,63,15,29,144
24214,63,15,29,144
24215,63,15,29,144
24216,63,15,29,144
24217,63,15,29,144
24218,63,15,29,144
24219,63,15,29,144
24220,63,15,29,144
24221,63,15,29,144
24222,63,15,29,144
24223,63,15,29,144
24224,63,15,29,144
24225,63,15,29,144
24226,63,15,29,144
24227,63,15,29,144
24228,63,15,29,144
24229,63,15,29,144
24230,63,15,29,144
24231,63,15,29,144
24232,63,15,29,144
24233,63,15,29,144
24234,63,15,29,144
24235,63,15,29,144
24236,63,15,29,144
24237,63,15,29,144
24238,63,15,29,144
24239,63,15,29,144
24240,63,15,29,144
24241,63,15,29,144
24242,63,15,29,144
24243,63,15,29,144
24244,63,15,29,144
24245,63,15,29,144
24246,63,15,29,144
24247,63,15,29,144
24248,63,15,29,144
24249,63,15,29,144
24250,63,15,29,144
24251,63,15,29,144
24252,63,15,29,144
24253,63,15,29,144
24254,63,15,29,144
24255,63,15,29,144
24256,63,15,29,144
24257,63,15,29,144
24258,63,15,29,144
24259,63,15,29,144
24260,63,15,29,144
24261,63,15,29,144
24262,63,15,29,144
24263,63,15,29,144
24264,63,15,29,144
24265,63,15,29,144
24266,63,15,29,144
24267,63,15,29,144
24268,63,15,29,144
24269,63,15,29,144
24270,63,15,29,144
24271,63,15,29,144
24272,63,15,29,144
24273,63,15,29,144
24274,63,15,29,144
24275,63,15,29,144
24276,63,15,29,144
24277,63,15,29,144
24278,63,15,29,144
24279,63,15,29,144
24280,63,15,29,144
24281,63,15,29,144
24282,63,15,29,144
24283,63,15,29,144
24284,63,15,29,144
24285,63,15,29,144
24286,63,15,29,144
24287,63,15,29,144
24288,63,15,29,144
24289,63,15,29,144
24290,63,15,29,144
24291,63,15,29,144
24292,63,15,29,144
24293,63,15,29,144
24294,63,15,29,144
24295,63,15,29,144
24296,63,15,29,144
24297,63,15,29,144
24298,63,15,29,144
24299,63,15,29,144
24300,63,15,29,144
24301,63,15,29,144
24302,63,15,29,144
24303,63,15,29,144
24304,63,15,29,144
24305,63,15,29,144
24306,63,15,29,144
24307,63,15,29,144
24308,63,15,29,144
24309,63,15,29,144
24310,63,15,29,144
24311,63,15,29,144
24312,63,15,29,144
24313,63,15,29,144
24314,63,15,29,144
24315,63,15,29,144
24316,63,15,29,144
24317,63,15,29,144
24318,63,15,29,144
24319,63,15,29,144
24320,63,15,29,144
24321,63,15,29,144
24322,63,15,29,144
24323,63,15,29,144
24324,63,15,29,144
24325,63,15,29,144
24326,63,15,29,144
24327,63,15,29,144
24328,63,15,29,144
24329,63,15,29,144
24330,63,15,29,144
24331,63,15,29,144
24332,63,15,29,144
24333,63,15,29,144
24334,63,15,29,144
24335,63,15,29,144
24336,63,15,29,144
24337,63,15,29,144
24338,63,15,29,144
24339,63,15,29,144
24340,63,15,29,144
24341,63,15,29,144
24342,63,15,29,144
24343,63,15,29,144
24344,63,15,29,144
24345,63,15,29,144
24346,63,15,29,144
24347,63,15,29,144
24348,63,15,29,144
24349,63,15,29,144
24350,63,15,29,144
24351,63,15,29,144
24352,63,15,29,144
24353,63,15,29,144
24354,63,15,29,144
24355,63,15,29,144
24356,63,15,29,144
24357,63,15,29,144
24358,63,15,29,144
24359,63,15,29,144
24360,63,15,29,144
24361,63,15,29,144
24362,63,15,29,144
24363,63,15,29,144
24364,63,15,29,144
24365,63,15,29,144
24366,63,15,29,144
24367,63,15,29,144
24368,63,15,29,144
24369,63,15,29,144
24370,63,15,29,144
24371,63,15,29,144
24372,63,15,29,144
24373,63,15,29,144
24374,63,15,29,144
24375,63,15,29,144
24376,63,15,29,144
24377,63,15,29,144
24378,63,15,29,144
24379,63,15,29,144
24380,63,15,29,144
24381,63,15,29,144
24382,63,15,29,144
24383,63,15,29,144
24384,63,15,29,144
24385,63,15,29,144
24386,63,15,29,144
24387,63,15,29,144
24388,63,15,29,144
24389,63,15,29,144
24390,63,15,29,144
24391,63,15,29,144
24392,63,15,29,144
24393,63,15,29,144
24394,63,15,29,144
24395,63,15,29,144
24396,63,15,29,144
24397,63,15,29,144
24398,63,15,29,144
24399,63,15,29,144
24400,63,15,29,144
24401,63,15,29,144
24402,63,15,29,144
24403,63,15,29,144
24404,63,15,29,144
24405,63,15,29,144
24406,63,15,29,144
24407,63,15,29,144
24408,63,15,29,144
24409,63,15,29,144
24410,63,15,29,144
24411,63,15,29,144
24412,63,15,29,144
24413,63,15,29,144
24414,63,15,29,144
24415,63,15,29,144
24416,63,15,29,144
24417,63,15,29,144
24418,63,15,29,144
24419,63,15,29,144
24420,63,15,29,144
24421,63,15,29,144
24422,63,15,29,144
24423,63,15,29,144
24424,63,15,29,144
24425,63,15,29,144
24426,63,15,29,144
24427,63,15,29,144
24428,63,15,29,144
24429,63,15,29,144
24430,63,15,29,144
24431,63,15,29,144
24432,63,15,29,144
24433,63,15,29,144
24434,63,15,29,144
24435,63,15,29,144
24436,63,15,29,144
24437,63,15,29,144
24438,63,15,29,144
24439,63,15,29,144
24440,63,15,29,144
24441,63,15,29,144
24442,63,15,29,144
24443,63,15,29,144
24444,63,15,29,144
24445,63,15,29,144
24446,63,15,29,144
24447,63,15,29,144
24448,63,15,29,144
24449,63,15,29,144
24450,63,15,29,144
24451,63,15,29,144
24452,63,15,29,144
24453,63,15,29,144
24454,63,15,29,144
24455,63,15,29,144
24456,63,15,29,144
24457,63,15,29,144
24458,63,15,29,144
24459,63,15,29,144
24460,63,15,29,144
24461,63,15,29,144
24462,63,15,29,144
24463,63,15,29,144
24464,63,15,29,144
24465,63,15,29,144
24466,63,15,29,144
24467,63,15,29,144
24468,63,15,29,144
24469,63,15,29,144
24470,63,15,29,144
24471,63,15,29,144
24472,63,15,29,145
24473,63,15,29,145
24474,63,15,29,145
24475,63,15,29,145
24476,63,15,29,145
24477,63,15,29,145
24478,63,15,29,145
24479,63,15,29,145
24480,63,15,29,145
24481,63,15,29,145
24482,63,15,29,145
24483,63,15,29,145
24484,63,15,29,145
24485,63,15,29,145
24486,63,15,29,145
24487,63,15,29,145
24488,63,15,29,145
24489,63,15,29,145
24490,63,15,29,145
24491,63,15,29,145
24492,63,15,29,145
24493,63,15,29,145
24494,63,15,29,145
24495,63,15,29,145
24496,63,15,29,145
24497,63,15,29,145
24498,63,15,29,145
24499,63,15,29,145
24500,63,15,29,145
24501,63,15,29,145
24502,63,15,29,145
24503,63,15,29,145
24504,63,15,29,145
24505,63,15,29,145
24506,63,15,29,145
24507,63,15,29,145
24508,63,15,29,145
24509,63,15,29,145
24510,63,15,29,145
24511,63,15,29,145
24512,63,15,29,145
24513,63,15,29,145
24514,63,15,29,145
24515,63,15,29,145
24516,63,15,29,145
24517,63,15,29,145
24518,63,15,29,145
24519,63,15,29,145
24520,63,15,29,145
24521,63,15,29,145
24522,63,15,29,145
24523,63,15,29,145
24524,63,15,29,145
24525,63,15,29,145
24526,63,15,29,145
24527,63,15,29,145
24528,63,15,29,145
24529,63,15,29,145
24530,63,15,29,145
24531,63,15,29,145
24532,63,15,29,145
24533,63,15,29,145
24534,63,15,29,145
24535,63,15,29,145
24536,63,15,29,145
24537,63,15,29,145
24538,63,15,29,145
24539,63,15,29,145
24540,63,15,29,145
24541,63,15,29,145
24542,63,15,29,145
24543,63,15,29,145
24544,63,15,29,145
24545,63,15,29,145
24546,63,15,29,145
24547,63,15,29,145
24548,63,15,29,145
24549,63,15,29,145
24550,63,15,29,145
24551,63,15,29,145
24552,63,15,29,145
24553,63,15,29,145
24554,63,15,29,145
24555,63,15,29,145
24556,63,15,29,145
24557,63,15,29,145
24558,63,15,29,145
24559,63,15,29,145
24560,63,15,29,145
24561,63,15,29,145
24562,63,15,29,145
24563,63,15,29,145
24564,63,15,29,145
24565,63,15,29,145
24566,63,15,29,145
24567,63,15,29,145
24568,63,15,29,145
24569,63,15,29,145
24570,63,15,29,145
24571,63,15,29,145
24572,63,15,29,145
24573,63,15,29,145
24574,63,15,29,145
24575,63,15,29,145
24576,63,15,29,145
24577,63,15,29,145
24578,63,15,29,145
24579,63,15,29,145
24580,63,15,29,145
24581,63,15,29,145
24582,63,15,29,145
24583,63,15,29,145
24584,63,15,29,145
24585,63,15,29,145
24586,63,15,29,145
24587,63,15,29,145
24588,63,15,29,145
24589,63,15,29,145
24590,63,15,29,145
24591,63,15,29,145
24592,63,15,29,145
24593,63,15,29,145
24594,63,15,29,145
24595,63,15,29,145
24596,63,15,29,145
24597,63,15,29,145
24598,63,15,29,145
24599,63,15,29,145
24600,63,15,29,145
24601,63,15,29,145
24602,63,15,29,145
24603,63,15,29,145
24604,63,15,29,145
24605,63,15,29,145
24606,63,15,29,145
24607,63,15,29,145
24608,63,15,29,145
24609,63,15,29,145
24610,63,15,29,145
24611,63,15,29,145
24612,63,15,29,145
24613,63,15,29,145
24614,63,15,29,145
24615,63,15,29,145
24616,63,15,29,145
24617,63,15,29,145
24618,63,15,29,145
24619,63,15,29,145
24620,63,15,29,145
24621,63,15,29,145
24622,63,15,29,145
24623,63,15,29,145
24624,63,15,29,145
24625,63,15,29,145
24626,63,15,29,145
24627,63,15,29,145
24628,63,15,29,145
24629,63,15,29,145
24630,63,15,29,145
24631,63,15,29,145
24632,63,15,29,145
24633,63,15,29,145
24634,63,15,29,145
24635,63,15,29,145
24636,63,15,29,145
24637,63,15,29,145
24638,63,15,29,145
24639,63,15,29,145
24640,63,15,29,145
24641,63,15,29,145
24642,63,15,29,145
24643,63,15,29,145
24644,63,15,29,145
24645,63,15,29,145
24646,63,15,29,145
24647,63,15,29,145
24648,63,15,29,145
24649,63,15,29,145
24650,63,15,29,145
24651,63,15,29,145
24652,63,15,29,145
24653,63,15,29,145
24654,63,15,29,145
24655,63,15,29,145
24656,63,15,29,145
24657,63,15,29,145
24658,63,15,29,145
24659,63,15,29,145
24660,63,15,29,145
24661,63,15,29,145
24662,63,15,29,145
24663,63,15,29,145
24664,63,15,29,145
24665,63,15,29,145
24666,63,15,29,145
24667,63,15,29,145
24668,63,15,29,145
24669,63,15,29,145
24670,63,15,29,145
24671,63,15,29,145
24672,63,15,29,145
24673,63,15,29,145
24674,63,15,29,145
24675,63,15,29,145
24676,63,15,29,145
24677,63,15,29,145
24678,63,15,29,145
24679,63,15,29,145
24680,63,15,29,145
24681,63,15,29,145
24682,63,15,29,145
24683,63,15,29,145
24684,63,15,29,145
24685,63,15,29,145
24686,63,15,29,145
24687,63,15,29,145
24688,63,15,29,145
24689,63,15,29,145
24690,63,15,29,145
24691,63,15,29,145
24692,63,15,29,145
24693,63,15,29,145
24694,63,15,29,145
24695,63,15,29,145
24696,63,15,29,145
24697,63,15,29,145
24698,63,15,29,145
24699,63,15,29,145
24700,63,15,29,145
24701,63,15,29,145
24702,63,15,29,145
24703,63,15,29,145
24704,63,15,29,145
24705,63,15,29,145
24706,63,15,29,145
24707,63,15,29,145
24708,63,15,29,145
24709,63,15,29,145
24710,63,15,29,145
24711,63,15,29,145
24712,63,15,29,145
24713,63,15,29,145
24714,63,15,29,145
24715,63,15,29,145
24716,63,15,29,145
24717,63,15,29,145
24718,63,15,29,145
24719,63,15,29,145
24720,63,15,29,145
24721,63,15,29,145
24722,63,15,29,145
24723,63,15,29,145
24724,63,15,29,145
24725,63,15,29,145
24726,63,15,29,145
24727,63,15,29,145
24728,63,15,29,145
24729,63,15,29,145
24730,63,15,29,145
24731,63,15,29,145
24732,63,15,29,145
24733,63,15,29,145
24734,63,15,29,145
24735,63,15,29,145
24736,63,15,29,145
24737,63,15,29,145
24738,63,15,29,145
24739,63,15,29,145
24740,63,15,29,145
24741,63,15,29,145
24742,63,15,29,145
24743,63,15,29,145
24744,63,15,29,145
24745,63,15,29,145
24746,63,15,29,145
24747,63,15,29,145
24748,63,15,29,145
24749,63,15,29,145
24750,63,15,29,145
24751,63,15,29,145
24752,63,15,29,145
24753,63,15,29,145
24754,63,15,29,145
24755,63,15,29,145
24756,63,15,29,145
24757,63,15,29,145
24758,63,15,29,145
24759,63,15,29,145
24760,63,15,29,145
24761,63,15,29,145
24762,63,15,29,145
24763,63,15,29,145
24764,63,15,29,145
24765,63,15,29,145
24766,63,15,29,145
24767,63,15,29,145
24768,63,15,29,145
24769,63,15,29,145
24770,63,15,29,145
24771,63,15,29,145
24772,63,15,29,145
24773,63,15,29,145
24774,63,15,29,145
24775,63,15,29,145
24776,63,15,29,145
24777,63,15,29,145
24778,63,15,29,145
24779,63,15,29,145
24780,63,15,29,145
24781,63,15,29,145
24782,63,15,29,145
24783,63,15,29,145
24784,63,15,29,145
24785,63,15,29,145
24786,63,15,29,145
24787,63,15,29,145
24788,63,15,29,145
24789,63,15,29,145
24790,63,15,29,145
24791,63,15,29,145
24792,63,15,29,145
24793,63,15,29,145
24794,63,15,29,145
24795,63,15,29,145
24796,63,15,29,145
24797,63,15,29,145
24798,63,15,29,145
24799,63,15,29,145
24800,63,15,29,145
24801,63,15,29,145
24802,63,15,29,145
24803,63,15,29,145
24804,63,15,29,145
24805,63,15,29,145
24806,63,15,29,145
24807,63,15,29,145
24808,63,15,29,145
24809,63,15,29,145
24810,63,15,29,145
24811,63,15,29,145
24812,63,15,29,145
24813,63,15,29,145
24814,63,15,29,145
24815,63,15,29,145
24816,63,15,29,145
24817,63,15,29,145
24818,63,15,29,145
24819,63,15,29,145
24820,63,15,29,145
24821,63,15,29,145
24822,63,15,29,145
24823,63,15,29,145
24824,63,15,29,145
24825,63,15,29,145
24826,63,15,29,145
24827,63,15,29,145
24828,63,15,29,145
24829,63,15,29,145
24830,63,15,29,145
24831,63,15,29,145
24832,63,15,29,145
24833,63,15,29,145
24834,63,15,29,145
24835,63,15,29,145
24836,63,15,29,145
24837,63,15,29,145
24838,63,15,29,145
24839,63,15,29,145
24840,63,15,29,145
24841,63,15,29,145
24842,63,15,29,145
24843,63,15,29,145
24844,63,15,29,145
24845,63,15,29,145
24846,63,15,29,145
24847,63,15,29,145
24848,63,15,29,145
24849,63,15,29,145
24850,63,15,29,145
24851,63,15,29,145
24852,63,15,29,145
24853,63,15,29,145
24854,63,15,29,145
24855,63,15,29,145
24856,63,15,29,145
24857,63,15,29,145
24858,63,15,29,145
24859,63,15,29,145
24860,63,15,29,145
24861,63,15,29,145
24862,63,15,29,145
24863,63,15,29,145
24864,63,15,29,145
24865,63,15,29,145
24866,63,15,29,145
24867,63,15,29,145
24868,63,15,29,145
24869,63,15,29,145
24870,63,15,29,145
24871,63,15,29,145
24872,63,15,29,145
24873,63,15,29,145
24874,63,15,29,145
24875,63,15,29,145
24876,63,15,29,145
24877,63,15,29,145
24878,63,15,29,145
24879,63,15,29,145
24880,63,15,29,145
24881,63,15,29,145
24882,63,15,29,145
24883,63,15,29,145
24884,63,15,29,145
24885,63,15,29,145
24886,63,15,29,145
24887,63,15,29,145
24888,63,15,29,145
24889,63,15,29,145
24890,63,15,29,145
24891,63,15,29,145
24892,63,15,29,145
24893,63,15,29,145
24894,63,15,29,145
24895,63,15,29,145
24896,63,15,29,145
24897,63,15,29,145
24898,63,15,29,145
24899,63,15,29,145
24900,63,15,29,145
24901,63,15,29,145
24902,63,15,29,145
24903,63,15,29,145
24904,63,15,29,145
24905,63,15,29,145
24906,63,15,29,145
24907,63,15,29,145
24908,63,15,29,145
24909,63,15,29,145
24910,63,15,29,145
24911,63,15,29,145
24912,63,15,29,145
24913,63,15,29,145
24914,63,15,29,145
24915,63,15,29,145
24916,63,15,29,145
24917,63,15,29,145
24918,63,15,29,145
24919,63,15,29,145
24920,63,15,29,145
24921,63,15,29,145
24922,63,15,29,145
24923,63,15,29,145
24924,63,15,29,145
24925,63,15,29,145
24926,63,15,29,145
24927,63,15,29,145
24928,63,15,29,145
24929,63,15,29,145
24930,63,15,29,145
24931,63,15,29,145
24932,63,15,29,145
24933,63,15,29,145
24934,63,15,29,145
24935,63,15,29,145
24936,63,15,29,145
24937,63,15,29,145
24938,63,15,29,145
24939,63,15,29,145
24940,63,15,29,145
24941,63,15,29,145
24942,63,15,29,145
24943,63,15,29,145
24944,63,15,29,145
24945,63,15,29,145
24946,63,15,29,145
24947,63,15,29,145
24948,63,15,29,145
24949,63,15,29,145
24950,63,15,29,145
24951,63,15,29,145
24952,63,15,29,145
24953,63,15,29,145
24954,63,15,29,145
24955,63,15,29,145
24956,63,15,29,145
24957,63,15,29,145
24958,63,15,29,145
24959,63,15,29,145
24960,63,15,29,145
24961,63,15,29,145
24962,63,15,29,145
24963,63,15,29,145
24964,63,15,29,145
24965,63,15,29,145
24966,63,15,29,145
24967,63,15,29,145
24968,63,15,29,145
24969,63,15,29,145
24970,63,15,29,145
24971,63,15,29,145
24972,63,15,29,145
24973,63,15,29,145
24974,63,15,29,145
24975,63,15,29,145
24976,63,15,29,145
24977,63,15,29,145
24978,63,15,29,145
24979,63,15,29,145
24980,63,15,29,145
24981,63,15,29,145
24982,63,15,29,145
24983,63,15,29,145
24984,63,15,29,145
24985,63,15,29,145
24986,63,15,29,145
24987,63,15,29,145
24988,63,15,29,145
24989,63,15,29,145
24990,63,15,29,145
24991,63,15,29,145
24992,63,15,29,145
24993,63,15,29,145
24994,63,15,29,145
24995,63,15,29,145
24996,63,15,29,145
24997,63,15,29,145
24998,63,15,29,145
24999,63,15,29,145
25000,63,15,29,145
