iteration,coverage,max_depth,corpus_size,crashes
0,41,14,6,0
1,32,14,6,0
2,32,14,6,0
3,33,14,7,0
4,33,14,7,0
5,34,14,8,0
6,35,14,9,0
7,36,14,10,0
8,37,14,11,0
9,37,14,11,0
10,37,14,11,0
11,37,14,11,0
12,37,14,11,0
13,38,14,12,0
14,38,14,12,0
15,38,14,12,0
16,38,14,12,0
17,38,14,12,0
18,38,14,12,0
19,38,14,12,0
20,38,14,12,0
21,38,14,12,0
22,38,14,12,0
23,38,14,12,0
24,38,14,12,0
25,38,14,12,0
26,39,14,13,0
27,39,14,13,0
28,39,14,13,0
29,39,14,13,0
30,39,14,13,0
31,39,14,13,0
32,39,14,13,0
33,39,14,13,0
34,39,14,13,0
35,39,14,13,0
36,39,14,13,0
37,39,14,13,0
38,39,14,13,0
39,39,14,13,0
40,39,14,13,0
41,39,14,13,0
42,39,14,13,0
43,39,14,13,0
44,39,14,13,0
45,39,14,13,0
46,39,14,13,0
47,39,14,13,0
48,39,14,13,0
49,39,14,13,0
50,39,14,13,0
51,39,14,13,0
52,39,14,13,0
53,39,14,13,0
54,39,14,13,0
55,39,14,13,0
56,39,14,13,0
57,39,14,13,0
58,39,14,13,0
59,39,14,13,0
60,39,14,13,0
61,39,14,13,0
62,40,14,14,0
63,40,14,14,0
64,40,14,14,0
65,40,14,14,0
66,40,14,14,0
67,40,14,14,0
68,40,14,14,0
69,40,14,14,0
70,40,14,14,0
71,40,14,14,0
72,40,14,14,0
73,40,14,14,0
74,40,14,14,0
75,40,14,14,0
76,40,14,14,0
77,40,14,14,0
78,40,14,14,0
79,40,14,14,0
80,40,14,14,0
81,40,14,14,0
82,40,14,14,0
83,40,14,14,0
84,40,14,14,0
85,40,14,14,0
86,40,14,14,0
87,40,14,14,0
88,40,14,14,0
89,40,14,14,0
90,40,14,14,0
91,40,14,14,0
92,40,14,14,0
93,40,14,14,0
94,40,14,14,0
95,40,14,14,0
96,40,14,14,0
97,40,14,14,0
98,40,14,14,0
99,40,14,14,0
100,40,14,14,0
101,40,14,14,0
102,40,14,14,0
103,40,14,14,0
104,40,14,14,0
105,40,14,14,0
106,40,14,14,0
107,40,14,14,0
108,40,14,14,0
109,40,14,14,0
110,40,14,14,0
111,40,14,14,0
112,40,14,14,0
113,40,14,14,0
114,40,14,14,0
115,40,14,14,0
116,40,14,14,0
117,42,14,15,0
118,42,14,15,0
119,42,14,15,0
120,42,14,15,0
121,42,14,15,0
122,42,14,15,0
123,42,14,15,0
124,42,14,15,0
125,42,14,15,0
126,42,14,15,0
127,42,14,15,0
128,42,14,15,0
129,42,14,15,0
130,42,14,15,0
131,42,14,15,0
132,42,14,15,0
133,42,14,15,0
134,42,14,15,0
135,42,14,15,0
136,42,14,15,0
137,42,14,15,0
138,42,14,15,0
139,42,14,15,0
140,42,14,15,0
141,42,14,15,0
142,42,14,15,0
143,42,14,15,0
144,42,14,15,0
145,42,14,15,0
146,42,14,15,0
147,42,14,15,0
148,42,14,15,0
149,42,14,15,0
150,42,14,15,0
151,42,14,15,0
152,42,14,15,0
153,42,14,15,0
154,42,14,15,0
155,42,14,15,0
156,42,14,15,0
157,42,14,15,0
158,42,14,15,0
159,42,14,15,0
160,42,14,15,0
161,42,14,15,0
162,42,14,15,0
163,42,14,15,0
164,42,14,15,0
165,42,14,15,0
166,42,14,15,0
167,42,14,15,0
168,42,14,15,0
169,42,14,15,0
170,42,14,15,0
171,42,14,15,0
172,42,14,15,0
173,42,14,15,0
174,42,14,15,0
175,42,14,15,0
176,42,14,15,0
177,42,14,15,0
178,42,14,15,0
179,42,14,15,0
180,42,14,15,0
181,42,14,15,0
182,42,14,15,0
183,42,14,15,0
184,42,14,15,0
185,42,14,15,0
186,42,14,15,0
187,42,14,15,0
188,42,14,15,0
189,42,14,15,0
190,42,14,15,0
191,42,14,15,0
192,42,14,15,0
193,42,14,15,0
194,42,14,15,0
195,42,14,15,0
196,42,14,15,0
197,42,14,15,0
198,42,14,15,0
199,42,14,15,0
200,42,14,15,0
201,42,14,15,0
202,42,14,15,0
203,42,14,15,0
204,42,14,15,0
205,42,14,15,0
206,42,14,15,0
207,42,14,15,0
208,42,14,15,0
209,42,14,15,0
210,42,14,15,0
211,42,14,15,0
212,42,14,15,0
213,42,14,15,0
214,42,14,15,0
215,42,14,15,0
216,42,14,15,0
217,42,14,15,0
218,42,14,15,0
219,42,14,15,0
220,42,14,15,0
221,42,14,15,0
222,42,14,15,0
223,44,14,16,0
224,44,14,16,0
225,44,14,16,0
226,44,14,16,0
227,44,14,16,0
228,44,14,16,0
229,44,14,16,0
230,44,14,16,0
231,44,14,16,0
232,44,14,16,0
233,44,14,16,0
234,44,14,16,0
235,44,14,16,0
236,44,14,16,0
237,44,14,16,0
238,44,14,16,0
239,44,14,16,0
240,44,14,16,0
241,44,14,16,0
242,44,14,16,0
243,44,14,16,0
244,44,14,16,0
245,44,14,16,0
246,44,14,16,0
247,44,14,16,0
248,44,14,16,0
249,44,14,16,0
250,44,14,16,0
251,44,14,16,0
252,44,14,16,0
253,44,14,16,0
254,44,14,16,0
255,44,14,16,0
256,44,14,16,0
257,44,14,16,0
258,44,14,16,0
259,44,14,16,0
260,44,14,16,0
261,44,14,16,0
262,44,14,16,0
263,44,14,16,0
264,44,14,16,0
265,44,14,16,0
266,44,14,16,0
267,44,14,16,0
268,44,14,16,0
269,44,14,16,0
270,44,14,16,0
271,44,14,16,0
272,44,14,16,0
273,44,14,16,0
274,44,14,16,0
275,44,14,16,0
276,44,14,16,0
277,44,14,16,0
278,44,14,16,0
279,44,14,16,0
280,44,14,16,0
281,44,14,16,0
282,44,14,16,0
283,44,14,16,0
284,44,14,16,0
285,44,14,16,0
286,44,14,16,0
287,44,14,16,0
288,44,14,16,0
289,44,14,16,0
290,44,14,16,0
291,44,14,16,0
292,44,14,16,0
293,44,14,16,0
294,44,14,16,0
295,44,14,16,0
296,44,14,16,0
297,44,14,16,0
298,44,14,16,0
299,44,14,16,0
300,44,14,16,0
301,44,14,16,0
302,44,14,16,0
303,44,14,16,0
304,44,14,16,0
305,44,14,16,0
306,44,14,16,0
307,44,14,16,0
308,45,14,17,0
309,45,14,17,0
310,45,14,17,0
311,45,14,17,0
312,45,14,17,0
313,45,14,17,0
314,45,14,17,0
315,45,14,17,0
316,45,14,17,0
317,45,14,17,0
318,45,14,17,0
319,45,14,17,0
320,45,14,17,0
321,45,14,17,0
322,45,14,17,0
323,45,14,17,0
324,45,14,17,0
325,45,14,17,0
326,45,14,17,0
327,45,14,17,0
328,45,14,17,0
329,45,14,17,0
330,46,14,18,0
331,46,14,18,0
332,46,14,18,0
333,46,14,18,0
334,46,14,18,0
335,46,14,18,0
336,46,14,18,0
337,46,14,18,0
338,46,14,18,0
339,46,14,18,0
340,46,14,18,0
341,46,14,18,0
342,46,14,18,0
343,46,14,18,0
344,46,14,18,0
345,46,14,18,0
346,46,14,18,0
347,46,14,18,0
348,46,14,18,0
349,46,14,18,0
350,46,14,18,0
351,46,14,18,0
352,46,14,18,0
353,46,14,18,0
354,46,14,18,0
355,46,14,18,0
356,46,14,18,0
357,46,14,18,0
358,46,14,18,0
359,46,14,18,0
360,46,14,18,0
361,46,14,18,0
362,46,14,18,0
363,46,14,18,0
364,46,14,18,0
365,46,14,18,0
366,46,14,18,0
367,46,14,18,0
368,46,14,18,0
369,46,14,18,0
370,46,14,18,0
371,46,14,18,0
372,46,14,18,0
373,46,14,18,0
374,46,14,18,0
375,46,14,18,0
376,46,14,18,0
377,46,14,18,0
378,46,14,18,0
379,46,14,18,0
380,46,14,18,0
381,46,14,18,0
382,46,14,18,0
383,46,14,18,0
384,46,14,18,0
385,46,14,18,0
386,46,14,18,0
387,46,14,18,0
388,46,14,18,0
389,46,14,18,0
390,46,14,18,0
391,46,14,18,0
392,46,14,18,0
393,46,14,18,0
394,46,14,18,0
395,46,14,18,0
396,46,14,18,0
397,46,14,18,0
398,46,14,18,0
399,46,14,18,0
400,46,14,18,0
401,46,14,18,0
402,46,14,18,0
403,46,14,18,0
404,46,14,18,0
405,46,14,18,0
406,46,14,18,0
407,46,14,18,0
408,46,14,18,0
409,46,14,18,0
410,46,14,18,0
411,46,14,18,0
412,46,14,18,0
413,46,14,18,0
414,46,14,18,0
415,46,14,18,0
416,46,14,18,0
417,46,14,18,0
418,46,14,18,0
419,46,14,18,0
420,46,14,18,0
421,46,14,18,0
422,46,14,18,0
423,46,14,18,0
424,46,14,18,0
425,46,14,18,0
426,46,14,18,0
427,46,14,18,0
428,46,14,18,0
429,46,14,18,0
430,46,14,18,0
431,46,14,18,0
432,46,14,18,0
433,46,14,18,0
434,46,14,18,0
435,46,14,18,0
436,46,14,18,0
437,46,14,18,0
438,46,14,18,0
439,46,14,18,0
440,46,14,18,0
441,46,14,18,0
442,46,14,18,0
443,46,14,18,0
444,46,14,18,0
445,46,14,18,0
446,46,14,18,0
447,46,14,18,0
448,46,14,18,0
449,46,14,18,0
450,46,14,18,0
451,46,14,18,0
452,46,14,18,0
453,46,14,18,0
454,46,14,18,0
455,46,14,18,0
456,46,14,18,0
457,46,14,18,0
458,46,14,18,0
459,46,14,18,0
460,46,14,18,0
461,46,14,18,0
462,46,14,18,0
463,46,14,18,0
464,46,14,18,0
465,46,14,18,0
466,46,14,18,0
467,46,14,18,0
468,46,14,18,0
469,46,14,18,0
470,46,14,18,0
471,46,14,18,0
472,46,14,18,0
473,46,14,18,0
474,46,14,18,0
475,46,14,18,0
476,46,14,18,0
477,46,14,18,0
478,46,14,18,0
479,46,14,18,0
480,46,14,18,0
481,46,14,18,0
482,46,14,18,0
483,46,14,18,0
484,46,14,18,0
485,46,14,18,0
486,46,14,18,0
487,46,14,18,0
488,46,14,18,0
489,46,14,18,0
490,46,14,18,0
491,46,14,18,0
492,46,14,18,0
493,46,14,18,0
494,46,14,18,0
495,46,14,18,0
496,46,14,18,0
497,46,14,18,0
498,46,14,18,0
499,46,14,18,0
500,46,14,18,0
501,46,14,18,0
502,46,14,18,0
503,46,14,18,0
504,46,14,18,0
505,46,14,18,0
506,46,14,18,0
507,46,14,18,0
508,46,14,18,0
509,46,14,18,0
510,46,14,18,0
511,46,14,18,0
512,46,14,18,0
513,46,14,18,0
514,46,14,18,0
515,47,14,19,0
516,47,14,19,0
517,47,14,19,0
518,47,14,19,0
519,47,14,19,0
520,47,14,19,0
521,47,14,19,0
522,47,14,19,0
523,47,14,19,0
524,47,14,19,0
525,47,14,19,0
526,47,14,19,0
527,47,14,19,0
528,47,14,19,0
529,47,14,19,0
530,47,14,19,0
531,47,14,19,0
532,47,14,19,0
533,47,14,19,0
534,47,14,19,0
535,47,14,19,0
536,47,14,19,0
537,47,14,19,0
538,47,14,19,0
539,47,14,19,0
540,47,14,19,0
541,47,14,19,0
542,47,14,19,0
543,47,14,19,0
544,47,14,19,0
545,47,14,19,0
546,47,14,19,0
547,47,14,19,0
548,47,14,19,0
549,47,14,19,0
550,47,14,19,0
551,47,14,19,0
552,47,14,19,0
553,47,14,19,0
554,47,14,19,0
555,47,14,19,0
556,47,14,19,0
557,47,14,19,0
558,47,14,19,0
559,47,14,19,0
560,47,14,19,0
561,47,14,19,0
562,47,14,19,0
563,47,14,19,0
564,47,14,19,0
565,47,14,19,0
566,47,14,19,0
567,47,14,19,0
568,47,14,19,0
569,47,14,19,0
570,47,14,19,0
571,47,14,19,0
572,47,14,19,0
573,47,14,19,0
574,47,14,19,0
575,47,14,19,0
576,47,14,19,0
577,47,14,19,0
578,47,14,19,0
579,47,14,19,0
580,47,14,19,0
581,47,14,19,0
582,47,14,19,0
583,47,14,19,0
584,47,14,19,0
585,47,14,19,0
586,47,14,19,0
587,47,14,19,0
588,47,14,19,0
589,47,14,19,0
590,47,14,19,0
591,47,14,19,0
592,47,14,19,0
593,47,14,19,0
594,47,14,19,0
595,47,14,19,0
596,47,14,19,0
597,47,14,19,0
598,47,14,19,0
599,47,14,19,0
600,47,14,19,0
601,47,14,19,0
602,47,14,19,0
603,47,14,19,0
604,47,14,19,0
605,47,14,19,0
606,47,14,19,0
607,47,14,19,0
608,47,14,19,0
609,47,14,19,0
610,47,14,19,0
611,47,14,19,0
612,47,14,19,0
613,47,14,19,0
614,47,14,19,0
615,47,14,19,0
616,47,14,19,0
617,47,14,19,0
618,47,14,19,0
619,47,14,19,0
620,47,14,19,0
621,47,14,19,0
622,47,14,19,0
623,47,14,19,0
624,47,14,19,0
625,47,14,19,0
626,47,14,19,0
627,47,14,19,0
628,47,14,19,0
629,47,14,19,0
630,47,14,19,0
631,47,14,19,0
632,47,14,19,0
633,47,14,19,0
634,47,14,19,0
635,47,14,19,0
636,47,14,19,0
637,47,14,19,0
638,47,14,19,0
639,47,14,19,0
640,47,14,19,0
641,47,14,19,0
642,47,14,19,0
643,47,14,19,0
644,47,14,19,0
645,47,14,19,0
646,47,14,19,0
647,47,14,19,0
648,47,14,19,0
649,47,14,19,0
650,47,14,19,0
651,47,14,19,0
652,47,14,19,0
653,47,14,19,0
654,47,14,19,0
655,47,14,19,0
656,47,14,19,0
657,47,14,19,0
658,47,14,19,0
659,47,14,19,0
660,47,14,19,0
661,47,14,19,0
662,47,14,19,0
663,47,14,19,0
664,47,14,19,0
665,47,14,19,0
666,47,14,19,0
667,47,14,19,0
668,47,14,19,0
669,47,14,19,0
670,47,14,19,0
671,47,14,19,0
672,47,14,19,0
673,47,14,19,0
674,47,14,19,0
675,47,14,19,0
676,47,14,19,0
677,48,14,20,0
678,48,14,20,0
679,48,14,20,0
680,48,14,20,0
681,48,14,20,0
682,48,14,20,0
683,48,14,20,0
684,48,14,20,0
685,48,14,20,0
686,48,14,20,0
687,48,14,20,0
688,48,14,20,0
689,48,14,20,0
690,48,14,20,0
691,48,14,20,0
692,48,14,20,0
693,48,14,20,0
694,48,14,20,0
695,48,14,20,0
696,48,14,20,0
697,48,14,20,0
698,48,14,20,0
699,48,14,20,0
700,48,14,20,0
701,48,14,20,0
702,48,14,20,0
703,48,14,20,0
704,48,14,20,0
705,48,14,20,0
706,48,14,20,0
707,48,14,20,0
708,48,14,20,0
709,48,14,20,0
710,48,14,20,0
711,48,14,20,0
712,48,14,20,0
713,48,14,20,0
714,48,14,20,0
715,48,14,20,0
716,48,14,20,0
717,48,14,20,0
718,48,14,20,0
719,48,14,20,0
720,48,14,20,0
721,48,14,20,0
722,48,14,20,0
723,48,14,20,0
724,48,14,20,0
725,48,14,20,0
726,48,14,20,0
727,48,14,20,0
728,48,14,20,0
729,48,14,20,0
730,48,14,20,0
731,48,14,20,0
732,48,14,20,0
733,48,14,20,0
734,48,14,20,0
735,48,14,20,0
736,48,14,20,0
737,48,14,20,0
738,48,14,20,0
739,48,14,20,0
740,48,14,20,0
741,48,14,20,0
742,48,14,20,0
743,48,14,20,0
744,48,14,20,0
745,48,14,20,0
746,48,14,20,0
747,48,14,20,0
748,48,14,20,0
749,48,14,20,0
750,48,14,20,0
751,48,14,20,0
752,48,14,20,0
753,48,14,20,0
754,48,14,20,0
755,48,14,20,0
756,48,14,20,0
757,48,14,20,0
758,48,14,20,0
759,48,14,20,0
760,48,14,20,0
761,48,14,20,0
762,48,14,20,0
763,48,14,20,0
764,48,14,20,0
765,48,14,20,0
766,48,14,20,0
767,48,14,20,0
768,48,14,20,0
769,48,14,20,0
770,48,14,20,0
771,48,14,20,0
772,48,14,20,0
773,48,14,20,0
774,48,14,20,0
775,48,14,20,0
776,48,14,20,0
777,48,14,20,0
778,48,14,20,0
779,48,14,20,0
780,48,14,20,0
781,48,14,20,0
782,48,14,20,0
783,48,14,20,0
784,48,14,20,0
785,48,14,20,0
786,48,14,20,0
787,48,14,20,0
788,48,14,20,0
789,48,14,20,0
790,48,14,20,0
791,48,14,20,0
792,48,14,20,0
793,48,14,20,0
794,48,14,20,0
795,48,14,20,0
796,48,14,20,0
797,48,14,20,0
798,48,14,20,0
799,48,14,20,0
800,48,14,20,0
801,48,14,20,0
802,48,14,20,0
803,48,14,20,0
804,48,14,20,0
805,48,14,20,0
806,48,14,20,0
807,48,14,20,0
808,48,14,20,0
809,48,14,20,0
810,48,14,20,0
811,48,14,20,0
812,48,14,20,0
813,48,14,20,0
814,48,14,20,0
815,48,14,20,0
816,48,14,20,0
817,48,14,20,0
818,48,14,20,0
819,48,14,20,0
820,48,14,20,0
821,48,14,20,0
822,48,14,20,0
823,48,14,20,0
824,48,14,20,0
825,48,14,20,0
826,48,14,20,0
827,48,14,20,0
828,48,14,20,0
829,48,14,20,0
830,48,14,20,0
831,48,14,20,0
832,48,14,20,0
833,48,14,20,0
834,48,14,20,0
835,48,14,20,0
836,48,14,20,0
837,48,14,20,0
838,48,14,20,0
839,48,14,20,0
840,48,14,20,0
841,48,14,20,0
842,48,14,20,0
843,48,14,20,0
844,48,14,20,0
845,48,14,20,0
846,48,14,20,0
847,48,14,20,0
848,48,14,20,0
849,48,14,20,0
850,48,14,20,0
851,48,14,20,0
852,48,14,20,0
853,48,14,20,0
854,48,14,20,0
855,48,14,20,0
856,48,14,20,0
857,48,14,20,0
858,48,14,20,0
859,48,14,20,0
860,48,14,20,0
861,48,14,20,0
862,48,14,20,0
863,48,14,20,0
864,48,14,20,0
865,48,14,20,0
866,48,14,20,0
867,48,14,20,0
868,48,14,20,0
869,48,14,20,0
870,48,14,20,0
871,48,14,20,0
872,48,14,20,0
873,48,14,20,0
874,48,14,20,0
875,48,14,20,0
876,48,14,20,0
877,48,14,20,0
878,48,14,20,0
879,48,14,20,0
880,48,14,20,0
881,48,14,20,0
882,48,14,20,0
883,48,14,20,0
884,48,14,20,0
885,48,14,20,0
886,48,14,20,0
887,48,14,20,0
888,48,14,20,0
889,48,14,20,0
890,48,14,20,0
891,48,14,20,0
892,48,14,20,0
893,48,14,20,0
894,48,14,20,0
895,48,14,20,0
896,48,14,20,0
897,48,14,20,0
898,48,14,20,0
899,48,14,20,0
900,48,14,20,0
901,48,14,20,0
902,48,14,20,0
903,48,14,20,0
904,48,14,20,0
905,48,14,20,0
906,48,14,20,0
907,48,14,20,0
908,48,14,20,0
909,48,14,20,0
910,48,14,20,0
911,48,14,20,0
912,48,14,20,0
913,48,14,20,0
914,48,14,20,0
915,48,14,20,0
916,48,14,20,0
917,48,14,20,0
918,48,14,20,0
919,48,14,20,0
920,48,14,20,0
921,48,14,20,0
922,48,14,20,0
923,48,14,20,0
924,48,14,20,0
925,48,14,20,0
926,48,14,20,0
927,48,14,20,0
928,48,14,20,0
929,48,14,20,0
930,48,14,20,0
931,48,14,20,0
932,48,14,20,0
933,48,14,20,0
934,48,14,20,0
935,48,14,20,0
936,48,14,20,0
937,48,14,20,0
938,48,14,20,0
939,48,14,20,0
940,48,14,20,0
941,48,14,20,0
942,48,14,20,0
943,48,14,20,0
944,48,14,20,0
945,48,14,20,0
946,48,14,20,0
947,48,14,20,0
948,48,14,20,0
949,48,14,20,0
950,48,14,20,0
951,48,14,20,0
952,48,14,20,0
953,48,14,20,0
954,48,14,20,0
955,48,14,20,0
956,48,14,20,0
957,48,14,20,0
958,48,14,20,0
959,48,14,20,0
960,48,14,20,0
961,48,14,20,0
962,48,14,20,0
963,48,14,20,0
964,48,14,20,0
965,48,14,20,0
966,48,14,20,0
967,48,14,20,0
968,48,14,20,0
969,48,14,20,0
970,48,14,20,0
971,48,14,20,0
972,48,14,20,0
973,48,14,20,0
974,48,14,20,0
975,48,14,20,0
976,48,14,20,0
977,48,14,20,0
978,48,14,20,0
979,48,14,20,0
980,48,14,20,0
981,48,14,20,0
982,48,14,20,0
983,48,14,20,0
984,48,14,20,0
985,48,14,20,0
986,48,14,20,0
987,48,14,20,0
988,48,14,20,0
989,48,14,20,0
990,48,14,20,0
991,48,14,20,0
992,48,14,20,0
993,48,14,20,0
994,48,14,20,0
995,48,14,20,0
996,48,14,20,0
997,48,14,20,0
998,48,14,20,0
999,48,14,20,0
1000,48,14,20,0
1001,48,14,20,0
1002,48,14,20,0
1003,48,14,20,0
1004,48,14,20,0
1005,48,14,20,0
1006,48,14,20,0
1007,48,14,20,0
1008,48,14,20,0
1009,48,14,20,0
1010,48,14,20,0
1011,48,14,20,0
1012,48,14,20,0
1013,48,14,20,0
1014,48,14,20,0
1015,48,14,20,0
1016,48,14,20,0
1017,48,14,20,0
1018,48,14,20,0
1019,48,14,20,0
1020,48,14,20,0
1021,48,14,20,0
1022,48,14,20,0
1023,48,14,20,0
1024,48,14,20,0
1025,48,14,20,0
1026,48,14,20,0
1027,48,14,20,0
1028,48,14,20,0
1029,48,14,20,0
1030,48,14,20,0
1031,48,14,20,0
1032,48,14,20,0
1033,48,14,20,0
1034,48,14,20,0
1035,48,14,20,0
1036,48,14,20,0
1037,48,14,20,0
1038,48,14,20,0
1039,48,14,20,0
1040,48,14,20,0
1041,48,14,20,0
1042,48,14,20,0
1043,48,14,20,0
1044,48,14,20,0
1045,48,14,20,0
1046,48,14,20,0
1047,48,14,20,0
1048,48,14,20,0
1049,48,14,20,0
1050,48,14,20,0
1051,48,14,20,0
1052,48,14,20,0
1053,48,14,20,0
1054,48,14,20,0
1055,48,14,20,0
1056,48,14,20,0
1057,48,14,20,0
1058,48,14,20,0
1059,48,14,20,0
1060,48,14,20,0
1061,48,14,20,0
1062,48,14,20,0
1063,48,14,20,0
1064,48,14,20,0
1065,48,14,20,0
1066,48,14,20,0
1067,48,14,20,0
1068,48,14,20,0
1069,48,14,20,0
1070,48,14,20,0
1071,48,14,20,0
1072,48,14,20,0
1073,48,14,20,0
1074,48,14,20,0
1075,48,14,20,0
1076,48,14,20,0
1077,48,14,20,0
1078,48,14,20,0
1079,48,14,20,0
1080,48,14,20,0
1081,48,14,20,0
1082,48,14,20,0
1083,48,14,20,0
1084,48,14,20,0
1085,48,14,20,0
1086,48,14,20,0
1087,48,14,20,0
1088,48,14,20,0
1089,48,14,20,0
1090,48,14,20,0
1091,48,14,20,0
1092,48,14,20,0
1093,48,14,20,0
1094,48,14,20,0
1095,48,14,20,0
1096,48,14,20,0
1097,48,14,20,0
1098,48,14,20,0
1099,48,14,20,0
1100,48,14,20,0
1101,48,14,20,0
1102,48,14,20,0
1103,48,14,20,0
1104,48,14,20,0
1105,48,14,20,0
1106,48,14,20,0
1107,48,14,20,0
1108,48,14,20,0
1109,48,14,20,0
1110,48,14,20,0
1111,48,14,20,0
1112,48,14,20,0
1113,48,14,20,0
1114,48,14,20,0
1115,48,14,20,0
1116,48,14,20,0
1117,48,14,20,0
1118,48,14,20,0
1119,48,14,20,0
1120,48,14,20,0
1121,48,14,20,0
1122,48,14,20,0
1123,48,14,20,0
1124,48,14,20,0
1125,48,14,20,0
1126,48,14,20,0
1127,48,14,20,0
1128,48,14,20,0
1129,48,14,20,0
1130,48,14,20,0
1131,48,14,20,0
1132,48,14,20,0
1133,48,14,20,0
1134,48,14,20,0
1135,48,14,20,0
1136,48,14,20,0
1137,48,14,20,0
1138,48,14,20,0
1139,48,14,20,0
1140,48,14,20,0
1141,51,14,21,0
1142,51,14,21,0
1143,51,14,21,0
1144,51,14,21,0
1145,51,14,21,0
1146,51,14,21,0
1147,51,14,21,0
1148,51,14,21,0
1149,51,14,21,0
1150,51,14,21,0
1151,51,14,21,0
1152,51,14,21,0
1153,51,14,21,0
1154,51,14,21,0
1155,51,14,21,0
1156,51,14,21,0
1157,51,14,21,0
1158,51,14,21,0
1159,51,14,21,0
1160,51,14,21,0
1161,51,14,21,0
1162,51,14,21,0
1163,51,14,21,0
1164,51,14,21,0
1165,51,14,21,0
1166,51,14,21,0
1167,51,14,21,0
1168,51,14,21,0
1169,51,14,21,0
1170,51,14,21,0
1171,51,14,21,0
1172,51,14,21,0
1173,51,14,21,0
1174,51,14,21,0
1175,51,14,21,0
1176,51,14,21,0
1177,51,14,21,0
1178,51,14,21,0
1179,51,14,21,0
1180,51,14,21,0
1181,51,14,21,0
1182,51,14,21,0
1183,51,14,21,0
1184,51,14,21,0
1185,51,14,21,0
1186,51,14,21,0
1187,51,14,21,0
1188,51,14,21,0
1189,51,14,21,0
1190,51,14,21,0
1191,51,14,21,0
1192,51,14,21,0
1193,51,14,21,0
1194,51,14,21,0
1195,51,14,21,0
1196,51,14,21,0
1197,51,14,21,0
1198,51,14,21,0
1199,51,14,21,0
1200,51,14,21,0
1201,51,14,21,0
1202,51,14,21,0
1203,51,14,21,0
1204,51,14,21,0
1205,51,14,21,0
1206,51,14,21,0
1207,51,14,21,0
1208,51,14,21,0
1209,51,14,21,0
1210,51,14,21,0
1211,51,14,21,0
1212,51,14,21,0
1213,51,14,21,0
1214,51,14,21,0
1215,51,14,21,0
1216,51,14,21,0
1217,51,14,21,0
1218,51,14,21,0
1219,51,14,21,0
1220,51,14,21,0
1221,51,14,21,0
1222,51,14,21,0
1223,51,14,21,0
1224,51,14,21,0
1225,51,14,21,0
1226,51,14,21,0
1227,51,14,21,0
1228,51,14,21,0
1229,51,14,21,0
1230,51,14,21,0
1231,51,14,21,0
1232,51,14,21,0
1233,51,14,21,0
1234,51,14,21,0
1235,51,14,21,0
1236,51,14,21,0
1237,51,14,21,0
1238,52,14,22,0
1239,52,14,22,0
1240,52,14,22,0
1241,52,14,22,0
1242,52,14,22,0
1243,52,14,22,0
1244,52,14,22,0
1245,52,14,22,0
1246,52,14,22,0
1247,52,14,22,0
1248,52,14,22,0
1249,52,14,22,0
1250,52,14,22,0
1251,52,14,22,0
1252,52,14,22,0
1253,52,14,22,0
1254,52,14,22,0
1255,52,14,22,0
1256,52,14,22,0
1257,52,14,22,0
1258,52,14,22,0
1259,52,14,22,0
1260,52,14,22,0
1261,52,14,22,0
1262,52,14,22,0
1263,52,14,22,0
1264,52,14,22,0
1265,52,14,22,0
1266,52,14,22,0
1267,52,14,22,0
1268,52,14,22,0
1269,52,14,22,0
1270,52,14,22,0
1271,52,14,22,0
1272,52,14,22,0
1273,52,14,22,0
1274,52,14,22,0
1275,52,14,22,0
1276,52,14,22,0
1277,52,14,22,0
1278,52,14,22,0
1279,52,14,22,0
1280,52,14,22,0
1281,52,14,22,0
1282,52,14,22,0
1283,52,14,22,0
1284,52,14,22,0
1285,52,14,22,0
1286,52,14,22,0
1287,52,14,22,0
1288,52,14,22,0
1289,52,14,22,0
1290,52,14,22,0
1291,52,14,22,0
1292,52,14,22,0
1293,52,14,22,0
1294,52,14,22,0
1295,52,14,22,0
1296,52,14,22,0
1297,52,14,22,0
1298,52,14,22,0
1299,52,14,22,0
1300,52,14,22,0
1301,52,14,22,0
1302,52,14,22,0
1303,52,14,22,0
1304,52,14,22,0
1305,52,14,22,0
1306,52,14,22,0
1307,52,14,22,0
1308,52,14,22,0
1309,52,14,22,0
1310,52,14,22,0
1311,52,14,22,0
1312,52,14,22,0
1313,52,14,22,0
1314,52,14,22,0
1315,52,14,22,0
1316,52,14,22,0
1317,52,14,22,0
1318,52,14,22,0
1319,52,14,22,0
1320,52,14,22,0
1321,52,14,22,0
1322,52,14,22,0
1323,52,14,22,0
1324,52,14,22,0
1325,52,14,22,0
1326,52,14,22,0
1327,52,14,22,0
1328,52,14,22,0
1329,52,14,22,0
1330,52,14,22,0
1331,52,14,22,0
1332,52,14,22,0
1333,52,14,22,0
1334,52,14,22,0
1335,52,14,22,0
1336,52,14,22,0
1337,52,14,22,0
1338,52,14,22,0
1339,52,14,22,0
1340,52,14,22,0
1341,52,14,22,0
1342,52,14,22,0
1343,52,14,22,0
1344,52,14,22,0
1345,52,14,22,0
1346,52,14,22,0
1347,52,14,22,0
1348,52,14,22,0
1349,52,14,22,0
1350,52,14,22,0
1351,52,14,22,0
1352,52,14,22,0
1353,52,14,22,0
1354,52,14,22,0
1355,52,14,22,0
1356,52,14,22,0
1357,52,14,22,0
1358,52,14,22,0
1359,52,14,22,0
1360,52,14,22,0
1361,52,14,22,0
1362,52,14,22,0
1363,52,14,22,0
1364,52,14,22,0
1365,52,14,22,0
1366,52,14,22,0
1367,52,14,22,0
1368,52,14,22,0
1369,52,14,22,0
1370,52,14,22,0
1371,52,14,22,0
1372,52,14,22,0
1373,52,14,22,0
1374,52,14,22,0
1375,52,14,22,0
1376,52,14,22,0
1377,52,14,22,0
1378,52,14,22,0
1379,52,14,22,0
1380,52,14,22,0
1381,52,14,22,0
1382,52,14,22,0
1383,52,14,22,0
1384,52,14,22,0
1385,52,14,22,0
1386,52,14,22,0
1387,52,14,22,0
1388,52,14,22,0
1389,52,14,22,0
1390,52,14,22,0
1391,52,14,22,0
1392,52,14,22,0
1393,52,14,22,0
1394,52,14,22,0
1395,52,14,22,0
1396,52,14,22,0
1397,52,14,22,0
1398,52,14,22,0
1399,52,14,22,0
1400,52,14,22,0
1401,52,14,22,0
1402,52,14,22,0
1403,52,14,22,0
1404,52,14,22,0
1405,52,14,22,0
1406,52,14,22,0
1407,52,14,22,0
1408,52,14,22,0
1409,52,14,22,0
1410,52,14,22,0
1411,52,14,22,0
1412,52,14,22,0
1413,52,14,22,0
1414,52,14,22,0
1415,52,14,22,0
1416,52,14,22,0
1417,52,14,22,0
1418,52,14,22,0
1419,52,14,22,0
1420,52,14,22,0
1421,52,14,22,0
1422,52,14,22,0
1423,52,14,22,0
1424,52,14,22,0
1425,52,14,22,0
1426,52,14,22,0
1427,52,14,22,0
1428,52,14,22,0
1429,52,14,22,0
1430,52,14,22,0
1431,52,14,22,0
1432,52,14,22,0
1433,52,14,22,0
1434,52,14,22,0
1435,52,14,22,0
1436,52,14,22,0
1437,52,14,22,0
1438,52,14,22,0
1439,52,14,22,0
1440,52,14,22,0
1441,52,14,22,0
1442,52,14,22,0
1443,52,14,22,0
1444,52,14,22,0
1445,52,14,22,0
1446,52,14,22,0
1447,52,14,22,0
1448,52,14,22,0
1449,52,14,22,0
1450,52,14,22,0
1451,52,14,22,0
1452,52,14,22,0
1453,52,14,22,0
1454,52,14,22,0
1455,52,14,22,0
1456,52,14,22,0
1457,52,14,22,0
1458,52,14,22,0
1459,52,14,22,0
1460,52,14,22,0
1461,52,14,22,0
1462,52,14,22,0
1463,52,14,22,0
1464,52,14,22,0
1465,52,14,22,0
1466,52,14,22,0
1467,52,14,22,0
1468,52,14,22,0
1469,52,14,22,0
1470,52,14,22,0
1471,52,14,22,0
1472,52,14,22,0
1473,52,14,22,0
1474,52,14,22,0
1475,52,14,22,0
1476,52,14,22,0
1477,52,14,22,0
1478,52,14,22,0
1479,52,14,22,0
1480,52,14,22,0
1481,52,14,22,0
1482,52,14,22,0
1483,52,14,22,0
1484,52,14,22,0
1485,52,14,22,0
1486,52,14,22,0
1487,52,14,22,0
1488,52,14,22,0
1489,52,14,22,0
1490,52,14,22,0
1491,52,14,22,0
1492,52,14,22,0
1493,52,14,22,0
1494,52,14,22,0
1495,52,14,22,0
1496,52,14,22,0
1497,52,14,22,0
1498,52,14,22,0
1499,52,14,22,0
1500,52,14,22,0
1501,52,14,22,0
1502,52,14,22,0
1503,52,14,22,0
1504,52,14,22,0
1505,52,14,22,0
1506,52,14,22,0
1507,52,14,22,0
1508,52,14,22,0
1509,52,14,22,0
1510,52,14,22,0
1511,52,14,22,0
1512,52,14,22,0
1513,52,14,22,0
1514,52,14,22,0
1515,52,14,22,0
1516,52,14,22,0
1517,52,14,22,0
1518,52,14,22,0
1519,52,14,22,0
1520,52,14,22,0
1521,52,14,22,0
1522,52,14,22,0
1523,52,14,22,0
1524,52,14,22,0
1525,52,14,22,0
1526,52,14,22,0
1527,52,14,22,0
1528,52,14,22,0
1529,52,14,22,0
1530,52,14,22,0
1531,52,14,22,0
1532,52,14,22,0
1533,52,14,22,0
1534,52,14,22,0
1535,52,14,22,0
1536,52,14,22,0
1537,52,14,22,0
1538,52,14,22,0
1539,52,14,22,0
1540,52,14,22,0
1541,52,14,22,0
1542,52,14,22,0
1543,52,14,22,0
1544,52,14,22,0
1545,52,14,22,0
1546,52,14,22,0
1547,52,14,22,0
1548,52,14,22,0
1549,52,14,22,0
1550,52,14,22,0
1551,52,14,22,0
1552,52,14,22,0
1553,52,14,22,0
1554,52,14,22,0
1555,52,14,22,0
1556,52,14,22,0
1557,52,14,22,0
1558,52,14,22,0
1559,52,14,22,0
1560,52,14,22,0
1561,52,14,22,0
1562,52,14,22,0
1563,52,14,22,0
1564,52,14,22,0
1565,52,14,22,0
1566,52,14,22,0
1567,52,14,22,0
1568,52,14,22,0
1569,52,14,22,0
1570,52,14,22,0
1571,52,14,22,0
1572,52,14,22,0
1573,52,14,22,0
1574,52,14,22,0
1575,52,14,22,0
1576,52,14,22,0
1577,52,14,22,0
1578,52,14,22,0
1579,52,14,22,0
1580,52,14,22,0
1581,52,14,22,0
1582,52,14,22,0
1583,52,14,22,0
1584,52,14,22,0
1585,52,14,22,0
1586,52,14,22,0
1587,52,14,22,0
1588,52,14,22,0
1589,52,14,22,0
1590,52,14,22,0
1591,52,14,22,0
1592,52,14,22,0
1593,52,14,22,0
1594,52,14,22,0
1595,52,14,22,0
1596,52,14,22,0
1597,52,14,22,0
1598,52,14,22,0
1599,52,14,22,0
1600,52,14,22,0
1601,52,14,22,0
1602,52,14,22,0
1603,52,14,22,0
1604,52,14,22,0
1605,52,14,22,0
1606,52,14,22,0
1607,52,14,22,0
1608,52,14,22,0
1609,52,14,22,0
1610,52,14,22,0
1611,52,14,22,0
1612,52,14,22,0
1613,52,14,22,0
1614,52,14,22,0
1615,52,14,22,0
1616,52,14,22,0
1617,52,14,22,0
1618,52,14,22,0
1619,52,14,22,0
1620,52,14,22,0
1621,52,14,22,0
1622,52,14,22,0
1623,52,14,22,0
1624,52,14,22,0
1625,52,14,22,0
1626,52,14,22,0
1627,52,14,22,0
1628,52,14,22,0
1629,52,14,22,0
1630,52,14,22,0
1631,52,14,22,0
1632,52,14,22,0
1633,52,14,22,0
1634,52,14,22,0
1635,52,14,22,0
1636,52,14,22,0
1637,52,14,22,0
1638,52,14,22,0
1639,52,14,22,0
1640,52,14,22,0
1641,52,14,22,0
1642,52,14,22,0
1643,52,14,22,0
1644,52,14,22,0
1645,52,14,22,0
1646,52,14,22,0
1647,52,14,22,0
1648,52,14,22,0
1649,52,14,22,0
1650,52,14,22,0
1651,52,14,22,0
1652,52,14,22,0
1653,52,14,22,0
1654,52,14,22,0
1655,52,14,22,0
1656,52,14,22,0
1657,52,14,22,0
1658,53,14,23,0
1659,53,14,23,0
1660,53,14,23,0
1661,53,14,23,0
1662,53,14,23,0
1663,53,14,23,0
1664,53,14,23,0
1665,53,14,23,0
1666,53,14,23,0
1667,53,14,23,0
1668,53,14,23,0
1669,53,14,23,0
1670,53,14,23,0
1671,53,14,23,0
1672,53,14,23,0
1673,53,14,23,0
1674,53,14,23,0
1675,53,14,23,0
1676,53,14,23,0
1677,53,14,23,0
1678,53,14,23,0
1679,53,14,23,0
1680,53,14,23,0
1681,53,14,23,0
1682,53,14,23,0
1683,53,14,23,0
1684,53,14,23,0
1685,53,14,23,0
1686,53,14,23,0
1687,53,14,23,0
1688,53,14,23,0
1689,53,14,23,0
1690,53,14,23,0
1691,53,14,23,0
1692,53,14,23,0
1693,53,14,23,0
1694,53,14,23,0
1695,53,14,23,0
1696,53,14,23,0
1697,53,14,23,0
1698,53,14,23,0
1699,53,14,23,0
1700,53,14,23,0
1701,53,14,23,0
1702,53,14,23,0
1703,53,14,23,0
1704,53,14,23,0
1705,53,14,23,0
1706,53,14,23,0
1707,53,14,23,0
1708,53,14,23,0
1709,53,14,23,0
1710,53,14,23,0
1711,53,14,23,0
1712,53,14,23,0
1713,53,14,23,0
1714,53,14,23,0
1715,53,14,23,0
1716,53,14,23,0
1717,53,14,23,0
1718,53,14,23,0
1719,53,14,23,0
1720,53,14,23,0
1721,53,14,23,0
1722,53,14,23,0
1723,53,14,23,0
1724,53,14,23,0
1725,53,14,23,0
1726,53,14,23,0
1727,53,14,23,0
1728,53,14,23,0
1729,53,14,23,0
1730,53,14,23,0
1731,53,14,23,0
1732,53,14,23,0
1733,53,14,23,0
1734,53,14,23,0
1735,53,14,23,0
1736,53,14,23,0
1737,53,14,23,0
1738,53,14,23,0
1739,53,14,23,0
1740,53,14,23,0
1741,53,14,23,0
1742,53,14,23,0
1743,53,14,23,0
1744,53,14,23,0
1745,53,14,23,0
1746,53,14,23,0
1747,53,14,23,0
1748,53,14,23,0
1749,53,14,23,0
1750,53,14,23,0
1751,53,14,23,0
1752,53,14,23,0
1753,53,14,23,0
1754,53,14,23,0
1755,53,14,23,0
1756,53,14,23,0
1757,53,14,23,0
1758,53,14,23,0
1759,53,14,23,0
1760,53,14,23,0
1761,53,14,23,0
1762,53,14,23,0
1763,53,14,23,0
1764,53,14,23,0
1765,53,14,23,0
1766,53,14,23,0
1767,53,14,23,0
1768,53,14,23,0
1769,53,14,23,0
1770,53,14,23,0
1771,53,14,23,0
1772,53,14,23,0
1773,53,14,23,0
1774,53,14,23,0
1775,53,14,23,0
1776,53,14,23,0
1777,53,14,23,0
1778,53,14,23,0
1779,53,14,23,0
1780,53,14,23,0
1781,53,14,23,0
1782,53,14,23,0
1783,53,14,23,0
1784,53,14,23,0
1785,53,14,23,0
1786,53,14,23,0
1787,53,14,23,0
1788,53,14,23,0
1789,53,14,23,0
1790,53,14,23,0
1791,53,14,23,0
1792,53,14,23,0
1793,53,14,23,0
1794,53,14,23,0
1795,53,14,23,0
1796,53,14,23,0
1797,53,14,23,0
1798,53,14,23,0
1799,53,14,23,0
1800,53,14,23,0
1801,53,14,23,0
1802,53,14,23,0
1803,53,14,23,0
1804,53,14,23,0
1805,53,14,23,0
1806,53,14,23,0
1807,53,14,23,0
1808,53,14,23,0
1809,53,14,23,0
1810,53,14,23,0
1811,53,14,23,0
1812,53,14,23,0
1813,53,14,23,0
1814,53,14,23,0
1815,53,14,23,0
1816,53,14,23,0
1817,53,14,23,0
1818,53,14,23,0
1819,53,14,23,0
1820,53,14,23,0
1821,53,14,23,0
1822,53,14,23,0
1823,53,14,23,0
1824,53,14,23,0
1825,53,14,23,0
1826,53,14,23,0
1827,53,14,23,0
1828,53,14,23,0
1829,53,14,23,0
1830,53,14,23,0
1831,53,14,23,0
1832,53,14,23,0
1833,53,14,23,0
1834,53,14,23,0
1835,53,14,23,0
1836,53,14,23,0
1837,53,14,23,0
1838,53,14,23,0
1839,53,14,23,0
1840,53,14,23,0
1841,53,14,23,0
1842,53,14,23,0
1843,53,14,23,0
1844,53,14,23,0
1845,53,14,23,0
1846,53,14,23,0
1847,53,14,23,0
1848,53,14,23,0
1849,53,14,23,0
1850,53,14,23,0
1851,53,14,23,0
1852,53,14,23,0
1853,53,14,23,0
1854,53,14,23,0
1855,53,14,23,0
1856,53,14,23,0
1857,53,14,23,0
1858,53,14,23,0
1859,53,14,23,0
1860,53,14,23,0
1861,53,14,23,0
1862,53,14,23,0
1863,53,14,23,0
1864,53,14,23,0
1865,53,14,23,0
1866,53,14,23,0
1867,53,14,23,0
1868,53,14,23,0
1869,53,14,23,0
1870,53,14,23,0
1871,53,14,23,0
1872,53,14,23,0
1873,53,14,23,0
1874,53,14,23,0
1875,53,14,23,0
1876,53,14,23,0
1877,53,14,23,0
1878,53,14,23,0
1879,53,14,23,0
1880,53,14,23,0
1881,53,14,23,0
1882,53,14,23,0
1883,53,14,23,0
1884,53,14,23,0
1885,53,14,23,0
1886,53,14,23,0
1887,53,14,23,0
1888,53,14,23,0
1889,53,14,23,0
1890,53,14,23,0
1891,53,14,23,0
1892,53,14,23,0
1893,53,14,23,0
1894,53,14,23,0
1895,53,14,23,0
1896,53,14,23,0
1897,53,14,23,0
1898,53,14,23,0
1899,53,14,23,0
1900,53,14,23,0
1901,53,14,23,0
1902,53,14,23,0
1903,53,14,23,0
1904,53,14,23,0
1905,53,14,23,0
1906,53,14,23,0
1907,53,14,23,0
1908,53,14,23,0
1909,53,14,23,0
1910,53,14,23,0
1911,53,14,23,0
1912,53,14,23,0
1913,53,14,23,0
1914,53,14,23,0
1915,53,14,23,0
1916,53,14,23,0
1917,53,14,23,0
1918,53,14,23,0
1919,53,14,23,0
1920,53,14,23,0
1921,53,14,23,0
1922,53,14,23,0
1923,53,14,23,0
1924,53,14,23,0
1925,53,14,23,0
1926,53,14,23,0
1927,53,14,23,0
1928,53,14,23,0
1929,53,14,23,0
1930,53,14,23,0
1931,53,14,23,0
1932,53,14,23,0
1933,53,14,23,0
1934,53,14,23,0
1935,53,14,23,0
1936,53,14,23,0
1937,53,14,23,0
1938,53,14,23,0
1939,53,14,23,0
1940,53,14,23,0
1941,53,14,23,0
1942,53,14,23,0
1943,53,14,23,0
1944,53,14,23,0
1945,53,14,23,0
1946,53,14,23,0
1947,53,14,23,0
1948,53,14,23,0
1949,53,14,23,0
1950,53,14,23,0
1951,53,14,23,0
1952,53,14,23,0
1953,53,14,23,0
1954,53,14,23,0
1955,53,14,23,0
1956,53,14,23,0
1957,53,14,23,0
1958,53,14,23,0
1959,53,14,23,0
1960,53,14,23,0
1961,53,14,23,0
1962,53,14,23,0
1963,53,14,23,0
1964,53,14,23,0
1965,53,14,23,0
1966,53,14,23,0
1967,53,14,23,0
1968,53,14,23,0
1969,53,14,23,0
1970,53,14,23,0
1971,53,14,23,0
1972,53,14,23,0
1973,53,14,23,0
1974,53,14,23,0
1975,53,14,23,0
1976,53,14,23,0
1977,53,14,23,0
1978,53,14,23,0
1979,53,14,23,0
1980,53,14,23,0
1981,53,14,23,0
1982,53,14,23,0
1983,53,14,23,0
1984,53,14,23,0
1985,53,14,23,0
1986,53,14,23,0
1987,53,14,23,0
1988,53,14,23,0
1989,53,14,23,0
1990,53,14,23,0
1991,53,14,23,0
1992,53,14,23,0
1993,53,14,23,0
1994,53,14,23,0
1995,53,14,23,0
1996,53,14,23,0
1997,53,14,23,0
1998,53,14,23,0
1999,53,14,23,0
2000,53,14,23,0
2001,53,14,23,0
2002,53,14,23,0
2003,53,14,23,0
2004,53,14,23,0
2005,53,14,23,0
2006,53,14,23,0
2007,53,14,23,0
2008,53,14,23,0
2009,53,14,23,0
2010,53,14,23,0
2011,53,14,23,0
2012,53,14,23,0
2013,53,14,23,0
2014,53,14,23,0
2015,53,14,23,0
2016,53,14,23,0
2017,53,14,23,0
2018,53,14,23,0
2019,53,14,23,0
2020,53,14,23,0
2021,53,14,23,0
2022,53,14,23,0
2023,53,14,23,0
2024,53,14,23,0
2025,53,14,23,0
2026,53,14,23,0
2027,53,14,23,0
2028,53,14,23,0
2029,53,14,23,0
2030,53,14,23,0
2031,53,14,23,0
2032,53,14,23,0
2033,53,14,23,0
2034,53,14,23,0
2035,53,14,23,0
2036,53,14,23,0
2037,53,14,23,0
2038,53,14,23,0
2039,53,14,23,0
2040,53,14,23,0
2041,53,14,23,0
2042,53,14,23,0
2043,53,14,23,0
2044,53,14,23,0
2045,53,14,23,0
2046,53,14,23,0
2047,53,14,23,0
2048,53,14,23,0
2049,53,14,23,0
2050,53,14,23,0
2051,53,14,23,0
2052,53,14,23,0
2053,53,14,23,0
2054,53,14,23,0
2055,53,14,23,0
2056,53,14,23,0
2057,53,14,23,0
2058,53,14,23,0
2059,53,14,23,0
2060,53,14,23,0
2061,53,14,23,0
2062,53,14,23,0
2063,53,14,23,0
2064,53,14,23,0
2065,53,14,23,0
2066,53,14,23,0
2067,53,14,23,0
2068,53,14,23,0
2069,53,14,23,0
2070,53,14,23,0
2071,53,14,23,0
2072,53,14,23,0
2073,53,14,23,0
2074,53,14,23,0
2075,53,14,23,0
2076,53,14,23,0
2077,53,14,23,0
2078,53,14,23,0
2079,53,14,23,0
2080,53,14,23,0
2081,53,14,23,0
2082,53,14,23,0
2083,53,14,23,0
2084,53,14,23,0
2085,53,14,23,0
2086,53,14,23,0
2087,53,14,23,0
2088,53,14,23,0
2089,53,14,23,0
2090,53,14,23,0
2091,53,14,23,0
2092,53,14,23,0
2093,53,14,23,0
2094,53,14,23,0
2095,53,14,23,0
2096,53,14,23,0
2097,53,14,23,0
2098,53,14,23,0
2099,53,14,23,0
2100,53,14,23,0
2101,53,14,23,0
2102,53,14,23,0
2103,53,14,23,0
2104,53,14,23,0
2105,53,14,23,0
2106,53,14,23,0
2107,53,14,23,0
2108,53,14,23,0
2109,53,14,23,0
2110,53,14,23,0
2111,53,14,23,0
2112,53,14,23,0
2113,53,14,23,0
2114,53,14,23,0
2115,53,14,23,0
2116,53,14,23,0
2117,53,14,23,0
2118,53,14,23,0
2119,53,14,23,0
2120,53,14,23,0
2121,53,14,23,0
2122,53,14,23,0
2123,53,14,23,0
2124,53,14,23,0
2125,53,14,23,0
2126,53,14,23,0
2127,53,14,23,0
2128,53,14,23,0
2129,53,14,23,0
2130,53,14,23,0
2131,53,14,23,0
2132,53,14,23,0
2133,53,14,23,0
2134,53,14,23,0
2135,53,14,23,0
2136,53,14,23,0
2137,53,14,23,0
2138,53,14,23,0
2139,53,14,23,0
2140,53,14,23,0
2141,53,14,23,0
2142,53,14,23,0
2143,53,14,23,0
2144,53,14,23,0
2145,53,14,23,0
2146,53,14,23,0
2147,53,14,23,0
2148,53,14,23,0
2149,53,14,23,0
2150,53,14,23,0
2151,53,14,23,0
2152,53,14,23,0
2153,53,14,23,0
2154,53,14,23,0
2155,53,14,23,0
2156,53,14,23,0
2157,53,14,23,0
2158,53,14,23,0
2159,53,14,23,0
2160,53,14,23,0
2161,53,14,23,0
2162,53,14,23,0
2163,53,14,23,0
2164,53,14,23,0
2165,53,14,23,0
2166,53,14,23,0
2167,53,14,23,0
2168,53,14,23,0
2169,53,14,23,0
2170,53,14,23,0
2171,53,14,23,0
2172,53,14,23,0
2173,53,14,23,0
2174,53,14,23,0
2175,53,14,23,0
2176,53,14,23,0
2177,53,14,23,0
2178,53,14,23,0
2179,53,14,23,0
2180,53,14,23,0
2181,53,14,23,0
2182,53,14,23,0
2183,53,14,23,0
2184,53,14,23,0
2185,53,14,23,0
2186,53,14,23,0
2187,53,14,23,0
2188,53,14,23,0
2189,53,14,23,0
2190,53,14,23,0
2191,53,14,23,0
2192,53,14,23,0
2193,53,14,23,0
2194,53,14,23,0
2195,53,14,23,0
2196,53,14,23,0
2197,53,14,23,0
2198,53,14,23,0
2199,53,14,23,0
2200,53,14,23,0
2201,53,14,23,0
2202,53,14,23,0
2203,53,14,23,0
2204,53,14,23,0
2205,53,14,23,0
2206,53,14,23,0
2207,53,14,23,0
2208,53,14,23,0
2209,53,14,23,0
2210,53,14,23,0
2211,53,14,23,0
2212,53,14,23,0
2213,53,14,23,0
2214,53,14,23,0
2215,53,14,23,0
2216,53,14,23,0
2217,53,14,23,0
2218,53,14,23,0
2219,53,14,23,0
2220,53,14,23,0
2221,53,14,23,0
2222,53,14,23,0
2223,53,14,23,0
2224,53,14,23,0
2225,53,14,23,0
2226,53,14,23,0
2227,53,14,23,0
2228,53,14,23,0
2229,53,14,23,0
2230,53,14,23,0
2231,53,14,23,0
2232,53,14,23,0
2233,53,14,23,0
2234,53,14,23,0
2235,53,14,23,0
2236,53,14,23,0
2237,53,14,23,0
2238,53,14,23,0
2239,53,14,23,0
2240,53,14,23,0
2241,53,14,23,0
2242,53,14,23,0
2243,53,14,23,0
2244,53,14,23,0
2245,53,14,23,0
2246,53,14,23,0
2247,53,14,23,0
2248,53,14,23,0
2249,53,14,23,0
2250,53,14,23,0
2251,53,14,23,0
2252,53,14,23,0
2253,53,14,23,0
2254,53,14,23,0
2255,53,14,23,0
2256,53,14,23,0
2257,53,14,23,0
2258,53,14,23,0
2259,53,14,23,0
2260,53,14,23,0
2261,53,14,23,0
2262,53,14,23,0
2263,53,14,23,0
2264,53,14,23,0
2265,53,14,23,0
2266,53,14,23,0
2267,53,14,23,0
2268,53,14,23,0
2269,53,14,23,0
2270,53,14,23,0
2271,53,14,23,0
2272,53,14,23,0
2273,53,14,23,0
2274,53,14,23,0
2275,53,14,23,0
2276,53,14,23,0
2277,53,14,23,0
2278,53,14,23,0
2279,53,14,23,0
2280,53,14,23,0
2281,53,14,23,0
2282,53,14,23,0
2283,53,14,23,0
2284,53,14,23,0
2285,53,14,23,0
2286,53,14,23,0
2287,53,14,23,0
2288,53,14,23,0
2289,53,14,23,0
2290,53,14,23,0
2291,53,14,23,0
2292,53,14,23,0
2293,53,14,23,0
2294,53,14,23,0
2295,53,14,23,0
2296,53,14,23,0
2297,53,14,23,0
2298,53,14,23,0
2299,53,14,23,0
2300,53,14,23,0
2301,53,14,23,0
2302,53,14,23,0
2303,53,14,23,0
2304,53,14,23,0
2305,53,14,23,0
2306,53,14,23,0
2307,53,14,23,0
2308,53,14,23,0
2309,53,14,23,0
2310,53,14,23,0
2311,53,14,23,0
2312,53,14,23,0
2313,53,14,23,0
2314,53,14,23,0
2315,53,14,23,0
2316,53,14,23,0
2317,53,14,23,0
2318,53,14,23,0
2319,53,14,23,0
2320,53,14,23,0
2321,53,14,23,0
2322,53,14,23,0
2323,53,14,23,0
2324,53,14,23,0
2325,53,14,23,0
2326,53,14,23,0
2327,53,14,23,0
2328,53,14,23,0
2329,53,14,23,0
2330,53,14,23,0
2331,53,14,23,0
2332,53,14,23,0
2333,53,14,23,0
2334,53,14,23,0
2335,53,14,23,0
2336,53,14,23,0
2337,53,14,23,0
2338,53,14,23,0
2339,53,14,23,0
2340,53,14,23,0
2341,53,14,23,0
2342,53,14,23,0
2343,53,14,23,0
2344,53,14,23,0
2345,53,14,23,0
2346,53,14,23,0
2347,53,14,23,0
2348,53,14,23,0
2349,53,14,23,0
2350,53,14,23,0
2351,53,14,23,0
2352,53,14,23,0
2353,53,14,23,0
2354,53,14,23,0
2355,53,14,23,0
2356,53,14,23,0
2357,53,14,23,0
2358,53,14,23,0
2359,53,14,23,0
2360,53,14,23,0
2361,53,14,23,0
2362,53,14,23,0
2363,53,14,23,0
2364,53,14,23,0
2365,53,14,23,0
2366,53,14,23,0
2367,53,14,23,0
2368,53,14,23,0
2369,53,14,23,0
2370,53,14,23,0
2371,53,14,23,0
2372,53,14,23,0
2373,53,14,23,0
2374,53,14,23,0
2375,53,14,23,0
2376,53,14,23,0
2377,53,14,23,0
2378,53,14,23,0
2379,53,14,23,0
2380,53,14,23,0
2381,53,14,23,0
2382,53,14,23,0
2383,53,14,23,0
2384,53,14,23,0
2385,53,14,23,0
2386,53,14,23,0
2387,53,14,23,0
2388,53,14,23,0
2389,53,14,23,0
2390,53,14,23,0
2391,53,14,23,0
2392,53,14,23,0
2393,53,14,23,0
2394,53,14,23,0
2395,53,14,23,0
2396,53,14,23,0
2397,53,14,23,0
2398,53,14,23,0
2399,53,14,23,0
2400,53,14,23,0
2401,53,14,23,0
2402,53,14,23,0
2403,53,14,23,0
2404,53,14,23,0
2405,53,14,23,0
2406,53,14,23,0
2407,53,14,23,0
2408,53,14,23,0
2409,53,14,23,0
2410,53,14,23,0
2411,53,14,23,0
2412,53,14,23,0
2413,53,14,23,0
2414,53,14,23,0
2415,53,14,23,0
2416,53,14,23,0
2417,53,14,23,0
2418,53,14,23,0
2419,53,14,23,0
2420,53,14,23,0
2421,53,14,23,0
2422,53,14,23,0
2423,53,14,23,0
2424,53,14,23,0
2425,53,14,23,0
2426,53,14,23,0
2427,53,14,23,0
2428,53,14,23,0
2429,53,14,23,0
2430,53,14,23,0
2431,53,14,23,0
2432,53,14,23,0
2433,53,14,23,0
2434,53,14,23,0
2435,53,14,23,0
2436,53,14,23,0
2437,53,14,23,0
2438,53,14,23,0
2439,53,14,23,0
2440,53,14,23,0
2441,53,14,23,0
2442,53,14,23,0
2443,53,14,23,0
2444,53,14,23,0
2445,53,14,23,0
2446,53,14,23,0
2447,53,14,23,0
2448,53,14,23,0
2449,53,14,23,0
2450,53,14,23,0
2451,53,14,23,0
2452,53,14,23,0
2453,53,14,23,0
2454,53,14,23,0
2455,53,14,23,0
2456,53,14,23,0
2457,53,14,23,0
2458,53,14,23,0
2459,53,14,23,0
2460,53,14,23,0
2461,53,14,23,0
2462,53,14,23,0
2463,53,14,23,0
2464,53,14,23,0
2465,53,14,23,0
2466,53,14,23,0
2467,53,14,23,0
2468,53,14,23,0
2469,53,14,23,0
2470,53,14,23,0
2471,53,14,23,0
2472,53,14,23,0
2473,53,14,23,0
2474,53,14,23,0
2475,53,14,23,0
2476,53,14,23,0
2477,53,14,23,0
2478,53,14,23,0
2479,53,14,23,0
2480,53,14,23,0
2481,53,14,23,0
2482,53,14,23,0
2483,53,14,23,0
2484,53,14,23,0
2485,53,14,23,0
2486,53,14,23,0
2487,53,14,23,0
2488,53,14,23,0
2489,53,14,23,0
2490,53,14,23,0
2491,53,14,23,0
2492,53,14,23,0
2493,53,14,23,0
2494,53,14,23,0
2495,53,14,23,0
2496,53,14,23,0
2497,53,14,23,0
2498,53,14,23,0
2499,53,14,23,0
2500,53,14,23,0
2501,53,14,23,0
2502,53,14,23,0
2503,53,14,23,0
2504,53,14,23,0
2505,53,14,23,0
2506,53,14,23,0
2507,53,14,23,0
2508,53,14,23,0
2509,53,14,23,0
2510,53,14,23,0
2511,53,14,23,0
2512,53,14,23,0
2513,53,14,23,0
2514,53,14,23,0
2515,53,14,23,0
2516,53,14,23,0
2517,53,14,23,0
2518,53,14,23,0
2519,53,14,23,0
2520,53,14,23,0
2521,53,14,23,0
2522,53,14,23,0
2523,53,14,23,0
2524,53,14,23,0
2525,53,14,23,0
2526,53,14,23,0
2527,53,14,23,0
2528,53,14,23,0
2529,53,14,23,0
2530,53,14,23,0
2531,53,14,23,0
2532,53,14,23,0
2533,53,14,23,0
2534,53,14,23,0
2535,53,14,23,0
2536,53,14,23,0
2537,53,14,23,0
2538,53,14,23,0
2539,53,14,23,0
2540,53,14,23,0
2541,53,14,23,0
2542,53,14,23,0
2543,53,14,23,0
2544,53,14,23,0
2545,53,14,23,0
2546,53,14,23,0
2547,53,14,23,0
2548,53,14,23,0
2549,53,14,23,0
2550,53,14,23,0
2551,53,14,23,0
2552,53,14,23,0
2553,53,14,23,0
2554,53,14,23,0
2555,53,14,23,0
2556,53,14,23,0
2557,53,14,23,0
2558,53,14,23,0
2559,53,14,23,0
2560,53,14,23,0
2561,53,14,23,0
2562,53,14,23,0
2563,53,14,23,0
2564,53,14,23,0
2565,53,14,23,0
2566,53,14,23,0
2567,53,14,23,0
2568,53,14,23,0
2569,53,14,23,0
2570,53,14,23,0
2571,53,14,23,0
2572,53,14,23,0
2573,53,14,23,0
2574,53,14,23,0
2575,53,14,23,0
2576,53,14,23,0
2577,53,14,23,0
2578,53,14,23,0
2579,53,14,23,0
2580,53,14,23,0
2581,53,14,23,0
2582,53,14,23,0
2583,53,14,23,0
2584,53,14,23,0
2585,53,14,23,0
2586,53,14,23,0
2587,53,14,23,0
2588,53,14,23,0
2589,53,14,23,0
2590,53,14,23,0
2591,53,14,23,0
2592,53,14,23,0
2593,53,14,23,0
2594,53,14,23,0
2595,53,14,23,0
2596,53,14,23,0
2597,53,14,23,0
2598,53,14,23,0
2599,53,14,23,0
2600,53,14,23,0
2601,53,14,23,0
2602,53,14,23,0
2603,53,14,23,0
2604,53,14,23,0
2605,53,14,23,0
2606,53,14,23,0
2607,53,14,23,0
2608,53,14,23,0
2609,53,14,23,0
2610,53,14,23,0
2611,53,14,23,0
2612,53,14,23,0
2613,53,14,23,0
2614,53,14,23,0
2615,53,14,23,0
2616,53,14,23,0
2617,53,14,23,0
2618,53,14,23,0
2619,53,14,23,0
2620,53,14,23,0
2621,53,14,23,0
2622,53,14,23,0
2623,53,14,23,0
2624,53,14,23,0
2625,53,14,23,0
2626,53,14,23,0
2627,53,14,23,0
2628,53,14,23,0
2629,53,14,23,0
2630,53,14,23,0
2631,53,14,23,0
2632,53,14,23,0
2633,53,14,23,0
2634,53,14,23,0
2635,53,14,23,0
2636,53,14,23,0
2637,53,14,23,0
2638,53,14,23,0
2639,53,14,23,0
2640,53,14,23,0
2641,53,14,23,0
2642,53,14,23,0
2643,53,14,23,0
2644,53,14,23,0
2645,53,14,23,0
2646,53,14,23,0
2647,53,14,23,0
2648,53,14,23,0
2649,53,14,23,0
2650,53,14,23,0
2651,53,14,23,0
2652,53,14,23,0
2653,53,14,23,0
2654,53,14,23,0
2655,53,14,23,0
2656,53,14,23,0
2657,53,14,23,0
2658,53,14,23,0
2659,53,14,23,0
2660,53,14,23,0
2661,53,14,23,0
2662,53,14,23,0
2663,53,14,23,0
2664,53,14,23,0
2665,53,14,23,0
2666,53,14,23,0
2667,53,14,23,0
2668,53,14,23,0
2669,53,14,23,0
2670,53,14,23,0
2671,53,14,23,0
2672,53,14,23,0
2673,53,14,23,0
2674,53,14,23,0
2675,53,14,23,0
2676,53,14,23,0
2677,53,14,23,0
2678,53,14,23,0
2679,53,14,23,0
2680,53,14,23,0
2681,53,14,23,0
2682,53,14,23,0
2683,53,14,23,0
2684,53,14,23,0
2685,53,14,23,0
2686,53,14,23,0
2687,53,14,23,0
2688,53,14,23,0
2689,53,14,23,0
2690,53,14,23,0
2691,53,14,23,0
2692,53,14,23,0
2693,53,14,23,0
2694,53,14,23,0
2695,53,14,23,0
2696,53,14,23,0
2697,53,14,23,0
2698,53,14,23,0
2699,53,14,23,0
2700,53,14,23,0
2701,53,14,23,0
2702,53,14,23,0
2703,53,14,23,0
2704,53,14,23,0
2705,53,14,23,0
2706,53,14,23,0
2707,53,14,23,0
2708,53,14,23,0
2709,53,14,23,0
2710,53,14,23,0
2711,53,14,23,0
2712,53,14,23,0
2713,53,14,23,0
2714,53,14,23,0
2715,53,14,23,0
2716,53,14,23,0
2717,53,14,23,0
2718,53,14,23,0
2719,53,14,23,0
2720,53,14,23,0
2721,53,14,23,0
2722,53,14,23,0
2723,53,14,23,0
2724,53,14,23,0
2725,53,14,23,0
2726,53,14,23,0
2727,53,14,23,0
2728,53,14,23,0
2729,53,14,23,0
2730,53,14,23,0
2731,53,14,23,0
2732,53,14,23,0
2733,53,14,23,0
2734,53,14,23,0
2735,53,14,23,0
2736,53,14,23,0
2737,53,14,23,0
2738,53,14,23,0
2739,53,14,23,0
2740,53,14,23,0
2741,53,14,23,0
2742,53,14,23,0
2743,53,14,23,0
2744,53,14,23,0
2745,53,14,23,0
2746,53,14,23,0
2747,53,14,23,0
2748,53,14,23,0
2749,53,14,23,0
2750,53,14,23,0
2751,53,14,23,0
2752,53,14,23,0
2753,53,14,23,0
2754,53,14,23,0
2755,53,14,23,0
2756,53,14,23,0
2757,53,14,23,0
2758,53,14,23,0
2759,53,14,23,0
2760,53,14,23,0
2761,53,14,23,0
2762,53,14,23,0
2763,53,14,23,0
2764,53,14,23,0
2765,53,14,23,0
2766,53,14,23,0
2767,53,14,23,0
2768,53,14,23,0
2769,53,14,23,0
2770,53,14,23,0
2771,53,14,23,0
2772,53,14,23,0
2773,53,14,23,0
2774,53,14,23,0
2775,53,14,23,0
2776,53,14,23,0
2777,53,14,23,0
2778,53,14,23,0
2779,53,14,23,0
2780,53,14,23,0
2781,53,14,23,0
2782,53,14,23,0
2783,53,14,23,0
2784,53,14,23,0
2785,53,14,23,0
2786,53,14,23,0
2787,53,14,23,0
2788,53,14,23,0
2789,53,14,23,0
2790,53,14,23,0
2791,53,14,23,0
2792,53,14,23,0
2793,53,14,23,0
2794,53,14,23,0
2795,53,14,23,0
2796,53,14,23,0
2797,53,14,23,0
2798,53,14,23,0
2799,53,14,23,0
2800,53,14,23,0
2801,53,14,23,0
2802,53,14,23,0
2803,53,14,23,0
2804,53,14,23,0
2805,53,14,23,0
2806,53,14,23,0
2807,53,14,23,0
2808,53,14,23,0
2809,53,14,23,0
2810,53,14,23,0
2811,53,14,23,0
2812,53,14,23,0
2813,53,14,23,0
2814,53,14,23,0
2815,53,14,23,0
2816,53,14,23,0
2817,53,14,23,0
2818,53,14,23,0
2819,53,14,23,0
2820,53,14,23,0
2821,53,14,23,0
2822,53,14,23,0
2823,53,14,23,0
2824,53,14,23,0
2825,53,14,23,0
2826,53,14,23,0
2827,53,14,23,0
2828,53,14,23,0
2829,53,14,23,0
2830,53,14,23,0
2831,53,14,23,0
2832,53,14,23,0
2833,53,14,23,0
2834,53,14,23,0
2835,53,14,23,0
2836,53,14,23,0
2837,53,14,23,0
2838,53,14,23,0
2839,53,14,23,0
2840,53,14,23,0
2841,53,14,23,0
2842,53,14,23,0
2843,53,14,23,0
2844,53,14,23,0
2845,53,14,23,0
2846,53,14,23,0
2847,53,14,23,0
2848,53,14,23,0
2849,53,14,23,0
2850,53,14,23,0
2851,53,14,23,0
2852,53,14,23,0
2853,53,14,23,0
2854,53,14,23,0
2855,53,14,23,0
2856,53,14,23,0
2857,53,14,23,0
2858,53,14,23,0
2859,53,14,23,0
2860,53,14,23,0
2861,53,14,23,0
2862,53,14,23,0
2863,53,14,23,0
2864,53,14,23,0
2865,53,14,23,0
2866,53,14,23,0
2867,53,14,23,0
2868,53,14,23,0
2869,53,14,23,0
2870,53,14,23,0
2871,53,14,23,0
2872,53,14,23,0
2873,53,14,23,0
2874,53,14,23,0
2875,53,14,23,0
2876,53,14,23,0
2877,53,14,23,0
2878,53,14,23,0
2879,53,14,23,0
2880,53,14,23,0
2881,53,14,23,0
2882,53,14,23,0
2883,53,14,23,0
2884,53,14,23,0
2885,53,14,23,0
2886,53,14,23,0
2887,53,14,23,0
2888,53,14,23,0
2889,53,14,23,0
2890,53,14,23,0
2891,53,14,23,0
2892,53,14,23,0
2893,53,14,23,0
2894,53,14,23,0
2895,53,14,23,0
2896,53,14,23,0
2897,53,14,23,0
2898,53,14,23,0
2899,53,14,23,0
2900,53,14,23,0
2901,53,14,23,0
2902,53,14,23,0
2903,53,14,23,0
2904,53,14,23,0
2905,53,14,23,0
2906,53,14,23,0
2907,53,14,23,0
2908,53,14,23,0
2909,53,14,23,0
2910,53,14,23,0
2911,53,14,23,0
2912,53,14,23,0
2913,53,14,23,0
2914,53,14,23,0
2915,53,14,23,0
2916,53,14,23,0
2917,53,14,23,0
2918,53,14,23,0
2919,53,14,23,0
2920,53,14,23,0
2921,53,14,23,0
2922,53,14,23,0
2923,53,14,23,0
2924,53,14,23,0
2925,53,14,23,0
2926,53,14,23,0
2927,53,14,23,0
2928,53,14,23,0
2929,53,14,23,0
2930,53,14,23,0
2931,53,14,23,0
2932,53,14,23,0
2933,53,14,23,0
2934,53,14,23,0
2935,53,14,23,0
2936,53,14,23,0
2937,53,14,23,0
2938,53,14,23,0
2939,53,14,23,0
2940,53,14,23,0
2941,53,14,23,0
2942,53,14,23,0
2943,53,14,23,0
2944,53,14,23,0
2945,53,14,23,0
2946,53,14,23,0
2947,53,14,23,0
2948,53,14,23,0
2949,53,14,23,0
2950,53,14,23,0
2951,53,14,23,0
2952,53,14,23,0
2953,53,14,23,0
2954,53,14,23,0
2955,53,14,23,0
2956,53,14,23,0
2957,53,14,23,0
2958,53,14,23,0
2959,53,14,23,0
2960,53,14,23,0
2961,53,14,23,0
2962,53,14,23,0
2963,53,14,23,0
2964,53,14,23,0
2965,53,14,23,0
2966,53,14,23,0
2967,53,14,23,0
2968,53,14,23,0
2969,53,14,23,0
2970,53,14,23,0
2971,53,14,23,0
2972,53,14,23,0
2973,53,14,23,0
2974,53,14,23,0
2975,53,14,23,0
2976,53,14,23,0
2977,53,14,23,0
2978,53,14,23,0
2979,53,14,23,0
2980,53,14,23,0
2981,53,14,23,0
2982,53,14,23,0
2983,53,14,23,0
2984,53,14,23,0
2985,53,14,23,0
2986,53,14,23,0
2987,53,14,23,0
2988,53,14,23,0
2989,53,14,23,0
2990,53,14,23,0
2991,53,14,23,0
2992,53,14,23,0
2993,53,14,23,0
2994,53,14,23,0
2995,53,14,23,0
2996,53,14,23,0
2997,53,14,23,0
2998,53,14,23,0
2999,53,14,23,0
3000,53,14,23,0
3001,53,14,23,0
3002,53,14,23,0
3003,53,14,23,0
3004,53,14,23,0
3005,53,14,23,0
3006,53,14,23,0
3007,53,14,23,0
3008,53,14,23,0
3009,53,14,23,0
3010,53,14,23,0
3011,53,14,23,0
3012,53,14,23,0
3013,53,14,23,0
3014,53,14,23,0
3015,53,14,23,0
3016,53,14,23,0
3017,53,14,23,0
3018,53,14,23,0
3019,53,14,23,0
3020,53,14,23,0
3021,53,14,23,0
3022,53,14,23,0
3023,53,14,23,0
3024,53,14,23,0
3025,53,14,23,0
3026,53,14,23,0
3027,53,14,23,0
3028,53,14,23,0
3029,53,14,23,0
3030,53,14,23,0
3031,53,14,23,0
3032,53,14,23,0
3033,53,14,23,0
3034,53,14,23,0
3035,53,14,23,0
3036,53,14,23,0
3037,53,14,23,0
3038,53,14,23,0
3039,53,14,23,0
3040,53,14,23,0
3041,53,14,23,0
3042,53,14,23,0
3043,53,14,23,0
3044,53,14,23,0
3045,53,14,23,0
3046,53,14,23,0
3047,53,14,23,0
3048,53,14,23,0
3049,53,14,23,0
3050,53,14,23,0
3051,53,14,23,0
3052,53,14,23,0
3053,53,14,23,0
3054,53,14,23,0
3055,53,14,23,0
3056,53,14,23,0
3057,53,14,23,0
3058,53,14,23,0
3059,53,14,23,0
3060,53,14,23,0
3061,53,14,23,0
3062,53,14,23,0
3063,53,14,23,0
3064,53,14,23,0
3065,53,14,23,0
3066,53,14,23,0
3067,53,14,23,0
3068,53,14,23,0
3069,53,14,23,0
3070,53,14,23,0
3071,53,14,23,0
3072,53,14,23,0
3073,53,14,23,0
3074,53,14,23,0
3075,53,14,23,0
3076,53,14,23,0
3077,53,14,23,0
3078,53,14,23,0
3079,53,14,23,0
3080,53,14,23,0
3081,53,14,23,0
3082,53,14,23,0
3083,53,14,23,0
3084,53,14,23,0
3085,53,14,23,0
3086,53,14,23,0
3087,53,14,23,0
3088,53,14,23,0
3089,53,14,23,0
3090,53,14,23,0
3091,53,14,23,0
3092,53,14,23,0
3093,53,14,23,0
3094,53,14,23,0
3095,53,14,23,0
3096,53,14,23,0
3097,53,14,23,0
3098,53,14,23,0
3099,53,14,23,0
3100,53,14,23,0
3101,53,14,23,0
3102,53,14,23,0
3103,53,14,23,0
3104,53,14,23,0
3105,53,14,23,0
3106,53,14,23,0
3107,53,14,23,0
3108,53,14,23,0
3109,53,14,23,0
3110,53,14,23,0
3111,53,14,23,0
3112,53,14,23,0
3113,53,14,23,0
3114,53,14,23,0
3115,53,14,23,0
3116,53,14,23,0
3117,53,14,23,0
3118,53,14,23,0
3119,53,14,23,0
3120,53,14,23,0
3121,53,14,23,0
3122,53,14,23,0
3123,53,14,23,0
3124,53,14,23,0
3125,53,14,23,0
3126,53,14,23,0
3127,53,14,23,0
3128,53,14,23,0
3129,53,14,23,0
3130,53,14,23,0
3131,53,14,23,0
3132,53,14,23,0
3133,53,14,23,0
3134,53,14,23,0
3135,53,14,23,0
3136,53,14,23,0
3137,53,14,23,0
3138,53,14,23,0
3139,53,14,23,0
3140,53,14,23,0
3141,53,14,23,0
3142,53,14,23,0
3143,53,14,23,0
3144,53,14,23,0
3145,53,14,23,0
3146,53,14,23,0
3147,53,14,23,0
3148,53,14,23,0
3149,53,14,23,0
3150,53,14,23,0
3151,53,14,23,0
3152,53,14,23,0
3153,53,14,23,0
3154,53,14,23,0
3155,53,14,23,0
3156,53,14,23,0
3157,53,14,23,0
3158,53,14,23,0
3159,53,14,23,0
3160,53,14,23,0
3161,53,14,23,0
3162,53,14,23,0
3163,53,14,23,0
3164,53,14,23,0
3165,53,14,23,0
3166,53,14,23,0
3167,53,14,23,0
3168,53,14,23,0
3169,53,14,23,0
3170,53,14,23,0
3171,53,14,23,0
3172,53,14,23,0
3173,53,14,23,0
3174,53,14,23,0
3175,53,14,23,0
3176,53,14,23,0
3177,53,14,23,0
3178,53,14,23,0
3179,53,14,23,0
3180,53,14,23,0
3181,53,14,23,0
3182,53,14,23,0
3183,53,14,23,0
3184,53,14,23,0
3185,53,14,23,0
3186,53,14,23,0
3187,53,14,23,0
3188,53,14,23,0
3189,53,14,23,0
3190,53,14,23,0
3191,53,14,23,0
3192,53,14,23,0
3193,53,14,23,0
3194,53,14,23,0
3195,53,14,23,0
3196,53,14,23,0
3197,53,14,23,0
3198,53,14,23,0
3199,53,14,23,0
3200,53,14,23,0
3201,53,14,23,0
3202,53,14,23,0
3203,53,14,23,0
3204,53,14,23,0
3205,53,14,23,0
3206,53,14,23,0
3207,53,14,23,0
3208,53,14,23,0
3209,53,14,23,0
3210,53,14,23,0
3211,53,14,23,0
3212,53,14,23,0
3213,53,14,23,0
3214,53,14,23,0
3215,53,14,23,0
3216,53,14,23,0
3217,53,14,23,0
3218,53,14,23,0
3219,53,14,23,0
3220,53,14,23,0
3221,53,14,23,0
3222,53,14,23,0
3223,53,14,23,0
3224,53,14,23,0
3225,53,14,23,0
3226,53,14,23,0
3227,53,14,23,0
3228,53,14,23,0
3229,53,14,23,0
3230,53,14,23,0
3231,53,14,23,0
3232,53,14,23,0
3233,53,14,23,0
3234,53,14,23,0
3235,53,14,23,0
3236,53,14,23,0
3237,53,14,23,0
3238,53,14,23,0
3239,53,14,23,0
3240,53,14,23,0
3241,53,14,23,0
3242,53,14,23,0
3243,53,14,23,0
3244,53,14,23,0
3245,53,14,23,0
3246,53,14,23,0
3247,53,14,23,0
3248,53,14,23,0
3249,53,14,23,0
3250,53,14,23,0
3251,53,14,23,0
3252,53,14,23,0
3253,53,14,23,0
3254,53,14,23,0
3255,53,14,23,0
3256,53,14,23,0
3257,53,14,23,0
3258,53,14,23,0
3259,53,14,23,0
3260,53,14,23,0
3261,53,14,23,0
3262,53,14,23,0
3263,53,14,23,0
3264,53,14,23,0
3265,53,14,23,0
3266,53,14,23,0
3267,53,14,23,0
3268,53,14,23,0
3269,53,14,23,0
3270,53,14,23,0
3271,53,14,23,0
3272,53,14,23,0
3273,53,14,23,0
3274,53,14,23,0
3275,53,14,23,0
3276,53,14,23,0
3277,53,14,23,0
3278,53,14,23,0
3279,53,14,23,0
3280,53,14,23,0
3281,53,14,23,0
3282,53,14,23,0
3283,53,14,23,0
3284,53,14,23,0
3285,53,14,23,0
3286,53,14,23,0
3287,53,14,23,0
3288,53,14,23,0
3289,53,14,23,0
3290,53,14,23,0
3291,53,14,23,0
3292,53,14,23,0
3293,53,14,23,0
3294,53,14,23,0
3295,53,14,23,0
3296,53,14,23,0
3297,53,14,23,0
3298,53,14,23,0
3299,53,14,23,0
3300,53,14,23,0
3301,53,14,23,0
3302,53,14,23,0
3303,53,14,23,0
3304,53,14,23,0
3305,53,14,23,0
3306,53,14,23,0
3307,53,14,23,0
3308,53,14,23,0
3309,53,14,23,0
3310,53,14,23,0
3311,53,14,23,0
3312,53,14,23,0
3313,53,14,23,0
3314,53,14,23,0
3315,53,14,23,0
3316,53,14,23,0
3317,53,14,23,0
3318,53,14,23,0
3319,53,14,23,0
3320,53,14,23,0
3321,53,14,23,0
3322,53,14,23,0
3323,53,14,23,0
3324,53,14,23,0
3325,53,14,23,0
3326,53,14,23,0
3327,53,14,23,0
3328,53,14,23,0
3329,53,14,23,0
3330,53,14,23,0
3331,53,14,23,0
3332,53,14,23,0
3333,53,14,23,0
3334,53,14,23,0
3335,53,14,23,0
3336,53,14,23,0
3337,53,14,23,0
3338,53,14,23,0
3339,53,14,23,0
3340,53,14,23,0
3341,53,14,23,0
3342,53,14,23,0
3343,53,14,23,0
3344,53,14,23,0
3345,53,14,23,0
3346,53,14,23,0
3347,53,14,23,0
3348,53,14,23,0
3349,53,14,23,0
3350,53,14,23,0
3351,53,14,23,0
3352,53,14,23,0
3353,53,14,23,0
3354,53,14,23,0
3355,53,14,23,0
3356,53,14,23,0
3357,53,14,23,0
3358,53,14,23,0
3359,53,14,23,0
3360,53,14,23,0
3361,53,14,23,0
3362,53,14,23,0
3363,53,14,23,0
3364,53,14,23,0
3365,53,14,23,0
3366,53,14,23,0
3367,53,14,23,0
3368,53,14,23,0
3369,53,14,23,0
3370,53,14,23,0
3371,53,14,23,0
3372,53,14,23,0
3373,53,14,23,0
3374,53,14,23,0
3375,53,14,23,0
3376,53,14,23,0
3377,53,14,23,0
3378,53,14,23,0
3379,53,14,23,0
3380,53,14,23,0
3381,53,14,23,0
3382,53,14,23,0
3383,53,14,23,0
3384,53,14,23,0
3385,53,14,23,0
3386,53,14,23,0
3387,53,14,23,0
3388,53,14,23,0
3389,53,14,23,0
3390,53,14,23,0
3391,53,14,23,0
3392,53,14,23,0
3393,53,14,23,0
3394,53,14,23,0
3395,53,14,23,0
3396,53,14,23,0
3397,53,14,23,0
3398,53,14,23,0
3399,53,14,23,0
3400,53,14,23,0
3401,53,14,23,0
3402,53,14,23,0
3403,53,14,23,0
3404,53,14,23,0
3405,53,14,23,0
3406,53,14,23,0
3407,53,14,23,0
3408,53,14,23,0
3409,53,14,23,0
3410,53,14,23,0
3411,53,14,23,0
3412,53,14,23,0
3413,53,14,23,0
3414,53,14,23,0
3415,53,14,23,0
3416,53,14,23,0
3417,53,14,23,0
3418,53,14,23,0
3419,53,14,23,0
3420,53,14,23,0
3421,53,14,23,0
3422,53,14,23,0
3423,53,14,23,0
3424,53,14,23,0
3425,53,14,23,0
3426,53,14,23,0
3427,53,14,23,0
3428,53,14,23,0
3429,53,14,23,0
3430,53,14,23,0
3431,53,14,23,0
3432,53,14,23,0
3433,53,14,23,0
3434,53,14,23,0
3435,53,14,23,0
3436,53,14,23,0
3437,53,14,23,0
3438,53,14,23,0
3439,53,14,23,0
3440,53,14,23,0
3441,53,14,23,0
3442,53,14,23,0
3443,53,14,23,0
3444,53,14,23,0
3445,53,14,23,0
3446,53,14,23,0
3447,53,14,23,0
3448,53,14,23,0
3449,53,14,23,0
3450,53,14,23,0
3451,53,14,23,0
3452,53,14,23,0
3453,53,14,23,0
3454,53,14,23,0
3455,53,14,23,0
3456,53,14,23,0
3457,53,14,23,0
3458,53,14,23,0
3459,53,14,23,0
3460,53,14,23,0
3461,53,14,23,0
3462,53,14,23,0
3463,53,14,23,0
3464,53,14,23,0
3465,53,14,23,0
3466,53,14,23,0
3467,53,14,23,0
3468,53,14,23,0
3469,53,14,23,0
3470,53,14,23,0
3471,53,14,23,0
3472,53,14,23,0
3473,53,14,23,0
3474,53,14,23,0
3475,53,14,23,0
3476,53,14,23,0
3477,53,14,23,0
3478,53,14,23,0
3479,53,14,23,0
3480,53,14,23,0
3481,53,14,23,0
3482,53,14,23,0
3483,53,14,23,0
3484,53,14,23,0
3485,53,14,23,0
3486,53,14,23,0
3487,53,14,23,0
3488,53,14,23,0
3489,53,14,23,0
3490,53,14,23,0
3491,53,14,23,0
3492,53,14,23,0
3493,53,14,23,0
3494,53,14,23,0
3495,53,14,23,0
3496,53,14,23,0
3497,53,14,23,0
3498,53,14,23,0
3499,53,14,23,0
3500,53,14,23,0
3501,53,14,23,0
3502,53,14,23,0
3503,53,14,23,0
3504,53,14,23,0
3505,53,14,23,0
3506,53,14,23,0
3507,53,14,23,0
3508,53,14,23,0
3509,53,14,23,0
3510,53,14,23,0
3511,53,14,23,0
3512,53,14,23,0
3513,53,14,23,0
3514,53,14,23,0
3515,53,14,23,0
3516,53,14,23,0
3517,53,14,23,0
3518,53,14,23,0
3519,53,14,23,0
3520,53,14,23,0
3521,53,14,23,0
3522,53,14,23,0
3523,53,14,23,0
3524,53,14,23,0
3525,53,14,23,0
3526,53,14,23,0
3527,53,14,23,0
3528,53,14,23,0
3529,53,14,23,0
3530,53,14,23,0
3531,53,14,23,0
3532,53,14,23,0
3533,53,14,23,0
3534,53,14,23,0
3535,53,14,23,0
3536,53,14,23,0
3537,53,14,23,0
3538,53,14,23,0
3539,53,14,23,0
3540,53,14,23,0
3541,53,14,23,0
3542,53,14,23,0
3543,53,14,23,0
3544,53,14,23,0
3545,53,14,23,0
3546,53,14,23,0
3547,53,14,23,0
3548,53,14,23,0
3549,53,14,23,0
3550,53,14,23,0
3551,53,14,23,0
3552,53,14,23,0
3553,53,14,23,0
3554,53,14,23,0
3555,53,14,23,0
3556,53,14,23,0
3557,53,14,23,0
3558,53,14,23,0
3559,53,14,23,0
3560,53,14,23,0
3561,53,14,23,0
3562,53,14,23,0
3563,53,14,23,0
3564,53,14,23,0
3565,53,14,23,0
3566,53,14,23,0
3567,53,14,23,0
3568,53,14,23,0
3569,53,14,23,0
3570,53,14,23,0
3571,53,14,23,0
3572,53,14,23,0
3573,53,14,23,0
3574,53,14,23,0
3575,53,14,23,0
3576,53,14,23,0
3577,53,14,23,0
3578,53,14,23,0
3579,53,14,23,0
3580,53,14,23,0
3581,53,14,23,0
3582,53,14,23,0
3583,53,14,23,0
3584,53,14,23,0
3585,53,14,23,0
3586,53,14,23,0
3587,53,14,23,0
3588,53,14,23,0
3589,53,14,23,0
3590,53,14,23,0
3591,53,14,23,0
3592,53,14,23,0
3593,53,14,23,0
3594,53,14,23,0
3595,53,14,23,0
3596,53,14,23,0
3597,53,14,23,0
3598,53,14,23,0
3599,53,14,23,0
3600,53,14,23,0
3601,53,14,23,0
3602,53,14,23,0
3603,53,14,23,0
3604,53,14,23,0
3605,53,14,23,0
3606,53,14,23,0
3607,53,14,23,0
3608,53,14,23,0
3609,53,14,23,0
3610,53,14,23,0
3611,53,14,23,0
3612,53,14,23,0
3613,53,14,23,0
3614,53,14,23,0
3615,53,14,23,0
3616,53,14,23,0
3617,53,14,23,0
3618,53,14,23,0
3619,53,14,23,0
3620,53,14,23,0
3621,53,14,23,0
3622,53,14,23,0
3623,53,14,23,0
3624,53,14,23,0
3625,53,14,23,0
3626,53,14,23,0
3627,53,14,23,0
3628,53,14,23,0
3629,53,14,23,0
3630,53,14,23,0
3631,53,14,23,0
3632,53,14,23,0
3633,53,14,23,0
3634,53,14,23,0
3635,53,14,23,0
3636,53,14,23,0
3637,53,14,23,0
3638,53,14,23,0
3639,53,14,23,0
3640,53,14,23,0
3641,53,14,23,0
3642,53,14,23,0
3643,53,14,23,0
3644,53,14,23,0
3645,53,14,23,0
3646,53,14,23,0
3647,53,14,23,0
3648,53,14,23,0
3649,53,14,23,0
3650,53,14,23,0
3651,53,14,23,0
3652,53,14,23,0
3653,53,14,23,0
3654,53,14,23,0
3655,53,14,23,0
3656,53,14,23,0
3657,53,14,23,0
3658,53,14,23,0
3659,53,14,23,0
3660,53,14,23,0
3661,53,14,23,0
3662,53,14,23,0
3663,53,14,23,0
3664,53,14,23,0
3665,53,14,23,0
3666,53,14,23,0
3667,53,14,23,0
3668,53,14,23,0
3669,53,14,23,0
3670,53,14,23,0
3671,53,14,23,0
3672,53,14,23,0
3673,53,14,23,0
3674,53,14,23,0
3675,53,14,23,0
3676,53,14,23,0
3677,53,14,23,0
3678,53,14,23,0
3679,53,14,23,0
3680,53,14,23,0
3681,53,14,23,0
3682,53,14,23,0
3683,53,14,23,0
3684,53,14,23,0
3685,53,14,23,0
3686,53,14,23,0
3687,53,14,23,0
3688,53,14,23,0
3689,53,14,23,0
3690,53,14,23,0
3691,53,14,23,0
3692,53,14,23,0
3693,53,14,23,0
3694,53,14,23,0
3695,53,14,23,0
3696,53,14,23,0
3697,53,14,23,0
3698,53,14,23,0
3699,53,14,23,0
3700,53,14,23,0
3701,53,14,23,0
3702,53,14,23,0
3703,53,14,23,0
3704,53,14,23,0
3705,53,14,23,0
3706,53,14,23,0
3707,53,14,23,0
3708,53,14,23,0
3709,53,14,23,0
3710,53,14,23,0
3711,53,14,23,0
3712,53,14,23,0
3713,53,14,23,0
3714,53,14,23,0
3715,53,14,23,0
3716,53,14,23,0
3717,53,14,23,0
3718,53,14,23,0
3719,53,14,23,0
3720,53,14,23,0
3721,53,14,23,0
3722,53,14,23,0
3723,53,14,23,0
3724,53,14,23,0
3725,53,14,23,0
3726,53,14,23,0
3727,53,14,23,0
3728,53,14,23,0
3729,53,14,23,0
3730,53,14,23,0
3731,53,14,23,0
3732,53,14,23,0
3733,53,14,23,0
3734,53,14,23,0
3735,53,14,23,0
3736,53,14,23,0
3737,53,14,23,0
3738,53,14,23,0
3739,53,14,23,0
3740,53,14,23,0
3741,53,14,23,0
3742,53,14,23,0
3743,53,14,23,0
3744,53,14,23,0
3745,53,14,23,0
3746,53,14,23,0
3747,53,14,23,0
3748,53,14,23,0
3749,53,14,23,0
3750,53,14,23,0
3751,53,14,23,0
3752,53,14,23,0
3753,53,14,23,0
3754,53,14,23,0
3755,53,14,23,0
3756,53,14,23,0
3757,53,14,23,0
3758,53,14,23,0
3759,53,14,23,0
3760,53,14,23,0
3761,53,14,23,0
3762,53,14,23,0
3763,53,14,23,0
3764,53,14,23,0
3765,53,14,23,0
3766,53,14,23,0
3767,53,14,23,0
3768,53,14,23,0
3769,53,14,23,0
3770,53,14,23,0
3771,53,14,23,0
3772,53,14,23,0
3773,53,14,23,0
3774,53,14,23,0
3775,53,14,23,0
3776,53,14,23,0
3777,53,14,23,0
3778,53,14,23,0
3779,53,14,23,0
3780,53,14,23,0
3781,53,14,23,0
3782,53,14,23,0
3783,53,14,23,0
3784,53,14,23,0
3785,53,14,23,0
3786,53,14,23,0
3787,53,14,23,0
3788,53,14,23,0
3789,53,14,23,0
3790,53,14,23,0
3791,53,14,23,0
3792,53,14,23,0
3793,53,14,23,0
3794,53,14,23,0
3795,53,14,23,0
3796,53,14,23,0
3797,53,14,23,0
3798,53,14,23,0
3799,53,14,23,0
3800,53,14,23,0
3801,53,14,23,0
3802,53,14,23,0
3803,53,14,23,0
3804,53,14,23,0
3805,53,14,23,0
3806,53,14,23,0
3807,53,14,23,0
3808,53,14,23,0
3809,53,14,23,0
3810,53,14,23,0
3811,53,14,23,0
3812,53,14,23,0
3813,53,14,23,0
3814,53,14,23,0
3815,53,14,23,0
3816,53,14,23,0
3817,53,14,23,0
3818,53,14,23,0
3819,53,14,23,0
3820,53,14,23,0
3821,53,14,23,0
3822,53,14,23,0
3823,53,14,23,0
3824,53,14,23,0
3825,53,14,23,0
3826,53,14,23,0
3827,53,14,23,0
3828,53,14,23,0
3829,53,14,23,0
3830,53,14,23,0
3831,53,14,23,0
3832,53,14,23,0
3833,53,14,23,0
3834,53,14,23,0
3835,53,14,23,0
3836,53,14,23,0
3837,53,14,23,0
3838,53,14,23,0
3839,53,14,23,0
3840,53,14,23,0
3841,53,14,23,0
3842,53,14,23,0
3843,53,14,23,0
3844,53,14,23,0
3845,53,14,23,0
3846,53,14,23,0
3847,53,14,23,0
3848,53,14,23,0
3849,53,14,23,0
3850,53,14,23,0
3851,53,14,23,0
3852,53,14,23,0
3853,53,14,23,0
3854,53,14,23,0
3855,53,14,23,0
3856,53,14,23,0
3857,53,14,23,0
3858,53,14,23,0
3859,53,14,23,0
3860,53,14,23,0
3861,53,14,23,0
3862,53,14,23,0
3863,53,14,23,0
3864,53,14,23,0
3865,53,14,23,0
3866,53,14,23,0
3867,53,14,23,0
3868,53,14,23,0
3869,53,14,23,0
3870,53,14,23,0
3871,53,14,23,0
3872,53,14,23,0
3873,53,14,23,0
3874,53,14,23,0
3875,53,14,23,0
3876,53,14,23,0
3877,53,14,23,0
3878,53,14,23,0
3879,53,14,23,0
3880,53,14,23,0
3881,53,14,23,0
3882,53,14,23,0
3883,53,14,23,0
3884,53,14,23,0
3885,53,14,23,0
3886,53,14,23,0
3887,53,14,23,0
3888,53,14,23,0
3889,53,14,23,0
3890,53,14,23,0
3891,53,14,23,0
3892,53,14,23,0
3893,53,14,23,0
3894,53,14,23,0
3895,53,14,23,0
3896,53,14,23,0
3897,53,14,23,0
3898,53,14,23,0
3899,53,14,23,0
3900,53,14,23,0
3901,53,14,23,0
3902,53,14,23,0
3903,53,14,23,0
3904,53,14,23,0
3905,53,14,23,0
3906,53,14,23,0
3907,53,14,23,0
3908,53,14,23,0
3909,53,14,23,0
3910,53,14,23,0
3911,53,14,23,0
3912,53,14,23,0
3913,53,14,23,0
3914,53,14,23,0
3915,53,14,23,0
3916,53,14,23,0
3917,53,14,23,0
3918,53,14,23,0
3919,53,14,23,0
3920,53,14,23,0
3921,53,14,23,0
3922,53,14,23,0
3923,53,14,23,0
3924,53,14,23,0
3925,53,14,23,0
3926,53,14,23,0
3927,53,14,23,0
3928,53,14,23,0
3929,53,14,23,0
3930,53,14,23,0
3931,53,14,23,0
3932,53,14,23,0
3933,53,14,23,0
3934,53,14,23,0
3935,53,14,23,0
3936,53,14,23,0
3937,53,14,23,0
3938,53,14,23,0
3939,53,14,23,0
3940,53,14,23,0
3941,53,14,23,0
3942,53,14,23,0
3943,53,14,23,0
3944,53,14,23,0
3945,53,14,23,0
3946,53,14,23,0
3947,53,14,23,0
3948,53,14,23,0
3949,53,14,23,0
3950,53,14,23,0
3951,53,14,23,0
3952,53,14,23,0
3953,53,14,23,0
3954,53,14,23,0
3955,53,14,23,0
3956,53,14,23,0
3957,53,14,23,0
3958,53,14,23,0
3959,53,14,23,0
3960,53,14,23,0
3961,53,14,23,0
3962,53,14,23,0
3963,53,14,23,0
3964,53,14,23,0
3965,53,14,23,0
3966,53,14,23,0
3967,53,14,23,0
3968,53,14,23,0
3969,53,14,23,0
3970,53,14,23,0
3971,53,14,23,0
3972,53,14,23,0
3973,53,14,23,0
3974,53,14,23,0
3975,53,14,23,0
3976,53,14,23,0
3977,53,14,23,0
3978,53,14,23,0
3979,53,14,23,0
3980,53,14,23,0
3981,53,14,23,0
3982,53,14,23,0
3983,53,14,23,0
3984,53,14,23,0
3985,53,14,23,0
3986,53,14,23,0
3987,53,14,23,0
3988,53,14,23,0
3989,53,14,23,0
3990,53,14,23,0
3991,53,14,23,0
3992,53,14,23,0
3993,53,14,23,0
3994,53,14,23,0
3995,53,14,23,0
3996,53,14,23,0
3997,53,14,23,0
3998,53,14,23,0
3999,53,14,23,0
4000,53,14,23,0
4001,53,14,23,0
4002,53,14,23,0
4003,53,14,23,0
4004,53,14,23,0
4005,53,14,23,0
4006,53,14,23,0
4007,53,14,23,0
4008,53,14,23,0
4009,53,14,23,0
4010,53,14,23,0
4011,53,14,23,0
4012,53,14,23,0
4013,53,14,23,0
4014,53,14,23,0
4015,53,14,23,0
4016,53,14,23,0
4017,53,14,23,0
4018,53,14,23,0
4019,53,14,23,0
4020,53,14,23,0
4021,53,14,23,0
4022,53,14,23,0
4023,53,14,23,0
4024,53,14,23,0
4025,53,14,23,0
4026,53,14,23,0
4027,53,14,23,0
4028,53,14,23,0
4029,53,14,23,0
4030,53,14,23,0
4031,53,14,23,0
4032,53,14,23,0
4033,53,14,23,0
4034,53,14,23,0
4035,53,14,23,0
4036,53,14,23,0
4037,53,14,23,0
4038,53,14,23,0
4039,53,14,23,0
4040,53,14,23,0
4041,53,14,23,0
4042,53,14,23,0
4043,53,14,23,0
4044,53,14,23,0
4045,53,14,23,0
4046,53,14,23,0
4047,53,14,23,0
4048,53,14,23,0
4049,53,14,23,0
4050,53,14,23,0
4051,53,14,23,0
4052,53,14,23,0
4053,53,14,23,0
4054,53,14,23,0
4055,53,14,23,0
4056,53,14,23,0
4057,53,14,23,0
4058,53,14,23,0
4059,53,14,23,0
4060,53,14,23,0
4061,53,14,23,0
4062,53,14,23,0
4063,53,14,23,0
4064,53,14,23,0
4065,53,14,23,0
4066,53,14,23,0
4067,53,14,23,0
4068,53,14,23,0
4069,53,14,23,0
4070,53,14,23,0
4071,53,14,23,0
4072,53,14,23,0
4073,53,14,23,0
4074,53,14,23,0
4075,53,14,23,0
4076,53,14,23,0
4077,53,14,23,0
4078,53,14,23,0
4079,53,14,23,0
4080,53,14,23,0
4081,53,14,23,0
4082,53,14,23,0
4083,53,14,23,0
4084,53,14,23,0
4085,53,14,23,0
4086,53,14,23,0
4087,53,14,23,0
4088,53,14,23,0
4089,53,14,23,0
4090,53,14,23,0
4091,53,14,23,0
4092,53,14,23,0
4093,53,14,23,0
4094,53,14,23,0
4095,53,14,23,0
4096,53,14,23,0
4097,53,14,23,0
4098,53,14,23,0
4099,53,14,23,0
4100,53,14,23,0
4101,53,14,23,0
4102,53,14,23,0
4103,53,14,23,0
4104,53,14,23,0
4105,53,14,23,0
4106,53,14,23,0
4107,53,14,23,0
4108,53,14,23,0
4109,53,14,23,0
4110,53,14,23,0
4111,53,14,23,0
4112,53,14,23,0
4113,53,14,23,0
4114,53,14,23,0
4115,53,14,23,0
4116,53,14,23,0
4117,53,14,23,0
4118,53,14,23,0
4119,53,14,23,0
4120,53,14,23,0
4121,53,14,23,0
4122,53,14,23,0
4123,53,14,23,0
4124,53,14,23,0
4125,53,14,23,0
4126,53,14,23,0
4127,53,14,23,0
4128,53,14,23,0
4129,53,14,23,0
4130,53,14,23,0
4131,53,14,23,0
4132,53,14,23,0
4133,53,14,23,0
4134,53,14,23,0
4135,53,14,23,0
4136,53,14,23,0
4137,53,14,23,0
4138,53,14,23,0
4139,53,14,23,0
4140,53,14,23,0
4141,53,14,23,0
4142,53,14,23,0
4143,53,14,23,0
4144,53,14,23,0
4145,53,14,23,0
4146,53,14,23,0
4147,53,14,23,0
4148,53,14,23,0
4149,53,14,23,0
4150,53,14,23,0
4151,53,14,23,0
4152,53,14,23,0
4153,53,14,23,0
4154,53,14,23,0
4155,53,14,23,0
4156,53,14,23,0
4157,53,14,23,0
4158,53,14,23,0
4159,53,14,23,0
4160,53,14,23,0
4161,53,14,23,0
4162,53,14,23,0
4163,53,14,23,0
4164,53,14,23,0
4165,53,14,23,0
4166,53,14,23,0
4167,53,14,23,0
4168,53,14,23,0
4169,53,14,23,0
4170,53,14,23,0
4171,53,14,23,0
4172,53,14,23,0
4173,53,14,23,0
4174,53,14,23,0
4175,53,14,23,0
4176,53,14,23,0
4177,53,14,23,0
4178,53,14,23,0
4179,53,14,23,0
4180,53,14,23,0
4181,53,14,23,0
4182,53,14,23,0
4183,53,14,23,0
4184,53,14,23,0
4185,53,14,23,0
4186,53,14,23,0
4187,53,14,23,0
4188,53,14,23,0
4189,53,14,23,0
4190,53,14,23,0
4191,53,14,23,0
4192,53,14,23,0
4193,53,14,23,0
4194,53,14,23,0
4195,53,14,23,0
4196,53,14,23,0
4197,53,14,23,0
4198,53,14,23,0
4199,53,14,23,0
4200,53,14,23,0
4201,53,14,23,0
4202,53,14,23,0
4203,53,14,23,0
4204,53,14,23,0
4205,53,14,23,0
4206,53,14,23,0
4207,53,14,23,0
4208,53,14,23,0
4209,53,14,23,0
4210,53,14,23,0
4211,53,14,23,0
4212,53,14,23,0
4213,53,14,23,0
4214,53,14,23,0
4215,53,14,23,0
4216,53,14,23,0
4217,53,14,23,0
4218,53,14,23,0
4219,53,14,23,0
4220,55,14,24,0
4221,55,14,24,0
4222,55,14,24,0
4223,55,14,24,0
4224,55,14,24,0
4225,55,14,24,0
4226,55,14,24,0
4227,55,14,24,0
4228,55,14,24,0
4229,55,14,24,0
4230,55,14,24,0
4231,55,14,24,0
4232,55,14,24,0
4233,55,14,24,0
4234,55,14,24,0
4235,55,14,24,0
4236,55,14,24,0
4237,55,14,24,0
4238,55,14,24,0
4239,55,14,24,0
4240,55,14,24,0
4241,55,14,24,0
4242,55,14,24,0
4243,55,14,24,0
4244,55,14,24,0
4245,55,14,24,0
4246,55,14,24,0
4247,55,14,24,0
4248,55,14,24,0
4249,55,14,24,0
4250,55,14,24,0
4251,55,14,24,0
4252,55,14,24,0
4253,55,14,24,0
4254,55,14,24,0
4255,55,14,24,0
4256,55,14,24,0
4257,55,14,24,0
4258,55,14,24,0
4259,55,14,24,0
4260,55,14,24,0
4261,55,14,24,0
4262,55,14,24,0
4263,55,14,24,0
4264,55,14,24,0
4265,55,14,24,0
4266,55,14,24,0
4267,55,14,24,0
4268,55,14,24,0
4269,55,14,24,0
4270,55,14,24,0
4271,55,14,24,0
4272,55,14,24,0
4273,55,14,24,0
4274,55,14,24,0
4275,55,14,24,0
4276,55,14,24,0
4277,55,14,24,0
4278,55,14,24,0
4279,55,14,24,0
4280,56,14,25,1
4281,56,14,25,1
4282,56,14,25,1
4283,56,14,25,2
4284,56,14,25,2
4285,56,14,25,2
4286,56,14,25,2
4287,56,14,25,2
4288,56,14,25,2
4289,56,14,25,2
4290,56,14,25,2
4291,56,14,25,2
4292,56,14,25,2
4293,56,14,25,2
4294,56,14,25,2
4295,56,14,25,2
4296,56,14,25,2
4297,56,14,25,3
4298,56,14,25,3
4299,56,14,25,3
4300,56,14,25,3
4301,56,14,25,3
4302,56,14,25,3
4303,56,14,25,3
4304,56,14,25,3
4305,56,14,25,3
4306,56,14,25,3
4307,56,14,25,4
4308,56,14,25,4
4309,56,14,25,5
4310,56,14,25,5
4311,56,14,25,5
4312,56,14,25,5
4313,56,14,25,5
4314,56,14,25,5
4315,56,14,25,5
4316,56,14,25,6
4317,56,14,25,6
4318,56,14,25,7
4319,56,14,25,7
4320,56,14,25,7
4321,56,14,25,7
4322,56,14,25,7
4323,56,14,25,7
4324,56,14,25,7
4325,56,14,25,7
4326,56,14,25,7
4327,56,14,25,7
4328,56,14,25,7
4329,56,14,25,7
4330,56,14,25,7
4331,56,14,25,7
4332,56,14,25,7
4333,56,14,25,7
4334,56,14,25,7
4335,56,14,25,7
4336,56,14,25,8
4337,56,14,25,8
4338,56,14,25,9
4339,56,14,25,9
4340,56,14,25,10
4341,56,14,25,10
4342,56,14,25,10
4343,56,14,25,11
4344,56,14,25,12
4345,56,14,25,12
4346,56,14,25,12
4347,56,14,25,13
4348,56,14,25,14
4349,56,14,25,14
4350,56,14,25,15
4351,56,14,25,15
4352,56,14,25,16
4353,56,14,25,16
4354,56,14,25,16
4355,56,14,25,16
4356,56,14,25,16
4357,56,14,25,17
4358,56,14,25,17
4359,56,14,25,17
4360,56,14,25,17
4361,56,14,25,17
4362,56,14,25,17
4363,56,14,25,17
4364,56,14,25,17
4365,56,14,25,17
4366,56,14,25,17
4367,56,14,25,17
4368,56,14,25,17
4369,56,14,25,17
4370,56,14,25,17
4371,56,14,25,17
4372,56,14,25,17
4373,56,14,25,17
4374,56,14,25,17
4375,56,14,25,17
4376,56,14,25,17
4377,56,14,25,17
4378,56,14,25,17
4379,56,14,25,17
4380,56,14,25,17
4381,56,14,25,17
4382,56,14,25,17
4383,56,14,25,17
4384,56,14,25,18
4385,56,14,25,18
4386,56,14,25,18
4387,56,14,25,18
4388,56,14,25,18
4389,56,14,25,18
4390,56,14,25,18
4391,56,14,25,18
4392,56,14,25,18
4393,56,14,25,18
4394,56,14,25,18
4395,56,14,25,18
4396,56,14,25,18
4397,56,14,25,18
4398,56,14,25,18
4399,56,14,25,18
4400,56,14,25,18
4401,56,14,25,18
4402,56,14,25,18
4403,56,14,25,18
4404,56,14,25,18
4405,56,14,25,18
4406,56,14,25,18
4407,56,14,25,18
4408,56,14,25,18
4409,56,14,25,18
4410,56,14,25,18
4411,56,14,25,18
4412,56,14,25,18
4413,56,14,25,18
4414,56,14,25,18
4415,56,14,25,18
4416,56,14,25,18
4417,56,14,25,18
4418,56,14,25,18
4419,56,14,25,18
4420,56,14,25,18
4421,56,14,25,18
4422,56,14,25,18
4423,56,14,25,18
4424,56,14,25,19
4425,56,14,25,19
4426,56,14,25,19
4427,56,14,25,19
4428,56,14,25,19
4429,56,14,25,19
4430,56,14,25,19
4431,56,14,25,19
4432,56,14,25,19
4433,56,14,25,19
4434,56,14,25,19
4435,56,14,25,19
4436,56,14,25,19
4437,56,14,25,19
4438,56,14,25,19
4439,56,14,25,19
4440,56,14,25,19
4441,56,14,25,19
4442,56,14,25,19
4443,56,14,25,19
4444,56,14,25,19
4445,56,14,25,19
4446,56,14,25,19
4447,56,14,25,19
4448,56,14,25,19
4449,56,14,25,19
4450,56,14,25,19
4451,56,14,25,19
4452,56,14,25,20
4453,56,14,25,20
4454,56,14,25,20
4455,56,14,25,20
4456,56,14,25,20
4457,56,14,25,20
4458,56,14,25,20
4459,56,14,25,20
4460,56,14,25,20
4461,56,14,25,20
4462,56,14,25,20
4463,56,14,25,20
4464,56,14,25,20
4465,56,14,25,20
4466,56,14,25,20
4467,56,14,25,20
4468,56,14,25,20
4469,56,14,25,20
4470,56,14,25,20
4471,56,14,25,20
4472,56,14,25,20
4473,56,14,25,20
4474,56,14,25,20
4475,56,14,25,20
4476,56,14,25,20
4477,56,14,25,20
4478,56,14,25,20
4479,56,14,25,20
4480,56,14,25,20
4481,56,14,25,20
4482,56,14,25,20
4483,56,14,25,20
4484,56,14,25,20
4485,56,14,25,20
4486,56,14,25,20
4487,56,14,25,20
4488,56,14,25,20
4489,56,14,25,20
4490,56,14,25,20
4491,56,14,25,20
4492,56,14,25,20
4493,56,14,25,20
4494,56,14,25,20
4495,56,14,25,20
4496,56,14,25,20
4497,56,14,25,20
4498,56,14,25,20
4499,56,14,25,20
4500,56,14,25,20
4501,56,14,25,20
4502,56,14,25,20
4503,56,14,25,20
4504,56,14,25,20
4505,56,14,25,20
4506,56,14,25,20
4507,56,14,25,20
4508,56,14,25,20
4509,56,14,25,20
4510,56,14,25,20
4511,56,14,25,20
4512,56,14,25,20
4513,56,14,25,20
4514,56,14,25,20
4515,56,14,25,20
4516,56,14,25,21
4517,56,14,25,21
4518,56,14,25,21
4519,56,14,25,21
4520,56,14,25,21
4521,56,14,25,21
4522,56,14,25,21
4523,56,14,25,21
4524,56,14,25,21
4525,56,14,25,21
4526,56,14,25,21
4527,56,14,25,21
4528,56,14,25,21
4529,56,14,25,21
4530,56,14,25,21
4531,56,14,25,21
4532,56,14,25,21
4533,56,14,25,21
4534,56,14,25,21
4535,56,14,25,21
4536,56,14,25,21
4537,56,14,25,21
4538,56,14,25,22
4539,56,14,25,22
4540,56,14,25,22
4541,56,14,25,22
4542,56,14,25,22
4543,56,14,25,22
4544,56,14,25,22
4545,56,14,25,22
4546,56,14,25,22
4547,56,14,25,22
4548,56,14,25,22
4549,56,14,25,22
4550,56,14,25,22
4551,56,14,25,22
4552,56,14,25,22
4553,56,14,25,22
4554,56,14,25,22
4555,56,14,25,22
4556,56,14,25,22
4557,56,14,25,22
4558,56,14,25,22
4559,56,14,25,22
4560,56,14,25,22
4561,56,14,25,22
4562,56,14,25,22
4563,56,14,25,22
4564,56,14,25,22
4565,56,14,25,22
4566,56,14,25,22
4567,56,14,25,22
4568,56,14,25,22
4569,56,14,25,22
4570,56,14,25,22
4571,56,14,25,22
4572,56,14,25,22
4573,56,14,25,22
4574,56,14,25,22
4575,56,14,25,22
4576,56,14,25,22
4577,56,14,25,22
4578,56,14,25,22
4579,56,14,25,22
4580,56,14,25,22
4581,56,14,25,22
4582,56,14,25,22
4583,56,14,25,22
4584,56,14,25,22
4585,56,14,25,22
4586,56,14,25,22
4587,56,14,25,22
4588,56,14,25,22
4589,56,14,25,22
4590,56,14,25,22
4591,56,14,25,22
4592,56,14,25,22
4593,56,14,25,22
4594,56,14,25,22
4595,56,14,25,22
4596,56,14,25,22
4597,56,14,25,22
4598,56,14,25,22
4599,56,14,25,22
4600,56,14,25,22
4601,56,14,25,22
4602,56,14,25,22
4603,56,14,25,22
4604,56,14,25,22
4605,56,14,25,22
4606,56,14,25,22
4607,56,14,25,22
4608,56,14,25,22
4609,56,14,25,22
4610,56,14,25,22
4611,56,14,25,22
4612,56,14,25,22
4613,56,14,25,22
4614,56,14,25,22
4615,56,14,25,22
4616,56,14,25,22
4617,56,14,25,22
4618,56,14,25,22
4619,56,14,25,22
4620,56,14,25,22
4621,56,14,25,22
4622,56,14,25,22
4623,56,14,25,22
4624,56,14,25,22
4625,56,14,25,22
4626,56,14,25,22
4627,56,14,25,22
4628,56,14,25,22
4629,56,14,25,22
4630,56,14,25,22
4631,56,14,25,22
4632,56,14,25,22
4633,56,14,25,22
4634,56,14,25,22
4635,56,14,25,22
4636,56,14,25,22
4637,56,14,25,22
4638,56,14,25,22
4639,56,14,25,22
4640,56,14,25,22
4641,56,14,25,22
4642,56,14,25,22
4643,56,14,25,22
4644,56,14,25,22
4645,56,14,25,22
4646,56,14,25,22
4647,56,14,25,22
4648,56,14,25,22
4649,56,14,25,22
4650,56,14,25,22
4651,56,14,25,22
4652,56,14,25,22
4653,56,14,25,22
4654,56,14,25,22
4655,56,14,25,22
4656,56,14,25,22
4657,56,14,25,22
4658,56,14,25,22
4659,56,14,25,22
4660,56,14,25,22
4661,56,14,25,22
4662,56,14,25,22
4663,56,14,25,22
4664,56,14,25,22
4665,56,14,25,22
4666,56,14,25,22
4667,56,14,25,22
4668,56,14,25,22
4669,56,14,25,22
4670,56,14,25,22
4671,56,14,25,22
4672,56,14,25,22
4673,56,14,25,22
4674,56,14,25,22
4675,56,14,25,22
4676,56,14,25,22
4677,56,14,25,22
4678,56,14,25,22
4679,56,14,25,22
4680,56,14,25,22
4681,56,14,25,22
4682,56,14,25,22
4683,56,14,25,22
4684,56,14,25,22
4685,56,14,25,22
4686,56,14,25,22
4687,56,14,25,22
4688,56,14,25,22
4689,56,14,25,22
4690,56,14,25,22
4691,56,14,25,22
4692,56,14,25,22
4693,56,14,25,22
4694,56,14,25,22
4695,56,14,25,22
4696,56,14,25,22
4697,56,14,25,22
4698,56,14,25,22
4699,56,14,25,22
4700,56,14,25,22
4701,56,14,25,22
4702,56,14,25,22
4703,56,14,25,22
4704,56,14,25,22
4705,56,14,25,22
4706,56,14,25,22
4707,56,14,25,22
4708,56,14,25,22
4709,56,14,25,22
4710,56,14,25,22
4711,56,14,25,22
4712,56,14,25,22
4713,56,14,25,22
4714,56,14,25,22
4715,56,14,25,22
4716,56,14,25,22
4717,56,14,25,22
4718,56,14,25,22
4719,56,14,25,22
4720,56,14,25,22
4721,56,14,25,22
4722,56,14,25,22
4723,56,14,25,22
4724,56,14,25,22
4725,56,14,25,22
4726,56,14,25,22
4727,56,14,25,22
4728,56,14,25,22
4729,56,14,25,22
4730,56,14,25,22
4731,56,14,25,22
4732,56,14,25,22
4733,56,14,25,22
4734,56,14,25,22
4735,56,14,25,22
4736,56,14,25,22
4737,56,14,25,22
4738,56,14,25,22
4739,56,14,25,22
4740,56,14,25,22
4741,56,14,25,22
4742,56,14,25,22
4743,56,14,25,22
4744,56,14,25,22
4745,56,14,25,22
4746,56,14,25,22
4747,56,14,25,22
4748,56,14,25,22
4749,56,14,25,23
4750,56,14,25,23
4751,56,14,25,23
4752,56,14,25,23
4753,56,14,25,23
4754,56,14,25,23
4755,56,14,25,23
4756,56,14,25,23
4757,56,14,25,23
4758,56,14,25,23
4759,56,14,25,23
4760,56,14,25,23
4761,56,14,25,23
4762,56,14,25,23
4763,56,14,25,23
4764,56,14,25,23
4765,56,14,25,23
4766,56,14,25,23
4767,56,14,25,23
4768,56,14,25,23
4769,56,14,25,23
4770,56,14,25,23
4771,56,14,25,23
4772,56,14,25,23
4773,56,14,25,23
4774,56,14,25,23
4775,56,14,25,23
4776,56,14,25,23
4777,56,14,25,23
4778,56,14,25,23
4779,56,14,25,23
4780,56,14,25,23
4781,56,14,25,23
4782,56,14,25,23
4783,56,14,25,23
4784,56,14,25,23
4785,56,14,25,23
4786,56,14,25,23
4787,56,14,25,23
4788,56,14,25,23
4789,56,14,25,23
4790,56,14,25,23
4791,56,14,25,23
4792,56,14,25,23
4793,56,14,25,23
4794,56,14,25,23
4795,56,14,25,23
4796,56,14,25,23
4797,56,14,25,23
4798,56,14,25,23
4799,56,14,25,23
4800,56,14,25,23
4801,56,14,25,23
4802,56,14,25,23
4803,56,14,25,23
4804,56,14,25,23
4805,56,14,25,23
4806,56,14,25,23
4807,56,14,25,23
4808,56,14,25,23
4809,56,14,25,23
4810,56,14,25,23
4811,56,14,25,23
4812,56,14,25,23
4813,56,14,25,23
4814,56,14,25,23
4815,56,14,25,23
4816,56,14,25,23
4817,56,14,25,23
4818,56,14,25,23
4819,56,14,25,23
4820,56,14,25,23
4821,56,14,25,23
4822,56,14,25,23
4823,56,14,25,23
4824,56,14,25,23
4825,56,14,25,23
4826,56,14,25,23
4827,56,14,25,23
4828,56,14,25,23
4829,56,14,25,23
4830,56,14,25,23
4831,56,14,25,23
4832,56,14,25,23
4833,56,14,25,23
4834,56,14,25,23
4835,56,14,25,23
4836,56,14,25,23
4837,56,14,25,23
4838,56,14,25,23
4839,56,14,25,23
4840,56,14,25,23
4841,56,14,25,23
4842,56,14,25,23
4843,56,14,25,23
4844,56,14,25,23
4845,56,14,25,23
4846,56,14,25,23
4847,56,14,25,23
4848,56,14,25,23
4849,56,14,25,23
4850,56,14,25,23
4851,56,14,25,23
4852,56,14,25,23
4853,56,14,25,23
4854,56,14,25,23
4855,56,14,25,23
4856,56,14,25,23
4857,56,14,25,23
4858,56,14,25,23
4859,56,14,25,23
4860,56,14,25,23
4861,56,14,25,23
4862,56,14,25,23
4863,56,14,25,23
4864,56,14,25,23
4865,56,14,25,23
4866,56,14,25,23
4867,56,14,25,23
4868,56,14,25,23
4869,56,14,25,23
4870,56,14,25,23
4871,56,14,25,23
4872,56,14,25,23
4873,56,14,25,23
4874,56,14,25,23
4875,56,14,25,23
4876,56,14,25,23
4877,56,14,25,23
4878,56,14,25,23
4879,56,14,25,23
4880,56,14,25,23
4881,56,14,25,23
4882,56,14,25,23
4883,56,14,25,23
4884,56,14,25,23
4885,56,14,25,23
4886,56,14,25,23
4887,56,14,25,23
4888,56,14,25,23
4889,56,14,25,23
4890,56,14,25,23
4891,56,14,25,23
4892,56,14,25,23
4893,56,14,25,23
4894,56,14,25,23
4895,56,14,25,23
4896,56,14,25,23
4897,56,14,25,23
4898,56,14,25,23
4899,56,14,25,23
4900,56,14,25,23
4901,56,14,25,23
4902,56,14,25,23
4903,56,14,25,23
4904,56,14,25,23
4905,56,14,25,23
4906,56,14,25,23
4907,56,14,25,23
4908,56,14,25,23
4909,56,14,25,23
4910,56,14,25,23
4911,56,14,25,23
4912,56,14,25,23
4913,56,14,25,23
4914,56,14,25,23
4915,56,14,25,23
4916,56,14,25,23
4917,56,14,25,23
4918,56,14,25,23
4919,56,14,25,23
4920,56,14,25,23
4921,56,14,25,23
4922,56,14,25,23
4923,56,14,25,23
4924,56,14,25,23
4925,56,14,25,23
4926,56,14,25,23
4927,56,14,25,23
4928,56,14,25,23
4929,56,14,25,23
4930,56,14,25,23
4931,56,14,25,23
4932,56,14,25,23
4933,56,14,25,23
4934,56,14,25,23
4935,56,14,25,23
4936,56,14,25,23
4937,56,14,25,23
4938,56,14,25,23
4939,56,14,25,23
4940,56,14,25,23
4941,56,14,25,23
4942,56,14,25,23
4943,56,14,25,23
4944,56,14,25,23
4945,56,14,25,23
4946,56,14,25,23
4947,56,14,25,23
4948,56,14,25,23
4949,56,14,25,23
4950,56,14,25,23
4951,56,14,25,23
4952,56,14,25,23
4953,56,14,25,23
4954,56,14,25,23
4955,56,14,25,23
4956,56,14,25,23
4957,56,14,25,23
4958,56,14,25,23
4959,56,14,25,23
4960,56,14,25,23
4961,56,14,25,23
4962,56,14,25,23
4963,56,14,25,23
4964,56,14,25,23
4965,56,14,25,23
4966,56,14,25,23
4967,56,14,25,23
4968,56,14,25,23
4969,56,14,25,23
4970,56,14,25,23
4971,56,14,25,23
4972,56,14,25,23
4973,56,14,25,23
4974,56,14,25,23
4975,56,14,25,23
4976,56,14,25,23
4977,56,14,25,23
4978,56,14,25,23
4979,56,14,25,23
4980,56,14,25,23
4981,56,14,25,23
4982,56,14,25,23
4983,56,14,25,23
4984,56,14,25,23
4985,56,14,25,23
4986,56,14,25,23
4987,56,14,25,23
4988,56,14,25,23
4989,56,14,25,23
4990,56,14,25,23
4991,56,14,25,23
4992,56,14,25,23
4993,56,14,25,23
4994,56,14,25,23
4995,56,14,25,23
4996,56,14,25,23
4997,56,14,25,23
4998,56,14,25,23
4999,56,14,25,23
5000,56,14,25,23
5001,56,14,25,23
5002,56,14,25,23
5003,56,14,25,23
5004,56,14,25,23
5005,56,14,25,23
5006,56,14,25,23
5007,56,14,25,23
5008,56,14,25,23
5009,56,14,25,23
5010,56,14,25,23
5011,56,14,25,23
5012,56,14,25,23
5013,56,14,25,23
5014,56,14,25,23
5015,56,14,25,23
5016,56,14,25,23
5017,56,14,25,23
5018,56,14,25,23
5019,56,14,25,23
5020,56,14,25,23
5021,56,14,25,23
5022,56,14,25,23
5023,56,14,25,23
5024,56,14,25,23
5025,56,14,25,23
5026,56,14,25,23
5027,56,14,25,23
5028,56,14,25,23
5029,56,14,25,23
5030,56,14,25,23
5031,56,14,25,23
5032,56,14,25,23
5033,56,14,25,23
5034,56,14,25,23
5035,56,14,25,23
5036,56,14,25,23
5037,56,14,25,23
5038,56,14,25,23
5039,56,14,25,23
5040,56,14,25,23
5041,56,14,25,23
5042,56,14,25,23
5043,56,14,25,23
5044,56,14,25,23
5045,56,14,25,23
5046,56,14,25,23
5047,56,14,25,23
5048,56,14,25,23
5049,56,14,25,23
5050,56,14,25,23
5051,56,14,25,23
5052,56,14,25,23
5053,56,14,25,23
5054,56,14,25,23
5055,56,14,25,23
5056,56,14,25,23
5057,56,14,25,23
5058,56,14,25,23
5059,56,14,25,23
5060,56,14,25,23
5061,56,14,25,23
5062,56,14,25,23
5063,56,14,25,23
5064,56,14,25,23
5065,56,14,25,23
5066,56,14,25,23
5067,56,14,25,23
5068,56,14,25,23
5069,56,14,25,23
5070,56,14,25,23
5071,56,14,25,23
5072,56,14,25,23
5073,56,14,25,23
5074,56,14,25,23
5075,56,14,25,23
5076,56,14,25,23
5077,56,14,25,23
5078,56,14,25,23
5079,56,14,25,23
5080,56,14,25,23
5081,56,14,25,23
5082,56,14,25,23
5083,56,14,25,23
5084,56,14,25,23
5085,56,14,25,23
5086,56,14,25,23
5087,56,14,25,23
5088,56,14,25,23
5089,56,14,25,23
5090,56,14,25,23
5091,56,14,25,23
5092,56,14,25,23
5093,56,14,25,23
5094,56,14,25,23
5095,56,14,25,23
5096,56,14,25,23
5097,56,14,25,23
5098,56,14,25,23
5099,56,14,25,23
5100,56,14,25,23
5101,56,14,25,23
5102,56,14,25,23
5103,56,14,25,23
5104,56,14,25,23
5105,56,14,25,23
5106,56,14,25,23
5107,56,14,25,23
5108,56,14,25,23
5109,56,14,25,23
5110,56,14,25,23
5111,56,14,25,23
5112,56,14,25,23
5113,56,14,25,23
5114,56,14,25,23
5115,56,14,25,23
5116,56,14,25,23
5117,56,14,25,23
5118,56,14,25,23
5119,56,14,25,23
5120,56,14,25,23
5121,56,14,25,23
5122,56,14,25,23
5123,56,14,25,23
5124,56,14,25,23
5125,56,14,25,23
5126,56,14,25,23
5127,56,14,25,23
5128,56,14,25,23
5129,56,14,25,23
5130,56,14,25,23
5131,56,14,25,23
5132,56,14,25,23
5133,56,14,25,23
5134,56,14,25,23
5135,56,14,25,23
5136,56,14,25,23
5137,56,14,25,23
5138,56,14,25,23
5139,56,14,25,23
5140,56,14,25,23
5141,56,14,25,23
5142,56,14,25,23
5143,56,14,25,23
5144,56,14,25,23
5145,56,14,25,23
5146,56,14,25,23
5147,56,14,25,23
5148,56,14,25,23
5149,56,14,25,23
5150,56,14,25,23
5151,56,14,25,23
5152,56,14,25,23
5153,56,14,25,23
5154,56,14,25,23
5155,56,14,25,23
5156,56,14,25,23
5157,56,14,25,23
5158,56,14,25,23
5159,56,14,25,23
5160,56,14,25,23
5161,56,14,25,23
5162,56,14,25,23
5163,56,14,25,23
5164,56,14,25,23
5165,56,14,25,23
5166,56,14,25,23
5167,56,14,25,23
5168,56,14,25,23
5169,56,14,25,23
5170,56,14,25,23
5171,56,14,25,23
5172,56,14,25,23
5173,56,14,25,23
5174,56,14,25,23
5175,56,14,25,23
5176,56,14,25,23
5177,56,14,25,23
5178,56,14,25,23
5179,56,14,25,23
5180,56,14,25,23
5181,56,14,25,23
5182,56,14,25,23
5183,56,14,25,23
5184,56,14,25,23
5185,56,14,25,23
5186,56,14,25,23
5187,56,14,25,23
5188,56,14,25,23
5189,56,14,25,23
5190,56,14,25,23
5191,56,14,25,23
5192,56,14,25,23
5193,56,14,25,23
5194,56,14,25,23
5195,56,14,25,23
5196,56,14,25,23
5197,56,14,25,23
5198,56,14,25,23
5199,56,14,25,23
5200,56,14,25,23
5201,56,14,25,23
5202,56,14,25,23
5203,56,14,25,23
5204,56,14,25,23
5205,56,14,25,23
5206,56,14,25,23
5207,56,14,25,23
5208,56,14,25,23
5209,56,14,25,23
5210,56,14,25,23
5211,56,14,25,23
5212,56,14,25,23
5213,56,14,25,23
5214,56,14,25,23
5215,56,14,25,23
5216,56,14,25,23
5217,56,14,25,23
5218,56,14,25,23
5219,56,14,25,23
5220,56,14,25,23
5221,56,14,25,23
5222,56,14,25,23
5223,56,14,25,23
5224,56,14,25,23
5225,56,14,25,23
5226,56,14,25,23
5227,56,14,25,23
5228,56,14,25,23
5229,56,14,25,23
5230,56,14,25,23
5231,56,14,25,23
5232,56,14,25,23
5233,56,14,25,23
5234,56,14,25,23
5235,56,14,25,23
5236,56,14,25,23
5237,56,14,25,23
5238,56,14,25,23
5239,56,14,25,23
5240,56,14,25,23
5241,56,14,25,23
5242,56,14,25,23
5243,56,14,25,23
5244,56,14,25,23
5245,56,14,25,23
5246,56,14,25,23
5247,56,14,25,23
5248,56,14,25,23
5249,56,14,25,23
5250,56,14,25,23
5251,56,14,25,23
5252,56,14,25,23
5253,56,14,25,23
5254,56,14,25,23
5255,56,14,25,23
5256,56,14,25,23
5257,56,14,25,23
5258,56,14,25,23
5259,56,14,25,23
5260,56,14,25,23
5261,56,14,25,23
5262,56,14,25,23
5263,56,14,25,23
5264,56,14,25,23
5265,56,14,25,23
5266,56,14,25,23
5267,56,14,25,23
5268,56,14,25,23
5269,56,14,25,23
5270,56,14,25,23
5271,56,14,25,23
5272,56,14,25,23
5273,56,14,25,23
5274,56,14,25,23
5275,56,14,25,23
5276,56,14,25,23
5277,56,14,25,23
5278,56,14,25,23
5279,56,14,25,23
5280,56,14,25,23
5281,56,14,25,23
5282,56,14,25,23
5283,56,14,25,23
5284,56,14,25,23
5285,56,14,25,23
5286,56,14,25,23
5287,56,14,25,23
5288,56,14,25,23
5289,56,14,25,23
5290,56,14,25,23
5291,56,14,25,23
5292,56,14,25,24
5293,56,14,25,24
5294,56,14,25,24
5295,56,14,25,24
5296,56,14,25,24
5297,56,14,25,24
5298,56,14,25,24
5299,56,14,25,24
5300,56,14,25,24
5301,56,14,25,24
5302,56,14,25,24
5303,56,14,25,24
5304,56,14,25,24
5305,56,14,25,24
5306,56,14,25,24
5307,56,14,25,24
5308,56,14,25,24
5309,56,14,25,24
5310,56,14,25,24
5311,56,14,25,24
5312,56,14,25,24
5313,56,14,25,24
5314,56,14,25,24
5315,56,14,25,24
5316,56,14,25,24
5317,56,14,25,24
5318,56,14,25,24
5319,56,14,25,24
5320,56,14,25,24
5321,56,14,25,24
5322,56,14,25,24
5323,56,14,25,24
5324,56,14,25,24
5325,56,14,25,24
5326,56,14,25,24
5327,56,14,25,24
5328,56,14,25,24
5329,56,14,25,24
5330,56,14,25,24
5331,56,14,25,24
5332,56,14,25,24
5333,56,14,25,24
5334,56,14,25,24
5335,56,14,25,24
5336,56,14,25,24
5337,56,14,25,24
5338,56,14,25,24
5339,56,14,25,24
5340,56,14,25,24
5341,56,14,25,24
5342,56,14,25,24
5343,56,14,25,24
5344,56,14,25,24
5345,56,14,25,24
5346,56,14,25,24
5347,56,14,25,24
5348,56,14,25,24
5349,56,14,25,24
5350,56,14,25,24
5351,56,14,25,24
5352,56,14,25,24
5353,56,14,25,24
5354,56,14,25,24
5355,56,14,25,24
5356,56,14,25,24
5357,56,14,25,24
5358,56,14,25,24
5359,56,14,25,24
5360,56,14,25,24
5361,56,14,25,24
5362,56,14,25,24
5363,56,14,25,24
5364,56,14,25,24
5365,56,14,25,24
5366,56,14,25,24
5367,56,14,25,24
5368,56,14,25,24
5369,56,14,25,24
5370,56,14,25,24
5371,56,14,25,24
5372,56,14,25,24
5373,56,14,25,24
5374,56,14,25,24
5375,56,14,25,24
5376,56,14,25,24
5377,56,14,25,24
5378,56,14,25,24
5379,56,14,25,24
5380,56,14,25,24
5381,56,14,25,24
5382,56,14,25,24
5383,56,14,25,24
5384,56,14,25,24
5385,56,14,25,24
5386,56,14,25,24
5387,56,14,25,24
5388,56,14,25,24
5389,56,14,25,24
5390,56,14,25,24
5391,56,14,25,24
5392,56,14,25,24
5393,56,14,25,24
5394,56,14,25,24
5395,56,14,25,24
5396,56,14,25,24
5397,56,14,25,24
5398,56,14,25,24
5399,56,14,25,24
5400,56,14,25,24
5401,56,14,25,24
5402,56,14,25,24
5403,56,14,25,24
5404,56,14,25,24
5405,56,14,25,24
5406,56,14,25,24
5407,56,14,25,24
5408,56,14,25,24
5409,56,14,25,24
5410,56,14,25,24
5411,56,14,25,24
5412,56,14,25,24
5413,56,14,25,24
5414,56,14,25,24
5415,56,14,25,24
5416,56,14,25,24
5417,56,14,25,24
5418,56,14,25,24
5419,56,14,25,24
5420,56,14,25,24
5421,56,14,25,24
5422,56,14,25,24
5423,56,14,25,24
5424,56,14,25,24
5425,56,14,25,24
5426,56,14,25,24
5427,56,14,25,24
5428,56,14,25,24
5429,56,14,25,24
5430,56,14,25,24
5431,56,14,25,24
5432,56,14,25,24
5433,56,14,25,24
5434,56,14,25,24
5435,56,14,25,25
5436,56,14,25,25
5437,56,14,25,25
5438,56,14,25,25
5439,56,14,25,25
5440,56,14,25,25
5441,56,14,25,25
5442,56,14,25,25
5443,56,14,25,25
5444,56,14,25,25
5445,56,14,25,25
5446,56,14,25,25
5447,56,14,25,25
5448,56,14,25,25
5449,56,14,25,25
5450,56,14,25,25
5451,56,14,25,25
5452,56,14,25,25
5453,56,14,25,25
5454,56,14,25,25
5455,56,14,25,25
5456,56,14,25,25
5457,56,14,25,25
5458,56,14,25,25
5459,56,14,25,25
5460,56,14,25,25
5461,56,14,25,25
5462,56,14,25,25
5463,56,14,25,25
5464,56,14,25,25
5465,56,14,25,25
5466,56,14,25,25
5467,56,14,25,25
5468,56,14,25,25
5469,56,14,25,25
5470,56,14,25,25
5471,56,14,25,25
5472,56,14,25,25
5473,56,14,25,25
5474,56,14,25,25
5475,56,14,25,25
5476,56,14,25,25
5477,56,14,25,25
5478,56,14,25,25
5479,56,14,25,25
5480,56,14,25,25
5481,56,14,25,25
5482,56,14,25,25
5483,56,14,25,25
5484,56,14,25,25
5485,56,14,25,25
5486,56,14,25,25
5487,56,14,25,25
5488,56,14,25,25
5489,56,14,25,25
5490,56,14,25,25
5491,56,14,25,25
5492,56,14,25,25
5493,56,14,25,25
5494,56,14,25,25
5495,56,14,25,25
5496,56,14,25,25
5497,56,14,25,25
5498,56,14,25,25
5499,56,14,25,25
5500,56,14,25,25
5501,56,14,25,25
5502,56,14,25,25
5503,56,14,25,25
5504,56,14,25,25
5505,56,14,25,25
5506,56,14,25,25
5507,56,14,25,25
5508,56,14,25,25
5509,56,14,25,25
5510,56,14,25,25
5511,56,14,25,25
5512,56,14,25,25
5513,56,14,25,25
5514,56,14,25,25
5515,59,14,26,25
5516,59,14,26,25
5517,59,14,26,25
5518,59,14,26,25
5519,59,14,26,25
5520,59,14,26,25
5521,59,14,26,25
5522,59,14,26,25
5523,59,14,26,25
5524,59,14,26,25
5525,59,14,26,25
5526,59,14,26,25
5527,59,14,26,25
5528,59,14,26,25
5529,59,14,26,25
5530,59,14,26,25
5531,59,14,26,25
5532,59,14,26,25
5533,59,14,26,25
5534,59,14,26,25
5535,59,14,26,25
5536,59,14,26,25
5537,59,14,26,25
5538,59,14,26,25
5539,59,14,26,25
5540,59,14,26,25
5541,59,14,26,25
5542,59,14,26,25
5543,59,14,26,25
5544,59,14,26,25
5545,59,14,26,25
5546,59,14,26,25
5547,59,14,26,25
5548,59,14,26,25
5549,59,14,26,25
5550,59,14,26,25
5551,59,14,26,25
5552,59,14,26,25
5553,59,14,26,25
5554,59,14,26,25
5555,59,14,26,25
5556,59,14,26,25
5557,59,14,26,25
5558,59,14,26,25
5559,59,14,26,25
5560,59,14,26,25
5561,59,14,26,25
5562,59,14,26,25
5563,59,14,26,25
5564,59,14,26,25
5565,59,14,26,25
5566,59,14,26,25
5567,59,14,26,25
5568,59,14,26,25
5569,59,14,26,25
5570,59,14,26,25
5571,59,14,26,25
5572,59,14,26,25
5573,59,14,26,25
5574,59,14,26,25
5575,59,14,26,25
5576,59,14,26,25
5577,59,14,26,25
5578,59,14,26,25
5579,59,14,26,25
5580,59,14,26,25
5581,59,14,26,25
5582,59,14,26,25
5583,59,14,26,25
5584,59,14,26,25
5585,59,14,26,25
5586,59,14,26,25
5587,59,14,26,25
5588,59,14,26,25
5589,59,14,26,25
5590,59,14,26,25
5591,59,14,26,25
5592,59,14,26,25
5593,59,14,26,25
5594,59,14,26,25
5595,59,14,26,25
5596,59,14,26,25
5597,59,14,26,25
5598,59,14,26,25
5599,59,14,26,25
5600,59,14,26,25
5601,59,14,26,25
5602,59,14,26,25
5603,59,14,26,25
5604,59,14,26,25
5605,59,14,26,25
5606,59,14,26,25
5607,59,14,26,25
5608,59,14,26,25
5609,59,14,26,25
5610,59,14,26,25
5611,59,14,26,25
5612,59,14,26,25
5613,59,14,26,25
5614,59,14,26,25
5615,59,14,26,25
5616,59,14,26,25
5617,59,14,26,25
5618,59,14,26,25
5619,59,14,26,25
5620,59,14,26,25
5621,59,14,26,25
5622,59,14,26,25
5623,59,14,26,25
5624,59,14,26,25
5625,59,14,26,25
5626,59,14,26,25
5627,59,14,26,25
5628,59,14,26,25
5629,59,14,26,25
5630,59,14,26,25
5631,59,14,26,25
5632,59,14,26,25
5633,59,14,26,25
5634,59,14,26,25
5635,59,14,26,25
5636,59,14,26,25
5637,59,14,26,25
5638,59,14,26,25
5639,59,14,26,25
5640,59,14,26,25
5641,59,14,26,25
5642,59,14,26,25
5643,59,14,26,25
5644,59,14,26,25
5645,59,14,26,25
5646,59,14,26,25
5647,59,14,26,25
5648,59,14,26,25
5649,59,14,26,25
5650,59,14,26,25
5651,59,14,26,25
5652,59,14,26,25
5653,59,14,26,25
5654,59,14,26,25
5655,59,14,26,25
5656,59,14,26,25
5657,59,14,26,25
5658,59,14,26,25
5659,59,14,26,25
5660,59,14,26,25
5661,59,14,26,25
5662,59,14,26,25
5663,59,14,26,25
5664,59,14,26,25
5665,59,14,26,25
5666,59,14,26,25
5667,59,14,26,25
5668,59,14,26,25
5669,59,14,26,25
5670,59,14,26,25
5671,59,14,26,25
5672,59,14,26,25
5673,59,14,26,25
5674,59,14,26,25
5675,59,14,26,25
5676,59,14,26,25
5677,59,14,26,25
5678,59,14,26,25
5679,59,14,26,25
5680,59,14,26,25
5681,59,14,26,25
5682,59,14,26,25
5683,59,14,26,25
5684,59,14,26,25
5685,59,14,26,25
5686,59,14,26,25
5687,59,14,26,25
5688,59,14,26,25
5689,59,14,26,25
5690,59,14,26,25
5691,59,14,26,25
5692,59,14,26,25
5693,59,14,26,25
5694,59,14,26,25
5695,59,14,26,25
5696,59,14,26,25
5697,59,14,26,25
5698,59,14,26,25
5699,59,14,26,25
5700,59,14,26,26
5701,59,14,26,26
5702,59,14,26,26
5703,59,14,26,26
5704,59,14,26,26
5705,59,14,26,26
5706,59,14,26,26
5707,59,14,26,26
5708,59,14,26,26
5709,59,14,26,26
5710,59,14,26,26
5711,59,14,26,26
5712,59,14,26,26
5713,59,14,26,26
5714,59,14,26,26
5715,59,14,26,26
5716,59,14,26,26
5717,59,14,26,26
5718,59,14,26,26
5719,59,14,26,26
5720,59,14,26,26
5721,59,14,26,26
5722,59,14,26,26
5723,59,14,26,26
5724,59,14,26,26
5725,59,14,26,26
5726,59,14,26,26
5727,59,14,26,26
5728,59,14,26,26
5729,59,14,26,26
5730,59,14,26,26
5731,59,14,26,26
5732,59,14,26,26
5733,59,14,26,26
5734,59,14,26,26
5735,59,14,26,26
5736,59,14,26,26
5737,59,14,26,26
5738,59,14,26,26
5739,59,14,26,26
5740,59,14,26,26
5741,59,14,26,26
5742,59,14,26,26
5743,59,14,26,26
5744,59,14,26,26
5745,59,14,26,26
5746,59,14,26,26
5747,59,14,26,26
5748,59,14,26,26
5749,59,14,26,26
5750,59,14,26,26
5751,59,14,26,26
5752,59,14,26,26
5753,59,14,26,26
5754,59,14,26,26
5755,59,14,26,26
5756,59,14,26,26
5757,59,14,26,26
5758,59,14,26,26
5759,59,14,26,26
5760,59,14,26,26
5761,59,14,26,26
5762,59,14,26,26
5763,59,14,26,26
5764,59,14,26,26
5765,59,14,26,26
5766,59,14,26,26
5767,59,14,26,26
5768,59,14,26,26
5769,59,14,26,26
5770,59,14,26,26
5771,59,14,26,26
5772,59,14,26,26
5773,59,14,26,26
5774,59,14,26,26
5775,59,14,26,26
5776,59,14,26,26
5777,59,14,26,26
5778,59,14,26,26
5779,59,14,26,26
5780,59,14,26,26
5781,59,14,26,26
5782,59,14,26,26
5783,59,14,26,26
5784,59,14,26,26
5785,59,14,26,26
5786,59,14,26,26
5787,59,14,26,26
5788,59,14,26,26
5789,59,14,26,26
5790,59,14,26,26
5791,59,14,26,26
5792,59,14,26,26
5793,59,14,26,26
5794,59,14,26,26
5795,60,14,27,26
5796,60,14,27,26
5797,60,14,27,26
5798,60,14,27,26
5799,60,14,27,26
5800,60,14,27,26
5801,60,14,27,26
5802,60,14,27,26
5803,60,14,27,26
5804,60,14,27,26
5805,60,14,27,26
5806,60,14,27,26
5807,60,14,27,26
5808,60,14,27,26
5809,60,14,27,26
5810,60,14,27,26
5811,60,14,27,26
5812,60,14,27,26
5813,60,14,27,26
5814,60,14,27,26
5815,60,14,27,26
5816,60,14,27,26
5817,60,14,27,26
5818,60,14,27,26
5819,60,14,27,26
5820,60,14,27,26
5821,60,14,27,26
5822,60,14,27,26
5823,60,14,27,26
5824,60,14,27,26
5825,60,14,27,26
5826,60,14,27,26
5827,60,14,27,26
5828,60,14,27,26
5829,60,14,27,26
5830,60,14,27,26
5831,60,14,27,26
5832,60,14,27,26
5833,60,14,27,26
5834,60,14,27,26
5835,60,14,27,26
5836,60,14,27,26
5837,60,14,27,26
5838,60,14,27,26
5839,60,14,27,26
5840,60,14,27,26
5841,60,14,27,26
5842,60,14,27,26
5843,60,14,27,26
5844,60,14,27,26
5845,60,14,27,26
5846,60,14,27,26
5847,60,14,27,26
5848,60,14,27,26
5849,60,14,27,26
5850,60,14,27,26
5851,60,14,27,26
5852,60,14,27,26
5853,60,14,27,26
5854,60,14,27,26
5855,60,14,27,26
5856,60,14,27,26
5857,60,14,27,26
5858,60,14,27,26
5859,60,14,27,26
5860,60,14,27,26
5861,60,14,27,26
5862,60,14,27,26
5863,60,14,27,26
5864,60,14,27,26
5865,60,14,27,26
5866,60,14,27,26
5867,60,14,27,26
5868,60,14,27,26
5869,60,14,27,26
5870,60,14,27,26
5871,60,14,27,26
5872,60,14,27,26
5873,60,14,27,26
5874,60,14,27,26
5875,60,14,27,26
5876,60,14,27,26
5877,60,14,27,26
5878,60,14,27,26
5879,60,14,27,26
5880,60,14,27,26
5881,60,14,27,26
5882,60,14,27,26
5883,60,14,27,26
5884,60,14,27,26
5885,60,14,27,26
5886,60,14,27,26
5887,60,14,27,26
5888,60,14,27,26
5889,60,14,27,26
5890,60,14,27,26
5891,60,14,27,26
5892,60,14,27,26
5893,60,14,27,26
5894,60,14,27,26
5895,60,14,27,26
5896,60,14,27,26
5897,60,14,27,26
5898,60,14,27,26
5899,60,14,27,26
5900,60,14,27,26
5901,60,14,27,26
5902,60,14,27,26
5903,60,14,27,26
5904,60,14,27,26
5905,60,14,27,26
5906,60,14,27,26
5907,60,14,27,26
5908,60,14,27,26
5909,60,14,27,26
5910,60,14,27,26
5911,60,14,27,26
5912,60,14,27,26
5913,60,14,27,26
5914,60,14,27,26
5915,60,14,27,26
5916,60,14,27,26
5917,60,14,27,26
5918,60,14,27,26
5919,60,14,27,26
5920,60,14,27,26
5921,60,14,27,26
5922,60,14,27,26
5923,60,14,27,26
5924,60,14,27,26
5925,60,14,27,26
5926,60,14,27,26
5927,60,14,27,26
5928,60,14,27,26
5929,60,14,27,26
5930,60,14,27,26
5931,60,14,27,26
5932,60,14,27,26
5933,60,14,27,26
5934,60,14,27,26
5935,60,14,27,26
5936,60,14,27,26
5937,60,14,27,26
5938,60,14,27,26
5939,60,14,27,26
5940,60,14,27,26
5941,60,14,27,26
5942,60,14,27,26
5943,60,14,27,26
5944,60,14,27,26
5945,60,14,27,26
5946,60,14,27,26
5947,60,14,27,26
5948,60,14,27,26
5949,60,14,27,26
5950,60,14,27,26
5951,60,14,27,26
5952,60,14,27,26
5953,60,14,27,26
5954,60,14,27,26
5955,60,14,27,26
5956,60,14,27,26
5957,60,14,27,26
5958,60,14,27,26
5959,60,14,27,26
5960,60,14,27,26
5961,60,14,27,26
5962,60,14,27,26
5963,60,14,27,26
5964,60,14,27,26
5965,60,14,27,26
5966,60,14,27,26
5967,60,14,27,26
5968,60,14,27,26
5969,60,14,27,26
5970,60,14,27,26
5971,60,14,27,26
5972,60,14,27,26
5973,60,14,27,26
5974,60,14,27,26
5975,60,14,27,26
5976,60,14,27,26
5977,60,14,27,26
5978,60,14,27,26
5979,60,14,27,26
5980,60,14,27,26
5981,60,14,27,26
5982,60,14,27,26
5983,60,14,27,26
5984,60,14,27,26
5985,60,14,27,26
5986,60,14,27,26
5987,60,14,27,26
5988,60,14,27,26
5989,60,14,27,26
5990,60,14,27,26
5991,60,14,27,26
5992,60,14,27,26
5993,60,14,27,26
5994,60,14,27,26
5995,60,14,27,26
5996,60,14,27,26
5997,60,14,27,26
5998,60,14,27,26
5999,60,14,27,26
6000,60,14,27,26
6001,60,14,27,26
6002,60,14,27,26
6003,60,14,27,26
6004,60,14,27,26
6005,60,14,27,26
6006,60,14,27,26
6007,60,14,27,26
6008,60,14,27,26
6009,60,14,27,26
6010,60,14,27,26
6011,60,14,27,26
6012,60,14,27,26
6013,60,14,27,26
6014,60,14,27,26
6015,60,14,27,26
6016,60,14,27,26
6017,60,14,27,26
6018,60,14,27,26
6019,60,14,27,26
6020,60,14,27,26
6021,60,14,27,26
6022,60,14,27,26
6023,60,14,27,26
6024,60,14,27,26
6025,60,14,27,26
6026,60,14,27,26
6027,60,14,27,26
6028,60,14,27,26
6029,60,14,27,26
6030,60,14,27,26
6031,60,14,27,26
6032,60,14,27,26
6033,60,14,27,26
6034,60,14,27,26
6035,60,14,27,26
6036,60,14,27,26
6037,60,14,27,26
6038,60,14,27,26
6039,60,14,27,26
6040,60,14,27,26
6041,60,14,27,26
6042,60,14,27,26
6043,60,14,27,26
6044,60,14,27,26
6045,60,14,27,26
6046,60,14,27,26
6047,60,14,27,26
6048,60,14,27,26
6049,60,14,27,26
6050,60,14,27,26
6051,60,14,27,26
6052,60,14,27,26
6053,60,14,27,26
6054,60,14,27,26
6055,60,14,27,26
6056,60,14,27,26
6057,60,14,27,26
6058,60,14,27,26
6059,60,14,27,26
6060,60,14,27,26
6061,60,14,27,26
6062,60,14,27,26
6063,60,14,27,26
6064,60,14,27,26
6065,60,14,27,26
6066,60,14,27,26
6067,60,14,27,26
6068,60,14,27,26
6069,60,14,27,26
6070,60,14,27,26
6071,60,14,27,26
6072,60,14,27,26
6073,60,14,27,26
6074,60,14,27,26
6075,60,14,27,26
6076,60,14,27,26
6077,60,14,27,26
6078,60,14,27,26
6079,60,14,27,26
6080,60,14,27,26
6081,60,14,27,26
6082,60,14,27,26
6083,60,14,27,26
6084,60,14,27,26
6085,60,14,27,26
6086,60,14,27,26
6087,60,14,27,26
6088,60,14,27,26
6089,60,14,27,26
6090,60,14,27,26
6091,60,14,27,26
6092,60,14,27,26
6093,60,14,27,26
6094,60,14,27,26
6095,60,14,27,26
6096,60,14,27,26
6097,60,14,27,26
6098,60,14,27,26
6099,60,14,27,26
6100,60,14,27,26
6101,60,14,27,26
6102,60,14,27,26
6103,60,14,27,26
6104,60,14,27,26
6105,60,14,27,26
6106,60,14,27,26
6107,60,14,27,26
6108,60,14,27,26
6109,60,14,27,26
6110,60,14,27,26
6111,60,14,27,26
6112,60,14,27,26
6113,60,14,27,26
6114,60,14,27,26
6115,60,14,27,26
6116,60,14,27,26
6117,60,14,27,26
6118,60,14,27,26
6119,60,14,27,26
6120,60,14,27,26
6121,60,14,27,26
6122,60,14,27,26
6123,60,14,27,26
6124,60,14,27,26
6125,60,14,27,26
6126,60,14,27,26
6127,60,14,27,26
6128,60,14,27,26
6129,60,14,27,26
6130,60,14,27,26
6131,60,14,27,26
6132,60,14,27,26
6133,60,14,27,26
6134,60,14,27,26
6135,60,14,27,26
6136,60,14,27,26
6137,60,14,27,26
6138,60,14,27,26
6139,60,14,27,26
6140,60,14,27,26
6141,60,14,27,26
6142,60,14,27,26
6143,60,14,27,26
6144,60,14,27,26
6145,60,14,27,26
6146,60,14,27,26
6147,60,14,27,26
6148,60,14,27,26
6149,60,14,27,26
6150,60,14,27,26
6151,60,14,27,26
6152,60,14,27,26
6153,60,14,27,26
6154,60,14,27,26
6155,60,14,27,26
6156,60,14,27,26
6157,60,14,27,26
6158,60,14,27,26
6159,60,14,27,26
6160,60,14,27,26
6161,60,14,27,26
6162,60,14,27,26
6163,60,14,27,26
6164,60,14,27,26
6165,60,14,27,26
6166,60,14,27,26
6167,60,14,27,26
6168,60,14,27,26
6169,60,14,27,26
6170,60,14,27,26
6171,60,14,27,26
6172,60,14,27,26
6173,60,14,27,26
6174,60,14,27,26
6175,60,14,27,26
6176,60,14,27,26
6177,60,14,27,26
6178,60,14,27,26
6179,60,14,27,26
6180,60,14,27,26
6181,60,14,27,26
6182,60,14,27,26
6183,60,14,27,26
6184,60,14,27,26
6185,60,14,27,26
6186,60,14,27,26
6187,60,14,27,26
6188,60,14,27,26
6189,60,14,27,26
6190,60,14,27,26
6191,60,14,27,26
6192,60,14,27,26
6193,60,14,27,26
6194,60,14,27,26
6195,60,14,27,26
6196,60,14,27,26
6197,60,14,27,26
6198,60,14,27,26
6199,60,14,27,26
6200,60,14,27,26
6201,60,14,27,26
6202,60,14,27,26
6203,60,14,27,26
6204,60,14,27,26
6205,60,14,27,26
6206,60,14,27,26
6207,60,14,27,26
6208,60,14,27,26
6209,60,14,27,26
6210,60,14,27,26
6211,60,14,27,26
6212,60,14,27,26
6213,60,14,27,26
6214,60,14,27,26
6215,60,14,27,26
6216,60,14,27,26
6217,60,14,27,26
6218,60,14,27,26
6219,60,14,27,26
6220,60,14,27,26
6221,60,14,27,26
6222,60,14,27,26
6223,60,14,27,26
6224,60,14,27,26
6225,60,14,27,26
6226,60,14,27,26
6227,60,14,27,26
6228,60,14,27,26
6229,60,14,27,26
6230,60,14,27,26
6231,60,14,27,26
6232,60,14,27,26
6233,60,14,27,26
6234,60,14,27,26
6235,60,14,27,26
6236,60,14,27,26
6237,60,14,27,26
6238,60,14,27,26
6239,60,14,27,26
6240,60,14,27,26
6241,60,14,27,26
6242,60,14,27,26
6243,60,14,27,26
6244,60,14,27,26
6245,60,14,27,26
6246,60,14,27,26
6247,60,14,27,26
6248,60,14,27,26
6249,60,14,27,26
6250,60,14,27,26
6251,60,14,27,26
6252,60,14,27,26
6253,60,14,27,26
6254,60,14,27,26
6255,60,14,27,26
6256,60,14,27,26
6257,60,14,27,26
6258,60,14,27,26
6259,60,14,27,26
6260,60,14,27,26
6261,60,14,27,26
6262,60,14,27,26
6263,60,14,27,26
6264,60,14,27,26
6265,60,14,27,26
6266,60,14,27,26
6267,60,14,27,26
6268,60,14,27,26
6269,60,14,27,26
6270,60,14,27,26
6271,60,14,27,26
6272,60,14,27,26
6273,60,14,27,26
6274,60,14,27,26
6275,60,14,27,26
6276,60,14,27,26
6277,60,14,27,26
6278,60,14,27,26
6279,60,14,27,26
6280,60,14,27,26
6281,60,14,27,26
6282,60,14,27,26
6283,60,14,27,26
6284,60,14,27,26
6285,60,14,27,26
6286,60,14,27,26
6287,60,14,27,26
6288,60,14,27,26
6289,60,14,27,26
6290,60,14,27,26
6291,60,14,27,26
6292,60,14,27,26
6293,60,14,27,26
6294,60,14,27,26
6295,60,14,27,26
6296,60,14,27,26
6297,60,14,27,26
6298,60,14,27,26
6299,60,14,27,26
6300,60,14,27,26
6301,60,14,27,26
6302,60,14,27,26
6303,60,14,27,26
6304,60,14,27,26
6305,60,14,27,26
6306,60,14,27,26
6307,60,14,27,26
6308,60,14,27,26
6309,60,14,27,26
6310,60,14,27,26
6311,60,14,27,26
6312,60,14,27,26
6313,60,14,27,26
6314,60,14,27,26
6315,60,14,27,26
6316,60,14,27,26
6317,60,14,27,26
6318,60,14,27,26
6319,60,14,27,26
6320,60,14,27,26
6321,60,14,27,26
6322,60,14,27,26
6323,60,14,27,26
6324,60,14,27,26
6325,60,14,27,26
6326,60,14,27,26
6327,60,14,27,26
6328,60,14,27,26
6329,60,14,27,26
6330,60,14,27,26
6331,60,14,27,26
6332,60,14,27,26
6333,60,14,27,26
6334,60,14,27,26
6335,60,14,27,26
6336,60,14,27,26
6337,60,14,27,26
6338,60,14,27,26
6339,60,14,27,26
6340,60,14,27,26
6341,60,14,27,26
6342,60,14,27,26
6343,60,14,27,26
6344,60,14,27,26
6345,60,14,27,26
6346,60,14,27,26
6347,60,14,27,26
6348,60,14,27,26
6349,60,14,27,26
6350,60,14,27,26
6351,60,14,27,26
6352,60,14,27,26
6353,60,14,27,26
6354,60,14,27,26
6355,60,14,27,26
6356,60,14,27,26
6357,60,14,27,26
6358,60,14,27,26
6359,60,14,27,26
6360,60,14,27,26
6361,60,14,27,26
6362,60,14,27,26
6363,60,14,27,26
6364,60,14,27,26
6365,60,14,27,26
6366,60,14,27,26
6367,60,14,27,26
6368,60,14,27,26
6369,60,14,27,26
6370,60,14,27,26
6371,60,14,27,26
6372,60,14,27,26
6373,60,14,27,26
6374,60,14,27,26
6375,60,14,27,26
6376,60,14,27,26
6377,60,14,27,26
6378,60,14,27,26
6379,60,14,27,26
6380,60,14,27,26
6381,60,14,27,26
6382,60,14,27,26
6383,60,14,27,26
6384,60,14,27,26
6385,60,14,27,26
6386,60,14,27,26
6387,60,14,27,26
6388,60,14,27,26
6389,60,14,27,26
6390,60,14,27,26
6391,60,14,27,26
6392,60,14,27,26
6393,60,14,27,26
6394,60,14,27,26
6395,60,14,27,26
6396,60,14,27,26
6397,60,14,27,26
6398,60,14,27,26
6399,60,14,27,26
6400,60,14,27,26
6401,60,14,27,26
6402,60,14,27,26
6403,60,14,27,26
6404,60,14,27,26
6405,60,14,27,26
6406,60,14,27,26
6407,60,14,27,26
6408,60,14,27,26
6409,60,14,27,26
6410,60,14,27,26
6411,60,14,27,26
6412,60,14,27,26
6413,60,14,27,26
6414,60,14,27,26
6415,60,14,27,26
6416,60,14,27,26
6417,60,14,27,26
6418,60,14,27,26
6419,60,14,27,26
6420,60,14,27,26
6421,60,14,27,26
6422,60,14,27,26
6423,60,14,27,26
6424,60,14,27,26
6425,60,14,27,26
6426,60,14,27,26
6427,60,14,27,26
6428,60,14,27,26
6429,60,14,27,26
6430,60,14,27,26
6431,60,14,27,26
6432,60,14,27,26
6433,60,14,27,26
6434,60,14,27,26
6435,60,14,27,26
6436,60,14,27,26
6437,60,14,27,26
6438,60,14,27,26
6439,60,14,27,26
6440,60,14,27,26
6441,60,14,27,26
6442,60,14,27,26
6443,60,14,27,26
6444,60,14,27,26
6445,60,14,27,26
6446,60,14,27,26
6447,60,14,27,26
6448,60,14,27,26
6449,60,14,27,26
6450,60,14,27,26
6451,60,14,27,26
6452,60,14,27,26
6453,60,14,27,26
6454,60,14,27,26
6455,60,14,27,26
6456,60,14,27,26
6457,60,14,27,26
6458,60,14,27,26
6459,60,14,27,26
6460,60,14,27,26
6461,60,14,27,26
6462,60,14,27,26
6463,60,14,27,26
6464,60,14,27,26
6465,60,14,27,26
6466,60,14,27,26
6467,60,14,27,26
6468,60,14,27,26
6469,60,14,27,26
6470,60,14,27,26
6471,60,14,27,26
6472,60,14,27,26
6473,60,14,27,26
6474,60,14,27,26
6475,60,14,27,26
6476,60,14,27,26
6477,60,14,27,26
6478,60,14,27,26
6479,60,14,27,26
6480,60,14,27,26
6481,60,14,27,26
6482,60,14,27,26
6483,60,14,27,26
6484,60,14,27,26
6485,60,14,27,26
6486,60,14,27,26
6487,60,14,27,26
6488,60,14,27,26
6489,60,14,27,26
6490,60,14,27,26
6491,60,14,27,26
6492,60,14,27,26
6493,60,14,27,26
6494,60,14,27,26
6495,60,14,27,26
6496,60,14,27,26
6497,60,14,27,26
6498,60,14,27,26
6499,60,14,27,26
6500,60,14,27,26
6501,60,14,27,26
6502,60,14,27,26
6503,60,14,27,26
6504,60,14,27,26
6505,60,14,27,26
6506,60,14,27,26
6507,60,14,27,26
6508,60,14,27,26
6509,60,14,27,26
6510,60,14,27,26
6511,60,14,27,26
6512,60,14,27,26
6513,60,14,27,26
6514,60,14,27,26
6515,60,14,27,26
6516,60,14,27,26
6517,60,14,27,26
6518,60,14,27,26
6519,60,14,27,26
6520,60,14,27,26
6521,60,14,27,26
6522,60,14,27,26
6523,60,14,27,26
6524,60,14,27,26
6525,60,14,27,26
6526,60,14,27,26
6527,60,14,27,26
6528,60,14,27,26
6529,60,14,27,26
6530,60,14,27,26
6531,60,14,27,26
6532,60,14,27,26
6533,60,14,27,26
6534,60,14,27,26
6535,60,14,27,26
6536,60,14,27,26
6537,60,14,27,26
6538,60,14,27,26
6539,60,14,27,26
6540,60,14,27,27
6541,60,14,27,27
6542,60,14,27,27
6543,60,14,27,27
6544,60,14,27,27
6545,60,14,27,27
6546,60,14,27,27
6547,60,14,27,27
6548,60,14,27,27
6549,60,14,27,27
6550,60,14,27,27
6551,60,14,27,27
6552,60,14,27,27
6553,60,14,27,27
6554,60,14,27,27
6555,60,14,27,27
6556,60,14,27,27
6557,60,14,27,28
6558,60,14,27,28
6559,60,14,27,28
6560,60,14,27,28
6561,60,14,27,28
6562,60,14,27,28
6563,60,14,27,28
6564,60,14,27,28
6565,60,14,27,28
6566,60,14,27,28
6567,60,14,27,28
6568,60,14,27,28
6569,60,14,27,28
6570,60,14,27,28
6571,60,14,27,28
6572,60,14,27,28
6573,60,14,27,28
6574,60,14,27,28
6575,60,14,27,28
6576,60,14,27,28
6577,60,14,27,28
6578,60,14,27,28
6579,60,14,27,28
6580,60,14,27,28
6581,60,14,27,28
6582,60,14,27,28
6583,60,14,27,28
6584,60,14,27,28
6585,60,14,27,28
6586,60,14,27,28
6587,60,14,27,28
6588,60,14,27,28
6589,60,14,27,28
6590,60,14,27,28
6591,60,14,27,28
6592,60,14,27,28
6593,60,14,27,28
6594,60,14,27,28
6595,60,14,27,28
6596,60,14,27,28
6597,60,14,27,28
6598,60,14,27,28
6599,60,14,27,28
6600,60,14,27,28
6601,60,14,27,28
6602,60,14,27,28
6603,60,14,27,28
6604,60,14,27,28
6605,60,14,27,28
6606,60,14,27,28
6607,60,14,27,28
6608,60,14,27,28
6609,60,14,27,28
6610,60,14,27,28
6611,60,14,27,28
6612,60,14,27,28
6613,60,14,27,28
6614,60,14,27,28
6615,60,14,27,28
6616,60,14,27,28
6617,60,14,27,28
6618,60,14,27,28
6619,60,14,27,28
6620,60,14,27,28
6621,60,14,27,28
6622,60,14,27,28
6623,60,14,27,28
6624,60,14,27,28
6625,60,14,27,28
6626,60,14,27,28
6627,60,14,27,28
6628,60,14,27,28
6629,60,14,27,28
6630,60,14,27,28
6631,60,14,27,28
6632,60,14,27,28
6633,60,14,27,28
6634,60,14,27,28
6635,60,14,27,28
6636,60,14,27,28
6637,60,14,27,28
6638,60,14,27,28
6639,60,14,27,28
6640,60,14,27,28
6641,60,14,27,28
6642,60,14,27,28
6643,60,14,27,28
6644,60,14,27,28
6645,60,14,27,28
6646,60,14,27,28
6647,60,14,27,28
6648,60,14,27,28
6649,60,14,27,28
6650,60,14,27,28
6651,60,14,27,28
6652,60,14,27,28
6653,60,14,27,28
6654,60,14,27,28
6655,60,14,27,28
6656,60,14,27,28
6657,60,14,27,28
6658,60,14,27,28
6659,60,14,27,28
6660,60,14,27,28
6661,60,14,27,28
6662,60,14,27,28
6663,60,14,27,28
6664,60,14,27,28
6665,60,14,27,28
6666,60,14,27,28
6667,60,14,27,28
6668,60,14,27,28
6669,60,14,27,28
6670,60,14,27,28
6671,60,14,27,28
6672,60,14,27,28
6673,60,14,27,28
6674,60,14,27,28
6675,60,14,27,28
6676,60,14,27,28
6677,60,14,27,28
6678,60,14,27,28
6679,60,14,27,28
6680,60,14,27,28
6681,60,14,27,28
6682,60,14,27,28
6683,60,14,27,28
6684,60,14,27,28
6685,60,14,27,28
6686,60,14,27,28
6687,60,14,27,28
6688,60,14,27,28
6689,60,14,27,28
6690,60,14,27,28
6691,60,14,27,28
6692,60,14,27,28
6693,60,14,27,28
6694,60,14,27,28
6695,60,14,27,28
6696,60,14,27,28
6697,60,14,27,28
6698,60,14,27,28
6699,60,14,27,28
6700,60,14,27,28
6701,60,14,27,28
6702,60,14,27,28
6703,60,14,27,28
6704,60,14,27,28
6705,60,14,27,28
6706,60,14,27,28
6707,60,14,27,28
6708,60,14,27,28
6709,60,14,27,28
6710,60,14,27,28
6711,60,14,27,28
6712,60,14,27,28
6713,60,14,27,28
6714,60,14,27,28
6715,60,14,27,28
6716,60,14,27,28
6717,60,14,27,28
6718,60,14,27,28
6719,60,14,27,28
6720,60,14,27,28
6721,60,14,27,28
6722,60,14,27,28
6723,60,14,27,28
6724,60,14,27,28
6725,60,14,27,28
6726,60,14,27,28
6727,60,14,27,28
6728,60,14,27,28
6729,60,14,27,28
6730,60,14,27,28
6731,60,14,27,28
6732,60,14,27,28
6733,60,14,27,28
6734,60,14,27,28
6735,60,14,27,28
6736,60,14,27,28
6737,60,14,27,28
6738,60,14,27,28
6739,60,14,27,28
6740,60,14,27,28
6741,60,14,27,28
6742,60,14,27,28
6743,60,14,27,28
6744,60,14,27,28
6745,60,14,27,28
6746,60,14,27,28
6747,60,14,27,28
6748,60,14,27,28
6749,60,14,27,28
6750,60,14,27,28
6751,60,14,27,28
6752,60,14,27,28
6753,60,14,27,28
6754,60,14,27,28
6755,60,14,27,28
6756,60,14,27,28
6757,60,14,27,28
6758,60,14,27,28
6759,60,14,27,28
6760,60,14,27,28
6761,60,14,27,28
6762,60,14,27,28
6763,60,14,27,28
6764,60,14,27,28
6765,60,14,27,28
6766,60,14,27,28
6767,60,14,27,28
6768,60,14,27,28
6769,60,14,27,28
6770,60,14,27,28
6771,60,14,27,28
6772,60,14,27,28
6773,60,14,27,28
6774,60,14,27,28
6775,60,14,27,28
6776,60,14,27,28
6777,60,14,27,28
6778,60,14,27,28
6779,60,14,27,28
6780,60,14,27,28
6781,60,14,27,28
6782,60,14,27,28
6783,60,14,27,28
6784,60,14,27,28
6785,60,14,27,28
6786,60,14,27,28
6787,60,14,27,28
6788,60,14,27,28
6789,60,14,27,28
6790,60,14,27,28
6791,60,14,27,28
6792,60,14,27,28
6793,60,14,27,28
6794,60,14,27,28
6795,60,14,27,28
6796,60,14,27,28
6797,60,14,27,29
6798,60,14,27,29
6799,60,14,27,29
6800,60,14,27,29
6801,60,14,27,29
6802,60,14,27,29
6803,60,14,27,29
6804,60,14,27,29
6805,60,14,27,29
6806,60,14,27,29
6807,60,14,27,29
6808,60,14,27,29
6809,60,14,27,29
6810,60,14,27,29
6811,60,14,27,29
6812,60,14,27,29
6813,60,14,27,29
6814,60,14,27,29
6815,60,14,27,29
6816,60,14,27,29
6817,60,14,27,29
6818,60,14,27,29
6819,60,14,27,29
6820,60,14,27,29
6821,60,14,27,29
6822,60,14,27,29
6823,60,14,27,29
6824,60,14,27,29
6825,60,14,27,29
6826,60,14,27,29
6827,60,14,27,29
6828,60,14,27,29
6829,60,14,27,29
6830,60,14,27,29
6831,60,14,27,29
6832,60,14,27,29
6833,60,14,27,29
6834,60,14,27,29
6835,60,14,27,30
6836,60,14,27,30
6837,60,14,27,30
6838,60,14,27,30
6839,60,14,27,30
6840,60,14,27,30
6841,60,14,27,30
6842,60,14,27,30
6843,60,14,27,30
6844,60,14,27,30
6845,60,14,27,30
6846,60,14,27,30
6847,60,14,27,30
6848,60,14,27,30
6849,60,14,27,30
6850,60,14,27,30
6851,60,14,27,30
6852,60,14,27,31
6853,60,14,27,31
6854,60,14,27,31
6855,60,14,27,31
6856,60,14,27,31
6857,60,14,27,31
6858,60,14,27,31
6859,60,14,27,31
6860,60,14,27,31
6861,60,14,27,31
6862,60,14,27,31
6863,60,14,27,31
6864,60,14,27,31
6865,60,14,27,31
6866,60,14,27,31
6867,60,14,27,31
6868,60,14,27,31
6869,60,14,27,31
6870,60,14,27,31
6871,60,14,27,31
6872,60,14,27,31
6873,60,14,27,31
6874,60,14,27,31
6875,60,14,27,31
6876,60,14,27,31
6877,60,14,27,31
6878,60,14,27,31
6879,60,14,27,31
6880,60,14,27,31
6881,60,14,27,31
6882,60,14,27,31
6883,60,14,27,31
6884,60,14,27,31
6885,60,14,27,31
6886,60,14,27,31
6887,60,14,27,31
6888,60,14,27,31
6889,60,14,27,31
6890,60,14,27,31
6891,60,14,27,31
6892,60,14,27,31
6893,60,14,27,31
6894,60,14,27,31
6895,60,14,27,31
6896,60,14,27,31
6897,60,14,27,31
6898,60,14,27,31
6899,60,14,27,31
6900,60,14,27,31
6901,60,14,27,31
6902,60,14,27,31
6903,60,14,27,31
6904,60,14,27,31
6905,60,14,27,31
6906,60,14,27,31
6907,60,14,27,31
6908,60,14,27,31
6909,60,14,27,31
6910,60,14,27,31
6911,60,14,27,31
6912,60,14,27,31
6913,60,14,27,31
6914,60,14,27,31
6915,60,14,27,31
6916,60,14,27,31
6917,60,14,27,31
6918,60,14,27,31
6919,60,14,27,31
6920,60,14,27,31
6921,60,14,27,31
6922,60,14,27,31
6923,60,14,27,31
6924,60,14,27,31
6925,60,14,27,31
6926,60,14,27,31
6927,60,14,27,31
6928,60,14,27,31
6929,60,14,27,31
6930,60,14,27,31
6931,60,14,27,31
6932,60,14,27,31
6933,60,14,27,31
6934,60,14,27,31
6935,60,14,27,31
6936,60,14,27,31
6937,60,14,27,31
6938,60,14,27,31
6939,60,14,27,31
6940,60,14,27,31
6941,60,14,27,31
6942,60,14,27,31
6943,60,14,27,31
6944,60,14,27,31
6945,60,14,27,31
6946,60,14,27,31
6947,60,14,27,31
6948,60,14,27,31
6949,60,14,27,31
6950,60,14,27,31
6951,60,14,27,31
6952,60,14,27,31
6953,60,14,27,31
6954,60,14,27,31
6955,60,14,27,31
6956,60,14,27,31
6957,60,14,27,31
6958,60,14,27,31
6959,60,14,27,31
6960,60,14,27,31
6961,60,14,27,31
6962,60,14,27,31
6963,60,14,27,31
6964,60,14,27,31
6965,60,14,27,31
6966,60,14,27,31
6967,60,14,27,31
6968,60,14,27,31
6969,60,14,27,31
6970,60,14,27,31
6971,60,14,27,31
6972,60,14,27,31
6973,60,14,27,31
6974,60,14,27,31
6975,60,14,27,31
6976,60,14,27,31
6977,60,14,27,31
6978,60,14,27,31
6979,60,14,27,31
6980,60,14,27,31
6981,60,14,27,31
6982,60,14,27,31
6983,60,14,27,31
6984,60,14,27,31
6985,60,14,27,31
6986,60,14,27,31
6987,60,14,27,31
6988,60,14,27,31
6989,60,14,27,31
6990,60,14,27,31
6991,60,14,27,31
6992,60,14,27,31
6993,60,14,27,31
6994,60,14,27,31
6995,60,14,27,31
6996,60,14,27,31
6997,60,14,27,31
6998,60,14,27,31
6999,60,14,27,31
7000,60,14,27,31
7001,60,14,27,31
7002,60,14,27,31
7003,60,14,27,31
7004,60,14,27,31
7005,60,14,27,31
7006,60,14,27,31
7007,60,14,27,31
7008,60,14,27,31
7009,60,14,27,31
7010,60,14,27,31
7011,60,14,27,31
7012,60,14,27,31
7013,60,14,27,31
7014,60,14,27,31
7015,60,14,27,31
7016,60,14,27,31
7017,60,14,27,31
7018,60,14,27,31
7019,60,14,27,31
7020,60,14,27,31
7021,60,14,27,31
7022,60,14,27,31
7023,60,14,27,31
7024,60,14,27,31
7025,60,14,27,31
7026,60,14,27,31
7027,60,14,27,31
7028,60,14,27,31
7029,60,14,27,31
7030,60,14,27,31
7031,60,14,27,31
7032,60,14,27,31
7033,60,14,27,31
7034,60,14,27,31
7035,60,14,27,32
7036,60,14,27,32
7037,60,14,27,32
7038,60,14,27,32
7039,60,14,27,32
7040,60,14,27,32
7041,60,14,27,32
7042,60,14,27,32
7043,60,14,27,32
7044,60,14,27,32
7045,60,14,27,32
7046,60,14,27,32
7047,60,14,27,32
7048,60,14,27,32
7049,60,14,27,32
7050,60,14,27,32
7051,60,14,27,32
7052,60,14,27,32
7053,60,14,27,32
7054,60,14,27,32
7055,60,14,27,32
7056,60,14,27,32
7057,60,14,27,32
7058,60,14,27,32
7059,60,14,27,32
7060,60,14,27,32
7061,60,14,27,32
7062,60,14,27,32
7063,60,14,27,32
7064,60,14,27,32
7065,60,14,27,32
7066,60,14,27,32
7067,60,14,27,32
7068,60,14,27,32
7069,60,14,27,32
7070,60,14,27,32
7071,60,14,27,32
7072,60,14,27,32
7073,60,14,27,32
7074,60,14,27,32
7075,60,14,27,32
7076,60,14,27,32
7077,60,14,27,32
7078,60,14,27,32
7079,60,14,27,32
7080,60,14,27,32
7081,60,14,27,32
7082,60,14,27,32
7083,60,14,27,32
7084,60,14,27,32
7085,60,14,27,32
7086,60,14,27,32
7087,60,14,27,32
7088,60,14,27,32
7089,60,14,27,32
7090,60,14,27,32
7091,60,14,27,32
7092,60,14,27,32
7093,60,14,27,32
7094,60,14,27,32
7095,60,14,27,32
7096,60,14,27,32
7097,60,14,27,32
7098,60,14,27,32
7099,60,14,27,32
7100,60,14,27,32
7101,60,14,27,32
7102,60,14,27,32
7103,60,14,27,32
7104,60,14,27,32
7105,60,14,27,32
7106,60,14,27,32
7107,60,14,27,32
7108,60,14,27,32
7109,60,14,27,32
7110,60,14,27,32
7111,60,14,27,32
7112,60,14,27,32
7113,60,14,27,32
7114,60,14,27,32
7115,60,14,27,32
7116,60,14,27,32
7117,60,14,27,32
7118,60,14,27,32
7119,60,14,27,32
7120,60,14,27,32
7121,60,14,27,32
7122,60,14,27,32
7123,60,14,27,32
7124,60,14,27,32
7125,60,14,27,32
7126,60,14,27,32
7127,60,14,27,32
7128,60,14,27,32
7129,60,14,27,32
7130,60,14,27,32
7131,60,14,27,32
7132,60,14,27,32
7133,60,14,27,32
7134,60,14,27,32
7135,60,14,27,32
7136,60,14,27,32
7137,60,14,27,32
7138,60,14,27,32
7139,60,14,27,32
7140,60,14,27,32
7141,60,14,27,32
7142,60,14,27,32
7143,60,14,27,32
7144,60,14,27,32
7145,60,14,27,32
7146,60,14,27,32
7147,60,14,27,32
7148,60,14,27,32
7149,60,14,27,32
7150,60,14,27,32
7151,60,14,27,32
7152,60,14,27,32
7153,60,14,27,32
7154,60,14,27,32
7155,60,14,27,32
7156,60,14,27,32
7157,60,14,27,32
7158,60,14,27,32
7159,60,14,27,32
7160,60,14,27,32
7161,60,14,27,32
7162,60,14,27,32
7163,60,14,27,32
7164,60,14,27,32
7165,60,14,27,32
7166,60,14,27,32
7167,60,14,27,32
7168,60,14,27,32
7169,60,14,27,32
7170,60,14,27,32
7171,60,14,27,32
7172,60,14,27,32
7173,60,14,27,32
7174,60,14,27,32
7175,60,14,27,32
7176,60,14,27,32
7177,60,14,27,32
7178,60,14,27,32
7179,60,14,27,32
7180,60,14,27,32
7181,60,14,27,32
7182,60,14,27,32
7183,60,14,27,32
7184,60,14,27,32
7185,60,14,27,32
7186,60,14,27,32
7187,60,14,27,32
7188,60,14,27,32
7189,60,14,27,32
7190,60,14,27,32
7191,60,14,27,32
7192,60,14,27,32
7193,60,14,27,32
7194,60,14,27,32
7195,60,14,27,32
7196,60,14,27,32
7197,60,14,27,32
7198,60,14,27,32
7199,60,14,27,32
7200,60,14,27,32
7201,60,14,27,32
7202,60,14,27,32
7203,60,14,27,32
7204,60,14,27,32
7205,60,14,27,32
7206,60,14,27,32
7207,60,14,27,32
7208,60,14,27,32
7209,60,14,27,32
7210,60,14,27,32
7211,60,14,27,32
7212,60,14,27,32
7213,60,14,27,32
7214,60,14,27,32
7215,60,14,27,32
7216,60,14,27,32
7217,60,14,27,32
7218,60,14,27,32
7219,60,14,27,32
7220,60,14,27,32
7221,60,14,27,32
7222,60,14,27,32
7223,60,14,27,32
7224,60,14,27,32
7225,60,14,27,32
7226,60,14,27,32
7227,60,14,27,32
7228,60,14,27,32
7229,60,14,27,32
7230,60,14,27,32
7231,60,14,27,32
7232,60,14,27,32
7233,60,14,27,32
7234,60,14,27,32
7235,60,14,27,32
7236,60,14,27,32
7237,60,14,27,32
7238,60,14,27,32
7239,60,14,27,32
7240,60,14,27,32
7241,60,14,27,32
7242,60,14,27,32
7243,60,14,27,32
7244,60,14,27,32
7245,60,14,27,32
7246,60,14,27,32
7247,60,14,27,32
7248,60,14,27,32
7249,60,14,27,32
7250,60,14,27,32
7251,60,14,27,32
7252,60,14,27,33
7253,60,14,27,33
7254,60,14,27,33
7255,60,14,27,33
7256,60,14,27,33
7257,60,14,27,33
7258,60,14,27,33
7259,60,14,27,33
7260,60,14,27,33
7261,60,14,27,33
7262,60,14,27,33
7263,60,14,27,33
7264,60,14,27,33
7265,60,14,27,33
7266,60,14,27,33
7267,60,14,27,33
7268,60,14,27,33
7269,60,14,27,33
7270,60,14,27,33
7271,60,14,27,33
7272,60,14,27,33
7273,60,14,27,33
7274,60,14,27,33
7275,60,14,27,33
7276,60,14,27,33
7277,60,14,27,33
7278,60,14,27,33
7279,60,14,27,33
7280,60,14,27,33
7281,60,14,27,33
7282,60,14,27,33
7283,60,14,27,33
7284,60,14,27,33
7285,60,14,27,33
7286,60,14,27,33
7287,60,14,27,33
7288,60,14,27,33
7289,60,14,27,33
7290,60,14,27,33
7291,60,14,27,33
7292,60,14,27,33
7293,60,14,27,33
7294,60,14,27,33
7295,60,14,27,33
7296,60,14,27,33
7297,60,14,27,33
7298,60,14,27,33
7299,60,14,27,33
7300,60,14,27,33
7301,60,14,27,33
7302,60,14,27,33
7303,60,14,27,33
7304,60,14,27,33
7305,60,14,27,33
7306,60,14,27,33
7307,60,14,27,33
7308,60,14,27,33
7309,60,14,27,33
7310,60,14,27,33
7311,60,14,27,33
7312,60,14,27,33
7313,60,14,27,33
7314,60,14,27,33
7315,60,14,27,33
7316,60,14,27,33
7317,60,14,27,33
7318,60,14,27,33
7319,60,14,27,33
7320,60,14,27,33
7321,60,14,27,33
7322,60,14,27,33
7323,60,14,27,33
7324,60,14,27,33
7325,60,14,27,33
7326,60,14,27,34
7327,60,14,27,34
7328,60,14,27,34
7329,60,14,27,34
7330,60,14,27,34
7331,60,14,27,34
7332,60,14,27,34
7333,60,14,27,34
7334,60,14,27,34
7335,60,14,27,34
7336,60,14,27,34
7337,60,14,27,34
7338,60,14,27,34
7339,60,14,27,34
7340,60,14,27,34
7341,60,14,27,34
7342,60,14,27,34
7343,60,14,27,34
7344,60,14,27,34
7345,60,14,27,34
7346,60,14,27,34
7347,60,14,27,34
7348,60,14,27,34
7349,60,14,27,34
7350,60,14,27,34
7351,60,14,27,34
7352,60,14,27,34
7353,60,14,27,34
7354,60,14,27,34
7355,60,14,27,34
7356,60,14,27,34
7357,60,14,27,34
7358,60,14,27,34
7359,60,14,27,34
7360,60,14,27,34
7361,60,14,27,34
7362,60,14,27,34
7363,60,14,27,34
7364,60,14,27,34
7365,60,14,27,34
7366,60,14,27,34
7367,60,14,27,35
7368,60,14,27,35
7369,60,14,27,35
7370,60,14,27,35
7371,60,14,27,35
7372,60,14,27,35
7373,60,14,27,35
7374,60,14,27,35
7375,60,14,27,35
7376,60,14,27,35
7377,60,14,27,35
7378,60,14,27,35
7379,60,14,27,35
7380,60,14,27,35
7381,60,14,27,35
7382,60,14,27,35
7383,60,14,27,35
7384,60,14,27,35
7385,60,14,27,35
7386,60,14,27,35
7387,60,14,27,35
7388,60,14,27,35
7389,60,14,27,35
7390,60,14,27,35
7391,60,14,27,35
7392,60,14,27,35
7393,60,14,27,35
7394,60,14,27,35
7395,60,14,27,35
7396,60,14,27,35
7397,60,14,27,35
7398,60,14,27,35
7399,60,14,27,35
7400,60,14,27,35
7401,60,14,27,35
7402,60,14,27,35
7403,60,14,27,35
7404,60,14,27,35
7405,60,14,27,35
7406,60,14,27,35
7407,60,14,27,35
7408,60,14,27,35
7409,60,14,27,35
7410,60,14,27,35
7411,60,14,27,35
7412,60,14,27,35
7413,60,14,27,35
7414,60,14,27,35
7415,60,14,27,35
7416,60,14,27,35
7417,60,14,27,35
7418,60,14,27,35
7419,60,14,27,35
7420,60,14,27,35
7421,60,14,27,35
7422,60,14,27,35
7423,60,14,27,35
7424,60,14,27,35
7425,60,14,27,35
7426,60,14,27,35
7427,60,14,27,35
7428,60,14,27,35
7429,60,14,27,35
7430,60,14,27,35
7431,60,14,27,35
7432,60,14,27,35
7433,60,14,27,35
7434,60,14,27,35
7435,60,14,27,35
7436,60,14,27,35
7437,60,14,27,35
7438,60,14,27,35
7439,60,14,27,35
7440,60,14,27,35
7441,60,14,27,35
7442,60,14,27,36
7443,60,14,27,36
7444,60,14,27,36
7445,60,14,27,36
7446,60,14,27,36
7447,60,14,27,36
7448,60,14,27,36
7449,60,14,27,36
7450,60,14,27,36
7451,60,14,27,36
7452,60,14,27,36
7453,60,14,27,36
7454,60,14,27,36
7455,60,14,27,36
7456,60,14,27,36
7457,60,14,27,36
7458,60,14,27,36
7459,60,14,27,36
7460,60,14,27,36
7461,60,14,27,36
7462,60,14,27,36
7463,60,14,27,36
7464,60,14,27,36
7465,60,14,27,36
7466,60,14,27,36
7467,60,14,27,36
7468,60,14,27,36
7469,60,14,27,36
7470,60,14,27,36
7471,60,14,27,36
7472,60,14,27,36
7473,60,14,27,36
7474,60,14,27,36
7475,60,14,27,36
7476,60,14,27,36
7477,60,14,27,36
7478,60,14,27,36
7479,60,14,27,36
7480,60,14,27,36
7481,60,14,27,36
7482,60,14,27,36
7483,60,14,27,36
7484,60,14,27,36
7485,60,14,27,36
7486,60,14,27,36
7487,60,14,27,36
7488,60,14,27,36
7489,60,14,27,36
7490,60,14,27,36
7491,60,14,27,36
7492,60,14,27,36
7493,60,14,27,36
7494,60,14,27,36
7495,60,14,27,36
7496,60,14,27,37
7497,60,14,27,37
7498,60,14,27,38
7499,60,14,27,38
7500,60,14,27,38
7501,60,14,27,38
7502,60,14,27,38
7503,60,14,27,38
7504,60,14,27,38
7505,60,14,27,38
7506,60,14,27,38
7507,60,14,27,38
7508,60,14,27,38
7509,60,14,27,38
7510,60,14,27,39
7511,60,14,27,39
7512,60,14,27,39
7513,60,14,27,39
7514,60,14,27,39
7515,60,14,27,39
7516,60,14,27,39
7517,60,14,27,39
7518,60,14,27,39
7519,60,14,27,39
7520,60,14,27,39
7521,60,14,27,39
7522,60,14,27,39
7523,60,14,27,39
7524,60,14,27,39
7525,60,14,27,39
7526,60,14,27,39
7527,60,14,27,39
7528,60,14,27,39
7529,60,14,27,39
7530,60,14,27,39
7531,60,14,27,39
7532,60,14,27,39
7533,60,14,27,39
7534,60,14,27,39
7535,60,14,27,39
7536,60,14,27,39
7537,60,14,27,39
7538,60,14,27,39
7539,60,14,27,39
7540,60,14,27,39
7541,60,14,27,39
7542,60,14,27,39
7543,60,14,27,39
7544,60,14,27,39
7545,60,14,27,39
7546,60,14,27,39
7547,60,14,27,39
7548,60,14,27,39
7549,60,14,27,39
7550,60,14,27,39
7551,60,14,27,39
7552,60,14,27,39
7553,60,14,27,39
7554,60,14,27,39
7555,60,14,27,39
7556,60,14,27,39
7557,60,14,27,39
7558,60,14,27,39
7559,60,14,27,39
7560,60,14,27,39
7561,60,14,27,39
7562,60,14,27,39
7563,60,14,27,39
7564,60,14,27,39
7565,60,14,27,39
7566,60,14,27,39
7567,60,14,27,39
7568,60,14,27,39
7569,60,14,27,39
7570,60,14,27,39
7571,60,14,27,39
7572,60,14,27,39
7573,60,14,27,39
7574,60,14,27,39
7575,60,14,27,39
7576,60,14,27,39
7577,60,14,27,39
7578,60,14,27,39
7579,60,14,27,39
7580,60,14,27,39
7581,60,14,27,39
7582,60,14,27,39
7583,60,14,27,39
7584,60,14,27,39
7585,60,14,27,39
7586,60,14,27,39
7587,60,14,27,39
7588,60,14,27,39
7589,60,14,27,39
7590,60,14,27,39
7591,60,14,27,39
7592,60,14,27,39
7593,60,14,27,39
7594,60,14,27,39
7595,60,14,27,39
7596,60,14,27,39
7597,60,14,27,39
7598,60,14,27,39
7599,60,14,27,39
7600,60,14,27,39
7601,60,14,27,39
7602,60,14,27,39
7603,60,14,27,39
7604,60,14,27,39
7605,60,14,27,39
7606,60,14,27,39
7607,60,14,27,39
7608,60,14,27,39
7609,60,14,27,39
7610,60,14,27,39
7611,60,14,27,39
7612,60,14,27,39
7613,60,14,27,39
7614,60,14,27,39
7615,60,14,27,39
7616,60,14,27,39
7617,60,14,27,39
7618,60,14,27,39
7619,60,14,27,39
7620,60,14,27,39
7621,60,14,27,39
7622,60,14,27,39
7623,60,14,27,39
7624,60,14,27,39
7625,60,14,27,39
7626,60,14,27,39
7627,60,14,27,39
7628,60,14,27,39
7629,60,14,27,39
7630,60,14,27,39
7631,60,14,27,39
7632,60,14,27,39
7633,60,14,27,39
7634,60,14,27,39
7635,60,14,27,39
7636,60,14,27,39
7637,60,14,27,39
7638,60,14,27,39
7639,60,14,27,39
7640,60,14,27,39
7641,60,14,27,39
7642,60,14,27,39
7643,60,14,27,39
7644,60,14,27,39
7645,60,14,27,39
7646,60,14,27,39
7647,60,14,27,39
7648,60,14,27,39
7649,60,14,27,39
7650,60,14,27,39
7651,60,14,27,39
7652,60,14,27,39
7653,60,14,27,39
7654,60,14,27,39
7655,60,14,27,39
7656,60,14,27,39
7657,60,14,27,39
7658,60,14,27,39
7659,60,14,27,39
7660,60,14,27,39
7661,60,14,27,39
7662,60,14,27,39
7663,60,14,27,39
7664,60,14,27,39
7665,60,14,27,39
7666,60,14,27,39
7667,60,14,27,39
7668,60,14,27,39
7669,60,14,27,39
7670,60,14,27,39
7671,60,14,27,39
7672,60,14,27,39
7673,60,14,27,39
7674,60,14,27,39
7675,60,14,27,39
7676,60,14,27,39
7677,60,14,27,39
7678,60,14,27,39
7679,60,14,27,39
7680,60,14,27,39
7681,60,14,27,39
7682,60,14,27,39
7683,60,14,27,39
7684,60,14,27,39
7685,60,14,27,39
7686,60,14,27,39
7687,60,14,27,39
7688,60,14,27,39
7689,60,14,27,39
7690,60,14,27,39
7691,60,14,27,39
7692,60,14,27,39
7693,60,14,27,39
7694,60,14,27,39
7695,60,14,27,39
7696,60,14,27,39
7697,60,14,27,39
7698,60,14,27,39
7699,60,14,27,39
7700,60,14,27,39
7701,60,14,27,39
7702,60,14,27,39
7703,60,14,27,39
7704,60,14,27,39
7705,60,14,27,39
7706,60,14,27,39
7707,60,14,27,39
7708,60,14,27,39
7709,60,14,27,39
7710,60,14,27,39
7711,60,14,27,39
7712,60,14,27,39
7713,60,14,27,39
7714,60,14,27,39
7715,60,14,27,39
7716,60,14,27,39
7717,60,14,27,39
7718,60,14,27,39
7719,60,14,27,39
7720,60,14,27,39
7721,60,14,27,39
7722,60,14,27,39
7723,60,14,27,39
7724,60,14,27,39
7725,60,14,27,39
7726,60,14,27,39
7727,60,14,27,39
7728,60,14,27,39
7729,60,14,27,39
7730,60,14,27,39
7731,60,14,27,39
7732,60,14,27,39
7733,60,14,27,39
7734,60,14,27,39
7735,60,14,27,39
7736,60,14,27,39
7737,60,14,27,39
7738,60,14,27,39
7739,60,14,27,39
7740,60,14,27,39
7741,60,14,27,39
7742,60,14,27,39
7743,60,14,27,39
7744,60,14,27,39
7745,60,14,27,39
7746,60,14,27,39
7747,60,14,27,39
7748,60,14,27,39
7749,60,14,27,39
7750,60,14,27,39
7751,60,14,27,39
7752,60,14,27,39
7753,60,14,27,39
7754,60,14,27,39
7755,60,14,27,39
7756,60,14,27,39
7757,60,14,27,39
7758,60,14,27,39
7759,60,14,27,39
7760,60,14,27,39
7761,60,14,27,39
7762,60,14,27,39
7763,60,14,27,39
7764,60,14,27,39
7765,60,14,27,39
7766,60,14,27,39
7767,60,14,27,39
7768,60,14,27,39
7769,60,14,27,39
7770,60,14,27,39
7771,60,14,27,39
7772,60,14,27,39
7773,60,14,27,39
7774,60,14,27,39
7775,60,14,27,39
7776,60,14,27,39
7777,60,14,27,39
7778,60,14,27,39
7779,60,14,27,39
7780,60,14,27,39
7781,60,14,27,39
7782,60,14,27,39
7783,60,14,27,39
7784,60,14,27,39
7785,60,14,27,39
7786,60,14,27,39
7787,60,14,27,39
7788,60,14,27,39
7789,60,14,27,39
7790,60,14,27,39
7791,60,14,27,39
7792,60,14,27,39
7793,60,14,27,39
7794,60,14,27,39
7795,60,14,27,39
7796,60,14,27,39
7797,60,14,27,39
7798,60,14,27,39
7799,60,14,27,39
7800,60,14,27,39
7801,60,14,27,39
7802,60,14,27,39
7803,60,14,27,39
7804,60,14,27,39
7805,60,14,27,39
7806,60,14,27,39
7807,60,14,27,39
7808,60,14,27,39
7809,60,14,27,39
7810,60,14,27,39
7811,60,14,27,39
7812,60,14,27,39
7813,60,14,27,39
7814,60,14,27,39
7815,60,14,27,39
7816,60,14,27,39
7817,60,14,27,39
7818,60,14,27,39
7819,60,14,27,39
7820,60,14,27,39
7821,60,14,27,39
7822,60,14,27,39
7823,60,14,27,39
7824,60,14,27,39
7825,60,14,27,39
7826,60,14,27,39
7827,60,14,27,39
7828,60,14,27,39
7829,60,14,27,39
7830,60,14,27,39
7831,60,14,27,39
7832,60,14,27,39
7833,60,14,27,39
7834,60,14,27,39
7835,60,14,27,39
7836,60,14,27,39
7837,60,14,27,39
7838,60,14,27,39
7839,60,14,27,39
7840,60,14,27,39
7841,60,14,27,39
7842,60,14,27,39
7843,60,14,27,39
7844,60,14,27,39
7845,60,14,27,39
7846,60,14,27,39
7847,60,14,27,39
7848,60,14,27,39
7849,60,14,27,39
7850,60,14,27,39
7851,60,14,27,39
7852,60,14,27,39
7853,60,14,27,39
7854,60,14,27,39
7855,60,14,27,39
7856,60,14,27,39
7857,60,14,27,39
7858,60,14,27,39
7859,60,14,27,39
7860,60,14,27,39
7861,60,14,27,39
7862,60,14,27,39
7863,60,14,27,39
7864,60,14,27,39
7865,60,14,27,39
7866,60,14,27,39
7867,60,14,27,39
7868,60,14,27,39
7869,60,14,27,39
7870,60,14,27,39
7871,60,14,27,39
7872,60,14,27,39
7873,60,14,27,39
7874,60,14,27,39
7875,60,14,27,39
7876,60,14,27,39
7877,60,14,27,39
7878,60,14,27,39
7879,60,14,27,39
7880,60,14,27,39
7881,60,14,27,39
7882,60,14,27,39
7883,60,14,27,39
7884,60,14,27,39
7885,60,14,27,39
7886,60,14,27,39
7887,60,14,27,39
7888,60,14,27,39
7889,60,14,27,39
7890,60,14,27,39
7891,60,14,27,39
7892,60,14,27,39
7893,60,14,27,39
7894,60,14,27,39
7895,60,14,27,39
7896,60,14,27,39
7897,60,14,27,39
7898,60,14,27,39
7899,60,14,27,39
7900,60,14,27,39
7901,60,14,27,39
7902,60,14,27,39
7903,60,14,27,39
7904,60,14,27,39
7905,60,14,27,39
7906,60,14,27,39
7907,60,14,27,39
7908,60,14,27,39
7909,60,14,27,39
7910,60,14,27,39
7911,60,14,27,39
7912,60,14,27,39
7913,60,14,27,39
7914,60,14,27,39
7915,60,14,27,39
7916,60,14,27,39
7917,60,14,27,39
7918,60,14,27,39
7919,60,14,27,39
7920,60,14,27,39
7921,60,14,27,39
7922,60,14,27,39
7923,60,14,27,39
7924,60,14,27,39
7925,60,14,27,39
7926,60,14,27,39
7927,60,14,27,39
7928,60,14,27,39
7929,60,14,27,39
7930,60,14,27,39
7931,60,14,27,39
7932,60,14,27,39
7933,60,14,27,39
7934,60,14,27,39
7935,60,14,27,39
7936,60,14,27,39
7937,60,14,27,39
7938,60,14,27,39
7939,60,14,27,39
7940,60,14,27,39
7941,60,14,27,39
7942,60,14,27,39
7943,60,14,27,39
7944,60,14,27,39
7945,60,14,27,39
7946,60,14,27,39
7947,60,14,27,39
7948,60,14,27,39
7949,60,14,27,39
7950,60,14,27,39
7951,60,14,27,39
7952,60,14,27,39
7953,60,14,27,39
7954,60,14,27,39
7955,60,14,27,39
7956,60,14,27,39
7957,60,14,27,39
7958,60,14,27,39
7959,60,14,27,39
7960,60,14,27,39
7961,60,14,27,39
7962,60,14,27,39
7963,60,14,27,39
7964,60,14,27,39
7965,60,14,27,39
7966,60,14,27,39
7967,60,14,27,39
7968,60,14,27,39
7969,60,14,27,39
7970,60,14,27,39
7971,60,14,27,39
7972,60,14,27,39
7973,60,14,27,39
7974,60,14,27,39
7975,60,14,27,39
7976,60,14,27,39
7977,60,14,27,39
7978,60,14,27,40
7979,60,14,27,40
7980,60,14,27,40
7981,60,14,27,40
7982,60,14,27,41
7983,60,14,27,41
7984,60,14,27,41
7985,60,14,27,41
7986,60,14,27,41
7987,60,14,27,41
7988,60,14,27,41
7989,60,14,27,41
7990,60,14,27,41
7991,60,14,27,41
7992,60,14,27,41
7993,60,14,27,41
7994,60,14,27,41
7995,60,14,27,41
7996,60,14,27,41
7997,60,14,27,41
7998,60,14,27,41
7999,60,14,27,41
8000,60,14,27,42
8001,60,14,27,42
8002,60,14,27,42
8003,60,14,27,42
8004,60,14,27,42
8005,60,14,27,42
8006,60,14,27,42
8007,60,14,27,42
8008,60,14,27,42
8009,60,14,27,42
8010,60,14,27,42
8011,60,14,27,42
8012,60,14,27,42
8013,60,14,27,42
8014,60,14,27,42
8015,60,14,27,42
8016,60,14,27,42
8017,60,14,27,42
8018,60,14,27,42
8019,60,14,27,42
8020,60,14,27,42
8021,60,14,27,42
8022,60,14,27,42
8023,60,14,27,42
8024,60,14,27,42
8025,60,14,27,42
8026,60,14,27,42
8027,60,14,27,42
8028,60,14,27,42
8029,60,14,27,42
8030,60,14,27,42
8031,60,14,27,42
8032,60,14,27,42
8033,60,14,27,42
8034,60,14,27,42
8035,60,14,27,42
8036,60,14,27,42
8037,60,14,27,42
8038,60,14,27,42
8039,60,14,27,42
8040,60,14,27,42
8041,60,14,27,42
8042,60,14,27,42
8043,60,14,27,42
8044,60,14,27,42
8045,60,14,27,42
8046,60,14,27,42
8047,60,14,27,42
8048,60,14,27,42
8049,60,14,27,42
8050,60,14,27,42
8051,60,14,27,42
8052,60,14,27,42
8053,60,14,27,42
8054,60,14,27,42
8055,60,14,27,42
8056,60,14,27,42
8057,60,14,27,42
8058,60,14,27,42
8059,60,14,27,42
8060,60,14,27,42
8061,60,14,27,42
8062,60,14,27,42
8063,60,14,27,42
8064,60,14,27,42
8065,60,14,27,42
8066,60,14,27,42
8067,60,14,27,42
8068,60,14,27,42
8069,60,14,27,42
8070,60,14,27,42
8071,60,14,27,42
8072,60,14,27,42
8073,60,14,27,42
8074,60,14,27,42
8075,60,14,27,42
8076,60,14,27,42
8077,60,14,27,42
8078,60,14,27,42
8079,60,14,27,42
8080,60,14,27,42
8081,60,14,27,42
8082,60,14,27,42
8083,60,14,27,42
8084,60,14,27,42
8085,60,14,27,42
8086,60,14,27,42
8087,60,14,27,42
8088,60,14,27,42
8089,60,14,27,42
8090,60,14,27,42
8091,60,14,27,42
8092,60,14,27,42
8093,60,14,27,42
8094,60,14,27,42
8095,60,14,27,42
8096,60,14,27,42
8097,60,14,27,42
8098,60,14,27,42
8099,60,14,27,42
8100,60,14,27,42
8101,60,14,27,42
8102,60,14,27,42
8103,60,14,27,42
8104,60,14,27,42
8105,60,14,27,42
8106,60,14,27,42
8107,60,14,27,42
8108,60,14,27,42
8109,60,14,27,42
8110,60,14,27,42
8111,60,14,27,42
8112,60,14,27,42
8113,60,14,27,42
8114,60,14,27,42
8115,60,14,27,42
8116,60,14,27,42
8117,60,14,27,42
8118,60,14,27,42
8119,60,14,27,42
8120,60,14,27,42
8121,60,14,27,42
8122,60,14,27,42
8123,60,14,27,42
8124,60,14,27,42
8125,60,14,27,42
8126,60,14,27,42
8127,60,14,27,42
8128,60,14,27,42
8129,60,14,27,42
8130,60,14,27,42
8131,60,14,27,42
8132,60,14,27,42
8133,60,14,27,42
8134,60,14,27,42
8135,60,14,27,42
8136,60,14,27,42
8137,60,14,27,42
8138,60,14,27,42
8139,60,14,27,42
8140,60,14,27,42
8141,60,14,27,42
8142,60,14,27,42
8143,60,14,27,42
8144,60,14,27,42
8145,60,14,27,42
8146,60,14,27,42
8147,60,14,27,42
8148,60,14,27,42
8149,60,14,27,42
8150,60,14,27,42
8151,60,14,27,42
8152,60,14,27,42
8153,60,14,27,42
8154,60,14,27,42
8155,60,14,27,42
8156,60,14,27,42
8157,60,14,27,42
8158,60,14,27,42
8159,60,14,27,42
8160,60,14,27,42
8161,60,14,27,42
8162,60,14,27,42
8163,60,14,27,42
8164,60,14,27,42
8165,60,14,27,42
8166,60,14,27,42
8167,60,14,27,42
8168,60,14,27,42
8169,60,14,27,42
8170,60,14,27,42
8171,60,14,27,42
8172,60,14,27,42
8173,60,14,27,42
8174,60,14,27,42
8175,60,14,27,42
8176,60,14,27,42
8177,60,14,27,42
8178,60,14,27,42
8179,60,14,27,42
8180,60,14,27,42
8181,60,14,27,42
8182,60,14,27,42
8183,60,14,27,42
8184,60,14,27,42
8185,60,14,27,42
8186,60,14,27,42
8187,60,14,27,42
8188,60,14,27,42
8189,60,14,27,42
8190,60,14,27,42
8191,60,14,27,42
8192,60,14,27,42
8193,60,14,27,42
8194,60,14,27,42
8195,60,14,27,42
8196,60,14,27,42
8197,60,14,27,42
8198,60,14,27,42
8199,60,14,27,42
8200,60,14,27,42
8201,60,14,27,42
8202,60,14,27,42
8203,60,14,27,43
8204,60,14,27,43
8205,60,14,27,43
8206,60,14,27,43
8207,60,14,27,43
8208,60,14,27,43
8209,60,14,27,43
8210,60,14,27,43
8211,60,14,27,43
8212,60,14,27,43
8213,60,14,27,43
8214,60,14,27,43
8215,60,14,27,43
8216,60,14,27,43
8217,60,14,27,43
8218,60,14,27,44
8219,60,14,27,44
8220,60,14,27,44
8221,60,14,27,44
8222,60,14,27,44
8223,60,14,27,44
8224,60,14,27,44
8225,60,14,27,44
8226,60,14,27,44
8227,60,14,27,44
8228,60,14,27,44
8229,60,14,27,44
8230,60,14,27,44
8231,60,14,27,44
8232,60,14,27,44
8233,60,14,27,44
8234,60,14,27,44
8235,60,14,27,44
8236,60,14,27,44
8237,60,14,27,44
8238,60,14,27,44
8239,60,14,27,44
8240,60,14,27,44
8241,60,14,27,44
8242,60,14,27,44
8243,60,14,27,44
8244,60,14,27,44
8245,60,14,27,44
8246,60,14,27,44
8247,60,14,27,44
8248,60,14,27,44
8249,60,14,27,44
8250,60,14,27,44
8251,60,14,27,44
8252,60,14,27,44
8253,60,14,27,44
8254,60,14,27,44
8255,60,14,27,44
8256,60,14,27,44
8257,60,14,27,44
8258,60,14,27,44
8259,60,14,27,44
8260,60,14,27,45
8261,60,14,27,45
8262,60,14,27,45
8263,60,14,27,45
8264,60,14,27,45
8265,60,14,27,45
8266,60,14,27,45
8267,60,14,27,45
8268,60,14,27,45
8269,60,14,27,45
8270,60,14,27,45
8271,60,14,27,45
8272,60,14,27,45
8273,60,14,27,45
8274,60,14,27,45
8275,60,14,27,45
8276,60,14,27,45
8277,60,14,27,45
8278,60,14,27,45
8279,60,14,27,45
8280,60,14,27,45
8281,60,14,27,45
8282,60,14,27,45
8283,60,14,27,45
8284,60,14,27,45
8285,60,14,27,45
8286,60,14,27,45
8287,60,14,27,45
8288,60,14,27,45
8289,60,14,27,45
8290,60,14,27,45
8291,60,14,27,45
8292,60,14,27,45
8293,60,14,27,45
8294,60,14,27,45
8295,60,14,27,45
8296,60,14,27,45
8297,60,14,27,45
8298,60,14,27,45
8299,60,14,27,45
8300,60,14,27,45
8301,60,14,27,45
8302,60,14,27,45
8303,60,14,27,45
8304,60,14,27,46
8305,60,14,27,46
8306,60,14,27,46
8307,60,14,27,46
8308,60,14,27,46
8309,60,14,27,46
8310,60,14,27,46
8311,60,14,27,46
8312,60,14,27,46
8313,60,14,27,46
8314,60,14,27,46
8315,60,14,27,46
8316,60,14,27,46
8317,60,14,27,46
8318,60,14,27,46
8319,60,14,27,46
8320,60,14,27,46
8321,60,14,27,46
8322,60,14,27,46
8323,60,14,27,46
8324,60,14,27,46
8325,60,14,27,46
8326,60,14,27,46
8327,60,14,27,46
8328,60,14,27,46
8329,60,14,27,46
8330,60,14,27,46
8331,60,14,27,46
8332,60,14,27,46
8333,60,14,27,46
8334,60,14,27,46
8335,60,14,27,47
8336,60,14,27,47
8337,60,14,27,47
8338,60,14,27,47
8339,60,14,27,47
8340,60,14,27,47
8341,60,14,27,47
8342,60,14,27,47
8343,60,14,27,47
8344,60,14,27,47
8345,60,14,27,47
8346,60,14,27,47
8347,60,14,27,47
8348,60,14,27,47
8349,60,14,27,47
8350,60,14,27,47
8351,60,14,27,47
8352,60,14,27,47
8353,60,14,27,47
8354,60,14,27,47
8355,60,14,27,47
8356,60,14,27,47
8357,60,14,27,47
8358,60,14,27,47
8359,60,14,27,47
8360,60,14,27,47
8361,60,14,27,47
8362,60,14,27,47
8363,60,14,27,47
8364,60,14,27,47
8365,60,14,27,47
8366,60,14,27,47
8367,60,14,27,47
8368,60,14,27,47
8369,60,14,27,47
8370,60,14,27,48
8371,60,14,27,48
8372,60,14,27,48
8373,60,14,27,48
8374,60,14,27,48
8375,60,14,27,48
8376,60,14,27,48
8377,60,14,27,48
8378,60,14,27,48
8379,60,14,27,48
8380,60,14,27,48
8381,60,14,27,48
8382,60,14,27,48
8383,60,14,27,48
8384,60,14,27,48
8385,60,14,27,48
8386,60,14,27,48
8387,60,14,27,48
8388,60,14,27,48
8389,60,14,27,48
8390,60,14,27,48
8391,60,14,27,48
8392,60,14,27,48
8393,60,14,27,48
8394,60,14,27,48
8395,60,14,27,48
8396,60,14,27,48
8397,60,14,27,48
8398,60,14,27,48
8399,60,14,27,48
8400,60,14,27,48
8401,60,14,27,48
8402,60,14,27,48
8403,60,14,27,48
8404,60,14,27,48
8405,60,14,27,48
8406,60,14,27,48
8407,60,14,27,48
8408,60,14,27,48
8409,60,14,27,48
8410,60,14,27,48
8411,60,14,27,48
8412,60,14,27,48
8413,60,14,27,48
8414,60,14,27,48
8415,60,14,27,48
8416,60,14,27,48
8417,60,14,27,48
8418,60,14,27,48
8419,60,14,27,48
8420,60,14,27,48
8421,60,14,27,48
8422,60,14,27,48
8423,60,14,27,48
8424,60,14,27,48
8425,60,14,27,48
8426,60,14,27,48
8427,60,14,27,48
8428,60,14,27,48
8429,60,14,27,48
8430,60,14,27,48
8431,60,14,27,48
8432,60,14,27,48
8433,60,14,27,48
8434,60,14,27,48
8435,60,14,27,48
8436,60,14,27,48
8437,60,14,27,48
8438,60,14,27,48
8439,60,14,27,48
8440,60,14,27,48
8441,60,14,27,48
8442,60,14,27,48
8443,60,14,27,48
8444,60,14,27,48
8445,60,14,27,48
8446,60,14,27,48
8447,60,14,27,48
8448,60,14,27,48
8449,60,14,27,48
8450,60,14,27,48
8451,60,14,27,48
8452,60,14,27,48
8453,60,14,27,48
8454,60,14,27,48
8455,60,14,27,48
8456,60,14,27,48
8457,60,14,27,48
8458,60,14,27,48
8459,60,14,27,48
8460,60,14,27,48
8461,60,14,27,48
8462,60,14,27,48
8463,60,14,27,48
8464,60,14,27,48
8465,60,14,27,48
8466,60,14,27,48
8467,60,14,27,49
8468,60,14,27,49
8469,60,14,27,49
8470,60,14,27,49
8471,60,14,27,49
8472,60,14,27,49
8473,60,14,27,49
8474,60,14,27,49
8475,60,14,27,49
8476,60,14,27,49
8477,60,14,27,49
8478,60,14,27,49
8479,60,14,27,49
8480,60,14,27,49
8481,60,14,27,49
8482,60,14,27,50
8483,60,14,27,50
8484,60,14,27,50
8485,60,14,27,50
8486,60,14,27,50
8487,60,14,27,50
8488,60,14,27,50
8489,60,14,27,50
8490,60,14,27,50
8491,60,14,27,50
8492,60,14,27,50
8493,60,14,27,50
8494,60,14,27,50
8495,60,14,27,50
8496,60,14,27,50
8497,60,14,27,50
8498,60,14,27,50
8499,60,14,27,50
8500,60,14,27,50
8501,60,14,27,51
8502,60,14,27,51
8503,60,14,27,51
8504,60,14,27,51
8505,60,14,27,51
8506,60,14,27,51
8507,60,14,27,51
8508,60,14,27,51
8509,60,14,27,51
8510,60,14,27,51
8511,60,14,27,51
8512,60,14,27,51
8513,60,14,27,51
8514,60,14,27,51
8515,60,14,27,51
8516,60,14,27,51
8517,60,14,27,51
8518,60,14,27,51
8519,60,14,27,51
8520,60,14,27,51
8521,60,14,27,51
8522,60,14,27,51
8523,60,14,27,51
8524,60,14,27,51
8525,60,14,27,51
8526,60,14,27,51
8527,60,14,27,51
8528,60,14,27,51
8529,60,14,27,51
8530,60,14,27,51
8531,60,14,27,51
8532,60,14,27,51
8533,60,14,27,51
8534,60,14,27,51
8535,60,14,27,51
8536,60,14,27,51
8537,60,14,27,51
8538,60,14,27,51
8539,60,14,27,51
8540,60,14,27,51
8541,60,14,27,51
8542,60,14,27,51
8543,60,14,27,51
8544,60,14,27,51
8545,60,14,27,51
8546,60,14,27,51
8547,60,14,27,51
8548,60,14,27,51
8549,60,14,27,51
8550,60,14,27,51
8551,60,14,27,51
8552,60,14,27,51
8553,60,14,27,51
8554,60,14,27,51
8555,60,14,27,51
8556,60,14,27,51
8557,60,14,27,51
8558,60,14,27,51
8559,60,14,27,51
8560,60,14,27,51
8561,60,14,27,51
8562,60,14,27,51
8563,60,14,27,51
8564,60,14,27,51
8565,60,14,27,51
8566,60,14,27,51
8567,60,14,27,51
8568,60,14,27,51
8569,60,14,27,51
8570,60,14,27,51
8571,60,14,27,51
8572,60,14,27,51
8573,60,14,27,51
8574,60,14,27,51
8575,60,14,27,51
8576,60,14,27,51
8577,60,14,27,51
8578,60,14,27,51
8579,60,14,27,51
8580,60,14,27,51
8581,60,14,27,51
8582,60,14,27,51
8583,60,14,27,51
8584,60,14,27,51
8585,60,14,27,51
8586,60,14,27,51
8587,60,14,27,51
8588,60,14,27,51
8589,60,14,27,51
8590,60,14,27,51
8591,60,14,27,51
8592,60,14,27,51
8593,60,14,27,51
8594,60,14,27,51
8595,60,14,27,51
8596,60,14,27,51
8597,60,14,27,51
8598,60,14,27,51
8599,60,14,27,51
8600,60,14,27,51
8601,60,14,27,51
8602,60,14,27,51
8603,60,14,27,51
8604,60,14,27,51
8605,60,14,27,51
8606,60,14,27,51
8607,60,14,27,51
8608,60,14,27,51
8609,60,14,27,51
8610,60,14,27,51
8611,60,14,27,51
8612,60,14,27,51
8613,60,14,27,51
8614,60,14,27,51
8615,60,14,27,51
8616,60,14,27,51
8617,60,14,27,51
8618,60,14,27,51
8619,60,14,27,51
8620,60,14,27,51
8621,60,14,27,51
8622,60,14,27,51
8623,60,14,27,51
8624,60,14,27,51
8625,60,14,27,51
8626,60,14,27,51
8627,60,14,27,51
8628,60,14,27,51
8629,60,14,27,51
8630,60,14,27,51
8631,60,14,27,51
8632,60,14,27,51
8633,60,14,27,51
8634,60,14,27,51
8635,60,14,27,51
8636,60,14,27,51
8637,60,14,27,51
8638,60,14,27,51
8639,60,14,27,51
8640,60,14,27,51
8641,60,14,27,51
8642,60,14,27,51
8643,60,14,27,51
8644,60,14,27,51
8645,60,14,27,51
8646,60,14,27,51
8647,60,14,27,51
8648,60,14,27,51
8649,60,14,27,51
8650,60,14,27,51
8651,60,14,27,51
8652,60,14,27,51
8653,60,14,27,51
8654,60,14,27,51
8655,60,14,27,51
8656,60,14,27,51
8657,60,14,27,51
8658,60,14,27,51
8659,60,14,27,51
8660,60,14,27,51
8661,60,14,27,51
8662,60,14,27,51
8663,60,14,27,51
8664,60,14,27,51
8665,60,14,27,51
8666,60,14,27,51
8667,60,14,27,51
8668,60,14,27,51
8669,60,14,27,51
8670,60,14,27,51
8671,60,14,27,51
8672,60,14,27,51
8673,60,14,27,51
8674,60,14,27,51
8675,60,14,27,51
8676,60,14,27,51
8677,60,14,27,51
8678,60,14,27,51
8679,60,14,27,51
8680,60,14,27,51
8681,60,14,27,51
8682,60,14,27,51
8683,60,14,27,51
8684,60,14,27,51
8685,60,14,27,51
8686,60,14,27,51
8687,60,14,27,51
8688,60,14,27,51
8689,60,14,27,51
8690,60,14,27,51
8691,60,14,27,51
8692,60,14,27,51
8693,60,14,27,51
8694,60,14,27,51
8695,60,14,27,51
8696,60,14,27,51
8697,60,14,27,51
8698,60,14,27,51
8699,60,14,27,51
8700,60,14,27,51
8701,60,14,27,51
8702,60,14,27,51
8703,60,14,27,51
8704,60,14,27,51
8705,60,14,27,51
8706,60,14,27,51
8707,60,14,27,51
8708,60,14,27,51
8709,60,14,27,51
8710,60,14,27,51
8711,60,14,27,51
8712,60,14,27,51
8713,60,14,27,51
8714,60,14,27,51
8715,60,14,27,51
8716,60,14,27,51
8717,60,14,27,51
8718,60,14,27,51
8719,60,14,27,51
8720,60,14,27,51
8721,60,14,27,51
8722,60,14,27,51
8723,60,14,27,51
8724,60,14,27,51
8725,60,14,27,51
8726,60,14,27,51
8727,60,14,27,51
8728,60,14,27,51
8729,60,14,27,51
8730,60,14,27,51
8731,60,14,27,51
8732,60,14,27,51
8733,60,14,27,51
8734,60,14,27,51
8735,60,14,27,51
8736,60,14,27,51
8737,60,14,27,51
8738,60,14,27,51
8739,60,14,27,51
8740,60,14,27,51
8741,60,14,27,51
8742,60,14,27,51
8743,60,14,27,51
8744,60,14,27,51
8745,60,14,27,51
8746,60,14,27,51
8747,60,14,27,51
8748,60,14,27,52
8749,60,14,27,52
8750,60,14,27,52
8751,60,14,27,52
8752,60,14,27,52
8753,60,14,27,52
8754,60,14,27,52
8755,60,14,27,52
8756,60,14,27,52
8757,60,14,27,52
8758,60,14,27,52
8759,60,14,27,52
8760,60,14,27,52
8761,60,14,27,52
8762,60,14,27,52
8763,60,14,27,52
8764,60,14,27,52
8765,60,14,27,52
8766,60,14,27,52
8767,60,14,27,52
8768,60,14,27,52
8769,60,14,27,52
8770,60,14,27,52
8771,60,14,27,52
8772,60,14,27,52
8773,60,14,27,52
8774,60,14,27,52
8775,60,14,27,52
8776,60,14,27,52
8777,60,14,27,52
8778,60,14,27,52
8779,60,14,27,52
8780,60,14,27,52
8781,60,14,27,52
8782,60,14,27,52
8783,60,14,27,52
8784,60,14,27,52
8785,60,14,27,52
8786,60,14,27,52
8787,60,14,27,52
8788,60,14,27,52
8789,60,14,27,52
8790,60,14,27,52
8791,60,14,27,52
8792,60,14,27,52
8793,60,14,27,52
8794,60,14,27,52
8795,60,14,27,52
8796,60,14,27,52
8797,60,14,27,52
8798,60,14,27,52
8799,60,14,27,52
8800,60,14,27,52
8801,60,14,27,52
8802,60,14,27,52
8803,60,14,27,52
8804,60,14,27,52
8805,60,14,27,52
8806,60,14,27,52
8807,60,14,27,52
8808,60,14,27,52
8809,60,14,27,52
8810,60,14,27,52
8811,60,14,27,52
8812,60,14,27,52
8813,60,14,27,52
8814,60,14,27,52
8815,60,14,27,52
8816,60,14,27,52
8817,60,14,27,52
8818,60,14,27,52
8819,60,14,27,52
8820,60,14,27,52
8821,60,14,27,52
8822,60,14,27,52
8823,60,14,27,52
8824,60,14,27,52
8825,60,14,27,52
8826,60,14,27,52
8827,60,14,27,52
8828,60,14,27,52
8829,60,14,27,52
8830,60,14,27,52
8831,60,14,27,52
8832,60,14,27,52
8833,60,14,27,52
8834,60,14,27,52
8835,60,14,27,52
8836,60,14,27,52
8837,60,14,27,52
8838,60,14,27,52
8839,60,14,27,52
8840,60,14,27,52
8841,60,14,27,52
8842,60,14,27,52
8843,60,14,27,52
8844,60,14,27,52
8845,60,14,27,52
8846,60,14,27,52
8847,60,14,27,52
8848,60,14,27,52
8849,60,14,27,52
8850,60,14,27,52
8851,60,14,27,52
8852,60,14,27,52
8853,60,14,27,52
8854,60,14,27,52
8855,60,14,27,52
8856,60,14,27,52
8857,60,14,27,52
8858,60,14,27,52
8859,60,14,27,52
8860,60,14,27,52
8861,60,14,27,52
8862,60,14,27,52
8863,60,14,27,52
8864,60,14,27,52
8865,60,14,27,52
8866,60,14,27,52
8867,60,14,27,52
8868,60,14,27,52
8869,60,14,27,52
8870,60,14,27,52
8871,60,14,27,52
8872,60,14,27,52
8873,60,14,27,52
8874,60,14,27,52
8875,60,14,27,52
8876,60,14,27,52
8877,60,14,27,52
8878,60,14,27,52
8879,60,14,27,52
8880,60,14,27,52
8881,60,14,27,52
8882,60,14,27,52
8883,60,14,27,52
8884,60,14,27,52
8885,60,14,27,52
8886,60,14,27,52
8887,60,14,27,52
8888,60,14,27,52
8889,60,14,27,52
8890,60,14,27,52
8891,60,14,27,52
8892,60,14,27,52
8893,60,14,27,52
8894,60,14,27,52
8895,60,14,27,52
8896,60,14,27,52
8897,60,14,27,52
8898,60,14,27,52
8899,60,14,27,52
8900,60,14,27,52
8901,60,14,27,52
8902,60,14,27,52
8903,60,14,27,52
8904,60,14,27,52
8905,60,14,27,52
8906,60,14,27,52
8907,60,14,27,52
8908,60,14,27,52
8909,60,14,27,52
8910,60,14,27,52
8911,60,14,27,52
8912,60,14,27,52
8913,60,14,27,52
8914,60,14,27,52
8915,60,14,27,52
8916,60,14,27,52
8917,60,14,27,52
8918,60,14,27,52
8919,60,14,27,52
8920,60,14,27,52
8921,60,14,27,52
8922,60,14,27,52
8923,60,14,27,52
8924,60,14,27,52
8925,60,14,27,52
8926,60,14,27,52
8927,60,14,27,52
8928,60,14,27,52
8929,60,14,27,52
8930,60,14,27,52
8931,60,14,27,52
8932,60,14,27,52
8933,60,14,27,52
8934,60,14,27,52
8935,60,14,27,52
8936,60,14,27,52
8937,60,14,27,52
8938,60,14,27,52
8939,60,14,27,52
8940,60,14,27,52
8941,60,14,27,52
8942,60,14,27,52
8943,60,14,27,52
8944,60,14,27,52
8945,60,14,27,52
8946,60,14,27,52
8947,60,14,27,52
8948,60,14,27,52
8949,60,14,27,52
8950,60,14,27,52
8951,60,14,27,52
8952,60,14,27,52
8953,60,14,27,52
8954,60,14,27,52
8955,60,14,27,52
8956,60,14,27,52
8957,60,14,27,52
8958,60,14,27,52
8959,60,14,27,52
8960,60,14,27,52
8961,60,14,27,52
8962,60,14,27,52
8963,60,14,27,52
8964,60,14,27,52
8965,60,14,27,52
8966,60,14,27,52
8967,60,14,27,52
8968,60,14,27,52
8969,60,14,27,52
8970,60,14,27,52
8971,60,14,27,52
8972,60,14,27,52
8973,60,14,27,52
8974,60,14,27,52
8975,60,14,27,52
8976,60,14,27,52
8977,60,14,27,52
8978,60,14,27,52
8979,60,14,27,52
8980,60,14,27,52
8981,60,14,27,52
8982,60,14,27,52
8983,60,14,27,52
8984,60,14,27,52
8985,60,14,27,52
8986,60,14,27,52
8987,60,14,27,52
8988,60,14,27,52
8989,60,14,27,52
8990,60,14,27,52
8991,60,14,27,52
8992,60,14,27,52
8993,60,14,27,52
8994,60,14,27,52
8995,60,14,27,52
8996,60,14,27,52
8997,60,14,27,52
8998,60,14,27,52
8999,60,14,27,52
9000,60,14,27,52
9001,60,14,27,52
9002,60,14,27,52
9003,60,14,27,52
9004,60,14,27,52
9005,60,14,27,52
9006,60,14,27,52
9007,60,14,27,52
9008,60,14,27,52
9009,60,14,27,52
9010,60,14,27,52
9011,60,14,27,52
9012,60,14,27,52
9013,60,14,27,52
9014,60,14,27,52
9015,60,14,27,52
9016,60,14,27,52
9017,60,14,27,52
9018,60,14,27,52
9019,60,14,27,52
9020,60,14,27,52
9021,60,14,27,52
9022,60,14,27,52
9023,60,14,27,52
9024,60,14,27,52
9025,60,14,27,52
9026,60,14,27,52
9027,60,14,27,52
9028,60,14,27,52
9029,60,14,27,52
9030,60,14,27,52
9031,60,14,27,52
9032,60,14,27,52
9033,60,14,27,52
9034,60,14,27,52
9035,60,14,27,52
9036,60,14,27,52
9037,60,14,27,52
9038,60,14,27,52
9039,60,14,27,52
9040,60,14,27,52
9041,60,14,27,52
9042,60,14,27,52
9043,60,14,27,52
9044,60,14,27,52
9045,60,14,27,52
9046,60,14,27,52
9047,60,14,27,52
9048,60,14,27,52
9049,60,14,27,52
9050,60,14,27,52
9051,60,14,27,52
9052,60,14,27,52
9053,60,14,27,52
9054,60,14,27,52
9055,60,14,27,52
9056,60,14,27,52
9057,60,14,27,52
9058,60,14,27,52
9059,60,14,27,52
9060,60,14,27,52
9061,60,14,27,52
9062,60,14,27,52
9063,60,14,27,52
9064,60,14,27,52
9065,60,14,27,52
9066,60,14,27,52
9067,60,14,27,52
9068,60,14,27,52
9069,60,14,27,52
9070,60,14,27,52
9071,60,14,27,52
9072,60,14,27,52
9073,60,14,27,52
9074,60,14,27,52
9075,60,14,27,52
9076,60,14,27,52
9077,60,14,27,52
9078,60,14,27,52
9079,60,14,27,52
9080,60,14,27,52
9081,60,14,27,52
9082,60,14,27,52
9083,60,14,27,52
9084,60,14,27,52
9085,60,14,27,52
9086,60,14,27,52
9087,60,14,27,52
9088,60,14,27,52
9089,60,14,27,52
9090,60,14,27,52
9091,60,14,27,52
9092,60,14,27,52
9093,60,14,27,52
9094,60,14,27,52
9095,60,14,27,52
9096,60,14,27,52
9097,60,14,27,52
9098,60,14,27,52
9099,60,14,27,52
9100,60,14,27,52
9101,60,14,27,52
9102,60,14,27,52
9103,60,14,27,52
9104,60,14,27,52
9105,60,14,27,52
9106,60,14,27,52
9107,60,14,27,52
9108,60,14,27,52
9109,60,14,27,52
9110,60,14,27,52
9111,60,14,27,52
9112,60,14,27,52
9113,60,14,27,52
9114,60,14,27,52
9115,60,14,27,52
9116,60,14,27,52
9117,60,14,27,52
9118,60,14,27,52
9119,60,14,27,52
9120,60,14,27,52
9121,60,14,27,52
9122,60,14,27,52
9123,60,14,27,52
9124,60,14,27,52
9125,60,14,27,52
9126,60,14,27,52
9127,60,14,27,52
9128,60,14,27,52
9129,60,14,27,52
9130,60,14,27,52
9131,60,14,27,52
9132,60,14,27,52
9133,60,14,27,52
9134,60,14,27,52
9135,60,14,27,52
9136,60,14,27,52
9137,60,14,27,52
9138,60,14,27,52
9139,60,14,27,52
9140,60,14,27,52
9141,60,14,27,52
9142,60,14,27,52
9143,60,14,27,52
9144,60,14,27,52
9145,60,14,27,52
9146,60,14,27,52
9147,60,14,27,52
9148,60,14,27,52
9149,60,14,27,52
9150,60,14,27,52
9151,60,14,27,52
9152,60,14,27,52
9153,60,14,27,52
9154,60,14,27,52
9155,60,14,27,52
9156,60,14,27,52
9157,60,14,27,52
9158,60,14,27,52
9159,60,14,27,52
9160,60,14,27,52
9161,60,14,27,52
9162,60,14,27,52
9163,60,14,27,52
9164,60,14,27,52
9165,60,14,27,52
9166,60,14,27,52
9167,60,14,27,52
9168,60,14,27,52
9169,60,14,27,52
9170,60,14,27,52
9171,60,14,27,52
9172,60,14,27,52
9173,60,14,27,52
9174,60,14,27,52
9175,60,14,27,52
9176,60,14,27,52
9177,60,14,27,52
9178,60,14,27,52
9179,60,14,27,52
9180,60,14,27,52
9181,60,14,27,52
9182,60,14,27,52
9183,60,14,27,52
9184,60,14,27,52
9185,60,14,27,52
9186,60,14,27,52
9187,60,14,27,52
9188,60,14,27,52
9189,60,14,27,52
9190,60,14,27,52
9191,60,14,27,52
9192,60,14,27,52
9193,60,14,27,52
9194,60,14,27,52
9195,60,14,27,52
9196,60,14,27,52
9197,60,14,27,52
9198,60,14,27,52
9199,60,14,27,52
9200,60,14,27,52
9201,60,14,27,52
9202,60,14,27,52
9203,60,14,27,52
9204,60,14,27,52
9205,60,14,27,52
9206,60,14,27,52
9207,60,14,27,52
9208,60,14,27,52
9209,60,14,27,52
9210,60,14,27,52
9211,60,14,27,52
9212,60,14,27,52
9213,60,14,27,52
9214,60,14,27,52
9215,60,14,27,52
9216,60,14,27,52
9217,60,14,27,52
9218,60,14,27,52
9219,60,14,27,52
9220,60,14,27,52
9221,60,14,27,52
9222,60,14,27,52
9223,60,14,27,52
9224,60,14,27,52
9225,60,14,27,52
9226,60,14,27,52
9227,60,14,27,52
9228,60,14,27,52
9229,60,14,27,52
9230,60,14,27,52
9231,60,14,27,52
9232,60,14,27,52
9233,60,14,27,52
9234,60,14,27,52
9235,60,14,27,53
9236,60,14,27,53
9237,60,14,27,53
9238,60,14,27,53
9239,60,14,27,53
9240,60,14,27,53
9241,60,14,27,53
9242,60,14,27,53
9243,60,14,27,53
9244,60,14,27,53
9245,60,14,27,53
9246,60,14,27,53
9247,60,14,27,53
9248,60,14,27,53
9249,60,14,27,53
9250,60,14,27,53
9251,60,14,27,53
9252,60,14,27,53
9253,60,14,27,53
9254,60,14,27,53
9255,60,14,27,53
9256,60,14,27,53
9257,60,14,27,53
9258,60,14,27,53
9259,60,14,27,53
9260,60,14,27,53
9261,60,14,27,53
9262,60,14,27,53
9263,60,14,27,53
9264,60,14,27,53
9265,60,14,27,53
9266,60,14,27,53
9267,60,14,27,53
9268,60,14,27,53
9269,60,14,27,53
9270,60,14,27,53
9271,60,14,27,53
9272,60,14,27,53
9273,60,14,27,53
9274,60,14,27,53
9275,60,14,27,53
9276,60,14,27,53
9277,60,14,27,53
9278,60,14,27,53
9279,60,14,27,53
9280,60,14,27,53
9281,60,14,27,53
9282,60,14,27,53
9283,60,14,27,53
9284,60,14,27,53
9285,60,14,27,53
9286,60,14,27,53
9287,60,14,27,53
9288,60,14,27,53
9289,60,14,27,53
9290,60,14,27,53
9291,60,14,27,53
9292,60,14,27,53
9293,60,14,27,53
9294,60,14,27,53
9295,60,14,27,53
9296,60,14,27,53
9297,60,14,27,53
9298,60,14,27,53
9299,60,14,27,53
9300,60,14,27,53
9301,60,14,27,53
9302,60,14,27,53
9303,60,14,27,53
9304,60,14,27,53
9305,60,14,27,53
9306,60,14,27,53
9307,60,14,27,53
9308,60,14,27,53
9309,60,14,27,53
9310,60,14,27,53
9311,60,14,27,53
9312,60,14,27,53
9313,60,14,27,53
9314,60,14,27,53
9315,60,14,27,53
9316,60,14,27,53
9317,60,14,27,53
9318,60,14,27,53
9319,60,14,27,53
9320,60,14,27,53
9321,60,14,27,53
9322,60,14,27,53
9323,60,14,27,53
9324,60,14,27,53
9325,60,14,27,53
9326,60,14,27,53
9327,60,14,27,53
9328,60,14,27,53
9329,60,14,27,53
9330,60,14,27,53
9331,60,14,27,53
9332,60,14,27,53
9333,60,14,27,53
9334,60,14,27,53
9335,60,14,27,53
9336,60,14,27,53
9337,60,14,27,53
9338,60,14,27,54
9339,60,14,27,54
9340,60,14,27,54
9341,60,14,27,54
9342,60,14,27,54
9343,60,14,27,54
9344,60,14,27,54
9345,60,14,27,54
9346,60,14,27,54
9347,60,14,27,54
9348,60,14,27,54
9349,60,14,27,54
9350,60,14,27,54
9351,60,14,27,54
9352,60,14,27,54
9353,60,14,27,54
9354,60,14,27,54
9355,60,14,27,54
9356,60,14,27,54
9357,60,14,27,54
9358,60,14,27,54
9359,60,14,27,54
9360,60,14,27,54
9361,60,14,27,54
9362,60,14,27,54
9363,60,14,27,54
9364,60,14,27,54
9365,60,14,27,54
9366,60,14,27,55
9367,60,14,27,55
9368,60,14,27,55
9369,60,14,27,55
9370,60,14,27,55
9371,60,14,27,55
9372,60,14,27,55
9373,60,14,27,55
9374,60,14,27,55
9375,60,14,27,55
9376,60,14,27,55
9377,60,14,27,55
9378,60,14,27,55
9379,60,14,27,55
9380,60,14,27,55
9381,60,14,27,55
9382,60,14,27,55
9383,60,14,27,55
9384,60,14,27,55
9385,60,14,27,55
9386,60,14,27,55
9387,60,14,27,55
9388,60,14,27,55
9389,60,14,27,55
9390,60,14,27,55
9391,60,14,27,55
9392,60,14,27,55
9393,60,14,27,55
9394,60,14,27,55
9395,60,14,27,55
9396,60,14,27,55
9397,60,14,27,55
9398,60,14,27,55
9399,60,14,27,55
9400,60,14,27,55
9401,60,14,27,55
9402,60,14,27,55
9403,60,14,27,55
9404,60,14,27,55
9405,60,14,27,55
9406,60,14,27,55
9407,60,14,27,55
9408,60,14,27,55
9409,60,14,27,55
9410,60,14,27,55
9411,60,14,27,55
9412,60,14,27,55
9413,60,14,27,55
9414,60,14,27,55
9415,60,14,27,55
9416,60,14,27,55
9417,60,14,27,55
9418,60,14,27,55
9419,60,14,27,55
9420,60,14,27,55
9421,60,14,27,55
9422,60,14,27,55
9423,60,14,27,55
9424,60,14,27,55
9425,60,14,27,55
9426,60,14,27,55
9427,60,14,27,55
9428,60,14,27,55
9429,60,14,27,55
9430,60,14,27,55
9431,60,14,27,55
9432,60,14,27,55
9433,60,14,27,55
9434,60,14,27,55
9435,60,14,27,55
9436,60,14,27,55
9437,60,14,27,55
9438,60,14,27,55
9439,60,14,27,55
9440,60,14,27,55
9441,60,14,27,55
9442,60,14,27,55
9443,60,14,27,55
9444,60,14,27,55
9445,60,14,27,55
9446,60,14,27,55
9447,60,14,27,56
9448,60,14,27,56
9449,60,14,27,56
9450,60,14,27,56
9451,60,14,27,56
9452,60,14,27,56
9453,60,14,27,56
9454,60,14,27,56
9455,60,14,27,56
9456,60,14,27,56
9457,60,14,27,56
9458,60,14,27,56
9459,60,14,27,56
9460,60,14,27,56
9461,60,14,27,56
9462,60,14,27,56
9463,60,14,27,56
9464,60,14,27,56
9465,60,14,27,56
9466,60,14,27,56
9467,60,14,27,56
9468,60,14,27,56
9469,60,14,27,56
9470,60,14,27,56
9471,60,14,27,56
9472,60,14,27,56
9473,60,14,27,56
9474,60,14,27,56
9475,60,14,27,56
9476,60,14,27,56
9477,60,14,27,56
9478,60,14,27,56
9479,60,14,27,56
9480,60,14,27,56
9481,60,14,27,56
9482,60,14,27,56
9483,60,14,27,56
9484,60,14,27,56
9485,60,14,27,56
9486,60,14,27,56
9487,60,14,27,56
9488,60,14,27,56
9489,60,14,27,56
9490,60,14,27,56
9491,60,14,27,56
9492,60,14,27,56
9493,60,14,27,56
9494,60,14,27,56
9495,60,14,27,56
9496,60,14,27,56
9497,60,14,27,57
9498,60,14,27,57
9499,60,14,27,57
9500,60,14,27,57
9501,60,14,27,57
9502,60,14,27,57
9503,60,14,27,57
9504,60,14,27,57
9505,60,14,27,57
9506,60,14,27,57
9507,60,14,27,57
9508,60,14,27,57
9509,60,14,27,57
9510,60,14,27,57
9511,60,14,27,57
9512,60,14,27,57
9513,60,14,27,57
9514,60,14,27,57
9515,60,14,27,57
9516,60,14,27,57
9517,60,14,27,57
9518,60,14,27,57
9519,60,14,27,57
9520,60,14,27,57
9521,60,14,27,57
9522,60,14,27,57
9523,60,14,27,57
9524,60,14,27,57
9525,60,14,27,57
9526,60,14,27,57
9527,60,14,27,57
9528,60,14,27,57
9529,60,14,27,57
9530,60,14,27,57
9531,60,14,27,57
9532,60,14,27,57
9533,60,14,27,57
9534,60,14,27,57
9535,60,14,27,57
9536,60,14,27,57
9537,60,14,27,57
9538,60,14,27,57
9539,60,14,27,57
9540,60,14,27,57
9541,60,14,27,57
9542,60,14,27,57
9543,60,14,27,57
9544,60,14,27,57
9545,60,14,27,57
9546,60,14,27,57
9547,60,14,27,57
9548,60,14,27,57
9549,60,14,27,57
9550,60,14,27,57
9551,60,14,27,57
9552,60,14,27,57
9553,60,14,27,57
9554,60,14,27,57
9555,60,14,27,57
9556,60,14,27,57
9557,60,14,27,57
9558,60,14,27,57
9559,60,14,27,57
9560,60,14,27,57
9561,60,14,27,57
9562,60,14,27,57
9563,60,14,27,57
9564,60,14,27,57
9565,60,14,27,57
9566,60,14,27,57
9567,60,14,27,57
9568,60,14,27,57
9569,60,14,27,57
9570,60,14,27,57
9571,60,14,27,57
9572,60,14,27,57
9573,60,14,27,57
9574,60,14,27,57
9575,60,14,27,57
9576,60,14,27,57
9577,60,14,27,57
9578,60,14,27,57
9579,60,14,27,57
9580,60,14,27,57
9581,60,14,27,58
9582,60,14,27,58
9583,60,14,27,58
9584,60,14,27,58
9585,60,14,27,58
9586,60,14,27,58
9587,60,14,27,58
9588,60,14,27,58
9589,60,14,27,58
9590,60,14,27,58
9591,60,14,27,58
9592,60,14,27,58
9593,60,14,27,58
9594,60,14,27,58
9595,60,14,27,58
9596,60,14,27,58
9597,60,14,27,58
9598,60,14,27,58
9599,60,14,27,58
9600,60,14,27,58
9601,60,14,27,58
9602,60,14,27,58
9603,60,14,27,58
9604,60,14,27,58
9605,60,14,27,58
9606,60,14,27,58
9607,60,14,27,58
9608,60,14,27,58
9609,60,14,27,58
9610,60,14,27,58
9611,60,14,27,58
9612,60,14,27,58
9613,60,14,27,58
9614,60,14,27,58
9615,60,14,27,58
9616,60,14,27,59
9617,60,14,27,59
9618,60,14,27,59
9619,60,14,27,59
9620,60,14,27,59
9621,60,14,27,59
9622,60,14,27,59
9623,60,14,27,59
9624,60,14,27,59
9625,60,14,27,59
9626,60,14,27,59
9627,60,14,27,59
9628,60,14,27,59
9629,60,14,27,59
9630,60,14,27,59
9631,60,14,27,59
9632,60,14,27,59
9633,60,14,27,59
9634,60,14,27,59
9635,60,14,27,59
9636,60,14,27,59
9637,60,14,27,59
9638,60,14,27,59
9639,60,14,27,59
9640,60,14,27,59
9641,60,14,27,59
9642,60,14,27,59
9643,60,14,27,59
9644,60,14,27,59
9645,60,14,27,59
9646,60,14,27,59
9647,60,14,27,59
9648,60,14,27,59
9649,60,14,27,59
9650,60,14,27,59
9651,60,14,27,59
9652,60,14,27,59
9653,60,14,27,59
9654,60,14,27,59
9655,60,14,27,59
9656,60,14,27,59
9657,60,14,27,59
9658,60,14,27,59
9659,60,14,27,59
9660,60,14,27,59
9661,60,14,27,59
9662,60,14,27,59
9663,60,14,27,59
9664,60,14,27,59
9665,60,14,27,59
9666,60,14,27,59
9667,60,14,27,59
9668,60,14,27,59
9669,60,14,27,59
9670,60,14,27,59
9671,60,14,27,59
9672,60,14,27,59
9673,60,14,27,59
9674,60,14,27,59
9675,60,14,27,59
9676,60,14,27,59
9677,60,14,27,59
9678,60,14,27,59
9679,60,14,27,59
9680,60,14,27,59
9681,60,14,27,59
9682,60,14,27,59
9683,60,14,27,59
9684,60,14,27,59
9685,60,14,27,59
9686,60,14,27,59
9687,60,14,27,59
9688,60,14,27,59
9689,60,14,27,59
9690,60,14,27,59
9691,60,14,27,59
9692,60,14,27,59
9693,60,14,27,59
9694,60,14,27,59
9695,60,14,27,59
9696,60,14,27,59
9697,60,14,27,59
9698,60,14,27,59
9699,60,14,27,59
9700,60,14,27,59
9701,60,14,27,59
9702,60,14,27,59
9703,60,14,27,59
9704,60,14,27,59
9705,60,14,27,59
9706,60,14,27,59
9707,60,14,27,59
9708,60,14,27,59
9709,60,14,27,59
9710,60,14,27,59
9711,60,14,27,59
9712,60,14,27,59
9713,60,14,27,59
9714,60,14,27,59
9715,60,14,27,59
9716,60,14,27,59
9717,60,14,27,59
9718,60,14,27,59
9719,60,14,27,59
9720,60,14,27,59
9721,60,14,27,59
9722,60,14,27,59
9723,60,14,27,59
9724,60,14,27,59
9725,60,14,27,59
9726,60,14,27,59
9727,60,14,27,59
9728,60,14,27,59
9729,60,14,27,59
9730,60,14,27,59
9731,60,14,27,59
9732,60,14,27,59
9733,60,14,27,59
9734,60,14,27,59
9735,60,14,27,59
9736,60,14,27,59
9737,60,14,27,59
9738,60,14,27,59
9739,60,14,27,59
9740,60,14,27,59
9741,60,14,27,59
9742,60,14,27,59
9743,60,14,27,59
9744,60,14,27,59
9745,60,14,27,59
9746,60,14,27,59
9747,60,14,27,59
9748,60,14,27,59
9749,60,14,27,59
9750,60,14,27,59
9751,60,14,27,59
9752,60,14,27,59
9753,60,14,27,59
9754,60,14,27,59
9755,60,14,27,59
9756,60,14,27,59
9757,60,14,27,59
9758,60,14,27,59
9759,60,14,27,59
9760,60,14,27,59
9761,60,14,27,60
9762,60,14,27,60
9763,60,14,27,60
9764,60,14,27,60
9765,60,14,27,60
9766,60,14,27,60
9767,60,14,27,60
9768,60,14,27,60
9769,60,14,27,60
9770,60,14,27,60
9771,60,14,27,60
9772,60,14,27,60
9773,60,14,27,60
9774,60,14,27,60
9775,60,14,27,60
9776,60,14,27,60
9777,60,14,27,60
9778,60,14,27,60
9779,60,14,27,60
9780,60,14,27,60
9781,60,14,27,60
9782,60,14,27,60
9783,60,14,27,60
9784,60,14,27,60
9785,60,14,27,60
9786,60,14,27,61
9787,60,14,27,61
9788,60,14,27,61
9789,60,14,27,61
9790,60,14,27,61
9791,60,14,27,61
9792,60,14,27,61
9793,60,14,27,61
9794,60,14,27,61
9795,60,14,27,61
9796,60,14,27,61
9797,60,14,27,61
9798,60,14,27,61
9799,60,14,27,61
9800,60,14,27,61
9801,60,14,27,61
9802,60,14,27,61
9803,60,14,27,61
9804,60,14,27,61
9805,60,14,27,61
9806,60,14,27,61
9807,60,14,27,61
9808,60,14,27,61
9809,60,14,27,61
9810,60,14,27,61
9811,60,14,27,61
9812,60,14,27,61
9813,60,14,27,62
9814,60,14,27,62
9815,60,14,27,62
9816,60,14,27,62
9817,60,14,27,62
9818,60,14,27,62
9819,60,14,27,62
9820,60,14,27,62
9821,60,14,27,62
9822,60,14,27,62
9823,60,14,27,62
9824,60,14,27,62
9825,60,14,27,62
9826,60,14,27,62
9827,60,14,27,62
9828,60,14,27,62
9829,60,14,27,62
9830,60,14,27,62
9831,60,14,27,62
9832,60,14,27,62
9833,60,14,27,62
9834,60,14,27,62
9835,60,14,27,62
9836,60,14,27,62
9837,60,14,27,62
9838,60,14,27,62
9839,60,14,27,62
9840,60,14,27,62
9841,60,14,27,62
9842,60,14,27,62
9843,60,14,27,62
9844,60,14,27,62
9845,60,14,27,62
9846,60,14,27,62
9847,60,14,27,62
9848,60,14,27,62
9849,60,14,27,62
9850,60,14,27,62
9851,60,14,27,62
9852,60,14,27,62
9853,60,14,27,62
9854,60,14,27,62
9855,60,14,27,62
9856,60,14,27,62
9857,60,14,27,62
9858,60,14,27,62
9859,60,14,27,62
9860,60,14,27,62
9861,60,14,27,62
9862,60,14,27,62
9863,60,14,27,62
9864,60,14,27,62
9865,60,14,27,62
9866,60,14,27,62
9867,60,14,27,62
9868,60,14,27,62
9869,60,14,27,62
9870,60,14,27,62
9871,60,14,27,62
9872,60,14,27,62
9873,60,14,27,62
9874,60,14,27,62
9875,60,14,27,62
9876,60,14,27,62
9877,60,14,27,62
9878,60,14,27,62
9879,60,14,27,62
9880,60,14,27,62
9881,60,14,27,62
9882,60,14,27,62
9883,60,14,27,62
9884,60,14,27,62
9885,60,14,27,62
9886,60,14,27,62
9887,60,14,27,62
9888,60,14,27,62
9889,60,14,27,62
9890,60,14,27,62
9891,60,14,27,62
9892,60,14,27,62
9893,60,14,27,62
9894,60,14,27,62
9895,60,14,27,62
9896,60,14,27,62
9897,60,14,27,62
9898,60,14,27,62
9899,60,14,27,62
9900,60,14,27,62
9901,60,14,27,62
9902,60,14,27,62
9903,60,14,27,62
9904,60,14,27,62
9905,60,14,27,62
9906,60,14,27,62
9907,60,14,27,62
9908,60,14,27,62
9909,60,14,27,62
9910,60,14,27,62
9911,60,14,27,62
9912,60,14,27,62
9913,60,14,27,62
9914,60,14,27,62
9915,60,14,27,62
9916,60,14,27,62
9917,60,14,27,62
9918,60,14,27,62
9919,60,14,27,62
9920,60,14,27,62
9921,60,14,27,62
9922,60,14,27,62
9923,60,14,27,62
9924,60,14,27,62
9925,60,14,27,62
9926,60,14,27,62
9927,60,14,27,62
9928,60,14,27,62
9929,60,14,27,62
9930,60,14,27,62
9931,60,14,27,62
9932,60,14,27,62
9933,60,14,27,62
9934,60,14,27,62
9935,60,14,27,62
9936,60,14,27,62
9937,60,14,27,62
9938,60,14,27,62
9939,60,14,27,62
9940,60,14,27,62
9941,60,14,27,62
9942,60,14,27,62
9943,60,14,27,62
9944,60,14,27,62
9945,60,14,27,62
9946,60,14,27,62
9947,60,14,27,62
9948,60,14,27,62
9949,60,14,27,62
9950,60,14,27,62
9951,60,14,27,62
9952,60,14,27,62
9953,60,14,27,62
9954,60,14,27,62
9955,60,14,27,62
9956,60,14,27,62
9957,60,14,27,62
9958,60,14,27,62
9959,60,14,27,62
9960,60,14,27,62
9961,60,14,27,62
9962,60,14,27,62
9963,60,14,27,62
9964,60,14,27,62
9965,60,14,27,62
9966,60,14,27,62
9967,60,14,27,62
9968,60,14,27,62
9969,60,14,27,62
9970,60,14,27,62
9971,60,14,27,62
9972,60,14,27,62
9973,60,14,27,62
9974,60,14,27,62
9975,60,14,27,62
9976,60,14,27,62
9977,60,14,27,62
9978,60,14,27,62
9979,60,14,27,62
9980,60,14,27,62
9981,60,14,27,62
9982,60,14,27,62
9983,60,14,27,62
9984,60,14,27,62
9985,60,14,27,62
9986,60,14,27,62
9987,60,14,27,62
9988,60,14,27,62
9989,60,14,27,62
9990,60,14,27,62
9991,60,14,27,62
9992,60,14,27,62
9993,60,14,27,62
9994,60,14,27,62
9995,60,14,27,62
9996,60,14,27,62
9997,60,14,27,62
9998,60,14,27,62
9999,60,14,27,62
10000,60,14,27,62
10001,60,14,27,62
10002,60,14,27,62
10003,60,14,27,62
10004,60,14,27,62
10005,60,14,27,62
10006,60,14,27,62
10007,60,14,27,62
10008,60,14,27,62
10009,60,14,27,62
10010,60,14,27,62
10011,60,14,27,62
10012,60,14,27,62
10013,60,14,27,62
10014,60,14,27,62
10015,60,14,27,62
10016,60,14,27,62
10017,60,14,27,62
10018,60,14,27,62
10019,60,14,27,62
10020,60,14,27,62
10021,60,14,27,62
10022,60,14,27,62
10023,60,14,27,62
10024,60,14,27,62
10025,60,14,27,62
10026,60,14,27,62
10027,60,14,27,62
10028,60,14,27,62
10029,60,14,27,62
10030,60,14,27,62
10031,60,14,27,62
10032,60,14,27,62
10033,60,14,27,62
10034,60,14,27,62
10035,60,14,27,62
10036,60,14,27,63
10037,60,14,27,63
10038,60,14,27,63
10039,60,14,27,63
10040,60,14,27,63
10041,60,14,27,63
10042,60,14,27,63
10043,60,14,27,63
10044,60,14,27,63
10045,60,14,27,63
10046,60,14,27,63
10047,60,14,27,63
10048,60,14,27,63
10049,60,14,27,63
10050,60,14,27,63
10051,60,14,27,63
10052,60,14,27,63
10053,60,14,27,63
10054,60,14,27,63
10055,60,14,27,63
10056,60,14,27,63
10057,60,14,27,63
10058,60,14,27,63
10059,60,14,27,63
10060,60,14,27,63
10061,60,14,27,63
10062,60,14,27,63
10063,60,14,27,63
10064,60,14,27,63
10065,60,14,27,63
10066,60,14,27,63
10067,60,14,27,63
10068,60,14,27,63
10069,60,14,27,63
10070,60,14,27,63
10071,60,14,27,63
10072,60,14,27,63
10073,60,14,27,63
10074,60,14,27,63
10075,60,14,27,63
10076,60,14,27,63
10077,60,14,27,63
10078,60,14,27,63
10079,60,14,27,63
10080,60,14,27,63
10081,60,14,27,63
10082,60,14,27,63
10083,60,14,27,63
10084,60,14,27,63
10085,60,14,27,63
10086,60,14,27,63
10087,60,14,27,63
10088,60,14,27,63
10089,60,14,27,63
10090,60,14,27,63
10091,60,14,27,63
10092,60,14,27,63
10093,60,14,27,63
10094,60,14,27,63
10095,60,14,27,63
10096,60,14,27,63
10097,60,14,27,63
10098,60,14,27,63
10099,60,14,27,63
10100,60,14,27,63
10101,60,14,27,63
10102,60,14,27,63
10103,60,14,27,63
10104,60,14,27,64
10105,60,14,27,64
10106,60,14,27,64
10107,60,14,27,64
10108,60,14,27,64
10109,60,14,27,64
10110,60,14,27,64
10111,60,14,27,64
10112,60,14,27,64
10113,60,14,27,64
10114,60,14,27,64
10115,60,14,27,64
10116,60,14,27,64
10117,60,14,27,64
10118,60,14,27,64
10119,60,14,27,64
10120,60,14,27,64
10121,60,14,27,64
10122,60,14,27,64
10123,60,14,27,64
10124,60,14,27,64
10125,60,14,27,64
10126,60,14,27,64
10127,60,14,27,64
10128,60,14,27,64
10129,60,14,27,64
10130,60,14,27,64
10131,60,14,27,64
10132,60,14,27,64
10133,60,14,27,64
10134,60,14,27,64
10135,60,14,27,64
10136,60,14,27,64
10137,60,14,27,64
10138,60,14,27,64
10139,60,14,27,64
10140,60,14,27,64
10141,60,14,27,64
10142,60,14,27,64
10143,60,14,27,64
10144,60,14,27,64
10145,60,14,27,64
10146,60,14,27,64
10147,60,14,27,64
10148,60,14,27,64
10149,60,14,27,64
10150,60,14,27,64
10151,60,14,27,64
10152,60,14,27,64
10153,60,14,27,64
10154,60,14,27,64
10155,60,14,27,64
10156,60,14,27,64
10157,60,14,27,64
10158,60,14,27,64
10159,60,14,27,64
10160,60,14,27,64
10161,60,14,27,64
10162,60,14,27,64
10163,60,14,27,64
10164,60,14,27,64
10165,60,14,27,64
10166,60,14,27,64
10167,60,14,27,64
10168,60,14,27,64
10169,60,14,27,64
10170,60,14,27,64
10171,60,14,27,64
10172,60,14,27,64
10173,60,14,27,64
10174,60,14,27,64
10175,60,14,27,64
10176,60,14,27,64
10177,60,14,27,64
10178,60,14,27,64
10179,60,14,27,64
10180,60,14,27,64
10181,60,14,27,64
10182,60,14,27,64
10183,60,14,27,64
10184,60,14,27,64
10185,60,14,27,64
10186,60,14,27,64
10187,60,14,27,64
10188,60,14,27,64
10189,60,14,27,64
10190,60,14,27,64
10191,60,14,27,64
10192,60,14,27,64
10193,60,14,27,64
10194,60,14,27,64
10195,60,14,27,64
10196,60,14,27,64
10197,60,14,27,64
10198,60,14,27,64
10199,60,14,27,64
10200,60,14,27,64
10201,60,14,27,64
10202,60,14,27,64
10203,60,14,27,64
10204,60,14,27,64
10205,60,14,27,64
10206,60,14,27,64
10207,60,14,27,64
10208,60,14,27,64
10209,60,14,27,64
10210,60,14,27,64
10211,60,14,27,64
10212,60,14,27,64
10213,60,14,27,64
10214,60,14,27,64
10215,60,14,27,64
10216,60,14,27,64
10217,60,14,27,64
10218,60,14,27,64
10219,60,14,27,64
10220,60,14,27,64
10221,60,14,27,64
10222,60,14,27,64
10223,60,14,27,64
10224,60,14,27,64
10225,60,14,27,64
10226,60,14,27,64
10227,60,14,27,64
10228,60,14,27,65
10229,60,14,27,65
10230,60,14,27,65
10231,60,14,27,65
10232,60,14,27,65
10233,60,14,27,65
10234,60,14,27,65
10235,60,14,27,65
10236,60,14,27,65
10237,60,14,27,65
10238,60,14,27,65
10239,60,14,27,65
10240,60,14,27,65
10241,60,14,27,65
10242,60,14,27,65
10243,60,14,27,65
10244,60,14,27,65
10245,60,14,27,65
10246,60,14,27,65
10247,60,14,27,65
10248,60,14,27,65
10249,60,14,27,65
10250,60,14,27,65
10251,60,14,27,65
10252,60,14,27,65
10253,60,14,27,65
10254,60,14,27,65
10255,60,14,27,65
10256,60,14,27,65
10257,60,14,27,65
10258,60,14,27,65
10259,60,14,27,65
10260,60,14,27,65
10261,60,14,27,65
10262,60,14,27,65
10263,60,14,27,65
10264,60,14,27,65
10265,60,14,27,65
10266,60,14,27,65
10267,60,14,27,65
10268,60,14,27,65
10269,60,14,27,65
10270,60,14,27,65
10271,60,14,27,65
10272,60,14,27,65
10273,60,14,27,65
10274,60,14,27,65
10275,60,14,27,65
10276,60,14,27,65
10277,60,14,27,65
10278,60,14,27,65
10279,60,14,27,65
10280,60,14,27,65
10281,60,14,27,65
10282,60,14,27,65
10283,60,14,27,65
10284,60,14,27,65
10285,60,14,27,65
10286,60,14,27,65
10287,60,14,27,65
10288,60,14,27,65
10289,60,14,27,65
10290,60,14,27,65
10291,60,14,27,65
10292,60,14,27,65
10293,60,14,27,65
10294,60,14,27,65
10295,60,14,27,65
10296,60,14,27,65
10297,60,14,27,65
10298,60,14,27,65
10299,60,14,27,65
10300,60,14,27,65
10301,60,14,27,65
10302,60,14,27,65
10303,60,14,27,65
10304,60,14,27,65
10305,60,14,27,65
10306,60,14,27,65
10307,60,14,27,65
10308,60,14,27,65
10309,60,14,27,65
10310,60,14,27,65
10311,60,14,27,65
10312,60,14,27,65
10313,60,14,27,65
10314,60,14,27,65
10315,60,14,27,66
10316,60,14,27,66
10317,60,14,27,66
10318,60,14,27,66
10319,60,14,27,66
10320,60,14,27,66
10321,60,14,27,66
10322,60,14,27,66
10323,60,14,27,66
10324,60,14,27,66
10325,60,14,27,66
10326,60,14,27,66
10327,60,14,27,66
10328,60,14,27,66
10329,60,14,27,66
10330,60,14,27,66
10331,60,14,27,66
10332,60,14,27,66
10333,60,14,27,66
10334,60,14,27,66
10335,60,14,27,66
10336,60,14,27,67
10337,60,14,27,67
10338,60,14,27,67
10339,60,14,27,67
10340,60,14,27,67
10341,60,14,27,67
10342,60,14,27,67
10343,60,14,27,67
10344,60,14,27,67
10345,60,14,27,67
10346,60,14,27,67
10347,60,14,27,67
10348,60,14,27,67
10349,60,14,27,67
10350,60,14,27,67
10351,60,14,27,67
10352,60,14,27,67
10353,60,14,27,67
10354,60,14,27,67
10355,60,14,27,67
10356,60,14,27,67
10357,60,14,27,67
10358,60,14,27,67
10359,60,14,27,67
10360,60,14,27,67
10361,60,14,27,67
10362,60,14,27,67
10363,60,14,27,67
10364,60,14,27,67
10365,60,14,27,67
10366,60,14,27,67
10367,60,14,27,67
10368,60,14,27,67
10369,60,14,27,67
10370,60,14,27,67
10371,60,14,27,67
10372,60,14,27,67
10373,60,14,27,67
10374,60,14,27,67
10375,60,14,27,67
10376,60,14,27,68
10377,60,14,27,68
10378,60,14,27,68
10379,60,14,27,68
10380,60,14,27,68
10381,60,14,27,68
10382,60,14,27,68
10383,60,14,27,68
10384,60,14,27,68
10385,60,14,27,68
10386,60,14,27,68
10387,60,14,27,68
10388,60,14,27,68
10389,60,14,27,68
10390,60,14,27,68
10391,60,14,27,68
10392,60,14,27,68
10393,60,14,27,68
10394,60,14,27,68
10395,60,14,27,68
10396,60,14,27,68
10397,60,14,27,68
10398,60,14,27,68
10399,60,14,27,68
10400,60,14,27,68
10401,60,14,27,68
10402,60,14,27,68
10403,60,14,27,68
10404,60,14,27,68
10405,60,14,27,68
10406,60,14,27,68
10407,60,14,27,68
10408,60,14,27,68
10409,60,14,27,68
10410,60,14,27,68
10411,60,14,27,68
10412,60,14,27,68
10413,60,14,27,68
10414,60,14,27,68
10415,60,14,27,68
10416,60,14,27,68
10417,60,14,27,68
10418,60,14,27,68
10419,60,14,27,68
10420,60,14,27,68
10421,60,14,27,68
10422,60,14,27,68
10423,60,14,27,68
10424,60,14,27,68
10425,60,14,27,68
10426,60,14,27,68
10427,60,14,27,68
10428,60,14,27,68
10429,60,14,27,68
10430,60,14,27,68
10431,60,14,27,68
10432,60,14,27,68
10433,60,14,27,68
10434,60,14,27,68
10435,60,14,27,68
10436,60,14,27,68
10437,60,14,27,68
10438,60,14,27,68
10439,60,14,27,68
10440,60,14,27,68
10441,60,14,27,68
10442,60,14,27,68
10443,60,14,27,68
10444,60,14,27,68
10445,60,14,27,68
10446,60,14,27,68
10447,60,14,27,68
10448,60,14,27,68
10449,60,14,27,68
10450,60,14,27,68
10451,60,14,27,68
10452,60,14,27,68
10453,60,14,27,68
10454,60,14,27,68
10455,60,14,27,68
10456,60,14,27,68
10457,60,14,27,68
10458,60,14,27,68
10459,60,14,27,68
10460,60,14,27,68
10461,60,14,27,68
10462,60,14,27,68
10463,60,14,27,68
10464,60,14,27,68
10465,60,14,27,68
10466,60,14,27,68
10467,60,14,27,68
10468,60,14,27,68
10469,60,14,27,68
10470,60,14,27,68
10471,60,14,27,68
10472,60,14,27,68
10473,60,14,27,68
10474,60,14,27,68
10475,60,14,27,68
10476,60,14,27,68
10477,60,14,27,68
10478,60,14,27,68
10479,60,14,27,68
10480,60,14,27,68
10481,60,14,27,68
10482,60,14,27,68
10483,60,14,27,68
10484,60,14,27,68
10485,60,14,27,68
10486,60,14,27,68
10487,60,14,27,68
10488,60,14,27,68
10489,60,14,27,68
10490,60,14,27,68
10491,60,14,27,68
10492,60,14,27,68
10493,60,14,27,68
10494,60,14,27,68
10495,60,14,27,68
10496,60,14,27,68
10497,60,14,27,68
10498,60,14,27,68
10499,60,14,27,68
10500,60,14,27,68
10501,60,14,27,68
10502,60,14,27,68
10503,60,14,27,68
10504,60,14,27,68
10505,60,14,27,68
10506,60,14,27,68
10507,60,14,27,68
10508,60,14,27,68
10509,60,14,27,68
10510,60,14,27,68
10511,60,14,27,68
10512,60,14,27,68
10513,60,14,27,68
10514,60,14,27,68
10515,60,14,27,68
10516,60,14,27,68
10517,60,14,27,68
10518,60,14,27,68
10519,60,14,27,68
10520,60,14,27,68
10521,60,14,27,68
10522,60,14,27,68
10523,60,14,27,68
10524,60,14,27,68
10525,60,14,27,68
10526,60,14,27,68
10527,60,14,27,68
10528,60,14,27,68
10529,60,14,27,68
10530,60,14,27,68
10531,60,14,27,68
10532,60,14,27,68
10533,60,14,27,68
10534,60,14,27,68
10535,60,14,27,68
10536,60,14,27,68
10537,60,14,27,68
10538,60,14,27,68
10539,60,14,27,68
10540,60,14,27,68
10541,60,14,27,68
10542,60,14,27,68
10543,60,14,27,68
10544,60,14,27,68
10545,60,14,27,68
10546,60,14,27,68
10547,60,14,27,68
10548,60,14,27,68
10549,60,14,27,68
10550,60,14,27,68
10551,60,14,27,68
10552,60,14,27,68
10553,60,14,27,68
10554,60,14,27,68
10555,60,14,27,68
10556,60,14,27,68
10557,60,14,27,68
10558,60,14,27,68
10559,60,14,27,68
10560,60,14,27,68
10561,60,14,27,68
10562,60,14,27,68
10563,60,14,27,68
10564,60,14,27,68
10565,60,14,27,68
10566,60,14,27,68
10567,60,14,27,68
10568,60,14,27,68
10569,60,14,27,68
10570,60,14,27,68
10571,60,14,27,68
10572,60,14,27,68
10573,60,14,27,68
10574,60,14,27,68
10575,60,14,27,68
10576,60,14,27,68
10577,60,14,27,68
10578,60,14,27,68
10579,60,14,27,68
10580,60,14,27,68
10581,60,14,27,68
10582,60,14,27,68
10583,60,14,27,68
10584,60,14,27,68
10585,60,14,27,68
10586,60,14,27,69
10587,60,14,27,69
10588,60,14,27,69
10589,60,14,27,69
10590,60,14,27,69
10591,60,14,27,69
10592,60,14,27,69
10593,60,14,27,69
10594,60,14,27,69
10595,60,14,27,69
10596,60,14,27,69
10597,60,14,27,69
10598,60,14,27,69
10599,60,14,27,69
10600,60,14,27,69
10601,60,14,27,69
10602,60,14,27,69
10603,60,14,27,69
10604,60,14,27,69
10605,60,14,27,69
10606,60,14,27,69
10607,60,14,27,69
10608,60,14,27,69
10609,60,14,27,69
10610,60,14,27,69
10611,60,14,27,69
10612,60,14,27,69
10613,60,14,27,69
10614,60,14,27,69
10615,60,14,27,69
10616,60,14,27,69
10617,60,14,27,69
10618,60,14,27,69
10619,60,14,27,69
10620,60,14,27,69
10621,60,14,27,69
10622,60,14,27,69
10623,60,14,27,69
10624,60,14,27,69
10625,60,14,27,69
10626,60,14,27,69
10627,60,14,27,69
10628,60,14,27,69
10629,60,14,27,69
10630,60,14,27,69
10631,60,14,27,69
10632,60,14,27,69
10633,60,14,27,69
10634,60,14,27,69
10635,60,14,27,69
10636,60,14,27,69
10637,60,14,27,69
10638,60,14,27,69
10639,60,14,27,69
10640,60,14,27,69
10641,60,14,27,69
10642,60,14,27,69
10643,60,14,27,69
10644,60,14,27,69
10645,60,14,27,69
10646,60,14,27,69
10647,60,14,27,69
10648,60,14,27,69
10649,60,14,27,69
10650,60,14,27,70
10651,60,14,27,70
10652,60,14,27,70
10653,60,14,27,70
10654,60,14,27,70
10655,60,14,27,70
10656,60,14,27,70
10657,60,14,27,70
10658,60,14,27,70
10659,60,14,27,70
10660,60,14,27,70
10661,60,14,27,70
10662,60,14,27,70
10663,60,14,27,70
10664,60,14,27,70
10665,60,14,27,70
10666,60,14,27,70
10667,60,14,27,70
10668,60,14,27,70
10669,60,14,27,70
10670,60,14,27,70
10671,60,14,27,71
10672,60,14,27,71
10673,60,14,27,71
10674,60,14,27,71
10675,60,14,27,71
10676,60,14,27,71
10677,60,14,27,71
10678,60,14,27,71
10679,60,14,27,71
10680,60,14,27,71
10681,60,14,27,71
10682,60,14,27,71
10683,60,14,27,71
10684,60,14,27,71
10685,60,14,27,71
10686,60,14,27,71
10687,60,14,27,71
10688,60,14,27,71
10689,60,14,27,71
10690,60,14,27,71
10691,60,14,27,71
10692,60,14,27,71
10693,60,14,27,71
10694,60,14,27,71
10695,60,14,27,71
10696,60,14,27,71
10697,60,14,27,71
10698,60,14,27,71
10699,60,14,27,71
10700,60,14,27,71
10701,60,14,27,71
10702,60,14,27,71
10703,60,14,27,71
10704,60,14,27,71
10705,60,14,27,71
10706,60,14,27,71
10707,60,14,27,71
10708,60,14,27,71
10709,60,14,27,71
10710,60,14,27,71
10711,60,14,27,71
10712,60,14,27,71
10713,60,14,27,71
10714,60,14,27,71
10715,60,14,27,71
10716,60,14,27,71
10717,60,14,27,71
10718,60,14,27,71
10719,60,14,27,71
10720,60,14,27,71
10721,60,14,27,71
10722,60,14,27,71
10723,60,14,27,71
10724,60,14,27,71
10725,60,14,27,71
10726,60,14,27,71
10727,60,14,27,71
10728,60,14,27,71
10729,60,14,27,71
10730,60,14,27,71
10731,60,14,27,71
10732,60,14,27,71
10733,60,14,27,71
10734,60,14,27,71
10735,60,14,27,71
10736,60,14,27,71
10737,60,14,27,71
10738,60,14,27,71
10739,60,14,27,71
10740,60,14,27,71
10741,60,14,27,71
10742,60,14,27,71
10743,60,14,27,71
10744,60,14,27,71
10745,60,14,27,71
10746,60,14,27,71
10747,60,14,27,71
10748,60,14,27,71
10749,60,14,27,71
10750,60,14,27,71
10751,60,14,27,71
10752,60,14,27,71
10753,60,14,27,71
10754,60,14,27,71
10755,60,14,27,71
10756,60,14,27,71
10757,60,14,27,71
10758,60,14,27,71
10759,60,14,27,71
10760,60,14,27,71
10761,60,14,27,71
10762,60,14,27,71
10763,60,14,27,71
10764,60,14,27,71
10765,60,14,27,71
10766,60,14,27,71
10767,60,14,27,71
10768,60,14,27,71
10769,60,14,27,71
10770,60,14,27,71
10771,60,14,27,71
10772,60,14,27,71
10773,60,14,27,71
10774,60,14,27,71
10775,60,14,27,71
10776,60,14,27,71
10777,60,14,27,71
10778,60,14,27,71
10779,60,14,27,71
10780,60,14,27,71
10781,60,14,27,71
10782,60,14,27,71
10783,60,14,27,71
10784,60,14,27,71
10785,60,14,27,71
10786,60,14,27,71
10787,60,14,27,71
10788,60,14,27,71
10789,60,14,27,71
10790,60,14,27,71
10791,60,14,27,71
10792,60,14,27,71
10793,60,14,27,71
10794,60,14,27,71
10795,60,14,27,71
10796,60,14,27,71
10797,60,14,27,71
10798,60,14,27,71
10799,60,14,27,71
10800,60,14,27,71
10801,60,14,27,71
10802,60,14,27,71
10803,60,14,27,71
10804,60,14,27,71
10805,60,14,27,71
10806,60,14,27,71
10807,60,14,27,71
10808,60,14,27,71
10809,60,14,27,71
10810,60,14,27,71
10811,60,14,27,71
10812,60,14,27,71
10813,60,14,27,71
10814,60,14,27,71
10815,60,14,27,71
10816,60,14,27,71
10817,60,14,27,71
10818,60,14,27,71
10819,60,14,27,71
10820,60,14,27,71
10821,60,14,27,71
10822,60,14,27,71
10823,60,14,27,71
10824,60,14,27,71
10825,60,14,27,71
10826,60,14,27,71
10827,60,14,27,71
10828,60,14,27,71
10829,60,14,27,71
10830,60,14,27,71
10831,60,14,27,71
10832,60,14,27,71
10833,60,14,27,71
10834,60,14,27,71
10835,60,14,27,71
10836,60,14,27,71
10837,60,14,27,71
10838,60,14,27,71
10839,60,14,27,71
10840,60,14,27,71
10841,60,14,27,71
10842,60,14,27,71
10843,60,14,27,71
10844,60,14,27,71
10845,60,14,27,71
10846,60,14,27,71
10847,60,14,27,71
10848,60,14,27,71
10849,60,14,27,71
10850,60,14,27,71
10851,60,14,27,71
10852,60,14,27,71
10853,60,14,27,71
10854,60,14,27,71
10855,60,14,27,71
10856,60,14,27,71
10857,60,14,27,71
10858,60,14,27,71
10859,60,14,27,71
10860,60,14,27,71
10861,60,14,27,71
10862,60,14,27,71
10863,60,14,27,71
10864,60,14,27,71
10865,60,14,27,71
10866,60,14,27,71
10867,60,14,27,71
10868,60,14,27,71
10869,60,14,27,71
10870,60,14,27,71
10871,60,14,27,71
10872,60,14,27,71
10873,60,14,27,71
10874,60,14,27,71
10875,60,14,27,71
10876,60,14,27,71
10877,60,14,27,71
10878,60,14,27,71
10879,60,14,27,71
10880,60,14,27,71
10881,60,14,27,71
10882,60,14,27,71
10883,60,14,27,71
10884,60,14,27,71
10885,60,14,27,71
10886,60,14,27,71
10887,60,14,27,71
10888,60,14,27,71
10889,60,14,27,71
10890,60,14,27,71
10891,60,14,27,71
10892,60,14,27,71
10893,60,14,27,71
10894,60,14,27,71
10895,60,14,27,71
10896,60,14,27,71
10897,60,14,27,71
10898,60,14,27,71
10899,60,14,27,71
10900,60,14,27,71
10901,60,14,27,71
10902,60,14,27,72
10903,60,14,27,72
10904,60,14,27,72
10905,60,14,27,72
10906,60,14,27,72
10907,60,14,27,72
10908,60,14,27,72
10909,60,14,27,72
10910,60,14,27,72
10911,60,14,27,72
10912,60,14,27,72
10913,60,14,27,72
10914,60,14,27,72
10915,60,14,27,72
10916,60,14,27,72
10917,60,14,27,72
10918,60,14,27,72
10919,60,14,27,72
10920,60,14,27,72
10921,60,14,27,72
10922,60,14,27,72
10923,60,14,27,72
10924,60,14,27,72
10925,60,14,27,72
10926,60,14,27,72
10927,60,14,27,72
10928,60,14,27,72
10929,60,14,27,72
10930,60,14,27,72
10931,60,14,27,72
10932,60,14,27,72
10933,60,14,27,72
10934,60,14,27,72
10935,60,14,27,72
10936,60,14,27,72
10937,60,14,27,72
10938,60,14,27,72
10939,60,14,27,72
10940,60,14,27,72
10941,60,14,27,72
10942,60,14,27,72
10943,60,14,27,72
10944,60,14,27,72
10945,60,14,27,72
10946,60,14,27,72
10947,60,14,27,72
10948,60,14,27,72
10949,60,14,27,72
10950,60,14,27,72
10951,60,14,27,72
10952,60,14,27,72
10953,60,14,27,72
10954,60,14,27,72
10955,60,14,27,72
10956,60,14,27,72
10957,60,14,27,72
10958,60,14,27,72
10959,60,14,27,72
10960,60,14,27,72
10961,60,14,27,72
10962,60,14,27,72
10963,60,14,27,72
10964,60,14,27,72
10965,60,14,27,72
10966,60,14,27,72
10967,60,14,27,72
10968,60,14,27,72
10969,60,14,27,72
10970,60,14,27,72
10971,60,14,27,72
10972,60,14,27,72
10973,60,14,27,72
10974,60,14,27,72
10975,60,14,27,72
10976,60,14,27,72
10977,60,14,27,72
10978,60,14,27,72
10979,60,14,27,72
10980,60,14,27,72
10981,60,14,27,72
10982,60,14,27,72
10983,60,14,27,72
10984,60,14,27,72
10985,60,14,27,72
10986,60,14,27,72
10987,60,14,27,72
10988,60,14,27,72
10989,60,14,27,72
10990,60,14,27,72
10991,60,14,27,72
10992,60,14,27,72
10993,60,14,27,72
10994,60,14,27,72
10995,60,14,27,72
10996,60,14,27,72
10997,60,14,27,72
10998,60,14,27,72
10999,60,14,27,72
11000,60,14,27,72
11001,60,14,27,72
11002,60,14,27,72
11003,60,14,27,72
11004,60,14,27,72
11005,60,14,27,72
11006,60,14,27,72
11007,60,14,27,72
11008,60,14,27,72
11009,60,14,27,72
11010,60,14,27,72
11011,60,14,27,72
11012,60,14,27,72
11013,60,14,27,72
11014,60,14,27,72
11015,60,14,27,72
11016,60,14,27,72
11017,60,14,27,72
11018,60,14,27,72
11019,60,14,27,72
11020,60,14,27,72
11021,60,14,27,72
11022,60,14,27,72
11023,60,14,27,72
11024,60,14,27,72
11025,60,14,27,72
11026,60,14,27,72
11027,60,14,27,72
11028,60,14,27,73
11029,60,14,27,73
11030,60,14,27,73
11031,60,14,27,73
11032,60,14,27,73
11033,60,14,27,73
11034,60,14,27,73
11035,60,14,27,73
11036,60,14,27,73
11037,60,14,27,73
11038,60,14,27,73
11039,60,14,27,73
11040,60,14,27,73
11041,60,14,27,73
11042,60,14,27,73
11043,60,14,27,73
11044,60,14,27,73
11045,60,14,27,73
11046,60,14,27,73
11047,60,14,27,73
11048,60,14,27,73
11049,60,14,27,73
11050,60,14,27,73
11051,60,14,27,73
11052,60,14,27,73
11053,60,14,27,73
11054,60,14,27,73
11055,60,14,27,73
11056,60,14,27,74
11057,60,14,27,74
11058,60,14,27,74
11059,60,14,27,74
11060,60,14,27,74
11061,60,14,27,74
11062,60,14,27,74
11063,60,14,27,74
11064,60,14,27,74
11065,60,14,27,74
11066,60,14,27,74
11067,60,14,27,74
11068,60,14,27,74
11069,60,14,27,74
11070,60,14,27,74
11071,60,14,27,74
11072,60,14,27,74
11073,60,14,27,74
11074,60,14,27,74
11075,60,14,27,74
11076,60,14,27,74
11077,60,14,27,74
11078,60,14,27,74
11079,60,14,27,74
11080,60,14,27,74
11081,60,14,27,74
11082,60,14,27,74
11083,60,14,27,74
11084,60,14,27,74
11085,60,14,27,74
11086,60,14,27,74
11087,60,14,27,74
11088,60,14,27,74
11089,60,14,27,74
11090,60,14,27,74
11091,60,14,27,74
11092,60,14,27,74
11093,60,14,27,74
11094,60,14,27,74
11095,60,14,27,74
11096,60,14,27,74
11097,60,14,27,74
11098,60,14,27,74
11099,60,14,27,74
11100,60,14,27,74
11101,60,14,27,74
11102,60,14,27,74
11103,60,14,27,74
11104,60,14,27,74
11105,60,14,27,74
11106,60,14,27,74
11107,60,14,27,74
11108,60,14,27,74
11109,60,14,27,74
11110,60,14,27,74
11111,60,14,27,74
11112,60,14,27,74
11113,60,14,27,74
11114,60,14,27,74
11115,60,14,27,74
11116,60,14,27,74
11117,60,14,27,74
11118,60,14,27,74
11119,60,14,27,74
11120,60,14,27,74
11121,60,14,27,74
11122,60,14,27,75
11123,60,14,27,75
11124,60,14,27,75
11125,60,14,27,75
11126,60,14,27,75
11127,60,14,27,75
11128,60,14,27,75
11129,60,14,27,75
11130,60,14,27,75
11131,60,14,27,75
11132,60,14,27,75
11133,60,14,27,75
11134,60,14,27,75
11135,60,14,27,75
11136,60,14,27,75
11137,60,14,27,75
11138,60,14,27,75
11139,60,14,27,75
11140,60,14,27,75
11141,60,14,27,75
11142,60,14,27,75
11143,60,14,27,75
11144,60,14,27,75
11145,60,14,27,75
11146,60,14,27,75
11147,60,14,27,75
11148,60,14,27,75
11149,60,14,27,75
11150,60,14,27,75
11151,60,14,27,75
11152,60,14,27,75
11153,60,14,27,75
11154,60,14,27,75
11155,60,14,27,76
11156,60,14,27,76
11157,60,14,27,76
11158,60,14,27,76
11159,60,14,27,76
11160,60,14,27,76
11161,60,14,27,76
11162,60,14,27,76
11163,60,14,27,76
11164,60,14,27,76
11165,60,14,27,76
11166,60,14,27,76
11167,60,14,27,76
11168,60,14,27,76
11169,60,14,27,76
11170,60,14,27,76
11171,60,14,27,76
11172,60,14,27,76
11173,60,14,27,76
11174,60,14,27,76
11175,60,14,27,76
11176,60,14,27,76
11177,60,14,27,76
11178,60,14,27,76
11179,60,14,27,76
11180,60,14,27,76
11181,60,14,27,76
11182,60,14,27,76
11183,60,14,27,76
11184,60,14,27,76
11185,60,14,27,76
11186,60,14,27,76
11187,60,14,27,76
11188,60,14,27,76
11189,60,14,27,76
11190,60,14,27,76
11191,60,14,27,76
11192,60,14,27,76
11193,60,14,27,76
11194,60,14,27,76
11195,60,14,27,76
11196,60,14,27,76
11197,60,14,27,76
11198,60,14,27,76
11199,60,14,27,76
11200,60,14,27,76
11201,60,14,27,76
11202,60,14,27,76
11203,60,14,27,76
11204,60,14,27,76
11205,60,14,27,76
11206,60,14,27,76
11207,60,14,27,76
11208,60,14,27,76
11209,60,14,27,76
11210,60,14,27,76
11211,60,14,27,76
11212,60,14,27,76
11213,60,14,27,76
11214,60,14,27,76
11215,60,14,27,76
11216,60,14,27,76
11217,60,14,27,76
11218,60,14,27,76
11219,60,14,27,76
11220,60,14,27,76
11221,60,14,27,76
11222,60,14,27,76
11223,60,14,27,76
11224,60,14,27,76
11225,60,14,27,77
11226,60,14,27,77
11227,60,14,27,77
11228,60,14,27,77
11229,60,14,27,77
11230,60,14,27,77
11231,60,14,27,77
11232,60,14,27,77
11233,60,14,27,77
11234,60,14,27,77
11235,60,14,27,77
11236,60,14,27,77
11237,60,14,27,77
11238,60,14,27,77
11239,60,14,27,77
11240,60,14,27,77
11241,60,14,27,77
11242,60,14,27,77
11243,60,14,27,77
11244,60,14,27,77
11245,60,14,27,77
11246,60,14,27,77
11247,60,14,27,77
11248,60,14,27,77
11249,60,14,27,77
11250,60,14,27,77
11251,60,14,27,77
11252,60,14,27,77
11253,60,14,27,77
11254,60,14,27,77
11255,60,14,27,77
11256,60,14,27,77
11257,60,14,27,77
11258,60,14,27,77
11259,60,14,27,77
11260,60,14,27,77
11261,60,14,27,77
11262,60,14,27,77
11263,60,14,27,77
11264,60,14,27,77
11265,60,14,27,77
11266,60,14,27,77
11267,60,14,27,77
11268,60,14,27,77
11269,60,14,27,77
11270,60,14,27,77
11271,60,14,27,77
11272,60,14,27,77
11273,60,14,27,77
11274,60,14,27,77
11275,60,14,27,77
11276,60,14,27,77
11277,60,14,27,77
11278,60,14,27,77
11279,60,14,27,77
11280,60,14,27,77
11281,60,14,27,77
11282,60,14,27,77
11283,60,14,27,77
11284,60,14,27,77
11285,60,14,27,77
11286,60,14,27,77
11287,60,14,27,77
11288,60,14,27,77
11289,60,14,27,77
11290,60,14,27,77
11291,60,14,27,77
11292,60,14,27,77
11293,60,14,27,77
11294,60,14,27,77
11295,60,14,27,77
11296,60,14,27,77
11297,60,14,27,77
11298,60,14,27,77
11299,60,14,27,77
11300,60,14,27,77
11301,60,14,27,77
11302,60,14,27,77
11303,60,14,27,77
11304,60,14,27,77
11305,60,14,27,77
11306,60,14,27,77
11307,60,14,27,77
11308,60,14,27,77
11309,60,14,27,77
11310,60,14,27,77
11311,60,14,27,77
11312,60,14,27,77
11313,60,14,27,77
11314,60,14,27,77
11315,60,14,27,77
11316,60,14,27,77
11317,60,14,27,77
11318,60,14,27,77
11319,60,14,27,77
11320,60,14,27,77
11321,60,14,27,77
11322,60,14,27,77
11323,60,14,27,77
11324,60,14,27,77
11325,60,14,27,77
11326,60,14,27,77
11327,60,14,27,77
11328,60,14,27,77
11329,60,14,27,77
11330,60,14,27,77
11331,60,14,27,77
11332,60,14,27,77
11333,60,14,27,77
11334,60,14,27,77
11335,60,14,27,77
11336,60,14,27,77
11337,60,14,27,77
11338,60,14,27,77
11339,60,14,27,77
11340,60,14,27,77
11341,60,14,27,77
11342,60,14,27,77
11343,60,14,27,77
11344,60,14,27,77
11345,60,14,27,77
11346,60,14,27,77
11347,60,14,27,77
11348,60,14,27,77
11349,60,14,27,77
11350,60,14,27,77
11351,60,14,27,77
11352,60,14,27,78
11353,60,14,27,78
11354,60,14,27,78
11355,60,14,27,78
11356,60,14,27,78
11357,60,14,27,78
11358,60,14,27,78
11359,60,14,27,78
11360,60,14,27,78
11361,60,14,27,78
11362,60,14,27,78
11363,60,14,27,78
11364,60,14,27,78
11365,60,14,27,78
11366,60,14,27,78
11367,60,14,27,78
11368,60,14,27,78
11369,60,14,27,78
11370,60,14,27,78
11371,60,14,27,78
11372,60,14,27,78
11373,60,14,27,78
11374,60,14,27,78
11375,60,14,27,78
11376,60,14,27,78
11377,60,14,27,78
11378,60,14,27,78
11379,60,14,27,78
11380,60,14,27,78
11381,60,14,27,78
11382,60,14,27,78
11383,60,14,27,78
11384,60,14,27,78
11385,60,14,27,78
11386,60,14,27,78
11387,60,14,27,78
11388,60,14,27,78
11389,60,14,27,78
11390,60,14,27,78
11391,60,14,27,78
11392,60,14,27,78
11393,60,14,27,78
11394,60,14,27,78
11395,60,14,27,78
11396,60,14,27,78
11397,60,14,27,78
11398,60,14,27,78
11399,60,14,27,78
11400,60,14,27,78
11401,60,14,27,78
11402,60,14,27,78
11403,60,14,27,78
11404,60,14,27,78
11405,60,14,27,78
11406,60,14,27,78
11407,60,14,27,78
11408,60,14,27,78
11409,60,14,27,78
11410,60,14,27,78
11411,60,14,27,78
11412,60,14,27,78
11413,60,14,27,78
11414,60,14,27,78
11415,60,14,27,78
11416,60,14,27,78
11417,60,14,27,78
11418,60,14,27,78
11419,60,14,27,78
11420,60,14,27,78
11421,60,14,27,78
11422,60,14,27,78
11423,60,14,27,78
11424,60,14,27,78
11425,60,14,27,78
11426,60,14,27,78
11427,60,14,27,78
11428,60,14,27,78
11429,60,14,27,78
11430,60,14,27,78
11431,60,14,27,78
11432,60,14,27,78
11433,60,14,27,78
11434,60,14,27,78
11435,60,14,27,78
11436,60,14,27,78
11437,60,14,27,78
11438,60,14,27,78
11439,60,14,27,78
11440,60,14,27,78
11441,60,14,27,78
11442,60,14,27,78
11443,60,14,27,78
11444,60,14,27,78
11445,60,14,27,78
11446,60,14,27,78
11447,60,14,27,78
11448,60,14,27,78
11449,60,14,27,78
11450,60,14,27,78
11451,60,14,27,78
11452,60,14,27,78
11453,60,14,27,78
11454,60,14,27,78
11455,60,14,27,78
11456,60,14,27,78
11457,60,14,27,78
11458,60,14,27,78
11459,60,14,27,78
11460,60,14,27,78
11461,60,14,27,78
11462,60,14,27,78
11463,60,14,27,78
11464,60,14,27,78
11465,60,14,27,78
11466,60,14,27,78
11467,60,14,27,78
11468,60,14,27,78
11469,60,14,27,78
11470,60,14,27,78
11471,60,14,27,78
11472,60,14,27,78
11473,60,14,27,78
11474,60,14,27,78
11475,60,14,27,78
11476,60,14,27,78
11477,60,14,27,78
11478,60,14,27,78
11479,60,14,27,78
11480,60,14,27,78
11481,60,14,27,78
11482,60,14,27,78
11483,60,14,27,78
11484,60,14,27,78
11485,60,14,27,78
11486,60,14,27,78
11487,60,14,27,78
11488,60,14,27,78
11489,60,14,27,78
11490,60,14,27,78
11491,60,14,27,78
11492,60,14,27,78
11493,60,14,27,78
11494,60,14,27,78
11495,60,14,27,78
11496,60,14,27,78
11497,60,14,27,78
11498,60,14,27,78
11499,60,14,27,78
11500,60,14,27,78
11501,60,14,27,78
11502,60,14,27,78
11503,60,14,27,78
11504,60,14,27,78
11505,60,14,27,78
11506,60,14,27,78
11507,60,14,27,78
11508,60,14,27,78
11509,60,14,27,78
11510,60,14,27,79
11511,60,14,27,79
11512,60,14,27,79
11513,60,14,27,79
11514,60,14,27,79
11515,60,14,27,79
11516,60,14,27,79
11517,60,14,27,79
11518,60,14,27,79
11519,60,14,27,79
11520,60,14,27,79
11521,60,14,27,79
11522,60,14,27,79
11523,60,14,27,79
11524,60,14,27,79
11525,60,14,27,79
11526,60,14,27,79
11527,60,14,27,79
11528,60,14,27,79
11529,60,14,27,79
11530,60,14,27,79
11531,60,14,27,79
11532,60,14,27,79
11533,60,14,27,79
11534,60,14,27,79
11535,60,14,27,79
11536,60,14,27,79
11537,60,14,27,79
11538,60,14,27,79
11539,60,14,27,79
11540,60,14,27,79
11541,60,14,27,79
11542,60,14,27,79
11543,60,14,27,79
11544,60,14,27,79
11545,60,14,27,79
11546,60,14,27,79
11547,60,14,27,79
11548,60,14,27,79
11549,60,14,27,79
11550,60,14,27,79
11551,60,14,27,79
11552,60,14,27,79
11553,60,14,27,79
11554,60,14,27,79
11555,60,14,27,79
11556,60,14,27,79
11557,60,14,27,79
11558,60,14,27,79
11559,60,14,27,79
11560,60,14,27,79
11561,60,14,27,79
11562,60,14,27,79
11563,60,14,27,79
11564,60,14,27,79
11565,60,14,27,79
11566,60,14,27,79
11567,60,14,27,79
11568,60,14,27,79
11569,60,14,27,79
11570,60,14,27,79
11571,60,14,27,79
11572,60,14,27,79
11573,60,14,27,79
11574,60,14,27,79
11575,60,14,27,79
11576,60,14,27,79
11577,60,14,27,79
11578,60,14,27,79
11579,60,14,27,79
11580,60,14,27,79
11581,60,14,27,79
11582,60,14,27,79
11583,60,14,27,79
11584,60,14,27,79
11585,60,14,27,79
11586,60,14,27,79
11587,60,14,27,79
11588,60,14,27,79
11589,60,14,27,79
11590,60,14,27,79
11591,60,14,27,79
11592,60,14,27,79
11593,60,14,27,79
11594,60,14,27,79
11595,60,14,27,79
11596,60,14,27,79
11597,60,14,27,79
11598,60,14,27,79
11599,60,14,27,79
11600,60,14,27,79
11601,60,14,27,79
11602,60,14,27,79
11603,60,14,27,79
11604,60,14,27,79
11605,60,14,27,79
11606,60,14,27,79
11607,60,14,27,79
11608,60,14,27,79
11609,60,14,27,79
11610,60,14,27,79
11611,60,14,27,79
11612,60,14,27,79
11613,60,14,27,79
11614,60,14,27,79
11615,60,14,27,79
11616,60,14,27,79
11617,60,14,27,79
11618,60,14,27,79
11619,60,14,27,79
11620,60,14,27,79
11621,60,14,27,80
11622,60,14,27,80
11623,60,14,27,80
11624,60,14,27,80
11625,60,14,27,80
11626,60,14,27,80
11627,60,14,27,80
11628,60,14,27,80
11629,60,14,27,80
11630,60,14,27,80
11631,60,14,27,80
11632,60,14,27,80
11633,60,14,27,80
11634,60,14,27,80
11635,60,14,27,80
11636,60,14,27,80
11637,60,14,27,80
11638,60,14,27,80
11639,60,14,27,80
11640,60,14,27,80
11641,60,14,27,80
11642,60,14,27,80
11643,60,14,27,80
11644,60,14,27,80
11645,60,14,27,80
11646,60,14,27,80
11647,60,14,27,80
11648,60,14,27,80
11649,60,14,27,80
11650,60,14,27,80
11651,60,14,27,80
11652,60,14,27,80
11653,60,14,27,80
11654,60,14,27,80
11655,60,14,27,80
11656,60,14,27,80
11657,60,14,27,80
11658,60,14,27,80
11659,60,14,27,80
11660,60,14,27,80
11661,60,14,27,80
11662,60,14,27,80
11663,60,14,27,80
11664,60,14,27,80
11665,60,14,27,80
11666,60,14,27,80
11667,60,14,27,80
11668,60,14,27,80
11669,60,14,27,81
11670,60,14,27,81
11671,60,14,27,81
11672,60,14,27,81
11673,60,14,27,81
11674,60,14,27,81
11675,60,14,27,81
11676,60,14,27,81
11677,60,14,27,81
11678,60,14,27,81
11679,60,14,27,81
11680,60,14,27,81
11681,60,14,27,81
11682,60,14,27,81
11683,60,14,27,81
11684,60,14,27,81
11685,60,14,27,81
11686,60,14,27,81
11687,60,14,27,81
11688,60,14,27,81
11689,60,14,27,81
11690,60,14,27,81
11691,60,14,27,81
11692,60,14,27,81
11693,60,14,27,81
11694,60,14,27,81
11695,60,14,27,81
11696,60,14,27,81
11697,60,14,27,81
11698,60,14,27,81
11699,60,14,27,81
11700,60,14,27,81
11701,60,14,27,81
11702,60,14,27,81
11703,60,14,27,81
11704,60,14,27,81
11705,60,14,27,81
11706,60,14,27,81
11707,60,14,27,81
11708,60,14,27,81
11709,60,14,27,81
11710,60,14,27,81
11711,60,14,27,81
11712,60,14,27,81
11713,60,14,27,81
11714,60,14,27,81
11715,60,14,27,81
11716,60,14,27,81
11717,60,14,27,81
11718,60,14,27,81
11719,60,14,27,81
11720,60,14,27,81
11721,60,14,27,81
11722,60,14,27,81
11723,60,14,27,81
11724,60,14,27,81
11725,60,14,27,81
11726,60,14,27,81
11727,60,14,27,81
11728,60,14,27,81
11729,60,14,27,81
11730,60,14,27,81
11731,60,14,27,81
11732,60,14,27,81
11733,60,14,27,81
11734,60,14,27,81
11735,60,14,27,81
11736,60,14,27,81
11737,60,14,27,81
11738,60,14,27,81
11739,60,14,27,81
11740,60,14,27,81
11741,60,14,27,81
11742,60,14,27,81
11743,60,14,27,81
11744,60,14,27,81
11745,60,14,27,81
11746,60,14,27,81
11747,60,14,27,81
11748,60,14,27,81
11749,60,14,27,81
11750,60,14,27,81
11751,60,14,27,81
11752,60,14,27,81
11753,60,14,27,81
11754,60,14,27,81
11755,60,14,27,81
11756,60,14,27,81
11757,60,14,27,81
11758,60,14,27,81
11759,60,14,27,81
11760,60,14,27,81
11761,60,14,27,81
11762,60,14,27,81
11763,60,14,27,81
11764,60,14,27,81
11765,60,14,27,81
11766,60,14,27,81
11767,60,14,27,81
11768,60,14,27,81
11769,60,14,27,81
11770,60,14,27,81
11771,60,14,27,81
11772,60,14,27,81
11773,60,14,27,81
11774,60,14,27,81
11775,60,14,27,81
11776,60,14,27,81
11777,60,14,27,81
11778,60,14,27,81
11779,60,14,27,81
11780,60,14,27,81
11781,60,14,27,81
11782,60,14,27,81
11783,60,14,27,81
11784,60,14,27,81
11785,60,14,27,81
11786,60,14,27,81
11787,60,14,27,81
11788,60,14,27,81
11789,60,14,27,81
11790,60,14,27,81
11791,60,14,27,81
11792,60,14,27,81
11793,60,14,27,81
11794,60,14,27,81
11795,60,14,27,81
11796,60,14,27,81
11797,60,14,27,81
11798,60,14,27,81
11799,60,14,27,81
11800,60,14,27,81
11801,60,14,27,81
11802,60,14,27,81
11803,60,14,27,81
11804,60,14,27,81
11805,60,14,27,81
11806,60,14,27,81
11807,60,14,27,81
11808,60,14,27,81
11809,60,14,27,81
11810,60,14,27,81
11811,60,14,27,81
11812,60,14,27,81
11813,60,14,27,81
11814,60,14,27,81
11815,60,14,27,81
11816,60,14,27,81
11817,60,14,27,81
11818,60,14,27,81
11819,60,14,27,81
11820,60,14,27,81
11821,60,14,27,81
11822,60,14,27,81
11823,60,14,27,81
11824,60,14,27,81
11825,60,14,27,81
11826,60,14,27,81
11827,60,14,27,81
11828,60,14,27,81
11829,60,14,27,81
11830,60,14,27,81
11831,60,14,27,81
11832,60,14,27,81
11833,60,14,27,81
11834,60,14,27,81
11835,60,14,27,81
11836,60,14,27,81
11837,60,14,27,81
11838,60,14,27,81
11839,60,14,27,81
11840,60,14,27,81
11841,60,14,27,81
11842,60,14,27,81
11843,60,14,27,81
11844,60,14,27,81
11845,60,14,27,81
11846,60,14,27,81
11847,60,14,27,81
11848,60,14,27,81
11849,60,14,27,81
11850,60,14,27,81
11851,60,14,27,82
11852,60,14,27,82
11853,60,14,27,82
11854,60,14,27,82
11855,60,14,27,82
11856,60,14,27,82
11857,60,14,27,82
11858,60,14,27,82
11859,60,14,27,82
11860,60,14,27,82
11861,60,14,27,82
11862,60,14,27,82
11863,60,14,27,82
11864,60,14,27,82
11865,60,14,27,82
11866,60,14,27,82
11867,60,14,27,82
11868,60,14,27,82
11869,60,14,27,82
11870,60,14,27,82
11871,60,14,27,82
11872,60,14,27,82
11873,60,14,27,82
11874,60,14,27,82
11875,60,14,27,82
11876,60,14,27,82
11877,60,14,27,82
11878,60,14,27,82
11879,60,14,27,82
11880,60,14,27,82
11881,60,14,27,82
11882,60,14,27,82
11883,60,14,27,82
11884,60,14,27,82
11885,60,14,27,83
11886,60,14,27,83
11887,60,14,27,83
11888,60,14,27,83
11889,60,14,27,83
11890,60,14,27,83
11891,60,14,27,83
11892,60,14,27,84
11893,60,14,27,84
11894,60,14,27,84
11895,60,14,27,84
11896,60,14,27,84
11897,60,14,27,84
11898,60,14,27,84
11899,60,14,27,84
11900,60,14,27,84
11901,60,14,27,84
11902,60,14,27,84
11903,60,14,27,84
11904,60,14,27,84
11905,60,14,27,84
11906,60,14,27,84
11907,60,14,27,84
11908,60,14,27,84
11909,60,14,27,84
11910,60,14,27,84
11911,60,14,27,84
11912,60,14,27,84
11913,60,14,27,84
11914,60,14,27,84
11915,60,14,27,84
11916,60,14,27,84
11917,60,14,27,84
11918,60,14,27,84
11919,60,14,27,84
11920,60,14,27,84
11921,60,14,27,84
11922,60,14,27,84
11923,60,14,27,84
11924,60,14,27,84
11925,60,14,27,84
11926,60,14,27,84
11927,60,14,27,84
11928,60,14,27,84
11929,60,14,27,84
11930,60,14,27,84
11931,60,14,27,84
11932,60,14,27,84
11933,60,14,27,84
11934,60,14,27,84
11935,60,14,27,84
11936,60,14,27,84
11937,60,14,27,84
11938,60,14,27,84
11939,60,14,27,84
11940,60,14,27,84
11941,60,14,27,84
11942,60,14,27,84
11943,60,14,27,84
11944,60,14,27,84
11945,60,14,27,84
11946,60,14,27,84
11947,60,14,27,84
11948,60,14,27,84
11949,60,14,27,84
11950,60,14,27,84
11951,60,14,27,84
11952,60,14,27,84
11953,60,14,27,84
11954,60,14,27,84
11955,60,14,27,84
11956,60,14,27,84
11957,60,14,27,84
11958,60,14,27,84
11959,60,14,27,84
11960,60,14,27,84
11961,60,14,27,84
11962,60,14,27,84
11963,60,14,27,84
11964,60,14,27,84
11965,60,14,27,84
11966,60,14,27,84
11967,60,14,27,84
11968,60,14,27,84
11969,60,14,27,84
11970,60,14,27,84
11971,60,14,27,84
11972,60,14,27,84
11973,60,14,27,84
11974,60,14,27,84
11975,60,14,27,84
11976,60,14,27,84
11977,60,14,27,84
11978,60,14,27,84
11979,60,14,27,84
11980,60,14,27,84
11981,60,14,27,84
11982,60,14,27,84
11983,60,14,27,84
11984,60,14,27,84
11985,60,14,27,84
11986,60,14,27,84
11987,60,14,27,84
11988,60,14,27,84
11989,60,14,27,84
11990,60,14,27,84
11991,60,14,27,84
11992,60,14,27,84
11993,60,14,27,84
11994,60,14,27,84
11995,60,14,27,84
11996,60,14,27,84
11997,60,14,27,84
11998,60,14,27,84
11999,60,14,27,84
12000,60,14,27,84
12001,60,14,27,84
12002,60,14,27,84
12003,60,14,27,84
12004,60,14,27,84
12005,60,14,27,84
12006,60,14,27,84
12007,60,14,27,84
12008,60,14,27,84
12009,60,14,27,84
12010,60,14,27,84
12011,60,14,27,84
12012,60,14,27,85
12013,60,14,27,85
12014,60,14,27,85
12015,60,14,27,85
12016,60,14,27,85
12017,60,14,27,85
12018,60,14,27,85
12019,60,14,27,85
12020,60,14,27,85
12021,60,14,27,85
12022,60,14,27,85
12023,60,14,27,85
12024,60,14,27,85
12025,60,14,27,85
12026,60,14,27,85
12027,60,14,27,85
12028,60,14,27,85
12029,60,14,27,85
12030,60,14,27,85
12031,60,14,27,85
12032,60,14,27,85
12033,60,14,27,85
12034,60,14,27,85
12035,60,14,27,86
12036,60,14,27,86
12037,60,14,27,86
12038,60,14,27,86
12039,60,14,27,86
12040,60,14,27,86
12041,60,14,27,86
12042,60,14,27,86
12043,60,14,27,86
12044,60,14,27,86
12045,60,14,27,86
12046,60,14,27,86
12047,60,14,27,86
12048,60,14,27,86
12049,60,14,27,86
12050,60,14,27,86
12051,60,14,27,86
12052,60,14,27,86
12053,60,14,27,86
12054,60,14,27,86
12055,60,14,27,86
12056,60,14,27,86
12057,60,14,27,86
12058,60,14,27,86
12059,60,14,27,86
12060,60,14,27,86
12061,60,14,27,86
12062,60,14,27,86
12063,60,14,27,86
12064,60,14,27,86
12065,60,14,27,86
12066,60,14,27,86
12067,60,14,27,86
12068,60,14,27,86
12069,60,14,27,86
12070,60,14,27,86
12071,60,14,27,86
12072,60,14,27,86
12073,60,14,27,86
12074,60,14,27,86
12075,60,14,27,86
12076,60,14,27,86
12077,60,14,27,86
12078,60,14,27,86
12079,60,14,27,86
12080,60,14,27,86
12081,60,14,27,86
12082,60,14,27,86
12083,60,14,27,86
12084,60,14,27,86
12085,60,14,27,86
12086,60,14,27,86
12087,60,14,27,86
12088,60,14,27,86
12089,60,14,27,86
12090,60,14,27,86
12091,60,14,27,86
12092,60,14,27,86
12093,60,14,27,86
12094,60,14,27,86
12095,60,14,27,86
12096,60,14,27,86
12097,60,14,27,86
12098,60,14,27,86
12099,60,14,27,86
12100,60,14,27,86
12101,60,14,27,86
12102,60,14,27,86
12103,60,14,27,86
12104,60,14,27,86
12105,60,14,27,86
12106,60,14,27,86
12107,60,14,27,86
12108,60,14,27,87
12109,60,14,27,87
12110,60,14,27,87
12111,60,14,27,87
12112,60,14,27,87
12113,60,14,27,87
12114,60,14,27,87
12115,60,14,27,87
12116,60,14,27,87
12117,60,14,27,87
12118,60,14,27,87
12119,60,14,27,87
12120,60,14,27,87
12121,60,14,27,87
12122,60,14,27,87
12123,60,14,27,87
12124,60,14,27,87
12125,60,14,27,87
12126,60,14,27,87
12127,60,14,27,87
12128,60,14,27,87
12129,60,14,27,87
12130,60,14,27,87
12131,60,14,27,87
12132,60,14,27,87
12133,60,14,27,87
12134,60,14,27,87
12135,60,14,27,87
12136,60,14,27,87
12137,60,14,27,87
12138,60,14,27,87
12139,60,14,27,87
12140,60,14,27,87
12141,60,14,27,87
12142,60,14,27,87
12143,60,14,27,87
12144,60,14,27,87
12145,60,14,27,87
12146,60,14,27,87
12147,60,14,27,87
12148,60,14,27,87
12149,60,14,27,87
12150,60,14,27,87
12151,60,14,27,87
12152,60,14,27,87
12153,60,14,27,88
12154,60,14,27,88
12155,60,14,27,88
12156,60,14,27,88
12157,60,14,27,88
12158,60,14,27,88
12159,60,14,27,88
12160,60,14,27,88
12161,60,14,27,88
12162,60,14,27,88
12163,60,14,27,88
12164,60,14,27,88
12165,60,14,27,88
12166,60,14,27,88
12167,60,14,27,88
12168,60,14,27,88
12169,60,14,27,88
12170,60,14,27,88
12171,60,14,27,88
12172,60,14,27,88
12173,60,14,27,88
12174,60,14,27,88
12175,60,14,27,88
12176,60,14,27,88
12177,60,14,27,88
12178,60,14,27,88
12179,60,14,27,88
12180,60,14,27,88
12181,60,14,27,88
12182,60,14,27,88
12183,60,14,27,88
12184,60,14,27,88
12185,60,14,27,88
12186,60,14,27,88
12187,60,14,27,88
12188,60,14,27,88
12189,60,14,27,88
12190,60,14,27,88
12191,60,14,27,88
12192,60,14,27,88
12193,60,14,27,88
12194,60,14,27,88
12195,60,14,27,88
12196,60,14,27,88
12197,60,14,27,88
12198,60,14,27,88
12199,60,14,27,88
12200,60,14,27,88
12201,60,14,27,88
12202,60,14,27,88
12203,60,14,27,88
12204,60,14,27,88
12205,60,14,27,88
12206,60,14,27,88
12207,60,14,27,88
12208,60,14,27,88
12209,60,14,27,88
12210,60,14,27,88
12211,60,14,27,88
12212,60,14,27,88
12213,60,14,27,88
12214,60,14,27,88
12215,60,14,27,88
12216,60,14,27,88
12217,60,14,27,88
12218,60,14,27,88
12219,60,14,27,88
12220,60,14,27,88
12221,60,14,27,88
12222,60,14,27,88
12223,60,14,27,88
12224,60,14,27,88
12225,60,14,27,88
12226,60,14,27,88
12227,60,14,27,88
12228,60,14,27,88
12229,60,14,27,88
12230,60,14,27,88
12231,60,14,27,88
12232,60,14,27,88
12233,60,14,27,89
12234,60,14,27,89
12235,60,14,27,89
12236,60,14,27,89
12237,60,14,27,89
12238,60,14,27,89
12239,60,14,27,89
12240,60,14,27,89
12241,60,14,27,89
12242,60,14,27,89
12243,60,14,27,89
12244,60,14,27,89
12245,60,14,27,89
12246,60,14,27,89
12247,60,14,27,89
12248,60,14,27,89
12249,60,14,27,89
12250,60,14,27,89
12251,60,14,27,89
12252,60,14,27,89
12253,60,14,27,89
12254,60,14,27,89
12255,60,14,27,89
12256,60,14,27,89
12257,60,14,27,89
12258,60,14,27,89
12259,60,14,27,89
12260,60,14,27,89
12261,60,14,27,89
12262,60,14,27,89
12263,60,14,27,89
12264,60,14,27,89
12265,60,14,27,89
12266,60,14,27,89
12267,60,14,27,89
12268,60,14,27,89
12269,60,14,27,89
12270,60,14,27,89
12271,60,14,27,89
12272,60,14,27,89
12273,60,14,27,89
12274,60,14,27,89
12275,60,14,27,89
12276,60,14,27,89
12277,60,14,27,89
12278,60,14,27,89
12279,60,14,27,89
12280,60,14,27,89
12281,60,14,27,89
12282,60,14,27,89
12283,60,14,27,89
12284,60,14,27,89
12285,60,14,27,89
12286,60,14,27,89
12287,60,14,27,89
12288,60,14,27,89
12289,60,14,27,89
12290,60,14,27,89
12291,60,14,27,89
12292,60,14,27,89
12293,60,14,27,89
12294,60,14,27,89
12295,60,14,27,89
12296,60,14,27,89
12297,60,14,27,89
12298,60,14,27,89
12299,60,14,27,89
12300,60,14,27,89
12301,60,14,27,89
12302,60,14,27,89
12303,60,14,27,89
12304,60,14,27,89
12305,60,14,27,89
12306,60,14,27,89
12307,60,14,27,89
12308,60,14,27,89
12309,60,14,27,89
12310,60,14,27,89
12311,60,14,27,89
12312,60,14,27,89
12313,60,14,27,89
12314,60,14,27,89
12315,60,14,27,89
12316,60,14,27,89
12317,60,14,27,89
12318,60,14,27,89
12319,60,14,27,89
12320,60,14,27,89
12321,60,14,27,89
12322,60,14,27,89
12323,60,14,27,89
12324,60,14,27,89
12325,60,14,27,89
12326,60,14,27,89
12327,60,14,27,89
12328,60,14,27,89
12329,60,14,27,89
12330,60,14,27,89
12331,60,14,27,89
12332,60,14,27,89
12333,60,14,27,89
12334,60,14,27,89
12335,60,14,27,89
12336,60,14,27,89
12337,60,14,27,89
12338,60,14,27,89
12339,60,14,27,89
12340,60,14,27,89
12341,60,14,27,89
12342,60,14,27,89
12343,60,14,27,89
12344,60,14,27,89
12345,60,14,27,89
12346,60,14,27,89
12347,60,14,27,89
12348,60,14,27,89
12349,60,14,27,89
12350,60,14,27,89
12351,60,14,27,89
12352,60,14,27,89
12353,60,14,27,89
12354,60,14,27,89
12355,60,14,27,89
12356,60,14,27,89
12357,60,14,27,89
12358,60,14,27,89
12359,60,14,27,89
12360,60,14,27,89
12361,60,14,27,89
12362,60,14,27,89
12363,60,14,27,89
12364,60,14,27,89
12365,60,14,27,89
12366,60,14,27,89
12367,60,14,27,89
12368,60,14,27,89
12369,60,14,27,89
12370,60,14,27,89
12371,60,14,27,89
12372,60,14,27,89
12373,60,14,27,89
12374,60,14,27,89
12375,60,14,27,89
12376,60,14,27,89
12377,60,14,27,89
12378,60,14,27,89
12379,60,14,27,89
12380,60,14,27,89
12381,60,14,27,89
12382,60,14,27,89
12383,60,14,27,89
12384,60,14,27,89
12385,60,14,27,89
12386,60,14,27,89
12387,60,14,27,89
12388,60,14,27,89
12389,60,14,27,89
12390,60,14,27,89
12391,60,14,27,90
12392,60,14,27,90
12393,60,14,27,90
12394,60,14,27,90
12395,60,14,27,90
12396,60,14,27,90
12397,60,14,27,90
12398,60,14,27,90
12399,60,14,27,90
12400,60,14,27,90
12401,60,14,27,90
12402,60,14,27,90
12403,60,14,27,90
12404,60,14,27,90
12405,60,14,27,90
12406,60,14,27,90
12407,60,14,27,90
12408,60,14,27,90
12409,60,14,27,90
12410,60,14,27,90
12411,60,14,27,90
12412,60,14,27,90
12413,60,14,27,90
12414,60,14,27,90
12415,60,14,27,90
12416,60,14,27,90
12417,60,14,27,90
12418,60,14,27,90
12419,60,14,27,90
12420,60,14,27,90
12421,60,14,27,90
12422,60,14,27,90
12423,60,14,27,90
12424,60,14,27,90
12425,60,14,27,90
12426,60,14,27,90
12427,60,14,27,90
12428,60,14,27,90
12429,60,14,27,90
12430,60,14,27,90
12431,60,14,27,90
12432,60,14,27,90
12433,60,14,27,90
12434,60,14,27,90
12435,60,14,27,90
12436,60,14,27,90
12437,60,14,27,90
12438,60,14,27,90
12439,60,14,27,90
12440,60,14,27,90
12441,60,14,27,90
12442,60,14,27,90
12443,60,14,27,90
12444,60,14,27,90
12445,60,14,27,90
12446,60,14,27,90
12447,60,14,27,90
12448,60,14,27,90
12449,60,14,27,90
12450,60,14,27,90
12451,60,14,27,90
12452,60,14,27,90
12453,60,14,27,90
12454,60,14,27,90
12455,60,14,27,90
12456,60,14,27,90
12457,60,14,27,90
12458,60,14,27,90
12459,60,14,27,90
12460,60,14,27,90
12461,60,14,27,90
12462,60,14,27,90
12463,60,14,27,90
12464,60,14,27,90
12465,60,14,27,90
12466,60,14,27,90
12467,60,14,27,90
12468,60,14,27,90
12469,60,14,27,90
12470,60,14,27,90
12471,60,14,27,90
12472,60,14,27,91
12473,60,14,27,91
12474,60,14,27,91
12475,60,14,27,91
12476,60,14,27,91
12477,60,14,27,91
12478,60,14,27,91
12479,60,14,27,91
12480,60,14,27,91
12481,60,14,27,91
12482,60,14,27,91
12483,60,14,27,91
12484,60,14,27,91
12485,60,14,27,91
12486,60,14,27,91
12487,60,14,27,91
12488,60,14,27,91
12489,60,14,27,91
12490,60,14,27,91
12491,60,14,27,91
12492,60,14,27,91
12493,60,14,27,91
12494,60,14,27,91
12495,60,14,27,91
12496,60,14,27,91
12497,60,14,27,91
12498,60,14,27,91
12499,60,14,27,91
12500,60,14,27,91
12501,60,14,27,91
12502,60,14,27,91
12503,60,14,27,91
12504,60,14,27,91
12505,60,14,27,91
12506,60,14,27,91
12507,60,14,27,91
12508,60,14,27,91
12509,60,14,27,91
12510,60,14,27,91
12511,60,14,27,91
12512,60,14,27,91
12513,60,14,27,91
12514,60,14,27,91
12515,60,14,27,91
12516,60,14,27,91
12517,60,14,27,91
12518,60,14,27,91
12519,60,14,27,91
12520,60,14,27,91
12521,60,14,27,91
12522,60,14,27,91
12523,60,14,27,91
12524,60,14,27,91
12525,60,14,27,91
12526,60,14,27,91
12527,60,14,27,91
12528,60,14,27,91
12529,60,14,27,91
12530,60,14,27,91
12531,60,14,27,91
12532,60,14,27,91
12533,60,14,27,91
12534,60,14,27,91
12535,60,14,27,91
12536,60,14,27,91
12537,60,14,27,91
12538,60,14,27,91
12539,60,14,27,91
12540,60,14,27,91
12541,60,14,27,91
12542,60,14,27,91
12543,60,14,27,91
12544,60,14,27,91
12545,60,14,27,91
12546,60,14,27,91
12547,60,14,27,91
12548,60,14,27,91
12549,60,14,27,91
12550,60,14,27,91
12551,60,14,27,91
12552,60,14,27,91
12553,60,14,27,91
12554,60,14,27,91
12555,60,14,27,92
12556,60,14,27,92
12557,60,14,27,92
12558,60,14,27,92
12559,60,14,27,92
12560,60,14,27,92
12561,60,14,27,92
12562,60,14,27,92
12563,60,14,27,92
12564,60,14,27,92
12565,60,14,27,92
12566,60,14,27,92
12567,60,14,27,92
12568,60,14,27,92
12569,60,14,27,92
12570,60,14,27,92
12571,60,14,27,92
12572,60,14,27,92
12573,60,14,27,92
12574,60,14,27,92
12575,60,14,27,92
12576,60,14,27,92
12577,60,14,27,92
12578,60,14,27,92
12579,60,14,27,92
12580,60,14,27,92
12581,60,14,27,92
12582,60,14,27,92
12583,60,14,27,92
12584,60,14,27,92
12585,60,14,27,92
12586,60,14,27,92
12587,60,14,27,92
12588,60,14,27,92
12589,60,14,27,92
12590,60,14,27,92
12591,60,14,27,92
12592,60,14,27,92
12593,60,14,27,92
12594,60,14,27,92
12595,60,14,27,92
12596,60,14,27,92
12597,60,14,27,92
12598,60,14,27,92
12599,60,14,27,92
12600,60,14,27,92
12601,60,14,27,92
12602,60,14,27,92
12603,60,14,27,92
12604,60,14,27,92
12605,60,14,27,92
12606,60,14,27,92
12607,60,14,27,92
12608,60,14,27,92
12609,60,14,27,92
12610,60,14,27,92
12611,60,14,27,92
12612,60,14,27,92
12613,60,14,27,92
12614,60,14,27,92
12615,60,14,27,92
12616,60,14,27,92
12617,60,14,27,92
12618,60,14,27,92
12619,60,14,27,92
12620,60,14,27,92
12621,60,14,27,92
12622,60,14,27,92
12623,60,14,27,92
12624,60,14,27,92
12625,60,14,27,92
12626,60,14,27,92
12627,60,14,27,92
12628,60,14,27,92
12629,60,14,27,92
12630,60,14,27,92
12631,60,14,27,92
12632,60,14,27,92
12633,60,14,27,92
12634,60,14,27,92
12635,60,14,27,92
12636,60,14,27,92
12637,60,14,27,92
12638,60,14,27,92
12639,60,14,27,92
12640,60,14,27,92
12641,60,14,27,92
12642,60,14,27,92
12643,60,14,27,92
12644,60,14,27,92
12645,60,14,27,92
12646,60,14,27,92
12647,60,14,27,92
12648,60,14,27,92
12649,60,14,27,92
12650,60,14,27,92
12651,60,14,27,92
12652,60,14,27,92
12653,60,14,27,92
12654,60,14,27,92
12655,60,14,27,92
12656,60,14,27,93
12657,60,14,27,93
12658,60,14,27,93
12659,60,14,27,93
12660,60,14,27,93
12661,60,14,27,93
12662,60,14,27,93
12663,60,14,27,93
12664,60,14,27,93
12665,60,14,27,93
12666,60,14,27,93
12667,60,14,27,93
12668,60,14,27,93
12669,60,14,27,93
12670,60,14,27,93
12671,60,14,27,93
12672,60,14,27,93
12673,60,14,27,93
12674,60,14,27,93
12675,60,14,27,93
12676,60,14,27,93
12677,60,14,27,93
12678,60,14,27,93
12679,60,14,27,93
12680,60,14,27,93
12681,60,14,27,93
12682,60,14,27,93
12683,60,14,27,93
12684,60,14,27,93
12685,60,14,27,93
12686,60,14,27,93
12687,60,14,27,93
12688,60,14,27,93
12689,60,14,27,93
12690,60,14,27,93
12691,60,14,27,93
12692,60,14,27,93
12693,60,14,27,93
12694,60,14,27,93
12695,60,14,27,93
12696,60,14,27,93
12697,60,14,27,93
12698,60,14,27,93
12699,60,14,27,93
12700,60,14,27,93
12701,60,14,27,93
12702,60,14,27,93
12703,60,14,27,93
12704,60,14,27,93
12705,60,14,27,93
12706,60,14,27,93
12707,60,14,27,93
12708,60,14,27,93
12709,60,14,27,93
12710,60,14,27,93
12711,60,14,27,93
12712,60,14,27,93
12713,60,14,27,93
12714,60,14,27,93
12715,60,14,27,93
12716,60,14,27,93
12717,60,14,27,93
12718,60,14,27,93
12719,60,14,27,93
12720,60,14,27,93
12721,60,14,27,93
12722,60,14,27,93
12723,60,14,27,93
12724,60,14,27,93
12725,60,14,27,93
12726,60,14,27,93
12727,60,14,27,93
12728,60,14,27,93
12729,60,14,27,93
12730,60,14,27,93
12731,60,14,27,93
12732,60,14,27,93
12733,60,14,27,93
12734,60,14,27,93
12735,60,14,27,93
12736,60,14,27,93
12737,60,14,27,93
12738,60,14,27,93
12739,60,14,27,93
12740,60,14,27,93
12741,60,14,27,93
12742,60,14,27,93
12743,60,14,27,93
12744,60,14,27,93
12745,60,14,27,93
12746,60,14,27,93
12747,60,14,27,93
12748,60,14,27,93
12749,60,14,27,93
12750,60,14,27,93
12751,60,14,27,93
12752,60,14,27,93
12753,60,14,27,93
12754,60,14,27,93
12755,60,14,27,93
12756,60,14,27,93
12757,60,14,27,93
12758,60,14,27,93
12759,60,14,27,93
12760,60,14,27,93
12761,60,14,27,93
12762,60,14,27,93
12763,60,14,27,93
12764,60,14,27,93
12765,60,14,27,93
12766,60,14,27,93
12767,60,14,27,93
12768,60,14,27,93
12769,60,14,27,93
12770,60,14,27,93
12771,60,14,27,93
12772,60,14,27,93
12773,60,14,27,93
12774,60,14,27,93
12775,60,14,27,93
12776,60,14,27,93
12777,60,14,27,93
12778,60,14,27,93
12779,60,14,27,93
12780,60,14,27,93
12781,60,14,27,93
12782,60,14,27,93
12783,60,14,27,93
12784,60,14,27,93
12785,60,14,27,93
12786,60,14,27,93
12787,60,14,27,93
12788,60,14,27,93
12789,60,14,27,93
12790,60,14,27,93
12791,60,14,27,93
12792,60,14,27,93
12793,60,14,27,93
12794,60,14,27,93
12795,60,14,27,93
12796,60,14,27,93
12797,60,14,27,93
12798,60,14,27,93
12799,60,14,27,93
12800,60,14,27,93
12801,60,14,27,93
12802,60,14,27,93
12803,60,14,27,93
12804,60,14,27,93
12805,60,14,27,93
12806,60,14,27,93
12807,60,14,27,93
12808,60,14,27,93
12809,60,14,27,93
12810,60,14,27,93
12811,60,14,27,93
12812,60,14,27,93
12813,60,14,27,93
12814,60,14,27,93
12815,60,14,27,93
12816,60,14,27,93
12817,60,14,27,93
12818,60,14,27,93
12819,60,14,27,93
12820,60,14,27,93
12821,60,14,27,93
12822,60,14,27,93
12823,60,14,27,93
12824,60,14,27,93
12825,60,14,27,93
12826,60,14,27,93
12827,60,14,27,93
12828,60,14,27,93
12829,60,14,27,93
12830,60,14,27,93
12831,60,14,27,93
12832,60,14,27,93
12833,60,14,27,93
12834,60,14,27,93
12835,60,14,27,93
12836,60,14,27,93
12837,60,14,27,93
12838,60,14,27,93
12839,60,14,27,93
12840,60,14,27,93
12841,60,14,27,93
12842,60,14,27,93
12843,60,14,27,93
12844,60,14,27,93
12845,60,14,27,93
12846,60,14,27,93
12847,60,14,27,93
12848,60,14,27,93
12849,60,14,27,93
12850,60,14,27,93
12851,60,14,27,93
12852,60,14,27,93
12853,60,14,27,93
12854,60,14,27,93
12855,60,14,27,93
12856,60,14,27,93
12857,60,14,27,93
12858,60,14,27,93
12859,60,14,27,93
12860,60,14,27,93
12861,60,14,27,93
12862,60,14,27,93
12863,60,14,27,94
12864,60,14,27,94
12865,60,14,27,94
12866,60,14,27,94
12867,60,14,27,94
12868,60,14,27,94
12869,60,14,27,94
12870,60,14,27,94
12871,60,14,27,94
12872,60,14,27,94
12873,60,14,27,94
12874,60,14,27,94
12875,60,14,27,94
12876,60,14,27,94
12877,60,14,27,94
12878,60,14,27,94
12879,60,14,27,94
12880,60,14,27,94
12881,60,14,27,94
12882,60,14,27,94
12883,60,14,27,94
12884,60,14,27,94
12885,60,14,27,94
12886,60,14,27,94
12887,60,14,27,94
12888,60,14,27,94
12889,60,14,27,94
12890,60,14,27,94
12891,60,14,27,94
12892,60,14,27,94
12893,60,14,27,94
12894,60,14,27,94
12895,60,14,27,94
12896,60,14,27,94
12897,60,14,27,94
12898,60,14,27,94
12899,60,14,27,94
12900,60,14,27,94
12901,60,14,27,94
12902,60,14,27,94
12903,60,14,27,94
12904,60,14,27,94
12905,60,14,27,94
12906,60,14,27,94
12907,60,14,27,94
12908,60,14,27,94
12909,60,14,27,94
12910,60,14,27,94
12911,60,14,27,94
12912,60,14,27,94
12913,60,14,27,94
12914,60,14,27,94
12915,60,14,27,94
12916,60,14,27,94
12917,60,14,27,94
12918,60,14,27,94
12919,60,14,27,94
12920,60,14,27,94
12921,60,14,27,94
12922,60,14,27,94
12923,60,14,27,94
12924,60,14,27,95
12925,60,14,27,95
12926,60,14,27,95
12927,60,14,27,95
12928,60,14,27,95
12929,60,14,27,95
12930,60,14,27,95
12931,60,14,27,95
12932,60,14,27,95
12933,60,14,27,95
12934,60,14,27,95
12935,60,14,27,95
12936,60,14,27,95
12937,60,14,27,95
12938,60,14,27,95
12939,60,14,27,95
12940,60,14,27,95
12941,60,14,27,95
12942,60,14,27,95
12943,60,14,27,95
12944,60,14,27,95
12945,60,14,27,95
12946,60,14,27,95
12947,60,14,27,95
12948,60,14,27,95
12949,60,14,27,95
12950,60,14,27,95
12951,60,14,27,95
12952,60,14,27,95
12953,60,14,27,95
12954,60,14,27,95
12955,60,14,27,95
12956,60,14,27,95
12957,60,14,27,95
12958,60,14,27,95
12959,60,14,27,95
12960,60,14,27,95
12961,60,14,27,95
12962,60,14,27,95
12963,60,14,27,95
12964,60,14,27,95
12965,60,14,27,95
12966,60,14,27,95
12967,60,14,27,95
12968,60,14,27,95
12969,60,14,27,95
12970,60,14,27,95
12971,60,14,27,95
12972,60,14,27,95
12973,60,14,27,95
12974,60,14,27,95
12975,60,14,27,95
12976,60,14,27,95
12977,60,14,27,95
12978,60,14,27,95
12979,60,14,27,95
12980,60,14,27,95
12981,60,14,27,95
12982,60,14,27,95
12983,60,14,27,95
12984,60,14,27,95
12985,60,14,27,95
12986,60,14,27,95
12987,60,14,27,95
12988,60,14,27,95
12989,60,14,27,95
12990,60,14,27,95
12991,60,14,27,95
12992,60,14,27,95
12993,60,14,27,95
12994,60,14,27,95
12995,60,14,27,95
12996,60,14,27,95
12997,60,14,27,95
12998,60,14,27,95
12999,60,14,27,95
13000,60,14,27,95
13001,60,14,27,95
13002,60,14,27,95
13003,60,14,27,95
13004,60,14,27,96
13005,60,14,27,96
13006,60,14,27,96
13007,60,14,27,96
13008,60,14,27,96
13009,60,14,27,96
13010,60,14,27,96
13011,60,14,27,96
13012,60,14,27,96
13013,60,14,27,96
13014,60,14,27,96
13015,60,14,27,96
13016,60,14,27,96
13017,60,14,27,96
13018,60,14,27,96
13019,60,14,27,96
13020,60,14,27,96
13021,60,14,27,96
13022,60,14,27,96
13023,60,14,27,96
13024,60,14,27,97
13025,60,14,27,97
13026,60,14,27,97
13027,60,14,27,97
13028,60,14,27,97
13029,60,14,27,97
13030,60,14,27,97
13031,60,14,27,97
13032,60,14,27,97
13033,60,14,27,97
13034,60,14,27,97
13035,60,14,27,97
13036,60,14,27,97
13037,60,14,27,97
13038,60,14,27,97
13039,60,14,27,97
13040,60,14,27,97
13041,60,14,27,97
13042,60,14,27,97
13043,60,14,27,97
13044,60,14,27,97
13045,60,14,27,97
13046,60,14,27,97
13047,60,14,27,97
13048,60,14,27,97
13049,60,14,27,97
13050,60,14,27,97
13051,60,14,27,97
13052,60,14,27,97
13053,60,14,27,97
13054,60,14,27,97
13055,60,14,27,97
13056,60,14,27,97
13057,60,14,27,97
13058,60,14,27,97
13059,60,14,27,97
13060,60,14,27,97
13061,60,14,27,97
13062,60,14,27,97
13063,60,14,27,97
13064,60,14,27,97
13065,60,14,27,97
13066,60,14,27,97
13067,60,14,27,97
13068,60,14,27,97
13069,60,14,27,97
13070,60,14,27,97
13071,60,14,27,97
13072,60,14,27,97
13073,60,14,27,97
13074,60,14,27,97
13075,60,14,27,97
13076,60,14,27,97
13077,60,14,27,97
13078,60,14,27,97
13079,60,14,27,97
13080,60,14,27,97
13081,60,14,27,97
13082,60,14,27,97
13083,60,14,27,97
13084,60,14,27,97
13085,60,14,27,97
13086,60,14,27,97
13087,60,14,27,97
13088,60,14,27,97
13089,60,14,27,97
13090,60,14,27,97
13091,60,14,27,97
13092,60,14,27,97
13093,60,14,27,97
13094,60,14,27,97
13095,60,14,27,97
13096,60,14,27,97
13097,60,14,27,97
13098,60,14,27,97
13099,60,14,27,97
13100,60,14,27,97
13101,60,14,27,97
13102,60,14,27,97
13103,60,14,27,97
13104,60,14,27,97
13105,60,14,27,97
13106,60,14,27,97
13107,60,14,27,97
13108,60,14,27,97
13109,60,14,27,97
13110,60,14,27,97
13111,60,14,27,97
13112,60,14,27,97
13113,60,14,27,97
13114,60,14,27,97
13115,60,14,27,97
13116,60,14,27,97
13117,60,14,27,97
13118,60,14,27,97
13119,60,14,27,97
13120,60,14,27,97
13121,60,14,27,97
13122,60,14,27,97
13123,60,14,27,97
13124,60,14,27,97
13125,60,14,27,97
13126,60,14,27,97
13127,60,14,27,97
13128,60,14,27,98
13129,60,14,27,98
13130,60,14,27,98
13131,60,14,27,98
13132,60,14,27,98
13133,60,14,27,98
13134,60,14,27,98
13135,60,14,27,98
13136,60,14,27,98
13137,60,14,27,98
13138,60,14,27,98
13139,60,14,27,98
13140,60,14,27,98
13141,60,14,27,98
13142,60,14,27,98
13143,60,14,27,98
13144,60,14,27,98
13145,60,14,27,98
13146,60,14,27,98
13147,60,14,27,98
13148,60,14,27,98
13149,60,14,27,98
13150,60,14,27,98
13151,60,14,27,98
13152,60,14,27,98
13153,60,14,27,98
13154,60,14,27,98
13155,60,14,27,98
13156,60,14,27,98
13157,60,14,27,98
13158,60,14,27,98
13159,60,14,27,98
13160,60,14,27,98
13161,60,14,27,98
13162,60,14,27,98
13163,60,14,27,98
13164,60,14,27,98
13165,60,14,27,98
13166,60,14,27,99
13167,60,14,27,99
13168,60,14,27,99
13169,60,14,27,99
13170,60,14,27,99
13171,60,14,27,99
13172,60,14,27,99
13173,60,14,27,99
13174,60,14,27,99
13175,60,14,27,99
13176,60,14,27,99
13177,60,14,27,99
13178,60,14,27,99
13179,60,14,27,99
13180,60,14,27,99
13181,60,14,27,99
13182,60,14,27,99
13183,60,14,27,99
13184,60,14,27,99
13185,60,14,27,99
13186,60,14,27,99
13187,60,14,27,99
13188,60,14,27,99
13189,60,14,27,100
13190,60,14,27,100
13191,60,14,27,100
13192,60,14,27,100
13193,60,14,27,100
13194,60,14,27,100
13195,60,14,27,100
13196,60,14,27,100
13197,60,14,27,100
13198,60,14,27,100
13199,60,14,27,100
13200,60,14,27,100
13201,60,14,27,100
13202,60,14,27,100
13203,60,14,27,100
13204,60,14,27,100
13205,60,14,27,100
13206,60,14,27,100
13207,60,14,27,100
13208,60,14,27,100
13209,60,14,27,100
13210,60,14,27,100
13211,60,14,27,100
13212,60,14,27,100
13213,60,14,27,100
13214,60,14,27,100
13215,60,14,27,100
13216,60,14,27,100
13217,60,14,27,100
13218,60,14,27,100
13219,60,14,27,100
13220,60,14,27,100
13221,60,14,27,100
13222,60,14,27,100
13223,60,14,27,100
13224,60,14,27,100
13225,60,14,27,100
13226,60,14,27,100
13227,60,14,27,100
13228,60,14,27,100
13229,60,14,27,100
13230,60,14,27,100
13231,60,14,27,100
13232,60,14,27,100
13233,60,14,27,100
13234,60,14,27,100
13235,60,14,27,100
13236,60,14,27,100
13237,60,14,27,100
13238,60,14,27,101
13239,60,14,27,101
13240,60,14,27,101
13241,60,14,27,101
13242,60,14,27,101
13243,60,14,27,101
13244,60,14,27,101
13245,60,14,27,101
13246,60,14,27,101
13247,60,14,27,101
13248,60,14,27,101
13249,60,14,27,101
13250,60,14,27,101
13251,60,14,27,101
13252,60,14,27,101
13253,60,14,27,101
13254,60,14,27,101
13255,60,14,27,101
13256,60,14,27,101
13257,60,14,27,101
13258,60,14,27,101
13259,60,14,27,101
13260,60,14,27,101
13261,60,14,27,101
13262,60,14,27,101
13263,60,14,27,101
13264,60,14,27,101
13265,60,14,27,101
13266,60,14,27,101
13267,60,14,27,101
13268,60,14,27,101
13269,60,14,27,101
13270,60,14,27,101
13271,60,14,27,101
13272,60,14,27,101
13273,60,14,27,101
13274,60,14,27,101
13275,60,14,27,101
13276,60,14,27,101
13277,60,14,27,101
13278,60,14,27,101
13279,60,14,27,101
13280,60,14,27,101
13281,60,14,27,101
13282,60,14,27,101
13283,60,14,27,101
13284,60,14,27,101
13285,60,14,27,101
13286,60,14,27,101
13287,60,14,27,101
13288,60,14,27,101
13289,60,14,27,101
13290,60,14,27,101
13291,60,14,27,101
13292,60,14,27,101
13293,60,14,27,101
13294,60,14,27,101
13295,60,14,27,101
13296,60,14,27,101
13297,60,14,27,101
13298,60,14,27,101
13299,60,14,27,101
13300,60,14,27,101
13301,60,14,27,101
13302,60,14,27,102
13303,60,14,27,102
13304,60,14,27,102
13305,60,14,27,102
13306,60,14,27,102
13307,60,14,27,102
13308,60,14,27,102
13309,60,14,27,102
13310,60,14,27,102
13311,60,14,27,102
13312,60,14,27,102
13313,60,14,27,102
13314,60,14,27,102
13315,60,14,27,102
13316,60,14,27,102
13317,60,14,27,102
13318,60,14,27,102
13319,60,14,27,102
13320,60,14,27,102
13321,60,14,27,102
13322,60,14,27,102
13323,60,14,27,102
13324,60,14,27,102
13325,60,14,27,102
13326,60,14,27,102
13327,60,14,27,102
13328,60,14,27,102
13329,60,14,27,102
13330,60,14,27,102
13331,60,14,27,102
13332,60,14,27,102
13333,60,14,27,102
13334,60,14,27,102
13335,60,14,27,102
13336,60,14,27,102
13337,60,14,27,102
13338,60,14,27,102
13339,60,14,27,102
13340,60,14,27,102
13341,60,14,27,102
13342,60,14,27,102
13343,60,14,27,102
13344,60,14,27,102
13345,60,14,27,102
13346,60,14,27,102
13347,60,14,27,102
13348,60,14,27,102
13349,60,14,27,102
13350,60,14,27,102
13351,60,14,27,102
13352,60,14,27,102
13353,60,14,27,102
13354,60,14,27,102
13355,60,14,27,102
13356,60,14,27,102
13357,60,14,27,102
13358,60,14,27,102
13359,60,14,27,102
13360,60,14,27,102
13361,60,14,27,102
13362,60,14,27,102
13363,60,14,27,102
13364,60,14,27,102
13365,60,14,27,102
13366,60,14,27,102
13367,60,14,27,102
13368,60,14,27,102
13369,60,14,27,102
13370,60,14,27,102
13371,60,14,27,102
13372,60,14,27,102
13373,60,14,27,102
13374,60,14,27,102
13375,60,14,27,102
13376,60,14,27,102
13377,60,14,27,102
13378,60,14,27,102
13379,60,14,27,102
13380,60,14,27,102
13381,60,14,27,102
13382,60,14,27,102
13383,60,14,27,102
13384,60,14,27,102
13385,60,14,27,102
13386,60,14,27,102
13387,60,14,27,102
13388,60,14,27,102
13389,60,14,27,102
13390,60,14,27,102
13391,60,14,27,102
13392,60,14,27,102
13393,60,14,27,102
13394,60,14,27,102
13395,60,14,27,102
13396,60,14,27,102
13397,60,14,27,102
13398,60,14,27,102
13399,60,14,27,102
13400,60,14,27,102
13401,60,14,27,102
13402,60,14,27,102
13403,60,14,27,102
13404,60,14,27,102
13405,60,14,27,102
13406,60,14,27,102
13407,60,14,27,102
13408,60,14,27,102
13409,60,14,27,102
13410,60,14,27,102
13411,60,14,27,102
13412,60,14,27,102
13413,60,14,27,102
13414,60,14,27,102
13415,60,14,27,102
13416,60,14,27,102
13417,60,14,27,102
13418,60,14,27,102
13419,60,14,27,102
13420,60,14,27,102
13421,60,14,27,102
13422,60,14,27,102
13423,60,14,27,102
13424,60,14,27,102
13425,60,14,27,102
13426,60,14,27,102
13427,60,14,27,102
13428,60,14,27,102
13429,60,14,27,102
13430,60,14,27,102
13431,60,14,27,102
13432,60,14,27,102
13433,60,14,27,102
13434,60,14,27,102
13435,60,14,27,102
13436,60,14,27,102
13437,60,14,27,102
13438,60,14,27,102
13439,60,14,27,102
13440,60,14,27,102
13441,60,14,27,102
13442,60,14,27,102
13443,60,14,27,102
13444,60,14,27,102
13445,60,14,27,102
13446,60,14,27,102
13447,60,14,27,102
13448,60,14,27,102
13449,60,14,27,102
13450,60,14,27,102
13451,60,14,27,102
13452,60,14,27,102
13453,60,14,27,102
13454,60,14,27,102
13455,60,14,27,102
13456,60,14,27,102
13457,60,14,27,102
13458,60,14,27,102
13459,60,14,27,102
13460,60,14,27,102
13461,60,14,27,102
13462,60,14,27,102
13463,60,14,27,102
13464,60,14,27,102
13465,60,14,27,102
13466,60,14,27,102
13467,60,14,27,102
13468,60,14,27,102
13469,60,14,27,102
13470,60,14,27,102
13471,60,14,27,102
13472,60,14,27,102
13473,60,14,27,102
13474,60,14,27,102
13475,60,14,27,102
13476,60,14,27,102
13477,60,14,27,102
13478,60,14,27,102
13479,60,14,27,102
13480,60,14,27,102
13481,60,14,27,102
13482,60,14,27,102
13483,60,14,27,102
13484,60,14,27,102
13485,60,14,27,102
13486,60,14,27,102
13487,60,14,27,102
13488,60,14,27,102
13489,60,14,27,102
13490,60,14,27,102
13491,60,14,27,102
13492,60,14,27,102
13493,60,14,27,102
13494,60,14,27,102
13495,60,14,27,102
13496,60,14,27,102
13497,60,14,27,102
13498,60,14,27,102
13499,60,14,27,102
13500,60,14,27,102
13501,60,14,27,102
13502,60,14,27,102
13503,60,14,27,102
13504,60,14,27,102
13505,60,14,27,102
13506,60,14,27,102
13507,60,14,27,102
13508,60,14,27,102
13509,60,14,27,102
13510,60,14,27,102
13511,60,14,27,102
13512,60,14,27,102
13513,60,14,27,102
13514,60,14,27,102
13515,60,14,27,102
13516,60,14,27,102
13517,60,14,27,102
13518,60,14,27,102
13519,60,14,27,102
13520,60,14,27,102
13521,60,14,27,102
13522,60,14,27,102
13523,60,14,27,102
13524,60,14,27,102
13525,60,14,27,102
13526,60,14,27,102
13527,60,14,27,102
13528,60,14,27,102
13529,60,14,27,102
13530,60,14,27,102
13531,60,14,27,102
13532,60,14,27,102
13533,60,14,27,102
13534,60,14,27,102
13535,60,14,27,102
13536,60,14,27,102
13537,60,14,27,102
13538,60,14,27,102
13539,60,14,27,102
13540,60,14,27,102
13541,60,14,27,102
13542,60,14,27,102
13543,60,14,27,102
13544,60,14,27,102
13545,60,14,27,102
13546,60,14,27,102
13547,60,14,27,102
13548,60,14,27,102
13549,60,14,27,102
13550,60,14,27,102
13551,60,14,27,102
13552,60,14,27,102
13553,60,14,27,102
13554,60,14,27,102
13555,60,14,27,102
13556,60,14,27,102
13557,60,14,27,102
13558,60,14,27,102
13559,60,14,27,102
13560,60,14,27,102
13561,60,14,27,102
13562,60,14,27,102
13563,60,14,27,102
13564,60,14,27,102
13565,60,14,27,102
13566,60,14,27,102
13567,60,14,27,102
13568,60,14,27,102
13569,60,14,27,102
13570,60,14,27,102
13571,60,14,27,102
13572,60,14,27,102
13573,60,14,27,102
13574,60,14,27,102
13575,60,14,27,102
13576,60,14,27,102
13577,60,14,27,102
13578,60,14,27,102
13579,60,14,27,102
13580,60,14,27,102
13581,60,14,27,102
13582,60,14,27,102
13583,60,14,27,102
13584,60,14,27,102
13585,60,14,27,102
13586,60,14,27,102
13587,60,14,27,102
13588,60,14,27,102
13589,60,14,27,102
13590,60,14,27,102
13591,60,14,27,102
13592,60,14,27,102
13593,60,14,27,102
13594,60,14,27,102
13595,60,14,27,102
13596,60,14,27,102
13597,60,14,27,102
13598,60,14,27,102
13599,60,14,27,102
13600,60,14,27,102
13601,60,14,27,102
13602,60,14,27,102
13603,60,14,27,102
13604,60,14,27,102
13605,60,14,27,102
13606,60,14,27,102
13607,60,14,27,102
13608,60,14,27,102
13609,60,14,27,102
13610,60,14,27,102
13611,60,14,27,102
13612,60,14,27,102
13613,60,14,27,102
13614,60,14,27,102
13615,60,14,27,102
13616,60,14,27,102
13617,60,14,27,102
13618,60,14,27,102
13619,60,14,27,102
13620,60,14,27,102
13621,60,14,27,103
13622,60,14,27,103
13623,60,14,27,103
13624,60,14,27,103
13625,60,14,27,103
13626,60,14,27,103
13627,60,14,27,103
13628,60,14,27,103
13629,60,14,27,103
13630,60,14,27,103
13631,60,14,27,103
13632,60,14,27,103
13633,60,14,27,103
13634,60,14,27,103
13635,60,14,27,103
13636,60,14,27,103
13637,60,14,27,103
13638,60,14,27,103
13639,60,14,27,103
13640,60,14,27,103
13641,60,14,27,103
13642,60,14,27,103
13643,60,14,27,103
13644,60,14,27,103
13645,60,14,27,103
13646,60,14,27,103
13647,60,14,27,103
13648,60,14,27,103
13649,60,14,27,103
13650,60,14,27,103
13651,60,14,27,103
13652,60,14,27,103
13653,60,14,27,103
13654,60,14,27,103
13655,60,14,27,103
13656,60,14,27,103
13657,60,14,27,103
13658,60,14,27,103
13659,60,14,27,103
13660,60,14,27,103
13661,60,14,27,103
13662,60,14,27,103
13663,60,14,27,103
13664,60,14,27,103
13665,60,14,27,103
13666,60,14,27,103
13667,60,14,27,103
13668,60,14,27,103
13669,60,14,27,103
13670,60,14,27,103
13671,60,14,27,104
13672,60,14,27,104
13673,60,14,27,104
13674,60,14,27,104
13675,60,14,27,104
13676,60,14,27,104
13677,60,14,27,104
13678,60,14,27,104
13679,60,14,27,104
13680,60,14,27,104
13681,60,14,27,104
13682,60,14,27,104
13683,60,14,27,104
13684,60,14,27,104
13685,60,14,27,104
13686,60,14,27,104
13687,60,14,27,104
13688,60,14,27,104
13689,60,14,27,104
13690,60,14,27,104
13691,60,14,27,104
13692,60,14,27,104
13693,60,14,27,104
13694,60,14,27,104
13695,60,14,27,104
13696,60,14,27,104
13697,60,14,27,104
13698,60,14,27,104
13699,60,14,27,104
13700,60,14,27,104
13701,60,14,27,104
13702,60,14,27,104
13703,60,14,27,104
13704,60,14,27,104
13705,60,14,27,104
13706,60,14,27,104
13707,60,14,27,104
13708,60,14,27,104
13709,60,14,27,104
13710,60,14,27,104
13711,60,14,27,104
13712,60,14,27,104
13713,60,14,27,104
13714,60,14,27,104
13715,60,14,27,104
13716,60,14,27,104
13717,60,14,27,104
13718,60,14,27,104
13719,60,14,27,104
13720,60,14,27,104
13721,60,14,27,104
13722,60,14,27,104
13723,60,14,27,104
13724,60,14,27,104
13725,60,14,27,104
13726,60,14,27,104
13727,60,14,27,104
13728,60,14,27,104
13729,60,14,27,104
13730,60,14,27,104
13731,60,14,27,104
13732,60,14,27,104
13733,60,14,27,104
13734,60,14,27,104
13735,60,14,27,104
13736,60,14,27,104
13737,60,14,27,104
13738,60,14,27,104
13739,60,14,27,104
13740,60,14,27,104
13741,60,14,27,104
13742,60,14,27,104
13743,60,14,27,104
13744,60,14,27,104
13745,60,14,27,104
13746,60,14,27,104
13747,60,14,27,104
13748,60,14,27,104
13749,60,14,27,104
13750,60,14,27,104
13751,60,14,27,104
13752,60,14,27,104
13753,60,14,27,104
13754,60,14,27,104
13755,60,14,27,104
13756,60,14,27,104
13757,60,14,27,104
13758,60,14,27,104
13759,60,14,27,104
13760,60,14,27,104
13761,60,14,27,104
13762,60,14,27,104
13763,60,14,27,104
13764,60,14,27,104
13765,60,14,27,104
13766,60,14,27,104
13767,60,14,27,104
13768,60,14,27,104
13769,60,14,27,104
13770,60,14,27,104
13771,60,14,27,104
13772,60,14,27,104
13773,60,14,27,104
13774,60,14,27,104
13775,60,14,27,104
13776,60,14,27,104
13777,60,14,27,104
13778,60,14,27,104
13779,60,14,27,104
13780,60,14,27,104
13781,60,14,27,104
13782,60,14,27,104
13783,60,14,27,104
13784,60,14,27,104
13785,60,14,27,104
13786,60,14,27,104
13787,60,14,27,104
13788,60,14,27,104
13789,60,14,27,104
13790,60,14,27,104
13791,60,14,27,104
13792,60,14,27,105
13793,60,14,27,105
13794,60,14,27,105
13795,60,14,27,105
13796,60,14,27,105
13797,60,14,27,105
13798,60,14,27,105
13799,60,14,27,105
13800,60,14,27,105
13801,60,14,27,105
13802,60,14,27,105
13803,60,14,27,105
13804,60,14,27,105
13805,60,14,27,105
13806,60,14,27,105
13807,60,14,27,105
13808,60,14,27,105
13809,60,14,27,105
13810,60,14,27,105
13811,60,14,27,105
13812,60,14,27,105
13813,60,14,27,105
13814,60,14,27,105
13815,60,14,27,105
13816,60,14,27,105
13817,60,14,27,105
13818,60,14,27,105
13819,60,14,27,105
13820,60,14,27,105
13821,60,14,27,105
13822,60,14,27,105
13823,60,14,27,105
13824,60,14,27,105
13825,60,14,27,105
13826,60,14,27,105
13827,60,14,27,105
13828,60,14,27,105
13829,60,14,27,105
13830,60,14,27,105
13831,60,14,27,105
13832,60,14,27,105
13833,60,14,27,105
13834,60,14,27,105
13835,60,14,27,105
13836,60,14,27,105
13837,60,14,27,105
13838,60,14,27,105
13839,60,14,27,105
13840,60,14,27,105
13841,60,14,27,105
13842,60,14,27,105
13843,60,14,27,105
13844,60,14,27,105
13845,60,14,27,105
13846,60,14,27,105
13847,60,14,27,105
13848,60,14,27,105
13849,60,14,27,105
13850,60,14,27,105
13851,60,14,27,105
13852,60,14,27,105
13853,60,14,27,105
13854,60,14,27,105
13855,60,14,27,105
13856,60,14,27,105
13857,60,14,27,105
13858,60,14,27,105
13859,60,14,27,105
13860,60,14,27,105
13861,60,14,27,105
13862,60,14,27,105
13863,60,14,27,105
13864,60,14,27,105
13865,60,14,27,105
13866,60,14,27,105
13867,60,14,27,105
13868,60,14,27,105
13869,60,14,27,105
13870,60,14,27,105
13871,60,14,27,105
13872,60,14,27,105
13873,60,14,27,105
13874,60,14,27,105
13875,60,14,27,105
13876,60,14,27,105
13877,60,14,27,105
13878,60,14,27,105
13879,60,14,27,105
13880,60,14,27,105
13881,60,14,27,105
13882,60,14,27,105
13883,60,14,27,105
13884,60,14,27,105
13885,60,14,27,105
13886,60,14,27,105
13887,60,14,27,105
13888,60,14,27,105
13889,60,14,27,105
13890,60,14,27,105
13891,60,14,27,105
13892,60,14,27,105
13893,60,14,27,105
13894,60,14,27,105
13895,60,14,27,105
13896,60,14,27,105
13897,60,14,27,105
13898,60,14,27,105
13899,60,14,27,105
13900,60,14,27,105
13901,60,14,27,105
13902,60,14,27,105
13903,60,14,27,105
13904,60,14,27,105
13905,60,14,27,105
13906,60,14,27,105
13907,60,14,27,105
13908,60,14,27,105
13909,60,14,27,105
13910,60,14,27,105
13911,60,14,27,105
13912,60,14,27,105
13913,60,14,27,105
13914,60,14,27,105
13915,60,14,27,105
13916,60,14,27,105
13917,60,14,27,105
13918,60,14,27,105
13919,60,14,27,105
13920,60,14,27,105
13921,60,14,27,105
13922,60,14,27,105
13923,60,14,27,105
13924,60,14,27,105
13925,60,14,27,105
13926,60,14,27,105
13927,60,14,27,105
13928,60,14,27,105
13929,60,14,27,105
13930,60,14,27,105
13931,60,14,27,106
13932,60,14,27,106
13933,60,14,27,106
13934,60,14,27,106
13935,60,14,27,106
13936,60,14,27,106
13937,60,14,27,106
13938,60,14,27,106
13939,60,14,27,106
13940,60,14,27,106
13941,60,14,27,106
13942,60,14,27,106
13943,60,14,27,106
13944,60,14,27,106
13945,60,14,27,106
13946,60,14,27,106
13947,60,14,27,106
13948,60,14,27,106
13949,60,14,27,106
13950,60,14,27,106
13951,60,14,27,106
13952,60,14,27,106
13953,60,14,27,106
13954,60,14,27,106
13955,60,14,27,106
13956,60,14,27,106
13957,60,14,27,106
13958,60,14,27,106
13959,60,14,27,106
13960,60,14,27,106
13961,60,14,27,106
13962,60,14,27,106
13963,60,14,27,106
13964,60,14,27,106
13965,60,14,27,106
13966,60,14,27,106
13967,60,14,27,106
13968,60,14,27,106
13969,60,14,27,106
13970,60,14,27,106
13971,60,14,27,106
13972,60,14,27,106
13973,60,14,27,106
13974,60,14,27,106
13975,60,14,27,106
13976,60,14,27,106
13977,60,14,27,106
13978,60,14,27,106
13979,60,14,27,106
13980,60,14,27,106
13981,60,14,27,106
13982,60,14,27,106
13983,60,14,27,106
13984,60,14,27,106
13985,60,14,27,106
13986,60,14,27,106
13987,60,14,27,106
13988,60,14,27,106
13989,60,14,27,106
13990,60,14,27,106
13991,60,14,27,106
13992,60,14,27,106
13993,60,14,27,106
13994,60,14,27,106
13995,60,14,27,106
13996,60,14,27,106
13997,60,14,27,106
13998,60,14,27,106
13999,60,14,27,106
14000,60,14,27,106
14001,60,14,27,106
14002,60,14,27,106
14003,60,14,27,106
14004,60,14,27,106
14005,60,14,27,106
14006,60,14,27,106
14007,60,14,27,106
14008,60,14,27,106
14009,60,14,27,106
14010,60,14,27,106
14011,60,14,27,106
14012,60,14,27,106
14013,60,14,27,106
14014,60,14,27,106
14015,60,14,27,106
14016,60,14,27,106
14017,60,14,27,106
14018,60,14,27,106
14019,60,14,27,106
14020,60,14,27,106
14021,60,14,27,106
14022,60,14,27,106
14023,60,14,27,106
14024,60,14,27,106
14025,60,14,27,106
14026,60,14,27,106
14027,60,14,27,106
14028,60,14,27,106
14029,60,14,27,107
14030,60,14,27,107
14031,60,14,27,107
14032,60,14,27,107
14033,60,14,27,107
14034,60,14,27,107
14035,60,14,27,107
14036,60,14,27,107
14037,60,14,27,107
14038,60,14,27,107
14039,60,14,27,107
14040,60,14,27,107
14041,60,14,27,107
14042,60,14,27,107
14043,60,14,27,107
14044,60,14,27,107
14045,60,14,27,107
14046,60,14,27,107
14047,60,14,27,107
14048,60,14,27,107
14049,60,14,27,107
14050,60,14,27,107
14051,60,14,27,107
14052,60,14,27,107
14053,60,14,27,107
14054,60,14,27,107
14055,60,14,27,107
14056,60,14,27,107
14057,60,14,27,107
14058,60,14,27,107
14059,60,14,27,107
14060,60,14,27,107
14061,60,14,27,107
14062,60,14,27,107
14063,60,14,27,107
14064,60,14,27,107
14065,60,14,27,107
14066,60,14,27,107
14067,60,14,27,107
14068,60,14,27,107
14069,60,14,27,107
14070,60,14,27,107
14071,60,14,27,107
14072,60,14,27,107
14073,60,14,27,107
14074,60,14,27,107
14075,60,14,27,107
14076,60,14,27,107
14077,60,14,27,107
14078,60,14,27,107
14079,60,14,27,107
14080,60,14,27,107
14081,60,14,27,107
14082,60,14,27,107
14083,60,14,27,107
14084,60,14,27,107
14085,60,14,27,107
14086,60,14,27,107
14087,60,14,27,107
14088,60,14,27,107
14089,60,14,27,107
14090,60,14,27,107
14091,60,14,27,107
14092,60,14,27,108
14093,60,14,27,108
14094,60,14,27,108
14095,60,14,27,108
14096,60,14,27,108
14097,60,14,27,108
14098,60,14,27,108
14099,60,14,27,108
14100,60,14,27,108
14101,60,14,27,108
14102,60,14,27,108
14103,60,14,27,108
14104,60,14,27,108
14105,60,14,27,108
14106,60,14,27,108
14107,60,14,27,108
14108,60,14,27,108
14109,60,14,27,108
14110,60,14,27,108
14111,60,14,27,108
14112,60,14,27,108
14113,60,14,27,108
14114,60,14,27,108
14115,60,14,27,108
14116,60,14,27,108
14117,60,14,27,108
14118,60,14,27,108
14119,60,14,27,108
14120,60,14,27,108
14121,60,14,27,108
14122,60,14,27,108
14123,60,14,27,108
14124,60,14,27,108
14125,60,14,27,108
14126,60,14,27,108
14127,60,14,27,108
14128,60,14,27,108
14129,60,14,27,108
14130,60,14,27,108
14131,60,14,27,108
14132,60,14,27,108
14133,60,14,27,108
14134,60,14,27,108
14135,60,14,27,108
14136,60,14,27,108
14137,60,14,27,108
14138,60,14,27,108
14139,60,14,27,108
14140,60,14,27,108
14141,60,14,27,108
14142,60,14,27,108
14143,60,14,27,108
14144,60,14,27,108
14145,60,14,27,108
14146,60,14,27,108
14147,60,14,27,108
14148,60,14,27,108
14149,60,14,27,108
14150,60,14,27,108
14151,60,14,27,108
14152,60,14,27,108
14153,60,14,27,108
14154,60,14,27,108
14155,60,14,27,108
14156,60,14,27,108
14157,60,14,27,108
14158,60,14,27,108
14159,60,14,27,108
14160,60,14,27,108
14161,60,14,27,108
14162,60,14,27,108
14163,60,14,27,108
14164,60,14,27,108
14165,60,14,27,108
14166,60,14,27,108
14167,60,14,27,108
14168,60,14,27,108
14169,60,14,27,108
14170,60,14,27,108
14171,60,14,27,108
14172,60,14,27,108
14173,60,14,27,108
14174,60,14,27,108
14175,60,14,27,108
14176,60,14,27,108
14177,60,14,27,108
14178,60,14,27,108
14179,60,14,27,108
14180,60,14,27,108
14181,60,14,27,108
14182,60,14,27,108
14183,60,14,27,108
14184,60,14,27,108
14185,60,14,27,108
14186,60,14,27,108
14187,60,14,27,108
14188,60,14,27,108
14189,60,14,27,108
14190,60,14,27,109
14191,60,14,27,109
14192,60,14,27,109
14193,60,14,27,109
14194,60,14,27,109
14195,60,14,27,109
14196,60,14,27,109
14197,60,14,27,109
14198,60,14,27,109
14199,60,14,27,109
14200,60,14,27,109
14201,60,14,27,109
14202,60,14,27,109
14203,60,14,27,109
14204,60,14,27,109
14205,60,14,27,109
14206,60,14,27,109
14207,60,14,27,109
14208,60,14,27,109
14209,60,14,27,109
14210,60,14,27,109
14211,60,14,27,109
14212,60,14,27,109
14213,60,14,27,109
14214,60,14,27,109
14215,60,14,27,109
14216,60,14,27,109
14217,60,14,27,109
14218,60,14,27,109
14219,60,14,27,109
14220,60,14,27,109
14221,60,14,27,109
14222,60,14,27,109
14223,60,14,27,109
14224,60,14,27,109
14225,60,14,27,109
14226,60,14,27,109
14227,60,14,27,109
14228,60,14,27,109
14229,60,14,27,109
14230,60,14,27,109
14231,60,14,27,109
14232,60,14,27,109
14233,60,14,27,109
14234,60,14,27,109
14235,60,14,27,109
14236,60,14,27,109
14237,60,14,27,109
14238,60,14,27,109
14239,60,14,27,109
14240,60,14,27,109
14241,60,14,27,109
14242,60,14,27,109
14243,60,14,27,110
14244,60,14,27,110
14245,60,14,27,110
14246,60,14,27,110
14247,60,14,27,110
14248,60,14,27,110
14249,60,14,27,110
14250,60,14,27,110
14251,60,14,27,110
14252,60,14,27,110
14253,60,14,27,110
14254,60,14,27,110
14255,60,14,27,110
14256,60,14,27,110
14257,60,14,27,110
14258,60,14,27,110
14259,60,14,27,110
14260,60,14,27,110
14261,60,14,27,110
14262,60,14,27,110
14263,60,14,27,110
14264,60,14,27,110
14265,60,14,27,110
14266,60,14,27,110
14267,60,14,27,110
14268,60,14,27,110
14269,60,14,27,110
14270,60,14,27,110
14271,60,14,27,110
14272,60,14,27,110
14273,60,14,27,110
14274,60,14,27,110
14275,60,14,27,110
14276,60,14,27,110
14277,60,14,27,110
14278,60,14,27,110
14279,60,14,27,110
14280,60,14,27,110
14281,60,14,27,110
14282,60,14,27,110
14283,60,14,27,110
14284,60,14,27,110
14285,60,14,27,110
14286,60,14,27,110
14287,60,14,27,110
14288,60,14,27,110
14289,60,14,27,110
14290,60,14,27,110
14291,60,14,27,110
14292,60,14,27,110
14293,60,14,27,110
14294,60,14,27,110
14295,60,14,27,110
14296,60,14,27,110
14297,60,14,27,110
14298,60,14,27,110
14299,60,14,27,110
14300,60,14,27,110
14301,60,14,27,110
14302,60,14,27,110
14303,60,14,27,110
14304,60,14,27,110
14305,60,14,27,110
14306,60,14,27,110
14307,60,14,27,110
14308,60,14,27,110
14309,60,14,27,110
14310,60,14,27,110
14311,60,14,27,110
14312,60,14,27,110
14313,60,14,27,110
14314,60,14,27,110
14315,60,14,27,110
14316,60,14,27,110
14317,60,14,27,110
14318,60,14,27,110
14319,60,14,27,110
14320,60,14,27,110
14321,60,14,27,110
14322,60,14,27,110
14323,60,14,27,110
14324,60,14,27,110
14325,60,14,27,110
14326,60,14,27,110
14327,60,14,27,110
14328,60,14,27,110
14329,60,14,27,110
14330,60,14,27,110
14331,60,14,27,110
14332,60,14,27,110
14333,60,14,27,110
14334,60,14,27,110
14335,60,14,27,110
14336,60,14,27,110
14337,60,14,27,110
14338,60,14,27,110
14339,60,14,27,110
14340,60,14,27,110
14341,60,14,27,110
14342,60,14,27,110
14343,60,14,27,110
14344,60,14,27,111
14345,60,14,27,111
14346,60,14,27,111
14347,60,14,27,111
14348,60,14,27,111
14349,60,14,27,111
14350,60,14,27,111
14351,60,14,27,111
14352,60,14,27,111
14353,60,14,27,111
14354,60,14,27,111
14355,60,14,27,111
14356,60,14,27,111
14357,60,14,27,111
14358,60,14,27,111
14359,60,14,27,111
14360,60,14,27,111
14361,60,14,27,111
14362,60,14,27,111
14363,60,14,27,111
14364,60,14,27,111
14365,60,14,27,111
14366,60,14,27,111
14367,60,14,27,111
14368,60,14,27,111
14369,60,14,27,111
14370,60,14,27,111
14371,60,14,27,111
14372,60,14,27,111
14373,60,14,27,111
14374,60,14,27,111
14375,60,14,27,111
14376,60,14,27,111
14377,60,14,27,111
14378,60,14,27,111
14379,60,14,27,111
14380,60,14,27,111
14381,60,14,27,111
14382,60,14,27,111
14383,60,14,27,111
14384,60,14,27,111
14385,60,14,27,111
14386,60,14,27,111
14387,60,14,27,111
14388,60,14,27,111
14389,60,14,27,111
14390,60,14,27,111
14391,60,14,27,111
14392,60,14,27,111
14393,60,14,27,111
14394,60,14,27,111
14395,60,14,27,111
14396,60,14,27,111
14397,60,14,27,111
14398,60,14,27,111
14399,60,14,27,111
14400,60,14,27,111
14401,60,14,27,111
14402,60,14,27,111
14403,60,14,27,111
14404,60,14,27,111
14405,60,14,27,111
14406,60,14,27,111
14407,60,14,27,111
14408,60,14,27,111
14409,60,14,27,111
14410,60,14,27,111
14411,60,14,27,111
14412,60,14,27,111
14413,60,14,27,111
14414,60,14,27,111
14415,60,14,27,111
14416,60,14,27,111
14417,60,14,27,111
14418,60,14,27,111
14419,60,14,27,111
14420,60,14,27,111
14421,60,14,27,111
14422,60,14,27,111
14423,60,14,27,111
14424,60,14,27,111
14425,60,14,27,111
14426,60,14,27,111
14427,60,14,27,111
14428,60,14,27,111
14429,60,14,27,111
14430,60,14,27,111
14431,60,14,27,111
14432,60,14,27,111
14433,60,14,27,111
14434,60,14,27,111
14435,60,14,27,111
14436,60,14,27,111
14437,60,14,27,111
14438,60,14,27,111
14439,60,14,27,111
14440,60,14,27,111
14441,60,14,27,111
14442,60,14,27,111
14443,60,14,27,111
14444,60,14,27,111
14445,60,14,27,111
14446,60,14,27,111
14447,60,14,27,111
14448,60,14,27,111
14449,60,14,27,111
14450,60,14,27,111
14451,60,14,27,111
14452,60,14,27,111
14453,60,14,27,111
14454,60,14,27,111
14455,60,14,27,111
14456,60,14,27,111
14457,60,14,27,111
14458,60,14,27,112
14459,60,14,27,112
14460,60,14,27,112
14461,60,14,27,112
14462,60,14,27,112
14463,60,14,27,112
14464,60,14,27,112
14465,60,14,27,112
14466,60,14,27,112
14467,60,14,27,112
14468,60,14,27,112
14469,60,14,27,112
14470,60,14,27,112
14471,60,14,27,112
14472,60,14,27,112
14473,60,14,27,112
14474,60,14,27,112
14475,60,14,27,112
14476,60,14,27,112
14477,60,14,27,112
14478,60,14,27,112
14479,60,14,27,112
14480,60,14,27,112
14481,60,14,27,112
14482,60,14,27,112
14483,60,14,27,112
14484,60,14,27,112
14485,60,14,27,112
14486,60,14,27,112
14487,60,14,27,112
14488,60,14,27,112
14489,60,14,27,112
14490,60,14,27,112
14491,60,14,27,112
14492,60,14,27,112
14493,60,14,27,112
14494,60,14,27,112
14495,60,14,27,112
14496,60,14,27,112
14497,60,14,27,112
14498,60,14,27,112
14499,60,14,27,112
14500,60,14,27,112
14501,60,14,27,112
14502,60,14,27,112
14503,60,14,27,112
14504,60,14,27,112
14505,60,14,27,112
14506,60,14,27,112
14507,60,14,27,112
14508,60,14,27,112
14509,60,14,27,112
14510,60,14,27,112
14511,60,14,27,112
14512,60,14,27,112
14513,60,14,27,112
14514,60,14,27,112
14515,60,14,27,112
14516,60,14,27,112
14517,60,14,27,112
14518,60,14,27,112
14519,60,14,27,112
14520,60,14,27,112
14521,60,14,27,112
14522,60,14,27,112
14523,60,14,27,112
14524,60,14,27,112
14525,60,14,27,112
14526,60,14,27,112
14527,60,14,27,112
14528,60,14,27,112
14529,60,14,27,113
14530,60,14,27,113
14531,60,14,27,113
14532,60,14,27,113
14533,60,14,27,113
14534,60,14,27,113
14535,60,14,27,113
14536,60,14,27,113
14537,60,14,27,113
14538,60,14,27,113
14539,60,14,27,113
14540,60,14,27,113
14541,60,14,27,113
14542,60,14,27,113
14543,60,14,27,113
14544,60,14,27,113
14545,60,14,27,113
14546,60,14,27,113
14547,60,14,27,113
14548,60,14,27,113
14549,60,14,27,113
14550,60,14,27,113
14551,60,14,27,113
14552,60,14,27,113
14553,60,14,27,113
14554,60,14,27,113
14555,60,14,27,113
14556,60,14,27,113
14557,60,14,27,113
14558,60,14,27,113
14559,60,14,27,113
14560,60,14,27,113
14561,60,14,27,113
14562,60,14,27,113
14563,60,14,27,113
14564,60,14,27,113
14565,60,14,27,113
14566,60,14,27,113
14567,60,14,27,113
14568,60,14,27,113
14569,60,14,27,113
14570,60,14,27,113
14571,60,14,27,113
14572,60,14,27,113
14573,60,14,27,113
14574,60,14,27,113
14575,60,14,27,113
14576,60,14,27,113
14577,60,14,27,113
14578,60,14,27,113
14579,60,14,27,113
14580,60,14,27,113
14581,60,14,27,113
14582,60,14,27,113
14583,60,14,27,113
14584,60,14,27,113
14585,60,14,27,113
14586,60,14,27,113
14587,60,14,27,113
14588,60,14,27,113
14589,60,14,27,113
14590,60,14,27,113
14591,60,14,27,113
14592,60,14,27,113
14593,60,14,27,113
14594,60,14,27,113
14595,60,14,27,113
14596,60,14,27,113
14597,60,14,27,113
14598,60,14,27,113
14599,60,14,27,113
14600,60,14,27,113
14601,60,14,27,113
14602,60,14,27,113
14603,60,14,27,113
14604,60,14,27,113
14605,60,14,27,113
14606,60,14,27,113
14607,60,14,27,113
14608,60,14,27,113
14609,60,14,27,113
14610,60,14,27,113
14611,60,14,27,113
14612,60,14,27,113
14613,60,14,27,113
14614,60,14,27,113
14615,60,14,27,113
14616,60,14,27,113
14617,60,14,27,113
14618,60,14,27,113
14619,60,14,27,113
14620,60,14,27,113
14621,60,14,27,113
14622,60,14,27,113
14623,60,14,27,113
14624,60,14,27,113
14625,60,14,27,113
14626,60,14,27,113
14627,60,14,27,113
14628,60,14,27,113
14629,60,14,27,113
14630,60,14,27,113
14631,60,14,27,113
14632,60,14,27,113
14633,60,14,27,113
14634,60,14,27,114
14635,60,14,27,114
14636,60,14,27,114
14637,60,14,27,114
14638,60,14,27,114
14639,60,14,27,114
14640,60,14,27,114
14641,60,14,27,114
14642,60,14,27,114
14643,60,14,27,114
14644,60,14,27,114
14645,60,14,27,114
14646,60,14,27,114
14647,60,14,27,114
14648,60,14,27,114
14649,60,14,27,114
14650,60,14,27,114
14651,60,14,27,114
14652,60,14,27,114
14653,60,14,27,114
14654,60,14,27,114
14655,60,14,27,114
14656,60,14,27,114
14657,60,14,27,114
14658,60,14,27,115
14659,60,14,27,115
14660,60,14,27,115
14661,60,14,27,115
14662,60,14,27,115
14663,60,14,27,115
14664,60,14,27,115
14665,60,14,27,115
14666,60,14,27,115
14667,60,14,27,115
14668,60,14,27,115
14669,60,14,27,115
14670,60,14,27,115
14671,60,14,27,115
14672,60,14,27,115
14673,60,14,27,115
14674,60,14,27,115
14675,60,14,27,115
14676,60,14,27,115
14677,60,14,27,115
14678,60,14,27,115
14679,60,14,27,115
14680,60,14,27,115
14681,60,14,27,115
14682,60,14,27,115
14683,60,14,27,115
14684,60,14,27,115
14685,60,14,27,115
14686,60,14,27,115
14687,60,14,27,115
14688,60,14,27,115
14689,60,14,27,115
14690,60,14,27,115
14691,60,14,27,115
14692,60,14,27,115
14693,60,14,27,115
14694,60,14,27,115
14695,60,14,27,115
14696,60,14,27,115
14697,60,14,27,115
14698,60,14,27,115
14699,60,14,27,115
14700,60,14,27,115
14701,60,14,27,116
14702,60,14,27,116
14703,60,14,27,116
14704,60,14,27,116
14705,60,14,27,116
14706,60,14,27,116
14707,60,14,27,116
14708,60,14,27,116
14709,60,14,27,116
14710,60,14,27,116
14711,60,14,27,116
14712,60,14,27,116
14713,60,14,27,116
14714,60,14,27,116
14715,60,14,27,116
14716,60,14,27,116
14717,60,14,27,116
14718,60,14,27,116
14719,60,14,27,116
14720,60,14,27,116
14721,60,14,27,116
14722,60,14,27,116
14723,60,14,27,116
14724,60,14,27,116
14725,60,14,27,116
14726,60,14,27,116
14727,60,14,27,116
14728,60,14,27,116
14729,60,14,27,116
14730,60,14,27,116
14731,60,14,27,116
14732,60,14,27,116
14733,60,14,27,116
14734,60,14,27,116
14735,60,14,27,116
14736,60,14,27,116
14737,60,14,27,116
14738,60,14,27,116
14739,60,14,27,116
14740,60,14,27,116
14741,60,14,27,116
14742,60,14,27,116
14743,60,14,27,116
14744,60,14,27,116
14745,60,14,27,116
14746,60,14,27,116
14747,60,14,27,116
14748,60,14,27,116
14749,60,14,27,116
14750,60,14,27,116
14751,60,14,27,116
14752,60,14,27,116
14753,60,14,27,116
14754,60,14,27,116
14755,60,14,27,116
14756,60,14,27,116
14757,60,14,27,116
14758,60,14,27,116
14759,60,14,27,116
14760,60,14,27,116
14761,60,14,27,116
14762,60,14,27,116
14763,60,14,27,116
14764,60,14,27,116
14765,60,14,27,116
14766,60,14,27,116
14767,60,14,27,116
14768,60,14,27,116
14769,60,14,27,116
14770,60,14,27,116
14771,60,14,27,116
14772,60,14,27,117
14773,60,14,27,117
14774,60,14,27,117
14775,60,14,27,117
14776,60,14,27,117
14777,60,14,27,117
14778,60,14,27,117
14779,60,14,27,117
14780,60,14,27,117
14781,60,14,27,117
14782,60,14,27,117
14783,60,14,27,117
14784,60,14,27,117
14785,60,14,27,117
14786,60,14,27,117
14787,60,14,27,117
14788,60,14,27,117
14789,60,14,27,117
14790,60,14,27,117
14791,60,14,27,117
14792,60,14,27,117
14793,60,14,27,117
14794,60,14,27,117
14795,60,14,27,117
14796,60,14,27,117
14797,60,14,27,117
14798,60,14,27,117
14799,60,14,27,117
14800,60,14,27,117
14801,60,14,27,117
14802,60,14,27,117
14803,60,14,27,117
14804,60,14,27,117
14805,60,14,27,117
14806,60,14,27,117
14807,60,14,27,117
14808,60,14,27,117
14809,60,14,27,117
14810,60,14,27,117
14811,60,14,27,117
14812,60,14,27,117
14813,60,14,27,117
14814,60,14,27,117
14815,60,14,27,117
14816,60,14,27,118
14817,60,14,27,118
14818,60,14,27,118
14819,60,14,27,118
14820,60,14,27,118
14821,60,14,27,118
14822,60,14,27,118
14823,60,14,27,118
14824,60,14,27,118
14825,60,14,27,118
14826,60,14,27,118
14827,60,14,27,118
14828,60,14,27,118
14829,60,14,27,118
14830,60,14,27,118
14831,60,14,27,118
14832,60,14,27,118
14833,60,14,27,118
14834,60,14,27,118
14835,60,14,27,118
14836,60,14,27,118
14837,60,14,27,118
14838,60,14,27,118
14839,60,14,27,118
14840,60,14,27,118
14841,60,14,27,118
14842,60,14,27,118
14843,60,14,27,118
14844,60,14,27,118
14845,60,14,27,118
14846,60,14,27,118
14847,60,14,27,118
14848,60,14,27,118
14849,60,14,27,118
14850,60,14,27,118
14851,60,14,27,118
14852,60,14,27,118
14853,60,14,27,118
14854,60,14,27,118
14855,60,14,27,118
14856,60,14,27,118
14857,60,14,27,118
14858,60,14,27,118
14859,60,14,27,118
14860,60,14,27,118
14861,60,14,27,118
14862,60,14,27,118
14863,60,14,27,118
14864,60,14,27,118
14865,60,14,27,118
14866,60,14,27,118
14867,60,14,27,118
14868,60,14,27,118
14869,60,14,27,118
14870,60,14,27,118
14871,60,14,27,118
14872,60,14,27,118
14873,60,14,27,118
14874,60,14,27,118
14875,60,14,27,118
14876,60,14,27,118
14877,60,14,27,118
14878,60,14,27,118
14879,60,14,27,118
14880,60,14,27,118
14881,60,14,27,118
14882,60,14,27,118
14883,60,14,27,118
14884,60,14,27,118
14885,60,14,27,118
14886,60,14,27,118
14887,60,14,27,118
14888,60,14,27,118
14889,60,14,27,118
14890,60,14,27,118
14891,60,14,27,118
14892,60,14,27,118
14893,60,14,27,118
14894,60,14,27,118
14895,60,14,27,118
14896,60,14,27,118
14897,60,14,27,118
14898,60,14,27,118
14899,60,14,27,118
14900,60,14,27,118
14901,60,14,27,118
14902,60,14,27,119
14903,60,14,27,119
14904,60,14,27,119
14905,60,14,27,119
14906,60,14,27,119
14907,60,14,27,119
14908,60,14,27,119
14909,60,14,27,119
14910,60,14,27,119
14911,60,14,27,119
14912,60,14,27,119
14913,60,14,27,119
14914,60,14,27,119
14915,60,14,27,119
14916,60,14,27,119
14917,60,14,27,119
14918,60,14,27,119
14919,60,14,27,119
14920,60,14,27,119
14921,60,14,27,119
14922,60,14,27,119
14923,60,14,27,119
14924,60,14,27,119
14925,60,14,27,119
14926,60,14,27,119
14927,60,14,27,119
14928,60,14,27,119
14929,60,14,27,119
14930,60,14,27,119
14931,60,14,27,119
14932,60,14,27,119
14933,60,14,27,119
14934,60,14,27,119
14935,60,14,27,119
14936,60,14,27,119
14937,60,14,27,119
14938,60,14,27,119
14939,60,14,27,119
14940,60,14,27,119
14941,60,14,27,119
14942,60,14,27,119
14943,60,14,27,119
14944,60,14,27,119
14945,60,14,27,119
14946,60,14,27,119
14947,60,14,27,119
14948,60,14,27,119
14949,60,14,27,119
14950,60,14,27,119
14951,60,14,27,119
14952,60,14,27,119
14953,60,14,27,119
14954,60,14,27,119
14955,60,14,27,119
14956,60,14,27,119
14957,60,14,27,119
14958,60,14,27,119
14959,60,14,27,119
14960,60,14,27,119
14961,60,14,27,119
14962,60,14,27,119
14963,60,14,27,119
14964,60,14,27,119
14965,60,14,27,119
14966,60,14,27,119
14967,60,14,27,119
14968,60,14,27,119
14969,60,14,27,119
14970,60,14,27,119
14971,60,14,27,119
14972,60,14,27,119
14973,60,14,27,119
14974,60,14,27,119
14975,60,14,27,119
14976,60,14,27,119
14977,60,14,27,119
14978,60,14,27,119
14979,60,14,27,119
14980,60,14,27,119
14981,60,14,27,119
14982,60,14,27,119
14983,60,14,27,119
14984,60,14,27,120
14985,60,14,27,120
14986,60,14,27,120
14987,60,14,27,120
14988,60,14,27,120
14989,60,14,27,120
14990,60,14,27,120
14991,60,14,27,120
14992,60,14,27,120
14993,60,14,27,120
14994,60,14,27,120
14995,60,14,27,120
14996,60,14,27,120
14997,60,14,27,120
14998,60,14,27,120
14999,60,14,27,120
15000,60,14,27,120
15001,60,14,27,120
15002,60,14,27,120
15003,60,14,27,120
15004,60,14,27,120
15005,60,14,27,120
15006,60,14,27,120
15007,60,14,27,120
15008,60,14,27,120
15009,60,14,27,120
15010,60,14,27,120
15011,60,14,27,120
15012,60,14,27,120
15013,60,14,27,120
15014,60,14,27,120
15015,60,14,27,120
15016,60,14,27,120
15017,60,14,27,120
15018,60,14,27,120
15019,60,14,27,120
15020,60,14,27,120
15021,60,14,27,120
15022,60,14,27,120
15023,60,14,27,120
15024,60,14,27,120
15025,60,14,27,120
15026,60,14,27,120
15027,60,14,27,120
15028,60,14,27,120
15029,60,14,27,120
15030,60,14,27,120
15031,60,14,27,120
15032,60,14,27,120
15033,60,14,27,120
15034,60,14,27,120
15035,60,14,27,120
15036,60,14,27,120
15037,60,14,27,120
15038,60,14,27,120
15039,60,14,27,120
15040,60,14,27,120
15041,60,14,27,120
15042,60,14,27,120
15043,60,14,27,120
15044,60,14,27,120
15045,60,14,27,120
15046,60,14,27,120
15047,60,14,27,120
15048,60,14,27,120
15049,60,14,27,120
15050,60,14,27,120
15051,60,14,27,120
15052,60,14,27,120
15053,60,14,27,120
15054,60,14,27,120
15055,60,14,27,120
15056,60,14,27,120
15057,60,14,27,120
15058,60,14,27,120
15059,60,14,27,120
15060,60,14,27,120
15061,60,14,27,120
15062,60,14,27,120
15063,60,14,27,120
15064,60,14,27,120
15065,60,14,27,120
15066,60,14,27,120
15067,60,14,27,120
15068,60,14,27,120
15069,60,14,27,120
15070,60,14,27,120
15071,60,14,27,120
15072,60,14,27,120
15073,60,14,27,120
15074,60,14,27,120
15075,60,14,27,120
15076,60,14,27,120
15077,60,14,27,120
15078,60,14,27,120
15079,60,14,27,120
15080,60,14,27,120
15081,60,14,27,120
15082,60,14,27,120
15083,60,14,27,120
15084,60,14,27,120
15085,60,14,27,120
15086,60,14,27,120
15087,60,14,27,120
15088,60,14,27,120
15089,60,14,27,120
15090,60,14,27,120
15091,60,14,27,120
15092,60,14,27,120
15093,60,14,27,120
15094,60,14,27,120
15095,60,14,27,120
15096,60,14,27,120
15097,60,14,27,120
15098,60,14,27,120
15099,60,14,27,120
15100,60,14,27,120
15101,60,14,27,120
15102,60,14,27,120
15103,60,14,27,120
15104,60,14,27,120
15105,60,14,27,120
15106,60,14,27,120
15107,60,14,27,120
15108,60,14,27,120
15109,60,14,27,120
15110,60,14,27,120
15111,60,14,27,120
15112,60,14,27,120
15113,60,14,27,120
15114,60,14,27,120
15115,60,14,27,120
15116,60,14,27,120
15117,60,14,27,120
15118,60,14,27,120
15119,60,14,27,120
15120,60,14,27,120
15121,60,14,27,120
15122,60,14,27,120
15123,60,14,27,120
15124,60,14,27,120
15125,60,14,27,120
15126,60,14,27,120
15127,60,14,27,120
15128,60,14,27,120
15129,60,14,27,120
15130,60,14,27,120
15131,60,14,27,120
15132,60,14,27,120
15133,60,14,27,120
15134,60,14,27,120
15135,60,14,27,120
15136,60,14,27,120
15137,60,14,27,120
15138,60,14,27,120
15139,60,14,27,120
15140,60,14,27,120
15141,60,14,27,120
15142,60,14,27,120
15143,60,14,27,120
15144,60,14,27,120
15145,60,14,27,120
15146,60,14,27,120
15147,60,14,27,120
15148,60,14,27,120
15149,60,14,27,120
15150,60,14,27,120
15151,60,14,27,120
15152,60,14,27,120
15153,60,14,27,120
15154,60,14,27,120
15155,60,14,27,120
15156,60,14,27,120
15157,60,14,27,120
15158,60,14,27,120
15159,60,14,27,120
15160,60,14,27,120
15161,60,14,27,120
15162,60,14,27,120
15163,60,14,27,121
15164,60,14,27,121
15165,60,14,27,121
15166,60,14,27,121
15167,60,14,27,121
15168,60,14,27,121
15169,60,14,27,121
15170,60,14,27,121
15171,60,14,27,121
15172,60,14,27,121
15173,60,14,27,121
15174,60,14,27,121
15175,60,14,27,121
15176,60,14,27,121
15177,60,14,27,121
15178,60,14,27,121
15179,60,14,27,121
15180,60,14,27,121
15181,60,14,27,121
15182,60,14,27,121
15183,60,14,27,121
15184,60,14,27,121
15185,60,14,27,121
15186,60,14,27,121
15187,60,14,27,121
15188,60,14,27,121
15189,60,14,27,121
15190,60,14,27,121
15191,60,14,27,121
15192,60,14,27,121
15193,60,14,27,121
15194,60,14,27,121
15195,60,14,27,121
15196,60,14,27,121
15197,60,14,27,121
15198,60,14,27,121
15199,60,14,27,121
15200,60,14,27,121
15201,60,14,27,121
15202,60,14,27,121
15203,60,14,27,121
15204,60,14,27,121
15205,60,14,27,121
15206,60,14,27,121
15207,60,14,27,121
15208,60,14,27,121
15209,60,14,27,121
15210,60,14,27,121
15211,60,14,27,121
15212,60,14,27,121
15213,60,14,27,121
15214,60,14,27,121
15215,60,14,27,121
15216,60,14,27,121
15217,60,14,27,121
15218,60,14,27,121
15219,60,14,27,121
15220,60,14,27,121
15221,60,14,27,121
15222,60,14,27,121
15223,60,14,27,121
15224,60,14,27,121
15225,60,14,27,121
15226,60,14,27,121
15227,60,14,27,121
15228,60,14,27,121
15229,60,14,27,121
15230,60,14,27,121
15231,60,14,27,121
15232,60,14,27,121
15233,60,14,27,121
15234,60,14,27,121
15235,60,14,27,121
15236,60,14,27,121
15237,60,14,27,121
15238,60,14,27,121
15239,60,14,27,121
15240,60,14,27,121
15241,60,14,27,121
15242,60,14,27,121
15243,60,14,27,121
15244,60,14,27,121
15245,60,14,27,121
15246,60,14,27,121
15247,60,14,27,121
15248,60,14,27,121
15249,60,14,27,121
15250,60,14,27,121
15251,60,14,27,121
15252,60,14,27,121
15253,60,14,27,121
15254,60,14,27,121
15255,60,14,27,121
15256,60,14,27,121
15257,60,14,27,121
15258,60,14,27,121
15259,60,14,27,121
15260,60,14,27,121
15261,60,14,27,121
15262,60,14,27,121
15263,60,14,27,121
15264,60,14,27,121
15265,60,14,27,121
15266,60,14,27,121
15267,60,14,27,121
15268,60,14,27,121
15269,60,14,27,121
15270,60,14,27,121
15271,60,14,27,121
15272,60,14,27,121
15273,60,14,27,121
15274,60,14,27,121
15275,60,14,27,121
15276,60,14,27,121
15277,60,14,27,121
15278,60,14,27,121
15279,60,14,27,121
15280,60,14,27,121
15281,60,14,27,121
15282,60,14,27,121
15283,60,14,27,121
15284,60,14,27,121
15285,60,14,27,121
15286,60,14,27,121
15287,60,14,27,121
15288,60,14,27,121
15289,60,14,27,121
15290,60,14,27,121
15291,60,14,27,121
15292,60,14,27,121
15293,60,14,27,121
15294,60,14,27,121
15295,60,14,27,121
15296,60,14,27,121
15297,60,14,27,121
15298,60,14,27,121
15299,60,14,27,121
15300,60,14,27,121
15301,60,14,27,121
15302,60,14,27,121
15303,60,14,27,121
15304,60,14,27,121
15305,60,14,27,121
15306,60,14,27,121
15307,60,14,27,121
15308,60,14,27,121
15309,60,14,27,121
15310,60,14,27,121
15311,60,14,27,121
15312,60,14,27,121
15313,60,14,27,121
15314,60,14,27,121
15315,60,14,27,121
15316,60,14,27,121
15317,60,14,27,121
15318,60,14,27,121
15319,60,14,27,121
15320,60,14,27,121
15321,60,14,27,121
15322,60,14,27,121
15323,60,14,27,121
15324,60,14,27,121
15325,60,14,27,121
15326,60,14,27,121
15327,60,14,27,121
15328,60,14,27,121
15329,60,14,27,121
15330,60,14,27,121
15331,60,14,27,121
15332,60,14,27,121
15333,60,14,27,121
15334,60,14,27,121
15335,60,14,27,121
15336,60,14,27,121
15337,60,14,27,121
15338,60,14,27,121
15339,60,14,27,121
15340,60,14,27,121
15341,60,14,27,121
15342,60,14,27,121
15343,60,14,27,121
15344,60,14,27,121
15345,60,14,27,121
15346,60,14,27,121
15347,60,14,27,121
15348,60,14,27,121
15349,60,14,27,121
15350,60,14,27,121
15351,60,14,27,121
15352,60,14,27,121
15353,60,14,27,121
15354,60,14,27,121
15355,60,14,27,121
15356,60,14,27,121
15357,60,14,27,121
15358,60,14,27,121
15359,60,14,27,121
15360,60,14,27,121
15361,60,14,27,121
15362,60,14,27,121
15363,60,14,27,121
15364,60,14,27,121
15365,60,14,27,121
15366,60,14,27,121
15367,60,14,27,121
15368,60,14,27,121
15369,60,14,27,121
15370,60,14,27,121
15371,60,14,27,121
15372,60,14,27,121
15373,60,14,27,121
15374,60,14,27,121
15375,60,14,27,121
15376,60,14,27,121
15377,60,14,27,121
15378,60,14,27,121
15379,60,14,27,122
15380,60,14,27,122
15381,60,14,27,122
15382,60,14,27,122
15383,60,14,27,122
15384,60,14,27,122
15385,60,14,27,122
15386,60,14,27,122
15387,60,14,27,122
15388,60,14,27,122
15389,60,14,27,122
15390,60,14,27,122
15391,60,14,27,122
15392,60,14,27,122
15393,60,14,27,122
15394,60,14,27,122
15395,60,14,27,122
15396,60,14,27,122
15397,60,14,27,122
15398,60,14,27,122
15399,60,14,27,122
15400,60,14,27,122
15401,60,14,27,123
15402,60,14,27,123
15403,60,14,27,123
15404,60,14,27,123
15405,60,14,27,123
15406,60,14,27,123
15407,60,14,27,123
15408,60,14,27,123
15409,60,14,27,123
15410,60,14,27,123
15411,60,14,27,123
15412,60,14,27,123
15413,60,14,27,123
15414,60,14,27,123
15415,60,14,27,123
15416,60,14,27,123
15417,60,14,27,123
15418,60,14,27,123
15419,60,14,27,123
15420,60,14,27,123
15421,60,14,27,123
15422,60,14,27,123
15423,60,14,27,123
15424,60,14,27,123
15425,60,14,27,123
15426,60,14,27,123
15427,60,14,27,123
15428,60,14,27,123
15429,60,14,27,123
15430,60,14,27,123
15431,60,14,27,123
15432,60,14,27,123
15433,60,14,27,123
15434,60,14,27,123
15435,60,14,27,123
15436,60,14,27,124
15437,60,14,27,124
15438,60,14,27,124
15439,60,14,27,124
15440,60,14,27,124
15441,60,14,27,124
15442,60,14,27,124
15443,60,14,27,124
15444,60,14,27,124
15445,60,14,27,124
15446,60,14,27,124
15447,60,14,27,124
15448,60,14,27,124
15449,60,14,27,124
15450,60,14,27,124
15451,60,14,27,124
15452,60,14,27,124
15453,60,14,27,124
15454,60,14,27,125
15455,60,14,27,125
15456,60,14,27,125
15457,60,14,27,125
15458,60,14,27,125
15459,60,14,27,125
15460,60,14,27,125
15461,60,14,27,125
15462,60,14,27,125
15463,60,14,27,125
15464,60,14,27,125
15465,60,14,27,125
15466,60,14,27,125
15467,60,14,27,125
15468,60,14,27,125
15469,60,14,27,125
15470,60,14,27,125
15471,60,14,27,125
15472,60,14,27,125
15473,60,14,27,125
15474,60,14,27,125
15475,60,14,27,125
15476,60,14,27,125
15477,60,14,27,125
15478,60,14,27,125
15479,60,14,27,125
15480,60,14,27,125
15481,60,14,27,125
15482,60,14,27,125
15483,60,14,27,125
15484,60,14,27,125
15485,60,14,27,125
15486,60,14,27,125
15487,60,14,27,125
15488,60,14,27,125
15489,60,14,27,125
15490,60,14,27,125
15491,60,14,27,125
15492,60,14,27,125
15493,60,14,27,125
15494,60,14,27,125
15495,60,14,27,125
15496,60,14,27,125
15497,60,14,27,125
15498,60,14,27,125
15499,60,14,27,125
15500,60,14,27,125
15501,60,14,27,125
15502,60,14,27,125
15503,60,14,27,125
15504,60,14,27,125
15505,60,14,27,125
15506,60,14,27,125
15507,60,14,27,125
15508,60,14,27,125
15509,60,14,27,125
15510,60,14,27,125
15511,60,14,27,125
15512,60,14,27,125
15513,60,14,27,125
15514,60,14,27,125
15515,60,14,27,125
15516,60,14,27,125
15517,60,14,27,125
15518,60,14,27,125
15519,60,14,27,125
15520,60,14,27,125
15521,60,14,27,125
15522,60,14,27,125
15523,60,14,27,125
15524,60,14,27,125
15525,60,14,27,125
15526,60,14,27,125
15527,60,14,27,125
15528,60,14,27,125
15529,60,14,27,125
15530,60,14,27,125
15531,60,14,27,125
15532,60,14,27,125
15533,60,14,27,125
15534,60,14,27,125
15535,60,14,27,125
15536,60,14,27,125
15537,60,14,27,125
15538,60,14,27,125
15539,60,14,27,125
15540,60,14,27,125
15541,60,14,27,125
15542,60,14,27,125
15543,60,14,27,125
15544,60,14,27,125
15545,60,14,27,125
15546,60,14,27,125
15547,60,14,27,125
15548,60,14,27,125
15549,60,14,27,125
15550,60,14,27,125
15551,60,14,27,125
15552,60,14,27,125
15553,60,14,27,125
15554,60,14,27,125
15555,60,14,27,125
15556,60,14,27,125
15557,60,14,27,125
15558,60,14,27,125
15559,60,14,27,125
15560,60,14,27,125
15561,60,14,27,125
15562,60,14,27,125
15563,60,14,27,125
15564,60,14,27,125
15565,60,14,27,125
15566,60,14,27,125
15567,60,14,27,125
15568,60,14,27,125
15569,60,14,27,125
15570,60,14,27,125
15571,60,14,27,125
15572,60,14,27,125
15573,60,14,27,125
15574,60,14,27,125
15575,60,14,27,125
15576,60,14,27,125
15577,60,14,27,125
15578,60,14,27,125
15579,60,14,27,125
15580,60,14,27,125
15581,60,14,27,125
15582,60,14,27,125
15583,60,14,27,125
15584,60,14,27,125
15585,60,14,27,125
15586,60,14,27,125
15587,60,14,27,125
15588,60,14,27,125
15589,60,14,27,125
15590,60,14,27,125
15591,60,14,27,125
15592,60,14,27,125
15593,60,14,27,125
15594,60,14,27,125
15595,60,14,27,125
15596,60,14,27,125
15597,60,14,27,125
15598,60,14,27,125
15599,60,14,27,125
15600,60,14,27,125
15601,60,14,27,125
15602,60,14,27,125
15603,60,14,27,125
15604,60,14,27,125
15605,60,14,27,125
15606,60,14,27,125
15607,60,14,27,125
15608,60,14,27,125
15609,60,14,27,125
15610,60,14,27,125
15611,60,14,27,125
15612,60,14,27,126
15613,60,14,27,126
15614,60,14,27,126
15615,60,14,27,126
15616,60,14,27,126
15617,60,14,27,126
15618,60,14,27,126
15619,60,14,27,126
15620,60,14,27,126
15621,60,14,27,126
15622,60,14,27,126
15623,60,14,27,126
15624,60,14,27,126
15625,60,14,27,126
15626,60,14,27,126
15627,60,14,27,126
15628,60,14,27,126
15629,60,14,27,126
15630,60,14,27,126
15631,60,14,27,126
15632,60,14,27,126
15633,60,14,27,126
15634,60,14,27,126
15635,60,14,27,126
15636,60,14,27,126
15637,60,14,27,126
15638,60,14,27,126
15639,60,14,27,126
15640,60,14,27,126
15641,60,14,27,126
15642,60,14,27,126
15643,60,14,27,126
15644,60,14,27,126
15645,60,14,27,126
15646,60,14,27,126
15647,60,14,27,126
15648,60,14,27,126
15649,60,14,27,126
15650,60,14,27,126
15651,60,14,27,126
15652,60,14,27,126
15653,60,14,27,126
15654,60,14,27,126
15655,60,14,27,126
15656,60,14,27,126
15657,60,14,27,126
15658,60,14,27,126
15659,60,14,27,126
15660,60,14,27,126
15661,60,14,27,126
15662,60,14,27,126
15663,60,14,27,126
15664,60,14,27,126
15665,60,14,27,126
15666,60,14,27,126
15667,60,14,27,126
15668,60,14,27,126
15669,60,14,27,126
15670,60,14,27,126
15671,60,14,27,126
15672,60,14,27,126
15673,60,14,27,126
15674,60,14,27,126
15675,60,14,27,126
15676,60,14,27,126
15677,60,14,27,126
15678,60,14,27,126
15679,60,14,27,126
15680,60,14,27,126
15681,60,14,27,126
15682,60,14,27,126
15683,60,14,27,126
15684,60,14,27,126
15685,60,14,27,126
15686,60,14,27,126
15687,60,14,27,126
15688,60,14,27,126
15689,60,14,27,126
15690,60,14,27,126
15691,60,14,27,126
15692,60,14,27,126
15693,60,14,27,126
15694,60,14,27,126
15695,60,14,27,126
15696,60,14,27,126
15697,60,14,27,126
15698,60,14,27,126
15699,60,14,27,126
15700,60,14,27,126
15701,60,14,27,126
15702,60,14,27,126
15703,60,14,27,126
15704,60,14,27,126
15705,60,14,27,126
15706,60,14,27,126
15707,60,14,27,126
15708,60,14,27,126
15709,60,14,27,126
15710,60,14,27,126
15711,60,14,27,126
15712,60,14,27,126
15713,60,14,27,126
15714,60,14,27,126
15715,60,14,27,126
15716,60,14,27,126
15717,60,14,27,126
15718,60,14,27,126
15719,60,14,27,126
15720,60,14,27,126
15721,60,14,27,126
15722,60,14,27,126
15723,60,14,27,126
15724,60,14,27,126
15725,60,14,27,126
15726,60,14,27,126
15727,60,14,27,126
15728,60,14,27,126
15729,60,14,27,126
15730,60,14,27,126
15731,60,14,27,126
15732,60,14,27,127
15733,60,14,27,127
15734,60,14,27,127
15735,60,14,27,127
15736,60,14,27,127
15737,60,14,27,127
15738,60,14,27,127
15739,60,14,27,127
15740,60,14,27,127
15741,60,14,27,127
15742,60,14,27,127
15743,60,14,27,127
15744,60,14,27,127
15745,60,14,27,127
15746,60,14,27,127
15747,60,14,27,127
15748,60,14,27,127
15749,60,14,27,127
15750,60,14,27,127
15751,60,14,27,127
15752,60,14,27,127
15753,60,14,27,127
15754,60,14,27,127
15755,60,14,27,127
15756,60,14,27,127
15757,60,14,27,127
15758,60,14,27,127
15759,60,14,27,127
15760,60,14,27,127
15761,60,14,27,127
15762,60,14,27,127
15763,60,14,27,127
15764,60,14,27,127
15765,60,14,27,127
15766,60,14,27,127
15767,60,14,27,127
15768,60,14,27,127
15769,60,14,27,127
15770,60,14,27,127
15771,60,14,27,127
15772,60,14,27,127
15773,60,14,27,127
15774,60,14,27,127
15775,60,14,27,127
15776,60,14,27,127
15777,60,14,27,127
15778,60,14,27,127
15779,60,14,27,127
15780,60,14,27,127
15781,60,14,27,127
15782,60,14,27,127
15783,60,14,27,127
15784,60,14,27,127
15785,60,14,27,127
15786,60,14,27,127
15787,60,14,27,127
15788,60,14,27,127
15789,60,14,27,127
15790,60,14,27,127
15791,60,14,27,127
15792,60,14,27,127
15793,60,14,27,127
15794,60,14,27,127
15795,60,14,27,127
15796,60,14,27,127
15797,60,14,27,127
15798,60,14,27,127
15799,60,14,27,127
15800,60,14,27,127
15801,60,14,27,127
15802,60,14,27,127
15803,60,14,27,127
15804,60,14,27,127
15805,60,14,27,127
15806,60,14,27,127
15807,60,14,27,127
15808,60,14,27,127
15809,60,14,27,127
15810,60,14,27,127
15811,60,14,27,127
15812,60,14,27,127
15813,60,14,27,127
15814,60,14,27,127
15815,60,14,27,127
15816,60,14,27,127
15817,60,14,27,127
15818,60,14,27,127
15819,60,14,27,127
15820,60,14,27,127
15821,60,14,27,127
15822,60,14,27,127
15823,60,14,27,127
15824,60,14,27,127
15825,60,14,27,127
15826,60,14,27,127
15827,60,14,27,127
15828,60,14,27,127
15829,60,14,27,127
15830,60,14,27,127
15831,60,14,27,128
15832,60,14,27,128
15833,60,14,27,128
15834,60,14,27,128
15835,60,14,27,128
15836,60,14,27,128
15837,60,14,27,128
15838,60,14,27,128
15839,60,14,27,128
15840,60,14,27,128
15841,60,14,27,128
15842,60,14,27,128
15843,60,14,27,128
15844,60,14,27,128
15845,60,14,27,128
15846,60,14,27,128
15847,60,14,27,128
15848,60,14,27,128
15849,60,14,27,128
15850,60,14,27,128
15851,60,14,27,128
15852,60,14,27,128
15853,60,14,27,129
15854,60,14,27,129
15855,60,14,27,129
15856,60,14,27,129
15857,60,14,27,129
15858,60,14,27,129
15859,60,14,27,129
15860,60,14,27,129
15861,60,14,27,129
15862,60,14,27,129
15863,60,14,27,129
15864,60,14,27,129
15865,60,14,27,129
15866,60,14,27,129
15867,60,14,27,129
15868,60,14,27,129
15869,60,14,27,129
15870,60,14,27,129
15871,60,14,27,129
15872,60,14,27,129
15873,60,14,27,129
15874,60,14,27,129
15875,60,14,27,129
15876,60,14,27,129
15877,60,14,27,129
15878,60,14,27,129
15879,60,14,27,129
15880,60,14,27,129
15881,60,14,27,129
15882,60,14,27,129
15883,60,14,27,129
15884,60,14,27,129
15885,60,14,27,129
15886,60,14,27,129
15887,60,14,27,129
15888,60,14,27,129
15889,60,14,27,129
15890,60,14,27,129
15891,60,14,27,129
15892,60,14,27,129
15893,60,14,27,129
15894,60,14,27,129
15895,60,14,27,129
15896,60,14,27,129
15897,60,14,27,129
15898,60,14,27,129
15899,60,14,27,129
15900,60,14,27,129
15901,60,14,27,129
15902,60,14,27,129
15903,60,14,27,129
15904,60,14,27,129
15905,60,14,27,129
15906,60,14,27,129
15907,60,14,27,129
15908,60,14,27,129
15909,60,14,27,129
15910,60,14,27,130
15911,60,14,27,130
15912,60,14,27,130
15913,60,14,27,130
15914,60,14,27,130
15915,60,14,27,130
15916,60,14,27,130
15917,60,14,27,130
15918,60,14,27,130
15919,60,14,27,130
15920,60,14,27,130
15921,60,14,27,130
15922,60,14,27,130
15923,60,14,27,130
15924,60,14,27,130
15925,60,14,27,130
15926,60,14,27,130
15927,60,14,27,130
15928,60,14,27,130
15929,60,14,27,130
15930,60,14,27,130
15931,60,14,27,130
15932,60,14,27,130
15933,60,14,27,130
15934,60,14,27,130
15935,60,14,27,130
15936,60,14,27,130
15937,60,14,27,130
15938,60,14,27,130
15939,60,14,27,130
15940,60,14,27,130
15941,60,14,27,130
15942,60,14,27,130
15943,60,14,27,130
15944,60,14,27,130
15945,60,14,27,130
15946,60,14,27,130
15947,60,14,27,130
15948,60,14,27,130
15949,60,14,27,130
15950,60,14,27,130
15951,60,14,27,130
15952,60,14,27,130
15953,60,14,27,130
15954,60,14,27,130
15955,60,14,27,130
15956,60,14,27,130
15957,60,14,27,130
15958,60,14,27,130
15959,60,14,27,130
15960,60,14,27,130
15961,60,14,27,130
15962,60,14,27,130
15963,60,14,27,130
15964,60,14,27,130
15965,60,14,27,130
15966,60,14,27,130
15967,60,14,27,130
15968,60,14,27,130
15969,60,14,27,130
15970,60,14,27,130
15971,60,14,27,130
15972,60,14,27,130
15973,60,14,27,130
15974,60,14,27,130
15975,60,14,27,130
15976,60,14,27,130
15977,60,14,27,130
15978,60,14,27,130
15979,60,14,27,130
15980,60,14,27,130
15981,60,14,27,130
15982,60,14,27,130
15983,60,14,27,130
15984,60,14,27,130
15985,60,14,27,130
15986,60,14,27,130
15987,60,14,27,130
15988,60,14,27,130
15989,60,14,27,130
15990,60,14,27,130
15991,60,14,27,130
15992,60,14,27,130
15993,60,14,27,130
15994,60,14,27,130
15995,60,14,27,130
15996,60,14,27,130
15997,60,14,27,130
15998,60,14,27,130
15999,60,14,27,130
16000,60,14,27,130
16001,60,14,27,130
16002,60,14,27,130
16003,60,14,27,130
16004,60,14,27,130
16005,60,14,27,130
16006,60,14,27,130
16007,60,14,27,130
16008,60,14,27,130
16009,60,14,27,130
16010,60,14,27,130
16011,60,14,27,130
16012,60,14,27,131
16013,60,14,27,131
16014,60,14,27,131
16015,60,14,27,131
16016,60,14,27,131
16017,60,14,27,131
16018,60,14,27,131
16019,60,14,27,131
16020,60,14,27,131
16021,60,14,27,131
16022,60,14,27,131
16023,60,14,27,131
16024,60,14,27,131
16025,60,14,27,131
16026,60,14,27,131
16027,60,14,27,131
16028,60,14,27,131
16029,60,14,27,131
16030,60,14,27,131
16031,60,14,27,131
16032,60,14,27,131
16033,60,14,27,131
16034,60,14,27,131
16035,60,14,27,131
16036,60,14,27,131
16037,60,14,27,131
16038,60,14,27,131
16039,60,14,27,131
16040,60,14,27,131
16041,60,14,27,131
16042,60,14,27,131
16043,60,14,27,131
16044,60,14,27,131
16045,60,14,27,131
16046,60,14,27,131
16047,60,14,27,131
16048,60,14,27,131
16049,60,14,27,131
16050,60,14,27,131
16051,60,14,27,131
16052,60,14,27,131
16053,60,14,27,131
16054,60,14,27,131
16055,60,14,27,131
16056,60,14,27,131
16057,60,14,27,131
16058,60,14,27,131
16059,60,14,27,131
16060,60,14,27,131
16061,60,14,27,131
16062,60,14,27,131
16063,60,14,27,131
16064,60,14,27,131
16065,60,14,27,131
16066,60,14,27,131
16067,60,14,27,131
16068,60,14,27,131
16069,60,14,27,131
16070,60,14,27,131
16071,60,14,27,131
16072,60,14,27,131
16073,60,14,27,131
16074,60,14,27,131
16075,60,14,27,131
16076,60,14,27,131
16077,60,14,27,131
16078,60,14,27,131
16079,60,14,27,131
16080,60,14,27,131
16081,60,14,27,131
16082,60,14,27,131
16083,60,14,27,131
16084,60,14,27,131
16085,60,14,27,131
16086,60,14,27,131
16087,60,14,27,131
16088,60,14,27,131
16089,60,14,27,131
16090,60,14,27,131
16091,60,14,27,131
16092,60,14,27,131
16093,60,14,27,131
16094,60,14,27,131
16095,60,14,27,131
16096,60,14,27,131
16097,60,14,27,131
16098,60,14,27,131
16099,60,14,27,131
16100,60,14,27,131
16101,60,14,27,131
16102,60,14,27,131
16103,60,14,27,131
16104,60,14,27,131
16105,60,14,27,131
16106,60,14,27,131
16107,60,14,27,131
16108,60,14,27,131
16109,60,14,27,131
16110,60,14,27,131
16111,60,14,27,131
16112,60,14,27,131
16113,60,14,27,131
16114,60,14,27,131
16115,60,14,27,131
16116,60,14,27,131
16117,60,14,27,131
16118,60,14,27,131
16119,60,14,27,131
16120,60,14,27,131
16121,60,14,27,131
16122,60,14,27,131
16123,60,14,27,131
16124,60,14,27,131
16125,60,14,27,131
16126,60,14,27,131
16127,60,14,27,131
16128,60,14,27,131
16129,60,14,27,131
16130,60,14,27,131
16131,60,14,27,131
16132,60,14,27,131
16133,60,14,27,131
16134,60,14,27,131
16135,60,14,27,131
16136,60,14,27,131
16137,60,14,27,131
16138,60,14,27,131
16139,60,14,27,131
16140,60,14,27,131
16141,60,14,27,131
16142,60,14,27,131
16143,60,14,27,131
16144,60,14,27,131
16145,60,14,27,131
16146,60,14,27,131
16147,60,14,27,131
16148,60,14,27,131
16149,60,14,27,131
16150,60,14,27,131
16151,60,14,27,131
16152,60,14,27,131
16153,60,14,27,131
16154,60,14,27,131
16155,60,14,27,131
16156,60,14,27,131
16157,60,14,27,131
16158,60,14,27,131
16159,60,14,27,131
16160,60,14,27,131
16161,60,14,27,131
16162,60,14,27,131
16163,60,14,27,131
16164,60,14,27,131
16165,60,14,27,131
16166,60,14,27,131
16167,60,14,27,131
16168,60,14,27,131
16169,60,14,27,131
16170,60,14,27,131
16171,60,14,27,131
16172,60,14,27,131
16173,60,14,27,131
16174,60,14,27,131
16175,60,14,27,131
16176,60,14,27,131
16177,60,14,27,131
16178,60,14,27,131
16179,60,14,27,131
16180,60,14,27,131
16181,60,14,27,131
16182,60,14,27,131
16183,60,14,27,131
16184,60,14,27,131
16185,60,14,27,131
16186,60,14,27,131
16187,60,14,27,131
16188,60,14,27,131
16189,60,14,27,131
16190,60,14,27,131
16191,60,14,27,131
16192,60,14,27,131
16193,60,14,27,131
16194,60,14,27,131
16195,60,14,27,131
16196,60,14,27,131
16197,60,14,27,131
16198,60,14,27,131
16199,60,14,27,131
16200,60,14,27,131
16201,60,14,27,131
16202,60,14,27,131
16203,60,14,27,131
16204,60,14,27,131
16205,60,14,27,131
16206,60,14,27,131
16207,60,14,27,131
16208,60,14,27,131
16209,60,14,27,131
16210,60,14,27,131
16211,60,14,27,131
16212,60,14,27,131
16213,60,14,27,131
16214,60,14,27,131
16215,60,14,27,131
16216,60,14,27,131
16217,60,14,27,131
16218,60,14,27,131
16219,60,14,27,131
16220,60,14,27,131
16221,60,14,27,131
16222,60,14,27,131
16223,60,14,27,131
16224,60,14,27,131
16225,60,14,27,131
16226,60,14,27,132
16227,60,14,27,132
16228,60,14,27,132
16229,60,14,27,132
16230,60,14,27,132
16231,60,14,27,132
16232,60,14,27,132
16233,60,14,27,132
16234,60,14,27,132
16235,60,14,27,132
16236,60,14,27,132
16237,60,14,27,132
16238,60,14,27,132
16239,60,14,27,132
16240,60,14,27,132
16241,60,14,27,132
16242,60,14,27,132
16243,60,14,27,132
16244,60,14,27,132
16245,60,14,27,132
16246,60,14,27,132
16247,60,14,27,132
16248,60,14,27,132
16249,60,14,27,132
16250,60,14,27,132
16251,60,14,27,132
16252,60,14,27,132
16253,60,14,27,132
16254,60,14,27,132
16255,60,14,27,132
16256,60,14,27,132
16257,60,14,27,132
16258,60,14,27,132
16259,60,14,27,132
16260,60,14,27,132
16261,60,14,27,132
16262,60,14,27,132
16263,60,14,27,132
16264,60,14,27,132
16265,60,14,27,132
16266,60,14,27,132
16267,60,14,27,132
16268,60,14,27,132
16269,60,14,27,132
16270,60,14,27,132
16271,60,14,27,132
16272,60,14,27,132
16273,60,14,27,132
16274,60,14,27,132
16275,60,14,27,132
16276,60,14,27,132
16277,60,14,27,132
16278,60,14,27,132
16279,60,14,27,132
16280,60,14,27,132
16281,60,14,27,132
16282,60,14,27,132
16283,60,14,27,132
16284,60,14,27,132
16285,60,14,27,132
16286,60,14,27,132
16287,60,14,27,132
16288,60,14,27,132
16289,60,14,27,132
16290,60,14,27,132
16291,60,14,27,132
16292,60,14,27,132
16293,60,14,27,132
16294,60,14,27,132
16295,60,14,27,132
16296,60,14,27,132
16297,60,14,27,132
16298,60,14,27,132
16299,60,14,27,132
16300,60,14,27,132
16301,60,14,27,132
16302,60,14,27,132
16303,60,14,27,132
16304,60,14,27,132
16305,60,14,27,132
16306,60,14,27,132
16307,60,14,27,132
16308,60,14,27,132
16309,60,14,27,132
16310,60,14,27,132
16311,60,14,27,132
16312,60,14,27,132
16313,60,14,27,132
16314,60,14,27,132
16315,60,14,27,132
16316,60,14,27,132
16317,60,14,27,132
16318,60,14,27,132
16319,60,14,27,132
16320,60,14,27,132
16321,60,14,27,132
16322,60,14,27,132
16323,60,14,27,132
16324,60,14,27,132
16325,60,14,27,132
16326,60,14,27,132
16327,60,14,27,132
16328,60,14,27,132
16329,60,14,27,132
16330,60,14,27,132
16331,60,14,27,132
16332,60,14,27,132
16333,60,14,27,132
16334,60,14,27,132
16335,60,14,27,132
16336,60,14,27,132
16337,60,14,27,132
16338,60,14,27,132
16339,60,14,27,132
16340,60,14,27,132
16341,60,14,27,132
16342,60,14,27,132
16343,60,14,27,132
16344,60,14,27,132
16345,60,14,27,132
16346,60,14,27,132
16347,60,14,27,132
16348,60,14,27,132
16349,60,14,27,132
16350,60,14,27,132
16351,60,14,27,132
16352,60,14,27,132
16353,60,14,27,132
16354,60,14,27,132
16355,60,14,27,132
16356,60,14,27,132
16357,60,14,27,132
16358,60,14,27,133
16359,60,14,27,133
16360,60,14,27,133
16361,60,14,27,133
16362,60,14,27,133
16363,60,14,27,133
16364,60,14,27,133
16365,60,14,27,133
16366,60,14,27,133
16367,60,14,27,133
16368,60,14,27,133
16369,60,14,27,133
16370,60,14,27,133
16371,60,14,27,133
16372,60,14,27,133
16373,60,14,27,133
16374,60,14,27,133
16375,60,14,27,133
16376,60,14,27,133
16377,60,14,27,133
16378,60,14,27,133
16379,60,14,27,133
16380,60,14,27,133
16381,60,14,27,133
16382,60,14,27,133
16383,60,14,27,133
16384,60,14,27,133
16385,60,14,27,133
16386,60,14,27,133
16387,60,14,27,133
16388,60,14,27,133
16389,60,14,27,133
16390,60,14,27,133
16391,60,14,27,134
16392,60,14,27,134
16393,60,14,27,134
16394,60,14,27,134
16395,60,14,27,134
16396,60,14,27,134
16397,60,14,27,134
16398,60,14,27,134
16399,60,14,27,134
16400,60,14,27,134
16401,60,14,27,134
16402,60,14,27,134
16403,60,14,27,134
16404,60,14,27,134
16405,60,14,27,134
16406,60,14,27,134
16407,60,14,27,134
16408,60,14,27,134
16409,60,14,27,134
16410,60,14,27,134
16411,60,14,27,134
16412,60,14,27,134
16413,60,14,27,134
16414,60,14,27,134
16415,60,14,27,134
16416,60,14,27,134
16417,60,14,27,134
16418,60,14,27,134
16419,60,14,27,134
16420,60,14,27,134
16421,60,14,27,134
16422,60,14,27,134
16423,60,14,27,134
16424,60,14,27,134
16425,60,14,27,134
16426,60,14,27,134
16427,60,14,27,134
16428,60,14,27,134
16429,60,14,27,134
16430,60,14,27,134
16431,60,14,27,134
16432,60,14,27,134
16433,60,14,27,134
16434,60,14,27,134
16435,60,14,27,134
16436,60,14,27,134
16437,60,14,27,134
16438,60,14,27,134
16439,60,14,27,134
16440,60,14,27,134
16441,60,14,27,134
16442,60,14,27,134
16443,60,14,27,134
16444,60,14,27,134
16445,60,14,27,134
16446,60,14,27,134
16447,60,14,27,134
16448,60,14,27,134
16449,60,14,27,134
16450,60,14,27,134
16451,60,14,27,134
16452,60,14,27,134
16453,60,14,27,134
16454,60,14,27,134
16455,60,14,27,134
16456,60,14,27,134
16457,60,14,27,134
16458,60,14,27,134
16459,60,14,27,134
16460,60,14,27,134
16461,60,14,27,134
16462,60,14,27,134
16463,60,14,27,134
16464,60,14,27,134
16465,60,14,27,134
16466,60,14,27,134
16467,60,14,27,134
16468,60,14,27,134
16469,60,14,27,134
16470,60,14,27,134
16471,60,14,27,134
16472,60,14,27,134
16473,60,14,27,134
16474,60,14,27,134
16475,60,14,27,134
16476,60,14,27,134
16477,60,14,27,134
16478,60,14,27,134
16479,60,14,27,134
16480,60,14,27,134
16481,60,14,27,134
16482,60,14,27,134
16483,60,14,27,134
16484,60,14,27,134
16485,60,14,27,134
16486,60,14,27,134
16487,60,14,27,134
16488,60,14,27,134
16489,60,14,27,134
16490,60,14,27,134
16491,60,14,27,134
16492,60,14,27,134
16493,60,14,27,134
16494,60,14,27,134
16495,60,14,27,134
16496,60,14,27,134
16497,60,14,27,134
16498,60,14,27,134
16499,60,14,27,134
16500,60,14,27,134
16501,60,14,27,134
16502,60,14,27,134
16503,60,14,27,134
16504,60,14,27,134
16505,60,14,27,134
16506,60,14,27,134
16507,60,14,27,134
16508,60,14,27,134
16509,60,14,27,134
16510,60,14,27,134
16511,60,14,27,134
16512,60,14,27,134
16513,60,14,27,134
16514,60,14,27,134
16515,60,14,27,134
16516,60,14,27,134
16517,60,14,27,134
16518,60,14,27,134
16519,60,14,27,134
16520,60,14,27,134
16521,60,14,27,134
16522,60,14,27,134
16523,60,14,27,134
16524,60,14,27,134
16525,60,14,27,134
16526,60,14,27,134
16527,60,14,27,134
16528,60,14,27,134
16529,60,14,27,134
16530,60,14,27,134
16531,60,14,27,134
16532,61,14,28,134
16533,61,14,28,134
16534,61,14,28,134
16535,61,14,28,134
16536,61,14,28,134
16537,61,14,28,134
16538,61,14,28,134
16539,61,14,28,134
16540,61,14,28,134
16541,61,14,28,134
16542,61,14,28,134
16543,61,14,28,134
16544,61,14,28,134
16545,61,14,28,134
16546,61,14,28,134
16547,61,14,28,134
16548,61,14,28,134
16549,61,14,28,134
16550,61,14,28,134
16551,61,14,28,134
16552,61,14,28,134
16553,61,14,28,134
16554,61,14,28,134
16555,61,14,28,134
16556,61,14,28,134
16557,61,14,28,134
16558,61,14,28,134
16559,61,14,28,134
16560,61,14,28,134
16561,61,14,28,134
16562,61,14,28,134
16563,61,14,28,134
16564,61,14,28,134
16565,61,14,28,134
16566,61,14,28,134
16567,61,14,28,134
16568,61,14,28,134
16569,61,14,28,134
16570,61,14,28,134
16571,61,14,28,134
16572,61,14,28,134
16573,61,14,28,134
16574,61,14,28,134
16575,61,14,28,134
16576,61,14,28,134
16577,61,14,28,134
16578,61,14,28,134
16579,61,14,28,134
16580,61,14,28,134
16581,61,14,28,134
16582,61,14,28,134
16583,61,14,28,134
16584,61,14,28,134
16585,61,14,28,134
16586,61,14,28,134
16587,61,14,28,134
16588,61,14,28,134
16589,61,14,28,134
16590,61,14,28,134
16591,61,14,28,134
16592,61,14,28,134
16593,61,14,28,134
16594,61,14,28,134
16595,61,14,28,134
16596,61,14,28,134
16597,61,14,28,134
16598,61,14,28,134
16599,61,14,28,134
16600,61,14,28,134
16601,61,14,28,134
16602,61,14,28,134
16603,61,14,28,134
16604,61,14,28,134
16605,61,14,28,134
16606,61,14,28,134
16607,61,14,28,134
16608,61,14,28,134
16609,61,14,28,134
16610,61,14,28,134
16611,61,14,28,134
16612,61,14,28,134
16613,61,14,28,134
16614,61,14,28,134
16615,61,14,28,134
16616,61,14,28,134
16617,61,14,28,134
16618,61,14,28,134
16619,61,14,28,134
16620,61,14,28,134
16621,61,14,28,134
16622,61,14,28,134
16623,61,14,28,134
16624,61,14,28,134
16625,61,14,28,134
16626,61,14,28,134
16627,61,14,28,134
16628,61,14,28,134
16629,61,14,28,134
16630,61,14,28,134
16631,61,14,28,134
16632,61,14,28,134
16633,61,14,28,134
16634,61,14,28,134
16635,61,14,28,134
16636,61,14,28,134
16637,61,14,28,134
16638,61,14,28,134
16639,61,14,28,134
16640,61,14,28,134
16641,61,14,28,134
16642,61,14,28,134
16643,61,14,28,134
16644,61,14,28,134
16645,61,14,28,134
16646,61,14,28,134
16647,61,14,28,134
16648,61,14,28,134
16649,61,14,28,134
16650,61,14,28,134
16651,61,14,28,134
16652,61,14,28,134
16653,61,14,28,134
16654,61,14,28,134
16655,61,14,28,134
16656,61,14,28,134
16657,61,14,28,134
16658,61,14,28,134
16659,61,14,28,134
16660,61,14,28,134
16661,61,14,28,134
16662,61,14,28,134
16663,61,14,28,134
16664,61,14,28,134
16665,61,14,28,134
16666,61,14,28,134
16667,61,14,28,134
16668,61,14,28,134
16669,61,14,28,134
16670,61,14,28,134
16671,61,14,28,134
16672,61,14,28,134
16673,61,14,28,134
16674,61,14,28,134
16675,61,14,28,134
16676,61,14,28,134
16677,61,14,28,134
16678,61,14,28,134
16679,61,14,28,134
16680,61,14,28,134
16681,61,14,28,134
16682,61,14,28,134
16683,61,14,28,134
16684,61,14,28,134
16685,61,14,28,134
16686,61,14,28,134
16687,61,14,28,134
16688,61,14,28,134
16689,61,14,28,134
16690,61,14,28,134
16691,61,14,28,134
16692,61,14,28,134
16693,61,14,28,134
16694,61,14,28,134
16695,61,14,28,134
16696,61,14,28,134
16697,61,14,28,134
16698,61,14,28,134
16699,61,14,28,134
16700,61,14,28,134
16701,61,14,28,134
16702,61,14,28,134
16703,61,14,28,134
16704,61,14,28,134
16705,61,14,28,134
16706,61,14,28,134
16707,61,14,28,134
16708,61,14,28,134
16709,61,14,28,134
16710,61,14,28,134
16711,61,14,28,134
16712,61,14,28,134
16713,61,14,28,134
16714,61,14,28,134
16715,61,14,28,134
16716,61,14,28,134
16717,61,14,28,134
16718,61,14,28,134
16719,61,14,28,134
16720,61,14,28,134
16721,61,14,28,134
16722,61,14,28,134
16723,61,14,28,134
16724,61,14,28,134
16725,61,14,28,134
16726,61,14,28,134
16727,61,14,28,134
16728,61,14,28,134
16729,61,14,28,134
16730,61,14,28,134
16731,61,14,28,134
16732,61,14,28,134
16733,61,14,28,134
16734,61,14,28,134
16735,61,14,28,134
16736,61,14,28,134
16737,61,14,28,134
16738,61,14,28,134
16739,61,14,28,134
16740,61,14,28,134
16741,61,14,28,134
16742,61,14,28,134
16743,61,14,28,134
16744,61,14,28,134
16745,61,14,28,134
16746,61,14,28,134
16747,61,14,28,134
16748,61,14,28,134
16749,61,14,28,134
16750,61,14,28,134
16751,61,14,28,134
16752,61,14,28,134
16753,61,14,28,134
16754,61,14,28,134
16755,61,14,28,134
16756,61,14,28,134
16757,61,14,28,134
16758,61,14,28,134
16759,61,14,28,134
16760,61,14,28,134
16761,61,14,28,134
16762,61,14,28,134
16763,61,14,28,134
16764,61,14,28,134
16765,61,14,28,134
16766,61,14,28,134
16767,61,14,28,134
16768,61,14,28,134
16769,61,14,28,134
16770,61,14,28,134
16771,61,14,28,134
16772,61,14,28,134
16773,61,14,28,134
16774,61,14,28,134
16775,61,14,28,134
16776,61,14,28,134
16777,61,14,28,134
16778,61,14,28,134
16779,61,14,28,134
16780,61,14,28,134
16781,61,14,28,134
16782,61,14,28,134
16783,61,14,28,134
16784,61,14,28,134
16785,61,14,28,134
16786,61,14,28,134
16787,61,14,28,134
16788,61,14,28,134
16789,61,14,28,134
16790,61,14,28,134
16791,61,14,28,134
16792,61,14,28,135
16793,61,14,28,135
16794,61,14,28,135
16795,61,14,28,135
16796,61,14,28,135
16797,61,14,28,135
16798,61,14,28,135
16799,61,14,28,135
16800,61,14,28,135
16801,61,14,28,135
16802,61,14,28,135
16803,61,14,28,135
16804,61,14,28,135
16805,61,14,28,135
16806,61,14,28,135
16807,61,14,28,135
16808,61,14,28,135
16809,61,14,28,135
16810,61,14,28,135
16811,61,14,28,135
16812,61,14,28,135
16813,61,14,28,135
16814,61,14,28,135
16815,61,14,28,135
16816,61,14,28,135
16817,61,14,28,135
16818,61,14,28,135
16819,61,14,28,135
16820,61,14,28,135
16821,61,14,28,135
16822,61,14,28,135
16823,61,14,28,135
16824,61,14,28,135
16825,61,14,28,135
16826,61,14,28,135
16827,61,14,28,135
16828,61,14,28,135
16829,61,14,28,135
16830,61,14,28,135
16831,61,14,28,135
16832,61,14,28,135
16833,61,14,28,135
16834,61,14,28,135
16835,61,14,28,135
16836,61,14,28,135
16837,61,14,28,135
16838,61,14,28,135
16839,61,14,28,135
16840,61,14,28,135
16841,61,14,28,135
16842,61,14,28,135
16843,61,14,28,135
16844,61,14,28,135
16845,61,14,28,135
16846,61,14,28,135
16847,61,14,28,135
16848,61,14,28,135
16849,61,14,28,135
16850,61,14,28,135
16851,61,14,28,135
16852,61,14,28,135
16853,61,14,28,135
16854,61,14,28,135
16855,61,14,28,135
16856,61,14,28,135
16857,61,14,28,135
16858,61,14,28,135
16859,61,14,28,135
16860,61,14,28,135
16861,61,14,28,135
16862,61,14,28,135
16863,61,14,28,135
16864,61,14,28,135
16865,61,14,28,135
16866,61,14,28,135
16867,61,14,28,135
16868,61,14,28,135
16869,61,14,28,135
16870,61,14,28,135
16871,61,14,28,135
16872,61,14,28,135
16873,61,14,28,135
16874,61,14,28,135
16875,61,14,28,135
16876,61,14,28,135
16877,61,14,28,135
16878,61,14,28,135
16879,61,14,28,135
16880,61,14,28,135
16881,61,14,28,135
16882,61,14,28,135
16883,61,14,28,135
16884,61,14,28,135
16885,61,14,28,135
16886,61,14,28,135
16887,61,14,28,135
16888,61,14,28,135
16889,61,14,28,135
16890,61,14,28,135
16891,61,14,28,135
16892,61,14,28,135
16893,61,14,28,135
16894,61,14,28,135
16895,61,14,28,135
16896,61,14,28,135
16897,61,14,28,135
16898,61,14,28,135
16899,61,14,28,135
16900,61,14,28,135
16901,61,14,28,135
16902,61,14,28,135
16903,61,14,28,135
16904,61,14,28,135
16905,61,14,28,135
16906,61,14,28,135
16907,61,14,28,135
16908,61,14,28,135
16909,61,14,28,135
16910,61,14,28,135
16911,61,14,28,135
16912,61,14,28,135
16913,61,14,28,135
16914,61,14,28,135
16915,61,14,28,135
16916,61,14,28,135
16917,61,14,28,135
16918,61,14,28,135
16919,61,14,28,135
16920,61,14,28,135
16921,61,14,28,135
16922,61,14,28,135
16923,61,14,28,135
16924,61,14,28,135
16925,61,14,28,135
16926,61,14,28,135
16927,61,14,28,135
16928,61,14,28,135
16929,61,14,28,135
16930,61,14,28,135
16931,61,14,28,135
16932,61,14,28,135
16933,61,14,28,135
16934,61,14,28,135
16935,61,14,28,135
16936,61,14,28,135
16937,61,14,28,135
16938,61,14,28,135
16939,61,14,28,135
16940,61,14,28,135
16941,61,14,28,135
16942,61,14,28,135
16943,61,14,28,135
16944,61,14,28,135
16945,61,14,28,135
16946,61,14,28,135
16947,61,14,28,135
16948,61,14,28,135
16949,61,14,28,135
16950,61,14,28,135
16951,61,14,28,135
16952,61,14,28,135
16953,61,14,28,135
16954,61,14,28,135
16955,61,14,28,135
16956,61,14,28,135
16957,61,14,28,135
16958,61,14,28,135
16959,61,14,28,135
16960,61,14,28,135
16961,61,14,28,135
16962,61,14,28,135
16963,61,14,28,135
16964,61,14,28,135
16965,61,14,28,135
16966,61,14,28,135
16967,61,14,28,135
16968,61,14,28,135
16969,61,14,28,135
16970,61,14,28,135
16971,61,14,28,135
16972,61,14,28,135
16973,61,14,28,135
16974,61,14,28,135
16975,61,14,28,135
16976,61,14,28,135
16977,61,14,28,135
16978,61,14,28,135
16979,61,14,28,135
16980,61,14,28,135
16981,61,14,28,135
16982,61,14,28,135
16983,61,14,28,135
16984,61,14,28,135
16985,61,14,28,135
16986,61,14,28,135
16987,61,14,28,135
16988,61,14,28,135
16989,61,14,28,135
16990,61,14,28,135
16991,61,14,28,135
16992,61,14,28,135
16993,61,14,28,135
16994,61,14,28,135
16995,61,14,28,135
16996,61,14,28,135
16997,61,14,28,135
16998,61,14,28,135
16999,61,14,28,135
17000,61,14,28,136
17001,61,14,28,136
17002,61,14,28,136
17003,61,14,28,136
17004,61,14,28,136
17005,61,14,28,136
17006,61,14,28,136
17007,61,14,28,136
17008,61,14,28,136
17009,61,14,28,136
17010,61,14,28,136
17011,61,14,28,136
17012,61,14,28,136
17013,61,14,28,136
17014,61,14,28,136
17015,61,14,28,136
17016,61,14,28,136
17017,61,14,28,136
17018,61,14,28,136
17019,61,14,28,136
17020,61,14,28,136
17021,61,14,28,136
17022,61,14,28,136
17023,61,14,28,136
17024,61,14,28,136
17025,61,14,28,136
17026,61,14,28,136
17027,61,14,28,136
17028,61,14,28,136
17029,61,14,28,136
17030,61,14,28,136
17031,61,14,28,136
17032,61,14,28,136
17033,61,14,28,136
17034,61,14,28,136
17035,61,14,28,136
17036,61,14,28,136
17037,61,14,28,136
17038,61,14,28,136
17039,61,14,28,136
17040,61,14,28,136
17041,61,14,28,136
17042,61,14,28,136
17043,61,14,28,136
17044,61,14,28,136
17045,61,14,28,136
17046,61,14,28,136
17047,61,14,28,136
17048,61,14,28,136
17049,61,14,28,136
17050,61,14,28,136
17051,61,14,28,136
17052,61,14,28,136
17053,61,14,28,136
17054,61,14,28,136
17055,61,14,28,136
17056,61,14,28,136
17057,61,14,28,136
17058,61,14,28,136
17059,61,14,28,136
17060,61,14,28,136
17061,61,14,28,136
17062,61,14,28,136
17063,61,14,28,136
17064,61,14,28,136
17065,61,14,28,136
17066,61,14,28,136
17067,61,14,28,136
17068,61,14,28,136
17069,61,14,28,136
17070,61,14,28,136
17071,61,14,28,136
17072,61,14,28,136
17073,61,14,28,136
17074,61,14,28,136
17075,61,14,28,136
17076,61,14,28,136
17077,61,14,28,136
17078,61,14,28,136
17079,61,14,28,136
17080,61,14,28,136
17081,61,14,28,136
17082,61,14,28,136
17083,61,14,28,136
17084,61,14,28,136
17085,61,14,28,136
17086,61,14,28,136
17087,61,14,28,136
17088,61,14,28,136
17089,61,14,28,136
17090,61,14,28,136
17091,61,14,28,136
17092,61,14,28,136
17093,61,14,28,136
17094,61,14,28,136
17095,61,14,28,136
17096,61,14,28,136
17097,61,14,28,136
17098,61,14,28,136
17099,61,14,28,136
17100,61,14,28,136
17101,61,14,28,136
17102,61,14,28,136
17103,61,14,28,136
17104,61,14,28,136
17105,61,14,28,136
17106,61,14,28,136
17107,61,14,28,136
17108,61,14,28,136
17109,61,14,28,136
17110,61,14,28,136
17111,61,14,28,136
17112,61,14,28,136
17113,61,14,28,136
17114,61,14,28,136
17115,61,14,28,136
17116,61,14,28,136
17117,61,14,28,136
17118,61,14,28,136
17119,61,14,28,136
17120,61,14,28,136
17121,61,14,28,136
17122,61,14,28,136
17123,61,14,28,136
17124,61,14,28,136
17125,61,14,28,136
17126,61,14,28,136
17127,61,14,28,136
17128,61,14,28,136
17129,61,14,28,136
17130,61,14,28,136
17131,61,14,28,136
17132,61,14,28,136
17133,61,14,28,136
17134,61,14,28,136
17135,61,14,28,136
17136,61,14,28,136
17137,61,14,28,136
17138,61,14,28,136
17139,61,14,28,136
17140,61,14,28,136
17141,61,14,28,136
17142,61,14,28,136
17143,61,14,28,136
17144,61,14,28,136
17145,61,14,28,136
17146,61,14,28,136
17147,61,14,28,136
17148,61,14,28,136
17149,61,14,28,136
17150,61,14,28,136
17151,61,14,28,136
17152,61,14,28,136
17153,61,14,28,136
17154,61,14,28,136
17155,61,14,28,136
17156,61,14,28,136
17157,61,14,28,136
17158,61,14,28,136
17159,61,14,28,136
17160,61,14,28,136
17161,61,14,28,136
17162,61,14,28,136
17163,61,14,28,136
17164,61,14,28,136
17165,61,14,28,136
17166,61,14,28,136
17167,61,14,28,136
17168,61,14,28,136
17169,61,14,28,136
17170,61,14,28,136
17171,61,14,28,136
17172,61,14,28,136
17173,61,14,28,136
17174,61,14,28,136
17175,61,14,28,136
17176,61,14,28,136
17177,61,14,28,136
17178,61,14,28,136
17179,61,14,28,136
17180,61,14,28,136
17181,61,14,28,136
17182,61,14,28,136
17183,61,14,28,136
17184,61,14,28,136
17185,61,14,28,136
17186,61,14,28,136
17187,61,14,28,136
17188,61,14,28,136
17189,61,14,28,136
17190,61,14,28,136
17191,61,14,28,136
17192,61,14,28,136
17193,61,14,28,136
17194,61,14,28,137
17195,61,14,28,137
17196,61,14,28,137
17197,61,14,28,137
17198,61,14,28,137
17199,61,14,28,137
17200,61,14,28,137
17201,61,14,28,137
17202,61,14,28,137
17203,61,14,28,137
17204,61,14,28,137
17205,61,14,28,137
17206,61,14,28,137
17207,61,14,28,137
17208,61,14,28,137
17209,61,14,28,137
17210,61,14,28,137
17211,61,14,28,137
17212,61,14,28,137
17213,61,14,28,137
17214,61,14,28,137
17215,61,14,28,137
17216,61,14,28,137
17217,61,14,28,137
17218,61,14,28,137
17219,61,14,28,137
17220,61,14,28,137
17221,61,14,28,137
17222,61,14,28,137
17223,61,14,28,137
17224,61,14,28,137
17225,61,14,28,137
17226,61,14,28,137
17227,61,14,28,137
17228,61,14,28,137
17229,61,14,28,137
17230,61,14,28,137
17231,61,14,28,137
17232,61,14,28,137
17233,61,14,28,137
17234,61,14,28,137
17235,61,14,28,137
17236,61,14,28,137
17237,61,14,28,137
17238,61,14,28,137
17239,61,14,28,137
17240,61,14,28,137
17241,61,14,28,137
17242,61,14,28,137
17243,61,14,28,137
17244,61,14,28,137
17245,61,14,28,137
17246,61,14,28,137
17247,61,14,28,137
17248,61,14,28,137
17249,61,14,28,137
17250,61,14,28,137
17251,61,14,28,137
17252,61,14,28,137
17253,61,14,28,137
17254,61,14,28,137
17255,61,14,28,137
17256,61,14,28,137
17257,61,14,28,137
17258,61,14,28,137
17259,61,14,28,137
17260,61,14,28,137
17261,61,14,28,137
17262,61,14,28,137
17263,61,14,28,137
17264,61,14,28,137
17265,61,14,28,137
17266,61,14,28,137
17267,61,14,28,137
17268,61,14,28,137
17269,61,14,28,137
17270,61,14,28,137
17271,61,14,28,137
17272,61,14,28,137
17273,61,14,28,137
17274,61,14,28,137
17275,61,14,28,137
17276,61,14,28,137
17277,61,14,28,137
17278,61,14,28,137
17279,61,14,28,137
17280,61,14,28,137
17281,61,14,28,137
17282,61,14,28,137
17283,61,14,28,137
17284,61,14,28,137
17285,61,14,28,137
17286,61,14,28,137
17287,61,14,28,137
17288,61,14,28,137
17289,61,14,28,137
17290,61,14,28,137
17291,61,14,28,137
17292,61,14,28,137
17293,61,14,28,137
17294,61,14,28,137
17295,61,14,28,137
17296,61,14,28,137
17297,61,14,28,137
17298,61,14,28,137
17299,61,14,28,137
17300,61,14,28,137
17301,61,14,28,137
17302,61,14,28,137
17303,61,14,28,137
17304,61,14,28,137
17305,61,14,28,137
17306,61,14,28,137
17307,61,14,28,137
17308,61,14,28,137
17309,61,14,28,137
17310,61,14,28,137
17311,61,14,28,137
17312,61,14,28,137
17313,61,14,28,137
17314,61,14,28,137
17315,61,14,28,137
17316,61,14,28,137
17317,61,14,28,137
17318,61,14,28,137
17319,61,14,28,137
17320,61,14,28,137
17321,61,14,28,137
17322,61,14,28,137
17323,61,14,28,137
17324,61,14,28,137
17325,61,14,28,137
17326,61,14,28,137
17327,61,14,28,137
17328,61,14,28,137
17329,61,14,28,137
17330,61,14,28,137
17331,61,14,28,137
17332,61,14,28,137
17333,61,14,28,137
17334,61,14,28,137
17335,61,14,28,137
17336,61,14,28,137
17337,61,14,28,137
17338,61,14,28,137
17339,61,14,28,137
17340,61,14,28,137
17341,61,14,28,137
17342,61,14,28,137
17343,61,14,28,137
17344,61,14,28,137
17345,61,14,28,137
17346,61,14,28,137
17347,61,14,28,137
17348,61,14,28,137
17349,61,14,28,137
17350,61,14,28,137
17351,61,14,28,137
17352,61,14,28,137
17353,61,14,28,137
17354,61,14,28,137
17355,61,14,28,137
17356,61,14,28,137
17357,61,14,28,137
17358,61,14,28,137
17359,61,14,28,137
17360,61,14,28,137
17361,61,14,28,137
17362,61,14,28,137
17363,61,14,28,137
17364,61,14,28,137
17365,61,14,28,137
17366,61,14,28,137
17367,61,14,28,137
17368,61,14,28,137
17369,61,14,28,137
17370,61,14,28,137
17371,61,14,28,137
17372,61,14,28,137
17373,61,14,28,137
17374,61,14,28,137
17375,61,14,28,137
17376,61,14,28,137
17377,61,14,28,137
17378,61,14,28,137
17379,61,14,28,137
17380,61,14,28,137
17381,61,14,28,137
17382,61,14,28,137
17383,61,14,28,137
17384,61,14,28,137
17385,61,14,28,137
17386,61,14,28,137
17387,61,14,28,137
17388,61,14,28,137
17389,61,14,28,137
17390,61,14,28,137
17391,61,14,28,137
17392,61,14,28,137
17393,61,14,28,137
17394,61,14,28,137
17395,61,14,28,137
17396,61,14,28,137
17397,61,14,28,137
17398,61,14,28,137
17399,61,14,28,137
17400,61,14,28,137
17401,61,14,28,137
17402,61,14,28,137
17403,61,14,28,137
17404,61,14,28,137
17405,61,14,28,137
17406,61,14,28,137
17407,61,14,28,137
17408,61,14,28,137
17409,61,14,28,137
17410,61,14,28,137
17411,61,14,28,137
17412,61,14,28,137
17413,61,14,28,137
17414,61,14,28,137
17415,61,14,28,137
17416,61,14,28,137
17417,61,14,28,137
17418,61,14,28,137
17419,61,14,28,137
17420,61,14,28,137
17421,61,14,28,137
17422,61,14,28,137
17423,61,14,28,137
17424,61,14,28,137
17425,61,14,28,137
17426,61,14,28,137
17427,61,14,28,137
17428,61,14,28,137
17429,61,14,28,137
17430,61,14,28,137
17431,61,14,28,137
17432,61,14,28,137
17433,61,14,28,137
17434,61,14,28,137
17435,61,14,28,137
17436,61,14,28,137
17437,61,14,28,137
17438,61,14,28,137
17439,61,14,28,137
17440,61,14,28,137
17441,61,14,28,137
17442,61,14,28,137
17443,61,14,28,137
17444,61,14,28,137
17445,61,14,28,137
17446,61,14,28,137
17447,61,14,28,137
17448,61,14,28,137
17449,61,14,28,137
17450,61,14,28,137
17451,61,14,28,137
17452,61,14,28,137
17453,61,14,28,137
17454,61,14,28,137
17455,61,14,28,137
17456,61,14,28,137
17457,61,14,28,137
17458,61,14,28,137
17459,61,14,28,137
17460,61,14,28,137
17461,61,14,28,137
17462,61,14,28,137
17463,61,14,28,137
17464,61,14,28,137
17465,61,14,28,137
17466,61,14,28,137
17467,61,14,28,137
17468,61,14,28,137
17469,61,14,28,137
17470,61,14,28,137
17471,61,14,28,137
17472,61,14,28,137
17473,61,14,28,137
17474,61,14,28,137
17475,61,14,28,137
17476,61,14,28,137
17477,61,14,28,137
17478,61,14,28,137
17479,61,14,28,137
17480,61,14,28,137
17481,61,14,28,137
17482,61,14,28,137
17483,61,14,28,137
17484,61,14,28,137
17485,61,14,28,137
17486,61,14,28,137
17487,61,14,28,137
17488,61,14,28,137
17489,61,14,28,137
17490,61,14,28,137
17491,61,14,28,137
17492,61,14,28,137
17493,61,14,28,137
17494,61,14,28,137
17495,61,14,28,137
17496,61,14,28,137
17497,61,14,28,137
17498,61,14,28,137
17499,61,14,28,137
17500,61,14,28,137
17501,61,14,28,137
17502,61,14,28,137
17503,61,14,28,137
17504,61,14,28,137
17505,61,14,28,137
17506,61,14,28,137
17507,61,14,28,137
17508,61,14,28,137
17509,61,14,28,137
17510,61,14,28,137
17511,61,14,28,137
17512,61,14,28,137
17513,61,14,28,137
17514,61,14,28,137
17515,61,14,28,137
17516,61,14,28,137
17517,61,14,28,137
17518,61,14,28,137
17519,61,14,28,137
17520,61,14,28,137
17521,61,14,28,137
17522,61,14,28,137
17523,61,14,28,137
17524,61,14,28,137
17525,61,14,28,137
17526,61,14,28,137
17527,61,14,28,137
17528,61,14,28,137
17529,61,14,28,137
17530,61,14,28,137
17531,61,14,28,137
17532,61,14,28,137
17533,61,14,28,137
17534,61,14,28,137
17535,61,14,28,137
17536,61,14,28,137
17537,61,14,28,137
17538,61,14,28,137
17539,61,14,28,137
17540,61,14,28,137
17541,61,14,28,137
17542,61,14,28,137
17543,61,14,28,137
17544,61,14,28,137
17545,61,14,28,137
17546,61,14,28,137
17547,61,14,28,137
17548,61,14,28,137
17549,61,14,28,137
17550,61,14,28,137
17551,61,14,28,137
17552,61,14,28,137
17553,61,14,28,137
17554,61,14,28,137
17555,61,14,28,137
17556,61,14,28,137
17557,61,14,28,137
17558,61,14,28,137
17559,61,14,28,137
17560,61,14,28,137
17561,61,14,28,137
17562,61,14,28,137
17563,61,14,28,137
17564,61,14,28,137
17565,61,14,28,137
17566,61,14,28,137
17567,61,14,28,137
17568,61,14,28,137
17569,61,14,28,137
17570,61,14,28,137
17571,61,14,28,137
17572,61,14,28,137
17573,61,14,28,137
17574,61,14,28,137
17575,61,14,28,137
17576,61,14,28,137
17577,61,14,28,137
17578,61,14,28,137
17579,61,14,28,137
17580,61,14,28,137
17581,61,14,28,137
17582,61,14,28,137
17583,61,14,28,137
17584,61,14,28,137
17585,61,14,28,137
17586,61,14,28,137
17587,61,14,28,137
17588,61,14,28,137
17589,61,14,28,137
17590,61,14,28,137
17591,61,14,28,137
17592,61,14,28,138
17593,61,14,28,138
17594,61,14,28,138
17595,61,14,28,138
17596,61,14,28,138
17597,61,14,28,138
17598,61,14,28,138
17599,61,14,28,138
17600,61,14,28,138
17601,61,14,28,138
17602,61,14,28,138
17603,61,14,28,138
17604,61,14,28,138
17605,61,14,28,138
17606,61,14,28,138
17607,61,14,28,138
17608,61,14,28,138
17609,61,14,28,138
17610,61,14,28,138
17611,61,14,28,138
17612,61,14,28,138
17613,61,14,28,138
17614,61,14,28,138
17615,61,14,28,138
17616,61,14,28,138
17617,61,14,28,138
17618,61,14,28,138
17619,61,14,28,138
17620,61,14,28,138
17621,61,14,28,138
17622,61,14,28,138
17623,61,14,28,138
17624,61,14,28,138
17625,61,14,28,138
17626,61,14,28,138
17627,61,14,28,138
17628,61,14,28,138
17629,61,14,28,138
17630,61,14,28,138
17631,61,14,28,138
17632,61,14,28,138
17633,61,14,28,138
17634,61,14,28,138
17635,61,14,28,138
17636,61,14,28,138
17637,61,14,28,138
17638,61,14,28,138
17639,61,14,28,138
17640,61,14,28,138
17641,61,14,28,138
17642,61,14,28,138
17643,61,14,28,138
17644,61,14,28,138
17645,61,14,28,138
17646,61,14,28,138
17647,61,14,28,138
17648,61,14,28,138
17649,61,14,28,138
17650,61,14,28,138
17651,61,14,28,138
17652,61,14,28,138
17653,61,14,28,138
17654,61,14,28,138
17655,61,14,28,138
17656,61,14,28,138
17657,61,14,28,138
17658,61,14,28,138
17659,61,14,28,138
17660,61,14,28,138
17661,61,14,28,138
17662,61,14,28,138
17663,61,14,28,138
17664,61,14,28,138
17665,61,14,28,138
17666,61,14,28,138
17667,61,14,28,138
17668,61,14,28,138
17669,61,14,28,138
17670,61,14,28,138
17671,61,14,28,138
17672,61,14,28,138
17673,61,14,28,138
17674,61,14,28,138
17675,61,14,28,138
17676,61,14,28,138
17677,61,14,28,138
17678,61,14,28,138
17679,61,14,28,138
17680,61,14,28,138
17681,61,14,28,138
17682,61,14,28,138
17683,61,14,28,138
17684,61,14,28,138
17685,61,14,28,138
17686,61,14,28,138
17687,61,14,28,138
17688,61,14,28,138
17689,61,14,28,138
17690,61,14,28,138
17691,61,14,28,138
17692,61,14,28,138
17693,61,14,28,138
17694,61,14,28,138
17695,61,14,28,138
17696,61,14,28,138
17697,61,14,28,138
17698,61,14,28,138
17699,61,14,28,138
17700,61,14,28,138
17701,61,14,28,138
17702,61,14,28,138
17703,61,14,28,138
17704,61,14,28,138
17705,61,14,28,138
17706,61,14,28,138
17707,61,14,28,138
17708,61,14,28,138
17709,61,14,28,138
17710,61,14,28,138
17711,61,14,28,138
17712,61,14,28,138
17713,61,14,28,138
17714,61,14,28,138
17715,61,14,28,138
17716,61,14,28,138
17717,61,14,28,138
17718,61,14,28,138
17719,61,14,28,138
17720,61,14,28,138
17721,61,14,28,138
17722,61,14,28,138
17723,61,14,28,138
17724,61,14,28,138
17725,61,14,28,138
17726,61,14,28,138
17727,61,14,28,138
17728,61,14,28,138
17729,61,14,28,138
17730,61,14,28,138
17731,61,14,28,138
17732,61,14,28,138
17733,61,14,28,138
17734,61,14,28,138
17735,61,14,28,138
17736,61,14,28,138
17737,61,14,28,138
17738,61,14,28,138
17739,61,14,28,138
17740,61,14,28,138
17741,61,14,28,138
17742,61,14,28,138
17743,61,14,28,138
17744,61,14,28,138
17745,61,14,28,138
17746,61,14,28,138
17747,61,14,28,138
17748,61,14,28,138
17749,61,14,28,138
17750,61,14,28,138
17751,61,14,28,138
17752,61,14,28,138
17753,61,14,28,138
17754,61,14,28,138
17755,61,14,28,138
17756,61,14,28,138
17757,61,14,28,138
17758,61,14,28,138
17759,61,14,28,138
17760,61,14,28,138
17761,61,14,28,138
17762,61,14,28,138
17763,61,14,28,138
17764,61,14,28,138
17765,61,14,28,138
17766,61,14,28,138
17767,61,14,28,138
17768,61,14,28,138
17769,61,14,28,138
17770,61,14,28,138
17771,61,14,28,138
17772,61,14,28,138
17773,61,14,28,138
17774,61,14,28,138
17775,61,14,28,138
17776,61,14,28,138
17777,61,14,28,138
17778,61,14,28,138
17779,61,14,28,138
17780,61,14,28,138
17781,61,14,28,138
17782,61,14,28,138
17783,61,14,28,138
17784,61,14,28,138
17785,61,14,28,138
17786,61,14,28,138
17787,61,14,28,138
17788,61,14,28,138
17789,61,14,28,138
17790,61,14,28,138
17791,61,14,28,138
17792,61,14,28,138
17793,61,14,28,138
17794,61,14,28,138
17795,61,14,28,138
17796,61,14,28,138
17797,61,14,28,138
17798,61,14,28,138
17799,61,14,28,138
17800,61,14,28,138
17801,61,14,28,138
17802,61,14,28,138
17803,61,14,28,138
17804,61,14,28,138
17805,61,14,28,138
17806,61,14,28,138
17807,61,14,28,138
17808,61,14,28,138
17809,61,14,28,138
17810,61,14,28,138
17811,61,14,28,138
17812,61,14,28,138
17813,61,14,28,138
17814,61,14,28,138
17815,61,14,28,138
17816,61,14,28,138
17817,61,14,28,138
17818,61,14,28,138
17819,61,14,28,138
17820,61,14,28,138
17821,61,14,28,138
17822,61,14,28,138
17823,61,14,28,138
17824,61,14,28,138
17825,61,14,28,138
17826,61,14,28,138
17827,61,14,28,138
17828,61,14,28,138
17829,61,14,28,138
17830,61,14,28,138
17831,61,14,28,138
17832,61,14,28,138
17833,61,14,28,138
17834,61,14,28,138
17835,61,14,28,138
17836,61,14,28,138
17837,61,14,28,138
17838,61,14,28,138
17839,61,14,28,138
17840,61,14,28,138
17841,61,14,28,138
17842,61,14,28,138
17843,61,14,28,138
17844,61,14,28,138
17845,61,14,28,138
17846,61,14,28,138
17847,61,14,28,138
17848,61,14,28,138
17849,61,14,28,138
17850,61,14,28,138
17851,61,14,28,138
17852,61,14,28,138
17853,61,14,28,138
17854,61,14,28,138
17855,61,14,28,138
17856,61,14,28,138
17857,61,14,28,138
17858,61,14,28,138
17859,61,14,28,138
17860,61,14,28,138
17861,61,14,28,138
17862,61,14,28,138
17863,61,14,28,138
17864,61,14,28,138
17865,61,14,28,138
17866,61,14,28,138
17867,61,14,28,138
17868,61,14,28,138
17869,61,14,28,138
17870,61,14,28,138
17871,61,14,28,138
17872,61,14,28,138
17873,61,14,28,138
17874,61,14,28,138
17875,61,14,28,138
17876,61,14,28,138
17877,61,14,28,138
17878,61,14,28,138
17879,61,14,28,138
17880,61,14,28,138
17881,61,14,28,138
17882,61,14,28,138
17883,61,14,28,138
17884,61,14,28,138
17885,61,14,28,138
17886,61,14,28,138
17887,61,14,28,138
17888,61,14,28,138
17889,61,14,28,138
17890,61,14,28,138
17891,61,14,28,138
17892,61,14,28,138
17893,61,14,28,138
17894,61,14,28,138
17895,61,14,28,138
17896,61,14,28,138
17897,61,14,28,138
17898,61,14,28,138
17899,61,14,28,138
17900,61,14,28,138
17901,61,14,28,138
17902,61,14,28,138
17903,61,14,28,138
17904,61,14,28,138
17905,61,14,28,138
17906,61,14,28,138
17907,61,14,28,138
17908,61,14,28,138
17909,61,14,28,138
17910,61,14,28,138
17911,61,14,28,138
17912,61,14,28,138
17913,61,14,28,138
17914,61,14,28,138
17915,61,14,28,138
17916,61,14,28,138
17917,61,14,28,138
17918,61,14,28,138
17919,61,14,28,138
17920,61,14,28,138
17921,61,14,28,138
17922,61,14,28,138
17923,61,14,28,138
17924,61,14,28,138
17925,61,14,28,138
17926,61,14,28,138
17927,61,14,28,138
17928,61,14,28,138
17929,61,14,28,138
17930,61,14,28,138
17931,61,14,28,138
17932,61,14,28,138
17933,61,14,28,138
17934,61,14,28,138
17935,61,14,28,138
17936,61,14,28,138
17937,61,14,28,138
17938,61,14,28,138
17939,61,14,28,138
17940,61,14,28,138
17941,61,14,28,138
17942,61,14,28,138
17943,61,14,28,138
17944,61,14,28,138
17945,61,14,28,138
17946,61,14,28,138
17947,61,14,28,138
17948,61,14,28,138
17949,61,14,28,138
17950,61,14,28,138
17951,61,14,28,138
17952,61,14,28,138
17953,61,14,28,138
17954,61,14,28,138
17955,61,14,28,138
17956,61,14,28,138
17957,61,14,28,138
17958,61,14,28,138
17959,61,14,28,138
17960,61,14,28,138
17961,61,14,28,138
17962,61,14,28,138
17963,61,14,28,138
17964,61,14,28,138
17965,61,14,28,138
17966,61,14,28,138
17967,61,14,28,138
17968,61,14,28,138
17969,61,14,28,138
17970,61,14,28,138
17971,61,14,28,138
17972,61,14,28,138
17973,61,14,28,138
17974,61,14,28,138
17975,61,14,28,138
17976,61,14,28,138
17977,61,14,28,138
17978,61,14,28,138
17979,61,14,28,138
17980,61,14,28,138
17981,61,14,28,138
17982,61,14,28,138
17983,61,14,28,138
17984,61,14,28,138
17985,61,14,28,138
17986,61,14,28,138
17987,61,14,28,138
17988,61,14,28,138
17989,61,14,28,138
17990,61,14,28,138
17991,61,14,28,138
17992,61,14,28,138
17993,61,14,28,138
17994,61,14,28,138
17995,61,14,28,138
17996,61,14,28,138
17997,61,14,28,138
17998,61,14,28,138
17999,61,14,28,138
18000,61,14,28,138
18001,61,14,28,138
18002,61,14,28,138
18003,61,14,28,138
18004,61,14,28,138
18005,61,14,28,138
18006,61,14,28,138
18007,61,14,28,138
18008,61,14,28,138
18009,61,14,28,138
18010,61,14,28,138
18011,61,14,28,138
18012,61,14,28,138
18013,61,14,28,138
18014,61,14,28,138
18015,61,14,28,138
18016,61,14,28,138
18017,61,14,28,138
18018,61,14,28,138
18019,61,14,28,138
18020,61,14,28,138
18021,61,14,28,138
18022,61,14,28,138
18023,61,14,28,138
18024,61,14,28,138
18025,61,14,28,138
18026,61,14,28,138
18027,61,14,28,138
18028,61,14,28,138
18029,61,14,28,138
18030,61,14,28,138
18031,61,14,28,138
18032,61,14,28,138
18033,61,14,28,138
18034,61,14,28,138
18035,61,14,28,138
18036,61,14,28,138
18037,61,14,28,138
18038,61,14,28,138
18039,61,14,28,138
18040,61,14,28,138
18041,61,14,28,138
18042,61,14,28,138
18043,61,14,28,138
18044,61,14,28,138
18045,61,14,28,138
18046,61,14,28,138
18047,61,14,28,138
18048,61,14,28,138
18049,61,14,28,138
18050,61,14,28,138
18051,61,14,28,138
18052,61,14,28,138
18053,61,14,28,138
18054,61,14,28,138
18055,61,14,28,139
18056,61,14,28,139
18057,61,14,28,139
18058,61,14,28,139
18059,61,14,28,139
18060,61,14,28,139
18061,61,14,28,139
18062,61,14,28,139
18063,61,14,28,139
18064,61,14,28,139
18065,61,14,28,139
18066,61,14,28,139
18067,61,14,28,139
18068,61,14,28,139
18069,61,14,28,139
18070,61,14,28,139
18071,61,14,28,139
18072,61,14,28,139
18073,61,14,28,139
18074,61,14,28,139
18075,61,14,28,139
18076,61,14,28,139
18077,61,14,28,139
18078,61,14,28,139
18079,61,14,28,139
18080,61,14,28,139
18081,61,14,28,139
18082,61,14,28,139
18083,61,14,28,139
18084,61,14,28,139
18085,61,14,28,140
18086,61,14,28,140
18087,61,14,28,140
18088,61,14,28,140
18089,61,14,28,140
18090,61,14,28,140
18091,61,14,28,140
18092,61,14,28,140
18093,61,14,28,140
18094,61,14,28,140
18095,61,14,28,140
18096,61,14,28,140
18097,61,14,28,140
18098,61,14,28,140
18099,61,14,28,140
18100,61,14,28,140
18101,61,14,28,140
18102,61,14,28,140
18103,61,14,28,140
18104,61,14,28,140
18105,61,14,28,140
18106,61,14,28,140
18107,61,14,28,140
18108,61,14,28,140
18109,61,14,28,140
18110,61,14,28,140
18111,61,14,28,140
18112,61,14,28,140
18113,61,14,28,140
18114,61,14,28,140
18115,61,14,28,140
18116,61,14,28,140
18117,61,14,28,140
18118,61,14,28,140
18119,61,14,28,140
18120,61,14,28,140
18121,61,14,28,140
18122,61,14,28,140
18123,61,14,28,140
18124,61,14,28,140
18125,61,14,28,140
18126,61,14,28,140
18127,61,14,28,140
18128,61,14,28,140
18129,61,14,28,140
18130,61,14,28,140
18131,61,14,28,140
18132,61,14,28,140
18133,61,14,28,140
18134,61,14,28,140
18135,61,14,28,140
18136,61,14,28,140
18137,61,14,28,140
18138,61,14,28,140
18139,61,14,28,140
18140,61,14,28,140
18141,61,14,28,140
18142,61,14,28,140
18143,61,14,28,140
18144,61,14,28,140
18145,61,14,28,140
18146,61,14,28,140
18147,61,14,28,140
18148,61,14,28,140
18149,61,14,28,140
18150,61,14,28,140
18151,61,14,28,140
18152,61,14,28,140
18153,61,14,28,140
18154,61,14,28,140
18155,61,14,28,140
18156,61,14,28,140
18157,61,14,28,140
18158,61,14,28,140
18159,61,14,28,140
18160,61,14,28,140
18161,61,14,28,140
18162,61,14,28,140
18163,61,14,28,140
18164,61,14,28,140
18165,61,14,28,140
18166,61,14,28,140
18167,61,14,28,140
18168,61,14,28,140
18169,61,14,28,140
18170,61,14,28,140
18171,61,14,28,140
18172,61,14,28,140
18173,61,14,28,140
18174,61,14,28,140
18175,61,14,28,140
18176,61,14,28,140
18177,61,14,28,140
18178,61,14,28,140
18179,61,14,28,140
18180,61,14,28,140
18181,61,14,28,140
18182,61,14,28,140
18183,61,14,28,140
18184,61,14,28,140
18185,61,14,28,140
18186,61,14,28,140
18187,61,14,28,140
18188,61,14,28,140
18189,61,14,28,140
18190,61,14,28,140
18191,61,14,28,140
18192,61,14,28,140
18193,61,14,28,140
18194,61,14,28,140
18195,61,14,28,140
18196,61,14,28,140
18197,61,14,28,140
18198,61,14,28,140
18199,61,14,28,140
18200,61,14,28,140
18201,61,14,28,140
18202,61,14,28,140
18203,61,14,28,140
18204,61,14,28,140
18205,61,14,28,140
18206,61,14,28,140
18207,61,14,28,140
18208,61,14,28,140
18209,61,14,28,140
18210,61,14,28,140
18211,61,14,28,140
18212,61,14,28,140
18213,61,14,28,140
18214,61,14,28,140
18215,61,14,28,140
18216,61,14,28,140
18217,61,14,28,140
18218,61,14,28,140
18219,61,14,28,140
18220,61,14,28,140
18221,61,14,28,141
18222,61,14,28,141
18223,61,14,28,141
18224,61,14,28,141
18225,61,14,28,141
18226,61,14,28,141
18227,61,14,28,141
18228,61,14,28,141
18229,61,14,28,141
18230,61,14,28,141
18231,61,14,28,141
18232,61,14,28,141
18233,61,14,28,141
18234,61,14,28,141
18235,61,14,28,141
18236,61,14,28,141
18237,61,14,28,141
18238,61,14,28,141
18239,61,14,28,141
18240,61,14,28,141
18241,61,14,28,141
18242,61,14,28,141
18243,61,14,28,141
18244,61,14,28,141
18245,61,14,28,141
18246,61,14,28,141
18247,61,14,28,141
18248,61,14,28,141
18249,61,14,28,141
18250,61,14,28,141
18251,61,14,28,141
18252,61,14,28,141
18253,61,14,28,141
18254,61,14,28,141
18255,61,14,28,141
18256,61,14,28,141
18257,61,14,28,141
18258,61,14,28,141
18259,61,14,28,141
18260,61,14,28,141
18261,61,14,28,141
18262,61,14,28,141
18263,61,14,28,141
18264,61,14,28,141
18265,61,14,28,141
18266,61,14,28,141
18267,61,14,28,141
18268,61,14,28,141
18269,61,14,28,141
18270,61,14,28,141
18271,61,14,28,141
18272,61,14,28,141
18273,61,14,28,141
18274,61,14,28,141
18275,61,14,28,141
18276,61,14,28,141
18277,61,14,28,141
18278,61,14,28,141
18279,61,14,28,141
18280,61,14,28,141
18281,61,14,28,141
18282,61,14,28,141
18283,61,14,28,141
18284,61,14,28,141
18285,61,14,28,141
18286,61,14,28,141
18287,61,14,28,141
18288,61,14,28,141
18289,61,14,28,141
18290,61,14,28,141
18291,61,14,28,141
18292,61,14,28,141
18293,61,14,28,141
18294,61,14,28,141
18295,61,14,28,141
18296,61,14,28,141
18297,61,14,28,141
18298,61,14,28,141
18299,61,14,28,141
18300,61,14,28,141
18301,61,14,28,141
18302,61,14,28,141
18303,61,14,28,141
18304,61,14,28,141
18305,61,14,28,141
18306,61,14,28,141
18307,61,14,28,141
18308,61,14,28,141
18309,61,14,28,141
18310,61,14,28,141
18311,61,14,28,141
18312,61,14,28,141
18313,61,14,28,141
18314,61,14,28,141
18315,61,14,28,141
18316,61,14,28,141
18317,61,14,28,141
18318,61,14,28,141
18319,61,14,28,141
18320,61,14,28,141
18321,61,14,28,141
18322,61,14,28,141
18323,61,14,28,141
18324,61,14,28,141
18325,61,14,28,141
18326,61,14,28,141
18327,61,14,28,141
18328,61,14,28,141
18329,61,14,28,141
18330,61,14,28,141
18331,61,14,28,141
18332,61,14,28,141
18333,61,14,28,141
18334,61,14,28,141
18335,61,14,28,141
18336,61,14,28,141
18337,61,14,28,141
18338,61,14,28,141
18339,61,14,28,141
18340,61,14,28,141
18341,61,14,28,141
18342,61,14,28,141
18343,61,14,28,142
18344,61,14,28,142
18345,61,14,28,142
18346,61,14,28,142
18347,61,14,28,142
18348,61,14,28,142
18349,61,14,28,142
18350,61,14,28,142
18351,61,14,28,142
18352,61,14,28,142
18353,61,14,28,142
18354,61,14,28,142
18355,61,14,28,142
18356,61,14,28,142
18357,61,14,28,142
18358,61,14,28,142
18359,61,14,28,142
18360,61,14,28,142
18361,61,14,28,143
18362,61,14,28,143
18363,61,14,28,143
18364,61,14,28,143
18365,61,14,28,143
18366,61,14,28,143
18367,61,14,28,143
18368,61,14,28,143
18369,61,14,28,143
18370,61,14,28,143
18371,61,14,28,143
18372,61,14,28,143
18373,61,14,28,143
18374,61,14,28,143
18375,61,14,28,143
18376,61,14,28,143
18377,61,14,28,143
18378,61,14,28,143
18379,61,14,28,144
18380,61,14,28,144
18381,61,14,28,144
18382,61,14,28,144
18383,61,14,28,144
18384,61,14,28,144
18385,61,14,28,144
18386,61,14,28,144
18387,61,14,28,144
18388,61,14,28,144
18389,61,14,28,144
18390,61,14,28,144
18391,61,14,28,144
18392,61,14,28,144
18393,61,14,28,144
18394,61,14,28,144
18395,61,14,28,144
18396,61,14,28,144
18397,61,14,28,144
18398,61,14,28,144
18399,61,14,28,144
18400,61,14,28,144
18401,61,14,28,144
18402,61,14,28,144
18403,61,14,28,144
18404,61,14,28,144
18405,61,14,28,144
18406,61,14,28,144
18407,61,14,28,144
18408,61,14,28,144
18409,61,14,28,144
18410,61,14,28,144
18411,61,14,28,144
18412,61,14,28,144
18413,61,14,28,144
18414,61,14,28,144
18415,61,14,28,144
18416,61,14,28,144
18417,61,14,28,144
18418,61,14,28,144
18419,61,14,28,144
18420,61,14,28,144
18421,61,14,28,144
18422,61,14,28,144
18423,61,14,28,144
18424,61,14,28,144
18425,61,14,28,144
18426,61,14,28,144
18427,61,14,28,144
18428,61,14,28,144
18429,61,14,28,144
18430,61,14,28,144
18431,61,14,28,144
18432,61,14,28,144
18433,61,14,28,144
18434,61,14,28,144
18435,61,14,28,144
18436,61,14,28,144
18437,61,14,28,144
18438,61,14,28,144
18439,61,14,28,145
18440,61,14,28,145
18441,61,14,28,145
18442,61,14,28,145
18443,61,14,28,145
18444,61,14,28,145
18445,61,14,28,145
18446,61,14,28,145
18447,61,14,28,145
18448,61,14,28,145
18449,61,14,28,145
18450,61,14,28,145
18451,61,14,28,145
18452,61,14,28,145
18453,61,14,28,145
18454,61,14,28,145
18455,61,14,28,145
18456,61,14,28,145
18457,61,14,28,145
18458,61,14,28,145
18459,61,14,28,145
18460,61,14,28,145
18461,61,14,28,145
18462,61,14,28,145
18463,61,14,28,145
18464,61,14,28,145
18465,61,14,28,145
18466,61,14,28,145
18467,61,14,28,145
18468,61,14,28,145
18469,61,14,28,145
18470,61,14,28,145
18471,61,14,28,145
18472,61,14,28,145
18473,61,14,28,145
18474,61,14,28,145
18475,61,14,28,145
18476,61,14,28,145
18477,61,14,28,145
18478,61,14,28,145
18479,61,14,28,145
18480,61,14,28,145
18481,61,14,28,145
18482,61,14,28,145
18483,61,14,28,145
18484,61,14,28,145
18485,61,14,28,145
18486,61,14,28,145
18487,61,14,28,145
18488,61,14,28,145
18489,61,14,28,145
18490,61,14,28,145
18491,61,14,28,145
18492,61,14,28,145
18493,61,14,28,145
18494,61,14,28,145
18495,61,14,28,145
18496,61,14,28,145
18497,61,14,28,145
18498,61,14,28,145
18499,61,14,28,146
18500,61,14,28,146
18501,61,14,28,146
18502,61,14,28,146
18503,61,14,28,146
18504,61,14,28,146
18505,61,14,28,146
18506,61,14,28,146
18507,61,14,28,146
18508,61,14,28,146
18509,61,14,28,146
18510,61,14,28,146
18511,61,14,28,146
18512,61,14,28,146
18513,61,14,28,146
18514,61,14,28,146
18515,61,14,28,146
18516,61,14,28,146
18517,61,14,28,146
18518,61,14,28,146
18519,61,14,28,146
18520,61,14,28,146
18521,61,14,28,146
18522,61,14,28,146
18523,61,14,28,146
18524,61,14,28,146
18525,61,14,28,146
18526,61,14,28,146
18527,61,14,28,146
18528,61,14,28,146
18529,61,14,28,146
18530,61,14,28,146
18531,61,14,28,146
18532,61,14,28,146
18533,61,14,28,146
18534,61,14,28,146
18535,61,14,28,146
18536,61,14,28,146
18537,61,14,28,146
18538,61,14,28,146
18539,61,14,28,146
18540,61,14,28,146
18541,61,14,28,146
18542,61,14,28,146
18543,61,14,28,146
18544,61,14,28,146
18545,61,14,28,146
18546,61,14,28,146
18547,61,14,28,146
18548,61,14,28,146
18549,61,14,28,146
18550,61,14,28,146
18551,61,14,28,146
18552,61,14,28,146
18553,61,14,28,146
18554,61,14,28,146
18555,61,14,28,146
18556,61,14,28,146
18557,61,14,28,146
18558,61,14,28,146
18559,61,14,28,146
18560,61,14,28,146
18561,61,14,28,146
18562,61,14,28,146
18563,61,14,28,146
18564,61,14,28,146
18565,61,14,28,146
18566,61,14,28,146
18567,61,14,28,146
18568,61,14,28,146
18569,61,14,28,146
18570,61,14,28,146
18571,61,14,28,146
18572,61,14,28,146
18573,61,14,28,146
18574,61,14,28,146
18575,61,14,28,146
18576,61,14,28,146
18577,61,14,28,146
18578,61,14,28,146
18579,61,14,28,146
18580,61,14,28,146
18581,61,14,28,146
18582,61,14,28,146
18583,61,14,28,146
18584,61,14,28,146
18585,61,14,28,146
18586,61,14,28,146
18587,61,14,28,146
18588,61,14,28,146
18589,61,14,28,146
18590,61,14,28,146
18591,61,14,28,146
18592,61,14,28,146
18593,61,14,28,146
18594,61,14,28,147
18595,61,14,28,147
18596,61,14,28,147
18597,61,14,28,147
18598,61,14,28,147
18599,61,14,28,147
18600,61,14,28,147
18601,61,14,28,147
18602,61,14,28,147
18603,61,14,28,147
18604,61,14,28,147
18605,61,14,28,147
18606,61,14,28,147
18607,61,14,28,147
18608,61,14,28,147
18609,61,14,28,147
18610,61,14,28,147
18611,61,14,28,147
18612,61,14,28,147
18613,61,14,28,147
18614,61,14,28,147
18615,61,14,28,147
18616,61,14,28,147
18617,61,14,28,147
18618,61,14,28,147
18619,61,14,28,147
18620,61,14,28,147
18621,61,14,28,147
18622,61,14,28,147
18623,61,14,28,147
18624,61,14,28,147
18625,61,14,28,147
18626,61,14,28,147
18627,61,14,28,147
18628,61,14,28,147
18629,61,14,28,147
18630,61,14,28,147
18631,61,14,28,147
18632,61,14,28,147
18633,61,14,28,147
18634,61,14,28,147
18635,61,14,28,147
18636,61,14,28,147
18637,61,14,28,147
18638,61,14,28,147
18639,61,14,28,147
18640,61,14,28,147
18641,61,14,28,147
18642,61,14,28,147
18643,61,14,28,147
18644,61,14,28,147
18645,61,14,28,147
18646,61,14,28,147
18647,61,14,28,147
18648,61,14,28,147
18649,61,14,28,147
18650,61,14,28,147
18651,61,14,28,147
18652,61,14,28,147
18653,61,14,28,147
18654,61,14,28,147
18655,61,14,28,147
18656,61,14,28,147
18657,61,14,28,147
18658,61,14,28,147
18659,61,14,28,147
18660,61,14,28,147
18661,61,14,28,147
18662,61,14,28,147
18663,61,14,28,147
18664,61,14,28,147
18665,61,14,28,147
18666,61,14,28,147
18667,61,14,28,147
18668,61,14,28,147
18669,61,14,28,147
18670,61,14,28,147
18671,61,14,28,147
18672,61,14,28,147
18673,61,14,28,147
18674,61,14,28,147
18675,61,14,28,147
18676,61,14,28,147
18677,61,14,28,147
18678,61,14,28,147
18679,61,14,28,147
18680,61,14,28,147
18681,61,14,28,147
18682,61,14,28,147
18683,61,14,28,147
18684,61,14,28,147
18685,61,14,28,147
18686,61,14,28,147
18687,61,14,28,147
18688,61,14,28,147
18689,61,14,28,147
18690,61,14,28,147
18691,61,14,28,147
18692,61,14,28,147
18693,61,14,28,147
18694,61,14,28,147
18695,61,14,28,147
18696,61,14,28,147
18697,61,14,28,147
18698,61,14,28,147
18699,61,14,28,147
18700,61,14,28,147
18701,61,14,28,147
18702,61,14,28,147
18703,61,14,28,147
18704,61,14,28,147
18705,61,14,28,147
18706,61,14,28,147
18707,61,14,28,147
18708,61,14,28,147
18709,61,14,28,147
18710,61,14,28,147
18711,61,14,28,147
18712,61,14,28,147
18713,61,14,28,147
18714,61,14,28,147
18715,61,14,28,147
18716,61,14,28,147
18717,61,14,28,147
18718,61,14,28,147
18719,61,14,28,147
18720,61,14,28,147
18721,61,14,28,147
18722,61,14,28,147
18723,61,14,28,147
18724,61,14,28,147
18725,61,14,28,147
18726,61,14,28,147
18727,61,14,28,147
18728,61,14,28,147
18729,61,14,28,147
18730,61,14,28,147
18731,61,14,28,147
18732,61,14,28,147
18733,61,14,28,147
18734,61,14,28,147
18735,61,14,28,147
18736,61,14,28,147
18737,61,14,28,147
18738,61,14,28,147
18739,61,14,28,147
18740,61,14,28,147
18741,61,14,28,147
18742,61,14,28,147
18743,61,14,28,147
18744,61,14,28,147
18745,61,14,28,147
18746,61,14,28,147
18747,61,14,28,147
18748,61,14,28,147
18749,61,14,28,147
18750,61,14,28,147
18751,61,14,28,147
18752,61,14,28,147
18753,61,14,28,147
18754,61,14,28,147
18755,61,14,28,147
18756,61,14,28,147
18757,61,14,28,147
18758,61,14,28,147
18759,61,14,28,147
18760,61,14,28,147
18761,61,14,28,147
18762,61,14,28,147
18763,61,14,28,147
18764,61,14,28,147
18765,61,14,28,147
18766,61,14,28,147
18767,61,14,28,147
18768,61,14,28,147
18769,61,14,28,147
18770,61,14,28,147
18771,61,14,28,147
18772,61,14,28,147
18773,61,14,28,147
18774,61,14,28,147
18775,61,14,28,147
18776,61,14,28,147
18777,61,14,28,147
18778,61,14,28,147
18779,61,14,28,147
18780,61,14,28,148
18781,61,14,28,148
18782,61,14,28,148
18783,61,14,28,148
18784,61,14,28,148
18785,61,14,28,148
18786,61,14,28,148
18787,61,14,28,148
18788,61,14,28,148
18789,61,14,28,148
18790,61,14,28,148
18791,61,14,28,148
18792,61,14,28,148
18793,61,14,28,148
18794,61,14,28,148
18795,61,14,28,148
18796,61,14,28,148
18797,61,14,28,148
18798,61,14,28,148
18799,61,14,28,148
18800,61,14,28,148
18801,61,14,28,148
18802,61,14,28,148
18803,61,14,28,148
18804,61,14,28,148
18805,61,14,28,148
18806,61,14,28,148
18807,61,14,28,148
18808,61,14,28,148
18809,61,14,28,148
18810,61,14,28,148
18811,61,14,28,148
18812,61,14,28,148
18813,61,14,28,148
18814,61,14,28,148
18815,61,14,28,148
18816,61,14,28,148
18817,61,14,28,148
18818,61,14,28,148
18819,61,14,28,148
18820,61,14,28,148
18821,61,14,28,148
18822,61,14,28,148
18823,61,14,28,148
18824,61,14,28,148
18825,61,14,28,148
18826,61,14,28,148
18827,61,14,28,148
18828,61,14,28,148
18829,61,14,28,148
18830,61,14,28,148
18831,61,14,28,148
18832,61,14,28,148
18833,61,14,28,148
18834,61,14,28,148
18835,61,14,28,148
18836,61,14,28,148
18837,61,14,28,148
18838,61,14,28,148
18839,61,14,28,148
18840,61,14,28,148
18841,61,14,28,148
18842,61,14,28,148
18843,61,14,28,148
18844,61,14,28,148
18845,61,14,28,148
18846,61,14,28,148
18847,61,14,28,148
18848,61,14,28,148
18849,61,14,28,148
18850,61,14,28,148
18851,61,14,28,148
18852,61,14,28,148
18853,61,14,28,148
18854,61,14,28,148
18855,61,14,28,148
18856,61,14,28,148
18857,61,14,28,148
18858,61,14,28,148
18859,61,14,28,148
18860,61,14,28,148
18861,61,14,28,148
18862,61,14,28,148
18863,61,14,28,148
18864,61,14,28,148
18865,61,14,28,148
18866,61,14,28,148
18867,61,14,28,148
18868,61,14,28,148
18869,61,14,28,148
18870,61,14,28,148
18871,61,14,28,148
18872,61,14,28,148
18873,61,14,28,148
18874,61,14,28,148
18875,61,14,28,148
18876,61,14,28,148
18877,61,14,28,148
18878,61,14,28,148
18879,61,14,28,148
18880,61,14,28,148
18881,61,14,28,148
18882,61,14,28,148
18883,61,14,28,148
18884,61,14,28,148
18885,61,14,28,148
18886,61,14,28,148
18887,61,14,28,148
18888,61,14,28,148
18889,61,14,28,148
18890,61,14,28,148
18891,61,14,28,148
18892,61,14,28,148
18893,61,14,28,148
18894,61,14,28,148
18895,61,14,28,148
18896,61,14,28,148
18897,61,14,28,148
18898,61,14,28,148
18899,61,14,28,148
18900,61,14,28,148
18901,61,14,28,148
18902,61,14,28,148
18903,61,14,28,148
18904,61,14,28,148
18905,61,14,28,148
18906,61,14,28,148
18907,61,14,28,148
18908,61,14,28,148
18909,61,14,28,148
18910,61,14,28,148
18911,61,14,28,148
18912,61,14,28,148
18913,61,14,28,148
18914,61,14,28,148
18915,61,14,28,148
18916,61,14,28,148
18917,61,14,28,148
18918,61,14,28,148
18919,61,14,28,148
18920,61,14,28,148
18921,61,14,28,148
18922,61,14,28,148
18923,61,14,28,148
18924,61,14,28,148
18925,61,14,28,148
18926,61,14,28,148
18927,61,14,28,148
18928,61,14,28,148
18929,61,14,28,148
18930,61,14,28,148
18931,61,14,28,148
18932,61,14,28,148
18933,61,14,28,148
18934,61,14,28,148
18935,61,14,28,148
18936,61,14,28,148
18937,61,14,28,148
18938,61,14,28,148
18939,61,14,28,148
18940,61,14,28,148
18941,61,14,28,148
18942,61,14,28,148
18943,61,14,28,148
18944,61,14,28,148
18945,61,14,28,148
18946,61,14,28,148
18947,61,14,28,148
18948,61,14,28,148
18949,61,14,28,148
18950,61,14,28,148
18951,61,14,28,148
18952,61,14,28,148
18953,61,14,28,148
18954,61,14,28,148
18955,61,14,28,148
18956,61,14,28,148
18957,61,14,28,148
18958,61,14,28,148
18959,61,14,28,148
18960,61,14,28,148
18961,61,14,28,148
18962,61,14,28,148
18963,61,14,28,148
18964,61,14,28,148
18965,61,14,28,148
18966,61,14,28,148
18967,61,14,28,148
18968,61,14,28,148
18969,61,14,28,148
18970,61,14,28,148
18971,61,14,28,148
18972,61,14,28,148
18973,61,14,28,148
18974,61,14,28,148
18975,61,14,28,148
18976,61,14,28,148
18977,61,14,28,148
18978,61,14,28,148
18979,61,14,28,148
18980,61,14,28,148
18981,61,14,28,148
18982,61,14,28,148
18983,61,14,28,148
18984,61,14,28,148
18985,61,14,28,148
18986,61,14,28,148
18987,61,14,28,148
18988,61,14,28,148
18989,61,14,28,148
18990,61,14,28,148
18991,61,14,28,148
18992,61,14,28,148
18993,61,14,28,148
18994,61,14,28,148
18995,61,14,28,148
18996,61,14,28,148
18997,61,14,28,148
18998,61,14,28,148
18999,61,14,28,148
19000,61,14,28,148
19001,61,14,28,148
19002,61,14,28,148
19003,61,14,28,148
19004,61,14,28,148
19005,61,14,28,148
19006,61,14,28,148
19007,61,14,28,148
19008,61,14,28,148
19009,61,14,28,148
19010,61,14,28,148
19011,61,14,28,148
19012,61,14,28,148
19013,61,14,28,148
19014,61,14,28,148
19015,61,14,28,148
19016,61,14,28,148
19017,61,14,28,148
19018,61,14,28,148
19019,61,14,28,148
19020,61,14,28,148
19021,61,14,28,148
19022,61,14,28,148
19023,61,14,28,148
19024,61,14,28,148
19025,61,14,28,148
19026,61,14,28,148
19027,61,14,28,148
19028,61,14,28,148
19029,61,14,28,148
19030,61,14,28,148
19031,61,14,28,148
19032,61,14,28,148
19033,61,14,28,148
19034,61,14,28,148
19035,61,14,28,148
19036,61,14,28,148
19037,61,14,28,148
19038,61,14,28,148
19039,61,14,28,148
19040,61,14,28,148
19041,61,14,28,148
19042,61,14,28,148
19043,61,14,28,148
19044,61,14,28,148
19045,61,14,28,148
19046,61,14,28,148
19047,61,14,28,148
19048,61,14,28,148
19049,61,14,28,148
19050,61,14,28,148
19051,61,14,28,148
19052,61,14,28,148
19053,61,14,28,149
19054,61,14,28,149
19055,61,14,28,149
19056,61,14,28,149
19057,61,14,28,149
19058,61,14,28,149
19059,61,14,28,149
19060,61,14,28,149
19061,61,14,28,149
19062,61,14,28,149
19063,61,14,28,149
19064,61,14,28,149
19065,61,14,28,149
19066,61,14,28,149
19067,61,14,28,149
19068,61,14,28,149
19069,61,14,28,149
19070,61,14,28,149
19071,61,14,28,149
19072,61,14,28,149
19073,61,14,28,149
19074,61,14,28,149
19075,61,14,28,150
19076,61,14,28,150
19077,61,14,28,150
19078,61,14,28,150
19079,61,14,28,150
19080,61,14,28,150
19081,61,14,28,150
19082,61,14,28,150
19083,61,14,28,150
19084,61,14,28,150
19085,61,14,28,150
19086,61,14,28,150
19087,61,14,28,150
19088,61,14,28,150
19089,61,14,28,150
19090,61,14,28,150
19091,61,14,28,150
19092,61,14,28,150
19093,61,14,28,150
19094,61,14,28,150
19095,61,14,28,150
19096,61,14,28,150
19097,61,14,28,150
19098,61,14,28,150
19099,61,14,28,150
19100,61,14,28,150
19101,61,14,28,150
19102,61,14,28,150
19103,61,14,28,150
19104,61,14,28,150
19105,61,14,28,150
19106,61,14,28,150
19107,61,14,28,150
19108,61,14,28,150
19109,61,14,28,150
19110,61,14,28,150
19111,61,14,28,150
19112,61,14,28,150
19113,61,14,28,150
19114,61,14,28,150
19115,61,14,28,150
19116,61,14,28,150
19117,61,14,28,150
19118,61,14,28,150
19119,61,14,28,150
19120,61,14,28,150
19121,61,14,28,150
19122,61,14,28,150
19123,61,14,28,150
19124,61,14,28,150
19125,61,14,28,150
19126,61,14,28,150
19127,61,14,28,150
19128,61,14,28,150
19129,61,14,28,150
19130,61,14,28,150
19131,61,14,28,150
19132,61,14,28,150
19133,61,14,28,150
19134,61,14,28,150
19135,61,14,28,150
19136,61,14,28,150
19137,61,14,28,150
19138,61,14,28,150
19139,61,14,28,150
19140,61,14,28,150
19141,61,14,28,150
19142,61,14,28,150
19143,61,14,28,150
19144,61,14,28,150
19145,61,14,28,150
19146,61,14,28,150
19147,61,14,28,150
19148,61,14,28,150
19149,61,14,28,150
19150,61,14,28,150
19151,61,14,28,150
19152,61,14,28,150
19153,61,14,28,150
19154,61,14,28,150
19155,61,14,28,150
19156,61,14,28,150
19157,61,14,28,150
19158,61,14,28,150
19159,61,14,28,150
19160,61,14,28,150
19161,61,14,28,150
19162,61,14,28,150
19163,61,14,28,150
19164,61,14,28,150
19165,61,14,28,150
19166,61,14,28,150
19167,61,14,28,150
19168,61,14,28,150
19169,61,14,28,150
19170,61,14,28,150
19171,61,14,28,150
19172,61,14,28,150
19173,61,14,28,150
19174,61,14,28,150
19175,61,14,28,150
19176,61,14,28,150
19177,61,14,28,150
19178,61,14,28,150
19179,61,14,28,150
19180,61,14,28,150
19181,61,14,28,151
19182,61,14,28,151
19183,61,14,28,151
19184,61,14,28,151
19185,61,14,28,151
19186,61,14,28,151
19187,61,14,28,151
19188,61,14,28,151
19189,61,14,28,151
19190,61,14,28,151
19191,61,14,28,151
19192,61,14,28,151
19193,61,14,28,151
19194,61,14,28,151
19195,61,14,28,151
19196,61,14,28,151
19197,61,14,28,151
19198,61,14,28,151
19199,61,14,28,151
19200,61,14,28,151
19201,61,14,28,151
19202,61,14,28,151
19203,61,14,28,151
19204,61,14,28,151
19205,61,14,28,151
19206,61,14,28,151
19207,61,14,28,151
19208,61,14,28,151
19209,61,14,28,151
19210,61,14,28,151
19211,61,14,28,151
19212,61,14,28,151
19213,61,14,28,151
19214,61,14,28,151
19215,61,14,28,151
19216,61,14,28,151
19217,61,14,28,151
19218,61,14,28,151
19219,61,14,28,151
19220,61,14,28,151
19221,61,14,28,151
19222,61,14,28,151
19223,61,14,28,151
19224,61,14,28,151
19225,61,14,28,151
19226,61,14,28,151
19227,61,14,28,151
19228,61,14,28,151
19229,61,14,28,151
19230,61,14,28,151
19231,61,14,28,151
19232,61,14,28,151
19233,61,14,28,151
19234,61,14,28,151
19235,61,14,28,151
19236,61,14,28,151
19237,61,14,28,151
19238,61,14,28,151
19239,61,14,28,151
19240,61,14,28,151
19241,61,14,28,151
19242,61,14,28,151
19243,61,14,28,151
19244,61,14,28,151
19245,61,14,28,151
19246,61,14,28,151
19247,61,14,28,151
19248,61,14,28,151
19249,61,14,28,151
19250,61,14,28,151
19251,61,14,28,151
19252,61,14,28,151
19253,61,14,28,151
19254,61,14,28,151
19255,61,14,28,151
19256,61,14,28,151
19257,61,14,28,151
19258,61,14,28,151
19259,61,14,28,151
19260,61,14,28,151
19261,61,14,28,151
19262,61,14,28,151
19263,61,14,28,151
19264,61,14,28,151
19265,61,14,28,151
19266,61,14,28,151
19267,61,14,28,151
19268,61,14,28,151
19269,61,14,28,151
19270,61,14,28,151
19271,61,14,28,151
19272,61,14,28,151
19273,61,14,28,151
19274,61,14,28,151
19275,61,14,28,151
19276,61,14,28,151
19277,61,14,28,151
19278,61,14,28,151
19279,61,14,28,151
19280,61,14,28,151
19281,61,14,28,151
19282,61,14,28,151
19283,61,14,28,151
19284,61,14,28,151
19285,61,14,28,151
19286,61,14,28,151
19287,61,14,28,151
19288,61,14,28,151
19289,61,14,28,151
19290,61,14,28,151
19291,61,14,28,151
19292,61,14,28,151
19293,61,14,28,151
19294,61,14,28,151
19295,61,14,28,151
19296,61,14,28,151
19297,61,14,28,151
19298,61,14,28,151
19299,61,14,28,151
19300,61,14,28,151
19301,61,14,28,151
19302,61,14,28,151
19303,61,14,28,151
19304,61,14,28,151
19305,61,14,28,151
19306,61,14,28,151
19307,61,14,28,151
19308,61,14,28,151
19309,61,14,28,151
19310,61,14,28,151
19311,61,14,28,151
19312,61,14,28,151
19313,61,14,28,151
19314,61,14,28,151
19315,61,14,28,151
19316,61,14,28,151
19317,61,14,28,151
19318,61,14,28,151
19319,61,14,28,151
19320,61,14,28,151
19321,61,14,28,151
19322,61,14,28,151
19323,61,14,28,151
19324,61,14,28,151
19325,61,14,28,151
19326,61,14,28,151
19327,61,14,28,151
19328,61,14,28,151
19329,61,14,28,151
19330,61,14,28,151
19331,61,14,28,151
19332,61,14,28,151
19333,61,14,28,151
19334,61,14,28,151
19335,61,14,28,151
19336,61,14,28,151
19337,61,14,28,151
19338,61,14,28,151
19339,61,14,28,151
19340,61,14,28,151
19341,61,14,28,151
19342,61,14,28,151
19343,61,14,28,151
19344,61,14,28,151
19345,61,14,28,151
19346,61,14,28,151
19347,61,14,28,151
19348,61,14,28,151
19349,61,14,28,151
19350,61,14,28,151
19351,61,14,28,151
19352,61,14,28,151
19353,61,14,28,151
19354,61,14,28,151
19355,61,14,28,151
19356,61,14,28,151
19357,61,14,28,151
19358,61,14,28,151
19359,61,14,28,151
19360,61,14,28,151
19361,61,14,28,151
19362,61,14,28,151
19363,61,14,28,151
19364,61,14,28,151
19365,61,14,28,151
19366,61,14,28,151
19367,61,14,28,151
19368,61,14,28,151
19369,61,14,28,151
19370,61,14,28,151
19371,61,14,28,151
19372,61,14,28,151
19373,61,14,28,151
19374,61,14,28,151
19375,61,14,28,151
19376,61,14,28,151
19377,61,14,28,152
19378,61,14,28,152
19379,61,14,28,152
19380,61,14,28,152
19381,61,14,28,152
19382,61,14,28,152
19383,61,14,28,152
19384,61,14,28,152
19385,61,14,28,152
19386,61,14,28,152
19387,61,14,28,152
19388,61,14,28,152
19389,61,14,28,152
19390,61,14,28,152
19391,61,14,28,152
19392,61,14,28,152
19393,61,14,28,152
19394,61,14,28,152
19395,61,14,28,152
19396,61,14,28,152
19397,61,14,28,152
19398,61,14,28,152
19399,61,14,28,152
19400,61,14,28,152
19401,61,14,28,152
19402,61,14,28,152
19403,61,14,28,152
19404,61,14,28,152
19405,61,14,28,152
19406,61,14,28,152
19407,61,14,28,152
19408,61,14,28,152
19409,61,14,28,152
19410,61,14,28,152
19411,61,14,28,152
19412,61,14,28,152
19413,61,14,28,152
19414,61,14,28,152
19415,61,14,28,152
19416,61,14,28,152
19417,61,14,28,152
19418,61,14,28,152
19419,61,14,28,152
19420,61,14,28,152
19421,61,14,28,153
19422,61,14,28,153
19423,61,14,28,153
19424,61,14,28,153
19425,61,14,28,153
19426,61,14,28,153
19427,61,14,28,153
19428,61,14,28,153
19429,61,14,28,153
19430,61,14,28,153
19431,61,14,28,153
19432,61,14,28,153
19433,61,14,28,153
19434,61,14,28,153
19435,61,14,28,153
19436,61,14,28,153
19437,61,14,28,153
19438,61,14,28,153
19439,61,14,28,153
19440,61,14,28,153
19441,61,14,28,153
19442,61,14,28,153
19443,61,14,28,153
19444,61,14,28,153
19445,61,14,28,153
19446,61,14,28,153
19447,61,14,28,153
19448,61,14,28,153
19449,61,14,28,153
19450,61,14,28,153
19451,61,14,28,153
19452,61,14,28,153
19453,61,14,28,153
19454,61,14,28,153
19455,61,14,28,153
19456,61,14,28,153
19457,61,14,28,153
19458,61,14,28,153
19459,61,14,28,153
19460,61,14,28,153
19461,61,14,28,153
19462,61,14,28,153
19463,61,14,28,153
19464,61,14,28,153
19465,61,14,28,153
19466,61,14,28,153
19467,61,14,28,153
19468,61,14,28,153
19469,61,14,28,153
19470,61,14,28,153
19471,61,14,28,153
19472,61,14,28,153
19473,61,14,28,153
19474,61,14,28,153
19475,61,14,28,153
19476,61,14,28,153
19477,61,14,28,153
19478,61,14,28,153
19479,61,14,28,153
19480,61,14,28,153
19481,61,14,28,153
19482,61,14,28,153
19483,61,14,28,153
19484,61,14,28,153
19485,61,14,28,153
19486,61,14,28,153
19487,61,14,28,153
19488,61,14,28,153
19489,61,14,28,153
19490,61,14,28,153
19491,61,14,28,153
19492,61,14,28,153
19493,61,14,28,153
19494,61,14,28,153
19495,61,14,28,153
19496,61,14,28,153
19497,61,14,28,153
19498,61,14,28,153
19499,61,14,28,153
19500,61,14,28,153
19501,61,14,28,153
19502,61,14,28,153
19503,61,14,28,153
19504,61,14,28,153
19505,61,14,28,153
19506,61,14,28,153
19507,61,14,28,153
19508,61,14,28,153
19509,61,14,28,153
19510,61,14,28,153
19511,61,14,28,153
19512,61,14,28,153
19513,61,14,28,153
19514,61,14,28,153
19515,61,14,28,153
19516,61,14,28,153
19517,61,14,28,153
19518,61,14,28,153
19519,61,14,28,153
19520,61,14,28,153
19521,61,14,28,153
19522,61,14,28,153
19523,61,14,28,153
19524,61,14,28,153
19525,61,14,28,153
19526,61,14,28,153
19527,61,14,28,153
19528,61,14,28,153
19529,61,14,28,153
19530,61,14,28,153
19531,61,14,28,153
19532,61,14,28,153
19533,61,14,28,153
19534,61,14,28,153
19535,61,14,28,153
19536,61,14,28,153
19537,61,14,28,153
19538,61,14,28,153
19539,61,14,28,153
19540,61,14,28,153
19541,61,14,28,153
19542,61,14,28,153
19543,61,14,28,153
19544,61,14,28,153
19545,61,14,28,153
19546,61,14,28,153
19547,61,14,28,153
19548,61,14,28,153
19549,61,14,28,153
19550,61,14,28,153
19551,61,14,28,153
19552,61,14,28,153
19553,61,14,28,153
19554,61,14,28,153
19555,61,14,28,153
19556,61,14,28,153
19557,61,14,28,153
19558,61,14,28,153
19559,61,14,28,153
19560,61,14,28,153
19561,61,14,28,153
19562,61,14,28,153
19563,61,14,28,153
19564,61,14,28,153
19565,61,14,28,153
19566,61,14,28,153
19567,61,14,28,153
19568,61,14,28,153
19569,61,14,28,153
19570,61,14,28,153
19571,61,14,28,153
19572,61,14,28,153
19573,61,14,28,153
19574,61,14,28,153
19575,61,14,28,153
19576,61,14,28,153
19577,61,14,28,153
19578,61,14,28,153
19579,61,14,28,153
19580,61,14,28,153
19581,61,14,28,153
19582,61,14,28,153
19583,61,14,28,153
19584,61,14,28,153
19585,61,14,28,153
19586,61,14,28,153
19587,61,14,28,153
19588,61,14,28,153
19589,61,14,28,153
19590,61,14,28,153
19591,61,14,28,153
19592,61,14,28,153
19593,61,14,28,153
19594,61,14,28,153
19595,61,14,28,153
19596,61,14,28,153
19597,61,14,28,153
19598,61,14,28,153
19599,61,14,28,153
19600,61,14,28,153
19601,61,14,28,153
19602,61,14,28,153
19603,61,14,28,153
19604,61,14,28,153
19605,61,14,28,153
19606,61,14,28,153
19607,61,14,28,153
19608,61,14,28,153
19609,61,14,28,153
19610,61,14,28,153
19611,61,14,28,153
19612,61,14,28,153
19613,61,14,28,153
19614,61,14,28,153
19615,61,14,28,153
19616,61,14,28,153
19617,61,14,28,153
19618,61,14,28,153
19619,61,14,28,153
19620,61,14,28,153
19621,61,14,28,153
19622,61,14,28,153
19623,61,14,28,153
19624,61,14,28,153
19625,61,14,28,153
19626,61,14,28,153
19627,61,14,28,153
19628,61,14,28,154
19629,61,14,28,154
19630,61,14,28,154
19631,61,14,28,154
19632,61,14,28,154
19633,61,14,28,154
19634,61,14,28,154
19635,61,14,28,154
19636,61,14,28,154
19637,61,14,28,154
19638,61,14,28,154
19639,61,14,28,154
19640,61,14,28,154
19641,61,14,28,155
19642,61,14,28,155
19643,61,14,28,155
19644,61,14,28,155
19645,61,14,28,155
19646,61,14,28,155
19647,61,14,28,155
19648,61,14,28,155
19649,61,14,28,155
19650,61,14,28,155
19651,61,14,28,155
19652,61,14,28,155
19653,61,14,28,155
19654,61,14,28,155
19655,61,14,28,155
19656,61,14,28,155
19657,61,14,28,155
19658,61,14,28,155
19659,61,14,28,155
19660,61,14,28,155
19661,61,14,28,155
19662,61,14,28,155
19663,61,14,28,155
19664,61,14,28,155
19665,61,14,28,155
19666,61,14,28,155
19667,61,14,28,155
19668,61,14,28,155
19669,61,14,28,155
19670,61,14,28,155
19671,61,14,28,155
19672,61,14,28,155
19673,61,14,28,155
19674,61,14,28,155
19675,61,14,28,155
19676,61,14,28,155
19677,61,14,28,155
19678,61,14,28,155
19679,61,14,28,155
19680,61,14,28,155
19681,61,14,28,155
19682,61,14,28,155
19683,61,14,28,155
19684,61,14,28,155
19685,61,14,28,155
19686,61,14,28,155
19687,61,14,28,155
19688,61,14,28,155
19689,61,14,28,155
19690,61,14,28,155
19691,61,14,28,155
19692,61,14,28,155
19693,61,14,28,155
19694,61,14,28,155
19695,61,14,28,155
19696,61,14,28,155
19697,61,14,28,155
19698,61,14,28,155
19699,61,14,28,155
19700,61,14,28,155
19701,61,14,28,155
19702,61,14,28,155
19703,61,14,28,155
19704,61,14,28,155
19705,61,14,28,155
19706,61,14,28,155
19707,61,14,28,155
19708,61,14,28,155
19709,61,14,28,155
19710,61,14,28,155
19711,61,14,28,155
19712,61,14,28,155
19713,61,14,28,155
19714,61,14,28,155
19715,61,14,28,155
19716,61,14,28,155
19717,61,14,28,155
19718,61,14,28,155
19719,61,14,28,155
19720,61,14,28,155
19721,61,14,28,155
19722,61,14,28,155
19723,61,14,28,155
19724,61,14,28,155
19725,61,14,28,155
19726,61,14,28,155
19727,61,14,28,155
19728,61,14,28,155
19729,61,14,28,155
19730,61,14,28,155
19731,61,14,28,155
19732,61,14,28,155
19733,61,14,28,155
19734,61,14,28,155
19735,61,14,28,155
19736,61,14,28,155
19737,61,14,28,155
19738,61,14,28,155
19739,61,14,28,155
19740,61,14,28,155
19741,61,14,28,155
19742,61,14,28,155
19743,61,14,28,155
19744,61,14,28,155
19745,61,14,28,155
19746,61,14,28,155
19747,61,14,28,155
19748,61,14,28,155
19749,61,14,28,155
19750,61,14,28,155
19751,61,14,28,155
19752,61,14,28,155
19753,61,14,28,155
19754,61,14,28,155
19755,61,14,28,155
19756,61,14,28,155
19757,61,14,28,155
19758,61,14,28,155
19759,61,14,28,155
19760,61,14,28,155
19761,61,14,28,155
19762,61,14,28,155
19763,61,14,28,155
19764,61,14,28,155
19765,61,14,28,155
19766,61,14,28,155
19767,61,14,28,155
19768,61,14,28,155
19769,61,14,28,155
19770,61,14,28,155
19771,61,14,28,155
19772,61,14,28,155
19773,61,14,28,155
19774,61,14,28,155
19775,61,14,28,155
19776,61,14,28,155
19777,61,14,28,155
19778,61,14,28,155
19779,61,14,28,155
19780,61,14,28,155
19781,61,14,28,155
19782,61,14,28,155
19783,61,14,28,155
19784,61,14,28,155
19785,61,14,28,155
19786,61,14,28,155
19787,61,14,28,155
19788,61,14,28,155
19789,61,14,28,155
19790,61,14,28,155
19791,61,14,28,155
19792,61,14,28,155
19793,61,14,28,155
19794,61,14,28,155
19795,61,14,28,155
19796,61,14,28,155
19797,61,14,28,155
19798,61,14,28,155
19799,61,14,28,155
19800,61,14,28,155
19801,61,14,28,155
19802,61,14,28,155
19803,61,14,28,155
19804,61,14,28,155
19805,61,14,28,155
19806,61,14,28,155
19807,61,14,28,155
19808,61,14,28,155
19809,61,14,28,155
19810,61,14,28,155
19811,61,14,28,155
19812,61,14,28,155
19813,61,14,28,155
19814,61,14,28,155
19815,61,14,28,155
19816,61,14,28,156
19817,61,14,28,156
19818,61,14,28,156
19819,61,14,28,156
19820,61,14,28,156
19821,61,14,28,156
19822,61,14,28,156
19823,61,14,28,156
19824,61,14,28,156
19825,61,14,28,156
19826,61,14,28,156
19827,61,14,28,156
19828,61,14,28,156
19829,61,14,28,156
19830,61,14,28,156
19831,61,14,28,156
19832,61,14,28,156
19833,61,14,28,156
19834,61,14,28,156
19835,61,14,28,156
19836,61,14,28,156
19837,61,14,28,156
19838,61,14,28,156
19839,61,14,28,156
19840,61,14,28,156
19841,61,14,28,156
19842,61,14,28,156
19843,61,14,28,157
19844,61,14,28,157
19845,61,14,28,157
19846,61,14,28,157
19847,61,14,28,157
19848,61,14,28,157
19849,61,14,28,157
19850,61,14,28,157
19851,61,14,28,157
19852,61,14,28,157
19853,61,14,28,157
19854,61,14,28,157
19855,61,14,28,157
19856,61,14,28,157
19857,61,14,28,157
19858,61,14,28,158
19859,61,14,28,158
19860,61,14,28,158
19861,61,14,28,158
19862,61,14,28,158
19863,61,14,28,158
19864,61,14,28,158
19865,61,14,28,158
19866,61,14,28,158
19867,61,14,28,158
19868,61,14,28,158
19869,61,14,28,158
19870,61,14,28,158
19871,61,14,28,158
19872,61,14,28,158
19873,61,14,28,158
19874,61,14,28,158
19875,61,14,28,158
19876,61,14,28,158
19877,61,14,28,158
19878,61,14,28,158
19879,61,14,28,158
19880,61,14,28,158
19881,61,14,28,158
19882,61,14,28,158
19883,61,14,28,158
19884,61,14,28,158
19885,61,14,28,158
19886,61,14,28,158
19887,61,14,28,158
19888,61,14,28,158
19889,61,14,28,158
19890,61,14,28,158
19891,61,14,28,158
19892,61,14,28,158
19893,61,14,28,158
19894,61,14,28,158
19895,61,14,28,158
19896,61,14,28,158
19897,61,14,28,158
19898,61,14,28,158
19899,61,14,28,158
19900,61,14,28,158
19901,61,14,28,158
19902,61,14,28,158
19903,61,14,28,158
19904,61,14,28,158
19905,61,14,28,158
19906,61,14,28,158
19907,61,14,28,158
19908,61,14,28,158
19909,61,14,28,158
19910,61,14,28,158
19911,61,14,28,158
19912,61,14,28,158
19913,61,14,28,158
19914,61,14,28,158
19915,61,14,28,158
19916,61,14,28,158
19917,61,14,28,158
19918,61,14,28,158
19919,61,14,28,158
19920,61,14,28,158
19921,61,14,28,158
19922,61,14,28,158
19923,61,14,28,158
19924,61,14,28,158
19925,61,14,28,158
19926,61,14,28,158
19927,61,14,28,158
19928,61,14,28,158
19929,61,14,28,158
19930,61,14,28,158
19931,61,14,28,158
19932,61,14,28,158
19933,61,14,28,158
19934,61,14,28,158
19935,61,14,28,158
19936,61,14,28,158
19937,61,14,28,158
19938,61,14,28,158
19939,61,14,28,158
19940,61,14,28,158
19941,61,14,28,158
19942,61,14,28,158
19943,61,14,28,158
19944,61,14,28,158
19945,61,14,28,158
19946,61,14,28,158
19947,61,14,28,158
19948,61,14,28,158
19949,61,14,28,158
19950,61,14,28,158
19951,61,14,28,158
19952,61,14,28,158
19953,61,14,28,158
19954,61,14,28,158
19955,61,14,28,158
19956,61,14,28,158
19957,61,14,28,158
19958,61,14,28,158
19959,61,14,28,158
19960,61,14,28,158
19961,61,14,28,158
19962,61,14,28,158
19963,61,14,28,158
19964,61,14,28,158
19965,61,14,28,158
19966,61,14,28,158
19967,61,14,28,158
19968,61,14,28,158
19969,61,14,28,158
19970,61,14,28,158
19971,61,14,28,158
19972,61,14,28,158
19973,61,14,28,158
19974,61,14,28,158
19975,61,14,28,158
19976,61,14,28,158
19977,61,14,28,158
19978,61,14,28,158
19979,61,14,28,158
19980,61,14,28,158
19981,61,14,28,158
19982,61,14,28,158
19983,61,14,28,158
19984,61,14,28,158
19985,61,14,28,158
19986,61,14,28,158
19987,61,14,28,158
19988,61,14,28,158
19989,61,14,28,158
19990,61,14,28,158
19991,61,14,28,158
19992,61,14,28,158
19993,61,14,28,158
19994,61,14,28,159
19995,61,14,28,159
19996,61,14,28,159
19997,61,14,28,159
19998,61,14,28,159
19999,61,14,28,159
20000,61,14,28,159
20001,61,14,28,159
20002,61,14,28,159
20003,61,14,28,159
20004,61,14,28,159
20005,61,14,28,159
20006,61,14,28,159
20007,61,14,28,159
20008,61,14,28,159
20009,61,14,28,159
20010,61,14,28,159
20011,61,14,28,159
20012,61,14,28,159
20013,61,14,28,159
20014,61,14,28,159
20015,61,14,28,160
20016,61,14,28,160
20017,61,14,28,160
20018,61,14,28,160
20019,61,14,28,160
20020,61,14,28,160
20021,61,14,28,160
20022,61,14,28,160
20023,61,14,28,160
20024,61,14,28,160
20025,61,14,28,160
20026,61,14,28,160
20027,61,14,28,160
20028,61,14,28,160
20029,61,14,28,160
20030,61,14,28,160
20031,61,14,28,160
20032,61,14,28,160
20033,61,14,28,160
20034,61,14,28,160
20035,61,14,28,161
20036,61,14,28,161
20037,61,14,28,161
20038,61,14,28,161
20039,61,14,28,161
20040,61,14,28,161
20041,61,14,28,161
20042,61,14,28,161
20043,61,14,28,161
20044,61,14,28,161
20045,61,14,28,161
20046,61,14,28,161
20047,61,14,28,161
20048,61,14,28,161
20049,61,14,28,161
20050,61,14,28,161
20051,61,14,28,161
20052,61,14,28,161
20053,61,14,28,161
20054,61,14,28,161
20055,61,14,28,161
20056,61,14,28,161
20057,61,14,28,161
20058,61,14,28,161
20059,61,14,28,161
20060,61,14,28,161
20061,61,14,28,161
20062,61,14,28,161
20063,61,14,28,161
20064,61,14,28,161
20065,61,14,28,161
20066,61,14,28,161
20067,61,14,28,161
20068,61,14,28,161
20069,61,14,28,161
20070,61,14,28,161
20071,61,14,28,161
20072,61,14,28,161
20073,61,14,28,161
20074,61,14,28,161
20075,61,14,28,161
20076,61,14,28,161
20077,61,14,28,161
20078,61,14,28,161
20079,61,14,28,161
20080,61,14,28,161
20081,61,14,28,161
20082,61,14,28,161
20083,61,14,28,161
20084,61,14,28,161
20085,61,14,28,161
20086,61,14,28,161
20087,61,14,28,161
20088,61,14,28,161
20089,61,14,28,161
20090,61,14,28,161
20091,61,14,28,161
20092,61,14,28,161
20093,61,14,28,161
20094,61,14,28,161
20095,61,14,28,161
20096,61,14,28,161
20097,61,14,28,161
20098,61,14,28,161
20099,61,14,28,161
20100,61,14,28,161
20101,61,14,28,161
20102,61,14,28,161
20103,61,14,28,161
20104,61,14,28,161
20105,61,14,28,161
20106,61,14,28,161
20107,61,14,28,161
20108,61,14,28,161
20109,61,14,28,161
20110,61,14,28,161
20111,61,14,28,161
20112,61,14,28,161
20113,61,14,28,161
20114,61,14,28,161
20115,61,14,28,161
20116,61,14,28,161
20117,61,14,28,161
20118,61,14,28,161
20119,61,14,28,161
20120,61,14,28,161
20121,61,14,28,161
20122,61,14,28,161
20123,61,14,28,161
20124,61,14,28,162
20125,61,14,28,162
20126,61,14,28,162
20127,61,14,28,162
20128,61,14,28,162
20129,61,14,28,162
20130,61,14,28,162
20131,61,14,28,162
20132,61,14,28,162
20133,61,14,28,162
20134,61,14,28,162
20135,61,14,28,162
20136,61,14,28,162
20137,61,14,28,162
20138,61,14,28,162
20139,61,14,28,162
20140,61,14,28,162
20141,61,14,28,162
20142,61,14,28,162
20143,61,14,28,162
20144,61,14,28,162
20145,61,14,28,162
20146,61,14,28,162
20147,61,14,28,162
20148,61,14,28,162
20149,61,14,28,162
20150,61,14,28,162
20151,61,14,28,162
20152,61,14,28,162
20153,61,14,28,162
20154,61,14,28,162
20155,61,14,28,162
20156,61,14,28,162
20157,61,14,28,162
20158,61,14,28,162
20159,61,14,28,162
20160,61,14,28,162
20161,61,14,28,162
20162,61,14,28,162
20163,61,14,28,162
20164,61,14,28,162
20165,61,14,28,162
20166,61,14,28,162
20167,61,14,28,162
20168,61,14,28,162
20169,61,14,28,162
20170,61,14,28,162
20171,61,14,28,162
20172,61,14,28,162
20173,61,14,28,162
20174,61,14,28,162
20175,61,14,28,162
20176,61,14,28,162
20177,61,14,28,162
20178,61,14,28,162
20179,61,14,28,162
20180,61,14,28,162
20181,61,14,28,162
20182,61,14,28,162
20183,61,14,28,162
20184,61,14,28,162
20185,61,14,28,162
20186,61,14,28,162
20187,61,14,28,162
20188,61,14,28,162
20189,61,14,28,162
20190,61,14,28,162
20191,61,14,28,162
20192,61,14,28,162
20193,61,14,28,162
20194,61,14,28,162
20195,61,14,28,162
20196,61,14,28,162
20197,61,14,28,162
20198,61,14,28,162
20199,61,14,28,162
20200,61,14,28,162
20201,61,14,28,162
20202,61,14,28,162
20203,61,14,28,162
20204,61,14,28,162
20205,61,14,28,162
20206,61,14,28,162
20207,61,14,28,162
20208,61,14,28,162
20209,61,14,28,162
20210,61,14,28,162
20211,61,14,28,162
20212,61,14,28,162
20213,61,14,28,162
20214,61,14,28,162
20215,61,14,28,162
20216,61,14,28,162
20217,61,14,28,162
20218,61,14,28,162
20219,61,14,28,162
20220,61,14,28,162
20221,61,14,28,162
20222,61,14,28,162
20223,61,14,28,162
20224,61,14,28,162
20225,61,14,28,162
20226,61,14,28,162
20227,61,14,28,162
20228,61,14,28,162
20229,61,14,28,162
20230,61,14,28,162
20231,61,14,28,162
20232,61,14,28,162
20233,61,14,28,162
20234,61,14,28,162
20235,61,14,28,162
20236,61,14,28,162
20237,61,14,28,162
20238,61,14,28,162
20239,61,14,28,162
20240,61,14,28,162
20241,61,14,28,162
20242,61,14,28,162
20243,61,14,28,162
20244,61,14,28,162
20245,61,14,28,162
20246,61,14,28,162
20247,61,14,28,162
20248,61,14,28,162
20249,61,14,28,162
20250,61,14,28,162
20251,61,14,28,162
20252,61,14,28,162
20253,61,14,28,162
20254,61,14,28,162
20255,61,14,28,162
20256,61,14,28,162
20257,61,14,28,162
20258,61,14,28,162
20259,61,14,28,162
20260,61,14,28,162
20261,61,14,28,162
20262,61,14,28,162
20263,61,14,28,162
20264,61,14,28,162
20265,61,14,28,162
20266,61,14,28,162
20267,61,14,28,162
20268,61,14,28,162
20269,61,14,28,162
20270,61,14,28,162
20271,61,14,28,162
20272,61,14,28,162
20273,61,14,28,162
20274,61,14,28,162
20275,61,14,28,162
20276,61,14,28,162
20277,61,14,28,162
20278,61,14,28,162
20279,61,14,28,162
20280,61,14,28,162
20281,61,14,28,162
20282,61,14,28,162
20283,61,14,28,162
20284,61,14,28,162
20285,61,14,28,162
20286,61,14,28,162
20287,61,14,28,162
20288,61,14,28,162
20289,61,14,28,162
20290,61,14,28,162
20291,61,14,28,162
20292,61,14,28,162
20293,61,14,28,162
20294,61,14,28,162
20295,61,14,28,162
20296,61,14,28,162
20297,61,14,28,162
20298,61,14,28,162
20299,61,14,28,162
20300,61,14,28,162
20301,61,14,28,162
20302,61,14,28,162
20303,61,14,28,162
20304,61,14,28,162
20305,61,14,28,162
20306,61,14,28,162
20307,61,14,28,162
20308,61,14,28,162
20309,61,14,28,162
20310,61,14,28,162
20311,61,14,28,162
20312,61,14,28,162
20313,61,14,28,162
20314,61,14,28,162
20315,61,14,28,162
20316,61,14,28,162
20317,61,14,28,162
20318,61,14,28,162
20319,61,14,28,162
20320,61,14,28,162
20321,61,14,28,162
20322,61,14,28,162
20323,61,14,28,162
20324,61,14,28,162
20325,61,14,28,162
20326,61,14,28,162
20327,61,14,28,162
20328,61,14,28,162
20329,61,14,28,162
20330,61,14,28,162
20331,61,14,28,162
20332,61,14,28,162
20333,61,14,28,162
20334,61,14,28,162
20335,61,14,28,162
20336,61,14,28,162
20337,61,14,28,162
20338,61,14,28,162
20339,61,14,28,162
20340,61,14,28,162
20341,61,14,28,162
20342,61,14,28,162
20343,61,14,28,162
20344,61,14,28,162
20345,61,14,28,162
20346,61,14,28,162
20347,61,14,28,162
20348,61,14,28,162
20349,61,14,28,162
20350,61,14,28,162
20351,61,14,28,162
20352,61,14,28,162
20353,61,14,28,162
20354,61,14,28,162
20355,61,14,28,162
20356,61,14,28,162
20357,61,14,28,162
20358,61,14,28,162
20359,61,14,28,162
20360,61,14,28,162
20361,61,14,28,162
20362,61,14,28,162
20363,61,14,28,162
20364,61,14,28,162
20365,61,14,28,162
20366,61,14,28,162
20367,61,14,28,162
20368,61,14,28,162
20369,61,14,28,162
20370,61,14,28,162
20371,61,14,28,162
20372,61,14,28,162
20373,61,14,28,162
20374,61,14,28,162
20375,61,14,28,162
20376,61,14,28,162
20377,61,14,28,162
20378,61,14,28,162
20379,61,14,28,162
20380,61,14,28,162
20381,61,14,28,162
20382,61,14,28,162
20383,61,14,28,162
20384,61,14,28,162
20385,61,14,28,162
20386,61,14,28,162
20387,61,14,28,162
20388,61,14,28,162
20389,61,14,28,162
20390,61,14,28,162
20391,61,14,28,162
20392,61,14,28,163
20393,61,14,28,163
20394,61,14,28,163
20395,61,14,28,163
20396,61,14,28,163
20397,61,14,28,163
20398,61,14,28,163
20399,61,14,28,163
20400,61,14,28,163
20401,61,14,28,163
20402,61,14,28,163
20403,61,14,28,163
20404,61,14,28,163
20405,61,14,28,163
20406,61,14,28,163
20407,61,14,28,163
20408,61,14,28,163
20409,61,14,28,163
20410,61,14,28,163
20411,61,14,28,163
20412,61,14,28,163
20413,61,14,28,163
20414,61,14,28,163
20415,61,14,28,163
20416,61,14,28,163
20417,61,14,28,163
20418,61,14,28,163
20419,61,14,28,163
20420,61,14,28,163
20421,61,14,28,163
20422,61,14,28,163
20423,61,14,28,163
20424,61,14,28,163
20425,61,14,28,163
20426,61,14,28,163
20427,61,14,28,163
20428,61,14,28,163
20429,61,14,28,163
20430,61,14,28,163
20431,61,14,28,163
20432,61,14,28,163
20433,61,14,28,163
20434,61,14,28,163
20435,61,14,28,163
20436,61,14,28,163
20437,61,14,28,163
20438,61,14,28,163
20439,61,14,28,163
20440,61,14,28,163
20441,61,14,28,163
20442,61,14,28,163
20443,61,14,28,163
20444,61,14,28,163
20445,61,14,28,163
20446,61,14,28,163
20447,61,14,28,163
20448,61,14,28,163
20449,61,14,28,163
20450,61,14,28,163
20451,61,14,28,163
20452,61,14,28,163
20453,61,14,28,163
20454,61,14,28,163
20455,61,14,28,163
20456,61,14,28,163
20457,61,14,28,163
20458,61,14,28,163
20459,61,14,28,163
20460,61,14,28,163
20461,61,14,28,163
20462,61,14,28,163
20463,61,14,28,163
20464,61,14,28,163
20465,61,14,28,163
20466,61,14,28,163
20467,61,14,28,163
20468,61,14,28,163
20469,61,14,28,163
20470,61,14,28,163
20471,61,14,28,163
20472,61,14,28,163
20473,61,14,28,163
20474,61,14,28,163
20475,61,14,28,163
20476,61,14,28,163
20477,61,14,28,163
20478,61,14,28,163
20479,61,14,28,163
20480,61,14,28,163
20481,61,14,28,163
20482,61,14,28,163
20483,61,14,28,163
20484,61,14,28,163
20485,61,14,28,163
20486,61,14,28,163
20487,61,14,28,163
20488,61,14,28,163
20489,61,14,28,163
20490,61,14,28,163
20491,61,14,28,163
20492,61,14,28,163
20493,61,14,28,163
20494,61,14,28,163
20495,61,14,28,163
20496,61,14,28,163
20497,61,14,28,163
20498,61,14,28,163
20499,61,14,28,163
20500,61,14,28,163
20501,61,14,28,163
20502,61,14,28,163
20503,61,14,28,163
20504,61,14,28,163
20505,61,14,28,163
20506,61,14,28,163
20507,61,14,28,163
20508,61,14,28,163
20509,61,14,28,163
20510,61,14,28,163
20511,61,14,28,163
20512,61,14,28,163
20513,61,14,28,163
20514,61,14,28,163
20515,61,14,28,163
20516,61,14,28,163
20517,61,14,28,163
20518,61,14,28,163
20519,61,14,28,163
20520,61,14,28,163
20521,61,14,28,163
20522,61,14,28,163
20523,61,14,28,163
20524,61,14,28,163
20525,61,14,28,163
20526,61,14,28,163
20527,61,14,28,163
20528,61,14,28,163
20529,61,14,28,163
20530,61,14,28,163
20531,61,14,28,163
20532,61,14,28,163
20533,61,14,28,163
20534,61,14,28,163
20535,61,14,28,163
20536,61,14,28,163
20537,61,14,28,163
20538,61,14,28,163
20539,61,14,28,163
20540,61,14,28,163
20541,61,14,28,163
20542,61,14,28,163
20543,61,14,28,163
20544,61,14,28,163
20545,61,14,28,163
20546,61,14,28,163
20547,61,14,28,163
20548,61,14,28,163
20549,61,14,28,163
20550,61,14,28,163
20551,61,14,28,163
20552,61,14,28,163
20553,61,14,28,163
20554,61,14,28,163
20555,61,14,28,163
20556,61,14,28,163
20557,61,14,28,163
20558,61,14,28,163
20559,61,14,28,163
20560,61,14,28,163
20561,61,14,28,163
20562,61,14,28,163
20563,61,14,28,163
20564,61,14,28,163
20565,61,14,28,163
20566,61,14,28,163
20567,61,14,28,163
20568,61,14,28,163
20569,61,14,28,163
20570,61,14,28,163
20571,61,14,28,163
20572,61,14,28,163
20573,61,14,28,163
20574,61,14,28,163
20575,61,14,28,163
20576,61,14,28,163
20577,61,14,28,163
20578,61,14,28,163
20579,61,14,28,163
20580,61,14,28,163
20581,61,14,28,163
20582,61,14,28,163
20583,61,14,28,163
20584,61,14,28,163
20585,61,14,28,163
20586,61,14,28,163
20587,61,14,28,163
20588,61,14,28,163
20589,61,14,28,163
20590,61,14,28,163
20591,61,14,28,163
20592,61,14,28,163
20593,61,14,28,163
20594,61,14,28,163
20595,61,14,28,163
20596,61,14,28,163
20597,61,14,28,163
20598,61,14,28,163
20599,61,14,28,163
20600,61,14,28,163
20601,61,14,28,163
20602,61,14,28,163
20603,61,14,28,163
20604,61,14,28,163
20605,61,14,28,163
20606,61,14,28,163
20607,61,14,28,163
20608,61,14,28,163
20609,61,14,28,163
20610,61,14,28,163
20611,61,14,28,163
20612,61,14,28,163
20613,61,14,28,163
20614,61,14,28,163
20615,61,14,28,163
20616,61,14,28,163
20617,61,14,28,163
20618,61,14,28,163
20619,61,14,28,163
20620,61,14,28,163
20621,61,14,28,163
20622,61,14,28,163
20623,61,14,28,163
20624,61,14,28,163
20625,61,14,28,163
20626,61,14,28,163
20627,61,14,28,163
20628,61,14,28,163
20629,61,14,28,163
20630,61,14,28,163
20631,61,14,28,163
20632,61,14,28,163
20633,61,14,28,163
20634,61,14,28,163
20635,61,14,28,163
20636,61,14,28,163
20637,61,14,28,163
20638,61,14,28,163
20639,61,14,28,163
20640,61,14,28,163
20641,61,14,28,163
20642,61,14,28,163
20643,61,14,28,163
20644,61,14,28,163
20645,61,14,28,163
20646,61,14,28,163
20647,61,14,28,163
20648,61,14,28,163
20649,61,14,28,163
20650,61,14,28,163
20651,61,14,28,163
20652,61,14,28,163
20653,61,14,28,163
20654,61,14,28,163
20655,61,14,28,163
20656,61,14,28,163
20657,61,14,28,163
20658,61,14,28,163
20659,61,14,28,163
20660,61,14,28,163
20661,61,14,28,163
20662,61,14,28,163
20663,61,14,28,163
20664,61,14,28,163
20665,61,14,28,163
20666,61,14,28,163
20667,61,14,28,163
20668,61,14,28,163
20669,61,14,28,163
20670,61,14,28,163
20671,61,14,28,163
20672,61,14,28,163
20673,61,14,28,163
20674,61,14,28,163
20675,61,14,28,163
20676,61,14,28,163
20677,61,14,28,163
20678,61,14,28,163
20679,61,14,28,163
20680,61,14,28,163
20681,61,14,28,163
20682,61,14,28,163
20683,61,14,28,163
20684,61,14,28,163
20685,61,14,28,163
20686,61,14,28,163
20687,61,14,28,163
20688,61,14,28,163
20689,61,14,28,163
20690,61,14,28,163
20691,61,14,28,163
20692,61,14,28,163
20693,61,14,28,163
20694,61,14,28,163
20695,61,14,28,163
20696,61,14,28,163
20697,61,14,28,163
20698,61,14,28,163
20699,61,14,28,163
20700,61,14,28,163
20701,61,14,28,163
20702,61,14,28,163
20703,61,14,28,163
20704,61,14,28,163
20705,61,14,28,163
20706,61,14,28,163
20707,61,14,28,163
20708,61,14,28,163
20709,61,14,28,163
20710,61,14,28,163
20711,61,14,28,163
20712,61,14,28,163
20713,61,14,28,163
20714,61,14,28,163
20715,61,14,28,163
20716,61,14,28,163
20717,61,14,28,163
20718,61,14,28,163
20719,61,14,28,163
20720,61,14,28,163
20721,61,14,28,163
20722,61,14,28,163
20723,61,14,28,163
20724,61,14,28,163
20725,61,14,28,163
20726,61,14,28,163
20727,61,14,28,163
20728,61,14,28,163
20729,61,14,28,163
20730,61,14,28,163
20731,61,14,28,163
20732,61,14,28,163
20733,61,14,28,163
20734,61,14,28,163
20735,61,14,28,163
20736,61,14,28,163
20737,61,14,28,163
20738,61,14,28,163
20739,61,14,28,163
20740,61,14,28,163
20741,61,14,28,163
20742,61,14,28,163
20743,61,14,28,163
20744,61,14,28,163
20745,61,14,28,163
20746,61,14,28,163
20747,61,14,28,163
20748,61,14,28,163
20749,61,14,28,163
20750,61,14,28,163
20751,61,14,28,163
20752,61,14,28,163
20753,61,14,28,163
20754,61,14,28,163
20755,61,14,28,163
20756,61,14,28,163
20757,61,14,28,163
20758,61,14,28,163
20759,61,14,28,163
20760,61,14,28,163
20761,61,14,28,163
20762,61,14,28,163
20763,61,14,28,163
20764,61,14,28,163
20765,61,14,28,163
20766,61,14,28,163
20767,61,14,28,163
20768,61,14,28,163
20769,61,14,28,163
20770,61,14,28,163
20771,61,14,28,163
20772,61,14,28,163
20773,61,14,28,163
20774,61,14,28,163
20775,61,14,28,163
20776,61,14,28,163
20777,61,14,28,163
20778,61,14,28,163
20779,61,14,28,163
20780,61,14,28,163
20781,61,14,28,163
20782,61,14,28,163
20783,61,14,28,163
20784,61,14,28,163
20785,61,14,28,163
20786,61,14,28,163
20787,61,14,28,163
20788,61,14,28,163
20789,61,14,28,163
20790,61,14,28,163
20791,61,14,28,163
20792,61,14,28,163
20793,61,14,28,163
20794,61,14,28,163
20795,61,14,28,163
20796,61,14,28,163
20797,61,14,28,163
20798,61,14,28,163
20799,61,14,28,163
20800,61,14,28,163
20801,61,14,28,163
20802,61,14,28,163
20803,61,14,28,163
20804,61,14,28,163
20805,61,14,28,163
20806,61,14,28,163
20807,61,14,28,163
20808,61,14,28,163
20809,61,14,28,163
20810,61,14,28,163
20811,61,14,28,163
20812,61,14,28,163
20813,61,14,28,163
20814,61,14,28,163
20815,61,14,28,163
20816,61,14,28,163
20817,61,14,28,163
20818,61,14,28,163
20819,61,14,28,163
20820,61,14,28,163
20821,61,14,28,163
20822,61,14,28,163
20823,61,14,28,163
20824,61,14,28,163
20825,61,14,28,163
20826,61,14,28,163
20827,61,14,28,163
20828,61,14,28,163
20829,61,14,28,163
20830,61,14,28,163
20831,61,14,28,163
20832,61,14,28,163
20833,61,14,28,163
20834,61,14,28,163
20835,61,14,28,163
20836,61,14,28,163
20837,61,14,28,163
20838,61,14,28,163
20839,61,14,28,163
20840,61,14,28,163
20841,61,14,28,163
20842,61,14,28,163
20843,61,14,28,163
20844,61,14,28,163
20845,61,14,28,163
20846,61,14,28,163
20847,61,14,28,163
20848,61,14,28,163
20849,61,14,28,163
20850,61,14,28,163
20851,61,14,28,163
20852,61,14,28,163
20853,61,14,28,163
20854,61,14,28,163
20855,61,14,28,163
20856,61,14,28,163
20857,61,14,28,163
20858,61,14,28,163
20859,61,14,28,163
20860,61,14,28,163
20861,61,14,28,163
20862,61,14,28,163
20863,61,14,28,163
20864,61,14,28,163
20865,61,14,28,163
20866,61,14,28,163
20867,61,14,28,163
20868,61,14,28,163
20869,61,14,28,163
20870,61,14,28,163
20871,61,14,28,163
20872,61,14,28,163
20873,61,14,28,163
20874,61,14,28,163
20875,61,14,28,163
20876,61,14,28,163
20877,61,14,28,163
20878,61,14,28,163
20879,61,14,28,163
20880,61,14,28,163
20881,61,14,28,163
20882,61,14,28,163
20883,61,14,28,163
20884,61,14,28,163
20885,61,14,28,163
20886,61,14,28,163
20887,61,14,28,163
20888,61,14,28,163
20889,61,14,28,163
20890,61,14,28,163
20891,61,14,28,163
20892,61,14,28,163
20893,61,14,28,163
20894,61,14,28,163
20895,61,14,28,163
20896,61,14,28,163
20897,61,14,28,163
20898,61,14,28,164
20899,61,14,28,164
20900,61,14,28,164
20901,61,14,28,164
20902,61,14,28,164
20903,61,14,28,164
20904,61,14,28,164
20905,61,14,28,164
20906,61,14,28,164
20907,61,14,28,164
20908,61,14,28,164
20909,61,14,28,164
20910,61,14,28,164
20911,61,14,28,164
20912,61,14,28,164
20913,61,14,28,164
20914,61,14,28,164
20915,61,14,28,164
20916,61,14,28,164
20917,61,14,28,164
20918,61,14,28,164
20919,61,14,28,164
20920,61,14,28,164
20921,61,14,28,164
20922,61,14,28,164
20923,61,14,28,164
20924,61,14,28,164
20925,61,14,28,164
20926,61,14,28,164
20927,61,14,28,164
20928,61,14,28,164
20929,61,14,28,164
20930,61,14,28,164
20931,61,14,28,164
20932,61,14,28,164
20933,61,14,28,164
20934,61,14,28,164
20935,61,14,28,164
20936,61,14,28,164
20937,61,14,28,164
20938,61,14,28,164
20939,61,14,28,164
20940,61,14,28,164
20941,61,14,28,164
20942,61,14,28,164
20943,61,14,28,164
20944,61,14,28,164
20945,61,14,28,164
20946,61,14,28,164
20947,61,14,28,164
20948,61,14,28,164
20949,61,14,28,164
20950,61,14,28,164
20951,61,14,28,164
20952,61,14,28,164
20953,61,14,28,164
20954,61,14,28,164
20955,61,14,28,164
20956,61,14,28,164
20957,61,14,28,164
20958,61,14,28,164
20959,61,14,28,164
20960,61,14,28,164
20961,61,14,28,164
20962,61,14,28,164
20963,61,14,28,164
20964,61,14,28,164
20965,61,14,28,164
20966,61,14,28,164
20967,61,14,28,164
20968,61,14,28,164
20969,61,14,28,164
20970,61,14,28,164
20971,61,14,28,164
20972,61,14,28,164
20973,61,14,28,164
20974,61,14,28,164
20975,61,14,28,164
20976,61,14,28,164
20977,61,14,28,164
20978,61,14,28,164
20979,61,14,28,164
20980,61,14,28,164
20981,61,14,28,164
20982,61,14,28,164
20983,61,14,28,164
20984,61,14,28,164
20985,61,14,28,164
20986,61,14,28,164
20987,61,14,28,164
20988,61,14,28,164
20989,61,14,28,164
20990,61,14,28,164
20991,61,14,28,164
20992,61,14,28,164
20993,61,14,28,164
20994,61,14,28,164
20995,61,14,28,164
20996,61,14,28,164
20997,61,14,28,164
20998,61,14,28,164
20999,61,14,28,164
21000,61,14,28,164
21001,61,14,28,164
21002,61,14,28,164
21003,61,14,28,164
21004,61,14,28,164
21005,61,14,28,164
21006,61,14,28,164
21007,61,14,28,164
21008,61,14,28,164
21009,61,14,28,164
21010,61,14,28,164
21011,61,14,28,164
21012,61,14,28,164
21013,61,14,28,164
21014,61,14,28,164
21015,61,14,28,164
21016,61,14,28,164
21017,61,14,28,164
21018,61,14,28,164
21019,61,14,28,164
21020,61,14,28,164
21021,61,14,28,164
21022,61,14,28,164
21023,61,14,28,164
21024,61,14,28,164
21025,61,14,28,164
21026,61,14,28,164
21027,61,14,28,164
21028,61,14,28,164
21029,61,14,28,164
21030,61,14,28,164
21031,61,14,28,164
21032,61,14,28,164
21033,61,14,28,164
21034,61,14,28,164
21035,61,14,28,164
21036,61,14,28,164
21037,61,14,28,164
21038,61,14,28,165
21039,61,14,28,165
21040,61,14,28,165
21041,61,14,28,165
21042,61,14,28,165
21043,61,14,28,165
21044,61,14,28,165
21045,61,14,28,165
21046,61,14,28,165
21047,61,14,28,165
21048,61,14,28,165
21049,61,14,28,165
21050,61,14,28,165
21051,61,14,28,165
21052,61,14,28,165
21053,61,14,28,165
21054,61,14,28,165
21055,61,14,28,165
21056,61,14,28,165
21057,61,14,28,165
21058,61,14,28,166
21059,61,14,28,166
21060,61,14,28,166
21061,61,14,28,166
21062,61,14,28,166
21063,61,14,28,166
21064,61,14,28,166
21065,61,14,28,166
21066,61,14,28,166
21067,61,14,28,166
21068,61,14,28,166
21069,61,14,28,166
21070,61,14,28,166
21071,61,14,28,166
21072,61,14,28,166
21073,61,14,28,166
21074,61,14,28,166
21075,61,14,28,166
21076,61,14,28,166
21077,61,14,28,166
21078,61,14,28,166
21079,61,14,28,166
21080,61,14,28,166
21081,61,14,28,166
21082,61,14,28,166
21083,61,14,28,166
21084,61,14,28,166
21085,61,14,28,166
21086,61,14,28,166
21087,61,14,28,166
21088,61,14,28,166
21089,61,14,28,166
21090,61,14,28,166
21091,61,14,28,166
21092,61,14,28,166
21093,61,14,28,166
21094,61,14,28,166
21095,61,14,28,166
21096,61,14,28,166
21097,61,14,28,166
21098,61,14,28,166
21099,61,14,28,166
21100,61,14,28,166
21101,61,14,28,166
21102,61,14,28,166
21103,61,14,28,166
21104,61,14,28,166
21105,61,14,28,166
21106,61,14,28,166
21107,61,14,28,166
21108,61,14,28,166
21109,61,14,28,166
21110,61,14,28,166
21111,61,14,28,166
21112,61,14,28,166
21113,61,14,28,166
21114,61,14,28,166
21115,61,14,28,166
21116,61,14,28,166
21117,61,14,28,166
21118,61,14,28,167
21119,61,14,28,167
21120,61,14,28,167
21121,61,14,28,167
21122,61,14,28,167
21123,61,14,28,167
21124,61,14,28,167
21125,61,14,28,167
21126,61,14,28,167
21127,61,14,28,167
21128,61,14,28,167
21129,61,14,28,167
21130,61,14,28,167
21131,61,14,28,167
21132,61,14,28,167
21133,61,14,28,167
21134,61,14,28,167
21135,61,14,28,167
21136,61,14,28,167
21137,61,14,28,167
21138,61,14,28,167
21139,61,14,28,167
21140,61,14,28,167
21141,61,14,28,167
21142,61,14,28,167
21143,61,14,28,167
21144,61,14,28,167
21145,61,14,28,167
21146,61,14,28,167
21147,61,14,28,167
21148,61,14,28,167
21149,61,14,28,167
21150,61,14,28,167
21151,61,14,28,167
21152,61,14,28,167
21153,61,14,28,167
21154,61,14,28,167
21155,61,14,28,167
21156,61,14,28,167
21157,61,14,28,167
21158,61,14,28,167
21159,61,14,28,167
21160,61,14,28,167
21161,61,14,28,167
21162,61,14,28,167
21163,61,14,28,167
21164,61,14,28,167
21165,61,14,28,167
21166,61,14,28,167
21167,61,14,28,167
21168,61,14,28,167
21169,61,14,28,167
21170,61,14,28,167
21171,61,14,28,167
21172,61,14,28,167
21173,61,14,28,167
21174,61,14,28,167
21175,61,14,28,167
21176,61,14,28,167
21177,61,14,28,167
21178,61,14,28,167
21179,61,14,28,167
21180,61,14,28,167
21181,61,14,28,167
21182,61,14,28,167
21183,61,14,28,167
21184,61,14,28,167
21185,61,14,28,167
21186,61,14,28,167
21187,61,14,28,167
21188,61,14,28,167
21189,61,14,28,167
21190,61,14,28,167
21191,61,14,28,167
21192,61,14,28,167
21193,61,14,28,167
21194,61,14,28,167
21195,61,14,28,167
21196,61,14,28,167
21197,61,14,28,167
21198,61,14,28,167
21199,61,14,28,167
21200,61,14,28,167
21201,61,14,28,167
21202,61,14,28,167
21203,61,14,28,167
21204,61,14,28,167
21205,61,14,28,167
21206,61,14,28,167
21207,61,14,28,168
21208,61,14,28,168
21209,61,14,28,168
21210,61,14,28,168
21211,61,14,28,168
21212,61,14,28,168
21213,61,14,28,168
21214,61,14,28,168
21215,61,14,28,168
21216,61,14,28,168
21217,61,14,28,168
21218,61,14,28,168
21219,61,14,28,168
21220,61,14,28,168
21221,61,14,28,168
21222,61,14,28,168
21223,61,14,28,168
21224,61,14,28,168
21225,61,14,28,168
21226,61,14,28,168
21227,61,14,28,168
21228,61,14,28,168
21229,61,14,28,168
21230,61,14,28,168
21231,61,14,28,168
21232,61,14,28,168
21233,61,14,28,168
21234,61,14,28,168
21235,61,14,28,168
21236,61,14,28,168
21237,61,14,28,168
21238,61,14,28,168
21239,61,14,28,168
21240,61,14,28,168
21241,61,14,28,168
21242,61,14,28,168
21243,61,14,28,168
21244,61,14,28,168
21245,61,14,28,168
21246,61,14,28,168
21247,61,14,28,168
21248,61,14,28,168
21249,61,14,28,168
21250,61,14,28,168
21251,61,14,28,168
21252,61,14,28,168
21253,61,14,28,168
21254,61,14,28,168
21255,61,14,28,168
21256,61,14,28,168
21257,61,14,28,168
21258,61,14,28,168
21259,61,14,28,168
21260,61,14,28,168
21261,61,14,28,168
21262,61,14,28,168
21263,61,14,28,168
21264,61,14,28,168
21265,61,14,28,168
21266,61,14,28,168
21267,61,14,28,168
21268,61,14,28,168
21269,61,14,28,168
21270,61,14,28,168
21271,61,14,28,168
21272,61,14,28,168
21273,61,14,28,168
21274,61,14,28,168
21275,61,14,28,168
21276,61,14,28,168
21277,61,14,28,168
21278,61,14,28,168
21279,61,14,28,168
21280,61,14,28,168
21281,61,14,28,168
21282,61,14,28,168
21283,61,14,28,168
21284,61,14,28,168
21285,61,14,28,168
21286,61,14,28,168
21287,61,14,28,168
21288,61,14,28,168
21289,61,14,28,168
21290,61,14,28,168
21291,61,14,28,168
21292,61,14,28,168
21293,61,14,28,168
21294,61,14,28,168
21295,61,14,28,168
21296,61,14,28,168
21297,61,14,28,168
21298,61,14,28,168
21299,61,14,28,168
21300,61,14,28,168
21301,61,14,28,168
21302,61,14,28,168
21303,61,14,28,168
21304,61,14,28,168
21305,61,14,28,168
21306,61,14,28,168
21307,61,14,28,168
21308,61,14,28,168
21309,61,14,28,168
21310,61,14,28,168
21311,61,14,28,168
21312,61,14,28,168
21313,61,14,28,168
21314,61,14,28,168
21315,61,14,28,168
21316,61,14,28,168
21317,61,14,28,168
21318,61,14,28,168
21319,61,14,28,168
21320,61,14,28,168
21321,61,14,28,168
21322,61,14,28,168
21323,61,14,28,169
21324,61,14,28,169
21325,61,14,28,169
21326,61,14,28,169
21327,61,14,28,169
21328,61,14,28,169
21329,61,14,28,169
21330,61,14,28,169
21331,61,14,28,169
21332,61,14,28,169
21333,61,14,28,169
21334,61,14,28,169
21335,61,14,28,169
21336,61,14,28,169
21337,61,14,28,169
21338,61,14,28,169
21339,61,14,28,169
21340,61,14,28,169
21341,61,14,28,169
21342,61,14,28,169
21343,61,14,28,169
21344,61,14,28,169
21345,61,14,28,169
21346,61,14,28,169
21347,61,14,28,169
21348,61,14,28,169
21349,61,14,28,169
21350,61,14,28,169
21351,61,14,28,169
21352,61,14,28,169
21353,61,14,28,169
21354,61,14,28,169
21355,61,14,28,169
21356,61,14,28,169
21357,61,14,28,169
21358,61,14,28,169
21359,61,14,28,169
21360,61,14,28,169
21361,61,14,28,169
21362,61,14,28,169
21363,61,14,28,169
21364,61,14,28,169
21365,61,14,28,169
21366,61,14,28,169
21367,61,14,28,169
21368,61,14,28,169
21369,61,14,28,169
21370,61,14,28,169
21371,61,14,28,169
21372,61,14,28,169
21373,61,14,28,169
21374,61,14,28,169
21375,61,14,28,169
21376,61,14,28,169
21377,61,14,28,169
21378,61,14,28,169
21379,61,14,28,169
21380,61,14,28,169
21381,61,14,28,169
21382,61,14,28,169
21383,61,14,28,169
21384,61,14,28,169
21385,61,14,28,169
21386,61,14,28,169
21387,61,14,28,169
21388,61,14,28,169
21389,61,14,28,170
21390,61,14,28,170
21391,61,14,28,170
21392,61,14,28,170
21393,61,14,28,170
21394,61,14,28,170
21395,61,14,28,170
21396,61,14,28,170
21397,61,14,28,170
21398,61,14,28,170
21399,61,14,28,170
21400,61,14,28,170
21401,61,14,28,170
21402,61,14,28,170
21403,61,14,28,170
21404,61,14,28,170
21405,61,14,28,170
21406,61,14,28,170
21407,61,14,28,170
21408,61,14,28,170
21409,61,14,28,170
21410,61,14,28,171
21411,61,14,28,171
21412,61,14,28,171
21413,61,14,28,171
21414,61,14,28,171
21415,61,14,28,171
21416,61,14,28,171
21417,61,14,28,171
21418,61,14,28,171
21419,61,14,28,171
21420,61,14,28,171
21421,61,14,28,171
21422,61,14,28,171
21423,61,14,28,171
21424,61,14,28,171
21425,61,14,28,171
21426,61,14,28,172
21427,61,14,28,172
21428,61,14,28,172
21429,61,14,28,172
21430,61,14,28,172
21431,61,14,28,172
21432,61,14,28,172
21433,61,14,28,172
21434,61,14,28,172
21435,61,14,28,172
21436,61,14,28,172
21437,61,14,28,172
21438,61,14,28,172
21439,61,14,28,172
21440,61,14,28,172
21441,61,14,28,172
21442,61,14,28,172
21443,61,14,28,172
21444,61,14,28,172
21445,61,14,28,172
21446,61,14,28,172
21447,61,14,28,172
21448,61,14,28,172
21449,61,14,28,172
21450,61,14,28,172
21451,61,14,28,172
21452,61,14,28,172
21453,61,14,28,172
21454,61,14,28,172
21455,61,14,28,172
21456,61,14,28,172
21457,61,14,28,172
21458,61,14,28,172
21459,61,14,28,172
21460,61,14,28,172
21461,61,14,28,172
21462,61,14,28,172
21463,61,14,28,172
21464,61,14,28,172
21465,61,14,28,172
21466,61,14,28,172
21467,61,14,28,172
21468,61,14,28,172
21469,61,14,28,172
21470,61,14,28,172
21471,61,14,28,172
21472,61,14,28,172
21473,61,14,28,172
21474,61,14,28,172
21475,61,14,28,172
21476,61,14,28,172
21477,61,14,28,172
21478,61,14,28,172
21479,61,14,28,172
21480,61,14,28,172
21481,61,14,28,172
21482,61,14,28,172
21483,61,14,28,172
21484,61,14,28,172
21485,61,14,28,172
21486,61,14,28,172
21487,61,14,28,172
21488,61,14,28,172
21489,61,14,28,172
21490,61,14,28,172
21491,61,14,28,172
21492,61,14,28,172
21493,61,14,28,172
21494,61,14,28,172
21495,61,14,28,172
21496,61,14,28,172
21497,61,14,28,172
21498,61,14,28,172
21499,61,14,28,172
21500,61,14,28,172
21501,61,14,28,172
21502,61,14,28,172
21503,61,14,28,172
21504,61,14,28,172
21505,61,14,28,172
21506,61,14,28,172
21507,61,14,28,172
21508,61,14,28,172
21509,61,14,28,172
21510,61,14,28,172
21511,61,14,28,172
21512,61,14,28,172
21513,61,14,28,172
21514,61,14,28,172
21515,61,14,28,172
21516,61,14,28,172
21517,61,14,28,172
21518,61,14,28,172
21519,61,14,28,172
21520,61,14,28,172
21521,61,14,28,172
21522,61,14,28,172
21523,61,14,28,172
21524,61,14,28,172
21525,61,14,28,172
21526,61,14,28,172
21527,61,14,28,172
21528,61,14,28,172
21529,61,14,28,172
21530,61,14,28,172
21531,61,14,28,172
21532,61,14,28,172
21533,61,14,28,172
21534,61,14,28,172
21535,61,14,28,172
21536,61,14,28,172
21537,61,14,28,172
21538,61,14,28,172
21539,61,14,28,172
21540,61,14,28,172
21541,61,14,28,172
21542,61,14,28,172
21543,61,14,28,172
21544,61,14,28,172
21545,61,14,28,172
21546,61,14,28,172
21547,61,14,28,172
21548,61,14,28,172
21549,61,14,28,172
21550,61,14,28,172
21551,61,14,28,172
21552,61,14,28,172
21553,61,14,28,172
21554,61,14,28,172
21555,61,14,28,172
21556,61,14,28,172
21557,61,14,28,172
21558,61,14,28,172
21559,61,14,28,172
21560,61,14,28,172
21561,61,14,28,172
21562,61,14,28,172
21563,61,14,28,172
21564,61,14,28,172
21565,61,14,28,172
21566,61,14,28,172
21567,61,14,28,172
21568,61,14,28,172
21569,61,14,28,172
21570,61,14,28,172
21571,61,14,28,172
21572,61,14,28,172
21573,61,14,28,172
21574,61,14,28,172
21575,61,14,28,172
21576,61,14,28,172
21577,61,14,28,172
21578,61,14,28,172
21579,61,14,28,172
21580,61,14,28,172
21581,61,14,28,172
21582,61,14,28,172
21583,61,14,28,172
21584,61,14,28,172
21585,61,14,28,172
21586,61,14,28,172
21587,61,14,28,172
21588,61,14,28,172
21589,61,14,28,172
21590,61,14,28,172
21591,61,14,28,172
21592,61,14,28,172
21593,61,14,28,172
21594,61,14,28,172
21595,61,14,28,172
21596,61,14,28,172
21597,61,14,28,172
21598,61,14,28,172
21599,61,14,28,172
21600,61,14,28,172
21601,61,14,28,172
21602,61,14,28,172
21603,61,14,28,172
21604,61,14,28,172
21605,61,14,28,172
21606,61,14,28,172
21607,61,14,28,172
21608,61,14,28,172
21609,61,14,28,172
21610,61,14,28,172
21611,61,14,28,172
21612,61,14,28,172
21613,61,14,28,172
21614,61,14,28,172
21615,61,14,28,172
21616,61,14,28,172
21617,61,14,28,172
21618,61,14,28,172
21619,61,14,28,172
21620,61,14,28,172
21621,61,14,28,172
21622,61,14,28,172
21623,61,14,28,172
21624,61,14,28,172
21625,61,14,28,172
21626,61,14,28,172
21627,61,14,28,172
21628,61,14,28,172
21629,61,14,28,172
21630,61,14,28,172
21631,61,14,28,172
21632,61,14,28,172
21633,61,14,28,172
21634,61,14,28,172
21635,61,14,28,172
21636,61,14,28,172
21637,61,14,28,172
21638,61,14,28,172
21639,61,14,28,172
21640,61,14,28,172
21641,61,14,28,172
21642,61,14,28,172
21643,61,14,28,172
21644,61,14,28,172
21645,61,14,28,172
21646,61,14,28,172
21647,61,14,28,172
21648,61,14,28,172
21649,61,14,28,172
21650,61,14,28,172
21651,61,14,28,172
21652,61,14,28,172
21653,61,14,28,172
21654,61,14,28,172
21655,61,14,28,172
21656,61,14,28,172
21657,61,14,28,172
21658,61,14,28,172
21659,61,14,28,172
21660,61,14,28,172
21661,61,14,28,172
21662,61,14,28,172
21663,61,14,28,172
21664,61,14,28,172
21665,61,14,28,172
21666,61,14,28,172
21667,61,14,28,172
21668,61,14,28,172
21669,61,14,28,172
21670,61,14,28,172
21671,61,14,28,172
21672,61,14,28,172
21673,61,14,28,172
21674,61,14,28,172
21675,61,14,28,172
21676,61,14,28,172
21677,61,14,28,172
21678,61,14,28,172
21679,61,14,28,172
21680,61,14,28,172
21681,61,14,28,172
21682,61,14,28,172
21683,61,14,28,172
21684,61,14,28,172
21685,61,14,28,172
21686,61,14,28,172
21687,61,14,28,172
21688,61,14,28,172
21689,61,14,28,172
21690,61,14,28,172
21691,61,14,28,172
21692,61,14,28,172
21693,61,14,28,172
21694,61,14,28,172
21695,61,14,28,172
21696,61,14,28,173
21697,61,14,28,173
21698,61,14,28,173
21699,61,14,28,173
21700,61,14,28,173
21701,61,14,28,173
21702,61,14,28,173
21703,61,14,28,173
21704,61,14,28,173
21705,61,14,28,173
21706,61,14,28,173
21707,61,14,28,173
21708,61,14,28,173
21709,61,14,28,173
21710,61,14,28,173
21711,61,14,28,173
21712,61,14,28,173
21713,61,14,28,173
21714,61,14,28,173
21715,61,14,28,173
21716,61,14,28,173
21717,61,14,28,173
21718,61,14,28,173
21719,61,14,28,173
21720,61,14,28,173
21721,61,14,28,173
21722,61,14,28,173
21723,61,14,28,173
21724,61,14,28,173
21725,61,14,28,173
21726,61,14,28,173
21727,61,14,28,173
21728,61,14,28,173
21729,61,14,28,173
21730,61,14,28,173
21731,61,14,28,173
21732,61,14,28,173
21733,61,14,28,173
21734,61,14,28,173
21735,61,14,28,173
21736,61,14,28,173
21737,61,14,28,173
21738,61,14,28,173
21739,61,14,28,173
21740,61,14,28,173
21741,61,14,28,173
21742,61,14,28,173
21743,61,14,28,173
21744,61,14,28,173
21745,61,14,28,173
21746,61,14,28,173
21747,61,14,28,173
21748,61,14,28,173
21749,61,14,28,173
21750,61,14,28,173
21751,61,14,28,173
21752,61,14,28,173
21753,61,14,28,173
21754,61,14,28,173
21755,61,14,28,173
21756,61,14,28,173
21757,61,14,28,173
21758,61,14,28,173
21759,61,14,28,173
21760,61,14,28,173
21761,61,14,28,173
21762,61,14,28,173
21763,61,14,28,173
21764,61,14,28,173
21765,61,14,28,173
21766,61,14,28,173
21767,61,14,28,173
21768,61,14,28,173
21769,61,14,28,173
21770,61,14,28,173
21771,61,14,28,173
21772,61,14,28,173
21773,61,14,28,173
21774,61,14,28,173
21775,61,14,28,173
21776,61,14,28,173
21777,61,14,28,173
21778,61,14,28,173
21779,61,14,28,173
21780,61,14,28,173
21781,61,14,28,173
21782,61,14,28,173
21783,61,14,28,173
21784,61,14,28,173
21785,61,14,28,173
21786,61,14,28,173
21787,61,14,28,173
21788,61,14,28,173
21789,61,14,28,173
21790,61,14,28,173
21791,61,14,28,173
21792,61,14,28,173
21793,61,14,28,173
21794,61,14,28,173
21795,61,14,28,173
21796,61,14,28,173
21797,61,14,28,173
21798,61,14,28,173
21799,61,14,28,173
21800,61,14,28,173
21801,61,14,28,173
21802,61,14,28,173
21803,61,14,28,173
21804,61,14,28,173
21805,61,14,28,173
21806,61,14,28,173
21807,61,14,28,173
21808,61,14,28,173
21809,61,14,28,173
21810,61,14,28,173
21811,61,14,28,173
21812,61,14,28,173
21813,61,14,28,173
21814,61,14,28,173
21815,61,14,28,173
21816,61,14,28,173
21817,61,14,28,173
21818,61,14,28,173
21819,61,14,28,173
21820,61,14,28,173
21821,61,14,28,173
21822,61,14,28,173
21823,61,14,28,173
21824,61,14,28,173
21825,61,14,28,173
21826,61,14,28,173
21827,61,14,28,173
21828,61,14,28,173
21829,61,14,28,173
21830,61,14,28,173
21831,61,14,28,173
21832,61,14,28,173
21833,61,14,28,173
21834,61,14,28,173
21835,61,14,28,173
21836,61,14,28,173
21837,61,14,28,173
21838,61,14,28,173
21839,61,14,28,173
21840,61,14,28,173
21841,61,14,28,173
21842,61,14,28,173
21843,61,14,28,173
21844,61,14,28,173
21845,61,14,28,173
21846,61,14,28,173
21847,61,14,28,173
21848,61,14,28,173
21849,61,14,28,173
21850,61,14,28,173
21851,61,14,28,173
21852,61,14,28,173
21853,61,14,28,173
21854,61,14,28,173
21855,61,14,28,173
21856,61,14,28,173
21857,61,14,28,173
21858,61,14,28,173
21859,61,14,28,173
21860,61,14,28,173
21861,61,14,28,173
21862,61,14,28,173
21863,61,14,28,173
21864,61,14,28,173
21865,61,14,28,173
21866,61,14,28,173
21867,61,14,28,173
21868,61,14,28,173
21869,61,14,28,173
21870,61,14,28,173
21871,61,14,28,173
21872,61,14,28,173
21873,61,14,28,173
21874,61,14,28,173
21875,61,14,28,173
21876,61,14,28,173
21877,61,14,28,173
21878,61,14,28,173
21879,61,14,28,173
21880,61,14,28,173
21881,61,14,28,173
21882,61,14,28,173
21883,61,14,28,173
21884,61,14,28,173
21885,61,14,28,173
21886,61,14,28,173
21887,61,14,28,173
21888,61,14,28,173
21889,61,14,28,173
21890,61,14,28,173
21891,61,14,28,173
21892,61,14,28,173
21893,61,14,28,173
21894,61,14,28,173
21895,61,14,28,173
21896,61,14,28,173
21897,61,14,28,173
21898,61,14,28,173
21899,61,14,28,173
21900,61,14,28,173
21901,61,14,28,173
21902,61,14,28,173
21903,61,14,28,173
21904,61,14,28,173
21905,61,14,28,173
21906,61,14,28,173
21907,61,14,28,173
21908,61,14,28,173
21909,61,14,28,173
21910,61,14,28,173
21911,61,14,28,173
21912,61,14,28,173
21913,61,14,28,173
21914,61,14,28,173
21915,61,14,28,173
21916,61,14,28,173
21917,61,14,28,173
21918,61,14,28,173
21919,61,14,28,173
21920,61,14,28,173
21921,61,14,28,173
21922,61,14,28,173
21923,61,14,28,173
21924,61,14,28,173
21925,61,14,28,173
21926,61,14,28,173
21927,61,14,28,173
21928,61,14,28,173
21929,61,14,28,173
21930,61,14,28,173
21931,61,14,28,173
21932,61,14,28,173
21933,61,14,28,173
21934,61,14,28,173
21935,61,14,28,173
21936,61,14,28,173
21937,61,14,28,173
21938,61,14,28,173
21939,61,14,28,173
21940,61,14,28,173
21941,61,14,28,173
21942,61,14,28,173
21943,61,14,28,173
21944,61,14,28,173
21945,61,14,28,173
21946,61,14,28,173
21947,61,14,28,173
21948,61,14,28,173
21949,61,14,28,173
21950,61,14,28,173
21951,61,14,28,173
21952,61,14,28,173
21953,61,14,28,173
21954,61,14,28,173
21955,61,14,28,173
21956,61,14,28,173
21957,61,14,28,173
21958,61,14,28,173
21959,61,14,28,173
21960,61,14,28,173
21961,61,14,28,173
21962,61,14,28,173
21963,61,14,28,173
21964,61,14,28,173
21965,61,14,28,173
21966,61,14,28,173
21967,61,14,28,173
21968,61,14,28,173
21969,61,14,28,173
21970,61,14,28,173
21971,61,14,28,173
21972,61,14,28,173
21973,61,14,28,173
21974,61,14,28,173
21975,61,14,28,173
21976,61,14,28,173
21977,61,14,28,173
21978,61,14,28,173
21979,61,14,28,173
21980,61,14,28,173
21981,61,14,28,173
21982,61,14,28,173
21983,61,14,28,173
21984,61,14,28,173
21985,61,14,28,173
21986,61,14,28,173
21987,61,14,28,173
21988,61,14,28,173
21989,61,14,28,173
21990,61,14,28,173
21991,61,14,28,173
21992,61,14,28,173
21993,61,14,28,173
21994,61,14,28,173
21995,61,14,28,173
21996,61,14,28,173
21997,61,14,28,173
21998,61,14,28,173
21999,61,14,28,173
22000,61,14,28,173
22001,61,14,28,173
22002,61,14,28,173
22003,61,14,28,173
22004,61,14,28,173
22005,61,14,28,173
22006,61,14,28,173
22007,61,14,28,173
22008,61,14,28,173
22009,61,14,28,173
22010,61,14,28,173
22011,61,14,28,173
22012,61,14,28,173
22013,61,14,28,173
22014,61,14,28,173
22015,61,14,28,173
22016,61,14,28,173
22017,61,14,28,173
22018,61,14,28,173
22019,61,14,28,173
22020,61,14,28,173
22021,61,14,28,173
22022,61,14,28,173
22023,61,14,28,173
22024,61,14,28,173
22025,61,14,28,173
22026,61,14,28,173
22027,61,14,28,173
22028,61,14,28,173
22029,61,14,28,173
22030,61,14,28,173
22031,61,14,28,173
22032,61,14,28,173
22033,61,14,28,173
22034,61,14,28,173
22035,61,14,28,173
22036,61,14,28,173
22037,61,14,28,173
22038,61,14,28,173
22039,61,14,28,173
22040,61,14,28,173
22041,61,14,28,173
22042,61,14,28,173
22043,61,14,28,173
22044,61,14,28,173
22045,61,14,28,173
22046,61,14,28,173
22047,61,14,28,173
22048,61,14,28,173
22049,61,14,28,173
22050,61,14,28,173
22051,61,14,28,173
22052,61,14,28,173
22053,61,14,28,173
22054,61,14,28,173
22055,61,14,28,173
22056,61,14,28,173
22057,61,14,28,173
22058,61,14,28,173
22059,61,14,28,173
22060,61,14,28,173
22061,61,14,28,173
22062,61,14,28,173
22063,61,14,28,173
22064,61,14,28,173
22065,61,14,28,173
22066,61,14,28,173
22067,61,14,28,173
22068,61,14,28,173
22069,61,14,28,173
22070,61,14,28,173
22071,61,14,28,173
22072,61,14,28,173
22073,61,14,28,173
22074,61,14,28,173
22075,61,14,28,173
22076,61,14,28,173
22077,61,14,28,173
22078,61,14,28,173
22079,61,14,28,173
22080,61,14,28,173
22081,61,14,28,173
22082,61,14,28,173
22083,61,14,28,173
22084,61,14,28,173
22085,61,14,28,173
22086,61,14,28,173
22087,61,14,28,173
22088,61,14,28,173
22089,61,14,28,173
22090,61,14,28,173
22091,61,14,28,173
22092,61,14,28,173
22093,61,14,28,173
22094,61,14,28,173
22095,61,14,28,173
22096,61,14,28,173
22097,61,14,28,173
22098,61,14,28,173
22099,61,14,28,173
22100,61,14,28,173
22101,61,14,28,173
22102,61,14,28,173
22103,61,14,28,173
22104,61,14,28,173
22105,61,14,28,173
22106,61,14,28,173
22107,61,14,28,173
22108,61,14,28,173
22109,61,14,28,173
22110,61,14,28,173
22111,61,14,28,173
22112,61,14,28,173
22113,61,14,28,173
22114,61,14,28,173
22115,61,14,28,173
22116,61,14,28,173
22117,61,14,28,173
22118,61,14,28,173
22119,61,14,28,173
22120,61,14,28,173
22121,61,14,28,173
22122,61,14,28,173
22123,61,14,28,173
22124,61,14,28,173
22125,61,14,28,173
22126,61,14,28,173
22127,61,14,28,173
22128,61,14,28,173
22129,61,14,28,173
22130,61,14,28,173
22131,61,14,28,173
22132,61,14,28,173
22133,61,14,28,173
22134,61,14,28,173
22135,61,14,28,173
22136,61,14,28,173
22137,61,14,28,174
22138,61,14,28,174
22139,61,14,28,174
22140,61,14,28,174
22141,61,14,28,174
22142,61,14,28,174
22143,61,14,28,174
22144,61,14,28,174
22145,61,14,28,174
22146,61,14,28,174
22147,61,14,28,174
22148,61,14,28,174
22149,61,14,28,174
22150,61,14,28,174
22151,61,14,28,174
22152,61,14,28,174
22153,61,14,28,174
22154,61,14,28,174
22155,61,14,28,174
22156,61,14,28,174
22157,61,14,28,174
22158,61,14,28,174
22159,61,14,28,174
22160,61,14,28,174
22161,61,14,28,174
22162,61,14,28,174
22163,61,14,28,174
22164,61,14,28,174
22165,61,14,28,174
22166,61,14,28,174
22167,61,14,28,174
22168,61,14,28,174
22169,61,14,28,174
22170,61,14,28,174
22171,61,14,28,174
22172,61,14,28,174
22173,61,14,28,174
22174,61,14,28,174
22175,61,14,28,174
22176,61,14,28,174
22177,61,14,28,174
22178,61,14,28,174
22179,61,14,28,174
22180,61,14,28,174
22181,61,14,28,174
22182,61,14,28,174
22183,61,14,28,174
22184,61,14,28,174
22185,61,14,28,174
22186,61,14,28,174
22187,61,14,28,174
22188,61,14,28,174
22189,61,14,28,174
22190,61,14,28,174
22191,61,14,28,174
22192,61,14,28,174
22193,61,14,28,174
22194,61,14,28,174
22195,61,14,28,174
22196,61,14,28,174
22197,61,14,28,174
22198,61,14,28,174
22199,61,14,28,174
22200,61,14,28,174
22201,61,14,28,174
22202,61,14,28,174
22203,61,14,28,174
22204,61,14,28,174
22205,61,14,28,174
22206,61,14,28,174
22207,61,14,28,174
22208,61,14,28,174
22209,61,14,28,174
22210,61,14,28,174
22211,61,14,28,174
22212,61,14,28,174
22213,61,14,28,174
22214,61,14,28,174
22215,61,14,28,174
22216,61,14,28,174
22217,61,14,28,174
22218,61,14,28,174
22219,61,14,28,174
22220,61,14,28,174
22221,61,14,28,174
22222,61,14,28,174
22223,61,14,28,174
22224,61,14,28,174
22225,61,14,28,174
22226,61,14,28,174
22227,61,14,28,174
22228,61,14,28,174
22229,61,14,28,174
22230,61,14,28,174
22231,61,14,28,174
22232,61,14,28,174
22233,61,14,28,174
22234,61,14,28,174
22235,61,14,28,174
22236,61,14,28,174
22237,61,14,28,174
22238,61,14,28,174
22239,61,14,28,174
22240,61,14,28,174
22241,61,14,28,174
22242,61,14,28,175
22243,61,14,28,175
22244,61,14,28,175
22245,61,14,28,175
22246,61,14,28,175
22247,61,14,28,175
22248,61,14,28,175
22249,61,14,28,175
22250,61,14,28,175
22251,61,14,28,175
22252,61,14,28,175
22253,61,14,28,175
22254,61,14,28,175
22255,61,14,28,175
22256,61,14,28,175
22257,61,14,28,175
22258,61,14,28,175
22259,61,14,28,175
22260,61,14,28,175
22261,61,14,28,175
22262,61,14,28,175
22263,61,14,28,175
22264,61,14,28,175
22265,61,14,28,175
22266,61,14,28,175
22267,61,14,28,175
22268,61,14,28,175
22269,61,14,28,175
22270,61,14,28,175
22271,61,14,28,175
22272,61,14,28,175
22273,61,14,28,175
22274,61,14,28,175
22275,61,14,28,175
22276,61,14,28,175
22277,61,14,28,175
22278,61,14,28,175
22279,61,14,28,175
22280,61,14,28,175
22281,61,14,28,175
22282,61,14,28,175
22283,61,14,28,175
22284,61,14,28,175
22285,61,14,28,175
22286,61,14,28,175
22287,61,14,28,175
22288,61,14,28,175
22289,61,14,28,175
22290,61,14,28,175
22291,61,14,28,175
22292,61,14,28,175
22293,61,14,28,175
22294,61,14,28,175
22295,61,14,28,175
22296,61,14,28,175
22297,61,14,28,175
22298,61,14,28,175
22299,61,14,28,175
22300,61,14,28,175
22301,61,14,28,175
22302,61,14,28,175
22303,61,14,28,175
22304,61,14,28,175
22305,61,14,28,175
22306,61,14,28,175
22307,61,14,28,175
22308,61,14,28,175
22309,61,14,28,175
22310,61,14,28,175
22311,61,14,28,175
22312,61,14,28,175
22313,61,14,28,175
22314,61,14,28,175
22315,61,14,28,175
22316,61,14,28,175
22317,61,14,28,175
22318,61,14,28,175
22319,61,14,28,175
22320,61,14,28,175
22321,61,14,28,175
22322,61,14,28,175
22323,61,14,28,175
22324,61,14,28,175
22325,61,14,28,175
22326,61,14,28,175
22327,61,14,28,175
22328,61,14,28,175
22329,61,14,28,175
22330,61,14,28,175
22331,61,14,28,175
22332,61,14,28,175
22333,61,14,28,175
22334,61,14,28,175
22335,61,14,28,175
22336,61,14,28,175
22337,61,14,28,175
22338,61,14,28,175
22339,61,14,28,175
22340,61,14,28,175
22341,61,14,28,175
22342,61,14,28,175
22343,61,14,28,175
22344,61,14,28,175
22345,61,14,28,175
22346,61,14,28,175
22347,61,14,28,175
22348,61,14,28,175
22349,61,14,28,175
22350,61,14,28,175
22351,61,14,28,175
22352,61,14,28,175
22353,61,14,28,175
22354,61,14,28,175
22355,61,14,28,175
22356,61,14,28,175
22357,61,14,28,175
22358,61,14,28,175
22359,61,14,28,175
22360,61,14,28,175
22361,61,14,28,175
22362,61,14,28,175
22363,61,14,28,175
22364,61,14,28,175
22365,61,14,28,175
22366,61,14,28,175
22367,61,14,28,175
22368,61,14,28,175
22369,61,14,28,175
22370,61,14,28,175
22371,61,14,28,175
22372,61,14,28,175
22373,61,14,28,175
22374,61,14,28,175
22375,61,14,28,175
22376,61,14,28,175
22377,61,14,28,175
22378,61,14,28,175
22379,61,14,28,175
22380,61,14,28,175
22381,61,14,28,175
22382,61,14,28,175
22383,61,14,28,175
22384,61,14,28,175
22385,61,14,28,175
22386,61,14,28,175
22387,61,14,28,175
22388,61,14,28,175
22389,61,14,28,175
22390,61,14,28,175
22391,61,14,28,175
22392,61,14,28,175
22393,61,14,28,175
22394,61,14,28,175
22395,61,14,28,175
22396,61,14,28,175
22397,61,14,28,175
22398,61,14,28,175
22399,61,14,28,175
22400,61,14,28,175
22401,61,14,28,175
22402,61,14,28,175
22403,61,14,28,175
22404,61,14,28,175
22405,61,14,28,175
22406,61,14,28,175
22407,61,14,28,175
22408,61,14,28,175
22409,61,14,28,175
22410,61,14,28,175
22411,61,14,28,175
22412,61,14,28,175
22413,61,14,28,175
22414,61,14,28,175
22415,61,14,28,175
22416,61,14,28,175
22417,61,14,28,175
22418,61,14,28,175
22419,61,14,28,175
22420,61,14,28,175
22421,61,14,28,175
22422,61,14,28,175
22423,61,14,28,175
22424,61,14,28,175
22425,61,14,28,175
22426,61,14,28,175
22427,61,14,28,175
22428,61,14,28,175
22429,61,14,28,175
22430,61,14,28,175
22431,61,14,28,175
22432,61,14,28,175
22433,61,14,28,175
22434,61,14,28,175
22435,61,14,28,175
22436,61,14,28,175
22437,61,14,28,175
22438,61,14,28,175
22439,61,14,28,175
22440,61,14,28,175
22441,61,14,28,175
22442,61,14,28,175
22443,61,14,28,175
22444,61,14,28,175
22445,61,14,28,175
22446,61,14,28,175
22447,61,14,28,175
22448,61,14,28,175
22449,61,14,28,176
22450,61,14,28,176
22451,61,14,28,176
22452,61,14,28,176
22453,61,14,28,176
22454,61,14,28,176
22455,61,14,28,176
22456,61,14,28,176
22457,61,14,28,176
22458,61,14,28,176
22459,61,14,28,176
22460,61,14,28,176
22461,61,14,28,176
22462,61,14,28,176
22463,61,14,28,176
22464,61,14,28,176
22465,61,14,28,176
22466,61,14,28,176
22467,61,14,28,176
22468,61,14,28,176
22469,61,14,28,176
22470,61,14,28,176
22471,61,14,28,176
22472,61,14,28,176
22473,61,14,28,176
22474,61,14,28,176
22475,61,14,28,176
22476,61,14,28,176
22477,61,14,28,176
22478,61,14,28,176
22479,61,14,28,176
22480,61,14,28,176
22481,61,14,28,176
22482,61,14,28,176
22483,61,14,28,176
22484,61,14,28,176
22485,61,14,28,176
22486,61,14,28,176
22487,61,14,28,176
22488,61,14,28,176
22489,61,14,28,176
22490,61,14,28,176
22491,61,14,28,176
22492,61,14,28,176
22493,61,14,28,176
22494,61,14,28,176
22495,61,14,28,176
22496,61,14,28,176
22497,61,14,28,176
22498,61,14,28,176
22499,61,14,28,176
22500,61,14,28,176
22501,61,14,28,176
22502,61,14,28,176
22503,61,14,28,176
22504,61,14,28,176
22505,61,14,28,176
22506,61,14,28,176
22507,61,14,28,176
22508,61,14,28,176
22509,61,14,28,176
22510,61,14,28,176
22511,61,14,28,176
22512,61,14,28,176
22513,61,14,28,176
22514,61,14,28,176
22515,61,14,28,176
22516,61,14,28,176
22517,61,14,28,176
22518,61,14,28,176
22519,61,14,28,176
22520,61,14,28,176
22521,61,14,28,176
22522,61,14,28,176
22523,61,14,28,176
22524,61,14,28,176
22525,61,14,28,176
22526,61,14,28,176
22527,61,14,28,176
22528,61,14,28,176
22529,61,14,28,176
22530,61,14,28,176
22531,61,14,28,176
22532,61,14,28,176
22533,61,14,28,176
22534,61,14,28,176
22535,61,14,28,176
22536,61,14,28,176
22537,61,14,28,176
22538,61,14,28,176
22539,61,14,28,176
22540,61,14,28,176
22541,61,14,28,176
22542,61,14,28,176
22543,61,14,28,176
22544,61,14,28,176
22545,61,14,28,176
22546,61,14,28,176
22547,61,14,28,176
22548,61,14,28,176
22549,61,14,28,176
22550,61,14,28,176
22551,61,14,28,176
22552,61,14,28,176
22553,61,14,28,176
22554,61,14,28,176
22555,61,14,28,176
22556,61,14,28,176
22557,61,14,28,176
22558,61,14,28,176
22559,61,14,28,176
22560,61,14,28,176
22561,61,14,28,176
22562,61,14,28,176
22563,61,14,28,176
22564,61,14,28,176
22565,61,14,28,176
22566,61,14,28,176
22567,61,14,28,176
22568,61,14,28,176
22569,61,14,28,176
22570,61,14,28,176
22571,61,14,28,176
22572,61,14,28,176
22573,61,14,28,176
22574,61,14,28,176
22575,61,14,28,176
22576,61,14,28,176
22577,61,14,28,176
22578,61,14,28,176
22579,61,14,28,176
22580,61,14,28,176
22581,61,14,28,176
22582,61,14,28,176
22583,61,14,28,176
22584,61,14,28,176
22585,61,14,28,176
22586,61,14,28,176
22587,61,14,28,176
22588,61,14,28,176
22589,61,14,28,176
22590,61,14,28,176
22591,61,14,28,176
22592,61,14,28,176
22593,61,14,28,176
22594,61,14,28,176
22595,61,14,28,176
22596,61,14,28,176
22597,61,14,28,176
22598,61,14,28,176
22599,61,14,28,176
22600,61,14,28,176
22601,61,14,28,176
22602,61,14,28,176
22603,61,14,28,176
22604,61,14,28,176
22605,61,14,28,176
22606,61,14,28,176
22607,61,14,28,176
22608,61,14,28,176
22609,61,14,28,176
22610,61,14,28,176
22611,61,14,28,176
22612,61,14,28,176
22613,61,14,28,176
22614,61,14,28,176
22615,61,14,28,176
22616,61,14,28,176
22617,61,14,28,176
22618,61,14,28,176
22619,61,14,28,176
22620,61,14,28,176
22621,61,14,28,176
22622,61,14,28,176
22623,61,14,28,176
22624,61,14,28,176
22625,61,14,28,176
22626,61,14,28,176
22627,61,14,28,176
22628,61,14,28,176
22629,61,14,28,176
22630,61,14,28,176
22631,61,14,28,176
22632,61,14,28,176
22633,61,14,28,176
22634,61,14,28,176
22635,61,14,28,176
22636,61,14,28,176
22637,61,14,28,176
22638,61,14,28,176
22639,61,14,28,176
22640,61,14,28,176
22641,61,14,28,176
22642,61,14,28,176
22643,61,14,28,176
22644,61,14,28,176
22645,61,14,28,176
22646,61,14,28,176
22647,61,14,28,176
22648,61,14,28,176
22649,61,14,28,176
22650,61,14,28,176
22651,61,14,28,176
22652,61,14,28,176
22653,61,14,28,176
22654,61,14,28,176
22655,61,14,28,176
22656,61,14,28,176
22657,61,14,28,176
22658,61,14,28,176
22659,61,14,28,176
22660,61,14,28,176
22661,61,14,28,176
22662,61,14,28,176
22663,61,14,28,176
22664,61,14,28,176
22665,61,14,28,176
22666,61,14,28,176
22667,61,14,28,176
22668,61,14,28,176
22669,61,14,28,176
22670,61,14,28,176
22671,61,14,28,176
22672,61,14,28,176
22673,61,14,28,176
22674,61,14,28,176
22675,61,14,28,176
22676,61,14,28,176
22677,61,14,28,176
22678,61,14,28,176
22679,61,14,28,176
22680,61,14,28,176
22681,61,14,28,176
22682,61,14,28,176
22683,61,14,28,176
22684,61,14,28,176
22685,61,14,28,176
22686,61,14,28,176
22687,61,14,28,176
22688,61,14,28,176
22689,61,14,28,176
22690,61,14,28,176
22691,61,14,28,176
22692,61,14,28,176
22693,61,14,28,176
22694,61,14,28,176
22695,61,14,28,176
22696,61,14,28,176
22697,61,14,28,176
22698,61,14,28,176
22699,61,14,28,176
22700,61,14,28,176
22701,61,14,28,176
22702,61,14,28,176
22703,61,14,28,176
22704,61,14,28,176
22705,61,14,28,176
22706,61,14,28,176
22707,61,14,28,176
22708,61,14,28,176
22709,61,14,28,176
22710,61,14,28,176
22711,61,14,28,176
22712,61,14,28,176
22713,61,14,28,176
22714,61,14,28,176
22715,61,14,28,176
22716,61,14,28,176
22717,61,14,28,176
22718,61,14,28,176
22719,61,14,28,176
22720,61,14,28,176
22721,61,14,28,176
22722,61,14,28,176
22723,61,14,28,176
22724,61,14,28,176
22725,61,14,28,177
22726,61,14,28,177
22727,61,14,28,177
22728,61,14,28,177
22729,61,14,28,177
22730,61,14,28,177
22731,61,14,28,177
22732,61,14,28,177
22733,61,14,28,177
22734,61,14,28,177
22735,61,14,28,177
22736,61,14,28,177
22737,61,14,28,177
22738,61,14,28,177
22739,61,14,28,177
22740,61,14,28,177
22741,61,14,28,177
22742,61,14,28,177
22743,61,14,28,177
22744,61,14,28,177
22745,61,14,28,177
22746,61,14,28,177
22747,61,14,28,177
22748,61,14,28,177
22749,61,14,28,177
22750,61,14,28,177
22751,61,14,28,177
22752,61,14,28,177
22753,61,14,28,177
22754,61,14,28,177
22755,61,14,28,177
22756,61,14,28,177
22757,61,14,28,177
22758,61,14,28,177
22759,61,14,28,177
22760,61,14,28,178
22761,61,14,28,178
22762,61,14,28,178
22763,61,14,28,178
22764,61,14,28,178
22765,61,14,28,178
22766,61,14,28,178
22767,61,14,28,178
22768,61,14,28,178
22769,61,14,28,178
22770,61,14,28,178
22771,61,14,28,178
22772,61,14,28,178
22773,61,14,28,178
22774,61,14,28,178
22775,61,14,28,178
22776,61,14,28,178
22777,61,14,28,179
22778,61,14,28,179
22779,61,14,28,179
22780,61,14,28,179
22781,61,14,28,179
22782,61,14,28,179
22783,61,14,28,179
22784,61,14,28,179
22785,61,14,28,179
22786,61,14,28,179
22787,61,14,28,179
22788,61,14,28,179
22789,61,14,28,179
22790,61,14,28,179
22791,61,14,28,179
22792,61,14,28,179
22793,61,14,28,179
22794,61,14,28,179
22795,61,14,28,179
22796,61,14,28,179
22797,61,14,28,179
22798,61,14,28,179
22799,61,14,28,179
22800,61,14,28,179
22801,61,14,28,179
22802,61,14,28,179
22803,61,14,28,179
22804,61,14,28,179
22805,61,14,28,179
22806,61,14,28,179
22807,61,14,28,179
22808,61,14,28,179
22809,61,14,28,179
22810,61,14,28,179
22811,61,14,28,179
22812,61,14,28,179
22813,61,14,28,179
22814,61,14,28,179
22815,61,14,28,179
22816,61,14,28,179
22817,61,14,28,179
22818,61,14,28,179
22819,61,14,28,179
22820,61,14,28,179
22821,61,14,28,179
22822,61,14,28,179
22823,61,14,28,179
22824,61,14,28,179
22825,61,14,28,179
22826,61,14,28,179
22827,61,14,28,179
22828,61,14,28,179
22829,61,14,28,179
22830,61,14,28,179
22831,61,14,28,179
22832,61,14,28,179
22833,61,14,28,179
22834,61,14,28,179
22835,61,14,28,179
22836,61,14,28,179
22837,61,14,28,179
22838,61,14,28,179
22839,61,14,28,179
22840,61,14,28,179
22841,61,14,28,179
22842,61,14,28,179
22843,61,14,28,179
22844,61,14,28,179
22845,61,14,28,179
22846,61,14,28,179
22847,61,14,28,179
22848,61,14,28,179
22849,61,14,28,179
22850,61,14,28,179
22851,61,14,28,179
22852,61,14,28,179
22853,61,14,28,179
22854,61,14,28,179
22855,61,14,28,180
22856,61,14,28,180
22857,61,14,28,180
22858,61,14,28,180
22859,61,14,28,180
22860,61,14,28,180
22861,61,14,28,180
22862,61,14,28,180
22863,61,14,28,180
22864,61,14,28,180
22865,61,14,28,180
22866,61,14,28,180
22867,61,14,28,180
22868,61,14,28,180
22869,61,14,28,180
22870,61,14,28,180
22871,61,14,28,180
22872,61,14,28,180
22873,61,14,28,180
22874,61,14,28,180
22875,61,14,28,180
22876,61,14,28,180
22877,61,14,28,180
22878,61,14,28,180
22879,61,14,28,180
22880,61,14,28,180
22881,61,14,28,180
22882,61,14,28,180
22883,61,14,28,180
22884,61,14,28,180
22885,61,14,28,180
22886,61,14,28,180
22887,61,14,28,180
22888,61,14,28,180
22889,61,14,28,180
22890,61,14,28,180
22891,61,14,28,180
22892,61,14,28,180
22893,61,14,28,180
22894,61,14,28,180
22895,61,14,28,180
22896,61,14,28,180
22897,61,14,28,180
22898,61,14,28,180
22899,61,14,28,180
22900,61,14,28,180
22901,61,14,28,180
22902,61,14,28,180
22903,61,14,28,180
22904,61,14,28,180
22905,61,14,28,180
22906,61,14,28,180
22907,61,14,28,180
22908,61,14,28,180
22909,61,14,28,180
22910,61,14,28,180
22911,61,14,28,180
22912,61,14,28,180
22913,61,14,28,180
22914,61,14,28,180
22915,61,14,28,180
22916,61,14,28,180
22917,61,14,28,180
22918,61,14,28,180
22919,61,14,28,180
22920,61,14,28,180
22921,61,14,28,180
22922,61,14,28,180
22923,61,14,28,180
22924,61,14,28,180
22925,61,14,28,180
22926,61,14,28,180
22927,61,14,28,180
22928,61,14,28,180
22929,61,14,28,180
22930,61,14,28,180
22931,61,14,28,180
22932,61,14,28,180
22933,61,14,28,180
22934,61,14,28,180
22935,61,14,28,180
22936,61,14,28,180
22937,61,14,28,180
22938,61,14,28,180
22939,61,14,28,180
22940,61,14,28,180
22941,61,14,28,180
22942,61,14,28,180
22943,61,14,28,180
22944,61,14,28,180
22945,61,14,28,180
22946,61,14,28,180
22947,61,14,28,180
22948,61,14,28,180
22949,61,14,28,180
22950,61,14,28,180
22951,61,14,28,180
22952,61,14,28,180
22953,61,14,28,180
22954,61,14,28,180
22955,61,14,28,180
22956,61,14,28,180
22957,61,14,28,180
22958,61,14,28,180
22959,61,14,28,180
22960,61,14,28,180
22961,61,14,28,180
22962,61,14,28,180
22963,61,14,28,180
22964,61,14,28,180
22965,61,14,28,180
22966,61,14,28,180
22967,61,14,28,180
22968,61,14,28,180
22969,61,14,28,180
22970,61,14,28,180
22971,61,14,28,180
22972,61,14,28,180
22973,61,14,28,180
22974,61,14,28,180
22975,61,14,28,180
22976,61,14,28,180
22977,61,14,28,180
22978,61,14,28,180
22979,61,14,28,180
22980,61,14,28,180
22981,61,14,28,180
22982,61,14,28,180
22983,61,14,28,180
22984,61,14,28,180
22985,61,14,28,180
22986,61,14,28,180
22987,61,14,28,180
22988,61,14,28,180
22989,61,14,28,180
22990,61,14,28,180
22991,61,14,28,180
22992,61,14,28,180
22993,61,14,28,180
22994,61,14,28,180
22995,61,14,28,180
22996,61,14,28,180
22997,61,14,28,180
22998,61,14,28,180
22999,61,14,28,180
23000,61,14,28,180
23001,61,14,28,180
23002,61,14,28,180
23003,61,14,28,180
23004,61,14,28,180
23005,61,14,28,180
23006,61,14,28,180
23007,61,14,28,180
23008,61,14,28,180
23009,61,14,28,180
23010,61,14,28,180
23011,61,14,28,180
23012,61,14,28,180
23013,61,14,28,180
23014,61,14,28,180
23015,61,14,28,180
23016,61,14,28,180
23017,61,14,28,180
23018,61,14,28,180
23019,61,14,28,180
23020,61,14,28,180
23021,61,14,28,181
23022,61,14,28,181
23023,61,14,28,181
23024,61,14,28,181
23025,61,14,28,181
23026,61,14,28,181
23027,61,14,28,181
23028,61,14,28,181
23029,61,14,28,181
23030,61,14,28,181
23031,61,14,28,181
23032,61,14,28,181
23033,61,14,28,181
23034,61,14,28,181
23035,61,14,28,181
23036,61,14,28,181
23037,61,14,28,181
23038,61,14,28,181
23039,61,14,28,181
23040,61,14,28,181
23041,61,14,28,181
23042,61,14,28,181
23043,61,14,28,181
23044,61,14,28,181
23045,61,14,28,181
23046,61,14,28,181
23047,61,14,28,181
23048,61,14,28,181
23049,61,14,28,181
23050,61,14,28,181
23051,61,14,28,181
23052,61,14,28,181
23053,61,14,28,181
23054,61,14,28,181
23055,61,14,28,181
23056,61,14,28,181
23057,61,14,28,181
23058,61,14,28,181
23059,61,14,28,181
23060,61,14,28,181
23061,61,14,28,181
23062,61,14,28,181
23063,61,14,28,181
23064,61,14,28,181
23065,61,14,28,181
23066,61,14,28,181
23067,61,14,28,181
23068,61,14,28,181
23069,61,14,28,181
23070,61,14,28,181
23071,61,14,28,181
23072,61,14,28,181
23073,61,14,28,181
23074,61,14,28,181
23075,61,14,28,181
23076,61,14,28,181
23077,61,14,28,181
23078,61,14,28,181
23079,61,14,28,181
23080,61,14,28,181
23081,61,14,28,181
23082,61,14,28,181
23083,61,14,28,181
23084,61,14,28,181
23085,61,14,28,181
23086,61,14,28,181
23087,61,14,28,181
23088,61,14,28,181
23089,61,14,28,181
23090,61,14,28,181
23091,61,14,28,181
23092,61,14,28,181
23093,61,14,28,181
23094,61,14,28,181
23095,61,14,28,181
23096,61,14,28,181
23097,61,14,28,181
23098,61,14,28,181
23099,61,14,28,181
23100,61,14,28,181
23101,61,14,28,181
23102,61,14,28,181
23103,61,14,28,182
23104,61,14,28,182
23105,61,14,28,182
23106,61,14,28,182
23107,61,14,28,182
23108,61,14,28,182
23109,61,14,28,182
23110,61,14,28,182
23111,61,14,28,182
23112,61,14,28,182
23113,61,14,28,182
23114,61,14,28,182
23115,61,14,28,182
23116,61,14,28,182
23117,61,14,28,182
23118,61,14,28,182
23119,61,14,28,182
23120,61,14,28,182
23121,61,14,28,182
23122,61,14,28,182
23123,61,14,28,182
23124,61,14,28,182
23125,61,14,28,182
23126,61,14,28,182
23127,61,14,28,182
23128,61,14,28,182
23129,61,14,28,182
23130,61,14,28,182
23131,61,14,28,182
23132,61,14,28,182
23133,61,14,28,182
23134,61,14,28,182
23135,61,14,28,182
23136,61,14,28,182
23137,61,14,28,182
23138,61,14,28,182
23139,61,14,28,182
23140,61,14,28,182
23141,61,14,28,182
23142,61,14,28,182
23143,61,14,28,182
23144,61,14,28,182
23145,61,14,28,182
23146,61,14,28,182
23147,61,14,28,182
23148,61,14,28,182
23149,61,14,28,182
23150,61,14,28,182
23151,61,14,28,182
23152,61,14,28,182
23153,61,14,28,182
23154,61,14,28,182
23155,61,14,28,182
23156,61,14,28,182
23157,61,14,28,182
23158,61,14,28,182
23159,61,14,28,182
23160,61,14,28,182
23161,61,14,28,182
23162,61,14,28,182
23163,61,14,28,182
23164,61,14,28,182
23165,61,14,28,182
23166,61,14,28,182
23167,61,14,28,182
23168,61,14,28,182
23169,61,14,28,182
23170,61,14,28,182
23171,61,14,28,182
23172,61,14,28,182
23173,61,14,28,182
23174,61,14,28,182
23175,61,14,28,182
23176,61,14,28,182
23177,61,14,28,183
23178,61,14,28,183
23179,61,14,28,183
23180,61,14,28,183
23181,61,14,28,183
23182,61,14,28,183
23183,61,14,28,183
23184,61,14,28,183
23185,61,14,28,183
23186,61,14,28,183
23187,61,14,28,183
23188,61,14,28,183
23189,61,14,28,183
23190,61,14,28,183
23191,61,14,28,183
23192,61,14,28,183
23193,61,14,28,183
23194,61,14,28,183
23195,61,14,28,183
23196,61,14,28,183
23197,61,14,28,183
23198,61,14,28,183
23199,61,14,28,183
23200,61,14,28,183
23201,61,14,28,183
23202,61,14,28,183
23203,61,14,28,183
23204,61,14,28,183
23205,61,14,28,183
23206,61,14,28,183
23207,61,14,28,183
23208,61,14,28,183
23209,61,14,28,183
23210,61,14,28,183
23211,61,14,28,183
23212,61,14,28,183
23213,61,14,28,183
23214,61,14,28,183
23215,61,14,28,183
23216,61,14,28,183
23217,61,14,28,183
23218,61,14,28,183
23219,61,14,28,183
23220,61,14,28,183
23221,61,14,28,183
23222,61,14,28,183
23223,61,14,28,183
23224,61,14,28,183
23225,61,14,28,183
23226,61,14,28,183
23227,61,14,28,183
23228,61,14,28,183
23229,61,14,28,183
23230,61,14,28,183
23231,61,14,28,183
23232,61,14,28,183
23233,61,14,28,183
23234,61,14,28,183
23235,61,14,28,183
23236,61,14,28,183
23237,61,14,28,183
23238,61,14,28,183
23239,61,14,28,183
23240,61,14,28,183
23241,61,14,28,183
23242,61,14,28,183
23243,61,14,28,183
23244,61,14,28,183
23245,61,14,28,183
23246,61,14,28,183
23247,61,14,28,183
23248,61,14,28,183
23249,61,14,28,183
23250,61,14,28,184
23251,61,14,28,184
23252,61,14,28,184
23253,61,14,28,184
23254,61,14,28,184
23255,61,14,28,184
23256,61,14,28,184
23257,61,14,28,184
23258,61,14,28,184
23259,61,14,28,184
23260,61,14,28,184
23261,61,14,28,184
23262,61,14,28,184
23263,61,14,28,184
23264,61,14,28,184
23265,61,14,28,184
23266,61,14,28,184
23267,61,14,28,184
23268,61,14,28,184
23269,61,14,28,184
23270,61,14,28,184
23271,61,14,28,184
23272,61,14,28,184
23273,61,14,28,184
23274,61,14,28,184
23275,61,14,28,184
23276,61,14,28,184
23277,61,14,28,184
23278,61,14,28,184
23279,61,14,28,184
23280,61,14,28,184
23281,61,14,28,184
23282,61,14,28,184
23283,61,14,28,184
23284,61,14,28,184
23285,61,14,28,184
23286,61,14,28,184
23287,61,14,28,184
23288,61,14,28,184
23289,61,14,28,184
23290,61,14,28,184
23291,61,14,28,184
23292,61,14,28,184
23293,61,14,28,184
23294,61,14,28,184
23295,61,14,28,184
23296,61,14,28,184
23297,61,14,28,184
23298,61,14,28,184
23299,61,14,28,184
23300,61,14,28,184
23301,61,14,28,184
23302,61,14,28,184
23303,61,14,28,184
23304,61,14,28,184
23305,61,14,28,184
23306,61,14,28,184
23307,61,14,28,184
23308,61,14,28,184
23309,61,14,28,184
23310,61,14,28,184
23311,61,14,28,184
23312,61,14,28,184
23313,61,14,28,184
23314,61,14,28,184
23315,61,14,28,184
23316,61,14,28,184
23317,61,14,28,184
23318,61,14,28,184
23319,61,14,28,184
23320,61,14,28,184
23321,61,14,28,184
23322,61,14,28,184
23323,61,14,28,184
23324,61,14,28,184
23325,61,14,28,184
23326,61,14,28,184
23327,61,14,28,184
23328,61,14,28,184
23329,61,14,28,184
23330,61,14,28,184
23331,61,14,28,184
23332,61,14,28,184
23333,61,14,28,184
23334,61,14,28,184
23335,61,14,28,184
23336,61,14,28,184
23337,61,14,28,184
23338,61,14,28,184
23339,61,14,28,184
23340,61,14,28,184
23341,61,14,28,184
23342,61,14,28,184
23343,61,14,28,184
23344,61,14,28,184
23345,61,14,28,184
23346,61,14,28,184
23347,61,14,28,184
23348,61,14,28,184
23349,61,14,28,184
23350,61,14,28,184
23351,61,14,28,184
23352,61,14,28,184
23353,61,14,28,184
23354,61,14,28,184
23355,61,14,28,184
23356,61,14,28,184
23357,61,14,28,184
23358,61,14,28,184
23359,61,14,28,184
23360,61,14,28,184
23361,61,14,28,184
23362,61,14,28,184
23363,61,14,28,184
23364,61,14,28,184
23365,61,14,28,184
23366,61,14,28,184
23367,61,14,28,184
23368,61,14,28,184
23369,61,14,28,184
23370,61,14,28,184
23371,61,14,28,184
23372,61,14,28,184
23373,61,14,28,184
23374,61,14,28,184
23375,61,14,28,184
23376,61,14,28,184
23377,61,14,28,184
23378,61,14,28,184
23379,61,14,28,184
23380,61,14,28,184
23381,61,14,28,184
23382,61,14,28,184
23383,61,14,28,184
23384,61,14,28,184
23385,61,14,28,184
23386,61,14,28,184
23387,61,14,28,184
23388,61,14,28,184
23389,61,14,28,184
23390,61,14,28,184
23391,61,14,28,184
23392,61,14,28,184
23393,61,14,28,184
23394,61,14,28,184
23395,61,14,28,184
23396,61,14,28,184
23397,61,14,28,184
23398,61,14,28,184
23399,61,14,28,184
23400,61,14,28,184
23401,61,14,28,184
23402,61,14,28,184
23403,61,14,28,184
23404,61,14,28,184
23405,61,14,28,184
23406,61,14,28,184
23407,61,14,28,184
23408,61,14,28,184
23409,61,14,28,184
23410,61,14,28,184
23411,61,14,28,184
23412,61,14,28,184
23413,61,14,28,184
23414,61,14,28,184
23415,61,14,28,184
23416,61,14,28,184
23417,61,14,28,184
23418,61,14,28,184
23419,61,14,28,184
23420,61,14,28,184
23421,61,14,28,184
23422,61,14,28,184
23423,61,14,28,184
23424,61,14,28,184
23425,61,14,28,184
23426,61,14,28,184
23427,61,14,28,184
23428,61,14,28,184
23429,61,14,28,184
23430,61,14,28,184
23431,61,14,28,184
23432,61,14,28,184
23433,61,14,28,184
23434,61,14,28,184
23435,61,14,28,184
23436,61,14,28,184
23437,61,14,28,184
23438,61,14,28,184
23439,61,14,28,184
23440,61,14,28,184
23441,61,14,28,184
23442,61,14,28,184
23443,61,14,28,184
23444,61,14,28,184
23445,61,14,28,184
23446,61,14,28,184
23447,61,14,28,184
23448,61,14,28,184
23449,61,14,28,184
23450,61,14,28,184
23451,61,14,28,184
23452,61,14,28,184
23453,61,14,28,184
23454,61,14,28,184
23455,61,14,28,184
23456,61,14,28,184
23457,61,14,28,184
23458,61,14,28,184
23459,61,14,28,184
23460,61,14,28,184
23461,61,14,28,184
23462,61,14,28,184
23463,61,14,28,184
23464,61,14,28,184
23465,61,14,28,184
23466,61,14,28,184
23467,61,14,28,184
23468,61,14,28,184
23469,61,14,28,184
23470,61,14,28,184
23471,61,14,28,184
23472,61,14,28,184
23473,61,14,28,184
23474,61,14,28,184
23475,61,14,28,184
23476,61,14,28,184
23477,61,14,28,184
23478,61,14,28,184
23479,61,14,28,184
23480,61,14,28,184
23481,61,14,28,184
23482,61,14,28,184
23483,61,14,28,184
23484,61,14,28,184
23485,61,14,28,184
23486,61,14,28,184
23487,61,14,28,184
23488,61,14,28,184
23489,61,14,28,184
23490,61,14,28,184
23491,61,14,28,184
23492,61,14,28,184
23493,61,14,28,184
23494,61,14,28,184
23495,61,14,28,184
23496,61,14,28,184
23497,61,14,28,184
23498,61,14,28,184
23499,61,14,28,184
23500,61,14,28,184
23501,61,14,28,184
23502,61,14,28,184
23503,61,14,28,184
23504,61,14,28,184
23505,61,14,28,184
23506,61,14,28,184
23507,61,14,28,184
23508,61,14,28,184
23509,61,14,28,184
23510,61,14,28,184
23511,61,14,28,184
23512,61,14,28,184
23513,61,14,28,184
23514,61,14,28,184
23515,61,14,28,184
23516,61,14,28,184
23517,61,14,28,184
23518,61,14,28,184
23519,61,14,28,184
23520,61,14,28,184
23521,61,14,28,184
23522,61,14,28,184
23523,61,14,28,184
23524,61,14,28,184
23525,61,14,28,184
23526,61,14,28,184
23527,61,14,28,184
23528,61,14,28,184
23529,61,14,28,184
23530,61,14,28,184
23531,61,14,28,184
23532,61,14,28,184
23533,61,14,28,184
23534,61,14,28,184
23535,61,14,28,184
23536,61,14,28,184
23537,61,14,28,184
23538,61,14,28,184
23539,61,14,28,184
23540,61,14,28,184
23541,61,14,28,184
23542,61,14,28,184
23543,61,14,28,184
23544,61,14,28,184
23545,61,14,28,184
23546,61,14,28,184
23547,61,14,28,184
23548,61,14,28,184
23549,61,14,28,184
23550,61,14,28,184
23551,61,14,28,184
23552,61,14,28,184
23553,61,14,28,184
23554,61,14,28,184
23555,61,14,28,184
23556,61,14,28,184
23557,61,14,28,184
23558,61,14,28,184
23559,61,14,28,184
23560,61,14,28,184
23561,61,14,28,184
23562,61,14,28,184
23563,61,14,28,184
23564,61,14,28,184
23565,61,14,28,184
23566,61,14,28,184
23567,61,14,28,184
23568,61,14,28,184
23569,61,14,28,184
23570,61,14,28,184
23571,61,14,28,184
23572,61,14,28,184
23573,61,14,28,184
23574,61,14,28,184
23575,61,14,28,184
23576,61,14,28,184
23577,61,14,28,184
23578,61,14,28,184
23579,61,14,28,184
23580,61,14,28,184
23581,61,14,28,184
23582,61,14,28,184
23583,61,14,28,184
23584,61,14,28,184
23585,61,14,28,184
23586,61,14,28,184
23587,61,14,28,184
23588,61,14,28,184
23589,61,14,28,184
23590,61,14,28,184
23591,61,14,28,184
23592,61,14,28,184
23593,61,14,28,184
23594,61,14,28,184
23595,61,14,28,184
23596,61,14,28,184
23597,61,14,28,184
23598,61,14,28,184
23599,61,14,28,184
23600,61,14,28,184
23601,61,14,28,184
23602,61,14,28,184
23603,61,14,28,184
23604,61,14,28,184
23605,61,14,28,184
23606,61,14,28,184
23607,61,14,28,184
23608,61,14,28,184
23609,61,14,28,185
23610,61,14,28,185
23611,61,14,28,185
23612,61,14,28,185
23613,61,14,28,185
23614,61,14,28,185
23615,61,14,28,185
23616,61,14,28,185
23617,61,14,28,185
23618,61,14,28,185
23619,61,14,28,185
23620,61,14,28,185
23621,61,14,28,185
23622,61,14,28,185
23623,61,14,28,185
23624,61,14,28,185
23625,61,14,28,185
23626,61,14,28,185
23627,61,14,28,185
23628,61,14,28,185
23629,61,14,28,185
23630,61,14,28,185
23631,61,14,28,185
23632,61,14,28,185
23633,61,14,28,185
23634,61,14,28,185
23635,61,14,28,185
23636,61,14,28,185
23637,61,14,28,185
23638,61,14,28,185
23639,61,14,28,185
23640,61,14,28,185
23641,61,14,28,185
23642,61,14,28,185
23643,61,14,28,185
23644,61,14,28,185
23645,61,14,28,185
23646,61,14,28,185
23647,61,14,28,185
23648,61,14,28,185
23649,61,14,28,185
23650,61,14,28,185
23651,61,14,28,185
23652,61,14,28,185
23653,61,14,28,185
23654,61,14,28,185
23655,61,14,28,185
23656,61,14,28,185
23657,61,14,28,185
23658,61,14,28,185
23659,61,14,28,185
23660,61,14,28,185
23661,61,14,28,185
23662,61,14,28,185
23663,61,14,28,185
23664,61,14,28,185
23665,61,14,28,185
23666,61,14,28,185
23667,61,14,28,185
23668,61,14,28,185
23669,61,14,28,185
23670,61,14,28,185
23671,61,14,28,185
23672,61,14,28,185
23673,61,14,28,185
23674,61,14,28,185
23675,61,14,28,185
23676,61,14,28,185
23677,61,14,28,185
23678,61,14,28,185
23679,61,14,28,185
23680,61,14,28,185
23681,61,14,28,185
23682,61,14,28,185
23683,61,14,28,185
23684,61,14,28,185
23685,61,14,28,185
23686,61,14,28,185
23687,61,14,28,185
23688,61,14,28,185
23689,61,14,28,185
23690,61,14,28,185
23691,61,14,28,185
23692,61,14,28,185
23693,61,14,28,185
23694,61,14,28,185
23695,61,14,28,185
23696,61,14,28,185
23697,61,14,28,185
23698,61,14,28,185
23699,61,14,28,185
23700,61,14,28,185
23701,61,14,28,185
23702,61,14,28,185
23703,61,14,28,185
23704,61,14,28,185
23705,61,14,28,185
23706,61,14,28,185
23707,61,14,28,185
23708,61,14,28,185
23709,61,14,28,185
23710,61,14,28,185
23711,61,14,28,185
23712,61,14,28,185
23713,61,14,28,185
23714,61,14,28,185
23715,61,14,28,185
23716,61,14,28,185
23717,61,14,28,185
23718,61,14,28,185
23719,61,14,28,185
23720,61,14,28,185
23721,61,14,28,185
23722,61,14,28,185
23723,61,14,28,185
23724,61,14,28,185
23725,61,14,28,185
23726,61,14,28,185
23727,61,14,28,185
23728,61,14,28,185
23729,61,14,28,185
23730,61,14,28,185
23731,61,14,28,185
23732,61,14,28,185
23733,61,14,28,185
23734,61,14,28,185
23735,61,14,28,185
23736,61,14,28,185
23737,61,14,28,185
23738,61,14,28,185
23739,61,14,28,185
23740,61,14,28,185
23741,61,14,28,185
23742,61,14,28,185
23743,61,14,28,185
23744,61,14,28,185
23745,61,14,28,185
23746,61,14,28,185
23747,61,14,28,185
23748,61,14,28,185
23749,61,14,28,185
23750,61,14,28,185
23751,61,14,28,185
23752,61,14,28,185
23753,61,14,28,185
23754,61,14,28,185
23755,61,14,28,185
23756,61,14,28,185
23757,61,14,28,185
23758,61,14,28,185
23759,61,14,28,185
23760,61,14,28,185
23761,61,14,28,185
23762,61,14,28,185
23763,61,14,28,185
23764,61,14,28,185
23765,61,14,28,185
23766,61,14,28,185
23767,61,14,28,185
23768,61,14,28,185
23769,61,14,28,185
23770,61,14,28,185
23771,61,14,28,185
23772,61,14,28,185
23773,61,14,28,185
23774,61,14,28,185
23775,61,14,28,185
23776,61,14,28,185
23777,61,14,28,185
23778,61,14,28,185
23779,61,14,28,185
23780,61,14,28,185
23781,61,14,28,185
23782,61,14,28,185
23783,61,14,28,186
23784,61,14,28,186
23785,61,14,28,186
23786,61,14,28,186
23787,61,14,28,186
23788,61,14,28,186
23789,61,14,28,186
23790,61,14,28,186
23791,61,14,28,186
23792,61,14,28,186
23793,61,14,28,186
23794,61,14,28,186
23795,61,14,28,186
23796,61,14,28,186
23797,61,14,28,186
23798,61,14,28,186
23799,61,14,28,186
23800,61,14,28,186
23801,61,14,28,186
23802,61,14,28,186
23803,61,14,28,186
23804,61,14,28,186
23805,61,14,28,186
23806,61,14,28,186
23807,61,14,28,186
23808,61,14,28,186
23809,61,14,28,186
23810,61,14,28,186
23811,61,14,28,186
23812,61,14,28,186
23813,61,14,28,186
23814,61,14,28,186
23815,61,14,28,186
23816,61,14,28,186
23817,61,14,28,186
23818,61,14,28,186
23819,61,14,28,186
23820,61,14,28,186
23821,61,14,28,186
23822,61,14,28,186
23823,61,14,28,186
23824,61,14,28,186
23825,61,14,28,186
23826,61,14,28,186
23827,61,14,28,186
23828,61,14,28,186
23829,61,14,28,186
23830,61,14,28,186
23831,61,14,28,186
23832,61,14,28,186
23833,61,14,28,186
23834,61,14,28,186
23835,61,14,28,186
23836,61,14,28,186
23837,61,14,28,186
23838,61,14,28,186
23839,61,14,28,186
23840,61,14,28,186
23841,61,14,28,186
23842,61,14,28,186
23843,61,14,28,186
23844,61,14,28,186
23845,61,14,28,186
23846,61,14,28,186
23847,61,14,28,186
23848,61,14,28,186
23849,61,14,28,186
23850,61,14,28,186
23851,61,14,28,186
23852,61,14,28,186
23853,61,14,28,186
23854,61,14,28,186
23855,61,14,28,186
23856,61,14,28,186
23857,61,14,28,186
23858,61,14,28,186
23859,61,14,28,186
23860,61,14,28,186
23861,61,14,28,186
23862,61,14,28,186
23863,61,14,28,186
23864,61,14,28,186
23865,61,14,28,186
23866,61,14,28,186
23867,61,14,28,186
23868,61,14,28,186
23869,61,14,28,186
23870,61,14,28,186
23871,61,14,28,186
23872,61,14,28,186
23873,61,14,28,186
23874,61,14,28,186
23875,61,14,28,186
23876,61,14,28,186
23877,61,14,28,186
23878,61,14,28,187
23879,61,14,28,187
23880,61,14,28,187
23881,61,14,28,187
23882,61,14,28,187
23883,61,14,28,187
23884,61,14,28,187
23885,61,14,28,187
23886,61,14,28,187
23887,61,14,28,187
23888,61,14,28,187
23889,61,14,28,187
23890,61,14,28,187
23891,61,14,28,187
23892,61,14,28,187
23893,61,14,28,187
23894,61,14,28,187
23895,61,14,28,187
23896,61,14,28,187
23897,61,14,28,187
23898,61,14,28,187
23899,61,14,28,187
23900,61,14,28,187
23901,61,14,28,187
23902,61,14,28,187
23903,61,14,28,187
23904,61,14,28,187
23905,61,14,28,187
23906,61,14,28,187
23907,61,14,28,187
23908,61,14,28,187
23909,61,14,28,187
23910,61,14,28,187
23911,61,14,28,187
23912,61,14,28,187
23913,61,14,28,188
23914,61,14,28,188
23915,61,14,28,188
23916,61,14,28,188
23917,61,14,28,188
23918,61,14,28,188
23919,61,14,28,188
23920,61,14,28,188
23921,61,14,28,188
23922,61,14,28,188
23923,61,14,28,188
23924,61,14,28,188
23925,61,14,28,188
23926,61,14,28,188
23927,61,14,28,188
23928,61,14,28,188
23929,61,14,28,188
23930,61,14,28,188
23931,61,14,28,188
23932,61,14,28,188
23933,61,14,28,188
23934,61,14,28,188
23935,61,14,28,188
23936,61,14,28,189
23937,61,14,28,189
23938,61,14,28,189
23939,61,14,28,189
23940,61,14,28,189
23941,61,14,28,189
23942,61,14,28,189
23943,61,14,28,189
23944,61,14,28,189
23945,61,14,28,189
23946,61,14,28,189
23947,61,14,28,189
23948,61,14,28,189
23949,61,14,28,189
23950,61,14,28,189
23951,61,14,28,189
23952,61,14,28,189
23953,61,14,28,189
23954,61,14,28,189
23955,61,14,28,189
23956,61,14,28,189
23957,61,14,28,189
23958,61,14,28,189
23959,61,14,28,189
23960,61,14,28,189
23961,61,14,28,189
23962,61,14,28,189
23963,61,14,28,189
23964,61,14,28,189
23965,61,14,28,189
23966,61,14,28,189
23967,61,14,28,189
23968,61,14,28,189
23969,61,14,28,189
23970,61,14,28,189
23971,61,14,28,189
23972,61,14,28,189
23973,61,14,28,189
23974,61,14,28,189
23975,61,14,28,189
23976,61,14,28,189
23977,61,14,28,189
23978,61,14,28,189
23979,61,14,28,189
23980,61,14,28,189
23981,61,14,28,189
23982,61,14,28,189
23983,61,14,28,189
23984,61,14,28,189
23985,61,14,28,189
23986,61,14,28,189
23987,61,14,28,189
23988,61,14,28,189
23989,61,14,28,189
23990,61,14,28,189
23991,61,14,28,189
23992,61,14,28,189
23993,61,14,28,189
23994,61,14,28,189
23995,61,14,28,189
23996,61,14,28,189
23997,61,14,28,189
23998,61,14,28,189
23999,61,14,28,189
24000,61,14,28,189
24001,61,14,28,189
24002,61,14,28,189
24003,61,14,28,189
24004,61,14,28,189
24005,61,14,28,189
24006,61,14,28,189
24007,61,14,28,189
24008,61,14,28,189
24009,61,14,28,189
24010,61,14,28,189
24011,61,14,28,189
24012,61,14,28,189
24013,61,14,28,189
24014,61,14,28,189
24015,61,14,28,189
24016,61,14,28,189
24017,61,14,28,189
24018,61,14,28,189
24019,61,14,28,189
24020,61,14,28,189
24021,61,14,28,189
24022,61,14,28,189
24023,61,14,28,189
24024,61,14,28,189
24025,61,14,28,189
24026,61,14,28,189
24027,61,14,28,189
24028,61,14,28,189
24029,61,14,28,189
24030,61,14,28,189
24031,61,14,28,189
24032,61,14,28,189
24033,61,14,28,189
24034,61,14,28,189
24035,61,14,28,189
24036,61,14,28,189
24037,61,14,28,189
24038,61,14,28,189
24039,61,14,28,189
24040,61,14,28,189
24041,61,14,28,189
24042,61,14,28,189
24043,61,14,28,189
24044,61,14,28,189
24045,61,14,28,190
24046,61,14,28,190
24047,61,14,28,190
24048,61,14,28,190
24049,61,14,28,190
24050,61,14,28,190
24051,61,14,28,190
24052,61,14,28,190
24053,61,14,28,190
24054,61,14,28,190
24055,61,14,28,190
24056,61,14,28,190
24057,61,14,28,190
24058,61,14,28,190
24059,61,14,28,190
24060,61,14,28,190
24061,61,14,28,190
24062,61,14,28,190
24063,61,14,28,190
24064,61,14,28,190
24065,61,14,28,190
24066,61,14,28,190
24067,61,14,28,190
24068,61,14,28,190
24069,61,14,28,190
24070,61,14,28,190
24071,61,14,28,190
24072,61,14,28,190
24073,61,14,28,190
24074,61,14,28,190
24075,61,14,28,190
24076,61,14,28,190
24077,61,14,28,190
24078,61,14,28,190
24079,61,14,28,190
24080,61,14,28,190
24081,61,14,28,190
24082,61,14,28,190
24083,61,14,28,190
24084,61,14,28,190
24085,61,14,28,190
24086,61,14,28,190
24087,61,14,28,190
24088,61,14,28,190
24089,61,14,28,190
24090,61,14,28,190
24091,61,14,28,190
24092,61,14,28,190
24093,61,14,28,190
24094,61,14,28,190
24095,61,14,28,190
24096,61,14,28,190
24097,61,14,28,190
24098,61,14,28,190
24099,61,14,28,190
24100,61,14,28,190
24101,61,14,28,190
24102,61,14,28,190
24103,61,14,28,190
24104,61,14,28,190
24105,61,14,28,190
24106,61,14,28,190
24107,61,14,28,190
24108,61,14,28,190
24109,61,14,28,190
24110,61,14,28,190
24111,61,14,28,190
24112,61,14,28,190
24113,61,14,28,190
24114,61,14,28,190
24115,61,14,28,190
24116,61,14,28,190
24117,61,14,28,190
24118,61,14,28,190
24119,61,14,28,190
24120,61,14,28,190
24121,61,14,28,190
24122,61,14,28,190
24123,61,14,28,190
24124,61,14,28,190
24125,61,14,28,190
24126,61,14,28,190
24127,61,14,28,190
24128,61,14,28,190
24129,61,14,28,190
24130,61,14,28,190
24131,61,14,28,190
24132,61,14,28,190
24133,61,14,28,190
24134,61,14,28,190
24135,61,14,28,190
24136,61,14,28,190
24137,61,14,28,190
24138,61,14,28,190
24139,61,14,28,190
24140,61,14,28,190
24141,61,14,28,190
24142,61,14,28,190
24143,61,14,28,190
24144,61,14,28,190
24145,61,14,28,190
24146,61,14,28,190
24147,61,14,28,190
24148,61,14,28,190
24149,61,14,28,190
24150,61,14,28,190
24151,61,14,28,190
24152,61,14,28,190
24153,61,14,28,190
24154,61,14,28,190
24155,61,14,28,190
24156,61,14,28,190
24157,61,14,28,190
24158,61,14,28,190
24159,61,14,28,190
24160,61,14,28,190
24161,61,14,28,190
24162,61,14,28,190
24163,61,14,28,190
24164,61,14,28,190
24165,61,14,28,190
24166,61,14,28,190
24167,61,14,28,190
24168,61,14,28,190
24169,61,14,28,190
24170,61,14,28,190
24171,61,14,28,190
24172,61,14,28,190
24173,61,14,28,190
24174,61,14,28,190
24175,61,14,28,190
24176,61,14,28,190
24177,61,14,28,190
24178,61,14,28,190
24179,61,14,28,190
24180,61,14,28,190
24181,61,14,28,190
24182,61,14,28,190
24183,61,14,28,190
24184,61,14,28,190
24185,61,14,28,190
24186,61,14,28,190
24187,61,14,28,190
24188,61,14,28,190
24189,61,14,28,190
24190,61,14,28,190
24191,61,14,28,190
24192,61,14,28,190
24193,61,14,28,190
24194,61,14,28,190
24195,61,14,28,190
24196,61,14,28,190
24197,61,14,28,190
24198,61,14,28,190
24199,61,14,28,190
24200,61,14,28,190
24201,61,14,28,190
24202,61,14,28,190
24203,61,14,28,190
24204,61,14,28,190
24205,61,14,28,190
24206,61,14,28,190
24207,61,14,28,190
24208,61,14,28,190
24209,61,14,28,190
24210,61,14,28,190
24211,61,14,28,190
24212,61,14,28,190
24213,61,14,28,190
24214,61,14,28,190
24215,61,14,28,190
24216,61,14,28,190
24217,61,14,28,190
24218,61,14,28,190
24219,61,14,28,190
24220,61,14,28,190
24221,61,14,28,190
24222,61,14,28,190
24223,61,14,28,190
24224,61,14,28,190
24225,61,14,28,190
24226,61,14,28,190
24227,61,14,28,190
24228,61,14,28,190
24229,61,14,28,190
24230,61,14,28,190
24231,61,14,28,190
24232,61,14,28,190
24233,61,14,28,190
24234,61,14,28,190
24235,61,14,28,190
24236,61,14,28,190
24237,61,14,28,190
24238,61,14,28,190
24239,61,14,28,190
24240,61,14,28,190
24241,61,14,28,190
24242,61,14,28,190
24243,61,14,28,190
24244,61,14,28,190
24245,61,14,28,190
24246,61,14,28,190
24247,61,14,28,190
24248,61,14,28,190
24249,61,14,28,190
24250,61,14,28,190
24251,61,14,28,190
24252,61,14,28,190
24253,61,14,28,190
24254,61,14,28,190
24255,61,14,28,190
24256,61,14,28,190
24257,61,14,28,190
24258,61,14,28,190
24259,61,14,28,190
24260,61,14,28,190
24261,61,14,28,190
24262,61,14,28,190
24263,61,14,28,190
24264,61,14,28,190
24265,61,14,28,190
24266,61,14,28,190
24267,61,14,28,190
24268,61,14,28,190
24269,61,14,28,190
24270,61,14,28,190
24271,61,14,28,190
24272,61,14,28,190
24273,61,14,28,190
24274,61,14,28,190
24275,61,14,28,190
24276,61,14,28,190
24277,61,14,28,190
24278,61,14,28,190
24279,61,14,28,190
24280,61,14,28,190
24281,61,14,28,190
24282,61,14,28,190
24283,61,14,28,190
24284,61,14,28,190
24285,61,14,28,190
24286,61,14,28,190
24287,61,14,28,190
24288,61,14,28,190
24289,61,14,28,190
24290,61,14,28,190
24291,61,14,28,190
24292,61,14,28,190
24293,61,14,28,190
24294,61,14,28,190
24295,61,14,28,190
24296,61,14,28,190
24297,61,14,28,190
24298,61,14,28,190
24299,61,14,28,190
24300,61,14,28,190
24301,61,14,28,190
24302,61,14,28,190
24303,61,14,28,190
24304,61,14,28,190
24305,61,14,28,190
24306,61,14,28,190
24307,61,14,28,191
24308,61,14,28,191
24309,61,14,28,191
24310,61,14,28,191
24311,61,14,28,191
24312,61,14,28,191
24313,61,14,28,191
24314,61,14,28,191
24315,61,14,28,191
24316,61,14,28,191
24317,61,14,28,191
24318,61,14,28,191
24319,61,14,28,191
24320,61,14,28,191
24321,61,14,28,191
24322,61,14,28,191
24323,61,14,28,191
24324,61,14,28,191
24325,61,14,28,191
24326,61,14,28,191
24327,61,14,28,191
24328,61,14,28,191
24329,61,14,28,191
24330,61,14,28,191
24331,61,14,28,191
24332,61,14,28,191
24333,61,14,28,191
24334,61,14,28,191
24335,61,14,28,191
24336,61,14,28,191
24337,61,14,28,191
24338,61,14,28,191
24339,61,14,28,191
24340,61,14,28,191
24341,61,14,28,191
24342,61,14,28,191
24343,61,14,28,191
24344,61,14,28,191
24345,61,14,28,191
24346,61,14,28,191
24347,61,14,28,191
24348,61,14,28,191
24349,61,14,28,191
24350,61,14,28,191
24351,61,14,28,191
24352,61,14,28,191
24353,61,14,28,191
24354,61,14,28,191
24355,61,14,28,191
24356,61,14,28,191
24357,61,14,28,191
24358,61,14,28,191
24359,61,14,28,191
24360,61,14,28,191
24361,61,14,28,191
24362,61,14,28,191
24363,61,14,28,191
24364,61,14,28,191
24365,61,14,28,191
24366,61,14,28,191
24367,61,14,28,191
24368,61,14,28,191
24369,61,14,28,191
24370,61,14,28,191
24371,61,14,28,191
24372,61,14,28,191
24373,61,14,28,191
24374,61,14,28,191
24375,61,14,28,191
24376,61,14,28,191
24377,61,14,28,191
24378,61,14,28,191
24379,61,14,28,191
24380,61,14,28,191
24381,61,14,28,191
24382,61,14,28,191
24383,61,14,28,191
24384,61,14,28,191
24385,61,14,28,191
24386,61,14,28,191
24387,61,14,28,191
24388,61,14,28,191
24389,61,14,28,191
24390,61,14,28,191
24391,61,14,28,191
24392,61,14,28,191
24393,61,14,28,191
24394,61,14,28,191
24395,61,14,28,191
24396,61,14,28,191
24397,61,14,28,191
24398,61,14,28,191
24399,61,14,28,191
24400,61,14,28,191
24401,61,14,28,191
24402,61,14,28,191
24403,61,14,28,191
24404,61,14,28,191
24405,61,14,28,191
24406,61,14,28,191
24407,61,14,28,191
24408,61,14,28,191
24409,61,14,28,191
24410,61,14,28,191
24411,61,14,28,191
24412,61,14,28,191
24413,61,14,28,191
24414,61,14,28,191
24415,61,14,28,191
24416,61,14,28,191
24417,61,14,28,191
24418,61,14,28,191
24419,61,14,28,191
24420,61,14,28,191
24421,61,14,28,191
24422,61,14,28,191
24423,61,14,28,191
24424,61,14,28,191
24425,61,14,28,191
24426,61,14,28,191
24427,61,14,28,191
24428,61,14,28,191
24429,61,14,28,191
24430,61,14,28,191
24431,61,14,28,191
24432,61,14,28,191
24433,61,14,28,191
24434,61,14,28,191
24435,61,14,28,191
24436,61,14,28,192
24437,61,14,28,192
24438,61,14,28,192
24439,61,14,28,192
24440,61,14,28,192
24441,61,14,28,192
24442,61,14,28,192
24443,61,14,28,192
24444,61,14,28,192
24445,61,14,28,192
24446,61,14,28,192
24447,61,14,28,192
24448,61,14,28,192
24449,61,14,28,192
24450,61,14,28,192
24451,61,14,28,192
24452,61,14,28,192
24453,61,14,28,192
24454,61,14,28,192
24455,61,14,28,192
24456,61,14,28,192
24457,61,14,28,192
24458,61,14,28,192
24459,61,14,28,192
24460,61,14,28,192
24461,61,14,28,192
24462,61,14,28,192
24463,61,14,28,192
24464,61,14,28,192
24465,61,14,28,192
24466,61,14,28,192
24467,61,14,28,192
24468,61,14,28,192
24469,61,14,28,192
24470,61,14,28,192
24471,61,14,28,192
24472,61,14,28,192
24473,61,14,28,192
24474,61,14,28,192
24475,61,14,28,192
24476,61,14,28,192
24477,61,14,28,192
24478,61,14,28,192
24479,61,14,28,192
24480,61,14,28,192
24481,61,14,28,192
24482,61,14,28,192
24483,61,14,28,192
24484,61,14,28,192
24485,61,14,28,192
24486,61,14,28,192
24487,61,14,28,192
24488,61,14,28,192
24489,61,14,28,192
24490,61,14,28,192
24491,61,14,28,192
24492,61,14,28,192
24493,61,14,28,192
24494,61,14,28,192
24495,61,14,28,192
24496,61,14,28,192
24497,61,14,28,192
24498,61,14,28,192
24499,61,14,28,192
24500,61,14,28,192
24501,61,14,28,192
24502,61,14,28,192
24503,61,14,28,192
24504,61,14,28,192
24505,61,14,28,192
24506,61,14,28,192
24507,61,14,28,192
24508,61,14,28,192
24509,61,14,28,192
24510,61,14,28,192
24511,61,14,28,192
24512,61,14,28,192
24513,61,14,28,192
24514,61,14,28,192
24515,61,14,28,192
24516,61,14,28,192
24517,61,14,28,192
24518,61,14,28,192
24519,61,14,28,192
24520,61,14,28,192
24521,61,14,28,192
24522,61,14,28,192
24523,61,14,28,192
24524,61,14,28,192
24525,61,14,28,192
24526,61,14,28,192
24527,61,14,28,192
24528,61,14,28,192
24529,61,14,28,192
24530,61,14,28,192
24531,61,14,28,192
24532,61,14,28,192
24533,61,14,28,192
24534,61,14,28,192
24535,61,14,28,192
24536,61,14,28,192
24537,61,14,28,192
24538,61,14,28,192
24539,61,14,28,192
24540,61,14,28,192
24541,61,14,28,192
24542,61,14,28,192
24543,61,14,28,192
24544,61,14,28,192
24545,61,14,28,192
24546,61,14,28,192
24547,61,14,28,192
24548,61,14,28,192
24549,61,14,28,192
24550,61,14,28,192
24551,61,14,28,192
24552,61,14,28,192
24553,61,14,28,192
24554,61,14,28,192
24555,61,14,28,192
24556,61,14,28,192
24557,61,14,28,192
24558,61,14,28,192
24559,61,14,28,192
24560,61,14,28,192
24561,61,14,28,192
24562,61,14,28,192
24563,61,14,28,192
24564,61,14,28,192
24565,61,14,28,192
24566,61,14,28,193
24567,61,14,28,193
24568,61,14,28,193
24569,61,14,28,193
24570,61,14,28,193
24571,61,14,28,193
24572,61,14,28,193
24573,61,14,28,193
24574,61,14,28,193
24575,61,14,28,193
24576,61,14,28,193
24577,61,14,28,193
24578,61,14,28,193
24579,61,14,28,193
24580,61,14,28,193
24581,61,14,28,193
24582,61,14,28,193
24583,61,14,28,193
24584,61,14,28,193
24585,61,14,28,193
24586,61,14,28,193
24587,61,14,28,193
24588,61,14,28,193
24589,61,14,28,193
24590,61,14,28,193
24591,61,14,28,193
24592,61,14,28,193
24593,61,14,28,193
24594,61,14,28,193
24595,61,14,28,193
24596,61,14,28,193
24597,61,14,28,193
24598,61,14,28,193
24599,61,14,28,193
24600,61,14,28,193
24601,61,14,28,193
24602,61,14,28,193
24603,61,14,28,193
24604,61,14,28,193
24605,61,14,28,193
24606,61,14,28,193
24607,61,14,28,194
24608,61,14,28,194
24609,61,14,28,194
24610,61,14,28,194
24611,61,14,28,194
24612,61,14,28,194
24613,61,14,28,194
24614,61,14,28,194
24615,61,14,28,194
24616,61,14,28,194
24617,61,14,28,194
24618,61,14,28,194
24619,61,14,28,194
24620,61,14,28,194
24621,61,14,28,194
24622,61,14,28,194
24623,61,14,28,194
24624,61,14,28,194
24625,61,14,28,194
24626,61,14,28,195
24627,61,14,28,195
24628,61,14,28,195
24629,61,14,28,195
24630,61,14,28,195
24631,61,14,28,195
24632,61,14,28,195
24633,61,14,28,195
24634,61,14,28,195
24635,61,14,28,195
24636,61,14,28,195
24637,61,14,28,195
24638,61,14,28,195
24639,61,14,28,195
24640,61,14,28,195
24641,61,14,28,195
24642,61,14,28,195
24643,61,14,28,195
24644,61,14,28,195
24645,61,14,28,195
24646,61,14,28,195
24647,61,14,28,195
24648,61,14,28,195
24649,61,14,28,195
24650,61,14,28,195
24651,61,14,28,195
24652,61,14,28,195
24653,61,14,28,195
24654,61,14,28,195
24655,61,14,28,195
24656,61,14,28,195
24657,61,14,28,195
24658,61,14,28,195
24659,61,14,28,195
24660,61,14,28,195
24661,61,14,28,195
24662,61,14,28,195
24663,61,14,28,195
24664,61,14,28,195
24665,61,14,28,195
24666,61,14,28,195
24667,61,14,28,195
24668,61,14,28,195
24669,61,14,28,195
24670,61,14,28,195
24671,61,14,28,195
24672,61,14,28,195
24673,61,14,28,195
24674,61,14,28,195
24675,61,14,28,195
24676,61,14,28,195
24677,61,14,28,195
24678,61,14,28,195
24679,61,14,28,195
24680,61,14,28,195
24681,61,14,28,195
24682,61,14,28,195
24683,61,14,28,195
24684,61,14,28,195
24685,61,14,28,195
24686,61,14,28,195
24687,61,14,28,195
24688,61,14,28,195
24689,61,14,28,195
24690,61,14,28,195
24691,61,14,28,195
24692,61,14,28,195
24693,61,14,28,195
24694,61,14,28,195
24695,61,14,28,195
24696,61,14,28,195
24697,61,14,28,195
24698,61,14,28,196
24699,61,14,28,196
24700,61,14,28,196
24701,61,14,28,196
24702,61,14,28,196
24703,61,14,28,196
24704,61,14,28,196
24705,61,14,28,196
24706,61,14,28,196
24707,61,14,28,196
24708,61,14,28,196
24709,61,14,28,196
24710,61,14,28,196
24711,61,14,28,196
24712,61,14,28,196
24713,61,14,28,196
24714,61,14,28,196
24715,61,14,28,196
24716,61,14,28,196
24717,61,14,28,196
24718,61,14,28,196
24719,61,14,28,196
24720,61,14,28,196
24721,61,14,28,196
24722,61,14,28,196
24723,61,14,28,196
24724,61,14,28,196
24725,61,14,28,196
24726,61,14,28,196
24727,61,14,28,196
24728,61,14,28,196
24729,61,14,28,196
24730,61,14,28,196
24731,61,14,28,196
24732,61,14,28,196
24733,61,14,28,196
24734,61,14,28,196
24735,61,14,28,196
24736,61,14,28,196
24737,61,14,28,196
24738,61,14,28,196
24739,61,14,28,196
24740,61,14,28,196
24741,61,14,28,196
24742,61,14,28,196
24743,61,14,28,196
24744,61,14,28,197
24745,61,14,28,197
24746,61,14,28,197
24747,61,14,28,197
24748,61,14,28,197
24749,61,14,28,197
24750,61,14,28,197
24751,61,14,28,197
24752,61,14,28,197
24753,61,14,28,197
24754,61,14,28,197
24755,61,14,28,197
24756,61,14,28,197
24757,61,14,28,197
24758,61,14,28,197
24759,61,14,28,197
24760,61,14,28,197
24761,61,14,28,197
24762,61,14,28,197
24763,61,14,28,198
24764,61,14,28,198
24765,61,14,28,198
24766,61,14,28,198
24767,61,14,28,198
24768,61,14,28,198
24769,61,14,28,198
24770,61,14,28,198
24771,61,14,28,198
24772,61,14,28,198
24773,61,14,28,198
24774,61,14,28,198
24775,61,14,28,198
24776,61,14,28,198
24777,61,14,28,198
24778,61,14,28,198
24779,61,14,28,198
24780,61,14,28,198
24781,61,14,28,198
24782,61,14,28,198
24783,61,14,28,198
24784,61,14,28,198
24785,61,14,28,198
24786,61,14,28,198
24787,61,14,28,198
24788,61,14,28,198
24789,61,14,28,198
24790,61,14,28,198
24791,61,14,28,198
24792,61,14,28,198
24793,61,14,28,198
24794,61,14,28,198
24795,61,14,28,198
24796,61,14,28,198
24797,61,14,28,198
24798,61,14,28,198
24799,61,14,28,198
24800,61,14,28,198
24801,61,14,28,198
24802,61,14,28,198
24803,61,14,28,198
24804,61,14,28,198
24805,61,14,28,198
24806,61,14,28,198
24807,61,14,28,198
24808,61,14,28,198
24809,61,14,28,198
24810,61,14,28,198
24811,61,14,28,198
24812,61,14,28,198
24813,61,14,28,198
24814,61,14,28,198
24815,61,14,28,198
24816,61,14,28,198
24817,61,14,28,198
24818,61,14,28,198
24819,61,14,28,198
24820,61,14,28,198
24821,61,14,28,198
24822,61,14,28,198
24823,61,14,28,198
24824,61,14,28,198
24825,61,14,28,198
24826,61,14,28,198
24827,61,14,28,198
24828,61,14,28,198
24829,61,14,28,198
24830,61,14,28,198
24831,61,14,28,198
24832,61,14,28,198
24833,61,14,28,198
24834,61,14,28,198
24835,61,14,28,198
24836,61,14,28,198
24837,61,14,28,198
24838,61,14,28,198
24839,61,14,28,198
24840,61,14,28,198
24841,61,14,28,198
24842,61,14,28,198
24843,61,14,28,198
24844,61,14,28,198
24845,61,14,28,198
24846,61,14,28,198
24847,61,14,28,198
24848,61,14,28,198
24849,61,14,28,198
24850,61,14,28,198
24851,61,14,28,198
24852,61,14,28,198
24853,61,14,28,198
24854,61,14,28,198
24855,61,14,28,198
24856,61,14,28,198
24857,61,14,28,198
24858,61,14,28,198
24859,61,14,28,198
24860,61,14,28,198
24861,61,14,28,198
24862,61,14,28,198
24863,61,14,28,198
24864,61,14,28,198
24865,61,14,28,198
24866,61,14,28,198
24867,61,14,28,198
24868,61,14,28,198
24869,61,14,28,198
24870,61,14,28,198
24871,61,14,28,198
24872,61,14,28,198
24873,61,14,28,198
24874,61,14,28,198
24875,61,14,28,198
24876,61,14,28,198
24877,61,14,28,198
24878,61,14,28,198
24879,61,14,28,198
24880,61,14,28,198
24881,61,14,28,199
24882,61,14,28,199
24883,61,14,28,199
24884,61,14,28,199
24885,61,14,28,199
24886,61,14,28,199
24887,61,14,28,199
24888,61,14,28,199
24889,61,14,28,199
24890,61,14,28,199
24891,61,14,28,199
24892,61,14,28,199
24893,61,14,28,199
24894,61,14,28,199
24895,61,14,28,199
24896,61,14,28,199
24897,61,14,28,199
24898,61,14,28,199
24899,61,14,28,199
24900,61,14,28,199
24901,61,14,28,199
24902,61,14,28,199
24903,61,14,28,199
24904,61,14,28,199
24905,61,14,28,199
24906,61,14,28,199
24907,61,14,28,199
24908,61,14,28,199
24909,61,14,28,199
24910,61,14,28,199
24911,61,14,28,199
24912,61,14,28,199
24913,61,14,28,199
24914,61,14,28,199
24915,61,14,28,199
24916,61,14,28,199
24917,61,14,28,199
24918,61,14,28,199
24919,61,14,28,199
24920,61,14,28,199
24921,61,14,28,199
24922,61,14,28,199
24923,61,14,28,199
24924,61,14,28,199
24925,61,14,28,199
24926,61,14,28,199
24927,61,14,28,199
24928,61,14,28,199
24929,61,14,28,199
24930,61,14,28,199
24931,61,14,28,199
24932,61,14,28,199
24933,61,14,28,199
24934,61,14,28,199
24935,61,14,28,199
24936,61,14,28,199
24937,61,14,28,199
24938,61,14,28,199
24939,61,14,28,199
24940,61,14,28,199
24941,61,14,28,199
24942,61,14,28,199
24943,61,14,28,199
24944,61,14,28,199
24945,61,14,28,199
24946,61,14,28,199
24947,61,14,28,199
24948,61,14,28,199
24949,61,14,28,199
24950,61,14,28,199
24951,61,14,28,199
24952,61,14,28,199
24953,61,14,28,199
24954,61,14,28,199
24955,61,14,28,199
24956,61,14,28,199
24957,61,14,28,199
24958,61,14,28,199
24959,61,14,28,199
24960,61,14,28,199
24961,61,14,28,199
24962,61,14,28,199
24963,61,14,28,199
24964,61,14,28,199
24965,61,14,28,199
24966,61,14,28,199
24967,61,14,28,199
24968,61,14,28,199
24969,61,14,28,199
24970,61,14,28,199
24971,61,14,28,199
24972,61,14,28,199
24973,61,14,28,199
24974,61,14,28,199
24975,61,14,28,199
24976,61,14,28,199
24977,61,14,28,199
24978,61,14,28,199
24979,61,14,28,199
24980,61,14,28,199
24981,61,14,28,199
24982,61,14,28,199
24983,61,14,28,199
24984,61,14,28,199
24985,61,14,28,199
24986,61,14,28,199
24987,61,14,28,199
24988,61,14,28,199
24989,61,14,28,199
24990,61,14,28,199
24991,61,14,28,199
24992,61,14,28,199
24993,61,14,28,199
24994,61,14,28,199
24995,61,14,28,199
24996,61,14,28,199
24997,61,14,28,200
24998,61,14,28,200
24999,61,14,28,200
25000,61,14,28,200
