iteration,coverage,max_depth,corpus_size,crashes
0,41,14,6,0
1,33,14,7,0
2,34,14,8,0
3,34,14,8,0
4,35,14,9,0
5,35,14,9,0
6,35,14,9,0
7,35,14,9,0
8,36,14,10,0
9,36,14,10,0
10,36,14,10,0
11,37,14,11,0
12,37,14,11,0
13,37,14,11,0
14,38,14,12,0
15,38,14,12,0
16,39,14,13,0
17,40,14,14,0
18,40,14,14,0
19,40,14,14,0
20,40,14,14,0
21,40,14,14,0
22,40,14,14,0
23,40,14,14,0
24,40,14,14,0
25,40,14,14,0
26,40,14,14,0
27,40,14,14,0
28,40,14,14,0
29,40,14,14,0
30,40,14,14,0
31,40,14,14,0
32,40,14,14,0
33,40,14,14,0
34,40,14,14,0
35,40,14,14,0
36,40,14,14,0
37,40,14,14,0
38,40,14,14,0
39,40,14,14,0
40,40,14,14,0
41,40,14,14,0
42,40,14,14,0
43,40,14,14,0
44,40,14,14,0
45,40,14,14,0
46,40,14,14,0
47,40,14,14,0
48,40,14,14,0
49,40,14,14,0
50,40,14,14,0
51,40,14,14,0
52,40,14,14,0
53,41,14,15,0
54,41,14,15,0
55,41,14,15,0
56,41,14,15,0
57,41,14,15,0
58,41,14,15,0
59,41,14,15,0
60,41,14,15,0
61,41,14,15,0
62,41,14,15,0
63,41,14,15,0
64,41,14,15,0
65,41,14,15,0
66,41,14,15,0
67,41,14,15,0
68,41,14,15,0
69,41,14,15,0
70,41,14,15,0
71,41,14,15,0
72,41,14,15,0
73,41,14,15,0
74,41,14,15,0
75,41,14,15,0
76,41,14,15,0
77,41,14,15,0
78,41,14,15,0
79,41,14,15,0
80,41,14,15,0
81,41,14,15,0
82,41,14,15,0
83,41,14,15,0
84,41,14,15,0
85,41,14,15,0
86,41,14,15,0
87,41,14,15,0
88,41,14,15,0
89,41,14,15,0
90,41,14,15,0
91,41,14,15,0
92,41,14,15,0
93,41,14,15,0
94,41,14,15,0
95,41,14,15,0
96,41,14,15,0
97,41,14,15,0
98,41,14,15,0
99,41,14,15,0
100,41,14,15,0
101,41,14,15,0
102,41,14,15,0
103,41,14,15,0
104,41,14,15,0
105,41,14,15,0
106,41,14,15,0
107,41,14,15,0
108,41,14,15,0
109,41,14,15,0
110,41,14,15,0
111,41,14,15,0
112,41,14,15,0
113,41,14,15,0
114,41,14,15,0
115,41,14,15,0
116,41,14,15,0
117,41,14,15,0
118,41,14,15,0
119,41,14,15,0
120,41,14,15,0
121,41,14,15,0
122,41,14,15,0
123,41,14,15,0
124,41,14,15,0
125,41,14,15,0
126,41,14,15,0
127,41,14,15,0
128,41,14,15,0
129,41,14,15,0
130,41,14,15,0
131,41,14,15,0
132,41,14,15,0
133,41,14,15,0
134,41,14,15,0
135,41,14,15,0
136,41,14,15,0
137,41,14,15,0
138,41,14,15,0
139,41,14,15,0
140,41,14,15,0
141,41,14,15,0
142,41,14,15,0
143,41,14,15,0
144,41,14,15,0
145,41,14,15,0
146,41,14,15,0
147,41,14,15,0
148,41,14,15,0
149,41,14,15,0
150,41,14,15,0
151,41,14,15,0
152,41,14,15,0
153,41,14,15,0
154,41,14,15,0
155,41,14,15,0
156,41,14,15,0
157,41,14,15,0
158,41,14,15,0
159,41,14,15,0
160,41,14,15,0
161,41,14,15,0
162,41,14,15,0
163,41,14,15,0
164,41,14,15,0
165,41,14,15,0
166,41,14,15,0
167,41,14,15,0
168,41,14,15,0
169,41,14,15,0
170,41,14,15,0
171,41,14,15,0
172,41,14,15,0
173,41,14,15,0
174,41,14,15,0
175,41,14,15,0
176,41,14,15,0
177,41,14,15,0
178,41,14,15,0
179,41,14,15,0
180,41,14,15,0
181,41,14,15,0
182,41,14,15,0
183,41,14,15,0
184,41,14,15,0
185,41,14,15,0
186,41,14,15,0
187,41,14,15,0
188,41,14,15,0
189,41,14,15,0
190,41,14,15,0
191,41,14,15,0
192,41,14,15,0
193,41,14,15,0
194,41,14,15,0
195,41,14,15,0
196,41,14,15,0
197,41,14,15,0
198,41,14,15,0
199,41,14,15,0
200,41,14,15,0
201,41,14,15,0
202,41,14,15,0
203,41,14,15,0
204,41,14,15,0
205,41,14,15,0
206,41,14,15,0
207,41,14,15,0
208,41,14,15,0
209,41,14,15,0
210,41,14,15,0
211,41,14,15,0
212,41,14,15,0
213,41,14,15,0
214,41,14,15,0
215,41,14,15,0
216,41,14,15,0
217,41,14,15,0
218,41,14,15,0
219,41,14,15,0
220,41,14,15,0
221,41,14,15,0
222,41,14,15,0
223,41,14,15,0
224,41,14,15,0
225,41,14,15,0
226,41,14,15,0
227,41,14,15,0
228,41,14,15,0
229,41,14,15,0
230,41,14,15,0
231,41,14,15,0
232,41,14,15,0
233,43,14,16,0
234,43,14,16,0
235,43,14,16,0
236,43,14,16,0
237,43,14,16,0
238,43,14,16,0
239,43,14,16,0
240,43,14,16,0
241,43,14,16,0
242,43,14,16,0
243,43,14,16,0
244,43,14,16,0
245,43,14,16,0
246,43,14,16,0
247,43,14,16,0
248,43,14,16,0
249,43,14,16,0
250,43,14,16,0
251,43,14,16,0
252,43,14,16,0
253,43,14,16,0
254,43,14,16,0
255,43,14,16,0
256,43,14,16,0
257,43,14,16,0
258,43,14,16,0
259,43,14,16,0
260,43,14,16,0
261,43,14,16,0
262,43,14,16,0
263,43,14,16,0
264,43,14,16,0
265,43,14,16,0
266,43,14,16,0
267,43,14,16,0
268,43,14,16,0
269,43,14,16,0
270,43,14,16,0
271,43,14,16,0
272,43,14,16,0
273,43,14,16,0
274,43,14,16,0
275,43,14,16,0
276,43,14,16,0
277,43,14,16,0
278,43,14,16,0
279,43,14,16,0
280,43,14,16,0
281,43,14,16,0
282,43,14,16,0
283,43,14,16,0
284,43,14,16,0
285,43,14,16,0
286,43,14,16,0
287,43,14,16,0
288,43,14,16,0
289,43,14,16,0
290,43,14,16,0
291,43,14,16,0
292,43,14,16,0
293,43,14,16,0
294,43,14,16,0
295,43,14,16,0
296,43,14,16,0
297,43,14,16,0
298,43,14,16,0
299,43,14,16,0
300,43,14,16,0
301,43,14,16,0
302,43,14,16,0
303,43,14,16,0
304,43,14,16,0
305,43,14,16,0
306,43,14,16,0
307,43,14,16,0
308,43,14,16,0
309,43,14,16,0
310,43,14,16,0
311,43,14,16,0
312,43,14,16,0
313,43,14,16,0
314,43,14,16,0
315,43,14,16,0
316,43,14,16,0
317,43,14,16,0
318,43,14,16,0
319,43,14,16,0
320,43,14,16,0
321,43,14,16,0
322,43,14,16,0
323,43,14,16,0
324,43,14,16,0
325,43,14,16,0
326,43,14,16,0
327,43,14,16,0
328,43,14,16,0
329,43,14,16,0
330,43,14,16,0
331,43,14,16,0
332,43,14,16,0
333,43,14,16,0
334,43,14,16,0
335,43,14,16,0
336,43,14,16,0
337,43,14,16,0
338,43,14,16,0
339,43,14,16,0
340,43,14,16,0
341,43,14,16,0
342,43,14,16,0
343,43,14,16,0
344,43,14,16,0
345,43,14,16,0
346,43,14,16,0
347,43,14,16,0
348,43,14,16,0
349,43,14,16,0
350,43,14,16,0
351,43,14,16,0
352,43,14,16,0
353,43,14,16,0
354,43,14,16,0
355,43,14,16,0
356,43,14,16,0
357,43,14,16,0
358,43,14,16,0
359,43,14,16,0
360,43,14,16,0
361,43,14,16,0
362,43,14,16,0
363,43,14,16,0
364,43,14,16,0
365,43,14,16,0
366,43,14,16,0
367,43,14,16,0
368,43,14,16,0
369,43,14,16,0
370,43,14,16,0
371,43,14,16,0
372,43,14,16,0
373,43,14,16,0
374,43,14,16,0
375,43,14,16,0
376,43,14,16,0
377,43,14,16,0
378,43,14,16,0
379,43,14,16,0
380,43,14,16,0
381,43,14,16,0
382,43,14,16,0
383,43,14,16,0
384,43,14,16,0
385,43,14,16,0
386,43,14,16,0
387,43,14,16,0
388,43,14,16,0
389,43,14,16,0
390,43,14,16,0
391,43,14,16,0
392,43,14,16,0
393,43,14,16,0
394,43,14,16,0
395,43,14,16,0
396,43,14,16,0
397,43,14,16,0
398,43,14,16,0
399,43,14,16,0
400,43,14,16,0
401,43,14,16,0
402,43,14,16,0
403,43,14,16,0
404,43,14,16,0
405,43,14,16,0
406,43,14,16,0
407,43,14,16,0
408,43,14,16,0
409,43,14,16,0
410,43,14,16,0
411,43,14,16,0
412,43,14,16,0
413,43,14,16,0
414,43,14,16,0
415,43,14,16,0
416,43,14,16,0
417,43,14,16,0
418,43,14,16,0
419,43,14,16,0
420,43,14,16,0
421,44,14,17,0
422,44,14,17,0
423,44,14,17,0
424,44,14,17,0
425,44,14,17,0
426,44,14,17,0
427,44,14,17,0
428,44,14,17,0
429,44,14,17,0
430,44,14,17,0
431,44,14,17,0
432,44,14,17,0
433,44,14,17,0
434,44,14,17,0
435,44,14,17,0
436,44,14,17,0
437,44,14,17,0
438,44,14,17,0
439,44,14,17,0
440,44,14,17,0
441,44,14,17,0
442,44,14,17,0
443,44,14,17,0
444,44,14,17,0
445,44,14,17,0
446,44,14,17,0
447,44,14,17,0
448,44,14,17,0
449,44,14,17,0
450,44,14,17,0
451,44,14,17,0
452,44,14,17,0
453,44,14,17,0
454,44,14,17,0
455,44,14,17,0
456,44,14,17,0
457,44,14,17,0
458,44,14,17,0
459,44,14,17,0
460,44,14,17,0
461,44,14,17,0
462,44,14,17,0
463,44,14,17,0
464,44,14,17,0
465,44,14,17,0
466,44,14,17,0
467,44,14,17,0
468,44,14,17,0
469,44,14,17,0
470,44,14,17,0
471,44,14,17,0
472,44,14,17,0
473,44,14,17,0
474,44,14,17,0
475,44,14,17,0
476,44,14,17,0
477,44,14,17,0
478,44,14,17,0
479,44,14,17,0
480,44,14,17,0
481,44,14,17,0
482,44,14,17,0
483,44,14,17,0
484,44,14,17,0
485,44,14,17,0
486,44,14,17,0
487,44,14,17,0
488,44,14,17,0
489,44,14,17,0
490,44,14,17,0
491,44,14,17,0
492,44,14,17,0
493,44,14,17,0
494,44,14,17,0
495,44,14,17,0
496,44,14,17,0
497,44,14,17,0
498,44,14,17,0
499,44,14,17,0
500,44,14,17,0
501,44,14,17,0
502,44,14,17,0
503,44,14,17,0
504,44,14,17,0
505,44,14,17,0
506,44,14,17,0
507,44,14,17,0
508,44,14,17,0
509,44,14,17,0
510,44,14,17,0
511,44,14,17,0
512,44,14,17,0
513,44,14,17,0
514,44,14,17,0
515,44,14,17,0
516,44,14,17,0
517,44,14,17,0
518,44,14,17,0
519,44,14,17,0
520,44,14,17,0
521,44,14,17,0
522,44,14,17,0
523,44,14,17,0
524,44,14,17,0
525,44,14,17,0
526,44,14,17,0
527,44,14,17,0
528,44,14,17,0
529,44,14,17,0
530,44,14,17,0
531,44,14,17,0
532,44,14,17,0
533,44,14,17,0
534,44,14,17,0
535,44,14,17,0
536,44,14,17,0
537,44,14,17,0
538,44,14,17,0
539,44,14,17,0
540,44,14,17,0
541,44,14,17,0
542,44,14,17,0
543,44,14,17,0
544,44,14,17,0
545,44,14,17,0
546,44,14,17,0
547,44,14,17,0
548,44,14,17,0
549,44,14,17,0
550,44,14,17,0
551,44,14,17,0
552,44,14,17,0
553,44,14,17,0
554,44,14,17,0
555,44,14,17,0
556,44,14,17,0
557,44,14,17,0
558,44,14,17,0
559,44,14,17,0
560,44,14,17,0
561,44,14,17,0
562,44,14,17,0
563,44,14,17,0
564,44,14,17,0
565,44,14,17,0
566,44,14,17,0
567,44,14,17,0
568,44,14,17,0
569,44,14,17,0
570,44,14,17,0
571,44,14,17,0
572,44,14,17,0
573,44,14,17,0
574,44,14,17,0
575,44,14,17,0
576,44,14,17,0
577,44,14,17,0
578,44,14,17,0
579,44,14,17,0
580,44,14,17,0
581,44,14,17,0
582,44,14,17,0
583,44,14,17,0
584,44,14,17,0
585,44,14,17,0
586,44,14,17,0
587,44,14,17,0
588,44,14,17,0
589,44,14,17,0
590,44,14,17,0
591,44,14,17,0
592,44,14,17,0
593,44,14,17,0
594,44,14,17,0
595,44,14,17,0
596,44,14,17,0
597,44,14,17,0
598,44,14,17,0
599,44,14,17,0
600,44,14,17,0
601,44,14,17,0
602,44,14,17,0
603,44,14,17,0
604,44,14,17,0
605,44,14,17,0
606,44,14,17,0
607,44,14,17,0
608,44,14,17,0
609,44,14,17,0
610,44,14,17,0
611,44,14,17,0
612,44,14,17,0
613,44,14,17,0
614,44,14,17,0
615,44,14,17,0
616,44,14,17,0
617,44,14,17,0
618,44,14,17,0
619,44,14,17,0
620,44,14,17,0
621,44,14,17,0
622,44,14,17,0
623,44,14,17,0
624,44,14,17,0
625,44,14,17,0
626,44,14,17,0
627,44,14,17,0
628,44,14,17,0
629,44,14,17,0
630,44,14,17,0
631,44,14,17,0
632,44,14,17,0
633,44,14,17,0
634,44,14,17,0
635,44,14,17,0
636,44,14,17,0
637,44,14,17,0
638,44,14,17,0
639,44,14,17,0
640,44,14,17,0
641,44,14,17,0
642,44,14,17,0
643,44,14,17,0
644,44,14,17,0
645,44,14,17,0
646,44,14,17,0
647,44,14,17,0
648,44,14,17,0
649,44,14,17,0
650,44,14,17,0
651,44,14,17,0
652,44,14,17,0
653,44,14,17,0
654,44,14,17,0
655,44,14,17,0
656,44,14,17,0
657,44,14,17,0
658,44,14,17,0
659,44,14,17,0
660,44,14,17,0
661,44,14,17,0
662,44,14,17,0
663,44,14,17,0
664,44,14,17,0
665,44,14,17,0
666,44,14,17,0
667,44,14,17,0
668,44,14,17,0
669,44,14,17,0
670,44,14,17,0
671,44,14,17,0
672,44,14,17,0
673,44,14,17,0
674,44,14,17,0
675,44,14,17,0
676,44,14,17,0
677,44,14,17,0
678,44,14,17,0
679,44,14,17,0
680,44,14,17,0
681,44,14,17,0
682,44,14,17,0
683,44,14,17,0
684,44,14,17,0
685,44,14,17,0
686,44,14,17,0
687,44,14,17,0
688,44,14,17,0
689,44,14,17,0
690,44,14,17,0
691,44,14,17,0
692,44,14,17,0
693,44,14,17,0
694,44,14,17,0
695,44,14,17,0
696,44,14,17,0
697,44,14,17,0
698,44,14,17,0
699,44,14,17,0
700,44,14,17,0
701,44,14,17,0
702,44,14,17,0
703,44,14,17,0
704,44,14,17,0
705,44,14,17,0
706,44,14,17,0
707,44,14,17,0
708,44,14,17,0
709,44,14,17,0
710,44,14,17,0
711,44,14,17,0
712,44,14,17,0
713,44,14,17,0
714,44,14,17,0
715,44,14,17,0
716,44,14,17,0
717,44,14,17,0
718,44,14,17,0
719,44,14,17,0
720,44,14,17,0
721,44,14,17,0
722,44,14,17,0
723,44,14,17,0
724,44,14,17,0
725,44,14,17,0
726,44,14,17,0
727,44,14,17,0
728,44,14,17,0
729,44,14,17,0
730,44,14,17,0
731,44,14,17,0
732,44,14,17,0
733,44,14,17,0
734,44,14,17,0
735,44,14,17,0
736,44,14,17,0
737,44,14,17,0
738,44,14,17,0
739,44,14,17,0
740,44,14,17,0
741,44,14,17,0
742,44,14,17,0
743,44,14,17,0
744,44,14,17,0
745,44,14,17,0
746,44,14,17,0
747,44,14,17,0
748,44,14,17,0
749,44,14,17,0
750,44,14,17,0
751,44,14,17,0
752,44,14,17,0
753,46,14,18,0
754,46,14,18,0
755,46,14,18,0
756,46,14,18,0
757,46,14,18,0
758,46,14,18,0
759,46,14,18,0
760,46,14,18,0
761,46,14,18,0
762,46,14,18,0
763,46,14,18,0
764,46,14,18,0
765,46,14,18,0
766,46,14,18,0
767,46,14,18,0
768,46,14,18,0
769,46,14,18,0
770,46,14,18,0
771,46,14,18,0
772,46,14,18,0
773,46,14,18,0
774,46,14,18,0
775,46,14,18,0
776,46,14,18,0
777,46,14,18,0
778,46,14,18,0
779,46,14,18,0
780,46,14,18,0
781,46,14,18,0
782,46,14,18,0
783,46,14,18,0
784,46,14,18,0
785,46,14,18,0
786,46,14,18,0
787,46,14,18,0
788,46,14,18,0
789,46,14,18,0
790,46,14,18,0
791,46,14,18,0
792,46,14,18,0
793,46,14,18,0
794,46,14,18,0
795,46,14,18,0
796,46,14,18,0
797,46,14,18,0
798,46,14,18,0
799,46,14,18,0
800,46,14,18,0
801,46,14,18,0
802,46,14,18,0
803,46,14,18,0
804,46,14,18,0
805,46,14,18,0
806,46,14,18,0
807,46,14,18,0
808,46,14,18,0
809,46,14,18,0
810,46,14,18,0
811,46,14,18,0
812,46,14,18,0
813,46,14,18,0
814,46,14,18,0
815,46,14,18,0
816,46,14,18,0
817,46,14,18,0
818,46,14,18,0
819,46,14,18,0
820,46,14,18,0
821,46,14,18,0
822,46,14,18,0
823,46,14,18,0
824,46,14,18,0
825,46,14,18,0
826,46,14,18,0
827,46,14,18,0
828,46,14,18,0
829,46,14,18,0
830,46,14,18,0
831,46,14,18,0
832,46,14,18,0
833,46,14,18,0
834,46,14,18,0
835,46,14,18,0
836,46,14,18,0
837,46,14,18,0
838,46,14,18,0
839,49,14,19,0
840,49,14,19,0
841,49,14,19,0
842,49,14,19,0
843,49,14,19,0
844,49,14,19,0
845,49,14,19,0
846,49,14,19,0
847,49,14,19,0
848,49,14,19,0
849,49,14,19,0
850,49,14,19,0
851,49,14,19,0
852,49,14,19,0
853,49,14,19,0
854,49,14,19,0
855,49,14,19,0
856,49,14,19,0
857,49,14,19,0
858,49,14,19,0
859,49,14,19,0
860,49,14,19,0
861,49,14,19,0
862,49,14,19,0
863,49,14,19,0
864,49,14,19,0
865,49,14,19,0
866,49,14,19,0
867,49,14,19,0
868,49,14,19,0
869,49,14,19,0
870,49,14,19,0
871,49,14,19,0
872,49,14,19,0
873,49,14,19,0
874,49,14,19,0
875,49,14,19,0
876,49,14,19,0
877,49,14,19,0
878,49,14,19,0
879,49,14,19,0
880,49,14,19,0
881,49,14,19,0
882,49,14,19,0
883,49,14,19,0
884,49,14,19,0
885,49,14,19,0
886,49,14,19,0
887,49,14,19,0
888,49,14,19,0
889,49,14,19,0
890,49,14,19,0
891,49,14,19,0
892,49,14,19,0
893,49,14,19,0
894,49,14,19,0
895,49,14,19,0
896,49,14,19,0
897,49,14,19,0
898,49,14,19,0
899,49,14,19,0
900,49,14,19,0
901,49,14,19,0
902,49,14,19,0
903,49,14,19,0
904,49,14,19,0
905,49,14,19,0
906,49,14,19,0
907,49,14,19,0
908,49,14,19,0
909,49,14,19,0
910,49,14,19,0
911,49,14,19,0
912,49,14,19,0
913,49,14,19,0
914,49,14,19,0
915,49,14,19,0
916,49,14,19,0
917,49,14,19,0
918,49,14,19,0
919,49,14,19,0
920,49,14,19,0
921,49,14,19,0
922,49,14,19,0
923,49,14,19,0
924,49,14,19,0
925,49,14,19,0
926,49,14,19,0
927,49,14,19,0
928,49,14,19,0
929,49,14,19,0
930,49,14,19,0
931,49,14,19,0
932,49,14,19,0
933,49,14,19,0
934,49,14,19,0
935,49,14,19,0
936,49,14,19,0
937,49,14,19,0
938,49,14,19,0
939,49,14,19,0
940,49,14,19,0
941,49,14,19,0
942,49,14,19,0
943,49,14,19,0
944,49,14,19,0
945,49,14,19,0
946,49,14,19,0
947,49,14,19,0
948,49,14,19,0
949,49,14,19,0
950,49,14,19,0
951,49,14,19,0
952,49,14,19,0
953,49,14,19,0
954,49,14,19,0
955,49,14,19,0
956,49,14,19,0
957,49,14,19,0
958,49,14,19,0
959,49,14,19,0
960,49,14,19,0
961,49,14,19,0
962,49,14,19,0
963,49,14,19,0
964,49,14,19,0
965,49,14,19,0
966,49,14,19,0
967,49,14,19,0
968,49,14,19,0
969,49,14,19,0
970,49,14,19,0
971,49,14,19,0
972,49,14,19,0
973,49,14,19,0
974,49,14,19,0
975,49,14,19,0
976,49,14,19,0
977,49,14,19,0
978,49,14,19,0
979,49,14,19,0
980,49,14,19,0
981,49,14,19,0
982,49,14,19,0
983,49,14,19,0
984,49,14,19,0
985,49,14,19,0
986,49,14,19,0
987,49,14,19,0
988,49,14,19,0
989,49,14,19,0
990,49,14,19,0
991,49,14,19,0
992,49,14,19,0
993,49,14,19,0
994,49,14,19,0
995,49,14,19,0
996,49,14,19,0
997,49,14,19,0
998,49,14,19,0
999,49,14,19,0
1000,49,14,19,0
1001,49,14,19,0
1002,49,14,19,0
1003,49,14,19,0
1004,49,14,19,0
1005,49,14,19,0
1006,49,14,19,0
1007,49,14,19,0
1008,49,14,19,0
1009,49,14,19,0
1010,49,14,19,0
1011,49,14,19,0
1012,49,14,19,0
1013,49,14,19,0
1014,49,14,19,0
1015,49,14,19,0
1016,49,14,19,0
1017,49,14,19,0
1018,49,14,19,0
1019,49,14,19,0
1020,49,14,19,0
1021,49,14,19,0
1022,49,14,19,0
1023,49,14,19,0
1024,49,14,19,0
1025,49,14,19,0
1026,49,14,19,0
1027,49,14,19,0
1028,49,14,19,0
1029,49,14,19,0
1030,49,14,19,0
1031,49,14,19,0
1032,49,14,19,0
1033,49,14,19,0
1034,49,14,19,0
1035,49,14,19,0
1036,49,14,19,0
1037,49,14,19,0
1038,49,14,19,0
1039,49,14,19,0
1040,49,14,19,0
1041,49,14,19,0
1042,49,14,19,0
1043,49,14,19,0
1044,49,14,19,0
1045,49,14,19,0
1046,49,14,19,0
1047,49,14,19,0
1048,49,14,19,0
1049,49,14,19,0
1050,49,14,19,0
1051,49,14,19,0
1052,49,14,19,0
1053,49,14,19,0
1054,49,14,19,0
1055,49,14,19,0
1056,49,14,19,0
1057,49,14,19,0
1058,49,14,19,0
1059,49,14,19,0
1060,49,14,19,0
1061,49,14,19,0
1062,49,14,19,0
1063,49,14,19,0
1064,49,14,19,0
1065,49,14,19,0
1066,49,14,19,0
1067,49,14,19,0
1068,49,14,19,0
1069,49,14,19,0
1070,49,14,19,0
1071,49,14,19,0
1072,49,14,19,0
1073,49,14,19,0
1074,49,14,19,0
1075,49,14,19,0
1076,49,14,19,0
1077,49,14,19,0
1078,49,14,19,0
1079,49,14,19,0
1080,49,14,19,0
1081,49,14,19,0
1082,49,14,19,0
1083,49,14,19,0
1084,49,14,19,0
1085,49,14,19,0
1086,49,14,19,0
1087,49,14,19,0
1088,49,14,19,0
1089,49,14,19,0
1090,49,14,19,0
1091,49,14,19,0
1092,49,14,19,0
1093,49,14,19,0
1094,49,14,19,0
1095,49,14,19,0
1096,49,14,19,0
1097,49,14,19,0
1098,49,14,19,0
1099,49,14,19,0
1100,51,14,20,0
1101,51,14,20,0
1102,51,14,20,0
1103,51,14,20,0
1104,51,14,20,0
1105,51,14,20,0
1106,51,14,20,0
1107,51,14,20,0
1108,51,14,20,0
1109,51,14,20,0
1110,51,14,20,0
1111,51,14,20,0
1112,51,14,20,0
1113,51,14,20,0
1114,51,14,20,0
1115,51,14,20,0
1116,51,14,20,0
1117,51,14,20,0
1118,51,14,20,0
1119,51,14,20,0
1120,51,14,20,0
1121,51,14,20,0
1122,51,14,20,0
1123,51,14,20,0
1124,51,14,20,0
1125,51,14,20,0
1126,51,14,20,0
1127,51,14,20,0
1128,51,14,20,0
1129,51,14,20,0
1130,51,14,20,0
1131,51,14,20,0
1132,51,14,20,0
1133,51,14,20,0
1134,51,14,20,0
1135,51,14,20,0
1136,51,14,20,0
1137,51,14,20,0
1138,51,14,20,0
1139,51,14,20,0
1140,51,14,20,0
1141,51,14,20,0
1142,51,14,20,0
1143,51,14,20,0
1144,51,14,20,0
1145,51,14,20,0
1146,51,14,20,0
1147,51,14,20,0
1148,51,14,20,0
1149,51,14,20,0
1150,51,14,20,0
1151,51,14,20,0
1152,51,14,20,0
1153,51,14,20,0
1154,51,14,20,0
1155,51,14,20,0
1156,51,14,20,0
1157,51,14,20,0
1158,51,14,20,0
1159,51,14,20,0
1160,51,14,20,0
1161,51,14,20,0
1162,51,14,20,0
1163,51,14,20,0
1164,51,14,20,0
1165,51,14,20,0
1166,51,14,20,0
1167,51,14,20,0
1168,51,14,20,0
1169,51,14,20,0
1170,51,14,20,0
1171,51,14,20,0
1172,51,14,20,0
1173,51,14,20,0
1174,51,14,20,0
1175,51,14,20,0
1176,51,14,20,0
1177,51,14,20,0
1178,51,14,20,0
1179,51,14,20,0
1180,51,14,20,0
1181,51,14,20,0
1182,51,14,20,0
1183,51,14,20,0
1184,51,14,20,0
1185,51,14,20,0
1186,51,14,20,0
1187,51,14,20,0
1188,51,14,20,0
1189,51,14,20,0
1190,51,14,20,0
1191,51,14,20,0
1192,51,14,20,0
1193,51,14,20,0
1194,51,14,20,0
1195,51,14,20,0
1196,51,14,20,0
1197,51,14,20,0
1198,51,14,20,0
1199,51,14,20,0
1200,51,14,20,0
1201,51,14,20,0
1202,51,14,20,0
1203,51,14,20,0
1204,51,14,20,0
1205,51,14,20,0
1206,51,14,20,0
1207,51,14,20,0
1208,51,14,20,0
1209,51,14,20,0
1210,51,14,20,0
1211,51,14,20,0
1212,51,14,20,0
1213,51,14,20,0
1214,51,14,20,0
1215,51,14,20,0
1216,51,14,20,0
1217,51,14,20,0
1218,51,14,20,0
1219,51,14,20,0
1220,51,14,20,0
1221,51,14,20,0
1222,51,14,20,0
1223,51,14,20,0
1224,51,14,20,0
1225,51,14,20,0
1226,51,14,20,0
1227,51,14,20,0
1228,51,14,20,0
1229,51,14,20,0
1230,51,14,20,0
1231,51,14,20,0
1232,51,14,20,0
1233,51,14,20,0
1234,51,14,20,0
1235,51,14,20,0
1236,51,14,20,0
1237,51,14,20,0
1238,51,14,20,0
1239,51,14,20,0
1240,51,14,20,0
1241,51,14,20,0
1242,51,14,20,0
1243,51,14,20,0
1244,51,14,20,0
1245,51,14,20,0
1246,51,14,20,0
1247,51,14,20,0
1248,51,14,20,0
1249,51,14,20,0
1250,51,14,20,0
1251,51,14,20,0
1252,51,14,20,0
1253,51,14,20,0
1254,51,14,20,0
1255,51,14,20,0
1256,51,14,20,0
1257,51,14,20,0
1258,51,14,20,0
1259,51,14,20,0
1260,51,14,20,0
1261,51,14,20,0
1262,51,14,20,0
1263,51,14,20,0
1264,51,14,20,0
1265,51,14,20,0
1266,51,14,20,0
1267,51,14,20,0
1268,51,14,20,0
1269,51,14,20,0
1270,51,14,20,0
1271,51,14,20,0
1272,51,14,20,0
1273,51,14,20,0
1274,51,14,20,0
1275,51,14,20,0
1276,51,14,20,0
1277,51,14,20,0
1278,51,14,20,0
1279,51,14,20,0
1280,51,14,20,0
1281,51,14,20,0
1282,51,14,20,0
1283,51,14,20,0
1284,51,14,20,0
1285,51,14,20,0
1286,51,14,20,0
1287,51,14,20,0
1288,51,14,20,0
1289,51,14,20,0
1290,51,14,20,0
1291,51,14,20,0
1292,51,14,20,0
1293,51,14,20,0
1294,51,14,20,0
1295,51,14,20,0
1296,51,14,20,0
1297,51,14,20,0
1298,51,14,20,0
1299,51,14,20,0
1300,51,14,20,0
1301,51,14,20,0
1302,51,14,20,0
1303,51,14,20,0
1304,51,14,20,0
1305,51,14,20,0
1306,51,14,20,0
1307,51,14,20,0
1308,51,14,20,0
1309,51,14,20,0
1310,51,14,20,0
1311,51,14,20,0
1312,51,14,20,0
1313,51,14,20,0
1314,51,14,20,0
1315,51,14,20,0
1316,51,14,20,0
1317,51,14,20,0
1318,51,14,20,0
1319,51,14,20,0
1320,51,14,20,0
1321,51,14,20,0
1322,51,14,20,0
1323,51,14,20,0
1324,51,14,20,0
1325,51,14,20,0
1326,51,14,20,0
1327,51,14,20,0
1328,51,14,20,0
1329,51,14,20,0
1330,51,14,20,0
1331,51,14,20,0
1332,51,14,20,0
1333,51,14,20,0
1334,51,14,20,0
1335,51,14,20,0
1336,51,14,20,0
1337,51,14,20,0
1338,51,14,20,0
1339,51,14,20,0
1340,51,14,20,0
1341,51,14,20,0
1342,51,14,20,0
1343,51,14,20,0
1344,51,14,20,0
1345,51,14,20,0
1346,51,14,20,0
1347,51,14,20,0
1348,51,14,20,0
1349,51,14,20,0
1350,51,14,20,0
1351,51,14,20,0
1352,51,14,20,0
1353,51,14,20,0
1354,51,14,20,0
1355,51,14,20,0
1356,51,14,20,0
1357,51,14,20,0
1358,51,14,20,0
1359,51,14,20,0
1360,51,14,20,0
1361,51,14,20,0
1362,51,14,20,0
1363,51,14,20,0
1364,51,14,20,0
1365,51,14,20,0
1366,51,14,20,0
1367,51,14,20,0
1368,51,14,20,0
1369,51,14,20,0
1370,51,14,20,0
1371,51,14,20,0
1372,51,14,20,0
1373,51,14,20,0
1374,51,14,20,0
1375,51,14,20,0
1376,51,14,20,0
1377,51,14,20,0
1378,51,14,20,0
1379,51,14,20,0
1380,51,14,20,0
1381,51,14,20,0
1382,51,14,20,0
1383,51,14,20,0
1384,51,14,20,0
1385,51,14,20,0
1386,51,14,20,0
1387,51,14,20,0
1388,51,14,20,0
1389,51,14,20,0
1390,51,14,20,0
1391,51,14,20,0
1392,51,14,20,0
1393,51,14,20,0
1394,51,14,20,0
1395,51,14,20,0
1396,51,14,20,0
1397,51,14,20,0
1398,51,14,20,0
1399,51,14,20,0
1400,51,14,20,0
1401,51,14,20,0
1402,51,14,20,0
1403,51,14,20,0
1404,51,14,20,0
1405,51,14,20,0
1406,51,14,20,0
1407,51,14,20,0
1408,51,14,20,0
1409,51,14,20,0
1410,51,14,20,0
1411,51,14,20,0
1412,51,14,20,0
1413,51,14,20,0
1414,51,14,20,0
1415,51,14,20,0
1416,51,14,20,0
1417,51,14,20,0
1418,51,14,20,0
1419,51,14,20,0
1420,51,14,20,0
1421,51,14,20,0
1422,51,14,20,0
1423,51,14,20,0
1424,51,14,20,0
1425,51,14,20,0
1426,51,14,20,0
1427,51,14,20,0
1428,51,14,20,0
1429,51,14,20,0
1430,51,14,20,0
1431,51,14,20,0
1432,51,14,20,0
1433,51,14,20,0
1434,51,14,20,0
1435,51,14,20,0
1436,51,14,20,0
1437,51,14,20,0
1438,51,14,20,0
1439,51,14,20,0
1440,51,14,20,0
1441,51,14,20,0
1442,51,14,20,0
1443,51,14,20,0
1444,51,14,20,0
1445,51,14,20,0
1446,51,14,20,0
1447,51,14,20,0
1448,51,14,20,0
1449,51,14,20,0
1450,51,14,20,0
1451,51,14,20,0
1452,51,14,20,0
1453,51,14,20,0
1454,51,14,20,0
1455,51,14,20,0
1456,51,14,20,0
1457,51,14,20,0
1458,51,14,20,0
1459,51,14,20,0
1460,51,14,20,0
1461,51,14,20,0
1462,51,14,20,0
1463,51,14,20,0
1464,51,14,20,0
1465,51,14,20,0
1466,51,14,20,0
1467,51,14,20,0
1468,51,14,20,0
1469,51,14,20,0
1470,51,14,20,0
1471,51,14,20,0
1472,51,14,20,0
1473,51,14,20,0
1474,51,14,20,0
1475,51,14,20,0
1476,51,14,20,0
1477,51,14,20,0
1478,51,14,20,0
1479,51,14,20,0
1480,51,14,20,0
1481,51,14,20,0
1482,51,14,20,0
1483,51,14,20,0
1484,51,14,20,0
1485,51,14,20,0
1486,51,14,20,0
1487,51,14,20,0
1488,51,14,20,0
1489,51,14,20,0
1490,51,14,20,0
1491,51,14,20,0
1492,51,14,20,0
1493,51,14,20,0
1494,51,14,20,0
1495,51,14,20,0
1496,51,14,20,0
1497,51,14,20,0
1498,51,14,20,0
1499,51,14,20,0
1500,51,14,20,0
1501,51,14,20,0
1502,51,14,20,0
1503,51,14,20,0
1504,51,14,20,0
1505,51,14,20,0
1506,51,14,20,0
1507,51,14,20,0
1508,51,14,20,0
1509,52,14,21,0
1510,52,14,21,0
1511,52,14,21,0
1512,52,14,21,0
1513,52,14,21,0
1514,52,14,21,0
1515,52,14,21,0
1516,52,14,21,0
1517,52,14,21,0
1518,52,14,21,0
1519,52,14,21,0
1520,52,14,21,0
1521,52,14,21,0
1522,52,14,21,0
1523,52,14,21,0
1524,52,14,21,0
1525,52,14,21,0
1526,52,14,21,0
1527,52,14,21,0
1528,52,14,21,0
1529,52,14,21,0
1530,52,14,21,0
1531,52,14,21,0
1532,52,14,21,0
1533,52,14,21,0
1534,52,14,21,0
1535,52,14,21,0
1536,52,14,21,0
1537,52,14,21,0
1538,52,14,21,0
1539,52,14,21,0
1540,52,14,21,0
1541,52,14,21,0
1542,52,14,21,0
1543,52,14,21,0
1544,52,14,21,0
1545,52,14,21,0
1546,52,14,21,0
1547,52,14,21,0
1548,52,14,21,0
1549,52,14,21,0
1550,52,14,21,0
1551,52,14,21,0
1552,52,14,21,0
1553,52,14,21,0
1554,52,14,21,0
1555,52,14,21,0
1556,52,14,21,0
1557,52,14,21,0
1558,52,14,21,0
1559,52,14,21,0
1560,52,14,21,0
1561,52,14,21,0
1562,52,14,21,0
1563,52,14,21,0
1564,52,14,21,0
1565,52,14,21,0
1566,52,14,21,0
1567,52,14,21,0
1568,52,14,21,0
1569,52,14,21,0
1570,52,14,21,0
1571,52,14,21,0
1572,52,14,21,0
1573,52,14,21,0
1574,52,14,21,0
1575,52,14,21,0
1576,52,14,21,0
1577,52,14,21,0
1578,52,14,21,0
1579,52,14,21,0
1580,52,14,21,0
1581,52,14,21,0
1582,52,14,21,0
1583,52,14,21,0
1584,52,14,21,0
1585,52,14,21,0
1586,52,14,21,0
1587,52,14,21,0
1588,52,14,21,0
1589,52,14,21,0
1590,52,14,21,0
1591,52,14,21,0
1592,52,14,21,0
1593,52,14,21,0
1594,52,14,21,0
1595,52,14,21,0
1596,52,14,21,0
1597,52,14,21,0
1598,52,14,21,0
1599,52,14,21,0
1600,52,14,21,0
1601,52,14,21,0
1602,52,14,21,0
1603,52,14,21,0
1604,52,14,21,0
1605,52,14,21,0
1606,52,14,21,0
1607,52,14,21,0
1608,52,14,21,0
1609,52,14,21,0
1610,52,14,21,0
1611,52,14,21,0
1612,52,14,21,0
1613,52,14,21,0
1614,52,14,21,0
1615,52,14,21,0
1616,52,14,21,0
1617,52,14,21,0
1618,52,14,21,0
1619,52,14,21,0
1620,52,14,21,0
1621,52,14,21,0
1622,52,14,21,0
1623,52,14,21,0
1624,52,14,21,0
1625,52,14,21,0
1626,52,14,21,0
1627,52,14,21,0
1628,52,14,21,0
1629,52,14,21,0
1630,52,14,21,0
1631,52,14,21,0
1632,52,14,21,0
1633,52,14,21,0
1634,52,14,21,0
1635,52,14,21,0
1636,52,14,21,0
1637,52,14,21,0
1638,52,14,21,0
1639,52,14,21,0
1640,52,14,21,0
1641,52,14,21,0
1642,52,14,21,0
1643,52,14,21,0
1644,52,14,21,0
1645,52,14,21,0
1646,52,14,21,0
1647,52,14,21,0
1648,52,14,21,0
1649,52,14,21,0
1650,52,14,21,0
1651,52,14,21,0
1652,52,14,21,0
1653,52,14,21,0
1654,52,14,21,0
1655,52,14,21,0
1656,52,14,21,0
1657,52,14,21,0
1658,52,14,21,0
1659,52,14,21,0
1660,52,14,21,0
1661,52,14,21,0
1662,52,14,21,0
1663,52,14,21,0
1664,52,14,21,0
1665,52,14,21,0
1666,52,14,21,0
1667,52,14,21,0
1668,52,14,21,0
1669,52,14,21,0
1670,52,14,21,0
1671,52,14,21,0
1672,52,14,21,0
1673,52,14,21,0
1674,52,14,21,0
1675,52,14,21,0
1676,52,14,21,0
1677,52,14,21,0
1678,52,14,21,0
1679,52,14,21,0
1680,52,14,21,0
1681,52,14,21,0
1682,52,14,21,0
1683,52,14,21,0
1684,52,14,21,0
1685,52,14,21,0
1686,52,14,21,0
1687,52,14,21,0
1688,52,14,21,0
1689,52,14,21,0
1690,52,14,21,0
1691,52,14,21,0
1692,52,14,21,0
1693,52,14,21,0
1694,52,14,21,0
1695,52,14,21,0
1696,52,14,21,0
1697,52,14,21,0
1698,52,14,21,0
1699,52,14,21,0
1700,52,14,21,0
1701,52,14,21,0
1702,52,14,21,0
1703,52,14,21,0
1704,52,14,21,0
1705,52,14,21,0
1706,52,14,21,0
1707,52,14,21,0
1708,52,14,21,0
1709,52,14,21,0
1710,52,14,21,0
1711,52,14,21,0
1712,52,14,21,0
1713,52,14,21,0
1714,52,14,21,0
1715,52,14,21,0
1716,52,14,21,0
1717,52,14,21,0
1718,52,14,21,0
1719,52,14,21,0
1720,52,14,21,0
1721,52,14,21,0
1722,52,14,21,0
1723,52,14,21,0
1724,52,14,21,0
1725,52,14,21,0
1726,52,14,21,0
1727,52,14,21,0
1728,52,14,21,0
1729,52,14,21,0
1730,52,14,21,0
1731,52,14,21,0
1732,52,14,21,0
1733,52,14,21,0
1734,52,14,21,0
1735,52,14,21,0
1736,52,14,21,0
1737,52,14,21,0
1738,52,14,21,0
1739,52,14,21,0
1740,52,14,21,0
1741,52,14,21,0
1742,52,14,21,0
1743,52,14,21,0
1744,52,14,21,0
1745,52,14,21,0
1746,52,14,21,0
1747,52,14,21,0
1748,52,14,21,0
1749,52,14,21,0
1750,52,14,21,0
1751,52,14,21,0
1752,52,14,21,0
1753,52,14,21,0
1754,52,14,21,0
1755,52,14,21,0
1756,52,14,21,0
1757,52,14,21,0
1758,52,14,21,0
1759,52,14,21,0
1760,52,14,21,0
1761,52,14,21,0
1762,52,14,21,0
1763,52,14,21,0
1764,52,14,21,0
1765,52,14,21,0
1766,52,14,21,0
1767,52,14,21,0
1768,52,14,21,0
1769,52,14,21,0
1770,52,14,21,0
1771,52,14,21,0
1772,52,14,21,0
1773,52,14,21,0
1774,52,14,21,0
1775,52,14,21,0
1776,52,14,21,0
1777,52,14,21,0
1778,52,14,21,0
1779,52,14,21,0
1780,52,14,21,0
1781,52,14,21,0
1782,52,14,21,0
1783,52,14,21,0
1784,52,14,21,0
1785,52,14,21,0
1786,52,14,21,0
1787,52,14,21,0
1788,52,14,21,0
1789,52,14,21,0
1790,52,14,21,0
1791,52,14,21,0
1792,52,14,21,0
1793,52,14,21,0
1794,52,14,21,0
1795,52,14,21,0
1796,52,14,21,0
1797,52,14,21,0
1798,52,14,21,0
1799,52,14,21,0
1800,52,14,21,0
1801,52,14,21,0
1802,52,14,21,0
1803,52,14,21,0
1804,52,14,21,0
1805,52,14,21,0
1806,52,14,21,0
1807,52,14,21,0
1808,52,14,21,0
1809,52,14,21,0
1810,52,14,21,0
1811,52,14,21,0
1812,52,14,21,0
1813,52,14,21,0
1814,52,14,21,0
1815,52,14,21,0
1816,52,14,21,0
1817,52,14,21,0
1818,52,14,21,0
1819,52,14,21,0
1820,52,14,21,0
1821,52,14,21,0
1822,52,14,21,0
1823,52,14,21,0
1824,52,14,21,0
1825,52,14,21,0
1826,52,14,21,0
1827,52,14,21,0
1828,52,14,21,0
1829,52,14,21,0
1830,52,14,21,0
1831,52,14,21,0
1832,52,14,21,0
1833,52,14,21,0
1834,52,14,21,0
1835,52,14,21,0
1836,52,14,21,0
1837,52,14,21,0
1838,52,14,21,0
1839,52,14,21,0
1840,52,14,21,0
1841,52,14,21,0
1842,52,14,21,0
1843,52,14,21,0
1844,52,14,21,0
1845,52,14,21,0
1846,52,14,21,0
1847,52,14,21,0
1848,52,14,21,0
1849,52,14,21,0
1850,52,14,21,0
1851,52,14,21,0
1852,52,14,21,0
1853,52,14,21,0
1854,52,14,21,0
1855,52,14,21,0
1856,52,14,21,0
1857,52,14,21,0
1858,52,14,21,0
1859,52,14,21,0
1860,52,14,21,0
1861,52,14,21,0
1862,52,14,21,0
1863,52,14,21,0
1864,52,14,21,0
1865,52,14,21,0
1866,52,14,21,0
1867,52,14,21,0
1868,52,14,21,0
1869,52,14,21,0
1870,52,14,21,0
1871,52,14,21,0
1872,52,14,21,0
1873,52,14,21,0
1874,52,14,21,0
1875,52,14,21,0
1876,52,14,21,0
1877,52,14,21,0
1878,52,14,21,0
1879,52,14,21,0
1880,52,14,21,0
1881,52,14,21,0
1882,52,14,21,0
1883,52,14,21,0
1884,52,14,21,0
1885,52,14,21,0
1886,52,14,21,0
1887,52,14,21,0
1888,52,14,21,0
1889,52,14,21,0
1890,52,14,21,0
1891,52,14,21,0
1892,52,14,21,0
1893,52,14,21,0
1894,52,14,21,0
1895,52,14,21,0
1896,52,14,21,0
1897,52,14,21,0
1898,52,14,21,0
1899,52,14,21,0
1900,52,14,21,0
1901,52,14,21,0
1902,52,14,21,0
1903,52,14,21,0
1904,52,14,21,0
1905,52,14,21,0
1906,52,14,21,0
1907,52,14,21,0
1908,52,14,21,0
1909,52,14,21,0
1910,52,14,21,0
1911,52,14,21,0
1912,52,14,21,0
1913,52,14,21,0
1914,52,14,21,0
1915,52,14,21,0
1916,52,14,21,0
1917,52,14,21,0
1918,52,14,21,0
1919,52,14,21,0
1920,52,14,21,0
1921,52,14,21,0
1922,52,14,21,0
1923,52,14,21,0
1924,52,14,21,0
1925,52,14,21,0
1926,52,14,21,0
1927,52,14,21,0
1928,52,14,21,0
1929,52,14,21,0
1930,52,14,21,0
1931,52,14,21,0
1932,52,14,21,0
1933,52,14,21,0
1934,52,14,21,0
1935,52,14,21,0
1936,52,14,21,0
1937,52,14,21,0
1938,52,14,21,0
1939,52,14,21,0
1940,52,14,21,0
1941,52,14,21,0
1942,52,14,21,0
1943,52,14,21,0
1944,52,14,21,0
1945,52,14,21,0
1946,52,14,21,0
1947,52,14,21,0
1948,52,14,21,0
1949,52,14,21,0
1950,52,14,21,0
1951,52,14,21,0
1952,52,14,21,0
1953,52,14,21,0
1954,52,14,21,0
1955,52,14,21,0
1956,52,14,21,0
1957,52,14,21,0
1958,52,14,21,0
1959,52,14,21,0
1960,52,14,21,0
1961,52,14,21,0
1962,52,14,21,0
1963,52,14,21,0
1964,52,14,21,0
1965,52,14,21,0
1966,52,14,21,0
1967,52,14,21,0
1968,52,14,21,0
1969,52,14,21,0
1970,52,14,21,0
1971,52,14,21,0
1972,52,14,21,0
1973,52,14,21,0
1974,52,14,21,0
1975,52,14,21,0
1976,52,14,21,0
1977,52,14,21,0
1978,52,14,21,0
1979,52,14,21,0
1980,52,14,21,0
1981,52,14,21,0
1982,52,14,21,0
1983,52,14,21,0
1984,52,14,21,0
1985,52,14,21,0
1986,52,14,21,0
1987,52,14,21,0
1988,52,14,21,0
1989,52,14,21,0
1990,52,14,21,0
1991,52,14,21,0
1992,52,14,21,0
1993,52,14,21,0
1994,52,14,21,0
1995,52,14,21,0
1996,52,14,21,0
1997,52,14,21,0
1998,52,14,21,0
1999,52,14,21,0
2000,52,14,21,0
2001,52,14,21,0
2002,52,14,21,0
2003,52,14,21,0
2004,52,14,21,0
2005,52,14,21,0
2006,52,14,21,0
2007,52,14,21,0
2008,52,14,21,0
2009,52,14,21,0
2010,52,14,21,0
2011,52,14,21,0
2012,52,14,21,0
2013,52,14,21,0
2014,52,14,21,0
2015,52,14,21,0
2016,52,14,21,0
2017,52,14,21,0
2018,52,14,21,0
2019,52,14,21,0
2020,52,14,21,0
2021,52,14,21,0
2022,52,14,21,0
2023,52,14,21,0
2024,52,14,21,0
2025,52,14,21,0
2026,52,14,21,0
2027,52,14,21,0
2028,52,14,21,0
2029,52,14,21,0
2030,52,14,21,0
2031,52,14,21,0
2032,52,14,21,0
2033,52,14,21,0
2034,52,14,21,0
2035,52,14,21,0
2036,52,14,21,0
2037,52,14,21,0
2038,52,14,21,0
2039,52,14,21,0
2040,52,14,21,0
2041,52,14,21,0
2042,52,14,21,0
2043,52,14,21,0
2044,52,14,21,0
2045,52,14,21,0
2046,52,14,21,0
2047,52,14,21,0
2048,52,14,21,0
2049,52,14,21,0
2050,52,14,21,0
2051,52,14,21,0
2052,52,14,21,0
2053,52,14,21,0
2054,52,14,21,0
2055,52,14,21,0
2056,52,14,21,0
2057,52,14,21,0
2058,52,14,21,0
2059,52,14,21,0
2060,52,14,21,0
2061,52,14,21,0
2062,52,14,21,0
2063,52,14,21,0
2064,52,14,21,0
2065,52,14,21,0
2066,52,14,21,0
2067,52,14,21,0
2068,52,14,21,0
2069,52,14,21,0
2070,52,14,21,0
2071,52,14,21,0
2072,52,14,21,0
2073,52,14,21,0
2074,52,14,21,0
2075,52,14,21,0
2076,52,14,21,0
2077,52,14,21,0
2078,52,14,21,0
2079,52,14,21,0
2080,52,14,21,0
2081,52,14,21,0
2082,52,14,21,0
2083,52,14,21,0
2084,52,14,21,0
2085,52,14,21,0
2086,52,14,21,0
2087,52,14,21,0
2088,52,14,21,0
2089,52,14,21,0
2090,52,14,21,0
2091,52,14,21,0
2092,52,14,21,0
2093,52,14,21,0
2094,52,14,21,0
2095,52,14,21,0
2096,52,14,21,0
2097,52,14,21,0
2098,52,14,21,0
2099,52,14,21,0
2100,52,14,21,0
2101,52,14,21,0
2102,52,14,21,0
2103,52,14,21,0
2104,52,14,21,0
2105,52,14,21,0
2106,52,14,21,0
2107,52,14,21,0
2108,52,14,21,0
2109,52,14,21,0
2110,52,14,21,0
2111,52,14,21,0
2112,52,14,21,0
2113,52,14,21,0
2114,52,14,21,0
2115,52,14,21,0
2116,52,14,21,0
2117,52,14,21,0
2118,52,14,21,0
2119,52,14,21,0
2120,52,14,21,0
2121,52,14,21,0
2122,52,14,21,0
2123,52,14,21,0
2124,52,14,21,0
2125,52,14,21,0
2126,52,14,21,0
2127,52,14,21,0
2128,52,14,21,0
2129,52,14,21,0
2130,52,14,21,0
2131,52,14,21,0
2132,52,14,21,0
2133,52,14,21,0
2134,52,14,21,0
2135,52,14,21,0
2136,52,14,21,0
2137,52,14,21,0
2138,52,14,21,0
2139,52,14,21,0
2140,52,14,21,0
2141,52,14,21,0
2142,52,14,21,0
2143,52,14,21,0
2144,52,14,21,0
2145,52,14,21,0
2146,52,14,21,0
2147,52,14,21,0
2148,52,14,21,0
2149,52,14,21,0
2150,52,14,21,0
2151,52,14,21,0
2152,52,14,21,0
2153,52,14,21,0
2154,52,14,21,0
2155,52,14,21,0
2156,53,14,22,0
2157,53,14,22,0
2158,53,14,22,0
2159,53,14,22,0
2160,53,14,22,0
2161,53,14,22,0
2162,53,14,22,0
2163,53,14,22,0
2164,53,14,22,0
2165,53,14,22,0
2166,53,14,22,0
2167,53,14,22,0
2168,53,14,22,0
2169,53,14,22,0
2170,53,14,22,0
2171,53,14,22,0
2172,53,14,22,0
2173,53,14,22,0
2174,53,14,22,0
2175,53,14,22,0
2176,53,14,22,0
2177,53,14,22,0
2178,53,14,22,0
2179,53,14,22,0
2180,53,14,22,0
2181,53,14,22,0
2182,53,14,22,0
2183,53,14,22,0
2184,53,14,22,0
2185,53,14,22,0
2186,53,14,22,0
2187,53,14,22,0
2188,53,14,22,0
2189,53,14,22,0
2190,53,14,22,0
2191,53,14,22,0
2192,53,14,22,0
2193,53,14,22,0
2194,53,14,22,0
2195,53,14,22,0
2196,53,14,22,0
2197,53,14,22,0
2198,53,14,22,0
2199,53,14,22,0
2200,53,14,22,0
2201,53,14,22,0
2202,53,14,22,0
2203,53,14,22,0
2204,53,14,22,0
2205,53,14,22,0
2206,53,14,22,0
2207,53,14,22,0
2208,53,14,22,0
2209,53,14,22,0
2210,53,14,22,0
2211,53,14,22,0
2212,53,14,22,0
2213,53,14,22,0
2214,53,14,22,0
2215,53,14,22,0
2216,53,14,22,0
2217,53,14,22,0
2218,53,14,22,0
2219,53,14,22,0
2220,53,14,22,0
2221,53,14,22,0
2222,53,14,22,0
2223,53,14,22,0
2224,53,14,22,0
2225,53,14,22,0
2226,53,14,22,0
2227,53,14,22,0
2228,53,14,22,0
2229,53,14,22,0
2230,53,14,22,0
2231,53,14,22,0
2232,53,14,22,0
2233,53,14,22,0
2234,53,14,22,0
2235,53,14,22,0
2236,53,14,22,0
2237,53,14,22,0
2238,53,14,22,0
2239,53,14,22,0
2240,53,14,22,0
2241,53,14,22,0
2242,53,14,22,0
2243,53,14,22,0
2244,53,14,22,0
2245,53,14,22,0
2246,53,14,22,0
2247,53,14,22,0
2248,53,14,22,0
2249,53,14,22,0
2250,53,14,22,0
2251,53,14,22,0
2252,53,14,22,0
2253,53,14,22,0
2254,53,14,22,0
2255,53,14,22,0
2256,53,14,22,0
2257,53,14,22,0
2258,53,14,22,0
2259,53,14,22,0
2260,53,14,22,0
2261,53,14,22,0
2262,53,14,22,0
2263,53,14,22,0
2264,53,14,22,0
2265,53,14,22,0
2266,53,14,22,0
2267,53,14,22,0
2268,53,14,22,0
2269,53,14,22,0
2270,53,14,22,0
2271,53,14,22,0
2272,53,14,22,0
2273,53,14,22,0
2274,53,14,22,0
2275,53,14,22,0
2276,53,14,22,0
2277,53,14,22,0
2278,53,14,22,0
2279,53,14,22,0
2280,53,14,22,0
2281,53,14,22,0
2282,53,14,22,0
2283,53,14,22,0
2284,53,14,22,0
2285,53,14,22,0
2286,53,14,22,0
2287,53,14,22,0
2288,53,14,22,0
2289,53,14,22,0
2290,53,14,22,0
2291,53,14,22,0
2292,53,14,22,0
2293,53,14,22,0
2294,53,14,22,0
2295,53,14,22,0
2296,53,14,22,0
2297,53,14,22,0
2298,53,14,22,0
2299,53,14,22,0
2300,53,14,22,0
2301,53,14,22,0
2302,53,14,22,0
2303,53,14,22,0
2304,53,14,22,0
2305,53,14,22,0
2306,53,14,22,0
2307,53,14,22,0
2308,53,14,22,0
2309,53,14,22,0
2310,53,14,22,0
2311,53,14,22,0
2312,53,14,22,0
2313,53,14,22,0
2314,53,14,22,0
2315,53,14,22,0
2316,53,14,22,0
2317,53,14,22,0
2318,53,14,22,0
2319,53,14,22,0
2320,53,14,22,0
2321,53,14,22,0
2322,53,14,22,0
2323,53,14,22,0
2324,53,14,22,0
2325,53,14,22,0
2326,53,14,22,0
2327,53,14,22,0
2328,53,14,22,0
2329,53,14,22,0
2330,53,14,22,0
2331,53,14,22,0
2332,53,14,22,0
2333,53,14,22,0
2334,53,14,22,0
2335,53,14,22,0
2336,53,14,22,0
2337,53,14,22,0
2338,53,14,22,0
2339,53,14,22,0
2340,53,14,22,0
2341,53,14,22,0
2342,53,14,22,0
2343,53,14,22,0
2344,53,14,22,0
2345,53,14,22,0
2346,53,14,22,0
2347,53,14,22,0
2348,53,14,22,0
2349,53,14,22,0
2350,53,14,22,0
2351,53,14,22,0
2352,53,14,22,0
2353,53,14,22,0
2354,53,14,22,0
2355,53,14,22,0
2356,53,14,22,0
2357,53,14,22,0
2358,53,14,22,0
2359,53,14,22,0
2360,53,14,22,0
2361,53,14,22,0
2362,53,14,22,0
2363,53,14,22,0
2364,53,14,22,0
2365,53,14,22,0
2366,53,14,22,0
2367,53,14,22,0
2368,53,14,22,0
2369,53,14,22,0
2370,53,14,22,0
2371,53,14,22,0
2372,53,14,22,0
2373,53,14,22,0
2374,53,14,22,0
2375,53,14,22,0
2376,53,14,22,0
2377,53,14,22,0
2378,53,14,22,0
2379,53,14,22,0
2380,53,14,22,0
2381,53,14,22,0
2382,53,14,22,0
2383,53,14,22,0
2384,53,14,22,0
2385,53,14,22,0
2386,53,14,22,0
2387,53,14,22,0
2388,53,14,22,0
2389,53,14,22,0
2390,53,14,22,0
2391,53,14,22,0
2392,53,14,22,0
2393,53,14,22,0
2394,53,14,22,0
2395,53,14,22,0
2396,53,14,22,0
2397,53,14,22,0
2398,53,14,22,0
2399,53,14,22,0
2400,53,14,22,0
2401,53,14,22,0
2402,53,14,22,0
2403,53,14,22,0
2404,53,14,22,0
2405,53,14,22,0
2406,53,14,22,0
2407,53,14,22,0
2408,53,14,22,0
2409,53,14,22,0
2410,53,14,22,0
2411,53,14,22,0
2412,53,14,22,0
2413,53,14,22,0
2414,53,14,22,0
2415,53,14,22,0
2416,53,14,22,0
2417,53,14,22,0
2418,53,14,22,0
2419,53,14,22,0
2420,53,14,22,0
2421,53,14,22,0
2422,53,14,22,0
2423,53,14,22,0
2424,53,14,22,0
2425,53,14,22,0
2426,53,14,22,0
2427,53,14,22,0
2428,53,14,22,0
2429,53,14,22,0
2430,53,14,22,0
2431,53,14,22,0
2432,53,14,22,0
2433,53,14,22,0
2434,53,14,22,0
2435,53,14,22,0
2436,53,14,22,0
2437,53,14,22,0
2438,53,14,22,0
2439,53,14,22,0
2440,53,14,22,0
2441,53,14,22,0
2442,53,14,22,0
2443,53,14,22,0
2444,53,14,22,0
2445,53,14,22,0
2446,53,14,22,0
2447,53,14,22,0
2448,53,14,22,0
2449,53,14,22,0
2450,53,14,22,0
2451,53,14,22,0
2452,53,14,22,0
2453,53,14,22,0
2454,53,14,22,0
2455,53,14,22,0
2456,53,14,22,0
2457,53,14,22,0
2458,53,14,22,0
2459,53,14,22,0
2460,53,14,22,0
2461,53,14,22,0
2462,53,14,22,0
2463,53,14,22,0
2464,53,14,22,0
2465,53,14,22,0
2466,53,14,22,0
2467,53,14,22,0
2468,53,14,22,0
2469,53,14,22,0
2470,53,14,22,0
2471,53,14,22,0
2472,53,14,22,0
2473,53,14,22,0
2474,53,14,22,0
2475,53,14,22,0
2476,53,14,22,0
2477,53,14,22,0
2478,53,14,22,0
2479,53,14,22,0
2480,53,14,22,0
2481,53,14,22,0
2482,53,14,22,0
2483,53,14,22,0
2484,53,14,22,0
2485,53,14,22,0
2486,53,14,22,0
2487,53,14,22,0
2488,53,14,22,0
2489,53,14,22,0
2490,53,14,22,0
2491,53,14,22,0
2492,53,14,22,0
2493,53,14,22,0
2494,53,14,22,0
2495,53,14,22,0
2496,53,14,22,0
2497,53,14,22,0
2498,53,14,22,0
2499,53,14,22,0
2500,53,14,22,0
2501,53,14,22,0
2502,53,14,22,0
2503,53,14,22,0
2504,53,14,22,0
2505,53,14,22,0
2506,53,14,22,0
2507,53,14,22,0
2508,53,14,22,0
2509,53,14,22,0
2510,53,14,22,0
2511,53,14,22,0
2512,53,14,22,0
2513,53,14,22,0
2514,53,14,22,0
2515,53,14,22,0
2516,53,14,22,0
2517,53,14,22,0
2518,53,14,22,0
2519,53,14,22,0
2520,53,14,22,0
2521,53,14,22,0
2522,53,14,22,0
2523,53,14,22,0
2524,53,14,22,0
2525,53,14,22,0
2526,53,14,22,0
2527,53,14,22,0
2528,53,14,22,0
2529,53,14,22,0
2530,53,14,22,0
2531,53,14,22,0
2532,53,14,22,0
2533,53,14,22,0
2534,53,14,22,0
2535,53,14,22,0
2536,53,14,22,0
2537,53,14,22,0
2538,53,14,22,0
2539,53,14,22,0
2540,53,14,22,0
2541,53,14,22,0
2542,53,14,22,0
2543,53,14,22,0
2544,53,14,22,0
2545,53,14,22,0
2546,53,14,22,0
2547,53,14,22,0
2548,53,14,22,0
2549,53,14,22,0
2550,53,14,22,0
2551,53,14,22,0
2552,53,14,22,0
2553,53,14,22,0
2554,53,14,22,0
2555,53,14,22,0
2556,53,14,22,0
2557,53,14,22,0
2558,53,14,22,0
2559,53,14,22,0
2560,53,14,22,0
2561,53,14,22,0
2562,53,14,22,0
2563,53,14,22,0
2564,53,14,22,0
2565,53,14,22,0
2566,53,14,22,0
2567,53,14,22,0
2568,53,14,22,0
2569,53,14,22,0
2570,53,14,22,0
2571,53,14,22,0
2572,53,14,22,0
2573,53,14,22,0
2574,53,14,22,0
2575,53,14,22,0
2576,53,14,22,0
2577,53,14,22,0
2578,53,14,22,0
2579,53,14,22,0
2580,53,14,22,0
2581,53,14,22,0
2582,53,14,22,0
2583,53,14,22,0
2584,53,14,22,0
2585,53,14,22,0
2586,53,14,22,0
2587,53,14,22,0
2588,53,14,22,0
2589,53,14,22,0
2590,53,14,22,0
2591,53,14,22,0
2592,53,14,22,0
2593,53,14,22,0
2594,53,14,22,0
2595,53,14,22,0
2596,53,14,22,0
2597,53,14,22,0
2598,53,14,22,0
2599,53,14,22,0
2600,53,14,22,0
2601,53,14,22,0
2602,53,14,22,0
2603,53,14,22,0
2604,53,14,22,0
2605,53,14,22,0
2606,53,14,22,0
2607,53,14,22,0
2608,53,14,22,0
2609,53,14,22,0
2610,53,14,22,0
2611,53,14,22,0
2612,53,14,22,0
2613,53,14,22,0
2614,53,14,22,0
2615,53,14,22,0
2616,53,14,22,0
2617,53,14,22,0
2618,53,14,22,0
2619,53,14,22,0
2620,53,14,22,0
2621,53,14,22,0
2622,53,14,22,0
2623,53,14,22,0
2624,53,14,22,0
2625,53,14,22,0
2626,53,14,22,0
2627,53,14,22,0
2628,53,14,22,0
2629,53,14,22,0
2630,53,14,22,0
2631,53,14,22,0
2632,53,14,22,0
2633,53,14,22,0
2634,53,14,22,0
2635,53,14,22,0
2636,53,14,22,0
2637,53,14,22,0
2638,53,14,22,0
2639,53,14,22,0
2640,53,14,22,0
2641,53,14,22,0
2642,53,14,22,0
2643,53,14,22,0
2644,53,14,22,0
2645,53,14,22,0
2646,53,14,22,0
2647,53,14,22,0
2648,53,14,22,0
2649,53,14,22,0
2650,53,14,22,0
2651,53,14,22,0
2652,53,14,22,0
2653,53,14,22,0
2654,53,14,22,0
2655,53,14,22,0
2656,53,14,22,0
2657,53,14,22,0
2658,53,14,22,0
2659,53,14,22,0
2660,53,14,22,0
2661,53,14,22,0
2662,53,14,22,0
2663,53,14,22,0
2664,53,14,22,0
2665,53,14,22,0
2666,53,14,22,0
2667,53,14,22,0
2668,53,14,22,0
2669,53,14,22,0
2670,53,14,22,0
2671,53,14,22,0
2672,53,14,22,0
2673,53,14,22,0
2674,53,14,22,0
2675,53,14,22,0
2676,53,14,22,0
2677,53,14,22,0
2678,53,14,22,0
2679,53,14,22,0
2680,53,14,22,0
2681,53,14,22,0
2682,53,14,22,0
2683,53,14,22,0
2684,53,14,22,0
2685,53,14,22,0
2686,53,14,22,0
2687,53,14,22,0
2688,53,14,22,0
2689,53,14,22,0
2690,53,14,22,0
2691,53,14,22,0
2692,53,14,22,0
2693,53,14,22,0
2694,53,14,22,0
2695,53,14,22,0
2696,53,14,22,0
2697,53,14,22,0
2698,53,14,22,0
2699,53,14,22,0
2700,53,14,22,0
2701,53,14,22,0
2702,53,14,22,0
2703,53,14,22,0
2704,53,14,22,0
2705,53,14,22,0
2706,53,14,22,0
2707,53,14,22,0
2708,53,14,22,0
2709,53,14,22,0
2710,53,14,22,0
2711,53,14,22,0
2712,53,14,22,0
2713,53,14,22,0
2714,53,14,22,0
2715,53,14,22,0
2716,53,14,22,0
2717,53,14,22,0
2718,53,14,22,0
2719,53,14,22,0
2720,53,14,22,0
2721,53,14,22,0
2722,53,14,22,0
2723,53,14,22,0
2724,53,14,22,0
2725,53,14,22,0
2726,53,14,22,0
2727,53,14,22,0
2728,53,14,22,0
2729,53,14,22,0
2730,53,14,22,0
2731,53,14,22,0
2732,53,14,22,0
2733,53,14,22,0
2734,53,14,22,0
2735,53,14,22,0
2736,53,14,22,0
2737,53,14,22,0
2738,53,14,22,0
2739,53,14,22,0
2740,53,14,22,0
2741,53,14,22,0
2742,53,14,22,0
2743,53,14,22,0
2744,53,14,22,0
2745,53,14,22,0
2746,53,14,22,0
2747,53,14,22,0
2748,53,14,22,0
2749,53,14,22,0
2750,53,14,22,0
2751,53,14,22,0
2752,53,14,22,0
2753,53,14,22,0
2754,53,14,22,0
2755,53,14,22,0
2756,53,14,22,0
2757,53,14,22,0
2758,53,14,22,0
2759,53,14,22,0
2760,53,14,22,0
2761,53,14,22,0
2762,53,14,22,0
2763,53,14,22,0
2764,53,14,22,0
2765,53,14,22,0
2766,53,14,22,0
2767,53,14,22,0
2768,53,14,22,0
2769,53,14,22,0
2770,53,14,22,0
2771,53,14,22,0
2772,53,14,22,0
2773,53,14,22,0
2774,53,14,22,0
2775,53,14,22,0
2776,53,14,22,0
2777,53,14,22,0
2778,53,14,22,0
2779,53,14,22,0
2780,53,14,22,0
2781,53,14,22,0
2782,53,14,22,0
2783,53,14,22,0
2784,53,14,22,0
2785,53,14,22,0
2786,53,14,22,0
2787,53,14,22,0
2788,53,14,22,0
2789,53,14,22,0
2790,53,14,22,0
2791,53,14,22,0
2792,53,14,22,0
2793,53,14,22,0
2794,53,14,22,0
2795,53,14,22,0
2796,53,14,22,0
2797,53,14,22,0
2798,53,14,22,0
2799,53,14,22,0
2800,53,14,22,0
2801,53,14,22,0
2802,53,14,22,0
2803,53,14,22,0
2804,53,14,22,0
2805,53,14,22,0
2806,53,14,22,0
2807,53,14,22,0
2808,53,14,22,0
2809,53,14,22,0
2810,53,14,22,0
2811,53,14,22,0
2812,53,14,22,0
2813,53,14,22,0
2814,53,14,22,0
2815,53,14,22,0
2816,53,14,22,0
2817,53,14,22,0
2818,53,14,22,0
2819,53,14,22,0
2820,53,14,22,0
2821,53,14,22,0
2822,53,14,22,0
2823,53,14,22,0
2824,53,14,22,0
2825,53,14,22,0
2826,53,14,22,0
2827,53,14,22,0
2828,53,14,22,0
2829,53,14,22,0
2830,53,14,22,0
2831,53,14,22,0
2832,53,14,22,0
2833,53,14,22,0
2834,53,14,22,0
2835,53,14,22,0
2836,53,14,22,0
2837,53,14,22,0
2838,53,14,22,0
2839,53,14,22,0
2840,53,14,22,0
2841,53,14,22,0
2842,53,14,22,0
2843,53,14,22,0
2844,53,14,22,0
2845,53,14,22,0
2846,53,14,22,0
2847,53,14,22,0
2848,53,14,22,0
2849,53,14,22,0
2850,53,14,22,0
2851,53,14,22,0
2852,53,14,22,0
2853,53,14,22,0
2854,53,14,22,0
2855,53,14,22,0
2856,53,14,22,0
2857,53,14,22,0
2858,53,14,22,0
2859,53,14,22,0
2860,53,14,22,0
2861,53,14,22,0
2862,53,14,22,0
2863,53,14,22,0
2864,53,14,22,0
2865,53,14,22,0
2866,53,14,22,0
2867,53,14,22,0
2868,53,14,22,0
2869,53,14,22,0
2870,53,14,22,0
2871,53,14,22,0
2872,53,14,22,0
2873,53,14,22,0
2874,53,14,22,0
2875,53,14,22,0
2876,53,14,22,0
2877,53,14,22,0
2878,53,14,22,0
2879,53,14,22,0
2880,53,14,22,0
2881,53,14,22,0
2882,53,14,22,0
2883,53,14,22,0
2884,53,14,22,0
2885,53,14,22,0
2886,53,14,22,0
2887,53,14,22,0
2888,53,14,22,0
2889,53,14,22,0
2890,53,14,22,0
2891,53,14,22,0
2892,53,14,22,0
2893,53,14,22,0
2894,53,14,22,0
2895,53,14,22,0
2896,53,14,22,0
2897,53,14,22,0
2898,53,14,22,0
2899,53,14,22,0
2900,53,14,22,0
2901,53,14,22,0
2902,53,14,22,0
2903,53,14,22,0
2904,53,14,22,0
2905,53,14,22,0
2906,53,14,22,0
2907,53,14,22,0
2908,53,14,22,0
2909,53,14,22,0
2910,53,14,22,0
2911,53,14,22,0
2912,53,14,22,0
2913,53,14,22,0
2914,53,14,22,0
2915,53,14,22,0
2916,53,14,22,0
2917,53,14,22,0
2918,53,14,22,0
2919,53,14,22,0
2920,53,14,22,0
2921,53,14,22,0
2922,53,14,22,0
2923,53,14,22,0
2924,53,14,22,0
2925,53,14,22,0
2926,53,14,22,0
2927,53,14,22,0
2928,53,14,22,0
2929,53,14,22,0
2930,53,14,22,0
2931,53,14,22,0
2932,53,14,22,0
2933,53,14,22,0
2934,53,14,22,0
2935,53,14,22,0
2936,53,14,22,0
2937,53,14,22,0
2938,53,14,22,0
2939,53,14,22,0
2940,53,14,22,0
2941,53,14,22,0
2942,53,14,22,0
2943,53,14,22,0
2944,53,14,22,0
2945,53,14,22,0
2946,53,14,22,0
2947,53,14,22,0
2948,53,14,22,0
2949,53,14,22,0
2950,53,14,22,0
2951,53,14,22,0
2952,53,14,22,0
2953,53,14,22,0
2954,53,14,22,0
2955,53,14,22,0
2956,53,14,22,0
2957,53,14,22,0
2958,53,14,22,0
2959,53,14,22,0
2960,53,14,22,0
2961,53,14,22,0
2962,53,14,22,0
2963,53,14,22,0
2964,53,14,22,0
2965,53,14,22,0
2966,53,14,22,0
2967,53,14,22,0
2968,53,14,22,0
2969,53,14,22,0
2970,53,14,22,0
2971,53,14,22,0
2972,53,14,22,0
2973,53,14,22,0
2974,53,14,22,0
2975,53,14,22,0
2976,53,14,22,0
2977,53,14,22,0
2978,53,14,22,0
2979,53,14,22,0
2980,53,14,22,0
2981,53,14,22,0
2982,53,14,22,0
2983,53,14,22,0
2984,53,14,22,0
2985,53,14,22,0
2986,53,14,22,0
2987,53,14,22,0
2988,53,14,22,0
2989,53,14,22,0
2990,53,14,22,0
2991,53,14,22,0
2992,53,14,22,0
2993,53,14,22,0
2994,53,14,22,0
2995,53,14,22,0
2996,53,14,22,0
2997,53,14,22,0
2998,53,14,22,0
2999,53,14,22,0
3000,53,14,22,0
3001,53,14,22,0
3002,53,14,22,0
3003,53,14,22,0
3004,53,14,22,0
3005,53,14,22,0
3006,53,14,22,0
3007,53,14,22,0
3008,53,14,22,0
3009,53,14,22,0
3010,53,14,22,0
3011,53,14,22,0
3012,53,14,22,0
3013,53,14,22,0
3014,53,14,22,0
3015,53,14,22,0
3016,53,14,22,0
3017,53,14,22,0
3018,53,14,22,0
3019,53,14,22,0
3020,53,14,22,0
3021,53,14,22,0
3022,53,14,22,0
3023,53,14,22,0
3024,53,14,22,0
3025,53,14,22,0
3026,53,14,22,0
3027,53,14,22,0
3028,53,14,22,0
3029,53,14,22,0
3030,53,14,22,0
3031,53,14,22,0
3032,53,14,22,0
3033,53,14,22,0
3034,53,14,22,0
3035,53,14,22,0
3036,53,14,22,0
3037,53,14,22,0
3038,53,14,22,0
3039,53,14,22,0
3040,53,14,22,0
3041,53,14,22,0
3042,53,14,22,0
3043,53,14,22,0
3044,53,14,22,0
3045,53,14,22,0
3046,53,14,22,0
3047,53,14,22,0
3048,53,14,22,0
3049,53,14,22,0
3050,53,14,22,0
3051,53,14,22,0
3052,53,14,22,0
3053,53,14,22,0
3054,53,14,22,0
3055,53,14,22,0
3056,53,14,22,0
3057,53,14,22,0
3058,53,14,22,0
3059,53,14,22,0
3060,53,14,22,0
3061,53,14,22,0
3062,53,14,22,0
3063,53,14,22,0
3064,53,14,22,0
3065,53,14,22,0
3066,53,14,22,0
3067,53,14,22,0
3068,53,14,22,0
3069,53,14,22,0
3070,53,14,22,0
3071,53,14,22,0
3072,53,14,22,0
3073,53,14,22,0
3074,53,14,22,0
3075,53,14,22,0
3076,53,14,22,0
3077,53,14,22,0
3078,53,14,22,0
3079,53,14,22,0
3080,53,14,22,0
3081,53,14,22,0
3082,53,14,22,0
3083,53,14,22,0
3084,53,14,22,0
3085,53,14,22,0
3086,53,14,22,0
3087,53,14,22,0
3088,53,14,22,0
3089,53,14,22,0
3090,53,14,22,0
3091,53,14,22,0
3092,53,14,22,0
3093,53,14,22,0
3094,53,14,22,0
3095,53,14,22,0
3096,53,14,22,0
3097,53,14,22,0
3098,53,14,22,0
3099,53,14,22,0
3100,53,14,22,0
3101,53,14,22,0
3102,53,14,22,0
3103,53,14,22,0
3104,53,14,22,0
3105,53,14,22,0
3106,53,14,22,0
3107,53,14,22,0
3108,53,14,22,0
3109,53,14,22,0
3110,53,14,22,0
3111,53,14,22,0
3112,53,14,22,0
3113,53,14,22,0
3114,53,14,22,0
3115,53,14,22,0
3116,53,14,22,0
3117,53,14,22,0
3118,53,14,22,0
3119,53,14,22,0
3120,53,14,22,0
3121,53,14,22,0
3122,53,14,22,0
3123,53,14,22,0
3124,53,14,22,0
3125,53,14,22,0
3126,53,14,22,0
3127,53,14,22,0
3128,53,14,22,0
3129,53,14,22,0
3130,53,14,22,0
3131,53,14,22,0
3132,53,14,22,0
3133,53,14,22,0
3134,53,14,22,0
3135,53,14,22,0
3136,53,14,22,0
3137,53,14,22,0
3138,53,14,22,0
3139,53,14,22,0
3140,53,14,22,0
3141,53,14,22,0
3142,53,14,22,0
3143,53,14,22,0
3144,53,14,22,0
3145,53,14,22,0
3146,53,14,22,0
3147,53,14,22,0
3148,53,14,22,0
3149,53,14,22,0
3150,53,14,22,0
3151,53,14,22,0
3152,53,14,22,0
3153,53,14,22,0
3154,53,14,22,0
3155,53,14,22,0
3156,53,14,22,0
3157,53,14,22,0
3158,53,14,22,0
3159,53,14,22,0
3160,53,14,22,0
3161,53,14,22,0
3162,53,14,22,0
3163,53,14,22,0
3164,53,14,22,0
3165,53,14,22,0
3166,53,14,22,0
3167,53,14,22,0
3168,53,14,22,0
3169,53,14,22,0
3170,53,14,22,0
3171,53,14,22,0
3172,53,14,22,0
3173,53,14,22,0
3174,53,14,22,0
3175,53,14,22,0
3176,53,14,22,0
3177,53,14,22,0
3178,53,14,22,0
3179,53,14,22,0
3180,53,14,22,0
3181,53,14,22,0
3182,53,14,22,0
3183,53,14,22,0
3184,53,14,22,0
3185,53,14,22,0
3186,53,14,22,0
3187,53,14,22,0
3188,53,14,22,0
3189,53,14,22,0
3190,53,14,22,0
3191,53,14,22,0
3192,53,14,22,0
3193,53,14,22,0
3194,53,14,22,0
3195,53,14,22,0
3196,53,14,22,0
3197,53,14,22,0
3198,53,14,22,0
3199,53,14,22,0
3200,53,14,22,0
3201,53,14,22,0
3202,53,14,22,0
3203,53,14,22,0
3204,53,14,22,0
3205,53,14,22,0
3206,53,14,22,0
3207,53,14,22,0
3208,53,14,22,0
3209,53,14,22,0
3210,53,14,22,0
3211,53,14,22,0
3212,53,14,22,0
3213,53,14,22,0
3214,53,14,22,0
3215,53,14,22,0
3216,53,14,22,0
3217,53,14,22,0
3218,53,14,22,0
3219,53,14,22,0
3220,53,14,22,0
3221,53,14,22,0
3222,53,14,22,0
3223,53,14,22,0
3224,53,14,22,0
3225,53,14,22,0
3226,53,14,22,0
3227,53,14,22,0
3228,53,14,22,0
3229,53,14,22,0
3230,53,14,22,0
3231,53,14,22,0
3232,53,14,22,0
3233,53,14,22,0
3234,53,14,22,0
3235,53,14,22,0
3236,53,14,22,0
3237,53,14,22,0
3238,53,14,22,0
3239,53,14,22,0
3240,53,14,22,0
3241,53,14,22,0
3242,53,14,22,0
3243,53,14,22,0
3244,53,14,22,0
3245,53,14,22,0
3246,53,14,22,0
3247,53,14,22,0
3248,53,14,22,0
3249,53,14,22,0
3250,53,14,22,0
3251,53,14,22,0
3252,53,14,22,0
3253,53,14,22,0
3254,53,14,22,0
3255,53,14,22,0
3256,53,14,22,0
3257,53,14,22,0
3258,53,14,22,0
3259,53,14,22,0
3260,53,14,22,0
3261,53,14,22,0
3262,53,14,22,0
3263,53,14,22,0
3264,53,14,22,0
3265,53,14,22,0
3266,53,14,22,0
3267,53,14,22,0
3268,53,14,22,0
3269,53,14,22,0
3270,53,14,22,0
3271,53,14,22,0
3272,53,14,22,0
3273,53,14,22,0
3274,53,14,22,0
3275,53,14,22,0
3276,53,14,22,0
3277,53,14,22,0
3278,53,14,22,0
3279,53,14,22,0
3280,53,14,22,0
3281,53,14,22,0
3282,53,14,22,0
3283,53,14,22,0
3284,53,14,22,0
3285,53,14,22,0
3286,53,14,22,0
3287,53,14,22,0
3288,53,14,22,0
3289,53,14,22,0
3290,53,14,22,0
3291,53,14,22,0
3292,53,14,22,0
3293,53,14,22,0
3294,53,14,22,0
3295,53,14,22,0
3296,53,14,22,0
3297,53,14,22,0
3298,53,14,22,0
3299,53,14,22,0
3300,53,14,22,0
3301,53,14,22,0
3302,53,14,22,0
3303,53,14,22,0
3304,53,14,22,0
3305,53,14,22,0
3306,53,14,22,0
3307,53,14,22,0
3308,53,14,22,0
3309,53,14,22,0
3310,53,14,22,0
3311,53,14,22,0
3312,53,14,22,0
3313,53,14,22,0
3314,53,14,22,0
3315,53,14,22,0
3316,53,14,22,0
3317,53,14,22,0
3318,53,14,22,0
3319,53,14,22,0
3320,53,14,22,0
3321,53,14,22,0
3322,53,14,22,0
3323,53,14,22,0
3324,53,14,22,0
3325,53,14,22,0
3326,53,14,22,0
3327,53,14,22,0
3328,53,14,22,0
3329,53,14,22,0
3330,53,14,22,0
3331,53,14,22,0
3332,53,14,22,0
3333,53,14,22,0
3334,53,14,22,0
3335,53,14,22,0
3336,53,14,22,0
3337,53,14,22,0
3338,53,14,22,0
3339,53,14,22,0
3340,53,14,22,0
3341,53,14,22,0
3342,53,14,22,0
3343,53,14,22,0
3344,53,14,22,0
3345,53,14,22,0
3346,53,14,22,0
3347,55,14,23,0
3348,55,14,23,0
3349,55,14,23,0
3350,55,14,23,0
3351,55,14,23,0
3352,55,14,23,0
3353,55,14,23,0
3354,55,14,23,0
3355,55,14,23,0
3356,55,14,23,0
3357,55,14,23,0
3358,55,14,23,0
3359,55,14,23,0
3360,55,14,23,0
3361,55,14,23,0
3362,55,14,23,0
3363,55,14,23,0
3364,55,14,23,0
3365,55,14,23,0
3366,55,14,23,0
3367,55,14,23,0
3368,55,14,23,0
3369,55,14,23,0
3370,55,14,23,0
3371,55,14,23,0
3372,55,14,23,0
3373,55,14,23,0
3374,55,14,23,0
3375,55,14,23,0
3376,55,14,23,0
3377,55,14,23,0
3378,55,14,23,0
3379,55,14,23,0
3380,55,14,23,0
3381,55,14,23,0
3382,55,14,23,0
3383,55,14,23,0
3384,55,14,23,0
3385,55,14,23,0
3386,55,14,23,0
3387,55,14,23,0
3388,55,14,23,0
3389,55,14,23,0
3390,55,14,23,0
3391,55,14,23,0
3392,55,14,23,0
3393,55,14,23,0
3394,55,14,23,0
3395,55,14,23,0
3396,55,14,23,0
3397,55,14,23,0
3398,55,14,23,0
3399,55,14,23,0
3400,55,14,23,0
3401,55,14,23,0
3402,55,14,23,0
3403,55,14,23,0
3404,55,14,23,0
3405,55,14,23,0
3406,55,14,23,0
3407,55,14,23,0
3408,55,14,23,0
3409,55,14,23,0
3410,55,14,23,0
3411,55,14,23,0
3412,55,14,23,0
3413,55,14,23,0
3414,55,14,23,0
3415,55,14,23,0
3416,55,14,23,0
3417,55,14,23,0
3418,55,14,23,0
3419,55,14,23,0
3420,55,14,23,0
3421,55,14,23,0
3422,55,14,23,0
3423,55,14,23,0
3424,55,14,23,0
3425,55,14,23,0
3426,55,14,23,0
3427,55,14,23,0
3428,55,14,23,0
3429,55,14,23,0
3430,55,14,23,0
3431,55,14,23,0
3432,55,14,23,0
3433,55,14,23,0
3434,55,14,23,0
3435,55,14,23,0
3436,55,14,23,0
3437,55,14,23,0
3438,56,14,24,0
3439,56,14,24,0
3440,56,14,24,0
3441,56,14,24,0
3442,56,14,24,0
3443,56,14,24,0
3444,56,14,24,0
3445,56,14,24,0
3446,56,14,24,0
3447,56,14,24,0
3448,56,14,24,0
3449,56,14,24,0
3450,56,14,24,0
3451,56,14,24,0
3452,56,14,24,0
3453,56,14,24,0
3454,56,14,24,0
3455,56,14,24,0
3456,56,14,24,0
3457,56,14,24,0
3458,56,14,24,0
3459,56,14,24,0
3460,56,14,24,0
3461,56,14,24,0
3462,56,14,24,0
3463,56,14,24,0
3464,56,14,24,0
3465,56,14,24,0
3466,56,14,24,0
3467,56,14,24,0
3468,56,14,24,0
3469,56,14,24,0
3470,56,14,24,0
3471,56,14,24,0
3472,56,14,24,0
3473,56,14,24,0
3474,56,14,24,0
3475,56,14,24,0
3476,56,14,24,0
3477,56,14,24,0
3478,56,14,24,0
3479,56,14,24,0
3480,56,14,24,0
3481,56,14,24,0
3482,56,14,24,0
3483,56,14,24,0
3484,56,14,24,0
3485,56,14,24,0
3486,56,14,24,0
3487,56,14,24,0
3488,56,14,24,0
3489,56,14,24,0
3490,56,14,24,0
3491,56,14,24,0
3492,56,14,24,0
3493,56,14,24,0
3494,56,14,24,0
3495,56,14,24,0
3496,56,14,24,0
3497,56,14,24,0
3498,56,14,24,0
3499,56,14,24,0
3500,56,14,24,0
3501,56,14,24,0
3502,56,14,24,0
3503,56,14,24,0
3504,56,14,24,0
3505,56,14,24,0
3506,56,14,24,0
3507,56,14,24,0
3508,56,14,24,0
3509,56,14,24,0
3510,56,14,24,0
3511,56,14,24,0
3512,56,14,24,0
3513,56,14,24,0
3514,56,14,24,0
3515,56,14,24,0
3516,56,14,24,0
3517,56,14,24,0
3518,56,14,24,0
3519,56,14,24,0
3520,56,14,24,0
3521,56,14,24,0
3522,56,14,24,0
3523,56,14,24,0
3524,56,14,24,0
3525,56,14,24,0
3526,56,14,24,0
3527,56,14,24,0
3528,56,14,24,0
3529,56,14,24,0
3530,56,14,24,0
3531,56,14,24,0
3532,56,14,24,0
3533,56,14,24,0
3534,56,14,24,0
3535,56,14,24,0
3536,56,14,24,0
3537,56,14,24,0
3538,56,14,24,0
3539,56,14,24,0
3540,56,14,24,0
3541,56,14,24,0
3542,56,14,24,0
3543,56,14,24,0
3544,56,14,24,0
3545,56,14,24,0
3546,56,14,24,0
3547,56,14,24,0
3548,56,14,24,0
3549,56,14,24,0
3550,56,14,24,0
3551,56,14,24,0
3552,56,14,24,0
3553,56,14,24,0
3554,56,14,24,0
3555,56,14,24,0
3556,56,14,24,0
3557,56,14,24,0
3558,56,14,24,0
3559,56,14,24,0
3560,56,14,24,0
3561,56,14,24,0
3562,56,14,24,0
3563,56,14,24,0
3564,56,14,24,0
3565,56,14,24,0
3566,56,14,24,0
3567,56,14,24,0
3568,56,14,24,0
3569,56,14,24,0
3570,56,14,24,0
3571,56,14,24,0
3572,56,14,24,0
3573,56,14,24,0
3574,56,14,24,0
3575,56,14,24,0
3576,56,14,24,0
3577,56,14,24,0
3578,56,14,24,0
3579,56,14,24,0
3580,56,14,24,0
3581,56,14,24,0
3582,56,14,24,0
3583,56,14,24,0
3584,56,14,24,0
3585,56,14,24,0
3586,56,14,24,0
3587,56,14,24,0
3588,56,14,24,0
3589,56,14,24,0
3590,56,14,24,0
3591,56,14,24,0
3592,56,14,24,0
3593,56,14,24,0
3594,56,14,24,0
3595,56,14,24,0
3596,56,14,24,0
3597,56,14,24,0
3598,56,14,24,0
3599,56,14,24,0
3600,56,14,24,0
3601,56,14,24,0
3602,56,14,24,0
3603,56,14,24,0
3604,56,14,24,0
3605,56,14,24,0
3606,56,14,24,0
3607,56,14,24,0
3608,56,14,24,0
3609,56,14,24,0
3610,56,14,24,0
3611,56,14,24,0
3612,56,14,24,0
3613,56,14,24,0
3614,56,14,24,0
3615,56,14,24,0
3616,56,14,24,0
3617,56,14,24,0
3618,56,14,24,0
3619,56,14,24,0
3620,56,14,24,0
3621,56,14,24,0
3622,56,14,24,0
3623,56,14,24,0
3624,56,14,24,0
3625,56,14,24,0
3626,56,14,24,0
3627,56,14,24,0
3628,56,14,24,0
3629,56,14,24,0
3630,56,14,24,0
3631,56,14,24,0
3632,56,14,24,0
3633,56,14,24,0
3634,56,14,24,0
3635,56,14,24,0
3636,56,14,24,0
3637,56,14,24,0
3638,56,14,24,0
3639,56,14,24,0
3640,56,14,24,0
3641,56,14,24,0
3642,56,14,24,0
3643,56,14,24,0
3644,56,14,24,0
3645,56,14,24,0
3646,56,14,24,0
3647,56,14,24,0
3648,56,14,24,0
3649,56,14,24,0
3650,56,14,24,0
3651,56,14,24,0
3652,56,14,24,0
3653,56,14,24,0
3654,56,14,24,0
3655,56,14,24,0
3656,56,14,24,0
3657,56,14,24,0
3658,56,14,24,0
3659,56,14,24,0
3660,56,14,24,0
3661,56,14,24,0
3662,56,14,24,0
3663,56,14,24,0
3664,56,14,24,0
3665,56,14,24,0
3666,56,14,24,0
3667,56,14,24,0
3668,56,14,24,0
3669,56,14,24,0
3670,56,14,24,0
3671,56,14,24,0
3672,56,14,24,0
3673,56,14,24,0
3674,56,14,24,0
3675,56,14,24,0
3676,56,14,24,0
3677,56,14,24,0
3678,56,14,24,0
3679,56,14,24,0
3680,56,14,24,0
3681,56,14,24,0
3682,56,14,24,0
3683,56,14,24,0
3684,56,14,24,0
3685,56,14,24,0
3686,56,14,24,0
3687,56,14,24,0
3688,56,14,24,0
3689,56,14,24,0
3690,56,14,24,0
3691,56,14,24,0
3692,56,14,24,0
3693,56,14,24,0
3694,56,14,24,0
3695,56,14,24,0
3696,56,14,24,0
3697,56,14,24,0
3698,56,14,24,0
3699,56,14,24,0
3700,56,14,24,0
3701,56,14,24,0
3702,56,14,24,0
3703,56,14,24,0
3704,56,14,24,0
3705,56,14,24,0
3706,56,14,24,0
3707,56,14,24,0
3708,56,14,24,0
3709,56,14,24,0
3710,56,14,24,0
3711,56,14,24,0
3712,56,14,24,0
3713,56,14,24,0
3714,56,14,24,0
3715,56,14,24,0
3716,56,14,24,0
3717,56,14,24,0
3718,56,14,24,0
3719,56,14,24,0
3720,56,14,24,0
3721,56,14,24,0
3722,56,14,24,0
3723,56,14,24,0
3724,56,14,24,0
3725,56,14,24,0
3726,56,14,24,0
3727,56,14,24,0
3728,56,14,24,0
3729,56,14,24,0
3730,56,14,24,0
3731,56,14,24,0
3732,56,14,24,0
3733,56,14,24,0
3734,56,14,24,0
3735,56,14,24,0
3736,56,14,24,0
3737,56,14,24,0
3738,56,14,24,0
3739,56,14,24,0
3740,56,14,24,0
3741,56,14,24,0
3742,56,14,24,0
3743,56,14,24,0
3744,56,14,24,0
3745,56,14,24,0
3746,56,14,24,0
3747,56,14,24,0
3748,56,14,24,0
3749,56,14,24,0
3750,56,14,24,0
3751,56,14,24,0
3752,56,14,24,0
3753,56,14,24,0
3754,56,14,24,0
3755,56,14,24,0
3756,56,14,24,0
3757,56,14,24,0
3758,56,14,24,0
3759,56,14,24,0
3760,56,14,24,0
3761,56,14,24,0
3762,56,14,24,0
3763,56,14,24,0
3764,56,14,24,0
3765,56,14,24,0
3766,56,14,24,0
3767,56,14,24,0
3768,56,14,24,0
3769,56,14,24,0
3770,56,14,24,0
3771,56,14,24,0
3772,56,14,24,0
3773,56,14,24,0
3774,56,14,24,0
3775,56,14,24,0
3776,56,14,24,0
3777,56,14,24,0
3778,56,14,24,0
3779,56,14,24,0
3780,56,14,24,0
3781,56,14,24,0
3782,56,14,24,0
3783,56,14,24,0
3784,56,14,24,0
3785,56,14,24,0
3786,56,14,24,0
3787,56,14,24,0
3788,56,14,24,0
3789,56,14,24,0
3790,56,14,24,0
3791,56,14,24,0
3792,56,14,24,0
3793,56,14,24,0
3794,56,14,24,0
3795,56,14,24,0
3796,56,14,24,0
3797,56,14,24,0
3798,56,14,24,0
3799,56,14,24,0
3800,56,14,24,0
3801,56,14,24,0
3802,56,14,24,0
3803,56,14,24,0
3804,56,14,24,0
3805,56,14,24,0
3806,56,14,24,0
3807,56,14,24,0
3808,56,14,24,0
3809,56,14,24,0
3810,56,14,24,0
3811,56,14,24,0
3812,56,14,24,0
3813,56,14,24,0
3814,56,14,24,0
3815,56,14,24,0
3816,56,14,24,0
3817,56,14,24,0
3818,56,14,24,0
3819,56,14,24,0
3820,56,14,24,0
3821,56,14,24,0
3822,56,14,24,0
3823,56,14,24,0
3824,56,14,24,0
3825,56,14,24,0
3826,56,14,24,0
3827,56,14,24,0
3828,56,14,24,0
3829,56,14,24,0
3830,56,14,24,0
3831,56,14,24,0
3832,56,14,24,0
3833,56,14,24,0
3834,56,14,24,0
3835,56,14,24,0
3836,56,14,24,0
3837,56,14,24,0
3838,56,14,24,0
3839,56,14,24,0
3840,56,14,24,0
3841,56,14,24,0
3842,56,14,24,0
3843,56,14,24,0
3844,56,14,24,0
3845,56,14,24,0
3846,56,14,24,0
3847,56,14,24,0
3848,56,14,24,0
3849,56,14,24,0
3850,56,14,24,0
3851,56,14,24,0
3852,56,14,24,0
3853,56,14,24,0
3854,56,14,24,0
3855,56,14,24,0
3856,56,14,24,0
3857,56,14,24,0
3858,56,14,24,0
3859,56,14,24,0
3860,56,14,24,0
3861,56,14,24,0
3862,56,14,24,0
3863,56,14,24,0
3864,56,14,24,0
3865,56,14,24,0
3866,56,14,24,0
3867,56,14,24,0
3868,56,14,24,0
3869,56,14,24,0
3870,56,14,24,0
3871,56,14,24,0
3872,56,14,24,0
3873,56,14,24,0
3874,56,14,24,0
3875,56,14,24,0
3876,56,14,24,0
3877,56,14,24,0
3878,56,14,24,0
3879,56,14,24,0
3880,56,14,24,0
3881,56,14,24,0
3882,56,14,24,0
3883,56,14,24,0
3884,56,14,24,0
3885,56,14,24,0
3886,56,14,24,0
3887,56,14,24,0
3888,56,14,24,0
3889,56,14,24,0
3890,56,14,24,0
3891,56,14,24,0
3892,56,14,24,0
3893,56,14,24,0
3894,56,14,24,0
3895,56,14,24,0
3896,56,14,24,0
3897,56,14,24,0
3898,56,14,24,0
3899,56,14,24,0
3900,56,14,24,0
3901,56,14,24,0
3902,56,14,24,0
3903,56,14,24,0
3904,56,14,24,0
3905,56,14,24,0
3906,56,14,24,0
3907,56,14,24,0
3908,56,14,24,0
3909,56,14,24,0
3910,56,14,24,0
3911,56,14,24,0
3912,56,14,24,0
3913,56,14,24,0
3914,56,14,24,0
3915,56,14,24,0
3916,56,14,24,0
3917,56,14,24,0
3918,56,14,24,0
3919,56,14,24,0
3920,56,14,24,0
3921,56,14,24,0
3922,56,14,24,0
3923,56,14,24,0
3924,56,14,24,0
3925,56,14,24,0
3926,56,14,24,0
3927,56,14,24,0
3928,56,14,24,0
3929,56,14,24,0
3930,56,14,24,0
3931,56,14,24,0
3932,56,14,24,0
3933,56,14,24,0
3934,56,14,24,0
3935,56,14,24,0
3936,56,14,24,0
3937,56,14,24,0
3938,56,14,24,0
3939,56,14,24,0
3940,56,14,24,0
3941,56,14,24,0
3942,56,14,24,0
3943,56,14,24,0
3944,56,14,24,0
3945,56,14,24,0
3946,56,14,24,0
3947,56,14,24,0
3948,56,14,24,0
3949,56,14,24,0
3950,56,14,24,0
3951,56,14,24,0
3952,56,14,24,0
3953,56,14,24,0
3954,56,14,24,0
3955,56,14,24,0
3956,56,14,24,0
3957,56,14,24,0
3958,56,14,24,0
3959,56,14,24,0
3960,56,14,24,0
3961,56,14,24,0
3962,56,14,24,0
3963,56,14,24,0
3964,56,14,24,0
3965,56,14,24,0
3966,56,14,24,0
3967,56,14,24,0
3968,56,14,24,0
3969,56,14,24,0
3970,56,14,24,0
3971,56,14,24,0
3972,56,14,24,0
3973,56,14,24,0
3974,56,14,24,0
3975,56,14,24,0
3976,56,14,24,0
3977,56,14,24,0
3978,56,14,24,0
3979,56,14,24,0
3980,56,14,24,0
3981,56,14,24,0
3982,56,14,24,0
3983,56,14,24,0
3984,56,14,24,0
3985,56,14,24,0
3986,56,14,24,0
3987,56,14,24,0
3988,56,14,24,0
3989,56,14,24,0
3990,56,14,24,0
3991,56,14,24,0
3992,56,14,24,0
3993,56,14,24,0
3994,56,14,24,0
3995,56,14,24,0
3996,56,14,24,0
3997,56,14,24,0
3998,56,14,24,0
3999,56,14,24,0
4000,56,14,24,0
4001,56,14,24,0
4002,56,14,24,0
4003,56,14,24,0
4004,56,14,24,0
4005,56,14,24,0
4006,56,14,24,0
4007,56,14,24,0
4008,56,14,24,0
4009,56,14,24,0
4010,56,14,24,0
4011,56,14,24,0
4012,56,14,24,0
4013,56,14,24,0
4014,56,14,24,0
4015,56,14,24,0
4016,56,14,24,0
4017,56,14,24,0
4018,56,14,24,0
4019,56,14,24,0
4020,56,14,24,0
4021,56,14,24,0
4022,56,14,24,0
4023,56,14,24,0
4024,56,14,24,0
4025,56,14,24,0
4026,56,14,24,0
4027,56,14,24,0
4028,56,14,24,0
4029,56,14,24,0
4030,56,14,24,0
4031,56,14,24,0
4032,56,14,24,0
4033,56,14,24,0
4034,56,14,24,0
4035,56,14,24,0
4036,56,14,24,0
4037,56,14,24,0
4038,56,14,24,0
4039,56,14,24,0
4040,56,14,24,0
4041,56,14,24,0
4042,56,14,24,0
4043,56,14,24,0
4044,56,14,24,0
4045,56,14,24,0
4046,56,14,24,0
4047,56,14,24,0
4048,56,14,24,0
4049,56,14,24,0
4050,56,14,24,0
4051,56,14,24,0
4052,56,14,24,0
4053,56,14,24,0
4054,56,14,24,0
4055,56,14,24,0
4056,56,14,24,0
4057,56,14,24,0
4058,56,14,24,0
4059,56,14,24,0
4060,56,14,24,0
4061,56,14,24,0
4062,56,14,24,0
4063,56,14,24,0
4064,56,14,24,0
4065,56,14,24,0
4066,56,14,24,0
4067,56,14,24,0
4068,56,14,24,0
4069,56,14,24,0
4070,56,14,24,0
4071,56,14,24,0
4072,56,14,24,0
4073,56,14,24,0
4074,56,14,24,0
4075,56,14,24,0
4076,56,14,24,0
4077,56,14,24,0
4078,56,14,24,0
4079,56,14,24,0
4080,56,14,24,0
4081,56,14,24,0
4082,56,14,24,0
4083,56,14,24,0
4084,56,14,24,0
4085,56,14,24,0
4086,56,14,24,0
4087,56,14,24,0
4088,56,14,24,0
4089,56,14,24,0
4090,56,14,24,0
4091,56,14,24,0
4092,56,14,24,0
4093,56,14,24,0
4094,56,14,24,0
4095,56,14,24,0
4096,56,14,24,0
4097,56,14,24,0
4098,56,14,24,0
4099,56,14,24,0
4100,56,14,24,0
4101,56,14,24,0
4102,56,14,24,0
4103,56,14,24,0
4104,56,14,24,0
4105,56,14,24,0
4106,56,14,24,0
4107,56,14,24,0
4108,56,14,24,0
4109,56,14,24,0
4110,56,14,24,0
4111,56,14,24,0
4112,56,14,24,0
4113,56,14,24,0
4114,56,14,24,0
4115,56,14,24,0
4116,56,14,24,0
4117,56,14,24,0
4118,56,14,24,0
4119,56,14,24,0
4120,56,14,24,0
4121,56,14,24,0
4122,56,14,24,0
4123,56,14,24,0
4124,56,14,24,0
4125,56,14,24,0
4126,56,14,24,0
4127,56,14,24,0
4128,56,14,24,0
4129,56,14,24,0
4130,56,14,24,0
4131,56,14,24,0
4132,56,14,24,0
4133,56,14,24,0
4134,56,14,24,0
4135,56,14,24,0
4136,56,14,24,0
4137,56,14,24,0
4138,56,14,24,0
4139,56,14,24,0
4140,56,14,24,0
4141,56,14,24,0
4142,56,14,24,0
4143,56,14,24,0
4144,56,14,24,0
4145,56,14,24,0
4146,56,14,24,0
4147,56,14,24,0
4148,56,14,24,0
4149,56,14,24,0
4150,56,14,24,0
4151,56,14,24,0
4152,56,14,24,0
4153,56,14,24,0
4154,56,14,24,0
4155,56,14,24,0
4156,56,14,24,0
4157,56,14,24,0
4158,56,14,24,0
4159,56,14,24,0
4160,56,14,24,0
4161,56,14,24,0
4162,56,14,24,0
4163,56,14,24,0
4164,56,14,24,0
4165,56,14,24,0
4166,56,14,24,0
4167,56,14,24,0
4168,56,14,24,0
4169,56,14,24,0
4170,56,14,24,0
4171,56,14,24,0
4172,56,14,24,0
4173,56,14,24,0
4174,56,14,24,0
4175,56,14,24,0
4176,56,14,24,0
4177,56,14,24,0
4178,56,14,24,0
4179,56,14,24,0
4180,56,14,24,0
4181,56,14,24,0
4182,56,14,24,0
4183,56,14,24,0
4184,56,14,24,0
4185,56,14,24,0
4186,56,14,24,0
4187,56,14,24,0
4188,56,14,24,0
4189,56,14,24,0
4190,56,14,24,0
4191,56,14,24,0
4192,56,14,24,0
4193,56,14,24,0
4194,56,14,24,0
4195,56,14,24,0
4196,56,14,24,0
4197,56,14,24,0
4198,56,14,24,0
4199,56,14,24,0
4200,56,14,24,0
4201,56,14,24,0
4202,56,14,24,0
4203,56,14,24,0
4204,56,14,24,0
4205,56,14,24,0
4206,56,14,24,0
4207,56,14,24,0
4208,56,14,24,0
4209,56,14,24,0
4210,56,14,24,0
4211,56,14,24,0
4212,56,14,24,0
4213,56,14,24,0
4214,56,14,24,0
4215,56,14,24,0
4216,56,14,24,0
4217,56,14,24,0
4218,56,14,24,0
4219,56,14,24,0
4220,56,14,24,0
4221,56,14,24,0
4222,56,14,24,0
4223,56,14,24,0
4224,56,14,24,0
4225,56,14,24,0
4226,56,14,24,0
4227,56,14,24,0
4228,56,14,24,0
4229,56,14,24,0
4230,56,14,24,0
4231,56,14,24,0
4232,56,14,24,0
4233,56,14,24,0
4234,56,14,24,0
4235,56,14,24,0
4236,56,14,24,0
4237,56,14,24,0
4238,56,14,24,0
4239,56,14,24,0
4240,56,14,24,0
4241,56,14,24,0
4242,56,14,24,0
4243,56,14,24,0
4244,56,14,24,0
4245,56,14,24,0
4246,56,14,24,0
4247,56,14,24,0
4248,56,14,24,0
4249,56,14,24,0
4250,56,14,24,0
4251,56,14,24,0
4252,56,14,24,0
4253,56,14,24,0
4254,56,14,24,0
4255,56,14,24,0
4256,56,14,24,0
4257,56,14,24,0
4258,56,14,24,0
4259,56,14,24,0
4260,56,14,24,0
4261,56,14,24,0
4262,56,14,24,0
4263,56,14,24,0
4264,56,14,24,0
4265,56,14,24,0
4266,56,14,24,0
4267,56,14,24,0
4268,56,14,24,0
4269,56,14,24,0
4270,56,14,24,0
4271,56,14,24,0
4272,56,14,24,0
4273,56,14,24,0
4274,56,14,24,0
4275,56,14,24,0
4276,56,14,24,0
4277,56,14,24,0
4278,56,14,24,0
4279,56,14,24,0
4280,56,14,24,0
4281,56,14,24,0
4282,56,14,24,0
4283,56,14,24,0
4284,56,14,24,0
4285,56,14,24,0
4286,56,14,24,0
4287,56,14,24,0
4288,56,14,24,0
4289,56,14,24,0
4290,56,14,24,0
4291,56,14,24,0
4292,56,14,24,0
4293,56,14,24,0
4294,56,14,24,0
4295,56,14,24,0
4296,56,14,24,0
4297,56,14,24,0
4298,56,14,24,0
4299,56,14,24,0
4300,56,14,24,0
4301,56,14,24,0
4302,56,14,24,0
4303,56,14,24,0
4304,56,14,24,0
4305,56,14,24,0
4306,56,14,24,0
4307,56,14,24,0
4308,56,14,24,0
4309,56,14,24,0
4310,56,14,24,0
4311,56,14,24,0
4312,56,14,24,0
4313,56,14,24,0
4314,56,14,24,0
4315,56,14,24,0
4316,56,14,24,0
4317,56,14,24,0
4318,56,14,24,0
4319,56,14,24,0
4320,56,14,24,0
4321,56,14,24,0
4322,56,14,24,0
4323,56,14,24,0
4324,56,14,24,0
4325,56,14,24,0
4326,56,14,24,0
4327,56,14,24,0
4328,56,14,24,0
4329,56,14,24,0
4330,56,14,24,0
4331,56,14,24,0
4332,56,14,24,0
4333,56,14,24,0
4334,56,14,24,0
4335,56,14,24,0
4336,56,14,24,0
4337,56,14,24,0
4338,56,14,24,0
4339,56,14,24,0
4340,56,14,24,0
4341,56,14,24,0
4342,56,14,24,0
4343,56,14,24,0
4344,56,14,24,0
4345,56,14,24,0
4346,56,14,24,0
4347,56,14,24,0
4348,56,14,24,0
4349,56,14,24,0
4350,56,14,24,0
4351,56,14,24,0
4352,56,14,24,0
4353,56,14,24,0
4354,56,14,24,0
4355,56,14,24,0
4356,56,14,24,0
4357,56,14,24,0
4358,56,14,24,0
4359,56,14,24,0
4360,56,14,24,0
4361,56,14,24,0
4362,56,14,24,0
4363,56,14,24,0
4364,56,14,24,0
4365,56,14,24,0
4366,56,14,24,0
4367,56,14,24,0
4368,56,14,24,0
4369,56,14,24,0
4370,56,14,24,0
4371,56,14,24,0
4372,56,14,24,0
4373,56,14,24,0
4374,56,14,24,0
4375,56,14,24,0
4376,56,14,24,0
4377,56,14,24,0
4378,56,14,24,0
4379,56,14,24,0
4380,56,14,24,0
4381,56,14,24,0
4382,56,14,24,0
4383,56,14,24,0
4384,56,14,24,0
4385,56,14,24,0
4386,56,14,24,0
4387,56,14,24,0
4388,56,14,24,0
4389,56,14,24,0
4390,56,14,24,0
4391,56,14,24,0
4392,56,14,24,0
4393,56,14,24,0
4394,56,14,24,0
4395,56,14,24,0
4396,56,14,24,0
4397,56,14,24,0
4398,56,14,24,0
4399,56,14,24,0
4400,56,14,24,0
4401,56,14,24,0
4402,56,14,24,0
4403,56,14,24,0
4404,56,14,24,0
4405,56,14,24,0
4406,56,14,24,0
4407,56,14,24,0
4408,56,14,24,0
4409,56,14,24,0
4410,56,14,24,0
4411,56,14,24,0
4412,56,14,24,0
4413,56,14,24,0
4414,56,14,24,0
4415,56,14,24,0
4416,56,14,24,0
4417,56,14,24,0
4418,56,14,24,0
4419,56,14,24,0
4420,56,14,24,0
4421,56,14,24,0
4422,56,14,24,0
4423,56,14,24,0
4424,56,14,24,0
4425,56,14,24,0
4426,56,14,24,0
4427,56,14,24,0
4428,56,14,24,0
4429,56,14,24,0
4430,56,14,24,0
4431,56,14,24,0
4432,56,14,24,0
4433,56,14,24,0
4434,56,14,24,0
4435,56,14,24,0
4436,56,14,24,0
4437,56,14,24,0
4438,56,14,24,0
4439,56,14,24,0
4440,56,14,24,0
4441,56,14,24,0
4442,56,14,24,0
4443,56,14,24,0
4444,56,14,24,0
4445,56,14,24,0
4446,56,14,24,0
4447,56,14,24,0
4448,56,14,24,0
4449,56,14,24,0
4450,56,14,24,0
4451,56,14,24,0
4452,56,14,24,0
4453,56,14,24,0
4454,56,14,24,0
4455,56,14,24,0
4456,56,14,24,0
4457,56,14,24,0
4458,56,14,24,0
4459,56,14,24,0
4460,56,14,24,0
4461,56,14,24,0
4462,56,14,24,0
4463,56,14,24,0
4464,56,14,24,0
4465,56,14,24,0
4466,56,14,24,0
4467,56,14,24,0
4468,56,14,24,0
4469,56,14,24,0
4470,56,14,24,0
4471,56,14,24,0
4472,56,14,24,0
4473,56,14,24,0
4474,56,14,24,0
4475,56,14,24,0
4476,56,14,24,0
4477,56,14,24,0
4478,56,14,24,0
4479,56,14,24,0
4480,56,14,24,0
4481,56,14,24,0
4482,56,14,24,0
4483,56,14,24,0
4484,56,14,24,0
4485,56,14,24,0
4486,56,14,24,0
4487,56,14,24,0
4488,56,14,24,0
4489,56,14,24,0
4490,56,14,24,0
4491,56,14,24,0
4492,56,14,24,0
4493,56,14,24,0
4494,56,14,24,0
4495,56,14,24,0
4496,56,14,24,0
4497,56,14,24,0
4498,56,14,24,0
4499,56,14,24,0
4500,56,14,24,0
4501,56,14,24,0
4502,56,14,24,0
4503,56,14,24,0
4504,56,14,24,0
4505,56,14,24,0
4506,56,14,24,0
4507,56,14,24,0
4508,56,14,24,0
4509,56,14,24,0
4510,56,14,24,0
4511,56,14,24,0
4512,56,14,24,0
4513,56,14,24,0
4514,56,14,24,0
4515,56,14,24,0
4516,56,14,24,0
4517,56,14,24,0
4518,56,14,24,0
4519,56,14,24,0
4520,56,14,24,0
4521,56,14,24,0
4522,56,14,24,0
4523,56,14,24,0
4524,56,14,24,0
4525,56,14,24,0
4526,56,14,24,0
4527,56,14,24,0
4528,56,14,24,0
4529,56,14,24,0
4530,56,14,24,0
4531,56,14,24,0
4532,56,14,24,0
4533,56,14,24,0
4534,56,14,24,0
4535,56,14,24,0
4536,56,14,24,0
4537,56,14,24,0
4538,56,14,24,0
4539,56,14,24,0
4540,56,14,24,0
4541,56,14,24,0
4542,56,14,24,0
4543,56,14,24,0
4544,56,14,24,0
4545,56,14,24,0
4546,56,14,24,0
4547,56,14,24,0
4548,56,14,24,0
4549,56,14,24,0
4550,56,14,24,0
4551,56,14,24,0
4552,56,14,24,0
4553,56,14,24,0
4554,56,14,24,0
4555,56,14,24,0
4556,56,14,24,0
4557,56,14,24,0
4558,56,14,24,0
4559,56,14,24,0
4560,56,14,24,0
4561,56,14,24,0
4562,56,14,24,0
4563,56,14,24,0
4564,56,14,24,0
4565,56,14,24,0
4566,56,14,24,0
4567,56,14,24,0
4568,56,14,24,0
4569,56,14,24,0
4570,56,14,24,0
4571,56,14,24,0
4572,56,14,24,0
4573,56,14,24,0
4574,56,14,24,0
4575,56,14,24,0
4576,56,14,24,0
4577,56,14,24,0
4578,56,14,24,0
4579,56,14,24,0
4580,56,14,24,0
4581,56,14,24,0
4582,56,14,24,0
4583,56,14,24,0
4584,56,14,24,0
4585,56,14,24,0
4586,56,14,24,0
4587,56,14,24,0
4588,56,14,24,0
4589,56,14,24,0
4590,56,14,24,0
4591,56,14,24,0
4592,56,14,24,0
4593,56,14,24,0
4594,56,14,24,0
4595,56,14,24,0
4596,56,14,24,0
4597,56,14,24,0
4598,56,14,24,0
4599,56,14,24,0
4600,56,14,24,0
4601,56,14,24,0
4602,56,14,24,0
4603,56,14,24,0
4604,56,14,24,0
4605,56,14,24,0
4606,56,14,24,0
4607,56,14,24,0
4608,56,14,24,0
4609,56,14,24,0
4610,56,14,24,0
4611,56,14,24,0
4612,56,14,24,0
4613,56,14,24,0
4614,56,14,24,0
4615,56,14,24,0
4616,56,14,24,0
4617,56,14,24,0
4618,56,14,24,0
4619,56,14,24,0
4620,56,14,24,0
4621,56,14,24,0
4622,56,14,24,0
4623,56,14,24,0
4624,56,14,24,0
4625,56,14,24,0
4626,56,14,24,0
4627,56,14,24,0
4628,56,14,24,0
4629,56,14,24,0
4630,56,14,24,0
4631,56,14,24,0
4632,56,14,24,0
4633,56,14,24,0
4634,56,14,24,0
4635,56,14,24,0
4636,56,14,24,0
4637,56,14,24,0
4638,56,14,24,0
4639,56,14,24,0
4640,56,14,24,0
4641,56,14,24,0
4642,56,14,24,0
4643,56,14,24,0
4644,56,14,24,0
4645,56,14,24,0
4646,56,14,24,0
4647,56,14,24,0
4648,56,14,24,0
4649,56,14,24,0
4650,56,14,24,0
4651,56,14,24,0
4652,56,14,24,0
4653,56,14,24,0
4654,56,14,24,0
4655,56,14,24,0
4656,56,14,24,0
4657,56,14,24,0
4658,56,14,24,0
4659,56,14,24,0
4660,56,14,24,0
4661,56,14,24,0
4662,56,14,24,0
4663,56,14,24,0
4664,56,14,24,0
4665,56,14,24,0
4666,56,14,24,0
4667,56,14,24,0
4668,56,14,24,0
4669,56,14,24,0
4670,56,14,24,0
4671,56,14,24,0
4672,56,14,24,0
4673,56,14,24,0
4674,56,14,24,0
4675,56,14,24,0
4676,56,14,24,0
4677,56,14,24,0
4678,56,14,24,0
4679,56,14,24,0
4680,56,14,24,0
4681,56,14,24,0
4682,56,14,24,0
4683,56,14,24,0
4684,56,14,24,0
4685,56,14,24,0
4686,56,14,24,0
4687,56,14,24,0
4688,56,14,24,0
4689,56,14,24,0
4690,56,14,24,0
4691,56,14,24,0
4692,56,14,24,0
4693,56,14,24,0
4694,56,14,24,0
4695,56,14,24,0
4696,56,14,24,0
4697,56,14,24,0
4698,56,14,24,0
4699,56,14,24,0
4700,56,14,24,0
4701,56,14,24,0
4702,56,14,24,0
4703,56,14,24,0
4704,56,14,24,0
4705,56,14,24,0
4706,56,14,24,0
4707,56,14,24,0
4708,56,14,24,0
4709,56,14,24,0
4710,56,14,24,0
4711,56,14,24,0
4712,56,14,24,0
4713,56,14,24,0
4714,56,14,24,0
4715,56,14,24,0
4716,56,14,24,0
4717,56,14,24,0
4718,56,14,24,0
4719,56,14,24,0
4720,56,14,24,0
4721,56,14,24,0
4722,56,14,24,0
4723,56,14,24,0
4724,56,14,24,0
4725,56,14,24,0
4726,56,14,24,0
4727,56,14,24,0
4728,56,14,24,0
4729,56,14,24,0
4730,56,14,24,0
4731,56,14,24,0
4732,56,14,24,0
4733,56,14,24,0
4734,56,14,24,0
4735,56,14,24,0
4736,56,14,24,0
4737,56,14,24,0
4738,56,14,24,0
4739,56,14,24,0
4740,56,14,24,0
4741,56,14,24,0
4742,56,14,24,0
4743,56,14,24,0
4744,56,14,24,0
4745,56,14,24,0
4746,56,14,24,0
4747,56,14,24,0
4748,56,14,24,0
4749,56,14,24,0
4750,56,14,24,0
4751,56,14,24,0
4752,56,14,24,0
4753,56,14,24,0
4754,56,14,24,0
4755,56,14,24,0
4756,56,14,24,0
4757,56,14,24,0
4758,56,14,24,0
4759,56,14,24,0
4760,56,14,24,0
4761,56,14,24,0
4762,56,14,24,0
4763,56,14,24,0
4764,56,14,24,0
4765,56,14,24,0
4766,56,14,24,0
4767,56,14,24,0
4768,56,14,24,0
4769,56,14,24,0
4770,56,14,24,0
4771,56,14,24,0
4772,56,14,24,0
4773,56,14,24,0
4774,56,14,24,0
4775,56,14,24,0
4776,56,14,24,0
4777,56,14,24,0
4778,56,14,24,0
4779,56,14,24,0
4780,56,14,24,0
4781,56,14,24,0
4782,56,14,24,0
4783,56,14,24,0
4784,56,14,24,0
4785,56,14,24,0
4786,56,14,24,0
4787,56,14,24,0
4788,56,14,24,0
4789,56,14,24,0
4790,56,14,24,0
4791,56,14,24,0
4792,56,14,24,0
4793,56,14,24,0
4794,56,14,24,0
4795,56,14,24,0
4796,56,14,24,0
4797,56,14,24,0
4798,56,14,24,0
4799,56,14,24,0
4800,56,14,24,0
4801,56,14,24,0
4802,56,14,24,0
4803,56,14,24,0
4804,56,14,24,0
4805,56,14,24,0
4806,56,14,24,0
4807,56,14,24,0
4808,56,14,24,0
4809,56,14,24,0
4810,56,14,24,0
4811,56,14,24,0
4812,56,14,24,0
4813,56,14,24,0
4814,56,14,24,0
4815,56,14,24,0
4816,56,14,24,0
4817,56,14,24,0
4818,56,14,24,0
4819,56,14,24,0
4820,56,14,24,0
4821,56,14,24,0
4822,56,14,24,0
4823,56,14,24,0
4824,56,14,24,0
4825,56,14,24,0
4826,56,14,24,0
4827,56,14,24,0
4828,56,14,24,0
4829,56,14,24,0
4830,56,14,24,0
4831,56,14,24,0
4832,56,14,24,0
4833,56,14,24,0
4834,56,14,24,0
4835,56,14,24,0
4836,56,14,24,0
4837,56,14,24,0
4838,56,14,24,0
4839,56,14,24,0
4840,56,14,24,0
4841,56,14,24,0
4842,56,14,24,0
4843,56,14,24,0
4844,56,14,24,0
4845,56,14,24,0
4846,56,14,24,0
4847,56,14,24,0
4848,56,14,24,0
4849,56,14,24,0
4850,56,14,24,0
4851,56,14,24,0
4852,56,14,24,0
4853,56,14,24,0
4854,56,14,24,0
4855,56,14,24,0
4856,56,14,24,0
4857,56,14,24,0
4858,56,14,24,0
4859,56,14,24,0
4860,56,14,24,0
4861,56,14,24,0
4862,56,14,24,0
4863,56,14,24,0
4864,56,14,24,0
4865,56,14,24,0
4866,56,14,24,0
4867,56,14,24,0
4868,56,14,24,0
4869,56,14,24,0
4870,56,14,24,0
4871,57,14,25,0
4872,57,14,25,0
4873,57,14,25,0
4874,57,14,25,0
4875,57,14,25,0
4876,57,14,25,0
4877,57,14,25,0
4878,57,14,25,0
4879,57,14,25,0
4880,57,14,25,0
4881,57,14,25,0
4882,57,14,25,0
4883,57,14,25,0
4884,57,14,25,0
4885,57,14,25,0
4886,57,14,25,0
4887,57,14,25,0
4888,57,14,25,0
4889,57,14,25,0
4890,57,14,25,0
4891,57,14,25,0
4892,57,14,25,0
4893,57,14,25,0
4894,57,14,25,0
4895,57,14,25,0
4896,57,14,25,0
4897,57,14,25,0
4898,57,14,25,0
4899,57,14,25,0
4900,57,14,25,0
4901,57,14,25,0
4902,57,14,25,0
4903,57,14,25,0
4904,57,14,25,0
4905,57,14,25,0
4906,57,14,25,0
4907,57,14,25,0
4908,57,14,25,0
4909,57,14,25,0
4910,57,14,25,0
4911,57,14,25,0
4912,57,14,25,0
4913,57,14,25,0
4914,57,14,25,0
4915,57,14,25,0
4916,57,14,25,0
4917,57,14,25,0
4918,57,14,25,0
4919,57,14,25,0
4920,57,14,25,0
4921,57,14,25,0
4922,57,14,25,0
4923,57,14,25,0
4924,57,14,25,0
4925,57,14,25,0
4926,57,14,25,0
4927,57,14,25,0
4928,57,14,25,0
4929,57,14,25,0
4930,57,14,25,0
4931,57,14,25,0
4932,57,14,25,0
4933,57,14,25,0
4934,57,14,25,0
4935,57,14,25,0
4936,57,14,25,0
4937,57,14,25,0
4938,57,14,25,0
4939,57,14,25,0
4940,57,14,25,0
4941,57,14,25,0
4942,57,14,25,0
4943,57,14,25,0
4944,57,14,25,0
4945,57,14,25,0
4946,57,14,25,0
4947,57,14,25,0
4948,57,14,25,0
4949,57,14,25,0
4950,57,14,25,0
4951,57,14,25,0
4952,57,14,25,0
4953,57,14,25,0
4954,57,14,25,0
4955,57,14,25,0
4956,57,14,25,0
4957,57,14,25,0
4958,57,14,25,0
4959,57,14,25,0
4960,57,14,25,0
4961,57,14,25,0
4962,57,14,25,0
4963,57,14,25,0
4964,57,14,25,0
4965,57,14,25,0
4966,57,14,25,0
4967,57,14,25,0
4968,57,14,25,0
4969,57,14,25,0
4970,57,14,25,0
4971,57,14,25,0
4972,57,14,25,0
4973,57,14,25,0
4974,57,14,25,0
4975,57,14,25,0
4976,57,14,25,0
4977,57,14,25,0
4978,57,14,25,0
4979,57,14,25,0
4980,57,14,25,0
4981,57,14,25,0
4982,57,14,25,0
4983,57,14,25,0
4984,57,14,25,0
4985,57,14,25,0
4986,57,14,25,0
4987,57,14,25,0
4988,57,14,25,0
4989,57,14,25,0
4990,57,14,25,0
4991,57,14,25,0
4992,57,14,25,0
4993,57,14,25,0
4994,57,14,25,0
4995,57,14,25,0
4996,57,14,25,0
4997,57,14,25,0
4998,57,14,25,0
4999,57,14,25,0
5000,57,14,25,0
5001,57,14,25,0
5002,57,14,25,0
5003,57,14,25,0
5004,57,14,25,0
5005,57,14,25,0
5006,57,14,25,0
5007,57,14,25,0
5008,57,14,25,0
5009,57,14,25,0
5010,57,14,25,0
5011,57,14,25,0
5012,57,14,25,0
5013,57,14,25,0
5014,57,14,25,0
5015,57,14,25,0
5016,57,14,25,0
5017,57,14,25,0
5018,57,14,25,0
5019,57,14,25,0
5020,57,14,25,0
5021,57,14,25,0
5022,57,14,25,0
5023,57,14,25,0
5024,57,14,25,0
5025,57,14,25,0
5026,57,14,25,0
5027,57,14,25,0
5028,57,14,25,0
5029,57,14,25,0
5030,57,14,25,0
5031,57,14,25,0
5032,57,14,25,0
5033,57,14,25,0
5034,57,14,25,0
5035,57,14,25,0
5036,57,14,25,0
5037,57,14,25,0
5038,57,14,25,0
5039,57,14,25,0
5040,57,14,25,0
5041,57,14,25,0
5042,57,14,25,0
5043,57,14,25,0
5044,57,14,25,0
5045,57,14,25,0
5046,57,14,25,0
5047,57,14,25,0
5048,57,14,25,0
5049,57,14,25,0
5050,57,14,25,0
5051,57,14,25,0
5052,57,14,25,0
5053,57,14,25,0
5054,57,14,25,0
5055,57,14,25,0
5056,57,14,25,0
5057,57,14,25,0
5058,57,14,25,0
5059,57,14,25,0
5060,57,14,25,0
5061,57,14,25,0
5062,57,14,25,0
5063,57,14,25,0
5064,57,14,25,0
5065,57,14,25,0
5066,57,14,25,0
5067,57,14,25,0
5068,57,14,25,0
5069,57,14,25,0
5070,57,14,25,0
5071,57,14,25,0
5072,57,14,25,0
5073,57,14,25,0
5074,57,14,25,0
5075,57,14,25,0
5076,57,14,25,0
5077,57,14,25,0
5078,57,14,25,0
5079,57,14,25,0
5080,57,14,25,0
5081,57,14,25,0
5082,57,14,25,0
5083,57,14,25,0
5084,57,14,25,0
5085,57,14,25,0
5086,57,14,25,0
5087,57,14,25,0
5088,57,14,25,0
5089,57,14,25,0
5090,57,14,25,0
5091,57,14,25,0
5092,57,14,25,0
5093,57,14,25,0
5094,57,14,25,0
5095,57,14,25,0
5096,57,14,25,0
5097,57,14,25,0
5098,57,14,25,0
5099,57,14,25,0
5100,57,14,25,0
5101,57,14,25,0
5102,57,14,25,0
5103,57,14,25,0
5104,57,14,25,0
5105,57,14,25,0
5106,57,14,25,0
5107,57,14,25,0
5108,57,14,25,0
5109,57,14,25,0
5110,57,14,25,0
5111,57,14,25,0
5112,57,14,25,0
5113,57,14,25,0
5114,57,14,25,0
5115,57,14,25,0
5116,57,14,25,0
5117,57,14,25,0
5118,57,14,25,0
5119,57,14,25,0
5120,57,14,25,0
5121,57,14,25,0
5122,57,14,25,0
5123,57,14,25,0
5124,57,14,25,0
5125,57,14,25,0
5126,57,14,25,0
5127,57,14,25,0
5128,57,14,25,0
5129,57,14,25,0
5130,57,14,25,0
5131,57,14,25,0
5132,57,14,25,0
5133,57,14,25,0
5134,57,14,25,0
5135,57,14,25,0
5136,57,14,25,0
5137,57,14,25,0
5138,57,14,25,0
5139,57,14,25,0
5140,57,14,25,0
5141,57,14,25,0
5142,57,14,25,0
5143,57,14,25,0
5144,57,14,25,0
5145,57,14,25,0
5146,57,14,25,0
5147,57,14,25,0
5148,57,14,25,0
5149,57,14,25,0
5150,57,14,25,0
5151,57,14,25,0
5152,57,14,25,0
5153,57,14,25,0
5154,57,14,25,0
5155,57,14,25,0
5156,57,14,25,0
5157,57,14,25,0
5158,57,14,25,0
5159,57,14,25,0
5160,57,14,25,0
5161,57,14,25,0
5162,57,14,25,0
5163,57,14,25,0
5164,57,14,25,0
5165,57,14,25,0
5166,57,14,25,0
5167,57,14,25,0
5168,57,14,25,0
5169,57,14,25,0
5170,57,14,25,0
5171,57,14,25,0
5172,57,14,25,0
5173,57,14,25,0
5174,57,14,25,0
5175,57,14,25,0
5176,57,14,25,0
5177,57,14,25,0
5178,57,14,25,0
5179,57,14,25,0
5180,57,14,25,0
5181,57,14,25,0
5182,57,14,25,0
5183,57,14,25,0
5184,57,14,25,0
5185,57,14,25,0
5186,57,14,25,0
5187,57,14,25,0
5188,57,14,25,0
5189,57,14,25,0
5190,57,14,25,0
5191,57,14,25,0
5192,57,14,25,0
5193,57,14,25,0
5194,57,14,25,0
5195,57,14,25,0
5196,57,14,25,0
5197,57,14,25,0
5198,57,14,25,0
5199,57,14,25,0
5200,57,14,25,0
5201,57,14,25,0
5202,57,14,25,0
5203,57,14,25,0
5204,57,14,25,0
5205,57,14,25,0
5206,57,14,25,0
5207,57,14,25,0
5208,57,14,25,0
5209,57,14,25,0
5210,57,14,25,0
5211,57,14,25,0
5212,57,14,25,0
5213,57,14,25,0
5214,57,14,25,0
5215,57,14,25,0
5216,57,14,25,0
5217,57,14,25,0
5218,57,14,25,0
5219,57,14,25,0
5220,57,14,25,0
5221,57,14,25,0
5222,57,14,25,0
5223,57,14,25,0
5224,57,14,25,0
5225,57,14,25,0
5226,57,14,25,0
5227,57,14,25,0
5228,57,14,25,0
5229,57,14,25,0
5230,57,14,25,0
5231,57,14,25,0
5232,57,14,25,0
5233,57,14,25,0
5234,57,14,25,0
5235,57,14,25,0
5236,57,14,25,0
5237,57,14,25,0
5238,57,14,25,0
5239,57,14,25,0
5240,57,14,25,0
5241,57,14,25,0
5242,57,14,25,0
5243,57,14,25,0
5244,57,14,25,0
5245,57,14,25,0
5246,57,14,25,0
5247,57,14,25,0
5248,57,14,25,0
5249,57,14,25,0
5250,57,14,25,0
5251,57,14,25,0
5252,57,14,25,0
5253,57,14,25,0
5254,57,14,25,0
5255,57,14,25,0
5256,57,14,25,0
5257,57,14,25,0
5258,57,14,25,0
5259,57,14,25,0
5260,57,14,25,0
5261,57,14,25,0
5262,57,14,25,0
5263,57,14,25,0
5264,57,14,25,0
5265,57,14,25,0
5266,57,14,25,0
5267,57,14,25,0
5268,57,14,25,0
5269,57,14,25,0
5270,57,14,25,0
5271,57,14,25,0
5272,57,14,25,0
5273,57,14,25,0
5274,57,14,25,0
5275,57,14,25,0
5276,57,14,25,0
5277,57,14,25,0
5278,57,14,25,0
5279,57,14,25,0
5280,57,14,25,0
5281,57,14,25,0
5282,57,14,25,0
5283,57,14,25,0
5284,57,14,25,0
5285,57,14,25,0
5286,57,14,25,0
5287,57,14,25,0
5288,57,14,25,0
5289,57,14,25,0
5290,57,14,25,0
5291,57,14,25,0
5292,57,14,25,0
5293,57,14,25,0
5294,57,14,25,0
5295,57,14,25,0
5296,57,14,25,0
5297,57,14,25,0
5298,57,14,25,0
5299,57,14,25,0
5300,57,14,25,0
5301,57,14,25,0
5302,57,14,25,0
5303,57,14,25,0
5304,57,14,25,0
5305,57,14,25,0
5306,57,14,25,0
5307,57,14,25,0
5308,57,14,25,0
5309,57,14,25,0
5310,57,14,25,0
5311,57,14,25,0
5312,57,14,25,0
5313,57,14,25,0
5314,57,14,25,0
5315,57,14,25,0
5316,57,14,25,0
5317,57,14,25,0
5318,57,14,25,0
5319,57,14,25,0
5320,57,14,25,0
5321,57,14,25,0
5322,57,14,25,0
5323,57,14,25,0
5324,57,14,25,0
5325,57,14,25,0
5326,57,14,25,0
5327,57,14,25,0
5328,57,14,25,0
5329,57,14,25,0
5330,57,14,25,0
5331,57,14,25,0
5332,57,14,25,0
5333,57,14,25,0
5334,57,14,25,0
5335,57,14,25,0
5336,57,14,25,0
5337,57,14,25,0
5338,57,14,25,0
5339,57,14,25,0
5340,57,14,25,0
5341,57,14,25,0
5342,57,14,25,0
5343,57,14,25,0
5344,57,14,25,0
5345,57,14,25,0
5346,57,14,25,0
5347,57,14,25,0
5348,57,14,25,0
5349,57,14,25,0
5350,57,14,25,0
5351,57,14,25,0
5352,57,14,25,0
5353,57,14,25,0
5354,57,14,25,0
5355,57,14,25,0
5356,57,14,25,0
5357,57,14,25,0
5358,57,14,25,0
5359,57,14,25,0
5360,57,14,25,0
5361,57,14,25,0
5362,57,14,25,0
5363,57,14,25,0
5364,57,14,25,0
5365,57,14,25,0
5366,57,14,25,0
5367,57,14,25,0
5368,57,14,25,0
5369,57,14,25,0
5370,57,14,25,0
5371,57,14,25,0
5372,57,14,25,0
5373,57,14,25,0
5374,57,14,25,0
5375,57,14,25,0
5376,57,14,25,0
5377,57,14,25,0
5378,57,14,25,0
5379,57,14,25,0
5380,57,14,25,0
5381,57,14,25,0
5382,57,14,25,0
5383,57,14,25,0
5384,57,14,25,0
5385,57,14,25,0
5386,57,14,25,0
5387,57,14,25,0
5388,57,14,25,0
5389,57,14,25,0
5390,57,14,25,0
5391,57,14,25,0
5392,57,14,25,0
5393,57,14,25,0
5394,57,14,25,0
5395,57,14,25,0
5396,57,14,25,0
5397,57,14,25,0
5398,57,14,25,0
5399,57,14,25,0
5400,57,14,25,0
5401,57,14,25,0
5402,57,14,25,0
5403,57,14,25,0
5404,57,14,25,0
5405,57,14,25,0
5406,57,14,25,0
5407,57,14,25,0
5408,57,14,25,0
5409,57,14,25,0
5410,57,14,25,0
5411,57,14,25,0
5412,57,14,25,0
5413,57,14,25,0
5414,57,14,25,0
5415,57,14,25,0
5416,57,14,25,0
5417,57,14,25,0
5418,57,14,25,0
5419,57,14,25,0
5420,57,14,25,0
5421,57,14,25,0
5422,57,14,25,0
5423,57,14,25,0
5424,57,14,25,0
5425,57,14,25,0
5426,57,14,25,0
5427,57,14,25,0
5428,57,14,25,0
5429,57,14,25,0
5430,57,14,25,0
5431,57,14,25,0
5432,57,14,25,0
5433,57,14,25,0
5434,57,14,25,0
5435,57,14,25,0
5436,57,14,25,0
5437,57,14,25,0
5438,57,14,25,0
5439,57,14,25,0
5440,57,14,25,0
5441,57,14,25,0
5442,57,14,25,0
5443,57,14,25,0
5444,57,14,25,0
5445,57,14,25,0
5446,57,14,25,0
5447,57,14,25,0
5448,57,14,25,0
5449,57,14,25,0
5450,57,14,25,0
5451,57,14,25,0
5452,57,14,25,0
5453,57,14,25,0
5454,57,14,25,0
5455,57,14,25,0
5456,57,14,25,0
5457,57,14,25,0
5458,57,14,25,0
5459,57,14,25,0
5460,57,14,25,0
5461,57,14,25,0
5462,57,14,25,0
5463,57,14,25,0
5464,57,14,25,0
5465,57,14,25,0
5466,57,14,25,0
5467,57,14,25,0
5468,57,14,25,0
5469,57,14,25,0
5470,57,14,25,0
5471,57,14,25,0
5472,57,14,25,0
5473,57,14,25,0
5474,57,14,25,0
5475,57,14,25,0
5476,57,14,25,0
5477,57,14,25,0
5478,57,14,25,0
5479,57,14,25,0
5480,57,14,25,0
5481,57,14,25,0
5482,57,14,25,0
5483,57,14,25,0
5484,57,14,25,0
5485,57,14,25,0
5486,57,14,25,0
5487,57,14,25,0
5488,57,14,25,0
5489,57,14,25,0
5490,57,14,25,0
5491,57,14,25,0
5492,57,14,25,0
5493,57,14,25,0
5494,57,14,25,0
5495,57,14,25,0
5496,57,14,25,0
5497,57,14,25,0
5498,57,14,25,0
5499,57,14,25,0
5500,57,14,25,0
5501,57,14,25,0
5502,57,14,25,0
5503,57,14,25,0
5504,57,14,25,0
5505,57,14,25,0
5506,57,14,25,0
5507,57,14,25,0
5508,57,14,25,0
5509,57,14,25,0
5510,57,14,25,0
5511,57,14,25,0
5512,57,14,25,0
5513,57,14,25,0
5514,57,14,25,0
5515,57,14,25,0
5516,57,14,25,0
5517,57,14,25,0
5518,57,14,25,0
5519,57,14,25,0
5520,57,14,25,0
5521,57,14,25,0
5522,57,14,25,0
5523,57,14,25,0
5524,57,14,25,0
5525,57,14,25,0
5526,57,14,25,0
5527,57,14,25,0
5528,57,14,25,0
5529,57,14,25,0
5530,57,14,25,0
5531,57,14,25,0
5532,57,14,25,0
5533,57,14,25,0
5534,57,14,25,0
5535,57,14,25,0
5536,57,14,25,0
5537,57,14,25,0
5538,57,14,25,0
5539,57,14,25,0
5540,57,14,25,0
5541,57,14,25,0
5542,57,14,25,0
5543,57,14,25,0
5544,57,14,25,0
5545,57,14,25,0
5546,57,14,25,0
5547,57,14,25,0
5548,57,14,25,0
5549,57,14,25,0
5550,57,14,25,0
5551,57,14,25,0
5552,57,14,25,0
5553,57,14,25,0
5554,57,14,25,0
5555,57,14,25,0
5556,57,14,25,0
5557,57,14,25,0
5558,57,14,25,0
5559,57,14,25,0
5560,57,14,25,0
5561,57,14,25,0
5562,57,14,25,0
5563,57,14,25,0
5564,57,14,25,0
5565,57,14,25,0
5566,57,14,25,0
5567,57,14,25,0
5568,57,14,25,0
5569,57,14,25,0
5570,57,14,25,0
5571,57,14,25,0
5572,57,14,25,0
5573,57,14,25,0
5574,57,14,25,0
5575,57,14,25,0
5576,57,14,25,0
5577,57,14,25,0
5578,57,14,25,0
5579,57,14,25,0
5580,57,14,25,0
5581,57,14,25,0
5582,57,14,25,0
5583,57,14,25,0
5584,57,14,25,0
5585,57,14,25,0
5586,57,14,25,0
5587,57,14,25,0
5588,57,14,25,0
5589,57,14,25,0
5590,57,14,25,0
5591,57,14,25,0
5592,57,14,25,0
5593,57,14,25,0
5594,57,14,25,0
5595,57,14,25,0
5596,57,14,25,0
5597,57,14,25,0
5598,57,14,25,0
5599,57,14,25,0
5600,57,14,25,0
5601,57,14,25,0
5602,57,14,25,0
5603,57,14,25,0
5604,57,14,25,0
5605,57,14,25,0
5606,57,14,25,0
5607,57,14,25,0
5608,57,14,25,0
5609,57,14,25,0
5610,57,14,25,0
5611,57,14,25,0
5612,57,14,25,0
5613,57,14,25,0
5614,57,14,25,0
5615,57,14,25,0
5616,57,14,25,0
5617,57,14,25,0
5618,57,14,25,0
5619,57,14,25,0
5620,57,14,25,0
5621,57,14,25,0
5622,57,14,25,0
5623,57,14,25,0
5624,57,14,25,0
5625,57,14,25,0
5626,57,14,25,0
5627,57,14,25,0
5628,57,14,25,0
5629,57,14,25,0
5630,57,14,25,0
5631,57,14,25,0
5632,57,14,25,0
5633,57,14,25,0
5634,57,14,25,0
5635,57,14,25,0
5636,57,14,25,0
5637,57,14,25,0
5638,57,14,25,0
5639,57,14,25,0
5640,57,14,25,0
5641,57,14,25,0
5642,57,14,25,0
5643,57,14,25,0
5644,57,14,25,0
5645,57,14,25,0
5646,57,14,25,0
5647,57,14,25,0
5648,57,14,25,0
5649,57,14,25,0
5650,57,14,25,0
5651,57,14,25,0
5652,57,14,25,0
5653,57,14,25,0
5654,57,14,25,0
5655,57,14,25,0
5656,57,14,25,0
5657,57,14,25,0
5658,57,14,25,0
5659,57,14,25,0
5660,57,14,25,0
5661,57,14,25,0
5662,57,14,25,0
5663,57,14,25,0
5664,57,14,25,0
5665,57,14,25,0
5666,57,14,25,0
5667,57,14,25,0
5668,57,14,25,0
5669,57,14,25,0
5670,57,14,25,0
5671,57,14,25,0
5672,57,14,25,0
5673,57,14,25,0
5674,57,14,25,0
5675,57,14,25,0
5676,57,14,25,0
5677,57,14,25,0
5678,57,14,25,0
5679,57,14,25,0
5680,57,14,25,0
5681,57,14,25,0
5682,57,14,25,0
5683,57,14,25,0
5684,57,14,25,0
5685,57,14,25,0
5686,57,14,25,0
5687,57,14,25,0
5688,57,14,25,0
5689,57,14,25,0
5690,57,14,25,0
5691,57,14,25,0
5692,57,14,25,0
5693,57,14,25,0
5694,57,14,25,0
5695,57,14,25,0
5696,57,14,25,0
5697,57,14,25,0
5698,57,14,25,0
5699,57,14,25,0
5700,57,14,25,0
5701,57,14,25,0
5702,57,14,25,0
5703,57,14,25,0
5704,57,14,25,0
5705,57,14,25,0
5706,57,14,25,0
5707,57,14,25,0
5708,57,14,25,0
5709,57,14,25,0
5710,57,14,25,0
5711,57,14,25,0
5712,57,14,25,0
5713,57,14,25,0
5714,57,14,25,0
5715,57,14,25,0
5716,57,14,25,0
5717,57,14,25,0
5718,57,14,25,0
5719,57,14,25,0
5720,57,14,25,0
5721,57,14,25,0
5722,57,14,25,0
5723,57,14,25,0
5724,57,14,25,0
5725,57,14,25,0
5726,57,14,25,0
5727,57,14,25,0
5728,57,14,25,0
5729,57,14,25,0
5730,57,14,25,0
5731,57,14,25,0
5732,57,14,25,0
5733,57,14,25,0
5734,57,14,25,0
5735,57,14,25,0
5736,57,14,25,0
5737,57,14,25,0
5738,57,14,25,0
5739,57,14,25,0
5740,57,14,25,0
5741,57,14,25,0
5742,57,14,25,0
5743,57,14,25,0
5744,57,14,25,0
5745,57,14,25,0
5746,57,14,25,0
5747,57,14,25,0
5748,57,14,25,0
5749,57,14,25,0
5750,57,14,25,0
5751,57,14,25,0
5752,57,14,25,0
5753,57,14,25,0
5754,57,14,25,0
5755,57,14,25,0
5756,57,14,25,0
5757,57,14,25,0
5758,57,14,25,0
5759,57,14,25,0
5760,57,14,25,0
5761,57,14,25,0
5762,57,14,25,0
5763,57,14,25,0
5764,57,14,25,0
5765,57,14,25,0
5766,57,14,25,0
5767,57,14,25,0
5768,57,14,25,0
5769,57,14,25,0
5770,57,14,25,0
5771,57,14,25,0
5772,57,14,25,0
5773,57,14,25,0
5774,57,14,25,0
5775,57,14,25,0
5776,57,14,25,0
5777,57,14,25,0
5778,57,14,25,0
5779,57,14,25,0
5780,57,14,25,0
5781,57,14,25,0
5782,57,14,25,0
5783,57,14,25,0
5784,57,14,25,0
5785,57,14,25,0
5786,57,14,25,0
5787,57,14,25,0
5788,57,14,25,0
5789,57,14,25,0
5790,57,14,25,0
5791,57,14,25,0
5792,57,14,25,0
5793,57,14,25,0
5794,57,14,25,0
5795,57,14,25,0
5796,57,14,25,0
5797,57,14,25,0
5798,57,14,25,0
5799,57,14,25,0
5800,57,14,25,0
5801,57,14,25,0
5802,57,14,25,0
5803,57,14,25,0
5804,57,14,25,0
5805,57,14,25,0
5806,57,14,25,0
5807,57,14,25,0
5808,57,14,25,0
5809,57,14,25,0
5810,57,14,25,0
5811,57,14,25,0
5812,57,14,25,0
5813,57,14,25,0
5814,57,14,25,0
5815,57,14,25,0
5816,57,14,25,0
5817,57,14,25,0
5818,57,14,25,0
5819,57,14,25,0
5820,57,14,25,0
5821,57,14,25,0
5822,57,14,25,0
5823,57,14,25,0
5824,57,14,25,0
5825,57,14,25,0
5826,57,14,25,0
5827,57,14,25,0
5828,57,14,25,0
5829,57,14,25,0
5830,57,14,25,0
5831,57,14,25,0
5832,57,14,25,0
5833,57,14,25,0
5834,57,14,25,0
5835,57,14,25,0
5836,57,14,25,0
5837,57,14,25,0
5838,57,14,25,0
5839,57,14,25,0
5840,57,14,25,0
5841,57,14,25,0
5842,57,14,25,0
5843,57,14,25,0
5844,57,14,25,0
5845,57,14,25,0
5846,57,14,25,0
5847,57,14,25,0
5848,57,14,25,0
5849,57,14,25,0
5850,57,14,25,0
5851,57,14,25,0
5852,57,14,25,0
5853,57,14,25,0
5854,57,14,25,0
5855,57,14,25,0
5856,57,14,25,0
5857,57,14,25,0
5858,57,14,25,0
5859,57,14,25,0
5860,57,14,25,0
5861,57,14,25,0
5862,57,14,25,0
5863,57,14,25,0
5864,57,14,25,0
5865,57,14,25,0
5866,57,14,25,0
5867,57,14,25,0
5868,57,14,25,0
5869,57,14,25,0
5870,57,14,25,0
5871,57,14,25,0
5872,57,14,25,0
5873,57,14,25,0
5874,57,14,25,0
5875,57,14,25,0
5876,57,14,25,0
5877,57,14,25,0
5878,57,14,25,0
5879,57,14,25,0
5880,57,14,25,0
5881,57,14,25,0
5882,57,14,25,0
5883,57,14,25,0
5884,57,14,25,0
5885,57,14,25,0
5886,57,14,25,0
5887,57,14,25,0
5888,57,14,25,0
5889,57,14,25,0
5890,57,14,25,0
5891,57,14,25,0
5892,57,14,25,0
5893,57,14,25,0
5894,57,14,25,0
5895,57,14,25,0
5896,57,14,25,0
5897,57,14,25,0
5898,57,14,25,0
5899,57,14,25,0
5900,57,14,25,0
5901,57,14,25,0
5902,57,14,25,0
5903,57,14,25,0
5904,57,14,25,0
5905,57,14,25,0
5906,57,14,25,0
5907,57,14,25,0
5908,57,14,25,0
5909,57,14,25,0
5910,57,14,25,0
5911,57,14,25,0
5912,57,14,25,0
5913,57,14,25,0
5914,57,14,25,0
5915,57,14,25,0
5916,57,14,25,0
5917,57,14,25,0
5918,57,14,25,0
5919,57,14,25,0
5920,57,14,25,0
5921,57,14,25,0
5922,57,14,25,0
5923,57,14,25,0
5924,57,14,25,0
5925,57,14,25,0
5926,57,14,25,0
5927,57,14,25,0
5928,57,14,25,0
5929,57,14,25,0
5930,57,14,25,0
5931,57,14,25,0
5932,57,14,25,0
5933,57,14,25,0
5934,57,14,25,0
5935,57,14,25,0
5936,57,14,25,0
5937,57,14,25,0
5938,57,14,25,0
5939,57,14,25,0
5940,57,14,25,0
5941,57,14,25,0
5942,57,14,25,0
5943,57,14,25,0
5944,57,14,25,0
5945,57,14,25,0
5946,57,14,25,0
5947,57,14,25,0
5948,57,14,25,0
5949,57,14,25,0
5950,57,14,25,0
5951,57,14,25,0
5952,57,14,25,0
5953,57,14,25,0
5954,57,14,25,0
5955,57,14,25,0
5956,57,14,25,0
5957,57,14,25,0
5958,57,14,25,0
5959,57,14,25,0
5960,57,14,25,0
5961,57,14,25,0
5962,57,14,25,0
5963,57,14,25,0
5964,57,14,25,0
5965,57,14,25,0
5966,57,14,25,0
5967,57,14,25,0
5968,57,14,25,0
5969,57,14,25,0
5970,57,14,25,0
5971,57,14,25,0
5972,57,14,25,0
5973,57,14,25,0
5974,57,14,25,0
5975,57,14,25,0
5976,57,14,25,0
5977,57,14,25,0
5978,57,14,25,0
5979,57,14,25,0
5980,57,14,25,0
5981,57,14,25,0
5982,57,14,25,0
5983,57,14,25,0
5984,57,14,25,0
5985,57,14,25,0
5986,57,14,25,0
5987,57,14,25,0
5988,57,14,25,0
5989,57,14,25,0
5990,57,14,25,0
5991,57,14,25,0
5992,57,14,25,0
5993,57,14,25,0
5994,57,14,25,0
5995,57,14,25,0
5996,57,14,25,0
5997,57,14,25,0
5998,57,14,25,0
5999,57,14,25,0
6000,57,14,25,0
6001,57,14,25,0
6002,57,14,25,0
6003,57,14,25,0
6004,57,14,25,0
6005,57,14,25,0
6006,57,14,25,0
6007,57,14,25,0
6008,57,14,25,0
6009,57,14,25,0
6010,57,14,25,0
6011,57,14,25,0
6012,57,14,25,0
6013,57,14,25,0
6014,57,14,25,0
6015,57,14,25,0
6016,57,14,25,0
6017,57,14,25,0
6018,57,14,25,0
6019,57,14,25,0
6020,57,14,25,0
6021,57,14,25,0
6022,57,14,25,0
6023,57,14,25,0
6024,57,14,25,0
6025,57,14,25,0
6026,57,14,25,0
6027,57,14,25,0
6028,57,14,25,0
6029,57,14,25,0
6030,57,14,25,0
6031,57,14,25,0
6032,57,14,25,0
6033,57,14,25,0
6034,57,14,25,0
6035,57,14,25,0
6036,57,14,25,0
6037,57,14,25,0
6038,57,14,25,0
6039,57,14,25,0
6040,57,14,25,0
6041,57,14,25,0
6042,57,14,25,0
6043,57,14,25,0
6044,57,14,25,0
6045,57,14,25,0
6046,57,14,25,0
6047,57,14,25,0
6048,57,14,25,0
6049,57,14,25,0
6050,57,14,25,0
6051,57,14,25,0
6052,57,14,25,0
6053,57,14,25,0
6054,57,14,25,0
6055,57,14,25,0
6056,57,14,25,0
6057,57,14,25,0
6058,57,14,25,0
6059,57,14,25,0
6060,57,14,25,0
6061,57,14,25,0
6062,57,14,25,0
6063,57,14,25,0
6064,57,14,25,0
6065,57,14,25,0
6066,57,14,25,0
6067,57,14,25,0
6068,57,14,25,0
6069,57,14,25,0
6070,57,14,25,0
6071,57,14,25,0
6072,57,14,25,0
6073,57,14,25,0
6074,57,14,25,0
6075,57,14,25,0
6076,57,14,25,0
6077,57,14,25,0
6078,57,14,25,0
6079,57,14,25,0
6080,57,14,25,0
6081,57,14,25,0
6082,57,14,25,0
6083,57,14,25,0
6084,57,14,25,0
6085,57,14,25,0
6086,57,14,25,0
6087,57,14,25,0
6088,57,14,25,0
6089,57,14,25,0
6090,57,14,25,0
6091,57,14,25,0
6092,57,14,25,0
6093,57,14,25,0
6094,57,14,25,0
6095,57,14,25,0
6096,57,14,25,0
6097,57,14,25,0
6098,57,14,25,0
6099,57,14,25,0
6100,57,14,25,0
6101,57,14,25,0
6102,57,14,25,0
6103,57,14,25,0
6104,57,14,25,0
6105,57,14,25,0
6106,57,14,25,0
6107,57,14,25,0
6108,57,14,25,0
6109,57,14,25,0
6110,57,14,25,0
6111,57,14,25,0
6112,57,14,25,0
6113,57,14,25,0
6114,57,14,25,0
6115,57,14,25,0
6116,57,14,25,0
6117,57,14,25,0
6118,57,14,25,0
6119,57,14,25,0
6120,57,14,25,0
6121,57,14,25,0
6122,57,14,25,0
6123,57,14,25,0
6124,57,14,25,0
6125,57,14,25,0
6126,57,14,25,0
6127,57,14,25,0
6128,57,14,25,0
6129,57,14,25,0
6130,57,14,25,0
6131,57,14,25,0
6132,57,14,25,0
6133,57,14,25,0
6134,57,14,25,0
6135,57,14,25,0
6136,57,14,25,0
6137,57,14,25,0
6138,57,14,25,0
6139,57,14,25,0
6140,57,14,25,0
6141,57,14,25,0
6142,57,14,25,0
6143,57,14,25,0
6144,57,14,25,0
6145,57,14,25,0
6146,57,14,25,0
6147,57,14,25,0
6148,57,14,25,0
6149,57,14,25,0
6150,57,14,25,0
6151,57,14,25,0
6152,57,14,25,0
6153,57,14,25,0
6154,57,14,25,0
6155,57,14,25,0
6156,57,14,25,0
6157,57,14,25,0
6158,57,14,25,0
6159,57,14,25,0
6160,57,14,25,0
6161,57,14,25,0
6162,57,14,25,0
6163,57,14,25,0
6164,57,14,25,0
6165,57,14,25,0
6166,57,14,25,0
6167,57,14,25,0
6168,57,14,25,0
6169,57,14,25,0
6170,57,14,25,0
6171,57,14,25,0
6172,57,14,25,0
6173,57,14,25,0
6174,57,14,25,0
6175,57,14,25,0
6176,57,14,25,0
6177,57,14,25,0
6178,57,14,25,0
6179,57,14,25,0
6180,57,14,25,0
6181,57,14,25,0
6182,57,14,25,0
6183,57,14,25,0
6184,57,14,25,0
6185,57,14,25,0
6186,57,14,25,0
6187,57,14,25,0
6188,57,14,25,0
6189,57,14,25,0
6190,57,14,25,0
6191,57,14,25,0
6192,57,14,25,0
6193,57,14,25,0
6194,57,14,25,0
6195,57,14,25,0
6196,57,14,25,0
6197,57,14,25,0
6198,57,14,25,0
6199,57,14,25,0
6200,57,14,25,0
6201,57,14,25,0
6202,57,14,25,0
6203,57,14,25,0
6204,57,14,25,0
6205,57,14,25,0
6206,57,14,25,0
6207,57,14,25,0
6208,57,14,25,0
6209,57,14,25,0
6210,57,14,25,0
6211,57,14,25,0
6212,57,14,25,0
6213,57,14,25,0
6214,57,14,25,0
6215,57,14,25,0
6216,57,14,25,0
6217,57,14,25,0
6218,57,14,25,0
6219,57,14,25,0
6220,57,14,25,0
6221,57,14,25,0
6222,57,14,25,0
6223,57,14,25,0
6224,57,14,25,0
6225,57,14,25,0
6226,57,14,25,0
6227,57,14,25,0
6228,57,14,25,0
6229,57,14,25,0
6230,57,14,25,0
6231,57,14,25,0
6232,57,14,25,0
6233,57,14,25,0
6234,57,14,25,0
6235,57,14,25,0
6236,57,14,25,0
6237,57,14,25,0
6238,57,14,25,0
6239,57,14,25,0
6240,57,14,25,0
6241,57,14,25,0
6242,57,14,25,0
6243,57,14,25,0
6244,57,14,25,0
6245,57,14,25,0
6246,57,14,25,0
6247,57,14,25,0
6248,57,14,25,0
6249,57,14,25,0
6250,57,14,25,0
6251,57,14,25,0
6252,57,14,25,0
6253,57,14,25,0
6254,57,14,25,0
6255,57,14,25,0
6256,57,14,25,0
6257,57,14,25,0
6258,57,14,25,0
6259,57,14,25,0
6260,57,14,25,0
6261,57,14,25,0
6262,57,14,25,0
6263,57,14,25,0
6264,57,14,25,0
6265,57,14,25,0
6266,57,14,25,0
6267,57,14,25,0
6268,57,14,25,0
6269,57,14,25,0
6270,57,14,25,0
6271,57,14,25,0
6272,57,14,25,0
6273,57,14,25,0
6274,57,14,25,0
6275,57,14,25,0
6276,57,14,25,0
6277,57,14,25,0
6278,57,14,25,0
6279,57,14,25,0
6280,57,14,25,0
6281,57,14,25,0
6282,57,14,25,0
6283,57,14,25,0
6284,57,14,25,0
6285,57,14,25,0
6286,57,14,25,0
6287,57,14,25,0
6288,57,14,25,0
6289,57,14,25,0
6290,57,14,25,0
6291,57,14,25,0
6292,57,14,25,0
6293,57,14,25,0
6294,57,14,25,0
6295,57,14,25,0
6296,57,14,25,0
6297,57,14,25,0
6298,57,14,25,0
6299,57,14,25,0
6300,57,14,25,0
6301,57,14,25,0
6302,57,14,25,0
6303,57,14,25,0
6304,57,14,25,0
6305,57,14,25,0
6306,57,14,25,0
6307,57,14,25,0
6308,57,14,25,0
6309,57,14,25,0
6310,57,14,25,0
6311,57,14,25,0
6312,57,14,25,0
6313,57,14,25,0
6314,57,14,25,0
6315,57,14,25,0
6316,57,14,25,0
6317,57,14,25,0
6318,57,14,25,0
6319,57,14,25,0
6320,57,14,25,0
6321,57,14,25,0
6322,57,14,25,0
6323,57,14,25,0
6324,57,14,25,0
6325,57,14,25,0
6326,57,14,25,0
6327,57,14,25,0
6328,57,14,25,0
6329,57,14,25,0
6330,57,14,25,0
6331,57,14,25,0
6332,57,14,25,0
6333,57,14,25,0
6334,57,14,25,0
6335,57,14,25,0
6336,57,14,25,0
6337,57,14,25,0
6338,57,14,25,0
6339,57,14,25,0
6340,57,14,25,0
6341,57,14,25,0
6342,57,14,25,0
6343,57,14,25,0
6344,57,14,25,0
6345,57,14,25,0
6346,57,14,25,0
6347,57,14,25,0
6348,57,14,25,0
6349,57,14,25,0
6350,57,14,25,0
6351,57,14,25,0
6352,57,14,25,0
6353,57,14,25,0
6354,57,14,25,0
6355,57,14,25,0
6356,57,14,25,0
6357,57,14,25,0
6358,57,14,25,0
6359,57,14,25,0
6360,57,14,25,0
6361,57,14,25,0
6362,57,14,25,0
6363,57,14,25,0
6364,57,14,25,0
6365,57,14,25,0
6366,57,14,25,0
6367,57,14,25,0
6368,57,14,25,0
6369,57,14,25,0
6370,57,14,25,0
6371,57,14,25,0
6372,57,14,25,0
6373,57,14,25,0
6374,57,14,25,0
6375,57,14,25,0
6376,57,14,25,0
6377,57,14,25,0
6378,57,14,25,0
6379,57,14,25,0
6380,57,14,25,0
6381,57,14,25,0
6382,57,14,25,0
6383,57,14,25,0
6384,57,14,25,0
6385,57,14,25,0
6386,57,14,25,0
6387,57,14,25,0
6388,57,14,25,0
6389,57,14,25,0
6390,57,14,25,0
6391,57,14,25,0
6392,57,14,25,0
6393,57,14,25,0
6394,57,14,25,0
6395,57,14,25,0
6396,57,14,25,0
6397,57,14,25,0
6398,57,14,25,0
6399,57,14,25,0
6400,57,14,25,0
6401,57,14,25,0
6402,57,14,25,0
6403,57,14,25,0
6404,57,14,25,0
6405,57,14,25,0
6406,57,14,25,0
6407,57,14,25,0
6408,57,14,25,0
6409,57,14,25,0
6410,57,14,25,0
6411,57,14,25,0
6412,57,14,25,0
6413,57,14,25,0
6414,57,14,25,0
6415,57,14,25,0
6416,57,14,25,0
6417,57,14,25,0
6418,57,14,25,0
6419,57,14,25,0
6420,57,14,25,0
6421,57,14,25,0
6422,57,14,25,0
6423,57,14,25,0
6424,57,14,25,0
6425,57,14,25,0
6426,57,14,25,0
6427,57,14,25,0
6428,57,14,25,0
6429,57,14,25,0
6430,57,14,25,0
6431,57,14,25,0
6432,57,14,25,0
6433,57,14,25,0
6434,57,14,25,0
6435,57,14,25,0
6436,57,14,25,0
6437,57,14,25,0
6438,57,14,25,0
6439,57,14,25,0
6440,57,14,25,0
6441,57,14,25,0
6442,57,14,25,0
6443,57,14,25,0
6444,57,14,25,0
6445,57,14,25,0
6446,57,14,25,0
6447,57,14,25,0
6448,57,14,25,0
6449,57,14,25,0
6450,57,14,25,0
6451,57,14,25,0
6452,57,14,25,0
6453,57,14,25,0
6454,57,14,25,0
6455,57,14,25,0
6456,57,14,25,0
6457,57,14,25,0
6458,57,14,25,0
6459,57,14,25,0
6460,57,14,25,0
6461,57,14,25,0
6462,57,14,25,0
6463,57,14,25,0
6464,57,14,25,0
6465,57,14,25,0
6466,57,14,25,0
6467,57,14,25,0
6468,57,14,25,0
6469,57,14,25,0
6470,57,14,25,0
6471,57,14,25,0
6472,57,14,25,0
6473,57,14,25,0
6474,57,14,25,0
6475,57,14,25,0
6476,57,14,25,0
6477,57,14,25,0
6478,57,14,25,0
6479,57,14,25,0
6480,57,14,25,0
6481,57,14,25,0
6482,57,14,25,0
6483,57,14,25,0
6484,57,14,25,0
6485,57,14,25,0
6486,57,14,25,0
6487,57,14,25,0
6488,57,14,25,0
6489,57,14,25,0
6490,57,14,25,0
6491,57,14,25,0
6492,57,14,25,0
6493,57,14,25,0
6494,57,14,25,0
6495,57,14,25,0
6496,57,14,25,0
6497,57,14,25,0
6498,57,14,25,0
6499,57,14,25,0
6500,57,14,25,0
6501,57,14,25,0
6502,57,14,25,0
6503,57,14,25,0
6504,57,14,25,0
6505,57,14,25,0
6506,57,14,25,0
6507,57,14,25,0
6508,57,14,25,0
6509,57,14,25,0
6510,57,14,25,0
6511,57,14,25,0
6512,57,14,25,0
6513,57,14,25,0
6514,57,14,25,0
6515,57,14,25,0
6516,57,14,25,0
6517,57,14,25,0
6518,57,14,25,0
6519,57,14,25,0
6520,57,14,25,0
6521,57,14,25,0
6522,57,14,25,0
6523,57,14,25,0
6524,57,14,25,0
6525,57,14,25,0
6526,57,14,25,0
6527,57,14,25,0
6528,57,14,25,0
6529,57,14,25,0
6530,57,14,25,0
6531,57,14,25,0
6532,57,14,25,0
6533,57,14,25,0
6534,57,14,25,0
6535,57,14,25,0
6536,57,14,25,0
6537,57,14,25,0
6538,57,14,25,0
6539,57,14,25,0
6540,57,14,25,0
6541,57,14,25,0
6542,57,14,25,0
6543,57,14,25,0
6544,57,14,25,0
6545,57,14,25,0
6546,57,14,25,0
6547,57,14,25,0
6548,57,14,25,0
6549,57,14,25,0
6550,57,14,25,0
6551,57,14,25,0
6552,57,14,25,0
6553,57,14,25,0
6554,57,14,25,0
6555,57,14,25,0
6556,57,14,25,0
6557,57,14,25,0
6558,57,14,25,0
6559,57,14,25,0
6560,57,14,25,0
6561,57,14,25,0
6562,57,14,25,0
6563,57,14,25,0
6564,57,14,25,0
6565,57,14,25,0
6566,57,14,25,0
6567,57,14,25,0
6568,57,14,25,0
6569,57,14,25,0
6570,57,14,25,0
6571,57,14,25,0
6572,57,14,25,0
6573,57,14,25,0
6574,57,14,25,0
6575,57,14,25,0
6576,57,14,25,0
6577,57,14,25,0
6578,57,14,25,0
6579,57,14,25,0
6580,57,14,25,0
6581,57,14,25,0
6582,57,14,25,0
6583,57,14,25,0
6584,57,14,25,0
6585,57,14,25,0
6586,57,14,25,0
6587,57,14,25,0
6588,57,14,25,0
6589,57,14,25,0
6590,57,14,25,0
6591,57,14,25,0
6592,57,14,25,0
6593,57,14,25,0
6594,57,14,25,0
6595,57,14,25,0
6596,57,14,25,0
6597,57,14,25,0
6598,57,14,25,0
6599,57,14,25,0
6600,57,14,25,0
6601,57,14,25,0
6602,57,14,25,0
6603,57,14,25,0
6604,57,14,25,0
6605,57,14,25,0
6606,57,14,25,0
6607,57,14,25,0
6608,57,14,25,0
6609,57,14,25,0
6610,57,14,25,0
6611,57,14,25,0
6612,57,14,25,0
6613,57,14,25,0
6614,57,14,25,0
6615,57,14,25,0
6616,57,14,25,0
6617,57,14,25,0
6618,57,14,25,0
6619,57,14,25,0
6620,57,14,25,0
6621,57,14,25,0
6622,57,14,25,0
6623,57,14,25,0
6624,57,14,25,0
6625,57,14,25,0
6626,57,14,25,0
6627,57,14,25,0
6628,57,14,25,0
6629,57,14,25,0
6630,57,14,25,0
6631,57,14,25,0
6632,57,14,25,0
6633,57,14,25,0
6634,57,14,25,0
6635,57,14,25,0
6636,57,14,25,0
6637,57,14,25,0
6638,57,14,25,0
6639,57,14,25,0
6640,57,14,25,0
6641,57,14,25,0
6642,57,14,25,0
6643,57,14,25,0
6644,57,14,25,0
6645,57,14,25,0
6646,57,14,25,0
6647,57,14,25,0
6648,57,14,25,0
6649,57,14,25,0
6650,57,14,25,0
6651,57,14,25,0
6652,57,14,25,0
6653,57,14,25,0
6654,57,14,25,0
6655,57,14,25,0
6656,57,14,25,0
6657,57,14,25,0
6658,57,14,25,0
6659,57,14,25,0
6660,57,14,25,0
6661,57,14,25,0
6662,57,14,25,0
6663,57,14,25,0
6664,57,14,25,0
6665,57,14,25,0
6666,57,14,25,0
6667,57,14,25,0
6668,57,14,25,0
6669,57,14,25,0
6670,57,14,25,0
6671,57,14,25,0
6672,57,14,25,0
6673,57,14,25,0
6674,57,14,25,0
6675,57,14,25,0
6676,57,14,25,0
6677,57,14,25,0
6678,57,14,25,0
6679,57,14,25,0
6680,57,14,25,0
6681,57,14,25,0
6682,57,14,25,0
6683,57,14,25,0
6684,57,14,25,0
6685,57,14,25,0
6686,57,14,25,0
6687,57,14,25,0
6688,57,14,25,0
6689,57,14,25,0
6690,57,14,25,0
6691,57,14,25,0
6692,57,14,25,0
6693,57,14,25,0
6694,57,14,25,0
6695,57,14,25,0
6696,57,14,25,0
6697,57,14,25,0
6698,57,14,25,0
6699,57,14,25,0
6700,57,14,25,0
6701,57,14,25,0
6702,57,14,25,0
6703,57,14,25,0
6704,57,14,25,0
6705,57,14,25,0
6706,57,14,25,0
6707,57,14,25,0
6708,57,14,25,0
6709,57,14,25,0
6710,57,14,25,0
6711,57,14,25,0
6712,57,14,25,0
6713,57,14,25,0
6714,57,14,25,0
6715,57,14,25,0
6716,57,14,25,0
6717,57,14,25,0
6718,57,14,25,0
6719,57,14,25,0
6720,57,14,25,0
6721,57,14,25,0
6722,57,14,25,0
6723,57,14,25,0
6724,57,14,25,0
6725,57,14,25,0
6726,57,14,25,0
6727,57,14,25,0
6728,57,14,25,0
6729,57,14,25,0
6730,57,14,25,0
6731,57,14,25,0
6732,57,14,25,0
6733,57,14,25,0
6734,57,14,25,0
6735,57,14,25,0
6736,57,14,25,0
6737,57,14,25,0
6738,57,14,25,0
6739,57,14,25,0
6740,57,14,25,0
6741,57,14,25,0
6742,57,14,25,0
6743,57,14,25,0
6744,57,14,25,0
6745,57,14,25,0
6746,57,14,25,0
6747,57,14,25,0
6748,57,14,25,0
6749,57,14,25,0
6750,57,14,25,0
6751,57,14,25,0
6752,57,14,25,0
6753,57,14,25,0
6754,57,14,25,0
6755,57,14,25,0
6756,57,14,25,0
6757,57,14,25,0
6758,57,14,25,0
6759,57,14,25,0
6760,57,14,25,0
6761,57,14,25,0
6762,57,14,25,0
6763,57,14,25,0
6764,57,14,25,0
6765,57,14,25,0
6766,57,14,25,0
6767,57,14,25,0
6768,57,14,25,0
6769,57,14,25,0
6770,57,14,25,0
6771,57,14,25,0
6772,57,14,25,0
6773,57,14,25,0
6774,57,14,25,0
6775,57,14,25,0
6776,57,14,25,0
6777,57,14,25,0
6778,57,14,25,0
6779,57,14,25,0
6780,57,14,25,0
6781,57,14,25,0
6782,57,14,25,0
6783,57,14,25,0
6784,57,14,25,0
6785,57,14,25,0
6786,57,14,25,0
6787,57,14,25,0
6788,57,14,25,0
6789,57,14,25,0
6790,57,14,25,0
6791,57,14,25,0
6792,57,14,25,0
6793,57,14,25,0
6794,57,14,25,0
6795,57,14,25,0
6796,57,14,25,0
6797,57,14,25,0
6798,57,14,25,0
6799,57,14,25,0
6800,57,14,25,0
6801,57,14,25,0
6802,57,14,25,0
6803,57,14,25,0
6804,57,14,25,0
6805,57,14,25,0
6806,57,14,25,0
6807,57,14,25,0
6808,57,14,25,0
6809,57,14,25,0
6810,57,14,25,0
6811,57,14,25,0
6812,57,14,25,0
6813,57,14,25,0
6814,57,14,25,0
6815,57,14,25,0
6816,57,14,25,0
6817,57,14,25,0
6818,57,14,25,0
6819,57,14,25,0
6820,57,14,25,0
6821,57,14,25,0
6822,57,14,25,0
6823,57,14,25,0
6824,57,14,25,0
6825,57,14,25,0
6826,57,14,25,0
6827,57,14,25,0
6828,57,14,25,0
6829,57,14,25,0
6830,57,14,25,0
6831,57,14,25,0
6832,57,14,25,0
6833,57,14,25,0
6834,57,14,25,0
6835,57,14,25,0
6836,57,14,25,0
6837,57,14,25,0
6838,57,14,25,0
6839,57,14,25,0
6840,57,14,25,0
6841,57,14,25,0
6842,57,14,25,0
6843,57,14,25,0
6844,57,14,25,0
6845,57,14,25,0
6846,57,14,25,0
6847,57,14,25,0
6848,57,14,25,0
6849,57,14,25,0
6850,57,14,25,0
6851,57,14,25,0
6852,57,14,25,0
6853,57,14,25,0
6854,57,14,25,0
6855,57,14,25,0
6856,57,14,25,0
6857,57,14,25,0
6858,57,14,25,0
6859,57,14,25,0
6860,57,14,25,0
6861,57,14,25,0
6862,57,14,25,0
6863,57,14,25,0
6864,57,14,25,0
6865,57,14,25,0
6866,57,14,25,0
6867,57,14,25,0
6868,57,14,25,0
6869,57,14,25,0
6870,57,14,25,0
6871,57,14,25,0
6872,57,14,25,0
6873,57,14,25,0
6874,57,14,25,0
6875,57,14,25,0
6876,57,14,25,0
6877,57,14,25,0
6878,57,14,25,0
6879,57,14,25,0
6880,57,14,25,0
6881,57,14,25,0
6882,57,14,25,0
6883,57,14,25,0
6884,57,14,25,0
6885,57,14,25,0
6886,57,14,25,0
6887,57,14,25,0
6888,57,14,25,0
6889,57,14,25,0
6890,57,14,25,0
6891,57,14,25,0
6892,57,14,25,0
6893,57,14,25,0
6894,57,14,25,0
6895,57,14,25,0
6896,57,14,25,0
6897,57,14,25,0
6898,57,14,25,0
6899,57,14,25,0
6900,57,14,25,0
6901,57,14,25,0
6902,57,14,25,0
6903,57,14,25,0
6904,57,14,25,0
6905,57,14,25,0
6906,57,14,25,0
6907,57,14,25,0
6908,57,14,25,0
6909,57,14,25,0
6910,57,14,25,0
6911,57,14,25,0
6912,57,14,25,0
6913,57,14,25,0
6914,57,14,25,0
6915,57,14,25,0
6916,57,14,25,0
6917,57,14,25,0
6918,57,14,25,0
6919,57,14,25,0
6920,57,14,25,0
6921,57,14,25,0
6922,57,14,25,0
6923,57,14,25,0
6924,57,14,25,0
6925,57,14,25,0
6926,57,14,25,0
6927,57,14,25,0
6928,57,14,25,0
6929,57,14,25,0
6930,57,14,25,0
6931,57,14,25,0
6932,57,14,25,0
6933,57,14,25,0
6934,57,14,25,0
6935,57,14,25,0
6936,57,14,25,0
6937,57,14,25,0
6938,57,14,25,0
6939,57,14,25,0
6940,57,14,25,0
6941,57,14,25,0
6942,57,14,25,0
6943,57,14,25,0
6944,57,14,25,0
6945,57,14,25,0
6946,57,14,25,0
6947,57,14,25,0
6948,57,14,25,0
6949,57,14,25,0
6950,57,14,25,0
6951,57,14,25,0
6952,57,14,25,0
6953,57,14,25,0
6954,57,14,25,0
6955,57,14,25,0
6956,57,14,25,0
6957,57,14,25,0
6958,57,14,25,0
6959,57,14,25,0
6960,57,14,25,0
6961,57,14,25,0
6962,57,14,25,0
6963,57,14,25,0
6964,57,14,25,0
6965,57,14,25,0
6966,57,14,25,0
6967,57,14,25,0
6968,57,14,25,0
6969,57,14,25,0
6970,57,14,25,0
6971,57,14,25,0
6972,57,14,25,0
6973,57,14,25,0
6974,57,14,25,0
6975,57,14,25,0
6976,57,14,25,0
6977,57,14,25,0
6978,57,14,25,0
6979,57,14,25,0
6980,57,14,25,0
6981,57,14,25,0
6982,57,14,25,0
6983,57,14,25,0
6984,57,14,25,0
6985,57,14,25,0
6986,57,14,25,0
6987,57,14,25,0
6988,57,14,25,0
6989,57,14,25,0
6990,57,14,25,0
6991,57,14,25,0
6992,57,14,25,0
6993,57,14,25,0
6994,57,14,25,0
6995,57,14,25,0
6996,57,14,25,0
6997,57,14,25,0
6998,57,14,25,0
6999,57,14,25,0
7000,57,14,25,0
7001,57,14,25,0
7002,57,14,25,0
7003,57,14,25,0
7004,57,14,25,0
7005,57,14,25,0
7006,57,14,25,0
7007,57,14,25,0
7008,57,14,25,0
7009,57,14,25,0
7010,57,14,25,0
7011,57,14,25,0
7012,57,14,25,0
7013,57,14,25,0
7014,57,14,25,0
7015,57,14,25,0
7016,57,14,25,0
7017,57,14,25,0
7018,57,14,25,0
7019,57,14,25,0
7020,57,14,25,0
7021,57,14,25,0
7022,57,14,25,0
7023,57,14,25,0
7024,57,14,25,0
7025,57,14,25,0
7026,57,14,25,0
7027,57,14,25,0
7028,57,14,25,0
7029,57,14,25,0
7030,57,14,25,0
7031,57,14,25,0
7032,57,14,25,0
7033,57,14,25,0
7034,57,14,25,0
7035,57,14,25,0
7036,57,14,25,0
7037,57,14,25,0
7038,57,14,25,0
7039,57,14,25,0
7040,57,14,25,0
7041,57,14,25,0
7042,57,14,25,0
7043,57,14,25,0
7044,57,14,25,0
7045,57,14,25,0
7046,57,14,25,0
7047,57,14,25,0
7048,57,14,25,0
7049,57,14,25,0
7050,57,14,25,0
7051,57,14,25,0
7052,57,14,25,0
7053,57,14,25,0
7054,57,14,25,0
7055,57,14,25,0
7056,57,14,25,0
7057,57,14,25,0
7058,57,14,25,0
7059,57,14,25,0
7060,57,14,25,0
7061,57,14,25,0
7062,57,14,25,0
7063,57,14,25,0
7064,57,14,25,0
7065,57,14,25,0
7066,57,14,25,0
7067,57,14,25,0
7068,57,14,25,0
7069,57,14,25,0
7070,57,14,25,0
7071,57,14,25,0
7072,57,14,25,0
7073,57,14,25,0
7074,57,14,25,0
7075,57,14,25,0
7076,57,14,25,0
7077,57,14,25,0
7078,57,14,25,0
7079,57,14,25,0
7080,57,14,25,0
7081,57,14,25,0
7082,57,14,25,0
7083,57,14,25,0
7084,57,14,25,0
7085,57,14,25,0
7086,57,14,25,0
7087,57,14,25,0
7088,57,14,25,0
7089,57,14,25,0
7090,57,14,25,0
7091,57,14,25,0
7092,57,14,25,0
7093,57,14,25,0
7094,57,14,25,0
7095,57,14,25,0
7096,57,14,25,0
7097,57,14,25,0
7098,57,14,25,0
7099,57,14,25,0
7100,57,14,25,0
7101,57,14,25,0
7102,57,14,25,0
7103,57,14,25,0
7104,57,14,25,0
7105,57,14,25,0
7106,57,14,25,0
7107,57,14,25,0
7108,57,14,25,0
7109,57,14,25,0
7110,57,14,25,0
7111,57,14,25,0
7112,57,14,25,0
7113,57,14,25,0
7114,57,14,25,0
7115,57,14,25,0
7116,57,14,25,0
7117,57,14,25,0
7118,57,14,25,0
7119,57,14,25,0
7120,57,14,25,0
7121,57,14,25,0
7122,57,14,25,0
7123,57,14,25,0
7124,57,14,25,0
7125,57,14,25,0
7126,57,14,25,0
7127,57,14,25,0
7128,57,14,25,0
7129,57,14,25,0
7130,57,14,25,0
7131,57,14,25,0
7132,57,14,25,0
7133,57,14,25,0
7134,57,14,25,0
7135,57,14,25,0
7136,57,14,25,0
7137,57,14,25,0
7138,57,14,25,0
7139,57,14,25,0
7140,57,14,25,0
7141,57,14,25,0
7142,57,14,25,0
7143,57,14,25,0
7144,57,14,25,0
7145,57,14,25,0
7146,57,14,25,0
7147,57,14,25,0
7148,57,14,25,0
7149,57,14,25,0
7150,57,14,25,0
7151,57,14,25,0
7152,57,14,25,0
7153,57,14,25,0
7154,57,14,25,0
7155,57,14,25,0
7156,57,14,25,0
7157,57,14,25,0
7158,57,14,25,0
7159,57,14,25,0
7160,57,14,25,0
7161,57,14,25,0
7162,57,14,25,0
7163,57,14,25,0
7164,57,14,25,0
7165,57,14,25,0
7166,57,14,25,0
7167,57,14,25,0
7168,57,14,25,0
7169,57,14,25,0
7170,57,14,25,0
7171,57,14,25,0
7172,57,14,25,0
7173,57,14,25,0
7174,57,14,25,0
7175,57,14,25,0
7176,57,14,25,0
7177,57,14,25,0
7178,57,14,25,0
7179,57,14,25,0
7180,57,14,25,0
7181,57,14,25,0
7182,57,14,25,0
7183,57,14,25,0
7184,57,14,25,0
7185,57,14,25,0
7186,57,14,25,0
7187,57,14,25,0
7188,57,14,25,0
7189,57,14,25,0
7190,57,14,25,0
7191,57,14,25,0
7192,57,14,25,0
7193,57,14,25,0
7194,57,14,25,0
7195,57,14,25,0
7196,57,14,25,0
7197,57,14,25,0
7198,57,14,25,0
7199,57,14,25,0
7200,57,14,25,0
7201,57,14,25,0
7202,57,14,25,0
7203,57,14,25,0
7204,57,14,25,0
7205,57,14,25,0
7206,57,14,25,0
7207,57,14,25,0
7208,57,14,25,0
7209,57,14,25,0
7210,57,14,25,0
7211,57,14,25,0
7212,57,14,25,0
7213,57,14,25,0
7214,57,14,25,0
7215,57,14,25,0
7216,57,14,25,0
7217,57,14,25,0
7218,57,14,25,0
7219,57,14,25,0
7220,57,14,25,0
7221,57,14,25,0
7222,57,14,25,0
7223,57,14,25,0
7224,57,14,25,0
7225,57,14,25,0
7226,57,14,25,0
7227,57,14,25,0
7228,57,14,25,0
7229,57,14,25,0
7230,57,14,25,0
7231,57,14,25,0
7232,57,14,25,0
7233,57,14,25,0
7234,57,14,25,0
7235,57,14,25,0
7236,57,14,25,0
7237,57,14,25,0
7238,57,14,25,0
7239,57,14,25,0
7240,57,14,25,0
7241,57,14,25,0
7242,57,14,25,0
7243,57,14,25,0
7244,57,14,25,0
7245,57,14,25,0
7246,57,14,25,0
7247,57,14,25,0
7248,57,14,25,0
7249,57,14,25,0
7250,57,14,25,0
7251,57,14,25,0
7252,57,14,25,0
7253,57,14,25,0
7254,57,14,25,0
7255,57,14,25,0
7256,57,14,25,0
7257,57,14,25,0
7258,57,14,25,0
7259,57,14,25,0
7260,57,14,25,0
7261,57,14,25,0
7262,57,14,25,0
7263,57,14,25,0
7264,57,14,25,0
7265,57,14,25,0
7266,57,14,25,0
7267,57,14,25,0
7268,57,14,25,0
7269,57,14,25,0
7270,57,14,25,0
7271,57,14,25,0
7272,57,14,25,0
7273,57,14,25,0
7274,57,14,25,0
7275,57,14,25,0
7276,57,14,25,0
7277,57,14,25,0
7278,57,14,25,0
7279,57,14,25,0
7280,57,14,25,0
7281,57,14,25,0
7282,57,14,25,0
7283,57,14,25,0
7284,57,14,25,0
7285,57,14,25,0
7286,57,14,25,0
7287,57,14,25,0
7288,57,14,25,0
7289,57,14,25,0
7290,57,14,25,0
7291,57,14,25,0
7292,57,14,25,0
7293,57,14,25,0
7294,57,14,25,0
7295,57,14,25,0
7296,57,14,25,0
7297,57,14,25,0
7298,57,14,25,0
7299,57,14,25,0
7300,57,14,25,0
7301,57,14,25,0
7302,57,14,25,0
7303,57,14,25,0
7304,57,14,25,0
7305,57,14,25,0
7306,57,14,25,0
7307,57,14,25,0
7308,57,14,25,0
7309,57,14,25,0
7310,57,14,25,0
7311,57,14,25,0
7312,57,14,25,0
7313,57,14,25,0
7314,57,14,25,0
7315,57,14,25,0
7316,57,14,25,0
7317,57,14,25,0
7318,57,14,25,0
7319,57,14,25,0
7320,57,14,25,0
7321,57,14,25,0
7322,57,14,25,0
7323,57,14,25,0
7324,57,14,25,0
7325,57,14,25,0
7326,57,14,25,0
7327,57,14,25,0
7328,57,14,25,0
7329,57,14,25,0
7330,57,14,25,0
7331,57,14,25,0
7332,57,14,25,0
7333,57,14,25,0
7334,57,14,25,0
7335,57,14,25,0
7336,57,14,25,0
7337,57,14,25,0
7338,57,14,25,0
7339,57,14,25,0
7340,57,14,25,0
7341,57,14,25,0
7342,57,14,25,0
7343,57,14,25,0
7344,57,14,25,0
7345,57,14,25,0
7346,57,14,25,0
7347,57,14,25,0
7348,57,14,25,0
7349,57,14,25,0
7350,57,14,25,0
7351,57,14,25,0
7352,57,14,25,0
7353,57,14,25,0
7354,57,14,25,0
7355,57,14,25,0
7356,57,14,25,0
7357,57,14,25,0
7358,57,14,25,0
7359,57,14,25,0
7360,57,14,25,0
7361,57,14,25,0
7362,57,14,25,0
7363,57,14,25,0
7364,57,14,25,0
7365,57,14,25,0
7366,57,14,25,0
7367,57,14,25,0
7368,57,14,25,0
7369,57,14,25,0
7370,57,14,25,0
7371,57,14,25,0
7372,57,14,25,0
7373,57,14,25,0
7374,57,14,25,0
7375,57,14,25,0
7376,57,14,25,0
7377,57,14,25,0
7378,57,14,25,0
7379,57,14,25,0
7380,57,14,25,0
7381,57,14,25,0
7382,57,14,25,0
7383,57,14,25,0
7384,57,14,25,0
7385,57,14,25,0
7386,57,14,25,0
7387,57,14,25,0
7388,57,14,25,0
7389,57,14,25,0
7390,57,14,25,0
7391,57,14,25,0
7392,57,14,25,0
7393,57,14,25,0
7394,57,14,25,0
7395,57,14,25,0
7396,57,14,25,0
7397,57,14,25,0
7398,57,14,25,0
7399,57,14,25,0
7400,57,14,25,0
7401,57,14,25,0
7402,57,14,25,0
7403,57,14,25,0
7404,57,14,25,0
7405,57,14,25,0
7406,57,14,25,0
7407,57,14,25,0
7408,57,14,25,0
7409,57,14,25,0
7410,57,14,25,0
7411,57,14,25,0
7412,57,14,25,0
7413,57,14,25,0
7414,57,14,25,0
7415,57,14,25,0
7416,57,14,25,0
7417,57,14,25,0
7418,57,14,25,0
7419,57,14,25,0
7420,57,14,25,0
7421,57,14,25,0
7422,57,14,25,0
7423,57,14,25,0
7424,57,14,25,0
7425,57,14,25,0
7426,57,14,25,0
7427,57,14,25,0
7428,57,14,25,0
7429,57,14,25,0
7430,57,14,25,0
7431,57,14,25,0
7432,57,14,25,0
7433,57,14,25,0
7434,57,14,25,0
7435,57,14,25,0
7436,57,14,25,0
7437,57,14,25,0
7438,57,14,25,0
7439,57,14,25,0
7440,57,14,25,0
7441,57,14,25,0
7442,57,14,25,0
7443,57,14,25,0
7444,57,14,25,0
7445,57,14,25,0
7446,57,14,25,0
7447,57,14,25,0
7448,57,14,25,0
7449,57,14,25,0
7450,57,14,25,0
7451,57,14,25,0
7452,57,14,25,0
7453,57,14,25,0
7454,57,14,25,0
7455,57,14,25,0
7456,57,14,25,0
7457,57,14,25,0
7458,57,14,25,0
7459,57,14,25,0
7460,57,14,25,0
7461,57,14,25,0
7462,57,14,25,0
7463,57,14,25,0
7464,57,14,25,0
7465,57,14,25,0
7466,57,14,25,0
7467,57,14,25,0
7468,57,14,25,0
7469,57,14,25,0
7470,57,14,25,0
7471,57,14,25,0
7472,57,14,25,0
7473,57,14,25,0
7474,57,14,25,0
7475,57,14,25,0
7476,57,14,25,0
7477,57,14,25,0
7478,57,14,25,0
7479,57,14,25,0
7480,57,14,25,0
7481,57,14,25,0
7482,57,14,25,0
7483,57,14,25,0
7484,57,14,25,0
7485,57,14,25,0
7486,57,14,25,0
7487,57,14,25,0
7488,57,14,25,0
7489,57,14,25,0
7490,57,14,25,0
7491,57,14,25,0
7492,57,14,25,0
7493,57,14,25,0
7494,57,14,25,0
7495,57,14,25,0
7496,57,14,25,0
7497,57,14,25,0
7498,57,14,25,0
7499,57,14,25,0
7500,57,14,25,0
7501,57,14,25,0
7502,57,14,25,0
7503,57,14,25,0
7504,57,14,25,0
7505,57,14,25,0
7506,57,14,25,0
7507,57,14,25,0
7508,57,14,25,0
7509,57,14,25,0
7510,57,14,25,0
7511,57,14,25,0
7512,57,14,25,0
7513,57,14,25,0
7514,57,14,25,0
7515,57,14,25,0
7516,57,14,25,0
7517,57,14,25,0
7518,57,14,25,0
7519,57,14,25,0
7520,57,14,25,0
7521,57,14,25,0
7522,57,14,25,0
7523,57,14,25,0
7524,57,14,25,0
7525,57,14,25,0
7526,57,14,25,0
7527,57,14,25,0
7528,57,14,25,0
7529,57,14,25,0
7530,57,14,25,0
7531,57,14,25,0
7532,57,14,25,0
7533,57,14,25,0
7534,57,14,25,0
7535,57,14,25,0
7536,57,14,25,0
7537,57,14,25,0
7538,57,14,25,0
7539,57,14,25,0
7540,57,14,25,0
7541,57,14,25,0
7542,57,14,25,0
7543,57,14,25,0
7544,57,14,25,0
7545,57,14,25,0
7546,57,14,25,0
7547,57,14,25,0
7548,57,14,25,0
7549,57,14,25,0
7550,57,14,25,0
7551,57,14,25,0
7552,57,14,25,0
7553,57,14,25,0
7554,57,14,25,0
7555,57,14,25,0
7556,57,14,25,0
7557,57,14,25,0
7558,57,14,25,0
7559,57,14,25,0
7560,57,14,25,0
7561,57,14,25,0
7562,57,14,25,0
7563,57,14,25,0
7564,57,14,25,0
7565,57,14,25,0
7566,57,14,25,0
7567,57,14,25,0
7568,57,14,25,0
7569,57,14,25,0
7570,57,14,25,0
7571,57,14,25,0
7572,57,14,25,0
7573,57,14,25,0
7574,57,14,25,0
7575,57,14,25,0
7576,57,14,25,0
7577,57,14,25,0
7578,57,14,25,0
7579,57,14,25,0
7580,57,14,25,0
7581,57,14,25,0
7582,57,14,25,0
7583,57,14,25,0
7584,57,14,25,0
7585,57,14,25,0
7586,57,14,25,0
7587,57,14,25,0
7588,57,14,25,0
7589,57,14,25,0
7590,57,14,25,0
7591,57,14,25,0
7592,57,14,25,0
7593,57,14,25,0
7594,57,14,25,0
7595,57,14,25,0
7596,57,14,25,0
7597,57,14,25,0
7598,57,14,25,0
7599,57,14,25,0
7600,57,14,25,0
7601,57,14,25,0
7602,57,14,25,0
7603,57,14,25,0
7604,57,14,25,0
7605,57,14,25,0
7606,57,14,25,0
7607,57,14,25,0
7608,57,14,25,0
7609,57,14,25,0
7610,57,14,25,0
7611,57,14,25,0
7612,57,14,25,0
7613,57,14,25,0
7614,57,14,25,0
7615,57,14,25,0
7616,57,14,25,0
7617,57,14,25,0
7618,57,14,25,0
7619,57,14,25,0
7620,57,14,25,0
7621,57,14,25,0
7622,57,14,25,0
7623,57,14,25,0
7624,57,14,25,0
7625,57,14,25,0
7626,57,14,25,0
7627,57,14,25,0
7628,57,14,25,0
7629,57,14,25,0
7630,57,14,25,0
7631,57,14,25,0
7632,57,14,25,0
7633,57,14,25,0
7634,57,14,25,0
7635,57,14,25,0
7636,57,14,25,0
7637,57,14,25,0
7638,57,14,25,0
7639,57,14,25,0
7640,57,14,25,0
7641,57,14,25,0
7642,57,14,25,0
7643,57,14,25,0
7644,57,14,25,0
7645,57,14,25,0
7646,57,14,25,0
7647,57,14,25,0
7648,57,14,25,0
7649,57,14,25,0
7650,57,14,25,0
7651,57,14,25,0
7652,57,14,25,0
7653,57,14,25,0
7654,57,14,25,0
7655,57,14,25,0
7656,57,14,25,0
7657,57,14,25,0
7658,57,14,25,0
7659,57,14,25,0
7660,57,14,25,0
7661,57,14,25,0
7662,57,14,25,0
7663,57,14,25,0
7664,57,14,25,0
7665,57,14,25,0
7666,57,14,25,0
7667,57,14,25,0
7668,57,14,25,0
7669,57,14,25,0
7670,57,14,25,0
7671,57,14,25,0
7672,57,14,25,0
7673,57,14,25,0
7674,57,14,25,0
7675,57,14,25,0
7676,57,14,25,0
7677,57,14,25,0
7678,57,14,25,0
7679,57,14,25,0
7680,57,14,25,0
7681,57,14,25,0
7682,57,14,25,0
7683,57,14,25,0
7684,57,14,25,0
7685,57,14,25,0
7686,57,14,25,0
7687,57,14,25,0
7688,57,14,25,0
7689,57,14,25,0
7690,57,14,25,0
7691,57,14,25,0
7692,57,14,25,0
7693,57,14,25,0
7694,57,14,25,0
7695,57,14,25,0
7696,57,14,25,0
7697,57,14,25,0
7698,57,14,25,0
7699,57,14,25,0
7700,57,14,25,0
7701,57,14,25,0
7702,57,14,25,0
7703,57,14,25,0
7704,57,14,25,0
7705,57,14,25,0
7706,57,14,25,0
7707,57,14,25,0
7708,57,14,25,0
7709,57,14,25,0
7710,57,14,25,0
7711,57,14,25,0
7712,57,14,25,0
7713,57,14,25,0
7714,57,14,25,0
7715,57,14,25,0
7716,57,14,25,0
7717,57,14,25,0
7718,57,14,25,0
7719,57,14,25,0
7720,57,14,25,0
7721,57,14,25,0
7722,57,14,25,0
7723,57,14,25,0
7724,57,14,25,0
7725,57,14,25,0
7726,57,14,25,0
7727,57,14,25,0
7728,57,14,25,0
7729,57,14,25,0
7730,57,14,25,0
7731,57,14,25,0
7732,57,14,25,0
7733,57,14,25,0
7734,57,14,25,0
7735,57,14,25,0
7736,57,14,25,0
7737,57,14,25,0
7738,57,14,25,0
7739,57,14,25,0
7740,57,14,25,0
7741,57,14,25,0
7742,57,14,25,0
7743,57,14,25,0
7744,57,14,25,0
7745,57,14,25,0
7746,57,14,25,0
7747,57,14,25,0
7748,57,14,25,0
7749,57,14,25,0
7750,57,14,25,0
7751,57,14,25,0
7752,57,14,25,0
7753,57,14,25,0
7754,57,14,25,0
7755,57,14,25,0
7756,57,14,25,0
7757,57,14,25,0
7758,57,14,25,0
7759,57,14,25,0
7760,57,14,25,0
7761,57,14,25,0
7762,57,14,25,0
7763,57,14,25,0
7764,57,14,25,0
7765,57,14,25,0
7766,57,14,25,0
7767,57,14,25,0
7768,57,14,25,0
7769,57,14,25,0
7770,57,14,25,0
7771,57,14,25,0
7772,57,14,25,0
7773,57,14,25,0
7774,57,14,25,0
7775,57,14,25,0
7776,57,14,25,0
7777,57,14,25,0
7778,57,14,25,0
7779,57,14,25,0
7780,57,14,25,0
7781,57,14,25,0
7782,57,14,25,0
7783,57,14,25,0
7784,57,14,25,0
7785,57,14,25,0
7786,57,14,25,0
7787,57,14,25,0
7788,57,14,25,0
7789,57,14,25,0
7790,57,14,25,0
7791,57,14,25,0
7792,57,14,25,0
7793,57,14,25,0
7794,57,14,25,0
7795,57,14,25,0
7796,57,14,25,0
7797,57,14,25,0
7798,57,14,25,0
7799,57,14,25,0
7800,57,14,25,0
7801,57,14,25,0
7802,57,14,25,0
7803,57,14,25,0
7804,57,14,25,0
7805,57,14,25,0
7806,57,14,25,0
7807,57,14,25,0
7808,57,14,25,0
7809,57,14,25,0
7810,57,14,25,0
7811,57,14,25,0
7812,57,14,25,0
7813,57,14,25,0
7814,57,14,25,0
7815,57,14,25,0
7816,57,14,25,0
7817,57,14,25,0
7818,57,14,25,0
7819,57,14,25,0
7820,57,14,25,0
7821,57,14,25,0
7822,57,14,25,0
7823,57,14,25,0
7824,57,14,25,0
7825,57,14,25,0
7826,57,14,25,0
7827,57,14,25,0
7828,57,14,25,0
7829,57,14,25,0
7830,57,14,25,0
7831,57,14,25,0
7832,57,14,25,0
7833,57,14,25,0
7834,57,14,25,0
7835,57,14,25,0
7836,57,14,25,0
7837,57,14,25,0
7838,57,14,25,0
7839,57,14,25,0
7840,57,14,25,0
7841,57,14,25,0
7842,57,14,25,0
7843,57,14,25,0
7844,57,14,25,0
7845,57,14,25,0
7846,57,14,25,0
7847,57,14,25,0
7848,57,14,25,0
7849,57,14,25,0
7850,57,14,25,0
7851,57,14,25,0
7852,57,14,25,0
7853,57,14,25,0
7854,57,14,25,0
7855,57,14,25,0
7856,57,14,25,0
7857,57,14,25,0
7858,57,14,25,0
7859,57,14,25,0
7860,57,14,25,0
7861,57,14,25,0
7862,57,14,25,0
7863,57,14,25,0
7864,57,14,25,0
7865,57,14,25,0
7866,57,14,25,0
7867,57,14,25,0
7868,57,14,25,0
7869,57,14,25,0
7870,57,14,25,0
7871,57,14,25,0
7872,57,14,25,0
7873,57,14,25,0
7874,57,14,25,0
7875,57,14,25,0
7876,57,14,25,0
7877,57,14,25,0
7878,57,14,25,0
7879,57,14,25,0
7880,57,14,25,0
7881,57,14,25,0
7882,57,14,25,0
7883,57,14,25,0
7884,57,14,25,0
7885,57,14,25,0
7886,57,14,25,0
7887,57,14,25,0
7888,57,14,25,0
7889,57,14,25,0
7890,57,14,25,0
7891,57,14,25,0
7892,57,14,25,0
7893,57,14,25,0
7894,57,14,25,0
7895,57,14,25,0
7896,57,14,25,0
7897,57,14,25,0
7898,57,14,25,0
7899,57,14,25,0
7900,57,14,25,0
7901,57,14,25,0
7902,57,14,25,0
7903,57,14,25,0
7904,57,14,25,0
7905,57,14,25,0
7906,57,14,25,0
7907,57,14,25,0
7908,57,14,25,0
7909,57,14,25,0
7910,57,14,25,0
7911,57,14,25,0
7912,57,14,25,0
7913,57,14,25,0
7914,57,14,25,0
7915,57,14,25,0
7916,57,14,25,0
7917,57,14,25,0
7918,57,14,25,0
7919,57,14,25,0
7920,57,14,25,0
7921,57,14,25,0
7922,57,14,25,0
7923,57,14,25,0
7924,57,14,25,0
7925,57,14,25,0
7926,57,14,25,0
7927,57,14,25,0
7928,57,14,25,0
7929,57,14,25,0
7930,57,14,25,0
7931,57,14,25,0
7932,57,14,25,0
7933,57,14,25,0
7934,57,14,25,0
7935,57,14,25,0
7936,57,14,25,0
7937,57,14,25,0
7938,57,14,25,0
7939,57,14,25,0
7940,57,14,25,0
7941,57,14,25,0
7942,57,14,25,0
7943,57,14,25,0
7944,57,14,25,0
7945,57,14,25,0
7946,57,14,25,0
7947,57,14,25,0
7948,57,14,25,0
7949,57,14,25,0
7950,57,14,25,0
7951,57,14,25,0
7952,57,14,25,0
7953,57,14,25,0
7954,57,14,25,0
7955,57,14,25,0
7956,57,14,25,0
7957,57,14,25,0
7958,57,14,25,0
7959,57,14,25,0
7960,57,14,25,0
7961,57,14,25,0
7962,57,14,25,0
7963,57,14,25,0
7964,57,14,25,0
7965,57,14,25,0
7966,57,14,25,0
7967,57,14,25,0
7968,57,14,25,0
7969,57,14,25,0
7970,57,14,25,0
7971,57,14,25,0
7972,57,14,25,0
7973,57,14,25,0
7974,57,14,25,0
7975,57,14,25,0
7976,57,14,25,0
7977,57,14,25,0
7978,57,14,25,0
7979,57,14,25,0
7980,57,14,25,0
7981,57,14,25,0
7982,57,14,25,0
7983,57,14,25,0
7984,57,14,25,0
7985,57,14,25,0
7986,57,14,25,0
7987,57,14,25,0
7988,57,14,25,0
7989,57,14,25,0
7990,57,14,25,0
7991,57,14,25,0
7992,57,14,25,0
7993,57,14,25,0
7994,57,14,25,0
7995,57,14,25,0
7996,57,14,25,0
7997,57,14,25,0
7998,57,14,25,0
7999,57,14,25,0
8000,57,14,25,0
8001,57,14,25,0
8002,57,14,25,0
8003,57,14,25,0
8004,57,14,25,0
8005,57,14,25,0
8006,57,14,25,0
8007,57,14,25,0
8008,57,14,25,0
8009,57,14,25,0
8010,57,14,25,0
8011,57,14,25,0
8012,57,14,25,0
8013,57,14,25,0
8014,57,14,25,0
8015,57,14,25,0
8016,57,14,25,0
8017,57,14,25,0
8018,57,14,25,0
8019,57,14,25,0
8020,57,14,25,0
8021,57,14,25,0
8022,57,14,25,0
8023,57,14,25,0
8024,57,14,25,0
8025,57,14,25,0
8026,57,14,25,0
8027,57,14,25,0
8028,57,14,25,0
8029,57,14,25,0
8030,57,14,25,0
8031,57,14,25,0
8032,57,14,25,0
8033,57,14,25,0
8034,57,14,25,0
8035,57,14,25,0
8036,57,14,25,0
8037,57,14,25,0
8038,57,14,25,0
8039,57,14,25,0
8040,57,14,25,0
8041,57,14,25,0
8042,57,14,25,0
8043,57,14,25,0
8044,57,14,25,0
8045,57,14,25,0
8046,57,14,25,0
8047,57,14,25,0
8048,57,14,25,0
8049,57,14,25,0
8050,57,14,25,0
8051,57,14,25,0
8052,57,14,25,0
8053,57,14,25,0
8054,57,14,25,0
8055,57,14,25,0
8056,57,14,25,0
8057,57,14,25,0
8058,57,14,25,0
8059,57,14,25,0
8060,57,14,25,0
8061,57,14,25,0
8062,57,14,25,0
8063,57,14,25,0
8064,57,14,25,0
8065,57,14,25,0
8066,57,14,25,0
8067,57,14,25,0
8068,57,14,25,0
8069,57,14,25,0
8070,57,14,25,0
8071,57,14,25,0
8072,57,14,25,0
8073,57,14,25,0
8074,57,14,25,0
8075,57,14,25,0
8076,57,14,25,0
8077,57,14,25,0
8078,57,14,25,0
8079,57,14,25,0
8080,57,14,25,0
8081,57,14,25,0
8082,57,14,25,0
8083,57,14,25,0
8084,57,14,25,0
8085,57,14,25,0
8086,57,14,25,0
8087,57,14,25,0
8088,57,14,25,0
8089,57,14,25,0
8090,57,14,25,0
8091,57,14,25,0
8092,57,14,25,0
8093,57,14,25,0
8094,57,14,25,0
8095,57,14,25,0
8096,57,14,25,0
8097,57,14,25,0
8098,57,14,25,0
8099,57,14,25,0
8100,57,14,25,0
8101,57,14,25,0
8102,57,14,25,0
8103,57,14,25,0
8104,57,14,25,0
8105,57,14,25,0
8106,57,14,25,0
8107,57,14,25,0
8108,57,14,25,0
8109,57,14,25,0
8110,57,14,25,0
8111,57,14,25,0
8112,57,14,25,0
8113,57,14,25,0
8114,57,14,25,0
8115,57,14,25,0
8116,57,14,25,0
8117,57,14,25,0
8118,57,14,25,0
8119,57,14,25,0
8120,57,14,25,0
8121,57,14,25,0
8122,57,14,25,0
8123,57,14,25,0
8124,57,14,25,0
8125,57,14,25,0
8126,57,14,25,0
8127,57,14,25,0
8128,57,14,25,0
8129,57,14,25,0
8130,57,14,25,0
8131,57,14,25,0
8132,57,14,25,0
8133,57,14,25,0
8134,57,14,25,0
8135,57,14,25,0
8136,57,14,25,0
8137,57,14,25,0
8138,57,14,25,0
8139,57,14,25,0
8140,57,14,25,0
8141,57,14,25,0
8142,57,14,25,0
8143,57,14,25,0
8144,57,14,25,0
8145,57,14,25,0
8146,57,14,25,0
8147,57,14,25,0
8148,57,14,25,0
8149,57,14,25,0
8150,57,14,25,0
8151,57,14,25,0
8152,57,14,25,0
8153,57,14,25,0
8154,57,14,25,0
8155,57,14,25,0
8156,57,14,25,0
8157,57,14,25,0
8158,57,14,25,0
8159,57,14,25,0
8160,57,14,25,0
8161,57,14,25,0
8162,57,14,25,0
8163,57,14,25,0
8164,57,14,25,0
8165,57,14,25,0
8166,57,14,25,0
8167,57,14,25,0
8168,57,14,25,0
8169,57,14,25,0
8170,57,14,25,0
8171,57,14,25,0
8172,57,14,25,0
8173,57,14,25,0
8174,57,14,25,0
8175,57,14,25,0
8176,57,14,25,0
8177,57,14,25,0
8178,57,14,25,0
8179,57,14,25,0
8180,57,14,25,0
8181,57,14,25,0
8182,57,14,25,0
8183,57,14,25,0
8184,57,14,25,0
8185,57,14,25,0
8186,57,14,25,0
8187,57,14,25,0
8188,57,14,25,0
8189,57,14,25,0
8190,57,14,25,0
8191,57,14,25,0
8192,57,14,25,0
8193,57,14,25,0
8194,57,14,25,0
8195,57,14,25,0
8196,57,14,25,0
8197,57,14,25,0
8198,57,14,25,0
8199,57,14,25,0
8200,57,14,25,0
8201,57,14,25,0
8202,57,14,25,0
8203,57,14,25,0
8204,57,14,25,0
8205,57,14,25,0
8206,57,14,25,0
8207,57,14,25,0
8208,57,14,25,0
8209,57,14,25,0
8210,57,14,25,0
8211,57,14,25,0
8212,57,14,25,0
8213,57,14,25,0
8214,57,14,25,0
8215,57,14,25,0
8216,57,14,25,0
8217,57,14,25,0
8218,57,14,25,0
8219,57,14,25,0
8220,57,14,25,0
8221,57,14,25,0
8222,57,14,25,0
8223,57,14,25,0
8224,57,14,25,0
8225,57,14,25,0
8226,57,14,25,0
8227,57,14,25,0
8228,57,14,25,0
8229,57,14,25,0
8230,57,14,25,0
8231,57,14,25,0
8232,57,14,25,0
8233,57,14,25,0
8234,57,14,25,0
8235,57,14,25,0
8236,57,14,25,0
8237,57,14,25,0
8238,57,14,25,0
8239,57,14,25,0
8240,57,14,25,0
8241,57,14,25,0
8242,57,14,25,0
8243,57,14,25,0
8244,57,14,25,0
8245,57,14,25,0
8246,57,14,25,0
8247,57,14,25,0
8248,57,14,25,0
8249,57,14,25,0
8250,57,14,25,0
8251,57,14,25,0
8252,57,14,25,0
8253,57,14,25,0
8254,57,14,25,0
8255,57,14,25,0
8256,57,14,25,0
8257,57,14,25,0
8258,57,14,25,0
8259,57,14,25,0
8260,57,14,25,0
8261,57,14,25,0
8262,57,14,25,0
8263,57,14,25,0
8264,57,14,25,0
8265,57,14,25,0
8266,57,14,25,0
8267,57,14,25,0
8268,57,14,25,0
8269,57,14,25,0
8270,57,14,25,0
8271,57,14,25,0
8272,57,14,25,0
8273,57,14,25,0
8274,57,14,25,0
8275,57,14,25,0
8276,57,14,25,0
8277,57,14,25,0
8278,57,14,25,0
8279,57,14,25,0
8280,57,14,25,0
8281,57,14,25,0
8282,57,14,25,0
8283,57,14,25,0
8284,57,14,25,0
8285,57,14,25,0
8286,57,14,25,0
8287,57,14,25,0
8288,57,14,25,0
8289,57,14,25,0
8290,57,14,25,0
8291,57,14,25,0
8292,57,14,25,0
8293,57,14,25,0
8294,57,14,25,0
8295,57,14,25,0
8296,57,14,25,0
8297,57,14,25,0
8298,57,14,25,0
8299,57,14,25,0
8300,57,14,25,0
8301,57,14,25,0
8302,57,14,25,0
8303,57,14,25,0
8304,57,14,25,0
8305,57,14,25,0
8306,57,14,25,0
8307,57,14,25,0
8308,57,14,25,0
8309,57,14,25,0
8310,57,14,25,0
8311,57,14,25,0
8312,57,14,25,0
8313,57,14,25,0
8314,57,14,25,0
8315,57,14,25,0
8316,57,14,25,0
8317,57,14,25,0
8318,57,14,25,0
8319,57,14,25,0
8320,57,14,25,0
8321,57,14,25,0
8322,57,14,25,0
8323,57,14,25,0
8324,57,14,25,0
8325,57,14,25,0
8326,57,14,25,0
8327,57,14,25,0
8328,57,14,25,0
8329,57,14,25,0
8330,57,14,25,0
8331,57,14,25,0
8332,57,14,25,0
8333,57,14,25,0
8334,57,14,25,0
8335,57,14,25,0
8336,57,14,25,0
8337,57,14,25,0
8338,57,14,25,0
8339,57,14,25,0
8340,57,14,25,0
8341,57,14,25,0
8342,57,14,25,0
8343,57,14,25,0
8344,57,14,25,0
8345,57,14,25,0
8346,57,14,25,0
8347,57,14,25,0
8348,57,14,25,0
8349,57,14,25,0
8350,57,14,25,0
8351,57,14,25,0
8352,57,14,25,0
8353,57,14,25,0
8354,57,14,25,0
8355,57,14,25,0
8356,57,14,25,0
8357,57,14,25,0
8358,57,14,25,0
8359,57,14,25,0
8360,57,14,25,0
8361,57,14,25,0
8362,57,14,25,0
8363,57,14,25,0
8364,57,14,25,0
8365,57,14,25,0
8366,57,14,25,0
8367,57,14,25,0
8368,57,14,25,0
8369,57,14,25,0
8370,57,14,25,0
8371,57,14,25,0
8372,57,14,25,0
8373,57,14,25,0
8374,57,14,25,0
8375,57,14,25,0
8376,57,14,25,0
8377,57,14,25,0
8378,57,14,25,0
8379,57,14,25,0
8380,57,14,25,0
8381,57,14,25,0
8382,57,14,25,0
8383,57,14,25,0
8384,57,14,25,0
8385,57,14,25,0
8386,57,14,25,0
8387,57,14,25,0
8388,57,14,25,0
8389,57,14,25,0
8390,57,14,25,0
8391,57,14,25,0
8392,57,14,25,0
8393,57,14,25,0
8394,57,14,25,0
8395,57,14,25,0
8396,57,14,25,0
8397,57,14,25,0
8398,57,14,25,0
8399,57,14,25,0
8400,57,14,25,0
8401,57,14,25,0
8402,57,14,25,0
8403,57,14,25,0
8404,57,14,25,0
8405,57,14,25,0
8406,57,14,25,0
8407,57,14,25,0
8408,57,14,25,0
8409,57,14,25,0
8410,57,14,25,0
8411,57,14,25,0
8412,57,14,25,0
8413,57,14,25,0
8414,57,14,25,0
8415,57,14,25,0
8416,57,14,25,0
8417,57,14,25,0
8418,57,14,25,0
8419,57,14,25,0
8420,57,14,25,0
8421,57,14,25,0
8422,57,14,25,0
8423,57,14,25,0
8424,57,14,25,0
8425,57,14,25,0
8426,57,14,25,0
8427,57,14,25,0
8428,57,14,25,0
8429,57,14,25,0
8430,57,14,25,0
8431,57,14,25,0
8432,57,14,25,0
8433,57,14,25,0
8434,57,14,25,0
8435,57,14,25,0
8436,57,14,25,0
8437,57,14,25,0
8438,57,14,25,0
8439,57,14,25,0
8440,57,14,25,0
8441,57,14,25,0
8442,57,14,25,0
8443,57,14,25,0
8444,57,14,25,0
8445,57,14,25,0
8446,57,14,25,0
8447,57,14,25,0
8448,57,14,25,0
8449,57,14,25,0
8450,57,14,25,0
8451,57,14,25,0
8452,57,14,25,0
8453,57,14,25,0
8454,57,14,25,0
8455,57,14,25,0
8456,57,14,25,0
8457,57,14,25,0
8458,57,14,25,0
8459,57,14,25,0
8460,57,14,25,0
8461,57,14,25,0
8462,57,14,25,0
8463,57,14,25,0
8464,57,14,25,0
8465,57,14,25,0
8466,57,14,25,0
8467,57,14,25,0
8468,57,14,25,0
8469,57,14,25,0
8470,57,14,25,0
8471,57,14,25,0
8472,57,14,25,0
8473,57,14,25,0
8474,57,14,25,0
8475,57,14,25,0
8476,57,14,25,0
8477,57,14,25,0
8478,57,14,25,0
8479,57,14,25,0
8480,57,14,25,0
8481,57,14,25,0
8482,57,14,25,0
8483,57,14,25,0
8484,57,14,25,0
8485,57,14,25,0
8486,57,14,25,0
8487,57,14,25,0
8488,57,14,25,0
8489,57,14,25,0
8490,57,14,25,0
8491,57,14,25,0
8492,57,14,25,0
8493,57,14,25,0
8494,57,14,25,0
8495,57,14,25,0
8496,57,14,25,0
8497,57,14,25,0
8498,57,14,25,0
8499,57,14,25,0
8500,57,14,25,0
8501,57,14,25,0
8502,57,14,25,0
8503,57,14,25,0
8504,57,14,25,0
8505,57,14,25,0
8506,57,14,25,0
8507,57,14,25,0
8508,57,14,25,0
8509,57,14,25,0
8510,57,14,25,0
8511,57,14,25,0
8512,57,14,25,0
8513,57,14,25,0
8514,57,14,25,0
8515,57,14,25,0
8516,57,14,25,0
8517,57,14,25,0
8518,57,14,25,0
8519,57,14,25,0
8520,57,14,25,0
8521,57,14,25,0
8522,57,14,25,0
8523,57,14,25,0
8524,57,14,25,0
8525,57,14,25,0
8526,57,14,25,0
8527,57,14,25,0
8528,57,14,25,0
8529,57,14,25,0
8530,57,14,25,0
8531,57,14,25,0
8532,57,14,25,0
8533,57,14,25,0
8534,57,14,25,0
8535,57,14,25,0
8536,57,14,25,0
8537,57,14,25,0
8538,57,14,25,0
8539,57,14,25,0
8540,57,14,25,0
8541,57,14,25,0
8542,57,14,25,0
8543,57,14,25,0
8544,57,14,25,0
8545,57,14,25,0
8546,57,14,25,0
8547,57,14,25,0
8548,57,14,25,0
8549,57,14,25,0
8550,57,14,25,0
8551,57,14,25,0
8552,57,14,25,0
8553,57,14,25,0
8554,57,14,25,0
8555,57,14,25,0
8556,57,14,25,0
8557,57,14,25,0
8558,57,14,25,0
8559,57,14,25,0
8560,57,14,25,0
8561,57,14,25,0
8562,57,14,25,0
8563,57,14,25,0
8564,57,14,25,0
8565,57,14,25,0
8566,57,14,25,0
8567,57,14,25,0
8568,57,14,25,0
8569,57,14,25,0
8570,57,14,25,0
8571,57,14,25,0
8572,57,14,25,0
8573,57,14,25,0
8574,57,14,25,0
8575,57,14,25,0
8576,57,14,25,0
8577,57,14,25,0
8578,57,14,25,0
8579,57,14,25,0
8580,57,14,25,0
8581,57,14,25,0
8582,57,14,25,0
8583,57,14,25,0
8584,57,14,25,0
8585,57,14,25,0
8586,57,14,25,0
8587,57,14,25,0
8588,57,14,25,0
8589,57,14,25,0
8590,57,14,25,0
8591,57,14,25,0
8592,57,14,25,0
8593,57,14,25,0
8594,57,14,25,0
8595,57,14,25,0
8596,57,14,25,0
8597,57,14,25,0
8598,57,14,25,0
8599,57,14,25,0
8600,57,14,25,0
8601,57,14,25,0
8602,57,14,25,0
8603,57,14,25,0
8604,57,14,25,0
8605,57,14,25,0
8606,57,14,25,0
8607,57,14,25,0
8608,57,14,25,0
8609,57,14,25,0
8610,57,14,25,0
8611,57,14,25,0
8612,57,14,25,0
8613,57,14,25,0
8614,57,14,25,0
8615,57,14,25,0
8616,57,14,25,0
8617,57,14,25,0
8618,57,14,25,0
8619,57,14,25,0
8620,57,14,25,0
8621,57,14,25,0
8622,57,14,25,0
8623,57,14,25,0
8624,57,14,25,0
8625,57,14,25,0
8626,57,14,25,0
8627,57,14,25,0
8628,57,14,25,0
8629,57,14,25,0
8630,57,14,25,0
8631,57,14,25,0
8632,57,14,25,0
8633,57,14,25,0
8634,57,14,25,0
8635,57,14,25,0
8636,57,14,25,0
8637,57,14,25,0
8638,57,14,25,0
8639,57,14,25,0
8640,57,14,25,0
8641,57,14,25,0
8642,57,14,25,0
8643,57,14,25,0
8644,57,14,25,0
8645,57,14,25,0
8646,57,14,25,0
8647,57,14,25,0
8648,57,14,25,0
8649,57,14,25,0
8650,57,14,25,0
8651,57,14,25,0
8652,57,14,25,0
8653,57,14,25,0
8654,57,14,25,0
8655,57,14,25,0
8656,57,14,25,0
8657,57,14,25,0
8658,57,14,25,0
8659,57,14,25,0
8660,57,14,25,0
8661,57,14,25,0
8662,57,14,25,0
8663,57,14,25,0
8664,57,14,25,0
8665,57,14,25,0
8666,57,14,25,0
8667,57,14,25,0
8668,57,14,25,0
8669,57,14,25,0
8670,57,14,25,0
8671,57,14,25,0
8672,57,14,25,0
8673,57,14,25,0
8674,57,14,25,0
8675,57,14,25,0
8676,57,14,25,0
8677,57,14,25,0
8678,57,14,25,0
8679,57,14,25,0
8680,57,14,25,0
8681,57,14,25,0
8682,57,14,25,0
8683,57,14,25,0
8684,57,14,25,0
8685,57,14,25,0
8686,57,14,25,0
8687,57,14,25,0
8688,57,14,25,0
8689,57,14,25,0
8690,57,14,25,0
8691,57,14,25,0
8692,57,14,25,0
8693,57,14,25,0
8694,57,14,25,0
8695,57,14,25,0
8696,57,14,25,0
8697,57,14,25,0
8698,57,14,25,0
8699,57,14,25,0
8700,57,14,25,0
8701,57,14,25,0
8702,57,14,25,0
8703,57,14,25,0
8704,57,14,25,0
8705,57,14,25,0
8706,57,14,25,0
8707,57,14,25,0
8708,57,14,25,0
8709,57,14,25,0
8710,57,14,25,0
8711,57,14,25,0
8712,57,14,25,0
8713,57,14,25,0
8714,57,14,25,0
8715,57,14,25,0
8716,57,14,25,0
8717,57,14,25,0
8718,57,14,25,0
8719,57,14,25,0
8720,57,14,25,0
8721,57,14,25,0
8722,57,14,25,0
8723,57,14,25,0
8724,57,14,25,0
8725,57,14,25,0
8726,57,14,25,0
8727,57,14,25,0
8728,57,14,25,0
8729,57,14,25,0
8730,57,14,25,0
8731,57,14,25,0
8732,57,14,25,0
8733,57,14,25,0
8734,57,14,25,0
8735,57,14,25,0
8736,57,14,25,0
8737,57,14,25,0
8738,57,14,25,0
8739,57,14,25,0
8740,57,14,25,0
8741,57,14,25,0
8742,57,14,25,0
8743,57,14,25,0
8744,57,14,25,0
8745,57,14,25,0
8746,57,14,25,0
8747,57,14,25,0
8748,57,14,25,0
8749,57,14,25,0
8750,57,14,25,0
8751,57,14,25,0
8752,57,14,25,0
8753,57,14,25,0
8754,57,14,25,0
8755,57,14,25,0
8756,57,14,25,0
8757,57,14,25,0
8758,57,14,25,0
8759,57,14,25,0
8760,57,14,25,0
8761,57,14,25,0
8762,57,14,25,0
8763,57,14,25,0
8764,57,14,25,0
8765,57,14,25,0
8766,57,14,25,0
8767,57,14,25,0
8768,57,14,25,0
8769,57,14,25,0
8770,57,14,25,0
8771,57,14,25,0
8772,57,14,25,0
8773,57,14,25,0
8774,57,14,25,0
8775,57,14,25,0
8776,57,14,25,0
8777,57,14,25,0
8778,57,14,25,0
8779,57,14,25,0
8780,57,14,25,0
8781,57,14,25,0
8782,57,14,25,0
8783,57,14,25,0
8784,57,14,25,0
8785,57,14,25,0
8786,57,14,25,0
8787,57,14,25,0
8788,57,14,25,0
8789,57,14,25,0
8790,57,14,25,0
8791,57,14,25,0
8792,57,14,25,0
8793,57,14,25,0
8794,57,14,25,0
8795,57,14,25,0
8796,57,14,25,0
8797,57,14,25,0
8798,57,14,25,0
8799,57,14,25,0
8800,57,14,25,0
8801,57,14,25,0
8802,57,14,25,0
8803,57,14,25,0
8804,57,14,25,0
8805,57,14,25,0
8806,57,14,25,0
8807,57,14,25,0
8808,57,14,25,0
8809,57,14,25,0
8810,57,14,25,0
8811,57,14,25,0
8812,57,14,25,0
8813,57,14,25,0
8814,57,14,25,0
8815,57,14,25,0
8816,57,14,25,0
8817,57,14,25,0
8818,57,14,25,0
8819,57,14,25,0
8820,57,14,25,0
8821,57,14,25,0
8822,57,14,25,0
8823,57,14,25,0
8824,57,14,25,0
8825,57,14,25,0
8826,57,14,25,0
8827,57,14,25,0
8828,57,14,25,0
8829,57,14,25,0
8830,57,14,25,0
8831,57,14,25,0
8832,57,14,25,0
8833,57,14,25,0
8834,57,14,25,0
8835,57,14,25,0
8836,57,14,25,0
8837,57,14,25,0
8838,57,14,25,0
8839,57,14,25,0
8840,57,14,25,0
8841,57,14,25,0
8842,57,14,25,0
8843,57,14,25,0
8844,57,14,25,0
8845,57,14,25,0
8846,57,14,25,0
8847,57,14,25,0
8848,57,14,25,0
8849,57,14,25,0
8850,57,14,25,0
8851,57,14,25,0
8852,57,14,25,0
8853,57,14,25,0
8854,57,14,25,0
8855,57,14,25,0
8856,57,14,25,0
8857,57,14,25,0
8858,57,14,25,0
8859,57,14,25,0
8860,57,14,25,0
8861,57,14,25,0
8862,57,14,25,0
8863,57,14,25,0
8864,57,14,25,0
8865,57,14,25,0
8866,57,14,25,0
8867,57,14,25,0
8868,57,14,25,0
8869,57,14,25,0
8870,57,14,25,0
8871,57,14,25,0
8872,57,14,25,0
8873,57,14,25,0
8874,57,14,25,0
8875,57,14,25,0
8876,57,14,25,0
8877,57,14,25,0
8878,57,14,25,0
8879,57,14,25,0
8880,57,14,25,0
8881,57,14,25,0
8882,57,14,25,0
8883,57,14,25,0
8884,57,14,25,0
8885,57,14,25,0
8886,57,14,25,0
8887,57,14,25,0
8888,57,14,25,0
8889,57,14,25,0
8890,57,14,25,0
8891,57,14,25,0
8892,57,14,25,0
8893,57,14,25,0
8894,57,14,25,0
8895,57,14,25,0
8896,57,14,25,0
8897,57,14,25,0
8898,57,14,25,0
8899,57,14,25,0
8900,57,14,25,0
8901,57,14,25,0
8902,57,14,25,0
8903,57,14,25,0
8904,57,14,25,0
8905,57,14,25,0
8906,57,14,25,0
8907,57,14,25,0
8908,57,14,25,0
8909,57,14,25,0
8910,57,14,25,0
8911,57,14,25,0
8912,57,14,25,0
8913,57,14,25,0
8914,57,14,25,0
8915,57,14,25,0
8916,57,14,25,0
8917,57,14,25,0
8918,57,14,25,0
8919,57,14,25,0
8920,57,14,25,0
8921,57,14,25,0
8922,57,14,25,0
8923,57,14,25,0
8924,57,14,25,0
8925,57,14,25,0
8926,57,14,25,0
8927,57,14,25,0
8928,57,14,25,0
8929,57,14,25,0
8930,57,14,25,0
8931,57,14,25,0
8932,57,14,25,0
8933,57,14,25,0
8934,57,14,25,0
8935,57,14,25,0
8936,57,14,25,0
8937,57,14,25,0
8938,57,14,25,0
8939,57,14,25,0
8940,57,14,25,0
8941,57,14,25,0
8942,57,14,25,0
8943,57,14,25,0
8944,57,14,25,0
8945,57,14,25,0
8946,57,14,25,0
8947,57,14,25,0
8948,57,14,25,0
8949,57,14,25,0
8950,57,14,25,0
8951,57,14,25,0
8952,57,14,25,0
8953,57,14,25,0
8954,57,14,25,0
8955,57,14,25,0
8956,57,14,25,0
8957,57,14,25,0
8958,57,14,25,0
8959,57,14,25,0
8960,57,14,25,0
8961,57,14,25,0
8962,57,14,25,0
8963,57,14,25,0
8964,57,14,25,0
8965,57,14,25,0
8966,57,14,25,0
8967,57,14,25,0
8968,57,14,25,0
8969,57,14,25,0
8970,57,14,25,0
8971,57,14,25,0
8972,57,14,25,0
8973,57,14,25,0
8974,57,14,25,0
8975,57,14,25,0
8976,57,14,25,0
8977,57,14,25,0
8978,57,14,25,0
8979,57,14,25,0
8980,57,14,25,0
8981,57,14,25,0
8982,57,14,25,0
8983,57,14,25,0
8984,57,14,25,0
8985,57,14,25,0
8986,57,14,25,0
8987,57,14,25,0
8988,57,14,25,0
8989,57,14,25,0
8990,57,14,25,0
8991,57,14,25,0
8992,57,14,25,0
8993,57,14,25,0
8994,57,14,25,0
8995,57,14,25,0
8996,57,14,25,0
8997,57,14,25,0
8998,57,14,25,0
8999,57,14,25,0
9000,57,14,25,0
9001,57,14,25,0
9002,57,14,25,0
9003,57,14,25,0
9004,57,14,25,0
9005,57,14,25,0
9006,57,14,25,0
9007,57,14,25,0
9008,57,14,25,0
9009,57,14,25,0
9010,57,14,25,0
9011,57,14,25,0
9012,57,14,25,0
9013,57,14,25,0
9014,57,14,25,0
9015,57,14,25,0
9016,57,14,25,0
9017,57,14,25,0
9018,57,14,25,0
9019,57,14,25,0
9020,57,14,25,0
9021,57,14,25,0
9022,57,14,25,0
9023,57,14,25,0
9024,57,14,25,0
9025,57,14,25,0
9026,57,14,25,0
9027,57,14,25,0
9028,57,14,25,0
9029,57,14,25,0
9030,57,14,25,0
9031,57,14,25,0
9032,57,14,25,0
9033,57,14,25,0
9034,57,14,25,0
9035,57,14,25,0
9036,57,14,25,0
9037,57,14,25,0
9038,57,14,25,0
9039,57,14,25,0
9040,57,14,25,0
9041,57,14,25,0
9042,57,14,25,0
9043,57,14,25,0
9044,57,14,25,0
9045,57,14,25,0
9046,57,14,25,0
9047,57,14,25,0
9048,57,14,25,0
9049,57,14,25,0
9050,57,14,25,0
9051,57,14,25,0
9052,57,14,25,0
9053,57,14,25,0
9054,57,14,25,0
9055,57,14,25,0
9056,57,14,25,0
9057,57,14,25,0
9058,57,14,25,0
9059,57,14,25,0
9060,57,14,25,0
9061,57,14,25,0
9062,57,14,25,0
9063,57,14,25,0
9064,57,14,25,0
9065,57,14,25,0
9066,57,14,25,0
9067,57,14,25,0
9068,57,14,25,0
9069,57,14,25,0
9070,57,14,25,0
9071,57,14,25,0
9072,57,14,25,0
9073,57,14,25,0
9074,57,14,25,0
9075,57,14,25,0
9076,57,14,25,0
9077,57,14,25,0
9078,57,14,25,0
9079,57,14,25,0
9080,57,14,25,0
9081,57,14,25,0
9082,57,14,25,0
9083,57,14,25,0
9084,57,14,25,0
9085,57,14,25,0
9086,57,14,25,0
9087,57,14,25,0
9088,57,14,25,0
9089,57,14,25,0
9090,57,14,25,0
9091,57,14,25,0
9092,57,14,25,0
9093,57,14,25,0
9094,57,14,25,0
9095,57,14,25,0
9096,57,14,25,0
9097,57,14,25,0
9098,57,14,25,0
9099,57,14,25,0
9100,57,14,25,0
9101,57,14,25,0
9102,57,14,25,0
9103,57,14,25,0
9104,57,14,25,0
9105,57,14,25,0
9106,57,14,25,0
9107,57,14,25,0
9108,57,14,25,0
9109,57,14,25,0
9110,57,14,25,0
9111,57,14,25,0
9112,57,14,25,0
9113,57,14,25,0
9114,57,14,25,0
9115,57,14,25,0
9116,57,14,25,0
9117,57,14,25,0
9118,57,14,25,0
9119,57,14,25,0
9120,57,14,25,0
9121,57,14,25,0
9122,57,14,25,0
9123,57,14,25,0
9124,57,14,25,0
9125,57,14,25,0
9126,57,14,25,0
9127,57,14,25,0
9128,57,14,25,0
9129,57,14,25,0
9130,57,14,25,0
9131,57,14,25,0
9132,57,14,25,0
9133,57,14,25,0
9134,57,14,25,0
9135,57,14,25,0
9136,57,14,25,0
9137,57,14,25,0
9138,57,14,25,0
9139,57,14,25,0
9140,57,14,25,0
9141,57,14,25,0
9142,57,14,25,0
9143,57,14,25,0
9144,57,14,25,0
9145,57,14,25,0
9146,57,14,25,0
9147,57,14,25,0
9148,57,14,25,0
9149,57,14,25,0
9150,57,14,25,0
9151,57,14,25,0
9152,57,14,25,0
9153,57,14,25,0
9154,57,14,25,0
9155,57,14,25,0
9156,57,14,25,0
9157,57,14,25,0
9158,57,14,25,0
9159,57,14,25,0
9160,57,14,25,0
9161,57,14,25,0
9162,57,14,25,0
9163,57,14,25,0
9164,57,14,25,0
9165,57,14,25,0
9166,57,14,25,0
9167,57,14,25,0
9168,57,14,25,0
9169,57,14,25,0
9170,57,14,25,0
9171,57,14,25,0
9172,57,14,25,0
9173,57,14,25,0
9174,57,14,25,0
9175,57,14,25,0
9176,57,14,25,0
9177,57,14,25,0
9178,57,14,25,0
9179,57,14,25,0
9180,57,14,25,0
9181,57,14,25,0
9182,57,14,25,0
9183,57,14,25,0
9184,57,14,25,0
9185,57,14,25,0
9186,57,14,25,0
9187,57,14,25,0
9188,57,14,25,0
9189,57,14,25,0
9190,57,14,25,0
9191,57,14,25,0
9192,57,14,25,0
9193,57,14,25,0
9194,57,14,25,0
9195,57,14,25,0
9196,57,14,25,0
9197,57,14,25,0
9198,57,14,25,0
9199,57,14,25,0
9200,57,14,25,0
9201,57,14,25,0
9202,57,14,25,0
9203,57,14,25,0
9204,57,14,25,0
9205,57,14,25,0
9206,57,14,25,0
9207,57,14,25,0
9208,57,14,25,0
9209,57,14,25,0
9210,57,14,25,0
9211,57,14,25,0
9212,57,14,25,0
9213,57,14,25,0
9214,57,14,25,0
9215,57,14,25,0
9216,57,14,25,0
9217,57,14,25,0
9218,57,14,25,0
9219,57,14,25,0
9220,57,14,25,0
9221,57,14,25,0
9222,57,14,25,0
9223,57,14,25,0
9224,57,14,25,0
9225,57,14,25,0
9226,57,14,25,0
9227,57,14,25,0
9228,57,14,25,0
9229,57,14,25,0
9230,57,14,25,0
9231,57,14,25,0
9232,57,14,25,0
9233,57,14,25,0
9234,57,14,25,0
9235,57,14,25,0
9236,57,14,25,0
9237,57,14,25,0
9238,57,14,25,0
9239,57,14,25,0
9240,57,14,25,0
9241,57,14,25,0
9242,57,14,25,0
9243,57,14,25,0
9244,57,14,25,0
9245,57,14,25,0
9246,57,14,25,0
9247,57,14,25,0
9248,57,14,25,0
9249,57,14,25,0
9250,57,14,25,0
9251,57,14,25,0
9252,57,14,25,0
9253,57,14,25,0
9254,57,14,25,0
9255,57,14,25,0
9256,57,14,25,0
9257,57,14,25,0
9258,57,14,25,0
9259,57,14,25,0
9260,57,14,25,0
9261,57,14,25,0
9262,57,14,25,0
9263,57,14,25,0
9264,57,14,25,0
9265,57,14,25,0
9266,57,14,25,0
9267,57,14,25,0
9268,57,14,25,0
9269,57,14,25,0
9270,57,14,25,0
9271,57,14,25,0
9272,57,14,25,0
9273,57,14,25,0
9274,57,14,25,0
9275,57,14,25,0
9276,57,14,25,0
9277,57,14,25,0
9278,57,14,25,0
9279,57,14,25,0
9280,57,14,25,0
9281,57,14,25,0
9282,57,14,25,0
9283,57,14,25,0
9284,57,14,25,0
9285,57,14,25,0
9286,57,14,25,0
9287,57,14,25,0
9288,57,14,25,0
9289,57,14,25,0
9290,57,14,25,0
9291,57,14,25,0
9292,57,14,25,0
9293,57,14,25,0
9294,57,14,25,0
9295,57,14,25,0
9296,57,14,25,0
9297,57,14,25,0
9298,57,14,25,0
9299,57,14,25,0
9300,57,14,25,0
9301,57,14,25,0
9302,57,14,25,0
9303,57,14,25,0
9304,57,14,25,0
9305,57,14,25,0
9306,57,14,25,0
9307,57,14,25,0
9308,57,14,25,0
9309,57,14,25,0
9310,57,14,25,0
9311,57,14,25,0
9312,57,14,25,0
9313,57,14,25,0
9314,57,14,25,0
9315,57,14,25,0
9316,57,14,25,0
9317,57,14,25,0
9318,57,14,25,0
9319,57,14,25,0
9320,57,14,25,0
9321,57,14,25,0
9322,57,14,25,0
9323,57,14,25,0
9324,57,14,25,0
9325,57,14,25,0
9326,57,14,25,0
9327,57,14,25,0
9328,57,14,25,0
9329,57,14,25,0
9330,57,14,25,0
9331,57,14,25,0
9332,57,14,25,0
9333,57,14,25,0
9334,57,14,25,0
9335,57,14,25,0
9336,57,14,25,0
9337,57,14,25,0
9338,57,14,25,0
9339,57,14,25,0
9340,57,14,25,0
9341,57,14,25,0
9342,57,14,25,0
9343,57,14,25,0
9344,57,14,25,0
9345,57,14,25,0
9346,57,14,25,0
9347,57,14,25,0
9348,57,14,25,0
9349,57,14,25,0
9350,57,14,25,0
9351,57,14,25,0
9352,57,14,25,0
9353,57,14,25,0
9354,57,14,25,0
9355,57,14,25,0
9356,57,14,25,0
9357,57,14,25,0
9358,57,14,25,0
9359,57,14,25,0
9360,57,14,25,0
9361,57,14,25,0
9362,57,14,25,0
9363,57,14,25,0
9364,57,14,25,0
9365,57,14,25,0
9366,57,14,25,0
9367,57,14,25,0
9368,57,14,25,0
9369,57,14,25,0
9370,57,14,25,0
9371,57,14,25,0
9372,57,14,25,0
9373,57,14,25,0
9374,57,14,25,0
9375,57,14,25,0
9376,57,14,25,0
9377,57,14,25,0
9378,57,14,25,0
9379,57,14,25,0
9380,57,14,25,0
9381,57,14,25,0
9382,57,14,25,0
9383,57,14,25,0
9384,57,14,25,0
9385,57,14,25,0
9386,57,14,25,0
9387,57,14,25,0
9388,57,14,25,0
9389,57,14,25,0
9390,57,14,25,0
9391,57,14,25,0
9392,57,14,25,0
9393,57,14,25,0
9394,57,14,25,0
9395,57,14,25,0
9396,57,14,25,0
9397,57,14,25,0
9398,57,14,25,0
9399,57,14,25,0
9400,57,14,25,0
9401,57,14,25,0
9402,57,14,25,0
9403,57,14,25,0
9404,57,14,25,0
9405,57,14,25,0
9406,57,14,25,0
9407,57,14,25,0
9408,57,14,25,0
9409,57,14,25,0
9410,57,14,25,0
9411,57,14,25,0
9412,57,14,25,0
9413,57,14,25,0
9414,57,14,25,0
9415,57,14,25,0
9416,57,14,25,0
9417,57,14,25,0
9418,57,14,25,0
9419,57,14,25,0
9420,57,14,25,0
9421,57,14,25,0
9422,57,14,25,0
9423,57,14,25,0
9424,57,14,25,0
9425,57,14,25,0
9426,57,14,25,0
9427,57,14,25,0
9428,57,14,25,0
9429,57,14,25,0
9430,57,14,25,0
9431,57,14,25,0
9432,57,14,25,0
9433,57,14,25,0
9434,57,14,25,0
9435,57,14,25,0
9436,57,14,25,0
9437,57,14,25,0
9438,57,14,25,0
9439,57,14,25,0
9440,57,14,25,0
9441,57,14,25,0
9442,57,14,25,0
9443,57,14,25,0
9444,57,14,25,0
9445,57,14,25,0
9446,57,14,25,0
9447,57,14,25,0
9448,57,14,25,0
9449,57,14,25,0
9450,57,14,25,0
9451,57,14,25,0
9452,57,14,25,0
9453,57,14,25,0
9454,57,14,25,0
9455,57,14,25,0
9456,57,14,25,0
9457,57,14,25,0
9458,57,14,25,0
9459,57,14,25,0
9460,57,14,25,0
9461,57,14,25,0
9462,57,14,25,0
9463,57,14,25,0
9464,57,14,25,0
9465,57,14,25,0
9466,57,14,25,0
9467,57,14,25,0
9468,57,14,25,0
9469,57,14,25,0
9470,57,14,25,0
9471,57,14,25,0
9472,57,14,25,0
9473,57,14,25,0
9474,57,14,25,0
9475,57,14,25,0
9476,57,14,25,0
9477,57,14,25,0
9478,57,14,25,0
9479,57,14,25,0
9480,57,14,25,0
9481,57,14,25,0
9482,57,14,25,0
9483,57,14,25,0
9484,57,14,25,0
9485,57,14,25,0
9486,57,14,25,0
9487,57,14,25,0
9488,57,14,25,0
9489,57,14,25,0
9490,57,14,25,0
9491,57,14,25,0
9492,57,14,25,0
9493,57,14,25,0
9494,57,14,25,0
9495,57,14,25,0
9496,57,14,25,0
9497,57,14,25,0
9498,57,14,25,0
9499,57,14,25,0
9500,57,14,25,0
9501,57,14,25,0
9502,57,14,25,0
9503,57,14,25,0
9504,57,14,25,0
9505,57,14,25,0
9506,57,14,25,0
9507,57,14,25,0
9508,57,14,25,0
9509,57,14,25,0
9510,57,14,25,0
9511,57,14,25,0
9512,57,14,25,0
9513,57,14,25,0
9514,57,14,25,0
9515,57,14,25,0
9516,57,14,25,0
9517,57,14,25,0
9518,57,14,25,0
9519,57,14,25,0
9520,57,14,25,0
9521,57,14,25,0
9522,57,14,25,0
9523,57,14,25,0
9524,57,14,25,0
9525,57,14,25,0
9526,57,14,25,0
9527,57,14,25,0
9528,57,14,25,0
9529,57,14,25,0
9530,57,14,25,0
9531,57,14,25,0
9532,57,14,25,0
9533,57,14,25,0
9534,57,14,25,0
9535,57,14,25,0
9536,57,14,25,0
9537,57,14,25,0
9538,57,14,25,0
9539,57,14,25,0
9540,57,14,25,0
9541,57,14,25,0
9542,57,14,25,0
9543,57,14,25,0
9544,57,14,25,0
9545,57,14,25,0
9546,57,14,25,0
9547,57,14,25,0
9548,57,14,25,0
9549,57,14,25,0
9550,57,14,25,0
9551,57,14,25,0
9552,57,14,25,0
9553,57,14,25,0
9554,57,14,25,0
9555,57,14,25,0
9556,57,14,25,0
9557,57,14,25,0
9558,57,14,25,0
9559,57,14,25,0
9560,57,14,25,0
9561,57,14,25,0
9562,57,14,25,0
9563,57,14,25,0
9564,57,14,25,0
9565,57,14,25,0
9566,57,14,25,0
9567,57,14,25,0
9568,57,14,25,0
9569,57,14,25,0
9570,57,14,25,0
9571,57,14,25,0
9572,57,14,25,0
9573,57,14,25,0
9574,57,14,25,0
9575,57,14,25,0
9576,57,14,25,0
9577,57,14,25,0
9578,57,14,25,0
9579,57,14,25,0
9580,57,14,25,0
9581,57,14,25,0
9582,57,14,25,0
9583,57,14,25,0
9584,57,14,25,0
9585,57,14,25,0
9586,57,14,25,0
9587,57,14,25,0
9588,57,14,25,0
9589,57,14,25,0
9590,57,14,25,0
9591,57,14,25,0
9592,57,14,25,0
9593,57,14,25,0
9594,57,14,25,0
9595,57,14,25,0
9596,57,14,25,0
9597,57,14,25,0
9598,57,14,25,0
9599,57,14,25,0
9600,57,14,25,0
9601,57,14,25,0
9602,57,14,25,0
9603,57,14,25,0
9604,57,14,25,0
9605,57,14,25,0
9606,57,14,25,0
9607,57,14,25,0
9608,57,14,25,0
9609,57,14,25,0
9610,57,14,25,0
9611,57,14,25,0
9612,57,14,25,0
9613,57,14,25,0
9614,57,14,25,0
9615,57,14,25,0
9616,57,14,25,0
9617,57,14,25,0
9618,57,14,25,0
9619,57,14,25,0
9620,57,14,25,0
9621,57,14,25,0
9622,57,14,25,0
9623,57,14,25,0
9624,57,14,25,0
9625,57,14,25,0
9626,57,14,25,0
9627,57,14,25,0
9628,57,14,25,0
9629,57,14,25,0
9630,57,14,25,0
9631,57,14,25,0
9632,57,14,25,0
9633,57,14,25,0
9634,57,14,25,0
9635,57,14,25,0
9636,57,14,25,0
9637,57,14,25,0
9638,57,14,25,0
9639,57,14,25,0
9640,57,14,25,0
9641,57,14,25,0
9642,57,14,25,0
9643,57,14,25,0
9644,57,14,25,0
9645,57,14,25,0
9646,57,14,25,0
9647,57,14,25,0
9648,57,14,25,0
9649,57,14,25,0
9650,57,14,25,0
9651,57,14,25,0
9652,57,14,25,0
9653,57,14,25,0
9654,57,14,25,0
9655,57,14,25,0
9656,57,14,25,0
9657,57,14,25,0
9658,57,14,25,0
9659,57,14,25,0
9660,57,14,25,0
9661,57,14,25,0
9662,57,14,25,0
9663,57,14,25,0
9664,57,14,25,0
9665,57,14,25,0
9666,57,14,25,0
9667,57,14,25,0
9668,57,14,25,0
9669,57,14,25,0
9670,57,14,25,0
9671,57,14,25,0
9672,57,14,25,0
9673,57,14,25,0
9674,57,14,25,0
9675,57,14,25,0
9676,57,14,25,0
9677,57,14,25,0
9678,57,14,25,0
9679,57,14,25,0
9680,57,14,25,0
9681,57,14,25,0
9682,57,14,25,0
9683,57,14,25,0
9684,57,14,25,0
9685,57,14,25,0
9686,57,14,25,0
9687,57,14,25,0
9688,57,14,25,0
9689,57,14,25,0
9690,57,14,25,0
9691,57,14,25,0
9692,57,14,25,0
9693,57,14,25,0
9694,57,14,25,0
9695,57,14,25,0
9696,57,14,25,0
9697,57,14,25,0
9698,57,14,25,0
9699,57,14,25,0
9700,57,14,25,0
9701,57,14,25,0
9702,57,14,25,0
9703,57,14,25,0
9704,57,14,25,0
9705,57,14,25,0
9706,57,14,25,0
9707,57,14,25,0
9708,57,14,25,0
9709,57,14,25,0
9710,57,14,25,0
9711,57,14,25,0
9712,57,14,25,0
9713,57,14,25,0
9714,57,14,25,0
9715,57,14,25,0
9716,57,14,25,0
9717,57,14,25,0
9718,57,14,25,0
9719,57,14,25,0
9720,57,14,25,0
9721,57,14,25,0
9722,57,14,25,0
9723,57,14,25,0
9724,57,14,25,0
9725,57,14,25,0
9726,57,14,25,0
9727,57,14,25,0
9728,57,14,25,0
9729,57,14,25,0
9730,57,14,25,0
9731,57,14,25,0
9732,57,14,25,0
9733,57,14,25,0
9734,57,14,25,0
9735,57,14,25,0
9736,57,14,25,0
9737,57,14,25,0
9738,57,14,25,0
9739,57,14,25,0
9740,57,14,25,0
9741,57,14,25,0
9742,57,14,25,0
9743,57,14,25,0
9744,57,14,25,0
9745,57,14,25,0
9746,57,14,25,0
9747,57,14,25,0
9748,57,14,25,0
9749,57,14,25,0
9750,57,14,25,0
9751,57,14,25,0
9752,57,14,25,0
9753,57,14,25,0
9754,57,14,25,0
9755,57,14,25,0
9756,57,14,25,0
9757,57,14,25,0
9758,57,14,25,0
9759,57,14,25,0
9760,57,14,25,0
9761,57,14,25,0
9762,57,14,25,0
9763,57,14,25,0
9764,57,14,25,0
9765,57,14,25,0
9766,57,14,25,0
9767,57,14,25,0
9768,57,14,25,0
9769,57,14,25,0
9770,57,14,25,0
9771,57,14,25,0
9772,57,14,25,0
9773,57,14,25,0
9774,57,14,25,0
9775,57,14,25,0
9776,57,14,25,0
9777,57,14,25,0
9778,57,14,25,0
9779,57,14,25,0
9780,57,14,25,0
9781,57,14,25,0
9782,57,14,25,0
9783,57,14,25,0
9784,57,14,25,0
9785,57,14,25,0
9786,57,14,25,0
9787,57,14,25,0
9788,57,14,25,0
9789,57,14,25,0
9790,57,14,25,0
9791,57,14,25,0
9792,57,14,25,0
9793,57,14,25,0
9794,57,14,25,0
9795,57,14,25,0
9796,57,14,25,0
9797,57,14,25,0
9798,57,14,25,0
9799,57,14,25,0
9800,57,14,25,0
9801,57,14,25,0
9802,57,14,25,0
9803,57,14,25,0
9804,57,14,25,0
9805,57,14,25,0
9806,57,14,25,0
9807,57,14,25,0
9808,57,14,25,0
9809,57,14,25,0
9810,57,14,25,0
9811,57,14,25,0
9812,57,14,25,0
9813,57,14,25,0
9814,57,14,25,0
9815,57,14,25,0
9816,57,14,25,0
9817,57,14,25,0
9818,57,14,25,0
9819,57,14,25,0
9820,57,14,25,0
9821,57,14,25,0
9822,57,14,25,0
9823,57,14,25,0
9824,57,14,25,0
9825,57,14,25,0
9826,57,14,25,0
9827,57,14,25,0
9828,57,14,25,0
9829,57,14,25,0
9830,57,14,25,0
9831,57,14,25,0
9832,57,14,25,0
9833,57,14,25,0
9834,57,14,25,0
9835,57,14,25,0
9836,57,14,25,0
9837,57,14,25,0
9838,57,14,25,0
9839,57,14,25,0
9840,57,14,25,0
9841,57,14,25,0
9842,57,14,25,0
9843,57,14,25,0
9844,57,14,25,0
9845,57,14,25,0
9846,57,14,25,0
9847,57,14,25,0
9848,57,14,25,0
9849,57,14,25,0
9850,57,14,25,0
9851,57,14,25,0
9852,57,14,25,0
9853,57,14,25,0
9854,57,14,25,0
9855,57,14,25,0
9856,57,14,25,0
9857,57,14,25,0
9858,57,14,25,0
9859,57,14,25,0
9860,57,14,25,0
9861,57,14,25,0
9862,57,14,25,0
9863,57,14,25,0
9864,57,14,25,0
9865,57,14,25,0
9866,57,14,25,0
9867,57,14,25,0
9868,57,14,25,0
9869,57,14,25,0
9870,57,14,25,0
9871,57,14,25,0
9872,57,14,25,0
9873,57,14,25,0
9874,57,14,25,0
9875,57,14,25,0
9876,57,14,25,0
9877,57,14,25,0
9878,57,14,25,0
9879,57,14,25,0
9880,57,14,25,0
9881,57,14,25,0
9882,57,14,25,0
9883,57,14,25,0
9884,57,14,25,0
9885,57,14,25,0
9886,57,14,25,0
9887,57,14,25,0
9888,57,14,25,0
9889,57,14,25,0
9890,57,14,25,0
9891,57,14,25,0
9892,57,14,25,0
9893,57,14,25,0
9894,57,14,25,0
9895,57,14,25,0
9896,57,14,25,0
9897,57,14,25,0
9898,57,14,25,0
9899,57,14,25,0
9900,57,14,25,0
9901,57,14,25,0
9902,57,14,25,0
9903,57,14,25,0
9904,57,14,25,0
9905,57,14,25,0
9906,57,14,25,0
9907,57,14,25,0
9908,57,14,25,0
9909,57,14,25,0
9910,57,14,25,0
9911,57,14,25,0
9912,57,14,25,0
9913,57,14,25,0
9914,57,14,25,0
9915,57,14,25,0
9916,57,14,25,0
9917,57,14,25,0
9918,57,14,25,0
9919,57,14,25,0
9920,57,14,25,0
9921,57,14,25,0
9922,57,14,25,0
9923,57,14,25,0
9924,57,14,25,0
9925,57,14,25,0
9926,57,14,25,0
9927,57,14,25,0
9928,57,14,25,0
9929,57,14,25,0
9930,57,14,25,0
9931,57,14,25,0
9932,57,14,25,0
9933,57,14,25,0
9934,57,14,25,0
9935,57,14,25,0
9936,57,14,25,0
9937,57,14,25,0
9938,57,14,25,0
9939,57,14,25,0
9940,57,14,25,0
9941,57,14,25,0
9942,57,14,25,0
9943,57,14,25,0
9944,57,14,25,0
9945,57,14,25,0
9946,57,14,25,0
9947,57,14,25,0
9948,57,14,25,0
9949,57,14,25,0
9950,57,14,25,0
9951,57,14,25,0
9952,57,14,25,0
9953,57,14,25,0
9954,57,14,25,0
9955,57,14,25,0
9956,57,14,25,0
9957,57,14,25,0
9958,57,14,25,0
9959,57,14,25,0
9960,57,14,25,0
9961,57,14,25,0
9962,57,14,25,0
9963,57,14,25,0
9964,57,14,25,0
9965,57,14,25,0
9966,57,14,25,0
9967,57,14,25,0
9968,57,14,25,0
9969,57,14,25,0
9970,57,14,25,0
9971,57,14,25,0
9972,57,14,25,0
9973,57,14,25,0
9974,57,14,25,0
9975,57,14,25,0
9976,57,14,25,0
9977,57,14,25,0
9978,57,14,25,0
9979,57,14,25,0
9980,57,14,25,0
9981,57,14,25,0
9982,57,14,25,0
9983,57,14,25,0
9984,57,14,25,0
9985,57,14,25,0
9986,57,14,25,0
9987,57,14,25,0
9988,57,14,25,0
9989,57,14,25,0
9990,57,14,25,0
9991,57,14,25,0
9992,57,14,25,0
9993,57,14,25,0
9994,57,14,25,0
9995,57,14,25,0
9996,57,14,25,0
9997,57,14,25,0
9998,57,14,25,0
9999,57,14,25,0
10000,57,14,25,0
10001,57,14,25,0
10002,57,14,25,0
10003,57,14,25,0
10004,57,14,25,0
10005,57,14,25,0
10006,57,14,25,0
10007,57,14,25,0
10008,57,14,25,0
10009,57,14,25,0
10010,57,14,25,0
10011,57,14,25,0
10012,57,14,25,0
10013,57,14,25,0
10014,57,14,25,0
10015,57,14,25,0
10016,57,14,25,0
10017,57,14,25,0
10018,57,14,25,0
10019,57,14,25,0
10020,57,14,25,0
10021,57,14,25,0
10022,57,14,25,0
10023,57,14,25,0
10024,57,14,25,0
10025,57,14,25,0
10026,57,14,25,0
10027,57,14,25,0
10028,57,14,25,0
10029,57,14,25,0
10030,57,14,25,0
10031,57,14,25,0
10032,57,14,25,0
10033,57,14,25,0
10034,57,14,25,0
10035,57,14,25,0
10036,57,14,25,0
10037,57,14,25,0
10038,57,14,25,0
10039,57,14,25,0
10040,57,14,25,0
10041,57,14,25,0
10042,57,14,25,0
10043,57,14,25,0
10044,57,14,25,0
10045,57,14,25,0
10046,57,14,25,0
10047,57,14,25,0
10048,57,14,25,0
10049,57,14,25,0
10050,57,14,25,0
10051,57,14,25,0
10052,57,14,25,0
10053,57,14,25,0
10054,57,14,25,0
10055,57,14,25,0
10056,57,14,25,0
10057,57,14,25,0
10058,57,14,25,0
10059,57,14,25,0
10060,57,14,25,0
10061,57,14,25,0
10062,57,14,25,0
10063,57,14,25,0
10064,57,14,25,0
10065,57,14,25,0
10066,57,14,25,0
10067,57,14,25,0
10068,57,14,25,0
10069,57,14,25,0
10070,57,14,25,0
10071,57,14,25,0
10072,57,14,25,0
10073,57,14,25,0
10074,57,14,25,0
10075,57,14,25,0
10076,57,14,25,0
10077,57,14,25,0
10078,57,14,25,0
10079,57,14,25,0
10080,57,14,25,0
10081,57,14,25,0
10082,57,14,25,0
10083,57,14,25,0
10084,57,14,25,0
10085,57,14,25,0
10086,57,14,25,0
10087,57,14,25,0
10088,57,14,25,0
10089,57,14,25,0
10090,57,14,25,0
10091,57,14,25,0
10092,57,14,25,0
10093,57,14,25,0
10094,57,14,25,0
10095,57,14,25,0
10096,57,14,25,0
10097,57,14,25,0
10098,57,14,25,0
10099,57,14,25,0
10100,57,14,25,0
10101,57,14,25,0
10102,57,14,25,0
10103,57,14,25,0
10104,57,14,25,0
10105,57,14,25,0
10106,57,14,25,0
10107,57,14,25,0
10108,57,14,25,0
10109,57,14,25,0
10110,57,14,25,0
10111,57,14,25,0
10112,57,14,25,0
10113,57,14,25,0
10114,57,14,25,0
10115,57,14,25,0
10116,57,14,25,0
10117,57,14,25,0
10118,57,14,25,0
10119,57,14,25,0
10120,57,14,25,0
10121,57,14,25,0
10122,57,14,25,0
10123,57,14,25,0
10124,57,14,25,0
10125,57,14,25,0
10126,57,14,25,0
10127,57,14,25,0
10128,57,14,25,0
10129,57,14,25,0
10130,57,14,25,0
10131,57,14,25,0
10132,57,14,25,0
10133,57,14,25,0
10134,57,14,25,0
10135,57,14,25,0
10136,57,14,25,0
10137,57,14,25,0
10138,57,14,25,0
10139,57,14,25,0
10140,57,14,25,0
10141,57,14,25,0
10142,57,14,25,0
10143,57,14,25,0
10144,57,14,25,0
10145,57,14,25,0
10146,57,14,25,0
10147,57,14,25,0
10148,57,14,25,0
10149,57,14,25,0
10150,57,14,25,0
10151,57,14,25,0
10152,57,14,25,0
10153,57,14,25,0
10154,57,14,25,0
10155,57,14,25,0
10156,57,14,25,0
10157,57,14,25,0
10158,57,14,25,0
10159,57,14,25,0
10160,57,14,25,0
10161,57,14,25,0
10162,57,14,25,0
10163,57,14,25,0
10164,57,14,25,0
10165,57,14,25,0
10166,57,14,25,0
10167,57,14,25,0
10168,57,14,25,0
10169,57,14,25,0
10170,57,14,25,0
10171,57,14,25,0
10172,57,14,25,0
10173,57,14,25,0
10174,57,14,25,0
10175,57,14,25,0
10176,57,14,25,0
10177,57,14,25,0
10178,57,14,25,0
10179,57,14,25,0
10180,57,14,25,0
10181,57,14,25,0
10182,57,14,25,0
10183,57,14,25,0
10184,57,14,25,0
10185,57,14,25,0
10186,57,14,25,0
10187,57,14,25,0
10188,57,14,25,0
10189,57,14,25,0
10190,57,14,25,0
10191,57,14,25,0
10192,57,14,25,0
10193,57,14,25,0
10194,57,14,25,0
10195,57,14,25,0
10196,57,14,25,0
10197,57,14,25,0
10198,57,14,25,0
10199,57,14,25,0
10200,57,14,25,0
10201,57,14,25,0
10202,57,14,25,0
10203,57,14,25,0
10204,57,14,25,0
10205,57,14,25,0
10206,57,14,25,0
10207,57,14,25,0
10208,57,14,25,0
10209,57,14,25,0
10210,57,14,25,0
10211,57,14,25,0
10212,57,14,25,0
10213,57,14,25,0
10214,57,14,25,0
10215,57,14,25,0
10216,57,14,25,0
10217,57,14,25,0
10218,57,14,25,0
10219,57,14,25,0
10220,57,14,25,0
10221,57,14,25,0
10222,57,14,25,0
10223,57,14,25,0
10224,57,14,25,0
10225,57,14,25,0
10226,57,14,25,0
10227,57,14,25,0
10228,57,14,25,0
10229,57,14,25,0
10230,57,14,25,0
10231,57,14,25,0
10232,57,14,25,0
10233,57,14,25,0
10234,57,14,25,0
10235,57,14,25,0
10236,57,14,25,0
10237,57,14,25,0
10238,57,14,25,0
10239,57,14,25,0
10240,57,14,25,0
10241,57,14,25,0
10242,57,14,25,0
10243,57,14,25,0
10244,57,14,25,0
10245,57,14,25,0
10246,57,14,25,0
10247,57,14,25,0
10248,57,14,25,0
10249,57,14,25,0
10250,57,14,25,0
10251,57,14,25,0
10252,57,14,25,0
10253,57,14,25,0
10254,57,14,25,0
10255,57,14,25,0
10256,57,14,25,0
10257,57,14,25,0
10258,57,14,25,0
10259,57,14,25,0
10260,57,14,25,0
10261,57,14,25,0
10262,57,14,25,0
10263,57,14,25,0
10264,57,14,25,0
10265,57,14,25,0
10266,57,14,25,0
10267,57,14,25,0
10268,57,14,25,0
10269,57,14,25,0
10270,57,14,25,0
10271,57,14,25,0
10272,57,14,25,0
10273,57,14,25,0
10274,57,14,25,0
10275,57,14,25,0
10276,57,14,25,0
10277,57,14,25,0
10278,57,14,25,0
10279,57,14,25,0
10280,57,14,25,0
10281,57,14,25,0
10282,57,14,25,0
10283,57,14,25,0
10284,57,14,25,0
10285,57,14,25,0
10286,57,14,25,0
10287,57,14,25,0
10288,57,14,25,0
10289,57,14,25,0
10290,57,14,25,0
10291,57,14,25,0
10292,57,14,25,0
10293,57,14,25,0
10294,57,14,25,0
10295,57,14,25,0
10296,57,14,25,0
10297,57,14,25,0
10298,57,14,25,0
10299,57,14,25,0
10300,57,14,25,0
10301,57,14,25,0
10302,57,14,25,0
10303,57,14,25,0
10304,57,14,25,0
10305,57,14,25,0
10306,57,14,25,0
10307,57,14,25,0
10308,57,14,25,0
10309,57,14,25,0
10310,57,14,25,0
10311,57,14,25,0
10312,57,14,25,0
10313,57,14,25,0
10314,57,14,25,0
10315,57,14,25,0
10316,57,14,25,0
10317,57,14,25,0
10318,57,14,25,0
10319,57,14,25,0
10320,57,14,25,0
10321,57,14,25,0
10322,57,14,25,0
10323,57,14,25,0
10324,57,14,25,0
10325,57,14,25,0
10326,57,14,25,0
10327,57,14,25,0
10328,57,14,25,0
10329,57,14,25,0
10330,57,14,25,0
10331,57,14,25,0
10332,57,14,25,0
10333,57,14,25,0
10334,57,14,25,0
10335,57,14,25,0
10336,57,14,25,0
10337,57,14,25,0
10338,57,14,25,0
10339,57,14,25,0
10340,57,14,25,0
10341,57,14,25,0
10342,57,14,25,0
10343,57,14,25,0
10344,57,14,25,0
10345,57,14,25,0
10346,57,14,25,0
10347,57,14,25,0
10348,57,14,25,0
10349,57,14,25,0
10350,57,14,25,0
10351,57,14,25,0
10352,57,14,25,0
10353,57,14,25,0
10354,57,14,25,0
10355,57,14,25,0
10356,57,14,25,0
10357,57,14,25,0
10358,57,14,25,0
10359,57,14,25,0
10360,57,14,25,0
10361,57,14,25,0
10362,57,14,25,0
10363,57,14,25,0
10364,57,14,25,0
10365,57,14,25,0
10366,57,14,25,0
10367,57,14,25,0
10368,57,14,25,0
10369,57,14,25,0
10370,57,14,25,0
10371,57,14,25,0
10372,57,14,25,0
10373,57,14,25,0
10374,57,14,25,0
10375,57,14,25,0
10376,57,14,25,0
10377,57,14,25,0
10378,57,14,25,0
10379,57,14,25,0
10380,57,14,25,0
10381,57,14,25,0
10382,57,14,25,0
10383,57,14,25,0
10384,57,14,25,0
10385,57,14,25,0
10386,57,14,25,0
10387,57,14,25,0
10388,57,14,25,0
10389,57,14,25,0
10390,57,14,25,0
10391,57,14,25,0
10392,57,14,25,0
10393,57,14,25,0
10394,57,14,25,0
10395,57,14,25,0
10396,57,14,25,0
10397,57,14,25,0
10398,57,14,25,0
10399,57,14,25,0
10400,57,14,25,0
10401,57,14,25,0
10402,57,14,25,0
10403,57,14,25,0
10404,57,14,25,0
10405,57,14,25,0
10406,57,14,25,0
10407,57,14,25,0
10408,57,14,25,0
10409,57,14,25,0
10410,57,14,25,0
10411,57,14,25,0
10412,57,14,25,0
10413,57,14,25,0
10414,57,14,25,0
10415,57,14,25,0
10416,57,14,25,0
10417,57,14,25,0
10418,57,14,25,0
10419,57,14,25,0
10420,57,14,25,0
10421,57,14,25,0
10422,57,14,25,0
10423,57,14,25,0
10424,57,14,25,0
10425,57,14,25,0
10426,57,14,25,0
10427,57,14,25,0
10428,57,14,25,0
10429,57,14,25,0
10430,57,14,25,0
10431,57,14,25,0
10432,57,14,25,0
10433,57,14,25,0
10434,57,14,25,0
10435,57,14,25,0
10436,57,14,25,0
10437,57,14,25,0
10438,57,14,25,0
10439,57,14,25,0
10440,57,14,25,0
10441,57,14,25,0
10442,57,14,25,0
10443,57,14,25,0
10444,57,14,25,0
10445,57,14,25,0
10446,57,14,25,0
10447,57,14,25,0
10448,57,14,25,0
10449,57,14,25,0
10450,57,14,25,0
10451,57,14,25,0
10452,57,14,25,0
10453,57,14,25,0
10454,57,14,25,0
10455,57,14,25,0
10456,57,14,25,0
10457,57,14,25,0
10458,57,14,25,0
10459,57,14,25,0
10460,57,14,25,0
10461,57,14,25,0
10462,57,14,25,0
10463,57,14,25,0
10464,57,14,25,0
10465,57,14,25,0
10466,57,14,25,0
10467,57,14,25,0
10468,57,14,25,0
10469,57,14,25,0
10470,57,14,25,0
10471,57,14,25,0
10472,57,14,25,0
10473,57,14,25,0
10474,57,14,25,0
10475,57,14,25,0
10476,57,14,25,0
10477,57,14,25,0
10478,57,14,25,0
10479,57,14,25,0
10480,57,14,25,0
10481,57,14,25,0
10482,57,14,25,0
10483,57,14,25,0
10484,57,14,25,0
10485,57,14,25,0
10486,57,14,25,0
10487,57,14,25,0
10488,57,14,25,0
10489,57,14,25,0
10490,57,14,25,0
10491,57,14,25,0
10492,57,14,25,0
10493,57,14,25,0
10494,57,14,25,0
10495,57,14,25,0
10496,57,14,25,0
10497,57,14,25,0
10498,57,14,25,0
10499,57,14,25,0
10500,57,14,25,0
10501,57,14,25,0
10502,57,14,25,0
10503,57,14,25,0
10504,57,14,25,0
10505,57,14,25,0
10506,57,14,25,0
10507,57,14,25,0
10508,57,14,25,0
10509,57,14,25,0
10510,57,14,25,0
10511,57,14,25,0
10512,57,14,25,0
10513,57,14,25,0
10514,57,14,25,0
10515,57,14,25,0
10516,57,14,25,0
10517,57,14,25,0
10518,57,14,25,0
10519,57,14,25,0
10520,57,14,25,0
10521,57,14,25,0
10522,57,14,25,0
10523,57,14,25,0
10524,57,14,25,0
10525,57,14,25,0
10526,57,14,25,0
10527,57,14,25,0
10528,57,14,25,0
10529,57,14,25,0
10530,57,14,25,0
10531,57,14,25,0
10532,57,14,25,0
10533,57,14,25,0
10534,57,14,25,0
10535,57,14,25,0
10536,57,14,25,0
10537,57,14,25,0
10538,57,14,25,0
10539,57,14,25,0
10540,57,14,25,0
10541,57,14,25,0
10542,57,14,25,0
10543,57,14,25,0
10544,57,14,25,0
10545,57,14,25,0
10546,57,14,25,0
10547,57,14,25,0
10548,57,14,25,0
10549,57,14,25,0
10550,57,14,25,0
10551,57,14,25,0
10552,57,14,25,0
10553,57,14,25,0
10554,57,14,25,0
10555,57,14,25,0
10556,57,14,25,0
10557,57,14,25,0
10558,57,14,25,0
10559,57,14,25,0
10560,57,14,25,0
10561,57,14,25,0
10562,57,14,25,0
10563,57,14,25,0
10564,57,14,25,0
10565,57,14,25,0
10566,57,14,25,0
10567,57,14,25,0
10568,57,14,25,0
10569,57,14,25,0
10570,57,14,25,0
10571,57,14,25,0
10572,57,14,25,0
10573,57,14,25,0
10574,57,14,25,0
10575,57,14,25,0
10576,57,14,25,0
10577,57,14,25,0
10578,57,14,25,0
10579,57,14,25,0
10580,57,14,25,0
10581,57,14,25,0
10582,57,14,25,0
10583,57,14,25,0
10584,57,14,25,0
10585,57,14,25,0
10586,57,14,25,0
10587,57,14,25,0
10588,57,14,25,0
10589,57,14,25,0
10590,57,14,25,0
10591,57,14,25,0
10592,57,14,25,0
10593,57,14,25,0
10594,57,14,25,0
10595,57,14,25,0
10596,57,14,25,0
10597,57,14,25,0
10598,57,14,25,0
10599,57,14,25,0
10600,57,14,25,0
10601,57,14,25,0
10602,57,14,25,0
10603,57,14,25,0
10604,57,14,25,0
10605,57,14,25,0
10606,57,14,25,0
10607,57,14,25,0
10608,57,14,25,0
10609,57,14,25,0
10610,57,14,25,0
10611,57,14,25,0
10612,57,14,25,0
10613,57,14,25,0
10614,57,14,25,0
10615,57,14,25,0
10616,57,14,25,0
10617,57,14,25,0
10618,57,14,25,0
10619,57,14,25,0
10620,57,14,25,0
10621,57,14,25,0
10622,57,14,25,0
10623,57,14,25,0
10624,57,14,25,0
10625,57,14,25,0
10626,57,14,25,0
10627,57,14,25,0
10628,57,14,25,0
10629,57,14,25,0
10630,57,14,25,0
10631,57,14,25,0
10632,57,14,25,0
10633,57,14,25,0
10634,57,14,25,0
10635,57,14,25,0
10636,57,14,25,0
10637,57,14,25,0
10638,57,14,25,0
10639,57,14,25,0
10640,57,14,25,0
10641,57,14,25,0
10642,57,14,25,0
10643,57,14,25,0
10644,57,14,25,0
10645,57,14,25,0
10646,57,14,25,0
10647,57,14,25,0
10648,57,14,25,0
10649,57,14,25,0
10650,57,14,25,0
10651,57,14,25,0
10652,57,14,25,0
10653,57,14,25,0
10654,57,14,25,0
10655,57,14,25,0
10656,57,14,25,0
10657,57,14,25,0
10658,57,14,25,0
10659,57,14,25,0
10660,57,14,25,0
10661,57,14,25,0
10662,57,14,25,0
10663,57,14,25,0
10664,57,14,25,0
10665,57,14,25,0
10666,57,14,25,0
10667,57,14,25,0
10668,57,14,25,0
10669,57,14,25,0
10670,57,14,25,0
10671,57,14,25,0
10672,57,14,25,0
10673,57,14,25,0
10674,57,14,25,0
10675,57,14,25,0
10676,57,14,25,0
10677,57,14,25,0
10678,57,14,25,0
10679,57,14,25,0
10680,57,14,25,0
10681,57,14,25,0
10682,57,14,25,0
10683,57,14,25,0
10684,57,14,25,0
10685,57,14,25,0
10686,57,14,25,0
10687,57,14,25,0
10688,57,14,25,0
10689,57,14,25,0
10690,57,14,25,0
10691,57,14,25,0
10692,57,14,25,0
10693,57,14,25,0
10694,57,14,25,0
10695,57,14,25,0
10696,57,14,25,0
10697,57,14,25,0
10698,57,14,25,0
10699,57,14,25,0
10700,57,14,25,0
10701,57,14,25,0
10702,57,14,25,0
10703,57,14,25,0
10704,57,14,25,0
10705,57,14,25,0
10706,57,14,25,0
10707,57,14,25,0
10708,57,14,25,0
10709,57,14,25,0
10710,57,14,25,0
10711,57,14,25,0
10712,57,14,25,0
10713,57,14,25,0
10714,57,14,25,0
10715,57,14,25,0
10716,57,14,25,0
10717,57,14,25,0
10718,57,14,25,0
10719,57,14,25,0
10720,57,14,25,0
10721,57,14,25,0
10722,57,14,25,0
10723,57,14,25,0
10724,57,14,25,0
10725,57,14,25,0
10726,57,14,25,0
10727,57,14,25,0
10728,57,14,25,0
10729,57,14,25,0
10730,57,14,25,0
10731,57,14,25,0
10732,57,14,25,0
10733,57,14,25,0
10734,57,14,25,0
10735,57,14,25,0
10736,57,14,25,0
10737,57,14,25,0
10738,57,14,25,0
10739,57,14,25,0
10740,57,14,25,0
10741,57,14,25,0
10742,57,14,25,0
10743,57,14,25,0
10744,57,14,25,0
10745,57,14,25,0
10746,57,14,25,0
10747,57,14,25,0
10748,57,14,25,0
10749,57,14,25,0
10750,57,14,25,0
10751,57,14,25,0
10752,57,14,25,0
10753,57,14,25,0
10754,57,14,25,0
10755,57,14,25,0
10756,57,14,25,0
10757,57,14,25,0
10758,57,14,25,0
10759,57,14,25,0
10760,57,14,25,0
10761,57,14,25,0
10762,57,14,25,0
10763,57,14,25,0
10764,57,14,25,0
10765,57,14,25,0
10766,57,14,25,0
10767,57,14,25,0
10768,57,14,25,0
10769,57,14,25,0
10770,57,14,25,0
10771,57,14,25,0
10772,57,14,25,0
10773,57,14,25,0
10774,57,14,25,0
10775,57,14,25,0
10776,57,14,25,0
10777,57,14,25,0
10778,57,14,25,0
10779,57,14,25,0
10780,57,14,25,0
10781,57,14,25,0
10782,57,14,25,0
10783,57,14,25,0
10784,57,14,25,0
10785,57,14,25,0
10786,57,14,25,0
10787,57,14,25,0
10788,57,14,25,0
10789,57,14,25,0
10790,57,14,25,0
10791,57,14,25,0
10792,57,14,25,0
10793,57,14,25,0
10794,57,14,25,0
10795,57,14,25,0
10796,57,14,25,0
10797,57,14,25,0
10798,57,14,25,0
10799,57,14,25,0
10800,57,14,25,0
10801,57,14,25,0
10802,57,14,25,0
10803,57,14,25,0
10804,57,14,25,0
10805,57,14,25,0
10806,57,14,25,0
10807,57,14,25,0
10808,57,14,25,0
10809,57,14,25,0
10810,57,14,25,0
10811,57,14,25,0
10812,57,14,25,0
10813,57,14,25,0
10814,57,14,25,0
10815,57,14,25,0
10816,57,14,25,0
10817,57,14,25,0
10818,57,14,25,0
10819,57,14,25,0
10820,57,14,25,0
10821,57,14,25,0
10822,57,14,25,0
10823,57,14,25,0
10824,57,14,25,0
10825,57,14,25,0
10826,57,14,25,0
10827,57,14,25,0
10828,57,14,25,0
10829,57,14,25,0
10830,57,14,25,0
10831,57,14,25,0
10832,57,14,25,0
10833,57,14,25,0
10834,57,14,25,0
10835,57,14,25,0
10836,57,14,25,0
10837,57,14,25,0
10838,57,14,25,0
10839,57,14,25,0
10840,57,14,25,0
10841,57,14,25,0
10842,57,14,25,0
10843,57,14,25,0
10844,57,14,25,0
10845,57,14,25,0
10846,57,14,25,0
10847,57,14,25,0
10848,57,14,25,0
10849,57,14,25,0
10850,57,14,25,0
10851,57,14,25,0
10852,57,14,25,0
10853,57,14,25,0
10854,57,14,25,0
10855,57,14,25,0
10856,57,14,25,0
10857,57,14,25,0
10858,57,14,25,0
10859,57,14,25,0
10860,57,14,25,0
10861,57,14,25,0
10862,57,14,25,0
10863,57,14,25,0
10864,57,14,25,0
10865,57,14,25,0
10866,57,14,25,0
10867,57,14,25,0
10868,57,14,25,0
10869,57,14,25,0
10870,57,14,25,0
10871,57,14,25,0
10872,57,14,25,0
10873,57,14,25,0
10874,57,14,25,0
10875,57,14,25,0
10876,57,14,25,0
10877,57,14,25,0
10878,57,14,25,0
10879,57,14,25,0
10880,57,14,25,0
10881,57,14,25,0
10882,57,14,25,0
10883,57,14,25,0
10884,57,14,25,0
10885,57,14,25,0
10886,57,14,25,0
10887,57,14,25,0
10888,57,14,25,0
10889,57,14,25,0
10890,57,14,25,0
10891,57,14,25,0
10892,57,14,25,0
10893,57,14,25,0
10894,57,14,25,0
10895,57,14,25,0
10896,57,14,25,0
10897,57,14,25,0
10898,57,14,25,0
10899,57,14,25,0
10900,57,14,25,0
10901,57,14,25,0
10902,57,14,25,0
10903,57,14,25,0
10904,57,14,25,0
10905,57,14,25,0
10906,57,14,25,0
10907,57,14,25,0
10908,57,14,25,0
10909,57,14,25,0
10910,57,14,25,0
10911,57,14,25,0
10912,57,14,25,0
10913,57,14,25,0
10914,57,14,25,0
10915,57,14,25,0
10916,57,14,25,0
10917,57,14,25,0
10918,57,14,25,0
10919,57,14,25,0
10920,57,14,25,0
10921,57,14,25,0
10922,57,14,25,0
10923,57,14,25,0
10924,57,14,25,0
10925,57,14,25,0
10926,57,14,25,0
10927,57,14,25,0
10928,57,14,25,0
10929,57,14,25,0
10930,57,14,25,0
10931,57,14,25,0
10932,57,14,25,0
10933,57,14,25,0
10934,57,14,25,0
10935,57,14,25,0
10936,57,14,25,0
10937,57,14,25,0
10938,57,14,25,0
10939,57,14,25,0
10940,57,14,25,0
10941,57,14,25,0
10942,57,14,25,0
10943,57,14,25,0
10944,57,14,25,0
10945,57,14,25,0
10946,57,14,25,0
10947,57,14,25,0
10948,57,14,25,0
10949,57,14,25,0
10950,57,14,25,0
10951,57,14,25,0
10952,57,14,25,0
10953,57,14,25,0
10954,57,14,25,0
10955,57,14,25,0
10956,57,14,25,0
10957,57,14,25,0
10958,57,14,25,0
10959,57,14,25,0
10960,57,14,25,0
10961,57,14,25,0
10962,57,14,25,0
10963,57,14,25,0
10964,57,14,25,0
10965,57,14,25,0
10966,57,14,25,0
10967,57,14,25,0
10968,57,14,25,0
10969,57,14,25,0
10970,57,14,25,0
10971,57,14,25,0
10972,57,14,25,0
10973,57,14,25,0
10974,57,14,25,0
10975,57,14,25,0
10976,57,14,25,0
10977,57,14,25,0
10978,57,14,25,0
10979,57,14,25,0
10980,57,14,25,0
10981,57,14,25,0
10982,57,14,25,0
10983,57,14,25,0
10984,57,14,25,0
10985,57,14,25,0
10986,57,14,25,0
10987,57,14,25,0
10988,57,14,25,0
10989,57,14,25,0
10990,57,14,25,0
10991,57,14,25,0
10992,57,14,25,0
10993,57,14,25,0
10994,57,14,25,0
10995,57,14,25,0
10996,57,14,25,0
10997,57,14,25,0
10998,57,14,25,0
10999,57,14,25,0
11000,57,14,25,0
11001,57,14,25,0
11002,57,14,25,0
11003,57,14,25,0
11004,57,14,25,0
11005,57,14,25,0
11006,57,14,25,0
11007,57,14,25,0
11008,57,14,25,0
11009,57,14,25,0
11010,57,14,25,0
11011,57,14,25,0
11012,57,14,25,0
11013,57,14,25,0
11014,57,14,25,0
11015,57,14,25,0
11016,57,14,25,0
11017,57,14,25,0
11018,57,14,25,0
11019,57,14,25,0
11020,57,14,25,0
11021,57,14,25,0
11022,57,14,25,0
11023,57,14,25,0
11024,57,14,25,0
11025,57,14,25,0
11026,57,14,25,0
11027,57,14,25,0
11028,57,14,25,0
11029,57,14,25,0
11030,57,14,25,0
11031,57,14,25,0
11032,57,14,25,0
11033,57,14,25,0
11034,57,14,25,0
11035,57,14,25,0
11036,57,14,25,0
11037,57,14,25,0
11038,57,14,25,0
11039,57,14,25,0
11040,57,14,25,0
11041,57,14,25,0
11042,57,14,25,0
11043,57,14,25,0
11044,57,14,25,0
11045,57,14,25,0
11046,57,14,25,0
11047,57,14,25,0
11048,57,14,25,0
11049,57,14,25,0
11050,57,14,25,0
11051,57,14,25,0
11052,57,14,25,0
11053,57,14,25,0
11054,57,14,25,0
11055,57,14,25,0
11056,57,14,25,0
11057,57,14,25,0
11058,57,14,25,0
11059,57,14,25,0
11060,57,14,25,0
11061,57,14,25,0
11062,57,14,25,0
11063,57,14,25,0
11064,57,14,25,0
11065,57,14,25,0
11066,57,14,25,0
11067,57,14,25,0
11068,57,14,25,0
11069,57,14,25,0
11070,57,14,25,0
11071,57,14,25,0
11072,57,14,25,0
11073,57,14,25,0
11074,57,14,25,0
11075,57,14,25,0
11076,57,14,25,0
11077,57,14,25,0
11078,57,14,25,0
11079,57,14,25,0
11080,57,14,25,0
11081,57,14,25,0
11082,57,14,25,0
11083,57,14,25,0
11084,57,14,25,0
11085,57,14,25,0
11086,57,14,25,0
11087,57,14,25,0
11088,57,14,25,0
11089,57,14,25,0
11090,57,14,25,0
11091,57,14,25,0
11092,57,14,25,0
11093,57,14,25,0
11094,57,14,25,0
11095,57,14,25,0
11096,57,14,25,0
11097,57,14,25,0
11098,57,14,25,0
11099,57,14,25,0
11100,57,14,25,0
11101,57,14,25,0
11102,57,14,25,0
11103,57,14,25,0
11104,57,14,25,0
11105,57,14,25,0
11106,57,14,25,0
11107,57,14,25,0
11108,57,14,25,0
11109,57,14,25,0
11110,57,14,25,0
11111,57,14,25,0
11112,57,14,25,0
11113,57,14,25,0
11114,57,14,25,0
11115,57,14,25,0
11116,57,14,25,0
11117,57,14,25,0
11118,57,14,25,0
11119,57,14,25,0
11120,57,14,25,0
11121,57,14,25,0
11122,57,14,25,0
11123,57,14,25,0
11124,57,14,25,0
11125,57,14,25,0
11126,57,14,25,0
11127,57,14,25,0
11128,57,14,25,0
11129,57,14,25,0
11130,57,14,25,0
11131,57,14,25,0
11132,57,14,25,0
11133,57,14,25,0
11134,57,14,25,0
11135,57,14,25,0
11136,57,14,25,0
11137,57,14,25,0
11138,57,14,25,0
11139,57,14,25,0
11140,57,14,25,0
11141,57,14,25,0
11142,57,14,25,0
11143,57,14,25,0
11144,57,14,25,0
11145,57,14,25,0
11146,57,14,25,0
11147,57,14,25,0
11148,57,14,25,0
11149,57,14,25,0
11150,57,14,25,0
11151,57,14,25,0
11152,57,14,25,0
11153,57,14,25,0
11154,57,14,25,0
11155,57,14,25,0
11156,57,14,25,0
11157,57,14,25,0
11158,57,14,25,0
11159,57,14,25,0
11160,57,14,25,0
11161,57,14,25,0
11162,57,14,25,0
11163,57,14,25,0
11164,57,14,25,0
11165,57,14,25,0
11166,57,14,25,0
11167,57,14,25,0
11168,57,14,25,0
11169,57,14,25,0
11170,57,14,25,0
11171,57,14,25,0
11172,57,14,25,0
11173,57,14,25,0
11174,57,14,25,0
11175,57,14,25,0
11176,57,14,25,0
11177,57,14,25,0
11178,57,14,25,0
11179,57,14,25,0
11180,57,14,25,0
11181,57,14,25,0
11182,57,14,25,0
11183,57,14,25,0
11184,57,14,25,0
11185,57,14,25,0
11186,57,14,25,0
11187,57,14,25,0
11188,57,14,25,0
11189,57,14,25,0
11190,57,14,25,0
11191,57,14,25,0
11192,57,14,25,0
11193,57,14,25,0
11194,57,14,25,0
11195,57,14,25,0
11196,57,14,25,0
11197,57,14,25,0
11198,57,14,25,0
11199,57,14,25,0
11200,57,14,25,0
11201,57,14,25,0
11202,57,14,25,0
11203,57,14,25,0
11204,57,14,25,0
11205,57,14,25,0
11206,57,14,25,0
11207,57,14,25,0
11208,57,14,25,0
11209,57,14,25,0
11210,57,14,25,0
11211,57,14,25,0
11212,57,14,25,0
11213,57,14,25,0
11214,57,14,25,0
11215,57,14,25,0
11216,57,14,25,0
11217,57,14,25,0
11218,57,14,25,0
11219,57,14,25,0
11220,57,14,25,0
11221,57,14,25,0
11222,57,14,25,0
11223,57,14,25,0
11224,57,14,25,0
11225,57,14,25,0
11226,57,14,25,0
11227,57,14,25,0
11228,57,14,25,0
11229,57,14,25,0
11230,57,14,25,0
11231,57,14,25,0
11232,57,14,25,0
11233,57,14,25,0
11234,57,14,25,0
11235,57,14,25,0
11236,57,14,25,0
11237,57,14,25,0
11238,57,14,25,0
11239,57,14,25,0
11240,57,14,25,0
11241,57,14,25,0
11242,57,14,25,0
11243,57,14,25,0
11244,57,14,25,0
11245,57,14,25,0
11246,57,14,25,0
11247,57,14,25,0
11248,57,14,25,0
11249,57,14,25,0
11250,57,14,25,0
11251,57,14,25,0
11252,57,14,25,0
11253,57,14,25,0
11254,57,14,25,0
11255,57,14,25,0
11256,57,14,25,0
11257,57,14,25,0
11258,57,14,25,0
11259,57,14,25,0
11260,57,14,25,0
11261,57,14,25,0
11262,57,14,25,0
11263,57,14,25,0
11264,57,14,25,0
11265,57,14,25,0
11266,57,14,25,0
11267,57,14,25,0
11268,57,14,25,0
11269,57,14,25,0
11270,57,14,25,0
11271,57,14,25,0
11272,57,14,25,0
11273,57,14,25,0
11274,57,14,25,0
11275,57,14,25,0
11276,57,14,25,0
11277,57,14,25,0
11278,57,14,25,0
11279,57,14,25,0
11280,57,14,25,0
11281,57,14,25,0
11282,57,14,25,0
11283,57,14,25,0
11284,57,14,25,0
11285,57,14,25,0
11286,57,14,25,0
11287,57,14,25,0
11288,57,14,25,0
11289,57,14,25,0
11290,57,14,25,0
11291,57,14,25,0
11292,57,14,25,0
11293,57,14,25,0
11294,57,14,25,0
11295,57,14,25,0
11296,57,14,25,0
11297,57,14,25,0
11298,57,14,25,0
11299,57,14,25,0
11300,57,14,25,0
11301,57,14,25,0
11302,57,14,25,0
11303,57,14,25,0
11304,57,14,25,0
11305,57,14,25,0
11306,57,14,25,0
11307,57,14,25,0
11308,57,14,25,0
11309,57,14,25,0
11310,57,14,25,0
11311,57,14,25,0
11312,57,14,25,0
11313,57,14,25,0
11314,57,14,25,0
11315,57,14,25,0
11316,57,14,25,0
11317,57,14,25,0
11318,57,14,25,0
11319,57,14,25,0
11320,57,14,25,0
11321,57,14,25,0
11322,57,14,25,0
11323,57,14,25,0
11324,57,14,25,0
11325,57,14,25,0
11326,57,14,25,0
11327,57,14,25,0
11328,57,14,25,0
11329,57,14,25,0
11330,57,14,25,0
11331,57,14,25,0
11332,57,14,25,0
11333,57,14,25,0
11334,57,14,25,0
11335,57,14,25,0
11336,57,14,25,0
11337,57,14,25,0
11338,57,14,25,0
11339,57,14,25,0
11340,57,14,25,0
11341,57,14,25,0
11342,57,14,25,0
11343,57,14,25,0
11344,57,14,25,0
11345,57,14,25,0
11346,57,14,25,0
11347,57,14,25,0
11348,57,14,25,0
11349,57,14,25,0
11350,57,14,25,0
11351,57,14,25,0
11352,57,14,25,0
11353,57,14,25,0
11354,57,14,25,0
11355,57,14,25,0
11356,57,14,25,0
11357,57,14,25,0
11358,57,14,25,0
11359,57,14,25,0
11360,57,14,25,0
11361,57,14,25,0
11362,57,14,25,0
11363,57,14,25,0
11364,57,14,25,0
11365,57,14,25,0
11366,57,14,25,0
11367,57,14,25,0
11368,57,14,25,0
11369,57,14,25,0
11370,57,14,25,0
11371,57,14,25,0
11372,57,14,25,0
11373,57,14,25,0
11374,57,14,25,0
11375,57,14,25,0
11376,57,14,25,0
11377,57,14,25,0
11378,57,14,25,0
11379,57,14,25,0
11380,57,14,25,0
11381,57,14,25,0
11382,57,14,25,0
11383,57,14,25,0
11384,57,14,25,0
11385,57,14,25,0
11386,57,14,25,0
11387,57,14,25,0
11388,57,14,25,0
11389,57,14,25,0
11390,57,14,25,0
11391,57,14,25,0
11392,57,14,25,0
11393,57,14,25,0
11394,57,14,25,0
11395,57,14,25,0
11396,57,14,25,0
11397,57,14,25,0
11398,57,14,25,0
11399,57,14,25,0
11400,57,14,25,0
11401,57,14,25,0
11402,57,14,25,0
11403,57,14,25,0
11404,57,14,25,0
11405,57,14,25,0
11406,57,14,25,0
11407,57,14,25,0
11408,57,14,25,0
11409,57,14,25,0
11410,57,14,25,0
11411,57,14,25,0
11412,57,14,25,0
11413,57,14,25,0
11414,57,14,25,0
11415,57,14,25,0
11416,57,14,25,0
11417,57,14,25,0
11418,57,14,25,0
11419,57,14,25,0
11420,57,14,25,0
11421,57,14,25,0
11422,57,14,25,0
11423,57,14,25,0
11424,57,14,25,0
11425,57,14,25,0
11426,57,14,25,0
11427,57,14,25,0
11428,57,14,25,0
11429,57,14,25,0
11430,57,14,25,0
11431,57,14,25,0
11432,57,14,25,0
11433,57,14,25,0
11434,57,14,25,0
11435,57,14,25,0
11436,57,14,25,0
11437,57,14,25,0
11438,57,14,25,0
11439,57,14,25,0
11440,57,14,25,0
11441,57,14,25,0
11442,57,14,25,0
11443,57,14,25,0
11444,57,14,25,0
11445,57,14,25,0
11446,57,14,25,0
11447,57,14,25,0
11448,57,14,25,0
11449,57,14,25,0
11450,57,14,25,0
11451,57,14,25,0
11452,57,14,25,0
11453,57,14,25,0
11454,57,14,25,0
11455,57,14,25,0
11456,57,14,25,0
11457,57,14,25,0
11458,57,14,25,0
11459,57,14,25,0
11460,57,14,25,0
11461,57,14,25,0
11462,57,14,25,0
11463,57,14,25,0
11464,57,14,25,0
11465,57,14,25,0
11466,57,14,25,0
11467,57,14,25,0
11468,57,14,25,0
11469,57,14,25,0
11470,57,14,25,0
11471,57,14,25,0
11472,57,14,25,0
11473,57,14,25,0
11474,57,14,25,0
11475,57,14,25,0
11476,57,14,25,0
11477,57,14,25,0
11478,57,14,25,0
11479,57,14,25,0
11480,57,14,25,0
11481,57,14,25,0
11482,57,14,25,0
11483,57,14,25,0
11484,57,14,25,0
11485,57,14,25,0
11486,57,14,25,0
11487,57,14,25,0
11488,57,14,25,0
11489,57,14,25,0
11490,57,14,25,0
11491,57,14,25,0
11492,57,14,25,0
11493,57,14,25,0
11494,57,14,25,0
11495,57,14,25,0
11496,57,14,25,0
11497,57,14,25,0
11498,57,14,25,0
11499,57,14,25,0
11500,57,14,25,0
11501,57,14,25,0
11502,57,14,25,0
11503,57,14,25,0
11504,57,14,25,0
11505,57,14,25,0
11506,57,14,25,0
11507,57,14,25,0
11508,57,14,25,0
11509,57,14,25,0
11510,57,14,25,0
11511,57,14,25,0
11512,57,14,25,0
11513,57,14,25,0
11514,57,14,25,0
11515,57,14,25,0
11516,57,14,25,0
11517,57,14,25,0
11518,57,14,25,0
11519,57,14,25,0
11520,57,14,25,0
11521,57,14,25,0
11522,57,14,25,0
11523,57,14,25,0
11524,57,14,25,0
11525,57,14,25,0
11526,57,14,25,0
11527,57,14,25,0
11528,57,14,25,0
11529,57,14,25,0
11530,57,14,25,0
11531,57,14,25,0
11532,57,14,25,0
11533,57,14,25,0
11534,57,14,25,0
11535,57,14,25,0
11536,57,14,25,0
11537,57,14,25,0
11538,57,14,25,0
11539,57,14,25,0
11540,57,14,25,0
11541,57,14,25,0
11542,57,14,25,0
11543,57,14,25,0
11544,57,14,25,0
11545,57,14,25,0
11546,57,14,25,0
11547,57,14,25,0
11548,57,14,25,0
11549,57,14,25,0
11550,57,14,25,0
11551,57,14,25,0
11552,57,14,25,0
11553,57,14,25,0
11554,57,14,25,0
11555,57,14,25,0
11556,57,14,25,0
11557,57,14,25,0
11558,57,14,25,0
11559,57,14,25,0
11560,57,14,25,0
11561,57,14,25,0
11562,57,14,25,0
11563,57,14,25,0
11564,57,14,25,0
11565,57,14,25,0
11566,57,14,25,0
11567,57,14,25,0
11568,57,14,25,0
11569,57,14,25,0
11570,57,14,25,0
11571,57,14,25,0
11572,57,14,25,0
11573,57,14,25,0
11574,57,14,25,0
11575,57,14,25,0
11576,57,14,25,0
11577,57,14,25,0
11578,57,14,25,0
11579,57,14,25,0
11580,57,14,25,0
11581,57,14,25,0
11582,57,14,25,0
11583,57,14,25,0
11584,57,14,25,0
11585,57,14,25,0
11586,57,14,25,0
11587,57,14,25,0
11588,57,14,25,0
11589,57,14,25,0
11590,57,14,25,0
11591,57,14,25,0
11592,57,14,25,0
11593,57,14,25,0
11594,57,14,25,0
11595,57,14,25,0
11596,57,14,25,0
11597,57,14,25,0
11598,57,14,25,0
11599,57,14,25,0
11600,57,14,25,0
11601,57,14,25,0
11602,57,14,25,0
11603,57,14,25,0
11604,57,14,25,0
11605,57,14,25,0
11606,57,14,25,0
11607,57,14,25,0
11608,57,14,25,0
11609,57,14,25,0
11610,57,14,25,0
11611,57,14,25,0
11612,57,14,25,0
11613,57,14,25,0
11614,57,14,25,0
11615,57,14,25,0
11616,57,14,25,0
11617,57,14,25,0
11618,57,14,25,0
11619,57,14,25,0
11620,57,14,25,0
11621,57,14,25,0
11622,57,14,25,0
11623,57,14,25,0
11624,57,14,25,0
11625,57,14,25,0
11626,57,14,25,0
11627,57,14,25,0
11628,57,14,25,0
11629,57,14,25,0
11630,57,14,25,0
11631,57,14,25,0
11632,57,14,25,0
11633,57,14,25,0
11634,57,14,25,0
11635,57,14,25,0
11636,57,14,25,0
11637,57,14,25,0
11638,57,14,25,0
11639,57,14,25,0
11640,57,14,25,0
11641,57,14,25,0
11642,57,14,25,0
11643,57,14,25,0
11644,57,14,25,0
11645,57,14,25,0
11646,57,14,25,0
11647,57,14,25,0
11648,57,14,25,0
11649,57,14,25,0
11650,57,14,25,0
11651,57,14,25,0
11652,57,14,25,0
11653,57,14,25,0
11654,57,14,25,0
11655,57,14,25,0
11656,57,14,25,0
11657,57,14,25,0
11658,57,14,25,0
11659,57,14,25,0
11660,57,14,25,0
11661,57,14,25,0
11662,57,14,25,0
11663,57,14,25,0
11664,57,14,25,0
11665,57,14,25,0
11666,57,14,25,0
11667,57,14,25,0
11668,57,14,25,0
11669,57,14,25,0
11670,57,14,25,0
11671,57,14,25,0
11672,57,14,25,0
11673,57,14,25,0
11674,57,14,25,0
11675,57,14,25,0
11676,57,14,25,0
11677,57,14,25,0
11678,57,14,25,0
11679,57,14,25,0
11680,57,14,25,0
11681,57,14,25,0
11682,57,14,25,0
11683,57,14,25,0
11684,57,14,25,0
11685,57,14,25,0
11686,57,14,25,0
11687,57,14,25,0
11688,57,14,25,0
11689,57,14,25,0
11690,57,14,25,0
11691,57,14,25,0
11692,57,14,25,0
11693,57,14,25,0
11694,57,14,25,0
11695,57,14,25,0
11696,57,14,25,0
11697,57,14,25,0
11698,57,14,25,0
11699,57,14,25,0
11700,57,14,25,0
11701,57,14,25,0
11702,57,14,25,0
11703,57,14,25,0
11704,57,14,25,0
11705,57,14,25,0
11706,57,14,25,0
11707,57,14,25,0
11708,57,14,25,0
11709,57,14,25,0
11710,57,14,25,0
11711,57,14,25,0
11712,57,14,25,0
11713,57,14,25,0
11714,57,14,25,0
11715,57,14,25,0
11716,57,14,25,0
11717,57,14,25,0
11718,57,14,25,0
11719,57,14,25,0
11720,57,14,25,0
11721,57,14,25,0
11722,57,14,25,0
11723,57,14,25,0
11724,57,14,25,0
11725,57,14,25,0
11726,57,14,25,0
11727,57,14,25,0
11728,57,14,25,0
11729,57,14,25,0
11730,57,14,25,0
11731,57,14,25,0
11732,57,14,25,0
11733,57,14,25,0
11734,57,14,25,0
11735,57,14,25,0
11736,57,14,25,0
11737,57,14,25,0
11738,57,14,25,0
11739,57,14,25,0
11740,57,14,25,0
11741,57,14,25,0
11742,57,14,25,0
11743,57,14,25,0
11744,57,14,25,0
11745,57,14,25,0
11746,57,14,25,0
11747,57,14,25,0
11748,57,14,25,0
11749,57,14,25,0
11750,57,14,25,0
11751,57,14,25,0
11752,57,14,25,0
11753,57,14,25,0
11754,57,14,25,0
11755,57,14,25,0
11756,57,14,25,0
11757,57,14,25,0
11758,57,14,25,0
11759,57,14,25,0
11760,57,14,25,0
11761,57,14,25,0
11762,57,14,25,0
11763,57,14,25,0
11764,57,14,25,0
11765,57,14,25,0
11766,57,14,25,0
11767,57,14,25,0
11768,57,14,25,0
11769,57,14,25,0
11770,57,14,25,0
11771,57,14,25,0
11772,57,14,25,0
11773,57,14,25,0
11774,57,14,25,0
11775,57,14,25,0
11776,57,14,25,0
11777,57,14,25,0
11778,57,14,25,0
11779,57,14,25,0
11780,57,14,25,0
11781,57,14,25,0
11782,57,14,25,0
11783,57,14,25,0
11784,57,14,25,0
11785,57,14,25,0
11786,57,14,25,0
11787,57,14,25,0
11788,57,14,25,0
11789,57,14,25,0
11790,57,14,25,0
11791,57,14,25,0
11792,57,14,25,0
11793,57,14,25,0
11794,57,14,25,0
11795,57,14,25,0
11796,57,14,25,0
11797,57,14,25,0
11798,57,14,25,0
11799,57,14,25,0
11800,57,14,25,0
11801,57,14,25,0
11802,57,14,25,0
11803,57,14,25,0
11804,57,14,25,0
11805,57,14,25,0
11806,57,14,25,0
11807,57,14,25,0
11808,57,14,25,0
11809,57,14,25,0
11810,57,14,25,0
11811,57,14,25,0
11812,57,14,25,0
11813,57,14,25,0
11814,57,14,25,0
11815,57,14,25,0
11816,57,14,25,0
11817,57,14,25,0
11818,57,14,25,0
11819,57,14,25,0
11820,57,14,25,0
11821,57,14,25,0
11822,57,14,25,0
11823,57,14,25,0
11824,57,14,25,0
11825,57,14,25,0
11826,57,14,25,0
11827,57,14,25,0
11828,57,14,25,0
11829,57,14,25,0
11830,57,14,25,0
11831,57,14,25,0
11832,57,14,25,0
11833,57,14,25,0
11834,57,14,25,0
11835,57,14,25,0
11836,57,14,25,0
11837,57,14,25,0
11838,57,14,25,0
11839,57,14,25,0
11840,57,14,25,0
11841,57,14,25,0
11842,57,14,25,0
11843,57,14,25,0
11844,57,14,25,0
11845,57,14,25,0
11846,57,14,25,0
11847,57,14,25,0
11848,57,14,25,0
11849,57,14,25,0
11850,57,14,25,0
11851,57,14,25,0
11852,57,14,25,0
11853,57,14,25,0
11854,57,14,25,0
11855,57,14,25,0
11856,57,14,25,0
11857,57,14,25,0
11858,57,14,25,0
11859,57,14,25,0
11860,57,14,25,0
11861,57,14,25,0
11862,57,14,25,0
11863,57,14,25,0
11864,57,14,25,0
11865,57,14,25,0
11866,57,14,25,0
11867,57,14,25,0
11868,57,14,25,0
11869,57,14,25,0
11870,57,14,25,0
11871,57,14,25,0
11872,57,14,25,0
11873,57,14,25,0
11874,57,14,25,0
11875,57,14,25,0
11876,57,14,25,0
11877,57,14,25,0
11878,57,14,25,0
11879,57,14,25,0
11880,57,14,25,0
11881,57,14,25,0
11882,57,14,25,0
11883,57,14,25,0
11884,57,14,25,0
11885,57,14,25,0
11886,57,14,25,0
11887,57,14,25,0
11888,57,14,25,0
11889,57,14,25,0
11890,57,14,25,0
11891,57,14,25,0
11892,57,14,25,0
11893,57,14,25,0
11894,57,14,25,0
11895,57,14,25,0
11896,57,14,25,0
11897,57,14,25,0
11898,57,14,25,0
11899,57,14,25,0
11900,57,14,25,0
11901,57,14,25,0
11902,57,14,25,0
11903,57,14,25,0
11904,57,14,25,0
11905,57,14,25,0
11906,57,14,25,0
11907,57,14,25,0
11908,57,14,25,0
11909,57,14,25,0
11910,57,14,25,0
11911,57,14,25,0
11912,57,14,25,0
11913,57,14,25,0
11914,57,14,25,0
11915,57,14,25,0
11916,57,14,25,0
11917,57,14,25,0
11918,57,14,25,0
11919,57,14,25,0
11920,57,14,25,0
11921,57,14,25,0
11922,57,14,25,0
11923,57,14,25,0
11924,57,14,25,0
11925,57,14,25,0
11926,57,14,25,0
11927,57,14,25,0
11928,57,14,25,0
11929,57,14,25,0
11930,57,14,25,0
11931,57,14,25,0
11932,57,14,25,0
11933,57,14,25,0
11934,57,14,25,0
11935,57,14,25,0
11936,57,14,25,0
11937,57,14,25,0
11938,57,14,25,0
11939,57,14,25,0
11940,57,14,25,0
11941,57,14,25,0
11942,57,14,25,0
11943,57,14,25,0
11944,57,14,25,0
11945,57,14,25,0
11946,57,14,25,0
11947,57,14,25,0
11948,57,14,25,0
11949,57,14,25,0
11950,57,14,25,0
11951,57,14,25,0
11952,57,14,25,0
11953,57,14,25,0
11954,57,14,25,0
11955,57,14,25,0
11956,57,14,25,0
11957,57,14,25,0
11958,57,14,25,0
11959,57,14,25,0
11960,57,14,25,0
11961,57,14,25,0
11962,57,14,25,0
11963,57,14,25,0
11964,57,14,25,0
11965,57,14,25,0
11966,57,14,25,0
11967,57,14,25,0
11968,57,14,25,0
11969,57,14,25,0
11970,57,14,25,0
11971,57,14,25,0
11972,57,14,25,0
11973,57,14,25,0
11974,57,14,25,0
11975,57,14,25,0
11976,57,14,25,0
11977,57,14,25,0
11978,57,14,25,0
11979,57,14,25,0
11980,57,14,25,0
11981,57,14,25,0
11982,57,14,25,0
11983,57,14,25,0
11984,57,14,25,0
11985,57,14,25,0
11986,57,14,25,0
11987,57,14,25,0
11988,57,14,25,0
11989,57,14,25,0
11990,57,14,25,0
11991,57,14,25,0
11992,57,14,25,0
11993,57,14,25,0
11994,57,14,25,0
11995,57,14,25,0
11996,57,14,25,0
11997,57,14,25,0
11998,57,14,25,0
11999,57,14,25,0
12000,57,14,25,0
12001,57,14,25,0
12002,57,14,25,0
12003,57,14,25,0
12004,57,14,25,0
12005,57,14,25,0
12006,57,14,25,0
12007,57,14,25,0
12008,57,14,25,0
12009,57,14,25,0
12010,57,14,25,0
12011,57,14,25,0
12012,57,14,25,0
12013,57,14,25,0
12014,57,14,25,0
12015,57,14,25,0
12016,57,14,25,0
12017,57,14,25,0
12018,57,14,25,0
12019,57,14,25,0
12020,57,14,25,0
12021,57,14,25,0
12022,57,14,25,0
12023,57,14,25,0
12024,57,14,25,0
12025,57,14,25,0
12026,57,14,25,0
12027,57,14,25,0
12028,57,14,25,0
12029,57,14,25,0
12030,57,14,25,0
12031,57,14,25,0
12032,57,14,25,0
12033,57,14,25,0
12034,57,14,25,0
12035,57,14,25,0
12036,57,14,25,0
12037,57,14,25,0
12038,57,14,25,0
12039,57,14,25,0
12040,57,14,25,0
12041,57,14,25,0
12042,57,14,25,0
12043,57,14,25,0
12044,57,14,25,0
12045,57,14,25,0
12046,57,14,25,0
12047,57,14,25,0
12048,57,14,25,0
12049,57,14,25,0
12050,57,14,25,0
12051,57,14,25,0
12052,57,14,25,0
12053,57,14,25,0
12054,57,14,25,0
12055,57,14,25,0
12056,57,14,25,0
12057,57,14,25,0
12058,57,14,25,0
12059,57,14,25,0
12060,57,14,25,0
12061,57,14,25,0
12062,57,14,25,0
12063,57,14,25,0
12064,57,14,25,0
12065,57,14,25,0
12066,57,14,25,0
12067,57,14,25,0
12068,57,14,25,0
12069,57,14,25,0
12070,57,14,25,0
12071,57,14,25,0
12072,57,14,25,0
12073,57,14,25,0
12074,57,14,25,0
12075,57,14,25,0
12076,57,14,25,0
12077,57,14,25,0
12078,57,14,25,0
12079,57,14,25,0
12080,57,14,25,0
12081,57,14,25,0
12082,57,14,25,0
12083,57,14,25,0
12084,57,14,25,0
12085,57,14,25,0
12086,57,14,25,0
12087,57,14,25,0
12088,57,14,25,0
12089,57,14,25,0
12090,57,14,25,0
12091,57,14,25,0
12092,57,14,25,0
12093,57,14,25,0
12094,57,14,25,0
12095,57,14,25,0
12096,57,14,25,0
12097,57,14,25,0
12098,57,14,25,0
12099,57,14,25,0
12100,57,14,25,0
12101,57,14,25,0
12102,57,14,25,0
12103,57,14,25,0
12104,57,14,25,0
12105,57,14,25,0
12106,57,14,25,0
12107,57,14,25,0
12108,57,14,25,0
12109,57,14,25,0
12110,57,14,25,0
12111,57,14,25,0
12112,57,14,25,0
12113,57,14,25,0
12114,57,14,25,0
12115,57,14,25,0
12116,57,14,25,0
12117,57,14,25,0
12118,57,14,25,0
12119,57,14,25,0
12120,57,14,25,0
12121,57,14,25,0
12122,57,14,25,0
12123,57,14,25,0
12124,57,14,25,0
12125,57,14,25,0
12126,57,14,25,0
12127,57,14,25,0
12128,57,14,25,0
12129,57,14,25,0
12130,57,14,25,0
12131,57,14,25,0
12132,57,14,25,0
12133,57,14,25,0
12134,57,14,25,0
12135,57,14,25,0
12136,57,14,25,0
12137,57,14,25,0
12138,57,14,25,0
12139,57,14,25,0
12140,57,14,25,0
12141,57,14,25,0
12142,57,14,25,0
12143,57,14,25,0
12144,57,14,25,0
12145,57,14,25,0
12146,57,14,25,0
12147,57,14,25,0
12148,57,14,25,0
12149,57,14,25,0
12150,57,14,25,0
12151,57,14,25,0
12152,57,14,25,0
12153,57,14,25,0
12154,57,14,25,0
12155,57,14,25,0
12156,57,14,25,0
12157,57,14,25,0
12158,57,14,25,0
12159,57,14,25,0
12160,57,14,25,0
12161,57,14,25,0
12162,57,14,25,0
12163,57,14,25,0
12164,57,14,25,0
12165,57,14,25,0
12166,57,14,25,0
12167,57,14,25,0
12168,57,14,25,0
12169,57,14,25,0
12170,57,14,25,0
12171,57,14,25,0
12172,57,14,25,0
12173,57,14,25,0
12174,57,14,25,0
12175,57,14,25,0
12176,57,14,25,0
12177,57,14,25,0
12178,57,14,25,0
12179,57,14,25,0
12180,57,14,25,0
12181,57,14,25,0
12182,57,14,25,0
12183,57,14,25,0
12184,57,14,25,0
12185,57,14,25,0
12186,57,14,25,0
12187,57,14,25,0
12188,57,14,25,0
12189,57,14,25,0
12190,57,14,25,0
12191,57,14,25,0
12192,57,14,25,0
12193,57,14,25,0
12194,57,14,25,0
12195,57,14,25,0
12196,57,14,25,0
12197,57,14,25,0
12198,57,14,25,0
12199,57,14,25,0
12200,57,14,25,0
12201,57,14,25,0
12202,57,14,25,0
12203,57,14,25,0
12204,57,14,25,0
12205,57,14,25,0
12206,57,14,25,0
12207,57,14,25,0
12208,57,14,25,0
12209,57,14,25,0
12210,57,14,25,0
12211,57,14,25,0
12212,57,14,25,0
12213,57,14,25,0
12214,57,14,25,0
12215,57,14,25,0
12216,57,14,25,0
12217,57,14,25,0
12218,57,14,25,0
12219,57,14,25,0
12220,57,14,25,0
12221,57,14,25,0
12222,57,14,25,0
12223,57,14,25,0
12224,57,14,25,0
12225,57,14,25,0
12226,57,14,25,0
12227,57,14,25,0
12228,57,14,25,0
12229,57,14,25,0
12230,57,14,25,0
12231,57,14,25,0
12232,57,14,25,0
12233,57,14,25,0
12234,57,14,25,0
12235,57,14,25,0
12236,57,14,25,0
12237,57,14,25,0
12238,57,14,25,0
12239,57,14,25,0
12240,57,14,25,0
12241,57,14,25,0
12242,57,14,25,0
12243,57,14,25,0
12244,57,14,25,0
12245,57,14,25,0
12246,57,14,25,0
12247,57,14,25,0
12248,57,14,25,0
12249,57,14,25,0
12250,57,14,25,0
12251,57,14,25,0
12252,57,14,25,0
12253,57,14,25,0
12254,57,14,25,0
12255,57,14,25,0
12256,57,14,25,0
12257,57,14,25,0
12258,57,14,25,0
12259,57,14,25,0
12260,57,14,25,0
12261,57,14,25,0
12262,57,14,25,0
12263,57,14,25,0
12264,57,14,25,0
12265,57,14,25,0
12266,57,14,25,0
12267,57,14,25,0
12268,57,14,25,0
12269,57,14,25,0
12270,57,14,25,0
12271,57,14,25,0
12272,57,14,25,0
12273,57,14,25,0
12274,57,14,25,0
12275,57,14,25,0
12276,57,14,25,0
12277,57,14,25,0
12278,57,14,25,0
12279,57,14,25,0
12280,57,14,25,0
12281,57,14,25,0
12282,57,14,25,0
12283,57,14,25,0
12284,57,14,25,0
12285,57,14,25,0
12286,57,14,25,0
12287,57,14,25,0
12288,57,14,25,0
12289,57,14,25,0
12290,57,14,25,0
12291,57,14,25,0
12292,57,14,25,0
12293,57,14,25,0
12294,57,14,25,0
12295,57,14,25,0
12296,57,14,25,0
12297,57,14,25,0
12298,57,14,25,0
12299,57,14,25,0
12300,57,14,25,0
12301,57,14,25,0
12302,57,14,25,0
12303,57,14,25,0
12304,57,14,25,0
12305,57,14,25,0
12306,57,14,25,0
12307,57,14,25,0
12308,57,14,25,0
12309,57,14,25,0
12310,57,14,25,0
12311,57,14,25,0
12312,57,14,25,0
12313,57,14,25,0
12314,57,14,25,0
12315,57,14,25,0
12316,57,14,25,0
12317,57,14,25,0
12318,57,14,25,0
12319,57,14,25,0
12320,57,14,25,0
12321,57,14,25,0
12322,57,14,25,0
12323,57,14,25,0
12324,57,14,25,0
12325,57,14,25,0
12326,57,14,25,0
12327,57,14,25,0
12328,57,14,25,0
12329,57,14,25,0
12330,57,14,25,0
12331,57,14,25,0
12332,57,14,25,0
12333,57,14,25,0
12334,57,14,25,0
12335,57,14,25,0
12336,57,14,25,0
12337,57,14,25,0
12338,57,14,25,0
12339,57,14,25,0
12340,57,14,25,0
12341,57,14,25,0
12342,57,14,25,0
12343,57,14,25,0
12344,57,14,25,0
12345,57,14,25,0
12346,57,14,25,0
12347,57,14,25,0
12348,57,14,25,0
12349,57,14,25,0
12350,57,14,25,0
12351,57,14,25,0
12352,57,14,25,0
12353,57,14,25,0
12354,57,14,25,0
12355,57,14,25,0
12356,57,14,25,0
12357,57,14,25,0
12358,57,14,25,0
12359,57,14,25,0
12360,57,14,25,0
12361,57,14,25,0
12362,57,14,25,0
12363,57,14,25,0
12364,57,14,25,0
12365,57,14,25,0
12366,57,14,25,0
12367,57,14,25,0
12368,57,14,25,0
12369,57,14,25,0
12370,57,14,25,0
12371,57,14,25,0
12372,57,14,25,0
12373,57,14,25,0
12374,57,14,25,0
12375,57,14,25,0
12376,57,14,25,0
12377,57,14,25,0
12378,57,14,25,0
12379,57,14,25,0
12380,57,14,25,0
12381,57,14,25,0
12382,57,14,25,0
12383,57,14,25,0
12384,57,14,25,0
12385,57,14,25,0
12386,57,14,25,0
12387,57,14,25,0
12388,57,14,25,0
12389,57,14,25,0
12390,57,14,25,0
12391,57,14,25,0
12392,57,14,25,0
12393,57,14,25,0
12394,57,14,25,0
12395,57,14,25,0
12396,57,14,25,0
12397,57,14,25,0
12398,57,14,25,0
12399,57,14,25,0
12400,57,14,25,0
12401,57,14,25,0
12402,57,14,25,0
12403,57,14,25,0
12404,57,14,25,0
12405,57,14,25,0
12406,57,14,25,0
12407,57,14,25,0
12408,57,14,25,0
12409,57,14,25,0
12410,57,14,25,0
12411,57,14,25,0
12412,57,14,25,0
12413,57,14,25,0
12414,57,14,25,0
12415,57,14,25,0
12416,57,14,25,0
12417,57,14,25,0
12418,57,14,25,0
12419,57,14,25,0
12420,57,14,25,0
12421,57,14,25,0
12422,57,14,25,0
12423,57,14,25,0
12424,57,14,25,0
12425,57,14,25,0
12426,57,14,25,0
12427,57,14,25,0
12428,57,14,25,0
12429,57,14,25,0
12430,57,14,25,0
12431,57,14,25,0
12432,57,14,25,0
12433,57,14,25,0
12434,57,14,25,0
12435,57,14,25,0
12436,57,14,25,0
12437,57,14,25,0
12438,57,14,25,0
12439,57,14,25,0
12440,57,14,25,0
12441,57,14,25,0
12442,57,14,25,0
12443,57,14,25,0
12444,57,14,25,0
12445,57,14,25,0
12446,57,14,25,0
12447,57,14,25,0
12448,57,14,25,0
12449,57,14,25,0
12450,57,14,25,0
12451,57,14,25,0
12452,57,14,25,0
12453,57,14,25,0
12454,57,14,25,0
12455,57,14,25,0
12456,57,14,25,0
12457,57,14,25,0
12458,57,14,25,0
12459,57,14,25,0
12460,57,14,25,0
12461,57,14,25,0
12462,57,14,25,0
12463,57,14,25,0
12464,57,14,25,0
12465,57,14,25,0
12466,57,14,25,0
12467,57,14,25,0
12468,57,14,25,0
12469,57,14,25,0
12470,57,14,25,0
12471,57,14,25,0
12472,57,14,25,0
12473,57,14,25,0
12474,57,14,25,0
12475,57,14,25,0
12476,57,14,25,0
12477,57,14,25,0
12478,57,14,25,0
12479,57,14,25,0
12480,57,14,25,0
12481,57,14,25,0
12482,57,14,25,0
12483,57,14,25,0
12484,57,14,25,0
12485,57,14,25,0
12486,57,14,25,0
12487,57,14,25,0
12488,57,14,25,0
12489,57,14,25,0
12490,57,14,25,0
12491,57,14,25,0
12492,57,14,25,0
12493,57,14,25,0
12494,57,14,25,0
12495,57,14,25,0
12496,57,14,25,0
12497,57,14,25,0
12498,57,14,25,0
12499,57,14,25,0
12500,57,14,25,0
12501,57,14,25,0
12502,57,14,25,0
12503,57,14,25,0
12504,57,14,25,0
12505,57,14,25,0
12506,57,14,25,0
12507,57,14,25,0
12508,57,14,25,0
12509,57,14,25,0
12510,57,14,25,0
12511,57,14,25,0
12512,57,14,25,0
12513,57,14,25,0
12514,57,14,25,0
12515,57,14,25,0
12516,57,14,25,0
12517,57,14,25,0
12518,57,14,25,0
12519,57,14,25,0
12520,57,14,25,0
12521,57,14,25,0
12522,57,14,25,0
12523,57,14,25,0
12524,57,14,25,0
12525,57,14,25,0
12526,57,14,25,0
12527,57,14,25,0
12528,57,14,25,0
12529,57,14,25,0
12530,57,14,25,0
12531,57,14,25,0
12532,57,14,25,0
12533,57,14,25,0
12534,57,14,25,0
12535,57,14,25,0
12536,57,14,25,0
12537,57,14,25,0
12538,57,14,25,0
12539,57,14,25,0
12540,57,14,25,0
12541,57,14,25,0
12542,57,14,25,0
12543,57,14,25,0
12544,57,14,25,0
12545,57,14,25,0
12546,57,14,25,0
12547,57,14,25,0
12548,57,14,25,0
12549,57,14,25,0
12550,57,14,25,0
12551,57,14,25,0
12552,57,14,25,0
12553,57,14,25,0
12554,57,14,25,0
12555,57,14,25,0
12556,57,14,25,0
12557,57,14,25,0
12558,57,14,25,0
12559,57,14,25,0
12560,57,14,25,0
12561,57,14,25,0
12562,57,14,25,0
12563,57,14,25,0
12564,57,14,25,0
12565,57,14,25,0
12566,57,14,25,0
12567,57,14,25,0
12568,57,14,25,0
12569,57,14,25,0
12570,57,14,25,0
12571,57,14,25,0
12572,57,14,25,0
12573,57,14,25,0
12574,57,14,25,0
12575,57,14,25,0
12576,57,14,25,0
12577,57,14,25,0
12578,57,14,25,0
12579,57,14,25,0
12580,57,14,25,0
12581,57,14,25,0
12582,57,14,25,0
12583,57,14,25,0
12584,57,14,25,0
12585,57,14,25,0
12586,57,14,25,0
12587,57,14,25,0
12588,57,14,25,0
12589,57,14,25,0
12590,57,14,25,0
12591,57,14,25,0
12592,57,14,25,0
12593,57,14,25,0
12594,57,14,25,0
12595,57,14,25,0
12596,57,14,25,0
12597,57,14,25,0
12598,57,14,25,0
12599,57,14,25,0
12600,57,14,25,0
12601,57,14,25,0
12602,57,14,25,0
12603,57,14,25,0
12604,57,14,25,0
12605,57,14,25,0
12606,57,14,25,0
12607,57,14,25,0
12608,57,14,25,0
12609,57,14,25,0
12610,57,14,25,0
12611,57,14,25,0
12612,57,14,25,0
12613,57,14,25,0
12614,57,14,25,0
12615,57,14,25,0
12616,57,14,25,0
12617,57,14,25,0
12618,57,14,25,0
12619,57,14,25,0
12620,57,14,25,0
12621,57,14,25,0
12622,57,14,25,0
12623,57,14,25,0
12624,57,14,25,0
12625,57,14,25,0
12626,57,14,25,0
12627,57,14,25,0
12628,57,14,25,0
12629,57,14,25,0
12630,57,14,25,0
12631,57,14,25,0
12632,57,14,25,0
12633,57,14,25,0
12634,57,14,25,0
12635,57,14,25,0
12636,57,14,25,0
12637,57,14,25,0
12638,57,14,25,0
12639,57,14,25,0
12640,57,14,25,0
12641,57,14,25,0
12642,57,14,25,0
12643,57,14,25,0
12644,57,14,25,0
12645,57,14,25,0
12646,57,14,25,0
12647,57,14,25,0
12648,57,14,25,0
12649,57,14,25,0
12650,57,14,25,0
12651,57,14,25,0
12652,57,14,25,0
12653,57,14,25,0
12654,57,14,25,0
12655,57,14,25,0
12656,57,14,25,0
12657,57,14,25,0
12658,57,14,25,0
12659,57,14,25,0
12660,57,14,25,0
12661,57,14,25,0
12662,57,14,25,0
12663,57,14,25,0
12664,57,14,25,0
12665,57,14,25,0
12666,57,14,25,0
12667,57,14,25,0
12668,57,14,25,0
12669,57,14,25,0
12670,57,14,25,0
12671,57,14,25,0
12672,57,14,25,0
12673,57,14,25,0
12674,57,14,25,0
12675,57,14,25,0
12676,57,14,25,0
12677,57,14,25,0
12678,57,14,25,0
12679,57,14,25,0
12680,57,14,25,0
12681,57,14,25,0
12682,57,14,25,0
12683,57,14,25,0
12684,57,14,25,0
12685,57,14,25,0
12686,57,14,25,0
12687,57,14,25,0
12688,57,14,25,0
12689,57,14,25,0
12690,57,14,25,0
12691,57,14,25,0
12692,57,14,25,0
12693,57,14,25,0
12694,57,14,25,0
12695,57,14,25,0
12696,57,14,25,0
12697,57,14,25,0
12698,57,14,25,0
12699,57,14,25,0
12700,57,14,25,0
12701,57,14,25,0
12702,57,14,25,0
12703,57,14,25,0
12704,57,14,25,0
12705,57,14,25,0
12706,57,14,25,0
12707,57,14,25,0
12708,57,14,25,0
12709,57,14,25,0
12710,57,14,25,0
12711,57,14,25,0
12712,57,14,25,0
12713,57,14,25,0
12714,57,14,25,0
12715,57,14,25,0
12716,57,14,25,0
12717,57,14,25,0
12718,57,14,25,0
12719,57,14,25,0
12720,57,14,25,0
12721,57,14,25,0
12722,57,14,25,0
12723,57,14,25,0
12724,57,14,25,0
12725,57,14,25,0
12726,57,14,25,0
12727,57,14,25,0
12728,57,14,25,0
12729,57,14,25,0
12730,57,14,25,0
12731,57,14,25,0
12732,57,14,25,0
12733,57,14,25,0
12734,57,14,25,0
12735,57,14,25,0
12736,57,14,25,0
12737,57,14,25,0
12738,57,14,25,0
12739,57,14,25,0
12740,57,14,25,0
12741,57,14,25,0
12742,57,14,25,0
12743,57,14,25,0
12744,57,14,25,0
12745,57,14,25,0
12746,57,14,25,0
12747,57,14,25,0
12748,57,14,25,0
12749,57,14,25,0
12750,57,14,25,0
12751,57,14,25,0
12752,57,14,25,0
12753,57,14,25,0
12754,57,14,25,0
12755,57,14,25,0
12756,57,14,25,0
12757,57,14,25,0
12758,57,14,25,0
12759,57,14,25,0
12760,57,14,25,0
12761,57,14,25,0
12762,57,14,25,0
12763,57,14,25,0
12764,57,14,25,0
12765,57,14,25,0
12766,57,14,25,0
12767,57,14,25,0
12768,57,14,25,0
12769,57,14,25,0
12770,57,14,25,0
12771,57,14,25,0
12772,57,14,25,0
12773,57,14,25,0
12774,57,14,25,0
12775,57,14,25,0
12776,57,14,25,0
12777,57,14,25,0
12778,57,14,25,0
12779,57,14,25,0
12780,57,14,25,0
12781,57,14,25,0
12782,57,14,25,0
12783,57,14,25,0
12784,57,14,25,0
12785,57,14,25,0
12786,57,14,25,0
12787,57,14,25,0
12788,57,14,25,0
12789,57,14,25,0
12790,57,14,25,0
12791,57,14,25,0
12792,57,14,25,0
12793,57,14,25,0
12794,57,14,25,0
12795,57,14,25,0
12796,57,14,25,0
12797,57,14,25,0
12798,57,14,25,0
12799,57,14,25,0
12800,57,14,25,0
12801,57,14,25,0
12802,57,14,25,0
12803,57,14,25,0
12804,57,14,25,0
12805,57,14,25,0
12806,57,14,25,0
12807,57,14,25,0
12808,57,14,25,0
12809,57,14,25,0
12810,57,14,25,0
12811,57,14,25,0
12812,57,14,25,0
12813,57,14,25,0
12814,57,14,25,0
12815,57,14,25,0
12816,57,14,25,0
12817,57,14,25,0
12818,57,14,25,0
12819,57,14,25,0
12820,57,14,25,0
12821,57,14,25,0
12822,57,14,25,0
12823,57,14,25,0
12824,57,14,25,0
12825,57,14,25,0
12826,57,14,25,0
12827,57,14,25,0
12828,57,14,25,0
12829,57,14,25,0
12830,57,14,25,0
12831,57,14,25,0
12832,57,14,25,0
12833,57,14,25,0
12834,57,14,25,0
12835,57,14,25,0
12836,57,14,25,0
12837,57,14,25,0
12838,57,14,25,0
12839,57,14,25,0
12840,57,14,25,0
12841,57,14,25,0
12842,57,14,25,0
12843,57,14,25,0
12844,57,14,25,0
12845,57,14,25,0
12846,57,14,25,0
12847,57,14,25,0
12848,57,14,25,0
12849,57,14,25,0
12850,57,14,25,0
12851,57,14,25,0
12852,57,14,25,0
12853,57,14,25,0
12854,57,14,25,0
12855,57,14,25,0
12856,57,14,25,0
12857,57,14,25,0
12858,57,14,25,0
12859,57,14,25,0
12860,57,14,25,0
12861,57,14,25,0
12862,57,14,25,0
12863,57,14,25,0
12864,57,14,25,0
12865,57,14,25,0
12866,57,14,25,0
12867,57,14,25,0
12868,57,14,25,0
12869,57,14,25,0
12870,57,14,25,0
12871,57,14,25,0
12872,57,14,25,0
12873,57,14,25,0
12874,57,14,25,0
12875,57,14,25,0
12876,57,14,25,0
12877,57,14,25,0
12878,57,14,25,0
12879,57,14,25,0
12880,57,14,25,0
12881,57,14,25,0
12882,57,14,25,0
12883,57,14,25,0
12884,57,14,25,0
12885,57,14,25,0
12886,57,14,25,0
12887,57,14,25,0
12888,57,14,25,0
12889,57,14,25,0
12890,57,14,25,0
12891,57,14,25,0
12892,57,14,25,0
12893,57,14,25,0
12894,57,14,25,0
12895,57,14,25,0
12896,57,14,25,0
12897,57,14,25,0
12898,57,14,25,0
12899,57,14,25,0
12900,57,14,25,0
12901,57,14,25,0
12902,57,14,25,0
12903,57,14,25,0
12904,57,14,25,0
12905,57,14,25,0
12906,57,14,25,0
12907,57,14,25,0
12908,57,14,25,0
12909,57,14,25,0
12910,57,14,25,0
12911,57,14,25,0
12912,57,14,25,0
12913,57,14,25,0
12914,57,14,25,0
12915,57,14,25,0
12916,57,14,25,0
12917,57,14,25,0
12918,57,14,25,0
12919,57,14,25,0
12920,57,14,25,0
12921,57,14,25,0
12922,57,14,25,0
12923,57,14,25,0
12924,57,14,25,0
12925,57,14,25,0
12926,57,14,25,0
12927,57,14,25,0
12928,57,14,25,0
12929,57,14,25,0
12930,57,14,25,0
12931,57,14,25,0
12932,57,14,25,0
12933,57,14,25,0
12934,57,14,25,0
12935,57,14,25,0
12936,57,14,25,0
12937,57,14,25,0
12938,57,14,25,0
12939,57,14,25,0
12940,57,14,25,0
12941,57,14,25,0
12942,57,14,25,0
12943,57,14,25,0
12944,57,14,25,0
12945,57,14,25,0
12946,57,14,25,0
12947,57,14,25,0
12948,57,14,25,0
12949,57,14,25,0
12950,57,14,25,0
12951,57,14,25,0
12952,57,14,25,0
12953,57,14,25,0
12954,57,14,25,0
12955,57,14,25,0
12956,57,14,25,0
12957,57,14,25,0
12958,57,14,25,0
12959,57,14,25,0
12960,57,14,25,0
12961,57,14,25,0
12962,57,14,25,0
12963,57,14,25,0
12964,57,14,25,0
12965,57,14,25,0
12966,57,14,25,0
12967,57,14,25,0
12968,57,14,25,0
12969,57,14,25,0
12970,57,14,25,0
12971,57,14,25,0
12972,57,14,25,0
12973,57,14,25,0
12974,57,14,25,0
12975,57,14,25,0
12976,57,14,25,0
12977,57,14,25,0
12978,57,14,25,0
12979,57,14,25,0
12980,57,14,25,0
12981,57,14,25,0
12982,57,14,25,0
12983,57,14,25,0
12984,57,14,25,0
12985,57,14,25,0
12986,57,14,25,0
12987,57,14,25,0
12988,57,14,25,0
12989,57,14,25,0
12990,57,14,25,0
12991,57,14,25,0
12992,57,14,25,0
12993,57,14,25,0
12994,57,14,25,0
12995,57,14,25,0
12996,57,14,25,0
12997,57,14,25,0
12998,57,14,25,0
12999,57,14,25,0
13000,57,14,25,0
13001,57,14,25,0
13002,57,14,25,0
13003,57,14,25,0
13004,57,14,25,0
13005,57,14,25,0
13006,57,14,25,0
13007,57,14,25,0
13008,57,14,25,0
13009,57,14,25,0
13010,57,14,25,0
13011,57,14,25,0
13012,57,14,25,0
13013,57,14,25,0
13014,57,14,25,0
13015,57,14,25,0
13016,57,14,25,0
13017,57,14,25,0
13018,57,14,25,0
13019,57,14,25,0
13020,57,14,25,0
13021,57,14,25,0
13022,57,14,25,0
13023,57,14,25,0
13024,57,14,25,0
13025,57,14,25,0
13026,57,14,25,0
13027,57,14,25,0
13028,57,14,25,0
13029,57,14,25,0
13030,57,14,25,0
13031,57,14,25,0
13032,57,14,25,0
13033,57,14,25,0
13034,57,14,25,0
13035,57,14,25,0
13036,57,14,25,0
13037,57,14,25,0
13038,57,14,25,0
13039,57,14,25,0
13040,57,14,25,0
13041,57,14,25,0
13042,57,14,25,0
13043,57,14,25,0
13044,57,14,25,0
13045,57,14,25,0
13046,57,14,25,0
13047,57,14,25,0
13048,57,14,25,0
13049,57,14,25,0
13050,57,14,25,0
13051,57,14,25,0
13052,57,14,25,0
13053,57,14,25,0
13054,57,14,25,0
13055,57,14,25,0
13056,57,14,25,0
13057,57,14,25,0
13058,57,14,25,0
13059,57,14,25,0
13060,57,14,25,0
13061,57,14,25,0
13062,57,14,25,0
13063,57,14,25,0
13064,57,14,25,0
13065,57,14,25,0
13066,57,14,25,0
13067,57,14,25,0
13068,57,14,25,0
13069,57,14,25,0
13070,57,14,25,0
13071,57,14,25,0
13072,57,14,25,0
13073,57,14,25,0
13074,57,14,25,0
13075,57,14,25,0
13076,57,14,25,0
13077,57,14,25,0
13078,57,14,25,0
13079,57,14,25,0
13080,57,14,25,0
13081,57,14,25,0
13082,57,14,25,0
13083,57,14,25,0
13084,57,14,25,0
13085,57,14,25,0
13086,57,14,25,0
13087,57,14,25,0
13088,57,14,25,0
13089,57,14,25,0
13090,57,14,25,0
13091,57,14,25,0
13092,57,14,25,0
13093,57,14,25,0
13094,57,14,25,0
13095,57,14,25,0
13096,57,14,25,0
13097,57,14,25,0
13098,57,14,25,0
13099,57,14,25,0
13100,57,14,25,0
13101,57,14,25,0
13102,57,14,25,0
13103,57,14,25,0
13104,57,14,25,0
13105,57,14,25,0
13106,57,14,25,0
13107,57,14,25,0
13108,57,14,25,0
13109,57,14,25,0
13110,57,14,25,0
13111,57,14,25,0
13112,57,14,25,0
13113,57,14,25,0
13114,57,14,25,0
13115,57,14,25,0
13116,57,14,25,0
13117,57,14,25,0
13118,57,14,25,0
13119,57,14,25,0
13120,57,14,25,0
13121,57,14,25,0
13122,57,14,25,0
13123,57,14,25,0
13124,57,14,25,0
13125,57,14,25,0
13126,57,14,25,0
13127,57,14,25,0
13128,57,14,25,0
13129,57,14,25,0
13130,57,14,25,0
13131,57,14,25,0
13132,57,14,25,0
13133,57,14,25,0
13134,57,14,25,0
13135,57,14,25,0
13136,57,14,25,0
13137,57,14,25,0
13138,57,14,25,0
13139,57,14,25,0
13140,57,14,25,0
13141,57,14,25,0
13142,57,14,25,0
13143,57,14,25,0
13144,57,14,25,0
13145,57,14,25,0
13146,57,14,25,0
13147,57,14,25,0
13148,57,14,25,0
13149,57,14,25,0
13150,57,14,25,0
13151,57,14,25,0
13152,57,14,25,0
13153,57,14,25,0
13154,57,14,25,0
13155,57,14,25,0
13156,57,14,25,0
13157,57,14,25,0
13158,57,14,25,0
13159,57,14,25,0
13160,57,14,25,0
13161,57,14,25,0
13162,57,14,25,0
13163,57,14,25,0
13164,57,14,25,0
13165,57,14,25,0
13166,57,14,25,0
13167,57,14,25,0
13168,57,14,25,0
13169,57,14,25,0
13170,57,14,25,0
13171,57,14,25,0
13172,57,14,25,0
13173,57,14,25,0
13174,57,14,25,0
13175,57,14,25,0
13176,57,14,25,0
13177,57,14,25,0
13178,57,14,25,0
13179,57,14,25,0
13180,57,14,25,0
13181,57,14,25,0
13182,57,14,25,0
13183,57,14,25,0
13184,57,14,25,0
13185,57,14,25,0
13186,57,14,25,0
13187,57,14,25,0
13188,57,14,25,0
13189,57,14,25,0
13190,57,14,25,0
13191,57,14,25,0
13192,57,14,25,0
13193,57,14,25,0
13194,57,14,25,0
13195,57,14,25,0
13196,57,14,25,0
13197,57,14,25,0
13198,57,14,25,0
13199,57,14,25,0
13200,57,14,25,0
13201,57,14,25,0
13202,57,14,25,0
13203,57,14,25,0
13204,57,14,25,0
13205,57,14,25,0
13206,57,14,25,0
13207,57,14,25,0
13208,57,14,25,0
13209,57,14,25,0
13210,57,14,25,0
13211,57,14,25,0
13212,57,14,25,0
13213,57,14,25,0
13214,57,14,25,0
13215,57,14,25,0
13216,57,14,25,0
13217,57,14,25,0
13218,57,14,25,0
13219,57,14,25,0
13220,57,14,25,0
13221,57,14,25,0
13222,57,14,25,0
13223,57,14,25,0
13224,57,14,25,0
13225,57,14,25,0
13226,57,14,25,0
13227,57,14,25,0
13228,57,14,25,0
13229,57,14,25,0
13230,57,14,25,0
13231,57,14,25,0
13232,57,14,25,0
13233,57,14,25,0
13234,57,14,25,0
13235,57,14,25,0
13236,57,14,25,0
13237,57,14,25,0
13238,57,14,25,0
13239,57,14,25,0
13240,57,14,25,0
13241,57,14,25,0
13242,57,14,25,0
13243,57,14,25,0
13244,57,14,25,0
13245,57,14,25,0
13246,57,14,25,0
13247,57,14,25,0
13248,57,14,25,0
13249,57,14,25,0
13250,57,14,25,0
13251,57,14,25,0
13252,57,14,25,0
13253,57,14,25,0
13254,57,14,25,0
13255,57,14,25,0
13256,57,14,25,0
13257,57,14,25,0
13258,57,14,25,0
13259,57,14,25,0
13260,57,14,25,0
13261,57,14,25,0
13262,57,14,25,0
13263,57,14,25,0
13264,57,14,25,0
13265,57,14,25,0
13266,57,14,25,0
13267,57,14,25,0
13268,57,14,25,0
13269,57,14,25,0
13270,57,14,25,0
13271,57,14,25,0
13272,57,14,25,0
13273,57,14,25,0
13274,57,14,25,0
13275,57,14,25,0
13276,57,14,25,0
13277,57,14,25,0
13278,57,14,25,0
13279,57,14,25,0
13280,57,14,25,0
13281,57,14,25,0
13282,57,14,25,0
13283,57,14,25,0
13284,57,14,25,0
13285,57,14,25,0
13286,57,14,25,0
13287,57,14,25,0
13288,57,14,25,0
13289,57,14,25,0
13290,57,14,25,0
13291,57,14,25,0
13292,57,14,25,0
13293,57,14,25,0
13294,57,14,25,0
13295,57,14,25,0
13296,57,14,25,0
13297,57,14,25,0
13298,57,14,25,0
13299,57,14,25,0
13300,57,14,25,0
13301,57,14,25,0
13302,57,14,25,0
13303,57,14,25,0
13304,57,14,25,0
13305,57,14,25,0
13306,57,14,25,0
13307,57,14,25,0
13308,57,14,25,0
13309,57,14,25,0
13310,57,14,25,0
13311,57,14,25,0
13312,57,14,25,0
13313,57,14,25,0
13314,57,14,25,0
13315,57,14,25,0
13316,57,14,25,0
13317,57,14,25,0
13318,57,14,25,0
13319,57,14,25,0
13320,57,14,25,0
13321,57,14,25,0
13322,57,14,25,0
13323,57,14,25,0
13324,57,14,25,0
13325,57,14,25,0
13326,57,14,25,0
13327,57,14,25,0
13328,57,14,25,0
13329,57,14,25,0
13330,57,14,25,0
13331,57,14,25,0
13332,57,14,25,0
13333,57,14,25,0
13334,57,14,25,0
13335,57,14,25,0
13336,57,14,25,0
13337,57,14,25,0
13338,57,14,25,0
13339,57,14,25,0
13340,57,14,25,0
13341,57,14,25,0
13342,57,14,25,0
13343,57,14,25,0
13344,57,14,25,0
13345,57,14,25,0
13346,57,14,25,0
13347,57,14,25,0
13348,57,14,25,0
13349,57,14,25,0
13350,57,14,25,0
13351,57,14,25,0
13352,57,14,25,0
13353,57,14,25,0
13354,57,14,25,0
13355,57,14,25,0
13356,57,14,25,0
13357,57,14,25,0
13358,57,14,25,0
13359,57,14,25,0
13360,57,14,25,0
13361,57,14,25,0
13362,57,14,25,0
13363,57,14,25,0
13364,57,14,25,0
13365,57,14,25,0
13366,57,14,25,0
13367,57,14,25,0
13368,57,14,25,0
13369,57,14,25,0
13370,57,14,25,0
13371,57,14,25,0
13372,57,14,25,0
13373,57,14,25,0
13374,57,14,25,0
13375,57,14,25,0
13376,57,14,25,0
13377,57,14,25,0
13378,57,14,25,0
13379,57,14,25,0
13380,57,14,25,0
13381,57,14,25,0
13382,57,14,25,0
13383,57,14,25,0
13384,57,14,25,0
13385,57,14,25,0
13386,57,14,25,0
13387,57,14,25,0
13388,57,14,25,0
13389,57,14,25,0
13390,57,14,25,0
13391,57,14,25,0
13392,57,14,25,0
13393,57,14,25,0
13394,57,14,25,0
13395,57,14,25,0
13396,57,14,25,0
13397,57,14,25,0
13398,57,14,25,0
13399,57,14,25,0
13400,57,14,25,0
13401,57,14,25,0
13402,57,14,25,0
13403,57,14,25,0
13404,57,14,25,0
13405,57,14,25,0
13406,57,14,25,0
13407,57,14,25,0
13408,57,14,25,0
13409,57,14,25,0
13410,57,14,25,0
13411,57,14,25,0
13412,57,14,25,0
13413,57,14,25,0
13414,57,14,25,0
13415,57,14,25,0
13416,57,14,25,0
13417,57,14,25,0
13418,57,14,25,0
13419,57,14,25,0
13420,57,14,25,0
13421,57,14,25,0
13422,57,14,25,0
13423,57,14,25,0
13424,57,14,25,0
13425,57,14,25,0
13426,57,14,25,0
13427,57,14,25,0
13428,57,14,25,0
13429,57,14,25,0
13430,57,14,25,0
13431,57,14,25,0
13432,57,14,25,0
13433,57,14,25,0
13434,57,14,25,0
13435,57,14,25,0
13436,57,14,25,0
13437,57,14,25,0
13438,57,14,25,0
13439,57,14,25,0
13440,57,14,25,0
13441,57,14,25,0
13442,57,14,25,0
13443,57,14,25,0
13444,57,14,25,0
13445,57,14,25,0
13446,57,14,25,0
13447,57,14,25,0
13448,57,14,25,0
13449,57,14,25,0
13450,57,14,25,0
13451,57,14,25,0
13452,57,14,25,0
13453,57,14,25,0
13454,57,14,25,0
13455,57,14,25,0
13456,57,14,25,0
13457,57,14,25,0
13458,57,14,25,0
13459,57,14,25,0
13460,57,14,25,0
13461,57,14,25,0
13462,57,14,25,0
13463,57,14,25,0
13464,57,14,25,0
13465,57,14,25,0
13466,57,14,25,0
13467,57,14,25,0
13468,57,14,25,0
13469,57,14,25,0
13470,57,14,25,0
13471,57,14,25,0
13472,57,14,25,0
13473,57,14,25,0
13474,57,14,25,0
13475,57,14,25,0
13476,57,14,25,0
13477,57,14,25,0
13478,57,14,25,0
13479,57,14,25,0
13480,57,14,25,0
13481,57,14,25,0
13482,57,14,25,0
13483,57,14,25,0
13484,57,14,25,0
13485,57,14,25,0
13486,57,14,25,0
13487,57,14,25,0
13488,57,14,25,0
13489,57,14,25,0
13490,57,14,25,0
13491,57,14,25,0
13492,57,14,25,0
13493,57,14,25,0
13494,57,14,25,0
13495,57,14,25,0
13496,57,14,25,0
13497,57,14,25,0
13498,57,14,25,0
13499,57,14,25,0
13500,57,14,25,0
13501,57,14,25,0
13502,57,14,25,0
13503,57,14,25,0
13504,57,14,25,0
13505,57,14,25,0
13506,57,14,25,0
13507,57,14,25,0
13508,57,14,25,0
13509,57,14,25,0
13510,57,14,25,0
13511,57,14,25,0
13512,57,14,25,0
13513,57,14,25,0
13514,57,14,25,0
13515,57,14,25,0
13516,57,14,25,0
13517,57,14,25,0
13518,57,14,25,0
13519,57,14,25,0
13520,57,14,25,0
13521,57,14,25,0
13522,57,14,25,0
13523,57,14,25,0
13524,57,14,25,0
13525,57,14,25,0
13526,57,14,25,0
13527,57,14,25,0
13528,57,14,25,0
13529,57,14,25,0
13530,57,14,25,0
13531,57,14,25,0
13532,57,14,25,0
13533,57,14,25,0
13534,57,14,25,0
13535,57,14,25,0
13536,57,14,25,0
13537,57,14,25,0
13538,57,14,25,0
13539,57,14,25,0
13540,57,14,25,0
13541,57,14,25,0
13542,57,14,25,0
13543,57,14,25,0
13544,57,14,25,0
13545,57,14,25,0
13546,57,14,25,0
13547,57,14,25,0
13548,57,14,25,0
13549,57,14,25,0
13550,57,14,25,0
13551,57,14,25,0
13552,57,14,25,0
13553,57,14,25,0
13554,57,14,25,0
13555,57,14,25,0
13556,57,14,25,0
13557,57,14,25,0
13558,57,14,25,0
13559,57,14,25,0
13560,57,14,25,0
13561,57,14,25,0
13562,57,14,25,0
13563,57,14,25,0
13564,57,14,25,0
13565,57,14,25,0
13566,57,14,25,0
13567,57,14,25,0
13568,57,14,25,0
13569,57,14,25,0
13570,57,14,25,0
13571,57,14,25,0
13572,57,14,25,0
13573,57,14,25,0
13574,57,14,25,0
13575,57,14,25,0
13576,57,14,25,0
13577,57,14,25,0
13578,57,14,25,0
13579,57,14,25,0
13580,57,14,25,0
13581,57,14,25,0
13582,57,14,25,0
13583,57,14,25,0
13584,57,14,25,0
13585,57,14,25,0
13586,57,14,25,0
13587,57,14,25,0
13588,57,14,25,0
13589,57,14,25,0
13590,57,14,25,0
13591,57,14,25,0
13592,57,14,25,0
13593,57,14,25,0
13594,57,14,25,0
13595,57,14,25,0
13596,57,14,25,0
13597,57,14,25,0
13598,57,14,25,0
13599,57,14,25,0
13600,57,14,25,0
13601,57,14,25,0
13602,57,14,25,0
13603,57,14,25,0
13604,57,14,25,0
13605,57,14,25,0
13606,57,14,25,0
13607,57,14,25,0
13608,57,14,25,0
13609,57,14,25,0
13610,57,14,25,0
13611,57,14,25,0
13612,57,14,25,0
13613,57,14,25,0
13614,57,14,25,0
13615,57,14,25,0
13616,57,14,25,0
13617,57,14,25,0
13618,57,14,25,0
13619,57,14,25,0
13620,57,14,25,0
13621,57,14,25,0
13622,57,14,25,0
13623,57,14,25,0
13624,57,14,25,0
13625,57,14,25,0
13626,57,14,25,0
13627,57,14,25,0
13628,57,14,25,0
13629,57,14,25,0
13630,57,14,25,0
13631,57,14,25,0
13632,57,14,25,0
13633,57,14,25,0
13634,57,14,25,0
13635,57,14,25,0
13636,57,14,25,0
13637,57,14,25,0
13638,57,14,25,0
13639,57,14,25,0
13640,57,14,25,0
13641,57,14,25,0
13642,57,14,25,0
13643,57,14,25,0
13644,57,14,25,0
13645,57,14,25,0
13646,57,14,25,0
13647,57,14,25,0
13648,57,14,25,0
13649,57,14,25,0
13650,57,14,25,0
13651,57,14,25,0
13652,57,14,25,0
13653,57,14,25,0
13654,57,14,25,0
13655,57,14,25,0
13656,57,14,25,0
13657,57,14,25,0
13658,57,14,25,0
13659,57,14,25,0
13660,57,14,25,0
13661,57,14,25,0
13662,57,14,25,0
13663,57,14,25,0
13664,57,14,25,0
13665,57,14,25,0
13666,57,14,25,0
13667,57,14,25,0
13668,57,14,25,0
13669,57,14,25,0
13670,57,14,25,0
13671,57,14,25,0
13672,57,14,25,0
13673,57,14,25,0
13674,57,14,25,0
13675,57,14,25,0
13676,57,14,25,0
13677,57,14,25,0
13678,57,14,25,0
13679,57,14,25,0
13680,57,14,25,0
13681,57,14,25,0
13682,57,14,25,0
13683,57,14,25,0
13684,57,14,25,0
13685,57,14,25,0
13686,57,14,25,0
13687,57,14,25,0
13688,57,14,25,0
13689,57,14,25,0
13690,57,14,25,0
13691,57,14,25,0
13692,57,14,25,0
13693,57,14,25,0
13694,57,14,25,0
13695,57,14,25,0
13696,57,14,25,0
13697,57,14,25,0
13698,57,14,25,0
13699,57,14,25,0
13700,57,14,25,0
13701,57,14,25,0
13702,57,14,25,0
13703,57,14,25,0
13704,57,14,25,0
13705,57,14,25,0
13706,57,14,25,0
13707,57,14,25,0
13708,57,14,25,0
13709,57,14,25,0
13710,57,14,25,0
13711,57,14,25,0
13712,57,14,25,0
13713,57,14,25,0
13714,57,14,25,0
13715,57,14,25,0
13716,57,14,25,0
13717,57,14,25,0
13718,57,14,25,0
13719,57,14,25,0
13720,57,14,25,0
13721,57,14,25,0
13722,57,14,25,0
13723,57,14,25,0
13724,57,14,25,0
13725,57,14,25,0
13726,57,14,25,0
13727,57,14,25,0
13728,57,14,25,0
13729,57,14,25,0
13730,57,14,25,0
13731,57,14,25,0
13732,57,14,25,0
13733,57,14,25,0
13734,57,14,25,0
13735,57,14,25,0
13736,57,14,25,0
13737,57,14,25,0
13738,57,14,25,0
13739,57,14,25,0
13740,57,14,25,0
13741,57,14,25,0
13742,57,14,25,0
13743,57,14,25,0
13744,57,14,25,0
13745,57,14,25,0
13746,57,14,25,0
13747,57,14,25,0
13748,57,14,25,0
13749,57,14,25,0
13750,57,14,25,0
13751,57,14,25,0
13752,57,14,25,0
13753,57,14,25,0
13754,57,14,25,0
13755,57,14,25,0
13756,57,14,25,0
13757,57,14,25,0
13758,57,14,25,0
13759,57,14,25,0
13760,57,14,25,0
13761,57,14,25,0
13762,57,14,25,0
13763,57,14,25,0
13764,57,14,25,0
13765,57,14,25,0
13766,57,14,25,0
13767,57,14,25,0
13768,57,14,25,0
13769,57,14,25,0
13770,57,14,25,0
13771,57,14,25,0
13772,57,14,25,0
13773,57,14,25,0
13774,57,14,25,0
13775,57,14,25,0
13776,57,14,25,0
13777,57,14,25,0
13778,57,14,25,0
13779,57,14,25,0
13780,57,14,25,0
13781,57,14,25,0
13782,57,14,25,0
13783,57,14,25,0
13784,57,14,25,0
13785,57,14,25,0
13786,57,14,25,0
13787,57,14,25,0
13788,57,14,25,0
13789,57,14,25,0
13790,57,14,25,0
13791,57,14,25,0
13792,57,14,25,0
13793,57,14,25,0
13794,57,14,25,0
13795,57,14,25,0
13796,57,14,25,0
13797,57,14,25,0
13798,57,14,25,0
13799,57,14,25,0
13800,57,14,25,0
13801,57,14,25,0
13802,57,14,25,0
13803,57,14,25,0
13804,57,14,25,0
13805,57,14,25,0
13806,57,14,25,0
13807,57,14,25,0
13808,57,14,25,0
13809,57,14,25,0
13810,57,14,25,0
13811,57,14,25,0
13812,57,14,25,0
13813,57,14,25,0
13814,57,14,25,0
13815,57,14,25,0
13816,57,14,25,0
13817,57,14,25,0
13818,57,14,25,0
13819,57,14,25,0
13820,57,14,25,0
13821,57,14,25,0
13822,57,14,25,0
13823,57,14,25,0
13824,57,14,25,0
13825,57,14,25,0
13826,57,14,25,0
13827,57,14,25,0
13828,57,14,25,0
13829,57,14,25,0
13830,57,14,25,0
13831,57,14,25,0
13832,57,14,25,0
13833,57,14,25,0
13834,57,14,25,0
13835,57,14,25,0
13836,57,14,25,0
13837,57,14,25,0
13838,57,14,25,0
13839,57,14,25,0
13840,57,14,25,0
13841,57,14,25,0
13842,57,14,25,0
13843,57,14,25,0
13844,57,14,25,0
13845,57,14,25,0
13846,57,14,25,0
13847,57,14,25,0
13848,57,14,25,0
13849,57,14,25,0
13850,57,14,25,0
13851,57,14,25,0
13852,57,14,25,0
13853,57,14,25,0
13854,57,14,25,0
13855,57,14,25,0
13856,57,14,25,0
13857,57,14,25,0
13858,57,14,25,0
13859,57,14,25,0
13860,57,14,25,0
13861,57,14,25,0
13862,57,14,25,0
13863,57,14,25,0
13864,57,14,25,0
13865,57,14,25,0
13866,57,14,25,0
13867,57,14,25,0
13868,57,14,25,0
13869,57,14,25,0
13870,57,14,25,0
13871,57,14,25,0
13872,57,14,25,0
13873,57,14,25,0
13874,57,14,25,0
13875,57,14,25,0
13876,57,14,25,0
13877,57,14,25,0
13878,57,14,25,0
13879,57,14,25,0
13880,57,14,25,0
13881,57,14,25,0
13882,57,14,25,0
13883,57,14,25,0
13884,57,14,25,0
13885,57,14,25,0
13886,57,14,25,0
13887,57,14,25,0
13888,57,14,25,0
13889,57,14,25,0
13890,57,14,25,0
13891,57,14,25,0
13892,57,14,25,0
13893,57,14,25,0
13894,57,14,25,0
13895,57,14,25,0
13896,57,14,25,0
13897,57,14,25,0
13898,57,14,25,0
13899,57,14,25,0
13900,57,14,25,0
13901,57,14,25,0
13902,57,14,25,0
13903,57,14,25,0
13904,57,14,25,0
13905,57,14,25,0
13906,57,14,25,0
13907,57,14,25,0
13908,57,14,25,0
13909,57,14,25,0
13910,57,14,25,0
13911,57,14,25,0
13912,57,14,25,0
13913,57,14,25,0
13914,57,14,25,0
13915,57,14,25,0
13916,57,14,25,0
13917,57,14,25,0
13918,57,14,25,0
13919,57,14,25,0
13920,57,14,25,0
13921,57,14,25,0
13922,57,14,25,0
13923,57,14,25,0
13924,57,14,25,0
13925,57,14,25,0
13926,57,14,25,0
13927,57,14,25,0
13928,57,14,25,0
13929,57,14,25,0
13930,57,14,25,0
13931,57,14,25,0
13932,57,14,25,0
13933,57,14,25,0
13934,57,14,25,0
13935,57,14,25,0
13936,57,14,25,0
13937,57,14,25,0
13938,57,14,25,0
13939,57,14,25,0
13940,57,14,25,0
13941,57,14,25,0
13942,57,14,25,0
13943,57,14,25,0
13944,57,14,25,0
13945,57,14,25,0
13946,57,14,25,0
13947,57,14,25,0
13948,57,14,25,0
13949,57,14,25,0
13950,57,14,25,0
13951,57,14,25,0
13952,57,14,25,0
13953,57,14,25,0
13954,57,14,25,0
13955,57,14,25,0
13956,57,14,25,0
13957,57,14,25,0
13958,57,14,25,0
13959,57,14,25,0
13960,57,14,25,0
13961,57,14,25,0
13962,57,14,25,0
13963,57,14,25,0
13964,57,14,25,0
13965,57,14,25,0
13966,57,14,25,0
13967,57,14,25,0
13968,57,14,25,0
13969,57,14,25,0
13970,57,14,25,0
13971,57,14,25,0
13972,57,14,25,0
13973,57,14,25,0
13974,57,14,25,0
13975,57,14,25,0
13976,57,14,25,0
13977,57,14,25,0
13978,57,14,25,0
13979,57,14,25,0
13980,57,14,25,0
13981,57,14,25,0
13982,57,14,25,0
13983,57,14,25,0
13984,57,14,25,0
13985,57,14,25,0
13986,57,14,25,0
13987,57,14,25,0
13988,57,14,25,0
13989,57,14,25,0
13990,57,14,25,0
13991,57,14,25,0
13992,57,14,25,0
13993,57,14,25,0
13994,57,14,25,0
13995,57,14,25,0
13996,57,14,25,0
13997,57,14,25,0
13998,57,14,25,0
13999,57,14,25,0
14000,57,14,25,0
14001,57,14,25,0
14002,57,14,25,0
14003,57,14,25,0
14004,57,14,25,0
14005,57,14,25,0
14006,57,14,25,0
14007,57,14,25,0
14008,57,14,25,0
14009,57,14,25,0
14010,57,14,25,0
14011,57,14,25,0
14012,57,14,25,0
14013,57,14,25,0
14014,57,14,25,0
14015,57,14,25,0
14016,57,14,25,0
14017,57,14,25,0
14018,57,14,25,0
14019,57,14,25,0
14020,57,14,25,0
14021,57,14,25,0
14022,57,14,25,0
14023,57,14,25,0
14024,57,14,25,0
14025,57,14,25,0
14026,57,14,25,0
14027,57,14,25,0
14028,57,14,25,0
14029,57,14,25,0
14030,57,14,25,0
14031,57,14,25,0
14032,57,14,25,0
14033,57,14,25,0
14034,57,14,25,0
14035,57,14,25,0
14036,57,14,25,0
14037,57,14,25,0
14038,57,14,25,0
14039,57,14,25,0
14040,57,14,25,0
14041,57,14,25,0
14042,57,14,25,0
14043,57,14,25,0
14044,57,14,25,0
14045,57,14,25,0
14046,57,14,25,0
14047,57,14,25,0
14048,57,14,25,0
14049,57,14,25,0
14050,57,14,25,0
14051,57,14,25,0
14052,57,14,25,0
14053,57,14,25,0
14054,57,14,25,0
14055,57,14,25,0
14056,57,14,25,0
14057,57,14,25,0
14058,57,14,25,0
14059,57,14,25,0
14060,57,14,25,0
14061,57,14,25,0
14062,57,14,25,0
14063,57,14,25,0
14064,57,14,25,0
14065,57,14,25,0
14066,57,14,25,0
14067,57,14,25,0
14068,57,14,25,0
14069,57,14,25,0
14070,57,14,25,0
14071,57,14,25,0
14072,57,14,25,0
14073,57,14,25,0
14074,57,14,25,0
14075,57,14,25,0
14076,57,14,25,0
14077,57,14,25,0
14078,57,14,25,0
14079,57,14,25,0
14080,57,14,25,0
14081,57,14,25,0
14082,57,14,25,0
14083,57,14,25,0
14084,57,14,25,0
14085,57,14,25,0
14086,57,14,25,0
14087,57,14,25,0
14088,57,14,25,0
14089,57,14,25,0
14090,57,14,25,0
14091,57,14,25,0
14092,57,14,25,0
14093,57,14,25,0
14094,57,14,25,0
14095,57,14,25,0
14096,57,14,25,0
14097,57,14,25,0
14098,57,14,25,0
14099,57,14,25,0
14100,57,14,25,0
14101,57,14,25,0
14102,57,14,25,0
14103,57,14,25,0
14104,57,14,25,0
14105,57,14,25,0
14106,57,14,25,0
14107,57,14,25,0
14108,57,14,25,0
14109,57,14,25,0
14110,57,14,25,0
14111,57,14,25,0
14112,57,14,25,0
14113,57,14,25,0
14114,57,14,25,0
14115,57,14,25,0
14116,57,14,25,0
14117,57,14,25,0
14118,57,14,25,0
14119,57,14,25,0
14120,57,14,25,0
14121,57,14,25,0
14122,57,14,25,0
14123,57,14,25,0
14124,57,14,25,0
14125,57,14,25,0
14126,57,14,25,0
14127,57,14,25,0
14128,57,14,25,0
14129,57,14,25,0
14130,57,14,25,0
14131,57,14,25,0
14132,57,14,25,0
14133,57,14,25,0
14134,57,14,25,0
14135,57,14,25,0
14136,57,14,25,0
14137,57,14,25,0
14138,57,14,25,0
14139,57,14,25,0
14140,57,14,25,0
14141,57,14,25,0
14142,57,14,25,0
14143,57,14,25,0
14144,57,14,25,0
14145,57,14,25,0
14146,57,14,25,0
14147,57,14,25,0
14148,57,14,25,0
14149,57,14,25,0
14150,57,14,25,0
14151,57,14,25,0
14152,57,14,25,0
14153,57,14,25,0
14154,57,14,25,0
14155,57,14,25,0
14156,57,14,25,0
14157,57,14,25,0
14158,57,14,25,0
14159,57,14,25,0
14160,57,14,25,0
14161,57,14,25,0
14162,57,14,25,0
14163,57,14,25,0
14164,57,14,25,0
14165,57,14,25,0
14166,57,14,25,0
14167,57,14,25,0
14168,57,14,25,0
14169,57,14,25,0
14170,57,14,25,0
14171,57,14,25,0
14172,57,14,25,0
14173,57,14,25,0
14174,57,14,25,0
14175,57,14,25,0
14176,57,14,25,0
14177,57,14,25,0
14178,57,14,25,0
14179,57,14,25,0
14180,57,14,25,0
14181,57,14,25,0
14182,57,14,25,0
14183,57,14,25,0
14184,57,14,25,0
14185,57,14,25,0
14186,57,14,25,0
14187,57,14,25,0
14188,57,14,25,0
14189,57,14,25,0
14190,57,14,25,0
14191,57,14,25,0
14192,57,14,25,0
14193,57,14,25,0
14194,57,14,25,0
14195,57,14,25,0
14196,57,14,25,0
14197,57,14,25,0
14198,57,14,25,0
14199,57,14,25,0
14200,57,14,25,0
14201,57,14,25,0
14202,57,14,25,0
14203,57,14,25,0
14204,57,14,25,0
14205,57,14,25,0
14206,57,14,25,0
14207,57,14,25,0
14208,57,14,25,0
14209,57,14,25,0
14210,57,14,25,0
14211,57,14,25,0
14212,57,14,25,0
14213,57,14,25,0
14214,57,14,25,0
14215,57,14,25,0
14216,57,14,25,0
14217,57,14,25,0
14218,57,14,25,0
14219,57,14,25,0
14220,57,14,25,0
14221,57,14,25,0
14222,57,14,25,0
14223,57,14,25,0
14224,57,14,25,0
14225,57,14,25,0
14226,57,14,25,0
14227,57,14,25,0
14228,57,14,25,0
14229,57,14,25,0
14230,57,14,25,0
14231,57,14,25,0
14232,57,14,25,0
14233,57,14,25,0
14234,57,14,25,0
14235,57,14,25,0
14236,57,14,25,0
14237,57,14,25,0
14238,57,14,25,0
14239,57,14,25,0
14240,57,14,25,0
14241,57,14,25,0
14242,57,14,25,0
14243,57,14,25,0
14244,57,14,25,0
14245,57,14,25,0
14246,57,14,25,0
14247,57,14,25,0
14248,57,14,25,0
14249,57,14,25,0
14250,57,14,25,0
14251,57,14,25,0
14252,57,14,25,0
14253,57,14,25,0
14254,57,14,25,0
14255,57,14,25,0
14256,57,14,25,0
14257,57,14,25,0
14258,57,14,25,0
14259,57,14,25,0
14260,57,14,25,0
14261,57,14,25,0
14262,57,14,25,0
14263,57,14,25,0
14264,57,14,25,0
14265,57,14,25,0
14266,57,14,25,0
14267,57,14,25,0
14268,57,14,25,0
14269,57,14,25,0
14270,57,14,25,0
14271,57,14,25,0
14272,57,14,25,0
14273,57,14,25,0
14274,57,14,25,0
14275,57,14,25,0
14276,57,14,25,0
14277,57,14,25,0
14278,57,14,25,0
14279,57,14,25,0
14280,57,14,25,0
14281,57,14,25,0
14282,57,14,25,0
14283,57,14,25,0
14284,57,14,25,0
14285,57,14,25,0
14286,57,14,25,0
14287,57,14,25,0
14288,57,14,25,0
14289,57,14,25,0
14290,57,14,25,0
14291,57,14,25,0
14292,57,14,25,0
14293,57,14,25,0
14294,57,14,25,0
14295,57,14,25,0
14296,57,14,25,0
14297,57,14,25,0
14298,57,14,25,0
14299,57,14,25,0
14300,57,14,25,0
14301,57,14,25,0
14302,57,14,25,0
14303,57,14,25,0
14304,57,14,25,0
14305,57,14,25,0
14306,57,14,25,0
14307,57,14,25,0
14308,57,14,25,0
14309,57,14,25,0
14310,57,14,25,0
14311,57,14,25,0
14312,57,14,25,0
14313,57,14,25,0
14314,57,14,25,0
14315,57,14,25,0
14316,57,14,25,0
14317,57,14,25,0
14318,57,14,25,0
14319,57,14,25,0
14320,57,14,25,0
14321,57,14,25,0
14322,57,14,25,0
14323,57,14,25,0
14324,57,14,25,0
14325,57,14,25,0
14326,57,14,25,0
14327,57,14,25,0
14328,57,14,25,0
14329,57,14,25,0
14330,57,14,25,0
14331,57,14,25,0
14332,57,14,25,0
14333,57,14,25,0
14334,57,14,25,0
14335,57,14,25,0
14336,57,14,25,0
14337,57,14,25,0
14338,57,14,25,0
14339,57,14,25,0
14340,57,14,25,0
14341,57,14,25,0
14342,57,14,25,0
14343,57,14,25,0
14344,57,14,25,0
14345,57,14,25,0
14346,57,14,25,0
14347,57,14,25,0
14348,57,14,25,0
14349,57,14,25,0
14350,57,14,25,0
14351,57,14,25,0
14352,57,14,25,0
14353,57,14,25,0
14354,57,14,25,0
14355,57,14,25,0
14356,57,14,25,0
14357,57,14,25,0
14358,57,14,25,0
14359,57,14,25,0
14360,57,14,25,0
14361,57,14,25,0
14362,57,14,25,0
14363,57,14,25,0
14364,57,14,25,0
14365,57,14,25,0
14366,57,14,25,0
14367,57,14,25,0
14368,57,14,25,0
14369,57,14,25,0
14370,57,14,25,0
14371,57,14,25,0
14372,57,14,25,0
14373,57,14,25,0
14374,57,14,25,0
14375,57,14,25,0
14376,57,14,25,0
14377,57,14,25,0
14378,57,14,25,0
14379,57,14,25,0
14380,57,14,25,0
14381,57,14,25,0
14382,57,14,25,0
14383,57,14,25,0
14384,57,14,25,0
14385,57,14,25,0
14386,57,14,25,0
14387,57,14,25,0
14388,57,14,25,0
14389,57,14,25,0
14390,57,14,25,0
14391,57,14,25,0
14392,57,14,25,0
14393,57,14,25,0
14394,57,14,25,0
14395,57,14,25,0
14396,57,14,25,0
14397,57,14,25,0
14398,57,14,25,0
14399,57,14,25,0
14400,57,14,25,0
14401,57,14,25,0
14402,57,14,25,0
14403,57,14,25,0
14404,57,14,25,0
14405,57,14,25,0
14406,57,14,25,0
14407,57,14,25,0
14408,57,14,25,0
14409,57,14,25,0
14410,57,14,25,0
14411,57,14,25,0
14412,57,14,25,0
14413,57,14,25,0
14414,57,14,25,0
14415,57,14,25,0
14416,57,14,25,0
14417,57,14,25,0
14418,57,14,25,0
14419,57,14,25,0
14420,57,14,25,0
14421,57,14,25,0
14422,57,14,25,0
14423,57,14,25,0
14424,57,14,25,0
14425,57,14,25,0
14426,57,14,25,0
14427,57,14,25,0
14428,57,14,25,0
14429,57,14,25,0
14430,57,14,25,0
14431,57,14,25,0
14432,57,14,25,0
14433,57,14,25,0
14434,57,14,25,0
14435,57,14,25,0
14436,57,14,25,0
14437,57,14,25,0
14438,57,14,25,0
14439,57,14,25,0
14440,57,14,25,0
14441,57,14,25,0
14442,57,14,25,0
14443,57,14,25,0
14444,57,14,25,0
14445,57,14,25,0
14446,57,14,25,0
14447,57,14,25,0
14448,57,14,25,0
14449,57,14,25,0
14450,57,14,25,0
14451,57,14,25,0
14452,57,14,25,0
14453,57,14,25,0
14454,57,14,25,0
14455,57,14,25,0
14456,57,14,25,0
14457,57,14,25,0
14458,57,14,25,0
14459,57,14,25,0
14460,57,14,25,0
14461,57,14,25,0
14462,57,14,25,0
14463,57,14,25,0
14464,57,14,25,0
14465,57,14,25,0
14466,57,14,25,0
14467,57,14,25,0
14468,57,14,25,0
14469,57,14,25,0
14470,57,14,25,0
14471,57,14,25,0
14472,57,14,25,0
14473,57,14,25,0
14474,57,14,25,0
14475,57,14,25,0
14476,57,14,25,0
14477,57,14,25,0
14478,57,14,25,0
14479,57,14,25,0
14480,57,14,25,0
14481,57,14,25,0
14482,57,14,25,0
14483,57,14,25,0
14484,57,14,25,0
14485,57,14,25,0
14486,57,14,25,0
14487,57,14,25,0
14488,57,14,25,0
14489,57,14,25,0
14490,57,14,25,0
14491,57,14,25,0
14492,57,14,25,0
14493,57,14,25,0
14494,57,14,25,0
14495,57,14,25,0
14496,57,14,25,0
14497,57,14,25,0
14498,57,14,25,0
14499,57,14,25,0
14500,57,14,25,0
14501,57,14,25,0
14502,57,14,25,0
14503,57,14,25,0
14504,57,14,25,0
14505,57,14,25,0
14506,57,14,25,0
14507,57,14,25,0
14508,57,14,25,0
14509,57,14,25,0
14510,57,14,25,0
14511,57,14,25,0
14512,57,14,25,0
14513,57,14,25,0
14514,57,14,25,0
14515,57,14,25,0
14516,57,14,25,0
14517,57,14,25,0
14518,57,14,25,0
14519,57,14,25,0
14520,57,14,25,0
14521,57,14,25,0
14522,57,14,25,0
14523,57,14,25,0
14524,57,14,25,0
14525,57,14,25,0
14526,57,14,25,0
14527,57,14,25,0
14528,57,14,25,0
14529,57,14,25,0
14530,57,14,25,0
14531,57,14,25,0
14532,57,14,25,0
14533,57,14,25,0
14534,57,14,25,0
14535,57,14,25,0
14536,57,14,25,0
14537,57,14,25,0
14538,57,14,25,0
14539,57,14,25,0
14540,57,14,25,0
14541,57,14,25,0
14542,57,14,25,0
14543,57,14,25,0
14544,57,14,25,0
14545,57,14,25,0
14546,57,14,25,0
14547,57,14,25,0
14548,57,14,25,0
14549,57,14,25,0
14550,57,14,25,0
14551,57,14,25,0
14552,57,14,25,0
14553,57,14,25,0
14554,57,14,25,0
14555,57,14,25,0
14556,57,14,25,0
14557,57,14,25,0
14558,57,14,25,0
14559,57,14,25,0
14560,57,14,25,0
14561,57,14,25,0
14562,57,14,25,0
14563,57,14,25,0
14564,57,14,25,0
14565,57,14,25,0
14566,57,14,25,0
14567,57,14,25,0
14568,57,14,25,0
14569,57,14,25,0
14570,57,14,25,0
14571,57,14,25,0
14572,57,14,25,0
14573,57,14,25,0
14574,57,14,25,0
14575,57,14,25,0
14576,57,14,25,0
14577,57,14,25,0
14578,57,14,25,0
14579,57,14,25,0
14580,57,14,25,0
14581,57,14,25,0
14582,57,14,25,0
14583,57,14,25,0
14584,57,14,25,0
14585,57,14,25,0
14586,57,14,25,0
14587,57,14,25,0
14588,57,14,25,0
14589,57,14,25,0
14590,57,14,25,0
14591,57,14,25,0
14592,57,14,25,0
14593,57,14,25,0
14594,57,14,25,0
14595,57,14,25,0
14596,57,14,25,0
14597,57,14,25,0
14598,57,14,25,0
14599,57,14,25,0
14600,57,14,25,0
14601,57,14,25,0
14602,57,14,25,0
14603,57,14,25,0
14604,57,14,25,0
14605,57,14,25,0
14606,57,14,25,0
14607,57,14,25,0
14608,57,14,25,0
14609,57,14,25,0
14610,57,14,25,0
14611,57,14,25,0
14612,57,14,25,0
14613,57,14,25,0
14614,57,14,25,0
14615,57,14,25,0
14616,57,14,25,0
14617,57,14,25,0
14618,57,14,25,0
14619,57,14,25,0
14620,57,14,25,0
14621,57,14,25,0
14622,57,14,25,0
14623,57,14,25,0
14624,57,14,25,0
14625,57,14,25,0
14626,57,14,25,0
14627,57,14,25,0
14628,57,14,25,0
14629,57,14,25,0
14630,57,14,25,0
14631,57,14,25,0
14632,57,14,25,0
14633,57,14,25,0
14634,57,14,25,0
14635,57,14,25,0
14636,57,14,25,0
14637,57,14,25,0
14638,57,14,25,0
14639,57,14,25,0
14640,57,14,25,0
14641,57,14,25,0
14642,57,14,25,0
14643,57,14,25,0
14644,57,14,25,0
14645,57,14,25,0
14646,57,14,25,0
14647,57,14,25,0
14648,57,14,25,0
14649,57,14,25,0
14650,57,14,25,0
14651,57,14,25,0
14652,57,14,25,0
14653,57,14,25,0
14654,57,14,25,0
14655,57,14,25,0
14656,57,14,25,0
14657,57,14,25,0
14658,57,14,25,0
14659,57,14,25,0
14660,57,14,25,0
14661,57,14,25,0
14662,57,14,25,0
14663,57,14,25,0
14664,57,14,25,0
14665,57,14,25,0
14666,57,14,25,0
14667,57,14,25,0
14668,57,14,25,0
14669,57,14,25,0
14670,57,14,25,0
14671,57,14,25,0
14672,57,14,25,0
14673,57,14,25,0
14674,57,14,25,0
14675,57,14,25,0
14676,57,14,25,0
14677,57,14,25,0
14678,57,14,25,0
14679,57,14,25,0
14680,57,14,25,0
14681,57,14,25,0
14682,57,14,25,0
14683,57,14,25,0
14684,57,14,25,0
14685,57,14,25,0
14686,57,14,25,0
14687,57,14,25,0
14688,57,14,25,0
14689,57,14,25,0
14690,57,14,25,0
14691,57,14,25,0
14692,57,14,25,0
14693,57,14,25,0
14694,57,14,25,0
14695,57,14,25,0
14696,57,14,25,0
14697,57,14,25,0
14698,57,14,25,0
14699,57,14,25,0
14700,57,14,25,0
14701,57,14,25,0
14702,57,14,25,0
14703,57,14,25,0
14704,57,14,25,0
14705,57,14,25,0
14706,57,14,25,0
14707,57,14,25,0
14708,57,14,25,0
14709,57,14,25,0
14710,57,14,25,0
14711,57,14,25,0
14712,57,14,25,0
14713,57,14,25,0
14714,57,14,25,0
14715,57,14,25,0
14716,57,14,25,0
14717,57,14,25,0
14718,57,14,25,0
14719,57,14,25,0
14720,57,14,25,0
14721,57,14,25,0
14722,57,14,25,0
14723,57,14,25,0
14724,57,14,25,0
14725,57,14,25,0
14726,57,14,25,0
14727,57,14,25,0
14728,57,14,25,0
14729,57,14,25,0
14730,57,14,25,0
14731,57,14,25,0
14732,57,14,25,0
14733,57,14,25,0
14734,57,14,25,0
14735,57,14,25,0
14736,57,14,25,0
14737,57,14,25,0
14738,57,14,25,0
14739,57,14,25,0
14740,57,14,25,0
14741,57,14,25,0
14742,57,14,25,0
14743,57,14,25,0
14744,57,14,25,0
14745,57,14,25,0
14746,57,14,25,0
14747,57,14,25,0
14748,57,14,25,0
14749,57,14,25,0
14750,57,14,25,0
14751,57,14,25,0
14752,57,14,25,0
14753,57,14,25,0
14754,57,14,25,0
14755,57,14,25,0
14756,57,14,25,0
14757,57,14,25,0
14758,57,14,25,0
14759,57,14,25,0
14760,57,14,25,0
14761,57,14,25,0
14762,57,14,25,0
14763,57,14,25,0
14764,57,14,25,0
14765,57,14,25,0
14766,57,14,25,0
14767,57,14,25,0
14768,57,14,25,0
14769,57,14,25,0
14770,57,14,25,0
14771,57,14,25,0
14772,57,14,25,0
14773,57,14,25,0
14774,57,14,25,0
14775,57,14,25,0
14776,57,14,25,0
14777,57,14,25,0
14778,57,14,25,0
14779,57,14,25,0
14780,57,14,25,0
14781,57,14,25,0
14782,57,14,25,0
14783,57,14,25,0
14784,57,14,25,0
14785,57,14,25,0
14786,57,14,25,0
14787,57,14,25,0
14788,57,14,25,0
14789,57,14,25,0
14790,57,14,25,0
14791,57,14,25,0
14792,57,14,25,0
14793,57,14,25,0
14794,57,14,25,0
14795,57,14,25,0
14796,57,14,25,0
14797,57,14,25,0
14798,57,14,25,0
14799,57,14,25,0
14800,57,14,25,0
14801,57,14,25,0
14802,57,14,25,0
14803,57,14,25,0
14804,57,14,25,0
14805,57,14,25,0
14806,57,14,25,0
14807,57,14,25,0
14808,57,14,25,0
14809,57,14,25,0
14810,57,14,25,0
14811,57,14,25,0
14812,57,14,25,0
14813,57,14,25,0
14814,57,14,25,0
14815,57,14,25,0
14816,57,14,25,0
14817,57,14,25,0
14818,57,14,25,0
14819,57,14,25,0
14820,57,14,25,0
14821,57,14,25,0
14822,57,14,25,0
14823,57,14,25,0
14824,57,14,25,0
14825,57,14,25,0
14826,57,14,25,0
14827,57,14,25,0
14828,57,14,25,0
14829,57,14,25,0
14830,57,14,25,0
14831,57,14,25,0
14832,57,14,25,0
14833,57,14,25,0
14834,57,14,25,0
14835,57,14,25,0
14836,57,14,25,0
14837,57,14,25,0
14838,57,14,25,0
14839,57,14,25,0
14840,57,14,25,0
14841,57,14,25,0
14842,57,14,25,0
14843,57,14,25,0
14844,57,14,25,0
14845,57,14,25,0
14846,57,14,25,0
14847,57,14,25,0
14848,57,14,25,0
14849,57,14,25,0
14850,57,14,25,0
14851,57,14,25,0
14852,57,14,25,0
14853,57,14,25,0
14854,57,14,25,0
14855,57,14,25,0
14856,57,14,25,0
14857,57,14,25,0
14858,57,14,25,0
14859,57,14,25,0
14860,57,14,25,0
14861,57,14,25,0
14862,57,14,25,0
14863,57,14,25,0
14864,57,14,25,0
14865,57,14,25,0
14866,57,14,25,0
14867,57,14,25,0
14868,57,14,25,0
14869,57,14,25,0
14870,57,14,25,0
14871,57,14,25,0
14872,57,14,25,0
14873,57,14,25,0
14874,57,14,25,0
14875,57,14,25,0
14876,57,14,25,0
14877,57,14,25,0
14878,57,14,25,0
14879,57,14,25,0
14880,57,14,25,0
14881,57,14,25,0
14882,57,14,25,0
14883,57,14,25,0
14884,57,14,25,0
14885,57,14,25,0
14886,57,14,25,0
14887,57,14,25,0
14888,57,14,25,0
14889,57,14,25,0
14890,57,14,25,0
14891,57,14,25,0
14892,57,14,25,0
14893,57,14,25,0
14894,57,14,25,0
14895,57,14,25,0
14896,57,14,25,0
14897,57,14,25,0
14898,57,14,25,0
14899,57,14,25,0
14900,57,14,25,0
14901,57,14,25,0
14902,57,14,25,0
14903,57,14,25,0
14904,57,14,25,0
14905,57,14,25,0
14906,57,14,25,0
14907,57,14,25,0
14908,57,14,25,0
14909,57,14,25,0
14910,57,14,25,0
14911,57,14,25,0
14912,57,14,25,0
14913,57,14,25,0
14914,57,14,25,0
14915,57,14,25,0
14916,57,14,25,0
14917,57,14,25,0
14918,57,14,25,0
14919,57,14,25,0
14920,57,14,25,0
14921,57,14,25,0
14922,57,14,25,0
14923,57,14,25,0
14924,57,14,25,0
14925,57,14,25,0
14926,57,14,25,0
14927,57,14,25,0
14928,57,14,25,0
14929,57,14,25,0
14930,57,14,25,0
14931,57,14,25,0
14932,57,14,25,0
14933,57,14,25,0
14934,57,14,25,0
14935,57,14,25,0
14936,57,14,25,0
14937,57,14,25,0
14938,57,14,25,0
14939,57,14,25,0
14940,57,14,25,0
14941,57,14,25,0
14942,57,14,25,0
14943,57,14,25,0
14944,57,14,25,0
14945,57,14,25,0
14946,57,14,25,0
14947,57,14,25,0
14948,57,14,25,0
14949,57,14,25,0
14950,57,14,25,0
14951,57,14,25,0
14952,57,14,25,0
14953,57,14,25,0
14954,57,14,25,0
14955,57,14,25,0
14956,57,14,25,0
14957,57,14,25,0
14958,57,14,25,0
14959,57,14,25,0
14960,57,14,25,0
14961,57,14,25,0
14962,57,14,25,0
14963,57,14,25,0
14964,57,14,25,0
14965,57,14,25,0
14966,57,14,25,0
14967,57,14,25,0
14968,57,14,25,0
14969,57,14,25,0
14970,57,14,25,0
14971,57,14,25,0
14972,57,14,25,0
14973,57,14,25,0
14974,57,14,25,0
14975,57,14,25,0
14976,57,14,25,0
14977,57,14,25,0
14978,57,14,25,0
14979,57,14,25,0
14980,57,14,25,0
14981,57,14,25,0
14982,57,14,25,0
14983,57,14,25,0
14984,57,14,25,0
14985,57,14,25,0
14986,57,14,25,0
14987,57,14,25,0
14988,57,14,25,0
14989,57,14,25,0
14990,57,14,25,0
14991,57,14,25,0
14992,57,14,25,0
14993,57,14,25,0
14994,57,14,25,0
14995,57,14,25,0
14996,57,14,25,0
14997,57,14,25,0
14998,57,14,25,0
14999,57,14,25,0
15000,57,14,25,0
15001,57,14,25,0
15002,57,14,25,0
15003,57,14,25,0
15004,57,14,25,0
15005,57,14,25,0
15006,57,14,25,0
15007,57,14,25,0
15008,57,14,25,0
15009,57,14,25,0
15010,57,14,25,0
15011,57,14,25,0
15012,57,14,25,0
15013,57,14,25,0
15014,57,14,25,0
15015,57,14,25,0
15016,57,14,25,0
15017,57,14,25,0
15018,57,14,25,0
15019,57,14,25,0
15020,57,14,25,0
15021,57,14,25,0
15022,57,14,25,0
15023,57,14,25,0
15024,57,14,25,0
15025,57,14,25,0
15026,57,14,25,0
15027,57,14,25,0
15028,57,14,25,0
15029,57,14,25,0
15030,57,14,25,0
15031,57,14,25,0
15032,57,14,25,0
15033,57,14,25,0
15034,57,14,25,0
15035,57,14,25,0
15036,57,14,25,0
15037,57,14,25,0
15038,57,14,25,0
15039,57,14,25,0
15040,57,14,25,0
15041,57,14,25,0
15042,57,14,25,0
15043,57,14,25,0
15044,57,14,25,0
15045,57,14,25,0
15046,57,14,25,0
15047,57,14,25,0
15048,57,14,25,0
15049,57,14,25,0
15050,57,14,25,0
15051,57,14,25,0
15052,57,14,25,0
15053,57,14,25,0
15054,57,14,25,0
15055,57,14,25,0
15056,57,14,25,0
15057,57,14,25,0
15058,57,14,25,0
15059,57,14,25,0
15060,57,14,25,0
15061,57,14,25,0
15062,57,14,25,0
15063,57,14,25,0
15064,57,14,25,0
15065,57,14,25,0
15066,57,14,25,0
15067,57,14,25,0
15068,57,14,25,0
15069,57,14,25,0
15070,57,14,25,0
15071,57,14,25,0
15072,57,14,25,0
15073,57,14,25,0
15074,57,14,25,0
15075,57,14,25,0
15076,57,14,25,0
15077,57,14,25,0
15078,57,14,25,0
15079,57,14,25,0
15080,57,14,25,0
15081,57,14,25,0
15082,57,14,25,0
15083,57,14,25,0
15084,57,14,25,0
15085,57,14,25,0
15086,57,14,25,0
15087,57,14,25,0
15088,57,14,25,0
15089,57,14,25,0
15090,57,14,25,0
15091,57,14,25,0
15092,57,14,25,0
15093,57,14,25,0
15094,57,14,25,0
15095,57,14,25,0
15096,57,14,25,0
15097,57,14,25,0
15098,57,14,25,0
15099,57,14,25,0
15100,57,14,25,0
15101,57,14,25,0
15102,57,14,25,0
15103,57,14,25,0
15104,57,14,25,0
15105,57,14,25,0
15106,57,14,25,0
15107,57,14,25,0
15108,57,14,25,0
15109,57,14,25,0
15110,57,14,25,0
15111,57,14,25,0
15112,57,14,25,0
15113,57,14,25,0
15114,57,14,25,0
15115,57,14,25,0
15116,57,14,25,0
15117,57,14,25,0
15118,57,14,25,0
15119,57,14,25,0
15120,57,14,25,0
15121,57,14,25,0
15122,57,14,25,0
15123,57,14,25,0
15124,57,14,25,0
15125,57,14,25,0
15126,57,14,25,0
15127,57,14,25,0
15128,57,14,25,0
15129,57,14,25,0
15130,57,14,25,0
15131,57,14,25,0
15132,57,14,25,0
15133,57,14,25,0
15134,57,14,25,0
15135,57,14,25,0
15136,57,14,25,0
15137,57,14,25,0
15138,57,14,25,0
15139,57,14,25,0
15140,57,14,25,0
15141,57,14,25,0
15142,57,14,25,0
15143,57,14,25,0
15144,57,14,25,0
15145,57,14,25,0
15146,57,14,25,0
15147,57,14,25,0
15148,57,14,25,0
15149,57,14,25,0
15150,57,14,25,0
15151,57,14,25,0
15152,57,14,25,0
15153,57,14,25,0
15154,57,14,25,0
15155,57,14,25,0
15156,57,14,25,0
15157,57,14,25,0
15158,57,14,25,0
15159,57,14,25,0
15160,57,14,25,0
15161,57,14,25,0
15162,57,14,25,0
15163,57,14,25,0
15164,57,14,25,0
15165,57,14,25,0
15166,57,14,25,0
15167,57,14,25,0
15168,57,14,25,0
15169,57,14,25,0
15170,57,14,25,0
15171,57,14,25,0
15172,57,14,25,0
15173,57,14,25,0
15174,57,14,25,0
15175,57,14,25,0
15176,57,14,25,0
15177,57,14,25,0
15178,57,14,25,0
15179,57,14,25,0
15180,57,14,25,0
15181,57,14,25,0
15182,57,14,25,0
15183,57,14,25,0
15184,57,14,25,0
15185,57,14,25,0
15186,57,14,25,0
15187,57,14,25,0
15188,57,14,25,0
15189,57,14,25,0
15190,57,14,25,0
15191,57,14,25,0
15192,57,14,25,0
15193,57,14,25,0
15194,57,14,25,0
15195,57,14,25,0
15196,57,14,25,0
15197,57,14,25,0
15198,57,14,25,0
15199,57,14,25,0
15200,57,14,25,0
15201,57,14,25,0
15202,57,14,25,0
15203,57,14,25,0
15204,57,14,25,0
15205,57,14,25,0
15206,57,14,25,0
15207,57,14,25,0
15208,57,14,25,0
15209,57,14,25,0
15210,57,14,25,0
15211,57,14,25,0
15212,57,14,25,0
15213,57,14,25,0
15214,57,14,25,0
15215,57,14,25,0
15216,57,14,25,0
15217,57,14,25,0
15218,57,14,25,0
15219,57,14,25,0
15220,57,14,25,0
15221,57,14,25,0
15222,57,14,25,0
15223,57,14,25,0
15224,57,14,25,0
15225,57,14,25,0
15226,57,14,25,0
15227,57,14,25,0
15228,57,14,25,0
15229,57,14,25,0
15230,57,14,25,0
15231,57,14,25,0
15232,57,14,25,0
15233,57,14,25,0
15234,57,14,25,0
15235,57,14,25,0
15236,57,14,25,0
15237,57,14,25,0
15238,57,14,25,0
15239,57,14,25,0
15240,57,14,25,0
15241,57,14,25,0
15242,57,14,25,0
15243,57,14,25,0
15244,57,14,25,0
15245,57,14,25,0
15246,57,14,25,0
15247,57,14,25,0
15248,57,14,25,0
15249,57,14,25,0
15250,57,14,25,0
15251,57,14,25,0
15252,57,14,25,0
15253,57,14,25,0
15254,57,14,25,0
15255,57,14,25,0
15256,57,14,25,0
15257,57,14,25,0
15258,57,14,25,0
15259,57,14,25,0
15260,57,14,25,0
15261,57,14,25,0
15262,57,14,25,0
15263,57,14,25,0
15264,57,14,25,0
15265,57,14,25,0
15266,57,14,25,0
15267,57,14,25,0
15268,57,14,25,0
15269,57,14,25,0
15270,57,14,25,0
15271,57,14,25,0
15272,57,14,25,0
15273,57,14,25,0
15274,57,14,25,0
15275,57,14,25,0
15276,57,14,25,0
15277,57,14,25,0
15278,57,14,25,0
15279,57,14,25,0
15280,57,14,25,0
15281,57,14,25,0
15282,57,14,25,0
15283,57,14,25,0
15284,57,14,25,0
15285,57,14,25,0
15286,57,14,25,0
15287,57,14,25,0
15288,57,14,25,0
15289,57,14,25,0
15290,57,14,25,0
15291,57,14,25,0
15292,57,14,25,0
15293,57,14,25,0
15294,57,14,25,0
15295,57,14,25,0
15296,57,14,25,0
15297,57,14,25,0
15298,57,14,25,0
15299,57,14,25,0
15300,57,14,25,0
15301,57,14,25,0
15302,57,14,25,0
15303,57,14,25,0
15304,57,14,25,0
15305,57,14,25,0
15306,57,14,25,0
15307,57,14,25,0
15308,57,14,25,0
15309,57,14,25,0
15310,57,14,25,0
15311,57,14,25,0
15312,57,14,25,0
15313,57,14,25,0
15314,57,14,25,0
15315,57,14,25,0
15316,57,14,25,0
15317,57,14,25,0
15318,57,14,25,0
15319,57,14,25,0
15320,57,14,25,0
15321,57,14,25,0
15322,57,14,25,0
15323,57,14,25,0
15324,57,14,25,0
15325,57,14,25,0
15326,57,14,25,0
15327,57,14,25,0
15328,57,14,25,0
15329,57,14,25,0
15330,57,14,25,0
15331,57,14,25,0
15332,57,14,25,0
15333,57,14,25,0
15334,57,14,25,0
15335,57,14,25,0
15336,57,14,25,0
15337,57,14,25,0
15338,57,14,25,0
15339,57,14,25,0
15340,57,14,25,0
15341,57,14,25,0
15342,57,14,25,0
15343,57,14,25,0
15344,57,14,25,0
15345,57,14,25,0
15346,57,14,25,0
15347,57,14,25,0
15348,57,14,25,0
15349,57,14,25,0
15350,57,14,25,0
15351,57,14,25,0
15352,57,14,25,0
15353,57,14,25,0
15354,57,14,25,0
15355,57,14,25,0
15356,57,14,25,0
15357,57,14,25,0
15358,57,14,25,0
15359,57,14,25,0
15360,57,14,25,0
15361,57,14,25,0
15362,57,14,25,0
15363,57,14,25,0
15364,57,14,25,0
15365,57,14,25,0
15366,57,14,25,0
15367,57,14,25,0
15368,57,14,25,0
15369,57,14,25,0
15370,57,14,25,0
15371,57,14,25,0
15372,57,14,25,0
15373,57,14,25,0
15374,57,14,25,0
15375,57,14,25,0
15376,57,14,25,0
15377,57,14,25,0
15378,57,14,25,0
15379,57,14,25,0
15380,57,14,25,0
15381,57,14,25,0
15382,57,14,25,0
15383,57,14,25,0
15384,57,14,25,0
15385,57,14,25,0
15386,57,14,25,0
15387,57,14,25,0
15388,57,14,25,0
15389,57,14,25,0
15390,57,14,25,0
15391,57,14,25,0
15392,57,14,25,0
15393,57,14,25,0
15394,57,14,25,0
15395,57,14,25,0
15396,57,14,25,0
15397,57,14,25,0
15398,57,14,25,0
15399,57,14,25,0
15400,57,14,25,0
15401,57,14,25,0
15402,57,14,25,0
15403,57,14,25,0
15404,57,14,25,0
15405,57,14,25,0
15406,57,14,25,0
15407,57,14,25,0
15408,57,14,25,0
15409,57,14,25,0
15410,57,14,25,0
15411,57,14,25,0
15412,57,14,25,0
15413,57,14,25,0
15414,57,14,25,0
15415,57,14,25,0
15416,57,14,25,0
15417,57,14,25,0
15418,57,14,25,0
15419,57,14,25,0
15420,57,14,25,0
15421,57,14,25,0
15422,57,14,25,0
15423,57,14,25,0
15424,57,14,25,0
15425,57,14,25,0
15426,57,14,25,0
15427,57,14,25,0
15428,57,14,25,0
15429,57,14,25,0
15430,57,14,25,0
15431,57,14,25,0
15432,57,14,25,0
15433,57,14,25,0
15434,57,14,25,0
15435,57,14,25,0
15436,57,14,25,0
15437,57,14,25,0
15438,57,14,25,0
15439,57,14,25,0
15440,57,14,25,0
15441,57,14,25,0
15442,57,14,25,0
15443,57,14,25,0
15444,57,14,25,0
15445,57,14,25,0
15446,57,14,25,0
15447,57,14,25,0
15448,57,14,25,0
15449,57,14,25,0
15450,57,14,25,0
15451,57,14,25,0
15452,57,14,25,0
15453,57,14,25,0
15454,57,14,25,0
15455,57,14,25,0
15456,57,14,25,0
15457,57,14,25,0
15458,57,14,25,0
15459,57,14,25,0
15460,57,14,25,0
15461,57,14,25,0
15462,57,14,25,0
15463,57,14,25,0
15464,57,14,25,0
15465,57,14,25,0
15466,57,14,25,0
15467,57,14,25,0
15468,57,14,25,0
15469,57,14,25,0
15470,57,14,25,0
15471,57,14,25,0
15472,57,14,25,0
15473,57,14,25,0
15474,57,14,25,0
15475,57,14,25,0
15476,57,14,25,0
15477,57,14,25,0
15478,57,14,25,0
15479,57,14,25,0
15480,57,14,25,0
15481,57,14,25,0
15482,57,14,25,0
15483,57,14,25,0
15484,57,14,25,0
15485,57,14,25,0
15486,57,14,25,0
15487,57,14,25,0
15488,57,14,25,0
15489,57,14,25,0
15490,57,14,25,0
15491,57,14,25,0
15492,57,14,25,0
15493,57,14,25,0
15494,57,14,25,0
15495,57,14,25,0
15496,57,14,25,0
15497,57,14,25,0
15498,57,14,25,0
15499,57,14,25,0
15500,57,14,25,0
15501,57,14,25,0
15502,57,14,25,0
15503,57,14,25,0
15504,57,14,25,0
15505,57,14,25,0
15506,57,14,25,0
15507,57,14,25,0
15508,57,14,25,0
15509,57,14,25,0
15510,57,14,25,0
15511,57,14,25,0
15512,57,14,25,0
15513,57,14,25,0
15514,57,14,25,0
15515,57,14,25,0
15516,57,14,25,0
15517,57,14,25,0
15518,57,14,25,0
15519,57,14,25,0
15520,57,14,25,0
15521,57,14,25,0
15522,57,14,25,0
15523,57,14,25,0
15524,57,14,25,0
15525,57,14,25,0
15526,57,14,25,0
15527,57,14,25,0
15528,57,14,25,0
15529,57,14,25,0
15530,57,14,25,0
15531,57,14,25,0
15532,57,14,25,0
15533,57,14,25,0
15534,57,14,25,0
15535,57,14,25,0
15536,57,14,25,0
15537,57,14,25,0
15538,57,14,25,0
15539,57,14,25,0
15540,57,14,25,0
15541,57,14,25,0
15542,57,14,25,0
15543,57,14,25,0
15544,57,14,25,0
15545,57,14,25,0
15546,57,14,25,0
15547,57,14,25,0
15548,57,14,25,0
15549,57,14,25,0
15550,57,14,25,0
15551,57,14,25,0
15552,57,14,25,0
15553,57,14,25,0
15554,57,14,25,0
15555,57,14,25,0
15556,57,14,25,0
15557,57,14,25,0
15558,57,14,25,0
15559,57,14,25,0
15560,57,14,25,0
15561,57,14,25,0
15562,57,14,25,0
15563,57,14,25,0
15564,57,14,25,0
15565,57,14,25,0
15566,57,14,25,0
15567,57,14,25,0
15568,57,14,25,0
15569,57,14,25,0
15570,57,14,25,0
15571,57,14,25,0
15572,57,14,25,0
15573,57,14,25,0
15574,57,14,25,0
15575,57,14,25,0
15576,57,14,25,0
15577,57,14,25,0
15578,57,14,25,0
15579,57,14,25,0
15580,57,14,25,0
15581,57,14,25,0
15582,57,14,25,0
15583,57,14,25,0
15584,57,14,25,0
15585,57,14,25,0
15586,57,14,25,0
15587,57,14,25,0
15588,57,14,25,0
15589,57,14,25,0
15590,57,14,25,0
15591,57,14,25,0
15592,57,14,25,0
15593,57,14,25,0
15594,57,14,25,0
15595,57,14,25,0
15596,57,14,25,0
15597,57,14,25,0
15598,57,14,25,0
15599,57,14,25,0
15600,57,14,25,0
15601,57,14,25,0
15602,57,14,25,0
15603,57,14,25,0
15604,57,14,25,0
15605,57,14,25,0
15606,57,14,25,0
15607,57,14,25,0
15608,57,14,25,0
15609,57,14,25,0
15610,57,14,25,0
15611,57,14,25,0
15612,57,14,25,0
15613,57,14,25,0
15614,57,14,25,0
15615,57,14,25,0
15616,57,14,25,0
15617,57,14,25,0
15618,57,14,25,0
15619,57,14,25,0
15620,57,14,25,0
15621,57,14,25,0
15622,57,14,25,0
15623,57,14,25,0
15624,57,14,25,0
15625,57,14,25,0
15626,57,14,25,0
15627,57,14,25,0
15628,57,14,25,0
15629,57,14,25,0
15630,57,14,25,0
15631,57,14,25,0
15632,57,14,25,0
15633,57,14,25,0
15634,57,14,25,0
15635,57,14,25,0
15636,57,14,25,0
15637,57,14,25,0
15638,57,14,25,0
15639,57,14,25,0
15640,57,14,25,0
15641,57,14,25,0
15642,57,14,25,0
15643,57,14,25,0
15644,57,14,25,0
15645,57,14,25,0
15646,57,14,25,0
15647,57,14,25,0
15648,57,14,25,0
15649,57,14,25,0
15650,57,14,25,0
15651,57,14,25,0
15652,57,14,25,0
15653,57,14,25,0
15654,57,14,25,0
15655,57,14,25,0
15656,57,14,25,0
15657,57,14,25,0
15658,57,14,25,0
15659,57,14,25,0
15660,57,14,25,0
15661,57,14,25,0
15662,57,14,25,0
15663,57,14,25,0
15664,57,14,25,0
15665,57,14,25,0
15666,57,14,25,0
15667,57,14,25,0
15668,57,14,25,0
15669,57,14,25,0
15670,57,14,25,0
15671,57,14,25,0
15672,57,14,25,0
15673,57,14,25,0
15674,57,14,25,0
15675,57,14,25,0
15676,57,14,25,0
15677,57,14,25,0
15678,57,14,25,0
15679,57,14,25,0
15680,57,14,25,0
15681,57,14,25,0
15682,57,14,25,0
15683,57,14,25,0
15684,57,14,25,0
15685,57,14,25,0
15686,57,14,25,0
15687,57,14,25,0
15688,57,14,25,0
15689,57,14,25,0
15690,57,14,25,0
15691,57,14,25,0
15692,57,14,25,0
15693,57,14,25,0
15694,57,14,25,0
15695,57,14,25,0
15696,57,14,25,0
15697,57,14,25,0
15698,57,14,25,0
15699,57,14,25,0
15700,57,14,25,0
15701,57,14,25,0
15702,57,14,25,0
15703,57,14,25,0
15704,57,14,25,0
15705,57,14,25,0
15706,57,14,25,0
15707,57,14,25,0
15708,57,14,25,0
15709,57,14,25,0
15710,57,14,25,0
15711,57,14,25,0
15712,57,14,25,0
15713,57,14,25,0
15714,57,14,25,0
15715,57,14,25,0
15716,57,14,25,0
15717,57,14,25,0
15718,57,14,25,0
15719,57,14,25,0
15720,57,14,25,0
15721,57,14,25,0
15722,57,14,25,0
15723,57,14,25,0
15724,57,14,25,0
15725,57,14,25,0
15726,57,14,25,0
15727,57,14,25,0
15728,57,14,25,0
15729,57,14,25,0
15730,57,14,25,0
15731,57,14,25,0
15732,57,14,25,0
15733,57,14,25,0
15734,57,14,25,0
15735,57,14,25,0
15736,57,14,25,0
15737,57,14,25,0
15738,57,14,25,0
15739,57,14,25,0
15740,57,14,25,0
15741,57,14,25,0
15742,57,14,25,0
15743,57,14,25,0
15744,57,14,25,0
15745,57,14,25,0
15746,57,14,25,0
15747,57,14,25,0
15748,57,14,25,0
15749,57,14,25,0
15750,57,14,25,0
15751,57,14,25,0
15752,57,14,25,0
15753,57,14,25,0
15754,57,14,25,0
15755,57,14,25,0
15756,57,14,25,0
15757,57,14,25,0
15758,57,14,25,0
15759,57,14,25,0
15760,57,14,25,0
15761,57,14,25,0
15762,57,14,25,0
15763,57,14,25,0
15764,57,14,25,0
15765,57,14,25,0
15766,57,14,25,0
15767,57,14,25,0
15768,57,14,25,0
15769,57,14,25,0
15770,57,14,25,0
15771,57,14,25,0
15772,57,14,25,0
15773,57,14,25,0
15774,57,14,25,0
15775,57,14,25,0
15776,57,14,25,0
15777,57,14,25,0
15778,57,14,25,0
15779,57,14,25,0
15780,57,14,25,0
15781,57,14,25,0
15782,57,14,25,0
15783,57,14,25,0
15784,57,14,25,0
15785,57,14,25,0
15786,57,14,25,0
15787,57,14,25,0
15788,57,14,25,0
15789,57,14,25,0
15790,57,14,25,0
15791,57,14,25,0
15792,57,14,25,0
15793,57,14,25,0
15794,57,14,25,0
15795,57,14,25,0
15796,57,14,25,0
15797,57,14,25,0
15798,57,14,25,0
15799,57,14,25,0
15800,57,14,25,0
15801,57,14,25,0
15802,57,14,25,0
15803,57,14,25,0
15804,57,14,25,0
15805,57,14,25,0
15806,57,14,25,0
15807,57,14,25,0
15808,57,14,25,0
15809,57,14,25,0
15810,57,14,25,0
15811,57,14,25,0
15812,57,14,25,0
15813,57,14,25,0
15814,57,14,25,0
15815,57,14,25,0
15816,57,14,25,0
15817,57,14,25,0
15818,57,14,25,0
15819,57,14,25,0
15820,57,14,25,0
15821,57,14,25,0
15822,57,14,25,0
15823,57,14,25,0
15824,57,14,25,0
15825,57,14,25,0
15826,57,14,25,0
15827,57,14,25,0
15828,57,14,25,0
15829,57,14,25,0
15830,57,14,25,0
15831,57,14,25,0
15832,57,14,25,0
15833,57,14,25,0
15834,57,14,25,0
15835,57,14,25,0
15836,57,14,25,0
15837,57,14,25,0
15838,57,14,25,0
15839,57,14,25,0
15840,57,14,25,0
15841,57,14,25,0
15842,57,14,25,0
15843,57,14,25,0
15844,57,14,25,0
15845,57,14,25,0
15846,57,14,25,0
15847,57,14,25,0
15848,57,14,25,0
15849,57,14,25,0
15850,57,14,25,0
15851,57,14,25,0
15852,57,14,25,0
15853,57,14,25,0
15854,57,14,25,0
15855,57,14,25,0
15856,57,14,25,0
15857,57,14,25,0
15858,57,14,25,0
15859,57,14,25,0
15860,57,14,25,0
15861,57,14,25,0
15862,57,14,25,0
15863,57,14,25,0
15864,57,14,25,0
15865,57,14,25,0
15866,57,14,25,0
15867,57,14,25,0
15868,57,14,25,0
15869,57,14,25,0
15870,57,14,25,0
15871,57,14,25,0
15872,57,14,25,0
15873,57,14,25,0
15874,57,14,25,0
15875,57,14,25,0
15876,57,14,25,0
15877,57,14,25,0
15878,57,14,25,0
15879,57,14,25,0
15880,57,14,25,0
15881,57,14,25,0
15882,57,14,25,0
15883,57,14,25,0
15884,57,14,25,0
15885,57,14,25,0
15886,57,14,25,0
15887,57,14,25,0
15888,57,14,25,0
15889,57,14,25,0
15890,57,14,25,0
15891,57,14,25,0
15892,57,14,25,0
15893,57,14,25,0
15894,57,14,25,0
15895,57,14,25,0
15896,57,14,25,0
15897,57,14,25,0
15898,57,14,25,0
15899,57,14,25,0
15900,57,14,25,0
15901,57,14,25,0
15902,57,14,25,0
15903,57,14,25,0
15904,57,14,25,0
15905,57,14,25,0
15906,57,14,25,0
15907,57,14,25,0
15908,57,14,25,0
15909,57,14,25,0
15910,57,14,25,0
15911,57,14,25,0
15912,57,14,25,0
15913,57,14,25,0
15914,57,14,25,0
15915,57,14,25,0
15916,57,14,25,0
15917,57,14,25,0
15918,57,14,25,0
15919,57,14,25,0
15920,57,14,25,0
15921,57,14,25,0
15922,57,14,25,0
15923,57,14,25,0
15924,57,14,25,0
15925,57,14,25,0
15926,57,14,25,0
15927,57,14,25,0
15928,57,14,25,0
15929,57,14,25,0
15930,57,14,25,0
15931,57,14,25,0
15932,57,14,25,0
15933,57,14,25,0
15934,57,14,25,0
15935,57,14,25,0
15936,57,14,25,0
15937,57,14,25,0
15938,57,14,25,0
15939,57,14,25,0
15940,57,14,25,0
15941,57,14,25,0
15942,57,14,25,0
15943,57,14,25,0
15944,57,14,25,0
15945,57,14,25,0
15946,57,14,25,0
15947,57,14,25,0
15948,57,14,25,0
15949,57,14,25,0
15950,57,14,25,0
15951,57,14,25,0
15952,57,14,25,0
15953,57,14,25,0
15954,57,14,25,0
15955,57,14,25,0
15956,57,14,25,0
15957,57,14,25,0
15958,57,14,25,0
15959,57,14,25,0
15960,57,14,25,0
15961,57,14,25,0
15962,57,14,25,0
15963,57,14,25,0
15964,57,14,25,0
15965,57,14,25,0
15966,57,14,25,0
15967,57,14,25,0
15968,57,14,25,0
15969,57,14,25,0
15970,57,14,25,0
15971,57,14,25,0
15972,57,14,25,0
15973,57,14,25,0
15974,57,14,25,0
15975,57,14,25,0
15976,57,14,25,0
15977,57,14,25,0
15978,57,14,25,0
15979,57,14,25,0
15980,57,14,25,0
15981,57,14,25,0
15982,57,14,25,0
15983,57,14,25,0
15984,57,14,25,0
15985,57,14,25,0
15986,57,14,25,0
15987,57,14,25,0
15988,57,14,25,0
15989,57,14,25,0
15990,57,14,25,0
15991,57,14,25,0
15992,57,14,25,0
15993,57,14,25,0
15994,57,14,25,0
15995,57,14,25,0
15996,57,14,25,0
15997,57,14,25,0
15998,57,14,25,0
15999,57,14,25,0
16000,57,14,25,0
16001,57,14,25,0
16002,57,14,25,0
16003,57,14,25,0
16004,57,14,25,0
16005,57,14,25,0
16006,57,14,25,0
16007,57,14,25,0
16008,57,14,25,0
16009,57,14,25,0
16010,57,14,25,0
16011,57,14,25,0
16012,57,14,25,0
16013,57,14,25,0
16014,57,14,25,0
16015,57,14,25,0
16016,57,14,25,0
16017,57,14,25,0
16018,57,14,25,0
16019,57,14,25,0
16020,57,14,25,0
16021,57,14,25,0
16022,57,14,25,0
16023,57,14,25,0
16024,57,14,25,0
16025,57,14,25,0
16026,57,14,25,0
16027,57,14,25,0
16028,57,14,25,0
16029,57,14,25,0
16030,57,14,25,0
16031,57,14,25,0
16032,57,14,25,0
16033,57,14,25,0
16034,57,14,25,0
16035,57,14,25,0
16036,57,14,25,0
16037,57,14,25,0
16038,57,14,25,0
16039,57,14,25,0
16040,57,14,25,0
16041,57,14,25,0
16042,57,14,25,0
16043,57,14,25,0
16044,57,14,25,0
16045,57,14,25,0
16046,57,14,25,0
16047,57,14,25,0
16048,57,14,25,0
16049,57,14,25,0
16050,57,14,25,0
16051,57,14,25,0
16052,57,14,25,0
16053,57,14,25,0
16054,57,14,25,0
16055,57,14,25,0
16056,57,14,25,0
16057,57,14,25,0
16058,57,14,25,0
16059,57,14,25,0
16060,57,14,25,0
16061,57,14,25,0
16062,57,14,25,0
16063,57,14,25,0
16064,57,14,25,0
16065,57,14,25,0
16066,57,14,25,0
16067,57,14,25,0
16068,57,14,25,0
16069,57,14,25,0
16070,57,14,25,0
16071,57,14,25,0
16072,57,14,25,0
16073,57,14,25,0
16074,57,14,25,0
16075,57,14,25,0
16076,57,14,25,0
16077,57,14,25,0
16078,57,14,25,0
16079,57,14,25,0
16080,57,14,25,0
16081,57,14,25,0
16082,57,14,25,0
16083,57,14,25,0
16084,57,14,25,0
16085,57,14,25,0
16086,57,14,25,0
16087,57,14,25,0
16088,57,14,25,0
16089,57,14,25,0
16090,57,14,25,0
16091,57,14,25,0
16092,57,14,25,0
16093,57,14,25,0
16094,57,14,25,0
16095,57,14,25,0
16096,57,14,25,0
16097,57,14,25,0
16098,57,14,25,0
16099,57,14,25,0
16100,57,14,25,0
16101,57,14,25,0
16102,57,14,25,0
16103,57,14,25,0
16104,57,14,25,0
16105,57,14,25,0
16106,57,14,25,0
16107,57,14,25,0
16108,57,14,25,0
16109,57,14,25,0
16110,57,14,25,0
16111,57,14,25,0
16112,57,14,25,0
16113,57,14,25,0
16114,57,14,25,0
16115,57,14,25,0
16116,57,14,25,0
16117,57,14,25,0
16118,57,14,25,0
16119,57,14,25,0
16120,57,14,25,0
16121,57,14,25,0
16122,57,14,25,0
16123,57,14,25,0
16124,57,14,25,0
16125,57,14,25,0
16126,57,14,25,0
16127,57,14,25,0
16128,57,14,25,0
16129,57,14,25,0
16130,57,14,25,0
16131,57,14,25,0
16132,57,14,25,0
16133,57,14,25,0
16134,57,14,25,0
16135,57,14,25,0
16136,57,14,25,0
16137,57,14,25,0
16138,57,14,25,0
16139,57,14,25,0
16140,57,14,25,0
16141,57,14,25,0
16142,57,14,25,0
16143,57,14,25,0
16144,57,14,25,0
16145,57,14,25,0
16146,57,14,25,0
16147,57,14,25,0
16148,57,14,25,0
16149,57,14,25,0
16150,57,14,25,0
16151,57,14,25,0
16152,57,14,25,0
16153,57,14,25,0
16154,57,14,25,0
16155,57,14,25,0
16156,57,14,25,0
16157,57,14,25,0
16158,57,14,25,0
16159,57,14,25,0
16160,57,14,25,0
16161,57,14,25,0
16162,57,14,25,0
16163,57,14,25,0
16164,57,14,25,0
16165,57,14,25,0
16166,57,14,25,0
16167,57,14,25,0
16168,57,14,25,0
16169,57,14,25,0
16170,57,14,25,0
16171,57,14,25,0
16172,57,14,25,0
16173,57,14,25,0
16174,57,14,25,0
16175,57,14,25,0
16176,57,14,25,0
16177,57,14,25,0
16178,57,14,25,0
16179,57,14,25,0
16180,57,14,25,0
16181,57,14,25,0
16182,57,14,25,0
16183,57,14,25,0
16184,57,14,25,0
16185,57,14,25,0
16186,57,14,25,0
16187,57,14,25,0
16188,57,14,25,0
16189,57,14,25,0
16190,57,14,25,0
16191,57,14,25,0
16192,57,14,25,0
16193,57,14,25,0
16194,57,14,25,0
16195,57,14,25,0
16196,57,14,25,0
16197,57,14,25,0
16198,57,14,25,0
16199,57,14,25,0
16200,57,14,25,0
16201,57,14,25,0
16202,57,14,25,0
16203,57,14,25,0
16204,57,14,25,0
16205,57,14,25,0
16206,57,14,25,0
16207,57,14,25,0
16208,57,14,25,0
16209,57,14,25,0
16210,57,14,25,0
16211,57,14,25,0
16212,57,14,25,0
16213,57,14,25,0
16214,57,14,25,0
16215,57,14,25,0
16216,57,14,25,0
16217,57,14,25,0
16218,57,14,25,0
16219,57,14,25,0
16220,57,14,25,0
16221,57,14,25,0
16222,57,14,25,0
16223,57,14,25,0
16224,57,14,25,0
16225,57,14,25,0
16226,57,14,25,0
16227,57,14,25,0
16228,57,14,25,0
16229,57,14,25,0
16230,57,14,25,0
16231,57,14,25,0
16232,57,14,25,0
16233,57,14,25,0
16234,57,14,25,0
16235,57,14,25,0
16236,57,14,25,0
16237,57,14,25,0
16238,57,14,25,0
16239,57,14,25,0
16240,57,14,25,0
16241,57,14,25,0
16242,57,14,25,0
16243,57,14,25,0
16244,57,14,25,0
16245,57,14,25,0
16246,57,14,25,0
16247,57,14,25,0
16248,57,14,25,0
16249,57,14,25,0
16250,57,14,25,0
16251,57,14,25,0
16252,57,14,25,0
16253,57,14,25,0
16254,57,14,25,0
16255,57,14,25,0
16256,57,14,25,0
16257,57,14,25,0
16258,57,14,25,0
16259,57,14,25,0
16260,57,14,25,0
16261,57,14,25,0
16262,57,14,25,0
16263,57,14,25,0
16264,57,14,25,0
16265,57,14,25,0
16266,57,14,25,0
16267,57,14,25,0
16268,57,14,25,0
16269,57,14,25,0
16270,57,14,25,0
16271,57,14,25,0
16272,57,14,25,0
16273,57,14,25,0
16274,57,14,25,0
16275,57,14,25,0
16276,57,14,25,0
16277,57,14,25,0
16278,57,14,25,0
16279,57,14,25,0
16280,57,14,25,0
16281,57,14,25,0
16282,57,14,25,0
16283,57,14,25,0
16284,57,14,25,0
16285,57,14,25,0
16286,57,14,25,0
16287,57,14,25,0
16288,57,14,25,0
16289,57,14,25,0
16290,57,14,25,0
16291,57,14,25,0
16292,57,14,25,0
16293,57,14,25,0
16294,57,14,25,0
16295,57,14,25,0
16296,57,14,25,0
16297,57,14,25,0
16298,57,14,25,0
16299,57,14,25,0
16300,57,14,25,0
16301,57,14,25,0
16302,57,14,25,0
16303,57,14,25,0
16304,57,14,25,0
16305,57,14,25,0
16306,57,14,25,0
16307,57,14,25,0
16308,57,14,25,0
16309,57,14,25,0
16310,57,14,25,0
16311,57,14,25,0
16312,57,14,25,0
16313,57,14,25,0
16314,57,14,25,0
16315,57,14,25,0
16316,57,14,25,0
16317,57,14,25,0
16318,57,14,25,0
16319,57,14,25,0
16320,57,14,25,0
16321,57,14,25,0
16322,57,14,25,0
16323,57,14,25,0
16324,57,14,25,0
16325,57,14,25,0
16326,57,14,25,0
16327,57,14,25,0
16328,57,14,25,0
16329,57,14,25,0
16330,57,14,25,0
16331,57,14,25,0
16332,57,14,25,0
16333,57,14,25,0
16334,57,14,25,0
16335,57,14,25,0
16336,57,14,25,0
16337,57,14,25,0
16338,57,14,25,0
16339,57,14,25,0
16340,57,14,25,0
16341,57,14,25,0
16342,57,14,25,0
16343,57,14,25,0
16344,57,14,25,0
16345,57,14,25,0
16346,57,14,25,0
16347,57,14,25,0
16348,57,14,25,0
16349,57,14,25,0
16350,57,14,25,0
16351,57,14,25,0
16352,57,14,25,0
16353,57,14,25,0
16354,57,14,25,0
16355,57,14,25,0
16356,57,14,25,0
16357,57,14,25,0
16358,57,14,25,0
16359,57,14,25,0
16360,57,14,25,0
16361,57,14,25,0
16362,57,14,25,0
16363,57,14,25,0
16364,57,14,25,0
16365,57,14,25,0
16366,57,14,25,0
16367,57,14,25,0
16368,57,14,25,0
16369,57,14,25,0
16370,57,14,25,0
16371,57,14,25,0
16372,57,14,25,0
16373,57,14,25,0
16374,57,14,25,0
16375,57,14,25,0
16376,57,14,25,0
16377,57,14,25,0
16378,57,14,25,0
16379,57,14,25,0
16380,57,14,25,0
16381,57,14,25,0
16382,57,14,25,0
16383,57,14,25,0
16384,57,14,25,0
16385,57,14,25,0
16386,57,14,25,0
16387,57,14,25,0
16388,57,14,25,0
16389,57,14,25,0
16390,57,14,25,0
16391,57,14,25,0
16392,57,14,25,0
16393,57,14,25,0
16394,57,14,25,0
16395,57,14,25,0
16396,57,14,25,0
16397,57,14,25,0
16398,57,14,25,0
16399,57,14,25,0
16400,57,14,25,0
16401,57,14,25,0
16402,57,14,25,0
16403,57,14,25,0
16404,57,14,25,0
16405,57,14,25,0
16406,57,14,25,0
16407,57,14,25,0
16408,57,14,25,0
16409,57,14,25,0
16410,57,14,25,0
16411,57,14,25,0
16412,57,14,25,0
16413,57,14,25,0
16414,57,14,25,0
16415,57,14,25,0
16416,57,14,25,0
16417,57,14,25,0
16418,57,14,25,0
16419,57,14,25,0
16420,57,14,25,0
16421,57,14,25,0
16422,57,14,25,0
16423,57,14,25,0
16424,57,14,25,0
16425,57,14,25,0
16426,57,14,25,0
16427,57,14,25,0
16428,57,14,25,0
16429,57,14,25,0
16430,57,14,25,0
16431,57,14,25,0
16432,57,14,25,0
16433,57,14,25,0
16434,57,14,25,0
16435,57,14,25,0
16436,57,14,25,0
16437,57,14,25,0
16438,57,14,25,0
16439,57,14,25,0
16440,57,14,25,0
16441,57,14,25,0
16442,57,14,25,0
16443,57,14,25,0
16444,57,14,25,0
16445,57,14,25,0
16446,57,14,25,0
16447,57,14,25,0
16448,57,14,25,0
16449,57,14,25,0
16450,57,14,25,0
16451,57,14,25,0
16452,57,14,25,0
16453,57,14,25,0
16454,57,14,25,0
16455,57,14,25,0
16456,57,14,25,0
16457,57,14,25,0
16458,57,14,25,0
16459,57,14,25,0
16460,57,14,25,0
16461,57,14,25,0
16462,57,14,25,0
16463,57,14,25,0
16464,57,14,25,0
16465,57,14,25,0
16466,57,14,25,0
16467,57,14,25,0
16468,57,14,25,0
16469,57,14,25,0
16470,57,14,25,0
16471,57,14,25,0
16472,57,14,25,0
16473,57,14,25,0
16474,57,14,25,0
16475,57,14,25,0
16476,57,14,25,0
16477,57,14,25,0
16478,57,14,25,0
16479,57,14,25,0
16480,57,14,25,0
16481,57,14,25,0
16482,57,14,25,0
16483,57,14,25,0
16484,57,14,25,0
16485,57,14,25,0
16486,57,14,25,0
16487,57,14,25,0
16488,57,14,25,0
16489,57,14,25,0
16490,57,14,25,0
16491,57,14,25,0
16492,57,14,25,0
16493,57,14,25,0
16494,57,14,25,0
16495,57,14,25,0
16496,57,14,25,0
16497,57,14,25,0
16498,57,14,25,0
16499,57,14,25,0
16500,57,14,25,0
16501,57,14,25,0
16502,57,14,25,0
16503,57,14,25,0
16504,57,14,25,0
16505,57,14,25,0
16506,57,14,25,0
16507,57,14,25,0
16508,57,14,25,0
16509,57,14,25,0
16510,57,14,25,0
16511,57,14,25,0
16512,57,14,25,0
16513,57,14,25,0
16514,57,14,25,0
16515,57,14,25,0
16516,57,14,25,0
16517,57,14,25,0
16518,57,14,25,0
16519,57,14,25,0
16520,57,14,25,0
16521,57,14,25,0
16522,57,14,25,0
16523,57,14,25,0
16524,57,14,25,0
16525,57,14,25,0
16526,57,14,25,0
16527,57,14,25,0
16528,57,14,25,0
16529,57,14,25,0
16530,57,14,25,0
16531,57,14,25,0
16532,57,14,25,0
16533,57,14,25,0
16534,57,14,25,0
16535,57,14,25,0
16536,57,14,25,0
16537,57,14,25,0
16538,57,14,25,0
16539,57,14,25,0
16540,57,14,25,0
16541,57,14,25,0
16542,57,14,25,0
16543,57,14,25,0
16544,57,14,25,0
16545,57,14,25,0
16546,57,14,25,0
16547,57,14,25,0
16548,57,14,25,0
16549,57,14,25,0
16550,57,14,25,0
16551,57,14,25,0
16552,57,14,25,0
16553,57,14,25,0
16554,57,14,25,0
16555,57,14,25,0
16556,57,14,25,0
16557,57,14,25,0
16558,57,14,25,0
16559,57,14,25,0
16560,57,14,25,0
16561,57,14,25,0
16562,57,14,25,0
16563,57,14,25,0
16564,57,14,25,0
16565,57,14,25,0
16566,57,14,25,0
16567,57,14,25,0
16568,57,14,25,0
16569,57,14,25,0
16570,57,14,25,0
16571,57,14,25,0
16572,57,14,25,0
16573,57,14,25,0
16574,57,14,25,0
16575,57,14,25,0
16576,57,14,25,0
16577,57,14,25,0
16578,57,14,25,0
16579,57,14,25,0
16580,57,14,25,0
16581,57,14,25,0
16582,57,14,25,0
16583,57,14,25,0
16584,57,14,25,0
16585,57,14,25,0
16586,57,14,25,0
16587,57,14,25,0
16588,57,14,25,0
16589,57,14,25,0
16590,57,14,25,0
16591,57,14,25,0
16592,57,14,25,0
16593,57,14,25,0
16594,57,14,25,0
16595,57,14,25,0
16596,57,14,25,0
16597,57,14,25,0
16598,57,14,25,0
16599,57,14,25,0
16600,57,14,25,0
16601,57,14,25,0
16602,57,14,25,0
16603,57,14,25,0
16604,57,14,25,0
16605,57,14,25,0
16606,57,14,25,0
16607,57,14,25,0
16608,57,14,25,0
16609,57,14,25,0
16610,57,14,25,0
16611,57,14,25,0
16612,57,14,25,0
16613,57,14,25,0
16614,57,14,25,0
16615,57,14,25,0
16616,57,14,25,0
16617,57,14,25,0
16618,57,14,25,0
16619,57,14,25,0
16620,57,14,25,0
16621,57,14,25,0
16622,57,14,25,0
16623,57,14,25,0
16624,57,14,25,0
16625,57,14,25,0
16626,57,14,25,0
16627,57,14,25,0
16628,57,14,25,0
16629,57,14,25,0
16630,57,14,25,0
16631,57,14,25,0
16632,57,14,25,0
16633,57,14,25,0
16634,57,14,25,0
16635,57,14,25,0
16636,57,14,25,0
16637,57,14,25,0
16638,57,14,25,0
16639,57,14,25,0
16640,57,14,25,0
16641,57,14,25,0
16642,57,14,25,0
16643,57,14,25,0
16644,57,14,25,0
16645,57,14,25,0
16646,57,14,25,0
16647,57,14,25,0
16648,57,14,25,0
16649,57,14,25,0
16650,57,14,25,0
16651,57,14,25,0
16652,57,14,25,0
16653,57,14,25,0
16654,57,14,25,0
16655,57,14,25,0
16656,57,14,25,0
16657,57,14,25,0
16658,57,14,25,0
16659,57,14,25,0
16660,57,14,25,0
16661,57,14,25,0
16662,57,14,25,0
16663,57,14,25,0
16664,57,14,25,0
16665,57,14,25,0
16666,57,14,25,0
16667,57,14,25,0
16668,57,14,25,0
16669,57,14,25,0
16670,57,14,25,0
16671,57,14,25,0
16672,57,14,25,0
16673,57,14,25,0
16674,57,14,25,0
16675,57,14,25,0
16676,57,14,25,0
16677,57,14,25,0
16678,57,14,25,0
16679,57,14,25,0
16680,57,14,25,0
16681,57,14,25,0
16682,57,14,25,0
16683,57,14,25,0
16684,57,14,25,0
16685,57,14,25,0
16686,57,14,25,0
16687,57,14,25,0
16688,57,14,25,0
16689,57,14,25,0
16690,57,14,25,0
16691,57,14,25,0
16692,57,14,25,0
16693,57,14,25,0
16694,57,14,25,0
16695,57,14,25,0
16696,57,14,25,0
16697,57,14,25,0
16698,57,14,25,0
16699,57,14,25,0
16700,57,14,25,0
16701,57,14,25,0
16702,57,14,25,0
16703,57,14,25,0
16704,57,14,25,0
16705,57,14,25,0
16706,57,14,25,0
16707,57,14,25,0
16708,57,14,25,0
16709,57,14,25,0
16710,57,14,25,0
16711,57,14,25,0
16712,57,14,25,0
16713,57,14,25,0
16714,57,14,25,0
16715,57,14,25,0
16716,57,14,25,0
16717,57,14,25,0
16718,57,14,25,0
16719,57,14,25,0
16720,57,14,25,0
16721,57,14,25,0
16722,57,14,25,0
16723,57,14,25,0
16724,57,14,25,0
16725,57,14,25,0
16726,57,14,25,0
16727,57,14,25,0
16728,57,14,25,0
16729,57,14,25,0
16730,57,14,25,0
16731,57,14,25,0
16732,57,14,25,0
16733,57,14,25,0
16734,57,14,25,0
16735,57,14,25,0
16736,57,14,25,0
16737,57,14,25,0
16738,57,14,25,0
16739,57,14,25,0
16740,57,14,25,0
16741,57,14,25,0
16742,57,14,25,0
16743,57,14,25,0
16744,57,14,25,0
16745,57,14,25,0
16746,57,14,25,0
16747,57,14,25,0
16748,57,14,25,0
16749,57,14,25,0
16750,57,14,25,0
16751,57,14,25,0
16752,57,14,25,0
16753,57,14,25,0
16754,57,14,25,0
16755,57,14,25,0
16756,57,14,25,0
16757,57,14,25,0
16758,57,14,25,0
16759,57,14,25,0
16760,57,14,25,0
16761,57,14,25,0
16762,57,14,25,0
16763,57,14,25,0
16764,57,14,25,0
16765,57,14,25,0
16766,57,14,25,0
16767,57,14,25,0
16768,57,14,25,0
16769,57,14,25,0
16770,57,14,25,0
16771,57,14,25,0
16772,57,14,25,0
16773,57,14,25,0
16774,57,14,25,0
16775,57,14,25,0
16776,57,14,25,0
16777,57,14,25,0
16778,57,14,25,0
16779,57,14,25,0
16780,57,14,25,0
16781,57,14,25,0
16782,57,14,25,0
16783,57,14,25,0
16784,57,14,25,0
16785,57,14,25,0
16786,57,14,25,0
16787,57,14,25,0
16788,57,14,25,0
16789,57,14,25,0
16790,57,14,25,0
16791,57,14,25,0
16792,57,14,25,0
16793,57,14,25,0
16794,57,14,25,0
16795,57,14,25,0
16796,57,14,25,0
16797,57,14,25,0
16798,57,14,25,0
16799,57,14,25,0
16800,57,14,25,0
16801,57,14,25,0
16802,57,14,25,0
16803,57,14,25,0
16804,57,14,25,0
16805,57,14,25,0
16806,57,14,25,0
16807,57,14,25,0
16808,57,14,25,0
16809,57,14,25,0
16810,57,14,25,0
16811,57,14,25,0
16812,57,14,25,0
16813,57,14,25,0
16814,57,14,25,0
16815,57,14,25,0
16816,57,14,25,0
16817,57,14,25,0
16818,57,14,25,0
16819,57,14,25,0
16820,57,14,25,0
16821,57,14,25,0
16822,57,14,25,0
16823,57,14,25,0
16824,57,14,25,0
16825,57,14,25,0
16826,57,14,25,0
16827,57,14,25,0
16828,57,14,25,0
16829,57,14,25,0
16830,57,14,25,0
16831,57,14,25,0
16832,57,14,25,0
16833,57,14,25,0
16834,57,14,25,0
16835,57,14,25,0
16836,57,14,25,0
16837,57,14,25,0
16838,57,14,25,0
16839,57,14,25,0
16840,57,14,25,0
16841,57,14,25,0
16842,57,14,25,0
16843,57,14,25,0
16844,57,14,25,0
16845,57,14,25,0
16846,57,14,25,0
16847,57,14,25,0
16848,57,14,25,0
16849,57,14,25,0
16850,57,14,25,0
16851,57,14,25,0
16852,57,14,25,0
16853,57,14,25,0
16854,57,14,25,0
16855,57,14,25,0
16856,57,14,25,0
16857,57,14,25,0
16858,57,14,25,0
16859,57,14,25,0
16860,57,14,25,0
16861,57,14,25,0
16862,57,14,25,0
16863,57,14,25,0
16864,57,14,25,0
16865,57,14,25,0
16866,57,14,25,0
16867,57,14,25,0
16868,57,14,25,0
16869,57,14,25,0
16870,57,14,25,0
16871,57,14,25,0
16872,57,14,25,0
16873,57,14,25,0
16874,57,14,25,0
16875,57,14,25,0
16876,57,14,25,0
16877,57,14,25,0
16878,57,14,25,0
16879,57,14,25,0
16880,57,14,25,0
16881,57,14,25,0
16882,57,14,25,0
16883,57,14,25,0
16884,57,14,25,0
16885,57,14,25,0
16886,57,14,25,0
16887,57,14,25,0
16888,57,14,25,0
16889,57,14,25,0
16890,57,14,25,0
16891,57,14,25,0
16892,57,14,25,0
16893,57,14,25,0
16894,57,14,25,0
16895,57,14,25,0
16896,57,14,25,0
16897,57,14,25,0
16898,57,14,25,0
16899,57,14,25,0
16900,57,14,25,0
16901,57,14,25,0
16902,57,14,25,0
16903,57,14,25,0
16904,57,14,25,0
16905,59,14,26,0
16906,59,14,26,0
16907,59,14,26,0
16908,59,14,26,0
16909,59,14,26,0
16910,59,14,26,0
16911,59,14,26,0
16912,59,14,26,0
16913,59,14,26,0
16914,59,14,26,0
16915,59,14,26,0
16916,59,14,26,0
16917,59,14,26,0
16918,59,14,26,0
16919,59,14,26,0
16920,59,14,26,0
16921,59,14,26,0
16922,59,14,26,0
16923,59,14,26,0
16924,59,14,26,0
16925,59,14,26,0
16926,59,14,26,0
16927,59,14,26,0
16928,59,14,26,0
16929,59,14,26,0
16930,59,14,26,0
16931,59,14,26,0
16932,59,14,26,0
16933,59,14,26,0
16934,59,14,26,0
16935,59,14,26,0
16936,59,14,26,0
16937,59,14,26,0
16938,59,14,26,0
16939,59,14,26,0
16940,59,14,26,0
16941,59,14,26,0
16942,59,14,26,0
16943,59,14,26,0
16944,59,14,26,0
16945,59,14,26,0
16946,59,14,26,0
16947,59,14,26,0
16948,59,14,26,0
16949,59,14,26,0
16950,59,14,26,0
16951,59,14,26,0
16952,59,14,26,0
16953,59,14,26,0
16954,59,14,26,0
16955,59,14,26,0
16956,59,14,26,0
16957,59,14,26,0
16958,59,14,26,0
16959,59,14,26,0
16960,59,14,26,0
16961,59,14,26,0
16962,59,14,26,0
16963,59,14,26,0
16964,59,14,26,0
16965,59,14,26,0
16966,59,14,26,0
16967,59,14,26,0
16968,59,14,26,0
16969,59,14,26,0
16970,59,14,26,0
16971,59,14,26,0
16972,59,14,26,0
16973,59,14,26,0
16974,59,14,26,0
16975,59,14,26,0
16976,59,14,26,0
16977,59,14,26,0
16978,59,14,26,0
16979,59,14,26,0
16980,59,14,26,0
16981,59,14,26,0
16982,59,14,26,0
16983,59,14,26,0
16984,59,14,26,0
16985,59,14,26,0
16986,59,14,26,0
16987,59,14,26,0
16988,59,14,26,0
16989,59,14,26,0
16990,59,14,26,0
16991,59,14,26,0
16992,59,14,26,0
16993,59,14,26,0
16994,59,14,26,0
16995,59,14,26,0
16996,59,14,26,0
16997,59,14,26,0
16998,59,14,26,0
16999,59,14,26,0
17000,59,14,26,0
17001,59,14,26,0
17002,59,14,26,0
17003,59,14,26,0
17004,59,14,26,0
17005,59,14,26,0
17006,59,14,26,0
17007,59,14,26,0
17008,59,14,26,0
17009,59,14,26,0
17010,59,14,26,0
17011,59,14,26,0
17012,59,14,26,0
17013,59,14,26,0
17014,59,14,26,0
17015,59,14,26,0
17016,59,14,26,0
17017,59,14,26,0
17018,59,14,26,0
17019,59,14,26,0
17020,59,14,26,0
17021,59,14,26,0
17022,59,14,26,0
17023,59,14,26,0
17024,59,14,26,0
17025,59,14,26,0
17026,59,14,26,0
17027,59,14,26,0
17028,59,14,26,0
17029,59,14,26,0
17030,59,14,26,0
17031,59,14,26,0
17032,59,14,26,0
17033,59,14,26,0
17034,59,14,26,0
17035,59,14,26,0
17036,59,14,26,0
17037,59,14,26,0
17038,59,14,26,0
17039,59,14,26,0
17040,59,14,26,0
17041,59,14,26,0
17042,59,14,26,0
17043,59,14,26,0
17044,59,14,26,0
17045,59,14,26,0
17046,59,14,26,0
17047,59,14,26,0
17048,59,14,26,0
17049,59,14,26,0
17050,59,14,26,0
17051,59,14,26,0
17052,59,14,26,0
17053,59,14,26,0
17054,59,14,26,0
17055,59,14,26,0
17056,59,14,26,0
17057,59,14,26,0
17058,59,14,26,0
17059,59,14,26,0
17060,59,14,26,0
17061,59,14,26,0
17062,59,14,26,0
17063,59,14,26,0
17064,59,14,26,0
17065,59,14,26,0
17066,59,14,26,0
17067,59,14,26,0
17068,59,14,26,0
17069,59,14,26,0
17070,59,14,26,0
17071,59,14,26,0
17072,59,14,26,0
17073,59,14,26,0
17074,59,14,26,0
17075,59,14,26,0
17076,59,14,26,0
17077,59,14,26,0
17078,59,14,26,0
17079,59,14,26,0
17080,59,14,26,0
17081,59,14,26,0
17082,59,14,26,0
17083,59,14,26,0
17084,59,14,26,0
17085,59,14,26,0
17086,59,14,26,0
17087,59,14,26,0
17088,59,14,26,0
17089,59,14,26,0
17090,59,14,26,0
17091,59,14,26,0
17092,59,14,26,0
17093,59,14,26,0
17094,59,14,26,0
17095,59,14,26,0
17096,59,14,26,0
17097,59,14,26,0
17098,59,14,26,0
17099,59,14,26,0
17100,59,14,26,0
17101,59,14,26,0
17102,59,14,26,0
17103,59,14,26,0
17104,59,14,26,0
17105,59,14,26,0
17106,59,14,26,0
17107,59,14,26,0
17108,59,14,26,0
17109,59,14,26,0
17110,59,14,26,0
17111,59,14,26,0
17112,59,14,26,0
17113,59,14,26,0
17114,59,14,26,0
17115,59,14,26,0
17116,59,14,26,0
17117,59,14,26,0
17118,59,14,26,0
17119,59,14,26,0
17120,59,14,26,0
17121,59,14,26,0
17122,59,14,26,0
17123,59,14,26,0
17124,59,14,26,0
17125,59,14,26,0
17126,59,14,26,0
17127,59,14,26,0
17128,59,14,26,0
17129,59,14,26,0
17130,59,14,26,0
17131,59,14,26,0
17132,59,14,26,0
17133,59,14,26,0
17134,59,14,26,0
17135,59,14,26,0
17136,59,14,26,0
17137,59,14,26,0
17138,59,14,26,0
17139,59,14,26,0
17140,59,14,26,0
17141,59,14,26,0
17142,59,14,26,0
17143,59,14,26,0
17144,59,14,26,0
17145,59,14,26,0
17146,59,14,26,0
17147,59,14,26,0
17148,59,14,26,0
17149,59,14,26,0
17150,59,14,26,0
17151,59,14,26,0
17152,59,14,26,0
17153,59,14,26,0
17154,59,14,26,0
17155,59,14,26,0
17156,59,14,26,0
17157,59,14,26,0
17158,59,14,26,0
17159,59,14,26,0
17160,59,14,26,0
17161,59,14,26,0
17162,59,14,26,0
17163,59,14,26,0
17164,59,14,26,0
17165,59,14,26,0
17166,59,14,26,0
17167,59,14,26,0
17168,59,14,26,0
17169,59,14,26,0
17170,59,14,26,0
17171,59,14,26,0
17172,59,14,26,0
17173,59,14,26,0
17174,59,14,26,0
17175,59,14,26,0
17176,59,14,26,0
17177,59,14,26,0
17178,59,14,26,0
17179,59,14,26,0
17180,59,14,26,0
17181,59,14,26,0
17182,59,14,26,0
17183,59,14,26,0
17184,59,14,26,0
17185,59,14,26,0
17186,59,14,26,0
17187,59,14,26,0
17188,59,14,26,0
17189,59,14,26,0
17190,59,14,26,0
17191,59,14,26,0
17192,59,14,26,0
17193,59,14,26,0
17194,59,14,26,0
17195,59,14,26,0
17196,59,14,26,0
17197,59,14,26,0
17198,59,14,26,0
17199,59,14,26,0
17200,59,14,26,0
17201,59,14,26,0
17202,59,14,26,0
17203,59,14,26,0
17204,59,14,26,0
17205,59,14,26,0
17206,59,14,26,0
17207,59,14,26,0
17208,59,14,26,0
17209,59,14,26,0
17210,59,14,26,0
17211,59,14,26,0
17212,59,14,26,0
17213,59,14,26,0
17214,59,14,26,0
17215,59,14,26,0
17216,59,14,26,0
17217,59,14,26,0
17218,59,14,26,0
17219,59,14,26,0
17220,59,14,26,0
17221,59,14,26,0
17222,59,14,26,0
17223,59,14,26,0
17224,59,14,26,0
17225,59,14,26,0
17226,59,14,26,0
17227,59,14,26,0
17228,59,14,26,0
17229,59,14,26,0
17230,59,14,26,0
17231,59,14,26,0
17232,59,14,26,0
17233,59,14,26,0
17234,59,14,26,0
17235,59,14,26,0
17236,59,14,26,0
17237,59,14,26,0
17238,59,14,26,0
17239,59,14,26,0
17240,59,14,26,0
17241,59,14,26,0
17242,59,14,26,0
17243,59,14,26,0
17244,59,14,26,0
17245,59,14,26,0
17246,59,14,26,0
17247,59,14,26,0
17248,59,14,26,0
17249,59,14,26,0
17250,59,14,26,0
17251,59,14,26,0
17252,59,14,26,0
17253,59,14,26,0
17254,59,14,26,0
17255,59,14,26,0
17256,59,14,26,0
17257,59,14,26,0
17258,59,14,26,0
17259,59,14,26,0
17260,59,14,26,0
17261,59,14,26,0
17262,59,14,26,0
17263,59,14,26,0
17264,59,14,26,0
17265,59,14,26,0
17266,59,14,26,0
17267,59,14,26,0
17268,59,14,26,0
17269,59,14,26,0
17270,59,14,26,0
17271,59,14,26,0
17272,59,14,26,0
17273,59,14,26,0
17274,59,14,26,0
17275,59,14,26,0
17276,59,14,26,0
17277,59,14,26,0
17278,59,14,26,0
17279,59,14,26,0
17280,59,14,26,0
17281,59,14,26,0
17282,59,14,26,0
17283,59,14,26,0
17284,59,14,26,0
17285,59,14,26,0
17286,59,14,26,0
17287,59,14,26,0
17288,59,14,26,0
17289,59,14,26,0
17290,59,14,26,0
17291,59,14,26,0
17292,59,14,26,0
17293,59,14,26,0
17294,59,14,26,0
17295,59,14,26,0
17296,59,14,26,0
17297,59,14,26,0
17298,59,14,26,0
17299,59,14,26,0
17300,59,14,26,0
17301,59,14,26,0
17302,59,14,26,0
17303,59,14,26,0
17304,59,14,26,0
17305,59,14,26,0
17306,59,14,26,0
17307,59,14,26,0
17308,59,14,26,0
17309,59,14,26,0
17310,59,14,26,0
17311,59,14,26,0
17312,59,14,26,0
17313,59,14,26,0
17314,59,14,26,0
17315,59,14,26,0
17316,59,14,26,0
17317,59,14,26,0
17318,59,14,26,0
17319,59,14,26,0
17320,59,14,26,0
17321,59,14,26,0
17322,59,14,26,0
17323,59,14,26,0
17324,59,14,26,0
17325,59,14,26,0
17326,59,14,26,0
17327,59,14,26,0
17328,59,14,26,0
17329,59,14,26,0
17330,59,14,26,0
17331,59,14,26,0
17332,59,14,26,0
17333,59,14,26,0
17334,59,14,26,0
17335,59,14,26,0
17336,59,14,26,0
17337,59,14,26,0
17338,59,14,26,0
17339,59,14,26,0
17340,59,14,26,0
17341,59,14,26,0
17342,59,14,26,0
17343,59,14,26,0
17344,59,14,26,0
17345,59,14,26,0
17346,59,14,26,0
17347,59,14,26,0
17348,59,14,26,0
17349,59,14,26,0
17350,59,14,26,0
17351,59,14,26,0
17352,59,14,26,0
17353,59,14,26,0
17354,59,14,26,0
17355,59,14,26,0
17356,59,14,26,0
17357,59,14,26,0
17358,59,14,26,0
17359,59,14,26,0
17360,59,14,26,0
17361,59,14,26,0
17362,59,14,26,0
17363,59,14,26,0
17364,59,14,26,0
17365,59,14,26,0
17366,59,14,26,0
17367,59,14,26,0
17368,59,14,26,0
17369,59,14,26,0
17370,59,14,26,0
17371,59,14,26,0
17372,59,14,26,0
17373,59,14,26,0
17374,59,14,26,0
17375,59,14,26,0
17376,59,14,26,0
17377,59,14,26,0
17378,59,14,26,0
17379,59,14,26,0
17380,59,14,26,0
17381,59,14,26,0
17382,59,14,26,0
17383,59,14,26,0
17384,59,14,26,0
17385,59,14,26,0
17386,59,14,26,0
17387,59,14,26,0
17388,59,14,26,0
17389,59,14,26,0
17390,59,14,26,0
17391,59,14,26,0
17392,59,14,26,0
17393,59,14,26,0
17394,59,14,26,0
17395,59,14,26,0
17396,59,14,26,0
17397,59,14,26,0
17398,59,14,26,0
17399,59,14,26,0
17400,59,14,26,0
17401,59,14,26,0
17402,59,14,26,0
17403,59,14,26,0
17404,59,14,26,0
17405,59,14,26,0
17406,59,14,26,0
17407,59,14,26,0
17408,59,14,26,0
17409,59,14,26,0
17410,59,14,26,0
17411,59,14,26,0
17412,59,14,26,0
17413,59,14,26,0
17414,59,14,26,0
17415,59,14,26,0
17416,59,14,26,0
17417,59,14,26,0
17418,59,14,26,0
17419,59,14,26,0
17420,59,14,26,0
17421,59,14,26,0
17422,59,14,26,0
17423,59,14,26,0
17424,59,14,26,0
17425,59,14,26,0
17426,59,14,26,0
17427,59,14,26,0
17428,59,14,26,0
17429,59,14,26,0
17430,59,14,26,0
17431,59,14,26,0
17432,59,14,26,0
17433,59,14,26,0
17434,59,14,26,0
17435,59,14,26,0
17436,59,14,26,0
17437,59,14,26,0
17438,59,14,26,0
17439,59,14,26,0
17440,59,14,26,0
17441,59,14,26,0
17442,59,14,26,0
17443,59,14,26,0
17444,59,14,26,0
17445,59,14,26,0
17446,59,14,26,0
17447,59,14,26,0
17448,59,14,26,0
17449,59,14,26,0
17450,59,14,26,0
17451,59,14,26,0
17452,59,14,26,0
17453,59,14,26,0
17454,59,14,26,0
17455,59,14,26,0
17456,59,14,26,0
17457,59,14,26,0
17458,59,14,26,0
17459,59,14,26,0
17460,59,14,26,0
17461,59,14,26,0
17462,59,14,26,0
17463,59,14,26,0
17464,59,14,26,0
17465,59,14,26,0
17466,59,14,26,0
17467,59,14,26,0
17468,59,14,26,0
17469,59,14,26,0
17470,59,14,26,0
17471,59,14,26,0
17472,59,14,26,0
17473,59,14,26,0
17474,59,14,26,0
17475,59,14,26,0
17476,59,14,26,0
17477,59,14,26,0
17478,59,14,26,0
17479,59,14,26,0
17480,59,14,26,0
17481,59,14,26,0
17482,59,14,26,0
17483,59,14,26,0
17484,59,14,26,0
17485,59,14,26,0
17486,59,14,26,0
17487,59,14,26,0
17488,59,14,26,0
17489,59,14,26,0
17490,59,14,26,0
17491,59,14,26,0
17492,59,14,26,0
17493,59,14,26,0
17494,59,14,26,0
17495,59,14,26,0
17496,59,14,26,0
17497,59,14,26,0
17498,59,14,26,0
17499,59,14,26,0
17500,59,14,26,0
17501,59,14,26,0
17502,59,14,26,0
17503,59,14,26,0
17504,59,14,26,0
17505,59,14,26,0
17506,59,14,26,0
17507,59,14,26,0
17508,59,14,26,0
17509,59,14,26,0
17510,59,14,26,0
17511,59,14,26,0
17512,59,14,26,0
17513,59,14,26,0
17514,59,14,26,0
17515,59,14,26,0
17516,59,14,26,0
17517,59,14,26,0
17518,59,14,26,0
17519,59,14,26,0
17520,59,14,26,0
17521,59,14,26,0
17522,59,14,26,0
17523,59,14,26,0
17524,59,14,26,0
17525,59,14,26,0
17526,59,14,26,0
17527,59,14,26,0
17528,59,14,26,0
17529,59,14,26,0
17530,59,14,26,0
17531,59,14,26,0
17532,59,14,26,0
17533,59,14,26,0
17534,59,14,26,0
17535,59,14,26,0
17536,59,14,26,0
17537,59,14,26,0
17538,59,14,26,0
17539,59,14,26,0
17540,59,14,26,0
17541,59,14,26,0
17542,59,14,26,0
17543,59,14,26,0
17544,59,14,26,0
17545,59,14,26,0
17546,59,14,26,0
17547,59,14,26,0
17548,59,14,26,0
17549,59,14,26,0
17550,59,14,26,0
17551,59,14,26,0
17552,59,14,26,0
17553,59,14,26,0
17554,59,14,26,0
17555,59,14,26,0
17556,59,14,26,0
17557,59,14,26,0
17558,59,14,26,0
17559,59,14,26,0
17560,59,14,26,0
17561,59,14,26,0
17562,59,14,26,0
17563,59,14,26,0
17564,59,14,26,0
17565,59,14,26,0
17566,59,14,26,0
17567,59,14,26,0
17568,59,14,26,0
17569,59,14,26,0
17570,59,14,26,0
17571,59,14,26,0
17572,59,14,26,0
17573,59,14,26,0
17574,59,14,26,0
17575,59,14,26,0
17576,59,14,26,0
17577,59,14,26,0
17578,59,14,26,0
17579,59,14,26,0
17580,59,14,26,0
17581,59,14,26,0
17582,59,14,26,0
17583,59,14,26,0
17584,59,14,26,0
17585,59,14,26,0
17586,59,14,26,0
17587,59,14,26,0
17588,59,14,26,0
17589,59,14,26,0
17590,59,14,26,0
17591,59,14,26,0
17592,59,14,26,0
17593,59,14,26,0
17594,59,14,26,0
17595,59,14,26,0
17596,59,14,26,0
17597,59,14,26,0
17598,59,14,26,0
17599,59,14,26,0
17600,59,14,26,0
17601,59,14,26,0
17602,59,14,26,0
17603,59,14,26,0
17604,59,14,26,0
17605,59,14,26,0
17606,59,14,26,0
17607,59,14,26,0
17608,59,14,26,0
17609,59,14,26,0
17610,59,14,26,0
17611,59,14,26,0
17612,59,14,26,0
17613,59,14,26,0
17614,59,14,26,0
17615,59,14,26,0
17616,59,14,26,0
17617,59,14,26,0
17618,59,14,26,0
17619,59,14,26,0
17620,59,14,26,0
17621,59,14,26,0
17622,59,14,26,0
17623,59,14,26,0
17624,59,14,26,0
17625,59,14,26,0
17626,59,14,26,0
17627,59,14,26,0
17628,59,14,26,0
17629,59,14,26,0
17630,59,14,26,0
17631,59,14,26,0
17632,59,14,26,0
17633,59,14,26,0
17634,59,14,26,0
17635,59,14,26,0
17636,59,14,26,0
17637,59,14,26,0
17638,59,14,26,0
17639,59,14,26,0
17640,59,14,26,0
17641,59,14,26,0
17642,59,14,26,0
17643,59,14,26,0
17644,59,14,26,0
17645,59,14,26,0
17646,59,14,26,0
17647,59,14,26,0
17648,59,14,26,0
17649,59,14,26,0
17650,59,14,26,0
17651,59,14,26,0
17652,59,14,26,0
17653,59,14,26,0
17654,59,14,26,0
17655,59,14,26,0
17656,59,14,26,0
17657,59,14,26,0
17658,59,14,26,0
17659,59,14,26,0
17660,59,14,26,0
17661,59,14,26,0
17662,59,14,26,0
17663,59,14,26,0
17664,59,14,26,0
17665,59,14,26,0
17666,59,14,26,0
17667,59,14,26,0
17668,59,14,26,0
17669,59,14,26,0
17670,59,14,26,0
17671,59,14,26,0
17672,59,14,26,0
17673,59,14,26,0
17674,59,14,26,0
17675,59,14,26,0
17676,59,14,26,0
17677,59,14,26,0
17678,59,14,26,0
17679,59,14,26,0
17680,59,14,26,0
17681,59,14,26,0
17682,59,14,26,0
17683,59,14,26,0
17684,59,14,26,0
17685,59,14,26,0
17686,59,14,26,0
17687,59,14,26,0
17688,59,14,26,0
17689,59,14,26,0
17690,59,14,26,0
17691,59,14,26,0
17692,59,14,26,0
17693,59,14,26,0
17694,59,14,26,0
17695,59,14,26,0
17696,59,14,26,0
17697,59,14,26,0
17698,59,14,26,0
17699,59,14,26,0
17700,59,14,26,0
17701,59,14,26,0
17702,59,14,26,0
17703,59,14,26,0
17704,59,14,26,0
17705,59,14,26,0
17706,59,14,26,0
17707,59,14,26,0
17708,59,14,26,0
17709,59,14,26,0
17710,59,14,26,0
17711,59,14,26,0
17712,59,14,26,0
17713,59,14,26,0
17714,59,14,26,0
17715,59,14,26,0
17716,59,14,26,0
17717,59,14,26,0
17718,59,14,26,0
17719,59,14,26,0
17720,59,14,26,0
17721,59,14,26,0
17722,59,14,26,0
17723,59,14,26,0
17724,59,14,26,0
17725,59,14,26,0
17726,59,14,26,0
17727,59,14,26,0
17728,59,14,26,0
17729,59,14,26,0
17730,59,14,26,0
17731,59,14,26,0
17732,59,14,26,0
17733,59,14,26,0
17734,59,14,26,0
17735,59,14,26,0
17736,59,14,26,0
17737,59,14,26,0
17738,59,14,26,0
17739,59,14,26,0
17740,59,14,26,0
17741,59,14,26,0
17742,59,14,26,0
17743,59,14,26,0
17744,59,14,26,0
17745,59,14,26,0
17746,59,14,26,0
17747,59,14,26,0
17748,59,14,26,0
17749,59,14,26,0
17750,59,14,26,0
17751,59,14,26,0
17752,59,14,26,0
17753,59,14,26,0
17754,59,14,26,0
17755,59,14,26,0
17756,59,14,26,0
17757,59,14,26,0
17758,59,14,26,0
17759,59,14,26,0
17760,59,14,26,0
17761,59,14,26,0
17762,59,14,26,0
17763,59,14,26,0
17764,59,14,26,0
17765,59,14,26,0
17766,59,14,26,0
17767,59,14,26,0
17768,59,14,26,0
17769,59,14,26,0
17770,59,14,26,0
17771,59,14,26,0
17772,59,14,26,0
17773,59,14,26,0
17774,59,14,26,0
17775,59,14,26,0
17776,59,14,26,0
17777,59,14,26,0
17778,59,14,26,0
17779,59,14,26,0
17780,59,14,26,0
17781,59,14,26,0
17782,59,14,26,0
17783,59,14,26,0
17784,59,14,26,0
17785,59,14,26,0
17786,59,14,26,0
17787,59,14,26,0
17788,59,14,26,0
17789,59,14,26,0
17790,59,14,26,0
17791,59,14,26,0
17792,59,14,26,0
17793,59,14,26,0
17794,59,14,26,0
17795,59,14,26,0
17796,59,14,26,0
17797,59,14,26,0
17798,59,14,26,0
17799,59,14,26,0
17800,59,14,26,0
17801,59,14,26,0
17802,59,14,26,0
17803,59,14,26,0
17804,59,14,26,0
17805,59,14,26,0
17806,59,14,26,0
17807,59,14,26,0
17808,59,14,26,0
17809,59,14,26,0
17810,59,14,26,0
17811,59,14,26,0
17812,59,14,26,0
17813,59,14,26,0
17814,59,14,26,0
17815,59,14,26,0
17816,59,14,26,0
17817,59,14,26,0
17818,59,14,26,0
17819,59,14,26,0
17820,59,14,26,0
17821,59,14,26,0
17822,59,14,26,0
17823,59,14,26,0
17824,59,14,26,0
17825,59,14,26,0
17826,59,14,26,0
17827,59,14,26,0
17828,59,14,26,0
17829,59,14,26,0
17830,59,14,26,0
17831,59,14,26,0
17832,59,14,26,0
17833,59,14,26,0
17834,59,14,26,0
17835,59,14,26,0
17836,59,14,26,0
17837,59,14,26,0
17838,59,14,26,0
17839,59,14,26,0
17840,59,14,26,0
17841,59,14,26,0
17842,59,14,26,0
17843,59,14,26,0
17844,59,14,26,0
17845,59,14,26,0
17846,59,14,26,0
17847,59,14,26,0
17848,59,14,26,0
17849,59,14,26,0
17850,59,14,26,0
17851,59,14,26,0
17852,59,14,26,0
17853,59,14,26,0
17854,59,14,26,0
17855,59,14,26,0
17856,59,14,26,0
17857,59,14,26,0
17858,59,14,26,0
17859,59,14,26,0
17860,59,14,26,0
17861,59,14,26,0
17862,59,14,26,0
17863,59,14,26,0
17864,59,14,26,0
17865,59,14,26,0
17866,59,14,26,0
17867,59,14,26,0
17868,59,14,26,0
17869,59,14,26,0
17870,59,14,26,0
17871,59,14,26,0
17872,59,14,26,0
17873,59,14,26,0
17874,59,14,26,0
17875,59,14,26,0
17876,59,14,26,0
17877,59,14,26,0
17878,59,14,26,0
17879,59,14,26,0
17880,59,14,26,0
17881,59,14,26,0
17882,59,14,26,0
17883,59,14,26,0
17884,59,14,26,0
17885,59,14,26,0
17886,59,14,26,0
17887,59,14,26,0
17888,59,14,26,0
17889,59,14,26,0
17890,59,14,26,0
17891,59,14,26,0
17892,59,14,26,0
17893,59,14,26,0
17894,59,14,26,0
17895,59,14,26,0
17896,59,14,26,0
17897,59,14,26,0
17898,59,14,26,0
17899,59,14,26,0
17900,59,14,26,0
17901,59,14,26,0
17902,59,14,26,0
17903,59,14,26,0
17904,59,14,26,0
17905,59,14,26,0
17906,59,14,26,0
17907,59,14,26,0
17908,59,14,26,0
17909,59,14,26,0
17910,59,14,26,0
17911,59,14,26,0
17912,59,14,26,0
17913,59,14,26,0
17914,59,14,26,0
17915,59,14,26,0
17916,59,14,26,0
17917,59,14,26,0
17918,59,14,26,0
17919,59,14,26,0
17920,59,14,26,0
17921,59,14,26,0
17922,59,14,26,0
17923,59,14,26,0
17924,59,14,26,0
17925,59,14,26,0
17926,59,14,26,0
17927,59,14,26,0
17928,59,14,26,0
17929,59,14,26,0
17930,59,14,26,0
17931,59,14,26,0
17932,59,14,26,0
17933,59,14,26,0
17934,59,14,26,0
17935,59,14,26,0
17936,59,14,26,0
17937,59,14,26,0
17938,59,14,26,0
17939,59,14,26,0
17940,59,14,26,0
17941,59,14,26,0
17942,59,14,26,0
17943,59,14,26,0
17944,59,14,26,0
17945,59,14,26,0
17946,59,14,26,0
17947,59,14,26,0
17948,59,14,26,0
17949,59,14,26,0
17950,59,14,26,0
17951,59,14,26,0
17952,59,14,26,0
17953,59,14,26,0
17954,59,14,26,0
17955,59,14,26,0
17956,59,14,26,0
17957,59,14,26,0
17958,59,14,26,0
17959,59,14,26,0
17960,59,14,26,0
17961,59,14,26,0
17962,59,14,26,0
17963,59,14,26,0
17964,59,14,26,0
17965,59,14,26,0
17966,59,14,26,0
17967,59,14,26,0
17968,59,14,26,0
17969,59,14,26,0
17970,59,14,26,0
17971,59,14,26,0
17972,59,14,26,0
17973,59,14,26,0
17974,59,14,26,0
17975,59,14,26,0
17976,59,14,26,0
17977,59,14,26,0
17978,59,14,26,0
17979,59,14,26,0
17980,59,14,26,0
17981,59,14,26,0
17982,59,14,26,0
17983,59,14,26,0
17984,59,14,26,0
17985,59,14,26,0
17986,59,14,26,0
17987,59,14,26,0
17988,59,14,26,0
17989,59,14,26,0
17990,59,14,26,0
17991,59,14,26,0
17992,59,14,26,0
17993,59,14,26,0
17994,59,14,26,0
17995,59,14,26,0
17996,59,14,26,0
17997,59,14,26,0
17998,59,14,26,0
17999,59,14,26,0
18000,59,14,26,0
18001,59,14,26,0
18002,59,14,26,0
18003,59,14,26,0
18004,59,14,26,0
18005,59,14,26,0
18006,59,14,26,0
18007,59,14,26,0
18008,59,14,26,0
18009,59,14,26,0
18010,59,14,26,0
18011,59,14,26,0
18012,59,14,26,0
18013,59,14,26,0
18014,59,14,26,0
18015,59,14,26,0
18016,59,14,26,0
18017,59,14,26,0
18018,59,14,26,0
18019,59,14,26,0
18020,59,14,26,0
18021,59,14,26,0
18022,59,14,26,0
18023,59,14,26,0
18024,59,14,26,0
18025,59,14,26,0
18026,59,14,26,0
18027,59,14,26,0
18028,59,14,26,0
18029,59,14,26,0
18030,59,14,26,0
18031,59,14,26,0
18032,59,14,26,0
18033,59,14,26,0
18034,59,14,26,0
18035,59,14,26,0
18036,59,14,26,0
18037,59,14,26,0
18038,59,14,26,0
18039,59,14,26,0
18040,59,14,26,0
18041,59,14,26,0
18042,59,14,26,0
18043,59,14,26,0
18044,59,14,26,0
18045,59,14,26,0
18046,59,14,26,0
18047,59,14,26,0
18048,59,14,26,0
18049,59,14,26,0
18050,59,14,26,0
18051,59,14,26,0
18052,59,14,26,0
18053,59,14,26,0
18054,59,14,26,0
18055,59,14,26,0
18056,59,14,26,0
18057,59,14,26,0
18058,59,14,26,0
18059,59,14,26,0
18060,59,14,26,0
18061,59,14,26,0
18062,59,14,26,0
18063,59,14,26,0
18064,59,14,26,0
18065,59,14,26,0
18066,59,14,26,0
18067,59,14,26,0
18068,59,14,26,0
18069,59,14,26,0
18070,59,14,26,0
18071,59,14,26,0
18072,59,14,26,0
18073,59,14,26,0
18074,59,14,26,0
18075,59,14,26,0
18076,59,14,26,0
18077,59,14,26,0
18078,59,14,26,0
18079,59,14,26,0
18080,59,14,26,0
18081,59,14,26,0
18082,59,14,26,0
18083,59,14,26,0
18084,59,14,26,0
18085,59,14,26,0
18086,59,14,26,0
18087,59,14,26,0
18088,59,14,26,0
18089,59,14,26,0
18090,59,14,26,0
18091,59,14,26,0
18092,59,14,26,0
18093,59,14,26,0
18094,59,14,26,0
18095,59,14,26,0
18096,59,14,26,0
18097,59,14,26,0
18098,59,14,26,0
18099,59,14,26,0
18100,59,14,26,0
18101,59,14,26,0
18102,59,14,26,0
18103,59,14,26,0
18104,59,14,26,0
18105,59,14,26,0
18106,59,14,26,0
18107,59,14,26,0
18108,59,14,26,0
18109,59,14,26,0
18110,59,14,26,0
18111,59,14,26,0
18112,59,14,26,0
18113,59,14,26,0
18114,59,14,26,0
18115,59,14,26,0
18116,59,14,26,0
18117,59,14,26,0
18118,59,14,26,0
18119,59,14,26,0
18120,59,14,26,0
18121,59,14,26,0
18122,59,14,26,0
18123,59,14,26,0
18124,59,14,26,0
18125,59,14,26,0
18126,59,14,26,0
18127,59,14,26,0
18128,59,14,26,0
18129,59,14,26,0
18130,59,14,26,0
18131,59,14,26,0
18132,59,14,26,0
18133,59,14,26,0
18134,59,14,26,0
18135,59,14,26,0
18136,59,14,26,0
18137,59,14,26,0
18138,59,14,26,0
18139,59,14,26,0
18140,59,14,26,0
18141,59,14,26,0
18142,59,14,26,0
18143,59,14,26,0
18144,59,14,26,0
18145,59,14,26,0
18146,59,14,26,0
18147,59,14,26,0
18148,59,14,26,0
18149,59,14,26,0
18150,59,14,26,0
18151,59,14,26,0
18152,59,14,26,0
18153,59,14,26,0
18154,59,14,26,0
18155,59,14,26,0
18156,59,14,26,0
18157,59,14,26,0
18158,59,14,26,0
18159,59,14,26,0
18160,59,14,26,0
18161,59,14,26,0
18162,59,14,26,0
18163,59,14,26,0
18164,59,14,26,0
18165,59,14,26,0
18166,59,14,26,0
18167,59,14,26,0
18168,59,14,26,0
18169,59,14,26,0
18170,59,14,26,0
18171,59,14,26,0
18172,59,14,26,0
18173,59,14,26,0
18174,59,14,26,0
18175,59,14,26,0
18176,59,14,26,0
18177,59,14,26,0
18178,59,14,26,0
18179,59,14,26,0
18180,59,14,26,0
18181,59,14,26,0
18182,59,14,26,0
18183,59,14,26,0
18184,59,14,26,0
18185,59,14,26,0
18186,59,14,26,0
18187,59,14,26,0
18188,59,14,26,0
18189,59,14,26,0
18190,59,14,26,0
18191,59,14,26,0
18192,59,14,26,0
18193,59,14,26,0
18194,59,14,26,0
18195,59,14,26,0
18196,59,14,26,0
18197,59,14,26,0
18198,59,14,26,0
18199,59,14,26,0
18200,59,14,26,0
18201,59,14,26,0
18202,59,14,26,0
18203,59,14,26,0
18204,59,14,26,0
18205,59,14,26,0
18206,59,14,26,0
18207,59,14,26,0
18208,59,14,26,0
18209,59,14,26,0
18210,59,14,26,0
18211,59,14,26,0
18212,59,14,26,0
18213,59,14,26,0
18214,59,14,26,0
18215,59,14,26,0
18216,59,14,26,0
18217,59,14,26,0
18218,59,14,26,0
18219,59,14,26,0
18220,59,14,26,0
18221,59,14,26,0
18222,59,14,26,0
18223,59,14,26,0
18224,59,14,26,0
18225,59,14,26,0
18226,59,14,26,0
18227,59,14,26,0
18228,59,14,26,0
18229,59,14,26,0
18230,59,14,26,0
18231,59,14,26,0
18232,59,14,26,0
18233,59,14,26,0
18234,59,14,26,0
18235,59,14,26,0
18236,59,14,26,0
18237,59,14,26,0
18238,59,14,26,0
18239,59,14,26,0
18240,59,14,26,0
18241,59,14,26,0
18242,59,14,26,0
18243,59,14,26,0
18244,59,14,26,0
18245,59,14,26,0
18246,59,14,26,0
18247,59,14,26,0
18248,59,14,26,0
18249,59,14,26,0
18250,59,14,26,0
18251,59,14,26,0
18252,59,14,26,0
18253,59,14,26,0
18254,59,14,26,0
18255,59,14,26,0
18256,59,14,26,0
18257,59,14,26,0
18258,59,14,26,0
18259,59,14,26,0
18260,59,14,26,0
18261,59,14,26,0
18262,59,14,26,0
18263,59,14,26,0
18264,59,14,26,0
18265,59,14,26,0
18266,59,14,26,0
18267,59,14,26,0
18268,59,14,26,0
18269,59,14,26,0
18270,59,14,26,0
18271,59,14,26,0
18272,59,14,26,0
18273,59,14,26,0
18274,59,14,26,0
18275,59,14,26,0
18276,59,14,26,0
18277,59,14,26,0
18278,59,14,26,0
18279,59,14,26,0
18280,59,14,26,0
18281,59,14,26,0
18282,59,14,26,0
18283,59,14,26,0
18284,59,14,26,0
18285,59,14,26,0
18286,59,14,26,0
18287,59,14,26,0
18288,59,14,26,0
18289,59,14,26,0
18290,59,14,26,0
18291,59,14,26,0
18292,59,14,26,0
18293,59,14,26,0
18294,59,14,26,0
18295,59,14,26,0
18296,59,14,26,0
18297,59,14,26,0
18298,59,14,26,0
18299,59,14,26,0
18300,59,14,26,0
18301,59,14,26,0
18302,59,14,26,0
18303,59,14,26,0
18304,59,14,26,0
18305,59,14,26,0
18306,59,14,26,0
18307,59,14,26,0
18308,59,14,26,0
18309,59,14,26,0
18310,59,14,26,0
18311,59,14,26,0
18312,59,14,26,0
18313,59,14,26,0
18314,59,14,26,0
18315,59,14,26,0
18316,59,14,26,0
18317,59,14,26,0
18318,59,14,26,0
18319,59,14,26,0
18320,59,14,26,0
18321,59,14,26,0
18322,59,14,26,0
18323,59,14,26,0
18324,59,14,26,0
18325,59,14,26,0
18326,59,14,26,0
18327,59,14,26,0
18328,59,14,26,0
18329,59,14,26,0
18330,59,14,26,0
18331,59,14,26,0
18332,59,14,26,0
18333,59,14,26,0
18334,59,14,26,0
18335,59,14,26,0
18336,59,14,26,0
18337,59,14,26,0
18338,59,14,26,0
18339,59,14,26,0
18340,59,14,26,0
18341,59,14,26,0
18342,59,14,26,0
18343,59,14,26,0
18344,59,14,26,0
18345,59,14,26,0
18346,59,14,26,0
18347,59,14,26,0
18348,59,14,26,0
18349,59,14,26,0
18350,59,14,26,0
18351,59,14,26,0
18352,59,14,26,0
18353,59,14,26,0
18354,59,14,26,0
18355,59,14,26,0
18356,59,14,26,0
18357,59,14,26,0
18358,59,14,26,0
18359,59,14,26,0
18360,59,14,26,0
18361,59,14,26,0
18362,59,14,26,0
18363,59,14,26,0
18364,59,14,26,0
18365,59,14,26,0
18366,59,14,26,0
18367,59,14,26,0
18368,59,14,26,0
18369,59,14,26,0
18370,59,14,26,0
18371,59,14,26,0
18372,59,14,26,0
18373,59,14,26,0
18374,59,14,26,0
18375,59,14,26,0
18376,59,14,26,0
18377,59,14,26,0
18378,59,14,26,0
18379,59,14,26,0
18380,59,14,26,0
18381,59,14,26,0
18382,59,14,26,0
18383,59,14,26,0
18384,59,14,26,0
18385,59,14,26,0
18386,59,14,26,0
18387,59,14,26,0
18388,59,14,26,0
18389,59,14,26,0
18390,59,14,26,0
18391,59,14,26,0
18392,59,14,26,0
18393,59,14,26,0
18394,59,14,26,0
18395,59,14,26,0
18396,59,14,26,0
18397,59,14,26,0
18398,59,14,26,0
18399,59,14,26,0
18400,59,14,26,0
18401,59,14,26,0
18402,59,14,26,0
18403,59,14,26,0
18404,59,14,26,0
18405,59,14,26,0
18406,59,14,26,0
18407,59,14,26,0
18408,59,14,26,0
18409,59,14,26,0
18410,59,14,26,0
18411,59,14,26,0
18412,59,14,26,0
18413,59,14,26,0
18414,59,14,26,0
18415,59,14,26,0
18416,59,14,26,0
18417,59,14,26,0
18418,59,14,26,0
18419,59,14,26,0
18420,59,14,26,0
18421,59,14,26,0
18422,59,14,26,0
18423,59,14,26,0
18424,59,14,26,0
18425,59,14,26,0
18426,59,14,26,0
18427,59,14,26,0
18428,59,14,26,0
18429,59,14,26,0
18430,59,14,26,0
18431,59,14,26,0
18432,59,14,26,0
18433,59,14,26,0
18434,59,14,26,0
18435,59,14,26,0
18436,59,14,26,0
18437,59,14,26,0
18438,59,14,26,0
18439,59,14,26,0
18440,59,14,26,0
18441,59,14,26,0
18442,59,14,26,0
18443,59,14,26,0
18444,59,14,26,0
18445,59,14,26,0
18446,59,14,26,0
18447,59,14,26,0
18448,59,14,26,0
18449,59,14,26,0
18450,59,14,26,0
18451,59,14,26,0
18452,59,14,26,0
18453,59,14,26,0
18454,59,14,26,0
18455,59,14,26,0
18456,59,14,26,0
18457,59,14,26,0
18458,59,14,26,0
18459,59,14,26,0
18460,59,14,26,0
18461,59,14,26,0
18462,59,14,26,0
18463,59,14,26,0
18464,59,14,26,0
18465,59,14,26,0
18466,59,14,26,0
18467,59,14,26,0
18468,59,14,26,0
18469,59,14,26,0
18470,59,14,26,0
18471,59,14,26,0
18472,59,14,26,0
18473,59,14,26,0
18474,59,14,26,0
18475,59,14,26,0
18476,59,14,26,0
18477,59,14,26,0
18478,59,14,26,0
18479,59,14,26,0
18480,59,14,26,0
18481,59,14,26,0
18482,59,14,26,0
18483,59,14,26,0
18484,59,14,26,0
18485,59,14,26,0
18486,59,14,26,0
18487,59,14,26,0
18488,59,14,26,0
18489,59,14,26,0
18490,59,14,26,0
18491,59,14,26,0
18492,59,14,26,0
18493,59,14,26,0
18494,59,14,26,0
18495,59,14,26,0
18496,59,14,26,0
18497,59,14,26,0
18498,59,14,26,0
18499,59,14,26,0
18500,59,14,26,0
18501,59,14,26,0
18502,59,14,26,0
18503,59,14,26,0
18504,59,14,26,0
18505,59,14,26,0
18506,59,14,26,0
18507,59,14,26,0
18508,59,14,26,0
18509,59,14,26,0
18510,59,14,26,0
18511,59,14,26,0
18512,59,14,26,0
18513,59,14,26,0
18514,59,14,26,0
18515,59,14,26,0
18516,59,14,26,0
18517,59,14,26,0
18518,59,14,26,0
18519,59,14,26,0
18520,59,14,26,0
18521,59,14,26,0
18522,59,14,26,0
18523,59,14,26,0
18524,59,14,26,0
18525,59,14,26,0
18526,59,14,26,0
18527,59,14,26,0
18528,59,14,26,0
18529,59,14,26,0
18530,59,14,26,0
18531,59,14,26,0
18532,59,14,26,0
18533,59,14,26,0
18534,59,14,26,0
18535,59,14,26,0
18536,59,14,26,0
18537,59,14,26,0
18538,59,14,26,0
18539,59,14,26,0
18540,59,14,26,0
18541,59,14,26,0
18542,59,14,26,0
18543,59,14,26,0
18544,59,14,26,0
18545,59,14,26,0
18546,59,14,26,0
18547,59,14,26,0
18548,59,14,26,0
18549,59,14,26,0
18550,59,14,26,0
18551,59,14,26,0
18552,59,14,26,0
18553,59,14,26,0
18554,59,14,26,0
18555,59,14,26,0
18556,59,14,26,0
18557,59,14,26,0
18558,59,14,26,0
18559,59,14,26,0
18560,59,14,26,0
18561,59,14,26,0
18562,59,14,26,0
18563,59,14,26,0
18564,59,14,26,0
18565,59,14,26,0
18566,59,14,26,0
18567,59,14,26,0
18568,59,14,26,0
18569,59,14,26,0
18570,59,14,26,0
18571,59,14,26,0
18572,59,14,26,0
18573,59,14,26,0
18574,59,14,26,0
18575,59,14,26,0
18576,59,14,26,0
18577,59,14,26,0
18578,59,14,26,0
18579,59,14,26,0
18580,59,14,26,0
18581,59,14,26,0
18582,59,14,26,0
18583,59,14,26,0
18584,59,14,26,0
18585,59,14,26,0
18586,59,14,26,0
18587,59,14,26,0
18588,59,14,26,0
18589,59,14,26,0
18590,59,14,26,0
18591,59,14,26,0
18592,59,14,26,0
18593,59,14,26,0
18594,59,14,26,0
18595,59,14,26,0
18596,59,14,26,0
18597,59,14,26,0
18598,59,14,26,0
18599,59,14,26,0
18600,59,14,26,0
18601,59,14,26,0
18602,59,14,26,0
18603,59,14,26,0
18604,59,14,26,0
18605,59,14,26,0
18606,59,14,26,0
18607,59,14,26,0
18608,59,14,26,0
18609,59,14,26,0
18610,59,14,26,0
18611,59,14,26,0
18612,59,14,26,0
18613,59,14,26,0
18614,59,14,26,0
18615,59,14,26,0
18616,59,14,26,0
18617,59,14,26,0
18618,59,14,26,0
18619,59,14,26,0
18620,59,14,26,0
18621,59,14,26,0
18622,59,14,26,0
18623,59,14,26,0
18624,59,14,26,0
18625,59,14,26,0
18626,59,14,26,0
18627,59,14,26,0
18628,59,14,26,0
18629,59,14,26,0
18630,59,14,26,0
18631,59,14,26,0
18632,59,14,26,0
18633,59,14,26,0
18634,59,14,26,0
18635,59,14,26,0
18636,59,14,26,0
18637,59,14,26,0
18638,59,14,26,0
18639,59,14,26,0
18640,59,14,26,0
18641,59,14,26,0
18642,59,14,26,0
18643,59,14,26,0
18644,59,14,26,0
18645,59,14,26,0
18646,59,14,26,0
18647,59,14,26,0
18648,59,14,26,0
18649,59,14,26,0
18650,59,14,26,0
18651,59,14,26,0
18652,59,14,26,0
18653,59,14,26,0
18654,59,14,26,0
18655,59,14,26,0
18656,59,14,26,0
18657,59,14,26,0
18658,59,14,26,0
18659,59,14,26,0
18660,59,14,26,0
18661,59,14,26,0
18662,59,14,26,0
18663,59,14,26,0
18664,59,14,26,0
18665,59,14,26,0
18666,59,14,26,0
18667,59,14,26,0
18668,59,14,26,0
18669,59,14,26,0
18670,59,14,26,0
18671,59,14,26,0
18672,59,14,26,0
18673,59,14,26,0
18674,59,14,26,0
18675,59,14,26,0
18676,59,14,26,0
18677,59,14,26,0
18678,59,14,26,0
18679,59,14,26,0
18680,59,14,26,0
18681,59,14,26,0
18682,59,14,26,0
18683,59,14,26,0
18684,59,14,26,0
18685,59,14,26,0
18686,59,14,26,0
18687,59,14,26,0
18688,59,14,26,0
18689,59,14,26,0
18690,59,14,26,0
18691,59,14,26,0
18692,59,14,26,0
18693,60,14,27,1
18694,60,14,27,1
18695,60,14,27,1
18696,60,14,27,1
18697,60,14,27,1
18698,60,14,27,1
18699,60,14,27,1
18700,60,14,27,1
18701,60,14,27,1
18702,60,14,27,1
18703,60,14,27,1
18704,60,14,27,1
18705,60,14,27,1
18706,60,14,27,1
18707,60,14,27,1
18708,60,14,27,1
18709,60,14,27,1
18710,60,14,27,1
18711,60,14,27,1
18712,60,14,27,1
18713,60,14,27,1
18714,60,14,27,1
18715,60,14,27,1
18716,60,14,27,1
18717,60,14,27,1
18718,60,14,27,1
18719,60,14,27,1
18720,60,14,27,1
18721,60,14,27,1
18722,60,14,27,1
18723,60,14,27,1
18724,60,14,27,1
18725,60,14,27,1
18726,60,14,27,1
18727,60,14,27,1
18728,60,14,27,1
18729,60,14,27,1
18730,60,14,27,1
18731,60,14,27,1
18732,60,14,27,1
18733,60,14,27,1
18734,60,14,27,1
18735,60,14,27,1
18736,60,14,27,1
18737,60,14,27,1
18738,60,14,27,1
18739,60,14,27,1
18740,60,14,27,1
18741,60,14,27,1
18742,60,14,27,1
18743,60,14,27,1
18744,60,14,27,1
18745,60,14,27,1
18746,60,14,27,1
18747,60,14,27,1
18748,60,14,27,1
18749,60,14,27,1
18750,60,14,27,1
18751,60,14,27,1
18752,60,14,27,1
18753,60,14,27,2
18754,60,14,27,2
18755,60,14,27,2
18756,60,14,27,2
18757,60,14,27,2
18758,60,14,27,2
18759,60,14,27,2
18760,60,14,27,2
18761,60,14,27,2
18762,60,14,27,2
18763,60,14,27,2
18764,60,14,27,2
18765,60,14,27,2
18766,60,14,27,2
18767,60,14,27,2
18768,60,14,27,2
18769,60,14,27,2
18770,60,14,27,2
18771,60,14,27,2
18772,60,14,27,2
18773,60,14,27,2
18774,60,14,27,2
18775,60,14,27,2
18776,60,14,27,2
18777,60,14,27,2
18778,60,14,27,2
18779,60,14,27,2
18780,60,14,27,2
18781,60,14,27,2
18782,60,14,27,2
18783,60,14,27,2
18784,60,14,27,2
18785,60,14,27,2
18786,60,14,27,2
18787,60,14,27,2
18788,60,14,27,2
18789,60,14,27,2
18790,60,14,27,2
18791,60,14,27,2
18792,60,14,27,2
18793,60,14,27,2
18794,60,14,27,2
18795,60,14,27,2
18796,60,14,27,2
18797,60,14,27,2
18798,60,14,27,3
18799,60,14,27,3
18800,60,14,27,3
18801,60,14,27,3
18802,60,14,27,3
18803,60,14,27,3
18804,60,14,27,3
18805,60,14,27,3
18806,60,14,27,3
18807,60,14,27,3
18808,60,14,27,3
18809,60,14,27,3
18810,60,14,27,3
18811,60,14,27,3
18812,60,14,27,3
18813,60,14,27,3
18814,60,14,27,3
18815,60,14,27,3
18816,60,14,27,3
18817,60,14,27,3
18818,60,14,27,3
18819,60,14,27,3
18820,60,14,27,3
18821,60,14,27,3
18822,60,14,27,3
18823,60,14,27,3
18824,60,14,27,3
18825,60,14,27,3
18826,60,14,27,3
18827,60,14,27,3
18828,60,14,27,3
18829,60,14,27,3
18830,60,14,27,3
18831,60,14,27,3
18832,60,14,27,3
18833,60,14,27,3
18834,60,14,27,3
18835,60,14,27,3
18836,60,14,27,3
18837,60,14,27,3
18838,60,14,27,3
18839,60,14,27,3
18840,60,14,27,3
18841,60,14,27,3
18842,60,14,27,3
18843,60,14,27,3
18844,60,14,27,3
18845,60,14,27,3
18846,60,14,27,3
18847,60,14,27,3
18848,60,14,27,3
18849,60,14,27,3
18850,60,14,27,3
18851,60,14,27,3
18852,60,14,27,3
18853,60,14,27,3
18854,60,14,27,3
18855,60,14,27,3
18856,60,14,27,3
18857,60,14,27,3
18858,60,14,27,3
18859,60,14,27,3
18860,60,14,27,3
18861,60,14,27,3
18862,60,14,27,3
18863,60,14,27,3
18864,60,14,27,3
18865,60,14,27,3
18866,60,14,27,3
18867,60,14,27,3
18868,60,14,27,3
18869,60,14,27,3
18870,60,14,27,3
18871,60,14,27,3
18872,60,14,27,3
18873,60,14,27,3
18874,60,14,27,3
18875,60,14,27,3
18876,60,14,27,3
18877,60,14,27,3
18878,60,14,27,3
18879,60,14,27,3
18880,60,14,27,3
18881,60,14,27,3
18882,60,14,27,3
18883,60,14,27,3
18884,60,14,27,3
18885,60,14,27,3
18886,60,14,27,3
18887,60,14,27,3
18888,60,14,27,3
18889,60,14,27,3
18890,60,14,27,3
18891,60,14,27,3
18892,60,14,27,3
18893,60,14,27,3
18894,60,14,27,3
18895,60,14,27,3
18896,60,14,27,3
18897,60,14,27,3
18898,60,14,27,3
18899,60,14,27,3
18900,60,14,27,3
18901,60,14,27,3
18902,60,14,27,3
18903,60,14,27,3
18904,60,14,27,3
18905,60,14,27,3
18906,60,14,27,3
18907,60,14,27,3
18908,60,14,27,3
18909,60,14,27,3
18910,60,14,27,3
18911,60,14,27,3
18912,60,14,27,3
18913,60,14,27,3
18914,60,14,27,3
18915,60,14,27,3
18916,60,14,27,3
18917,60,14,27,3
18918,60,14,27,3
18919,60,14,27,3
18920,60,14,27,3
18921,60,14,27,3
18922,60,14,27,3
18923,60,14,27,3
18924,60,14,27,3
18925,60,14,27,3
18926,60,14,27,3
18927,60,14,27,3
18928,60,14,27,3
18929,60,14,27,3
18930,60,14,27,3
18931,60,14,27,3
18932,60,14,27,3
18933,60,14,27,3
18934,60,14,27,3
18935,60,14,27,3
18936,60,14,27,3
18937,60,14,27,3
18938,60,14,27,3
18939,60,14,27,3
18940,60,14,27,4
18941,60,14,27,4
18942,60,14,27,4
18943,60,14,27,4
18944,60,14,27,4
18945,60,14,27,4
18946,60,14,27,4
18947,60,14,27,4
18948,60,14,27,4
18949,60,14,27,4
18950,60,14,27,4
18951,60,14,27,4
18952,60,14,27,4
18953,60,14,27,4
18954,60,14,27,4
18955,60,14,27,4
18956,60,14,27,4
18957,60,14,27,4
18958,60,14,27,4
18959,60,14,27,4
18960,60,14,27,4
18961,60,14,27,4
18962,60,14,27,4
18963,60,14,27,4
18964,60,14,27,4
18965,60,14,27,4
18966,60,14,27,4
18967,60,14,27,4
18968,60,14,27,4
18969,60,14,27,4
18970,60,14,27,4
18971,60,14,27,4
18972,60,14,27,4
18973,60,14,27,4
18974,60,14,27,4
18975,60,14,27,4
18976,60,14,27,4
18977,60,14,27,4
18978,60,14,27,4
18979,60,14,27,4
18980,60,14,27,4
18981,60,14,27,4
18982,60,14,27,4
18983,60,14,27,4
18984,60,14,27,4
18985,60,14,27,4
18986,60,14,27,4
18987,60,14,27,4
18988,60,14,27,4
18989,60,14,27,4
18990,60,14,27,4
18991,60,14,27,4
18992,60,14,27,4
18993,60,14,27,4
18994,60,14,27,4
18995,60,14,27,4
18996,60,14,27,4
18997,60,14,27,4
18998,60,14,27,4
18999,60,14,27,4
19000,60,14,27,4
19001,60,14,27,4
19002,60,14,27,4
19003,60,14,27,4
19004,60,14,27,4
19005,60,14,27,4
19006,60,14,27,5
19007,60,14,27,5
19008,60,14,27,5
19009,60,14,27,5
19010,60,14,27,5
19011,60,14,27,5
19012,60,14,27,5
19013,60,14,27,5
19014,60,14,27,5
19015,60,14,27,5
19016,60,14,27,5
19017,60,14,27,5
19018,60,14,27,5
19019,60,14,27,5
19020,60,14,27,5
19021,60,14,27,5
19022,60,14,27,5
19023,60,14,27,5
19024,60,14,27,5
19025,60,14,27,5
19026,60,14,27,5
19027,60,14,27,5
19028,60,14,27,5
19029,60,14,27,5
19030,60,14,27,5
19031,60,14,27,5
19032,60,14,27,5
19033,60,14,27,5
19034,60,14,27,5
19035,60,14,27,5
19036,60,14,27,5
19037,60,14,27,5
19038,60,14,27,5
19039,60,14,27,5
19040,60,14,27,5
19041,60,14,27,5
19042,60,14,27,5
19043,60,14,27,5
19044,60,14,27,5
19045,60,14,27,5
19046,60,14,27,5
19047,60,14,27,5
19048,60,14,27,5
19049,60,14,27,5
19050,60,14,27,5
19051,60,14,27,5
19052,60,14,27,5
19053,60,14,27,5
19054,60,14,27,5
19055,60,14,27,5
19056,60,14,27,5
19057,60,14,27,5
19058,60,14,27,5
19059,60,14,27,5
19060,60,14,27,5
19061,60,14,27,5
19062,60,14,27,5
19063,60,14,27,5
19064,60,14,27,5
19065,60,14,27,5
19066,60,14,27,5
19067,60,14,27,5
19068,60,14,27,5
19069,60,14,27,5
19070,60,14,27,5
19071,60,14,27,5
19072,60,14,27,5
19073,60,14,27,5
19074,60,14,27,5
19075,60,14,27,5
19076,60,14,27,5
19077,60,14,27,5
19078,60,14,27,5
19079,60,14,27,5
19080,60,14,27,5
19081,60,14,27,5
19082,60,14,27,5
19083,60,14,27,5
19084,60,14,27,5
19085,60,14,27,5
19086,60,14,27,5
19087,60,14,27,5
19088,60,14,27,5
19089,60,14,27,5
19090,60,14,27,5
19091,60,14,27,5
19092,60,14,27,5
19093,60,14,27,5
19094,60,14,27,5
19095,60,14,27,5
19096,60,14,27,5
19097,60,14,27,5
19098,60,14,27,5
19099,60,14,27,5
19100,60,14,27,5
19101,60,14,27,5
19102,60,14,27,5
19103,60,14,27,5
19104,60,14,27,5
19105,60,14,27,5
19106,60,14,27,5
19107,60,14,27,5
19108,60,14,27,5
19109,60,14,27,5
19110,60,14,27,5
19111,60,14,27,5
19112,60,14,27,5
19113,60,14,27,5
19114,60,14,27,5
19115,60,14,27,5
19116,60,14,27,5
19117,60,14,27,5
19118,60,14,27,5
19119,60,14,27,5
19120,60,14,27,5
19121,60,14,27,5
19122,60,14,27,5
19123,60,14,27,5
19124,60,14,27,5
19125,60,14,27,5
19126,60,14,27,5
19127,60,14,27,5
19128,60,14,27,5
19129,60,14,27,5
19130,60,14,27,5
19131,60,14,27,5
19132,60,14,27,5
19133,60,14,27,5
19134,60,14,27,6
19135,60,14,27,6
19136,60,14,27,6
19137,60,14,27,6
19138,60,14,27,6
19139,60,14,27,6
19140,60,14,27,6
19141,60,14,27,6
19142,60,14,27,6
19143,60,14,27,6
19144,60,14,27,6
19145,60,14,27,6
19146,60,14,27,6
19147,60,14,27,6
19148,60,14,27,6
19149,60,14,27,6
19150,60,14,27,6
19151,60,14,27,6
19152,60,14,27,6
19153,60,14,27,6
19154,60,14,27,6
19155,60,14,27,6
19156,60,14,27,6
19157,60,14,27,6
19158,60,14,27,6
19159,60,14,27,6
19160,60,14,27,6
19161,60,14,27,6
19162,60,14,27,6
19163,60,14,27,6
19164,60,14,27,6
19165,60,14,27,6
19166,60,14,27,6
19167,60,14,27,6
19168,60,14,27,6
19169,60,14,27,6
19170,60,14,27,6
19171,60,14,27,6
19172,60,14,27,6
19173,60,14,27,6
19174,60,14,27,6
19175,60,14,27,6
19176,60,14,27,6
19177,60,14,27,6
19178,60,14,27,6
19179,60,14,27,6
19180,60,14,27,6
19181,60,14,27,6
19182,60,14,27,6
19183,60,14,27,6
19184,60,14,27,6
19185,60,14,27,6
19186,60,14,27,6
19187,60,14,27,6
19188,60,14,27,6
19189,60,14,27,6
19190,60,14,27,6
19191,60,14,27,6
19192,60,14,27,6
19193,60,14,27,6
19194,60,14,27,6
19195,60,14,27,6
19196,60,14,27,6
19197,60,14,27,6
19198,60,14,27,6
19199,60,14,27,6
19200,60,14,27,6
19201,60,14,27,6
19202,60,14,27,6
19203,60,14,27,6
19204,60,14,27,6
19205,60,14,27,6
19206,60,14,27,6
19207,60,14,27,6
19208,60,14,27,7
19209,60,14,27,7
19210,60,14,27,7
19211,60,14,27,7
19212,60,14,27,7
19213,60,14,27,7
19214,60,14,27,7
19215,60,14,27,7
19216,60,14,27,7
19217,60,14,27,7
19218,60,14,27,7
19219,60,14,27,7
19220,60,14,27,7
19221,60,14,27,7
19222,60,14,27,7
19223,60,14,27,7
19224,60,14,27,7
19225,60,14,27,7
19226,60,14,27,7
19227,60,14,27,7
19228,60,14,27,7
19229,60,14,27,7
19230,60,14,27,7
19231,60,14,27,7
19232,60,14,27,7
19233,60,14,27,7
19234,60,14,27,7
19235,60,14,27,7
19236,60,14,27,7
19237,60,14,27,7
19238,60,14,27,7
19239,60,14,27,7
19240,60,14,27,7
19241,60,14,27,7
19242,60,14,27,7
19243,60,14,27,7
19244,60,14,27,7
19245,60,14,27,7
19246,60,14,27,7
19247,60,14,27,7
19248,60,14,27,7
19249,60,14,27,7
19250,60,14,27,7
19251,60,14,27,7
19252,60,14,27,7
19253,60,14,27,7
19254,60,14,27,8
19255,60,14,27,8
19256,60,14,27,8
19257,60,14,27,8
19258,60,14,27,8
19259,60,14,27,8
19260,60,14,27,8
19261,60,14,27,8
19262,60,14,27,8
19263,60,14,27,8
19264,60,14,27,8
19265,60,14,27,8
19266,60,14,27,8
19267,60,14,27,8
19268,60,14,27,8
19269,60,14,27,8
19270,60,14,27,8
19271,60,14,27,8
19272,60,14,27,8
19273,60,14,27,8
19274,60,14,27,8
19275,60,14,27,8
19276,60,14,27,8
19277,60,14,27,8
19278,60,14,27,8
19279,60,14,27,8
19280,60,14,27,8
19281,60,14,27,8
19282,60,14,27,8
19283,60,14,27,8
19284,60,14,27,8
19285,60,14,27,8
19286,60,14,27,8
19287,60,14,27,8
19288,60,14,27,8
19289,60,14,27,8
19290,60,14,27,8
19291,60,14,27,8
19292,60,14,27,8
19293,60,14,27,8
19294,60,14,27,8
19295,60,14,27,8
19296,60,14,27,8
19297,60,14,27,8
19298,60,14,27,8
19299,60,14,27,8
19300,60,14,27,8
19301,60,14,27,8
19302,60,14,27,8
19303,60,14,27,8
19304,60,14,27,8
19305,60,14,27,8
19306,60,14,27,8
19307,60,14,27,8
19308,60,14,27,8
19309,60,14,27,8
19310,60,14,27,8
19311,60,14,27,8
19312,60,14,27,8
19313,60,14,27,8
19314,60,14,27,8
19315,60,14,27,8
19316,60,14,27,8
19317,60,14,27,8
19318,60,14,27,8
19319,60,14,27,9
19320,60,14,27,9
19321,60,14,27,9
19322,60,14,27,9
19323,60,14,27,9
19324,60,14,27,9
19325,60,14,27,9
19326,60,14,27,9
19327,60,14,27,9
19328,60,14,27,9
19329,60,14,27,9
19330,60,14,27,9
19331,60,14,27,9
19332,60,14,27,9
19333,60,14,27,9
19334,60,14,27,9
19335,60,14,27,9
19336,60,14,27,9
19337,60,14,27,9
19338,60,14,27,9
19339,60,14,27,9
19340,60,14,27,9
19341,60,14,27,9
19342,60,14,27,9
19343,60,14,27,9
19344,60,14,27,9
19345,60,14,27,9
19346,60,14,27,9
19347,60,14,27,9
19348,60,14,27,9
19349,60,14,27,9
19350,60,14,27,9
19351,60,14,27,9
19352,60,14,27,9
19353,60,14,27,9
19354,60,14,27,9
19355,60,14,27,9
19356,60,14,27,9
19357,60,14,27,9
19358,60,14,27,9
19359,60,14,27,9
19360,60,14,27,9
19361,60,14,27,9
19362,60,14,27,9
19363,60,14,27,9
19364,60,14,27,9
19365,60,14,27,9
19366,60,14,27,9
19367,60,14,27,9
19368,60,14,27,9
19369,60,14,27,9
19370,60,14,27,9
19371,60,14,27,9
19372,60,14,27,9
19373,60,14,27,9
19374,60,14,27,9
19375,60,14,27,9
19376,60,14,27,9
19377,60,14,27,9
19378,60,14,27,9
19379,60,14,27,9
19380,60,14,27,9
19381,60,14,27,9
19382,60,14,27,9
19383,60,14,27,9
19384,60,14,27,9
19385,60,14,27,9
19386,60,14,27,9
19387,60,14,27,9
19388,60,14,27,9
19389,60,14,27,9
19390,60,14,27,9
19391,60,14,27,9
19392,60,14,27,9
19393,60,14,27,9
19394,60,14,27,9
19395,60,14,27,9
19396,60,14,27,9
19397,60,14,27,9
19398,60,14,27,9
19399,60,14,27,9
19400,60,14,27,9
19401,60,14,27,9
19402,60,14,27,9
19403,60,14,27,9
19404,60,14,27,9
19405,60,14,27,9
19406,60,14,27,9
19407,60,14,27,9
19408,60,14,27,9
19409,60,14,27,9
19410,60,14,27,9
19411,60,14,27,9
19412,60,14,27,9
19413,60,14,27,9
19414,60,14,27,9
19415,60,14,27,9
19416,60,14,27,9
19417,60,14,27,9
19418,60,14,27,9
19419,60,14,27,9
19420,60,14,27,9
19421,60,14,27,9
19422,60,14,27,9
19423,60,14,27,9
19424,60,14,27,9
19425,60,14,27,9
19426,60,14,27,9
19427,60,14,27,9
19428,60,14,27,9
19429,60,14,27,9
19430,60,14,27,9
19431,60,14,27,9
19432,60,14,27,9
19433,60,14,27,9
19434,60,14,27,9
19435,60,14,27,9
19436,60,14,27,9
19437,60,14,27,9
19438,60,14,27,9
19439,60,14,27,9
19440,60,14,27,9
19441,60,14,27,9
19442,60,14,27,9
19443,60,14,27,9
19444,60,14,27,9
19445,60,14,27,9
19446,60,14,27,9
19447,60,14,27,9
19448,60,14,27,9
19449,60,14,27,9
19450,60,14,27,9
19451,60,14,27,9
19452,60,14,27,9
19453,60,14,27,9
19454,60,14,27,9
19455,60,14,27,9
19456,60,14,27,9
19457,60,14,27,9
19458,60,14,27,9
19459,60,14,27,9
19460,60,14,27,9
19461,60,14,27,9
19462,60,14,27,9
19463,60,14,27,9
19464,60,14,27,9
19465,60,14,27,9
19466,60,14,27,10
19467,60,14,27,10
19468,60,14,27,10
19469,60,14,27,10
19470,60,14,27,10
19471,60,14,27,10
19472,60,14,27,10
19473,60,14,27,10
19474,60,14,27,10
19475,60,14,27,10
19476,60,14,27,10
19477,60,14,27,10
19478,60,14,27,10
19479,60,14,27,10
19480,60,14,27,10
19481,60,14,27,10
19482,60,14,27,10
19483,60,14,27,10
19484,60,14,27,10
19485,60,14,27,10
19486,60,14,27,10
19487,60,14,27,10
19488,60,14,27,10
19489,60,14,27,10
19490,60,14,27,10
19491,60,14,27,10
19492,60,14,27,10
19493,60,14,27,10
19494,60,14,27,10
19495,60,14,27,10
19496,60,14,27,10
19497,60,14,27,10
19498,60,14,27,10
19499,60,14,27,10
19500,60,14,27,10
19501,60,14,27,10
19502,60,14,27,10
19503,60,14,27,10
19504,60,14,27,10
19505,60,14,27,10
19506,60,14,27,10
19507,60,14,27,10
19508,60,14,27,10
19509,60,14,27,10
19510,60,14,27,10
19511,60,14,27,10
19512,60,14,27,10
19513,60,14,27,10
19514,60,14,27,10
19515,60,14,27,10
19516,60,14,27,10
19517,60,14,27,10
19518,60,14,27,10
19519,60,14,27,10
19520,60,14,27,10
19521,60,14,27,10
19522,60,14,27,10
19523,60,14,27,10
19524,60,14,27,10
19525,60,14,27,10
19526,60,14,27,10
19527,60,14,27,10
19528,60,14,27,10
19529,60,14,27,10
19530,60,14,27,10
19531,60,14,27,10
19532,60,14,27,10
19533,60,14,27,10
19534,60,14,27,10
19535,60,14,27,10
19536,60,14,27,10
19537,60,14,27,10
19538,60,14,27,10
19539,60,14,27,10
19540,60,14,27,11
19541,60,14,27,12
19542,60,14,27,13
19543,60,14,27,13
19544,60,14,27,13
19545,60,14,27,13
19546,60,14,27,13
19547,60,14,27,13
19548,60,14,27,13
19549,60,14,27,13
19550,60,14,27,13
19551,60,14,27,13
19552,60,14,27,13
19553,60,14,27,13
19554,60,14,27,13
19555,60,14,27,13
19556,60,14,27,13
19557,60,14,27,13
19558,60,14,27,13
19559,60,14,27,13
19560,60,14,27,13
19561,60,14,27,13
19562,60,14,27,13
19563,60,14,27,13
19564,60,14,27,13
19565,60,14,27,13
19566,60,14,27,13
19567,60,14,27,13
19568,60,14,27,13
19569,60,14,27,13
19570,60,14,27,13
19571,60,14,27,13
19572,60,14,27,13
19573,60,14,27,13
19574,60,14,27,13
19575,60,14,27,13
19576,60,14,27,13
19577,60,14,27,13
19578,60,14,27,13
19579,60,14,27,13
19580,60,14,27,13
19581,60,14,27,13
19582,60,14,27,13
19583,60,14,27,13
19584,60,14,27,13
19585,60,14,27,13
19586,60,14,27,13
19587,60,14,27,13
19588,60,14,27,13
19589,60,14,27,13
19590,60,14,27,13
19591,60,14,27,13
19592,60,14,27,13
19593,60,14,27,14
19594,60,14,27,14
19595,60,14,27,14
19596,60,14,27,14
19597,60,14,27,14
19598,60,14,27,14
19599,60,14,27,14
19600,60,14,27,14
19601,60,14,27,14
19602,60,14,27,14
19603,60,14,27,14
19604,60,14,27,14
19605,60,14,27,14
19606,60,14,27,15
19607,60,14,27,15
19608,60,14,27,15
19609,60,14,27,15
19610,60,14,27,15
19611,60,14,27,15
19612,60,14,27,15
19613,60,14,27,15
19614,60,14,27,15
19615,60,14,27,15
19616,60,14,27,15
19617,60,14,27,15
19618,60,14,27,15
19619,60,14,27,15
19620,60,14,27,15
19621,60,14,27,15
19622,60,14,27,15
19623,60,14,27,15
19624,60,14,27,15
19625,60,14,27,15
19626,60,14,27,15
19627,60,14,27,15
19628,60,14,27,15
19629,60,14,27,15
19630,60,14,27,15
19631,60,14,27,15
19632,60,14,27,15
19633,60,14,27,15
19634,60,14,27,15
19635,60,14,27,15
19636,60,14,27,15
19637,60,14,27,15
19638,60,14,27,15
19639,60,14,27,15
19640,60,14,27,15
19641,60,14,27,15
19642,60,14,27,15
19643,60,14,27,15
19644,60,14,27,15
19645,60,14,27,15
19646,60,14,27,15
19647,60,14,27,15
19648,60,14,27,15
19649,60,14,27,15
19650,60,14,27,15
19651,60,14,27,15
19652,60,14,27,15
19653,60,14,27,15
19654,60,14,27,15
19655,60,14,27,15
19656,60,14,27,15
19657,60,14,27,15
19658,60,14,27,15
19659,60,14,27,15
19660,60,14,27,15
19661,60,14,27,15
19662,60,14,27,15
19663,60,14,27,15
19664,60,14,27,15
19665,60,14,27,15
19666,60,14,27,15
19667,60,14,27,15
19668,60,14,27,15
19669,60,14,27,15
19670,60,14,27,15
19671,60,14,27,15
19672,60,14,27,15
19673,60,14,27,15
19674,60,14,27,15
19675,60,14,27,15
19676,60,14,27,15
19677,60,14,27,15
19678,60,14,27,15
19679,60,14,27,15
19680,60,14,27,15
19681,60,14,27,15
19682,60,14,27,15
19683,60,14,27,15
19684,60,14,27,15
19685,60,14,27,15
19686,60,14,27,15
19687,60,14,27,15
19688,60,14,27,16
19689,60,14,27,16
19690,60,14,27,16
19691,60,14,27,16
19692,60,14,27,16
19693,60,14,27,16
19694,60,14,27,16
19695,60,14,27,16
19696,60,14,27,16
19697,60,14,27,16
19698,60,14,27,16
19699,60,14,27,16
19700,60,14,27,16
19701,60,14,27,16
19702,60,14,27,16
19703,60,14,27,16
19704,60,14,27,16
19705,60,14,27,16
19706,60,14,27,16
19707,60,14,27,16
19708,60,14,27,16
19709,60,14,27,16
19710,60,14,27,16
19711,60,14,27,16
19712,60,14,27,16
19713,60,14,27,16
19714,60,14,27,16
19715,60,14,27,16
19716,60,14,27,16
19717,60,14,27,16
19718,60,14,27,16
19719,60,14,27,16
19720,60,14,27,16
19721,60,14,27,16
19722,60,14,27,16
19723,60,14,27,16
19724,60,14,27,16
19725,60,14,27,16
19726,60,14,27,16
19727,60,14,27,16
19728,60,14,27,17
19729,60,14,27,17
19730,60,14,27,17
19731,60,14,27,17
19732,60,14,27,17
19733,60,14,27,17
19734,60,14,27,17
19735,60,14,27,17
19736,60,14,27,17
19737,60,14,27,17
19738,60,14,27,17
19739,60,14,27,17
19740,60,14,27,17
19741,60,14,27,17
19742,60,14,27,18
19743,60,14,27,18
19744,60,14,27,18
19745,60,14,27,18
19746,60,14,27,18
19747,60,14,27,18
19748,60,14,27,18
19749,60,14,27,18
19750,60,14,27,18
19751,60,14,27,18
19752,60,14,27,18
19753,60,14,27,18
19754,60,14,27,18
19755,60,14,27,18
19756,60,14,27,18
19757,60,14,27,18
19758,60,14,27,18
19759,60,14,27,18
19760,60,14,27,18
19761,60,14,27,18
19762,60,14,27,18
19763,60,14,27,18
19764,60,14,27,18
19765,60,14,27,18
19766,60,14,27,18
19767,60,14,27,18
19768,60,14,27,18
19769,60,14,27,18
19770,60,14,27,18
19771,60,14,27,18
19772,60,14,27,18
19773,60,14,27,18
19774,60,14,27,18
19775,60,14,27,18
19776,60,14,27,18
19777,60,14,27,18
19778,60,14,27,18
19779,60,14,27,18
19780,60,14,27,18
19781,60,14,27,18
19782,60,14,27,18
19783,60,14,27,18
19784,60,14,27,18
19785,60,14,27,18
19786,60,14,27,18
19787,60,14,27,18
19788,60,14,27,18
19789,60,14,27,18
19790,60,14,27,18
19791,60,14,27,18
19792,60,14,27,18
19793,60,14,27,18
19794,60,14,27,18
19795,60,14,27,18
19796,60,14,27,18
19797,60,14,27,18
19798,60,14,27,18
19799,60,14,27,18
19800,60,14,27,18
19801,60,14,27,18
19802,60,14,27,18
19803,60,14,27,18
19804,60,14,27,18
19805,60,14,27,18
19806,60,14,27,18
19807,60,14,27,18
19808,60,14,27,18
19809,60,14,27,18
19810,60,14,27,18
19811,60,14,27,18
19812,60,14,27,18
19813,60,14,27,18
19814,60,14,27,18
19815,60,14,27,18
19816,60,14,27,18
19817,60,14,27,18
19818,60,14,27,18
19819,60,14,27,18
19820,60,14,27,18
19821,60,14,27,18
19822,60,14,27,18
19823,60,14,27,18
19824,60,14,27,18
19825,60,14,27,18
19826,60,14,27,18
19827,60,14,27,18
19828,60,14,27,18
19829,60,14,27,18
19830,60,14,27,18
19831,60,14,27,18
19832,60,14,27,18
19833,60,14,27,18
19834,60,14,27,18
19835,60,14,27,18
19836,60,14,27,18
19837,60,14,27,18
19838,60,14,27,18
19839,60,14,27,18
19840,60,14,27,18
19841,60,14,27,18
19842,60,14,27,18
19843,60,14,27,18
19844,60,14,27,18
19845,60,14,27,18
19846,60,14,27,19
19847,60,14,27,19
19848,60,14,27,19
19849,60,14,27,19
19850,60,14,27,19
19851,60,14,27,19
19852,60,14,27,19
19853,60,14,27,19
19854,60,14,27,19
19855,60,14,27,19
19856,60,14,27,19
19857,60,14,27,19
19858,60,14,27,19
19859,60,14,27,19
19860,60,14,27,19
19861,60,14,27,19
19862,60,14,27,19
19863,60,14,27,19
19864,60,14,27,19
19865,60,14,27,19
19866,60,14,27,19
19867,60,14,27,19
19868,60,14,27,19
19869,60,14,27,20
19870,60,14,27,20
19871,60,14,27,20
19872,60,14,27,20
19873,60,14,27,20
19874,60,14,27,20
19875,60,14,27,20
19876,60,14,27,20
19877,60,14,27,20
19878,60,14,27,20
19879,60,14,27,20
19880,60,14,27,20
19881,60,14,27,20
19882,60,14,27,20
19883,60,14,27,20
19884,60,14,27,20
19885,60,14,27,20
19886,60,14,27,20
19887,60,14,27,20
19888,60,14,27,20
19889,60,14,27,20
19890,60,14,27,20
19891,60,14,27,20
19892,60,14,27,20
19893,60,14,27,20
19894,60,14,27,20
19895,60,14,27,20
19896,60,14,27,20
19897,60,14,27,20
19898,60,14,27,20
19899,60,14,27,20
19900,60,14,27,20
19901,60,14,27,20
19902,60,14,27,20
19903,60,14,27,20
19904,60,14,27,20
19905,60,14,27,20
19906,60,14,27,20
19907,60,14,27,20
19908,60,14,27,20
19909,60,14,27,20
19910,60,14,27,20
19911,60,14,27,20
19912,60,14,27,20
19913,60,14,27,20
19914,60,14,27,20
19915,60,14,27,20
19916,60,14,27,20
19917,60,14,27,20
19918,60,14,27,20
19919,60,14,27,20
19920,60,14,27,20
19921,60,14,27,20
19922,60,14,27,20
19923,60,14,27,20
19924,60,14,27,20
19925,60,14,27,20
19926,60,14,27,20
19927,60,14,27,20
19928,60,14,27,20
19929,60,14,27,20
19930,60,14,27,20
19931,60,14,27,20
19932,60,14,27,20
19933,60,14,27,20
19934,60,14,27,20
19935,60,14,27,20
19936,60,14,27,20
19937,60,14,27,20
19938,60,14,27,20
19939,60,14,27,20
19940,60,14,27,20
19941,60,14,27,20
19942,60,14,27,20
19943,60,14,27,20
19944,60,14,27,20
19945,60,14,27,20
19946,60,14,27,20
19947,60,14,27,20
19948,60,14,27,20
19949,60,14,27,20
19950,60,14,27,20
19951,60,14,27,20
19952,60,14,27,20
19953,60,14,27,20
19954,60,14,27,20
19955,60,14,27,20
19956,60,14,27,20
19957,60,14,27,20
19958,60,14,27,20
19959,60,14,27,20
19960,60,14,27,20
19961,60,14,27,20
19962,60,14,27,20
19963,60,14,27,20
19964,60,14,27,20
19965,60,14,27,20
19966,60,14,27,20
19967,60,14,27,21
19968,60,14,27,21
19969,60,14,27,21
19970,60,14,27,21
19971,60,14,27,21
19972,60,14,27,21
19973,60,14,27,21
19974,60,14,27,21
19975,60,14,27,21
19976,60,14,27,21
19977,60,14,27,21
19978,60,14,27,21
19979,60,14,27,21
19980,60,14,27,21
19981,60,14,27,21
19982,60,14,27,21
19983,60,14,27,21
19984,60,14,27,21
19985,60,14,27,21
19986,60,14,27,21
19987,60,14,27,21
19988,60,14,27,21
19989,60,14,27,21
19990,60,14,27,21
19991,60,14,27,21
19992,60,14,27,21
19993,60,14,27,21
19994,60,14,27,21
19995,60,14,27,21
19996,60,14,27,21
19997,60,14,27,21
19998,60,14,27,21
19999,60,14,27,21
20000,60,14,27,21
20001,60,14,27,21
20002,60,14,27,21
20003,60,14,27,21
20004,60,14,27,21
20005,60,14,27,21
20006,60,14,27,21
20007,60,14,27,21
20008,60,14,27,21
20009,60,14,27,21
20010,60,14,27,21
20011,60,14,27,21
20012,60,14,27,21
20013,60,14,27,21
20014,60,14,27,21
20015,60,14,27,21
20016,60,14,27,21
20017,60,14,27,21
20018,60,14,27,21
20019,60,14,27,21
20020,60,14,27,21
20021,60,14,27,21
20022,60,14,27,21
20023,60,14,27,21
20024,60,14,27,21
20025,60,14,27,21
20026,60,14,27,21
20027,60,14,27,21
20028,60,14,27,21
20029,60,14,27,21
20030,60,14,27,21
20031,60,14,27,21
20032,60,14,27,21
20033,60,14,27,21
20034,60,14,27,21
20035,60,14,27,21
20036,60,14,27,21
20037,60,14,27,21
20038,60,14,27,21
20039,60,14,27,21
20040,60,14,27,21
20041,60,14,27,21
20042,60,14,27,21
20043,60,14,27,21
20044,60,14,27,21
20045,60,14,27,21
20046,60,14,27,21
20047,60,14,27,21
20048,60,14,27,21
20049,60,14,27,21
20050,60,14,27,21
20051,60,14,27,21
20052,60,14,27,21
20053,60,14,27,21
20054,60,14,27,21
20055,60,14,27,21
20056,60,14,27,21
20057,60,14,27,21
20058,60,14,27,21
20059,60,14,27,21
20060,60,14,27,21
20061,60,14,27,21
20062,60,14,27,21
20063,60,14,27,21
20064,60,14,27,21
20065,60,14,27,21
20066,60,14,27,21
20067,60,14,27,21
20068,60,14,27,21
20069,60,14,27,21
20070,60,14,27,21
20071,60,14,27,21
20072,60,14,27,21
20073,60,14,27,21
20074,60,14,27,21
20075,60,14,27,21
20076,60,14,27,21
20077,60,14,27,21
20078,60,14,27,21
20079,60,14,27,21
20080,60,14,27,21
20081,60,14,27,21
20082,60,14,27,21
20083,60,14,27,21
20084,60,14,27,21
20085,60,14,27,21
20086,60,14,27,21
20087,60,14,27,21
20088,60,14,27,21
20089,60,14,27,21
20090,60,14,27,21
20091,60,14,27,21
20092,60,14,27,21
20093,60,14,27,21
20094,60,14,27,21
20095,60,14,27,21
20096,60,14,27,21
20097,60,14,27,21
20098,60,14,27,21
20099,60,14,27,21
20100,60,14,27,21
20101,60,14,27,21
20102,60,14,27,21
20103,60,14,27,21
20104,60,14,27,21
20105,60,14,27,21
20106,60,14,27,21
20107,60,14,27,21
20108,60,14,27,21
20109,62,15,28,21
20110,62,15,28,21
20111,62,15,28,21
20112,62,15,28,21
20113,62,15,28,21
20114,62,15,28,21
20115,62,15,28,21
20116,62,15,28,21
20117,62,15,28,21
20118,62,15,28,21
20119,62,15,28,21
20120,62,15,28,21
20121,62,15,28,21
20122,62,15,28,22
20123,62,15,28,22
20124,62,15,28,22
20125,62,15,28,22
20126,62,15,28,22
20127,62,15,28,22
20128,62,15,28,23
20129,62,15,28,23
20130,62,15,28,23
20131,62,15,28,23
20132,62,15,28,23
20133,62,15,28,23
20134,62,15,28,23
20135,62,15,28,23
20136,62,15,28,23
20137,62,15,28,23
20138,62,15,28,23
20139,62,15,28,23
20140,62,15,28,23
20141,62,15,28,23
20142,62,15,28,23
20143,62,15,28,23
20144,62,15,28,23
20145,62,15,28,23
20146,62,15,28,23
20147,62,15,28,23
20148,62,15,28,23
20149,62,15,28,23
20150,62,15,28,23
20151,62,15,28,23
20152,62,15,28,23
20153,62,15,28,23
20154,62,15,28,23
20155,62,15,28,23
20156,62,15,28,23
20157,62,15,28,23
20158,62,15,28,23
20159,62,15,28,24
20160,62,15,28,24
20161,62,15,28,24
20162,62,15,28,24
20163,62,15,28,24
20164,62,15,28,24
20165,62,15,28,24
20166,62,15,28,24
20167,62,15,28,24
20168,62,15,28,24
20169,62,15,28,24
20170,62,15,28,24
20171,62,15,28,24
20172,62,15,28,24
20173,62,15,28,24
20174,62,15,28,24
20175,62,15,28,24
20176,62,15,28,24
20177,62,15,28,24
20178,62,15,28,24
20179,62,15,28,24
20180,62,15,28,24
20181,62,15,28,24
20182,62,15,28,24
20183,62,15,28,24
20184,62,15,28,24
20185,62,15,28,25
20186,62,15,28,25
20187,62,15,28,25
20188,62,15,28,25
20189,62,15,28,25
20190,62,15,28,25
20191,62,15,28,25
20192,62,15,28,25
20193,62,15,28,25
20194,62,15,28,25
20195,62,15,28,25
20196,62,15,28,25
20197,62,15,28,25
20198,62,15,28,26
20199,62,15,28,26
20200,62,15,28,26
20201,62,15,28,26
20202,62,15,28,26
20203,62,15,28,26
20204,62,15,28,26
20205,62,15,28,26
20206,62,15,28,26
20207,62,15,28,26
20208,62,15,28,26
20209,62,15,28,26
20210,62,15,28,26
20211,62,15,28,26
20212,62,15,28,26
20213,62,15,28,26
20214,62,15,28,26
20215,62,15,28,26
20216,62,15,28,26
20217,62,15,28,26
20218,62,15,28,26
20219,62,15,28,26
20220,62,15,28,26
20221,62,15,28,26
20222,62,15,28,26
20223,62,15,28,26
20224,62,15,28,26
20225,62,15,28,26
20226,62,15,28,26
20227,62,15,28,26
20228,62,15,28,26
20229,62,15,28,26
20230,62,15,28,26
20231,62,15,28,26
20232,62,15,28,26
20233,62,15,28,26
20234,62,15,28,26
20235,62,15,28,26
20236,62,15,28,26
20237,62,15,28,26
20238,62,15,28,26
20239,62,15,28,26
20240,62,15,28,26
20241,62,15,28,26
20242,62,15,28,26
20243,62,15,28,26
20244,62,15,28,26
20245,62,15,28,26
20246,62,15,28,26
20247,62,15,28,26
20248,62,15,28,26
20249,62,15,28,26
20250,62,15,28,26
20251,62,15,28,26
20252,62,15,28,26
20253,62,15,28,26
20254,62,15,28,26
20255,62,15,28,26
20256,62,15,28,26
20257,62,15,28,26
20258,62,15,28,26
20259,62,15,28,26
20260,62,15,28,26
20261,62,15,28,26
20262,62,15,28,26
20263,62,15,28,26
20264,62,15,28,26
20265,62,15,28,26
20266,62,15,28,26
20267,62,15,28,26
20268,62,15,28,26
20269,62,15,28,26
20270,62,15,28,26
20271,62,15,28,26
20272,62,15,28,26
20273,62,15,28,26
20274,62,15,28,27
20275,62,15,28,27
20276,62,15,28,28
20277,62,15,28,28
20278,62,15,28,28
20279,62,15,28,28
20280,62,15,28,28
20281,62,15,28,28
20282,62,15,28,28
20283,62,15,28,28
20284,62,15,28,28
20285,62,15,28,28
20286,62,15,28,28
20287,62,15,28,28
20288,62,15,28,28
20289,62,15,28,28
20290,62,15,28,28
20291,62,15,28,28
20292,62,15,28,28
20293,62,15,28,28
20294,62,15,28,28
20295,62,15,28,28
20296,62,15,28,28
20297,62,15,28,28
20298,62,15,28,28
20299,62,15,28,28
20300,62,15,28,28
20301,62,15,28,28
20302,62,15,28,28
20303,62,15,28,28
20304,62,15,28,28
20305,62,15,28,28
20306,62,15,28,28
20307,62,15,28,28
20308,62,15,28,28
20309,62,15,28,28
20310,62,15,28,28
20311,62,15,28,28
20312,62,15,28,28
20313,62,15,28,28
20314,62,15,28,28
20315,62,15,28,28
20316,62,15,28,28
20317,62,15,28,28
20318,62,15,28,28
20319,62,15,28,28
20320,62,15,28,28
20321,62,15,28,28
20322,62,15,28,28
20323,62,15,28,28
20324,62,15,28,28
20325,62,15,28,28
20326,62,15,28,28
20327,62,15,28,28
20328,62,15,28,28
20329,62,15,28,28
20330,62,15,28,28
20331,62,15,28,29
20332,62,15,28,29
20333,62,15,28,29
20334,62,15,28,29
20335,62,15,28,29
20336,62,15,28,30
20337,62,15,28,30
20338,62,15,28,30
20339,62,15,28,30
20340,62,15,28,30
20341,62,15,28,30
20342,62,15,28,30
20343,62,15,28,30
20344,62,15,28,30
20345,62,15,28,31
20346,62,15,28,31
20347,62,15,28,31
20348,62,15,28,31
20349,62,15,28,31
20350,62,15,28,31
20351,62,15,28,31
20352,62,15,28,31
20353,62,15,28,31
20354,62,15,28,31
20355,62,15,28,31
20356,62,15,28,31
20357,62,15,28,31
20358,62,15,28,31
20359,62,15,28,31
20360,62,15,28,31
20361,62,15,28,31
20362,62,15,28,31
20363,62,15,28,31
20364,62,15,28,31
20365,62,15,28,31
20366,62,15,28,31
20367,62,15,28,31
20368,62,15,28,31
20369,62,15,28,31
20370,62,15,28,31
20371,62,15,28,31
20372,62,15,28,31
20373,62,15,28,31
20374,62,15,28,31
20375,62,15,28,31
20376,62,15,28,32
20377,62,15,28,32
20378,62,15,28,32
20379,62,15,28,32
20380,62,15,28,32
20381,62,15,28,32
20382,62,15,28,32
20383,62,15,28,32
20384,62,15,28,32
20385,62,15,28,32
20386,62,15,28,32
20387,62,15,28,32
20388,62,15,28,32
20389,62,15,28,32
20390,62,15,28,32
20391,62,15,28,32
20392,62,15,28,32
20393,62,15,28,32
20394,62,15,28,32
20395,62,15,28,32
20396,62,15,28,32
20397,62,15,28,32
20398,62,15,28,32
20399,62,15,28,32
20400,62,15,28,32
20401,62,15,28,32
20402,62,15,28,32
20403,62,15,28,32
20404,62,15,28,32
20405,62,15,28,32
20406,62,15,28,32
20407,62,15,28,32
20408,62,15,28,32
20409,62,15,28,32
20410,62,15,28,32
20411,62,15,28,32
20412,62,15,28,32
20413,62,15,28,32
20414,62,15,28,32
20415,62,15,28,32
20416,62,15,28,32
20417,62,15,28,32
20418,62,15,28,32
20419,62,15,28,32
20420,62,15,28,32
20421,62,15,28,32
20422,62,15,28,32
20423,62,15,28,32
20424,62,15,28,32
20425,62,15,28,33
20426,62,15,28,33
20427,62,15,28,33
20428,62,15,28,33
20429,62,15,28,33
20430,62,15,28,33
20431,62,15,28,33
20432,62,15,28,33
20433,62,15,28,33
20434,62,15,28,33
20435,62,15,28,33
20436,62,15,28,33
20437,62,15,28,33
20438,62,15,28,33
20439,62,15,28,33
20440,62,15,28,33
20441,62,15,28,33
20442,62,15,28,33
20443,62,15,28,33
20444,62,15,28,33
20445,62,15,28,33
20446,62,15,28,33
20447,62,15,28,33
20448,62,15,28,33
20449,62,15,28,33
20450,62,15,28,33
20451,62,15,28,33
20452,62,15,28,33
20453,62,15,28,33
20454,62,15,28,33
20455,62,15,28,33
20456,62,15,28,33
20457,62,15,28,34
20458,62,15,28,34
20459,62,15,28,34
20460,62,15,28,34
20461,62,15,28,34
20462,62,15,28,34
20463,62,15,28,34
20464,62,15,28,34
20465,62,15,28,34
20466,62,15,28,34
20467,62,15,28,34
20468,62,15,28,34
20469,62,15,28,34
20470,62,15,28,34
20471,62,15,28,34
20472,62,15,28,34
20473,62,15,28,34
20474,62,15,28,34
20475,62,15,28,34
20476,62,15,28,34
20477,62,15,28,34
20478,62,15,28,34
20479,62,15,28,34
20480,62,15,28,34
20481,62,15,28,34
20482,62,15,28,34
20483,62,15,28,34
20484,62,15,28,34
20485,62,15,28,34
20486,62,15,28,34
20487,62,15,28,34
20488,62,15,28,34
20489,62,15,28,35
20490,62,15,28,35
20491,62,15,28,35
20492,62,15,28,35
20493,62,15,28,35
20494,62,15,28,35
20495,62,15,28,35
20496,62,15,28,35
20497,62,15,28,35
20498,62,15,28,35
20499,62,15,28,35
20500,62,15,28,35
20501,62,15,28,35
20502,62,15,28,35
20503,62,15,28,35
20504,62,15,28,35
20505,62,15,28,35
20506,62,15,28,35
20507,62,15,28,35
20508,62,15,28,35
20509,62,15,28,35
20510,62,15,28,35
20511,62,15,28,35
20512,62,15,28,35
20513,62,15,28,35
20514,62,15,28,35
20515,62,15,28,35
20516,62,15,28,35
20517,62,15,28,35
20518,62,15,28,35
20519,62,15,28,35
20520,62,15,28,35
20521,62,15,28,35
20522,62,15,28,35
20523,62,15,28,35
20524,62,15,28,35
20525,62,15,28,35
20526,62,15,28,35
20527,62,15,28,35
20528,62,15,28,35
20529,62,15,28,35
20530,62,15,28,35
20531,62,15,28,35
20532,62,15,28,35
20533,62,15,28,35
20534,62,15,28,35
20535,62,15,28,35
20536,62,15,28,35
20537,62,15,28,35
20538,62,15,28,35
20539,62,15,28,35
20540,62,15,28,35
20541,62,15,28,35
20542,62,15,28,35
20543,62,15,28,35
20544,62,15,28,35
20545,62,15,28,35
20546,62,15,28,35
20547,62,15,28,35
20548,62,15,28,35
20549,62,15,28,35
20550,62,15,28,35
20551,62,15,28,35
20552,62,15,28,35
20553,62,15,28,35
20554,62,15,28,35
20555,62,15,28,35
20556,62,15,28,35
20557,62,15,28,35
20558,62,15,28,35
20559,62,15,28,35
20560,62,15,28,35
20561,62,15,28,35
20562,62,15,28,35
20563,62,15,28,35
20564,62,15,28,35
20565,62,15,28,35
20566,62,15,28,35
20567,62,15,28,35
20568,62,15,28,35
20569,62,15,28,35
20570,62,15,28,35
20571,62,15,28,35
20572,62,15,28,35
20573,62,15,28,35
20574,62,15,28,35
20575,62,15,28,35
20576,62,15,28,35
20577,62,15,28,35
20578,62,15,28,35
20579,62,15,28,35
20580,62,15,28,35
20581,62,15,28,35
20582,62,15,28,35
20583,62,15,28,35
20584,62,15,28,35
20585,62,15,28,35
20586,62,15,28,35
20587,62,15,28,35
20588,62,15,28,35
20589,62,15,28,35
20590,62,15,28,35
20591,62,15,28,35
20592,62,15,28,35
20593,62,15,28,35
20594,62,15,28,35
20595,62,15,28,35
20596,62,15,28,35
20597,62,15,28,35
20598,62,15,28,35
20599,62,15,28,35
20600,62,15,28,35
20601,62,15,28,35
20602,62,15,28,35
20603,62,15,28,35
20604,62,15,28,35
20605,62,15,28,35
20606,62,15,28,35
20607,62,15,28,35
20608,62,15,28,35
20609,62,15,28,35
20610,62,15,28,35
20611,62,15,28,35
20612,62,15,28,35
20613,62,15,28,35
20614,62,15,28,35
20615,62,15,28,35
20616,62,15,28,35
20617,62,15,28,35
20618,62,15,28,35
20619,62,15,28,35
20620,62,15,28,35
20621,62,15,28,35
20622,62,15,28,35
20623,62,15,28,35
20624,62,15,28,35
20625,62,15,28,35
20626,62,15,28,35
20627,62,15,28,35
20628,62,15,28,35
20629,62,15,28,35
20630,62,15,28,35
20631,62,15,28,35
20632,62,15,28,35
20633,62,15,28,35
20634,62,15,28,35
20635,62,15,28,35
20636,62,15,28,35
20637,62,15,28,35
20638,62,15,28,35
20639,62,15,28,35
20640,62,15,28,35
20641,62,15,28,35
20642,62,15,28,35
20643,62,15,28,35
20644,62,15,28,35
20645,62,15,28,35
20646,62,15,28,35
20647,62,15,28,35
20648,62,15,28,35
20649,62,15,28,35
20650,62,15,28,35
20651,62,15,28,35
20652,62,15,28,35
20653,62,15,28,35
20654,62,15,28,35
20655,62,15,28,35
20656,62,15,28,35
20657,62,15,28,35
20658,62,15,28,35
20659,62,15,28,35
20660,62,15,28,35
20661,62,15,28,35
20662,62,15,28,35
20663,62,15,28,35
20664,62,15,28,35
20665,62,15,28,35
20666,62,15,28,35
20667,62,15,28,35
20668,62,15,28,35
20669,62,15,28,35
20670,62,15,28,35
20671,62,15,28,35
20672,62,15,28,35
20673,62,15,28,35
20674,62,15,28,35
20675,62,15,28,35
20676,62,15,28,35
20677,62,15,28,35
20678,62,15,28,35
20679,62,15,28,35
20680,62,15,28,35
20681,62,15,28,35
20682,62,15,28,35
20683,62,15,28,35
20684,62,15,28,35
20685,62,15,28,35
20686,62,15,28,35
20687,62,15,28,35
20688,62,15,28,35
20689,62,15,28,35
20690,62,15,28,35
20691,62,15,28,35
20692,62,15,28,35
20693,62,15,28,35
20694,62,15,28,35
20695,62,15,28,35
20696,62,15,28,35
20697,62,15,28,35
20698,62,15,28,35
20699,62,15,28,35
20700,62,15,28,35
20701,62,15,28,35
20702,62,15,28,35
20703,62,15,28,35
20704,62,15,28,36
20705,62,15,28,36
20706,62,15,28,36
20707,62,15,28,36
20708,62,15,28,36
20709,62,15,28,36
20710,62,15,28,36
20711,62,15,28,36
20712,62,15,28,36
20713,62,15,28,36
20714,62,15,28,36
20715,62,15,28,36
20716,62,15,28,36
20717,62,15,28,36
20718,62,15,28,36
20719,62,15,28,36
20720,62,15,28,36
20721,62,15,28,36
20722,62,15,28,36
20723,62,15,28,36
20724,62,15,28,36
20725,62,15,28,36
20726,62,15,28,36
20727,62,15,28,36
20728,62,15,28,36
20729,62,15,28,36
20730,62,15,28,36
20731,62,15,28,36
20732,62,15,28,36
20733,62,15,28,36
20734,62,15,28,36
20735,62,15,28,36
20736,62,15,28,36
20737,62,15,28,36
20738,62,15,28,36
20739,62,15,28,36
20740,62,15,28,36
20741,62,15,28,36
20742,62,15,28,36
20743,62,15,28,36
20744,62,15,28,36
20745,62,15,28,36
20746,62,15,28,36
20747,62,15,28,36
20748,62,15,28,36
20749,62,15,28,36
20750,62,15,28,36
20751,62,15,28,36
20752,62,15,28,36
20753,62,15,28,36
20754,62,15,28,36
20755,62,15,28,36
20756,62,15,28,36
20757,62,15,28,36
20758,62,15,28,36
20759,62,15,28,36
20760,62,15,28,36
20761,62,15,28,36
20762,62,15,28,36
20763,62,15,28,36
20764,62,15,28,36
20765,62,15,28,36
20766,62,15,28,36
20767,62,15,28,36
20768,62,15,28,36
20769,62,15,28,36
20770,62,15,28,36
20771,62,15,28,36
20772,62,15,28,36
20773,62,15,28,36
20774,62,15,28,36
20775,62,15,28,36
20776,62,15,28,36
20777,62,15,28,36
20778,62,15,28,36
20779,62,15,28,36
20780,62,15,28,36
20781,62,15,28,36
20782,62,15,28,36
20783,62,15,28,36
20784,62,15,28,36
20785,62,15,28,36
20786,62,15,28,36
20787,62,15,28,36
20788,62,15,28,36
20789,62,15,28,36
20790,62,15,28,36
20791,62,15,28,36
20792,62,15,28,36
20793,62,15,28,37
20794,62,15,28,37
20795,62,15,28,37
20796,62,15,28,37
20797,62,15,28,37
20798,62,15,28,37
20799,62,15,28,37
20800,62,15,28,37
20801,62,15,28,37
20802,62,15,28,37
20803,62,15,28,37
20804,62,15,28,37
20805,62,15,28,37
20806,62,15,28,37
20807,62,15,28,37
20808,62,15,28,37
20809,62,15,28,37
20810,62,15,28,37
20811,62,15,28,37
20812,62,15,28,37
20813,62,15,28,37
20814,62,15,28,37
20815,62,15,28,37
20816,62,15,28,37
20817,62,15,28,37
20818,62,15,28,37
20819,62,15,28,37
20820,62,15,28,37
20821,62,15,28,37
20822,62,15,28,37
20823,62,15,28,37
20824,62,15,28,37
20825,62,15,28,37
20826,62,15,28,37
20827,62,15,28,37
20828,62,15,28,37
20829,62,15,28,37
20830,62,15,28,37
20831,62,15,28,37
20832,62,15,28,37
20833,62,15,28,37
20834,62,15,28,37
20835,62,15,28,37
20836,62,15,28,37
20837,62,15,28,37
20838,62,15,28,37
20839,62,15,28,37
20840,62,15,28,37
20841,62,15,28,37
20842,62,15,28,37
20843,62,15,28,37
20844,62,15,28,38
20845,62,15,28,38
20846,62,15,28,38
20847,62,15,28,38
20848,62,15,28,38
20849,62,15,28,38
20850,62,15,28,38
20851,62,15,28,38
20852,62,15,28,38
20853,62,15,28,38
20854,62,15,28,38
20855,62,15,28,38
20856,62,15,28,38
20857,62,15,28,38
20858,62,15,28,38
20859,62,15,28,38
20860,62,15,28,38
20861,62,15,28,38
20862,62,15,28,38
20863,62,15,28,38
20864,62,15,28,38
20865,62,15,28,38
20866,62,15,28,38
20867,62,15,28,38
20868,62,15,28,38
20869,62,15,28,38
20870,62,15,28,38
20871,62,15,28,38
20872,62,15,28,38
20873,62,15,28,38
20874,62,15,28,38
20875,62,15,28,38
20876,62,15,28,38
20877,62,15,28,38
20878,62,15,28,38
20879,62,15,28,38
20880,62,15,28,38
20881,62,15,28,38
20882,62,15,28,38
20883,62,15,28,38
20884,62,15,28,38
20885,62,15,28,38
20886,62,15,28,38
20887,62,15,28,38
20888,62,15,28,38
20889,62,15,28,38
20890,62,15,28,39
20891,62,15,28,39
20892,62,15,28,39
20893,62,15,28,39
20894,62,15,28,39
20895,62,15,28,39
20896,62,15,28,39
20897,62,15,28,39
20898,62,15,28,39
20899,62,15,28,39
20900,62,15,28,39
20901,62,15,28,39
20902,62,15,28,39
20903,62,15,28,39
20904,62,15,28,39
20905,62,15,28,39
20906,62,15,28,39
20907,62,15,28,39
20908,62,15,28,40
20909,62,15,28,40
20910,62,15,28,40
20911,62,15,28,40
20912,62,15,28,40
20913,62,15,28,40
20914,62,15,28,40
20915,62,15,28,40
20916,62,15,28,40
20917,62,15,28,40
20918,62,15,28,40
20919,62,15,28,40
20920,62,15,28,40
20921,62,15,28,40
20922,62,15,28,40
20923,62,15,28,40
20924,62,15,28,40
20925,62,15,28,40
20926,62,15,28,40
20927,62,15,28,40
20928,62,15,28,40
20929,62,15,28,40
20930,62,15,28,40
20931,62,15,28,40
20932,62,15,28,40
20933,62,15,28,40
20934,62,15,28,40
20935,62,15,28,40
20936,62,15,28,40
20937,62,15,28,40
20938,62,15,28,40
20939,62,15,28,40
20940,62,15,28,40
20941,62,15,28,40
20942,62,15,28,40
20943,62,15,28,40
20944,62,15,28,40
20945,62,15,28,40
20946,62,15,28,40
20947,62,15,28,40
20948,62,15,28,40
20949,62,15,28,40
20950,62,15,28,40
20951,62,15,28,40
20952,62,15,28,40
20953,62,15,28,40
20954,62,15,28,40
20955,62,15,28,40
20956,62,15,28,40
20957,62,15,28,40
20958,62,15,28,40
20959,62,15,28,40
20960,62,15,28,40
20961,62,15,28,40
20962,62,15,28,40
20963,62,15,28,40
20964,62,15,28,40
20965,62,15,28,40
20966,62,15,28,40
20967,62,15,28,40
20968,62,15,28,40
20969,62,15,28,40
20970,62,15,28,40
20971,62,15,28,40
20972,62,15,28,40
20973,62,15,28,40
20974,62,15,28,40
20975,62,15,28,40
20976,62,15,28,40
20977,62,15,28,40
20978,62,15,28,40
20979,62,15,28,40
20980,62,15,28,40
20981,62,15,28,40
20982,62,15,28,40
20983,62,15,28,40
20984,62,15,28,40
20985,62,15,28,40
20986,62,15,28,40
20987,62,15,28,40
20988,62,15,28,40
20989,62,15,28,40
20990,62,15,28,40
20991,62,15,28,40
20992,62,15,28,40
20993,62,15,28,40
20994,62,15,28,40
20995,62,15,28,40
20996,62,15,28,40
20997,62,15,28,40
20998,62,15,28,40
20999,62,15,28,40
21000,62,15,28,40
21001,62,15,28,40
21002,62,15,28,40
21003,62,15,28,40
21004,62,15,28,40
21005,62,15,28,40
21006,62,15,28,40
21007,62,15,28,40
21008,62,15,28,40
21009,62,15,28,40
21010,62,15,28,40
21011,62,15,28,40
21012,62,15,28,40
21013,62,15,28,40
21014,62,15,28,40
21015,62,15,28,40
21016,62,15,28,40
21017,62,15,28,40
21018,62,15,28,40
21019,62,15,28,40
21020,62,15,28,40
21021,62,15,28,40
21022,62,15,28,40
21023,62,15,28,40
21024,62,15,28,40
21025,62,15,28,40
21026,62,15,28,40
21027,62,15,28,40
21028,62,15,28,40
21029,62,15,28,40
21030,62,15,28,40
21031,62,15,28,40
21032,62,15,28,40
21033,62,15,28,40
21034,62,15,28,40
21035,62,15,28,40
21036,62,15,28,40
21037,62,15,28,40
21038,62,15,28,40
21039,62,15,28,40
21040,62,15,28,40
21041,62,15,28,40
21042,62,15,28,40
21043,62,15,28,40
21044,62,15,28,40
21045,62,15,28,40
21046,62,15,28,40
21047,62,15,28,40
21048,62,15,28,40
21049,62,15,28,40
21050,62,15,28,40
21051,62,15,28,40
21052,62,15,28,40
21053,62,15,28,40
21054,62,15,28,40
21055,62,15,28,40
21056,62,15,28,40
21057,62,15,28,40
21058,62,15,28,40
21059,62,15,28,40
21060,62,15,28,40
21061,62,15,28,40
21062,62,15,28,40
21063,62,15,28,40
21064,62,15,28,40
21065,62,15,28,40
21066,62,15,28,41
21067,62,15,28,41
21068,62,15,28,41
21069,62,15,28,41
21070,62,15,28,41
21071,62,15,28,41
21072,62,15,28,41
21073,62,15,28,41
21074,62,15,28,41
21075,62,15,28,41
21076,62,15,28,41
21077,62,15,28,41
21078,62,15,28,41
21079,62,15,28,41
21080,62,15,28,41
21081,62,15,28,41
21082,62,15,28,41
21083,62,15,28,41
21084,62,15,28,41
21085,62,15,28,41
21086,62,15,28,41
21087,62,15,28,41
21088,62,15,28,41
21089,62,15,28,41
21090,62,15,28,41
21091,62,15,28,41
21092,62,15,28,41
21093,62,15,28,41
21094,62,15,28,41
21095,62,15,28,41
21096,62,15,28,41
21097,62,15,28,41
21098,62,15,28,41
21099,62,15,28,41
21100,62,15,28,41
21101,62,15,28,41
21102,62,15,28,41
21103,62,15,28,41
21104,62,15,28,42
21105,62,15,28,42
21106,62,15,28,42
21107,62,15,28,42
21108,62,15,28,42
21109,62,15,28,42
21110,62,15,28,42
21111,62,15,28,42
21112,62,15,28,42
21113,62,15,28,42
21114,62,15,28,42
21115,62,15,28,42
21116,62,15,28,42
21117,62,15,28,42
21118,62,15,28,42
21119,62,15,28,42
21120,62,15,28,42
21121,62,15,28,42
21122,62,15,28,42
21123,62,15,28,42
21124,62,15,28,42
21125,62,15,28,42
21126,62,15,28,42
21127,62,15,28,42
21128,62,15,28,42
21129,62,15,28,42
21130,62,15,28,42
21131,62,15,28,42
21132,62,15,28,42
21133,62,15,28,42
21134,62,15,28,42
21135,62,15,28,42
21136,62,15,28,42
21137,62,15,28,42
21138,62,15,28,42
21139,62,15,28,42
21140,62,15,28,42
21141,62,15,28,42
21142,62,15,28,42
21143,62,15,28,42
21144,62,15,28,42
21145,62,15,28,42
21146,62,15,28,42
21147,62,15,28,42
21148,62,15,28,42
21149,62,15,28,42
21150,62,15,28,42
21151,62,15,28,42
21152,62,15,28,42
21153,62,15,28,42
21154,62,15,28,42
21155,62,15,28,42
21156,62,15,28,42
21157,62,15,28,42
21158,62,15,28,42
21159,62,15,28,42
21160,62,15,28,42
21161,62,15,28,42
21162,62,15,28,42
21163,62,15,28,42
21164,62,15,28,42
21165,62,15,28,42
21166,62,15,28,42
21167,62,15,28,42
21168,62,15,28,42
21169,62,15,28,42
21170,62,15,28,42
21171,62,15,28,42
21172,62,15,28,42
21173,62,15,28,42
21174,62,15,28,42
21175,62,15,28,42
21176,62,15,28,42
21177,62,15,28,42
21178,62,15,28,42
21179,62,15,28,42
21180,62,15,28,42
21181,62,15,28,42
21182,62,15,28,42
21183,62,15,28,42
21184,62,15,28,42
21185,62,15,28,42
21186,62,15,28,42
21187,62,15,28,42
21188,62,15,28,42
21189,62,15,28,42
21190,62,15,28,42
21191,62,15,28,42
21192,62,15,28,42
21193,62,15,28,42
21194,62,15,28,42
21195,62,15,28,42
21196,62,15,28,42
21197,62,15,28,42
21198,62,15,28,42
21199,62,15,28,42
21200,62,15,28,42
21201,62,15,28,42
21202,62,15,28,42
21203,62,15,28,42
21204,62,15,28,42
21205,62,15,28,42
21206,62,15,28,42
21207,62,15,28,42
21208,62,15,28,42
21209,62,15,28,42
21210,62,15,28,42
21211,62,15,28,42
21212,62,15,28,42
21213,62,15,28,42
21214,62,15,28,42
21215,62,15,28,42
21216,62,15,28,42
21217,62,15,28,42
21218,62,15,28,42
21219,62,15,28,42
21220,62,15,28,42
21221,62,15,28,42
21222,62,15,28,42
21223,62,15,28,42
21224,62,15,28,42
21225,62,15,28,42
21226,62,15,28,42
21227,62,15,28,42
21228,62,15,28,42
21229,62,15,28,42
21230,62,15,28,42
21231,62,15,28,42
21232,62,15,28,42
21233,62,15,28,42
21234,62,15,28,42
21235,62,15,28,42
21236,62,15,28,42
21237,62,15,28,42
21238,62,15,28,42
21239,62,15,28,42
21240,62,15,28,42
21241,62,15,28,42
21242,62,15,28,42
21243,62,15,28,42
21244,62,15,28,42
21245,62,15,28,42
21246,62,15,28,42
21247,62,15,28,42
21248,62,15,28,42
21249,62,15,28,42
21250,62,15,28,42
21251,62,15,28,42
21252,62,15,28,42
21253,62,15,28,42
21254,62,15,28,42
21255,62,15,28,42
21256,62,15,28,42
21257,62,15,28,42
21258,62,15,28,42
21259,62,15,28,42
21260,62,15,28,42
21261,62,15,28,42
21262,62,15,28,42
21263,62,15,28,42
21264,62,15,28,42
21265,62,15,28,42
21266,62,15,28,42
21267,62,15,28,42
21268,62,15,28,42
21269,62,15,28,42
21270,62,15,28,42
21271,62,15,28,42
21272,62,15,28,42
21273,62,15,28,42
21274,62,15,28,42
21275,62,15,28,42
21276,62,15,28,42
21277,62,15,28,42
21278,62,15,28,42
21279,62,15,28,42
21280,62,15,28,42
21281,62,15,28,42
21282,62,15,28,42
21283,62,15,28,42
21284,62,15,28,42
21285,62,15,28,42
21286,62,15,28,42
21287,62,15,28,42
21288,62,15,28,42
21289,62,15,28,42
21290,62,15,28,42
21291,62,15,28,42
21292,62,15,28,42
21293,62,15,28,42
21294,62,15,28,42
21295,62,15,28,42
21296,62,15,28,42
21297,62,15,28,42
21298,62,15,28,42
21299,62,15,28,42
21300,62,15,28,42
21301,62,15,28,42
21302,62,15,28,42
21303,62,15,28,42
21304,62,15,28,42
21305,62,15,28,42
21306,62,15,28,42
21307,62,15,28,42
21308,62,15,28,42
21309,62,15,28,42
21310,62,15,28,42
21311,62,15,28,42
21312,62,15,28,42
21313,62,15,28,42
21314,62,15,28,42
21315,62,15,28,42
21316,62,15,28,42
21317,62,15,28,42
21318,62,15,28,42
21319,62,15,28,42
21320,62,15,28,42
21321,62,15,28,42
21322,62,15,28,42
21323,62,15,28,42
21324,62,15,28,42
21325,62,15,28,42
21326,62,15,28,42
21327,62,15,28,42
21328,62,15,28,42
21329,62,15,28,42
21330,62,15,28,42
21331,62,15,28,42
21332,62,15,28,42
21333,62,15,28,42
21334,62,15,28,42
21335,62,15,28,42
21336,62,15,28,42
21337,62,15,28,42
21338,62,15,28,42
21339,62,15,28,42
21340,62,15,28,42
21341,62,15,28,42
21342,62,15,28,42
21343,62,15,28,42
21344,62,15,28,42
21345,62,15,28,42
21346,62,15,28,42
21347,62,15,28,42
21348,62,15,28,42
21349,62,15,28,42
21350,62,15,28,42
21351,62,15,28,42
21352,62,15,28,42
21353,62,15,28,42
21354,62,15,28,42
21355,62,15,28,42
21356,62,15,28,42
21357,62,15,28,42
21358,62,15,28,42
21359,62,15,28,42
21360,62,15,28,42
21361,62,15,28,42
21362,62,15,28,42
21363,62,15,28,42
21364,62,15,28,42
21365,62,15,28,42
21366,62,15,28,42
21367,62,15,28,42
21368,62,15,28,42
21369,62,15,28,42
21370,62,15,28,42
21371,62,15,28,42
21372,62,15,28,42
21373,62,15,28,42
21374,62,15,28,42
21375,62,15,28,42
21376,62,15,28,42
21377,62,15,28,42
21378,62,15,28,42
21379,62,15,28,42
21380,62,15,28,42
21381,62,15,28,42
21382,62,15,28,42
21383,62,15,28,42
21384,62,15,28,42
21385,62,15,28,42
21386,62,15,28,42
21387,62,15,28,42
21388,62,15,28,43
21389,62,15,28,43
21390,62,15,28,43
21391,62,15,28,43
21392,62,15,28,43
21393,62,15,28,43
21394,62,15,28,43
21395,62,15,28,43
21396,62,15,28,43
21397,62,15,28,43
21398,62,15,28,43
21399,62,15,28,43
21400,62,15,28,43
21401,62,15,28,43
21402,62,15,28,43
21403,62,15,28,43
21404,62,15,28,43
21405,62,15,28,43
21406,62,15,28,43
21407,62,15,28,43
21408,62,15,28,43
21409,62,15,28,43
21410,62,15,28,43
21411,62,15,28,43
21412,62,15,28,43
21413,62,15,28,43
21414,62,15,28,43
21415,62,15,28,43
21416,62,15,28,43
21417,62,15,28,43
21418,62,15,28,43
21419,62,15,28,43
21420,62,15,28,43
21421,62,15,28,43
21422,62,15,28,43
21423,62,15,28,43
21424,62,15,28,43
21425,62,15,28,43
21426,62,15,28,43
21427,62,15,28,43
21428,62,15,28,43
21429,62,15,28,43
21430,62,15,28,43
21431,62,15,28,43
21432,62,15,28,43
21433,62,15,28,43
21434,62,15,28,43
21435,62,15,28,43
21436,62,15,28,43
21437,62,15,28,43
21438,62,15,28,43
21439,62,15,28,43
21440,62,15,28,43
21441,62,15,28,43
21442,62,15,28,43
21443,62,15,28,43
21444,62,15,28,43
21445,62,15,28,43
21446,62,15,28,43
21447,62,15,28,43
21448,62,15,28,43
21449,62,15,28,43
21450,62,15,28,43
21451,62,15,28,43
21452,62,15,28,43
21453,62,15,28,43
21454,62,15,28,43
21455,62,15,28,43
21456,62,15,28,43
21457,62,15,28,43
21458,62,15,28,43
21459,62,15,28,43
21460,62,15,28,43
21461,62,15,28,43
21462,62,15,28,43
21463,62,15,28,43
21464,62,15,28,43
21465,62,15,28,43
21466,62,15,28,43
21467,62,15,28,43
21468,62,15,28,43
21469,62,15,28,43
21470,62,15,28,43
21471,62,15,28,43
21472,62,15,28,43
21473,62,15,28,43
21474,62,15,28,43
21475,62,15,28,43
21476,62,15,28,43
21477,62,15,28,43
21478,62,15,28,43
21479,62,15,28,43
21480,62,15,28,43
21481,62,15,28,43
21482,62,15,28,43
21483,62,15,28,43
21484,62,15,28,43
21485,62,15,28,43
21486,62,15,28,43
21487,62,15,28,43
21488,62,15,28,43
21489,62,15,28,43
21490,62,15,28,43
21491,62,15,28,43
21492,62,15,28,43
21493,62,15,28,43
21494,62,15,28,43
21495,62,15,28,43
21496,62,15,28,43
21497,62,15,28,43
21498,62,15,28,43
21499,62,15,28,43
21500,62,15,28,43
21501,62,15,28,43
21502,62,15,28,43
21503,62,15,28,43
21504,62,15,28,43
21505,62,15,28,43
21506,62,15,28,43
21507,62,15,28,43
21508,62,15,28,43
21509,62,15,28,43
21510,62,15,28,43
21511,62,15,28,43
21512,62,15,28,43
21513,62,15,28,43
21514,62,15,28,43
21515,62,15,28,43
21516,62,15,28,43
21517,62,15,28,43
21518,62,15,28,43
21519,62,15,28,43
21520,62,15,28,43
21521,62,15,28,43
21522,62,15,28,43
21523,62,15,28,43
21524,62,15,28,43
21525,62,15,28,43
21526,62,15,28,43
21527,62,15,28,43
21528,62,15,28,43
21529,62,15,28,43
21530,62,15,28,43
21531,62,15,28,43
21532,62,15,28,43
21533,62,15,28,43
21534,62,15,28,43
21535,62,15,28,43
21536,62,15,28,43
21537,62,15,28,43
21538,62,15,28,44
21539,62,15,28,44
21540,62,15,28,44
21541,62,15,28,44
21542,62,15,28,44
21543,62,15,28,44
21544,62,15,28,44
21545,62,15,28,44
21546,62,15,28,44
21547,62,15,28,44
21548,62,15,28,44
21549,62,15,28,44
21550,62,15,28,44
21551,62,15,28,44
21552,62,15,28,44
21553,62,15,28,44
21554,62,15,28,44
21555,62,15,28,44
21556,62,15,28,44
21557,62,15,28,44
21558,62,15,28,44
21559,62,15,28,44
21560,62,15,28,44
21561,62,15,28,44
21562,62,15,28,44
21563,62,15,28,44
21564,62,15,28,44
21565,62,15,28,44
21566,62,15,28,44
21567,62,15,28,44
21568,62,15,28,44
21569,62,15,28,44
21570,62,15,28,44
21571,62,15,28,44
21572,62,15,28,44
21573,62,15,28,44
21574,62,15,28,44
21575,62,15,28,44
21576,62,15,28,44
21577,62,15,28,44
21578,62,15,28,44
21579,62,15,28,44
21580,62,15,28,44
21581,62,15,28,44
21582,62,15,28,44
21583,62,15,28,44
21584,62,15,28,44
21585,62,15,28,44
21586,62,15,28,44
21587,62,15,28,44
21588,62,15,28,44
21589,62,15,28,44
21590,62,15,28,44
21591,62,15,28,44
21592,62,15,28,44
21593,62,15,28,44
21594,62,15,28,44
21595,62,15,28,44
21596,62,15,28,44
21597,62,15,28,44
21598,62,15,28,44
21599,62,15,28,44
21600,62,15,28,44
21601,62,15,28,44
21602,62,15,28,44
21603,62,15,28,44
21604,62,15,28,44
21605,62,15,28,44
21606,62,15,28,44
21607,62,15,28,44
21608,62,15,28,44
21609,62,15,28,44
21610,62,15,28,44
21611,62,15,28,44
21612,62,15,28,44
21613,62,15,28,44
21614,62,15,28,44
21615,62,15,28,44
21616,62,15,28,44
21617,62,15,28,44
21618,62,15,28,44
21619,62,15,28,44
21620,62,15,28,44
21621,62,15,28,44
21622,62,15,28,44
21623,62,15,28,44
21624,62,15,28,44
21625,62,15,28,44
21626,62,15,28,44
21627,62,15,28,44
21628,62,15,28,44
21629,62,15,28,44
21630,62,15,28,44
21631,62,15,28,44
21632,62,15,28,44
21633,62,15,28,44
21634,62,15,28,44
21635,62,15,28,44
21636,62,15,28,44
21637,62,15,28,44
21638,62,15,28,44
21639,62,15,28,44
21640,62,15,28,44
21641,62,15,28,44
21642,62,15,28,44
21643,62,15,28,44
21644,62,15,28,44
21645,62,15,28,44
21646,62,15,28,44
21647,62,15,28,44
21648,62,15,28,44
21649,62,15,28,44
21650,62,15,28,44
21651,62,15,28,44
21652,62,15,28,44
21653,62,15,28,44
21654,62,15,28,44
21655,62,15,28,44
21656,62,15,28,44
21657,62,15,28,44
21658,62,15,28,44
21659,62,15,28,44
21660,62,15,28,44
21661,62,15,28,44
21662,62,15,28,44
21663,62,15,28,44
21664,62,15,28,44
21665,62,15,28,44
21666,62,15,28,44
21667,62,15,28,44
21668,62,15,28,44
21669,62,15,28,44
21670,62,15,28,44
21671,62,15,28,44
21672,62,15,28,44
21673,62,15,28,44
21674,62,15,28,44
21675,62,15,28,44
21676,62,15,28,44
21677,62,15,28,44
21678,62,15,28,44
21679,62,15,28,44
21680,62,15,28,44
21681,62,15,28,44
21682,62,15,28,44
21683,62,15,28,44
21684,62,15,28,45
21685,62,15,28,45
21686,62,15,28,45
21687,62,15,28,45
21688,62,15,28,45
21689,62,15,28,45
21690,62,15,28,45
21691,62,15,28,45
21692,62,15,28,45
21693,62,15,28,45
21694,62,15,28,45
21695,62,15,28,45
21696,62,15,28,45
21697,62,15,28,45
21698,62,15,28,45
21699,62,15,28,45
21700,62,15,28,45
21701,62,15,28,45
21702,62,15,28,45
21703,62,15,28,45
21704,62,15,28,45
21705,62,15,28,45
21706,62,15,28,45
21707,62,15,28,45
21708,62,15,28,45
21709,62,15,28,45
21710,62,15,28,45
21711,62,15,28,45
21712,62,15,28,45
21713,62,15,28,45
21714,62,15,28,45
21715,62,15,28,45
21716,62,15,28,45
21717,62,15,28,45
21718,62,15,28,45
21719,62,15,28,45
21720,62,15,28,45
21721,62,15,28,45
21722,62,15,28,45
21723,62,15,28,45
21724,62,15,28,45
21725,62,15,28,45
21726,62,15,28,45
21727,62,15,28,45
21728,62,15,28,45
21729,62,15,28,45
21730,62,15,28,45
21731,62,15,28,45
21732,62,15,28,45
21733,62,15,28,45
21734,62,15,28,45
21735,62,15,28,45
21736,62,15,28,45
21737,62,15,28,45
21738,62,15,28,45
21739,62,15,28,45
21740,62,15,28,45
21741,62,15,28,45
21742,62,15,28,45
21743,62,15,28,45
21744,62,15,28,45
21745,62,15,28,45
21746,62,15,28,45
21747,62,15,28,45
21748,62,15,28,45
21749,62,15,28,45
21750,62,15,28,45
21751,62,15,28,45
21752,62,15,28,45
21753,62,15,28,45
21754,62,15,28,45
21755,62,15,28,45
21756,62,15,28,45
21757,62,15,28,45
21758,62,15,28,45
21759,62,15,28,45
21760,62,15,28,45
21761,62,15,28,45
21762,62,15,28,45
21763,62,15,28,45
21764,62,15,28,45
21765,62,15,28,45
21766,62,15,28,45
21767,62,15,28,45
21768,62,15,28,45
21769,62,15,28,45
21770,62,15,28,45
21771,62,15,28,45
21772,62,15,28,45
21773,62,15,28,45
21774,62,15,28,45
21775,62,15,28,45
21776,62,15,28,45
21777,62,15,28,45
21778,62,15,28,45
21779,62,15,28,45
21780,62,15,28,45
21781,62,15,28,45
21782,62,15,28,45
21783,62,15,28,45
21784,62,15,28,45
21785,62,15,28,45
21786,62,15,28,45
21787,62,15,28,45
21788,62,15,28,45
21789,62,15,28,45
21790,62,15,28,45
21791,62,15,28,45
21792,62,15,28,45
21793,62,15,28,45
21794,62,15,28,45
21795,62,15,28,45
21796,62,15,28,45
21797,62,15,28,45
21798,62,15,28,45
21799,62,15,28,45
21800,62,15,28,45
21801,62,15,28,45
21802,62,15,28,45
21803,62,15,28,45
21804,62,15,28,45
21805,62,15,28,45
21806,62,15,28,45
21807,62,15,28,45
21808,62,15,28,45
21809,62,15,28,45
21810,62,15,28,45
21811,62,15,28,45
21812,62,15,28,45
21813,62,15,28,45
21814,62,15,28,45
21815,62,15,28,45
21816,62,15,28,45
21817,62,15,28,45
21818,62,15,28,45
21819,62,15,28,45
21820,62,15,28,45
21821,62,15,28,45
21822,62,15,28,45
21823,62,15,28,45
21824,62,15,28,45
21825,62,15,28,45
21826,62,15,28,45
21827,62,15,28,45
21828,62,15,28,45
21829,62,15,28,45
21830,62,15,28,45
21831,62,15,28,45
21832,62,15,28,45
21833,62,15,28,45
21834,62,15,28,45
21835,62,15,28,45
21836,62,15,28,45
21837,62,15,28,45
21838,62,15,28,45
21839,62,15,28,45
21840,62,15,28,45
21841,62,15,28,45
21842,62,15,28,45
21843,62,15,28,45
21844,62,15,28,45
21845,62,15,28,45
21846,62,15,28,45
21847,62,15,28,45
21848,62,15,28,45
21849,62,15,28,45
21850,62,15,28,45
21851,62,15,28,45
21852,62,15,28,45
21853,62,15,28,45
21854,62,15,28,45
21855,62,15,28,45
21856,62,15,28,45
21857,62,15,28,45
21858,62,15,28,45
21859,62,15,28,45
21860,62,15,28,45
21861,62,15,28,45
21862,62,15,28,45
21863,62,15,28,45
21864,62,15,28,45
21865,62,15,28,45
21866,62,15,28,45
21867,62,15,28,45
21868,62,15,28,45
21869,62,15,28,45
21870,62,15,28,45
21871,62,15,28,45
21872,62,15,28,45
21873,62,15,28,45
21874,62,15,28,45
21875,62,15,28,45
21876,62,15,28,45
21877,62,15,28,45
21878,62,15,28,45
21879,62,15,28,45
21880,62,15,28,45
21881,62,15,28,45
21882,62,15,28,45
21883,62,15,28,45
21884,62,15,28,45
21885,62,15,28,45
21886,62,15,28,45
21887,62,15,28,45
21888,62,15,28,45
21889,62,15,28,45
21890,62,15,28,45
21891,62,15,28,45
21892,62,15,28,45
21893,62,15,28,45
21894,62,15,28,45
21895,62,15,28,45
21896,62,15,28,45
21897,62,15,28,45
21898,62,15,28,45
21899,62,15,28,45
21900,62,15,28,45
21901,62,15,28,45
21902,62,15,28,45
21903,62,15,28,45
21904,62,15,28,45
21905,62,15,28,45
21906,62,15,28,45
21907,62,15,28,45
21908,62,15,28,45
21909,62,15,28,45
21910,62,15,28,45
21911,62,15,28,45
21912,62,15,28,45
21913,62,15,28,45
21914,62,15,28,45
21915,62,15,28,45
21916,62,15,28,45
21917,62,15,28,45
21918,62,15,28,45
21919,62,15,28,45
21920,62,15,28,45
21921,62,15,28,45
21922,62,15,28,46
21923,62,15,28,46
21924,62,15,28,46
21925,62,15,28,46
21926,62,15,28,46
21927,62,15,28,46
21928,62,15,28,46
21929,62,15,28,46
21930,62,15,28,46
21931,62,15,28,46
21932,62,15,28,46
21933,62,15,28,46
21934,62,15,28,46
21935,62,15,28,46
21936,62,15,28,46
21937,62,15,28,46
21938,62,15,28,46
21939,62,15,28,46
21940,62,15,28,46
21941,62,15,28,46
21942,62,15,28,46
21943,62,15,28,46
21944,62,15,28,46
21945,62,15,28,46
21946,62,15,28,46
21947,62,15,28,46
21948,62,15,28,46
21949,62,15,28,46
21950,62,15,28,46
21951,62,15,28,46
21952,62,15,28,46
21953,62,15,28,46
21954,62,15,28,46
21955,62,15,28,46
21956,62,15,28,46
21957,62,15,28,46
21958,62,15,28,46
21959,62,15,28,46
21960,62,15,28,46
21961,62,15,28,46
21962,62,15,28,46
21963,62,15,28,46
21964,62,15,28,46
21965,62,15,28,46
21966,62,15,28,46
21967,62,15,28,47
21968,62,15,28,47
21969,62,15,28,47
21970,62,15,28,47
21971,62,15,28,47
21972,62,15,28,47
21973,62,15,28,48
21974,62,15,28,48
21975,62,15,28,48
21976,62,15,28,48
21977,62,15,28,48
21978,62,15,28,48
21979,62,15,28,48
21980,62,15,28,48
21981,62,15,28,48
21982,62,15,28,48
21983,62,15,28,48
21984,62,15,28,49
21985,62,15,28,49
21986,62,15,28,49
21987,62,15,28,49
21988,62,15,28,49
21989,62,15,28,49
21990,62,15,28,49
21991,62,15,28,49
21992,62,15,28,49
21993,62,15,28,49
21994,62,15,28,49
21995,62,15,28,49
21996,62,15,28,49
21997,62,15,28,49
21998,62,15,28,49
21999,62,15,28,49
22000,62,15,28,49
22001,62,15,28,49
22002,62,15,28,49
22003,62,15,28,49
22004,62,15,28,49
22005,62,15,28,49
22006,62,15,28,49
22007,62,15,28,49
22008,62,15,28,49
22009,62,15,28,49
22010,62,15,28,49
22011,62,15,28,49
22012,62,15,28,49
22013,62,15,28,49
22014,62,15,28,49
22015,62,15,28,49
22016,62,15,28,49
22017,62,15,28,49
22018,62,15,28,49
22019,62,15,28,49
22020,62,15,28,49
22021,62,15,28,49
22022,62,15,28,49
22023,62,15,28,49
22024,62,15,28,49
22025,62,15,28,49
22026,62,15,28,49
22027,62,15,28,49
22028,62,15,28,49
22029,62,15,28,49
22030,62,15,28,49
22031,62,15,28,49
22032,62,15,28,49
22033,62,15,28,49
22034,62,15,28,49
22035,62,15,28,49
22036,62,15,28,49
22037,62,15,28,49
22038,62,15,28,49
22039,62,15,28,49
22040,62,15,28,49
22041,62,15,28,49
22042,62,15,28,49
22043,62,15,28,49
22044,62,15,28,49
22045,62,15,28,49
22046,62,15,28,49
22047,62,15,28,49
22048,62,15,28,49
22049,62,15,28,49
22050,62,15,28,49
22051,62,15,28,49
22052,62,15,28,49
22053,62,15,28,49
22054,62,15,28,49
22055,62,15,28,49
22056,62,15,28,49
22057,62,15,28,49
22058,62,15,28,49
22059,62,15,28,49
22060,62,15,28,49
22061,62,15,28,49
22062,62,15,28,49
22063,62,15,28,49
22064,62,15,28,49
22065,62,15,28,49
22066,62,15,28,49
22067,62,15,28,49
22068,62,15,28,49
22069,62,15,28,49
22070,62,15,28,49
22071,62,15,28,49
22072,62,15,28,49
22073,62,15,28,49
22074,62,15,28,49
22075,62,15,28,49
22076,62,15,28,49
22077,62,15,28,49
22078,62,15,28,49
22079,62,15,28,50
22080,62,15,28,50
22081,62,15,28,50
22082,62,15,28,50
22083,62,15,28,50
22084,62,15,28,50
22085,62,15,28,50
22086,62,15,28,50
22087,62,15,28,50
22088,62,15,28,50
22089,62,15,28,50
22090,62,15,28,50
22091,62,15,28,50
22092,62,15,28,50
22093,62,15,28,50
22094,62,15,28,50
22095,62,15,28,50
22096,62,15,28,50
22097,62,15,28,50
22098,62,15,28,50
22099,62,15,28,50
22100,62,15,28,50
22101,62,15,28,50
22102,62,15,28,50
22103,62,15,28,50
22104,62,15,28,50
22105,62,15,28,50
22106,62,15,28,50
22107,62,15,28,50
22108,62,15,28,50
22109,62,15,28,50
22110,62,15,28,50
22111,62,15,28,50
22112,62,15,28,50
22113,62,15,28,50
22114,62,15,28,50
22115,62,15,28,50
22116,62,15,28,50
22117,62,15,28,50
22118,62,15,28,50
22119,62,15,28,50
22120,62,15,28,50
22121,62,15,28,50
22122,62,15,28,50
22123,62,15,28,50
22124,62,15,28,50
22125,62,15,28,50
22126,62,15,28,50
22127,62,15,28,50
22128,62,15,28,50
22129,62,15,28,50
22130,62,15,28,50
22131,62,15,28,50
22132,62,15,28,50
22133,62,15,28,50
22134,62,15,28,50
22135,62,15,28,50
22136,62,15,28,50
22137,62,15,28,50
22138,62,15,28,50
22139,62,15,28,50
22140,62,15,28,50
22141,62,15,28,50
22142,62,15,28,50
22143,62,15,28,50
22144,62,15,28,50
22145,62,15,28,50
22146,62,15,28,50
22147,62,15,28,50
22148,62,15,28,50
22149,62,15,28,50
22150,62,15,28,50
22151,62,15,28,50
22152,62,15,28,50
22153,62,15,28,50
22154,62,15,28,50
22155,62,15,28,50
22156,62,15,28,50
22157,62,15,28,50
22158,62,15,28,50
22159,62,15,28,50
22160,62,15,28,50
22161,62,15,28,50
22162,62,15,28,50
22163,62,15,28,50
22164,62,15,28,50
22165,62,15,28,50
22166,62,15,28,50
22167,62,15,28,50
22168,62,15,28,50
22169,62,15,28,50
22170,62,15,28,50
22171,62,15,28,50
22172,62,15,28,50
22173,62,15,28,50
22174,62,15,28,50
22175,62,15,28,50
22176,62,15,28,50
22177,62,15,28,50
22178,62,15,28,50
22179,62,15,28,50
22180,62,15,28,50
22181,62,15,28,50
22182,62,15,28,50
22183,62,15,28,50
22184,62,15,28,50
22185,62,15,28,50
22186,62,15,28,50
22187,62,15,28,50
22188,62,15,28,50
22189,62,15,28,50
22190,62,15,28,50
22191,62,15,28,50
22192,62,15,28,50
22193,62,15,28,50
22194,62,15,28,50
22195,62,15,28,50
22196,62,15,28,50
22197,62,15,28,50
22198,62,15,28,50
22199,62,15,28,50
22200,62,15,28,50
22201,62,15,28,50
22202,62,15,28,50
22203,62,15,28,50
22204,62,15,28,50
22205,62,15,28,50
22206,62,15,28,50
22207,62,15,28,50
22208,62,15,28,50
22209,62,15,28,50
22210,62,15,28,50
22211,62,15,28,50
22212,62,15,28,50
22213,62,15,28,50
22214,62,15,28,50
22215,62,15,28,50
22216,62,15,28,50
22217,62,15,28,50
22218,62,15,28,50
22219,62,15,28,50
22220,62,15,28,50
22221,62,15,28,50
22222,62,15,28,50
22223,62,15,28,50
22224,62,15,28,50
22225,62,15,28,50
22226,62,15,28,50
22227,62,15,28,50
22228,62,15,28,50
22229,62,15,28,50
22230,62,15,28,50
22231,62,15,28,50
22232,62,15,28,50
22233,62,15,28,50
22234,62,15,28,50
22235,62,15,28,50
22236,62,15,28,50
22237,62,15,28,50
22238,62,15,28,50
22239,62,15,28,50
22240,62,15,28,50
22241,62,15,28,50
22242,62,15,28,50
22243,62,15,28,50
22244,62,15,28,50
22245,62,15,28,50
22246,62,15,28,50
22247,62,15,28,50
22248,62,15,28,50
22249,62,15,28,50
22250,62,15,28,50
22251,62,15,28,50
22252,62,15,28,50
22253,62,15,28,50
22254,62,15,28,50
22255,62,15,28,50
22256,62,15,28,50
22257,62,15,28,50
22258,62,15,28,50
22259,62,15,28,50
22260,62,15,28,50
22261,62,15,28,50
22262,62,15,28,50
22263,62,15,28,50
22264,62,15,28,50
22265,62,15,28,50
22266,62,15,28,50
22267,62,15,28,50
22268,62,15,28,50
22269,62,15,28,50
22270,62,15,28,50
22271,62,15,28,50
22272,62,15,28,50
22273,62,15,28,50
22274,62,15,28,50
22275,62,15,28,50
22276,62,15,28,50
22277,62,15,28,50
22278,62,15,28,50
22279,62,15,28,50
22280,62,15,28,50
22281,62,15,28,50
22282,62,15,28,50
22283,62,15,28,50
22284,62,15,28,50
22285,62,15,28,50
22286,62,15,28,50
22287,62,15,28,50
22288,62,15,28,50
22289,62,15,28,50
22290,62,15,28,50
22291,62,15,28,50
22292,62,15,28,50
22293,62,15,28,50
22294,62,15,28,50
22295,62,15,28,50
22296,62,15,28,50
22297,62,15,28,50
22298,62,15,28,50
22299,62,15,28,50
22300,62,15,28,50
22301,62,15,28,50
22302,62,15,28,50
22303,62,15,28,50
22304,62,15,28,50
22305,62,15,28,50
22306,62,15,28,50
22307,62,15,28,50
22308,62,15,28,50
22309,62,15,28,50
22310,62,15,28,50
22311,62,15,28,50
22312,62,15,28,50
22313,62,15,28,50
22314,62,15,28,50
22315,62,15,28,50
22316,62,15,28,50
22317,62,15,28,50
22318,62,15,28,50
22319,62,15,28,50
22320,62,15,28,50
22321,62,15,28,50
22322,62,15,28,50
22323,62,15,28,50
22324,62,15,28,50
22325,62,15,28,50
22326,62,15,28,50
22327,62,15,28,50
22328,62,15,28,50
22329,62,15,28,50
22330,62,15,28,50
22331,62,15,28,50
22332,62,15,28,50
22333,62,15,28,50
22334,62,15,28,50
22335,62,15,28,50
22336,62,15,28,50
22337,62,15,28,50
22338,62,15,28,50
22339,62,15,28,50
22340,62,15,28,50
22341,62,15,28,50
22342,62,15,28,50
22343,62,15,28,50
22344,62,15,28,50
22345,62,15,28,50
22346,62,15,28,50
22347,62,15,28,50
22348,62,15,28,50
22349,62,15,28,50
22350,62,15,28,50
22351,62,15,28,50
22352,62,15,28,50
22353,62,15,28,50
22354,62,15,28,50
22355,62,15,28,50
22356,62,15,28,50
22357,62,15,28,50
22358,62,15,28,50
22359,62,15,28,50
22360,62,15,28,51
22361,62,15,28,51
22362,62,15,28,51
22363,62,15,28,51
22364,62,15,28,51
22365,62,15,28,51
22366,62,15,28,51
22367,62,15,28,51
22368,62,15,28,51
22369,62,15,28,51
22370,62,15,28,51
22371,62,15,28,51
22372,62,15,28,51
22373,62,15,28,51
22374,62,15,28,51
22375,62,15,28,51
22376,62,15,28,51
22377,62,15,28,51
22378,62,15,28,51
22379,62,15,28,51
22380,62,15,28,51
22381,62,15,28,51
22382,62,15,28,51
22383,62,15,28,51
22384,62,15,28,51
22385,62,15,28,51
22386,62,15,28,51
22387,62,15,28,51
22388,62,15,28,51
22389,62,15,28,51
22390,62,15,28,51
22391,62,15,28,51
22392,62,15,28,51
22393,62,15,28,51
22394,62,15,28,51
22395,62,15,28,51
22396,62,15,28,51
22397,62,15,28,51
22398,62,15,28,51
22399,62,15,28,51
22400,62,15,28,51
22401,62,15,28,51
22402,62,15,28,51
22403,62,15,28,51
22404,62,15,28,51
22405,62,15,28,51
22406,62,15,28,51
22407,62,15,28,51
22408,62,15,28,51
22409,62,15,28,51
22410,62,15,28,51
22411,62,15,28,51
22412,62,15,28,51
22413,62,15,28,51
22414,62,15,28,51
22415,62,15,28,51
22416,62,15,28,51
22417,62,15,28,51
22418,62,15,28,51
22419,62,15,28,51
22420,62,15,28,51
22421,62,15,28,51
22422,62,15,28,51
22423,62,15,28,51
22424,62,15,28,51
22425,62,15,28,51
22426,62,15,28,51
22427,62,15,28,51
22428,62,15,28,51
22429,62,15,28,51
22430,62,15,28,51
22431,62,15,28,51
22432,62,15,28,51
22433,62,15,28,51
22434,62,15,28,51
22435,62,15,28,51
22436,62,15,28,51
22437,62,15,28,51
22438,62,15,28,51
22439,62,15,28,51
22440,62,15,28,51
22441,62,15,28,51
22442,62,15,28,51
22443,62,15,28,51
22444,62,15,28,51
22445,62,15,28,51
22446,62,15,28,51
22447,62,15,28,51
22448,62,15,28,51
22449,62,15,28,51
22450,62,15,28,51
22451,62,15,28,51
22452,62,15,28,51
22453,62,15,28,51
22454,62,15,28,51
22455,62,15,28,51
22456,62,15,28,51
22457,62,15,28,51
22458,62,15,28,51
22459,62,15,28,51
22460,62,15,28,51
22461,62,15,28,51
22462,62,15,28,51
22463,62,15,28,51
22464,62,15,28,51
22465,62,15,28,51
22466,62,15,28,51
22467,62,15,28,51
22468,62,15,28,51
22469,62,15,28,51
22470,62,15,28,51
22471,62,15,28,51
22472,62,15,28,51
22473,62,15,28,51
22474,62,15,28,51
22475,62,15,28,51
22476,62,15,28,51
22477,62,15,28,51
22478,62,15,28,51
22479,62,15,28,51
22480,62,15,28,51
22481,62,15,28,51
22482,62,15,28,51
22483,62,15,28,51
22484,62,15,28,51
22485,62,15,28,51
22486,62,15,28,51
22487,62,15,28,51
22488,62,15,28,51
22489,62,15,28,51
22490,62,15,28,51
22491,62,15,28,51
22492,62,15,28,51
22493,62,15,28,51
22494,62,15,28,51
22495,62,15,28,51
22496,62,15,28,51
22497,62,15,28,51
22498,62,15,28,51
22499,62,15,28,52
22500,62,15,28,52
22501,62,15,28,52
22502,62,15,28,52
22503,62,15,28,52
22504,62,15,28,52
22505,62,15,28,52
22506,62,15,28,52
22507,62,15,28,52
22508,62,15,28,52
22509,62,15,28,52
22510,62,15,28,52
22511,62,15,28,52
22512,62,15,28,52
22513,62,15,28,52
22514,62,15,28,52
22515,62,15,28,52
22516,62,15,28,52
22517,62,15,28,52
22518,62,15,28,52
22519,62,15,28,52
22520,62,15,28,52
22521,62,15,28,52
22522,62,15,28,52
22523,62,15,28,52
22524,62,15,28,52
22525,62,15,28,52
22526,62,15,28,52
22527,62,15,28,52
22528,62,15,28,52
22529,62,15,28,52
22530,62,15,28,52
22531,62,15,28,52
22532,62,15,28,52
22533,62,15,28,52
22534,62,15,28,52
22535,62,15,28,52
22536,62,15,28,52
22537,62,15,28,52
22538,62,15,28,52
22539,62,15,28,52
22540,62,15,28,52
22541,62,15,28,52
22542,62,15,28,53
22543,62,15,28,53
22544,62,15,28,54
22545,62,15,28,54
22546,62,15,28,54
22547,62,15,28,54
22548,62,15,28,54
22549,62,15,28,54
22550,62,15,28,54
22551,62,15,28,54
22552,62,15,28,54
22553,62,15,28,54
22554,62,15,28,55
22555,62,15,28,55
22556,62,15,28,55
22557,62,15,28,55
22558,62,15,28,55
22559,62,15,28,55
22560,62,15,28,55
22561,62,15,28,55
22562,62,15,28,55
22563,62,15,28,55
22564,62,15,28,55
22565,62,15,28,55
22566,62,15,28,55
22567,62,15,28,55
22568,62,15,28,56
22569,62,15,28,56
22570,62,15,28,56
22571,62,15,28,56
22572,62,15,28,56
22573,62,15,28,56
22574,62,15,28,56
22575,62,15,28,56
22576,62,15,28,56
22577,62,15,28,56
22578,62,15,28,56
22579,62,15,28,56
22580,62,15,28,56
22581,62,15,28,56
22582,62,15,28,56
22583,62,15,28,56
22584,62,15,28,56
22585,62,15,28,56
22586,62,15,28,56
22587,62,15,28,56
22588,62,15,28,56
22589,62,15,28,56
22590,62,15,28,56
22591,62,15,28,56
22592,62,15,28,56
22593,62,15,28,56
22594,62,15,28,56
22595,62,15,28,56
22596,62,15,28,56
22597,62,15,28,56
22598,62,15,28,56
22599,62,15,28,56
22600,62,15,28,56
22601,62,15,28,56
22602,62,15,28,56
22603,62,15,28,56
22604,62,15,28,56
22605,62,15,28,56
22606,62,15,28,56
22607,62,15,28,56
22608,62,15,28,56
22609,62,15,28,56
22610,62,15,28,56
22611,62,15,28,56
22612,62,15,28,56
22613,62,15,28,56
22614,62,15,28,56
22615,62,15,28,56
22616,62,15,28,56
22617,62,15,28,56
22618,62,15,28,56
22619,62,15,28,56
22620,62,15,28,56
22621,62,15,28,56
22622,62,15,28,56
22623,62,15,28,56
22624,62,15,28,56
22625,62,15,28,56
22626,62,15,28,56
22627,62,15,28,56
22628,62,15,28,56
22629,62,15,28,56
22630,62,15,28,56
22631,62,15,28,56
22632,62,15,28,56
22633,62,15,28,56
22634,62,15,28,56
22635,62,15,28,56
22636,62,15,28,56
22637,62,15,28,56
22638,62,15,28,56
22639,62,15,28,56
22640,62,15,28,56
22641,62,15,28,56
22642,62,15,28,56
22643,62,15,28,56
22644,62,15,28,56
22645,62,15,28,56
22646,62,15,28,56
22647,62,15,28,56
22648,62,15,28,56
22649,62,15,28,56
22650,62,15,28,56
22651,62,15,28,56
22652,62,15,28,56
22653,62,15,28,57
22654,62,15,28,57
22655,62,15,28,57
22656,62,15,28,57
22657,62,15,28,57
22658,62,15,28,57
22659,62,15,28,57
22660,62,15,28,57
22661,62,15,28,57
22662,62,15,28,57
22663,62,15,28,57
22664,62,15,28,57
22665,62,15,28,57
22666,62,15,28,57
22667,62,15,28,57
22668,62,15,28,57
22669,62,15,28,57
22670,62,15,28,57
22671,62,15,28,57
22672,62,15,28,57
22673,62,15,28,57
22674,62,15,28,57
22675,62,15,28,57
22676,62,15,28,57
22677,62,15,28,57
22678,62,15,28,57
22679,62,15,28,57
22680,62,15,28,57
22681,62,15,28,57
22682,62,15,28,57
22683,62,15,28,57
22684,62,15,28,57
22685,62,15,28,57
22686,62,15,28,57
22687,62,15,28,57
22688,62,15,28,57
22689,62,15,28,57
22690,62,15,28,57
22691,62,15,28,57
22692,62,15,28,57
22693,62,15,28,57
22694,62,15,28,57
22695,62,15,28,57
22696,62,15,28,57
22697,62,15,28,57
22698,62,15,28,57
22699,62,15,28,57
22700,62,15,28,57
22701,62,15,28,57
22702,62,15,28,57
22703,62,15,28,57
22704,62,15,28,57
22705,62,15,28,57
22706,62,15,28,57
22707,62,15,28,57
22708,62,15,28,57
22709,62,15,28,57
22710,62,15,28,57
22711,62,15,28,57
22712,62,15,28,57
22713,62,15,28,57
22714,62,15,28,57
22715,62,15,28,57
22716,62,15,28,57
22717,62,15,28,57
22718,62,15,28,58
22719,62,15,28,58
22720,62,15,28,58
22721,62,15,28,58
22722,62,15,28,58
22723,62,15,28,58
22724,62,15,28,58
22725,62,15,28,58
22726,62,15,28,58
22727,62,15,28,58
22728,62,15,28,58
22729,62,15,28,58
22730,62,15,28,58
22731,62,15,28,58
22732,62,15,28,58
22733,62,15,28,58
22734,62,15,28,58
22735,62,15,28,58
22736,62,15,28,58
22737,62,15,28,58
22738,62,15,28,59
22739,62,15,28,59
22740,62,15,28,59
22741,62,15,28,59
22742,62,15,28,59
22743,62,15,28,59
22744,62,15,28,59
22745,62,15,28,59
22746,62,15,28,59
22747,62,15,28,59
22748,62,15,28,59
22749,62,15,28,59
22750,62,15,28,59
22751,62,15,28,59
22752,62,15,28,59
22753,62,15,28,59
22754,62,15,28,59
22755,62,15,28,59
22756,62,15,28,59
22757,62,15,28,59
22758,62,15,28,59
22759,62,15,28,59
22760,62,15,28,59
22761,62,15,28,59
22762,62,15,28,59
22763,62,15,28,59
22764,62,15,28,59
22765,62,15,28,59
22766,62,15,28,59
22767,62,15,28,59
22768,62,15,28,59
22769,62,15,28,59
22770,62,15,28,59
22771,62,15,28,59
22772,62,15,28,59
22773,62,15,28,59
22774,62,15,28,59
22775,62,15,28,59
22776,62,15,28,59
22777,62,15,28,59
22778,62,15,28,59
22779,62,15,28,59
22780,62,15,28,59
22781,62,15,28,59
22782,62,15,28,59
22783,62,15,28,59
22784,62,15,28,59
22785,62,15,28,59
22786,62,15,28,59
22787,62,15,28,59
22788,62,15,28,59
22789,62,15,28,59
22790,62,15,28,59
22791,62,15,28,59
22792,62,15,28,59
22793,62,15,28,59
22794,62,15,28,59
22795,62,15,28,59
22796,62,15,28,59
22797,62,15,28,59
22798,62,15,28,59
22799,62,15,28,59
22800,62,15,28,59
22801,62,15,28,59
22802,62,15,28,59
22803,62,15,28,59
22804,62,15,28,59
22805,62,15,28,59
22806,62,15,28,59
22807,62,15,28,59
22808,62,15,28,59
22809,62,15,28,59
22810,62,15,28,59
22811,62,15,28,59
22812,62,15,28,59
22813,62,15,28,59
22814,62,15,28,59
22815,62,15,28,59
22816,62,15,28,59
22817,62,15,28,59
22818,62,15,28,59
22819,62,15,28,59
22820,62,15,28,59
22821,62,15,28,59
22822,62,15,28,59
22823,62,15,28,59
22824,62,15,28,59
22825,62,15,28,59
22826,62,15,28,59
22827,62,15,28,59
22828,62,15,28,59
22829,62,15,28,59
22830,62,15,28,59
22831,62,15,28,59
22832,62,15,28,59
22833,62,15,28,59
22834,62,15,28,59
22835,62,15,28,59
22836,62,15,28,59
22837,62,15,28,59
22838,62,15,28,59
22839,62,15,28,59
22840,62,15,28,59
22841,62,15,28,59
22842,62,15,28,59
22843,62,15,28,59
22844,62,15,28,59
22845,62,15,28,59
22846,62,15,28,59
22847,62,15,28,59
22848,62,15,28,59
22849,62,15,28,59
22850,62,15,28,59
22851,62,15,28,59
22852,62,15,28,59
22853,62,15,28,59
22854,62,15,28,59
22855,62,15,28,59
22856,62,15,28,59
22857,62,15,28,59
22858,62,15,28,59
22859,62,15,28,59
22860,62,15,28,59
22861,62,15,28,59
22862,62,15,28,59
22863,62,15,28,59
22864,62,15,28,59
22865,62,15,28,59
22866,62,15,28,59
22867,62,15,28,59
22868,62,15,28,59
22869,62,15,28,59
22870,62,15,28,59
22871,62,15,28,59
22872,62,15,28,59
22873,62,15,28,59
22874,62,15,28,59
22875,62,15,28,59
22876,62,15,28,59
22877,62,15,28,59
22878,62,15,28,59
22879,62,15,28,59
22880,62,15,28,59
22881,62,15,28,59
22882,62,15,28,59
22883,62,15,28,59
22884,62,15,28,59
22885,62,15,28,59
22886,62,15,28,59
22887,62,15,28,59
22888,62,15,28,59
22889,62,15,28,59
22890,62,15,28,59
22891,62,15,28,59
22892,62,15,28,59
22893,62,15,28,59
22894,62,15,28,59
22895,62,15,28,59
22896,62,15,28,59
22897,62,15,28,59
22898,62,15,28,59
22899,62,15,28,59
22900,62,15,28,59
22901,62,15,28,59
22902,62,15,28,59
22903,62,15,28,59
22904,62,15,28,59
22905,62,15,28,59
22906,62,15,28,59
22907,62,15,28,59
22908,62,15,28,59
22909,62,15,28,59
22910,62,15,28,59
22911,62,15,28,59
22912,62,15,28,59
22913,62,15,28,59
22914,62,15,28,59
22915,62,15,28,59
22916,62,15,28,59
22917,62,15,28,59
22918,62,15,28,59
22919,62,15,28,59
22920,62,15,28,59
22921,62,15,28,59
22922,62,15,28,59
22923,62,15,28,59
22924,62,15,28,59
22925,62,15,28,59
22926,62,15,28,59
22927,62,15,28,59
22928,62,15,28,59
22929,62,15,28,59
22930,62,15,28,59
22931,62,15,28,59
22932,62,15,28,59
22933,62,15,28,59
22934,62,15,28,59
22935,62,15,28,59
22936,62,15,28,59
22937,62,15,28,59
22938,62,15,28,59
22939,62,15,28,59
22940,62,15,28,59
22941,62,15,28,59
22942,62,15,28,59
22943,62,15,28,59
22944,62,15,28,59
22945,62,15,28,59
22946,62,15,28,59
22947,62,15,28,59
22948,62,15,28,59
22949,62,15,28,59
22950,62,15,28,59
22951,62,15,28,59
22952,62,15,28,59
22953,62,15,28,60
22954,62,15,28,60
22955,62,15,28,60
22956,62,15,28,60
22957,62,15,28,60
22958,62,15,28,60
22959,62,15,28,60
22960,62,15,28,60
22961,62,15,28,60
22962,62,15,28,60
22963,62,15,28,60
22964,62,15,28,60
22965,62,15,28,60
22966,62,15,28,60
22967,62,15,28,60
22968,62,15,28,60
22969,62,15,28,60
22970,62,15,28,60
22971,62,15,28,60
22972,62,15,28,60
22973,62,15,28,60
22974,62,15,28,60
22975,62,15,28,60
22976,62,15,28,60
22977,62,15,28,60
22978,62,15,28,60
22979,62,15,28,60
22980,62,15,28,60
22981,62,15,28,60
22982,62,15,28,60
22983,62,15,28,60
22984,62,15,28,60
22985,62,15,28,60
22986,62,15,28,60
22987,62,15,28,60
22988,62,15,28,60
22989,62,15,28,60
22990,62,15,28,60
22991,62,15,28,60
22992,62,15,28,60
22993,62,15,28,60
22994,62,15,28,60
22995,62,15,28,60
22996,62,15,28,60
22997,62,15,28,60
22998,62,15,28,60
22999,62,15,28,60
23000,62,15,28,60
23001,62,15,28,60
23002,62,15,28,60
23003,62,15,28,60
23004,62,15,28,60
23005,62,15,28,60
23006,62,15,28,60
23007,62,15,28,60
23008,62,15,28,60
23009,62,15,28,60
23010,62,15,28,60
23011,62,15,28,60
23012,62,15,28,60
23013,62,15,28,60
23014,62,15,28,60
23015,62,15,28,60
23016,62,15,28,60
23017,62,15,28,60
23018,62,15,28,60
23019,62,15,28,60
23020,62,15,28,60
23021,62,15,28,60
23022,62,15,28,60
23023,62,15,28,60
23024,62,15,28,60
23025,62,15,28,60
23026,62,15,28,60
23027,62,15,28,60
23028,62,15,28,60
23029,62,15,28,60
23030,62,15,28,60
23031,62,15,28,60
23032,62,15,28,60
23033,62,15,28,60
23034,62,15,28,60
23035,62,15,28,60
23036,62,15,28,60
23037,62,15,28,60
23038,62,15,28,60
23039,62,15,28,60
23040,62,15,28,60
23041,62,15,28,60
23042,62,15,28,60
23043,62,15,28,60
23044,62,15,28,60
23045,62,15,28,60
23046,62,15,28,60
23047,62,15,28,60
23048,62,15,28,60
23049,62,15,28,60
23050,62,15,28,60
23051,62,15,28,60
23052,62,15,28,60
23053,62,15,28,60
23054,62,15,28,60
23055,62,15,28,60
23056,62,15,28,60
23057,62,15,28,60
23058,62,15,28,60
23059,62,15,28,60
23060,62,15,28,60
23061,62,15,28,60
23062,62,15,28,60
23063,62,15,28,60
23064,62,15,28,60
23065,62,15,28,60
23066,62,15,28,60
23067,62,15,28,60
23068,62,15,28,60
23069,62,15,28,60
23070,62,15,28,60
23071,62,15,28,60
23072,62,15,28,60
23073,62,15,28,60
23074,62,15,28,60
23075,62,15,28,60
23076,62,15,28,60
23077,62,15,28,60
23078,62,15,28,60
23079,62,15,28,60
23080,62,15,28,60
23081,62,15,28,60
23082,62,15,28,60
23083,62,15,28,60
23084,62,15,28,60
23085,62,15,28,60
23086,62,15,28,60
23087,62,15,28,60
23088,62,15,28,60
23089,62,15,28,60
23090,62,15,28,60
23091,62,15,28,60
23092,62,15,28,60
23093,62,15,28,60
23094,62,15,28,60
23095,62,15,28,60
23096,62,15,28,60
23097,62,15,28,60
23098,62,15,28,60
23099,62,15,28,60
23100,62,15,28,60
23101,62,15,28,60
23102,62,15,28,60
23103,62,15,28,60
23104,62,15,28,60
23105,62,15,28,60
23106,62,15,28,60
23107,62,15,28,60
23108,62,15,28,60
23109,62,15,28,60
23110,62,15,28,60
23111,62,15,28,60
23112,62,15,28,60
23113,62,15,28,60
23114,62,15,28,60
23115,62,15,28,60
23116,62,15,28,60
23117,62,15,28,60
23118,62,15,28,60
23119,62,15,28,60
23120,62,15,28,60
23121,62,15,28,60
23122,62,15,28,60
23123,62,15,28,60
23124,62,15,28,60
23125,62,15,28,60
23126,62,15,28,60
23127,62,15,28,60
23128,62,15,28,60
23129,62,15,28,60
23130,62,15,28,60
23131,62,15,28,60
23132,62,15,28,60
23133,62,15,28,60
23134,62,15,28,60
23135,62,15,28,60
23136,62,15,28,60
23137,62,15,28,60
23138,62,15,28,60
23139,62,15,28,60
23140,62,15,28,60
23141,62,15,28,60
23142,62,15,28,61
23143,62,15,28,61
23144,62,15,28,61
23145,62,15,28,61
23146,62,15,28,61
23147,62,15,28,61
23148,62,15,28,61
23149,62,15,28,61
23150,62,15,28,61
23151,62,15,28,61
23152,62,15,28,61
23153,62,15,28,61
23154,62,15,28,61
23155,62,15,28,61
23156,62,15,28,61
23157,62,15,28,61
23158,62,15,28,61
23159,62,15,28,61
23160,62,15,28,61
23161,62,15,28,61
23162,62,15,28,61
23163,62,15,28,61
23164,62,15,28,61
23165,62,15,28,61
23166,62,15,28,61
23167,62,15,28,61
23168,62,15,28,61
23169,62,15,28,61
23170,62,15,28,61
23171,62,15,28,61
23172,62,15,28,61
23173,62,15,28,61
23174,62,15,28,61
23175,62,15,28,61
23176,62,15,28,61
23177,62,15,28,61
23178,62,15,28,61
23179,62,15,28,61
23180,62,15,28,61
23181,62,15,28,61
23182,62,15,28,61
23183,62,15,28,61
23184,62,15,28,61
23185,62,15,28,61
23186,62,15,28,61
23187,62,15,28,61
23188,62,15,28,61
23189,62,15,28,61
23190,62,15,28,61
23191,62,15,28,61
23192,62,15,28,61
23193,62,15,28,61
23194,62,15,28,61
23195,62,15,28,61
23196,62,15,28,61
23197,62,15,28,61
23198,62,15,28,61
23199,62,15,28,61
23200,62,15,28,61
23201,62,15,28,61
23202,62,15,28,61
23203,62,15,28,61
23204,62,15,28,61
23205,62,15,28,61
23206,62,15,28,61
23207,62,15,28,61
23208,62,15,28,61
23209,62,15,28,61
23210,62,15,28,61
23211,62,15,28,61
23212,62,15,28,61
23213,62,15,28,61
23214,62,15,28,61
23215,62,15,28,61
23216,62,15,28,61
23217,62,15,28,61
23218,62,15,28,61
23219,62,15,28,61
23220,62,15,28,61
23221,62,15,28,61
23222,62,15,28,61
23223,62,15,28,61
23224,62,15,28,61
23225,62,15,28,61
23226,62,15,28,61
23227,62,15,28,61
23228,62,15,28,61
23229,62,15,28,61
23230,62,15,28,61
23231,62,15,28,61
23232,62,15,28,61
23233,62,15,28,61
23234,62,15,28,61
23235,62,15,28,61
23236,62,15,28,61
23237,62,15,28,61
23238,62,15,28,61
23239,62,15,28,61
23240,62,15,28,61
23241,62,15,28,61
23242,62,15,28,61
23243,62,15,28,61
23244,62,15,28,61
23245,62,15,28,61
23246,62,15,28,61
23247,62,15,28,61
23248,62,15,28,61
23249,62,15,28,61
23250,62,15,28,61
23251,62,15,28,61
23252,62,15,28,61
23253,62,15,28,61
23254,62,15,28,61
23255,62,15,28,61
23256,62,15,28,61
23257,62,15,28,61
23258,62,15,28,61
23259,62,15,28,61
23260,62,15,28,61
23261,62,15,28,61
23262,62,15,28,61
23263,62,15,28,61
23264,62,15,28,61
23265,62,15,28,61
23266,62,15,28,61
23267,62,15,28,61
23268,62,15,28,61
23269,62,15,28,61
23270,62,15,28,61
23271,62,15,28,61
23272,62,15,28,61
23273,62,15,28,61
23274,62,15,28,61
23275,62,15,28,61
23276,62,15,28,61
23277,62,15,28,61
23278,62,15,28,61
23279,62,15,28,61
23280,62,15,28,61
23281,62,15,28,61
23282,62,15,28,61
23283,62,15,28,61
23284,62,15,28,61
23285,62,15,28,61
23286,62,15,28,61
23287,62,15,28,61
23288,62,15,28,61
23289,62,15,28,61
23290,62,15,28,61
23291,62,15,28,61
23292,62,15,28,61
23293,62,15,28,61
23294,62,15,28,61
23295,62,15,28,61
23296,62,15,28,61
23297,62,15,28,61
23298,62,15,28,61
23299,62,15,28,61
23300,62,15,28,61
23301,62,15,28,61
23302,62,15,28,61
23303,62,15,28,61
23304,62,15,28,61
23305,62,15,28,61
23306,62,15,28,61
23307,62,15,28,61
23308,62,15,28,61
23309,62,15,28,61
23310,62,15,28,61
23311,62,15,28,61
23312,62,15,28,61
23313,62,15,28,61
23314,62,15,28,61
23315,62,15,28,62
23316,62,15,28,62
23317,62,15,28,62
23318,62,15,28,62
23319,62,15,28,62
23320,62,15,28,62
23321,62,15,28,62
23322,62,15,28,62
23323,62,15,28,62
23324,62,15,28,62
23325,62,15,28,62
23326,62,15,28,62
23327,62,15,28,62
23328,62,15,28,62
23329,62,15,28,62
23330,62,15,28,62
23331,62,15,28,62
23332,62,15,28,62
23333,62,15,28,62
23334,62,15,28,62
23335,62,15,28,62
23336,62,15,28,62
23337,62,15,28,62
23338,62,15,28,62
23339,62,15,28,62
23340,62,15,28,62
23341,62,15,28,62
23342,62,15,28,62
23343,62,15,28,62
23344,62,15,28,62
23345,62,15,28,62
23346,62,15,28,62
23347,62,15,28,62
23348,62,15,28,62
23349,62,15,28,62
23350,62,15,28,62
23351,62,15,28,62
23352,62,15,28,62
23353,62,15,28,62
23354,62,15,28,62
23355,62,15,28,62
23356,62,15,28,62
23357,62,15,28,62
23358,62,15,28,62
23359,62,15,28,62
23360,62,15,28,62
23361,62,15,28,62
23362,62,15,28,62
23363,62,15,28,62
23364,62,15,28,62
23365,62,15,28,62
23366,62,15,28,62
23367,62,15,28,62
23368,62,15,28,62
23369,62,15,28,62
23370,62,15,28,62
23371,62,15,28,62
23372,62,15,28,62
23373,62,15,28,62
23374,62,15,28,62
23375,62,15,28,62
23376,62,15,28,62
23377,62,15,28,62
23378,62,15,28,62
23379,62,15,28,62
23380,62,15,28,62
23381,62,15,28,62
23382,62,15,28,62
23383,62,15,28,62
23384,62,15,28,62
23385,62,15,28,62
23386,62,15,28,62
23387,62,15,28,62
23388,62,15,28,62
23389,62,15,28,62
23390,62,15,28,62
23391,62,15,28,62
23392,62,15,28,62
23393,62,15,28,62
23394,62,15,28,62
23395,62,15,28,62
23396,62,15,28,62
23397,62,15,28,62
23398,62,15,28,62
23399,62,15,28,62
23400,62,15,28,62
23401,62,15,28,62
23402,62,15,28,62
23403,62,15,28,62
23404,62,15,28,62
23405,62,15,28,62
23406,62,15,28,62
23407,62,15,28,62
23408,62,15,28,62
23409,62,15,28,62
23410,62,15,28,62
23411,62,15,28,62
23412,62,15,28,62
23413,62,15,28,62
23414,62,15,28,62
23415,62,15,28,62
23416,62,15,28,62
23417,62,15,28,62
23418,62,15,28,62
23419,62,15,28,62
23420,62,15,28,62
23421,62,15,28,62
23422,62,15,28,62
23423,62,15,28,62
23424,62,15,28,62
23425,62,15,28,62
23426,62,15,28,62
23427,62,15,28,62
23428,62,15,28,62
23429,62,15,28,62
23430,62,15,28,62
23431,62,15,28,62
23432,62,15,28,62
23433,62,15,28,62
23434,62,15,28,62
23435,62,15,28,62
23436,62,15,28,62
23437,62,15,28,62
23438,62,15,28,62
23439,62,15,28,62
23440,62,15,28,62
23441,62,15,28,62
23442,62,15,28,62
23443,62,15,28,62
23444,62,15,28,62
23445,62,15,28,62
23446,62,15,28,62
23447,62,15,28,62
23448,62,15,28,62
23449,62,15,28,62
23450,62,15,28,62
23451,62,15,28,62
23452,62,15,28,62
23453,62,15,28,62
23454,62,15,28,62
23455,62,15,28,62
23456,62,15,28,62
23457,62,15,28,62
23458,62,15,28,62
23459,62,15,28,62
23460,62,15,28,62
23461,62,15,28,62
23462,62,15,28,62
23463,62,15,28,62
23464,62,15,28,62
23465,62,15,28,62
23466,62,15,28,62
23467,62,15,28,62
23468,62,15,28,62
23469,62,15,28,62
23470,62,15,28,62
23471,62,15,28,62
23472,62,15,28,62
23473,62,15,28,62
23474,62,15,28,62
23475,62,15,28,62
23476,62,15,28,62
23477,62,15,28,62
23478,62,15,28,62
23479,62,15,28,62
23480,62,15,28,62
23481,62,15,28,62
23482,62,15,28,62
23483,62,15,28,62
23484,62,15,28,62
23485,62,15,28,62
23486,62,15,28,62
23487,62,15,28,62
23488,62,15,28,62
23489,62,15,28,62
23490,62,15,28,62
23491,62,15,28,62
23492,62,15,28,62
23493,62,15,28,62
23494,62,15,28,62
23495,62,15,28,62
23496,62,15,28,62
23497,62,15,28,62
23498,62,15,28,62
23499,62,15,28,62
23500,62,15,28,62
23501,62,15,28,62
23502,62,15,28,62
23503,62,15,28,62
23504,62,15,28,62
23505,62,15,28,62
23506,62,15,28,62
23507,62,15,28,62
23508,62,15,28,62
23509,62,15,28,62
23510,62,15,28,62
23511,62,15,28,62
23512,62,15,28,62
23513,62,15,28,62
23514,62,15,28,62
23515,62,15,28,62
23516,62,15,28,62
23517,62,15,28,62
23518,62,15,28,62
23519,62,15,28,62
23520,62,15,28,62
23521,62,15,28,62
23522,62,15,28,62
23523,62,15,28,62
23524,62,15,28,62
23525,62,15,28,62
23526,62,15,28,62
23527,62,15,28,62
23528,62,15,28,62
23529,62,15,28,62
23530,62,15,28,62
23531,62,15,28,62
23532,62,15,28,62
23533,62,15,28,62
23534,62,15,28,62
23535,62,15,28,62
23536,62,15,28,62
23537,62,15,28,62
23538,62,15,28,62
23539,62,15,28,62
23540,62,15,28,62
23541,62,15,28,62
23542,62,15,28,62
23543,62,15,28,62
23544,62,15,28,62
23545,62,15,28,62
23546,62,15,28,62
23547,62,15,28,62
23548,62,15,28,62
23549,62,15,28,62
23550,62,15,28,62
23551,62,15,28,62
23552,62,15,28,62
23553,62,15,28,62
23554,62,15,28,62
23555,62,15,28,62
23556,62,15,28,62
23557,62,15,28,62
23558,62,15,28,62
23559,62,15,28,62
23560,62,15,28,62
23561,62,15,28,62
23562,62,15,28,62
23563,62,15,28,62
23564,62,15,28,62
23565,62,15,28,62
23566,62,15,28,62
23567,62,15,28,62
23568,62,15,28,62
23569,62,15,28,62
23570,62,15,28,62
23571,62,15,28,62
23572,62,15,28,62
23573,62,15,28,62
23574,62,15,28,62
23575,62,15,28,62
23576,62,15,28,62
23577,62,15,28,62
23578,62,15,28,62
23579,62,15,28,62
23580,62,15,28,62
23581,62,15,28,62
23582,62,15,28,62
23583,62,15,28,62
23584,62,15,28,62
23585,62,15,28,62
23586,62,15,28,62
23587,62,15,28,62
23588,62,15,28,62
23589,62,15,28,62
23590,62,15,28,62
23591,62,15,28,62
23592,62,15,28,62
23593,62,15,28,62
23594,62,15,28,62
23595,62,15,28,62
23596,62,15,28,62
23597,62,15,28,62
23598,62,15,28,62
23599,62,15,28,62
23600,62,15,28,62
23601,62,15,28,62
23602,62,15,28,62
23603,62,15,28,62
23604,62,15,28,62
23605,62,15,28,62
23606,62,15,28,62
23607,62,15,28,62
23608,62,15,28,62
23609,62,15,28,62
23610,62,15,28,62
23611,62,15,28,62
23612,62,15,28,62
23613,62,15,28,62
23614,62,15,28,62
23615,62,15,28,62
23616,62,15,28,62
23617,62,15,28,62
23618,62,15,28,62
23619,62,15,28,62
23620,62,15,28,62
23621,62,15,28,62
23622,62,15,28,62
23623,62,15,28,62
23624,62,15,28,62
23625,62,15,28,62
23626,62,15,28,62
23627,62,15,28,62
23628,62,15,28,62
23629,62,15,28,62
23630,62,15,28,62
23631,62,15,28,62
23632,62,15,28,62
23633,62,15,28,62
23634,62,15,28,62
23635,62,15,28,62
23636,62,15,28,62
23637,62,15,28,62
23638,62,15,28,62
23639,62,15,28,62
23640,62,15,28,62
23641,62,15,28,62
23642,62,15,28,62
23643,62,15,28,62
23644,62,15,28,62
23645,62,15,28,62
23646,62,15,28,62
23647,62,15,28,62
23648,62,15,28,62
23649,62,15,28,62
23650,62,15,28,62
23651,62,15,28,62
23652,62,15,28,62
23653,62,15,28,62
23654,62,15,28,62
23655,62,15,28,62
23656,62,15,28,62
23657,62,15,28,62
23658,62,15,28,63
23659,62,15,28,63
23660,62,15,28,63
23661,62,15,28,63
23662,62,15,28,63
23663,62,15,28,63
23664,62,15,28,63
23665,62,15,28,63
23666,62,15,28,63
23667,62,15,28,63
23668,62,15,28,63
23669,62,15,28,63
23670,62,15,28,63
23671,62,15,28,63
23672,62,15,28,63
23673,62,15,28,63
23674,62,15,28,63
23675,62,15,28,63
23676,62,15,28,63
23677,62,15,28,63
23678,62,15,28,63
23679,62,15,28,63
23680,62,15,28,63
23681,62,15,28,63
23682,62,15,28,63
23683,62,15,28,63
23684,62,15,28,63
23685,62,15,28,63
23686,62,15,28,63
23687,62,15,28,63
23688,62,15,28,63
23689,62,15,28,63
23690,62,15,28,63
23691,62,15,28,63
23692,62,15,28,63
23693,62,15,28,63
23694,62,15,28,63
23695,62,15,28,63
23696,62,15,28,63
23697,62,15,28,63
23698,62,15,28,63
23699,62,15,28,63
23700,62,15,28,63
23701,62,15,28,63
23702,62,15,28,63
23703,62,15,28,63
23704,62,15,28,63
23705,62,15,28,63
23706,62,15,28,63
23707,62,15,28,63
23708,62,15,28,63
23709,62,15,28,63
23710,62,15,28,63
23711,62,15,28,63
23712,62,15,28,63
23713,62,15,28,63
23714,62,15,28,63
23715,62,15,28,63
23716,62,15,28,63
23717,62,15,28,63
23718,62,15,28,63
23719,62,15,28,63
23720,62,15,28,63
23721,62,15,28,63
23722,62,15,28,63
23723,62,15,28,63
23724,62,15,28,63
23725,62,15,28,63
23726,62,15,28,63
23727,62,15,28,63
23728,62,15,28,63
23729,62,15,28,63
23730,62,15,28,63
23731,62,15,28,63
23732,62,15,28,63
23733,62,15,28,63
23734,62,15,28,63
23735,62,15,28,63
23736,62,15,28,63
23737,62,15,28,63
23738,62,15,28,63
23739,62,15,28,63
23740,62,15,28,63
23741,62,15,28,63
23742,62,15,28,63
23743,62,15,28,63
23744,62,15,28,63
23745,62,15,28,63
23746,62,15,28,63
23747,62,15,28,63
23748,62,15,28,63
23749,62,15,28,63
23750,62,15,28,63
23751,62,15,28,63
23752,62,15,28,63
23753,62,15,28,63
23754,62,15,28,63
23755,62,15,28,63
23756,62,15,28,63
23757,62,15,28,63
23758,62,15,28,63
23759,62,15,28,63
23760,62,15,28,63
23761,62,15,28,63
23762,62,15,28,63
23763,62,15,28,63
23764,62,15,28,63
23765,62,15,28,63
23766,62,15,28,63
23767,62,15,28,63
23768,62,15,28,63
23769,62,15,28,63
23770,62,15,28,63
23771,62,15,28,63
23772,62,15,28,63
23773,62,15,28,63
23774,62,15,28,63
23775,62,15,28,63
23776,62,15,28,63
23777,62,15,28,63
23778,62,15,28,63
23779,62,15,28,63
23780,62,15,28,63
23781,62,15,28,63
23782,62,15,28,63
23783,62,15,28,63
23784,62,15,28,63
23785,62,15,28,63
23786,62,15,28,63
23787,62,15,28,63
23788,62,15,28,63
23789,62,15,28,63
23790,62,15,28,63
23791,62,15,28,63
23792,62,15,28,63
23793,62,15,28,63
23794,62,15,28,63
23795,62,15,28,63
23796,62,15,28,63
23797,62,15,28,63
23798,62,15,28,63
23799,62,15,28,63
23800,62,15,28,63
23801,62,15,28,63
23802,62,15,28,63
23803,62,15,28,63
23804,62,15,28,63
23805,62,15,28,63
23806,62,15,28,63
23807,62,15,28,63
23808,62,15,28,63
23809,62,15,28,63
23810,62,15,28,63
23811,62,15,28,63
23812,62,15,28,63
23813,62,15,28,63
23814,62,15,28,63
23815,62,15,28,63
23816,62,15,28,63
23817,62,15,28,63
23818,62,15,28,63
23819,62,15,28,63
23820,62,15,28,63
23821,62,15,28,63
23822,62,15,28,63
23823,62,15,28,63
23824,62,15,28,63
23825,62,15,28,63
23826,62,15,28,63
23827,62,15,28,63
23828,62,15,28,63
23829,62,15,28,63
23830,62,15,28,63
23831,62,15,28,63
23832,62,15,28,63
23833,62,15,28,63
23834,62,15,28,63
23835,62,15,28,63
23836,62,15,28,63
23837,62,15,28,63
23838,62,15,28,63
23839,62,15,28,63
23840,62,15,28,63
23841,62,15,28,63
23842,62,15,28,63
23843,62,15,28,63
23844,62,15,28,63
23845,62,15,28,63
23846,62,15,28,63
23847,62,15,28,63
23848,62,15,28,63
23849,62,15,28,63
23850,62,15,28,63
23851,62,15,28,63
23852,62,15,28,63
23853,62,15,28,63
23854,62,15,28,63
23855,62,15,28,63
23856,62,15,28,63
23857,62,15,28,63
23858,62,15,28,63
23859,62,15,28,63
23860,62,15,28,63
23861,62,15,28,63
23862,62,15,28,63
23863,62,15,28,63
23864,62,15,28,63
23865,62,15,28,63
23866,62,15,28,63
23867,62,15,28,63
23868,62,15,28,63
23869,62,15,28,63
23870,62,15,28,63
23871,62,15,28,63
23872,62,15,28,63
23873,62,15,28,63
23874,62,15,28,63
23875,62,15,28,63
23876,62,15,28,63
23877,62,15,28,63
23878,62,15,28,63
23879,62,15,28,63
23880,62,15,28,63
23881,62,15,28,63
23882,62,15,28,63
23883,62,15,28,63
23884,62,15,28,63
23885,62,15,28,63
23886,62,15,28,63
23887,62,15,28,63
23888,62,15,28,63
23889,62,15,28,63
23890,62,15,28,63
23891,62,15,28,63
23892,62,15,28,63
23893,62,15,28,63
23894,62,15,28,63
23895,62,15,28,63
23896,62,15,28,63
23897,62,15,28,63
23898,62,15,28,63
23899,62,15,28,63
23900,62,15,28,63
23901,62,15,28,63
23902,62,15,28,63
23903,62,15,28,63
23904,62,15,28,63
23905,62,15,28,63
23906,62,15,28,63
23907,62,15,28,63
23908,62,15,28,63
23909,62,15,28,63
23910,62,15,28,63
23911,62,15,28,63
23912,62,15,28,63
23913,62,15,28,64
23914,62,15,28,64
23915,62,15,28,65
23916,62,15,28,65
23917,62,15,28,65
23918,62,15,28,65
23919,62,15,28,65
23920,62,15,28,65
23921,62,15,28,65
23922,62,15,28,65
23923,62,15,28,65
23924,62,15,28,65
23925,62,15,28,65
23926,62,15,28,65
23927,62,15,28,65
23928,62,15,28,65
23929,62,15,28,65
23930,62,15,28,65
23931,62,15,28,65
23932,62,15,28,65
23933,62,15,28,65
23934,62,15,28,65
23935,62,15,28,65
23936,62,15,28,65
23937,62,15,28,65
23938,62,15,28,65
23939,62,15,28,65
23940,62,15,28,65
23941,62,15,28,65
23942,62,15,28,65
23943,62,15,28,65
23944,62,15,28,65
23945,62,15,28,65
23946,62,15,28,65
23947,62,15,28,65
23948,62,15,28,65
23949,62,15,28,65
23950,62,15,28,65
23951,62,15,28,65
23952,62,15,28,65
23953,62,15,28,65
23954,62,15,28,65
23955,62,15,28,65
23956,62,15,28,65
23957,62,15,28,65
23958,62,15,28,65
23959,62,15,28,65
23960,62,15,28,65
23961,62,15,28,65
23962,62,15,28,65
23963,62,15,28,65
23964,62,15,28,65
23965,62,15,28,65
23966,62,15,28,65
23967,62,15,28,65
23968,62,15,28,65
23969,62,15,28,65
23970,62,15,28,65
23971,62,15,28,65
23972,62,15,28,65
23973,62,15,28,65
23974,62,15,28,65
23975,62,15,28,65
23976,62,15,28,65
23977,62,15,28,65
23978,62,15,28,65
23979,62,15,28,65
23980,62,15,28,66
23981,62,15,28,66
23982,62,15,28,66
23983,62,15,28,66
23984,62,15,28,66
23985,62,15,28,66
23986,62,15,28,66
23987,62,15,28,66
23988,62,15,28,66
23989,62,15,28,66
23990,62,15,28,66
23991,62,15,28,66
23992,62,15,28,66
23993,62,15,28,66
23994,62,15,28,66
23995,62,15,28,66
23996,62,15,28,66
23997,62,15,28,66
23998,62,15,28,66
23999,62,15,28,66
24000,62,15,28,66
24001,62,15,28,66
24002,62,15,28,66
24003,62,15,28,66
24004,62,15,28,66
24005,62,15,28,66
24006,62,15,28,66
24007,62,15,28,66
24008,62,15,28,66
24009,62,15,28,66
24010,62,15,28,66
24011,62,15,28,66
24012,62,15,28,66
24013,62,15,28,66
24014,62,15,28,66
24015,62,15,28,66
24016,62,15,28,66
24017,62,15,28,66
24018,62,15,28,66
24019,62,15,28,66
24020,62,15,28,66
24021,62,15,28,66
24022,62,15,28,66
24023,62,15,28,66
24024,62,15,28,66
24025,62,15,28,66
24026,62,15,28,66
24027,62,15,28,66
24028,62,15,28,66
24029,62,15,28,66
24030,62,15,28,66
24031,62,15,28,66
24032,62,15,28,66
24033,62,15,28,66
24034,62,15,28,66
24035,62,15,28,66
24036,62,15,28,66
24037,62,15,28,66
24038,62,15,28,66
24039,62,15,28,66
24040,62,15,28,66
24041,62,15,28,66
24042,62,15,28,66
24043,62,15,28,66
24044,62,15,28,66
24045,62,15,28,66
24046,62,15,28,66
24047,62,15,28,66
24048,62,15,28,66
24049,62,15,28,66
24050,62,15,28,66
24051,62,15,28,66
24052,62,15,28,66
24053,62,15,28,66
24054,62,15,28,66
24055,62,15,28,66
24056,62,15,28,66
24057,62,15,28,66
24058,62,15,28,66
24059,62,15,28,66
24060,62,15,28,66
24061,62,15,28,66
24062,62,15,28,66
24063,62,15,28,66
24064,62,15,28,66
24065,62,15,28,66
24066,62,15,28,66
24067,62,15,28,66
24068,62,15,28,66
24069,62,15,28,66
24070,62,15,28,66
24071,62,15,28,66
24072,62,15,28,66
24073,62,15,28,66
24074,62,15,28,66
24075,62,15,28,66
24076,62,15,28,66
24077,62,15,28,66
24078,62,15,28,66
24079,62,15,28,66
24080,62,15,28,66
24081,62,15,28,66
24082,62,15,28,66
24083,62,15,28,66
24084,62,15,28,66
24085,62,15,28,66
24086,62,15,28,66
24087,62,15,28,66
24088,62,15,28,66
24089,62,15,28,66
24090,62,15,28,66
24091,62,15,28,66
24092,62,15,28,66
24093,62,15,28,66
24094,62,15,28,66
24095,62,15,28,66
24096,62,15,28,66
24097,62,15,28,66
24098,62,15,28,66
24099,62,15,28,66
24100,62,15,28,66
24101,62,15,28,66
24102,62,15,28,66
24103,62,15,28,66
24104,62,15,28,66
24105,62,15,28,66
24106,62,15,28,66
24107,62,15,28,66
24108,62,15,28,66
24109,62,15,28,66
24110,62,15,28,66
24111,62,15,28,66
24112,62,15,28,66
24113,62,15,28,66
24114,62,15,28,66
24115,62,15,28,66
24116,62,15,28,66
24117,62,15,28,66
24118,62,15,28,66
24119,62,15,28,66
24120,62,15,28,66
24121,62,15,28,66
24122,62,15,28,66
24123,62,15,28,66
24124,62,15,28,66
24125,62,15,28,66
24126,62,15,28,66
24127,62,15,28,66
24128,62,15,28,66
24129,62,15,28,66
24130,62,15,28,66
24131,62,15,28,66
24132,62,15,28,66
24133,62,15,28,66
24134,62,15,28,66
24135,62,15,28,66
24136,62,15,28,66
24137,62,15,28,66
24138,62,15,28,66
24139,62,15,28,66
24140,62,15,28,66
24141,62,15,28,66
24142,62,15,28,66
24143,62,15,28,66
24144,62,15,28,66
24145,62,15,28,66
24146,62,15,28,66
24147,62,15,28,66
24148,62,15,28,66
24149,62,15,28,66
24150,62,15,28,66
24151,62,15,28,66
24152,62,15,28,66
24153,62,15,28,66
24154,62,15,28,66
24155,62,15,28,66
24156,62,15,28,66
24157,62,15,28,66
24158,62,15,28,66
24159,62,15,28,66
24160,62,15,28,66
24161,62,15,28,66
24162,62,15,28,66
24163,62,15,28,66
24164,62,15,28,66
24165,62,15,28,66
24166,62,15,28,66
24167,62,15,28,66
24168,62,15,28,66
24169,62,15,28,66
24170,62,15,28,66
24171,62,15,28,66
24172,62,15,28,66
24173,62,15,28,66
24174,62,15,28,66
24175,62,15,28,66
24176,62,15,28,66
24177,62,15,28,66
24178,62,15,28,66
24179,62,15,28,66
24180,62,15,28,66
24181,62,15,28,66
24182,62,15,28,66
24183,62,15,28,66
24184,62,15,28,66
24185,62,15,28,66
24186,62,15,28,66
24187,62,15,28,66
24188,62,15,28,66
24189,62,15,28,66
24190,62,15,28,66
24191,62,15,28,66
24192,62,15,28,66
24193,62,15,28,66
24194,62,15,28,66
24195,62,15,28,66
24196,62,15,28,66
24197,62,15,28,66
24198,62,15,28,66
24199,62,15,28,66
24200,62,15,28,66
24201,62,15,28,66
24202,62,15,28,66
24203,62,15,28,66
24204,62,15,28,66
24205,62,15,28,66
24206,62,15,28,67
24207,62,15,28,67
24208,62,15,28,67
24209,62,15,28,67
24210,62,15,28,67
24211,62,15,28,67
24212,62,15,28,67
24213,62,15,28,67
24214,62,15,28,67
24215,62,15,28,67
24216,62,15,28,67
24217,62,15,28,67
24218,62,15,28,67
24219,62,15,28,67
24220,62,15,28,67
24221,62,15,28,67
24222,62,15,28,67
24223,62,15,28,67
24224,62,15,28,67
24225,62,15,28,67
24226,62,15,28,67
24227,62,15,28,67
24228,62,15,28,67
24229,62,15,28,67
24230,62,15,28,67
24231,62,15,28,67
24232,62,15,28,67
24233,62,15,28,67
24234,62,15,28,67
24235,62,15,28,67
24236,62,15,28,67
24237,62,15,28,67
24238,62,15,28,67
24239,62,15,28,67
24240,62,15,28,67
24241,62,15,28,67
24242,62,15,28,67
24243,62,15,28,67
24244,62,15,28,67
24245,62,15,28,67
24246,62,15,28,67
24247,62,15,28,67
24248,62,15,28,67
24249,62,15,28,67
24250,62,15,28,67
24251,62,15,28,67
24252,62,15,28,67
24253,62,15,28,67
24254,62,15,28,67
24255,62,15,28,67
24256,62,15,28,67
24257,62,15,28,67
24258,62,15,28,67
24259,62,15,28,67
24260,62,15,28,67
24261,62,15,28,67
24262,62,15,28,67
24263,62,15,28,67
24264,62,15,28,67
24265,62,15,28,67
24266,62,15,28,67
24267,62,15,28,67
24268,62,15,28,67
24269,62,15,28,67
24270,62,15,28,67
24271,62,15,28,67
24272,62,15,28,67
24273,62,15,28,67
24274,62,15,28,67
24275,62,15,28,67
24276,62,15,28,67
24277,62,15,28,67
24278,62,15,28,67
24279,62,15,28,67
24280,62,15,28,67
24281,62,15,28,67
24282,62,15,28,67
24283,62,15,28,67
24284,62,15,28,67
24285,62,15,28,67
24286,62,15,28,67
24287,62,15,28,67
24288,62,15,28,67
24289,62,15,28,67
24290,62,15,28,67
24291,62,15,28,67
24292,62,15,28,67
24293,62,15,28,67
24294,62,15,28,67
24295,62,15,28,67
24296,62,15,28,67
24297,62,15,28,67
24298,62,15,28,67
24299,62,15,28,67
24300,62,15,28,67
24301,62,15,28,67
24302,62,15,28,67
24303,62,15,28,67
24304,62,15,28,67
24305,62,15,28,67
24306,62,15,28,67
24307,62,15,28,67
24308,62,15,28,67
24309,62,15,28,67
24310,62,15,28,67
24311,62,15,28,67
24312,62,15,28,67
24313,62,15,28,67
24314,62,15,28,67
24315,62,15,28,67
24316,62,15,28,67
24317,62,15,28,67
24318,62,15,28,67
24319,62,15,28,67
24320,62,15,28,67
24321,62,15,28,67
24322,62,15,28,67
24323,62,15,28,67
24324,62,15,28,67
24325,62,15,28,67
24326,62,15,28,67
24327,62,15,28,67
24328,62,15,28,67
24329,62,15,28,67
24330,62,15,28,67
24331,62,15,28,67
24332,62,15,28,67
24333,62,15,28,67
24334,62,15,28,67
24335,62,15,28,67
24336,62,15,28,67
24337,62,15,28,67
24338,62,15,28,67
24339,62,15,28,67
24340,62,15,28,67
24341,62,15,28,67
24342,62,15,28,67
24343,62,15,28,67
24344,62,15,28,67
24345,62,15,28,67
24346,62,15,28,67
24347,62,15,28,67
24348,62,15,28,67
24349,62,15,28,67
24350,62,15,28,67
24351,62,15,28,67
24352,62,15,28,67
24353,62,15,28,67
24354,62,15,28,67
24355,62,15,28,67
24356,62,15,28,67
24357,62,15,28,67
24358,62,15,28,67
24359,62,15,28,67
24360,62,15,28,67
24361,62,15,28,67
24362,62,15,28,67
24363,62,15,28,67
24364,62,15,28,67
24365,62,15,28,67
24366,62,15,28,67
24367,62,15,28,67
24368,62,15,28,67
24369,62,15,28,67
24370,62,15,28,67
24371,62,15,28,67
24372,62,15,28,67
24373,62,15,28,67
24374,62,15,28,67
24375,62,15,28,67
24376,62,15,28,67
24377,62,15,28,67
24378,62,15,28,67
24379,62,15,28,67
24380,62,15,28,67
24381,62,15,28,67
24382,62,15,28,67
24383,62,15,28,67
24384,62,15,28,67
24385,62,15,28,67
24386,62,15,28,67
24387,62,15,28,67
24388,62,15,28,67
24389,62,15,28,67
24390,62,15,28,67
24391,62,15,28,67
24392,62,15,28,67
24393,62,15,28,67
24394,62,15,28,67
24395,62,15,28,67
24396,62,15,28,67
24397,62,15,28,67
24398,62,15,28,67
24399,62,15,28,67
24400,62,15,28,67
24401,62,15,28,67
24402,62,15,28,67
24403,62,15,28,67
24404,62,15,28,67
24405,62,15,28,67
24406,62,15,28,67
24407,62,15,28,67
24408,62,15,28,67
24409,62,15,28,67
24410,62,15,28,67
24411,62,15,28,67
24412,62,15,28,67
24413,62,15,28,67
24414,62,15,28,67
24415,62,15,28,67
24416,62,15,28,67
24417,62,15,28,67
24418,62,15,28,67
24419,62,15,28,67
24420,62,15,28,67
24421,62,15,28,67
24422,62,15,28,67
24423,62,15,28,67
24424,62,15,28,67
24425,62,15,28,67
24426,62,15,28,67
24427,62,15,28,67
24428,62,15,28,67
24429,62,15,28,67
24430,62,15,28,67
24431,62,15,28,67
24432,62,15,28,67
24433,62,15,28,67
24434,62,15,28,67
24435,62,15,28,67
24436,62,15,28,67
24437,62,15,28,67
24438,62,15,28,67
24439,62,15,28,67
24440,62,15,28,67
24441,62,15,28,67
24442,62,15,28,67
24443,62,15,28,67
24444,62,15,28,67
24445,62,15,28,67
24446,62,15,28,67
24447,62,15,28,67
24448,62,15,28,67
24449,62,15,28,67
24450,62,15,28,67
24451,62,15,28,67
24452,62,15,28,67
24453,62,15,28,67
24454,62,15,28,67
24455,62,15,28,67
24456,62,15,28,67
24457,62,15,28,67
24458,62,15,28,67
24459,62,15,28,67
24460,62,15,28,67
24461,62,15,28,67
24462,62,15,28,67
24463,62,15,28,67
24464,62,15,28,67
24465,62,15,28,67
24466,62,15,28,67
24467,62,15,28,67
24468,62,15,28,67
24469,62,15,28,67
24470,62,15,28,67
24471,62,15,28,67
24472,62,15,28,67
24473,62,15,28,67
24474,62,15,28,67
24475,62,15,28,67
24476,62,15,28,67
24477,62,15,28,67
24478,62,15,28,67
24479,62,15,28,67
24480,62,15,28,67
24481,62,15,28,67
24482,62,15,28,67
24483,62,15,28,67
24484,62,15,28,67
24485,62,15,28,67
24486,62,15,28,67
24487,62,15,28,67
24488,62,15,28,67
24489,62,15,28,67
24490,62,15,28,67
24491,62,15,28,67
24492,62,15,28,67
24493,62,15,28,67
24494,62,15,28,67
24495,62,15,28,67
24496,62,15,28,67
24497,62,15,28,67
24498,62,15,28,67
24499,62,15,28,67
24500,62,15,28,67
24501,62,15,28,67
24502,62,15,28,67
24503,62,15,28,67
24504,62,15,28,67
24505,62,15,28,67
24506,62,15,28,67
24507,62,15,28,67
24508,62,15,28,67
24509,62,15,28,67
24510,62,15,28,67
24511,62,15,28,67
24512,62,15,28,67
24513,62,15,28,67
24514,62,15,28,67
24515,62,15,28,67
24516,62,15,28,67
24517,62,15,28,67
24518,62,15,28,67
24519,62,15,28,67
24520,62,15,28,67
24521,62,15,28,67
24522,62,15,28,67
24523,62,15,28,67
24524,62,15,28,67
24525,62,15,28,67
24526,62,15,28,67
24527,62,15,28,67
24528,62,15,28,67
24529,62,15,28,67
24530,62,15,28,67
24531,62,15,28,67
24532,62,15,28,67
24533,62,15,28,67
24534,62,15,28,67
24535,62,15,28,67
24536,62,15,28,67
24537,62,15,28,67
24538,62,15,28,67
24539,62,15,28,67
24540,62,15,28,67
24541,62,15,28,67
24542,62,15,28,67
24543,62,15,28,67
24544,62,15,28,67
24545,62,15,28,67
24546,62,15,28,67
24547,62,15,28,67
24548,62,15,28,67
24549,62,15,28,67
24550,62,15,28,67
24551,62,15,28,67
24552,62,15,28,67
24553,62,15,28,67
24554,62,15,28,67
24555,62,15,28,67
24556,62,15,28,67
24557,62,15,28,67
24558,62,15,28,67
24559,62,15,28,67
24560,62,15,28,67
24561,62,15,28,67
24562,62,15,28,67
24563,62,15,28,67
24564,62,15,28,67
24565,62,15,28,67
24566,62,15,28,67
24567,62,15,28,67
24568,62,15,28,67
24569,62,15,28,67
24570,62,15,28,67
24571,62,15,28,67
24572,62,15,28,67
24573,62,15,28,67
24574,62,15,28,67
24575,62,15,28,67
24576,62,15,28,67
24577,62,15,28,67
24578,62,15,28,67
24579,62,15,28,67
24580,62,15,28,67
24581,62,15,28,67
24582,62,15,28,67
24583,62,15,28,67
24584,62,15,28,67
24585,62,15,28,67
24586,62,15,28,67
24587,62,15,28,67
24588,62,15,28,67
24589,62,15,28,67
24590,62,15,28,67
24591,62,15,28,67
24592,62,15,28,67
24593,62,15,28,67
24594,62,15,28,67
24595,62,15,28,67
24596,62,15,28,67
24597,62,15,28,67
24598,62,15,28,67
24599,62,15,28,67
24600,62,15,28,67
24601,62,15,28,67
24602,62,15,28,67
24603,62,15,28,67
24604,62,15,28,67
24605,62,15,28,67
24606,62,15,28,67
24607,62,15,28,67
24608,62,15,28,67
24609,62,15,28,67
24610,62,15,28,67
24611,62,15,28,67
24612,62,15,28,67
24613,62,15,28,67
24614,62,15,28,67
24615,62,15,28,67
24616,62,15,28,67
24617,62,15,28,67
24618,62,15,28,67
24619,62,15,28,67
24620,62,15,28,67
24621,62,15,28,67
24622,62,15,28,67
24623,62,15,28,67
24624,62,15,28,67
24625,62,15,28,67
24626,62,15,28,67
24627,62,15,28,67
24628,62,15,28,67
24629,62,15,28,67
24630,62,15,28,67
24631,62,15,28,67
24632,62,15,28,67
24633,62,15,28,67
24634,62,15,28,67
24635,62,15,28,67
24636,62,15,28,67
24637,62,15,28,67
24638,62,15,28,67
24639,62,15,28,67
24640,62,15,28,67
24641,62,15,28,67
24642,62,15,28,67
24643,62,15,28,67
24644,62,15,28,67
24645,62,15,28,67
24646,62,15,28,67
24647,62,15,28,67
24648,62,15,28,67
24649,62,15,28,67
24650,62,15,28,67
24651,62,15,28,67
24652,62,15,28,67
24653,62,15,28,67
24654,62,15,28,67
24655,62,15,28,67
24656,62,15,28,67
24657,62,15,28,67
24658,62,15,28,67
24659,62,15,28,67
24660,62,15,28,67
24661,62,15,28,67
24662,62,15,28,67
24663,62,15,28,67
24664,62,15,28,67
24665,62,15,28,67
24666,62,15,28,67
24667,62,15,28,67
24668,62,15,28,67
24669,62,15,28,67
24670,62,15,28,67
24671,62,15,28,67
24672,62,15,28,67
24673,62,15,28,67
24674,62,15,28,67
24675,62,15,28,67
24676,62,15,28,67
24677,62,15,28,67
24678,62,15,28,67
24679,62,15,28,67
24680,62,15,28,67
24681,62,15,28,67
24682,62,15,28,67
24683,62,15,28,67
24684,62,15,28,67
24685,62,15,28,67
24686,62,15,28,67
24687,62,15,28,67
24688,62,15,28,67
24689,62,15,28,67
24690,62,15,28,67
24691,62,15,28,67
24692,62,15,28,67
24693,62,15,28,67
24694,62,15,28,67
24695,62,15,28,67
24696,62,15,28,67
24697,62,15,28,67
24698,62,15,28,67
24699,62,15,28,67
24700,62,15,28,67
24701,62,15,28,67
24702,62,15,28,67
24703,62,15,28,67
24704,62,15,28,67
24705,62,15,28,67
24706,62,15,28,67
24707,62,15,28,67
24708,62,15,28,67
24709,62,15,28,67
24710,62,15,28,67
24711,62,15,28,67
24712,62,15,28,67
24713,62,15,28,67
24714,62,15,28,67
24715,62,15,28,67
24716,62,15,28,67
24717,62,15,28,67
24718,62,15,28,67
24719,62,15,28,67
24720,62,15,28,67
24721,62,15,28,67
24722,62,15,28,67
24723,62,15,28,67
24724,62,15,28,67
24725,62,15,28,67
24726,62,15,28,67
24727,62,15,28,67
24728,62,15,28,67
24729,62,15,28,67
24730,62,15,28,67
24731,62,15,28,67
24732,62,15,28,67
24733,62,15,28,67
24734,62,15,28,67
24735,62,15,28,67
24736,62,15,28,67
24737,62,15,28,67
24738,62,15,28,67
24739,62,15,28,67
24740,62,15,28,67
24741,62,15,28,67
24742,62,15,28,67
24743,62,15,28,67
24744,62,15,28,67
24745,62,15,28,67
24746,62,15,28,67
24747,62,15,28,67
24748,62,15,28,67
24749,62,15,28,67
24750,62,15,28,67
24751,62,15,28,67
24752,62,15,28,67
24753,62,15,28,67
24754,62,15,28,67
24755,62,15,28,67
24756,62,15,28,67
24757,62,15,28,67
24758,62,15,28,67
24759,62,15,28,67
24760,62,15,28,67
24761,62,15,28,67
24762,62,15,28,67
24763,62,15,28,67
24764,62,15,28,67
24765,62,15,28,67
24766,62,15,28,67
24767,62,15,28,67
24768,62,15,28,67
24769,62,15,28,67
24770,62,15,28,67
24771,62,15,28,67
24772,62,15,28,67
24773,62,15,28,67
24774,62,15,28,67
24775,62,15,28,67
24776,62,15,28,67
24777,62,15,28,67
24778,62,15,28,67
24779,62,15,28,67
24780,62,15,28,67
24781,62,15,28,67
24782,62,15,28,67
24783,62,15,28,67
24784,62,15,28,67
24785,62,15,28,67
24786,62,15,28,67
24787,62,15,28,67
24788,62,15,28,67
24789,62,15,28,67
24790,62,15,28,67
24791,62,15,28,67
24792,62,15,28,67
24793,62,15,28,67
24794,62,15,28,67
24795,62,15,28,67
24796,62,15,28,67
24797,62,15,28,67
24798,62,15,28,67
24799,62,15,28,67
24800,62,15,28,67
24801,62,15,28,67
24802,62,15,28,67
24803,62,15,28,67
24804,62,15,28,67
24805,62,15,28,67
24806,62,15,28,67
24807,62,15,28,67
24808,62,15,28,67
24809,62,15,28,67
24810,62,15,28,67
24811,62,15,28,67
24812,62,15,28,67
24813,62,15,28,67
24814,62,15,28,67
24815,62,15,28,67
24816,62,15,28,67
24817,62,15,28,67
24818,62,15,28,67
24819,62,15,28,67
24820,62,15,28,67
24821,62,15,28,67
24822,62,15,28,67
24823,62,15,28,67
24824,62,15,28,67
24825,62,15,28,67
24826,62,15,28,67
24827,62,15,28,67
24828,62,15,28,67
24829,62,15,28,67
24830,62,15,28,67
24831,62,15,28,67
24832,62,15,28,67
24833,62,15,28,67
24834,62,15,28,67
24835,62,15,28,67
24836,62,15,28,67
24837,62,15,28,67
24838,62,15,28,67
24839,62,15,28,67
24840,62,15,28,67
24841,62,15,28,67
24842,62,15,28,67
24843,62,15,28,67
24844,62,15,28,67
24845,62,15,28,67
24846,62,15,28,67
24847,62,15,28,67
24848,62,15,28,67
24849,62,15,28,67
24850,62,15,28,67
24851,62,15,28,67
24852,62,15,28,67
24853,62,15,28,67
24854,62,15,28,67
24855,62,15,28,67
24856,62,15,28,67
24857,62,15,28,67
24858,62,15,28,67
24859,62,15,28,67
24860,62,15,28,67
24861,62,15,28,67
24862,62,15,28,67
24863,62,15,28,67
24864,62,15,28,67
24865,62,15,28,67
24866,62,15,28,67
24867,62,15,28,67
24868,62,15,28,67
24869,62,15,28,67
24870,62,15,28,67
24871,62,15,28,67
24872,62,15,28,67
24873,62,15,28,67
24874,62,15,28,67
24875,62,15,28,67
24876,62,15,28,67
24877,62,15,28,67
24878,62,15,28,67
24879,62,15,28,67
24880,62,15,28,67
24881,62,15,28,67
24882,62,15,28,67
24883,62,15,28,67
24884,62,15,28,67
24885,62,15,28,67
24886,62,15,28,67
24887,62,15,28,67
24888,62,15,28,67
24889,62,15,28,67
24890,62,15,28,67
24891,62,15,28,67
24892,62,15,28,67
24893,62,15,28,67
24894,62,15,28,67
24895,62,15,28,67
24896,62,15,28,67
24897,62,15,28,67
24898,62,15,28,67
24899,62,15,28,67
24900,62,15,28,67
24901,62,15,28,67
24902,62,15,28,67
24903,62,15,28,67
24904,62,15,28,67
24905,62,15,28,67
24906,62,15,28,67
24907,62,15,28,67
24908,62,15,28,67
24909,62,15,28,67
24910,62,15,28,67
24911,62,15,28,67
24912,62,15,28,67
24913,62,15,28,67
24914,62,15,28,67
24915,62,15,28,67
24916,62,15,28,67
24917,62,15,28,67
24918,62,15,28,67
24919,62,15,28,67
24920,62,15,28,67
24921,62,15,28,67
24922,62,15,28,67
24923,62,15,28,67
24924,62,15,28,67
24925,62,15,28,67
24926,62,15,28,67
24927,62,15,28,67
24928,62,15,28,67
24929,62,15,28,67
24930,62,15,28,67
24931,62,15,28,67
24932,62,15,28,67
24933,62,15,28,67
24934,62,15,28,67
24935,62,15,28,67
24936,62,15,28,67
24937,62,15,28,67
24938,62,15,28,67
24939,62,15,28,67
24940,62,15,28,67
24941,62,15,28,67
24942,62,15,28,67
24943,62,15,28,67
24944,62,15,28,67
24945,62,15,28,67
24946,62,15,28,67
24947,62,15,28,67
24948,62,15,28,67
24949,62,15,28,67
24950,62,15,28,67
24951,62,15,28,67
24952,62,15,28,67
24953,62,15,28,67
24954,62,15,28,67
24955,62,15,28,67
24956,62,15,28,67
24957,62,15,28,67
24958,62,15,28,67
24959,62,15,28,67
24960,62,15,28,67
24961,62,15,28,67
24962,62,15,28,67
24963,62,15,28,67
24964,62,15,28,67
24965,62,15,28,67
24966,62,15,28,67
24967,62,15,28,67
24968,62,15,28,67
24969,62,15,28,67
24970,62,15,28,67
24971,62,15,28,67
24972,62,15,28,67
24973,62,15,28,67
24974,62,15,28,67
24975,62,15,28,67
24976,62,15,28,67
24977,62,15,28,67
24978,62,15,28,67
24979,62,15,28,67
24980,62,15,28,67
24981,62,15,28,67
24982,62,15,28,67
24983,62,15,28,67
24984,62,15,28,67
24985,62,15,28,67
24986,62,15,28,67
24987,62,15,28,67
24988,62,15,28,67
24989,62,15,28,67
24990,62,15,28,67
24991,62,15,28,67
24992,62,15,28,67
24993,62,15,28,67
24994,62,15,28,67
24995,62,15,28,67
24996,62,15,28,67
24997,62,15,28,67
24998,62,15,28,67
24999,62,15,28,67
25000,62,15,28,67
