iteration,coverage,max_depth,corpus_size,crashes
0,41,14,6,0
1,33,14,7,0
2,34,14,8,0
3,34,14,8,0
4,35,14,9,0
5,35,14,9,0
6,35,14,9,0
7,35,14,9,0
8,36,14,10,0
9,36,14,10,0
10,36,14,10,0
11,37,14,11,0
12,37,14,11,0
13,37,14,11,0
14,38,14,12,0
15,38,14,12,0
16,39,14,13,0
17,40,14,14,0
18,40,14,14,0
19,40,14,14,0
20,40,14,14,0
21,40,14,14,0
22,40,14,14,0
23,40,14,14,0
24,40,14,14,0
25,40,14,14,0
26,40,14,14,0
27,40,14,14,0
28,40,14,14,0
29,40,14,14,0
30,40,14,14,0
31,40,14,14,0
32,40,14,14,0
33,40,14,14,0
34,40,14,14,0
35,40,14,14,0
36,40,14,14,0
37,40,14,14,0
38,40,14,14,0
39,40,14,14,0
40,40,14,14,0
41,40,14,14,0
42,40,14,14,0
43,40,14,14,0
44,40,14,14,0
45,40,14,14,0
46,40,14,14,0
47,40,14,14,0
48,40,14,14,0
49,40,14,14,0
50,40,14,14,0
51,40,14,14,0
52,40,14,14,0
53,41,14,15,0
54,41,14,15,0
55,41,14,15,0
56,41,14,15,0
57,41,14,15,0
58,41,14,15,0
59,41,14,15,0
60,41,14,15,0
61,41,14,15,0
62,41,14,15,0
63,41,14,15,0
64,41,14,15,0
65,41,14,15,0
66,41,14,15,0
67,41,14,15,0
68,41,14,15,0
69,41,14,15,0
70,41,14,15,0
71,41,14,15,0
72,41,14,15,0
73,41,14,15,0
74,41,14,15,0
75,41,14,15,0
76,41,14,15,0
77,41,14,15,0
78,41,14,15,0
79,41,14,15,0
80,41,14,15,0
81,41,14,15,0
82,41,14,15,0
83,41,14,15,0
84,41,14,15,0
85,41,14,15,0
86,41,14,15,0
87,41,14,15,0
88,41,14,15,0
89,41,14,15,0
90,41,14,15,0
91,41,14,15,0
92,41,14,15,0
93,41,14,15,0
94,41,14,15,0
95,41,14,15,0
96,41,14,15,0
97,41,14,15,0
98,41,14,15,0
99,41,14,15,0
100,41,14,15,0
101,41,14,15,0
102,41,14,15,0
103,41,14,15,0
104,41,14,15,0
105,41,14,15,0
106,41,14,15,0
107,41,14,15,0
108,41,14,15,0
109,41,14,15,0
110,41,14,15,0
111,41,14,15,0
112,41,14,15,0
113,41,14,15,0
114,41,14,15,0
115,41,14,15,0
116,41,14,15,0
117,41,14,15,0
118,41,14,15,0
119,41,14,15,0
120,41,14,15,0
121,41,14,15,0
122,41,14,15,0
123,42,14,16,0
124,42,14,16,0
125,42,14,16,0
126,42,14,16,0
127,42,14,16,0
128,42,14,16,0
129,42,14,16,0
130,42,14,16,0
131,42,14,16,0
132,42,14,16,0
133,42,14,16,0
134,42,14,16,0
135,42,14,16,0
136,42,14,16,0
137,42,14,16,0
138,42,14,16,0
139,42,14,16,0
140,42,14,16,0
141,42,14,16,0
142,42,14,16,0
143,42,14,16,0
144,42,14,16,0
145,42,14,16,0
146,42,14,16,0
147,42,14,16,0
148,42,14,16,0
149,42,14,16,0
150,42,14,16,0
151,42,14,16,0
152,42,14,16,0
153,42,14,16,0
154,42,14,16,0
155,42,14,16,0
156,42,14,16,0
157,42,14,16,0
158,42,14,16,0
159,42,14,16,0
160,42,14,16,0
161,42,14,16,0
162,42,14,16,0
163,42,14,16,0
164,42,14,16,0
165,42,14,16,0
166,42,14,16,0
167,42,14,16,0
168,42,14,16,0
169,42,14,16,0
170,42,14,16,0
171,42,14,16,0
172,42,14,16,0
173,42,14,16,0
174,42,14,16,0
175,42,14,16,0
176,42,14,16,0
177,42,14,16,0
178,42,14,16,0
179,42,14,16,0
180,42,14,16,0
181,42,14,16,0
182,42,14,16,0
183,42,14,16,0
184,42,14,16,0
185,42,14,16,0
186,42,14,16,0
187,42,14,16,0
188,42,14,16,0
189,42,14,16,0
190,42,14,16,0
191,42,14,16,0
192,42,14,16,0
193,42,14,16,0
194,42,14,16,0
195,42,14,16,0
196,42,14,16,0
197,42,14,16,0
198,42,14,16,0
199,42,14,16,0
200,42,14,16,0
201,42,14,16,0
202,42,14,16,0
203,42,14,16,0
204,42,14,16,0
205,42,14,16,0
206,42,14,16,0
207,42,14,16,0
208,42,14,16,0
209,42,14,16,0
210,42,14,16,0
211,42,14,16,0
212,42,14,16,0
213,42,14,16,0
214,42,14,16,0
215,42,14,16,0
216,42,14,16,0
217,42,14,16,0
218,42,14,16,0
219,42,14,16,0
220,42,14,16,0
221,42,14,16,0
222,42,14,16,0
223,42,14,16,0
224,42,14,16,0
225,42,14,16,0
226,42,14,16,0
227,42,14,16,0
228,42,14,16,0
229,42,14,16,0
230,42,14,16,0
231,42,14,16,0
232,42,14,16,0
233,42,14,16,0
234,42,14,16,0
235,42,14,16,0
236,42,14,16,0
237,42,14,16,0
238,42,14,16,0
239,42,14,16,0
240,42,14,16,0
241,42,14,16,0
242,42,14,16,0
243,42,14,16,0
244,42,14,16,0
245,42,14,16,0
246,42,14,16,0
247,42,14,16,0
248,42,14,16,0
249,42,14,16,0
250,42,14,16,0
251,42,14,16,0
252,42,14,16,0
253,42,14,16,0
254,42,14,16,0
255,42,14,16,0
256,42,14,16,0
257,42,14,16,0
258,42,14,16,0
259,42,14,16,0
260,42,14,16,0
261,42,14,16,0
262,42,14,16,0
263,42,14,16,0
264,42,14,16,0
265,42,14,16,0
266,42,14,16,0
267,42,14,16,0
268,42,14,16,0
269,42,14,16,0
270,42,14,16,0
271,42,14,16,0
272,42,14,16,0
273,42,14,16,0
274,42,14,16,0
275,42,14,16,0
276,42,14,16,0
277,42,14,16,0
278,42,14,16,0
279,42,14,16,0
280,42,14,16,0
281,42,14,16,0
282,42,14,16,0
283,42,14,16,0
284,42,14,16,0
285,42,14,16,0
286,42,14,16,0
287,42,14,16,0
288,42,14,16,0
289,42,14,16,0
290,42,14,16,0
291,42,14,16,0
292,42,14,16,0
293,42,14,16,0
294,42,14,16,0
295,42,14,16,0
296,42,14,16,0
297,42,14,16,0
298,42,14,16,0
299,42,14,16,0
300,42,14,16,0
301,42,14,16,0
302,42,14,16,0
303,42,14,16,0
304,42,14,16,0
305,42,14,16,0
306,42,14,16,0
307,42,14,16,0
308,42,14,16,0
309,42,14,16,0
310,42,14,16,0
311,42,14,16,0
312,42,14,16,0
313,42,14,16,0
314,42,14,16,0
315,42,14,16,0
316,42,14,16,0
317,42,14,16,0
318,42,14,16,0
319,42,14,16,0
320,42,14,16,0
321,42,14,16,0
322,42,14,16,0
323,42,14,16,0
324,42,14,16,0
325,42,14,16,0
326,42,14,16,0
327,42,14,16,0
328,42,14,16,0
329,42,14,16,0
330,42,14,16,0
331,42,14,16,0
332,42,14,16,0
333,42,14,16,0
334,42,14,16,0
335,42,14,16,0
336,42,14,16,0
337,42,14,16,0
338,42,14,16,0
339,42,14,16,0
340,42,14,16,0
341,42,14,16,0
342,42,14,16,0
343,42,14,16,0
344,42,14,16,0
345,42,14,16,0
346,42,14,16,0
347,42,14,16,0
348,42,14,16,0
349,42,14,16,0
350,42,14,16,0
351,42,14,16,0
352,42,14,16,0
353,42,14,16,0
354,42,14,16,0
355,42,14,16,0
356,42,14,16,0
357,42,14,16,0
358,42,14,16,0
359,42,14,16,0
360,42,14,16,0
361,42,14,16,0
362,42,14,16,0
363,42,14,16,0
364,42,14,16,0
365,42,14,16,0
366,42,14,16,0
367,42,14,16,0
368,42,14,16,0
369,42,14,16,0
370,42,14,16,0
371,42,14,16,0
372,42,14,16,0
373,42,14,16,0
374,42,14,16,0
375,42,14,16,0
376,42,14,16,0
377,42,14,16,0
378,42,14,16,0
379,42,14,16,0
380,42,14,16,0
381,42,14,16,0
382,43,14,17,0
383,43,14,17,0
384,43,14,17,0
385,43,14,17,0
386,43,14,17,0
387,43,14,17,0
388,43,14,17,0
389,43,14,17,0
390,43,14,17,0
391,43,14,17,0
392,43,14,17,0
393,43,14,17,0
394,43,14,17,0
395,43,14,17,0
396,43,14,17,0
397,43,14,17,0
398,43,14,17,0
399,43,14,17,0
400,43,14,17,0
401,43,14,17,0
402,43,14,17,0
403,43,14,17,0
404,43,14,17,0
405,43,14,17,0
406,45,14,18,0
407,45,14,18,0
408,45,14,18,0
409,45,14,18,0
410,46,14,19,0
411,46,14,19,0
412,46,14,19,0
413,46,14,19,0
414,46,14,19,0
415,46,14,19,0
416,46,14,19,0
417,46,14,19,0
418,46,14,19,0
419,46,14,19,0
420,46,14,19,0
421,46,14,19,0
422,46,14,19,0
423,46,14,19,0
424,46,14,19,0
425,46,14,19,0
426,46,14,19,0
427,46,14,19,0
428,46,14,19,0
429,46,14,19,0
430,46,14,19,0
431,46,14,19,0
432,46,14,19,0
433,46,14,19,0
434,46,14,19,0
435,46,14,19,0
436,46,14,19,0
437,46,14,19,0
438,46,14,19,0
439,46,14,19,0
440,46,14,19,0
441,46,14,19,0
442,46,14,19,0
443,46,14,19,0
444,46,14,19,0
445,46,14,19,0
446,46,14,19,0
447,46,14,19,0
448,46,14,19,0
449,46,14,19,0
450,46,14,19,0
451,46,14,19,0
452,46,14,19,0
453,46,14,19,0
454,46,14,19,0
455,46,14,19,0
456,46,14,19,0
457,46,14,19,0
458,46,14,19,0
459,46,14,19,0
460,46,14,19,0
461,46,14,19,0
462,46,14,19,0
463,46,14,19,0
464,46,14,19,0
465,46,14,19,0
466,46,14,19,0
467,46,14,19,0
468,46,14,19,0
469,46,14,19,0
470,46,14,19,0
471,46,14,19,0
472,46,14,19,0
473,46,14,19,0
474,46,14,19,0
475,46,14,19,0
476,46,14,19,0
477,46,14,19,0
478,46,14,19,0
479,46,14,19,0
480,46,14,19,0
481,46,14,19,0
482,46,14,19,0
483,46,14,19,0
484,46,14,19,0
485,46,14,19,0
486,46,14,19,0
487,46,14,19,0
488,46,14,19,0
489,46,14,19,0
490,46,14,19,0
491,46,14,19,0
492,46,14,19,0
493,46,14,19,0
494,46,14,19,0
495,46,14,19,0
496,46,14,19,0
497,46,14,19,0
498,46,14,19,0
499,46,14,19,0
500,46,14,19,0
501,46,14,19,0
502,46,14,19,0
503,46,14,19,0
504,46,14,19,0
505,46,14,19,0
506,46,14,19,0
507,46,14,19,0
508,46,14,19,0
509,46,14,19,0
510,46,14,19,0
511,46,14,19,0
512,46,14,19,0
513,46,14,19,0
514,46,14,19,0
515,46,14,19,0
516,46,14,19,0
517,46,14,19,0
518,46,14,19,0
519,46,14,19,0
520,46,14,19,0
521,46,14,19,0
522,46,14,19,0
523,46,14,19,0
524,46,14,19,0
525,46,14,19,0
526,46,14,19,0
527,46,14,19,0
528,46,14,19,0
529,46,14,19,0
530,46,14,19,0
531,46,14,19,0
532,46,14,19,0
533,46,14,19,0
534,46,14,19,0
535,46,14,19,0
536,47,14,20,0
537,47,14,20,0
538,47,14,20,0
539,47,14,20,0
540,47,14,20,0
541,47,14,20,0
542,47,14,20,0
543,47,14,20,0
544,47,14,20,0
545,47,14,20,0
546,47,14,20,0
547,47,14,20,0
548,47,14,20,0
549,47,14,20,0
550,47,14,20,0
551,47,14,20,0
552,47,14,20,0
553,47,14,20,0
554,47,14,20,0
555,47,14,20,0
556,47,14,20,0
557,47,14,20,0
558,47,14,20,0
559,47,14,20,0
560,47,14,20,0
561,47,14,20,0
562,47,14,20,0
563,47,14,20,0
564,47,14,20,0
565,47,14,20,0
566,47,14,20,0
567,47,14,20,0
568,47,14,20,0
569,47,14,20,0
570,47,14,20,0
571,47,14,20,0
572,47,14,20,0
573,47,14,20,0
574,47,14,20,0
575,47,14,20,0
576,47,14,20,0
577,47,14,20,0
578,47,14,20,0
579,47,14,20,0
580,47,14,20,0
581,47,14,20,0
582,47,14,20,0
583,47,14,20,0
584,47,14,20,0
585,47,14,20,0
586,47,14,20,0
587,47,14,20,0
588,47,14,20,0
589,47,14,20,0
590,47,14,20,0
591,47,14,20,0
592,47,14,20,0
593,47,14,20,0
594,47,14,20,0
595,47,14,20,0
596,47,14,20,0
597,47,14,20,0
598,47,14,20,0
599,47,14,20,0
600,47,14,20,0
601,47,14,20,0
602,47,14,20,0
603,47,14,20,0
604,47,14,20,0
605,47,14,20,0
606,47,14,20,0
607,47,14,20,0
608,47,14,20,0
609,47,14,20,0
610,47,14,20,0
611,47,14,20,0
612,47,14,20,0
613,47,14,20,0
614,47,14,20,0
615,47,14,20,0
616,47,14,20,0
617,47,14,20,0
618,47,14,20,0
619,47,14,20,0
620,47,14,20,0
621,47,14,20,0
622,47,14,20,0
623,47,14,20,0
624,47,14,20,0
625,47,14,20,0
626,47,14,20,0
627,47,14,20,0
628,47,14,20,0
629,47,14,20,0
630,47,14,20,0
631,47,14,20,0
632,47,14,20,0
633,47,14,20,0
634,47,14,20,0
635,47,14,20,0
636,47,14,20,0
637,47,14,20,0
638,47,14,20,0
639,47,14,20,0
640,47,14,20,0
641,47,14,20,0
642,47,14,20,0
643,47,14,20,0
644,47,14,20,0
645,47,14,20,0
646,47,14,20,0
647,47,14,20,0
648,47,14,20,0
649,47,14,20,0
650,47,14,20,0
651,47,14,20,0
652,47,14,20,0
653,47,14,20,0
654,47,14,20,0
655,47,14,20,0
656,47,14,20,0
657,47,14,20,0
658,47,14,20,0
659,47,14,20,0
660,47,14,20,0
661,47,14,20,0
662,47,14,20,0
663,47,14,20,0
664,47,14,20,0
665,47,14,20,0
666,47,14,20,0
667,47,14,20,0
668,47,14,20,0
669,47,14,20,0
670,47,14,20,0
671,47,14,20,0
672,47,14,20,0
673,47,14,20,0
674,47,14,20,0
675,47,14,20,0
676,47,14,20,0
677,47,14,20,0
678,47,14,20,0
679,47,14,20,0
680,47,14,20,0
681,47,14,20,0
682,47,14,20,0
683,47,14,20,0
684,47,14,20,0
685,47,14,20,0
686,47,14,20,0
687,47,14,20,0
688,47,14,20,0
689,47,14,20,0
690,47,14,20,0
691,47,14,20,0
692,47,14,20,0
693,47,14,20,0
694,47,14,20,0
695,47,14,20,0
696,47,14,20,0
697,47,14,20,0
698,47,14,20,0
699,47,14,20,0
700,47,14,20,0
701,47,14,20,0
702,47,14,20,0
703,47,14,20,0
704,47,14,20,0
705,47,14,20,0
706,47,14,20,0
707,47,14,20,0
708,47,14,20,0
709,47,14,20,0
710,47,14,20,0
711,47,14,20,0
712,47,14,20,0
713,47,14,20,0
714,47,14,20,0
715,47,14,20,0
716,47,14,20,0
717,47,14,20,0
718,47,14,20,0
719,47,14,20,0
720,47,14,20,0
721,47,14,20,0
722,47,14,20,0
723,47,14,20,0
724,47,14,20,0
725,47,14,20,0
726,47,14,20,0
727,47,14,20,0
728,47,14,20,0
729,47,14,20,0
730,47,14,20,0
731,47,14,20,0
732,47,14,20,0
733,47,14,20,0
734,47,14,20,0
735,47,14,20,0
736,47,14,20,0
737,47,14,20,0
738,47,14,20,0
739,47,14,20,0
740,47,14,20,0
741,47,14,20,0
742,47,14,20,0
743,47,14,20,0
744,47,14,20,0
745,47,14,20,0
746,47,14,20,0
747,47,14,20,0
748,47,14,20,0
749,47,14,20,0
750,47,14,20,0
751,47,14,20,0
752,47,14,20,0
753,47,14,20,0
754,47,14,20,0
755,47,14,20,0
756,47,14,20,0
757,47,14,20,0
758,47,14,20,0
759,47,14,20,0
760,47,14,20,0
761,47,14,20,0
762,47,14,20,0
763,47,14,20,0
764,47,14,20,0
765,47,14,20,0
766,47,14,20,0
767,47,14,20,0
768,47,14,20,0
769,47,14,20,0
770,47,14,20,0
771,47,14,20,0
772,47,14,20,0
773,47,14,20,0
774,47,14,20,0
775,47,14,20,0
776,47,14,20,0
777,47,14,20,0
778,47,14,20,0
779,47,14,20,0
780,47,14,20,0
781,47,14,20,0
782,47,14,20,0
783,47,14,20,0
784,47,14,20,0
785,47,14,20,0
786,47,14,20,0
787,47,14,20,0
788,47,14,20,0
789,47,14,20,0
790,47,14,20,0
791,47,14,20,0
792,47,14,20,0
793,47,14,20,0
794,47,14,20,0
795,47,14,20,0
796,47,14,20,0
797,47,14,20,0
798,47,14,20,0
799,47,14,20,0
800,47,14,20,0
801,47,14,20,0
802,47,14,20,0
803,47,14,20,0
804,47,14,20,0
805,47,14,20,0
806,47,14,20,0
807,47,14,20,0
808,47,14,20,0
809,50,14,21,0
810,50,14,21,0
811,50,14,21,0
812,50,14,21,0
813,50,14,21,0
814,50,14,21,0
815,50,14,21,0
816,50,14,21,0
817,50,14,21,0
818,50,14,21,0
819,50,14,21,0
820,50,14,21,0
821,52,14,22,0
822,52,14,22,0
823,52,14,22,0
824,52,14,22,0
825,52,14,22,0
826,52,14,22,0
827,52,14,22,0
828,52,14,22,0
829,52,14,22,0
830,52,14,22,0
831,52,14,22,0
832,52,14,22,0
833,52,14,22,0
834,52,14,22,0
835,52,14,22,0
836,52,14,22,0
837,52,14,22,0
838,52,14,22,0
839,52,14,22,0
840,52,14,22,0
841,52,14,22,0
842,52,14,22,0
843,52,14,22,0
844,52,14,22,0
845,52,14,22,0
846,52,14,22,0
847,52,14,22,0
848,52,14,22,0
849,52,14,22,0
850,52,14,22,0
851,52,14,22,0
852,52,14,22,0
853,52,14,22,0
854,52,14,22,0
855,52,14,22,0
856,52,14,22,0
857,52,14,22,0
858,52,14,22,0
859,52,14,22,0
860,52,14,22,0
861,52,14,22,0
862,52,14,22,0
863,52,14,22,0
864,52,14,22,0
865,52,14,22,0
866,52,14,22,0
867,52,14,22,0
868,52,14,22,0
869,52,14,22,0
870,52,14,22,0
871,52,14,22,0
872,52,14,22,0
873,54,14,23,0
874,54,14,23,0
875,54,14,23,0
876,54,14,23,0
877,54,14,23,0
878,54,14,23,0
879,54,14,23,0
880,54,14,23,0
881,54,14,23,0
882,54,14,23,0
883,54,14,23,0
884,54,14,23,0
885,54,14,23,0
886,54,14,23,0
887,54,14,23,0
888,54,14,23,0
889,54,14,23,0
890,54,14,23,0
891,54,14,23,0
892,54,14,23,0
893,54,14,23,0
894,54,14,23,0
895,54,14,23,0
896,54,14,23,0
897,54,14,23,0
898,54,14,23,0
899,54,14,23,0
900,54,14,23,0
901,54,14,23,0
902,54,14,23,0
903,54,14,23,0
904,54,14,23,0
905,54,14,23,0
906,54,14,23,0
907,54,14,23,0
908,54,14,23,0
909,54,14,23,0
910,54,14,23,0
911,54,14,23,0
912,54,14,23,0
913,54,14,23,0
914,54,14,23,0
915,54,14,23,0
916,54,14,23,0
917,54,14,23,0
918,54,14,23,0
919,54,14,23,0
920,54,14,23,0
921,54,14,23,0
922,54,14,23,0
923,54,14,23,0
924,54,14,23,0
925,54,14,23,0
926,54,14,23,0
927,54,14,23,0
928,54,14,23,0
929,54,14,23,0
930,54,14,23,0
931,54,14,23,0
932,54,14,23,0
933,54,14,23,0
934,54,14,23,0
935,54,14,23,0
936,54,14,23,0
937,54,14,23,0
938,54,14,23,0
939,54,14,23,0
940,54,14,23,0
941,54,14,23,0
942,54,14,23,0
943,54,14,23,0
944,54,14,23,0
945,54,14,23,0
946,54,14,23,0
947,54,14,23,0
948,54,14,23,0
949,54,14,23,0
950,54,14,23,0
951,54,14,23,0
952,54,14,23,0
953,54,14,23,0
954,54,14,23,0
955,54,14,23,0
956,54,14,23,0
957,54,14,23,0
958,54,14,23,0
959,54,14,23,0
960,54,14,23,0
961,54,14,23,0
962,54,14,23,0
963,54,14,23,0
964,54,14,23,0
965,54,14,23,0
966,54,14,23,0
967,54,14,23,0
968,54,14,23,0
969,54,14,23,0
970,54,14,23,0
971,54,14,23,0
972,54,14,23,0
973,54,14,23,0
974,54,14,23,0
975,54,14,23,0
976,54,14,23,0
977,54,14,23,0
978,54,14,23,0
979,54,14,23,0
980,54,14,23,0
981,54,14,23,0
982,54,14,23,0
983,54,14,23,0
984,54,14,23,0
985,54,14,23,0
986,54,14,23,0
987,54,14,23,0
988,54,14,23,0
989,54,14,23,0
990,54,14,23,0
991,54,14,23,0
992,54,14,23,0
993,54,14,23,0
994,54,14,23,0
995,54,14,23,0
996,54,14,23,0
997,54,14,23,0
998,54,14,23,0
999,54,14,23,0
1000,54,14,23,0
1001,54,14,23,0
1002,54,14,23,0
1003,54,14,23,0
1004,54,14,23,0
1005,54,14,23,0
1006,54,14,23,0
1007,54,14,23,0
1008,54,14,23,0
1009,54,14,23,0
1010,54,14,23,0
1011,54,14,23,0
1012,54,14,23,0
1013,54,14,23,0
1014,54,14,23,0
1015,54,14,23,0
1016,54,14,23,0
1017,54,14,23,0
1018,54,14,23,0
1019,54,14,23,0
1020,54,14,23,0
1021,54,14,23,0
1022,54,14,23,0
1023,54,14,23,0
1024,54,14,23,0
1025,54,14,23,0
1026,54,14,23,0
1027,54,14,23,0
1028,54,14,23,0
1029,54,14,23,0
1030,54,14,23,0
1031,54,14,23,0
1032,54,14,23,0
1033,54,14,23,0
1034,54,14,23,0
1035,54,14,23,0
1036,54,14,23,0
1037,54,14,23,0
1038,54,14,23,0
1039,54,14,23,0
1040,54,14,23,0
1041,54,14,23,0
1042,54,14,23,0
1043,54,14,23,0
1044,54,14,23,0
1045,54,14,23,0
1046,54,14,23,0
1047,54,14,23,0
1048,54,14,23,0
1049,54,14,23,0
1050,54,14,23,0
1051,54,14,23,0
1052,54,14,23,0
1053,54,14,23,0
1054,54,14,23,0
1055,54,14,23,0
1056,54,14,23,0
1057,54,14,23,0
1058,54,14,23,0
1059,54,14,23,0
1060,54,14,23,0
1061,54,14,23,0
1062,54,14,23,0
1063,54,14,23,0
1064,54,14,23,0
1065,54,14,23,0
1066,54,14,23,0
1067,54,14,23,0
1068,54,14,23,0
1069,54,14,23,0
1070,54,14,23,0
1071,54,14,23,0
1072,54,14,23,0
1073,54,14,23,0
1074,54,14,23,0
1075,54,14,23,0
1076,54,14,23,0
1077,54,14,23,0
1078,54,14,23,0
1079,54,14,23,0
1080,54,14,23,0
1081,54,14,23,0
1082,54,14,23,0
1083,54,14,23,0
1084,54,14,23,0
1085,54,14,23,0
1086,54,14,23,0
1087,54,14,23,0
1088,54,14,23,0
1089,54,14,23,0
1090,54,14,23,0
1091,54,14,23,0
1092,54,14,23,0
1093,54,14,23,0
1094,54,14,23,0
1095,54,14,23,0
1096,54,14,23,0
1097,54,14,23,0
1098,54,14,23,0
1099,54,14,23,0
1100,54,14,23,0
1101,54,14,23,0
1102,54,14,23,0
1103,54,14,23,0
1104,54,14,23,0
1105,54,14,23,0
1106,54,14,23,0
1107,54,14,23,0
1108,54,14,23,0
1109,54,14,23,0
1110,54,14,23,0
1111,54,14,23,0
1112,54,14,23,0
1113,54,14,23,0
1114,54,14,23,0
1115,54,14,23,0
1116,54,14,23,0
1117,54,14,23,0
1118,54,14,23,0
1119,54,14,23,0
1120,54,14,23,0
1121,54,14,23,0
1122,54,14,23,0
1123,54,14,23,0
1124,54,14,23,0
1125,54,14,23,0
1126,54,14,23,0
1127,54,14,23,0
1128,54,14,23,0
1129,54,14,23,0
1130,54,14,23,0
1131,54,14,23,0
1132,54,14,23,0
1133,54,14,23,0
1134,54,14,23,0
1135,54,14,23,0
1136,54,14,23,0
1137,54,14,23,0
1138,54,14,23,0
1139,54,14,23,0
1140,54,14,23,0
1141,54,14,23,0
1142,54,14,23,0
1143,54,14,23,0
1144,54,14,23,0
1145,54,14,23,0
1146,54,14,23,0
1147,54,14,23,0
1148,54,14,23,0
1149,54,14,23,0
1150,54,14,23,0
1151,54,14,23,0
1152,54,14,23,0
1153,54,14,23,0
1154,54,14,23,0
1155,54,14,23,0
1156,54,14,23,0
1157,54,14,23,0
1158,54,14,23,0
1159,54,14,23,0
1160,54,14,23,0
1161,54,14,23,0
1162,54,14,23,0
1163,54,14,23,0
1164,54,14,23,0
1165,54,14,23,0
1166,54,14,23,0
1167,54,14,23,0
1168,54,14,23,0
1169,54,14,23,0
1170,54,14,23,0
1171,54,14,23,0
1172,54,14,23,0
1173,54,14,23,0
1174,54,14,23,0
1175,54,14,23,0
1176,54,14,23,0
1177,54,14,23,0
1178,54,14,23,0
1179,54,14,23,0
1180,54,14,23,0
1181,54,14,23,0
1182,54,14,23,0
1183,54,14,23,0
1184,54,14,23,0
1185,54,14,23,0
1186,54,14,23,0
1187,54,14,23,0
1188,54,14,23,0
1189,54,14,23,0
1190,54,14,23,0
1191,54,14,23,0
1192,54,14,23,0
1193,54,14,23,0
1194,54,14,23,0
1195,54,14,23,0
1196,54,14,23,0
1197,54,14,23,0
1198,54,14,23,0
1199,54,14,23,0
1200,54,14,23,0
1201,54,14,23,0
1202,54,14,23,0
1203,54,14,23,0
1204,54,14,23,0
1205,54,14,23,0
1206,54,14,23,0
1207,54,14,23,0
1208,54,14,23,0
1209,54,14,23,0
1210,54,14,23,0
1211,54,14,23,0
1212,54,14,23,0
1213,54,14,23,0
1214,54,14,23,0
1215,54,14,23,0
1216,54,14,23,0
1217,54,14,23,0
1218,54,14,23,0
1219,54,14,23,0
1220,54,14,23,0
1221,54,14,23,0
1222,54,14,23,0
1223,54,14,23,0
1224,54,14,23,0
1225,54,14,23,0
1226,54,14,23,0
1227,54,14,23,0
1228,54,14,23,0
1229,54,14,23,0
1230,54,14,23,0
1231,54,14,23,0
1232,54,14,23,0
1233,54,14,23,0
1234,54,14,23,0
1235,54,14,23,0
1236,54,14,23,0
1237,54,14,23,0
1238,54,14,23,0
1239,54,14,23,0
1240,54,14,23,0
1241,54,14,23,0
1242,54,14,23,0
1243,54,14,23,0
1244,54,14,23,0
1245,54,14,23,0
1246,54,14,23,0
1247,54,14,23,0
1248,54,14,23,0
1249,54,14,23,0
1250,54,14,23,0
1251,54,14,23,0
1252,54,14,23,0
1253,54,14,23,0
1254,54,14,23,0
1255,54,14,23,0
1256,54,14,23,0
1257,54,14,23,0
1258,54,14,23,0
1259,54,14,23,0
1260,54,14,23,0
1261,54,14,23,0
1262,54,14,23,0
1263,54,14,23,0
1264,54,14,23,0
1265,54,14,23,0
1266,54,14,23,0
1267,54,14,23,0
1268,54,14,23,0
1269,54,14,23,0
1270,54,14,23,0
1271,54,14,23,0
1272,54,14,23,0
1273,54,14,23,0
1274,54,14,23,0
1275,54,14,23,0
1276,54,14,23,0
1277,54,14,23,0
1278,54,14,23,0
1279,54,14,23,0
1280,54,14,23,0
1281,54,14,23,0
1282,54,14,23,0
1283,54,14,23,0
1284,54,14,23,0
1285,54,14,23,0
1286,54,14,23,0
1287,54,14,23,0
1288,54,14,23,0
1289,54,14,23,0
1290,54,14,23,0
1291,54,14,23,0
1292,54,14,23,0
1293,54,14,23,0
1294,54,14,23,0
1295,54,14,23,0
1296,54,14,23,0
1297,54,14,23,0
1298,54,14,23,0
1299,54,14,23,0
1300,54,14,23,0
1301,54,14,23,0
1302,54,14,23,0
1303,54,14,23,0
1304,54,14,23,0
1305,54,14,23,0
1306,54,14,23,0
1307,54,14,23,0
1308,54,14,23,0
1309,54,14,23,0
1310,54,14,23,0
1311,54,14,23,0
1312,54,14,23,0
1313,54,14,23,0
1314,54,14,23,0
1315,54,14,23,0
1316,54,14,23,0
1317,54,14,23,0
1318,54,14,23,0
1319,54,14,23,0
1320,54,14,23,0
1321,54,14,23,0
1322,54,14,23,0
1323,54,14,23,0
1324,54,14,23,0
1325,54,14,23,0
1326,54,14,23,0
1327,54,14,23,0
1328,54,14,23,0
1329,54,14,23,0
1330,54,14,23,0
1331,54,14,23,0
1332,54,14,23,0
1333,54,14,23,0
1334,54,14,23,0
1335,54,14,23,0
1336,54,14,23,0
1337,54,14,23,0
1338,54,14,23,0
1339,54,14,23,0
1340,54,14,23,0
1341,54,14,23,0
1342,54,14,23,0
1343,54,14,23,0
1344,54,14,23,0
1345,54,14,23,0
1346,54,14,23,0
1347,54,14,23,0
1348,54,14,23,0
1349,54,14,23,0
1350,54,14,23,0
1351,54,14,23,0
1352,54,14,23,0
1353,54,14,23,0
1354,54,14,23,0
1355,54,14,23,0
1356,54,14,23,0
1357,54,14,23,0
1358,54,14,23,0
1359,54,14,23,0
1360,54,14,23,0
1361,54,14,23,0
1362,54,14,23,0
1363,54,14,23,0
1364,54,14,23,0
1365,54,14,23,0
1366,54,14,23,0
1367,54,14,23,0
1368,54,14,23,0
1369,54,14,23,0
1370,54,14,23,0
1371,54,14,23,0
1372,54,14,23,0
1373,54,14,23,0
1374,54,14,23,0
1375,54,14,23,0
1376,54,14,23,0
1377,54,14,23,0
1378,54,14,23,0
1379,54,14,23,0
1380,54,14,23,0
1381,54,14,23,0
1382,54,14,23,0
1383,54,14,23,0
1384,54,14,23,0
1385,54,14,23,0
1386,54,14,23,0
1387,54,14,23,0
1388,54,14,23,0
1389,54,14,23,0
1390,54,14,23,0
1391,54,14,23,0
1392,54,14,23,0
1393,54,14,23,0
1394,54,14,23,0
1395,54,14,23,0
1396,54,14,23,0
1397,54,14,23,0
1398,54,14,23,0
1399,54,14,23,0
1400,54,14,23,0
1401,54,14,23,0
1402,54,14,23,0
1403,54,14,23,0
1404,54,14,23,0
1405,54,14,23,0
1406,54,14,23,0
1407,54,14,23,0
1408,54,14,23,0
1409,54,14,23,0
1410,54,14,23,0
1411,54,14,23,0
1412,54,14,23,0
1413,54,14,23,0
1414,54,14,23,0
1415,54,14,23,0
1416,54,14,23,0
1417,54,14,23,0
1418,54,14,23,0
1419,54,14,23,0
1420,54,14,23,0
1421,54,14,23,0
1422,54,14,23,0
1423,54,14,23,0
1424,54,14,23,0
1425,54,14,23,0
1426,54,14,23,0
1427,54,14,23,0
1428,54,14,23,0
1429,54,14,23,0
1430,54,14,23,0
1431,54,14,23,0
1432,54,14,23,0
1433,54,14,23,0
1434,54,14,23,0
1435,54,14,23,0
1436,54,14,23,0
1437,54,14,23,0
1438,54,14,23,0
1439,54,14,23,0
1440,54,14,23,0
1441,54,14,23,0
1442,54,14,23,0
1443,54,14,23,0
1444,54,14,23,0
1445,54,14,23,0
1446,54,14,23,0
1447,54,14,23,0
1448,54,14,23,0
1449,54,14,23,0
1450,54,14,23,0
1451,54,14,23,0
1452,54,14,23,0
1453,54,14,23,0
1454,54,14,23,0
1455,54,14,23,0
1456,54,14,23,0
1457,54,14,23,0
1458,54,14,23,0
1459,54,14,23,0
1460,54,14,23,0
1461,54,14,23,0
1462,54,14,23,0
1463,54,14,23,0
1464,54,14,23,0
1465,54,14,23,0
1466,54,14,23,0
1467,54,14,23,0
1468,54,14,23,0
1469,54,14,23,0
1470,54,14,23,0
1471,54,14,23,0
1472,54,14,23,0
1473,54,14,23,0
1474,54,14,23,0
1475,54,14,23,0
1476,54,14,23,0
1477,54,14,23,0
1478,54,14,23,0
1479,54,14,23,0
1480,54,14,23,0
1481,54,14,23,0
1482,54,14,23,0
1483,54,14,23,0
1484,54,14,23,0
1485,54,14,23,0
1486,54,14,23,0
1487,54,14,23,0
1488,54,14,23,0
1489,54,14,23,0
1490,54,14,23,0
1491,54,14,23,0
1492,54,14,23,0
1493,54,14,23,0
1494,54,14,23,0
1495,54,14,23,0
1496,54,14,23,0
1497,54,14,23,0
1498,54,14,23,0
1499,54,14,23,0
1500,54,14,23,0
1501,54,14,23,0
1502,54,14,23,0
1503,54,14,23,0
1504,54,14,23,0
1505,54,14,23,0
1506,54,14,23,0
1507,54,14,23,0
1508,54,14,23,0
1509,54,14,23,0
1510,54,14,23,0
1511,54,14,23,0
1512,54,14,23,0
1513,54,14,23,0
1514,54,14,23,0
1515,54,14,23,0
1516,54,14,23,0
1517,54,14,23,0
1518,54,14,23,0
1519,54,14,23,0
1520,54,14,23,0
1521,54,14,23,0
1522,54,14,23,0
1523,54,14,23,0
1524,54,14,23,0
1525,54,14,23,0
1526,54,14,23,0
1527,54,14,23,0
1528,54,14,23,0
1529,54,14,23,0
1530,54,14,23,0
1531,54,14,23,0
1532,54,14,23,0
1533,54,14,23,0
1534,54,14,23,0
1535,54,14,23,0
1536,54,14,23,0
1537,54,14,23,0
1538,54,14,23,0
1539,54,14,23,0
1540,54,14,23,0
1541,54,14,23,0
1542,54,14,23,0
1543,54,14,23,0
1544,54,14,23,0
1545,54,14,23,0
1546,54,14,23,0
1547,54,14,23,0
1548,54,14,23,0
1549,54,14,23,0
1550,54,14,23,0
1551,54,14,23,0
1552,54,14,23,0
1553,54,14,23,0
1554,54,14,23,0
1555,54,14,23,0
1556,54,14,23,0
1557,54,14,23,0
1558,54,14,23,0
1559,54,14,23,0
1560,54,14,23,0
1561,54,14,23,0
1562,54,14,23,0
1563,54,14,23,0
1564,54,14,23,0
1565,54,14,23,0
1566,54,14,23,0
1567,54,14,23,0
1568,54,14,23,0
1569,54,14,23,0
1570,54,14,23,0
1571,54,14,23,0
1572,54,14,23,0
1573,54,14,23,0
1574,54,14,23,0
1575,54,14,23,0
1576,54,14,23,0
1577,54,14,23,0
1578,54,14,23,0
1579,54,14,23,0
1580,54,14,23,0
1581,54,14,23,0
1582,54,14,23,0
1583,54,14,23,0
1584,54,14,23,0
1585,54,14,23,0
1586,54,14,23,0
1587,54,14,23,0
1588,54,14,23,0
1589,54,14,23,0
1590,54,14,23,0
1591,54,14,23,0
1592,54,14,23,0
1593,54,14,23,0
1594,54,14,23,0
1595,54,14,23,0
1596,54,14,23,0
1597,54,14,23,0
1598,54,14,23,0
1599,54,14,23,0
1600,54,14,23,0
1601,54,14,23,0
1602,54,14,23,0
1603,54,14,23,0
1604,54,14,23,0
1605,54,14,23,0
1606,54,14,23,0
1607,54,14,23,0
1608,54,14,23,0
1609,54,14,23,0
1610,54,14,23,0
1611,54,14,23,0
1612,54,14,23,0
1613,54,14,23,0
1614,54,14,23,0
1615,54,14,23,0
1616,54,14,23,0
1617,54,14,23,0
1618,54,14,23,0
1619,54,14,23,0
1620,54,14,23,0
1621,54,14,23,0
1622,54,14,23,0
1623,54,14,23,0
1624,54,14,23,0
1625,54,14,23,0
1626,54,14,23,0
1627,54,14,23,0
1628,54,14,23,0
1629,54,14,23,0
1630,54,14,23,0
1631,54,14,23,0
1632,54,14,23,0
1633,54,14,23,0
1634,54,14,23,0
1635,54,14,23,0
1636,54,14,23,0
1637,54,14,23,0
1638,54,14,23,0
1639,54,14,23,0
1640,54,14,23,0
1641,54,14,23,0
1642,54,14,23,0
1643,54,14,23,0
1644,54,14,23,0
1645,54,14,23,0
1646,54,14,23,0
1647,54,14,23,0
1648,54,14,23,0
1649,54,14,23,0
1650,54,14,23,0
1651,54,14,23,0
1652,54,14,23,0
1653,54,14,23,0
1654,54,14,23,0
1655,54,14,23,0
1656,54,14,23,0
1657,54,14,23,0
1658,54,14,23,0
1659,54,14,23,0
1660,54,14,23,0
1661,54,14,23,0
1662,54,14,23,0
1663,54,14,23,0
1664,54,14,23,0
1665,54,14,23,0
1666,54,14,23,0
1667,54,14,23,0
1668,54,14,23,0
1669,54,14,23,0
1670,54,14,23,0
1671,54,14,23,0
1672,54,14,23,0
1673,54,14,23,0
1674,54,14,23,0
1675,54,14,23,0
1676,54,14,23,0
1677,54,14,23,0
1678,54,14,23,0
1679,54,14,23,0
1680,54,14,23,0
1681,54,14,23,0
1682,54,14,23,0
1683,54,14,23,0
1684,54,14,23,0
1685,54,14,23,0
1686,54,14,23,0
1687,54,14,23,0
1688,54,14,23,0
1689,54,14,23,0
1690,54,14,23,0
1691,54,14,23,0
1692,54,14,23,0
1693,54,14,23,0
1694,54,14,23,0
1695,54,14,23,0
1696,54,14,23,0
1697,54,14,23,0
1698,54,14,23,0
1699,54,14,23,0
1700,54,14,23,0
1701,54,14,23,0
1702,54,14,23,0
1703,54,14,23,0
1704,54,14,23,0
1705,54,14,23,0
1706,54,14,23,0
1707,54,14,23,0
1708,54,14,23,0
1709,54,14,23,0
1710,54,14,23,0
1711,54,14,23,0
1712,54,14,23,0
1713,54,14,23,0
1714,54,14,23,0
1715,54,14,23,0
1716,54,14,23,0
1717,54,14,23,0
1718,54,14,23,0
1719,54,14,23,0
1720,54,14,23,0
1721,54,14,23,0
1722,54,14,23,0
1723,54,14,23,0
1724,54,14,23,0
1725,54,14,23,0
1726,54,14,23,0
1727,54,14,23,0
1728,54,14,23,0
1729,54,14,23,0
1730,54,14,23,0
1731,54,14,23,0
1732,54,14,23,0
1733,54,14,23,0
1734,54,14,23,0
1735,54,14,23,0
1736,54,14,23,0
1737,54,14,23,0
1738,54,14,23,0
1739,54,14,23,0
1740,54,14,23,0
1741,54,14,23,0
1742,54,14,23,0
1743,54,14,23,0
1744,54,14,23,0
1745,54,14,23,0
1746,54,14,23,0
1747,54,14,23,0
1748,54,14,23,0
1749,54,14,23,0
1750,54,14,23,0
1751,54,14,23,0
1752,54,14,23,0
1753,54,14,23,0
1754,54,14,23,0
1755,54,14,23,0
1756,54,14,23,0
1757,54,14,23,0
1758,54,14,23,0
1759,54,14,23,0
1760,54,14,23,0
1761,54,14,23,0
1762,54,14,23,0
1763,54,14,23,0
1764,54,14,23,0
1765,54,14,23,0
1766,54,14,23,0
1767,54,14,23,0
1768,54,14,23,0
1769,54,14,23,0
1770,54,14,23,0
1771,54,14,23,0
1772,54,14,23,0
1773,54,14,23,0
1774,54,14,23,0
1775,54,14,23,0
1776,54,14,23,0
1777,54,14,23,0
1778,54,14,23,0
1779,54,14,23,0
1780,54,14,23,0
1781,54,14,23,0
1782,54,14,23,0
1783,54,14,23,0
1784,54,14,23,0
1785,54,14,23,0
1786,54,14,23,0
1787,54,14,23,0
1788,54,14,23,0
1789,54,14,23,0
1790,54,14,23,0
1791,54,14,23,0
1792,54,14,23,0
1793,54,14,23,0
1794,54,14,23,0
1795,54,14,23,0
1796,54,14,23,0
1797,54,14,23,0
1798,54,14,23,0
1799,54,14,23,0
1800,54,14,23,0
1801,54,14,23,0
1802,54,14,23,0
1803,54,14,23,0
1804,54,14,23,0
1805,54,14,23,0
1806,54,14,23,0
1807,54,14,23,0
1808,54,14,23,0
1809,54,14,23,0
1810,54,14,23,0
1811,54,14,23,0
1812,54,14,23,0
1813,54,14,23,0
1814,54,14,23,0
1815,54,14,23,0
1816,54,14,23,0
1817,54,14,23,0
1818,54,14,23,0
1819,54,14,23,0
1820,54,14,23,0
1821,54,14,23,0
1822,54,14,23,0
1823,54,14,23,0
1824,54,14,23,0
1825,54,14,23,0
1826,54,14,23,0
1827,54,14,23,0
1828,54,14,23,0
1829,54,14,23,0
1830,54,14,23,0
1831,54,14,23,0
1832,54,14,23,0
1833,54,14,23,0
1834,54,14,23,0
1835,54,14,23,0
1836,54,14,23,0
1837,54,14,23,0
1838,54,14,23,0
1839,54,14,23,0
1840,54,14,23,0
1841,54,14,23,0
1842,54,14,23,0
1843,54,14,23,0
1844,54,14,23,0
1845,54,14,23,0
1846,54,14,23,0
1847,54,14,23,0
1848,54,14,23,0
1849,54,14,23,0
1850,54,14,23,0
1851,54,14,23,0
1852,54,14,23,0
1853,54,14,23,0
1854,54,14,23,0
1855,54,14,23,0
1856,54,14,23,0
1857,54,14,23,0
1858,54,14,23,0
1859,54,14,23,0
1860,54,14,23,0
1861,56,14,24,0
1862,56,14,24,0
1863,56,14,24,0
1864,56,14,24,0
1865,56,14,24,0
1866,56,14,24,0
1867,56,14,24,0
1868,56,14,24,0
1869,56,14,24,0
1870,56,14,24,0
1871,56,14,24,0
1872,56,14,24,0
1873,56,14,24,0
1874,56,14,24,0
1875,56,14,24,0
1876,56,14,24,0
1877,56,14,24,0
1878,56,14,24,0
1879,56,14,24,0
1880,56,14,24,0
1881,56,14,24,0
1882,56,14,24,0
1883,56,14,24,0
1884,56,14,24,0
1885,56,14,24,0
1886,56,14,24,0
1887,56,14,24,0
1888,56,14,24,0
1889,56,14,24,0
1890,56,14,24,0
1891,56,14,24,0
1892,56,14,24,0
1893,56,14,24,0
1894,56,14,24,0
1895,56,14,24,0
1896,56,14,24,0
1897,56,14,24,0
1898,56,14,24,0
1899,56,14,24,0
1900,56,14,24,0
1901,56,14,24,0
1902,56,14,24,0
1903,56,14,24,0
1904,56,14,24,0
1905,56,14,24,0
1906,56,14,24,0
1907,56,14,24,0
1908,56,14,24,0
1909,56,14,24,0
1910,56,14,24,0
1911,56,14,24,0
1912,56,14,24,0
1913,56,14,24,0
1914,56,14,24,0
1915,56,14,24,0
1916,56,14,24,0
1917,56,14,24,0
1918,56,14,24,0
1919,56,14,24,0
1920,56,14,24,0
1921,56,14,24,0
1922,56,14,24,0
1923,56,14,24,0
1924,56,14,24,0
1925,56,14,24,0
1926,56,14,24,0
1927,56,14,24,0
1928,56,14,24,0
1929,56,14,24,0
1930,56,14,24,0
1931,56,14,24,0
1932,56,14,24,0
1933,56,14,24,0
1934,56,14,24,0
1935,56,14,24,0
1936,56,14,24,0
1937,56,14,24,0
1938,56,14,24,0
1939,56,14,24,0
1940,56,14,24,0
1941,56,14,24,0
1942,56,14,24,0
1943,56,14,24,0
1944,56,14,24,0
1945,56,14,24,0
1946,56,14,24,0
1947,56,14,24,0
1948,56,14,24,0
1949,56,14,24,0
1950,56,14,24,0
1951,56,14,24,0
1952,56,14,24,0
1953,56,14,24,0
1954,56,14,24,0
1955,56,14,24,0
1956,56,14,24,0
1957,56,14,24,0
1958,56,14,24,0
1959,56,14,24,0
1960,56,14,24,0
1961,56,14,24,0
1962,56,14,24,0
1963,56,14,24,0
1964,56,14,24,0
1965,56,14,24,0
1966,56,14,24,0
1967,56,14,24,0
1968,56,14,24,0
1969,56,14,24,0
1970,56,14,24,0
1971,56,14,24,0
1972,56,14,24,0
1973,56,14,24,0
1974,56,14,24,0
1975,56,14,24,0
1976,56,14,24,0
1977,56,14,24,0
1978,56,14,24,0
1979,56,14,24,0
1980,56,14,24,0
1981,56,14,24,0
1982,56,14,24,0
1983,56,14,24,0
1984,56,14,24,0
1985,56,14,24,0
1986,56,14,24,0
1987,56,14,24,0
1988,56,14,24,0
1989,56,14,24,0
1990,56,14,24,0
1991,56,14,24,0
1992,56,14,24,0
1993,56,14,24,0
1994,56,14,24,0
1995,56,14,24,0
1996,56,14,24,0
1997,56,14,24,0
1998,56,14,24,0
1999,56,14,24,0
2000,56,14,24,0
2001,56,14,24,0
2002,56,14,24,0
2003,56,14,24,0
2004,56,14,24,0
2005,56,14,24,0
2006,56,14,24,0
2007,56,14,24,0
2008,56,14,24,0
2009,56,14,24,0
2010,56,14,24,0
2011,56,14,24,0
2012,56,14,24,0
2013,56,14,24,0
2014,56,14,24,0
2015,56,14,24,0
2016,56,14,24,0
2017,56,14,24,0
2018,56,14,24,0
2019,56,14,24,0
2020,56,14,24,0
2021,56,14,24,0
2022,56,14,24,0
2023,56,14,24,0
2024,56,14,24,0
2025,56,14,24,0
2026,56,14,24,0
2027,56,14,24,0
2028,56,14,24,0
2029,56,14,24,0
2030,56,14,24,0
2031,56,14,24,0
2032,56,14,24,0
2033,56,14,24,0
2034,56,14,24,0
2035,56,14,24,0
2036,56,14,24,0
2037,56,14,24,0
2038,56,14,24,0
2039,56,14,24,0
2040,56,14,24,0
2041,56,14,24,0
2042,56,14,24,0
2043,56,14,24,0
2044,56,14,24,0
2045,56,14,24,0
2046,56,14,24,0
2047,56,14,24,0
2048,56,14,24,0
2049,56,14,24,0
2050,56,14,24,0
2051,56,14,24,0
2052,56,14,24,0
2053,56,14,24,0
2054,56,14,24,0
2055,56,14,24,0
2056,56,14,24,0
2057,56,14,24,0
2058,56,14,24,0
2059,56,14,24,0
2060,56,14,24,0
2061,56,14,24,0
2062,56,14,24,0
2063,56,14,24,0
2064,56,14,24,0
2065,56,14,24,0
2066,56,14,24,0
2067,56,14,24,0
2068,56,14,24,0
2069,56,14,24,0
2070,56,14,24,0
2071,56,14,24,0
2072,56,14,24,0
2073,56,14,24,0
2074,56,14,24,0
2075,56,14,24,0
2076,56,14,24,0
2077,56,14,24,0
2078,56,14,24,0
2079,56,14,24,0
2080,56,14,24,0
2081,56,14,24,0
2082,56,14,24,0
2083,56,14,24,0
2084,56,14,24,0
2085,56,14,24,0
2086,56,14,24,0
2087,56,14,24,0
2088,56,14,24,0
2089,56,14,24,0
2090,56,14,24,0
2091,56,14,24,0
2092,56,14,24,0
2093,56,14,24,0
2094,56,14,24,0
2095,56,14,24,0
2096,56,14,24,0
2097,56,14,24,0
2098,56,14,24,0
2099,56,14,24,0
2100,56,14,24,0
2101,56,14,24,0
2102,56,14,24,0
2103,56,14,24,0
2104,56,14,24,0
2105,56,14,24,0
2106,56,14,24,0
2107,56,14,24,0
2108,56,14,24,0
2109,56,14,24,0
2110,56,14,24,0
2111,56,14,24,0
2112,56,14,24,0
2113,56,14,24,0
2114,56,14,24,0
2115,56,14,24,0
2116,56,14,24,0
2117,56,14,24,0
2118,56,14,24,0
2119,56,14,24,0
2120,56,14,24,0
2121,56,14,24,0
2122,56,14,24,0
2123,56,14,24,0
2124,56,14,24,0
2125,56,14,24,0
2126,56,14,24,0
2127,56,14,24,0
2128,56,14,24,0
2129,56,14,24,0
2130,56,14,24,0
2131,56,14,24,0
2132,56,14,24,0
2133,56,14,24,0
2134,56,14,24,0
2135,56,14,24,0
2136,56,14,24,0
2137,56,14,24,0
2138,56,14,24,0
2139,56,14,24,0
2140,56,14,24,0
2141,56,14,24,0
2142,56,14,24,0
2143,56,14,24,0
2144,56,14,24,0
2145,56,14,24,0
2146,56,14,24,0
2147,56,14,24,0
2148,56,14,24,0
2149,56,14,24,0
2150,56,14,24,0
2151,56,14,24,0
2152,56,14,24,0
2153,56,14,24,0
2154,56,14,24,0
2155,56,14,24,0
2156,56,14,24,0
2157,56,14,24,0
2158,56,14,24,0
2159,56,14,24,0
2160,56,14,24,0
2161,56,14,24,0
2162,56,14,24,0
2163,56,14,24,0
2164,56,14,24,0
2165,56,14,24,0
2166,56,14,24,0
2167,56,14,24,0
2168,56,14,24,0
2169,56,14,24,0
2170,56,14,24,0
2171,56,14,24,0
2172,56,14,24,0
2173,56,14,24,0
2174,56,14,24,0
2175,56,14,24,0
2176,56,14,24,0
2177,56,14,24,0
2178,56,14,24,0
2179,56,14,24,0
2180,56,14,24,0
2181,56,14,24,0
2182,56,14,24,0
2183,56,14,24,0
2184,56,14,24,0
2185,56,14,24,0
2186,56,14,24,0
2187,56,14,24,0
2188,56,14,24,0
2189,56,14,24,0
2190,56,14,24,0
2191,56,14,24,0
2192,56,14,24,0
2193,56,14,24,0
2194,56,14,24,0
2195,56,14,24,0
2196,56,14,24,0
2197,56,14,24,0
2198,56,14,24,0
2199,56,14,24,0
2200,56,14,24,0
2201,56,14,24,0
2202,56,14,24,0
2203,56,14,24,0
2204,56,14,24,0
2205,56,14,24,0
2206,56,14,24,0
2207,56,14,24,0
2208,56,14,24,0
2209,56,14,24,0
2210,56,14,24,0
2211,56,14,24,0
2212,56,14,24,0
2213,56,14,24,0
2214,56,14,24,0
2215,56,14,24,0
2216,56,14,24,0
2217,56,14,24,0
2218,56,14,24,0
2219,56,14,24,0
2220,56,14,24,0
2221,56,14,24,0
2222,56,14,24,0
2223,56,14,24,0
2224,56,14,24,0
2225,56,14,24,0
2226,56,14,24,0
2227,56,14,24,0
2228,56,14,24,0
2229,56,14,24,0
2230,56,14,24,0
2231,56,14,24,0
2232,56,14,24,0
2233,56,14,24,0
2234,56,14,24,0
2235,56,14,24,0
2236,56,14,24,0
2237,56,14,24,0
2238,56,14,24,0
2239,56,14,24,0
2240,56,14,24,0
2241,56,14,24,0
2242,56,14,24,0
2243,56,14,24,0
2244,56,14,24,0
2245,56,14,24,0
2246,56,14,24,0
2247,56,14,24,0
2248,56,14,24,0
2249,56,14,24,0
2250,56,14,24,0
2251,56,14,24,0
2252,56,14,24,0
2253,56,14,24,0
2254,56,14,24,0
2255,56,14,24,0
2256,56,14,24,0
2257,56,14,24,0
2258,56,14,24,0
2259,56,14,24,0
2260,56,14,24,0
2261,56,14,24,0
2262,56,14,24,0
2263,56,14,24,0
2264,56,14,24,0
2265,56,14,24,0
2266,56,14,24,0
2267,56,14,24,0
2268,56,14,24,0
2269,56,14,24,0
2270,56,14,24,0
2271,56,14,24,0
2272,56,14,24,0
2273,56,14,24,0
2274,56,14,24,0
2275,56,14,24,0
2276,56,14,24,0
2277,56,14,24,0
2278,56,14,24,0
2279,56,14,24,0
2280,56,14,24,0
2281,56,14,24,0
2282,56,14,24,0
2283,56,14,24,0
2284,56,14,24,0
2285,56,14,24,0
2286,56,14,24,0
2287,56,14,24,0
2288,56,14,24,0
2289,56,14,24,0
2290,56,14,24,0
2291,56,14,24,0
2292,56,14,24,0
2293,56,14,24,0
2294,56,14,24,0
2295,56,14,24,0
2296,56,14,24,0
2297,56,14,24,0
2298,56,14,24,0
2299,56,14,24,0
2300,56,14,24,0
2301,56,14,24,0
2302,56,14,24,0
2303,56,14,24,0
2304,56,14,24,0
2305,56,14,24,0
2306,56,14,24,0
2307,56,14,24,0
2308,56,14,24,0
2309,56,14,24,0
2310,56,14,24,0
2311,56,14,24,0
2312,56,14,24,0
2313,56,14,24,0
2314,56,14,24,0
2315,56,14,24,0
2316,56,14,24,0
2317,56,14,24,0
2318,56,14,24,0
2319,56,14,24,0
2320,56,14,24,0
2321,56,14,24,0
2322,56,14,24,0
2323,56,14,24,0
2324,56,14,24,0
2325,56,14,24,0
2326,56,14,24,0
2327,56,14,24,0
2328,56,14,24,0
2329,56,14,24,0
2330,56,14,24,0
2331,56,14,24,0
2332,56,14,24,0
2333,56,14,24,0
2334,56,14,24,0
2335,56,14,24,0
2336,56,14,24,0
2337,56,14,24,0
2338,56,14,24,0
2339,56,14,24,0
2340,56,14,24,0
2341,56,14,24,0
2342,56,14,24,0
2343,56,14,24,0
2344,56,14,24,0
2345,56,14,24,0
2346,56,14,24,0
2347,56,14,24,0
2348,56,14,24,0
2349,56,14,24,0
2350,56,14,24,0
2351,56,14,24,0
2352,56,14,24,0
2353,56,14,24,0
2354,56,14,24,0
2355,56,14,24,0
2356,56,14,24,0
2357,56,14,24,0
2358,56,14,24,0
2359,56,14,24,0
2360,56,14,24,0
2361,56,14,24,0
2362,56,14,24,0
2363,56,14,24,0
2364,56,14,24,0
2365,56,14,24,0
2366,56,14,24,0
2367,56,14,24,0
2368,56,14,24,0
2369,56,14,24,0
2370,56,14,24,0
2371,56,14,24,0
2372,56,14,24,0
2373,56,14,24,0
2374,56,14,24,0
2375,56,14,24,0
2376,56,14,24,0
2377,56,14,24,0
2378,56,14,24,0
2379,56,14,24,0
2380,56,14,24,0
2381,56,14,24,0
2382,56,14,24,0
2383,56,14,24,0
2384,56,14,24,0
2385,56,14,24,0
2386,56,14,24,0
2387,56,14,24,0
2388,56,14,24,0
2389,56,14,24,0
2390,56,14,24,0
2391,56,14,24,0
2392,56,14,24,0
2393,56,14,24,0
2394,56,14,24,0
2395,56,14,24,0
2396,56,14,24,0
2397,56,14,24,0
2398,56,14,24,0
2399,56,14,24,0
2400,56,14,24,0
2401,56,14,24,0
2402,56,14,24,0
2403,56,14,24,0
2404,56,14,24,0
2405,56,14,24,0
2406,56,14,24,0
2407,56,14,24,0
2408,56,14,24,0
2409,56,14,24,0
2410,56,14,24,0
2411,56,14,24,0
2412,56,14,24,0
2413,56,14,24,0
2414,56,14,24,0
2415,56,14,24,0
2416,56,14,24,0
2417,56,14,24,0
2418,56,14,24,0
2419,56,14,24,0
2420,56,14,24,0
2421,56,14,24,0
2422,56,14,24,0
2423,56,14,24,0
2424,56,14,24,0
2425,56,14,24,0
2426,56,14,24,0
2427,56,14,24,0
2428,56,14,24,0
2429,56,14,24,0
2430,56,14,24,0
2431,56,14,24,0
2432,56,14,24,0
2433,56,14,24,0
2434,56,14,24,0
2435,56,14,24,0
2436,56,14,24,0
2437,56,14,24,0
2438,56,14,24,0
2439,56,14,24,0
2440,56,14,24,0
2441,56,14,24,0
2442,56,14,24,0
2443,56,14,24,0
2444,56,14,24,0
2445,56,14,24,0
2446,56,14,24,0
2447,56,14,24,0
2448,56,14,24,0
2449,56,14,24,0
2450,56,14,24,0
2451,56,14,24,0
2452,56,14,24,0
2453,56,14,24,0
2454,56,14,24,0
2455,56,14,24,0
2456,56,14,24,0
2457,56,14,24,0
2458,56,14,24,0
2459,56,14,24,0
2460,56,14,24,0
2461,56,14,24,0
2462,56,14,24,0
2463,56,14,24,0
2464,56,14,24,0
2465,56,14,24,0
2466,56,14,24,0
2467,56,14,24,0
2468,56,14,24,0
2469,56,14,24,0
2470,56,14,24,0
2471,56,14,24,0
2472,56,14,24,0
2473,56,14,24,0
2474,56,14,24,0
2475,56,14,24,0
2476,56,14,24,0
2477,56,14,24,0
2478,56,14,24,0
2479,56,14,24,0
2480,56,14,24,0
2481,56,14,24,0
2482,56,14,24,0
2483,56,14,24,0
2484,56,14,24,0
2485,56,14,24,0
2486,56,14,24,0
2487,56,14,24,0
2488,56,14,24,0
2489,56,14,24,0
2490,56,14,24,0
2491,56,14,24,0
2492,56,14,24,0
2493,56,14,24,0
2494,56,14,24,0
2495,56,14,24,0
2496,56,14,24,0
2497,56,14,24,0
2498,56,14,24,0
2499,56,14,24,0
2500,56,14,24,0
2501,56,14,24,0
2502,56,14,24,0
2503,56,14,24,0
2504,56,14,24,0
2505,56,14,24,0
2506,56,14,24,0
2507,56,14,24,0
2508,56,14,24,0
2509,56,14,24,0
2510,56,14,24,0
2511,56,14,24,0
2512,56,14,24,0
2513,56,14,24,0
2514,56,14,24,0
2515,56,14,24,0
2516,56,14,24,0
2517,56,14,24,0
2518,56,14,24,0
2519,56,14,24,0
2520,56,14,24,0
2521,56,14,24,0
2522,56,14,24,0
2523,56,14,24,0
2524,56,14,24,0
2525,56,14,24,0
2526,56,14,24,0
2527,56,14,24,0
2528,56,14,24,0
2529,56,14,24,0
2530,56,14,24,0
2531,56,14,24,0
2532,56,14,24,0
2533,56,14,24,0
2534,56,14,24,0
2535,56,14,24,0
2536,56,14,24,0
2537,56,14,24,0
2538,56,14,24,0
2539,56,14,24,0
2540,56,14,24,0
2541,56,14,24,0
2542,56,14,24,0
2543,56,14,24,0
2544,56,14,24,0
2545,56,14,24,0
2546,56,14,24,0
2547,56,14,24,0
2548,56,14,24,0
2549,56,14,24,0
2550,56,14,24,0
2551,56,14,24,0
2552,56,14,24,0
2553,56,14,24,0
2554,56,14,24,0
2555,56,14,24,0
2556,56,14,24,0
2557,56,14,24,0
2558,56,14,24,0
2559,56,14,24,0
2560,56,14,24,0
2561,56,14,24,0
2562,56,14,24,0
2563,56,14,24,0
2564,56,14,24,0
2565,56,14,24,0
2566,56,14,24,0
2567,56,14,24,0
2568,56,14,24,0
2569,56,14,24,0
2570,56,14,24,0
2571,56,14,24,0
2572,56,14,24,0
2573,56,14,24,0
2574,56,14,24,0
2575,56,14,24,0
2576,56,14,24,0
2577,56,14,24,0
2578,56,14,24,0
2579,56,14,24,0
2580,56,14,24,0
2581,56,14,24,0
2582,56,14,24,0
2583,56,14,24,0
2584,56,14,24,0
2585,56,14,24,0
2586,56,14,24,0
2587,56,14,24,0
2588,56,14,24,0
2589,56,14,24,0
2590,56,14,24,0
2591,56,14,24,0
2592,56,14,24,0
2593,56,14,24,0
2594,56,14,24,0
2595,56,14,24,0
2596,56,14,24,0
2597,56,14,24,0
2598,56,14,24,0
2599,56,14,24,0
2600,56,14,24,0
2601,56,14,24,0
2602,56,14,24,0
2603,56,14,24,0
2604,56,14,24,0
2605,56,14,24,0
2606,56,14,24,0
2607,56,14,24,0
2608,56,14,24,0
2609,56,14,24,0
2610,56,14,24,0
2611,56,14,24,0
2612,56,14,24,0
2613,56,14,24,0
2614,56,14,24,0
2615,56,14,24,0
2616,56,14,24,0
2617,56,14,24,0
2618,56,14,24,0
2619,56,14,24,0
2620,56,14,24,0
2621,56,14,24,0
2622,56,14,24,0
2623,56,14,24,0
2624,56,14,24,0
2625,56,14,24,0
2626,56,14,24,0
2627,56,14,24,0
2628,56,14,24,0
2629,56,14,24,0
2630,56,14,24,0
2631,56,14,24,0
2632,56,14,24,0
2633,56,14,24,0
2634,56,14,24,0
2635,56,14,24,0
2636,56,14,24,0
2637,56,14,24,0
2638,56,14,24,0
2639,56,14,24,0
2640,56,14,24,0
2641,56,14,24,0
2642,56,14,24,0
2643,56,14,24,0
2644,56,14,24,0
2645,56,14,24,0
2646,56,14,24,0
2647,56,14,24,0
2648,56,14,24,0
2649,56,14,24,0
2650,56,14,24,0
2651,56,14,24,0
2652,56,14,24,0
2653,56,14,24,0
2654,56,14,24,0
2655,56,14,24,0
2656,56,14,24,0
2657,56,14,24,0
2658,56,14,24,0
2659,56,14,24,0
2660,56,14,24,0
2661,56,14,24,0
2662,56,14,24,0
2663,56,14,24,0
2664,56,14,24,0
2665,56,14,24,0
2666,56,14,24,0
2667,56,14,24,0
2668,56,14,24,0
2669,56,14,24,0
2670,56,14,24,0
2671,56,14,24,0
2672,56,14,24,0
2673,56,14,24,0
2674,56,14,24,0
2675,56,14,24,0
2676,56,14,24,0
2677,56,14,24,0
2678,56,14,24,0
2679,56,14,24,0
2680,56,14,24,0
2681,56,14,24,0
2682,56,14,24,0
2683,56,14,24,0
2684,56,14,24,0
2685,56,14,24,0
2686,56,14,24,0
2687,56,14,24,0
2688,56,14,24,0
2689,56,14,24,0
2690,56,14,24,0
2691,56,14,24,0
2692,56,14,24,0
2693,56,14,24,0
2694,56,14,24,0
2695,56,14,24,0
2696,56,14,24,0
2697,56,14,24,0
2698,56,14,24,0
2699,56,14,24,0
2700,56,14,24,0
2701,56,14,24,0
2702,56,14,24,0
2703,56,14,24,0
2704,56,14,24,0
2705,56,14,24,0
2706,56,14,24,0
2707,56,14,24,0
2708,56,14,24,0
2709,56,14,24,0
2710,56,14,24,0
2711,56,14,24,0
2712,56,14,24,0
2713,56,14,24,0
2714,56,14,24,0
2715,56,14,24,0
2716,56,14,24,0
2717,56,14,24,0
2718,56,14,24,0
2719,56,14,24,0
2720,56,14,24,0
2721,56,14,24,0
2722,56,14,24,0
2723,56,14,24,0
2724,56,14,24,0
2725,56,14,24,0
2726,56,14,24,0
2727,56,14,24,0
2728,56,14,24,0
2729,56,14,24,0
2730,56,14,24,0
2731,56,14,24,0
2732,56,14,24,0
2733,56,14,24,0
2734,56,14,24,0
2735,56,14,24,0
2736,56,14,24,0
2737,56,14,24,0
2738,56,14,24,0
2739,56,14,24,0
2740,56,14,24,0
2741,56,14,24,0
2742,56,14,24,0
2743,56,14,24,0
2744,56,14,24,0
2745,56,14,24,0
2746,56,14,24,0
2747,56,14,24,0
2748,56,14,24,0
2749,56,14,24,0
2750,56,14,24,0
2751,56,14,24,0
2752,56,14,24,0
2753,56,14,24,0
2754,56,14,24,0
2755,56,14,24,0
2756,56,14,24,0
2757,56,14,24,0
2758,56,14,24,0
2759,56,14,24,0
2760,56,14,24,0
2761,56,14,24,0
2762,56,14,24,0
2763,56,14,24,0
2764,56,14,24,0
2765,56,14,24,0
2766,56,14,24,0
2767,56,14,24,0
2768,56,14,24,0
2769,56,14,24,0
2770,56,14,24,0
2771,56,14,24,0
2772,56,14,24,0
2773,56,14,24,0
2774,56,14,24,0
2775,56,14,24,0
2776,56,14,24,0
2777,56,14,24,0
2778,56,14,24,0
2779,56,14,24,0
2780,56,14,24,0
2781,56,14,24,0
2782,56,14,24,0
2783,56,14,24,0
2784,56,14,24,0
2785,56,14,24,0
2786,56,14,24,0
2787,56,14,24,0
2788,56,14,24,0
2789,56,14,24,0
2790,56,14,24,0
2791,56,14,24,0
2792,56,14,24,0
2793,56,14,24,0
2794,56,14,24,0
2795,56,14,24,0
2796,56,14,24,0
2797,56,14,24,0
2798,56,14,24,0
2799,56,14,24,0
2800,56,14,24,0
2801,56,14,24,0
2802,56,14,24,0
2803,56,14,24,0
2804,56,14,24,0
2805,56,14,24,0
2806,56,14,24,0
2807,56,14,24,0
2808,56,14,24,0
2809,56,14,24,0
2810,56,14,24,0
2811,56,14,24,0
2812,56,14,24,0
2813,56,14,24,0
2814,56,14,24,0
2815,56,14,24,0
2816,56,14,24,0
2817,56,14,24,0
2818,56,14,24,0
2819,56,14,24,0
2820,56,14,24,0
2821,56,14,24,0
2822,56,14,24,0
2823,56,14,24,0
2824,56,14,24,0
2825,56,14,24,0
2826,56,14,24,0
2827,56,14,24,0
2828,56,14,24,0
2829,56,14,24,0
2830,56,14,24,0
2831,56,14,24,0
2832,56,14,24,0
2833,56,14,24,0
2834,56,14,24,0
2835,56,14,24,0
2836,56,14,24,0
2837,56,14,24,0
2838,56,14,24,0
2839,56,14,24,0
2840,56,14,24,0
2841,56,14,24,0
2842,56,14,24,0
2843,56,14,24,0
2844,56,14,24,0
2845,56,14,24,0
2846,56,14,24,0
2847,56,14,24,0
2848,56,14,24,0
2849,56,14,24,0
2850,56,14,24,0
2851,56,14,24,0
2852,56,14,24,0
2853,56,14,24,0
2854,56,14,24,0
2855,56,14,24,0
2856,56,14,24,0
2857,56,14,24,0
2858,56,14,24,0
2859,56,14,24,0
2860,56,14,24,0
2861,56,14,24,0
2862,56,14,24,0
2863,56,14,24,0
2864,56,14,24,0
2865,56,14,24,0
2866,56,14,24,0
2867,56,14,24,0
2868,56,14,24,0
2869,56,14,24,0
2870,56,14,24,0
2871,56,14,24,0
2872,56,14,24,0
2873,56,14,24,0
2874,56,14,24,0
2875,56,14,24,0
2876,56,14,24,0
2877,56,14,24,0
2878,56,14,24,0
2879,56,14,24,0
2880,56,14,24,0
2881,56,14,24,0
2882,56,14,24,0
2883,56,14,24,0
2884,56,14,24,0
2885,56,14,24,0
2886,56,14,24,0
2887,56,14,24,0
2888,56,14,24,0
2889,56,14,24,0
2890,56,14,24,0
2891,56,14,24,0
2892,56,14,24,0
2893,56,14,24,0
2894,56,14,24,0
2895,56,14,24,0
2896,56,14,24,0
2897,56,14,24,0
2898,56,14,24,0
2899,56,14,24,0
2900,56,14,24,0
2901,56,14,24,0
2902,56,14,24,0
2903,56,14,24,0
2904,56,14,24,0
2905,56,14,24,0
2906,56,14,24,0
2907,56,14,24,0
2908,56,14,24,0
2909,56,14,24,0
2910,56,14,24,0
2911,56,14,24,0
2912,56,14,24,0
2913,56,14,24,0
2914,56,14,24,0
2915,56,14,24,0
2916,56,14,24,0
2917,56,14,24,0
2918,56,14,24,0
2919,56,14,24,0
2920,56,14,24,0
2921,56,14,24,0
2922,56,14,24,0
2923,56,14,24,0
2924,56,14,24,0
2925,56,14,24,0
2926,56,14,24,0
2927,56,14,24,0
2928,56,14,24,0
2929,56,14,24,0
2930,56,14,24,0
2931,56,14,24,0
2932,56,14,24,0
2933,56,14,24,0
2934,56,14,24,0
2935,56,14,24,0
2936,56,14,24,0
2937,56,14,24,0
2938,56,14,24,0
2939,56,14,24,0
2940,56,14,24,0
2941,56,14,24,0
2942,56,14,24,0
2943,56,14,24,0
2944,56,14,24,0
2945,56,14,24,0
2946,56,14,24,0
2947,56,14,24,0
2948,56,14,24,0
2949,56,14,24,0
2950,56,14,24,0
2951,56,14,24,0
2952,56,14,24,0
2953,56,14,24,0
2954,56,14,24,0
2955,56,14,24,0
2956,56,14,24,0
2957,56,14,24,0
2958,56,14,24,0
2959,56,14,24,0
2960,56,14,24,0
2961,56,14,24,0
2962,56,14,24,0
2963,56,14,24,0
2964,56,14,24,0
2965,56,14,24,0
2966,56,14,24,0
2967,56,14,24,0
2968,56,14,24,0
2969,56,14,24,0
2970,56,14,24,0
2971,56,14,24,0
2972,56,14,24,0
2973,56,14,24,0
2974,56,14,24,0
2975,56,14,24,0
2976,56,14,24,0
2977,56,14,24,0
2978,56,14,24,0
2979,56,14,24,0
2980,56,14,24,0
2981,56,14,24,0
2982,56,14,24,0
2983,56,14,24,0
2984,56,14,24,0
2985,56,14,24,0
2986,56,14,24,0
2987,56,14,24,0
2988,56,14,24,0
2989,56,14,24,0
2990,56,14,24,0
2991,56,14,24,0
2992,56,14,24,0
2993,56,14,24,0
2994,56,14,24,0
2995,56,14,24,0
2996,56,14,24,0
2997,56,14,24,0
2998,56,14,24,0
2999,56,14,24,0
3000,56,14,24,0
3001,56,14,24,0
3002,56,14,24,0
3003,56,14,24,0
3004,56,14,24,0
3005,56,14,24,0
3006,56,14,24,0
3007,56,14,24,0
3008,56,14,24,0
3009,56,14,24,0
3010,56,14,24,0
3011,56,14,24,0
3012,56,14,24,0
3013,56,14,24,0
3014,56,14,24,0
3015,56,14,24,0
3016,56,14,24,0
3017,56,14,24,0
3018,56,14,24,0
3019,56,14,24,0
3020,56,14,24,0
3021,56,14,24,0
3022,56,14,24,0
3023,56,14,24,0
3024,56,14,24,0
3025,56,14,24,0
3026,56,14,24,0
3027,56,14,24,0
3028,56,14,24,0
3029,56,14,24,0
3030,56,14,24,0
3031,56,14,24,0
3032,56,14,24,0
3033,56,14,24,0
3034,56,14,24,0
3035,56,14,24,0
3036,56,14,24,0
3037,56,14,24,0
3038,56,14,24,0
3039,56,14,24,0
3040,56,14,24,0
3041,56,14,24,0
3042,56,14,24,0
3043,56,14,24,0
3044,56,14,24,0
3045,56,14,24,0
3046,56,14,24,0
3047,56,14,24,0
3048,56,14,24,0
3049,56,14,24,0
3050,56,14,24,0
3051,56,14,24,0
3052,56,14,24,0
3053,56,14,24,0
3054,56,14,24,0
3055,56,14,24,0
3056,56,14,24,0
3057,56,14,24,0
3058,56,14,24,0
3059,56,14,24,0
3060,56,14,24,0
3061,56,14,24,0
3062,56,14,24,0
3063,56,14,24,0
3064,56,14,24,0
3065,56,14,24,0
3066,56,14,24,0
3067,56,14,24,0
3068,56,14,24,0
3069,56,14,24,0
3070,56,14,24,0
3071,56,14,24,0
3072,56,14,24,0
3073,56,14,24,0
3074,56,14,24,0
3075,56,14,24,0
3076,56,14,24,0
3077,56,14,24,0
3078,56,14,24,0
3079,56,14,24,0
3080,56,14,24,0
3081,56,14,24,0
3082,56,14,24,0
3083,56,14,24,0
3084,56,14,24,0
3085,56,14,24,0
3086,56,14,24,0
3087,56,14,24,0
3088,56,14,24,0
3089,56,14,24,0
3090,56,14,24,0
3091,56,14,24,0
3092,56,14,24,0
3093,56,14,24,0
3094,56,14,24,0
3095,56,14,24,0
3096,56,14,24,0
3097,56,14,24,0
3098,56,14,24,0
3099,56,14,24,0
3100,56,14,24,0
3101,56,14,24,0
3102,56,14,24,0
3103,56,14,24,0
3104,56,14,24,0
3105,56,14,24,0
3106,56,14,24,0
3107,56,14,24,0
3108,56,14,24,0
3109,56,14,24,0
3110,56,14,24,0
3111,56,14,24,0
3112,56,14,24,0
3113,56,14,24,0
3114,56,14,24,0
3115,56,14,24,0
3116,56,14,24,0
3117,56,14,24,0
3118,56,14,24,0
3119,56,14,24,0
3120,56,14,24,0
3121,56,14,24,0
3122,56,14,24,0
3123,56,14,24,0
3124,56,14,24,0
3125,56,14,24,0
3126,56,14,24,0
3127,56,14,24,0
3128,56,14,24,0
3129,56,14,24,0
3130,56,14,24,0
3131,56,14,24,0
3132,56,14,24,0
3133,56,14,24,0
3134,56,14,24,0
3135,56,14,24,0
3136,56,14,24,0
3137,56,14,24,0
3138,56,14,24,0
3139,56,14,24,0
3140,56,14,24,0
3141,56,14,24,0
3142,56,14,24,0
3143,56,14,24,0
3144,56,14,24,0
3145,56,14,24,0
3146,56,14,24,0
3147,56,14,24,0
3148,56,14,24,0
3149,56,14,24,0
3150,56,14,24,0
3151,56,14,24,0
3152,56,14,24,0
3153,56,14,24,0
3154,56,14,24,0
3155,56,14,24,0
3156,56,14,24,0
3157,56,14,24,0
3158,56,14,24,0
3159,56,14,24,0
3160,56,14,24,0
3161,56,14,24,0
3162,56,14,24,0
3163,56,14,24,0
3164,56,14,24,0
3165,56,14,24,0
3166,56,14,24,0
3167,56,14,24,0
3168,56,14,24,0
3169,56,14,24,0
3170,56,14,24,0
3171,56,14,24,0
3172,56,14,24,0
3173,56,14,24,0
3174,56,14,24,0
3175,56,14,24,0
3176,56,14,24,0
3177,56,14,24,0
3178,56,14,24,0
3179,56,14,24,0
3180,56,14,24,0
3181,56,14,24,0
3182,56,14,24,0
3183,56,14,24,0
3184,56,14,24,0
3185,56,14,24,0
3186,56,14,24,0
3187,56,14,24,0
3188,56,14,24,0
3189,56,14,24,0
3190,56,14,24,0
3191,56,14,24,0
3192,56,14,24,0
3193,56,14,24,0
3194,56,14,24,0
3195,56,14,24,0
3196,56,14,24,0
3197,56,14,24,0
3198,56,14,24,0
3199,56,14,24,0
3200,56,14,24,0
3201,56,14,24,0
3202,56,14,24,0
3203,56,14,24,0
3204,56,14,24,0
3205,56,14,24,0
3206,56,14,24,0
3207,56,14,24,0
3208,56,14,24,0
3209,56,14,24,0
3210,56,14,24,0
3211,56,14,24,0
3212,56,14,24,0
3213,56,14,24,0
3214,56,14,24,0
3215,56,14,24,0
3216,56,14,24,0
3217,56,14,24,0
3218,56,14,24,0
3219,56,14,24,0
3220,56,14,24,0
3221,56,14,24,0
3222,56,14,24,0
3223,56,14,24,0
3224,56,14,24,0
3225,56,14,24,0
3226,56,14,24,0
3227,56,14,24,0
3228,56,14,24,0
3229,56,14,24,0
3230,56,14,24,0
3231,56,14,24,0
3232,56,14,24,0
3233,56,14,24,0
3234,56,14,24,0
3235,56,14,24,0
3236,56,14,24,0
3237,56,14,24,0
3238,56,14,24,0
3239,56,14,24,0
3240,56,14,24,0
3241,56,14,24,0
3242,56,14,24,0
3243,56,14,24,0
3244,56,14,24,0
3245,56,14,24,0
3246,56,14,24,0
3247,56,14,24,0
3248,56,14,24,0
3249,56,14,24,0
3250,56,14,24,0
3251,56,14,24,0
3252,56,14,24,0
3253,56,14,24,0
3254,56,14,24,0
3255,56,14,24,0
3256,56,14,24,0
3257,56,14,24,0
3258,56,14,24,0
3259,56,14,24,0
3260,56,14,24,0
3261,56,14,24,0
3262,56,14,24,0
3263,56,14,24,0
3264,56,14,24,0
3265,56,14,24,0
3266,56,14,24,0
3267,56,14,24,0
3268,56,14,24,0
3269,56,14,24,0
3270,56,14,24,0
3271,56,14,24,0
3272,56,14,24,0
3273,56,14,24,0
3274,56,14,24,0
3275,56,14,24,0
3276,56,14,24,0
3277,56,14,24,0
3278,56,14,24,0
3279,56,14,24,0
3280,56,14,24,0
3281,56,14,24,0
3282,56,14,24,0
3283,56,14,24,0
3284,56,14,24,0
3285,56,14,24,0
3286,56,14,24,0
3287,56,14,24,0
3288,56,14,24,0
3289,56,14,24,0
3290,56,14,24,0
3291,56,14,24,0
3292,56,14,24,0
3293,56,14,24,0
3294,56,14,24,0
3295,56,14,24,0
3296,56,14,24,0
3297,56,14,24,0
3298,56,14,24,0
3299,56,14,24,0
3300,56,14,24,0
3301,56,14,24,0
3302,56,14,24,0
3303,56,14,24,0
3304,56,14,24,0
3305,56,14,24,0
3306,56,14,24,0
3307,56,14,24,0
3308,56,14,24,0
3309,56,14,24,0
3310,56,14,24,0
3311,56,14,24,0
3312,56,14,24,0
3313,56,14,24,0
3314,56,14,24,0
3315,56,14,24,0
3316,56,14,24,0
3317,56,14,24,0
3318,56,14,24,0
3319,56,14,24,0
3320,56,14,24,0
3321,56,14,24,0
3322,56,14,24,0
3323,56,14,24,0
3324,56,14,24,0
3325,56,14,24,0
3326,56,14,24,0
3327,56,14,24,0
3328,56,14,24,0
3329,56,14,24,0
3330,56,14,24,0
3331,56,14,24,0
3332,56,14,24,0
3333,56,14,24,0
3334,56,14,24,0
3335,56,14,24,0
3336,56,14,24,0
3337,56,14,24,0
3338,56,14,24,0
3339,56,14,24,0
3340,56,14,24,0
3341,56,14,24,0
3342,56,14,24,0
3343,56,14,24,0
3344,56,14,24,0
3345,56,14,24,0
3346,56,14,24,0
3347,56,14,24,0
3348,56,14,24,0
3349,56,14,24,0
3350,56,14,24,0
3351,56,14,24,0
3352,56,14,24,0
3353,56,14,24,0
3354,56,14,24,0
3355,56,14,24,0
3356,56,14,24,0
3357,56,14,24,0
3358,56,14,24,0
3359,56,14,24,0
3360,56,14,24,0
3361,56,14,24,0
3362,56,14,24,0
3363,56,14,24,0
3364,56,14,24,0
3365,56,14,24,0
3366,56,14,24,0
3367,56,14,24,0
3368,56,14,24,0
3369,56,14,24,0
3370,56,14,24,0
3371,56,14,24,0
3372,56,14,24,0
3373,56,14,24,0
3374,56,14,24,0
3375,56,14,24,0
3376,56,14,24,0
3377,56,14,24,0
3378,56,14,24,0
3379,56,14,24,0
3380,56,14,24,0
3381,56,14,24,0
3382,56,14,24,0
3383,56,14,24,0
3384,56,14,24,0
3385,56,14,24,0
3386,56,14,24,0
3387,56,14,24,0
3388,56,14,24,0
3389,56,14,24,0
3390,56,14,24,0
3391,56,14,24,0
3392,56,14,24,0
3393,56,14,24,0
3394,56,14,24,0
3395,56,14,24,0
3396,56,14,24,0
3397,56,14,24,0
3398,56,14,24,0
3399,56,14,24,0
3400,56,14,24,0
3401,56,14,24,0
3402,56,14,24,0
3403,56,14,24,0
3404,56,14,24,0
3405,56,14,24,0
3406,56,14,24,0
3407,56,14,24,0
3408,56,14,24,0
3409,56,14,24,0
3410,56,14,24,0
3411,56,14,24,0
3412,56,14,24,0
3413,56,14,24,0
3414,56,14,24,0
3415,56,14,24,0
3416,56,14,24,0
3417,56,14,24,0
3418,56,14,24,0
3419,56,14,24,0
3420,56,14,24,0
3421,56,14,24,0
3422,56,14,24,0
3423,56,14,24,0
3424,56,14,24,0
3425,56,14,24,0
3426,56,14,24,0
3427,56,14,24,0
3428,56,14,24,0
3429,56,14,24,0
3430,56,14,24,0
3431,56,14,24,0
3432,56,14,24,0
3433,56,14,24,0
3434,56,14,24,0
3435,56,14,24,0
3436,56,14,24,0
3437,56,14,24,0
3438,56,14,24,0
3439,56,14,24,0
3440,56,14,24,0
3441,56,14,24,0
3442,56,14,24,0
3443,56,14,24,0
3444,56,14,24,0
3445,56,14,24,0
3446,56,14,24,0
3447,56,14,24,0
3448,56,14,24,0
3449,56,14,24,0
3450,56,14,24,0
3451,56,14,24,0
3452,56,14,24,0
3453,56,14,24,0
3454,56,14,24,0
3455,56,14,24,0
3456,56,14,24,0
3457,56,14,24,0
3458,56,14,24,0
3459,56,14,24,0
3460,56,14,24,0
3461,56,14,24,0
3462,56,14,24,0
3463,56,14,24,0
3464,56,14,24,0
3465,56,14,24,0
3466,56,14,24,0
3467,56,14,24,0
3468,56,14,24,0
3469,56,14,24,0
3470,56,14,24,0
3471,56,14,24,0
3472,56,14,24,0
3473,56,14,24,0
3474,56,14,24,0
3475,56,14,24,0
3476,56,14,24,0
3477,56,14,24,0
3478,56,14,24,0
3479,56,14,24,0
3480,56,14,24,0
3481,56,14,24,0
3482,56,14,24,0
3483,56,14,24,0
3484,56,14,24,0
3485,56,14,24,0
3486,56,14,24,0
3487,56,14,24,0
3488,56,14,24,0
3489,56,14,24,0
3490,56,14,24,0
3491,56,14,24,0
3492,56,14,24,0
3493,56,14,24,0
3494,56,14,24,0
3495,56,14,24,0
3496,56,14,24,0
3497,56,14,24,0
3498,56,14,24,0
3499,56,14,24,0
3500,56,14,24,0
3501,56,14,24,0
3502,56,14,24,0
3503,56,14,24,0
3504,56,14,24,0
3505,56,14,24,0
3506,56,14,24,0
3507,56,14,24,0
3508,56,14,24,0
3509,56,14,24,0
3510,56,14,24,0
3511,56,14,24,0
3512,56,14,24,0
3513,56,14,24,0
3514,56,14,24,0
3515,56,14,24,0
3516,56,14,24,0
3517,56,14,24,0
3518,56,14,24,0
3519,56,14,24,0
3520,56,14,24,0
3521,56,14,24,0
3522,56,14,24,0
3523,56,14,24,0
3524,56,14,24,0
3525,56,14,24,0
3526,56,14,24,0
3527,56,14,24,0
3528,56,14,24,0
3529,56,14,24,0
3530,56,14,24,0
3531,56,14,24,0
3532,56,14,24,0
3533,56,14,24,0
3534,56,14,24,0
3535,56,14,24,0
3536,56,14,24,0
3537,56,14,24,0
3538,56,14,24,0
3539,56,14,24,0
3540,56,14,24,0
3541,56,14,24,0
3542,56,14,24,0
3543,56,14,24,0
3544,56,14,24,0
3545,56,14,24,0
3546,56,14,24,0
3547,56,14,24,0
3548,56,14,24,0
3549,56,14,24,0
3550,56,14,24,0
3551,56,14,24,0
3552,56,14,24,0
3553,56,14,24,0
3554,56,14,24,0
3555,56,14,24,0
3556,56,14,24,0
3557,56,14,24,0
3558,56,14,24,0
3559,56,14,24,0
3560,56,14,24,0
3561,56,14,24,0
3562,56,14,24,0
3563,56,14,24,0
3564,56,14,24,0
3565,56,14,24,0
3566,56,14,24,0
3567,56,14,24,0
3568,56,14,24,0
3569,56,14,24,0
3570,56,14,24,0
3571,56,14,24,0
3572,56,14,24,0
3573,56,14,24,0
3574,56,14,24,0
3575,56,14,24,0
3576,56,14,24,0
3577,56,14,24,0
3578,56,14,24,0
3579,56,14,24,0
3580,56,14,24,0
3581,56,14,24,0
3582,56,14,24,0
3583,56,14,24,0
3584,56,14,24,0
3585,56,14,24,0
3586,56,14,24,0
3587,56,14,24,0
3588,56,14,24,0
3589,56,14,24,0
3590,56,14,24,0
3591,56,14,24,0
3592,56,14,24,0
3593,56,14,24,0
3594,56,14,24,0
3595,56,14,24,0
3596,56,14,24,0
3597,56,14,24,0
3598,56,14,24,0
3599,56,14,24,0
3600,56,14,24,0
3601,56,14,24,0
3602,56,14,24,0
3603,56,14,24,0
3604,56,14,24,0
3605,56,14,24,0
3606,56,14,24,0
3607,56,14,24,0
3608,56,14,24,0
3609,56,14,24,0
3610,56,14,24,0
3611,56,14,24,0
3612,56,14,24,0
3613,56,14,24,0
3614,56,14,24,0
3615,56,14,24,0
3616,56,14,24,0
3617,56,14,24,0
3618,56,14,24,0
3619,56,14,24,0
3620,56,14,24,0
3621,56,14,24,0
3622,56,14,24,0
3623,56,14,24,0
3624,56,14,24,0
3625,56,14,24,0
3626,56,14,24,0
3627,56,14,24,0
3628,56,14,24,0
3629,56,14,24,0
3630,56,14,24,0
3631,56,14,24,0
3632,56,14,24,0
3633,56,14,24,0
3634,56,14,24,0
3635,56,14,24,0
3636,56,14,24,0
3637,56,14,24,0
3638,56,14,24,0
3639,56,14,24,0
3640,56,14,24,0
3641,56,14,24,0
3642,56,14,24,0
3643,56,14,24,0
3644,56,14,24,0
3645,56,14,24,0
3646,56,14,24,0
3647,56,14,24,0
3648,56,14,24,0
3649,56,14,24,0
3650,56,14,24,0
3651,56,14,24,0
3652,56,14,24,0
3653,56,14,24,0
3654,56,14,24,0
3655,56,14,24,0
3656,56,14,24,0
3657,56,14,24,0
3658,56,14,24,0
3659,56,14,24,0
3660,56,14,24,0
3661,56,14,24,0
3662,56,14,24,0
3663,56,14,24,0
3664,56,14,24,0
3665,56,14,24,0
3666,56,14,24,0
3667,56,14,24,0
3668,56,14,24,0
3669,56,14,24,0
3670,56,14,24,0
3671,56,14,24,0
3672,56,14,24,0
3673,56,14,24,0
3674,56,14,24,0
3675,56,14,24,0
3676,56,14,24,0
3677,56,14,24,0
3678,56,14,24,0
3679,56,14,24,0
3680,56,14,24,0
3681,56,14,24,0
3682,56,14,24,0
3683,56,14,24,0
3684,56,14,24,0
3685,56,14,24,0
3686,56,14,24,0
3687,56,14,24,0
3688,56,14,24,0
3689,56,14,24,0
3690,56,14,24,0
3691,56,14,24,0
3692,56,14,24,0
3693,56,14,24,0
3694,56,14,24,0
3695,56,14,24,0
3696,56,14,24,0
3697,56,14,24,0
3698,56,14,24,0
3699,56,14,24,0
3700,56,14,24,0
3701,56,14,24,0
3702,56,14,24,0
3703,56,14,24,0
3704,56,14,24,0
3705,56,14,24,0
3706,56,14,24,0
3707,56,14,24,0
3708,56,14,24,0
3709,56,14,24,0
3710,56,14,24,0
3711,56,14,24,0
3712,56,14,24,0
3713,56,14,24,0
3714,56,14,24,0
3715,56,14,24,0
3716,56,14,24,0
3717,56,14,24,0
3718,56,14,24,0
3719,56,14,24,0
3720,56,14,24,0
3721,56,14,24,0
3722,56,14,24,0
3723,56,14,24,0
3724,56,14,24,0
3725,56,14,24,0
3726,56,14,24,0
3727,56,14,24,0
3728,56,14,24,0
3729,56,14,24,0
3730,56,14,24,0
3731,56,14,24,0
3732,56,14,24,0
3733,56,14,24,0
3734,56,14,24,0
3735,56,14,24,0
3736,56,14,24,0
3737,56,14,24,0
3738,56,14,24,0
3739,56,14,24,0
3740,56,14,24,0
3741,56,14,24,0
3742,56,14,24,0
3743,56,14,24,0
3744,56,14,24,0
3745,56,14,24,0
3746,56,14,24,0
3747,56,14,24,0
3748,56,14,24,0
3749,56,14,24,0
3750,56,14,24,0
3751,56,14,24,0
3752,56,14,24,0
3753,56,14,24,0
3754,56,14,24,0
3755,56,14,24,0
3756,56,14,24,0
3757,56,14,24,0
3758,56,14,24,0
3759,56,14,24,0
3760,56,14,24,0
3761,56,14,24,0
3762,56,14,24,0
3763,56,14,24,0
3764,56,14,24,0
3765,56,14,24,0
3766,56,14,24,0
3767,56,14,24,0
3768,56,14,24,0
3769,56,14,24,0
3770,56,14,24,0
3771,56,14,24,0
3772,56,14,24,0
3773,56,14,24,0
3774,56,14,24,0
3775,56,14,24,0
3776,56,14,24,0
3777,56,14,24,0
3778,56,14,24,0
3779,56,14,24,0
3780,56,14,24,0
3781,56,14,24,0
3782,56,14,24,0
3783,56,14,24,0
3784,56,14,24,0
3785,56,14,24,0
3786,56,14,24,0
3787,56,14,24,0
3788,56,14,24,0
3789,56,14,24,0
3790,56,14,24,0
3791,56,14,24,0
3792,56,14,24,0
3793,56,14,24,0
3794,56,14,24,0
3795,56,14,24,0
3796,56,14,24,0
3797,56,14,24,0
3798,56,14,24,0
3799,56,14,24,0
3800,56,14,24,0
3801,56,14,24,0
3802,56,14,24,0
3803,56,14,24,0
3804,56,14,24,0
3805,56,14,24,0
3806,56,14,24,0
3807,56,14,24,0
3808,56,14,24,0
3809,56,14,24,0
3810,56,14,24,0
3811,56,14,24,0
3812,56,14,24,0
3813,56,14,24,0
3814,56,14,24,0
3815,56,14,24,0
3816,56,14,24,0
3817,56,14,24,0
3818,56,14,24,0
3819,56,14,24,0
3820,56,14,24,0
3821,56,14,24,0
3822,56,14,24,0
3823,56,14,24,0
3824,56,14,24,0
3825,56,14,24,0
3826,56,14,24,0
3827,56,14,24,0
3828,56,14,24,0
3829,56,14,24,0
3830,56,14,24,0
3831,56,14,24,0
3832,56,14,24,0
3833,56,14,24,0
3834,56,14,24,0
3835,56,14,24,0
3836,56,14,24,0
3837,56,14,24,0
3838,56,14,24,0
3839,56,14,24,0
3840,56,14,24,0
3841,56,14,24,0
3842,56,14,24,0
3843,56,14,24,0
3844,56,14,24,0
3845,56,14,24,0
3846,56,14,24,0
3847,56,14,24,0
3848,56,14,24,0
3849,56,14,24,0
3850,56,14,24,0
3851,56,14,24,0
3852,56,14,24,0
3853,56,14,24,0
3854,56,14,24,0
3855,56,14,24,0
3856,56,14,24,0
3857,56,14,24,0
3858,56,14,24,0
3859,56,14,24,0
3860,56,14,24,0
3861,56,14,24,0
3862,56,14,24,0
3863,56,14,24,0
3864,56,14,24,0
3865,56,14,24,0
3866,56,14,24,0
3867,56,14,24,0
3868,56,14,24,0
3869,56,14,24,0
3870,56,14,24,0
3871,56,14,24,0
3872,56,14,24,0
3873,56,14,24,0
3874,56,14,24,0
3875,56,14,24,0
3876,56,14,24,0
3877,56,14,24,0
3878,56,14,24,0
3879,56,14,24,0
3880,56,14,24,0
3881,56,14,24,0
3882,56,14,24,0
3883,56,14,24,0
3884,56,14,24,0
3885,56,14,24,0
3886,56,14,24,0
3887,56,14,24,0
3888,56,14,24,0
3889,56,14,24,0
3890,56,14,24,0
3891,56,14,24,0
3892,56,14,24,0
3893,56,14,24,0
3894,56,14,24,0
3895,56,14,24,0
3896,56,14,24,0
3897,56,14,24,0
3898,56,14,24,0
3899,56,14,24,0
3900,57,14,25,0
3901,57,14,25,0
3902,57,14,25,0
3903,57,14,25,0
3904,57,14,25,0
3905,57,14,25,0
3906,57,14,25,0
3907,57,14,25,0
3908,57,14,25,0
3909,57,14,25,0
3910,57,14,25,0
3911,57,14,25,0
3912,57,14,25,0
3913,57,14,25,0
3914,57,14,25,0
3915,57,14,25,0
3916,57,14,25,0
3917,57,14,25,0
3918,57,14,25,0
3919,57,14,25,0
3920,57,14,25,0
3921,57,14,25,0
3922,57,14,25,0
3923,57,14,25,0
3924,57,14,25,0
3925,57,14,25,0
3926,57,14,25,0
3927,57,14,25,0
3928,57,14,25,0
3929,57,14,25,0
3930,57,14,25,0
3931,57,14,25,0
3932,57,14,25,0
3933,57,14,25,0
3934,57,14,25,0
3935,57,14,25,0
3936,57,14,25,0
3937,57,14,25,0
3938,57,14,25,0
3939,57,14,25,0
3940,57,14,25,0
3941,57,14,25,0
3942,57,14,25,0
3943,57,14,25,0
3944,57,14,25,0
3945,57,14,25,0
3946,57,14,25,0
3947,57,14,25,0
3948,57,14,25,0
3949,57,14,25,0
3950,57,14,25,0
3951,57,14,25,0
3952,57,14,25,0
3953,57,14,25,0
3954,57,14,25,0
3955,57,14,25,0
3956,57,14,25,0
3957,57,14,25,0
3958,57,14,25,0
3959,57,14,25,0
3960,57,14,25,0
3961,57,14,25,0
3962,57,14,25,0
3963,57,14,25,0
3964,57,14,25,0
3965,57,14,25,0
3966,57,14,25,0
3967,57,14,25,0
3968,57,14,25,0
3969,57,14,25,0
3970,57,14,25,0
3971,57,14,25,0
3972,57,14,25,0
3973,57,14,25,0
3974,57,14,25,0
3975,57,14,25,0
3976,57,14,25,0
3977,57,14,25,0
3978,57,14,25,0
3979,57,14,25,0
3980,57,14,25,0
3981,57,14,25,0
3982,57,14,25,0
3983,57,14,25,0
3984,57,14,25,0
3985,57,14,25,0
3986,57,14,25,0
3987,57,14,25,0
3988,57,14,25,0
3989,57,14,25,0
3990,57,14,25,0
3991,57,14,25,0
3992,57,14,25,0
3993,57,14,25,0
3994,57,14,25,0
3995,57,14,25,0
3996,57,14,25,0
3997,57,14,25,0
3998,57,14,25,0
3999,57,14,25,0
4000,57,14,25,0
4001,57,14,25,0
4002,57,14,25,0
4003,57,14,25,0
4004,57,14,25,0
4005,57,14,25,0
4006,57,14,25,0
4007,57,14,25,0
4008,57,14,25,0
4009,57,14,25,0
4010,57,14,25,0
4011,57,14,25,0
4012,57,14,25,0
4013,57,14,25,0
4014,57,14,25,0
4015,57,14,25,0
4016,57,14,25,0
4017,57,14,25,0
4018,57,14,25,0
4019,57,14,25,0
4020,57,14,25,0
4021,57,14,25,0
4022,57,14,25,0
4023,57,14,25,0
4024,57,14,25,0
4025,57,14,25,0
4026,57,14,25,0
4027,57,14,25,0
4028,57,14,25,0
4029,57,14,25,0
4030,57,14,25,0
4031,57,14,25,0
4032,57,14,25,0
4033,57,14,25,0
4034,57,14,25,0
4035,57,14,25,0
4036,57,14,25,0
4037,57,14,25,0
4038,57,14,25,0
4039,57,14,25,0
4040,57,14,25,0
4041,57,14,25,0
4042,57,14,25,0
4043,57,14,25,0
4044,57,14,25,0
4045,57,14,25,0
4046,57,14,25,0
4047,57,14,25,0
4048,57,14,25,0
4049,57,14,25,0
4050,57,14,25,0
4051,57,14,25,0
4052,57,14,25,0
4053,57,14,25,0
4054,57,14,25,0
4055,57,14,25,0
4056,57,14,25,0
4057,57,14,25,0
4058,57,14,25,0
4059,57,14,25,0
4060,57,14,25,0
4061,57,14,25,0
4062,57,14,25,0
4063,57,14,25,0
4064,57,14,25,0
4065,57,14,25,0
4066,57,14,25,0
4067,57,14,25,0
4068,57,14,25,0
4069,57,14,25,0
4070,57,14,25,0
4071,57,14,25,0
4072,57,14,25,0
4073,57,14,25,0
4074,57,14,25,0
4075,57,14,25,0
4076,57,14,25,0
4077,57,14,25,0
4078,57,14,25,0
4079,57,14,25,0
4080,57,14,25,0
4081,57,14,25,0
4082,57,14,25,0
4083,57,14,25,0
4084,57,14,25,0
4085,57,14,25,0
4086,57,14,25,0
4087,57,14,25,0
4088,57,14,25,0
4089,57,14,25,0
4090,57,14,25,0
4091,57,14,25,0
4092,57,14,25,0
4093,57,14,25,0
4094,57,14,25,0
4095,57,14,25,0
4096,57,14,25,0
4097,57,14,25,0
4098,57,14,25,0
4099,57,14,25,0
4100,57,14,25,0
4101,57,14,25,0
4102,57,14,25,0
4103,57,14,25,0
4104,57,14,25,0
4105,57,14,25,0
4106,57,14,25,0
4107,57,14,25,0
4108,57,14,25,0
4109,57,14,25,0
4110,57,14,25,0
4111,57,14,25,0
4112,57,14,25,0
4113,57,14,25,0
4114,57,14,25,0
4115,57,14,25,0
4116,57,14,25,0
4117,57,14,25,0
4118,57,14,25,0
4119,57,14,25,0
4120,57,14,25,0
4121,57,14,25,0
4122,57,14,25,0
4123,57,14,25,0
4124,57,14,25,0
4125,57,14,25,0
4126,57,14,25,0
4127,57,14,25,0
4128,57,14,25,0
4129,57,14,25,0
4130,57,14,25,0
4131,57,14,25,0
4132,57,14,25,0
4133,57,14,25,0
4134,57,14,25,0
4135,57,14,25,0
4136,57,14,25,0
4137,57,14,25,0
4138,57,14,25,0
4139,57,14,25,0
4140,57,14,25,0
4141,57,14,25,0
4142,57,14,25,0
4143,57,14,25,0
4144,57,14,25,0
4145,57,14,25,0
4146,57,14,25,0
4147,57,14,25,0
4148,57,14,25,0
4149,57,14,25,0
4150,57,14,25,0
4151,57,14,25,0
4152,57,14,25,0
4153,57,14,25,0
4154,57,14,25,0
4155,57,14,25,0
4156,57,14,25,0
4157,57,14,25,0
4158,57,14,25,0
4159,57,14,25,0
4160,57,14,25,0
4161,57,14,25,0
4162,57,14,25,0
4163,57,14,25,0
4164,57,14,25,0
4165,57,14,25,0
4166,57,14,25,0
4167,57,14,25,0
4168,57,14,25,0
4169,57,14,25,0
4170,57,14,25,0
4171,57,14,25,0
4172,57,14,25,0
4173,57,14,25,0
4174,57,14,25,0
4175,57,14,25,0
4176,57,14,25,0
4177,57,14,25,0
4178,57,14,25,0
4179,57,14,25,0
4180,57,14,25,0
4181,57,14,25,0
4182,57,14,25,0
4183,57,14,25,0
4184,57,14,25,0
4185,57,14,25,0
4186,57,14,25,0
4187,57,14,25,0
4188,57,14,25,0
4189,57,14,25,0
4190,57,14,25,0
4191,57,14,25,0
4192,57,14,25,0
4193,57,14,25,0
4194,57,14,25,0
4195,57,14,25,0
4196,57,14,25,0
4197,57,14,25,0
4198,57,14,25,0
4199,57,14,25,0
4200,57,14,25,0
4201,57,14,25,0
4202,57,14,25,0
4203,57,14,25,0
4204,57,14,25,0
4205,57,14,25,0
4206,57,14,25,0
4207,57,14,25,0
4208,57,14,25,0
4209,57,14,25,0
4210,57,14,25,0
4211,57,14,25,0
4212,57,14,25,0
4213,57,14,25,0
4214,57,14,25,0
4215,57,14,25,0
4216,57,14,25,0
4217,57,14,25,0
4218,57,14,25,0
4219,57,14,25,0
4220,57,14,25,0
4221,57,14,25,0
4222,57,14,25,0
4223,57,14,25,0
4224,57,14,25,0
4225,57,14,25,0
4226,57,14,25,0
4227,57,14,25,0
4228,57,14,25,0
4229,57,14,25,0
4230,57,14,25,0
4231,57,14,25,0
4232,57,14,25,0
4233,57,14,25,0
4234,57,14,25,0
4235,57,14,25,0
4236,57,14,25,0
4237,57,14,25,0
4238,57,14,25,0
4239,57,14,25,0
4240,57,14,25,0
4241,57,14,25,0
4242,57,14,25,0
4243,57,14,25,0
4244,57,14,25,0
4245,57,14,25,0
4246,57,14,25,0
4247,57,14,25,0
4248,57,14,25,0
4249,57,14,25,0
4250,57,14,25,0
4251,57,14,25,0
4252,57,14,25,0
4253,57,14,25,0
4254,57,14,25,0
4255,57,14,25,0
4256,57,14,25,0
4257,57,14,25,0
4258,57,14,25,0
4259,57,14,25,0
4260,57,14,25,0
4261,57,14,25,0
4262,57,14,25,0
4263,57,14,25,0
4264,57,14,25,0
4265,57,14,25,0
4266,57,14,25,0
4267,57,14,25,0
4268,57,14,25,0
4269,57,14,25,0
4270,57,14,25,0
4271,57,14,25,0
4272,57,14,25,0
4273,57,14,25,0
4274,57,14,25,0
4275,57,14,25,0
4276,57,14,25,0
4277,57,14,25,0
4278,57,14,25,0
4279,57,14,25,0
4280,57,14,25,0
4281,57,14,25,0
4282,57,14,25,0
4283,57,14,25,0
4284,57,14,25,0
4285,57,14,25,0
4286,57,14,25,0
4287,57,14,25,0
4288,57,14,25,0
4289,57,14,25,0
4290,57,14,25,0
4291,57,14,25,0
4292,57,14,25,0
4293,57,14,25,0
4294,57,14,25,0
4295,57,14,25,0
4296,57,14,25,0
4297,57,14,25,0
4298,57,14,25,0
4299,57,14,25,0
4300,57,14,25,0
4301,57,14,25,0
4302,57,14,25,0
4303,57,14,25,0
4304,57,14,25,0
4305,57,14,25,0
4306,57,14,25,0
4307,57,14,25,0
4308,57,14,25,0
4309,57,14,25,0
4310,57,14,25,0
4311,57,14,25,0
4312,57,14,25,0
4313,57,14,25,0
4314,57,14,25,0
4315,57,14,25,0
4316,57,14,25,0
4317,57,14,25,0
4318,57,14,25,0
4319,57,14,25,0
4320,57,14,25,0
4321,57,14,25,0
4322,57,14,25,0
4323,57,14,25,0
4324,57,14,25,0
4325,57,14,25,0
4326,57,14,25,0
4327,57,14,25,0
4328,57,14,25,0
4329,57,14,25,0
4330,57,14,25,0
4331,57,14,25,0
4332,57,14,25,0
4333,57,14,25,0
4334,57,14,25,0
4335,57,14,25,0
4336,57,14,25,0
4337,57,14,25,0
4338,57,14,25,0
4339,57,14,25,0
4340,57,14,25,0
4341,57,14,25,0
4342,57,14,25,0
4343,57,14,25,0
4344,57,14,25,0
4345,57,14,25,0
4346,57,14,25,0
4347,57,14,25,0
4348,57,14,25,0
4349,57,14,25,0
4350,57,14,25,0
4351,57,14,25,0
4352,57,14,25,0
4353,57,14,25,0
4354,57,14,25,0
4355,57,14,25,0
4356,57,14,25,0
4357,57,14,25,0
4358,57,14,25,0
4359,57,14,25,0
4360,57,14,25,0
4361,57,14,25,0
4362,57,14,25,0
4363,57,14,25,0
4364,57,14,25,0
4365,57,14,25,0
4366,57,14,25,0
4367,57,14,25,0
4368,57,14,25,0
4369,57,14,25,0
4370,57,14,25,0
4371,57,14,25,0
4372,57,14,25,0
4373,57,14,25,0
4374,57,14,25,0
4375,57,14,25,0
4376,57,14,25,0
4377,57,14,25,0
4378,57,14,25,0
4379,57,14,25,0
4380,57,14,25,0
4381,57,14,25,0
4382,57,14,25,0
4383,57,14,25,0
4384,57,14,25,0
4385,57,14,25,0
4386,57,14,25,0
4387,57,14,25,0
4388,57,14,25,0
4389,57,14,25,0
4390,57,14,25,0
4391,57,14,25,0
4392,57,14,25,0
4393,57,14,25,0
4394,57,14,25,0
4395,57,14,25,0
4396,57,14,25,0
4397,57,14,25,0
4398,57,14,25,0
4399,57,14,25,0
4400,57,14,25,0
4401,57,14,25,0
4402,57,14,25,0
4403,57,14,25,0
4404,57,14,25,0
4405,57,14,25,0
4406,57,14,25,0
4407,57,14,25,0
4408,57,14,25,0
4409,57,14,25,0
4410,57,14,25,0
4411,57,14,25,0
4412,57,14,25,0
4413,57,14,25,0
4414,57,14,25,0
4415,57,14,25,0
4416,57,14,25,0
4417,57,14,25,0
4418,57,14,25,0
4419,57,14,25,0
4420,57,14,25,0
4421,57,14,25,0
4422,57,14,25,0
4423,57,14,25,0
4424,57,14,25,0
4425,57,14,25,0
4426,57,14,25,0
4427,57,14,25,0
4428,57,14,25,0
4429,57,14,25,0
4430,57,14,25,0
4431,57,14,25,0
4432,57,14,25,0
4433,57,14,25,0
4434,57,14,25,0
4435,57,14,25,0
4436,57,14,25,0
4437,57,14,25,0
4438,57,14,25,0
4439,57,14,25,0
4440,57,14,25,0
4441,57,14,25,0
4442,57,14,25,0
4443,57,14,25,0
4444,57,14,25,0
4445,57,14,25,0
4446,57,14,25,0
4447,57,14,25,0
4448,57,14,25,0
4449,57,14,25,0
4450,57,14,25,0
4451,57,14,25,0
4452,57,14,25,0
4453,57,14,25,0
4454,57,14,25,0
4455,57,14,25,0
4456,57,14,25,0
4457,57,14,25,0
4458,57,14,25,0
4459,57,14,25,0
4460,57,14,25,0
4461,57,14,25,0
4462,57,14,25,0
4463,57,14,25,0
4464,57,14,25,0
4465,57,14,25,0
4466,57,14,25,0
4467,57,14,25,0
4468,57,14,25,0
4469,57,14,25,0
4470,57,14,25,0
4471,57,14,25,0
4472,57,14,25,0
4473,57,14,25,0
4474,57,14,25,0
4475,57,14,25,0
4476,57,14,25,0
4477,57,14,25,0
4478,57,14,25,0
4479,57,14,25,0
4480,57,14,25,0
4481,57,14,25,0
4482,57,14,25,0
4483,57,14,25,0
4484,57,14,25,0
4485,57,14,25,0
4486,57,14,25,0
4487,57,14,25,0
4488,57,14,25,0
4489,57,14,25,0
4490,57,14,25,0
4491,57,14,25,0
4492,57,14,25,0
4493,57,14,25,0
4494,57,14,25,0
4495,57,14,25,0
4496,57,14,25,0
4497,57,14,25,0
4498,57,14,25,0
4499,57,14,25,0
4500,57,14,25,0
4501,57,14,25,0
4502,57,14,25,0
4503,57,14,25,0
4504,57,14,25,0
4505,57,14,25,0
4506,57,14,25,0
4507,57,14,25,0
4508,57,14,25,0
4509,57,14,25,0
4510,57,14,25,0
4511,57,14,25,0
4512,57,14,25,0
4513,57,14,25,0
4514,57,14,25,0
4515,57,14,25,0
4516,57,14,25,0
4517,57,14,25,0
4518,57,14,25,0
4519,57,14,25,0
4520,57,14,25,0
4521,57,14,25,0
4522,57,14,25,0
4523,57,14,25,0
4524,57,14,25,0
4525,57,14,25,0
4526,57,14,25,0
4527,57,14,25,0
4528,57,14,25,0
4529,57,14,25,0
4530,57,14,25,0
4531,57,14,25,0
4532,57,14,25,0
4533,57,14,25,0
4534,57,14,25,0
4535,57,14,25,0
4536,57,14,25,0
4537,57,14,25,0
4538,57,14,25,0
4539,57,14,25,0
4540,57,14,25,0
4541,57,14,25,0
4542,57,14,25,0
4543,57,14,25,0
4544,57,14,25,0
4545,57,14,25,0
4546,57,14,25,0
4547,57,14,25,0
4548,57,14,25,0
4549,57,14,25,0
4550,57,14,25,0
4551,57,14,25,0
4552,57,14,25,0
4553,57,14,25,0
4554,57,14,25,0
4555,57,14,25,0
4556,57,14,25,0
4557,57,14,25,0
4558,57,14,25,0
4559,57,14,25,0
4560,57,14,25,0
4561,57,14,25,0
4562,57,14,25,0
4563,57,14,25,0
4564,57,14,25,0
4565,57,14,25,0
4566,57,14,25,0
4567,57,14,25,0
4568,57,14,25,0
4569,57,14,25,0
4570,57,14,25,0
4571,57,14,25,0
4572,57,14,25,0
4573,57,14,25,0
4574,57,14,25,0
4575,57,14,25,0
4576,57,14,25,0
4577,57,14,25,0
4578,57,14,25,0
4579,57,14,25,0
4580,57,14,25,0
4581,57,14,25,0
4582,57,14,25,0
4583,57,14,25,0
4584,57,14,25,0
4585,57,14,25,0
4586,57,14,25,0
4587,57,14,25,0
4588,57,14,25,0
4589,57,14,25,0
4590,57,14,25,0
4591,57,14,25,0
4592,57,14,25,0
4593,57,14,25,0
4594,57,14,25,0
4595,57,14,25,0
4596,57,14,25,0
4597,57,14,25,0
4598,57,14,25,0
4599,57,14,25,0
4600,57,14,25,0
4601,57,14,25,0
4602,57,14,25,0
4603,57,14,25,0
4604,57,14,25,0
4605,57,14,25,0
4606,57,14,25,0
4607,57,14,25,0
4608,57,14,25,0
4609,57,14,25,0
4610,57,14,25,0
4611,57,14,25,0
4612,57,14,25,0
4613,57,14,25,0
4614,57,14,25,0
4615,57,14,25,0
4616,57,14,25,0
4617,57,14,25,0
4618,57,14,25,0
4619,57,14,25,0
4620,57,14,25,0
4621,57,14,25,0
4622,57,14,25,0
4623,57,14,25,0
4624,57,14,25,0
4625,57,14,25,0
4626,57,14,25,0
4627,57,14,25,0
4628,57,14,25,0
4629,57,14,25,0
4630,57,14,25,0
4631,57,14,25,0
4632,57,14,25,0
4633,57,14,25,0
4634,57,14,25,0
4635,57,14,25,0
4636,57,14,25,0
4637,57,14,25,0
4638,57,14,25,0
4639,57,14,25,0
4640,57,14,25,0
4641,57,14,25,0
4642,57,14,25,0
4643,57,14,25,0
4644,57,14,25,0
4645,57,14,25,0
4646,57,14,25,0
4647,57,14,25,0
4648,57,14,25,0
4649,57,14,25,0
4650,57,14,25,0
4651,57,14,25,0
4652,57,14,25,0
4653,57,14,25,0
4654,57,14,25,0
4655,57,14,25,0
4656,57,14,25,0
4657,57,14,25,0
4658,57,14,25,0
4659,57,14,25,0
4660,57,14,25,0
4661,57,14,25,0
4662,57,14,25,0
4663,57,14,25,0
4664,57,14,25,0
4665,57,14,25,0
4666,57,14,25,0
4667,57,14,25,0
4668,57,14,25,0
4669,57,14,25,0
4670,57,14,25,0
4671,57,14,25,0
4672,57,14,25,0
4673,57,14,25,0
4674,57,14,25,0
4675,57,14,25,0
4676,57,14,25,0
4677,57,14,25,0
4678,57,14,25,0
4679,57,14,25,0
4680,57,14,25,0
4681,57,14,25,0
4682,57,14,25,0
4683,57,14,25,0
4684,57,14,25,0
4685,57,14,25,0
4686,57,14,25,0
4687,57,14,25,0
4688,57,14,25,0
4689,57,14,25,0
4690,57,14,25,0
4691,57,14,25,0
4692,57,14,25,0
4693,57,14,25,0
4694,57,14,25,0
4695,57,14,25,0
4696,57,14,25,0
4697,57,14,25,0
4698,57,14,25,0
4699,57,14,25,0
4700,57,14,25,0
4701,57,14,25,0
4702,57,14,25,0
4703,57,14,25,0
4704,57,14,25,0
4705,57,14,25,0
4706,57,14,25,0
4707,57,14,25,0
4708,57,14,25,0
4709,57,14,25,0
4710,57,14,25,0
4711,57,14,25,0
4712,57,14,25,0
4713,57,14,25,0
4714,57,14,25,0
4715,57,14,25,0
4716,57,14,25,0
4717,57,14,25,0
4718,57,14,25,0
4719,57,14,25,0
4720,57,14,25,0
4721,57,14,25,0
4722,57,14,25,0
4723,57,14,25,0
4724,57,14,25,0
4725,57,14,25,0
4726,57,14,25,0
4727,57,14,25,0
4728,57,14,25,0
4729,57,14,25,0
4730,57,14,25,0
4731,57,14,25,0
4732,57,14,25,0
4733,57,14,25,0
4734,57,14,25,0
4735,57,14,25,0
4736,57,14,25,0
4737,57,14,25,0
4738,57,14,25,0
4739,57,14,25,0
4740,57,14,25,0
4741,57,14,25,0
4742,57,14,25,0
4743,57,14,25,0
4744,57,14,25,0
4745,57,14,25,0
4746,57,14,25,0
4747,57,14,25,0
4748,57,14,25,0
4749,57,14,25,0
4750,57,14,25,0
4751,57,14,25,0
4752,57,14,25,0
4753,57,14,25,0
4754,57,14,25,0
4755,57,14,25,0
4756,57,14,25,0
4757,57,14,25,0
4758,57,14,25,0
4759,57,14,25,0
4760,57,14,25,0
4761,57,14,25,0
4762,57,14,25,0
4763,57,14,25,0
4764,57,14,25,0
4765,57,14,25,0
4766,57,14,25,0
4767,57,14,25,0
4768,57,14,25,0
4769,57,14,25,0
4770,57,14,25,0
4771,57,14,25,0
4772,57,14,25,0
4773,57,14,25,0
4774,57,14,25,0
4775,57,14,25,0
4776,57,14,25,0
4777,57,14,25,0
4778,57,14,25,0
4779,57,14,25,0
4780,57,14,25,0
4781,57,14,25,0
4782,57,14,25,0
4783,57,14,25,0
4784,57,14,25,0
4785,57,14,25,0
4786,57,14,25,0
4787,57,14,25,0
4788,57,14,25,0
4789,57,14,25,0
4790,57,14,25,0
4791,57,14,25,0
4792,57,14,25,0
4793,57,14,25,0
4794,57,14,25,0
4795,57,14,25,0
4796,57,14,25,0
4797,57,14,25,0
4798,57,14,25,0
4799,57,14,25,0
4800,57,14,25,0
4801,57,14,25,0
4802,57,14,25,0
4803,57,14,25,0
4804,57,14,25,0
4805,57,14,25,0
4806,57,14,25,0
4807,57,14,25,0
4808,57,14,25,0
4809,57,14,25,0
4810,57,14,25,0
4811,57,14,25,0
4812,57,14,25,0
4813,57,14,25,0
4814,57,14,25,0
4815,57,14,25,0
4816,57,14,25,0
4817,57,14,25,0
4818,57,14,25,0
4819,57,14,25,0
4820,57,14,25,0
4821,57,14,25,0
4822,57,14,25,0
4823,57,14,25,0
4824,57,14,25,0
4825,57,14,25,0
4826,57,14,25,0
4827,57,14,25,0
4828,57,14,25,0
4829,57,14,25,0
4830,57,14,25,0
4831,57,14,25,0
4832,57,14,25,0
4833,57,14,25,0
4834,57,14,25,0
4835,57,14,25,0
4836,57,14,25,0
4837,57,14,25,0
4838,57,14,25,0
4839,57,14,25,0
4840,57,14,25,0
4841,57,14,25,0
4842,57,14,25,0
4843,57,14,25,0
4844,57,14,25,0
4845,57,14,25,0
4846,57,14,25,0
4847,57,14,25,0
4848,57,14,25,0
4849,57,14,25,0
4850,57,14,25,0
4851,57,14,25,0
4852,57,14,25,0
4853,57,14,25,0
4854,57,14,25,0
4855,57,14,25,0
4856,57,14,25,0
4857,57,14,25,0
4858,57,14,25,0
4859,57,14,25,0
4860,57,14,25,0
4861,57,14,25,0
4862,57,14,25,0
4863,57,14,25,0
4864,57,14,25,0
4865,57,14,25,0
4866,57,14,25,0
4867,57,14,25,0
4868,57,14,25,0
4869,57,14,25,0
4870,57,14,25,0
4871,57,14,25,0
4872,57,14,25,0
4873,57,14,25,0
4874,57,14,25,0
4875,57,14,25,0
4876,57,14,25,0
4877,57,14,25,0
4878,57,14,25,0
4879,57,14,25,0
4880,57,14,25,0
4881,57,14,25,0
4882,57,14,25,0
4883,57,14,25,0
4884,57,14,25,0
4885,57,14,25,0
4886,57,14,25,0
4887,57,14,25,0
4888,57,14,25,0
4889,57,14,25,0
4890,57,14,25,0
4891,57,14,25,0
4892,57,14,25,0
4893,57,14,25,0
4894,57,14,25,0
4895,57,14,25,0
4896,57,14,25,0
4897,57,14,25,0
4898,57,14,25,0
4899,57,14,25,0
4900,57,14,25,0
4901,57,14,25,0
4902,57,14,25,0
4903,57,14,25,0
4904,57,14,25,0
4905,57,14,25,0
4906,57,14,25,0
4907,57,14,25,0
4908,57,14,25,0
4909,57,14,25,0
4910,57,14,25,0
4911,57,14,25,0
4912,57,14,25,0
4913,57,14,25,0
4914,57,14,25,0
4915,57,14,25,0
4916,57,14,25,0
4917,57,14,25,0
4918,57,14,25,0
4919,57,14,25,0
4920,57,14,25,0
4921,57,14,25,0
4922,57,14,25,0
4923,57,14,25,0
4924,57,14,25,0
4925,57,14,25,0
4926,57,14,25,0
4927,57,14,25,0
4928,57,14,25,0
4929,57,14,25,0
4930,57,14,25,0
4931,57,14,25,0
4932,57,14,25,0
4933,57,14,25,0
4934,57,14,25,0
4935,57,14,25,0
4936,57,14,25,0
4937,57,14,25,0
4938,57,14,25,0
4939,57,14,25,0
4940,57,14,25,0
4941,57,14,25,0
4942,57,14,25,0
4943,57,14,25,0
4944,57,14,25,0
4945,57,14,25,0
4946,57,14,25,0
4947,57,14,25,0
4948,57,14,25,0
4949,57,14,25,0
4950,57,14,25,0
4951,57,14,25,0
4952,57,14,25,0
4953,57,14,25,0
4954,57,14,25,0
4955,57,14,25,0
4956,57,14,25,0
4957,57,14,25,0
4958,57,14,25,0
4959,57,14,25,0
4960,57,14,25,0
4961,57,14,25,0
4962,57,14,25,0
4963,57,14,25,0
4964,57,14,25,0
4965,57,14,25,0
4966,57,14,25,0
4967,57,14,25,0
4968,57,14,25,0
4969,57,14,25,0
4970,57,14,25,0
4971,57,14,25,0
4972,57,14,25,0
4973,57,14,25,0
4974,57,14,25,0
4975,57,14,25,0
4976,57,14,25,0
4977,57,14,25,0
4978,57,14,25,0
4979,57,14,25,0
4980,57,14,25,0
4981,57,14,25,0
4982,57,14,25,0
4983,57,14,25,0
4984,57,14,25,0
4985,57,14,25,0
4986,57,14,25,0
4987,57,14,25,0
4988,57,14,25,0
4989,57,14,25,0
4990,57,14,25,0
4991,57,14,25,0
4992,57,14,25,0
4993,57,14,25,0
4994,57,14,25,0
4995,57,14,25,0
4996,57,14,25,0
4997,57,14,25,0
4998,57,14,25,0
4999,57,14,25,0
5000,57,14,25,0
5001,57,14,25,0
5002,57,14,25,0
5003,57,14,25,0
5004,57,14,25,0
5005,57,14,25,0
5006,57,14,25,0
5007,57,14,25,0
5008,57,14,25,0
5009,57,14,25,0
5010,57,14,25,0
5011,57,14,25,0
5012,57,14,25,0
5013,57,14,25,0
5014,57,14,25,0
5015,57,14,25,0
5016,57,14,25,0
5017,57,14,25,0
5018,57,14,25,0
5019,57,14,25,0
5020,57,14,25,0
5021,57,14,25,0
5022,57,14,25,0
5023,57,14,25,0
5024,57,14,25,0
5025,57,14,25,0
5026,57,14,25,0
5027,57,14,25,0
5028,57,14,25,0
5029,57,14,25,0
5030,57,14,25,0
5031,57,14,25,0
5032,57,14,25,0
5033,57,14,25,0
5034,57,14,25,0
5035,57,14,25,0
5036,57,14,25,0
5037,57,14,25,0
5038,57,14,25,0
5039,57,14,25,0
5040,57,14,25,0
5041,57,14,25,0
5042,57,14,25,0
5043,57,14,25,0
5044,57,14,25,0
5045,57,14,25,0
5046,57,14,25,0
5047,57,14,25,0
5048,57,14,25,0
5049,57,14,25,0
5050,57,14,25,0
5051,57,14,25,0
5052,57,14,25,0
5053,57,14,25,0
5054,57,14,25,0
5055,57,14,25,0
5056,57,14,25,0
5057,57,14,25,0
5058,57,14,25,0
5059,57,14,25,0
5060,57,14,25,0
5061,57,14,25,0
5062,57,14,25,0
5063,57,14,25,0
5064,57,14,25,0
5065,57,14,25,0
5066,57,14,25,0
5067,57,14,25,0
5068,57,14,25,0
5069,57,14,25,0
5070,57,14,25,0
5071,57,14,25,0
5072,57,14,25,0
5073,57,14,25,0
5074,57,14,25,0
5075,57,14,25,0
5076,57,14,25,0
5077,57,14,25,0
5078,57,14,25,0
5079,57,14,25,0
5080,57,14,25,0
5081,57,14,25,0
5082,57,14,25,0
5083,57,14,25,0
5084,57,14,25,0
5085,57,14,25,0
5086,57,14,25,0
5087,57,14,25,0
5088,57,14,25,0
5089,57,14,25,0
5090,57,14,25,0
5091,57,14,25,0
5092,57,14,25,0
5093,57,14,25,0
5094,57,14,25,0
5095,57,14,25,0
5096,57,14,25,0
5097,57,14,25,0
5098,57,14,25,0
5099,57,14,25,0
5100,57,14,25,0
5101,57,14,25,0
5102,57,14,25,0
5103,57,14,25,0
5104,57,14,25,0
5105,57,14,25,0
5106,57,14,25,0
5107,57,14,25,0
5108,57,14,25,0
5109,57,14,25,0
5110,57,14,25,0
5111,57,14,25,0
5112,57,14,25,0
5113,57,14,25,0
5114,57,14,25,0
5115,57,14,25,0
5116,57,14,25,0
5117,57,14,25,0
5118,57,14,25,0
5119,57,14,25,0
5120,57,14,25,0
5121,57,14,25,0
5122,57,14,25,0
5123,57,14,25,0
5124,57,14,25,0
5125,57,14,25,0
5126,57,14,25,0
5127,57,14,25,0
5128,57,14,25,0
5129,57,14,25,0
5130,57,14,25,0
5131,57,14,25,0
5132,57,14,25,0
5133,57,14,25,0
5134,57,14,25,0
5135,57,14,25,0
5136,57,14,25,0
5137,57,14,25,0
5138,57,14,25,0
5139,57,14,25,0
5140,57,14,25,0
5141,57,14,25,0
5142,57,14,25,0
5143,57,14,25,0
5144,57,14,25,0
5145,57,14,25,0
5146,57,14,25,0
5147,57,14,25,0
5148,57,14,25,0
5149,57,14,25,0
5150,57,14,25,0
5151,57,14,25,0
5152,57,14,25,0
5153,57,14,25,0
5154,57,14,25,0
5155,57,14,25,0
5156,57,14,25,0
5157,57,14,25,0
5158,57,14,25,0
5159,57,14,25,0
5160,57,14,25,0
5161,57,14,25,0
5162,57,14,25,0
5163,57,14,25,0
5164,57,14,25,0
5165,57,14,25,0
5166,57,14,25,0
5167,57,14,25,0
5168,57,14,25,0
5169,57,14,25,0
5170,57,14,25,0
5171,57,14,25,0
5172,57,14,25,0
5173,57,14,25,0
5174,57,14,25,0
5175,57,14,25,0
5176,57,14,25,0
5177,57,14,25,0
5178,57,14,25,0
5179,57,14,25,0
5180,57,14,25,0
5181,57,14,25,0
5182,57,14,25,0
5183,57,14,25,0
5184,57,14,25,0
5185,57,14,25,0
5186,57,14,25,0
5187,57,14,25,0
5188,57,14,25,0
5189,57,14,25,0
5190,57,14,25,0
5191,57,14,25,0
5192,57,14,25,0
5193,57,14,25,0
5194,57,14,25,0
5195,57,14,25,0
5196,57,14,25,0
5197,57,14,25,0
5198,57,14,25,0
5199,57,14,25,0
5200,57,14,25,0
5201,57,14,25,0
5202,57,14,25,0
5203,57,14,25,0
5204,57,14,25,0
5205,57,14,25,0
5206,57,14,25,0
5207,57,14,25,0
5208,57,14,25,0
5209,57,14,25,0
5210,57,14,25,0
5211,57,14,25,0
5212,57,14,25,0
5213,57,14,25,0
5214,57,14,25,0
5215,57,14,25,0
5216,57,14,25,0
5217,57,14,25,0
5218,57,14,25,0
5219,57,14,25,0
5220,57,14,25,0
5221,57,14,25,0
5222,57,14,25,0
5223,57,14,25,0
5224,57,14,25,0
5225,57,14,25,0
5226,57,14,25,0
5227,57,14,25,0
5228,57,14,25,0
5229,57,14,25,0
5230,57,14,25,0
5231,57,14,25,0
5232,57,14,25,0
5233,57,14,25,0
5234,57,14,25,0
5235,57,14,25,0
5236,57,14,25,0
5237,57,14,25,0
5238,57,14,25,0
5239,57,14,25,0
5240,57,14,25,0
5241,57,14,25,0
5242,57,14,25,0
5243,57,14,25,0
5244,57,14,25,0
5245,57,14,25,0
5246,57,14,25,0
5247,57,14,25,0
5248,57,14,25,0
5249,57,14,25,0
5250,57,14,25,0
5251,57,14,25,0
5252,57,14,25,0
5253,57,14,25,0
5254,57,14,25,0
5255,57,14,25,0
5256,57,14,25,0
5257,57,14,25,0
5258,57,14,25,0
5259,57,14,25,0
5260,57,14,25,0
5261,57,14,25,0
5262,57,14,25,0
5263,57,14,25,0
5264,57,14,25,0
5265,57,14,25,0
5266,57,14,25,0
5267,57,14,25,0
5268,57,14,25,0
5269,57,14,25,0
5270,57,14,25,0
5271,57,14,25,0
5272,57,14,25,0
5273,57,14,25,0
5274,57,14,25,0
5275,57,14,25,0
5276,57,14,25,0
5277,57,14,25,0
5278,57,14,25,0
5279,57,14,25,0
5280,57,14,25,0
5281,57,14,25,0
5282,57,14,25,0
5283,57,14,25,0
5284,57,14,25,0
5285,57,14,25,0
5286,57,14,25,0
5287,57,14,25,0
5288,57,14,25,0
5289,57,14,25,0
5290,57,14,25,0
5291,57,14,25,0
5292,57,14,25,0
5293,57,14,25,0
5294,57,14,25,0
5295,57,14,25,0
5296,57,14,25,0
5297,57,14,25,0
5298,57,14,25,0
5299,57,14,25,0
5300,57,14,25,0
5301,57,14,25,0
5302,57,14,25,0
5303,57,14,25,0
5304,57,14,25,0
5305,57,14,25,0
5306,57,14,25,0
5307,57,14,25,0
5308,57,14,25,0
5309,57,14,25,0
5310,57,14,25,0
5311,57,14,25,0
5312,57,14,25,0
5313,57,14,25,0
5314,57,14,25,0
5315,57,14,25,0
5316,57,14,25,0
5317,57,14,25,0
5318,57,14,25,0
5319,57,14,25,0
5320,57,14,25,0
5321,57,14,25,0
5322,57,14,25,0
5323,57,14,25,0
5324,57,14,25,0
5325,57,14,25,0
5326,57,14,25,0
5327,57,14,25,0
5328,57,14,25,0
5329,57,14,25,0
5330,57,14,25,0
5331,57,14,25,0
5332,57,14,25,0
5333,57,14,25,0
5334,57,14,25,0
5335,57,14,25,0
5336,57,14,25,0
5337,57,14,25,0
5338,57,14,25,0
5339,57,14,25,0
5340,57,14,25,0
5341,57,14,25,0
5342,57,14,25,0
5343,57,14,25,0
5344,57,14,25,0
5345,57,14,25,0
5346,57,14,25,0
5347,57,14,25,0
5348,57,14,25,0
5349,57,14,25,0
5350,57,14,25,0
5351,57,14,25,0
5352,57,14,25,0
5353,57,14,25,0
5354,57,14,25,0
5355,57,14,25,0
5356,57,14,25,0
5357,57,14,25,0
5358,57,14,25,0
5359,57,14,25,0
5360,57,14,25,0
5361,57,14,25,0
5362,57,14,25,0
5363,57,14,25,0
5364,57,14,25,0
5365,57,14,25,0
5366,57,14,25,0
5367,57,14,25,0
5368,57,14,25,0
5369,57,14,25,0
5370,57,14,25,0
5371,57,14,25,0
5372,57,14,25,0
5373,57,14,25,0
5374,57,14,25,0
5375,57,14,25,0
5376,57,14,25,0
5377,57,14,25,0
5378,57,14,25,0
5379,57,14,25,0
5380,57,14,25,0
5381,57,14,25,0
5382,57,14,25,0
5383,57,14,25,0
5384,57,14,25,0
5385,57,14,25,0
5386,57,14,25,0
5387,57,14,25,0
5388,57,14,25,0
5389,57,14,25,0
5390,57,14,25,0
5391,57,14,25,0
5392,57,14,25,0
5393,57,14,25,0
5394,57,14,25,0
5395,57,14,25,0
5396,57,14,25,0
5397,57,14,25,0
5398,57,14,25,0
5399,57,14,25,0
5400,57,14,25,0
5401,57,14,25,0
5402,57,14,25,0
5403,57,14,25,0
5404,57,14,25,0
5405,57,14,25,0
5406,57,14,25,0
5407,57,14,25,0
5408,57,14,25,0
5409,57,14,25,0
5410,57,14,25,0
5411,57,14,25,0
5412,57,14,25,0
5413,57,14,25,0
5414,57,14,25,0
5415,57,14,25,0
5416,57,14,25,0
5417,57,14,25,0
5418,57,14,25,0
5419,57,14,25,0
5420,57,14,25,0
5421,57,14,25,0
5422,57,14,25,0
5423,57,14,25,0
5424,57,14,25,0
5425,57,14,25,0
5426,57,14,25,0
5427,57,14,25,0
5428,57,14,25,0
5429,57,14,25,0
5430,57,14,25,0
5431,57,14,25,0
5432,57,14,25,0
5433,57,14,25,0
5434,57,14,25,0
5435,57,14,25,0
5436,57,14,25,0
5437,57,14,25,0
5438,57,14,25,0
5439,57,14,25,0
5440,57,14,25,0
5441,57,14,25,0
5442,57,14,25,0
5443,57,14,25,0
5444,57,14,25,0
5445,57,14,25,0
5446,57,14,25,0
5447,57,14,25,0
5448,57,14,25,0
5449,57,14,25,0
5450,57,14,25,0
5451,57,14,25,0
5452,57,14,25,0
5453,57,14,25,0
5454,57,14,25,0
5455,57,14,25,0
5456,57,14,25,0
5457,57,14,25,0
5458,57,14,25,0
5459,57,14,25,0
5460,57,14,25,0
5461,57,14,25,0
5462,57,14,25,0
5463,57,14,25,0
5464,57,14,25,0
5465,57,14,25,0
5466,57,14,25,0
5467,57,14,25,0
5468,57,14,25,0
5469,57,14,25,0
5470,57,14,25,0
5471,57,14,25,0
5472,57,14,25,0
5473,57,14,25,0
5474,57,14,25,0
5475,57,14,25,0
5476,57,14,25,0
5477,57,14,25,0
5478,57,14,25,0
5479,57,14,25,0
5480,57,14,25,0
5481,57,14,25,0
5482,57,14,25,0
5483,57,14,25,0
5484,57,14,25,0
5485,57,14,25,0
5486,57,14,25,0
5487,57,14,25,0
5488,57,14,25,0
5489,57,14,25,0
5490,57,14,25,0
5491,57,14,25,0
5492,57,14,25,0
5493,57,14,25,0
5494,57,14,25,0
5495,57,14,25,0
5496,57,14,25,0
5497,57,14,25,0
5498,57,14,25,0
5499,57,14,25,0
5500,57,14,25,0
5501,57,14,25,0
5502,57,14,25,0
5503,57,14,25,0
5504,57,14,25,0
5505,57,14,25,0
5506,57,14,25,0
5507,57,14,25,0
5508,57,14,25,0
5509,57,14,25,0
5510,57,14,25,0
5511,57,14,25,0
5512,57,14,25,0
5513,57,14,25,0
5514,57,14,25,0
5515,57,14,25,0
5516,57,14,25,0
5517,57,14,25,0
5518,57,14,25,0
5519,57,14,25,0
5520,57,14,25,0
5521,57,14,25,0
5522,57,14,25,0
5523,57,14,25,0
5524,57,14,25,0
5525,57,14,25,0
5526,57,14,25,0
5527,57,14,25,0
5528,57,14,25,0
5529,57,14,25,0
5530,57,14,25,0
5531,57,14,25,0
5532,57,14,25,0
5533,57,14,25,0
5534,57,14,25,0
5535,57,14,25,0
5536,57,14,25,0
5537,57,14,25,0
5538,57,14,25,0
5539,57,14,25,0
5540,57,14,25,0
5541,57,14,25,0
5542,57,14,25,0
5543,57,14,25,0
5544,57,14,25,0
5545,57,14,25,0
5546,57,14,25,0
5547,57,14,25,0
5548,57,14,25,0
5549,57,14,25,0
5550,57,14,25,0
5551,57,14,25,0
5552,57,14,25,0
5553,57,14,25,0
5554,57,14,25,0
5555,57,14,25,0
5556,57,14,25,0
5557,57,14,25,0
5558,57,14,25,0
5559,57,14,25,0
5560,57,14,25,0
5561,57,14,25,0
5562,57,14,25,0
5563,57,14,25,0
5564,57,14,25,0
5565,57,14,25,0
5566,57,14,25,0
5567,57,14,25,0
5568,57,14,25,0
5569,57,14,25,0
5570,57,14,25,0
5571,57,14,25,0
5572,57,14,25,0
5573,57,14,25,0
5574,57,14,25,0
5575,57,14,25,0
5576,57,14,25,0
5577,57,14,25,0
5578,57,14,25,0
5579,57,14,25,0
5580,57,14,25,0
5581,57,14,25,0
5582,57,14,25,0
5583,57,14,25,0
5584,57,14,25,0
5585,57,14,25,0
5586,57,14,25,0
5587,57,14,25,0
5588,57,14,25,0
5589,57,14,25,0
5590,57,14,25,0
5591,57,14,25,0
5592,57,14,25,0
5593,57,14,25,0
5594,57,14,25,0
5595,57,14,25,0
5596,57,14,25,0
5597,57,14,25,0
5598,57,14,25,0
5599,57,14,25,0
5600,57,14,25,0
5601,57,14,25,0
5602,57,14,25,0
5603,57,14,25,0
5604,57,14,25,0
5605,57,14,25,0
5606,57,14,25,0
5607,57,14,25,0
5608,57,14,25,0
5609,57,14,25,0
5610,57,14,25,0
5611,57,14,25,0
5612,57,14,25,0
5613,57,14,25,0
5614,57,14,25,0
5615,57,14,25,0
5616,57,14,25,0
5617,57,14,25,0
5618,57,14,25,0
5619,57,14,25,0
5620,57,14,25,0
5621,57,14,25,0
5622,57,14,25,0
5623,57,14,25,0
5624,57,14,25,0
5625,57,14,25,0
5626,57,14,25,0
5627,57,14,25,0
5628,57,14,25,0
5629,57,14,25,0
5630,57,14,25,0
5631,57,14,25,0
5632,57,14,25,0
5633,57,14,25,0
5634,57,14,25,0
5635,57,14,25,0
5636,57,14,25,0
5637,57,14,25,0
5638,57,14,25,0
5639,57,14,25,0
5640,57,14,25,0
5641,57,14,25,0
5642,57,14,25,0
5643,57,14,25,0
5644,57,14,25,0
5645,57,14,25,0
5646,57,14,25,0
5647,57,14,25,0
5648,57,14,25,0
5649,57,14,25,0
5650,57,14,25,0
5651,57,14,25,0
5652,57,14,25,0
5653,57,14,25,0
5654,57,14,25,0
5655,57,14,25,0
5656,57,14,25,0
5657,57,14,25,0
5658,57,14,25,0
5659,57,14,25,0
5660,57,14,25,0
5661,57,14,25,0
5662,57,14,25,0
5663,57,14,25,0
5664,57,14,25,0
5665,57,14,25,0
5666,57,14,25,0
5667,57,14,25,0
5668,57,14,25,0
5669,57,14,25,0
5670,57,14,25,0
5671,57,14,25,0
5672,57,14,25,0
5673,57,14,25,0
5674,57,14,25,0
5675,57,14,25,0
5676,57,14,25,0
5677,57,14,25,0
5678,57,14,25,0
5679,57,14,25,0
5680,57,14,25,0
5681,57,14,25,0
5682,57,14,25,0
5683,57,14,25,0
5684,57,14,25,0
5685,57,14,25,0
5686,57,14,25,0
5687,57,14,25,0
5688,57,14,25,0
5689,57,14,25,0
5690,57,14,25,0
5691,57,14,25,0
5692,57,14,25,0
5693,57,14,25,0
5694,57,14,25,0
5695,57,14,25,0
5696,57,14,25,0
5697,57,14,25,0
5698,57,14,25,0
5699,57,14,25,0
5700,57,14,25,0
5701,57,14,25,0
5702,57,14,25,0
5703,57,14,25,0
5704,57,14,25,0
5705,57,14,25,0
5706,57,14,25,0
5707,57,14,25,0
5708,57,14,25,0
5709,57,14,25,0
5710,57,14,25,0
5711,57,14,25,0
5712,57,14,25,0
5713,57,14,25,0
5714,57,14,25,0
5715,57,14,25,0
5716,57,14,25,0
5717,57,14,25,0
5718,57,14,25,0
5719,57,14,25,0
5720,57,14,25,0
5721,57,14,25,0
5722,57,14,25,0
5723,57,14,25,0
5724,57,14,25,0
5725,57,14,25,0
5726,57,14,25,0
5727,57,14,25,0
5728,57,14,25,0
5729,57,14,25,0
5730,57,14,25,0
5731,57,14,25,0
5732,57,14,25,0
5733,57,14,25,0
5734,57,14,25,0
5735,57,14,25,0
5736,57,14,25,0
5737,57,14,25,0
5738,57,14,25,0
5739,57,14,25,0
5740,57,14,25,0
5741,57,14,25,0
5742,57,14,25,0
5743,57,14,25,0
5744,57,14,25,0
5745,57,14,25,0
5746,57,14,25,0
5747,57,14,25,0
5748,57,14,25,0
5749,57,14,25,0
5750,57,14,25,0
5751,57,14,25,0
5752,57,14,25,0
5753,57,14,25,0
5754,57,14,25,0
5755,57,14,25,0
5756,57,14,25,0
5757,57,14,25,0
5758,57,14,25,0
5759,57,14,25,0
5760,57,14,25,0
5761,57,14,25,0
5762,57,14,25,0
5763,57,14,25,0
5764,57,14,25,0
5765,57,14,25,0
5766,57,14,25,0
5767,57,14,25,0
5768,57,14,25,0
5769,57,14,25,0
5770,57,14,25,0
5771,57,14,25,0
5772,57,14,25,0
5773,57,14,25,0
5774,57,14,25,0
5775,57,14,25,0
5776,57,14,25,0
5777,57,14,25,0
5778,57,14,25,0
5779,57,14,25,0
5780,57,14,25,0
5781,57,14,25,0
5782,57,14,25,0
5783,57,14,25,0
5784,57,14,25,0
5785,57,14,25,0
5786,57,14,25,0
5787,57,14,25,0
5788,57,14,25,0
5789,57,14,25,0
5790,57,14,25,0
5791,57,14,25,0
5792,57,14,25,0
5793,58,14,26,0
5794,58,14,26,0
5795,58,14,26,0
5796,58,14,26,0
5797,58,14,26,0
5798,58,14,26,0
5799,58,14,26,0
5800,58,14,26,0
5801,58,14,26,0
5802,58,14,26,0
5803,58,14,26,0
5804,58,14,26,0
5805,58,14,26,0
5806,58,14,26,0
5807,58,14,26,0
5808,58,14,26,0
5809,58,14,26,0
5810,58,14,26,0
5811,58,14,26,0
5812,58,14,26,0
5813,58,14,26,0
5814,58,14,26,0
5815,58,14,26,0
5816,58,14,26,0
5817,58,14,26,0
5818,58,14,26,0
5819,58,14,26,0
5820,58,14,26,0
5821,58,14,26,0
5822,58,14,26,0
5823,58,14,26,0
5824,58,14,26,0
5825,58,14,26,0
5826,58,14,26,0
5827,58,14,26,0
5828,58,14,26,0
5829,58,14,26,0
5830,58,14,26,0
5831,58,14,26,0
5832,58,14,26,0
5833,58,14,26,0
5834,58,14,26,0
5835,58,14,26,0
5836,58,14,26,0
5837,58,14,26,0
5838,58,14,26,0
5839,58,14,26,0
5840,58,14,26,0
5841,58,14,26,0
5842,58,14,26,0
5843,58,14,26,0
5844,58,14,26,0
5845,58,14,26,0
5846,58,14,26,0
5847,58,14,26,0
5848,58,14,26,0
5849,58,14,26,0
5850,58,14,26,0
5851,58,14,26,0
5852,58,14,26,0
5853,58,14,26,0
5854,58,14,26,0
5855,58,14,26,0
5856,58,14,26,0
5857,58,14,26,0
5858,58,14,26,0
5859,58,14,26,0
5860,58,14,26,0
5861,58,14,26,0
5862,58,14,26,0
5863,58,14,26,0
5864,58,14,26,0
5865,58,14,26,0
5866,58,14,26,0
5867,58,14,26,0
5868,58,14,26,0
5869,58,14,26,0
5870,58,14,26,0
5871,58,14,26,0
5872,58,14,26,0
5873,58,14,26,0
5874,58,14,26,0
5875,58,14,26,0
5876,58,14,26,0
5877,58,14,26,0
5878,58,14,26,0
5879,58,14,26,0
5880,58,14,26,0
5881,58,14,26,0
5882,58,14,26,0
5883,58,14,26,0
5884,58,14,26,0
5885,58,14,26,0
5886,58,14,26,0
5887,58,14,26,0
5888,58,14,26,0
5889,58,14,26,0
5890,58,14,26,0
5891,58,14,26,0
5892,58,14,26,0
5893,58,14,26,0
5894,58,14,26,0
5895,58,14,26,0
5896,58,14,26,0
5897,58,14,26,0
5898,58,14,26,0
5899,58,14,26,0
5900,58,14,26,0
5901,58,14,26,0
5902,58,14,26,0
5903,58,14,26,0
5904,58,14,26,0
5905,58,14,26,0
5906,58,14,26,0
5907,58,14,26,0
5908,58,14,26,0
5909,58,14,26,0
5910,58,14,26,0
5911,58,14,26,0
5912,58,14,26,0
5913,58,14,26,0
5914,58,14,26,0
5915,58,14,26,0
5916,58,14,26,0
5917,58,14,26,0
5918,58,14,26,0
5919,58,14,26,0
5920,58,14,26,0
5921,58,14,26,0
5922,58,14,26,0
5923,58,14,26,0
5924,58,14,26,0
5925,58,14,26,0
5926,58,14,26,0
5927,58,14,26,0
5928,58,14,26,0
5929,58,14,26,0
5930,58,14,26,0
5931,58,14,26,0
5932,58,14,26,0
5933,58,14,26,0
5934,58,14,26,0
5935,58,14,26,0
5936,58,14,26,0
5937,58,14,26,0
5938,58,14,26,0
5939,58,14,26,0
5940,58,14,26,0
5941,58,14,26,0
5942,58,14,26,0
5943,58,14,26,0
5944,58,14,26,0
5945,58,14,26,0
5946,58,14,26,0
5947,58,14,26,0
5948,58,14,26,0
5949,58,14,26,0
5950,58,14,26,0
5951,58,14,26,0
5952,58,14,26,0
5953,58,14,26,0
5954,58,14,26,0
5955,58,14,26,0
5956,58,14,26,0
5957,58,14,26,0
5958,58,14,26,0
5959,58,14,26,0
5960,58,14,26,0
5961,58,14,26,0
5962,58,14,26,0
5963,58,14,26,0
5964,58,14,26,0
5965,58,14,26,0
5966,58,14,26,0
5967,58,14,26,0
5968,58,14,26,0
5969,58,14,26,0
5970,58,14,26,0
5971,58,14,26,0
5972,58,14,26,0
5973,58,14,26,0
5974,58,14,26,0
5975,58,14,26,0
5976,58,14,26,0
5977,58,14,26,0
5978,58,14,26,0
5979,58,14,26,0
5980,58,14,26,0
5981,58,14,26,0
5982,58,14,26,0
5983,58,14,26,0
5984,58,14,26,0
5985,58,14,26,0
5986,58,14,26,0
5987,58,14,26,0
5988,58,14,26,0
5989,58,14,26,0
5990,58,14,26,0
5991,58,14,26,0
5992,58,14,26,0
5993,58,14,26,0
5994,58,14,26,0
5995,58,14,26,0
5996,58,14,26,0
5997,58,14,26,0
5998,58,14,26,0
5999,58,14,26,0
6000,58,14,26,0
6001,58,14,26,0
6002,58,14,26,0
6003,58,14,26,0
6004,58,14,26,0
6005,58,14,26,0
6006,58,14,26,0
6007,58,14,26,0
6008,58,14,26,0
6009,58,14,26,0
6010,58,14,26,0
6011,58,14,26,0
6012,58,14,26,0
6013,58,14,26,0
6014,58,14,26,0
6015,58,14,26,0
6016,58,14,26,0
6017,58,14,26,0
6018,58,14,26,0
6019,58,14,26,0
6020,58,14,26,0
6021,58,14,26,0
6022,58,14,26,0
6023,58,14,26,0
6024,58,14,26,0
6025,58,14,26,0
6026,58,14,26,0
6027,58,14,26,0
6028,58,14,26,0
6029,58,14,26,0
6030,58,14,26,0
6031,58,14,26,0
6032,58,14,26,0
6033,58,14,26,0
6034,58,14,26,0
6035,58,14,26,0
6036,58,14,26,0
6037,58,14,26,0
6038,58,14,26,0
6039,58,14,26,0
6040,58,14,26,0
6041,58,14,26,0
6042,58,14,26,0
6043,58,14,26,0
6044,58,14,26,0
6045,58,14,26,0
6046,58,14,26,0
6047,58,14,26,0
6048,58,14,26,0
6049,58,14,26,0
6050,58,14,26,0
6051,58,14,26,0
6052,58,14,26,0
6053,58,14,26,0
6054,58,14,26,0
6055,58,14,26,0
6056,58,14,26,0
6057,58,14,26,0
6058,58,14,26,0
6059,58,14,26,0
6060,58,14,26,0
6061,58,14,26,0
6062,58,14,26,0
6063,58,14,26,0
6064,58,14,26,0
6065,58,14,26,0
6066,58,14,26,0
6067,58,14,26,0
6068,58,14,26,0
6069,58,14,26,0
6070,58,14,26,0
6071,58,14,26,0
6072,58,14,26,0
6073,58,14,26,0
6074,58,14,26,0
6075,58,14,26,0
6076,58,14,26,0
6077,58,14,26,0
6078,58,14,26,0
6079,58,14,26,0
6080,58,14,26,0
6081,58,14,26,0
6082,58,14,26,0
6083,58,14,26,0
6084,58,14,26,0
6085,58,14,26,0
6086,58,14,26,0
6087,58,14,26,0
6088,58,14,26,0
6089,58,14,26,0
6090,58,14,26,0
6091,58,14,26,0
6092,58,14,26,0
6093,58,14,26,0
6094,58,14,26,0
6095,58,14,26,0
6096,58,14,26,0
6097,58,14,26,0
6098,58,14,26,0
6099,58,14,26,0
6100,58,14,26,0
6101,58,14,26,0
6102,58,14,26,0
6103,58,14,26,0
6104,58,14,26,0
6105,58,14,26,0
6106,58,14,26,0
6107,58,14,26,0
6108,58,14,26,0
6109,58,14,26,0
6110,58,14,26,0
6111,58,14,26,0
6112,58,14,26,0
6113,58,14,26,0
6114,58,14,26,0
6115,58,14,26,0
6116,58,14,26,0
6117,58,14,26,0
6118,58,14,26,0
6119,58,14,26,0
6120,58,14,26,0
6121,58,14,26,0
6122,58,14,26,0
6123,58,14,26,0
6124,58,14,26,0
6125,58,14,26,0
6126,58,14,26,0
6127,58,14,26,0
6128,58,14,26,0
6129,58,14,26,0
6130,58,14,26,0
6131,58,14,26,0
6132,58,14,26,0
6133,58,14,26,0
6134,58,14,26,0
6135,58,14,26,0
6136,58,14,26,0
6137,58,14,26,0
6138,58,14,26,0
6139,58,14,26,0
6140,58,14,26,0
6141,58,14,26,0
6142,58,14,26,0
6143,58,14,26,0
6144,58,14,26,0
6145,58,14,26,0
6146,58,14,26,0
6147,58,14,26,0
6148,58,14,26,0
6149,58,14,26,0
6150,58,14,26,0
6151,58,14,26,0
6152,58,14,26,0
6153,58,14,26,0
6154,58,14,26,0
6155,58,14,26,0
6156,58,14,26,0
6157,58,14,26,0
6158,58,14,26,0
6159,58,14,26,0
6160,58,14,26,0
6161,58,14,26,0
6162,58,14,26,0
6163,58,14,26,0
6164,58,14,26,0
6165,58,14,26,0
6166,58,14,26,0
6167,58,14,26,0
6168,58,14,26,0
6169,58,14,26,0
6170,58,14,26,0
6171,58,14,26,0
6172,58,14,26,0
6173,58,14,26,0
6174,58,14,26,0
6175,58,14,26,0
6176,58,14,26,0
6177,58,14,26,0
6178,58,14,26,0
6179,58,14,26,0
6180,58,14,26,0
6181,58,14,26,0
6182,58,14,26,0
6183,58,14,26,0
6184,58,14,26,0
6185,58,14,26,0
6186,58,14,26,0
6187,58,14,26,0
6188,58,14,26,0
6189,58,14,26,0
6190,58,14,26,0
6191,58,14,26,0
6192,58,14,26,0
6193,58,14,26,0
6194,58,14,26,0
6195,58,14,26,0
6196,58,14,26,0
6197,58,14,26,0
6198,58,14,26,0
6199,58,14,26,0
6200,58,14,26,0
6201,58,14,26,0
6202,58,14,26,0
6203,58,14,26,0
6204,58,14,26,0
6205,58,14,26,0
6206,58,14,26,0
6207,58,14,26,0
6208,58,14,26,0
6209,58,14,26,0
6210,58,14,26,0
6211,58,14,26,0
6212,58,14,26,0
6213,58,14,26,0
6214,58,14,26,0
6215,58,14,26,0
6216,58,14,26,0
6217,58,14,26,0
6218,58,14,26,0
6219,58,14,26,0
6220,58,14,26,0
6221,58,14,26,0
6222,58,14,26,0
6223,58,14,26,0
6224,58,14,26,0
6225,58,14,26,0
6226,58,14,26,0
6227,58,14,26,0
6228,58,14,26,0
6229,58,14,26,0
6230,58,14,26,0
6231,58,14,26,0
6232,58,14,26,0
6233,58,14,26,0
6234,58,14,26,0
6235,58,14,26,0
6236,58,14,26,0
6237,58,14,26,0
6238,58,14,26,0
6239,58,14,26,0
6240,58,14,26,0
6241,58,14,26,0
6242,58,14,26,0
6243,58,14,26,0
6244,58,14,26,0
6245,58,14,26,0
6246,58,14,26,0
6247,58,14,26,0
6248,58,14,26,0
6249,58,14,26,0
6250,58,14,26,0
6251,58,14,26,0
6252,58,14,26,0
6253,58,14,26,0
6254,58,14,26,0
6255,58,14,26,0
6256,58,14,26,0
6257,58,14,26,0
6258,58,14,26,0
6259,58,14,26,0
6260,58,14,26,0
6261,58,14,26,0
6262,58,14,26,0
6263,58,14,26,0
6264,58,14,26,0
6265,58,14,26,0
6266,58,14,26,0
6267,58,14,26,0
6268,58,14,26,0
6269,58,14,26,0
6270,58,14,26,0
6271,58,14,26,0
6272,58,14,26,0
6273,58,14,26,0
6274,58,14,26,0
6275,58,14,26,0
6276,58,14,26,0
6277,58,14,26,0
6278,58,14,26,0
6279,58,14,26,0
6280,58,14,26,0
6281,58,14,26,0
6282,58,14,26,0
6283,58,14,26,0
6284,58,14,26,0
6285,58,14,26,0
6286,58,14,26,0
6287,58,14,26,0
6288,58,14,26,0
6289,58,14,26,0
6290,58,14,26,0
6291,58,14,26,0
6292,58,14,26,0
6293,58,14,26,0
6294,58,14,26,0
6295,58,14,26,0
6296,58,14,26,0
6297,58,14,26,0
6298,58,14,26,0
6299,58,14,26,0
6300,58,14,26,0
6301,58,14,26,0
6302,58,14,26,0
6303,58,14,26,0
6304,58,14,26,0
6305,58,14,26,0
6306,58,14,26,0
6307,58,14,26,0
6308,58,14,26,0
6309,58,14,26,0
6310,58,14,26,0
6311,58,14,26,0
6312,58,14,26,0
6313,58,14,26,0
6314,58,14,26,0
6315,58,14,26,0
6316,58,14,26,0
6317,58,14,26,0
6318,58,14,26,0
6319,58,14,26,0
6320,58,14,26,0
6321,58,14,26,0
6322,58,14,26,0
6323,58,14,26,0
6324,58,14,26,0
6325,58,14,26,0
6326,58,14,26,0
6327,58,14,26,0
6328,58,14,26,0
6329,58,14,26,0
6330,58,14,26,0
6331,58,14,26,0
6332,58,14,26,0
6333,58,14,26,0
6334,58,14,26,0
6335,58,14,26,0
6336,58,14,26,0
6337,58,14,26,0
6338,58,14,26,0
6339,58,14,26,0
6340,58,14,26,0
6341,58,14,26,0
6342,58,14,26,0
6343,58,14,26,0
6344,58,14,26,0
6345,58,14,26,0
6346,58,14,26,0
6347,58,14,26,0
6348,58,14,26,0
6349,58,14,26,0
6350,58,14,26,0
6351,58,14,26,0
6352,58,14,26,0
6353,58,14,26,0
6354,58,14,26,0
6355,58,14,26,0
6356,58,14,26,0
6357,58,14,26,0
6358,58,14,26,0
6359,58,14,26,0
6360,58,14,26,0
6361,58,14,26,0
6362,58,14,26,0
6363,58,14,26,0
6364,58,14,26,0
6365,58,14,26,0
6366,58,14,26,0
6367,58,14,26,0
6368,58,14,26,0
6369,58,14,26,0
6370,58,14,26,0
6371,58,14,26,0
6372,58,14,26,0
6373,58,14,26,0
6374,58,14,26,0
6375,58,14,26,0
6376,58,14,26,0
6377,58,14,26,0
6378,58,14,26,0
6379,58,14,26,0
6380,58,14,26,0
6381,58,14,26,0
6382,58,14,26,0
6383,58,14,26,0
6384,58,14,26,0
6385,58,14,26,0
6386,58,14,26,0
6387,58,14,26,0
6388,58,14,26,0
6389,58,14,26,0
6390,58,14,26,0
6391,58,14,26,0
6392,58,14,26,0
6393,58,14,26,0
6394,58,14,26,0
6395,58,14,26,0
6396,58,14,26,0
6397,58,14,26,0
6398,58,14,26,0
6399,58,14,26,0
6400,58,14,26,0
6401,58,14,26,0
6402,58,14,26,0
6403,58,14,26,0
6404,58,14,26,0
6405,58,14,26,0
6406,58,14,26,0
6407,58,14,26,0
6408,58,14,26,0
6409,58,14,26,0
6410,58,14,26,0
6411,58,14,26,0
6412,58,14,26,0
6413,58,14,26,0
6414,58,14,26,0
6415,58,14,26,0
6416,58,14,26,0
6417,58,14,26,0
6418,58,14,26,0
6419,58,14,26,0
6420,58,14,26,0
6421,58,14,26,0
6422,58,14,26,0
6423,58,14,26,0
6424,58,14,26,0
6425,58,14,26,0
6426,58,14,26,0
6427,58,14,26,0
6428,58,14,26,0
6429,58,14,26,0
6430,58,14,26,0
6431,58,14,26,0
6432,58,14,26,0
6433,58,14,26,0
6434,58,14,26,0
6435,58,14,26,0
6436,58,14,26,0
6437,58,14,26,0
6438,58,14,26,0
6439,58,14,26,0
6440,58,14,26,0
6441,58,14,26,0
6442,58,14,26,0
6443,58,14,26,0
6444,58,14,26,0
6445,58,14,26,0
6446,58,14,26,0
6447,58,14,26,0
6448,58,14,26,0
6449,58,14,26,0
6450,58,14,26,0
6451,58,14,26,0
6452,58,14,26,0
6453,58,14,26,0
6454,58,14,26,0
6455,58,14,26,0
6456,58,14,26,0
6457,58,14,26,0
6458,58,14,26,0
6459,58,14,26,0
6460,58,14,26,0
6461,58,14,26,0
6462,58,14,26,0
6463,58,14,26,0
6464,58,14,26,0
6465,58,14,26,0
6466,58,14,26,0
6467,58,14,26,0
6468,58,14,26,0
6469,58,14,26,0
6470,58,14,26,0
6471,58,14,26,0
6472,58,14,26,0
6473,58,14,26,0
6474,58,14,26,0
6475,58,14,26,0
6476,58,14,26,0
6477,58,14,26,0
6478,58,14,26,0
6479,58,14,26,0
6480,58,14,26,0
6481,58,14,26,0
6482,58,14,26,0
6483,58,14,26,0
6484,58,14,26,0
6485,58,14,26,0
6486,58,14,26,0
6487,58,14,26,0
6488,58,14,26,0
6489,58,14,26,0
6490,58,14,26,0
6491,58,14,26,0
6492,58,14,26,0
6493,58,14,26,0
6494,58,14,26,0
6495,58,14,26,0
6496,58,14,26,0
6497,58,14,26,0
6498,58,14,26,0
6499,58,14,26,0
6500,58,14,26,0
6501,58,14,26,0
6502,58,14,26,0
6503,58,14,26,0
6504,58,14,26,0
6505,58,14,26,0
6506,58,14,26,0
6507,58,14,26,0
6508,58,14,26,0
6509,58,14,26,0
6510,58,14,26,0
6511,58,14,26,0
6512,58,14,26,0
6513,58,14,26,0
6514,58,14,26,0
6515,58,14,26,0
6516,58,14,26,0
6517,58,14,26,0
6518,58,14,26,0
6519,58,14,26,0
6520,58,14,26,0
6521,58,14,26,0
6522,58,14,26,0
6523,58,14,26,0
6524,58,14,26,0
6525,58,14,26,0
6526,58,14,26,0
6527,58,14,26,0
6528,58,14,26,0
6529,58,14,26,0
6530,58,14,26,0
6531,58,14,26,0
6532,58,14,26,0
6533,58,14,26,0
6534,58,14,26,0
6535,58,14,26,0
6536,58,14,26,0
6537,58,14,26,0
6538,58,14,26,0
6539,58,14,26,0
6540,58,14,26,0
6541,58,14,26,0
6542,58,14,26,0
6543,58,14,26,0
6544,58,14,26,0
6545,58,14,26,0
6546,58,14,26,0
6547,58,14,26,0
6548,58,14,26,0
6549,58,14,26,0
6550,58,14,26,0
6551,58,14,26,0
6552,58,14,26,0
6553,58,14,26,0
6554,58,14,26,0
6555,58,14,26,0
6556,58,14,26,0
6557,58,14,26,0
6558,58,14,26,0
6559,58,14,26,0
6560,58,14,26,0
6561,58,14,26,0
6562,58,14,26,0
6563,58,14,26,0
6564,58,14,26,0
6565,58,14,26,0
6566,58,14,26,0
6567,58,14,26,0
6568,58,14,26,0
6569,58,14,26,0
6570,58,14,26,0
6571,58,14,26,0
6572,58,14,26,0
6573,58,14,26,0
6574,58,14,26,0
6575,58,14,26,0
6576,58,14,26,0
6577,58,14,26,0
6578,58,14,26,0
6579,58,14,26,0
6580,58,14,26,0
6581,58,14,26,0
6582,58,14,26,0
6583,58,14,26,0
6584,58,14,26,0
6585,58,14,26,0
6586,58,14,26,0
6587,58,14,26,0
6588,58,14,26,0
6589,58,14,26,0
6590,58,14,26,0
6591,58,14,26,0
6592,58,14,26,0
6593,58,14,26,0
6594,58,14,26,0
6595,58,14,26,0
6596,58,14,26,0
6597,58,14,26,0
6598,58,14,26,0
6599,58,14,26,0
6600,58,14,26,0
6601,58,14,26,0
6602,58,14,26,0
6603,58,14,26,0
6604,58,14,26,0
6605,58,14,26,0
6606,58,14,26,0
6607,58,14,26,0
6608,58,14,26,0
6609,58,14,26,0
6610,58,14,26,0
6611,58,14,26,0
6612,58,14,26,0
6613,58,14,26,0
6614,58,14,26,0
6615,58,14,26,0
6616,58,14,26,0
6617,58,14,26,0
6618,58,14,26,0
6619,58,14,26,0
6620,58,14,26,0
6621,58,14,26,0
6622,58,14,26,0
6623,58,14,26,0
6624,58,14,26,0
6625,58,14,26,0
6626,58,14,26,0
6627,58,14,26,0
6628,58,14,26,0
6629,58,14,26,0
6630,58,14,26,0
6631,58,14,26,0
6632,58,14,26,0
6633,58,14,26,0
6634,58,14,26,0
6635,58,14,26,0
6636,58,14,26,0
6637,58,14,26,0
6638,58,14,26,0
6639,58,14,26,0
6640,58,14,26,0
6641,58,14,26,0
6642,58,14,26,0
6643,58,14,26,0
6644,58,14,26,0
6645,58,14,26,0
6646,58,14,26,0
6647,58,14,26,0
6648,58,14,26,0
6649,58,14,26,0
6650,58,14,26,0
6651,58,14,26,0
6652,58,14,26,0
6653,58,14,26,0
6654,58,14,26,0
6655,58,14,26,0
6656,58,14,26,0
6657,58,14,26,0
6658,58,14,26,0
6659,58,14,26,0
6660,58,14,26,0
6661,58,14,26,0
6662,58,14,26,0
6663,58,14,26,0
6664,58,14,26,0
6665,58,14,26,0
6666,58,14,26,0
6667,58,14,26,0
6668,58,14,26,0
6669,58,14,26,0
6670,58,14,26,0
6671,58,14,26,0
6672,58,14,26,0
6673,58,14,26,0
6674,58,14,26,0
6675,58,14,26,0
6676,58,14,26,0
6677,58,14,26,0
6678,58,14,26,0
6679,58,14,26,0
6680,58,14,26,0
6681,58,14,26,0
6682,58,14,26,0
6683,58,14,26,0
6684,58,14,26,0
6685,58,14,26,0
6686,58,14,26,0
6687,58,14,26,0
6688,58,14,26,0
6689,58,14,26,0
6690,58,14,26,0
6691,58,14,26,0
6692,58,14,26,0
6693,58,14,26,0
6694,58,14,26,0
6695,58,14,26,0
6696,58,14,26,0
6697,58,14,26,0
6698,58,14,26,0
6699,58,14,26,0
6700,58,14,26,0
6701,58,14,26,0
6702,58,14,26,0
6703,58,14,26,0
6704,58,14,26,0
6705,58,14,26,0
6706,58,14,26,0
6707,58,14,26,0
6708,58,14,26,0
6709,58,14,26,0
6710,58,14,26,0
6711,58,14,26,0
6712,58,14,26,0
6713,58,14,26,0
6714,58,14,26,0
6715,58,14,26,0
6716,58,14,26,0
6717,58,14,26,0
6718,58,14,26,0
6719,58,14,26,0
6720,58,14,26,0
6721,58,14,26,0
6722,58,14,26,0
6723,58,14,26,0
6724,58,14,26,0
6725,58,14,26,0
6726,58,14,26,0
6727,58,14,26,0
6728,58,14,26,0
6729,58,14,26,0
6730,58,14,26,0
6731,58,14,26,0
6732,58,14,26,0
6733,58,14,26,0
6734,58,14,26,0
6735,58,14,26,0
6736,58,14,26,0
6737,58,14,26,0
6738,58,14,26,0
6739,58,14,26,0
6740,58,14,26,0
6741,58,14,26,0
6742,58,14,26,0
6743,58,14,26,0
6744,58,14,26,0
6745,58,14,26,0
6746,58,14,26,0
6747,58,14,26,0
6748,58,14,26,0
6749,58,14,26,0
6750,58,14,26,0
6751,58,14,26,0
6752,58,14,26,0
6753,58,14,26,0
6754,58,14,26,0
6755,58,14,26,0
6756,58,14,26,0
6757,58,14,26,0
6758,58,14,26,0
6759,58,14,26,0
6760,58,14,26,0
6761,58,14,26,0
6762,58,14,26,0
6763,58,14,26,0
6764,58,14,26,0
6765,58,14,26,0
6766,58,14,26,0
6767,58,14,26,0
6768,58,14,26,0
6769,58,14,26,0
6770,58,14,26,0
6771,58,14,26,0
6772,58,14,26,0
6773,58,14,26,0
6774,58,14,26,0
6775,58,14,26,0
6776,58,14,26,0
6777,58,14,26,0
6778,58,14,26,0
6779,58,14,26,0
6780,58,14,26,0
6781,58,14,26,0
6782,58,14,26,0
6783,58,14,26,0
6784,58,14,26,0
6785,58,14,26,0
6786,58,14,26,0
6787,58,14,26,0
6788,58,14,26,0
6789,58,14,26,0
6790,58,14,26,0
6791,58,14,26,0
6792,58,14,26,0
6793,58,14,26,0
6794,58,14,26,0
6795,58,14,26,0
6796,58,14,26,0
6797,58,14,26,0
6798,58,14,26,0
6799,58,14,26,0
6800,58,14,26,0
6801,58,14,26,0
6802,58,14,26,0
6803,58,14,26,0
6804,58,14,26,0
6805,58,14,26,0
6806,58,14,26,0
6807,58,14,26,0
6808,58,14,26,0
6809,58,14,26,0
6810,58,14,26,0
6811,58,14,26,0
6812,58,14,26,0
6813,58,14,26,0
6814,58,14,26,0
6815,58,14,26,0
6816,58,14,26,0
6817,58,14,26,0
6818,58,14,26,0
6819,58,14,26,0
6820,58,14,26,0
6821,58,14,26,0
6822,58,14,26,0
6823,58,14,26,0
6824,58,14,26,0
6825,58,14,26,0
6826,58,14,26,0
6827,58,14,26,0
6828,58,14,26,0
6829,58,14,26,0
6830,58,14,26,0
6831,58,14,26,0
6832,58,14,26,0
6833,58,14,26,0
6834,58,14,26,0
6835,58,14,26,0
6836,58,14,26,0
6837,58,14,26,0
6838,58,14,26,0
6839,58,14,26,0
6840,58,14,26,0
6841,58,14,26,0
6842,58,14,26,0
6843,58,14,26,0
6844,58,14,26,0
6845,58,14,26,0
6846,58,14,26,0
6847,58,14,26,0
6848,58,14,26,0
6849,58,14,26,0
6850,58,14,26,0
6851,58,14,26,0
6852,58,14,26,0
6853,58,14,26,0
6854,58,14,26,0
6855,58,14,26,0
6856,58,14,26,0
6857,58,14,26,0
6858,58,14,26,0
6859,58,14,26,0
6860,58,14,26,0
6861,58,14,26,0
6862,58,14,26,0
6863,58,14,26,0
6864,58,14,26,0
6865,58,14,26,0
6866,58,14,26,0
6867,58,14,26,0
6868,58,14,26,0
6869,58,14,26,0
6870,58,14,26,0
6871,58,14,26,0
6872,58,14,26,0
6873,58,14,26,0
6874,58,14,26,0
6875,58,14,26,0
6876,58,14,26,0
6877,58,14,26,0
6878,58,14,26,0
6879,58,14,26,0
6880,58,14,26,0
6881,58,14,26,0
6882,58,14,26,0
6883,58,14,26,0
6884,58,14,26,0
6885,58,14,26,0
6886,58,14,26,0
6887,58,14,26,0
6888,58,14,26,0
6889,58,14,26,0
6890,58,14,26,0
6891,58,14,26,0
6892,58,14,26,0
6893,58,14,26,0
6894,58,14,26,0
6895,58,14,26,0
6896,58,14,26,0
6897,58,14,26,0
6898,58,14,26,0
6899,58,14,26,0
6900,58,14,26,0
6901,58,14,26,0
6902,58,14,26,0
6903,58,14,26,0
6904,58,14,26,0
6905,58,14,26,0
6906,58,14,26,0
6907,58,14,26,0
6908,58,14,26,0
6909,58,14,26,0
6910,58,14,26,0
6911,58,14,26,0
6912,58,14,26,0
6913,58,14,26,0
6914,58,14,26,0
6915,58,14,26,0
6916,58,14,26,0
6917,58,14,26,0
6918,58,14,26,0
6919,58,14,26,0
6920,58,14,26,0
6921,58,14,26,0
6922,58,14,26,0
6923,58,14,26,0
6924,58,14,26,0
6925,58,14,26,0
6926,58,14,26,0
6927,58,14,26,0
6928,58,14,26,0
6929,58,14,26,0
6930,58,14,26,0
6931,58,14,26,0
6932,58,14,26,0
6933,58,14,26,0
6934,58,14,26,0
6935,58,14,26,0
6936,58,14,26,0
6937,58,14,26,0
6938,58,14,26,0
6939,58,14,26,0
6940,58,14,26,0
6941,58,14,26,0
6942,58,14,26,0
6943,58,14,26,0
6944,58,14,26,0
6945,58,14,26,0
6946,58,14,26,0
6947,58,14,26,0
6948,58,14,26,0
6949,58,14,26,0
6950,58,14,26,0
6951,58,14,26,0
6952,58,14,26,0
6953,58,14,26,0
6954,58,14,26,0
6955,58,14,26,0
6956,58,14,26,0
6957,58,14,26,0
6958,58,14,26,0
6959,58,14,26,0
6960,58,14,26,0
6961,58,14,26,0
6962,58,14,26,0
6963,58,14,26,0
6964,58,14,26,0
6965,58,14,26,0
6966,58,14,26,0
6967,58,14,26,0
6968,58,14,26,0
6969,58,14,26,0
6970,58,14,26,0
6971,58,14,26,0
6972,58,14,26,0
6973,58,14,26,0
6974,58,14,26,0
6975,58,14,26,0
6976,58,14,26,0
6977,58,14,26,0
6978,58,14,26,0
6979,58,14,26,0
6980,58,14,26,0
6981,58,14,26,0
6982,58,14,26,0
6983,58,14,26,0
6984,58,14,26,0
6985,58,14,26,0
6986,58,14,26,0
6987,58,14,26,0
6988,58,14,26,0
6989,58,14,26,0
6990,58,14,26,0
6991,58,14,26,0
6992,58,14,26,0
6993,58,14,26,0
6994,58,14,26,0
6995,58,14,26,0
6996,58,14,26,0
6997,58,14,26,0
6998,58,14,26,0
6999,58,14,26,0
7000,58,14,26,0
7001,58,14,26,0
7002,58,14,26,0
7003,58,14,26,0
7004,58,14,26,0
7005,58,14,26,0
7006,58,14,26,0
7007,58,14,26,0
7008,58,14,26,0
7009,58,14,26,0
7010,58,14,26,0
7011,58,14,26,0
7012,58,14,26,0
7013,58,14,26,0
7014,58,14,26,0
7015,58,14,26,0
7016,58,14,26,0
7017,58,14,26,0
7018,58,14,26,0
7019,58,14,26,0
7020,58,14,26,0
7021,58,14,26,0
7022,58,14,26,0
7023,58,14,26,0
7024,58,14,26,0
7025,58,14,26,0
7026,58,14,26,0
7027,58,14,26,0
7028,58,14,26,0
7029,58,14,26,0
7030,58,14,26,0
7031,58,14,26,0
7032,58,14,26,0
7033,58,14,26,0
7034,58,14,26,0
7035,58,14,26,0
7036,58,14,26,0
7037,58,14,26,0
7038,58,14,26,0
7039,58,14,26,0
7040,58,14,26,0
7041,58,14,26,0
7042,58,14,26,0
7043,58,14,26,0
7044,58,14,26,0
7045,58,14,26,0
7046,58,14,26,0
7047,58,14,26,0
7048,58,14,26,0
7049,58,14,26,0
7050,58,14,26,0
7051,58,14,26,0
7052,58,14,26,0
7053,58,14,26,0
7054,58,14,26,0
7055,58,14,26,0
7056,58,14,26,0
7057,58,14,26,0
7058,58,14,26,0
7059,58,14,26,0
7060,58,14,26,0
7061,58,14,26,0
7062,58,14,26,0
7063,58,14,26,0
7064,58,14,26,0
7065,58,14,26,0
7066,58,14,26,0
7067,58,14,26,0
7068,58,14,26,0
7069,58,14,26,0
7070,58,14,26,0
7071,58,14,26,0
7072,58,14,26,0
7073,58,14,26,0
7074,58,14,26,0
7075,58,14,26,0
7076,58,14,26,0
7077,58,14,26,0
7078,58,14,26,0
7079,58,14,26,0
7080,58,14,26,0
7081,58,14,26,0
7082,58,14,26,0
7083,58,14,26,0
7084,58,14,26,0
7085,58,14,26,0
7086,58,14,26,0
7087,58,14,26,0
7088,58,14,26,0
7089,58,14,26,0
7090,58,14,26,0
7091,58,14,26,0
7092,58,14,26,0
7093,58,14,26,0
7094,58,14,26,0
7095,58,14,26,0
7096,58,14,26,0
7097,58,14,26,0
7098,58,14,26,0
7099,58,14,26,0
7100,58,14,26,0
7101,58,14,26,0
7102,58,14,26,0
7103,58,14,26,0
7104,58,14,26,0
7105,58,14,26,0
7106,58,14,26,0
7107,58,14,26,0
7108,58,14,26,0
7109,58,14,26,0
7110,58,14,26,0
7111,58,14,26,0
7112,58,14,26,0
7113,58,14,26,0
7114,58,14,26,0
7115,58,14,26,0
7116,58,14,26,0
7117,58,14,26,0
7118,58,14,26,0
7119,58,14,26,0
7120,58,14,26,0
7121,58,14,26,0
7122,58,14,26,0
7123,58,14,26,0
7124,58,14,26,0
7125,58,14,26,0
7126,58,14,26,0
7127,58,14,26,0
7128,58,14,26,0
7129,58,14,26,0
7130,58,14,26,0
7131,58,14,26,0
7132,58,14,26,0
7133,58,14,26,0
7134,58,14,26,0
7135,58,14,26,0
7136,58,14,26,0
7137,58,14,26,0
7138,58,14,26,0
7139,58,14,26,0
7140,58,14,26,0
7141,58,14,26,0
7142,58,14,26,0
7143,58,14,26,0
7144,58,14,26,0
7145,58,14,26,0
7146,58,14,26,0
7147,58,14,26,0
7148,58,14,26,0
7149,58,14,26,0
7150,58,14,26,0
7151,58,14,26,0
7152,58,14,26,0
7153,58,14,26,0
7154,58,14,26,0
7155,58,14,26,0
7156,58,14,26,0
7157,58,14,26,0
7158,58,14,26,0
7159,58,14,26,0
7160,58,14,26,0
7161,58,14,26,0
7162,58,14,26,0
7163,58,14,26,0
7164,58,14,26,0
7165,58,14,26,0
7166,58,14,26,0
7167,58,14,26,0
7168,58,14,26,0
7169,58,14,26,0
7170,58,14,26,0
7171,58,14,26,0
7172,58,14,26,0
7173,58,14,26,0
7174,58,14,26,0
7175,58,14,26,0
7176,58,14,26,0
7177,58,14,26,0
7178,58,14,26,0
7179,58,14,26,0
7180,58,14,26,0
7181,58,14,26,0
7182,58,14,26,0
7183,58,14,26,0
7184,58,14,26,0
7185,58,14,26,0
7186,58,14,26,0
7187,58,14,26,0
7188,58,14,26,0
7189,58,14,26,0
7190,58,14,26,0
7191,58,14,26,0
7192,58,14,26,0
7193,58,14,26,0
7194,58,14,26,0
7195,58,14,26,0
7196,58,14,26,0
7197,58,14,26,0
7198,58,14,26,0
7199,58,14,26,0
7200,58,14,26,0
7201,58,14,26,0
7202,58,14,26,0
7203,58,14,26,0
7204,58,14,26,0
7205,58,14,26,0
7206,58,14,26,0
7207,58,14,26,0
7208,58,14,26,0
7209,58,14,26,0
7210,58,14,26,0
7211,58,14,26,0
7212,58,14,26,0
7213,58,14,26,0
7214,58,14,26,0
7215,58,14,26,0
7216,58,14,26,0
7217,58,14,26,0
7218,58,14,26,0
7219,58,14,26,0
7220,58,14,26,0
7221,58,14,26,0
7222,58,14,26,0
7223,58,14,26,0
7224,58,14,26,0
7225,58,14,26,0
7226,58,14,26,0
7227,58,14,26,0
7228,58,14,26,0
7229,58,14,26,0
7230,58,14,26,0
7231,58,14,26,0
7232,58,14,26,0
7233,58,14,26,0
7234,58,14,26,0
7235,58,14,26,0
7236,58,14,26,0
7237,58,14,26,0
7238,58,14,26,0
7239,58,14,26,0
7240,58,14,26,0
7241,58,14,26,0
7242,58,14,26,0
7243,58,14,26,0
7244,58,14,26,0
7245,58,14,26,0
7246,58,14,26,0
7247,58,14,26,0
7248,58,14,26,0
7249,58,14,26,0
7250,58,14,26,0
7251,58,14,26,0
7252,58,14,26,0
7253,58,14,26,0
7254,58,14,26,0
7255,58,14,26,0
7256,58,14,26,0
7257,58,14,26,0
7258,58,14,26,0
7259,58,14,26,0
7260,58,14,26,0
7261,58,14,26,0
7262,58,14,26,0
7263,58,14,26,0
7264,58,14,26,0
7265,58,14,26,0
7266,58,14,26,0
7267,58,14,26,0
7268,58,14,26,0
7269,58,14,26,0
7270,58,14,26,0
7271,58,14,26,0
7272,58,14,26,0
7273,58,14,26,0
7274,58,14,26,0
7275,58,14,26,0
7276,58,14,26,0
7277,58,14,26,0
7278,58,14,26,0
7279,58,14,26,0
7280,58,14,26,0
7281,58,14,26,0
7282,58,14,26,0
7283,58,14,26,0
7284,58,14,26,0
7285,58,14,26,0
7286,58,14,26,0
7287,58,14,26,0
7288,58,14,26,0
7289,58,14,26,0
7290,58,14,26,0
7291,58,14,26,0
7292,58,14,26,0
7293,58,14,26,0
7294,58,14,26,0
7295,58,14,26,0
7296,58,14,26,0
7297,58,14,26,0
7298,58,14,26,0
7299,58,14,26,0
7300,58,14,26,0
7301,58,14,26,0
7302,58,14,26,0
7303,58,14,26,0
7304,58,14,26,0
7305,58,14,26,0
7306,58,14,26,0
7307,58,14,26,0
7308,58,14,26,0
7309,58,14,26,0
7310,58,14,26,0
7311,58,14,26,0
7312,58,14,26,0
7313,58,14,26,0
7314,58,14,26,0
7315,58,14,26,0
7316,58,14,26,0
7317,58,14,26,0
7318,58,14,26,0
7319,58,14,26,0
7320,58,14,26,0
7321,58,14,26,0
7322,58,14,26,0
7323,58,14,26,0
7324,58,14,26,0
7325,58,14,26,0
7326,58,14,26,0
7327,58,14,26,0
7328,58,14,26,0
7329,58,14,26,0
7330,58,14,26,0
7331,58,14,26,0
7332,58,14,26,0
7333,58,14,26,0
7334,58,14,26,0
7335,58,14,26,0
7336,58,14,26,0
7337,58,14,26,0
7338,58,14,26,0
7339,58,14,26,0
7340,58,14,26,0
7341,58,14,26,0
7342,58,14,26,0
7343,58,14,26,0
7344,58,14,26,0
7345,58,14,26,0
7346,58,14,26,0
7347,58,14,26,0
7348,58,14,26,0
7349,58,14,26,0
7350,58,14,26,0
7351,58,14,26,0
7352,58,14,26,0
7353,58,14,26,0
7354,58,14,26,0
7355,58,14,26,0
7356,58,14,26,0
7357,58,14,26,0
7358,58,14,26,0
7359,58,14,26,0
7360,58,14,26,0
7361,58,14,26,0
7362,58,14,26,0
7363,58,14,26,0
7364,58,14,26,0
7365,58,14,26,0
7366,58,14,26,0
7367,58,14,26,0
7368,58,14,26,0
7369,58,14,26,0
7370,58,14,26,0
7371,58,14,26,0
7372,58,14,26,0
7373,58,14,26,0
7374,58,14,26,0
7375,58,14,26,0
7376,58,14,26,0
7377,58,14,26,0
7378,58,14,26,0
7379,58,14,26,0
7380,58,14,26,0
7381,58,14,26,0
7382,58,14,26,0
7383,58,14,26,0
7384,58,14,26,0
7385,58,14,26,0
7386,58,14,26,0
7387,58,14,26,0
7388,58,14,26,0
7389,58,14,26,0
7390,58,14,26,0
7391,58,14,26,0
7392,58,14,26,0
7393,58,14,26,0
7394,58,14,26,0
7395,58,14,26,0
7396,58,14,26,0
7397,58,14,26,0
7398,58,14,26,0
7399,58,14,26,0
7400,58,14,26,0
7401,58,14,26,0
7402,58,14,26,0
7403,58,14,26,0
7404,58,14,26,0
7405,58,14,26,0
7406,58,14,26,0
7407,58,14,26,0
7408,58,14,26,0
7409,58,14,26,0
7410,58,14,26,0
7411,58,14,26,0
7412,58,14,26,0
7413,58,14,26,0
7414,58,14,26,0
7415,58,14,26,0
7416,58,14,26,0
7417,58,14,26,0
7418,58,14,26,0
7419,58,14,26,0
7420,58,14,26,0
7421,58,14,26,0
7422,58,14,26,0
7423,58,14,26,0
7424,58,14,26,0
7425,58,14,26,0
7426,58,14,26,0
7427,58,14,26,0
7428,58,14,26,0
7429,58,14,26,0
7430,58,14,26,0
7431,58,14,26,0
7432,58,14,26,0
7433,58,14,26,0
7434,58,14,26,0
7435,58,14,26,0
7436,58,14,26,0
7437,58,14,26,0
7438,58,14,26,0
7439,58,14,26,0
7440,58,14,26,0
7441,58,14,26,0
7442,58,14,26,0
7443,58,14,26,0
7444,58,14,26,0
7445,58,14,26,0
7446,58,14,26,0
7447,58,14,26,0
7448,58,14,26,0
7449,58,14,26,0
7450,58,14,26,0
7451,58,14,26,0
7452,58,14,26,0
7453,58,14,26,0
7454,58,14,26,0
7455,58,14,26,0
7456,58,14,26,0
7457,58,14,26,0
7458,58,14,26,0
7459,58,14,26,0
7460,58,14,26,0
7461,58,14,26,0
7462,58,14,26,0
7463,58,14,26,0
7464,58,14,26,0
7465,58,14,26,0
7466,58,14,26,0
7467,58,14,26,0
7468,58,14,26,0
7469,58,14,26,0
7470,58,14,26,0
7471,58,14,26,0
7472,58,14,26,0
7473,58,14,26,0
7474,58,14,26,0
7475,58,14,26,0
7476,58,14,26,0
7477,58,14,26,0
7478,58,14,26,0
7479,58,14,26,0
7480,58,14,26,0
7481,58,14,26,0
7482,58,14,26,0
7483,58,14,26,0
7484,58,14,26,0
7485,58,14,26,0
7486,58,14,26,0
7487,58,14,26,0
7488,58,14,26,0
7489,58,14,26,0
7490,58,14,26,0
7491,58,14,26,0
7492,58,14,26,0
7493,58,14,26,0
7494,58,14,26,0
7495,58,14,26,0
7496,58,14,26,0
7497,58,14,26,0
7498,58,14,26,0
7499,58,14,26,0
7500,58,14,26,0
7501,58,14,26,0
7502,58,14,26,0
7503,58,14,26,0
7504,58,14,26,0
7505,58,14,26,0
7506,58,14,26,0
7507,58,14,26,0
7508,58,14,26,0
7509,58,14,26,0
7510,58,14,26,0
7511,58,14,26,0
7512,58,14,26,0
7513,58,14,26,0
7514,58,14,26,0
7515,58,14,26,0
7516,58,14,26,0
7517,58,14,26,0
7518,58,14,26,0
7519,58,14,26,0
7520,58,14,26,0
7521,58,14,26,0
7522,58,14,26,0
7523,58,14,26,0
7524,58,14,26,0
7525,58,14,26,0
7526,58,14,26,0
7527,58,14,26,0
7528,58,14,26,0
7529,58,14,26,0
7530,58,14,26,0
7531,58,14,26,0
7532,58,14,26,0
7533,58,14,26,0
7534,58,14,26,0
7535,58,14,26,0
7536,58,14,26,0
7537,58,14,26,0
7538,58,14,26,0
7539,58,14,26,0
7540,58,14,26,0
7541,58,14,26,0
7542,58,14,26,0
7543,58,14,26,0
7544,58,14,26,0
7545,58,14,26,0
7546,58,14,26,0
7547,58,14,26,0
7548,58,14,26,0
7549,58,14,26,0
7550,58,14,26,0
7551,58,14,26,0
7552,58,14,26,0
7553,58,14,26,0
7554,58,14,26,0
7555,58,14,26,0
7556,58,14,26,0
7557,58,14,26,0
7558,58,14,26,0
7559,58,14,26,0
7560,58,14,26,0
7561,58,14,26,0
7562,58,14,26,0
7563,58,14,26,0
7564,58,14,26,0
7565,58,14,26,0
7566,58,14,26,0
7567,58,14,26,0
7568,58,14,26,0
7569,58,14,26,0
7570,58,14,26,0
7571,58,14,26,0
7572,58,14,26,0
7573,58,14,26,0
7574,58,14,26,0
7575,58,14,26,0
7576,58,14,26,0
7577,58,14,26,0
7578,58,14,26,0
7579,58,14,26,0
7580,58,14,26,0
7581,58,14,26,0
7582,58,14,26,0
7583,58,14,26,0
7584,58,14,26,0
7585,58,14,26,0
7586,58,14,26,0
7587,58,14,26,0
7588,58,14,26,0
7589,58,14,26,0
7590,58,14,26,0
7591,58,14,26,0
7592,58,14,26,0
7593,58,14,26,0
7594,58,14,26,0
7595,58,14,26,0
7596,58,14,26,0
7597,58,14,26,0
7598,58,14,26,0
7599,58,14,26,0
7600,58,14,26,0
7601,58,14,26,0
7602,58,14,26,0
7603,58,14,26,0
7604,58,14,26,0
7605,58,14,26,0
7606,58,14,26,0
7607,58,14,26,0
7608,58,14,26,0
7609,58,14,26,0
7610,58,14,26,0
7611,58,14,26,0
7612,58,14,26,0
7613,58,14,26,0
7614,58,14,26,0
7615,58,14,26,0
7616,58,14,26,0
7617,58,14,26,0
7618,58,14,26,0
7619,58,14,26,0
7620,58,14,26,0
7621,58,14,26,0
7622,58,14,26,0
7623,58,14,26,0
7624,58,14,26,0
7625,58,14,26,0
7626,58,14,26,0
7627,58,14,26,0
7628,58,14,26,0
7629,58,14,26,0
7630,58,14,26,0
7631,58,14,26,0
7632,58,14,26,0
7633,58,14,26,0
7634,58,14,26,0
7635,58,14,26,0
7636,58,14,26,0
7637,58,14,26,0
7638,58,14,26,0
7639,58,14,26,0
7640,58,14,26,0
7641,58,14,26,0
7642,58,14,26,0
7643,58,14,26,0
7644,58,14,26,0
7645,58,14,26,0
7646,58,14,26,0
7647,58,14,26,0
7648,58,14,26,0
7649,58,14,26,0
7650,58,14,26,0
7651,58,14,26,0
7652,58,14,26,0
7653,58,14,26,0
7654,58,14,26,0
7655,58,14,26,0
7656,58,14,26,0
7657,58,14,26,0
7658,58,14,26,0
7659,58,14,26,0
7660,58,14,26,0
7661,58,14,26,0
7662,58,14,26,0
7663,58,14,26,0
7664,58,14,26,0
7665,58,14,26,0
7666,58,14,26,0
7667,58,14,26,0
7668,58,14,26,0
7669,58,14,26,0
7670,58,14,26,0
7671,58,14,26,0
7672,58,14,26,0
7673,58,14,26,0
7674,58,14,26,0
7675,58,14,26,0
7676,58,14,26,0
7677,58,14,26,0
7678,58,14,26,0
7679,58,14,26,0
7680,58,14,26,0
7681,58,14,26,0
7682,58,14,26,0
7683,58,14,26,0
7684,58,14,26,0
7685,58,14,26,0
7686,58,14,26,0
7687,58,14,26,0
7688,58,14,26,0
7689,58,14,26,0
7690,58,14,26,0
7691,58,14,26,0
7692,58,14,26,0
7693,58,14,26,0
7694,58,14,26,0
7695,58,14,26,0
7696,58,14,26,0
7697,58,14,26,0
7698,58,14,26,0
7699,58,14,26,0
7700,58,14,26,0
7701,58,14,26,0
7702,58,14,26,0
7703,58,14,26,0
7704,58,14,26,0
7705,58,14,26,0
7706,58,14,26,0
7707,58,14,26,0
7708,58,14,26,0
7709,58,14,26,0
7710,58,14,26,0
7711,58,14,26,0
7712,58,14,26,0
7713,58,14,26,0
7714,58,14,26,0
7715,58,14,26,0
7716,58,14,26,0
7717,58,14,26,0
7718,58,14,26,0
7719,58,14,26,0
7720,58,14,26,0
7721,58,14,26,0
7722,58,14,26,0
7723,58,14,26,0
7724,58,14,26,0
7725,58,14,26,0
7726,58,14,26,0
7727,58,14,26,0
7728,58,14,26,0
7729,58,14,26,0
7730,58,14,26,0
7731,58,14,26,0
7732,58,14,26,0
7733,58,14,26,0
7734,58,14,26,0
7735,58,14,26,0
7736,58,14,26,0
7737,58,14,26,0
7738,58,14,26,0
7739,58,14,26,0
7740,58,14,26,0
7741,58,14,26,0
7742,58,14,26,0
7743,58,14,26,0
7744,58,14,26,0
7745,58,14,26,0
7746,58,14,26,0
7747,58,14,26,0
7748,58,14,26,0
7749,58,14,26,0
7750,58,14,26,0
7751,58,14,26,0
7752,58,14,26,0
7753,58,14,26,0
7754,58,14,26,0
7755,58,14,26,0
7756,58,14,26,0
7757,58,14,26,0
7758,58,14,26,0
7759,58,14,26,0
7760,58,14,26,0
7761,58,14,26,0
7762,58,14,26,0
7763,58,14,26,0
7764,58,14,26,0
7765,58,14,26,0
7766,58,14,26,0
7767,58,14,26,0
7768,58,14,26,0
7769,58,14,26,0
7770,58,14,26,0
7771,58,14,26,0
7772,58,14,26,0
7773,58,14,26,0
7774,58,14,26,0
7775,58,14,26,0
7776,58,14,26,0
7777,58,14,26,0
7778,58,14,26,0
7779,58,14,26,0
7780,58,14,26,0
7781,58,14,26,0
7782,58,14,26,0
7783,58,14,26,0
7784,58,14,26,0
7785,58,14,26,0
7786,58,14,26,0
7787,58,14,26,0
7788,58,14,26,0
7789,58,14,26,0
7790,58,14,26,0
7791,58,14,26,0
7792,58,14,26,0
7793,58,14,26,0
7794,58,14,26,0
7795,58,14,26,0
7796,58,14,26,0
7797,58,14,26,0
7798,58,14,26,0
7799,58,14,26,0
7800,58,14,26,0
7801,58,14,26,0
7802,58,14,26,0
7803,58,14,26,0
7804,58,14,26,0
7805,58,14,26,0
7806,58,14,26,0
7807,58,14,26,0
7808,58,14,26,0
7809,58,14,26,0
7810,58,14,26,0
7811,58,14,26,0
7812,58,14,26,0
7813,58,14,26,0
7814,58,14,26,0
7815,58,14,26,0
7816,58,14,26,0
7817,58,14,26,0
7818,58,14,26,0
7819,58,14,26,0
7820,58,14,26,0
7821,58,14,26,0
7822,58,14,26,0
7823,58,14,26,0
7824,58,14,26,0
7825,58,14,26,0
7826,58,14,26,0
7827,58,14,26,0
7828,58,14,26,0
7829,58,14,26,0
7830,58,14,26,0
7831,58,14,26,0
7832,58,14,26,0
7833,58,14,26,0
7834,58,14,26,0
7835,58,14,26,0
7836,58,14,26,0
7837,58,14,26,0
7838,58,14,26,0
7839,58,14,26,0
7840,58,14,26,0
7841,58,14,26,0
7842,58,14,26,0
7843,58,14,26,0
7844,58,14,26,0
7845,58,14,26,0
7846,58,14,26,0
7847,58,14,26,0
7848,58,14,26,0
7849,58,14,26,0
7850,58,14,26,0
7851,58,14,26,0
7852,58,14,26,0
7853,58,14,26,0
7854,58,14,26,0
7855,58,14,26,0
7856,58,14,26,0
7857,58,14,26,0
7858,58,14,26,0
7859,58,14,26,0
7860,58,14,26,0
7861,58,14,26,0
7862,58,14,26,0
7863,58,14,26,0
7864,58,14,26,0
7865,58,14,26,0
7866,58,14,26,0
7867,58,14,26,0
7868,58,14,26,0
7869,58,14,26,0
7870,58,14,26,0
7871,58,14,26,0
7872,58,14,26,0
7873,58,14,26,0
7874,58,14,26,0
7875,58,14,26,0
7876,58,14,26,0
7877,58,14,26,0
7878,58,14,26,0
7879,58,14,26,0
7880,58,14,26,0
7881,58,14,26,0
7882,58,14,26,0
7883,58,14,26,0
7884,58,14,26,0
7885,58,14,26,0
7886,58,14,26,0
7887,58,14,26,0
7888,58,14,26,0
7889,58,14,26,0
7890,58,14,26,0
7891,58,14,26,0
7892,58,14,26,0
7893,58,14,26,0
7894,58,14,26,0
7895,58,14,26,0
7896,58,14,26,0
7897,58,14,26,0
7898,58,14,26,0
7899,58,14,26,0
7900,58,14,26,0
7901,58,14,26,0
7902,58,14,26,0
7903,58,14,26,0
7904,58,14,26,0
7905,58,14,26,0
7906,58,14,26,0
7907,58,14,26,0
7908,58,14,26,0
7909,58,14,26,0
7910,58,14,26,0
7911,58,14,26,0
7912,58,14,26,0
7913,58,14,26,0
7914,58,14,26,0
7915,58,14,26,0
7916,58,14,26,0
7917,58,14,26,0
7918,58,14,26,0
7919,58,14,26,0
7920,58,14,26,0
7921,58,14,26,0
7922,58,14,26,0
7923,58,14,26,0
7924,58,14,26,0
7925,58,14,26,0
7926,58,14,26,0
7927,58,14,26,0
7928,58,14,26,0
7929,58,14,26,0
7930,58,14,26,0
7931,58,14,26,0
7932,58,14,26,0
7933,58,14,26,0
7934,58,14,26,0
7935,58,14,26,0
7936,58,14,26,0
7937,58,14,26,0
7938,58,14,26,0
7939,58,14,26,0
7940,58,14,26,0
7941,58,14,26,0
7942,58,14,26,0
7943,58,14,26,0
7944,58,14,26,0
7945,58,14,26,0
7946,58,14,26,0
7947,58,14,26,0
7948,58,14,26,0
7949,58,14,26,0
7950,58,14,26,0
7951,58,14,26,0
7952,58,14,26,0
7953,58,14,26,0
7954,58,14,26,0
7955,58,14,26,0
7956,58,14,26,0
7957,58,14,26,0
7958,58,14,26,0
7959,58,14,26,0
7960,58,14,26,0
7961,58,14,26,0
7962,58,14,26,0
7963,58,14,26,0
7964,58,14,26,0
7965,58,14,26,0
7966,58,14,26,0
7967,58,14,26,0
7968,58,14,26,0
7969,58,14,26,0
7970,58,14,26,0
7971,58,14,26,0
7972,58,14,26,0
7973,58,14,26,0
7974,58,14,26,0
7975,58,14,26,0
7976,58,14,26,0
7977,58,14,26,0
7978,58,14,26,0
7979,58,14,26,0
7980,58,14,26,0
7981,58,14,26,0
7982,58,14,26,0
7983,58,14,26,0
7984,58,14,26,0
7985,58,14,26,0
7986,58,14,26,0
7987,58,14,26,0
7988,58,14,26,0
7989,58,14,26,0
7990,58,14,26,0
7991,58,14,26,0
7992,58,14,26,0
7993,58,14,26,0
7994,58,14,26,0
7995,58,14,26,0
7996,58,14,26,0
7997,58,14,26,0
7998,58,14,26,0
7999,58,14,26,0
8000,58,14,26,0
8001,58,14,26,0
8002,58,14,26,0
8003,58,14,26,0
8004,58,14,26,0
8005,58,14,26,0
8006,58,14,26,0
8007,58,14,26,0
8008,58,14,26,0
8009,58,14,26,0
8010,58,14,26,0
8011,58,14,26,0
8012,58,14,26,0
8013,58,14,26,0
8014,58,14,26,0
8015,58,14,26,0
8016,58,14,26,0
8017,58,14,26,0
8018,58,14,26,0
8019,58,14,26,0
8020,58,14,26,0
8021,58,14,26,0
8022,58,14,26,0
8023,58,14,26,0
8024,58,14,26,0
8025,58,14,26,0
8026,58,14,26,0
8027,58,14,26,0
8028,58,14,26,0
8029,58,14,26,0
8030,58,14,26,0
8031,58,14,26,0
8032,58,14,26,0
8033,58,14,26,0
8034,58,14,26,0
8035,58,14,26,0
8036,58,14,26,0
8037,58,14,26,0
8038,58,14,26,0
8039,58,14,26,0
8040,58,14,26,0
8041,58,14,26,0
8042,58,14,26,0
8043,58,14,26,0
8044,58,14,26,0
8045,58,14,26,0
8046,58,14,26,0
8047,58,14,26,0
8048,58,14,26,0
8049,58,14,26,0
8050,58,14,26,0
8051,58,14,26,0
8052,58,14,26,0
8053,58,14,26,0
8054,58,14,26,0
8055,58,14,26,0
8056,58,14,26,0
8057,58,14,26,0
8058,58,14,26,0
8059,58,14,26,0
8060,58,14,26,0
8061,58,14,26,0
8062,58,14,26,0
8063,58,14,26,0
8064,58,14,26,0
8065,58,14,26,0
8066,58,14,26,0
8067,58,14,26,0
8068,58,14,26,0
8069,58,14,26,0
8070,58,14,26,0
8071,58,14,26,0
8072,58,14,26,0
8073,58,14,26,0
8074,58,14,26,0
8075,58,14,26,0
8076,58,14,26,0
8077,58,14,26,0
8078,58,14,26,0
8079,58,14,26,0
8080,58,14,26,0
8081,58,14,26,0
8082,58,14,26,0
8083,58,14,26,0
8084,58,14,26,0
8085,58,14,26,0
8086,58,14,26,0
8087,58,14,26,0
8088,58,14,26,0
8089,58,14,26,0
8090,58,14,26,0
8091,58,14,26,0
8092,58,14,26,0
8093,58,14,26,0
8094,58,14,26,0
8095,58,14,26,0
8096,58,14,26,0
8097,58,14,26,0
8098,58,14,26,0
8099,58,14,26,0
8100,58,14,26,0
8101,58,14,26,0
8102,58,14,26,0
8103,58,14,26,0
8104,58,14,26,0
8105,58,14,26,0
8106,58,14,26,0
8107,58,14,26,0
8108,58,14,26,0
8109,58,14,26,0
8110,58,14,26,0
8111,58,14,26,0
8112,58,14,26,0
8113,58,14,26,0
8114,58,14,26,0
8115,58,14,26,0
8116,58,14,26,0
8117,58,14,26,0
8118,58,14,26,0
8119,58,14,26,0
8120,58,14,26,0
8121,58,14,26,0
8122,58,14,26,0
8123,58,14,26,0
8124,58,14,26,0
8125,58,14,26,0
8126,58,14,26,0
8127,58,14,26,0
8128,58,14,26,0
8129,58,14,26,0
8130,58,14,26,0
8131,58,14,26,0
8132,58,14,26,0
8133,58,14,26,0
8134,58,14,26,0
8135,58,14,26,0
8136,58,14,26,0
8137,58,14,26,0
8138,58,14,26,0
8139,58,14,26,0
8140,58,14,26,0
8141,58,14,26,0
8142,58,14,26,0
8143,58,14,26,0
8144,58,14,26,0
8145,58,14,26,0
8146,58,14,26,0
8147,58,14,26,0
8148,58,14,26,0
8149,58,14,26,0
8150,58,14,26,0
8151,58,14,26,0
8152,58,14,26,0
8153,58,14,26,0
8154,58,14,26,0
8155,58,14,26,0
8156,58,14,26,0
8157,58,14,26,0
8158,58,14,26,0
8159,58,14,26,0
8160,58,14,26,0
8161,58,14,26,0
8162,58,14,26,0
8163,58,14,26,0
8164,58,14,26,0
8165,58,14,26,0
8166,58,14,26,0
8167,58,14,26,0
8168,58,14,26,0
8169,58,14,26,0
8170,58,14,26,0
8171,58,14,26,0
8172,58,14,26,0
8173,58,14,26,0
8174,58,14,26,0
8175,58,14,26,0
8176,58,14,26,0
8177,58,14,26,0
8178,58,14,26,0
8179,58,14,26,0
8180,58,14,26,0
8181,58,14,26,0
8182,58,14,26,0
8183,58,14,26,0
8184,58,14,26,0
8185,58,14,26,0
8186,58,14,26,0
8187,58,14,26,0
8188,58,14,26,0
8189,58,14,26,0
8190,58,14,26,0
8191,58,14,26,0
8192,58,14,26,0
8193,58,14,26,0
8194,58,14,26,0
8195,58,14,26,0
8196,58,14,26,0
8197,58,14,26,0
8198,58,14,26,0
8199,58,14,26,0
8200,58,14,26,0
8201,58,14,26,0
8202,58,14,26,0
8203,58,14,26,0
8204,58,14,26,0
8205,58,14,26,0
8206,58,14,26,0
8207,58,14,26,0
8208,58,14,26,0
8209,58,14,26,0
8210,58,14,26,0
8211,58,14,26,0
8212,58,14,26,0
8213,58,14,26,0
8214,58,14,26,0
8215,58,14,26,0
8216,58,14,26,0
8217,58,14,26,0
8218,58,14,26,0
8219,58,14,26,0
8220,58,14,26,0
8221,58,14,26,0
8222,58,14,26,0
8223,58,14,26,0
8224,58,14,26,0
8225,58,14,26,0
8226,58,14,26,0
8227,58,14,26,0
8228,58,14,26,0
8229,58,14,26,0
8230,58,14,26,0
8231,58,14,26,0
8232,58,14,26,0
8233,58,14,26,0
8234,58,14,26,0
8235,58,14,26,0
8236,58,14,26,0
8237,58,14,26,0
8238,58,14,26,0
8239,58,14,26,0
8240,58,14,26,0
8241,58,14,26,0
8242,58,14,26,0
8243,58,14,26,0
8244,58,14,26,0
8245,58,14,26,0
8246,58,14,26,0
8247,58,14,26,0
8248,58,14,26,0
8249,58,14,26,0
8250,58,14,26,0
8251,58,14,26,0
8252,58,14,26,0
8253,58,14,26,0
8254,58,14,26,0
8255,58,14,26,0
8256,58,14,26,0
8257,58,14,26,0
8258,58,14,26,0
8259,58,14,26,0
8260,58,14,26,0
8261,58,14,26,0
8262,58,14,26,0
8263,58,14,26,0
8264,58,14,26,0
8265,58,14,26,0
8266,58,14,26,0
8267,58,14,26,0
8268,58,14,26,0
8269,58,14,26,0
8270,58,14,26,0
8271,58,14,26,0
8272,58,14,26,0
8273,58,14,26,0
8274,58,14,26,0
8275,58,14,26,0
8276,58,14,26,0
8277,58,14,26,0
8278,58,14,26,0
8279,58,14,26,0
8280,58,14,26,0
8281,58,14,26,0
8282,58,14,26,0
8283,58,14,26,0
8284,58,14,26,0
8285,58,14,26,0
8286,58,14,26,0
8287,58,14,26,0
8288,58,14,26,0
8289,58,14,26,0
8290,58,14,26,0
8291,58,14,26,0
8292,58,14,26,0
8293,58,14,26,0
8294,58,14,26,0
8295,58,14,26,0
8296,58,14,26,0
8297,58,14,26,0
8298,58,14,26,0
8299,58,14,26,0
8300,58,14,26,0
8301,58,14,26,0
8302,58,14,26,0
8303,58,14,26,0
8304,58,14,26,0
8305,58,14,26,0
8306,58,14,26,0
8307,58,14,26,0
8308,58,14,26,0
8309,58,14,26,0
8310,58,14,26,0
8311,58,14,26,0
8312,58,14,26,0
8313,58,14,26,0
8314,58,14,26,0
8315,58,14,26,0
8316,58,14,26,0
8317,58,14,26,0
8318,58,14,26,0
8319,58,14,26,0
8320,58,14,26,0
8321,58,14,26,0
8322,58,14,26,0
8323,58,14,26,0
8324,58,14,26,0
8325,58,14,26,0
8326,58,14,26,0
8327,58,14,26,0
8328,58,14,26,0
8329,58,14,26,0
8330,58,14,26,0
8331,58,14,26,0
8332,58,14,26,0
8333,58,14,26,0
8334,58,14,26,0
8335,58,14,26,0
8336,58,14,26,0
8337,58,14,26,0
8338,58,14,26,0
8339,58,14,26,0
8340,58,14,26,0
8341,58,14,26,0
8342,58,14,26,0
8343,58,14,26,0
8344,58,14,26,0
8345,58,14,26,0
8346,58,14,26,0
8347,58,14,26,0
8348,58,14,26,0
8349,58,14,26,0
8350,58,14,26,0
8351,58,14,26,0
8352,58,14,26,0
8353,58,14,26,0
8354,58,14,26,0
8355,58,14,26,0
8356,58,14,26,0
8357,58,14,26,0
8358,58,14,26,0
8359,58,14,26,0
8360,58,14,26,0
8361,58,14,26,0
8362,58,14,26,0
8363,58,14,26,0
8364,58,14,26,0
8365,58,14,26,0
8366,58,14,26,0
8367,58,14,26,0
8368,58,14,26,0
8369,58,14,26,0
8370,58,14,26,0
8371,58,14,26,0
8372,58,14,26,0
8373,58,14,26,0
8374,58,14,26,0
8375,58,14,26,0
8376,58,14,26,0
8377,58,14,26,0
8378,58,14,26,0
8379,58,14,26,0
8380,58,14,26,0
8381,58,14,26,0
8382,58,14,26,0
8383,58,14,26,0
8384,58,14,26,0
8385,58,14,26,0
8386,58,14,26,0
8387,58,14,26,0
8388,58,14,26,0
8389,58,14,26,0
8390,58,14,26,0
8391,58,14,26,0
8392,58,14,26,0
8393,58,14,26,0
8394,58,14,26,0
8395,58,14,26,0
8396,58,14,26,0
8397,58,14,26,0
8398,58,14,26,0
8399,58,14,26,0
8400,58,14,26,0
8401,58,14,26,0
8402,58,14,26,0
8403,58,14,26,0
8404,58,14,26,0
8405,58,14,26,0
8406,58,14,26,0
8407,58,14,26,0
8408,58,14,26,0
8409,58,14,26,0
8410,58,14,26,0
8411,58,14,26,0
8412,58,14,26,0
8413,58,14,26,0
8414,58,14,26,0
8415,58,14,26,0
8416,58,14,26,0
8417,58,14,26,0
8418,58,14,26,0
8419,58,14,26,0
8420,58,14,26,0
8421,58,14,26,0
8422,58,14,26,0
8423,58,14,26,0
8424,58,14,26,0
8425,58,14,26,0
8426,58,14,26,0
8427,58,14,26,0
8428,58,14,26,0
8429,58,14,26,0
8430,58,14,26,0
8431,58,14,26,0
8432,58,14,26,0
8433,58,14,26,0
8434,58,14,26,0
8435,58,14,26,0
8436,58,14,26,0
8437,58,14,26,0
8438,58,14,26,0
8439,58,14,26,0
8440,58,14,26,0
8441,58,14,26,0
8442,58,14,26,0
8443,58,14,26,0
8444,58,14,26,0
8445,58,14,26,0
8446,58,14,26,0
8447,58,14,26,0
8448,58,14,26,0
8449,58,14,26,0
8450,58,14,26,0
8451,58,14,26,0
8452,58,14,26,0
8453,58,14,26,0
8454,58,14,26,0
8455,58,14,26,0
8456,58,14,26,0
8457,58,14,26,0
8458,58,14,26,0
8459,58,14,26,0
8460,58,14,26,0
8461,58,14,26,0
8462,58,14,26,0
8463,58,14,26,0
8464,58,14,26,0
8465,58,14,26,0
8466,58,14,26,0
8467,58,14,26,0
8468,58,14,26,0
8469,58,14,26,0
8470,58,14,26,0
8471,58,14,26,0
8472,58,14,26,0
8473,58,14,26,0
8474,58,14,26,0
8475,58,14,26,0
8476,58,14,26,0
8477,58,14,26,0
8478,58,14,26,0
8479,58,14,26,0
8480,58,14,26,0
8481,58,14,26,0
8482,58,14,26,0
8483,58,14,26,0
8484,58,14,26,0
8485,58,14,26,0
8486,58,14,26,0
8487,58,14,26,0
8488,58,14,26,0
8489,58,14,26,0
8490,58,14,26,0
8491,58,14,26,0
8492,58,14,26,0
8493,58,14,26,0
8494,58,14,26,0
8495,58,14,26,0
8496,58,14,26,0
8497,58,14,26,0
8498,58,14,26,0
8499,58,14,26,0
8500,58,14,26,0
8501,58,14,26,0
8502,58,14,26,0
8503,58,14,26,0
8504,58,14,26,0
8505,58,14,26,0
8506,58,14,26,0
8507,58,14,26,0
8508,58,14,26,0
8509,58,14,26,0
8510,58,14,26,0
8511,58,14,26,0
8512,58,14,26,0
8513,58,14,26,0
8514,58,14,26,0
8515,58,14,26,0
8516,58,14,26,0
8517,58,14,26,0
8518,58,14,26,0
8519,58,14,26,0
8520,58,14,26,0
8521,58,14,26,0
8522,58,14,26,0
8523,58,14,26,0
8524,58,14,26,0
8525,58,14,26,0
8526,58,14,26,0
8527,58,14,26,0
8528,58,14,26,0
8529,58,14,26,0
8530,58,14,26,0
8531,58,14,26,0
8532,58,14,26,0
8533,58,14,26,0
8534,58,14,26,0
8535,58,14,26,0
8536,58,14,26,0
8537,58,14,26,0
8538,58,14,26,0
8539,58,14,26,0
8540,58,14,26,0
8541,58,14,26,0
8542,58,14,26,0
8543,58,14,26,0
8544,58,14,26,0
8545,58,14,26,0
8546,58,14,26,0
8547,58,14,26,0
8548,58,14,26,0
8549,58,14,26,0
8550,58,14,26,0
8551,58,14,26,0
8552,58,14,26,0
8553,58,14,26,0
8554,58,14,26,0
8555,58,14,26,0
8556,58,14,26,0
8557,58,14,26,0
8558,58,14,26,0
8559,58,14,26,0
8560,58,14,26,0
8561,58,14,26,0
8562,58,14,26,0
8563,58,14,26,0
8564,58,14,26,0
8565,58,14,26,0
8566,58,14,26,0
8567,58,14,26,0
8568,58,14,26,0
8569,58,14,26,0
8570,58,14,26,0
8571,58,14,26,0
8572,58,14,26,0
8573,58,14,26,0
8574,58,14,26,0
8575,58,14,26,0
8576,58,14,26,0
8577,58,14,26,0
8578,58,14,26,0
8579,58,14,26,0
8580,58,14,26,0
8581,58,14,26,0
8582,58,14,26,0
8583,58,14,26,0
8584,58,14,26,0
8585,58,14,26,0
8586,58,14,26,0
8587,58,14,26,0
8588,58,14,26,0
8589,58,14,26,0
8590,58,14,26,0
8591,58,14,26,0
8592,58,14,26,0
8593,58,14,26,0
8594,58,14,26,0
8595,58,14,26,0
8596,58,14,26,0
8597,58,14,26,0
8598,58,14,26,0
8599,58,14,26,0
8600,58,14,26,0
8601,58,14,26,0
8602,58,14,26,0
8603,58,14,26,0
8604,58,14,26,0
8605,58,14,26,0
8606,58,14,26,0
8607,58,14,26,0
8608,58,14,26,0
8609,58,14,26,0
8610,58,14,26,0
8611,58,14,26,0
8612,58,14,26,0
8613,58,14,26,0
8614,58,14,26,0
8615,58,14,26,0
8616,58,14,26,0
8617,58,14,26,0
8618,58,14,26,0
8619,58,14,26,0
8620,58,14,26,0
8621,58,14,26,0
8622,58,14,26,0
8623,58,14,26,0
8624,58,14,26,0
8625,58,14,26,0
8626,58,14,26,0
8627,58,14,26,0
8628,58,14,26,0
8629,58,14,26,0
8630,58,14,26,0
8631,58,14,26,0
8632,58,14,26,0
8633,58,14,26,0
8634,58,14,26,0
8635,58,14,26,0
8636,58,14,26,0
8637,58,14,26,0
8638,58,14,26,0
8639,58,14,26,0
8640,58,14,26,0
8641,58,14,26,0
8642,58,14,26,0
8643,58,14,26,0
8644,58,14,26,0
8645,58,14,26,0
8646,58,14,26,0
8647,58,14,26,0
8648,58,14,26,0
8649,58,14,26,0
8650,58,14,26,0
8651,58,14,26,0
8652,58,14,26,0
8653,58,14,26,0
8654,58,14,26,0
8655,58,14,26,0
8656,58,14,26,0
8657,58,14,26,0
8658,58,14,26,0
8659,58,14,26,0
8660,58,14,26,0
8661,58,14,26,0
8662,58,14,26,0
8663,58,14,26,0
8664,58,14,26,0
8665,58,14,26,0
8666,58,14,26,0
8667,58,14,26,0
8668,58,14,26,0
8669,58,14,26,0
8670,58,14,26,0
8671,58,14,26,0
8672,58,14,26,0
8673,58,14,26,0
8674,58,14,26,0
8675,58,14,26,0
8676,58,14,26,0
8677,58,14,26,0
8678,58,14,26,0
8679,58,14,26,0
8680,58,14,26,0
8681,58,14,26,0
8682,58,14,26,0
8683,58,14,26,0
8684,58,14,26,0
8685,58,14,26,0
8686,58,14,26,0
8687,58,14,26,0
8688,58,14,26,0
8689,58,14,26,0
8690,58,14,26,0
8691,58,14,26,0
8692,58,14,26,0
8693,58,14,26,0
8694,58,14,26,0
8695,58,14,26,0
8696,58,14,26,0
8697,58,14,26,0
8698,58,14,26,0
8699,58,14,26,0
8700,58,14,26,0
8701,58,14,26,0
8702,58,14,26,0
8703,58,14,26,0
8704,58,14,26,0
8705,58,14,26,0
8706,58,14,26,0
8707,58,14,26,0
8708,58,14,26,0
8709,58,14,26,0
8710,58,14,26,0
8711,58,14,26,0
8712,58,14,26,0
8713,58,14,26,0
8714,58,14,26,0
8715,58,14,26,0
8716,58,14,26,0
8717,58,14,26,0
8718,58,14,26,0
8719,58,14,26,0
8720,58,14,26,0
8721,58,14,26,0
8722,58,14,26,0
8723,58,14,26,0
8724,58,14,26,0
8725,58,14,26,0
8726,58,14,26,0
8727,58,14,26,0
8728,58,14,26,0
8729,58,14,26,0
8730,58,14,26,0
8731,58,14,26,0
8732,58,14,26,0
8733,58,14,26,0
8734,58,14,26,0
8735,58,14,26,0
8736,58,14,26,0
8737,58,14,26,0
8738,58,14,26,0
8739,58,14,26,0
8740,58,14,26,0
8741,58,14,26,0
8742,58,14,26,0
8743,58,14,26,0
8744,58,14,26,0
8745,58,14,26,0
8746,58,14,26,0
8747,58,14,26,0
8748,58,14,26,0
8749,58,14,26,0
8750,58,14,26,0
8751,58,14,26,0
8752,58,14,26,0
8753,58,14,26,0
8754,58,14,26,0
8755,58,14,26,0
8756,58,14,26,0
8757,58,14,26,0
8758,58,14,26,0
8759,58,14,26,0
8760,58,14,26,0
8761,58,14,26,0
8762,58,14,26,0
8763,58,14,26,0
8764,58,14,26,0
8765,58,14,26,0
8766,58,14,26,0
8767,58,14,26,0
8768,58,14,26,0
8769,58,14,26,0
8770,58,14,26,0
8771,58,14,26,0
8772,58,14,26,0
8773,58,14,26,0
8774,58,14,26,0
8775,58,14,26,0
8776,58,14,26,0
8777,58,14,26,0
8778,58,14,26,0
8779,58,14,26,0
8780,58,14,26,0
8781,58,14,26,0
8782,58,14,26,0
8783,58,14,26,0
8784,58,14,26,0
8785,58,14,26,0
8786,58,14,26,0
8787,58,14,26,0
8788,58,14,26,0
8789,58,14,26,0
8790,58,14,26,0
8791,58,14,26,0
8792,58,14,26,0
8793,58,14,26,0
8794,58,14,26,0
8795,58,14,26,0
8796,58,14,26,0
8797,58,14,26,0
8798,58,14,26,0
8799,58,14,26,0
8800,58,14,26,0
8801,58,14,26,0
8802,58,14,26,0
8803,58,14,26,0
8804,58,14,26,0
8805,58,14,26,0
8806,58,14,26,0
8807,58,14,26,0
8808,58,14,26,0
8809,58,14,26,0
8810,58,14,26,0
8811,58,14,26,0
8812,58,14,26,0
8813,58,14,26,0
8814,58,14,26,0
8815,58,14,26,0
8816,58,14,26,0
8817,58,14,26,0
8818,58,14,26,0
8819,58,14,26,0
8820,58,14,26,0
8821,58,14,26,0
8822,58,14,26,0
8823,58,14,26,0
8824,58,14,26,0
8825,58,14,26,0
8826,58,14,26,0
8827,58,14,26,0
8828,58,14,26,0
8829,58,14,26,0
8830,58,14,26,0
8831,58,14,26,0
8832,58,14,26,0
8833,58,14,26,0
8834,58,14,26,0
8835,58,14,26,0
8836,58,14,26,0
8837,58,14,26,0
8838,58,14,26,0
8839,58,14,26,0
8840,58,14,26,0
8841,58,14,26,0
8842,58,14,26,0
8843,58,14,26,0
8844,58,14,26,0
8845,58,14,26,0
8846,58,14,26,0
8847,58,14,26,0
8848,58,14,26,0
8849,58,14,26,0
8850,58,14,26,0
8851,58,14,26,0
8852,58,14,26,0
8853,58,14,26,0
8854,58,14,26,0
8855,58,14,26,0
8856,58,14,26,0
8857,58,14,26,0
8858,58,14,26,0
8859,58,14,26,0
8860,58,14,26,0
8861,58,14,26,0
8862,58,14,26,0
8863,58,14,26,0
8864,58,14,26,0
8865,58,14,26,0
8866,58,14,26,0
8867,58,14,26,0
8868,58,14,26,0
8869,58,14,26,0
8870,58,14,26,0
8871,58,14,26,0
8872,58,14,26,0
8873,58,14,26,0
8874,58,14,26,0
8875,58,14,26,0
8876,58,14,26,0
8877,58,14,26,0
8878,58,14,26,0
8879,58,14,26,0
8880,58,14,26,0
8881,58,14,26,0
8882,58,14,26,0
8883,58,14,26,0
8884,58,14,26,0
8885,58,14,26,0
8886,58,14,26,0
8887,58,14,26,0
8888,58,14,26,0
8889,58,14,26,0
8890,58,14,26,0
8891,58,14,26,0
8892,58,14,26,0
8893,58,14,26,0
8894,58,14,26,0
8895,58,14,26,0
8896,58,14,26,0
8897,58,14,26,0
8898,58,14,26,0
8899,58,14,26,0
8900,58,14,26,0
8901,58,14,26,0
8902,58,14,26,0
8903,58,14,26,0
8904,58,14,26,0
8905,58,14,26,0
8906,58,14,26,0
8907,58,14,26,0
8908,58,14,26,0
8909,58,14,26,0
8910,58,14,26,0
8911,58,14,26,0
8912,58,14,26,0
8913,58,14,26,0
8914,58,14,26,0
8915,58,14,26,0
8916,58,14,26,0
8917,58,14,26,0
8918,58,14,26,0
8919,58,14,26,0
8920,58,14,26,0
8921,58,14,26,0
8922,58,14,26,0
8923,58,14,26,0
8924,58,14,26,0
8925,58,14,26,0
8926,58,14,26,0
8927,58,14,26,0
8928,58,14,26,0
8929,58,14,26,0
8930,58,14,26,0
8931,58,14,26,0
8932,58,14,26,0
8933,58,14,26,0
8934,58,14,26,0
8935,58,14,26,0
8936,58,14,26,0
8937,58,14,26,0
8938,58,14,26,0
8939,58,14,26,0
8940,58,14,26,0
8941,58,14,26,0
8942,58,14,26,0
8943,58,14,26,0
8944,58,14,26,0
8945,58,14,26,0
8946,58,14,26,0
8947,58,14,26,0
8948,58,14,26,0
8949,58,14,26,0
8950,58,14,26,0
8951,58,14,26,0
8952,58,14,26,0
8953,58,14,26,0
8954,58,14,26,0
8955,58,14,26,0
8956,58,14,26,0
8957,58,14,26,0
8958,58,14,26,0
8959,58,14,26,0
8960,58,14,26,0
8961,58,14,26,0
8962,58,14,26,0
8963,58,14,26,0
8964,58,14,26,0
8965,58,14,26,0
8966,58,14,26,0
8967,58,14,26,0
8968,58,14,26,0
8969,58,14,26,0
8970,58,14,26,0
8971,58,14,26,0
8972,58,14,26,0
8973,58,14,26,0
8974,58,14,26,0
8975,58,14,26,0
8976,58,14,26,0
8977,58,14,26,0
8978,58,14,26,0
8979,58,14,26,0
8980,58,14,26,0
8981,58,14,26,0
8982,58,14,26,0
8983,58,14,26,0
8984,58,14,26,0
8985,58,14,26,0
8986,58,14,26,0
8987,58,14,26,0
8988,58,14,26,0
8989,58,14,26,0
8990,58,14,26,0
8991,58,14,26,0
8992,58,14,26,0
8993,58,14,26,0
8994,58,14,26,0
8995,58,14,26,0
8996,58,14,26,0
8997,58,14,26,0
8998,58,14,26,0
8999,58,14,26,0
9000,58,14,26,0
9001,58,14,26,0
9002,58,14,26,0
9003,58,14,26,0
9004,58,14,26,0
9005,58,14,26,0
9006,58,14,26,0
9007,58,14,26,0
9008,58,14,26,0
9009,58,14,26,0
9010,58,14,26,0
9011,58,14,26,0
9012,58,14,26,0
9013,58,14,26,0
9014,58,14,26,0
9015,58,14,26,0
9016,58,14,26,0
9017,58,14,26,0
9018,58,14,26,0
9019,58,14,26,0
9020,58,14,26,0
9021,58,14,26,0
9022,58,14,26,0
9023,58,14,26,0
9024,58,14,26,0
9025,58,14,26,0
9026,58,14,26,0
9027,58,14,26,0
9028,58,14,26,0
9029,58,14,26,0
9030,58,14,26,0
9031,58,14,26,0
9032,58,14,26,0
9033,58,14,26,0
9034,58,14,26,0
9035,58,14,26,0
9036,58,14,26,0
9037,58,14,26,0
9038,58,14,26,0
9039,58,14,26,0
9040,58,14,26,0
9041,58,14,26,0
9042,58,14,26,0
9043,58,14,26,0
9044,58,14,26,0
9045,58,14,26,0
9046,58,14,26,0
9047,58,14,26,0
9048,58,14,26,0
9049,58,14,26,0
9050,58,14,26,0
9051,58,14,26,0
9052,58,14,26,0
9053,58,14,26,0
9054,58,14,26,0
9055,58,14,26,0
9056,58,14,26,0
9057,58,14,26,0
9058,58,14,26,0
9059,58,14,26,0
9060,58,14,26,0
9061,58,14,26,0
9062,58,14,26,0
9063,58,14,26,0
9064,58,14,26,0
9065,58,14,26,0
9066,58,14,26,0
9067,58,14,26,0
9068,58,14,26,0
9069,58,14,26,0
9070,58,14,26,0
9071,58,14,26,0
9072,58,14,26,0
9073,58,14,26,0
9074,58,14,26,0
9075,58,14,26,0
9076,58,14,26,0
9077,58,14,26,0
9078,58,14,26,0
9079,58,14,26,0
9080,58,14,26,0
9081,58,14,26,0
9082,58,14,26,0
9083,58,14,26,0
9084,58,14,26,0
9085,58,14,26,0
9086,58,14,26,0
9087,58,14,26,0
9088,58,14,26,0
9089,58,14,26,0
9090,58,14,26,0
9091,58,14,26,0
9092,58,14,26,0
9093,58,14,26,0
9094,58,14,26,0
9095,58,14,26,0
9096,58,14,26,0
9097,58,14,26,0
9098,58,14,26,0
9099,58,14,26,0
9100,58,14,26,0
9101,58,14,26,0
9102,58,14,26,0
9103,58,14,26,0
9104,58,14,26,0
9105,58,14,26,0
9106,58,14,26,0
9107,58,14,26,0
9108,58,14,26,0
9109,58,14,26,0
9110,58,14,26,0
9111,58,14,26,0
9112,58,14,26,0
9113,58,14,26,0
9114,58,14,26,0
9115,58,14,26,0
9116,58,14,26,0
9117,58,14,26,0
9118,58,14,26,0
9119,58,14,26,0
9120,58,14,26,0
9121,58,14,26,0
9122,58,14,26,0
9123,58,14,26,0
9124,58,14,26,0
9125,58,14,26,0
9126,58,14,26,0
9127,58,14,26,0
9128,58,14,26,0
9129,58,14,26,0
9130,58,14,26,0
9131,58,14,26,0
9132,58,14,26,0
9133,58,14,26,0
9134,58,14,26,0
9135,58,14,26,0
9136,58,14,26,0
9137,58,14,26,0
9138,58,14,26,0
9139,58,14,26,0
9140,58,14,26,0
9141,58,14,26,0
9142,58,14,26,0
9143,58,14,26,0
9144,58,14,26,0
9145,58,14,26,0
9146,58,14,26,0
9147,58,14,26,0
9148,58,14,26,0
9149,58,14,26,0
9150,58,14,26,0
9151,58,14,26,0
9152,58,14,26,0
9153,58,14,26,0
9154,58,14,26,0
9155,58,14,26,0
9156,58,14,26,0
9157,58,14,26,0
9158,58,14,26,0
9159,58,14,26,0
9160,58,14,26,0
9161,58,14,26,0
9162,58,14,26,0
9163,58,14,26,0
9164,58,14,26,0
9165,58,14,26,0
9166,58,14,26,0
9167,58,14,26,0
9168,58,14,26,0
9169,58,14,26,0
9170,58,14,26,0
9171,58,14,26,0
9172,58,14,26,0
9173,58,14,26,0
9174,58,14,26,0
9175,58,14,26,0
9176,58,14,26,0
9177,58,14,26,0
9178,58,14,26,0
9179,58,14,26,0
9180,58,14,26,0
9181,58,14,26,0
9182,58,14,26,0
9183,58,14,26,0
9184,58,14,26,0
9185,58,14,26,0
9186,58,14,26,0
9187,58,14,26,0
9188,58,14,26,0
9189,58,14,26,0
9190,58,14,26,0
9191,58,14,26,0
9192,58,14,26,0
9193,58,14,26,0
9194,58,14,26,0
9195,58,14,26,0
9196,58,14,26,0
9197,58,14,26,0
9198,58,14,26,0
9199,58,14,26,0
9200,58,14,26,0
9201,58,14,26,0
9202,58,14,26,0
9203,58,14,26,0
9204,58,14,26,0
9205,58,14,26,0
9206,58,14,26,0
9207,58,14,26,0
9208,58,14,26,0
9209,58,14,26,0
9210,58,14,26,0
9211,58,14,26,0
9212,58,14,26,0
9213,58,14,26,0
9214,58,14,26,0
9215,58,14,26,0
9216,58,14,26,0
9217,58,14,26,0
9218,58,14,26,0
9219,58,14,26,0
9220,58,14,26,0
9221,58,14,26,0
9222,58,14,26,0
9223,58,14,26,0
9224,58,14,26,0
9225,58,14,26,0
9226,58,14,26,0
9227,58,14,26,0
9228,58,14,26,0
9229,58,14,26,0
9230,58,14,26,0
9231,58,14,26,0
9232,58,14,26,0
9233,58,14,26,0
9234,58,14,26,0
9235,58,14,26,0
9236,58,14,26,0
9237,58,14,26,0
9238,58,14,26,0
9239,58,14,26,0
9240,58,14,26,0
9241,58,14,26,0
9242,58,14,26,0
9243,58,14,26,0
9244,58,14,26,0
9245,58,14,26,0
9246,58,14,26,0
9247,58,14,26,0
9248,58,14,26,0
9249,58,14,26,0
9250,58,14,26,0
9251,58,14,26,0
9252,58,14,26,0
9253,58,14,26,0
9254,58,14,26,0
9255,58,14,26,0
9256,58,14,26,0
9257,58,14,26,0
9258,58,14,26,0
9259,58,14,26,0
9260,58,14,26,0
9261,58,14,26,0
9262,58,14,26,0
9263,58,14,26,0
9264,58,14,26,0
9265,58,14,26,0
9266,58,14,26,0
9267,58,14,26,0
9268,58,14,26,0
9269,58,14,26,0
9270,58,14,26,0
9271,58,14,26,0
9272,58,14,26,0
9273,58,14,26,0
9274,58,14,26,0
9275,58,14,26,0
9276,58,14,26,0
9277,58,14,26,0
9278,58,14,26,0
9279,58,14,26,0
9280,58,14,26,0
9281,58,14,26,0
9282,58,14,26,0
9283,58,14,26,0
9284,58,14,26,0
9285,58,14,26,0
9286,58,14,26,0
9287,58,14,26,0
9288,58,14,26,0
9289,58,14,26,0
9290,58,14,26,0
9291,58,14,26,0
9292,58,14,26,0
9293,58,14,26,0
9294,58,14,26,0
9295,58,14,26,0
9296,58,14,26,0
9297,58,14,26,0
9298,58,14,26,0
9299,58,14,26,0
9300,58,14,26,0
9301,58,14,26,0
9302,58,14,26,0
9303,58,14,26,0
9304,58,14,26,0
9305,58,14,26,0
9306,58,14,26,0
9307,58,14,26,0
9308,58,14,26,0
9309,58,14,26,0
9310,58,14,26,0
9311,58,14,26,0
9312,58,14,26,0
9313,58,14,26,0
9314,58,14,26,0
9315,58,14,26,0
9316,58,14,26,0
9317,58,14,26,0
9318,58,14,26,0
9319,58,14,26,0
9320,58,14,26,0
9321,58,14,26,0
9322,58,14,26,0
9323,58,14,26,0
9324,58,14,26,0
9325,58,14,26,0
9326,58,14,26,0
9327,58,14,26,0
9328,58,14,26,0
9329,58,14,26,0
9330,58,14,26,0
9331,58,14,26,0
9332,58,14,26,0
9333,58,14,26,0
9334,58,14,26,0
9335,58,14,26,0
9336,58,14,26,0
9337,58,14,26,0
9338,58,14,26,0
9339,58,14,26,0
9340,58,14,26,0
9341,58,14,26,0
9342,58,14,26,0
9343,58,14,26,0
9344,58,14,26,0
9345,58,14,26,0
9346,58,14,26,0
9347,58,14,26,0
9348,58,14,26,0
9349,58,14,26,0
9350,58,14,26,0
9351,58,14,26,0
9352,58,14,26,0
9353,58,14,26,0
9354,58,14,26,0
9355,58,14,26,0
9356,58,14,26,0
9357,58,14,26,0
9358,58,14,26,0
9359,58,14,26,0
9360,58,14,26,0
9361,58,14,26,0
9362,58,14,26,0
9363,58,14,26,0
9364,58,14,26,0
9365,58,14,26,0
9366,58,14,26,0
9367,58,14,26,0
9368,58,14,26,0
9369,58,14,26,0
9370,58,14,26,0
9371,58,14,26,0
9372,58,14,26,0
9373,58,14,26,0
9374,58,14,26,0
9375,58,14,26,0
9376,58,14,26,0
9377,58,14,26,0
9378,58,14,26,0
9379,58,14,26,0
9380,58,14,26,0
9381,58,14,26,0
9382,58,14,26,0
9383,58,14,26,0
9384,58,14,26,0
9385,58,14,26,0
9386,58,14,26,0
9387,58,14,26,0
9388,58,14,26,0
9389,58,14,26,0
9390,58,14,26,0
9391,58,14,26,0
9392,58,14,26,0
9393,58,14,26,0
9394,58,14,26,0
9395,58,14,26,0
9396,58,14,26,0
9397,58,14,26,0
9398,58,14,26,0
9399,58,14,26,0
9400,58,14,26,0
9401,58,14,26,0
9402,58,14,26,0
9403,58,14,26,0
9404,58,14,26,0
9405,58,14,26,0
9406,58,14,26,0
9407,58,14,26,0
9408,58,14,26,0
9409,58,14,26,0
9410,58,14,26,0
9411,58,14,26,0
9412,58,14,26,0
9413,58,14,26,0
9414,58,14,26,0
9415,58,14,26,0
9416,58,14,26,0
9417,58,14,26,0
9418,58,14,26,0
9419,58,14,26,0
9420,58,14,26,0
9421,58,14,26,0
9422,58,14,26,0
9423,58,14,26,0
9424,58,14,26,0
9425,58,14,26,0
9426,58,14,26,0
9427,58,14,26,0
9428,58,14,26,0
9429,58,14,26,0
9430,58,14,26,0
9431,58,14,26,0
9432,58,14,26,0
9433,58,14,26,0
9434,58,14,26,0
9435,58,14,26,0
9436,58,14,26,0
9437,58,14,26,0
9438,58,14,26,0
9439,58,14,26,0
9440,58,14,26,0
9441,58,14,26,0
9442,58,14,26,0
9443,58,14,26,0
9444,58,14,26,0
9445,58,14,26,0
9446,58,14,26,0
9447,58,14,26,0
9448,58,14,26,0
9449,58,14,26,0
9450,58,14,26,0
9451,58,14,26,0
9452,58,14,26,0
9453,58,14,26,0
9454,58,14,26,0
9455,58,14,26,0
9456,58,14,26,0
9457,58,14,26,0
9458,58,14,26,0
9459,58,14,26,0
9460,58,14,26,0
9461,58,14,26,0
9462,58,14,26,0
9463,58,14,26,0
9464,58,14,26,0
9465,58,14,26,0
9466,58,14,26,0
9467,58,14,26,0
9468,58,14,26,0
9469,58,14,26,0
9470,58,14,26,0
9471,58,14,26,0
9472,58,14,26,0
9473,58,14,26,0
9474,58,14,26,0
9475,58,14,26,0
9476,58,14,26,0
9477,58,14,26,0
9478,58,14,26,0
9479,58,14,26,0
9480,58,14,26,0
9481,58,14,26,0
9482,58,14,26,0
9483,58,14,26,0
9484,58,14,26,0
9485,58,14,26,0
9486,58,14,26,0
9487,58,14,26,0
9488,58,14,26,0
9489,58,14,26,0
9490,58,14,26,0
9491,58,14,26,0
9492,58,14,26,0
9493,58,14,26,0
9494,58,14,26,0
9495,58,14,26,0
9496,58,14,26,0
9497,58,14,26,0
9498,58,14,26,0
9499,58,14,26,0
9500,58,14,26,0
9501,58,14,26,0
9502,58,14,26,0
9503,58,14,26,0
9504,58,14,26,0
9505,58,14,26,0
9506,58,14,26,0
9507,58,14,26,0
9508,58,14,26,0
9509,58,14,26,0
9510,58,14,26,0
9511,58,14,26,0
9512,58,14,26,0
9513,58,14,26,0
9514,58,14,26,0
9515,58,14,26,0
9516,58,14,26,0
9517,58,14,26,0
9518,58,14,26,0
9519,58,14,26,0
9520,58,14,26,0
9521,58,14,26,0
9522,58,14,26,0
9523,58,14,26,0
9524,58,14,26,0
9525,58,14,26,0
9526,58,14,26,0
9527,58,14,26,0
9528,58,14,26,0
9529,58,14,26,0
9530,58,14,26,0
9531,58,14,26,0
9532,58,14,26,0
9533,58,14,26,0
9534,58,14,26,0
9535,58,14,26,0
9536,58,14,26,0
9537,58,14,26,0
9538,58,14,26,0
9539,58,14,26,0
9540,58,14,26,0
9541,58,14,26,0
9542,58,14,26,0
9543,58,14,26,0
9544,58,14,26,0
9545,58,14,26,0
9546,58,14,26,0
9547,58,14,26,0
9548,58,14,26,0
9549,58,14,26,0
9550,58,14,26,0
9551,58,14,26,0
9552,58,14,26,0
9553,58,14,26,0
9554,58,14,26,0
9555,58,14,26,0
9556,58,14,26,0
9557,58,14,26,0
9558,58,14,26,0
9559,58,14,26,0
9560,58,14,26,0
9561,58,14,26,0
9562,58,14,26,0
9563,58,14,26,0
9564,58,14,26,0
9565,58,14,26,0
9566,58,14,26,0
9567,58,14,26,0
9568,58,14,26,0
9569,58,14,26,0
9570,58,14,26,0
9571,58,14,26,0
9572,58,14,26,0
9573,58,14,26,0
9574,58,14,26,0
9575,58,14,26,0
9576,58,14,26,0
9577,58,14,26,0
9578,58,14,26,0
9579,58,14,26,0
9580,58,14,26,0
9581,58,14,26,0
9582,58,14,26,0
9583,58,14,26,0
9584,58,14,26,0
9585,58,14,26,0
9586,58,14,26,0
9587,58,14,26,0
9588,58,14,26,0
9589,58,14,26,0
9590,58,14,26,0
9591,58,14,26,0
9592,58,14,26,0
9593,58,14,26,0
9594,58,14,26,0
9595,58,14,26,0
9596,58,14,26,0
9597,58,14,26,0
9598,58,14,26,0
9599,58,14,26,0
9600,58,14,26,0
9601,58,14,26,0
9602,58,14,26,0
9603,58,14,26,0
9604,58,14,26,0
9605,58,14,26,0
9606,58,14,26,0
9607,58,14,26,0
9608,58,14,26,0
9609,58,14,26,0
9610,58,14,26,0
9611,58,14,26,0
9612,58,14,26,0
9613,58,14,26,0
9614,58,14,26,0
9615,58,14,26,0
9616,58,14,26,0
9617,58,14,26,0
9618,58,14,26,0
9619,58,14,26,0
9620,58,14,26,0
9621,58,14,26,0
9622,58,14,26,0
9623,58,14,26,0
9624,58,14,26,0
9625,58,14,26,0
9626,58,14,26,0
9627,58,14,26,0
9628,58,14,26,0
9629,58,14,26,0
9630,58,14,26,0
9631,58,14,26,0
9632,58,14,26,0
9633,58,14,26,0
9634,58,14,26,0
9635,58,14,26,0
9636,58,14,26,0
9637,58,14,26,0
9638,58,14,26,0
9639,58,14,26,0
9640,58,14,26,0
9641,58,14,26,0
9642,58,14,26,0
9643,58,14,26,0
9644,58,14,26,0
9645,58,14,26,0
9646,58,14,26,0
9647,58,14,26,0
9648,58,14,26,0
9649,58,14,26,0
9650,58,14,26,0
9651,58,14,26,0
9652,58,14,26,0
9653,58,14,26,0
9654,58,14,26,0
9655,58,14,26,0
9656,58,14,26,0
9657,58,14,26,0
9658,58,14,26,0
9659,58,14,26,0
9660,58,14,26,0
9661,58,14,26,0
9662,58,14,26,0
9663,58,14,26,0
9664,58,14,26,0
9665,58,14,26,0
9666,58,14,26,0
9667,58,14,26,0
9668,58,14,26,0
9669,58,14,26,0
9670,58,14,26,0
9671,58,14,26,0
9672,58,14,26,0
9673,58,14,26,0
9674,58,14,26,0
9675,58,14,26,0
9676,58,14,26,0
9677,58,14,26,0
9678,58,14,26,0
9679,58,14,26,0
9680,58,14,26,0
9681,58,14,26,0
9682,58,14,26,0
9683,58,14,26,0
9684,58,14,26,0
9685,58,14,26,0
9686,58,14,26,0
9687,58,14,26,0
9688,58,14,26,0
9689,58,14,26,0
9690,58,14,26,0
9691,58,14,26,0
9692,58,14,26,0
9693,58,14,26,0
9694,58,14,26,0
9695,58,14,26,0
9696,58,14,26,0
9697,58,14,26,0
9698,58,14,26,0
9699,58,14,26,0
9700,58,14,26,0
9701,58,14,26,0
9702,58,14,26,0
9703,58,14,26,0
9704,58,14,26,0
9705,58,14,26,0
9706,58,14,26,0
9707,58,14,26,0
9708,58,14,26,0
9709,58,14,26,0
9710,58,14,26,0
9711,58,14,26,0
9712,58,14,26,0
9713,58,14,26,0
9714,58,14,26,0
9715,58,14,26,0
9716,58,14,26,0
9717,58,14,26,0
9718,58,14,26,0
9719,58,14,26,0
9720,58,14,26,0
9721,58,14,26,0
9722,58,14,26,0
9723,58,14,26,0
9724,58,14,26,0
9725,58,14,26,0
9726,58,14,26,0
9727,58,14,26,0
9728,58,14,26,0
9729,58,14,26,0
9730,58,14,26,0
9731,58,14,26,0
9732,58,14,26,0
9733,58,14,26,0
9734,58,14,26,0
9735,58,14,26,0
9736,58,14,26,0
9737,58,14,26,0
9738,58,14,26,0
9739,58,14,26,0
9740,58,14,26,0
9741,58,14,26,0
9742,58,14,26,0
9743,58,14,26,0
9744,58,14,26,0
9745,58,14,26,0
9746,58,14,26,0
9747,58,14,26,0
9748,58,14,26,0
9749,58,14,26,0
9750,58,14,26,0
9751,58,14,26,0
9752,58,14,26,0
9753,58,14,26,0
9754,58,14,26,0
9755,58,14,26,0
9756,58,14,26,0
9757,58,14,26,0
9758,58,14,26,0
9759,58,14,26,0
9760,58,14,26,0
9761,58,14,26,0
9762,58,14,26,0
9763,58,14,26,0
9764,58,14,26,0
9765,58,14,26,0
9766,58,14,26,0
9767,58,14,26,0
9768,58,14,26,0
9769,58,14,26,0
9770,58,14,26,0
9771,58,14,26,0
9772,58,14,26,0
9773,58,14,26,0
9774,58,14,26,0
9775,58,14,26,0
9776,58,14,26,0
9777,58,14,26,0
9778,58,14,26,0
9779,58,14,26,0
9780,58,14,26,0
9781,58,14,26,0
9782,58,14,26,0
9783,58,14,26,0
9784,58,14,26,0
9785,58,14,26,0
9786,58,14,26,0
9787,58,14,26,0
9788,58,14,26,0
9789,58,14,26,0
9790,58,14,26,0
9791,58,14,26,0
9792,58,14,26,0
9793,58,14,26,0
9794,58,14,26,0
9795,58,14,26,0
9796,58,14,26,0
9797,58,14,26,0
9798,58,14,26,0
9799,58,14,26,0
9800,58,14,26,0
9801,58,14,26,0
9802,58,14,26,0
9803,58,14,26,0
9804,58,14,26,0
9805,58,14,26,0
9806,58,14,26,0
9807,58,14,26,0
9808,58,14,26,0
9809,58,14,26,0
9810,58,14,26,0
9811,58,14,26,0
9812,58,14,26,0
9813,58,14,26,0
9814,58,14,26,0
9815,58,14,26,0
9816,58,14,26,0
9817,58,14,26,0
9818,58,14,26,0
9819,58,14,26,0
9820,58,14,26,0
9821,58,14,26,0
9822,58,14,26,0
9823,58,14,26,0
9824,58,14,26,0
9825,58,14,26,0
9826,58,14,26,0
9827,58,14,26,0
9828,58,14,26,0
9829,58,14,26,0
9830,58,14,26,0
9831,58,14,26,0
9832,58,14,26,0
9833,58,14,26,0
9834,58,14,26,0
9835,58,14,26,0
9836,58,14,26,0
9837,58,14,26,0
9838,58,14,26,0
9839,58,14,26,0
9840,58,14,26,0
9841,58,14,26,0
9842,58,14,26,0
9843,58,14,26,0
9844,58,14,26,0
9845,58,14,26,0
9846,58,14,26,0
9847,58,14,26,0
9848,58,14,26,0
9849,58,14,26,0
9850,58,14,26,0
9851,58,14,26,0
9852,58,14,26,0
9853,58,14,26,0
9854,58,14,26,0
9855,58,14,26,0
9856,58,14,26,0
9857,58,14,26,0
9858,58,14,26,0
9859,58,14,26,0
9860,58,14,26,0
9861,58,14,26,0
9862,58,14,26,0
9863,58,14,26,0
9864,58,14,26,0
9865,58,14,26,0
9866,58,14,26,0
9867,58,14,26,0
9868,58,14,26,0
9869,58,14,26,0
9870,58,14,26,0
9871,58,14,26,0
9872,58,14,26,0
9873,58,14,26,0
9874,58,14,26,0
9875,58,14,26,0
9876,58,14,26,0
9877,58,14,26,0
9878,58,14,26,0
9879,58,14,26,0
9880,58,14,26,0
9881,58,14,26,0
9882,58,14,26,0
9883,58,14,26,0
9884,58,14,26,0
9885,58,14,26,0
9886,58,14,26,0
9887,58,14,26,0
9888,58,14,26,0
9889,58,14,26,0
9890,58,14,26,0
9891,58,14,26,0
9892,58,14,26,0
9893,58,14,26,0
9894,58,14,26,0
9895,58,14,26,0
9896,58,14,26,0
9897,58,14,26,0
9898,58,14,26,0
9899,58,14,26,0
9900,58,14,26,0
9901,58,14,26,0
9902,58,14,26,0
9903,58,14,26,0
9904,58,14,26,0
9905,58,14,26,0
9906,58,14,26,0
9907,58,14,26,0
9908,58,14,26,0
9909,58,14,26,0
9910,58,14,26,0
9911,58,14,26,0
9912,58,14,26,0
9913,58,14,26,0
9914,58,14,26,0
9915,58,14,26,0
9916,58,14,26,0
9917,58,14,26,0
9918,58,14,26,0
9919,58,14,26,0
9920,58,14,26,0
9921,58,14,26,0
9922,58,14,26,0
9923,58,14,26,0
9924,58,14,26,0
9925,58,14,26,0
9926,58,14,26,0
9927,58,14,26,0
9928,58,14,26,0
9929,58,14,26,0
9930,58,14,26,0
9931,58,14,26,0
9932,58,14,26,0
9933,58,14,26,0
9934,58,14,26,0
9935,58,14,26,0
9936,58,14,26,0
9937,58,14,26,0
9938,58,14,26,0
9939,58,14,26,0
9940,58,14,26,0
9941,58,14,26,0
9942,58,14,26,0
9943,58,14,26,0
9944,58,14,26,0
9945,58,14,26,0
9946,58,14,26,0
9947,58,14,26,0
9948,58,14,26,0
9949,58,14,26,0
9950,58,14,26,0
9951,58,14,26,0
9952,58,14,26,0
9953,58,14,26,0
9954,58,14,26,0
9955,58,14,26,0
9956,58,14,26,0
9957,58,14,26,0
9958,58,14,26,0
9959,58,14,26,0
9960,58,14,26,0
9961,58,14,26,0
9962,58,14,26,0
9963,58,14,26,0
9964,58,14,26,0
9965,58,14,26,0
9966,58,14,26,0
9967,58,14,26,0
9968,58,14,26,0
9969,58,14,26,0
9970,58,14,26,0
9971,58,14,26,0
9972,58,14,26,0
9973,58,14,26,0
9974,58,14,26,0
9975,58,14,26,0
9976,58,14,26,0
9977,58,14,26,0
9978,58,14,26,0
9979,58,14,26,0
9980,58,14,26,0
9981,58,14,26,0
9982,58,14,26,0
9983,58,14,26,0
9984,58,14,26,0
9985,58,14,26,0
9986,58,14,26,0
9987,58,14,26,0
9988,58,14,26,0
9989,58,14,26,0
9990,58,14,26,0
9991,58,14,26,0
9992,58,14,26,0
9993,58,14,26,0
9994,58,14,26,0
9995,58,14,26,0
9996,58,14,26,0
9997,58,14,26,0
9998,58,14,26,0
9999,58,14,26,0
10000,58,14,26,0
10001,58,14,26,0
10002,58,14,26,0
10003,58,14,26,0
10004,58,14,26,0
10005,58,14,26,0
10006,58,14,26,0
10007,58,14,26,0
10008,58,14,26,0
10009,58,14,26,0
10010,58,14,26,0
10011,58,14,26,0
10012,58,14,26,0
10013,58,14,26,0
10014,58,14,26,0
10015,58,14,26,0
10016,58,14,26,0
10017,58,14,26,0
10018,58,14,26,0
10019,58,14,26,0
10020,58,14,26,0
10021,58,14,26,0
10022,58,14,26,0
10023,58,14,26,0
10024,58,14,26,0
10025,58,14,26,0
10026,58,14,26,0
10027,58,14,26,0
10028,58,14,26,0
10029,58,14,26,0
10030,58,14,26,0
10031,58,14,26,0
10032,58,14,26,0
10033,58,14,26,0
10034,58,14,26,0
10035,58,14,26,0
10036,58,14,26,0
10037,58,14,26,0
10038,58,14,26,0
10039,58,14,26,0
10040,58,14,26,0
10041,58,14,26,0
10042,58,14,26,0
10043,58,14,26,0
10044,58,14,26,0
10045,58,14,26,0
10046,58,14,26,0
10047,58,14,26,0
10048,58,14,26,0
10049,58,14,26,0
10050,58,14,26,0
10051,58,14,26,0
10052,58,14,26,0
10053,58,14,26,0
10054,58,14,26,0
10055,58,14,26,0
10056,58,14,26,0
10057,58,14,26,0
10058,58,14,26,0
10059,58,14,26,0
10060,58,14,26,0
10061,58,14,26,0
10062,58,14,26,0
10063,58,14,26,0
10064,58,14,26,0
10065,58,14,26,0
10066,58,14,26,0
10067,58,14,26,0
10068,58,14,26,0
10069,58,14,26,0
10070,58,14,26,0
10071,58,14,26,0
10072,58,14,26,0
10073,58,14,26,0
10074,58,14,26,0
10075,58,14,26,0
10076,58,14,26,0
10077,58,14,26,0
10078,58,14,26,0
10079,58,14,26,0
10080,58,14,26,0
10081,58,14,26,0
10082,58,14,26,0
10083,58,14,26,0
10084,58,14,26,0
10085,58,14,26,0
10086,58,14,26,0
10087,58,14,26,0
10088,58,14,26,0
10089,58,14,26,0
10090,58,14,26,0
10091,58,14,26,0
10092,58,14,26,0
10093,58,14,26,0
10094,58,14,26,0
10095,58,14,26,0
10096,58,14,26,0
10097,58,14,26,0
10098,58,14,26,0
10099,58,14,26,0
10100,58,14,26,0
10101,58,14,26,0
10102,58,14,26,0
10103,58,14,26,0
10104,58,14,26,0
10105,58,14,26,0
10106,58,14,26,0
10107,58,14,26,0
10108,58,14,26,0
10109,58,14,26,0
10110,58,14,26,0
10111,58,14,26,0
10112,58,14,26,0
10113,58,14,26,0
10114,58,14,26,0
10115,58,14,26,0
10116,58,14,26,0
10117,58,14,26,0
10118,58,14,26,0
10119,58,14,26,0
10120,58,14,26,0
10121,58,14,26,0
10122,58,14,26,0
10123,58,14,26,0
10124,58,14,26,0
10125,58,14,26,0
10126,58,14,26,0
10127,58,14,26,0
10128,58,14,26,0
10129,58,14,26,0
10130,58,14,26,0
10131,58,14,26,0
10132,58,14,26,0
10133,58,14,26,0
10134,58,14,26,0
10135,58,14,26,0
10136,58,14,26,0
10137,58,14,26,0
10138,58,14,26,0
10139,58,14,26,0
10140,58,14,26,0
10141,58,14,26,0
10142,58,14,26,0
10143,58,14,26,0
10144,58,14,26,0
10145,58,14,26,0
10146,58,14,26,0
10147,58,14,26,0
10148,58,14,26,0
10149,58,14,26,0
10150,58,14,26,0
10151,58,14,26,0
10152,58,14,26,0
10153,58,14,26,0
10154,58,14,26,0
10155,58,14,26,0
10156,58,14,26,0
10157,58,14,26,0
10158,58,14,26,0
10159,58,14,26,0
10160,58,14,26,0
10161,58,14,26,0
10162,58,14,26,0
10163,58,14,26,0
10164,58,14,26,0
10165,58,14,26,0
10166,58,14,26,0
10167,58,14,26,0
10168,58,14,26,0
10169,58,14,26,0
10170,58,14,26,0
10171,58,14,26,0
10172,58,14,26,0
10173,58,14,26,0
10174,58,14,26,0
10175,58,14,26,0
10176,58,14,26,0
10177,58,14,26,0
10178,58,14,26,0
10179,58,14,26,0
10180,58,14,26,0
10181,58,14,26,0
10182,58,14,26,0
10183,58,14,26,0
10184,58,14,26,0
10185,58,14,26,0
10186,58,14,26,0
10187,58,14,26,0
10188,58,14,26,0
10189,58,14,26,0
10190,58,14,26,0
10191,58,14,26,0
10192,58,14,26,0
10193,58,14,26,0
10194,58,14,26,0
10195,58,14,26,0
10196,58,14,26,0
10197,58,14,26,0
10198,58,14,26,0
10199,58,14,26,0
10200,58,14,26,0
10201,58,14,26,0
10202,58,14,26,0
10203,58,14,26,0
10204,58,14,26,0
10205,58,14,26,0
10206,58,14,26,0
10207,58,14,26,0
10208,58,14,26,0
10209,58,14,26,0
10210,58,14,26,0
10211,58,14,26,0
10212,58,14,26,0
10213,58,14,26,0
10214,58,14,26,0
10215,58,14,26,0
10216,58,14,26,0
10217,58,14,26,0
10218,58,14,26,0
10219,58,14,26,0
10220,58,14,26,0
10221,58,14,26,0
10222,58,14,26,0
10223,58,14,26,0
10224,58,14,26,0
10225,58,14,26,0
10226,58,14,26,0
10227,58,14,26,0
10228,58,14,26,0
10229,58,14,26,0
10230,58,14,26,0
10231,58,14,26,0
10232,58,14,26,0
10233,58,14,26,0
10234,58,14,26,0
10235,58,14,26,0
10236,58,14,26,0
10237,58,14,26,0
10238,58,14,26,0
10239,58,14,26,0
10240,58,14,26,0
10241,58,14,26,0
10242,58,14,26,0
10243,58,14,26,0
10244,58,14,26,0
10245,58,14,26,0
10246,58,14,26,0
10247,58,14,26,0
10248,58,14,26,0
10249,58,14,26,0
10250,58,14,26,0
10251,58,14,26,0
10252,58,14,26,0
10253,58,14,26,0
10254,58,14,26,0
10255,58,14,26,0
10256,58,14,26,0
10257,58,14,26,0
10258,58,14,26,0
10259,58,14,26,0
10260,58,14,26,0
10261,58,14,26,0
10262,58,14,26,0
10263,58,14,26,0
10264,58,14,26,0
10265,58,14,26,0
10266,58,14,26,0
10267,58,14,26,0
10268,58,14,26,0
10269,58,14,26,0
10270,58,14,26,0
10271,58,14,26,0
10272,58,14,26,0
10273,58,14,26,0
10274,58,14,26,0
10275,58,14,26,0
10276,58,14,26,0
10277,58,14,26,0
10278,58,14,26,0
10279,58,14,26,0
10280,58,14,26,0
10281,58,14,26,0
10282,58,14,26,0
10283,58,14,26,0
10284,58,14,26,0
10285,58,14,26,0
10286,58,14,26,0
10287,58,14,26,0
10288,58,14,26,0
10289,58,14,26,0
10290,58,14,26,0
10291,58,14,26,0
10292,58,14,26,0
10293,58,14,26,0
10294,58,14,26,0
10295,58,14,26,0
10296,58,14,26,0
10297,58,14,26,0
10298,58,14,26,0
10299,58,14,26,0
10300,58,14,26,0
10301,58,14,26,0
10302,58,14,26,0
10303,58,14,26,0
10304,58,14,26,0
10305,58,14,26,0
10306,58,14,26,0
10307,58,14,26,0
10308,58,14,26,0
10309,58,14,26,0
10310,58,14,26,0
10311,58,14,26,0
10312,58,14,26,0
10313,58,14,26,0
10314,58,14,26,0
10315,58,14,26,0
10316,58,14,26,0
10317,58,14,26,0
10318,58,14,26,0
10319,58,14,26,0
10320,58,14,26,0
10321,58,14,26,0
10322,58,14,26,0
10323,58,14,26,0
10324,58,14,26,0
10325,58,14,26,0
10326,58,14,26,0
10327,58,14,26,0
10328,58,14,26,0
10329,58,14,26,0
10330,58,14,26,0
10331,58,14,26,0
10332,58,14,26,0
10333,58,14,26,0
10334,58,14,26,0
10335,58,14,26,0
10336,58,14,26,0
10337,58,14,26,0
10338,58,14,26,0
10339,58,14,26,0
10340,58,14,26,0
10341,58,14,26,0
10342,58,14,26,0
10343,58,14,26,0
10344,58,14,26,0
10345,58,14,26,0
10346,58,14,26,0
10347,58,14,26,0
10348,58,14,26,0
10349,58,14,26,0
10350,58,14,26,0
10351,58,14,26,0
10352,58,14,26,0
10353,58,14,26,0
10354,58,14,26,0
10355,58,14,26,0
10356,58,14,26,0
10357,58,14,26,0
10358,58,14,26,0
10359,58,14,26,0
10360,58,14,26,0
10361,58,14,26,0
10362,58,14,26,0
10363,58,14,26,0
10364,58,14,26,0
10365,58,14,26,0
10366,58,14,26,0
10367,58,14,26,0
10368,58,14,26,0
10369,58,14,26,0
10370,58,14,26,0
10371,58,14,26,0
10372,58,14,26,0
10373,58,14,26,0
10374,58,14,26,0
10375,58,14,26,0
10376,58,14,26,0
10377,58,14,26,0
10378,58,14,26,0
10379,58,14,26,0
10380,58,14,26,0
10381,58,14,26,0
10382,58,14,26,0
10383,58,14,26,0
10384,58,14,26,0
10385,58,14,26,0
10386,58,14,26,0
10387,58,14,26,0
10388,58,14,26,0
10389,58,14,26,0
10390,58,14,26,0
10391,58,14,26,0
10392,58,14,26,0
10393,58,14,26,0
10394,58,14,26,0
10395,58,14,26,0
10396,58,14,26,0
10397,58,14,26,0
10398,58,14,26,0
10399,58,14,26,0
10400,58,14,26,0
10401,58,14,26,0
10402,58,14,26,0
10403,58,14,26,0
10404,58,14,26,0
10405,58,14,26,0
10406,58,14,26,0
10407,58,14,26,0
10408,58,14,26,0
10409,58,14,26,0
10410,58,14,26,0
10411,58,14,26,0
10412,58,14,26,0
10413,58,14,26,0
10414,58,14,26,0
10415,58,14,26,0
10416,58,14,26,0
10417,58,14,26,0
10418,58,14,26,0
10419,58,14,26,0
10420,58,14,26,0
10421,58,14,26,0
10422,58,14,26,0
10423,58,14,26,0
10424,58,14,26,0
10425,58,14,26,0
10426,58,14,26,0
10427,58,14,26,0
10428,58,14,26,0
10429,58,14,26,0
10430,58,14,26,0
10431,58,14,26,0
10432,58,14,26,0
10433,58,14,26,0
10434,58,14,26,0
10435,58,14,26,0
10436,58,14,26,0
10437,58,14,26,0
10438,58,14,26,0
10439,58,14,26,0
10440,58,14,26,0
10441,58,14,26,0
10442,58,14,26,0
10443,58,14,26,0
10444,58,14,26,0
10445,58,14,26,0
10446,58,14,26,0
10447,58,14,26,0
10448,58,14,26,0
10449,58,14,26,0
10450,58,14,26,0
10451,58,14,26,0
10452,58,14,26,0
10453,58,14,26,0
10454,58,14,26,0
10455,58,14,26,0
10456,58,14,26,0
10457,58,14,26,0
10458,58,14,26,0
10459,58,14,26,0
10460,58,14,26,0
10461,58,14,26,0
10462,58,14,26,0
10463,58,14,26,0
10464,58,14,26,0
10465,58,14,26,0
10466,58,14,26,0
10467,58,14,26,0
10468,58,14,26,0
10469,58,14,26,0
10470,58,14,26,0
10471,58,14,26,0
10472,58,14,26,0
10473,58,14,26,0
10474,58,14,26,0
10475,58,14,26,0
10476,58,14,26,0
10477,58,14,26,0
10478,58,14,26,0
10479,58,14,26,0
10480,58,14,26,0
10481,58,14,26,0
10482,58,14,26,0
10483,58,14,26,0
10484,58,14,26,0
10485,58,14,26,0
10486,58,14,26,0
10487,58,14,26,0
10488,58,14,26,0
10489,58,14,26,0
10490,58,14,26,0
10491,58,14,26,0
10492,58,14,26,0
10493,58,14,26,0
10494,58,14,26,0
10495,58,14,26,0
10496,58,14,26,0
10497,58,14,26,0
10498,58,14,26,0
10499,58,14,26,0
10500,58,14,26,0
10501,58,14,26,0
10502,58,14,26,0
10503,58,14,26,0
10504,58,14,26,0
10505,58,14,26,0
10506,58,14,26,0
10507,58,14,26,0
10508,58,14,26,0
10509,58,14,26,0
10510,58,14,26,0
10511,58,14,26,0
10512,58,14,26,0
10513,58,14,26,0
10514,58,14,26,0
10515,58,14,26,0
10516,58,14,26,0
10517,58,14,26,0
10518,58,14,26,0
10519,58,14,26,0
10520,58,14,26,0
10521,58,14,26,0
10522,58,14,26,0
10523,58,14,26,0
10524,58,14,26,0
10525,58,14,26,0
10526,58,14,26,0
10527,58,14,26,0
10528,58,14,26,0
10529,58,14,26,0
10530,58,14,26,0
10531,58,14,26,0
10532,58,14,26,0
10533,58,14,26,0
10534,58,14,26,0
10535,58,14,26,0
10536,58,14,26,0
10537,58,14,26,0
10538,58,14,26,0
10539,58,14,26,0
10540,58,14,26,0
10541,58,14,26,0
10542,58,14,26,0
10543,58,14,26,0
10544,58,14,26,0
10545,58,14,26,0
10546,58,14,26,0
10547,58,14,26,0
10548,58,14,26,0
10549,58,14,26,0
10550,58,14,26,0
10551,58,14,26,0
10552,58,14,26,0
10553,58,14,26,0
10554,58,14,26,0
10555,58,14,26,0
10556,58,14,26,0
10557,58,14,26,0
10558,58,14,26,0
10559,58,14,26,0
10560,58,14,26,0
10561,58,14,26,0
10562,58,14,26,0
10563,58,14,26,0
10564,58,14,26,0
10565,58,14,26,0
10566,58,14,26,0
10567,58,14,26,0
10568,58,14,26,0
10569,58,14,26,0
10570,58,14,26,0
10571,58,14,26,0
10572,58,14,26,0
10573,58,14,26,0
10574,58,14,26,0
10575,58,14,26,0
10576,58,14,26,0
10577,58,14,26,0
10578,58,14,26,0
10579,58,14,26,0
10580,58,14,26,0
10581,58,14,26,0
10582,58,14,26,0
10583,58,14,26,0
10584,58,14,26,0
10585,58,14,26,0
10586,58,14,26,0
10587,58,14,26,0
10588,58,14,26,0
10589,58,14,26,0
10590,58,14,26,0
10591,58,14,26,0
10592,58,14,26,0
10593,58,14,26,0
10594,58,14,26,0
10595,58,14,26,0
10596,58,14,26,0
10597,58,14,26,0
10598,58,14,26,0
10599,58,14,26,0
10600,58,14,26,0
10601,58,14,26,0
10602,58,14,26,0
10603,58,14,26,0
10604,58,14,26,0
10605,58,14,26,0
10606,58,14,26,0
10607,58,14,26,0
10608,58,14,26,0
10609,58,14,26,0
10610,58,14,26,0
10611,58,14,26,0
10612,58,14,26,0
10613,58,14,26,0
10614,58,14,26,0
10615,58,14,26,0
10616,58,14,26,0
10617,58,14,26,0
10618,58,14,26,0
10619,58,14,26,0
10620,58,14,26,0
10621,58,14,26,0
10622,58,14,26,0
10623,58,14,26,0
10624,58,14,26,0
10625,58,14,26,0
10626,58,14,26,0
10627,58,14,26,0
10628,58,14,26,0
10629,58,14,26,0
10630,58,14,26,0
10631,58,14,26,0
10632,58,14,26,0
10633,58,14,26,0
10634,58,14,26,0
10635,58,14,26,0
10636,58,14,26,0
10637,58,14,26,0
10638,58,14,26,0
10639,58,14,26,0
10640,58,14,26,0
10641,58,14,26,0
10642,58,14,26,0
10643,58,14,26,0
10644,58,14,26,0
10645,58,14,26,0
10646,58,14,26,0
10647,58,14,26,0
10648,58,14,26,0
10649,58,14,26,0
10650,58,14,26,0
10651,58,14,26,0
10652,58,14,26,0
10653,58,14,26,0
10654,58,14,26,0
10655,58,14,26,0
10656,58,14,26,0
10657,58,14,26,0
10658,58,14,26,0
10659,58,14,26,0
10660,58,14,26,0
10661,58,14,26,0
10662,58,14,26,0
10663,58,14,26,0
10664,58,14,26,0
10665,58,14,26,0
10666,58,14,26,0
10667,58,14,26,0
10668,58,14,26,0
10669,58,14,26,0
10670,58,14,26,0
10671,58,14,26,0
10672,58,14,26,0
10673,58,14,26,0
10674,58,14,26,0
10675,58,14,26,0
10676,58,14,26,0
10677,58,14,26,0
10678,58,14,26,0
10679,58,14,26,0
10680,58,14,26,0
10681,58,14,26,0
10682,58,14,26,0
10683,58,14,26,0
10684,58,14,26,0
10685,58,14,26,0
10686,58,14,26,0
10687,58,14,26,0
10688,58,14,26,0
10689,58,14,26,0
10690,58,14,26,0
10691,58,14,26,0
10692,58,14,26,0
10693,58,14,26,0
10694,58,14,26,0
10695,58,14,26,0
10696,58,14,26,0
10697,58,14,26,0
10698,58,14,26,0
10699,58,14,26,0
10700,58,14,26,0
10701,58,14,26,0
10702,58,14,26,0
10703,58,14,26,0
10704,58,14,26,0
10705,58,14,26,0
10706,58,14,26,0
10707,58,14,26,0
10708,58,14,26,0
10709,58,14,26,0
10710,58,14,26,0
10711,58,14,26,0
10712,58,14,26,0
10713,58,14,26,0
10714,58,14,26,0
10715,58,14,26,0
10716,58,14,26,0
10717,58,14,26,0
10718,58,14,26,0
10719,58,14,26,0
10720,58,14,26,0
10721,58,14,26,0
10722,58,14,26,0
10723,58,14,26,0
10724,58,14,26,0
10725,58,14,26,0
10726,58,14,26,0
10727,58,14,26,0
10728,58,14,26,0
10729,58,14,26,0
10730,58,14,26,0
10731,58,14,26,0
10732,58,14,26,0
10733,58,14,26,0
10734,58,14,26,0
10735,58,14,26,0
10736,58,14,26,0
10737,58,14,26,0
10738,58,14,26,0
10739,58,14,26,0
10740,58,14,26,0
10741,58,14,26,0
10742,58,14,26,0
10743,58,14,26,0
10744,58,14,26,0
10745,58,14,26,0
10746,58,14,26,0
10747,58,14,26,0
10748,58,14,26,0
10749,58,14,26,0
10750,58,14,26,0
10751,58,14,26,0
10752,58,14,26,0
10753,58,14,26,0
10754,58,14,26,0
10755,58,14,26,0
10756,58,14,26,0
10757,58,14,26,0
10758,58,14,26,0
10759,58,14,26,0
10760,58,14,26,0
10761,58,14,26,0
10762,58,14,26,0
10763,58,14,26,0
10764,58,14,26,0
10765,58,14,26,0
10766,58,14,26,0
10767,58,14,26,0
10768,58,14,26,0
10769,58,14,26,0
10770,58,14,26,0
10771,58,14,26,0
10772,58,14,26,0
10773,58,14,26,0
10774,58,14,26,0
10775,58,14,26,0
10776,58,14,26,0
10777,58,14,26,0
10778,58,14,26,0
10779,58,14,26,0
10780,58,14,26,0
10781,58,14,26,0
10782,58,14,26,0
10783,58,14,26,0
10784,58,14,26,0
10785,58,14,26,0
10786,58,14,26,0
10787,58,14,26,0
10788,58,14,26,0
10789,58,14,26,0
10790,58,14,26,0
10791,58,14,26,0
10792,58,14,26,0
10793,58,14,26,0
10794,58,14,26,0
10795,58,14,26,0
10796,58,14,26,0
10797,58,14,26,0
10798,58,14,26,0
10799,58,14,26,0
10800,58,14,26,0
10801,58,14,26,0
10802,58,14,26,0
10803,58,14,26,0
10804,58,14,26,0
10805,58,14,26,0
10806,58,14,26,0
10807,58,14,26,0
10808,58,14,26,0
10809,58,14,26,0
10810,58,14,26,0
10811,58,14,26,0
10812,58,14,26,0
10813,58,14,26,0
10814,58,14,26,0
10815,58,14,26,0
10816,58,14,26,0
10817,58,14,26,0
10818,58,14,26,0
10819,58,14,26,0
10820,58,14,26,0
10821,58,14,26,0
10822,58,14,26,0
10823,58,14,26,0
10824,58,14,26,0
10825,58,14,26,0
10826,58,14,26,0
10827,58,14,26,0
10828,58,14,26,0
10829,58,14,26,0
10830,58,14,26,0
10831,58,14,26,0
10832,58,14,26,0
10833,58,14,26,0
10834,58,14,26,0
10835,58,14,26,0
10836,58,14,26,0
10837,58,14,26,0
10838,58,14,26,0
10839,58,14,26,0
10840,58,14,26,0
10841,58,14,26,0
10842,58,14,26,0
10843,58,14,26,0
10844,58,14,26,0
10845,58,14,26,0
10846,58,14,26,0
10847,58,14,26,0
10848,58,14,26,0
10849,58,14,26,0
10850,58,14,26,0
10851,58,14,26,0
10852,58,14,26,0
10853,58,14,26,0
10854,58,14,26,0
10855,58,14,26,0
10856,58,14,26,0
10857,58,14,26,0
10858,58,14,26,0
10859,58,14,26,0
10860,58,14,26,0
10861,58,14,26,0
10862,58,14,26,0
10863,58,14,26,0
10864,58,14,26,0
10865,58,14,26,0
10866,58,14,26,0
10867,58,14,26,0
10868,58,14,26,0
10869,58,14,26,0
10870,58,14,26,0
10871,58,14,26,0
10872,58,14,26,0
10873,58,14,26,0
10874,58,14,26,0
10875,58,14,26,0
10876,58,14,26,0
10877,58,14,26,0
10878,58,14,26,0
10879,58,14,26,0
10880,58,14,26,0
10881,58,14,26,0
10882,58,14,26,0
10883,58,14,26,0
10884,58,14,26,0
10885,58,14,26,0
10886,58,14,26,0
10887,58,14,26,0
10888,58,14,26,0
10889,58,14,26,0
10890,58,14,26,0
10891,58,14,26,0
10892,58,14,26,0
10893,58,14,26,0
10894,58,14,26,0
10895,58,14,26,0
10896,58,14,26,0
10897,58,14,26,0
10898,58,14,26,0
10899,58,14,26,0
10900,58,14,26,0
10901,58,14,26,0
10902,58,14,26,0
10903,58,14,26,0
10904,58,14,26,0
10905,58,14,26,0
10906,58,14,26,0
10907,58,14,26,0
10908,58,14,26,0
10909,58,14,26,0
10910,58,14,26,0
10911,58,14,26,0
10912,58,14,26,0
10913,58,14,26,0
10914,58,14,26,0
10915,58,14,26,0
10916,58,14,26,0
10917,58,14,26,0
10918,58,14,26,0
10919,58,14,26,0
10920,58,14,26,0
10921,58,14,26,0
10922,58,14,26,0
10923,58,14,26,0
10924,58,14,26,0
10925,58,14,26,0
10926,58,14,26,0
10927,58,14,26,0
10928,58,14,26,0
10929,58,14,26,0
10930,58,14,26,0
10931,58,14,26,0
10932,58,14,26,0
10933,58,14,26,0
10934,58,14,26,0
10935,58,14,26,0
10936,58,14,26,0
10937,58,14,26,0
10938,58,14,26,0
10939,58,14,26,0
10940,58,14,26,0
10941,58,14,26,0
10942,58,14,26,0
10943,58,14,26,0
10944,58,14,26,0
10945,58,14,26,0
10946,58,14,26,0
10947,58,14,26,0
10948,58,14,26,0
10949,58,14,26,0
10950,58,14,26,0
10951,58,14,26,0
10952,58,14,26,0
10953,58,14,26,0
10954,58,14,26,0
10955,58,14,26,0
10956,58,14,26,0
10957,58,14,26,0
10958,58,14,26,0
10959,58,14,26,0
10960,58,14,26,0
10961,58,14,26,0
10962,58,14,26,0
10963,58,14,26,0
10964,58,14,26,0
10965,58,14,26,0
10966,58,14,26,0
10967,58,14,26,0
10968,58,14,26,0
10969,58,14,26,0
10970,58,14,26,0
10971,58,14,26,0
10972,58,14,26,0
10973,58,14,26,0
10974,58,14,26,0
10975,58,14,26,0
10976,58,14,26,0
10977,58,14,26,0
10978,58,14,26,0
10979,58,14,26,0
10980,58,14,26,0
10981,58,14,26,0
10982,58,14,26,0
10983,58,14,26,0
10984,58,14,26,0
10985,58,14,26,0
10986,58,14,26,0
10987,58,14,26,0
10988,58,14,26,0
10989,58,14,26,0
10990,58,14,26,0
10991,58,14,26,0
10992,58,14,26,0
10993,58,14,26,0
10994,58,14,26,0
10995,58,14,26,0
10996,58,14,26,0
10997,58,14,26,0
10998,58,14,26,0
10999,58,14,26,0
11000,58,14,26,0
11001,58,14,26,0
11002,58,14,26,0
11003,58,14,26,0
11004,58,14,26,0
11005,58,14,26,0
11006,58,14,26,0
11007,58,14,26,0
11008,58,14,26,0
11009,58,14,26,0
11010,58,14,26,0
11011,58,14,26,0
11012,58,14,26,0
11013,58,14,26,0
11014,58,14,26,0
11015,58,14,26,0
11016,58,14,26,0
11017,58,14,26,0
11018,58,14,26,0
11019,58,14,26,0
11020,58,14,26,0
11021,58,14,26,0
11022,58,14,26,0
11023,58,14,26,0
11024,58,14,26,0
11025,58,14,26,0
11026,58,14,26,0
11027,58,14,26,0
11028,58,14,26,0
11029,58,14,26,0
11030,58,14,26,0
11031,58,14,26,0
11032,58,14,26,0
11033,58,14,26,0
11034,58,14,26,0
11035,58,14,26,0
11036,58,14,26,0
11037,58,14,26,0
11038,58,14,26,0
11039,58,14,26,0
11040,58,14,26,0
11041,58,14,26,0
11042,58,14,26,0
11043,58,14,26,0
11044,58,14,26,0
11045,58,14,26,0
11046,58,14,26,0
11047,58,14,26,0
11048,58,14,26,0
11049,58,14,26,0
11050,58,14,26,0
11051,58,14,26,0
11052,58,14,26,0
11053,58,14,26,0
11054,58,14,26,0
11055,58,14,26,0
11056,58,14,26,0
11057,58,14,26,0
11058,58,14,26,0
11059,58,14,26,0
11060,58,14,26,0
11061,58,14,26,0
11062,58,14,26,0
11063,58,14,26,0
11064,58,14,26,0
11065,58,14,26,0
11066,58,14,26,0
11067,58,14,26,0
11068,58,14,26,0
11069,58,14,26,0
11070,58,14,26,0
11071,58,14,26,0
11072,58,14,26,0
11073,58,14,26,0
11074,58,14,26,0
11075,58,14,26,0
11076,58,14,26,0
11077,58,14,26,0
11078,58,14,26,0
11079,58,14,26,0
11080,58,14,26,0
11081,58,14,26,0
11082,58,14,26,0
11083,58,14,26,0
11084,58,14,26,0
11085,58,14,26,0
11086,58,14,26,0
11087,58,14,26,0
11088,58,14,26,0
11089,58,14,26,0
11090,58,14,26,0
11091,58,14,26,0
11092,58,14,26,0
11093,58,14,26,0
11094,58,14,26,0
11095,58,14,26,0
11096,58,14,26,0
11097,58,14,26,0
11098,58,14,26,0
11099,58,14,26,0
11100,58,14,26,0
11101,58,14,26,0
11102,58,14,26,0
11103,58,14,26,0
11104,58,14,26,0
11105,58,14,26,0
11106,58,14,26,0
11107,58,14,26,0
11108,58,14,26,0
11109,58,14,26,0
11110,58,14,26,0
11111,58,14,26,0
11112,58,14,26,0
11113,58,14,26,0
11114,58,14,26,0
11115,58,14,26,0
11116,58,14,26,0
11117,58,14,26,0
11118,58,14,26,0
11119,58,14,26,0
11120,58,14,26,0
11121,58,14,26,0
11122,58,14,26,0
11123,58,14,26,0
11124,58,14,26,0
11125,58,14,26,0
11126,58,14,26,0
11127,58,14,26,0
11128,58,14,26,0
11129,58,14,26,0
11130,58,14,26,0
11131,58,14,26,0
11132,58,14,26,0
11133,58,14,26,0
11134,58,14,26,0
11135,58,14,26,0
11136,58,14,26,0
11137,58,14,26,0
11138,58,14,26,0
11139,58,14,26,0
11140,58,14,26,0
11141,58,14,26,0
11142,58,14,26,0
11143,58,14,26,0
11144,58,14,26,0
11145,58,14,26,0
11146,58,14,26,0
11147,58,14,26,0
11148,58,14,26,0
11149,58,14,26,0
11150,58,14,26,0
11151,58,14,26,0
11152,58,14,26,0
11153,58,14,26,0
11154,58,14,26,0
11155,58,14,26,0
11156,58,14,26,0
11157,58,14,26,0
11158,58,14,26,0
11159,58,14,26,0
11160,58,14,26,0
11161,58,14,26,0
11162,58,14,26,0
11163,58,14,26,0
11164,58,14,26,0
11165,58,14,26,0
11166,58,14,26,0
11167,58,14,26,0
11168,58,14,26,0
11169,58,14,26,0
11170,58,14,26,0
11171,58,14,26,0
11172,58,14,26,0
11173,58,14,26,0
11174,58,14,26,0
11175,58,14,26,0
11176,58,14,26,0
11177,58,14,26,0
11178,58,14,26,0
11179,58,14,26,0
11180,58,14,26,0
11181,58,14,26,0
11182,58,14,26,0
11183,58,14,26,0
11184,58,14,26,0
11185,58,14,26,0
11186,58,14,26,0
11187,58,14,26,0
11188,58,14,26,0
11189,58,14,26,0
11190,58,14,26,0
11191,58,14,26,0
11192,58,14,26,0
11193,58,14,26,0
11194,58,14,26,0
11195,58,14,26,0
11196,58,14,26,0
11197,58,14,26,0
11198,58,14,26,0
11199,58,14,26,0
11200,58,14,26,0
11201,58,14,26,0
11202,58,14,26,0
11203,58,14,26,0
11204,58,14,26,0
11205,58,14,26,0
11206,58,14,26,0
11207,58,14,26,0
11208,58,14,26,0
11209,58,14,26,0
11210,58,14,26,0
11211,58,14,26,0
11212,58,14,26,0
11213,58,14,26,0
11214,58,14,26,0
11215,58,14,26,0
11216,58,14,26,0
11217,58,14,26,0
11218,58,14,26,0
11219,58,14,26,0
11220,58,14,26,0
11221,58,14,26,0
11222,58,14,26,0
11223,58,14,26,0
11224,58,14,26,0
11225,58,14,26,0
11226,58,14,26,0
11227,58,14,26,0
11228,58,14,26,0
11229,58,14,26,0
11230,58,14,26,0
11231,58,14,26,0
11232,58,14,26,0
11233,58,14,26,0
11234,58,14,26,0
11235,58,14,26,0
11236,58,14,26,0
11237,58,14,26,0
11238,58,14,26,0
11239,58,14,26,0
11240,58,14,26,0
11241,58,14,26,0
11242,58,14,26,0
11243,58,14,26,0
11244,58,14,26,0
11245,58,14,26,0
11246,58,14,26,0
11247,58,14,26,0
11248,58,14,26,0
11249,58,14,26,0
11250,58,14,26,0
11251,58,14,26,0
11252,58,14,26,0
11253,58,14,26,0
11254,58,14,26,0
11255,58,14,26,0
11256,58,14,26,0
11257,58,14,26,0
11258,58,14,26,0
11259,58,14,26,0
11260,58,14,26,0
11261,58,14,26,0
11262,58,14,26,0
11263,58,14,26,0
11264,58,14,26,0
11265,58,14,26,0
11266,58,14,26,0
11267,58,14,26,0
11268,58,14,26,0
11269,58,14,26,0
11270,58,14,26,0
11271,58,14,26,0
11272,58,14,26,0
11273,58,14,26,0
11274,58,14,26,0
11275,58,14,26,0
11276,58,14,26,0
11277,58,14,26,0
11278,58,14,26,0
11279,58,14,26,0
11280,58,14,26,0
11281,58,14,26,0
11282,58,14,26,0
11283,58,14,26,0
11284,58,14,26,0
11285,58,14,26,0
11286,58,14,26,0
11287,58,14,26,0
11288,58,14,26,0
11289,58,14,26,0
11290,58,14,26,0
11291,58,14,26,0
11292,58,14,26,0
11293,58,14,26,0
11294,58,14,26,0
11295,58,14,26,0
11296,58,14,26,0
11297,58,14,26,0
11298,58,14,26,0
11299,58,14,26,0
11300,58,14,26,0
11301,58,14,26,0
11302,58,14,26,0
11303,58,14,26,0
11304,58,14,26,0
11305,58,14,26,0
11306,58,14,26,0
11307,58,14,26,0
11308,58,14,26,0
11309,58,14,26,0
11310,58,14,26,0
11311,58,14,26,0
11312,58,14,26,0
11313,58,14,26,0
11314,58,14,26,0
11315,58,14,26,0
11316,58,14,26,0
11317,58,14,26,0
11318,58,14,26,0
11319,58,14,26,0
11320,58,14,26,0
11321,58,14,26,0
11322,58,14,26,0
11323,58,14,26,0
11324,58,14,26,0
11325,58,14,26,0
11326,58,14,26,0
11327,58,14,26,0
11328,58,14,26,0
11329,58,14,26,0
11330,58,14,26,0
11331,58,14,26,0
11332,58,14,26,0
11333,58,14,26,0
11334,58,14,26,0
11335,58,14,26,0
11336,58,14,26,0
11337,58,14,26,0
11338,58,14,26,0
11339,58,14,26,0
11340,58,14,26,0
11341,58,14,26,0
11342,58,14,26,0
11343,58,14,26,0
11344,58,14,26,0
11345,58,14,26,0
11346,58,14,26,0
11347,58,14,26,0
11348,58,14,26,0
11349,58,14,26,0
11350,58,14,26,0
11351,58,14,26,0
11352,58,14,26,0
11353,58,14,26,0
11354,58,14,26,0
11355,58,14,26,0
11356,58,14,26,0
11357,58,14,26,0
11358,58,14,26,0
11359,58,14,26,0
11360,58,14,26,0
11361,58,14,26,0
11362,58,14,26,0
11363,58,14,26,0
11364,58,14,26,0
11365,58,14,26,0
11366,58,14,26,0
11367,58,14,26,0
11368,58,14,26,0
11369,58,14,26,0
11370,58,14,26,0
11371,58,14,26,0
11372,58,14,26,0
11373,58,14,26,0
11374,58,14,26,0
11375,58,14,26,0
11376,58,14,26,0
11377,58,14,26,0
11378,58,14,26,0
11379,58,14,26,0
11380,58,14,26,0
11381,58,14,26,0
11382,58,14,26,0
11383,58,14,26,0
11384,58,14,26,0
11385,58,14,26,0
11386,58,14,26,0
11387,58,14,26,0
11388,58,14,26,0
11389,58,14,26,0
11390,58,14,26,0
11391,58,14,26,0
11392,58,14,26,0
11393,58,14,26,0
11394,58,14,26,0
11395,58,14,26,0
11396,58,14,26,0
11397,58,14,26,0
11398,58,14,26,0
11399,58,14,26,0
11400,58,14,26,0
11401,58,14,26,0
11402,58,14,26,0
11403,58,14,26,0
11404,58,14,26,0
11405,58,14,26,0
11406,58,14,26,0
11407,58,14,26,0
11408,58,14,26,0
11409,58,14,26,0
11410,58,14,26,0
11411,58,14,26,0
11412,58,14,26,0
11413,58,14,26,0
11414,58,14,26,0
11415,58,14,26,0
11416,58,14,26,0
11417,58,14,26,0
11418,58,14,26,0
11419,58,14,26,0
11420,58,14,26,0
11421,58,14,26,0
11422,58,14,26,0
11423,58,14,26,0
11424,58,14,26,0
11425,58,14,26,0
11426,58,14,26,0
11427,58,14,26,0
11428,58,14,26,0
11429,58,14,26,0
11430,58,14,26,0
11431,58,14,26,0
11432,58,14,26,0
11433,58,14,26,0
11434,58,14,26,0
11435,58,14,26,0
11436,58,14,26,0
11437,58,14,26,0
11438,58,14,26,0
11439,58,14,26,0
11440,58,14,26,0
11441,58,14,26,0
11442,58,14,26,0
11443,58,14,26,0
11444,58,14,26,0
11445,58,14,26,0
11446,58,14,26,0
11447,58,14,26,0
11448,58,14,26,0
11449,58,14,26,0
11450,58,14,26,0
11451,58,14,26,0
11452,58,14,26,0
11453,58,14,26,0
11454,58,14,26,0
11455,58,14,26,0
11456,58,14,26,0
11457,58,14,26,0
11458,58,14,26,0
11459,58,14,26,0
11460,58,14,26,0
11461,58,14,26,0
11462,58,14,26,0
11463,58,14,26,0
11464,58,14,26,0
11465,58,14,26,0
11466,58,14,26,0
11467,58,14,26,0
11468,58,14,26,0
11469,58,14,26,0
11470,58,14,26,0
11471,58,14,26,0
11472,58,14,26,0
11473,58,14,26,0
11474,58,14,26,0
11475,58,14,26,0
11476,58,14,26,0
11477,58,14,26,0
11478,58,14,26,0
11479,58,14,26,0
11480,58,14,26,0
11481,58,14,26,0
11482,58,14,26,0
11483,58,14,26,0
11484,58,14,26,0
11485,58,14,26,0
11486,58,14,26,0
11487,58,14,26,0
11488,58,14,26,0
11489,58,14,26,0
11490,58,14,26,0
11491,58,14,26,0
11492,58,14,26,0
11493,58,14,26,0
11494,58,14,26,0
11495,58,14,26,0
11496,58,14,26,0
11497,58,14,26,0
11498,58,14,26,0
11499,58,14,26,0
11500,58,14,26,0
11501,58,14,26,0
11502,58,14,26,0
11503,58,14,26,0
11504,58,14,26,0
11505,58,14,26,0
11506,58,14,26,0
11507,58,14,26,0
11508,58,14,26,0
11509,58,14,26,0
11510,58,14,26,0
11511,58,14,26,0
11512,58,14,26,0
11513,58,14,26,0
11514,58,14,26,0
11515,58,14,26,0
11516,58,14,26,0
11517,58,14,26,0
11518,58,14,26,0
11519,58,14,26,0
11520,58,14,26,0
11521,58,14,26,0
11522,58,14,26,0
11523,58,14,26,0
11524,58,14,26,0
11525,58,14,26,0
11526,58,14,26,0
11527,58,14,26,0
11528,58,14,26,0
11529,58,14,26,0
11530,58,14,26,0
11531,58,14,26,0
11532,58,14,26,0
11533,58,14,26,0
11534,58,14,26,0
11535,58,14,26,0
11536,58,14,26,0
11537,58,14,26,0
11538,58,14,26,0
11539,58,14,26,0
11540,58,14,26,0
11541,58,14,26,0
11542,58,14,26,0
11543,58,14,26,0
11544,58,14,26,0
11545,58,14,26,0
11546,58,14,26,0
11547,58,14,26,0
11548,58,14,26,0
11549,58,14,26,0
11550,58,14,26,0
11551,58,14,26,0
11552,58,14,26,0
11553,58,14,26,0
11554,58,14,26,0
11555,58,14,26,0
11556,58,14,26,0
11557,58,14,26,0
11558,58,14,26,0
11559,58,14,26,0
11560,58,14,26,0
11561,58,14,26,0
11562,58,14,26,0
11563,58,14,26,0
11564,58,14,26,0
11565,58,14,26,0
11566,58,14,26,0
11567,58,14,26,0
11568,58,14,26,0
11569,58,14,26,0
11570,58,14,26,0
11571,58,14,26,0
11572,58,14,26,0
11573,58,14,26,0
11574,58,14,26,0
11575,58,14,26,0
11576,58,14,26,0
11577,58,14,26,0
11578,58,14,26,0
11579,58,14,26,0
11580,58,14,26,0
11581,58,14,26,0
11582,58,14,26,0
11583,58,14,26,0
11584,58,14,26,0
11585,58,14,26,0
11586,58,14,26,0
11587,58,14,26,0
11588,58,14,26,0
11589,58,14,26,0
11590,58,14,26,0
11591,58,14,26,0
11592,58,14,26,0
11593,58,14,26,0
11594,58,14,26,0
11595,58,14,26,0
11596,58,14,26,0
11597,58,14,26,0
11598,58,14,26,0
11599,58,14,26,0
11600,58,14,26,0
11601,58,14,26,0
11602,58,14,26,0
11603,58,14,26,0
11604,58,14,26,0
11605,58,14,26,0
11606,58,14,26,0
11607,58,14,26,0
11608,58,14,26,0
11609,58,14,26,0
11610,58,14,26,0
11611,58,14,26,0
11612,58,14,26,0
11613,58,14,26,0
11614,58,14,26,0
11615,58,14,26,0
11616,58,14,26,0
11617,58,14,26,0
11618,58,14,26,0
11619,58,14,26,0
11620,58,14,26,0
11621,58,14,26,0
11622,58,14,26,0
11623,58,14,26,0
11624,58,14,26,0
11625,58,14,26,0
11626,58,14,26,0
11627,58,14,26,0
11628,58,14,26,0
11629,58,14,26,0
11630,58,14,26,0
11631,58,14,26,0
11632,58,14,26,0
11633,58,14,26,0
11634,58,14,26,0
11635,58,14,26,0
11636,58,14,26,0
11637,58,14,26,0
11638,58,14,26,0
11639,58,14,26,0
11640,58,14,26,0
11641,58,14,26,0
11642,58,14,26,0
11643,58,14,26,0
11644,58,14,26,0
11645,58,14,26,0
11646,58,14,26,0
11647,58,14,26,0
11648,58,14,26,0
11649,58,14,26,0
11650,58,14,26,0
11651,58,14,26,0
11652,58,14,26,0
11653,58,14,26,0
11654,58,14,26,0
11655,58,14,26,0
11656,58,14,26,0
11657,58,14,26,0
11658,58,14,26,0
11659,58,14,26,0
11660,58,14,26,0
11661,58,14,26,0
11662,58,14,26,0
11663,58,14,26,0
11664,58,14,26,0
11665,58,14,26,0
11666,58,14,26,0
11667,58,14,26,0
11668,58,14,26,0
11669,58,14,26,0
11670,58,14,26,0
11671,58,14,26,0
11672,58,14,26,0
11673,58,14,26,0
11674,58,14,26,0
11675,58,14,26,0
11676,58,14,26,0
11677,58,14,26,0
11678,58,14,26,0
11679,58,14,26,0
11680,58,14,26,0
11681,58,14,26,0
11682,58,14,26,0
11683,58,14,26,0
11684,58,14,26,0
11685,58,14,26,0
11686,58,14,26,0
11687,58,14,26,0
11688,58,14,26,0
11689,58,14,26,0
11690,58,14,26,0
11691,58,14,26,0
11692,58,14,26,0
11693,58,14,26,0
11694,58,14,26,0
11695,58,14,26,0
11696,58,14,26,0
11697,58,14,26,0
11698,58,14,26,0
11699,58,14,26,0
11700,58,14,26,0
11701,58,14,26,0
11702,58,14,26,0
11703,58,14,26,0
11704,58,14,26,0
11705,58,14,26,0
11706,58,14,26,0
11707,58,14,26,0
11708,58,14,26,0
11709,58,14,26,0
11710,58,14,26,0
11711,58,14,26,0
11712,58,14,26,0
11713,58,14,26,0
11714,58,14,26,0
11715,58,14,26,0
11716,58,14,26,0
11717,58,14,26,0
11718,58,14,26,0
11719,58,14,26,0
11720,58,14,26,0
11721,58,14,26,0
11722,58,14,26,0
11723,58,14,26,0
11724,58,14,26,0
11725,58,14,26,0
11726,58,14,26,0
11727,58,14,26,0
11728,58,14,26,0
11729,58,14,26,0
11730,58,14,26,0
11731,58,14,26,0
11732,58,14,26,0
11733,58,14,26,0
11734,58,14,26,0
11735,58,14,26,0
11736,58,14,26,0
11737,58,14,26,0
11738,58,14,26,0
11739,58,14,26,0
11740,58,14,26,0
11741,58,14,26,0
11742,58,14,26,0
11743,58,14,26,0
11744,58,14,26,0
11745,58,14,26,0
11746,58,14,26,0
11747,58,14,26,0
11748,58,14,26,0
11749,58,14,26,0
11750,58,14,26,0
11751,58,14,26,0
11752,58,14,26,0
11753,58,14,26,0
11754,58,14,26,0
11755,58,14,26,0
11756,58,14,26,0
11757,58,14,26,0
11758,58,14,26,0
11759,58,14,26,0
11760,58,14,26,0
11761,58,14,26,0
11762,58,14,26,0
11763,58,14,26,0
11764,58,14,26,0
11765,58,14,26,0
11766,58,14,26,0
11767,58,14,26,0
11768,58,14,26,0
11769,58,14,26,0
11770,58,14,26,0
11771,58,14,26,0
11772,58,14,26,0
11773,58,14,26,0
11774,58,14,26,0
11775,58,14,26,0
11776,58,14,26,0
11777,58,14,26,0
11778,58,14,26,0
11779,58,14,26,0
11780,58,14,26,0
11781,58,14,26,0
11782,58,14,26,0
11783,58,14,26,0
11784,58,14,26,0
11785,58,14,26,0
11786,58,14,26,0
11787,58,14,26,0
11788,58,14,26,0
11789,58,14,26,0
11790,58,14,26,0
11791,58,14,26,0
11792,58,14,26,0
11793,58,14,26,0
11794,58,14,26,0
11795,58,14,26,0
11796,58,14,26,0
11797,58,14,26,0
11798,58,14,26,0
11799,58,14,26,0
11800,58,14,26,0
11801,58,14,26,0
11802,58,14,26,0
11803,58,14,26,0
11804,58,14,26,0
11805,58,14,26,0
11806,58,14,26,0
11807,58,14,26,0
11808,58,14,26,0
11809,58,14,26,0
11810,58,14,26,0
11811,58,14,26,0
11812,58,14,26,0
11813,58,14,26,0
11814,58,14,26,0
11815,58,14,26,0
11816,58,14,26,0
11817,58,14,26,0
11818,58,14,26,0
11819,58,14,26,0
11820,58,14,26,0
11821,58,14,26,0
11822,58,14,26,0
11823,58,14,26,0
11824,58,14,26,0
11825,58,14,26,0
11826,58,14,26,0
11827,58,14,26,0
11828,58,14,26,0
11829,58,14,26,0
11830,58,14,26,0
11831,58,14,26,0
11832,58,14,26,0
11833,58,14,26,0
11834,58,14,26,0
11835,58,14,26,0
11836,58,14,26,0
11837,58,14,26,0
11838,58,14,26,0
11839,58,14,26,0
11840,58,14,26,0
11841,58,14,26,0
11842,58,14,26,0
11843,58,14,26,0
11844,58,14,26,0
11845,58,14,26,0
11846,58,14,26,0
11847,58,14,26,0
11848,58,14,26,0
11849,58,14,26,0
11850,58,14,26,0
11851,58,14,26,0
11852,58,14,26,0
11853,58,14,26,0
11854,58,14,26,0
11855,58,14,26,0
11856,58,14,26,0
11857,58,14,26,0
11858,58,14,26,0
11859,58,14,26,0
11860,58,14,26,0
11861,58,14,26,0
11862,58,14,26,0
11863,58,14,26,0
11864,58,14,26,0
11865,58,14,26,0
11866,58,14,26,0
11867,58,14,26,0
11868,58,14,26,0
11869,58,14,26,0
11870,58,14,26,0
11871,58,14,26,0
11872,58,14,26,0
11873,58,14,26,0
11874,58,14,26,0
11875,58,14,26,0
11876,58,14,26,0
11877,58,14,26,0
11878,58,14,26,0
11879,58,14,26,0
11880,58,14,26,0
11881,58,14,26,0
11882,58,14,26,0
11883,58,14,26,0
11884,58,14,26,0
11885,58,14,26,0
11886,58,14,26,0
11887,58,14,26,0
11888,58,14,26,0
11889,58,14,26,0
11890,58,14,26,0
11891,58,14,26,0
11892,58,14,26,0
11893,58,14,26,0
11894,58,14,26,0
11895,58,14,26,0
11896,58,14,26,0
11897,58,14,26,0
11898,58,14,26,0
11899,58,14,26,0
11900,58,14,26,0
11901,58,14,26,0
11902,58,14,26,0
11903,58,14,26,0
11904,58,14,26,0
11905,58,14,26,0
11906,58,14,26,0
11907,58,14,26,0
11908,58,14,26,0
11909,58,14,26,0
11910,58,14,26,0
11911,58,14,26,0
11912,58,14,26,0
11913,58,14,26,0
11914,58,14,26,0
11915,58,14,26,0
11916,58,14,26,0
11917,58,14,26,0
11918,58,14,26,0
11919,58,14,26,0
11920,58,14,26,0
11921,58,14,26,0
11922,58,14,26,0
11923,58,14,26,0
11924,58,14,26,0
11925,58,14,26,0
11926,58,14,26,0
11927,58,14,26,0
11928,58,14,26,0
11929,58,14,26,0
11930,58,14,26,0
11931,58,14,26,0
11932,58,14,26,0
11933,58,14,26,0
11934,58,14,26,0
11935,58,14,26,0
11936,58,14,26,0
11937,58,14,26,0
11938,58,14,26,0
11939,58,14,26,0
11940,58,14,26,0
11941,58,14,26,0
11942,58,14,26,0
11943,58,14,26,0
11944,58,14,26,0
11945,58,14,26,0
11946,58,14,26,0
11947,58,14,26,0
11948,58,14,26,0
11949,58,14,26,0
11950,58,14,26,0
11951,58,14,26,0
11952,58,14,26,0
11953,58,14,26,0
11954,58,14,26,0
11955,58,14,26,0
11956,58,14,26,0
11957,58,14,26,0
11958,58,14,26,0
11959,58,14,26,0
11960,58,14,26,0
11961,58,14,26,0
11962,58,14,26,0
11963,58,14,26,0
11964,58,14,26,0
11965,58,14,26,0
11966,58,14,26,0
11967,58,14,26,0
11968,58,14,26,0
11969,58,14,26,0
11970,58,14,26,0
11971,58,14,26,0
11972,58,14,26,0
11973,58,14,26,0
11974,58,14,26,0
11975,58,14,26,0
11976,58,14,26,0
11977,58,14,26,0
11978,58,14,26,0
11979,58,14,26,0
11980,58,14,26,0
11981,58,14,26,0
11982,58,14,26,0
11983,58,14,26,0
11984,58,14,26,0
11985,58,14,26,0
11986,58,14,26,0
11987,58,14,26,0
11988,58,14,26,0
11989,58,14,26,0
11990,58,14,26,0
11991,58,14,26,0
11992,58,14,26,0
11993,58,14,26,0
11994,58,14,26,0
11995,58,14,26,0
11996,58,14,26,0
11997,58,14,26,0
11998,58,14,26,0
11999,58,14,26,0
12000,58,14,26,0
12001,58,14,26,0
12002,58,14,26,0
12003,58,14,26,0
12004,58,14,26,0
12005,58,14,26,0
12006,58,14,26,0
12007,58,14,26,0
12008,58,14,26,0
12009,58,14,26,0
12010,58,14,26,0
12011,58,14,26,0
12012,58,14,26,0
12013,58,14,26,0
12014,58,14,26,0
12015,58,14,26,0
12016,58,14,26,0
12017,58,14,26,0
12018,58,14,26,0
12019,58,14,26,0
12020,58,14,26,0
12021,58,14,26,0
12022,58,14,26,0
12023,58,14,26,0
12024,58,14,26,0
12025,58,14,26,0
12026,58,14,26,0
12027,58,14,26,0
12028,58,14,26,0
12029,58,14,26,0
12030,58,14,26,0
12031,58,14,26,0
12032,58,14,26,0
12033,58,14,26,0
12034,58,14,26,0
12035,58,14,26,0
12036,58,14,26,0
12037,58,14,26,0
12038,58,14,26,0
12039,58,14,26,0
12040,58,14,26,0
12041,58,14,26,0
12042,58,14,26,0
12043,58,14,26,0
12044,58,14,26,0
12045,58,14,26,0
12046,58,14,26,0
12047,58,14,26,0
12048,58,14,26,0
12049,58,14,26,0
12050,58,14,26,0
12051,58,14,26,0
12052,58,14,26,0
12053,58,14,26,0
12054,58,14,26,0
12055,58,14,26,0
12056,58,14,26,0
12057,58,14,26,0
12058,58,14,26,0
12059,58,14,26,0
12060,58,14,26,0
12061,58,14,26,0
12062,58,14,26,0
12063,58,14,26,0
12064,58,14,26,0
12065,58,14,26,0
12066,58,14,26,0
12067,58,14,26,0
12068,58,14,26,0
12069,58,14,26,0
12070,58,14,26,0
12071,58,14,26,0
12072,58,14,26,0
12073,58,14,26,0
12074,58,14,26,0
12075,58,14,26,0
12076,58,14,26,0
12077,58,14,26,0
12078,58,14,26,0
12079,58,14,26,0
12080,58,14,26,0
12081,58,14,26,0
12082,58,14,26,0
12083,58,14,26,0
12084,58,14,26,0
12085,58,14,26,0
12086,58,14,26,0
12087,58,14,26,0
12088,58,14,26,0
12089,58,14,26,0
12090,58,14,26,0
12091,58,14,26,0
12092,58,14,26,0
12093,58,14,26,0
12094,58,14,26,0
12095,58,14,26,0
12096,58,14,26,0
12097,58,14,26,0
12098,58,14,26,0
12099,58,14,26,0
12100,58,14,26,0
12101,58,14,26,0
12102,58,14,26,0
12103,58,14,26,0
12104,58,14,26,0
12105,58,14,26,0
12106,58,14,26,0
12107,58,14,26,0
12108,58,14,26,0
12109,58,14,26,0
12110,58,14,26,0
12111,58,14,26,0
12112,58,14,26,0
12113,58,14,26,0
12114,58,14,26,0
12115,58,14,26,0
12116,58,14,26,0
12117,58,14,26,0
12118,58,14,26,0
12119,58,14,26,0
12120,58,14,26,0
12121,58,14,26,0
12122,58,14,26,0
12123,58,14,26,0
12124,58,14,26,0
12125,58,14,26,0
12126,58,14,26,0
12127,58,14,26,0
12128,58,14,26,0
12129,58,14,26,0
12130,58,14,26,0
12131,58,14,26,0
12132,58,14,26,0
12133,58,14,26,0
12134,58,14,26,0
12135,58,14,26,0
12136,58,14,26,0
12137,58,14,26,0
12138,58,14,26,0
12139,58,14,26,0
12140,58,14,26,0
12141,58,14,26,0
12142,58,14,26,0
12143,58,14,26,0
12144,58,14,26,0
12145,58,14,26,0
12146,58,14,26,0
12147,58,14,26,0
12148,58,14,26,0
12149,58,14,26,0
12150,58,14,26,0
12151,58,14,26,0
12152,58,14,26,0
12153,58,14,26,0
12154,58,14,26,0
12155,58,14,26,0
12156,58,14,26,0
12157,58,14,26,0
12158,58,14,26,0
12159,58,14,26,0
12160,58,14,26,0
12161,58,14,26,0
12162,58,14,26,0
12163,58,14,26,0
12164,58,14,26,0
12165,58,14,26,0
12166,58,14,26,0
12167,58,14,26,0
12168,58,14,26,0
12169,58,14,26,0
12170,58,14,26,0
12171,58,14,26,0
12172,58,14,26,0
12173,58,14,26,0
12174,58,14,26,0
12175,58,14,26,0
12176,58,14,26,0
12177,58,14,26,0
12178,58,14,26,0
12179,58,14,26,0
12180,58,14,26,0
12181,58,14,26,0
12182,58,14,26,0
12183,58,14,26,0
12184,58,14,26,0
12185,58,14,26,0
12186,58,14,26,0
12187,58,14,26,0
12188,58,14,26,0
12189,58,14,26,0
12190,58,14,26,0
12191,58,14,26,0
12192,58,14,26,0
12193,58,14,26,0
12194,58,14,26,0
12195,58,14,26,0
12196,58,14,26,0
12197,58,14,26,0
12198,58,14,26,0
12199,58,14,26,0
12200,58,14,26,0
12201,58,14,26,0
12202,58,14,26,0
12203,58,14,26,0
12204,58,14,26,0
12205,58,14,26,0
12206,58,14,26,0
12207,58,14,26,0
12208,58,14,26,0
12209,58,14,26,0
12210,58,14,26,0
12211,58,14,26,0
12212,58,14,26,0
12213,58,14,26,0
12214,58,14,26,0
12215,58,14,26,0
12216,58,14,26,0
12217,58,14,26,0
12218,58,14,26,0
12219,58,14,26,0
12220,58,14,26,0
12221,58,14,26,0
12222,58,14,26,0
12223,58,14,26,0
12224,58,14,26,0
12225,58,14,26,0
12226,58,14,26,0
12227,58,14,26,0
12228,58,14,26,0
12229,58,14,26,0
12230,58,14,26,0
12231,58,14,26,0
12232,58,14,26,0
12233,58,14,26,0
12234,58,14,26,0
12235,58,14,26,0
12236,58,14,26,0
12237,58,14,26,0
12238,58,14,26,0
12239,58,14,26,0
12240,58,14,26,0
12241,58,14,26,0
12242,58,14,26,0
12243,58,14,26,0
12244,58,14,26,0
12245,58,14,26,0
12246,58,14,26,0
12247,58,14,26,0
12248,58,14,26,0
12249,58,14,26,0
12250,58,14,26,0
12251,58,14,26,0
12252,58,14,26,0
12253,58,14,26,0
12254,58,14,26,0
12255,58,14,26,0
12256,58,14,26,0
12257,58,14,26,0
12258,58,14,26,0
12259,58,14,26,0
12260,58,14,26,0
12261,58,14,26,0
12262,58,14,26,0
12263,58,14,26,0
12264,58,14,26,0
12265,58,14,26,0
12266,58,14,26,0
12267,58,14,26,0
12268,58,14,26,0
12269,58,14,26,0
12270,58,14,26,0
12271,58,14,26,0
12272,58,14,26,0
12273,58,14,26,0
12274,58,14,26,0
12275,58,14,26,0
12276,58,14,26,0
12277,58,14,26,0
12278,58,14,26,0
12279,58,14,26,0
12280,58,14,26,0
12281,58,14,26,0
12282,58,14,26,0
12283,58,14,26,0
12284,58,14,26,0
12285,58,14,26,0
12286,58,14,26,0
12287,58,14,26,0
12288,58,14,26,0
12289,58,14,26,0
12290,58,14,26,0
12291,58,14,26,0
12292,58,14,26,0
12293,58,14,26,0
12294,58,14,26,0
12295,58,14,26,0
12296,58,14,26,0
12297,58,14,26,0
12298,58,14,26,0
12299,58,14,26,0
12300,58,14,26,0
12301,58,14,26,0
12302,58,14,26,0
12303,58,14,26,0
12304,58,14,26,0
12305,58,14,26,0
12306,58,14,26,0
12307,58,14,26,0
12308,58,14,26,0
12309,58,14,26,0
12310,58,14,26,0
12311,58,14,26,0
12312,58,14,26,0
12313,58,14,26,0
12314,58,14,26,0
12315,58,14,26,0
12316,58,14,26,0
12317,58,14,26,0
12318,58,14,26,0
12319,58,14,26,0
12320,58,14,26,0
12321,58,14,26,0
12322,58,14,26,0
12323,58,14,26,0
12324,58,14,26,0
12325,58,14,26,0
12326,58,14,26,0
12327,58,14,26,0
12328,58,14,26,0
12329,58,14,26,0
12330,58,14,26,0
12331,58,14,26,0
12332,58,14,26,0
12333,58,14,26,0
12334,58,14,26,0
12335,58,14,26,0
12336,58,14,26,0
12337,58,14,26,0
12338,58,14,26,0
12339,58,14,26,0
12340,58,14,26,0
12341,58,14,26,0
12342,58,14,26,0
12343,58,14,26,0
12344,58,14,26,0
12345,58,14,26,0
12346,58,14,26,0
12347,58,14,26,0
12348,58,14,26,0
12349,58,14,26,0
12350,58,14,26,0
12351,58,14,26,0
12352,58,14,26,0
12353,58,14,26,0
12354,58,14,26,0
12355,58,14,26,0
12356,58,14,26,0
12357,58,14,26,0
12358,58,14,26,0
12359,58,14,26,0
12360,58,14,26,0
12361,58,14,26,0
12362,58,14,26,0
12363,58,14,26,0
12364,58,14,26,0
12365,58,14,26,0
12366,58,14,26,0
12367,58,14,26,0
12368,58,14,26,0
12369,58,14,26,0
12370,58,14,26,0
12371,58,14,26,0
12372,58,14,26,0
12373,58,14,26,0
12374,58,14,26,0
12375,58,14,26,0
12376,58,14,26,0
12377,58,14,26,0
12378,58,14,26,0
12379,58,14,26,0
12380,58,14,26,0
12381,58,14,26,0
12382,58,14,26,0
12383,58,14,26,0
12384,58,14,26,0
12385,58,14,26,0
12386,58,14,26,0
12387,58,14,26,0
12388,58,14,26,0
12389,58,14,26,0
12390,58,14,26,0
12391,58,14,26,0
12392,58,14,26,0
12393,58,14,26,0
12394,58,14,26,0
12395,58,14,26,0
12396,58,14,26,0
12397,58,14,26,0
12398,58,14,26,0
12399,58,14,26,0
12400,58,14,26,0
12401,58,14,26,0
12402,58,14,26,0
12403,58,14,26,0
12404,58,14,26,0
12405,58,14,26,0
12406,58,14,26,0
12407,58,14,26,0
12408,58,14,26,0
12409,58,14,26,0
12410,58,14,26,0
12411,58,14,26,0
12412,58,14,26,0
12413,58,14,26,0
12414,58,14,26,0
12415,58,14,26,0
12416,58,14,26,0
12417,58,14,26,0
12418,58,14,26,0
12419,58,14,26,0
12420,58,14,26,0
12421,58,14,26,0
12422,58,14,26,0
12423,58,14,26,0
12424,58,14,26,0
12425,58,14,26,0
12426,58,14,26,0
12427,58,14,26,0
12428,58,14,26,0
12429,58,14,26,0
12430,58,14,26,0
12431,58,14,26,0
12432,58,14,26,0
12433,58,14,26,0
12434,58,14,26,0
12435,58,14,26,0
12436,58,14,26,0
12437,58,14,26,0
12438,58,14,26,0
12439,58,14,26,0
12440,58,14,26,0
12441,58,14,26,0
12442,58,14,26,0
12443,58,14,26,0
12444,58,14,26,0
12445,58,14,26,0
12446,58,14,26,0
12447,58,14,26,0
12448,58,14,26,0
12449,58,14,26,0
12450,58,14,26,0
12451,58,14,26,0
12452,58,14,26,0
12453,58,14,26,0
12454,58,14,26,0
12455,58,14,26,0
12456,58,14,26,0
12457,58,14,26,0
12458,58,14,26,0
12459,58,14,26,0
12460,58,14,26,0
12461,58,14,26,0
12462,58,14,26,0
12463,58,14,26,0
12464,58,14,26,0
12465,58,14,26,0
12466,58,14,26,0
12467,58,14,26,0
12468,58,14,26,0
12469,58,14,26,0
12470,58,14,26,0
12471,58,14,26,0
12472,58,14,26,0
12473,58,14,26,0
12474,58,14,26,0
12475,58,14,26,0
12476,58,14,26,0
12477,58,14,26,0
12478,58,14,26,0
12479,58,14,26,0
12480,58,14,26,0
12481,58,14,26,0
12482,58,14,26,0
12483,58,14,26,0
12484,58,14,26,0
12485,58,14,26,0
12486,58,14,26,0
12487,58,14,26,0
12488,58,14,26,0
12489,58,14,26,0
12490,58,14,26,0
12491,58,14,26,0
12492,58,14,26,0
12493,58,14,26,0
12494,58,14,26,0
12495,58,14,26,0
12496,58,14,26,0
12497,58,14,26,0
12498,58,14,26,0
12499,58,14,26,0
12500,58,14,26,0
12501,58,14,26,0
12502,58,14,26,0
12503,58,14,26,0
12504,58,14,26,0
12505,58,14,26,0
12506,58,14,26,0
12507,58,14,26,0
12508,58,14,26,0
12509,58,14,26,0
12510,58,14,26,0
12511,58,14,26,0
12512,58,14,26,0
12513,58,14,26,0
12514,58,14,26,0
12515,58,14,26,0
12516,58,14,26,0
12517,58,14,26,0
12518,58,14,26,0
12519,58,14,26,0
12520,58,14,26,0
12521,58,14,26,0
12522,58,14,26,0
12523,58,14,26,0
12524,58,14,26,0
12525,58,14,26,0
12526,58,14,26,0
12527,58,14,26,0
12528,58,14,26,0
12529,58,14,26,0
12530,58,14,26,0
12531,58,14,26,0
12532,58,14,26,0
12533,58,14,26,0
12534,58,14,26,0
12535,58,14,26,0
12536,58,14,26,0
12537,58,14,26,0
12538,58,14,26,0
12539,58,14,26,0
12540,58,14,26,0
12541,58,14,26,0
12542,58,14,26,0
12543,58,14,26,0
12544,58,14,26,0
12545,58,14,26,0
12546,58,14,26,0
12547,58,14,26,0
12548,58,14,26,0
12549,58,14,26,0
12550,58,14,26,0
12551,58,14,26,0
12552,58,14,26,0
12553,58,14,26,0
12554,58,14,26,0
12555,58,14,26,0
12556,58,14,26,0
12557,58,14,26,0
12558,58,14,26,0
12559,58,14,26,0
12560,58,14,26,0
12561,58,14,26,0
12562,58,14,26,0
12563,58,14,26,0
12564,58,14,26,0
12565,58,14,26,0
12566,58,14,26,0
12567,58,14,26,0
12568,58,14,26,0
12569,58,14,26,0
12570,58,14,26,0
12571,58,14,26,0
12572,58,14,26,0
12573,58,14,26,0
12574,58,14,26,0
12575,58,14,26,0
12576,58,14,26,0
12577,58,14,26,0
12578,58,14,26,0
12579,58,14,26,0
12580,58,14,26,0
12581,58,14,26,0
12582,58,14,26,0
12583,58,14,26,0
12584,58,14,26,0
12585,58,14,26,0
12586,58,14,26,0
12587,58,14,26,0
12588,58,14,26,0
12589,58,14,26,0
12590,58,14,26,0
12591,58,14,26,0
12592,58,14,26,0
12593,58,14,26,0
12594,58,14,26,0
12595,58,14,26,0
12596,58,14,26,0
12597,58,14,26,0
12598,58,14,26,0
12599,58,14,26,0
12600,58,14,26,0
12601,58,14,26,0
12602,58,14,26,0
12603,58,14,26,0
12604,58,14,26,0
12605,58,14,26,0
12606,58,14,26,0
12607,58,14,26,0
12608,58,14,26,0
12609,58,14,26,0
12610,58,14,26,0
12611,58,14,26,0
12612,58,14,26,0
12613,58,14,26,0
12614,58,14,26,0
12615,58,14,26,0
12616,58,14,26,0
12617,58,14,26,0
12618,58,14,26,0
12619,58,14,26,0
12620,58,14,26,0
12621,58,14,26,0
12622,58,14,26,0
12623,58,14,26,0
12624,58,14,26,0
12625,58,14,26,0
12626,58,14,26,0
12627,58,14,26,0
12628,58,14,26,0
12629,58,14,26,0
12630,58,14,26,0
12631,58,14,26,0
12632,58,14,26,0
12633,58,14,26,0
12634,58,14,26,0
12635,58,14,26,0
12636,58,14,26,0
12637,58,14,26,0
12638,58,14,26,0
12639,58,14,26,0
12640,58,14,26,0
12641,58,14,26,0
12642,58,14,26,0
12643,58,14,26,0
12644,58,14,26,0
12645,58,14,26,0
12646,58,14,26,0
12647,58,14,26,0
12648,58,14,26,0
12649,58,14,26,0
12650,58,14,26,0
12651,58,14,26,0
12652,58,14,26,0
12653,58,14,26,0
12654,58,14,26,0
12655,58,14,26,0
12656,58,14,26,0
12657,58,14,26,0
12658,58,14,26,0
12659,58,14,26,0
12660,58,14,26,0
12661,58,14,26,0
12662,58,14,26,0
12663,58,14,26,0
12664,58,14,26,0
12665,58,14,26,0
12666,58,14,26,0
12667,58,14,26,0
12668,58,14,26,0
12669,58,14,26,0
12670,58,14,26,0
12671,58,14,26,0
12672,58,14,26,0
12673,58,14,26,0
12674,58,14,26,0
12675,58,14,26,0
12676,58,14,26,0
12677,58,14,26,0
12678,58,14,26,0
12679,58,14,26,0
12680,58,14,26,0
12681,58,14,26,0
12682,58,14,26,0
12683,58,14,26,0
12684,58,14,26,0
12685,58,14,26,0
12686,58,14,26,0
12687,58,14,26,0
12688,58,14,26,0
12689,58,14,26,0
12690,58,14,26,0
12691,58,14,26,0
12692,58,14,26,0
12693,58,14,26,0
12694,58,14,26,0
12695,58,14,26,0
12696,58,14,26,0
12697,58,14,26,0
12698,58,14,26,0
12699,58,14,26,0
12700,58,14,26,0
12701,58,14,26,0
12702,58,14,26,0
12703,58,14,26,0
12704,58,14,26,0
12705,58,14,26,0
12706,58,14,26,0
12707,58,14,26,0
12708,58,14,26,0
12709,58,14,26,0
12710,58,14,26,0
12711,58,14,26,0
12712,58,14,26,0
12713,58,14,26,0
12714,58,14,26,0
12715,58,14,26,0
12716,58,14,26,0
12717,58,14,26,0
12718,58,14,26,0
12719,58,14,26,0
12720,58,14,26,0
12721,58,14,26,0
12722,58,14,26,0
12723,58,14,26,0
12724,58,14,26,0
12725,58,14,26,0
12726,58,14,26,0
12727,58,14,26,0
12728,58,14,26,0
12729,58,14,26,0
12730,58,14,26,0
12731,58,14,26,0
12732,58,14,26,0
12733,58,14,26,0
12734,58,14,26,0
12735,58,14,26,0
12736,58,14,26,0
12737,58,14,26,0
12738,58,14,26,0
12739,58,14,26,0
12740,58,14,26,0
12741,58,14,26,0
12742,58,14,26,0
12743,58,14,26,0
12744,58,14,26,0
12745,58,14,26,0
12746,58,14,26,0
12747,58,14,26,0
12748,58,14,26,0
12749,58,14,26,0
12750,58,14,26,0
12751,58,14,26,0
12752,58,14,26,0
12753,58,14,26,0
12754,58,14,26,0
12755,58,14,26,0
12756,58,14,26,0
12757,58,14,26,0
12758,58,14,26,0
12759,58,14,26,0
12760,58,14,26,0
12761,58,14,26,0
12762,58,14,26,0
12763,58,14,26,0
12764,58,14,26,0
12765,58,14,26,0
12766,58,14,26,0
12767,58,14,26,0
12768,58,14,26,0
12769,58,14,26,0
12770,58,14,26,0
12771,58,14,26,0
12772,58,14,26,0
12773,58,14,26,0
12774,58,14,26,0
12775,58,14,26,0
12776,58,14,26,0
12777,58,14,26,0
12778,58,14,26,0
12779,58,14,26,0
12780,58,14,26,0
12781,58,14,26,0
12782,58,14,26,0
12783,58,14,26,0
12784,58,14,26,0
12785,58,14,26,0
12786,58,14,26,0
12787,58,14,26,0
12788,58,14,26,0
12789,58,14,26,0
12790,58,14,26,0
12791,58,14,26,0
12792,58,14,26,0
12793,58,14,26,0
12794,58,14,26,0
12795,58,14,26,0
12796,58,14,26,0
12797,58,14,26,0
12798,58,14,26,0
12799,58,14,26,0
12800,58,14,26,0
12801,58,14,26,0
12802,58,14,26,0
12803,58,14,26,0
12804,58,14,26,0
12805,58,14,26,0
12806,58,14,26,0
12807,58,14,26,0
12808,58,14,26,0
12809,58,14,26,0
12810,58,14,26,0
12811,58,14,26,0
12812,58,14,26,0
12813,58,14,26,0
12814,58,14,26,0
12815,58,14,26,0
12816,58,14,26,0
12817,58,14,26,0
12818,58,14,26,0
12819,58,14,26,0
12820,58,14,26,0
12821,58,14,26,0
12822,58,14,26,0
12823,58,14,26,0
12824,58,14,26,0
12825,58,14,26,0
12826,58,14,26,0
12827,58,14,26,0
12828,58,14,26,0
12829,58,14,26,0
12830,58,14,26,0
12831,58,14,26,0
12832,58,14,26,0
12833,58,14,26,0
12834,58,14,26,0
12835,58,14,26,0
12836,58,14,26,0
12837,58,14,26,0
12838,58,14,26,0
12839,58,14,26,0
12840,58,14,26,0
12841,58,14,26,0
12842,58,14,26,0
12843,58,14,26,0
12844,58,14,26,0
12845,58,14,26,0
12846,58,14,26,0
12847,58,14,26,0
12848,58,14,26,0
12849,58,14,26,0
12850,58,14,26,0
12851,58,14,26,0
12852,58,14,26,0
12853,58,14,26,0
12854,58,14,26,0
12855,58,14,26,0
12856,58,14,26,0
12857,58,14,26,0
12858,58,14,26,0
12859,58,14,26,0
12860,58,14,26,0
12861,58,14,26,0
12862,58,14,26,0
12863,58,14,26,0
12864,58,14,26,0
12865,58,14,26,0
12866,58,14,26,0
12867,58,14,26,0
12868,58,14,26,0
12869,58,14,26,0
12870,58,14,26,0
12871,58,14,26,0
12872,58,14,26,0
12873,58,14,26,0
12874,58,14,26,0
12875,58,14,26,0
12876,58,14,26,0
12877,58,14,26,0
12878,58,14,26,0
12879,58,14,26,0
12880,58,14,26,0
12881,58,14,26,0
12882,58,14,26,0
12883,58,14,26,0
12884,58,14,26,0
12885,58,14,26,0
12886,58,14,26,0
12887,58,14,26,0
12888,58,14,26,0
12889,58,14,26,0
12890,58,14,26,0
12891,58,14,26,0
12892,58,14,26,0
12893,58,14,26,0
12894,58,14,26,0
12895,58,14,26,0
12896,58,14,26,0
12897,58,14,26,0
12898,58,14,26,0
12899,58,14,26,0
12900,58,14,26,0
12901,58,14,26,0
12902,58,14,26,0
12903,58,14,26,0
12904,58,14,26,0
12905,58,14,26,0
12906,58,14,26,0
12907,58,14,26,0
12908,58,14,26,0
12909,58,14,26,0
12910,58,14,26,0
12911,58,14,26,0
12912,58,14,26,0
12913,58,14,26,0
12914,58,14,26,0
12915,58,14,26,0
12916,58,14,26,0
12917,58,14,26,0
12918,58,14,26,0
12919,58,14,26,0
12920,58,14,26,0
12921,58,14,26,0
12922,58,14,26,0
12923,58,14,26,0
12924,58,14,26,0
12925,58,14,26,0
12926,58,14,26,0
12927,58,14,26,0
12928,58,14,26,0
12929,58,14,26,0
12930,58,14,26,0
12931,58,14,26,0
12932,58,14,26,0
12933,58,14,26,0
12934,58,14,26,0
12935,58,14,26,0
12936,58,14,26,0
12937,58,14,26,0
12938,58,14,26,0
12939,58,14,26,0
12940,58,14,26,0
12941,58,14,26,0
12942,58,14,26,0
12943,58,14,26,0
12944,58,14,26,0
12945,58,14,26,0
12946,58,14,26,0
12947,58,14,26,0
12948,58,14,26,0
12949,58,14,26,0
12950,58,14,26,0
12951,58,14,26,0
12952,58,14,26,0
12953,58,14,26,0
12954,58,14,26,0
12955,58,14,26,0
12956,58,14,26,0
12957,58,14,26,0
12958,58,14,26,0
12959,58,14,26,0
12960,58,14,26,0
12961,58,14,26,0
12962,58,14,26,0
12963,58,14,26,0
12964,58,14,26,0
12965,58,14,26,0
12966,58,14,26,0
12967,58,14,26,0
12968,58,14,26,0
12969,58,14,26,0
12970,58,14,26,0
12971,58,14,26,0
12972,58,14,26,0
12973,58,14,26,0
12974,58,14,26,0
12975,58,14,26,0
12976,58,14,26,0
12977,58,14,26,0
12978,58,14,26,0
12979,58,14,26,0
12980,58,14,26,0
12981,58,14,26,0
12982,58,14,26,0
12983,58,14,26,0
12984,58,14,26,0
12985,58,14,26,0
12986,58,14,26,0
12987,58,14,26,0
12988,58,14,26,0
12989,58,14,26,0
12990,58,14,26,0
12991,58,14,26,0
12992,58,14,26,0
12993,58,14,26,0
12994,58,14,26,0
12995,58,14,26,0
12996,58,14,26,0
12997,58,14,26,0
12998,58,14,26,0
12999,58,14,26,0
13000,58,14,26,0
13001,58,14,26,0
13002,58,14,26,0
13003,58,14,26,0
13004,58,14,26,0
13005,58,14,26,0
13006,58,14,26,0
13007,58,14,26,0
13008,58,14,26,0
13009,58,14,26,0
13010,58,14,26,0
13011,58,14,26,0
13012,58,14,26,0
13013,58,14,26,0
13014,58,14,26,0
13015,58,14,26,0
13016,58,14,26,0
13017,58,14,26,0
13018,58,14,26,0
13019,58,14,26,0
13020,58,14,26,0
13021,58,14,26,0
13022,58,14,26,0
13023,58,14,26,0
13024,58,14,26,0
13025,58,14,26,0
13026,58,14,26,0
13027,58,14,26,0
13028,58,14,26,0
13029,58,14,26,0
13030,58,14,26,0
13031,58,14,26,0
13032,58,14,26,0
13033,58,14,26,0
13034,58,14,26,0
13035,58,14,26,0
13036,58,14,26,0
13037,58,14,26,0
13038,58,14,26,0
13039,58,14,26,0
13040,58,14,26,0
13041,58,14,26,0
13042,58,14,26,0
13043,58,14,26,0
13044,58,14,26,0
13045,58,14,26,0
13046,58,14,26,0
13047,58,14,26,0
13048,58,14,26,0
13049,58,14,26,0
13050,58,14,26,0
13051,58,14,26,0
13052,58,14,26,0
13053,58,14,26,0
13054,58,14,26,0
13055,58,14,26,0
13056,58,14,26,0
13057,58,14,26,0
13058,58,14,26,0
13059,58,14,26,0
13060,58,14,26,0
13061,58,14,26,0
13062,58,14,26,0
13063,58,14,26,0
13064,58,14,26,0
13065,58,14,26,0
13066,58,14,26,0
13067,58,14,26,0
13068,58,14,26,0
13069,58,14,26,0
13070,58,14,26,0
13071,58,14,26,0
13072,58,14,26,0
13073,58,14,26,0
13074,58,14,26,0
13075,58,14,26,0
13076,58,14,26,0
13077,58,14,26,0
13078,58,14,26,0
13079,58,14,26,0
13080,58,14,26,0
13081,58,14,26,0
13082,58,14,26,0
13083,58,14,26,0
13084,58,14,26,0
13085,58,14,26,0
13086,58,14,26,0
13087,58,14,26,0
13088,58,14,26,0
13089,58,14,26,0
13090,58,14,26,0
13091,58,14,26,0
13092,58,14,26,0
13093,58,14,26,0
13094,58,14,26,0
13095,58,14,26,0
13096,58,14,26,0
13097,58,14,26,0
13098,58,14,26,0
13099,58,14,26,0
13100,58,14,26,0
13101,58,14,26,0
13102,58,14,26,0
13103,58,14,26,0
13104,58,14,26,0
13105,58,14,26,0
13106,58,14,26,0
13107,58,14,26,0
13108,58,14,26,0
13109,58,14,26,0
13110,58,14,26,0
13111,58,14,26,0
13112,58,14,26,0
13113,58,14,26,0
13114,58,14,26,0
13115,58,14,26,0
13116,58,14,26,0
13117,58,14,26,0
13118,58,14,26,0
13119,58,14,26,0
13120,58,14,26,0
13121,58,14,26,0
13122,58,14,26,0
13123,58,14,26,0
13124,58,14,26,0
13125,58,14,26,0
13126,58,14,26,0
13127,58,14,26,0
13128,58,14,26,0
13129,58,14,26,0
13130,58,14,26,0
13131,58,14,26,0
13132,58,14,26,0
13133,58,14,26,0
13134,58,14,26,0
13135,58,14,26,0
13136,58,14,26,0
13137,58,14,26,0
13138,58,14,26,0
13139,58,14,26,0
13140,58,14,26,0
13141,58,14,26,0
13142,58,14,26,0
13143,58,14,26,0
13144,58,14,26,0
13145,58,14,26,0
13146,58,14,26,0
13147,58,14,26,0
13148,58,14,26,0
13149,58,14,26,0
13150,58,14,26,0
13151,58,14,26,0
13152,58,14,26,0
13153,58,14,26,0
13154,58,14,26,0
13155,58,14,26,0
13156,58,14,26,0
13157,58,14,26,0
13158,58,14,26,0
13159,58,14,26,0
13160,58,14,26,0
13161,58,14,26,0
13162,58,14,26,0
13163,58,14,26,0
13164,58,14,26,0
13165,58,14,26,0
13166,58,14,26,0
13167,58,14,26,0
13168,58,14,26,0
13169,58,14,26,0
13170,58,14,26,0
13171,58,14,26,0
13172,58,14,26,0
13173,58,14,26,0
13174,58,14,26,0
13175,58,14,26,0
13176,58,14,26,0
13177,58,14,26,0
13178,58,14,26,0
13179,58,14,26,0
13180,58,14,26,0
13181,58,14,26,0
13182,58,14,26,0
13183,58,14,26,0
13184,58,14,26,0
13185,58,14,26,0
13186,58,14,26,0
13187,58,14,26,0
13188,58,14,26,0
13189,58,14,26,0
13190,58,14,26,0
13191,58,14,26,0
13192,58,14,26,0
13193,58,14,26,0
13194,58,14,26,0
13195,58,14,26,0
13196,58,14,26,0
13197,58,14,26,0
13198,58,14,26,0
13199,58,14,26,0
13200,58,14,26,0
13201,58,14,26,0
13202,58,14,26,0
13203,58,14,26,0
13204,58,14,26,0
13205,58,14,26,0
13206,58,14,26,0
13207,58,14,26,0
13208,58,14,26,0
13209,58,14,26,0
13210,58,14,26,0
13211,58,14,26,0
13212,58,14,26,0
13213,58,14,26,0
13214,58,14,26,0
13215,58,14,26,0
13216,58,14,26,0
13217,58,14,26,0
13218,58,14,26,0
13219,58,14,26,0
13220,58,14,26,0
13221,58,14,26,0
13222,58,14,26,0
13223,58,14,26,0
13224,58,14,26,0
13225,58,14,26,0
13226,58,14,26,0
13227,58,14,26,0
13228,58,14,26,0
13229,58,14,26,0
13230,58,14,26,0
13231,58,14,26,0
13232,58,14,26,0
13233,58,14,26,0
13234,58,14,26,0
13235,58,14,26,0
13236,58,14,26,0
13237,58,14,26,0
13238,58,14,26,0
13239,58,14,26,0
13240,58,14,26,0
13241,58,14,26,0
13242,58,14,26,0
13243,58,14,26,0
13244,58,14,26,0
13245,58,14,26,0
13246,58,14,26,0
13247,58,14,26,0
13248,58,14,26,0
13249,58,14,26,0
13250,58,14,26,0
13251,58,14,26,0
13252,58,14,26,0
13253,58,14,26,0
13254,58,14,26,0
13255,58,14,26,0
13256,58,14,26,0
13257,58,14,26,0
13258,58,14,26,0
13259,58,14,26,0
13260,58,14,26,0
13261,58,14,26,0
13262,58,14,26,0
13263,58,14,26,0
13264,58,14,26,0
13265,58,14,26,0
13266,58,14,26,0
13267,58,14,26,0
13268,58,14,26,0
13269,58,14,26,0
13270,58,14,26,0
13271,58,14,26,0
13272,58,14,26,0
13273,58,14,26,0
13274,58,14,26,0
13275,58,14,26,0
13276,58,14,26,0
13277,58,14,26,0
13278,58,14,26,0
13279,58,14,26,0
13280,58,14,26,0
13281,58,14,26,0
13282,58,14,26,0
13283,58,14,26,0
13284,58,14,26,0
13285,58,14,26,0
13286,58,14,26,0
13287,58,14,26,0
13288,58,14,26,0
13289,58,14,26,0
13290,58,14,26,0
13291,58,14,26,0
13292,58,14,26,0
13293,58,14,26,0
13294,58,14,26,0
13295,58,14,26,0
13296,58,14,26,0
13297,58,14,26,0
13298,58,14,26,0
13299,58,14,26,0
13300,58,14,26,0
13301,58,14,26,0
13302,58,14,26,0
13303,58,14,26,0
13304,58,14,26,0
13305,58,14,26,0
13306,58,14,26,0
13307,58,14,26,0
13308,58,14,26,0
13309,58,14,26,0
13310,58,14,26,0
13311,58,14,26,0
13312,58,14,26,0
13313,58,14,26,0
13314,58,14,26,0
13315,58,14,26,0
13316,58,14,26,0
13317,58,14,26,0
13318,58,14,26,0
13319,58,14,26,0
13320,58,14,26,0
13321,58,14,26,0
13322,58,14,26,0
13323,58,14,26,0
13324,58,14,26,0
13325,58,14,26,0
13326,58,14,26,0
13327,58,14,26,0
13328,58,14,26,0
13329,58,14,26,0
13330,58,14,26,0
13331,58,14,26,0
13332,58,14,26,0
13333,58,14,26,0
13334,58,14,26,0
13335,58,14,26,0
13336,58,14,26,0
13337,58,14,26,0
13338,58,14,26,0
13339,58,14,26,0
13340,58,14,26,0
13341,58,14,26,0
13342,58,14,26,0
13343,58,14,26,0
13344,58,14,26,0
13345,58,14,26,0
13346,58,14,26,0
13347,58,14,26,0
13348,58,14,26,0
13349,58,14,26,0
13350,58,14,26,0
13351,58,14,26,0
13352,58,14,26,0
13353,58,14,26,0
13354,58,14,26,0
13355,58,14,26,0
13356,58,14,26,0
13357,58,14,26,0
13358,58,14,26,0
13359,58,14,26,0
13360,58,14,26,0
13361,58,14,26,0
13362,58,14,26,0
13363,58,14,26,0
13364,58,14,26,0
13365,58,14,26,0
13366,58,14,26,0
13367,58,14,26,0
13368,58,14,26,0
13369,58,14,26,0
13370,58,14,26,0
13371,58,14,26,0
13372,58,14,26,0
13373,58,14,26,0
13374,58,14,26,0
13375,58,14,26,0
13376,58,14,26,0
13377,58,14,26,0
13378,58,14,26,0
13379,58,14,26,0
13380,58,14,26,0
13381,58,14,26,0
13382,58,14,26,0
13383,58,14,26,0
13384,58,14,26,0
13385,58,14,26,0
13386,58,14,26,0
13387,58,14,26,0
13388,58,14,26,0
13389,58,14,26,0
13390,58,14,26,0
13391,58,14,26,0
13392,58,14,26,0
13393,58,14,26,0
13394,58,14,26,0
13395,58,14,26,0
13396,58,14,26,0
13397,58,14,26,0
13398,58,14,26,0
13399,58,14,26,0
13400,58,14,26,0
13401,58,14,26,0
13402,58,14,26,0
13403,58,14,26,0
13404,58,14,26,0
13405,58,14,26,0
13406,58,14,26,0
13407,58,14,26,0
13408,58,14,26,0
13409,58,14,26,0
13410,58,14,26,0
13411,58,14,26,0
13412,58,14,26,0
13413,58,14,26,0
13414,58,14,26,0
13415,58,14,26,0
13416,58,14,26,0
13417,58,14,26,0
13418,58,14,26,0
13419,58,14,26,0
13420,58,14,26,0
13421,58,14,26,0
13422,58,14,26,0
13423,58,14,26,0
13424,58,14,26,0
13425,58,14,26,0
13426,58,14,26,0
13427,58,14,26,0
13428,58,14,26,0
13429,58,14,26,0
13430,58,14,26,0
13431,58,14,26,0
13432,58,14,26,0
13433,58,14,26,0
13434,58,14,26,0
13435,58,14,26,0
13436,58,14,26,0
13437,58,14,26,0
13438,58,14,26,0
13439,58,14,26,0
13440,58,14,26,0
13441,58,14,26,0
13442,58,14,26,0
13443,58,14,26,0
13444,58,14,26,0
13445,58,14,26,0
13446,58,14,26,0
13447,58,14,26,0
13448,58,14,26,0
13449,58,14,26,0
13450,58,14,26,0
13451,58,14,26,0
13452,58,14,26,0
13453,58,14,26,0
13454,58,14,26,0
13455,58,14,26,0
13456,58,14,26,0
13457,58,14,26,0
13458,58,14,26,0
13459,58,14,26,0
13460,58,14,26,0
13461,58,14,26,0
13462,58,14,26,0
13463,58,14,26,0
13464,58,14,26,0
13465,58,14,26,0
13466,58,14,26,0
13467,58,14,26,0
13468,58,14,26,0
13469,58,14,26,0
13470,58,14,26,0
13471,58,14,26,0
13472,58,14,26,0
13473,58,14,26,0
13474,58,14,26,0
13475,58,14,26,0
13476,58,14,26,0
13477,58,14,26,0
13478,58,14,26,0
13479,58,14,26,0
13480,58,14,26,0
13481,58,14,26,0
13482,58,14,26,0
13483,58,14,26,0
13484,58,14,26,0
13485,58,14,26,0
13486,58,14,26,0
13487,58,14,26,0
13488,58,14,26,0
13489,58,14,26,0
13490,58,14,26,0
13491,58,14,26,0
13492,58,14,26,0
13493,58,14,26,0
13494,58,14,26,0
13495,58,14,26,0
13496,58,14,26,0
13497,58,14,26,0
13498,58,14,26,0
13499,58,14,26,0
13500,58,14,26,0
13501,58,14,26,0
13502,58,14,26,0
13503,58,14,26,0
13504,58,14,26,0
13505,58,14,26,0
13506,58,14,26,0
13507,58,14,26,0
13508,58,14,26,0
13509,58,14,26,0
13510,58,14,26,0
13511,58,14,26,0
13512,58,14,26,0
13513,58,14,26,0
13514,58,14,26,0
13515,58,14,26,0
13516,58,14,26,0
13517,58,14,26,0
13518,58,14,26,0
13519,58,14,26,0
13520,58,14,26,0
13521,58,14,26,0
13522,58,14,26,0
13523,58,14,26,0
13524,58,14,26,0
13525,58,14,26,0
13526,58,14,26,0
13527,58,14,26,0
13528,58,14,26,0
13529,58,14,26,0
13530,58,14,26,0
13531,58,14,26,0
13532,58,14,26,0
13533,58,14,26,0
13534,58,14,26,0
13535,58,14,26,0
13536,58,14,26,0
13537,58,14,26,0
13538,58,14,26,0
13539,58,14,26,0
13540,58,14,26,0
13541,58,14,26,0
13542,58,14,26,0
13543,58,14,26,0
13544,58,14,26,0
13545,58,14,26,0
13546,58,14,26,0
13547,58,14,26,0
13548,58,14,26,0
13549,58,14,26,0
13550,58,14,26,0
13551,58,14,26,0
13552,58,14,26,0
13553,58,14,26,0
13554,58,14,26,0
13555,58,14,26,0
13556,58,14,26,0
13557,58,14,26,0
13558,58,14,26,0
13559,58,14,26,0
13560,58,14,26,0
13561,58,14,26,0
13562,58,14,26,0
13563,58,14,26,0
13564,58,14,26,0
13565,58,14,26,0
13566,58,14,26,0
13567,58,14,26,0
13568,58,14,26,0
13569,58,14,26,0
13570,58,14,26,0
13571,58,14,26,0
13572,58,14,26,0
13573,58,14,26,0
13574,58,14,26,0
13575,58,14,26,0
13576,58,14,26,0
13577,58,14,26,0
13578,58,14,26,0
13579,58,14,26,0
13580,58,14,26,0
13581,58,14,26,0
13582,58,14,26,0
13583,58,14,26,0
13584,58,14,26,0
13585,58,14,26,0
13586,58,14,26,0
13587,58,14,26,0
13588,58,14,26,0
13589,58,14,26,0
13590,58,14,26,0
13591,58,14,26,0
13592,58,14,26,0
13593,58,14,26,0
13594,58,14,26,0
13595,58,14,26,0
13596,58,14,26,0
13597,58,14,26,0
13598,58,14,26,0
13599,58,14,26,0
13600,58,14,26,0
13601,58,14,26,0
13602,58,14,26,0
13603,58,14,26,0
13604,58,14,26,0
13605,58,14,26,0
13606,58,14,26,0
13607,58,14,26,0
13608,58,14,26,0
13609,58,14,26,0
13610,58,14,26,0
13611,58,14,26,0
13612,58,14,26,0
13613,58,14,26,0
13614,58,14,26,0
13615,58,14,26,0
13616,58,14,26,0
13617,58,14,26,0
13618,58,14,26,0
13619,58,14,26,0
13620,58,14,26,0
13621,58,14,26,0
13622,58,14,26,0
13623,58,14,26,0
13624,58,14,26,0
13625,58,14,26,0
13626,58,14,26,0
13627,58,14,26,0
13628,58,14,26,0
13629,58,14,26,0
13630,58,14,26,0
13631,58,14,26,0
13632,58,14,26,0
13633,58,14,26,0
13634,58,14,26,0
13635,58,14,26,0
13636,58,14,26,0
13637,58,14,26,0
13638,58,14,26,0
13639,58,14,26,0
13640,58,14,26,0
13641,58,14,26,0
13642,58,14,26,0
13643,58,14,26,0
13644,58,14,26,0
13645,58,14,26,0
13646,58,14,26,0
13647,58,14,26,0
13648,58,14,26,0
13649,58,14,26,0
13650,58,14,26,0
13651,58,14,26,0
13652,58,14,26,0
13653,58,14,26,0
13654,58,14,26,0
13655,58,14,26,0
13656,58,14,26,0
13657,58,14,26,0
13658,58,14,26,0
13659,58,14,26,0
13660,58,14,26,0
13661,58,14,26,0
13662,58,14,26,0
13663,58,14,26,0
13664,58,14,26,0
13665,58,14,26,0
13666,58,14,26,0
13667,58,14,26,0
13668,58,14,26,0
13669,58,14,26,0
13670,58,14,26,0
13671,58,14,26,0
13672,58,14,26,0
13673,58,14,26,0
13674,58,14,26,0
13675,58,14,26,0
13676,58,14,26,0
13677,58,14,26,0
13678,58,14,26,0
13679,58,14,26,0
13680,58,14,26,0
13681,58,14,26,0
13682,58,14,26,0
13683,58,14,26,0
13684,58,14,26,0
13685,58,14,26,0
13686,58,14,26,0
13687,58,14,26,0
13688,58,14,26,0
13689,58,14,26,0
13690,58,14,26,0
13691,58,14,26,0
13692,58,14,26,0
13693,58,14,26,0
13694,58,14,26,0
13695,58,14,26,0
13696,58,14,26,0
13697,58,14,26,0
13698,58,14,26,0
13699,58,14,26,0
13700,58,14,26,0
13701,58,14,26,0
13702,58,14,26,0
13703,58,14,26,0
13704,58,14,26,0
13705,58,14,26,0
13706,58,14,26,0
13707,58,14,26,0
13708,58,14,26,0
13709,58,14,26,0
13710,58,14,26,0
13711,58,14,26,0
13712,58,14,26,0
13713,58,14,26,0
13714,58,14,26,0
13715,58,14,26,0
13716,58,14,26,0
13717,58,14,26,0
13718,58,14,26,0
13719,58,14,26,0
13720,58,14,26,0
13721,58,14,26,0
13722,58,14,26,0
13723,58,14,26,0
13724,58,14,26,0
13725,58,14,26,0
13726,58,14,26,0
13727,58,14,26,0
13728,58,14,26,0
13729,58,14,26,0
13730,58,14,26,0
13731,58,14,26,0
13732,58,14,26,0
13733,58,14,26,0
13734,58,14,26,0
13735,58,14,26,0
13736,58,14,26,0
13737,58,14,26,0
13738,58,14,26,0
13739,58,14,26,0
13740,58,14,26,0
13741,58,14,26,0
13742,58,14,26,0
13743,58,14,26,0
13744,58,14,26,0
13745,58,14,26,0
13746,58,14,26,0
13747,58,14,26,0
13748,58,14,26,0
13749,58,14,26,0
13750,58,14,26,0
13751,58,14,26,0
13752,58,14,26,0
13753,58,14,26,0
13754,58,14,26,0
13755,58,14,26,0
13756,58,14,26,0
13757,58,14,26,0
13758,58,14,26,0
13759,58,14,26,0
13760,58,14,26,0
13761,58,14,26,0
13762,58,14,26,0
13763,58,14,26,0
13764,58,14,26,0
13765,58,14,26,0
13766,58,14,26,0
13767,58,14,26,0
13768,58,14,26,0
13769,58,14,26,0
13770,58,14,26,0
13771,58,14,26,0
13772,58,14,26,0
13773,58,14,26,0
13774,58,14,26,0
13775,58,14,26,0
13776,58,14,26,0
13777,58,14,26,0
13778,58,14,26,0
13779,58,14,26,0
13780,58,14,26,0
13781,58,14,26,0
13782,58,14,26,0
13783,58,14,26,0
13784,58,14,26,0
13785,58,14,26,0
13786,58,14,26,0
13787,58,14,26,0
13788,58,14,26,0
13789,58,14,26,0
13790,58,14,26,0
13791,58,14,26,0
13792,58,14,26,0
13793,58,14,26,0
13794,58,14,26,0
13795,58,14,26,0
13796,58,14,26,0
13797,58,14,26,0
13798,58,14,26,0
13799,58,14,26,0
13800,58,14,26,0
13801,58,14,26,0
13802,58,14,26,0
13803,58,14,26,0
13804,58,14,26,0
13805,58,14,26,0
13806,58,14,26,0
13807,58,14,26,0
13808,58,14,26,0
13809,58,14,26,0
13810,58,14,26,0
13811,58,14,26,0
13812,58,14,26,0
13813,58,14,26,0
13814,58,14,26,0
13815,58,14,26,0
13816,58,14,26,0
13817,58,14,26,0
13818,58,14,26,0
13819,58,14,26,0
13820,58,14,26,0
13821,58,14,26,0
13822,58,14,26,0
13823,58,14,26,0
13824,58,14,26,0
13825,58,14,26,0
13826,58,14,26,0
13827,58,14,26,0
13828,58,14,26,0
13829,58,14,26,0
13830,58,14,26,0
13831,58,14,26,0
13832,58,14,26,0
13833,58,14,26,0
13834,58,14,26,0
13835,58,14,26,0
13836,58,14,26,0
13837,58,14,26,0
13838,58,14,26,0
13839,58,14,26,0
13840,58,14,26,0
13841,58,14,26,0
13842,58,14,26,0
13843,58,14,26,0
13844,58,14,26,0
13845,58,14,26,0
13846,58,14,26,0
13847,58,14,26,0
13848,58,14,26,0
13849,58,14,26,0
13850,58,14,26,0
13851,58,14,26,0
13852,58,14,26,0
13853,58,14,26,0
13854,58,14,26,0
13855,58,14,26,0
13856,58,14,26,0
13857,58,14,26,0
13858,58,14,26,0
13859,58,14,26,0
13860,58,14,26,0
13861,58,14,26,0
13862,58,14,26,0
13863,58,14,26,0
13864,58,14,26,0
13865,58,14,26,0
13866,58,14,26,0
13867,58,14,26,0
13868,58,14,26,0
13869,58,14,26,0
13870,58,14,26,0
13871,58,14,26,0
13872,58,14,26,0
13873,58,14,26,0
13874,58,14,26,0
13875,58,14,26,0
13876,58,14,26,0
13877,58,14,26,0
13878,58,14,26,0
13879,58,14,26,0
13880,58,14,26,0
13881,58,14,26,0
13882,58,14,26,0
13883,58,14,26,0
13884,58,14,26,0
13885,58,14,26,0
13886,58,14,26,0
13887,58,14,26,0
13888,58,14,26,0
13889,58,14,26,0
13890,58,14,26,0
13891,58,14,26,0
13892,58,14,26,0
13893,58,14,26,0
13894,58,14,26,0
13895,58,14,26,0
13896,58,14,26,0
13897,58,14,26,0
13898,58,14,26,0
13899,58,14,26,0
13900,58,14,26,0
13901,58,14,26,0
13902,58,14,26,0
13903,58,14,26,0
13904,58,14,26,0
13905,58,14,26,0
13906,58,14,26,0
13907,58,14,26,0
13908,58,14,26,0
13909,58,14,26,0
13910,58,14,26,0
13911,58,14,26,0
13912,58,14,26,0
13913,58,14,26,0
13914,58,14,26,0
13915,58,14,26,0
13916,58,14,26,0
13917,58,14,26,0
13918,58,14,26,0
13919,58,14,26,0
13920,58,14,26,0
13921,58,14,26,0
13922,58,14,26,0
13923,58,14,26,0
13924,58,14,26,0
13925,58,14,26,0
13926,58,14,26,0
13927,58,14,26,0
13928,58,14,26,0
13929,58,14,26,0
13930,58,14,26,0
13931,58,14,26,0
13932,58,14,26,0
13933,58,14,26,0
13934,58,14,26,0
13935,58,14,26,0
13936,58,14,26,0
13937,58,14,26,0
13938,58,14,26,0
13939,58,14,26,0
13940,58,14,26,0
13941,58,14,26,0
13942,58,14,26,0
13943,58,14,26,0
13944,58,14,26,0
13945,58,14,26,0
13946,58,14,26,0
13947,58,14,26,0
13948,58,14,26,0
13949,58,14,26,0
13950,58,14,26,0
13951,58,14,26,0
13952,58,14,26,0
13953,58,14,26,0
13954,58,14,26,0
13955,58,14,26,0
13956,58,14,26,0
13957,58,14,26,0
13958,58,14,26,0
13959,58,14,26,0
13960,58,14,26,0
13961,58,14,26,0
13962,58,14,26,0
13963,58,14,26,0
13964,58,14,26,0
13965,58,14,26,0
13966,58,14,26,0
13967,58,14,26,0
13968,58,14,26,0
13969,58,14,26,0
13970,58,14,26,0
13971,58,14,26,0
13972,58,14,26,0
13973,58,14,26,0
13974,58,14,26,0
13975,58,14,26,0
13976,58,14,26,0
13977,58,14,26,0
13978,58,14,26,0
13979,58,14,26,0
13980,58,14,26,0
13981,58,14,26,0
13982,58,14,26,0
13983,58,14,26,0
13984,58,14,26,0
13985,58,14,26,0
13986,58,14,26,0
13987,58,14,26,0
13988,58,14,26,0
13989,58,14,26,0
13990,58,14,26,0
13991,58,14,26,0
13992,58,14,26,0
13993,58,14,26,0
13994,58,14,26,0
13995,58,14,26,0
13996,58,14,26,0
13997,58,14,26,0
13998,58,14,26,0
13999,58,14,26,0
14000,58,14,26,0
14001,58,14,26,0
14002,58,14,26,0
14003,58,14,26,0
14004,58,14,26,0
14005,58,14,26,0
14006,58,14,26,0
14007,58,14,26,0
14008,58,14,26,0
14009,58,14,26,0
14010,58,14,26,0
14011,58,14,26,0
14012,58,14,26,0
14013,58,14,26,0
14014,58,14,26,0
14015,58,14,26,0
14016,58,14,26,0
14017,58,14,26,0
14018,58,14,26,0
14019,58,14,26,0
14020,58,14,26,0
14021,58,14,26,0
14022,58,14,26,0
14023,58,14,26,0
14024,58,14,26,0
14025,58,14,26,0
14026,58,14,26,0
14027,58,14,26,0
14028,58,14,26,0
14029,58,14,26,0
14030,58,14,26,0
14031,58,14,26,0
14032,58,14,26,0
14033,58,14,26,0
14034,58,14,26,0
14035,58,14,26,0
14036,58,14,26,0
14037,58,14,26,0
14038,58,14,26,0
14039,58,14,26,0
14040,58,14,26,0
14041,58,14,26,0
14042,58,14,26,0
14043,58,14,26,0
14044,58,14,26,0
14045,58,14,26,0
14046,58,14,26,0
14047,58,14,26,0
14048,58,14,26,0
14049,58,14,26,0
14050,58,14,26,0
14051,58,14,26,0
14052,58,14,26,0
14053,58,14,26,0
14054,58,14,26,0
14055,58,14,26,0
14056,58,14,26,0
14057,58,14,26,0
14058,58,14,26,0
14059,58,14,26,0
14060,58,14,26,0
14061,58,14,26,0
14062,58,14,26,0
14063,58,14,26,0
14064,58,14,26,0
14065,58,14,26,0
14066,58,14,26,0
14067,58,14,26,0
14068,58,14,26,0
14069,58,14,26,0
14070,58,14,26,0
14071,58,14,26,0
14072,58,14,26,0
14073,58,14,26,0
14074,58,14,26,0
14075,58,14,26,0
14076,58,14,26,0
14077,58,14,26,0
14078,58,14,26,0
14079,58,14,26,0
14080,58,14,26,0
14081,58,14,26,0
14082,58,14,26,0
14083,58,14,26,0
14084,58,14,26,0
14085,58,14,26,0
14086,58,14,26,0
14087,58,14,26,0
14088,58,14,26,0
14089,58,14,26,0
14090,58,14,26,0
14091,58,14,26,0
14092,58,14,26,0
14093,58,14,26,0
14094,58,14,26,0
14095,58,14,26,0
14096,58,14,26,0
14097,58,14,26,0
14098,58,14,26,0
14099,58,14,26,0
14100,58,14,26,0
14101,58,14,26,0
14102,58,14,26,0
14103,58,14,26,0
14104,58,14,26,0
14105,58,14,26,0
14106,58,14,26,0
14107,58,14,26,0
14108,58,14,26,0
14109,58,14,26,0
14110,58,14,26,0
14111,58,14,26,0
14112,58,14,26,0
14113,58,14,26,0
14114,58,14,26,0
14115,58,14,26,0
14116,58,14,26,0
14117,58,14,26,0
14118,58,14,26,0
14119,58,14,26,0
14120,58,14,26,0
14121,58,14,26,0
14122,58,14,26,0
14123,58,14,26,0
14124,58,14,26,0
14125,58,14,26,0
14126,58,14,26,0
14127,58,14,26,0
14128,58,14,26,0
14129,58,14,26,0
14130,58,14,26,0
14131,58,14,26,0
14132,58,14,26,0
14133,58,14,26,0
14134,58,14,26,0
14135,58,14,26,0
14136,58,14,26,0
14137,58,14,26,0
14138,58,14,26,0
14139,58,14,26,0
14140,58,14,26,0
14141,58,14,26,0
14142,58,14,26,0
14143,58,14,26,0
14144,58,14,26,0
14145,58,14,26,0
14146,58,14,26,0
14147,58,14,26,0
14148,58,14,26,0
14149,58,14,26,0
14150,58,14,26,0
14151,58,14,26,0
14152,58,14,26,0
14153,58,14,26,0
14154,58,14,26,0
14155,58,14,26,0
14156,58,14,26,0
14157,58,14,26,0
14158,58,14,26,0
14159,58,14,26,0
14160,58,14,26,0
14161,58,14,26,0
14162,58,14,26,0
14163,58,14,26,0
14164,58,14,26,0
14165,58,14,26,0
14166,58,14,26,0
14167,58,14,26,0
14168,58,14,26,0
14169,58,14,26,0
14170,58,14,26,0
14171,58,14,26,0
14172,58,14,26,0
14173,58,14,26,0
14174,58,14,26,0
14175,58,14,26,0
14176,58,14,26,0
14177,58,14,26,0
14178,58,14,26,0
14179,58,14,26,0
14180,58,14,26,0
14181,58,14,26,0
14182,58,14,26,0
14183,58,14,26,0
14184,58,14,26,0
14185,58,14,26,0
14186,58,14,26,0
14187,58,14,26,0
14188,58,14,26,0
14189,58,14,26,0
14190,58,14,26,0
14191,58,14,26,0
14192,58,14,26,0
14193,58,14,26,0
14194,58,14,26,0
14195,58,14,26,0
14196,58,14,26,0
14197,58,14,26,0
14198,58,14,26,0
14199,58,14,26,0
14200,58,14,26,0
14201,58,14,26,0
14202,58,14,26,0
14203,58,14,26,0
14204,58,14,26,0
14205,58,14,26,0
14206,58,14,26,0
14207,58,14,26,0
14208,58,14,26,0
14209,58,14,26,0
14210,58,14,26,0
14211,58,14,26,0
14212,58,14,26,0
14213,58,14,26,0
14214,58,14,26,0
14215,58,14,26,0
14216,58,14,26,0
14217,58,14,26,0
14218,58,14,26,0
14219,58,14,26,0
14220,58,14,26,0
14221,58,14,26,0
14222,58,14,26,0
14223,58,14,26,0
14224,58,14,26,0
14225,58,14,26,0
14226,58,14,26,0
14227,58,14,26,0
14228,58,14,26,0
14229,58,14,26,0
14230,58,14,26,0
14231,58,14,26,0
14232,58,14,26,0
14233,58,14,26,0
14234,58,14,26,0
14235,58,14,26,0
14236,58,14,26,0
14237,58,14,26,0
14238,58,14,26,0
14239,58,14,26,0
14240,58,14,26,0
14241,58,14,26,0
14242,58,14,26,0
14243,58,14,26,0
14244,58,14,26,0
14245,58,14,26,0
14246,58,14,26,0
14247,58,14,26,0
14248,58,14,26,0
14249,58,14,26,0
14250,58,14,26,0
14251,58,14,26,0
14252,58,14,26,0
14253,58,14,26,0
14254,58,14,26,0
14255,58,14,26,0
14256,58,14,26,0
14257,58,14,26,0
14258,58,14,26,0
14259,58,14,26,0
14260,58,14,26,0
14261,58,14,26,0
14262,58,14,26,0
14263,58,14,26,0
14264,58,14,26,0
14265,58,14,26,0
14266,58,14,26,0
14267,58,14,26,0
14268,58,14,26,0
14269,58,14,26,0
14270,58,14,26,0
14271,58,14,26,0
14272,58,14,26,0
14273,58,14,26,0
14274,58,14,26,0
14275,58,14,26,0
14276,58,14,26,0
14277,58,14,26,0
14278,58,14,26,0
14279,58,14,26,0
14280,58,14,26,0
14281,58,14,26,0
14282,58,14,26,0
14283,58,14,26,0
14284,58,14,26,0
14285,58,14,26,0
14286,58,14,26,0
14287,58,14,26,0
14288,58,14,26,0
14289,58,14,26,0
14290,58,14,26,0
14291,58,14,26,0
14292,58,14,26,0
14293,58,14,26,0
14294,58,14,26,0
14295,58,14,26,0
14296,58,14,26,0
14297,58,14,26,0
14298,58,14,26,0
14299,58,14,26,0
14300,58,14,26,0
14301,58,14,26,0
14302,58,14,26,0
14303,58,14,26,0
14304,58,14,26,0
14305,58,14,26,0
14306,58,14,26,0
14307,58,14,26,0
14308,58,14,26,0
14309,58,14,26,0
14310,58,14,26,0
14311,58,14,26,0
14312,58,14,26,0
14313,58,14,26,0
14314,58,14,26,0
14315,58,14,26,0
14316,58,14,26,0
14317,58,14,26,0
14318,58,14,26,0
14319,58,14,26,0
14320,58,14,26,0
14321,58,14,26,0
14322,58,14,26,0
14323,58,14,26,0
14324,58,14,26,0
14325,58,14,26,0
14326,58,14,26,0
14327,58,14,26,0
14328,58,14,26,0
14329,58,14,26,0
14330,58,14,26,0
14331,58,14,26,0
14332,58,14,26,0
14333,58,14,26,0
14334,58,14,26,0
14335,58,14,26,0
14336,58,14,26,0
14337,58,14,26,0
14338,58,14,26,0
14339,58,14,26,0
14340,58,14,26,0
14341,58,14,26,0
14342,58,14,26,0
14343,58,14,26,0
14344,58,14,26,0
14345,58,14,26,0
14346,58,14,26,0
14347,58,14,26,0
14348,58,14,26,0
14349,58,14,26,0
14350,58,14,26,0
14351,58,14,26,0
14352,58,14,26,0
14353,58,14,26,0
14354,58,14,26,0
14355,58,14,26,0
14356,58,14,26,0
14357,58,14,26,0
14358,58,14,26,0
14359,58,14,26,0
14360,58,14,26,0
14361,58,14,26,0
14362,58,14,26,0
14363,58,14,26,0
14364,58,14,26,0
14365,58,14,26,0
14366,58,14,26,0
14367,58,14,26,0
14368,58,14,26,0
14369,58,14,26,0
14370,58,14,26,0
14371,58,14,26,0
14372,58,14,26,0
14373,58,14,26,0
14374,58,14,26,0
14375,58,14,26,0
14376,58,14,26,0
14377,58,14,26,0
14378,58,14,26,0
14379,58,14,26,0
14380,58,14,26,0
14381,58,14,26,0
14382,58,14,26,0
14383,58,14,26,0
14384,58,14,26,0
14385,58,14,26,0
14386,58,14,26,0
14387,58,14,26,0
14388,58,14,26,0
14389,58,14,26,0
14390,58,14,26,0
14391,58,14,26,0
14392,58,14,26,0
14393,58,14,26,0
14394,58,14,26,0
14395,58,14,26,0
14396,58,14,26,0
14397,58,14,26,0
14398,58,14,26,0
14399,58,14,26,0
14400,58,14,26,0
14401,58,14,26,0
14402,58,14,26,0
14403,58,14,26,0
14404,58,14,26,0
14405,58,14,26,0
14406,58,14,26,0
14407,58,14,26,0
14408,58,14,26,0
14409,58,14,26,0
14410,58,14,26,0
14411,58,14,26,0
14412,58,14,26,0
14413,58,14,26,0
14414,58,14,26,0
14415,58,14,26,0
14416,58,14,26,0
14417,58,14,26,0
14418,58,14,26,0
14419,58,14,26,0
14420,58,14,26,0
14421,58,14,26,0
14422,58,14,26,0
14423,58,14,26,0
14424,58,14,26,0
14425,58,14,26,0
14426,58,14,26,0
14427,58,14,26,0
14428,58,14,26,0
14429,58,14,26,0
14430,58,14,26,0
14431,58,14,26,0
14432,58,14,26,0
14433,58,14,26,0
14434,58,14,26,0
14435,58,14,26,0
14436,58,14,26,0
14437,58,14,26,0
14438,58,14,26,0
14439,58,14,26,0
14440,58,14,26,0
14441,58,14,26,0
14442,58,14,26,0
14443,58,14,26,0
14444,58,14,26,0
14445,58,14,26,0
14446,58,14,26,0
14447,58,14,26,0
14448,58,14,26,0
14449,58,14,26,0
14450,58,14,26,0
14451,58,14,26,0
14452,58,14,26,0
14453,58,14,26,0
14454,58,14,26,0
14455,58,14,26,0
14456,58,14,26,0
14457,58,14,26,0
14458,58,14,26,0
14459,58,14,26,0
14460,58,14,26,0
14461,58,14,26,0
14462,58,14,26,0
14463,58,14,26,0
14464,58,14,26,0
14465,58,14,26,0
14466,58,14,26,0
14467,58,14,26,0
14468,58,14,26,0
14469,58,14,26,0
14470,58,14,26,0
14471,58,14,26,0
14472,58,14,26,0
14473,58,14,26,0
14474,58,14,26,0
14475,58,14,26,0
14476,58,14,26,0
14477,58,14,26,0
14478,58,14,26,0
14479,58,14,26,0
14480,58,14,26,0
14481,58,14,26,0
14482,58,14,26,0
14483,58,14,26,0
14484,58,14,26,0
14485,58,14,26,0
14486,58,14,26,0
14487,58,14,26,0
14488,58,14,26,0
14489,58,14,26,0
14490,58,14,26,0
14491,58,14,26,0
14492,58,14,26,0
14493,58,14,26,0
14494,58,14,26,0
14495,58,14,26,0
14496,58,14,26,0
14497,58,14,26,0
14498,58,14,26,0
14499,58,14,26,0
14500,58,14,26,0
14501,58,14,26,0
14502,58,14,26,0
14503,58,14,26,0
14504,58,14,26,0
14505,58,14,26,0
14506,58,14,26,0
14507,58,14,26,0
14508,58,14,26,0
14509,58,14,26,0
14510,58,14,26,0
14511,58,14,26,0
14512,58,14,26,0
14513,58,14,26,0
14514,58,14,26,0
14515,58,14,26,0
14516,58,14,26,0
14517,58,14,26,0
14518,58,14,26,0
14519,58,14,26,0
14520,58,14,26,0
14521,58,14,26,0
14522,58,14,26,0
14523,58,14,26,0
14524,58,14,26,0
14525,58,14,26,0
14526,58,14,26,0
14527,58,14,26,0
14528,58,14,26,0
14529,58,14,26,0
14530,58,14,26,0
14531,58,14,26,0
14532,58,14,26,0
14533,58,14,26,0
14534,58,14,26,0
14535,58,14,26,0
14536,58,14,26,0
14537,58,14,26,0
14538,58,14,26,0
14539,58,14,26,0
14540,58,14,26,0
14541,58,14,26,0
14542,58,14,26,0
14543,58,14,26,0
14544,58,14,26,0
14545,58,14,26,0
14546,58,14,26,0
14547,58,14,26,0
14548,58,14,26,0
14549,58,14,26,0
14550,58,14,26,0
14551,58,14,26,0
14552,58,14,26,0
14553,58,14,26,0
14554,58,14,26,0
14555,58,14,26,0
14556,58,14,26,0
14557,58,14,26,0
14558,58,14,26,0
14559,58,14,26,0
14560,58,14,26,0
14561,58,14,26,0
14562,58,14,26,0
14563,58,14,26,0
14564,58,14,26,0
14565,58,14,26,0
14566,58,14,26,0
14567,58,14,26,0
14568,58,14,26,0
14569,58,14,26,0
14570,58,14,26,0
14571,58,14,26,0
14572,58,14,26,0
14573,58,14,26,0
14574,58,14,26,0
14575,58,14,26,0
14576,58,14,26,0
14577,58,14,26,0
14578,58,14,26,0
14579,58,14,26,0
14580,58,14,26,0
14581,58,14,26,0
14582,58,14,26,0
14583,58,14,26,0
14584,58,14,26,0
14585,58,14,26,0
14586,58,14,26,0
14587,58,14,26,0
14588,58,14,26,0
14589,58,14,26,0
14590,58,14,26,0
14591,58,14,26,0
14592,58,14,26,0
14593,58,14,26,0
14594,58,14,26,0
14595,58,14,26,0
14596,58,14,26,0
14597,58,14,26,0
14598,58,14,26,0
14599,58,14,26,0
14600,58,14,26,0
14601,58,14,26,0
14602,58,14,26,0
14603,58,14,26,0
14604,58,14,26,0
14605,58,14,26,0
14606,58,14,26,0
14607,58,14,26,0
14608,58,14,26,0
14609,58,14,26,0
14610,58,14,26,0
14611,58,14,26,0
14612,58,14,26,0
14613,58,14,26,0
14614,58,14,26,0
14615,58,14,26,0
14616,58,14,26,0
14617,58,14,26,0
14618,58,14,26,0
14619,58,14,26,0
14620,58,14,26,0
14621,58,14,26,0
14622,58,14,26,0
14623,58,14,26,0
14624,58,14,26,0
14625,58,14,26,0
14626,58,14,26,0
14627,58,14,26,0
14628,58,14,26,0
14629,58,14,26,0
14630,58,14,26,0
14631,58,14,26,0
14632,58,14,26,0
14633,58,14,26,0
14634,58,14,26,0
14635,58,14,26,0
14636,58,14,26,0
14637,58,14,26,0
14638,58,14,26,0
14639,58,14,26,0
14640,58,14,26,0
14641,58,14,26,0
14642,58,14,26,0
14643,58,14,26,0
14644,58,14,26,0
14645,58,14,26,0
14646,58,14,26,0
14647,58,14,26,0
14648,58,14,26,0
14649,58,14,26,0
14650,58,14,26,0
14651,58,14,26,0
14652,58,14,26,0
14653,58,14,26,0
14654,58,14,26,0
14655,58,14,26,0
14656,58,14,26,0
14657,58,14,26,0
14658,58,14,26,0
14659,58,14,26,0
14660,58,14,26,0
14661,58,14,26,0
14662,58,14,26,0
14663,58,14,26,0
14664,58,14,26,0
14665,58,14,26,0
14666,58,14,26,0
14667,58,14,26,0
14668,58,14,26,0
14669,58,14,26,0
14670,58,14,26,0
14671,58,14,26,0
14672,58,14,26,0
14673,58,14,26,0
14674,58,14,26,0
14675,58,14,26,0
14676,58,14,26,0
14677,58,14,26,0
14678,58,14,26,0
14679,58,14,26,0
14680,58,14,26,0
14681,58,14,26,0
14682,58,14,26,0
14683,58,14,26,0
14684,58,14,26,0
14685,58,14,26,0
14686,58,14,26,0
14687,58,14,26,0
14688,58,14,26,0
14689,58,14,26,0
14690,58,14,26,0
14691,58,14,26,0
14692,58,14,26,0
14693,58,14,26,0
14694,58,14,26,0
14695,58,14,26,0
14696,58,14,26,0
14697,58,14,26,0
14698,58,14,26,0
14699,58,14,26,0
14700,58,14,26,0
14701,58,14,26,0
14702,58,14,26,0
14703,58,14,26,0
14704,58,14,26,0
14705,58,14,26,0
14706,58,14,26,0
14707,58,14,26,0
14708,58,14,26,0
14709,58,14,26,0
14710,58,14,26,0
14711,58,14,26,0
14712,58,14,26,0
14713,58,14,26,0
14714,58,14,26,0
14715,58,14,26,0
14716,58,14,26,0
14717,58,14,26,0
14718,58,14,26,0
14719,58,14,26,0
14720,58,14,26,0
14721,58,14,26,0
14722,58,14,26,0
14723,58,14,26,0
14724,58,14,26,0
14725,58,14,26,0
14726,58,14,26,0
14727,58,14,26,0
14728,58,14,26,0
14729,58,14,26,0
14730,58,14,26,0
14731,58,14,26,0
14732,58,14,26,0
14733,58,14,26,0
14734,58,14,26,0
14735,58,14,26,0
14736,58,14,26,0
14737,58,14,26,0
14738,58,14,26,0
14739,58,14,26,0
14740,58,14,26,0
14741,58,14,26,0
14742,58,14,26,0
14743,58,14,26,0
14744,58,14,26,0
14745,58,14,26,0
14746,58,14,26,0
14747,58,14,26,0
14748,58,14,26,0
14749,58,14,26,0
14750,58,14,26,0
14751,58,14,26,0
14752,58,14,26,0
14753,58,14,26,0
14754,58,14,26,0
14755,58,14,26,0
14756,58,14,26,0
14757,58,14,26,0
14758,58,14,26,0
14759,58,14,26,0
14760,58,14,26,0
14761,58,14,26,0
14762,58,14,26,0
14763,58,14,26,0
14764,58,14,26,0
14765,58,14,26,0
14766,58,14,26,0
14767,58,14,26,0
14768,58,14,26,0
14769,58,14,26,0
14770,58,14,26,0
14771,58,14,26,0
14772,58,14,26,0
14773,58,14,26,0
14774,58,14,26,0
14775,58,14,26,0
14776,58,14,26,0
14777,58,14,26,0
14778,58,14,26,0
14779,58,14,26,0
14780,58,14,26,0
14781,58,14,26,0
14782,58,14,26,0
14783,58,14,26,0
14784,58,14,26,0
14785,58,14,26,0
14786,58,14,26,0
14787,58,14,26,0
14788,58,14,26,0
14789,58,14,26,0
14790,58,14,26,0
14791,58,14,26,0
14792,58,14,26,0
14793,58,14,26,0
14794,58,14,26,0
14795,58,14,26,0
14796,58,14,26,0
14797,58,14,26,0
14798,58,14,26,0
14799,58,14,26,0
14800,58,14,26,0
14801,58,14,26,0
14802,58,14,26,0
14803,58,14,26,0
14804,58,14,26,0
14805,58,14,26,0
14806,58,14,26,0
14807,58,14,26,0
14808,58,14,26,0
14809,58,14,26,0
14810,58,14,26,0
14811,58,14,26,0
14812,58,14,26,0
14813,58,14,26,0
14814,58,14,26,0
14815,58,14,26,0
14816,58,14,26,0
14817,58,14,26,0
14818,58,14,26,0
14819,58,14,26,0
14820,58,14,26,0
14821,58,14,26,0
14822,58,14,26,0
14823,58,14,26,0
14824,58,14,26,0
14825,58,14,26,0
14826,58,14,26,0
14827,58,14,26,0
14828,58,14,26,0
14829,58,14,26,0
14830,58,14,26,0
14831,58,14,26,0
14832,58,14,26,0
14833,58,14,26,0
14834,58,14,26,0
14835,58,14,26,0
14836,58,14,26,0
14837,58,14,26,0
14838,58,14,26,0
14839,58,14,26,0
14840,58,14,26,0
14841,58,14,26,0
14842,58,14,26,0
14843,58,14,26,0
14844,58,14,26,0
14845,58,14,26,0
14846,58,14,26,0
14847,58,14,26,0
14848,58,14,26,0
14849,58,14,26,0
14850,58,14,26,0
14851,58,14,26,0
14852,58,14,26,0
14853,58,14,26,0
14854,58,14,26,0
14855,58,14,26,0
14856,58,14,26,0
14857,58,14,26,0
14858,58,14,26,0
14859,58,14,26,0
14860,58,14,26,0
14861,58,14,26,0
14862,58,14,26,0
14863,58,14,26,0
14864,58,14,26,0
14865,58,14,26,0
14866,58,14,26,0
14867,58,14,26,0
14868,58,14,26,0
14869,58,14,26,0
14870,58,14,26,0
14871,58,14,26,0
14872,58,14,26,0
14873,58,14,26,0
14874,58,14,26,0
14875,58,14,26,0
14876,58,14,26,0
14877,58,14,26,0
14878,58,14,26,0
14879,58,14,26,0
14880,58,14,26,0
14881,58,14,26,0
14882,58,14,26,0
14883,58,14,26,0
14884,58,14,26,0
14885,58,14,26,0
14886,58,14,26,0
14887,58,14,26,0
14888,58,14,26,0
14889,58,14,26,0
14890,58,14,26,0
14891,58,14,26,0
14892,58,14,26,0
14893,58,14,26,0
14894,58,14,26,0
14895,58,14,26,0
14896,58,14,26,0
14897,58,14,26,0
14898,58,14,26,0
14899,58,14,26,0
14900,58,14,26,0
14901,58,14,26,0
14902,58,14,26,0
14903,58,14,26,0
14904,58,14,26,0
14905,58,14,26,0
14906,58,14,26,0
14907,58,14,26,0
14908,58,14,26,0
14909,58,14,26,0
14910,58,14,26,0
14911,58,14,26,0
14912,58,14,26,0
14913,58,14,26,0
14914,58,14,26,0
14915,58,14,26,0
14916,58,14,26,0
14917,58,14,26,0
14918,58,14,26,0
14919,58,14,26,0
14920,58,14,26,0
14921,58,14,26,0
14922,58,14,26,0
14923,58,14,26,0
14924,58,14,26,0
14925,58,14,26,0
14926,58,14,26,0
14927,58,14,26,0
14928,58,14,26,0
14929,58,14,26,0
14930,58,14,26,0
14931,58,14,26,0
14932,58,14,26,0
14933,58,14,26,0
14934,58,14,26,0
14935,58,14,26,0
14936,58,14,26,0
14937,58,14,26,0
14938,58,14,26,0
14939,58,14,26,0
14940,58,14,26,0
14941,58,14,26,0
14942,58,14,26,0
14943,58,14,26,0
14944,58,14,26,0
14945,58,14,26,0
14946,58,14,26,0
14947,58,14,26,0
14948,58,14,26,0
14949,58,14,26,0
14950,58,14,26,0
14951,58,14,26,0
14952,58,14,26,0
14953,58,14,26,0
14954,58,14,26,0
14955,58,14,26,0
14956,58,14,26,0
14957,58,14,26,0
14958,58,14,26,0
14959,58,14,26,0
14960,58,14,26,0
14961,58,14,26,0
14962,58,14,26,0
14963,58,14,26,0
14964,58,14,26,0
14965,58,14,26,0
14966,58,14,26,0
14967,58,14,26,0
14968,58,14,26,0
14969,58,14,26,0
14970,58,14,26,0
14971,58,14,26,0
14972,58,14,26,0
14973,58,14,26,0
14974,58,14,26,0
14975,58,14,26,0
14976,58,14,26,0
14977,58,14,26,0
14978,58,14,26,0
14979,58,14,26,0
14980,58,14,26,0
14981,58,14,26,0
14982,58,14,26,0
14983,58,14,26,0
14984,58,14,26,0
14985,58,14,26,0
14986,58,14,26,0
14987,58,14,26,0
14988,58,14,26,0
14989,58,14,26,0
14990,58,14,26,0
14991,58,14,26,0
14992,58,14,26,0
14993,58,14,26,0
14994,58,14,26,0
14995,58,14,26,0
14996,58,14,26,0
14997,58,14,26,0
14998,58,14,26,0
14999,58,14,26,0
15000,58,14,26,0
15001,58,14,26,0
15002,58,14,26,0
15003,58,14,26,0
15004,58,14,26,0
15005,58,14,26,0
15006,58,14,26,0
15007,58,14,26,0
15008,58,14,26,0
15009,58,14,26,0
15010,58,14,26,0
15011,58,14,26,0
15012,58,14,26,0
15013,58,14,26,0
15014,58,14,26,0
15015,58,14,26,0
15016,58,14,26,0
15017,58,14,26,0
15018,58,14,26,0
15019,58,14,26,0
15020,58,14,26,0
15021,58,14,26,0
15022,58,14,26,0
15023,58,14,26,0
15024,58,14,26,0
15025,58,14,26,0
15026,58,14,26,0
15027,58,14,26,0
15028,58,14,26,0
15029,58,14,26,0
15030,58,14,26,0
15031,58,14,26,0
15032,58,14,26,0
15033,58,14,26,0
15034,58,14,26,0
15035,58,14,26,0
15036,58,14,26,0
15037,58,14,26,0
15038,58,14,26,0
15039,58,14,26,0
15040,58,14,26,0
15041,58,14,26,0
15042,58,14,26,0
15043,58,14,26,0
15044,58,14,26,0
15045,58,14,26,0
15046,58,14,26,0
15047,58,14,26,0
15048,58,14,26,0
15049,58,14,26,0
15050,58,14,26,0
15051,58,14,26,0
15052,58,14,26,0
15053,58,14,26,0
15054,58,14,26,0
15055,58,14,26,0
15056,58,14,26,0
15057,58,14,26,0
15058,58,14,26,0
15059,58,14,26,0
15060,58,14,26,0
15061,58,14,26,0
15062,58,14,26,0
15063,58,14,26,0
15064,58,14,26,0
15065,58,14,26,0
15066,58,14,26,0
15067,58,14,26,0
15068,58,14,26,0
15069,58,14,26,0
15070,58,14,26,0
15071,58,14,26,0
15072,58,14,26,0
15073,58,14,26,0
15074,58,14,26,0
15075,58,14,26,0
15076,58,14,26,0
15077,58,14,26,0
15078,58,14,26,0
15079,58,14,26,0
15080,58,14,26,0
15081,58,14,26,0
15082,58,14,26,0
15083,58,14,26,0
15084,58,14,26,0
15085,58,14,26,0
15086,58,14,26,0
15087,58,14,26,0
15088,58,14,26,0
15089,58,14,26,0
15090,58,14,26,0
15091,58,14,26,0
15092,58,14,26,0
15093,58,14,26,0
15094,58,14,26,0
15095,58,14,26,0
15096,58,14,26,0
15097,58,14,26,0
15098,58,14,26,0
15099,58,14,26,0
15100,58,14,26,0
15101,58,14,26,0
15102,58,14,26,0
15103,58,14,26,0
15104,58,14,26,0
15105,58,14,26,0
15106,58,14,26,0
15107,58,14,26,0
15108,58,14,26,0
15109,58,14,26,0
15110,58,14,26,0
15111,58,14,26,0
15112,58,14,26,0
15113,58,14,26,0
15114,58,14,26,0
15115,58,14,26,0
15116,58,14,26,0
15117,58,14,26,0
15118,58,14,26,0
15119,58,14,26,0
15120,58,14,26,0
15121,58,14,26,0
15122,58,14,26,0
15123,58,14,26,0
15124,58,14,26,0
15125,58,14,26,0
15126,58,14,26,0
15127,58,14,26,0
15128,58,14,26,0
15129,58,14,26,0
15130,58,14,26,0
15131,58,14,26,0
15132,58,14,26,0
15133,58,14,26,0
15134,58,14,26,0
15135,58,14,26,0
15136,58,14,26,0
15137,58,14,26,0
15138,58,14,26,0
15139,58,14,26,0
15140,58,14,26,0
15141,58,14,26,0
15142,58,14,26,0
15143,58,14,26,0
15144,58,14,26,0
15145,58,14,26,0
15146,58,14,26,0
15147,58,14,26,0
15148,58,14,26,0
15149,58,14,26,0
15150,58,14,26,0
15151,58,14,26,0
15152,58,14,26,0
15153,58,14,26,0
15154,58,14,26,0
15155,58,14,26,0
15156,58,14,26,0
15157,58,14,26,0
15158,58,14,26,0
15159,58,14,26,0
15160,58,14,26,0
15161,58,14,26,0
15162,58,14,26,0
15163,58,14,26,0
15164,58,14,26,0
15165,58,14,26,0
15166,58,14,26,0
15167,58,14,26,0
15168,58,14,26,0
15169,58,14,26,0
15170,58,14,26,0
15171,58,14,26,0
15172,58,14,26,0
15173,58,14,26,0
15174,58,14,26,0
15175,58,14,26,0
15176,58,14,26,0
15177,58,14,26,0
15178,58,14,26,0
15179,58,14,26,0
15180,58,14,26,0
15181,58,14,26,0
15182,58,14,26,0
15183,58,14,26,0
15184,58,14,26,0
15185,58,14,26,0
15186,58,14,26,0
15187,58,14,26,0
15188,58,14,26,0
15189,58,14,26,0
15190,58,14,26,0
15191,58,14,26,0
15192,58,14,26,0
15193,58,14,26,0
15194,58,14,26,0
15195,58,14,26,0
15196,58,14,26,0
15197,58,14,26,0
15198,58,14,26,0
15199,58,14,26,0
15200,58,14,26,0
15201,58,14,26,0
15202,58,14,26,0
15203,58,14,26,0
15204,58,14,26,0
15205,58,14,26,0
15206,58,14,26,0
15207,58,14,26,0
15208,58,14,26,0
15209,58,14,26,0
15210,58,14,26,0
15211,58,14,26,0
15212,58,14,26,0
15213,58,14,26,0
15214,58,14,26,0
15215,58,14,26,0
15216,58,14,26,0
15217,58,14,26,0
15218,58,14,26,0
15219,58,14,26,0
15220,58,14,26,0
15221,58,14,26,0
15222,58,14,26,0
15223,58,14,26,0
15224,58,14,26,0
15225,58,14,26,0
15226,58,14,26,0
15227,58,14,26,0
15228,58,14,26,0
15229,58,14,26,0
15230,58,14,26,0
15231,58,14,26,0
15232,58,14,26,0
15233,58,14,26,0
15234,58,14,26,0
15235,58,14,26,0
15236,58,14,26,0
15237,58,14,26,0
15238,58,14,26,0
15239,58,14,26,0
15240,58,14,26,0
15241,58,14,26,0
15242,58,14,26,0
15243,58,14,26,0
15244,58,14,26,0
15245,58,14,26,0
15246,58,14,26,0
15247,58,14,26,0
15248,58,14,26,0
15249,58,14,26,0
15250,58,14,26,0
15251,58,14,26,0
15252,58,14,26,0
15253,58,14,26,0
15254,58,14,26,0
15255,58,14,26,0
15256,58,14,26,0
15257,58,14,26,0
15258,58,14,26,0
15259,58,14,26,0
15260,58,14,26,0
15261,58,14,26,0
15262,58,14,26,0
15263,58,14,26,0
15264,58,14,26,0
15265,58,14,26,0
15266,58,14,26,0
15267,58,14,26,0
15268,58,14,26,0
15269,58,14,26,0
15270,58,14,26,0
15271,58,14,26,0
15272,58,14,26,0
15273,58,14,26,0
15274,58,14,26,0
15275,58,14,26,0
15276,58,14,26,0
15277,58,14,26,0
15278,58,14,26,0
15279,58,14,26,0
15280,58,14,26,0
15281,58,14,26,0
15282,58,14,26,0
15283,58,14,26,0
15284,58,14,26,0
15285,58,14,26,0
15286,58,14,26,0
15287,58,14,26,0
15288,58,14,26,0
15289,58,14,26,0
15290,58,14,26,0
15291,58,14,26,0
15292,58,14,26,0
15293,58,14,26,0
15294,58,14,26,0
15295,58,14,26,0
15296,58,14,26,0
15297,58,14,26,0
15298,58,14,26,0
15299,58,14,26,0
15300,58,14,26,0
15301,58,14,26,0
15302,58,14,26,0
15303,58,14,26,0
15304,58,14,26,0
15305,58,14,26,0
15306,58,14,26,0
15307,58,14,26,0
15308,58,14,26,0
15309,58,14,26,0
15310,58,14,26,0
15311,58,14,26,0
15312,58,14,26,0
15313,58,14,26,0
15314,58,14,26,0
15315,58,14,26,0
15316,58,14,26,0
15317,58,14,26,0
15318,58,14,26,0
15319,58,14,26,0
15320,58,14,26,0
15321,58,14,26,0
15322,58,14,26,0
15323,58,14,26,0
15324,58,14,26,0
15325,58,14,26,0
15326,58,14,26,0
15327,58,14,26,0
15328,58,14,26,0
15329,58,14,26,0
15330,58,14,26,0
15331,58,14,26,0
15332,58,14,26,0
15333,58,14,26,0
15334,58,14,26,0
15335,58,14,26,0
15336,58,14,26,0
15337,58,14,26,0
15338,58,14,26,0
15339,58,14,26,0
15340,58,14,26,0
15341,58,14,26,0
15342,58,14,26,0
15343,58,14,26,0
15344,58,14,26,0
15345,58,14,26,0
15346,58,14,26,0
15347,58,14,26,0
15348,58,14,26,0
15349,58,14,26,0
15350,58,14,26,0
15351,58,14,26,0
15352,58,14,26,0
15353,58,14,26,0
15354,58,14,26,0
15355,58,14,26,0
15356,58,14,26,0
15357,58,14,26,0
15358,58,14,26,0
15359,58,14,26,0
15360,58,14,26,0
15361,58,14,26,0
15362,58,14,26,0
15363,58,14,26,0
15364,58,14,26,0
15365,58,14,26,0
15366,58,14,26,0
15367,58,14,26,0
15368,58,14,26,0
15369,58,14,26,0
15370,58,14,26,0
15371,58,14,26,0
15372,58,14,26,0
15373,58,14,26,0
15374,58,14,26,0
15375,58,14,26,0
15376,58,14,26,0
15377,58,14,26,0
15378,58,14,26,0
15379,58,14,26,0
15380,58,14,26,0
15381,58,14,26,0
15382,58,14,26,0
15383,58,14,26,0
15384,58,14,26,0
15385,58,14,26,0
15386,58,14,26,0
15387,58,14,26,0
15388,58,14,26,0
15389,58,14,26,0
15390,58,14,26,0
15391,58,14,26,0
15392,58,14,26,0
15393,58,14,26,0
15394,58,14,26,0
15395,58,14,26,0
15396,58,14,26,0
15397,58,14,26,0
15398,58,14,26,0
15399,58,14,26,0
15400,58,14,26,0
15401,58,14,26,0
15402,58,14,26,0
15403,58,14,26,0
15404,58,14,26,0
15405,58,14,26,0
15406,58,14,26,0
15407,58,14,26,0
15408,58,14,26,0
15409,58,14,26,0
15410,58,14,26,0
15411,58,14,26,0
15412,58,14,26,0
15413,58,14,26,0
15414,58,14,26,0
15415,58,14,26,0
15416,58,14,26,0
15417,58,14,26,0
15418,58,14,26,0
15419,58,14,26,0
15420,58,14,26,0
15421,58,14,26,0
15422,58,14,26,0
15423,58,14,26,0
15424,58,14,26,0
15425,58,14,26,0
15426,58,14,26,0
15427,58,14,26,0
15428,58,14,26,0
15429,58,14,26,0
15430,58,14,26,0
15431,58,14,26,0
15432,58,14,26,0
15433,58,14,26,0
15434,58,14,26,0
15435,58,14,26,0
15436,58,14,26,0
15437,58,14,26,0
15438,58,14,26,0
15439,58,14,26,0
15440,58,14,26,0
15441,58,14,26,0
15442,58,14,26,0
15443,58,14,26,0
15444,58,14,26,0
15445,58,14,26,0
15446,58,14,26,0
15447,58,14,26,0
15448,58,14,26,0
15449,58,14,26,0
15450,58,14,26,0
15451,58,14,26,0
15452,58,14,26,0
15453,58,14,26,0
15454,58,14,26,0
15455,58,14,26,0
15456,58,14,26,0
15457,58,14,26,0
15458,58,14,26,0
15459,58,14,26,0
15460,58,14,26,0
15461,58,14,26,0
15462,58,14,26,0
15463,58,14,26,0
15464,58,14,26,0
15465,58,14,26,0
15466,58,14,26,0
15467,58,14,26,0
15468,58,14,26,0
15469,58,14,26,0
15470,58,14,26,0
15471,58,14,26,0
15472,58,14,26,0
15473,58,14,26,0
15474,58,14,26,0
15475,58,14,26,0
15476,58,14,26,0
15477,58,14,26,0
15478,58,14,26,0
15479,58,14,26,0
15480,58,14,26,0
15481,58,14,26,0
15482,58,14,26,0
15483,58,14,26,0
15484,58,14,26,0
15485,58,14,26,0
15486,58,14,26,0
15487,58,14,26,0
15488,58,14,26,0
15489,58,14,26,0
15490,58,14,26,0
15491,58,14,26,0
15492,58,14,26,0
15493,58,14,26,0
15494,58,14,26,0
15495,58,14,26,0
15496,58,14,26,0
15497,58,14,26,0
15498,58,14,26,0
15499,58,14,26,0
15500,58,14,26,0
15501,58,14,26,0
15502,58,14,26,0
15503,58,14,26,0
15504,58,14,26,0
15505,58,14,26,0
15506,58,14,26,0
15507,58,14,26,0
15508,58,14,26,0
15509,58,14,26,0
15510,58,14,26,0
15511,58,14,26,0
15512,58,14,26,0
15513,58,14,26,0
15514,58,14,26,0
15515,58,14,26,0
15516,58,14,26,0
15517,58,14,26,0
15518,58,14,26,0
15519,58,14,26,0
15520,58,14,26,0
15521,58,14,26,0
15522,58,14,26,0
15523,58,14,26,0
15524,58,14,26,0
15525,58,14,26,0
15526,58,14,26,0
15527,58,14,26,0
15528,58,14,26,0
15529,58,14,26,0
15530,58,14,26,0
15531,58,14,26,0
15532,58,14,26,0
15533,58,14,26,0
15534,58,14,26,0
15535,58,14,26,0
15536,58,14,26,0
15537,58,14,26,0
15538,58,14,26,0
15539,58,14,26,0
15540,58,14,26,0
15541,58,14,26,0
15542,58,14,26,0
15543,58,14,26,0
15544,58,14,26,0
15545,58,14,26,0
15546,58,14,26,0
15547,58,14,26,0
15548,58,14,26,0
15549,58,14,26,0
15550,58,14,26,0
15551,58,14,26,0
15552,58,14,26,0
15553,58,14,26,0
15554,58,14,26,0
15555,58,14,26,0
15556,58,14,26,0
15557,58,14,26,0
15558,58,14,26,0
15559,58,14,26,0
15560,58,14,26,0
15561,58,14,26,0
15562,58,14,26,0
15563,58,14,26,0
15564,58,14,26,0
15565,58,14,26,0
15566,58,14,26,0
15567,58,14,26,0
15568,58,14,26,0
15569,58,14,26,0
15570,58,14,26,0
15571,58,14,26,0
15572,58,14,26,0
15573,58,14,26,0
15574,58,14,26,0
15575,58,14,26,0
15576,58,14,26,0
15577,58,14,26,0
15578,58,14,26,0
15579,58,14,26,0
15580,58,14,26,0
15581,58,14,26,0
15582,58,14,26,0
15583,58,14,26,0
15584,58,14,26,0
15585,58,14,26,0
15586,58,14,26,0
15587,58,14,26,0
15588,58,14,26,0
15589,58,14,26,0
15590,58,14,26,0
15591,58,14,26,0
15592,58,14,26,0
15593,58,14,26,0
15594,58,14,26,0
15595,58,14,26,0
15596,58,14,26,0
15597,58,14,26,0
15598,58,14,26,0
15599,58,14,26,0
15600,58,14,26,0
15601,58,14,26,0
15602,58,14,26,0
15603,58,14,26,0
15604,58,14,26,0
15605,58,14,26,0
15606,58,14,26,0
15607,58,14,26,0
15608,58,14,26,0
15609,58,14,26,0
15610,58,14,26,0
15611,58,14,26,0
15612,58,14,26,0
15613,58,14,26,0
15614,58,14,26,0
15615,58,14,26,0
15616,58,14,26,0
15617,58,14,26,0
15618,58,14,26,0
15619,58,14,26,0
15620,58,14,26,0
15621,58,14,26,0
15622,58,14,26,0
15623,58,14,26,0
15624,58,14,26,0
15625,58,14,26,0
15626,58,14,26,0
15627,58,14,26,0
15628,58,14,26,0
15629,58,14,26,0
15630,58,14,26,0
15631,58,14,26,0
15632,58,14,26,0
15633,58,14,26,0
15634,58,14,26,0
15635,58,14,26,0
15636,58,14,26,0
15637,58,14,26,0
15638,58,14,26,0
15639,58,14,26,0
15640,58,14,26,0
15641,58,14,26,0
15642,58,14,26,0
15643,58,14,26,0
15644,58,14,26,0
15645,58,14,26,0
15646,58,14,26,0
15647,58,14,26,0
15648,58,14,26,0
15649,58,14,26,0
15650,58,14,26,0
15651,58,14,26,0
15652,58,14,26,0
15653,58,14,26,0
15654,58,14,26,0
15655,58,14,26,0
15656,58,14,26,0
15657,58,14,26,0
15658,58,14,26,0
15659,58,14,26,0
15660,58,14,26,0
15661,58,14,26,0
15662,58,14,26,0
15663,58,14,26,0
15664,58,14,26,0
15665,58,14,26,0
15666,58,14,26,0
15667,58,14,26,0
15668,58,14,26,0
15669,58,14,26,0
15670,58,14,26,0
15671,58,14,26,0
15672,58,14,26,0
15673,58,14,26,0
15674,58,14,26,0
15675,58,14,26,0
15676,58,14,26,0
15677,58,14,26,0
15678,58,14,26,0
15679,58,14,26,0
15680,58,14,26,0
15681,58,14,26,0
15682,58,14,26,0
15683,58,14,26,0
15684,58,14,26,0
15685,58,14,26,0
15686,58,14,26,0
15687,58,14,26,0
15688,58,14,26,0
15689,58,14,26,0
15690,58,14,26,0
15691,58,14,26,0
15692,58,14,26,0
15693,58,14,26,0
15694,58,14,26,0
15695,58,14,26,0
15696,58,14,26,0
15697,58,14,26,0
15698,58,14,26,0
15699,58,14,26,0
15700,58,14,26,0
15701,58,14,26,0
15702,58,14,26,0
15703,58,14,26,0
15704,58,14,26,0
15705,58,14,26,0
15706,58,14,26,0
15707,58,14,26,0
15708,58,14,26,0
15709,58,14,26,0
15710,58,14,26,0
15711,58,14,26,0
15712,58,14,26,0
15713,58,14,26,0
15714,58,14,26,0
15715,58,14,26,0
15716,58,14,26,0
15717,58,14,26,0
15718,58,14,26,0
15719,58,14,26,0
15720,58,14,26,0
15721,58,14,26,0
15722,58,14,26,0
15723,58,14,26,0
15724,58,14,26,0
15725,58,14,26,0
15726,58,14,26,0
15727,58,14,26,0
15728,58,14,26,0
15729,58,14,26,0
15730,58,14,26,0
15731,58,14,26,0
15732,58,14,26,0
15733,58,14,26,0
15734,58,14,26,0
15735,58,14,26,0
15736,58,14,26,0
15737,58,14,26,0
15738,58,14,26,0
15739,58,14,26,0
15740,58,14,26,0
15741,58,14,26,0
15742,58,14,26,0
15743,58,14,26,0
15744,58,14,26,0
15745,58,14,26,0
15746,58,14,26,0
15747,58,14,26,0
15748,58,14,26,0
15749,58,14,26,0
15750,58,14,26,0
15751,58,14,26,0
15752,58,14,26,0
15753,58,14,26,0
15754,58,14,26,0
15755,58,14,26,0
15756,58,14,26,0
15757,58,14,26,0
15758,58,14,26,0
15759,58,14,26,0
15760,58,14,26,0
15761,58,14,26,0
15762,58,14,26,0
15763,58,14,26,0
15764,58,14,26,0
15765,58,14,26,0
15766,58,14,26,0
15767,58,14,26,0
15768,58,14,26,0
15769,58,14,26,0
15770,58,14,26,0
15771,58,14,26,0
15772,58,14,26,0
15773,58,14,26,0
15774,58,14,26,0
15775,58,14,26,0
15776,58,14,26,0
15777,58,14,26,0
15778,58,14,26,0
15779,58,14,26,0
15780,58,14,26,0
15781,58,14,26,0
15782,58,14,26,0
15783,58,14,26,0
15784,58,14,26,0
15785,58,14,26,0
15786,58,14,26,0
15787,58,14,26,0
15788,58,14,26,0
15789,58,14,26,0
15790,58,14,26,0
15791,58,14,26,0
15792,58,14,26,0
15793,58,14,26,0
15794,58,14,26,0
15795,58,14,26,0
15796,58,14,26,0
15797,58,14,26,0
15798,58,14,26,0
15799,58,14,26,0
15800,58,14,26,0
15801,58,14,26,0
15802,58,14,26,0
15803,58,14,26,0
15804,58,14,26,0
15805,58,14,26,0
15806,58,14,26,0
15807,58,14,26,0
15808,58,14,26,0
15809,58,14,26,0
15810,58,14,26,0
15811,58,14,26,0
15812,58,14,26,0
15813,58,14,26,0
15814,58,14,26,0
15815,58,14,26,0
15816,58,14,26,0
15817,58,14,26,0
15818,58,14,26,0
15819,58,14,26,0
15820,58,14,26,0
15821,58,14,26,0
15822,58,14,26,0
15823,58,14,26,0
15824,58,14,26,0
15825,58,14,26,0
15826,58,14,26,0
15827,58,14,26,0
15828,58,14,26,0
15829,58,14,26,0
15830,58,14,26,0
15831,58,14,26,0
15832,58,14,26,0
15833,58,14,26,0
15834,58,14,26,0
15835,58,14,26,0
15836,58,14,26,0
15837,58,14,26,0
15838,58,14,26,0
15839,58,14,26,0
15840,58,14,26,0
15841,58,14,26,0
15842,58,14,26,0
15843,58,14,26,0
15844,58,14,26,0
15845,58,14,26,0
15846,58,14,26,0
15847,58,14,26,0
15848,58,14,26,0
15849,58,14,26,0
15850,58,14,26,0
15851,58,14,26,0
15852,58,14,26,0
15853,58,14,26,0
15854,58,14,26,0
15855,58,14,26,0
15856,58,14,26,0
15857,58,14,26,0
15858,58,14,26,0
15859,58,14,26,0
15860,58,14,26,0
15861,58,14,26,0
15862,58,14,26,0
15863,58,14,26,0
15864,58,14,26,0
15865,58,14,26,0
15866,58,14,26,0
15867,58,14,26,0
15868,58,14,26,0
15869,58,14,26,0
15870,58,14,26,0
15871,58,14,26,0
15872,58,14,26,0
15873,58,14,26,0
15874,58,14,26,0
15875,58,14,26,0
15876,58,14,26,0
15877,58,14,26,0
15878,58,14,26,0
15879,58,14,26,0
15880,58,14,26,0
15881,58,14,26,0
15882,58,14,26,0
15883,58,14,26,0
15884,58,14,26,0
15885,58,14,26,0
15886,58,14,26,0
15887,58,14,26,0
15888,58,14,26,0
15889,58,14,26,0
15890,58,14,26,0
15891,58,14,26,0
15892,58,14,26,0
15893,58,14,26,0
15894,58,14,26,0
15895,58,14,26,0
15896,58,14,26,0
15897,58,14,26,0
15898,58,14,26,0
15899,58,14,26,0
15900,58,14,26,0
15901,58,14,26,0
15902,58,14,26,0
15903,58,14,26,0
15904,58,14,26,0
15905,58,14,26,0
15906,58,14,26,0
15907,58,14,26,0
15908,58,14,26,0
15909,58,14,26,0
15910,58,14,26,0
15911,58,14,26,0
15912,58,14,26,0
15913,58,14,26,0
15914,58,14,26,0
15915,58,14,26,0
15916,58,14,26,0
15917,58,14,26,0
15918,58,14,26,0
15919,58,14,26,0
15920,58,14,26,0
15921,58,14,26,0
15922,58,14,26,0
15923,58,14,26,0
15924,58,14,26,0
15925,58,14,26,0
15926,58,14,26,0
15927,58,14,26,0
15928,58,14,26,0
15929,58,14,26,0
15930,58,14,26,0
15931,58,14,26,0
15932,58,14,26,0
15933,58,14,26,0
15934,58,14,26,0
15935,58,14,26,0
15936,58,14,26,0
15937,58,14,26,0
15938,58,14,26,0
15939,58,14,26,0
15940,58,14,26,0
15941,58,14,26,0
15942,58,14,26,0
15943,58,14,26,0
15944,58,14,26,0
15945,58,14,26,0
15946,58,14,26,0
15947,58,14,26,0
15948,58,14,26,0
15949,58,14,26,0
15950,58,14,26,0
15951,58,14,26,0
15952,58,14,26,0
15953,58,14,26,0
15954,58,14,26,0
15955,58,14,26,0
15956,58,14,26,0
15957,58,14,26,0
15958,58,14,26,0
15959,58,14,26,0
15960,58,14,26,0
15961,58,14,26,0
15962,58,14,26,0
15963,58,14,26,0
15964,58,14,26,0
15965,58,14,26,0
15966,58,14,26,0
15967,58,14,26,0
15968,58,14,26,0
15969,58,14,26,0
15970,58,14,26,0
15971,58,14,26,0
15972,58,14,26,0
15973,58,14,26,0
15974,58,14,26,0
15975,58,14,26,0
15976,58,14,26,0
15977,58,14,26,0
15978,58,14,26,0
15979,58,14,26,0
15980,58,14,26,0
15981,58,14,26,0
15982,58,14,26,0
15983,58,14,26,0
15984,58,14,26,0
15985,58,14,26,0
15986,58,14,26,0
15987,58,14,26,0
15988,58,14,26,0
15989,58,14,26,0
15990,58,14,26,0
15991,58,14,26,0
15992,58,14,26,0
15993,58,14,26,0
15994,58,14,26,0
15995,58,14,26,0
15996,58,14,26,0
15997,58,14,26,0
15998,58,14,26,0
15999,58,14,26,0
16000,58,14,26,0
16001,58,14,26,0
16002,58,14,26,0
16003,58,14,26,0
16004,58,14,26,0
16005,58,14,26,0
16006,58,14,26,0
16007,58,14,26,0
16008,58,14,26,0
16009,58,14,26,0
16010,58,14,26,0
16011,58,14,26,0
16012,58,14,26,0
16013,58,14,26,0
16014,58,14,26,0
16015,58,14,26,0
16016,58,14,26,0
16017,58,14,26,0
16018,58,14,26,0
16019,58,14,26,0
16020,58,14,26,0
16021,58,14,26,0
16022,58,14,26,0
16023,58,14,26,0
16024,58,14,26,0
16025,58,14,26,0
16026,58,14,26,0
16027,58,14,26,0
16028,58,14,26,0
16029,58,14,26,0
16030,58,14,26,0
16031,58,14,26,0
16032,58,14,26,0
16033,58,14,26,0
16034,58,14,26,0
16035,58,14,26,0
16036,58,14,26,0
16037,58,14,26,0
16038,58,14,26,0
16039,58,14,26,0
16040,58,14,26,0
16041,58,14,26,0
16042,58,14,26,0
16043,58,14,26,0
16044,58,14,26,0
16045,58,14,26,0
16046,58,14,26,0
16047,58,14,26,0
16048,58,14,26,0
16049,58,14,26,0
16050,58,14,26,0
16051,58,14,26,0
16052,58,14,26,0
16053,58,14,26,0
16054,58,14,26,0
16055,58,14,26,0
16056,58,14,26,0
16057,58,14,26,0
16058,58,14,26,0
16059,58,14,26,0
16060,58,14,26,0
16061,58,14,26,0
16062,58,14,26,0
16063,58,14,26,0
16064,58,14,26,0
16065,58,14,26,0
16066,58,14,26,0
16067,58,14,26,0
16068,58,14,26,0
16069,58,14,26,0
16070,58,14,26,0
16071,58,14,26,0
16072,58,14,26,0
16073,58,14,26,0
16074,58,14,26,0
16075,58,14,26,0
16076,58,14,26,0
16077,58,14,26,0
16078,58,14,26,0
16079,58,14,26,0
16080,58,14,26,0
16081,58,14,26,0
16082,58,14,26,0
16083,58,14,26,0
16084,58,14,26,0
16085,58,14,26,0
16086,58,14,26,0
16087,58,14,26,0
16088,58,14,26,0
16089,58,14,26,0
16090,58,14,26,0
16091,58,14,26,0
16092,58,14,26,0
16093,58,14,26,0
16094,58,14,26,0
16095,58,14,26,0
16096,58,14,26,0
16097,58,14,26,0
16098,58,14,26,0
16099,58,14,26,0
16100,58,14,26,0
16101,58,14,26,0
16102,58,14,26,0
16103,58,14,26,0
16104,58,14,26,0
16105,58,14,26,0
16106,58,14,26,0
16107,58,14,26,0
16108,58,14,26,0
16109,58,14,26,0
16110,58,14,26,0
16111,58,14,26,0
16112,58,14,26,0
16113,58,14,26,0
16114,58,14,26,0
16115,58,14,26,0
16116,58,14,26,0
16117,58,14,26,0
16118,58,14,26,0
16119,58,14,26,0
16120,58,14,26,0
16121,58,14,26,0
16122,58,14,26,0
16123,58,14,26,0
16124,58,14,26,0
16125,58,14,26,0
16126,58,14,26,0
16127,58,14,26,0
16128,58,14,26,0
16129,58,14,26,0
16130,58,14,26,0
16131,58,14,26,0
16132,58,14,26,0
16133,58,14,26,0
16134,58,14,26,0
16135,58,14,26,0
16136,58,14,26,0
16137,58,14,26,0
16138,58,14,26,0
16139,58,14,26,0
16140,58,14,26,0
16141,58,14,26,0
16142,58,14,26,0
16143,58,14,26,0
16144,58,14,26,0
16145,58,14,26,0
16146,58,14,26,0
16147,58,14,26,0
16148,58,14,26,0
16149,58,14,26,0
16150,58,14,26,0
16151,58,14,26,0
16152,58,14,26,0
16153,58,14,26,0
16154,58,14,26,0
16155,58,14,26,0
16156,58,14,26,0
16157,58,14,26,0
16158,58,14,26,0
16159,58,14,26,0
16160,58,14,26,0
16161,58,14,26,0
16162,58,14,26,0
16163,58,14,26,0
16164,58,14,26,0
16165,58,14,26,0
16166,58,14,26,0
16167,58,14,26,0
16168,58,14,26,0
16169,58,14,26,0
16170,58,14,26,0
16171,58,14,26,0
16172,58,14,26,0
16173,58,14,26,0
16174,58,14,26,0
16175,58,14,26,0
16176,58,14,26,0
16177,58,14,26,0
16178,58,14,26,0
16179,58,14,26,0
16180,58,14,26,0
16181,58,14,26,0
16182,58,14,26,0
16183,58,14,26,0
16184,58,14,26,0
16185,58,14,26,0
16186,58,14,26,0
16187,58,14,26,0
16188,58,14,26,0
16189,58,14,26,0
16190,58,14,26,0
16191,58,14,26,0
16192,58,14,26,0
16193,58,14,26,0
16194,58,14,26,0
16195,58,14,26,0
16196,58,14,26,0
16197,58,14,26,0
16198,58,14,26,0
16199,58,14,26,0
16200,58,14,26,0
16201,58,14,26,0
16202,58,14,26,0
16203,58,14,26,0
16204,58,14,26,0
16205,58,14,26,0
16206,58,14,26,0
16207,58,14,26,0
16208,58,14,26,0
16209,58,14,26,0
16210,58,14,26,0
16211,58,14,26,0
16212,58,14,26,0
16213,58,14,26,0
16214,58,14,26,0
16215,58,14,26,0
16216,58,14,26,0
16217,58,14,26,0
16218,58,14,26,0
16219,58,14,26,0
16220,58,14,26,0
16221,58,14,26,0
16222,58,14,26,0
16223,58,14,26,0
16224,58,14,26,0
16225,58,14,26,0
16226,58,14,26,0
16227,58,14,26,0
16228,58,14,26,0
16229,58,14,26,0
16230,58,14,26,0
16231,58,14,26,0
16232,58,14,26,0
16233,58,14,26,0
16234,58,14,26,0
16235,58,14,26,0
16236,58,14,26,0
16237,58,14,26,0
16238,58,14,26,0
16239,58,14,26,0
16240,58,14,26,0
16241,58,14,26,0
16242,58,14,26,0
16243,58,14,26,0
16244,58,14,26,0
16245,58,14,26,0
16246,58,14,26,0
16247,58,14,26,0
16248,58,14,26,0
16249,58,14,26,0
16250,58,14,26,0
16251,58,14,26,0
16252,58,14,26,0
16253,58,14,26,0
16254,58,14,26,0
16255,58,14,26,0
16256,58,14,26,0
16257,58,14,26,0
16258,58,14,26,0
16259,58,14,26,0
16260,58,14,26,0
16261,58,14,26,0
16262,58,14,26,0
16263,58,14,26,0
16264,58,14,26,0
16265,58,14,26,0
16266,58,14,26,0
16267,58,14,26,0
16268,58,14,26,0
16269,58,14,26,0
16270,58,14,26,0
16271,58,14,26,0
16272,58,14,26,0
16273,58,14,26,0
16274,58,14,26,0
16275,58,14,26,0
16276,58,14,26,0
16277,58,14,26,0
16278,58,14,26,0
16279,58,14,26,0
16280,58,14,26,0
16281,58,14,26,0
16282,58,14,26,0
16283,58,14,26,0
16284,58,14,26,0
16285,58,14,26,0
16286,58,14,26,0
16287,58,14,26,0
16288,58,14,26,0
16289,58,14,26,0
16290,58,14,26,0
16291,58,14,26,0
16292,58,14,26,0
16293,58,14,26,0
16294,58,14,26,0
16295,58,14,26,0
16296,58,14,26,0
16297,58,14,26,0
16298,58,14,26,0
16299,58,14,26,0
16300,58,14,26,0
16301,58,14,26,0
16302,58,14,26,0
16303,58,14,26,0
16304,58,14,26,0
16305,58,14,26,0
16306,58,14,26,0
16307,58,14,26,0
16308,58,14,26,0
16309,58,14,26,0
16310,58,14,26,0
16311,58,14,26,0
16312,58,14,26,0
16313,58,14,26,0
16314,58,14,26,0
16315,58,14,26,0
16316,58,14,26,0
16317,58,14,26,0
16318,58,14,26,0
16319,58,14,26,0
16320,58,14,26,0
16321,58,14,26,0
16322,58,14,26,0
16323,58,14,26,0
16324,58,14,26,0
16325,58,14,26,0
16326,58,14,26,0
16327,58,14,26,0
16328,58,14,26,0
16329,58,14,26,0
16330,58,14,26,0
16331,58,14,26,0
16332,58,14,26,0
16333,58,14,26,0
16334,58,14,26,0
16335,58,14,26,0
16336,58,14,26,0
16337,58,14,26,0
16338,58,14,26,0
16339,58,14,26,0
16340,58,14,26,0
16341,58,14,26,0
16342,58,14,26,0
16343,58,14,26,0
16344,58,14,26,0
16345,58,14,26,0
16346,58,14,26,0
16347,58,14,26,0
16348,58,14,26,0
16349,58,14,26,0
16350,58,14,26,0
16351,58,14,26,0
16352,58,14,26,0
16353,58,14,26,0
16354,58,14,26,0
16355,58,14,26,0
16356,58,14,26,0
16357,58,14,26,0
16358,58,14,26,0
16359,58,14,26,0
16360,58,14,26,0
16361,58,14,26,0
16362,58,14,26,0
16363,58,14,26,0
16364,58,14,26,0
16365,58,14,26,0
16366,58,14,26,0
16367,58,14,26,0
16368,58,14,26,0
16369,58,14,26,0
16370,58,14,26,0
16371,58,14,26,0
16372,58,14,26,0
16373,58,14,26,0
16374,58,14,26,0
16375,58,14,26,0
16376,58,14,26,0
16377,58,14,26,0
16378,58,14,26,0
16379,58,14,26,0
16380,58,14,26,0
16381,58,14,26,0
16382,58,14,26,0
16383,58,14,26,0
16384,58,14,26,0
16385,58,14,26,0
16386,58,14,26,0
16387,58,14,26,0
16388,58,14,26,0
16389,58,14,26,0
16390,58,14,26,0
16391,58,14,26,0
16392,58,14,26,0
16393,58,14,26,0
16394,58,14,26,0
16395,58,14,26,0
16396,58,14,26,0
16397,58,14,26,0
16398,58,14,26,0
16399,58,14,26,0
16400,58,14,26,0
16401,58,14,26,0
16402,58,14,26,0
16403,58,14,26,0
16404,58,14,26,0
16405,58,14,26,0
16406,58,14,26,0
16407,58,14,26,0
16408,58,14,26,0
16409,58,14,26,0
16410,58,14,26,0
16411,58,14,26,0
16412,58,14,26,0
16413,58,14,26,0
16414,58,14,26,0
16415,58,14,26,0
16416,58,14,26,0
16417,58,14,26,0
16418,58,14,26,0
16419,58,14,26,0
16420,58,14,26,0
16421,58,14,26,0
16422,58,14,26,0
16423,58,14,26,0
16424,58,14,26,0
16425,58,14,26,0
16426,58,14,26,0
16427,58,14,26,0
16428,58,14,26,0
16429,58,14,26,0
16430,58,14,26,0
16431,58,14,26,0
16432,58,14,26,0
16433,58,14,26,0
16434,58,14,26,0
16435,58,14,26,0
16436,58,14,26,0
16437,58,14,26,0
16438,58,14,26,0
16439,58,14,26,0
16440,58,14,26,0
16441,58,14,26,0
16442,58,14,26,0
16443,58,14,26,0
16444,58,14,26,0
16445,58,14,26,0
16446,58,14,26,0
16447,58,14,26,0
16448,58,14,26,0
16449,58,14,26,0
16450,58,14,26,0
16451,58,14,26,0
16452,58,14,26,0
16453,58,14,26,0
16454,58,14,26,0
16455,58,14,26,0
16456,58,14,26,0
16457,58,14,26,0
16458,58,14,26,0
16459,58,14,26,0
16460,58,14,26,0
16461,58,14,26,0
16462,58,14,26,0
16463,58,14,26,0
16464,58,14,26,0
16465,58,14,26,0
16466,58,14,26,0
16467,58,14,26,0
16468,58,14,26,0
16469,58,14,26,0
16470,58,14,26,0
16471,58,14,26,0
16472,58,14,26,0
16473,58,14,26,0
16474,58,14,26,0
16475,58,14,26,0
16476,58,14,26,0
16477,58,14,26,0
16478,58,14,26,0
16479,58,14,26,0
16480,58,14,26,0
16481,58,14,26,0
16482,58,14,26,0
16483,58,14,26,0
16484,58,14,26,0
16485,58,14,26,0
16486,58,14,26,0
16487,58,14,26,0
16488,58,14,26,0
16489,58,14,26,0
16490,58,14,26,0
16491,58,14,26,0
16492,58,14,26,0
16493,58,14,26,0
16494,58,14,26,0
16495,58,14,26,0
16496,58,14,26,0
16497,58,14,26,0
16498,58,14,26,0
16499,58,14,26,0
16500,58,14,26,0
16501,58,14,26,0
16502,58,14,26,0
16503,58,14,26,0
16504,58,14,26,0
16505,58,14,26,0
16506,58,14,26,0
16507,58,14,26,0
16508,58,14,26,0
16509,58,14,26,0
16510,58,14,26,0
16511,58,14,26,0
16512,58,14,26,0
16513,58,14,26,0
16514,58,14,26,0
16515,58,14,26,0
16516,58,14,26,0
16517,58,14,26,0
16518,58,14,26,0
16519,58,14,26,0
16520,58,14,26,0
16521,58,14,26,0
16522,58,14,26,0
16523,58,14,26,0
16524,58,14,26,0
16525,58,14,26,0
16526,58,14,26,0
16527,58,14,26,0
16528,58,14,26,0
16529,58,14,26,0
16530,58,14,26,0
16531,58,14,26,0
16532,58,14,26,0
16533,58,14,26,0
16534,58,14,26,0
16535,58,14,26,0
16536,58,14,26,0
16537,58,14,26,0
16538,58,14,26,0
16539,58,14,26,0
16540,58,14,26,0
16541,58,14,26,0
16542,58,14,26,0
16543,58,14,26,0
16544,58,14,26,0
16545,58,14,26,0
16546,58,14,26,0
16547,58,14,26,0
16548,58,14,26,0
16549,58,14,26,0
16550,58,14,26,0
16551,58,14,26,0
16552,58,14,26,0
16553,58,14,26,0
16554,58,14,26,0
16555,58,14,26,0
16556,58,14,26,0
16557,58,14,26,0
16558,58,14,26,0
16559,58,14,26,0
16560,58,14,26,0
16561,58,14,26,0
16562,58,14,26,0
16563,58,14,26,0
16564,58,14,26,0
16565,58,14,26,0
16566,58,14,26,0
16567,58,14,26,0
16568,58,14,26,0
16569,58,14,26,0
16570,58,14,26,0
16571,58,14,26,0
16572,58,14,26,0
16573,58,14,26,0
16574,58,14,26,0
16575,58,14,26,0
16576,58,14,26,0
16577,58,14,26,0
16578,58,14,26,0
16579,58,14,26,0
16580,58,14,26,0
16581,58,14,26,0
16582,58,14,26,0
16583,58,14,26,0
16584,58,14,26,0
16585,58,14,26,0
16586,58,14,26,0
16587,58,14,26,0
16588,58,14,26,0
16589,58,14,26,0
16590,58,14,26,0
16591,58,14,26,0
16592,58,14,26,0
16593,58,14,26,0
16594,58,14,26,0
16595,58,14,26,0
16596,58,14,26,0
16597,58,14,26,0
16598,58,14,26,0
16599,58,14,26,0
16600,58,14,26,0
16601,58,14,26,0
16602,58,14,26,0
16603,58,14,26,0
16604,58,14,26,0
16605,58,14,26,0
16606,58,14,26,0
16607,58,14,26,0
16608,58,14,26,0
16609,58,14,26,0
16610,58,14,26,0
16611,58,14,26,0
16612,58,14,26,0
16613,58,14,26,0
16614,58,14,26,0
16615,58,14,26,0
16616,58,14,26,0
16617,58,14,26,0
16618,58,14,26,0
16619,58,14,26,0
16620,58,14,26,0
16621,58,14,26,0
16622,58,14,26,0
16623,58,14,26,0
16624,58,14,26,0
16625,58,14,26,0
16626,58,14,26,0
16627,58,14,26,0
16628,58,14,26,0
16629,58,14,26,0
16630,58,14,26,0
16631,58,14,26,0
16632,58,14,26,0
16633,58,14,26,0
16634,58,14,26,0
16635,58,14,26,0
16636,58,14,26,0
16637,58,14,26,0
16638,58,14,26,0
16639,58,14,26,0
16640,58,14,26,0
16641,58,14,26,0
16642,58,14,26,0
16643,58,14,26,0
16644,58,14,26,0
16645,58,14,26,0
16646,58,14,26,0
16647,58,14,26,0
16648,58,14,26,0
16649,58,14,26,0
16650,58,14,26,0
16651,58,14,26,0
16652,58,14,26,0
16653,58,14,26,0
16654,58,14,26,0
16655,58,14,26,0
16656,58,14,26,0
16657,58,14,26,0
16658,58,14,26,0
16659,58,14,26,0
16660,58,14,26,0
16661,58,14,26,0
16662,58,14,26,0
16663,58,14,26,0
16664,58,14,26,0
16665,58,14,26,0
16666,58,14,26,0
16667,58,14,26,0
16668,58,14,26,0
16669,58,14,26,0
16670,58,14,26,0
16671,58,14,26,0
16672,58,14,26,0
16673,58,14,26,0
16674,58,14,26,0
16675,58,14,26,0
16676,58,14,26,0
16677,58,14,26,0
16678,58,14,26,0
16679,58,14,26,0
16680,58,14,26,0
16681,58,14,26,0
16682,58,14,26,0
16683,58,14,26,0
16684,58,14,26,0
16685,58,14,26,0
16686,58,14,26,0
16687,58,14,26,0
16688,58,14,26,0
16689,58,14,26,0
16690,58,14,26,0
16691,58,14,26,0
16692,58,14,26,0
16693,58,14,26,0
16694,58,14,26,0
16695,58,14,26,0
16696,58,14,26,0
16697,58,14,26,0
16698,58,14,26,0
16699,58,14,26,0
16700,58,14,26,0
16701,58,14,26,0
16702,58,14,26,0
16703,58,14,26,0
16704,58,14,26,0
16705,58,14,26,0
16706,58,14,26,0
16707,58,14,26,0
16708,58,14,26,0
16709,58,14,26,0
16710,58,14,26,0
16711,58,14,26,0
16712,58,14,26,0
16713,58,14,26,0
16714,58,14,26,0
16715,58,14,26,0
16716,58,14,26,0
16717,58,14,26,0
16718,58,14,26,0
16719,58,14,26,0
16720,58,14,26,0
16721,58,14,26,0
16722,58,14,26,0
16723,58,14,26,0
16724,58,14,26,0
16725,58,14,26,0
16726,58,14,26,0
16727,58,14,26,0
16728,58,14,26,0
16729,58,14,26,0
16730,58,14,26,0
16731,58,14,26,0
16732,58,14,26,0
16733,58,14,26,0
16734,58,14,26,0
16735,58,14,26,0
16736,58,14,26,0
16737,58,14,26,0
16738,58,14,26,0
16739,58,14,26,0
16740,58,14,26,0
16741,58,14,26,0
16742,58,14,26,0
16743,58,14,26,0
16744,58,14,26,0
16745,58,14,26,0
16746,58,14,26,0
16747,58,14,26,0
16748,58,14,26,0
16749,58,14,26,0
16750,58,14,26,0
16751,58,14,26,0
16752,58,14,26,0
16753,58,14,26,0
16754,58,14,26,0
16755,58,14,26,0
16756,58,14,26,0
16757,58,14,26,0
16758,58,14,26,0
16759,58,14,26,0
16760,58,14,26,0
16761,58,14,26,0
16762,58,14,26,0
16763,58,14,26,0
16764,58,14,26,0
16765,58,14,26,0
16766,58,14,26,0
16767,58,14,26,0
16768,58,14,26,0
16769,58,14,26,0
16770,58,14,26,0
16771,58,14,26,0
16772,58,14,26,0
16773,58,14,26,0
16774,58,14,26,0
16775,58,14,26,0
16776,58,14,26,0
16777,58,14,26,0
16778,58,14,26,0
16779,58,14,26,0
16780,58,14,26,0
16781,58,14,26,0
16782,58,14,26,0
16783,58,14,26,0
16784,58,14,26,0
16785,58,14,26,0
16786,58,14,26,0
16787,58,14,26,0
16788,58,14,26,0
16789,58,14,26,0
16790,58,14,26,0
16791,58,14,26,0
16792,58,14,26,0
16793,58,14,26,0
16794,58,14,26,0
16795,58,14,26,0
16796,58,14,26,0
16797,58,14,26,0
16798,58,14,26,0
16799,58,14,26,0
16800,58,14,26,0
16801,58,14,26,0
16802,58,14,26,0
16803,58,14,26,0
16804,58,14,26,0
16805,58,14,26,0
16806,58,14,26,0
16807,58,14,26,0
16808,58,14,26,0
16809,58,14,26,0
16810,58,14,26,0
16811,58,14,26,0
16812,58,14,26,0
16813,58,14,26,0
16814,58,14,26,0
16815,58,14,26,0
16816,58,14,26,0
16817,58,14,26,0
16818,58,14,26,0
16819,58,14,26,0
16820,58,14,26,0
16821,58,14,26,0
16822,58,14,26,0
16823,58,14,26,0
16824,58,14,26,0
16825,58,14,26,0
16826,58,14,26,0
16827,58,14,26,0
16828,58,14,26,0
16829,58,14,26,0
16830,58,14,26,0
16831,58,14,26,0
16832,58,14,26,0
16833,58,14,26,0
16834,58,14,26,0
16835,58,14,26,0
16836,58,14,26,0
16837,58,14,26,0
16838,58,14,26,0
16839,58,14,26,0
16840,58,14,26,0
16841,58,14,26,0
16842,58,14,26,0
16843,58,14,26,0
16844,58,14,26,0
16845,58,14,26,0
16846,58,14,26,0
16847,58,14,26,0
16848,58,14,26,0
16849,58,14,26,0
16850,58,14,26,0
16851,58,14,26,0
16852,58,14,26,0
16853,58,14,26,0
16854,58,14,26,0
16855,58,14,26,0
16856,58,14,26,0
16857,58,14,26,0
16858,58,14,26,0
16859,58,14,26,0
16860,58,14,26,0
16861,58,14,26,0
16862,58,14,26,0
16863,58,14,26,0
16864,58,14,26,0
16865,58,14,26,0
16866,58,14,26,0
16867,58,14,26,0
16868,58,14,26,0
16869,58,14,26,0
16870,58,14,26,0
16871,58,14,26,0
16872,58,14,26,0
16873,58,14,26,0
16874,58,14,26,0
16875,58,14,26,0
16876,58,14,26,0
16877,58,14,26,0
16878,58,14,26,0
16879,58,14,26,0
16880,58,14,26,0
16881,58,14,26,0
16882,58,14,26,0
16883,58,14,26,0
16884,58,14,26,0
16885,58,14,26,0
16886,58,14,26,0
16887,58,14,26,0
16888,58,14,26,0
16889,58,14,26,0
16890,58,14,26,0
16891,58,14,26,0
16892,58,14,26,0
16893,58,14,26,0
16894,58,14,26,0
16895,58,14,26,0
16896,58,14,26,0
16897,58,14,26,0
16898,58,14,26,0
16899,58,14,26,0
16900,58,14,26,0
16901,58,14,26,0
16902,58,14,26,0
16903,58,14,26,0
16904,58,14,26,0
16905,58,14,26,0
16906,58,14,26,0
16907,58,14,26,0
16908,58,14,26,0
16909,58,14,26,0
16910,58,14,26,0
16911,58,14,26,0
16912,58,14,26,0
16913,58,14,26,0
16914,58,14,26,0
16915,58,14,26,0
16916,58,14,26,0
16917,58,14,26,0
16918,58,14,26,0
16919,58,14,26,0
16920,58,14,26,0
16921,58,14,26,0
16922,58,14,26,0
16923,58,14,26,0
16924,58,14,26,0
16925,58,14,26,0
16926,58,14,26,0
16927,58,14,26,0
16928,58,14,26,0
16929,58,14,26,0
16930,58,14,26,0
16931,58,14,26,0
16932,58,14,26,0
16933,58,14,26,0
16934,58,14,26,0
16935,58,14,26,0
16936,58,14,26,0
16937,58,14,26,0
16938,58,14,26,0
16939,58,14,26,0
16940,58,14,26,0
16941,58,14,26,0
16942,58,14,26,0
16943,58,14,26,0
16944,58,14,26,0
16945,58,14,26,0
16946,58,14,26,0
16947,58,14,26,0
16948,58,14,26,0
16949,58,14,26,0
16950,58,14,26,0
16951,58,14,26,0
16952,58,14,26,0
16953,58,14,26,0
16954,58,14,26,0
16955,58,14,26,0
16956,58,14,26,0
16957,58,14,26,0
16958,58,14,26,0
16959,58,14,26,0
16960,58,14,26,0
16961,58,14,26,0
16962,58,14,26,0
16963,58,14,26,0
16964,58,14,26,0
16965,58,14,26,0
16966,58,14,26,0
16967,58,14,26,0
16968,58,14,26,0
16969,58,14,26,0
16970,58,14,26,0
16971,58,14,26,0
16972,58,14,26,0
16973,58,14,26,0
16974,58,14,26,0
16975,58,14,26,0
16976,58,14,26,0
16977,58,14,26,0
16978,58,14,26,0
16979,58,14,26,0
16980,58,14,26,0
16981,58,14,26,0
16982,58,14,26,0
16983,58,14,26,0
16984,58,14,26,0
16985,58,14,26,0
16986,58,14,26,0
16987,58,14,26,0
16988,58,14,26,0
16989,58,14,26,0
16990,58,14,26,0
16991,58,14,26,0
16992,58,14,26,0
16993,58,14,26,0
16994,58,14,26,0
16995,58,14,26,0
16996,58,14,26,0
16997,58,14,26,0
16998,58,14,26,0
16999,58,14,26,0
17000,58,14,26,0
17001,58,14,26,0
17002,58,14,26,0
17003,58,14,26,0
17004,58,14,26,0
17005,58,14,26,0
17006,58,14,26,0
17007,58,14,26,0
17008,58,14,26,0
17009,58,14,26,0
17010,58,14,26,0
17011,58,14,26,0
17012,58,14,26,0
17013,58,14,26,0
17014,58,14,26,0
17015,58,14,26,0
17016,58,14,26,0
17017,58,14,26,0
17018,58,14,26,0
17019,58,14,26,0
17020,58,14,26,0
17021,58,14,26,0
17022,58,14,26,0
17023,58,14,26,0
17024,58,14,26,0
17025,58,14,26,0
17026,58,14,26,0
17027,58,14,26,0
17028,58,14,26,0
17029,58,14,26,0
17030,58,14,26,0
17031,58,14,26,0
17032,58,14,26,0
17033,58,14,26,0
17034,58,14,26,0
17035,58,14,26,0
17036,58,14,26,0
17037,58,14,26,0
17038,58,14,26,0
17039,58,14,26,0
17040,58,14,26,0
17041,58,14,26,0
17042,58,14,26,0
17043,58,14,26,0
17044,58,14,26,0
17045,58,14,26,0
17046,58,14,26,0
17047,58,14,26,0
17048,58,14,26,0
17049,58,14,26,0
17050,58,14,26,0
17051,58,14,26,0
17052,58,14,26,0
17053,58,14,26,0
17054,58,14,26,0
17055,58,14,26,0
17056,58,14,26,0
17057,58,14,26,0
17058,58,14,26,0
17059,58,14,26,0
17060,58,14,26,0
17061,58,14,26,0
17062,58,14,26,0
17063,58,14,26,0
17064,58,14,26,0
17065,58,14,26,0
17066,58,14,26,0
17067,58,14,26,0
17068,58,14,26,0
17069,58,14,26,0
17070,58,14,26,0
17071,58,14,26,0
17072,58,14,26,0
17073,58,14,26,0
17074,58,14,26,0
17075,58,14,26,0
17076,58,14,26,0
17077,58,14,26,0
17078,58,14,26,0
17079,58,14,26,0
17080,58,14,26,0
17081,58,14,26,0
17082,58,14,26,0
17083,58,14,26,0
17084,58,14,26,0
17085,58,14,26,0
17086,58,14,26,0
17087,58,14,26,0
17088,58,14,26,0
17089,58,14,26,0
17090,58,14,26,0
17091,58,14,26,0
17092,58,14,26,0
17093,58,14,26,0
17094,58,14,26,0
17095,58,14,26,0
17096,58,14,26,0
17097,58,14,26,0
17098,58,14,26,0
17099,58,14,26,0
17100,58,14,26,0
17101,58,14,26,0
17102,58,14,26,0
17103,58,14,26,0
17104,58,14,26,0
17105,58,14,26,0
17106,58,14,26,0
17107,58,14,26,0
17108,58,14,26,0
17109,58,14,26,0
17110,58,14,26,0
17111,58,14,26,0
17112,58,14,26,0
17113,58,14,26,0
17114,58,14,26,0
17115,58,14,26,0
17116,58,14,26,0
17117,58,14,26,0
17118,58,14,26,0
17119,58,14,26,0
17120,58,14,26,0
17121,58,14,26,0
17122,58,14,26,0
17123,58,14,26,0
17124,58,14,26,0
17125,58,14,26,0
17126,58,14,26,0
17127,58,14,26,0
17128,58,14,26,0
17129,58,14,26,0
17130,58,14,26,0
17131,58,14,26,0
17132,58,14,26,0
17133,58,14,26,0
17134,58,14,26,0
17135,58,14,26,0
17136,58,14,26,0
17137,58,14,26,0
17138,58,14,26,0
17139,58,14,26,0
17140,58,14,26,0
17141,58,14,26,0
17142,58,14,26,0
17143,58,14,26,0
17144,58,14,26,0
17145,58,14,26,0
17146,58,14,26,0
17147,58,14,26,0
17148,58,14,26,0
17149,58,14,26,0
17150,58,14,26,0
17151,58,14,26,0
17152,58,14,26,0
17153,58,14,26,0
17154,58,14,26,0
17155,58,14,26,0
17156,58,14,26,0
17157,58,14,26,0
17158,58,14,26,0
17159,58,14,26,0
17160,58,14,26,0
17161,58,14,26,0
17162,58,14,26,0
17163,58,14,26,0
17164,58,14,26,0
17165,58,14,26,0
17166,58,14,26,0
17167,58,14,26,0
17168,58,14,26,0
17169,58,14,26,0
17170,58,14,26,0
17171,58,14,26,0
17172,58,14,26,0
17173,58,14,26,0
17174,58,14,26,0
17175,58,14,26,0
17176,58,14,26,0
17177,58,14,26,0
17178,58,14,26,0
17179,58,14,26,0
17180,58,14,26,0
17181,58,14,26,0
17182,58,14,26,0
17183,58,14,26,0
17184,58,14,26,0
17185,58,14,26,0
17186,58,14,26,0
17187,58,14,26,0
17188,58,14,26,0
17189,58,14,26,0
17190,58,14,26,0
17191,58,14,26,0
17192,58,14,26,0
17193,58,14,26,0
17194,58,14,26,0
17195,58,14,26,0
17196,58,14,26,0
17197,58,14,26,0
17198,58,14,26,0
17199,58,14,26,0
17200,58,14,26,0
17201,58,14,26,0
17202,58,14,26,0
17203,58,14,26,0
17204,58,14,26,0
17205,58,14,26,0
17206,58,14,26,0
17207,58,14,26,0
17208,58,14,26,0
17209,58,14,26,0
17210,58,14,26,0
17211,58,14,26,0
17212,58,14,26,0
17213,58,14,26,0
17214,58,14,26,0
17215,58,14,26,0
17216,58,14,26,0
17217,58,14,26,0
17218,58,14,26,0
17219,58,14,26,0
17220,58,14,26,0
17221,58,14,26,0
17222,58,14,26,0
17223,58,14,26,0
17224,58,14,26,0
17225,58,14,26,0
17226,58,14,26,0
17227,58,14,26,0
17228,58,14,26,0
17229,58,14,26,0
17230,58,14,26,0
17231,58,14,26,0
17232,58,14,26,0
17233,58,14,26,0
17234,58,14,26,0
17235,58,14,26,0
17236,58,14,26,0
17237,58,14,26,0
17238,58,14,26,0
17239,58,14,26,0
17240,58,14,26,0
17241,58,14,26,0
17242,58,14,26,0
17243,58,14,26,0
17244,58,14,26,0
17245,58,14,26,0
17246,58,14,26,0
17247,58,14,26,0
17248,58,14,26,0
17249,58,14,26,0
17250,58,14,26,0
17251,58,14,26,0
17252,58,14,26,0
17253,58,14,26,0
17254,58,14,26,0
17255,58,14,26,0
17256,58,14,26,0
17257,58,14,26,0
17258,58,14,26,0
17259,58,14,26,0
17260,58,14,26,0
17261,58,14,26,0
17262,58,14,26,0
17263,58,14,26,0
17264,58,14,26,0
17265,58,14,26,0
17266,58,14,26,0
17267,58,14,26,0
17268,58,14,26,0
17269,58,14,26,0
17270,58,14,26,0
17271,58,14,26,0
17272,58,14,26,0
17273,58,14,26,0
17274,58,14,26,0
17275,58,14,26,0
17276,58,14,26,0
17277,58,14,26,0
17278,58,14,26,0
17279,58,14,26,0
17280,58,14,26,0
17281,58,14,26,0
17282,58,14,26,0
17283,58,14,26,0
17284,58,14,26,0
17285,58,14,26,0
17286,58,14,26,0
17287,58,14,26,0
17288,58,14,26,0
17289,58,14,26,0
17290,58,14,26,0
17291,58,14,26,0
17292,58,14,26,0
17293,58,14,26,0
17294,58,14,26,0
17295,58,14,26,0
17296,58,14,26,0
17297,58,14,26,0
17298,58,14,26,0
17299,58,14,26,0
17300,58,14,26,0
17301,58,14,26,0
17302,58,14,26,0
17303,58,14,26,0
17304,58,14,26,0
17305,58,14,26,0
17306,58,14,26,0
17307,58,14,26,0
17308,58,14,26,0
17309,58,14,26,0
17310,58,14,26,0
17311,58,14,26,0
17312,58,14,26,0
17313,58,14,26,0
17314,58,14,26,0
17315,58,14,26,0
17316,58,14,26,0
17317,58,14,26,0
17318,58,14,26,0
17319,58,14,26,0
17320,58,14,26,0
17321,58,14,26,0
17322,58,14,26,0
17323,58,14,26,0
17324,58,14,26,0
17325,58,14,26,0
17326,58,14,26,0
17327,58,14,26,0
17328,58,14,26,0
17329,58,14,26,0
17330,58,14,26,0
17331,58,14,26,0
17332,58,14,26,0
17333,58,14,26,0
17334,58,14,26,0
17335,58,14,26,0
17336,58,14,26,0
17337,58,14,26,0
17338,58,14,26,0
17339,58,14,26,0
17340,58,14,26,0
17341,58,14,26,0
17342,58,14,26,0
17343,58,14,26,0
17344,58,14,26,0
17345,58,14,26,0
17346,58,14,26,0
17347,58,14,26,0
17348,58,14,26,0
17349,58,14,26,0
17350,58,14,26,0
17351,58,14,26,0
17352,58,14,26,0
17353,58,14,26,0
17354,58,14,26,0
17355,58,14,26,0
17356,58,14,26,0
17357,58,14,26,0
17358,58,14,26,0
17359,58,14,26,0
17360,58,14,26,0
17361,58,14,26,0
17362,58,14,26,0
17363,58,14,26,0
17364,58,14,26,0
17365,58,14,26,0
17366,58,14,26,0
17367,58,14,26,0
17368,58,14,26,0
17369,58,14,26,0
17370,58,14,26,0
17371,58,14,26,0
17372,58,14,26,0
17373,58,14,26,0
17374,58,14,26,0
17375,58,14,26,0
17376,58,14,26,0
17377,58,14,26,0
17378,58,14,26,0
17379,58,14,26,0
17380,58,14,26,0
17381,58,14,26,0
17382,58,14,26,0
17383,58,14,26,0
17384,58,14,26,0
17385,58,14,26,0
17386,58,14,26,0
17387,58,14,26,0
17388,58,14,26,0
17389,58,14,26,0
17390,58,14,26,0
17391,58,14,26,0
17392,58,14,26,0
17393,58,14,26,0
17394,58,14,26,0
17395,58,14,26,0
17396,58,14,26,0
17397,58,14,26,0
17398,58,14,26,0
17399,58,14,26,0
17400,58,14,26,0
17401,58,14,26,0
17402,58,14,26,0
17403,58,14,26,0
17404,58,14,26,0
17405,58,14,26,0
17406,58,14,26,0
17407,58,14,26,0
17408,58,14,26,0
17409,58,14,26,0
17410,58,14,26,0
17411,58,14,26,0
17412,58,14,26,0
17413,58,14,26,0
17414,58,14,26,0
17415,58,14,26,0
17416,58,14,26,0
17417,58,14,26,0
17418,58,14,26,0
17419,58,14,26,0
17420,58,14,26,0
17421,58,14,26,0
17422,58,14,26,0
17423,58,14,26,0
17424,58,14,26,0
17425,58,14,26,0
17426,58,14,26,0
17427,58,14,26,0
17428,58,14,26,0
17429,58,14,26,0
17430,58,14,26,0
17431,58,14,26,0
17432,58,14,26,0
17433,58,14,26,0
17434,58,14,26,0
17435,58,14,26,0
17436,58,14,26,0
17437,58,14,26,0
17438,58,14,26,0
17439,58,14,26,0
17440,58,14,26,0
17441,58,14,26,0
17442,58,14,26,0
17443,58,14,26,0
17444,58,14,26,0
17445,58,14,26,0
17446,58,14,26,0
17447,58,14,26,0
17448,58,14,26,0
17449,58,14,26,0
17450,58,14,26,0
17451,58,14,26,0
17452,58,14,26,0
17453,58,14,26,0
17454,58,14,26,0
17455,58,14,26,0
17456,58,14,26,0
17457,58,14,26,0
17458,58,14,26,0
17459,58,14,26,0
17460,58,14,26,0
17461,58,14,26,0
17462,58,14,26,0
17463,58,14,26,0
17464,58,14,26,0
17465,58,14,26,0
17466,58,14,26,0
17467,58,14,26,0
17468,58,14,26,0
17469,58,14,26,0
17470,58,14,26,0
17471,58,14,26,0
17472,58,14,26,0
17473,58,14,26,0
17474,58,14,26,0
17475,58,14,26,0
17476,58,14,26,0
17477,58,14,26,0
17478,58,14,26,0
17479,58,14,26,0
17480,58,14,26,0
17481,58,14,26,0
17482,58,14,26,0
17483,58,14,26,0
17484,58,14,26,0
17485,58,14,26,0
17486,58,14,26,0
17487,58,14,26,0
17488,58,14,26,0
17489,58,14,26,0
17490,58,14,26,0
17491,58,14,26,0
17492,58,14,26,0
17493,58,14,26,0
17494,58,14,26,0
17495,58,14,26,0
17496,58,14,26,0
17497,58,14,26,0
17498,58,14,26,0
17499,58,14,26,0
17500,58,14,26,0
17501,58,14,26,0
17502,58,14,26,0
17503,58,14,26,0
17504,58,14,26,0
17505,58,14,26,0
17506,58,14,26,0
17507,58,14,26,0
17508,58,14,26,0
17509,58,14,26,0
17510,58,14,26,0
17511,58,14,26,0
17512,58,14,26,0
17513,58,14,26,0
17514,58,14,26,0
17515,58,14,26,0
17516,58,14,26,0
17517,58,14,26,0
17518,58,14,26,0
17519,58,14,26,0
17520,58,14,26,0
17521,58,14,26,0
17522,58,14,26,0
17523,58,14,26,0
17524,58,14,26,0
17525,58,14,26,0
17526,58,14,26,0
17527,58,14,26,0
17528,58,14,26,0
17529,58,14,26,0
17530,58,14,26,0
17531,58,14,26,0
17532,58,14,26,0
17533,58,14,26,0
17534,58,14,26,0
17535,58,14,26,0
17536,58,14,26,0
17537,58,14,26,0
17538,58,14,26,0
17539,58,14,26,0
17540,58,14,26,0
17541,58,14,26,0
17542,58,14,26,0
17543,58,14,26,0
17544,58,14,26,0
17545,58,14,26,0
17546,58,14,26,0
17547,58,14,26,0
17548,58,14,26,0
17549,58,14,26,0
17550,58,14,26,0
17551,58,14,26,0
17552,58,14,26,0
17553,58,14,26,0
17554,58,14,26,0
17555,58,14,26,0
17556,58,14,26,0
17557,58,14,26,0
17558,58,14,26,0
17559,58,14,26,0
17560,58,14,26,0
17561,58,14,26,0
17562,58,14,26,0
17563,58,14,26,0
17564,58,14,26,0
17565,58,14,26,0
17566,58,14,26,0
17567,58,14,26,0
17568,58,14,26,0
17569,58,14,26,0
17570,58,14,26,0
17571,58,14,26,0
17572,58,14,26,0
17573,58,14,26,0
17574,58,14,26,0
17575,58,14,26,0
17576,58,14,26,0
17577,58,14,26,0
17578,58,14,26,0
17579,58,14,26,0
17580,58,14,26,0
17581,58,14,26,0
17582,58,14,26,0
17583,58,14,26,0
17584,58,14,26,0
17585,58,14,26,0
17586,58,14,26,0
17587,58,14,26,0
17588,58,14,26,0
17589,58,14,26,0
17590,58,14,26,0
17591,58,14,26,0
17592,58,14,26,0
17593,58,14,26,0
17594,58,14,26,0
17595,58,14,26,0
17596,58,14,26,0
17597,58,14,26,0
17598,58,14,26,0
17599,58,14,26,0
17600,58,14,26,0
17601,58,14,26,0
17602,58,14,26,0
17603,58,14,26,0
17604,58,14,26,0
17605,58,14,26,0
17606,58,14,26,0
17607,58,14,26,0
17608,58,14,26,0
17609,58,14,26,0
17610,58,14,26,0
17611,58,14,26,0
17612,58,14,26,0
17613,58,14,26,0
17614,58,14,26,0
17615,58,14,26,0
17616,58,14,26,0
17617,58,14,26,0
17618,58,14,26,0
17619,58,14,26,0
17620,58,14,26,0
17621,58,14,26,0
17622,58,14,26,0
17623,58,14,26,0
17624,58,14,26,0
17625,58,14,26,0
17626,58,14,26,0
17627,58,14,26,0
17628,58,14,26,0
17629,58,14,26,0
17630,58,14,26,0
17631,58,14,26,0
17632,58,14,26,0
17633,58,14,26,0
17634,58,14,26,0
17635,58,14,26,0
17636,58,14,26,0
17637,58,14,26,0
17638,58,14,26,0
17639,58,14,26,0
17640,58,14,26,0
17641,58,14,26,0
17642,58,14,26,0
17643,58,14,26,0
17644,58,14,26,0
17645,58,14,26,0
17646,58,14,26,0
17647,58,14,26,0
17648,58,14,26,0
17649,58,14,26,0
17650,58,14,26,0
17651,58,14,26,0
17652,58,14,26,0
17653,58,14,26,0
17654,58,14,26,0
17655,58,14,26,0
17656,58,14,26,0
17657,58,14,26,0
17658,58,14,26,0
17659,58,14,26,0
17660,58,14,26,0
17661,58,14,26,0
17662,58,14,26,0
17663,58,14,26,0
17664,58,14,26,0
17665,58,14,26,0
17666,58,14,26,0
17667,58,14,26,0
17668,58,14,26,0
17669,58,14,26,0
17670,58,14,26,0
17671,58,14,26,0
17672,58,14,26,0
17673,58,14,26,0
17674,58,14,26,0
17675,58,14,26,0
17676,58,14,26,0
17677,58,14,26,0
17678,58,14,26,0
17679,58,14,26,0
17680,58,14,26,0
17681,58,14,26,0
17682,58,14,26,0
17683,58,14,26,0
17684,58,14,26,0
17685,58,14,26,0
17686,58,14,26,0
17687,58,14,26,0
17688,58,14,26,0
17689,58,14,26,0
17690,58,14,26,0
17691,58,14,26,0
17692,58,14,26,0
17693,58,14,26,0
17694,58,14,26,0
17695,58,14,26,0
17696,58,14,26,0
17697,58,14,26,0
17698,58,14,26,0
17699,58,14,26,0
17700,58,14,26,0
17701,58,14,26,0
17702,58,14,26,0
17703,58,14,26,0
17704,58,14,26,0
17705,58,14,26,0
17706,58,14,26,0
17707,58,14,26,0
17708,58,14,26,0
17709,58,14,26,0
17710,58,14,26,0
17711,58,14,26,0
17712,58,14,26,0
17713,58,14,26,0
17714,58,14,26,0
17715,58,14,26,0
17716,58,14,26,0
17717,58,14,26,0
17718,58,14,26,0
17719,58,14,26,0
17720,58,14,26,0
17721,58,14,26,0
17722,58,14,26,0
17723,58,14,26,0
17724,58,14,26,0
17725,58,14,26,0
17726,58,14,26,0
17727,58,14,26,0
17728,58,14,26,0
17729,58,14,26,0
17730,58,14,26,0
17731,58,14,26,0
17732,58,14,26,0
17733,58,14,26,0
17734,58,14,26,0
17735,58,14,26,0
17736,58,14,26,0
17737,58,14,26,0
17738,58,14,26,0
17739,58,14,26,0
17740,58,14,26,0
17741,58,14,26,0
17742,58,14,26,0
17743,58,14,26,0
17744,58,14,26,0
17745,58,14,26,0
17746,58,14,26,0
17747,58,14,26,0
17748,58,14,26,0
17749,58,14,26,0
17750,58,14,26,0
17751,58,14,26,0
17752,58,14,26,0
17753,58,14,26,0
17754,58,14,26,0
17755,58,14,26,0
17756,58,14,26,0
17757,58,14,26,0
17758,58,14,26,0
17759,58,14,26,0
17760,58,14,26,0
17761,58,14,26,0
17762,58,14,26,0
17763,58,14,26,0
17764,58,14,26,0
17765,58,14,26,0
17766,58,14,26,0
17767,58,14,26,0
17768,58,14,26,0
17769,58,14,26,0
17770,58,14,26,0
17771,58,14,26,0
17772,58,14,26,0
17773,58,14,26,0
17774,58,14,26,0
17775,58,14,26,0
17776,58,14,26,0
17777,58,14,26,0
17778,58,14,26,0
17779,58,14,26,0
17780,58,14,26,0
17781,58,14,26,0
17782,58,14,26,0
17783,58,14,26,0
17784,58,14,26,0
17785,58,14,26,0
17786,58,14,26,0
17787,58,14,26,0
17788,58,14,26,0
17789,58,14,26,0
17790,58,14,26,0
17791,58,14,26,0
17792,58,14,26,0
17793,58,14,26,0
17794,58,14,26,0
17795,58,14,26,0
17796,58,14,26,0
17797,58,14,26,0
17798,58,14,26,0
17799,58,14,26,0
17800,58,14,26,0
17801,58,14,26,0
17802,58,14,26,0
17803,58,14,26,0
17804,58,14,26,0
17805,58,14,26,0
17806,58,14,26,0
17807,58,14,26,0
17808,58,14,26,0
17809,58,14,26,0
17810,58,14,26,0
17811,58,14,26,0
17812,58,14,26,0
17813,58,14,26,0
17814,58,14,26,0
17815,58,14,26,0
17816,58,14,26,0
17817,58,14,26,0
17818,58,14,26,0
17819,58,14,26,0
17820,58,14,26,0
17821,58,14,26,0
17822,58,14,26,0
17823,58,14,26,0
17824,58,14,26,0
17825,58,14,26,0
17826,58,14,26,0
17827,58,14,26,0
17828,58,14,26,0
17829,58,14,26,0
17830,58,14,26,0
17831,58,14,26,0
17832,58,14,26,0
17833,58,14,26,0
17834,58,14,26,0
17835,58,14,26,0
17836,58,14,26,0
17837,58,14,26,0
17838,58,14,26,0
17839,58,14,26,0
17840,58,14,26,0
17841,58,14,26,0
17842,58,14,26,0
17843,58,14,26,0
17844,58,14,26,0
17845,58,14,26,0
17846,58,14,26,0
17847,58,14,26,0
17848,58,14,26,0
17849,58,14,26,0
17850,58,14,26,0
17851,58,14,26,0
17852,58,14,26,0
17853,58,14,26,0
17854,58,14,26,0
17855,58,14,26,0
17856,58,14,26,0
17857,58,14,26,0
17858,58,14,26,0
17859,58,14,26,0
17860,58,14,26,0
17861,58,14,26,0
17862,58,14,26,0
17863,58,14,26,0
17864,58,14,26,0
17865,58,14,26,0
17866,58,14,26,0
17867,58,14,26,0
17868,58,14,26,0
17869,58,14,26,0
17870,58,14,26,0
17871,58,14,26,0
17872,58,14,26,0
17873,58,14,26,0
17874,58,14,26,0
17875,58,14,26,0
17876,58,14,26,0
17877,58,14,26,0
17878,58,14,26,0
17879,58,14,26,0
17880,58,14,26,0
17881,58,14,26,0
17882,58,14,26,0
17883,58,14,26,0
17884,58,14,26,0
17885,58,14,26,0
17886,58,14,26,0
17887,58,14,26,0
17888,58,14,26,0
17889,58,14,26,0
17890,58,14,26,0
17891,58,14,26,0
17892,58,14,26,0
17893,58,14,26,0
17894,58,14,26,0
17895,58,14,26,0
17896,58,14,26,0
17897,58,14,26,0
17898,58,14,26,0
17899,58,14,26,0
17900,58,14,26,0
17901,58,14,26,0
17902,58,14,26,0
17903,58,14,26,0
17904,58,14,26,0
17905,58,14,26,0
17906,58,14,26,0
17907,58,14,26,0
17908,58,14,26,0
17909,58,14,26,0
17910,58,14,26,0
17911,58,14,26,0
17912,58,14,26,0
17913,58,14,26,0
17914,58,14,26,0
17915,58,14,26,0
17916,58,14,26,0
17917,58,14,26,0
17918,58,14,26,0
17919,58,14,26,0
17920,58,14,26,0
17921,58,14,26,0
17922,58,14,26,0
17923,58,14,26,0
17924,58,14,26,0
17925,58,14,26,0
17926,58,14,26,0
17927,58,14,26,0
17928,58,14,26,0
17929,58,14,26,0
17930,58,14,26,0
17931,58,14,26,0
17932,58,14,26,0
17933,58,14,26,0
17934,58,14,26,0
17935,58,14,26,0
17936,58,14,26,0
17937,58,14,26,0
17938,58,14,26,0
17939,58,14,26,0
17940,58,14,26,0
17941,58,14,26,0
17942,58,14,26,0
17943,58,14,26,0
17944,58,14,26,0
17945,58,14,26,0
17946,58,14,26,0
17947,58,14,26,0
17948,58,14,26,0
17949,58,14,26,0
17950,58,14,26,0
17951,58,14,26,0
17952,58,14,26,0
17953,58,14,26,0
17954,58,14,26,0
17955,58,14,26,0
17956,58,14,26,0
17957,58,14,26,0
17958,58,14,26,0
17959,58,14,26,0
17960,58,14,26,0
17961,58,14,26,0
17962,58,14,26,0
17963,58,14,26,0
17964,58,14,26,0
17965,58,14,26,0
17966,58,14,26,0
17967,58,14,26,0
17968,58,14,26,0
17969,58,14,26,0
17970,58,14,26,0
17971,58,14,26,0
17972,58,14,26,0
17973,58,14,26,0
17974,58,14,26,0
17975,58,14,26,0
17976,58,14,26,0
17977,58,14,26,0
17978,58,14,26,0
17979,58,14,26,0
17980,58,14,26,0
17981,58,14,26,0
17982,58,14,26,0
17983,58,14,26,0
17984,58,14,26,0
17985,58,14,26,0
17986,58,14,26,0
17987,58,14,26,0
17988,58,14,26,0
17989,58,14,26,0
17990,58,14,26,0
17991,58,14,26,0
17992,58,14,26,0
17993,58,14,26,0
17994,58,14,26,0
17995,58,14,26,0
17996,58,14,26,0
17997,58,14,26,0
17998,58,14,26,0
17999,58,14,26,0
18000,58,14,26,0
18001,58,14,26,0
18002,58,14,26,0
18003,58,14,26,0
18004,58,14,26,0
18005,58,14,26,0
18006,58,14,26,0
18007,58,14,26,0
18008,58,14,26,0
18009,58,14,26,0
18010,58,14,26,0
18011,58,14,26,0
18012,58,14,26,0
18013,58,14,26,0
18014,58,14,26,0
18015,58,14,26,0
18016,58,14,26,0
18017,58,14,26,0
18018,58,14,26,0
18019,58,14,26,0
18020,58,14,26,0
18021,58,14,26,0
18022,58,14,26,0
18023,58,14,26,0
18024,58,14,26,0
18025,58,14,26,0
18026,58,14,26,0
18027,58,14,26,0
18028,58,14,26,0
18029,58,14,26,0
18030,58,14,26,0
18031,58,14,26,0
18032,58,14,26,0
18033,58,14,26,0
18034,58,14,26,0
18035,58,14,26,0
18036,58,14,26,0
18037,58,14,26,0
18038,58,14,26,0
18039,58,14,26,0
18040,58,14,26,0
18041,58,14,26,0
18042,58,14,26,0
18043,58,14,26,0
18044,58,14,26,0
18045,58,14,26,0
18046,58,14,26,0
18047,58,14,26,0
18048,58,14,26,0
18049,58,14,26,0
18050,58,14,26,0
18051,58,14,26,0
18052,58,14,26,0
18053,58,14,26,0
18054,58,14,26,0
18055,58,14,26,0
18056,58,14,26,0
18057,58,14,26,0
18058,58,14,26,0
18059,58,14,26,0
18060,58,14,26,0
18061,58,14,26,0
18062,58,14,26,0
18063,58,14,26,0
18064,58,14,26,0
18065,58,14,26,0
18066,58,14,26,0
18067,58,14,26,0
18068,58,14,26,0
18069,58,14,26,0
18070,58,14,26,0
18071,58,14,26,0
18072,58,14,26,0
18073,58,14,26,0
18074,58,14,26,0
18075,58,14,26,0
18076,58,14,26,0
18077,58,14,26,0
18078,58,14,26,0
18079,58,14,26,0
18080,58,14,26,0
18081,58,14,26,0
18082,58,14,26,0
18083,58,14,26,0
18084,58,14,26,0
18085,58,14,26,0
18086,58,14,26,0
18087,58,14,26,0
18088,58,14,26,0
18089,58,14,26,0
18090,58,14,26,0
18091,58,14,26,0
18092,58,14,26,0
18093,58,14,26,0
18094,58,14,26,0
18095,58,14,26,0
18096,58,14,26,0
18097,58,14,26,0
18098,58,14,26,0
18099,58,14,26,0
18100,58,14,26,0
18101,58,14,26,0
18102,58,14,26,0
18103,58,14,26,0
18104,58,14,26,0
18105,58,14,26,0
18106,58,14,26,0
18107,58,14,26,0
18108,58,14,26,0
18109,58,14,26,0
18110,58,14,26,0
18111,58,14,26,0
18112,58,14,26,0
18113,58,14,26,0
18114,58,14,26,0
18115,58,14,26,0
18116,58,14,26,0
18117,58,14,26,0
18118,58,14,26,0
18119,58,14,26,0
18120,58,14,26,0
18121,58,14,26,0
18122,58,14,26,0
18123,58,14,26,0
18124,58,14,26,0
18125,58,14,26,0
18126,58,14,26,0
18127,58,14,26,0
18128,58,14,26,0
18129,58,14,26,0
18130,58,14,26,0
18131,58,14,26,0
18132,58,14,26,0
18133,58,14,26,0
18134,58,14,26,0
18135,58,14,26,0
18136,58,14,26,0
18137,58,14,26,0
18138,58,14,26,0
18139,58,14,26,0
18140,58,14,26,0
18141,58,14,26,0
18142,58,14,26,0
18143,58,14,26,0
18144,58,14,26,0
18145,58,14,26,0
18146,58,14,26,0
18147,58,14,26,0
18148,58,14,26,0
18149,58,14,26,0
18150,58,14,26,0
18151,58,14,26,0
18152,58,14,26,0
18153,58,14,26,0
18154,58,14,26,0
18155,58,14,26,0
18156,58,14,26,0
18157,58,14,26,0
18158,58,14,26,0
18159,58,14,26,0
18160,58,14,26,0
18161,58,14,26,0
18162,58,14,26,0
18163,58,14,26,0
18164,58,14,26,0
18165,58,14,26,0
18166,58,14,26,0
18167,58,14,26,0
18168,58,14,26,0
18169,58,14,26,0
18170,58,14,26,0
18171,58,14,26,0
18172,58,14,26,0
18173,58,14,26,0
18174,58,14,26,0
18175,58,14,26,0
18176,58,14,26,0
18177,58,14,26,0
18178,58,14,26,0
18179,58,14,26,0
18180,58,14,26,0
18181,58,14,26,0
18182,58,14,26,0
18183,58,14,26,0
18184,58,14,26,0
18185,58,14,26,0
18186,58,14,26,0
18187,58,14,26,0
18188,58,14,26,0
18189,58,14,26,0
18190,58,14,26,0
18191,58,14,26,0
18192,58,14,26,0
18193,58,14,26,0
18194,58,14,26,0
18195,58,14,26,0
18196,58,14,26,0
18197,58,14,26,0
18198,58,14,26,0
18199,58,14,26,0
18200,58,14,26,0
18201,58,14,26,0
18202,58,14,26,0
18203,58,14,26,0
18204,58,14,26,0
18205,58,14,26,0
18206,58,14,26,0
18207,58,14,26,0
18208,58,14,26,0
18209,58,14,26,0
18210,58,14,26,0
18211,58,14,26,0
18212,58,14,26,0
18213,58,14,26,0
18214,58,14,26,0
18215,58,14,26,0
18216,58,14,26,0
18217,58,14,26,0
18218,58,14,26,0
18219,58,14,26,0
18220,58,14,26,0
18221,58,14,26,0
18222,58,14,26,0
18223,58,14,26,0
18224,58,14,26,0
18225,58,14,26,0
18226,58,14,26,0
18227,58,14,26,0
18228,58,14,26,0
18229,58,14,26,0
18230,58,14,26,0
18231,58,14,26,0
18232,58,14,26,0
18233,58,14,26,0
18234,58,14,26,0
18235,58,14,26,0
18236,58,14,26,0
18237,58,14,26,0
18238,58,14,26,0
18239,58,14,26,0
18240,58,14,26,0
18241,58,14,26,0
18242,58,14,26,0
18243,58,14,26,0
18244,58,14,26,0
18245,58,14,26,0
18246,58,14,26,0
18247,58,14,26,0
18248,58,14,26,0
18249,58,14,26,0
18250,58,14,26,0
18251,58,14,26,0
18252,58,14,26,0
18253,58,14,26,0
18254,58,14,26,0
18255,58,14,26,0
18256,58,14,26,0
18257,58,14,26,0
18258,58,14,26,0
18259,58,14,26,0
18260,58,14,26,0
18261,58,14,26,0
18262,58,14,26,0
18263,58,14,26,0
18264,58,14,26,0
18265,58,14,26,0
18266,58,14,26,0
18267,58,14,26,0
18268,58,14,26,0
18269,58,14,26,0
18270,58,14,26,0
18271,58,14,26,0
18272,58,14,26,0
18273,58,14,26,0
18274,58,14,26,0
18275,58,14,26,0
18276,58,14,26,0
18277,58,14,26,0
18278,58,14,26,0
18279,58,14,26,0
18280,58,14,26,0
18281,58,14,26,0
18282,58,14,26,0
18283,58,14,26,0
18284,58,14,26,0
18285,58,14,26,0
18286,58,14,26,0
18287,58,14,26,0
18288,58,14,26,0
18289,58,14,26,0
18290,58,14,26,0
18291,58,14,26,0
18292,58,14,26,0
18293,58,14,26,0
18294,58,14,26,0
18295,58,14,26,0
18296,58,14,26,0
18297,58,14,26,0
18298,58,14,26,0
18299,58,14,26,0
18300,58,14,26,0
18301,58,14,26,0
18302,58,14,26,0
18303,58,14,26,0
18304,58,14,26,0
18305,58,14,26,0
18306,58,14,26,0
18307,58,14,26,0
18308,58,14,26,0
18309,58,14,26,0
18310,58,14,26,0
18311,58,14,26,0
18312,58,14,26,0
18313,58,14,26,0
18314,58,14,26,0
18315,58,14,26,0
18316,58,14,26,0
18317,58,14,26,0
18318,58,14,26,0
18319,58,14,26,0
18320,58,14,26,0
18321,58,14,26,0
18322,58,14,26,0
18323,58,14,26,0
18324,58,14,26,0
18325,58,14,26,0
18326,58,14,26,0
18327,58,14,26,0
18328,58,14,26,0
18329,58,14,26,0
18330,58,14,26,0
18331,58,14,26,0
18332,58,14,26,0
18333,58,14,26,0
18334,58,14,26,0
18335,58,14,26,0
18336,58,14,26,0
18337,58,14,26,0
18338,58,14,26,0
18339,58,14,26,0
18340,58,14,26,0
18341,58,14,26,0
18342,58,14,26,0
18343,58,14,26,0
18344,58,14,26,0
18345,58,14,26,0
18346,58,14,26,0
18347,58,14,26,0
18348,58,14,26,0
18349,58,14,26,0
18350,58,14,26,0
18351,58,14,26,0
18352,58,14,26,0
18353,58,14,26,0
18354,58,14,26,0
18355,58,14,26,0
18356,58,14,26,0
18357,58,14,26,0
18358,58,14,26,0
18359,58,14,26,0
18360,58,14,26,0
18361,58,14,26,0
18362,58,14,26,0
18363,58,14,26,0
18364,58,14,26,0
18365,58,14,26,0
18366,58,14,26,0
18367,58,14,26,0
18368,58,14,26,0
18369,58,14,26,0
18370,58,14,26,0
18371,58,14,26,0
18372,58,14,26,0
18373,58,14,26,0
18374,58,14,26,0
18375,58,14,26,0
18376,58,14,26,0
18377,58,14,26,0
18378,58,14,26,0
18379,58,14,26,0
18380,58,14,26,0
18381,58,14,26,0
18382,58,14,26,0
18383,58,14,26,0
18384,58,14,26,0
18385,58,14,26,0
18386,58,14,26,0
18387,58,14,26,0
18388,58,14,26,0
18389,58,14,26,0
18390,58,14,26,0
18391,58,14,26,0
18392,58,14,26,0
18393,58,14,26,0
18394,58,14,26,0
18395,58,14,26,0
18396,58,14,26,0
18397,58,14,26,0
18398,58,14,26,0
18399,58,14,26,0
18400,58,14,26,0
18401,58,14,26,0
18402,58,14,26,0
18403,58,14,26,0
18404,58,14,26,0
18405,58,14,26,0
18406,58,14,26,0
18407,58,14,26,0
18408,58,14,26,0
18409,58,14,26,0
18410,58,14,26,0
18411,58,14,26,0
18412,58,14,26,0
18413,58,14,26,0
18414,58,14,26,0
18415,58,14,26,0
18416,58,14,26,0
18417,58,14,26,0
18418,58,14,26,0
18419,58,14,26,0
18420,58,14,26,0
18421,58,14,26,0
18422,58,14,26,0
18423,58,14,26,0
18424,58,14,26,0
18425,58,14,26,0
18426,58,14,26,0
18427,58,14,26,0
18428,58,14,26,0
18429,58,14,26,0
18430,58,14,26,0
18431,58,14,26,0
18432,58,14,26,0
18433,58,14,26,0
18434,58,14,26,0
18435,58,14,26,0
18436,58,14,26,0
18437,58,14,26,0
18438,58,14,26,0
18439,58,14,26,0
18440,58,14,26,0
18441,58,14,26,0
18442,58,14,26,0
18443,58,14,26,0
18444,58,14,26,0
18445,58,14,26,0
18446,58,14,26,0
18447,58,14,26,0
18448,58,14,26,0
18449,58,14,26,0
18450,58,14,26,0
18451,58,14,26,0
18452,58,14,26,0
18453,58,14,26,0
18454,58,14,26,0
18455,58,14,26,0
18456,58,14,26,0
18457,58,14,26,0
18458,58,14,26,0
18459,58,14,26,0
18460,58,14,26,0
18461,58,14,26,0
18462,58,14,26,0
18463,58,14,26,0
18464,58,14,26,0
18465,58,14,26,0
18466,58,14,26,0
18467,58,14,26,0
18468,58,14,26,0
18469,58,14,26,0
18470,58,14,26,0
18471,58,14,26,0
18472,58,14,26,0
18473,58,14,26,0
18474,58,14,26,0
18475,58,14,26,0
18476,58,14,26,0
18477,58,14,26,0
18478,58,14,26,0
18479,58,14,26,0
18480,58,14,26,0
18481,58,14,26,0
18482,58,14,26,0
18483,58,14,26,0
18484,58,14,26,0
18485,58,14,26,0
18486,58,14,26,0
18487,58,14,26,0
18488,58,14,26,0
18489,58,14,26,0
18490,58,14,26,0
18491,58,14,26,0
18492,58,14,26,0
18493,58,14,26,0
18494,58,14,26,0
18495,58,14,26,0
18496,58,14,26,0
18497,58,14,26,0
18498,58,14,26,0
18499,58,14,26,0
18500,58,14,26,0
18501,58,14,26,0
18502,58,14,26,0
18503,58,14,26,0
18504,58,14,26,0
18505,58,14,26,0
18506,58,14,26,0
18507,58,14,26,0
18508,58,14,26,0
18509,58,14,26,0
18510,58,14,26,0
18511,58,14,26,0
18512,58,14,26,0
18513,58,14,26,0
18514,58,14,26,0
18515,58,14,26,0
18516,58,14,26,0
18517,58,14,26,0
18518,58,14,26,0
18519,58,14,26,0
18520,58,14,26,0
18521,58,14,26,0
18522,58,14,26,0
18523,58,14,26,0
18524,58,14,26,0
18525,58,14,26,0
18526,58,14,26,0
18527,58,14,26,0
18528,58,14,26,0
18529,58,14,26,0
18530,58,14,26,0
18531,58,14,26,0
18532,58,14,26,0
18533,58,14,26,0
18534,58,14,26,0
18535,58,14,26,0
18536,58,14,26,0
18537,58,14,26,0
18538,58,14,26,0
18539,58,14,26,0
18540,58,14,26,0
18541,58,14,26,0
18542,58,14,26,0
18543,58,14,26,0
18544,58,14,26,0
18545,58,14,26,0
18546,58,14,26,0
18547,58,14,26,0
18548,58,14,26,0
18549,58,14,26,0
18550,58,14,26,0
18551,58,14,26,0
18552,58,14,26,0
18553,58,14,26,0
18554,58,14,26,0
18555,58,14,26,0
18556,58,14,26,0
18557,58,14,26,0
18558,58,14,26,0
18559,58,14,26,0
18560,58,14,26,0
18561,58,14,26,0
18562,58,14,26,0
18563,58,14,26,0
18564,58,14,26,0
18565,58,14,26,0
18566,58,14,26,0
18567,58,14,26,0
18568,58,14,26,0
18569,58,14,26,0
18570,58,14,26,0
18571,58,14,26,0
18572,58,14,26,0
18573,58,14,26,0
18574,58,14,26,0
18575,58,14,26,0
18576,58,14,26,0
18577,58,14,26,0
18578,58,14,26,0
18579,58,14,26,0
18580,58,14,26,0
18581,58,14,26,0
18582,58,14,26,0
18583,58,14,26,0
18584,58,14,26,0
18585,58,14,26,0
18586,58,14,26,0
18587,58,14,26,0
18588,58,14,26,0
18589,58,14,26,0
18590,58,14,26,0
18591,58,14,26,0
18592,58,14,26,0
18593,58,14,26,0
18594,58,14,26,0
18595,58,14,26,0
18596,58,14,26,0
18597,58,14,26,0
18598,58,14,26,0
18599,58,14,26,0
18600,58,14,26,0
18601,58,14,26,0
18602,58,14,26,0
18603,58,14,26,0
18604,58,14,26,0
18605,58,14,26,0
18606,58,14,26,0
18607,58,14,26,0
18608,58,14,26,0
18609,58,14,26,0
18610,58,14,26,0
18611,58,14,26,0
18612,58,14,26,0
18613,58,14,26,0
18614,58,14,26,0
18615,58,14,26,0
18616,58,14,26,0
18617,58,14,26,0
18618,58,14,26,0
18619,58,14,26,0
18620,58,14,26,0
18621,58,14,26,0
18622,58,14,26,0
18623,58,14,26,0
18624,58,14,26,0
18625,58,14,26,0
18626,58,14,26,0
18627,58,14,26,0
18628,58,14,26,0
18629,58,14,26,0
18630,58,14,26,0
18631,58,14,26,0
18632,58,14,26,0
18633,58,14,26,0
18634,58,14,26,0
18635,58,14,26,0
18636,58,14,26,0
18637,58,14,26,0
18638,58,14,26,0
18639,58,14,26,0
18640,58,14,26,0
18641,58,14,26,0
18642,58,14,26,0
18643,58,14,26,0
18644,58,14,26,0
18645,58,14,26,0
18646,58,14,26,0
18647,58,14,26,0
18648,58,14,26,0
18649,58,14,26,0
18650,58,14,26,0
18651,58,14,26,0
18652,58,14,26,0
18653,58,14,26,0
18654,58,14,26,0
18655,58,14,26,0
18656,58,14,26,0
18657,58,14,26,0
18658,58,14,26,0
18659,58,14,26,0
18660,58,14,26,0
18661,58,14,26,0
18662,58,14,26,0
18663,58,14,26,0
18664,58,14,26,0
18665,58,14,26,0
18666,58,14,26,0
18667,58,14,26,0
18668,58,14,26,0
18669,58,14,26,0
18670,58,14,26,0
18671,58,14,26,0
18672,58,14,26,0
18673,58,14,26,0
18674,58,14,26,0
18675,58,14,26,0
18676,58,14,26,0
18677,58,14,26,0
18678,58,14,26,0
18679,58,14,26,0
18680,58,14,26,0
18681,58,14,26,0
18682,58,14,26,0
18683,58,14,26,0
18684,58,14,26,0
18685,58,14,26,0
18686,58,14,26,0
18687,58,14,26,0
18688,58,14,26,0
18689,58,14,26,0
18690,58,14,26,0
18691,58,14,26,0
18692,58,14,26,0
18693,58,14,26,0
18694,58,14,26,0
18695,58,14,26,0
18696,58,14,26,0
18697,58,14,26,0
18698,58,14,26,0
18699,58,14,26,0
18700,58,14,26,0
18701,58,14,26,0
18702,58,14,26,0
18703,58,14,26,0
18704,58,14,26,0
18705,58,14,26,0
18706,58,14,26,0
18707,58,14,26,0
18708,58,14,26,0
18709,58,14,26,0
18710,58,14,26,0
18711,58,14,26,0
18712,58,14,26,0
18713,58,14,26,0
18714,58,14,26,0
18715,58,14,26,0
18716,58,14,26,0
18717,58,14,26,0
18718,58,14,26,0
18719,58,14,26,0
18720,58,14,26,0
18721,58,14,26,0
18722,58,14,26,0
18723,58,14,26,0
18724,58,14,26,0
18725,58,14,26,0
18726,58,14,26,0
18727,58,14,26,0
18728,58,14,26,0
18729,58,14,26,0
18730,58,14,26,0
18731,58,14,26,0
18732,58,14,26,0
18733,58,14,26,0
18734,58,14,26,0
18735,58,14,26,0
18736,58,14,26,0
18737,58,14,26,0
18738,58,14,26,0
18739,58,14,26,0
18740,58,14,26,0
18741,58,14,26,0
18742,58,14,26,0
18743,58,14,26,0
18744,58,14,26,0
18745,58,14,26,0
18746,58,14,26,0
18747,58,14,26,0
18748,58,14,26,0
18749,58,14,26,0
18750,58,14,26,0
18751,58,14,26,0
18752,58,14,26,0
18753,58,14,26,0
18754,58,14,26,0
18755,58,14,26,0
18756,58,14,26,0
18757,58,14,26,0
18758,58,14,26,0
18759,58,14,26,0
18760,58,14,26,0
18761,58,14,26,0
18762,58,14,26,0
18763,58,14,26,0
18764,58,14,26,0
18765,58,14,26,0
18766,58,14,26,0
18767,58,14,26,0
18768,58,14,26,0
18769,58,14,26,0
18770,58,14,26,0
18771,58,14,26,0
18772,58,14,26,0
18773,58,14,26,0
18774,58,14,26,0
18775,58,14,26,0
18776,58,14,26,0
18777,58,14,26,0
18778,58,14,26,0
18779,58,14,26,0
18780,58,14,26,0
18781,58,14,26,0
18782,58,14,26,0
18783,58,14,26,0
18784,58,14,26,0
18785,58,14,26,0
18786,58,14,26,0
18787,58,14,26,0
18788,58,14,26,0
18789,58,14,26,0
18790,58,14,26,0
18791,58,14,26,0
18792,58,14,26,0
18793,58,14,26,0
18794,58,14,26,0
18795,58,14,26,0
18796,58,14,26,0
18797,58,14,26,0
18798,58,14,26,0
18799,58,14,26,0
18800,58,14,26,0
18801,58,14,26,0
18802,58,14,26,0
18803,58,14,26,0
18804,58,14,26,0
18805,58,14,26,0
18806,58,14,26,0
18807,58,14,26,0
18808,58,14,26,0
18809,58,14,26,0
18810,58,14,26,0
18811,58,14,26,0
18812,58,14,26,0
18813,58,14,26,0
18814,58,14,26,0
18815,58,14,26,0
18816,58,14,26,0
18817,58,14,26,0
18818,58,14,26,0
18819,58,14,26,0
18820,58,14,26,0
18821,58,14,26,0
18822,58,14,26,0
18823,58,14,26,0
18824,58,14,26,0
18825,58,14,26,0
18826,58,14,26,0
18827,58,14,26,0
18828,58,14,26,0
18829,58,14,26,0
18830,58,14,26,0
18831,58,14,26,0
18832,58,14,26,0
18833,58,14,26,0
18834,58,14,26,0
18835,58,14,26,0
18836,58,14,26,0
18837,58,14,26,0
18838,58,14,26,0
18839,58,14,26,0
18840,58,14,26,0
18841,58,14,26,0
18842,58,14,26,0
18843,58,14,26,0
18844,58,14,26,0
18845,58,14,26,0
18846,58,14,26,0
18847,58,14,26,0
18848,58,14,26,0
18849,58,14,26,0
18850,58,14,26,0
18851,58,14,26,0
18852,58,14,26,0
18853,58,14,26,0
18854,58,14,26,0
18855,58,14,26,0
18856,58,14,26,0
18857,58,14,26,0
18858,58,14,26,0
18859,58,14,26,0
18860,58,14,26,0
18861,58,14,26,0
18862,58,14,26,0
18863,58,14,26,0
18864,58,14,26,0
18865,58,14,26,0
18866,58,14,26,0
18867,58,14,26,0
18868,58,14,26,0
18869,58,14,26,0
18870,58,14,26,0
18871,58,14,26,0
18872,58,14,26,0
18873,58,14,26,0
18874,58,14,26,0
18875,58,14,26,0
18876,58,14,26,0
18877,58,14,26,0
18878,58,14,26,0
18879,58,14,26,0
18880,58,14,26,0
18881,58,14,26,0
18882,58,14,26,0
18883,58,14,26,0
18884,58,14,26,0
18885,58,14,26,0
18886,58,14,26,0
18887,58,14,26,0
18888,58,14,26,0
18889,58,14,26,0
18890,58,14,26,0
18891,58,14,26,0
18892,58,14,26,0
18893,58,14,26,0
18894,58,14,26,0
18895,58,14,26,0
18896,58,14,26,0
18897,58,14,26,0
18898,58,14,26,0
18899,58,14,26,0
18900,58,14,26,0
18901,58,14,26,0
18902,58,14,26,0
18903,58,14,26,0
18904,58,14,26,0
18905,58,14,26,0
18906,58,14,26,0
18907,58,14,26,0
18908,58,14,26,0
18909,58,14,26,0
18910,58,14,26,0
18911,58,14,26,0
18912,58,14,26,0
18913,58,14,26,0
18914,58,14,26,0
18915,58,14,26,0
18916,58,14,26,0
18917,58,14,26,0
18918,58,14,26,0
18919,58,14,26,0
18920,58,14,26,0
18921,58,14,26,0
18922,58,14,26,0
18923,58,14,26,0
18924,58,14,26,0
18925,58,14,26,0
18926,58,14,26,0
18927,58,14,26,0
18928,58,14,26,0
18929,58,14,26,0
18930,58,14,26,0
18931,58,14,26,0
18932,58,14,26,0
18933,58,14,26,0
18934,58,14,26,0
18935,58,14,26,0
18936,58,14,26,0
18937,58,14,26,0
18938,58,14,26,0
18939,58,14,26,0
18940,58,14,26,0
18941,58,14,26,0
18942,58,14,26,0
18943,58,14,26,0
18944,58,14,26,0
18945,58,14,26,0
18946,58,14,26,0
18947,58,14,26,0
18948,58,14,26,0
18949,58,14,26,0
18950,58,14,26,0
18951,58,14,26,0
18952,58,14,26,0
18953,58,14,26,0
18954,58,14,26,0
18955,58,14,26,0
18956,58,14,26,0
18957,58,14,26,0
18958,58,14,26,0
18959,58,14,26,0
18960,58,14,26,0
18961,58,14,26,0
18962,58,14,26,0
18963,58,14,26,0
18964,58,14,26,0
18965,58,14,26,0
18966,58,14,26,0
18967,58,14,26,0
18968,58,14,26,0
18969,58,14,26,0
18970,58,14,26,0
18971,58,14,26,0
18972,58,14,26,0
18973,58,14,26,0
18974,58,14,26,0
18975,58,14,26,0
18976,58,14,26,0
18977,58,14,26,0
18978,58,14,26,0
18979,58,14,26,0
18980,58,14,26,0
18981,58,14,26,0
18982,58,14,26,0
18983,58,14,26,0
18984,58,14,26,0
18985,58,14,26,0
18986,58,14,26,0
18987,58,14,26,0
18988,58,14,26,0
18989,58,14,26,0
18990,58,14,26,0
18991,58,14,26,0
18992,58,14,26,0
18993,58,14,26,0
18994,58,14,26,0
18995,58,14,26,0
18996,58,14,26,0
18997,58,14,26,0
18998,58,14,26,0
18999,58,14,26,0
19000,58,14,26,0
19001,58,14,26,0
19002,58,14,26,0
19003,58,14,26,0
19004,58,14,26,0
19005,58,14,26,0
19006,58,14,26,0
19007,58,14,26,0
19008,58,14,26,0
19009,58,14,26,0
19010,58,14,26,0
19011,58,14,26,0
19012,58,14,26,0
19013,58,14,26,0
19014,58,14,26,0
19015,58,14,26,0
19016,58,14,26,0
19017,58,14,26,0
19018,58,14,26,0
19019,58,14,26,0
19020,58,14,26,0
19021,58,14,26,0
19022,58,14,26,0
19023,58,14,26,0
19024,58,14,26,0
19025,58,14,26,0
19026,58,14,26,0
19027,58,14,26,0
19028,58,14,26,0
19029,58,14,26,0
19030,58,14,26,0
19031,58,14,26,0
19032,58,14,26,0
19033,58,14,26,0
19034,58,14,26,0
19035,58,14,26,0
19036,58,14,26,0
19037,58,14,26,0
19038,58,14,26,0
19039,58,14,26,0
19040,58,14,26,0
19041,58,14,26,0
19042,58,14,26,0
19043,58,14,26,0
19044,58,14,26,0
19045,58,14,26,0
19046,58,14,26,0
19047,58,14,26,0
19048,58,14,26,0
19049,58,14,26,0
19050,58,14,26,0
19051,58,14,26,0
19052,58,14,26,0
19053,58,14,26,0
19054,58,14,26,0
19055,58,14,26,0
19056,58,14,26,0
19057,58,14,26,0
19058,58,14,26,0
19059,58,14,26,0
19060,58,14,26,0
19061,58,14,26,0
19062,58,14,26,0
19063,58,14,26,0
19064,58,14,26,0
19065,58,14,26,0
19066,58,14,26,0
19067,58,14,26,0
19068,58,14,26,0
19069,58,14,26,0
19070,58,14,26,0
19071,58,14,26,0
19072,58,14,26,0
19073,58,14,26,0
19074,58,14,26,0
19075,58,14,26,0
19076,58,14,26,0
19077,58,14,26,0
19078,58,14,26,0
19079,58,14,26,0
19080,58,14,26,0
19081,58,14,26,0
19082,58,14,26,0
19083,58,14,26,0
19084,58,14,26,0
19085,58,14,26,0
19086,58,14,26,0
19087,58,14,26,0
19088,58,14,26,0
19089,58,14,26,0
19090,58,14,26,0
19091,58,14,26,0
19092,58,14,26,0
19093,58,14,26,0
19094,58,14,26,0
19095,58,14,26,0
19096,58,14,26,0
19097,58,14,26,0
19098,58,14,26,0
19099,58,14,26,0
19100,58,14,26,0
19101,58,14,26,0
19102,58,14,26,0
19103,58,14,26,0
19104,58,14,26,0
19105,58,14,26,0
19106,58,14,26,0
19107,58,14,26,0
19108,58,14,26,0
19109,58,14,26,0
19110,58,14,26,0
19111,58,14,26,0
19112,58,14,26,0
19113,58,14,26,0
19114,58,14,26,0
19115,58,14,26,0
19116,58,14,26,0
19117,58,14,26,0
19118,58,14,26,0
19119,58,14,26,0
19120,58,14,26,0
19121,58,14,26,0
19122,58,14,26,0
19123,58,14,26,0
19124,58,14,26,0
19125,58,14,26,0
19126,58,14,26,0
19127,58,14,26,0
19128,58,14,26,0
19129,58,14,26,0
19130,58,14,26,0
19131,58,14,26,0
19132,58,14,26,0
19133,58,14,26,0
19134,58,14,26,0
19135,58,14,26,0
19136,58,14,26,0
19137,58,14,26,0
19138,58,14,26,0
19139,58,14,26,0
19140,58,14,26,0
19141,58,14,26,0
19142,58,14,26,0
19143,58,14,26,0
19144,58,14,26,0
19145,58,14,26,0
19146,58,14,26,0
19147,58,14,26,0
19148,58,14,26,0
19149,58,14,26,0
19150,58,14,26,0
19151,58,14,26,0
19152,58,14,26,0
19153,58,14,26,0
19154,58,14,26,0
19155,58,14,26,0
19156,58,14,26,0
19157,58,14,26,0
19158,58,14,26,0
19159,58,14,26,0
19160,58,14,26,0
19161,58,14,26,0
19162,58,14,26,0
19163,58,14,26,0
19164,58,14,26,0
19165,58,14,26,0
19166,58,14,26,0
19167,58,14,26,0
19168,58,14,26,0
19169,58,14,26,0
19170,58,14,26,0
19171,58,14,26,0
19172,58,14,26,0
19173,58,14,26,0
19174,58,14,26,0
19175,58,14,26,0
19176,58,14,26,0
19177,58,14,26,0
19178,58,14,26,0
19179,58,14,26,0
19180,58,14,26,0
19181,58,14,26,0
19182,58,14,26,0
19183,58,14,26,0
19184,58,14,26,0
19185,58,14,26,0
19186,58,14,26,0
19187,58,14,26,0
19188,58,14,26,0
19189,58,14,26,0
19190,58,14,26,0
19191,58,14,26,0
19192,58,14,26,0
19193,58,14,26,0
19194,58,14,26,0
19195,58,14,26,0
19196,58,14,26,0
19197,58,14,26,0
19198,58,14,26,0
19199,58,14,26,0
19200,58,14,26,0
19201,58,14,26,0
19202,58,14,26,0
19203,58,14,26,0
19204,58,14,26,0
19205,58,14,26,0
19206,58,14,26,0
19207,58,14,26,0
19208,58,14,26,0
19209,58,14,26,0
19210,58,14,26,0
19211,58,14,26,0
19212,58,14,26,0
19213,58,14,26,0
19214,58,14,26,0
19215,58,14,26,0
19216,58,14,26,0
19217,58,14,26,0
19218,58,14,26,0
19219,58,14,26,0
19220,58,14,26,0
19221,58,14,26,0
19222,58,14,26,0
19223,58,14,26,0
19224,58,14,26,0
19225,58,14,26,0
19226,58,14,26,0
19227,58,14,26,0
19228,58,14,26,0
19229,58,14,26,0
19230,58,14,26,0
19231,58,14,26,0
19232,58,14,26,0
19233,58,14,26,0
19234,58,14,26,0
19235,58,14,26,0
19236,58,14,26,0
19237,58,14,26,0
19238,58,14,26,0
19239,58,14,26,0
19240,58,14,26,0
19241,58,14,26,0
19242,58,14,26,0
19243,58,14,26,0
19244,58,14,26,0
19245,58,14,26,0
19246,58,14,26,0
19247,58,14,26,0
19248,58,14,26,0
19249,58,14,26,0
19250,58,14,26,0
19251,58,14,26,0
19252,58,14,26,0
19253,58,14,26,0
19254,58,14,26,0
19255,58,14,26,0
19256,58,14,26,0
19257,58,14,26,0
19258,58,14,26,0
19259,58,14,26,0
19260,58,14,26,0
19261,58,14,26,0
19262,58,14,26,0
19263,58,14,26,0
19264,58,14,26,0
19265,58,14,26,0
19266,58,14,26,0
19267,58,14,26,0
19268,58,14,26,0
19269,58,14,26,0
19270,58,14,26,0
19271,58,14,26,0
19272,58,14,26,0
19273,58,14,26,0
19274,58,14,26,0
19275,58,14,26,0
19276,58,14,26,0
19277,58,14,26,0
19278,58,14,26,0
19279,58,14,26,0
19280,58,14,26,0
19281,58,14,26,0
19282,58,14,26,0
19283,58,14,26,0
19284,58,14,26,0
19285,58,14,26,0
19286,58,14,26,0
19287,58,14,26,0
19288,58,14,26,0
19289,58,14,26,0
19290,58,14,26,0
19291,58,14,26,0
19292,58,14,26,0
19293,58,14,26,0
19294,58,14,26,0
19295,58,14,26,0
19296,58,14,26,0
19297,58,14,26,0
19298,58,14,26,0
19299,58,14,26,0
19300,58,14,26,0
19301,58,14,26,0
19302,58,14,26,0
19303,58,14,26,0
19304,58,14,26,0
19305,58,14,26,0
19306,58,14,26,0
19307,58,14,26,0
19308,58,14,26,0
19309,58,14,26,0
19310,58,14,26,0
19311,58,14,26,0
19312,58,14,26,0
19313,58,14,26,0
19314,58,14,26,0
19315,58,14,26,0
19316,58,14,26,0
19317,58,14,26,0
19318,58,14,26,0
19319,58,14,26,0
19320,58,14,26,0
19321,58,14,26,0
19322,58,14,26,0
19323,58,14,26,0
19324,58,14,26,0
19325,58,14,26,0
19326,58,14,26,0
19327,58,14,26,0
19328,58,14,26,0
19329,58,14,26,0
19330,58,14,26,0
19331,58,14,26,0
19332,58,14,26,0
19333,58,14,26,0
19334,58,14,26,0
19335,58,14,26,0
19336,58,14,26,0
19337,58,14,26,0
19338,58,14,26,0
19339,58,14,26,0
19340,58,14,26,0
19341,58,14,26,0
19342,58,14,26,0
19343,58,14,26,0
19344,58,14,26,0
19345,58,14,26,0
19346,58,14,26,0
19347,58,14,26,0
19348,58,14,26,0
19349,58,14,26,0
19350,58,14,26,0
19351,58,14,26,0
19352,58,14,26,0
19353,58,14,26,0
19354,58,14,26,0
19355,58,14,26,0
19356,58,14,26,0
19357,58,14,26,0
19358,58,14,26,0
19359,58,14,26,0
19360,58,14,26,0
19361,58,14,26,0
19362,58,14,26,0
19363,58,14,26,0
19364,58,14,26,0
19365,58,14,26,0
19366,58,14,26,0
19367,58,14,26,0
19368,58,14,26,0
19369,58,14,26,0
19370,58,14,26,0
19371,58,14,26,0
19372,58,14,26,0
19373,58,14,26,0
19374,58,14,26,0
19375,58,14,26,0
19376,58,14,26,0
19377,58,14,26,0
19378,58,14,26,0
19379,58,14,26,0
19380,58,14,26,0
19381,58,14,26,0
19382,58,14,26,0
19383,58,14,26,0
19384,58,14,26,0
19385,58,14,26,0
19386,58,14,26,0
19387,58,14,26,0
19388,58,14,26,0
19389,58,14,26,0
19390,58,14,26,0
19391,58,14,26,0
19392,58,14,26,0
19393,58,14,26,0
19394,58,14,26,0
19395,58,14,26,0
19396,58,14,26,0
19397,58,14,26,0
19398,58,14,26,0
19399,58,14,26,0
19400,58,14,26,0
19401,58,14,26,0
19402,58,14,26,0
19403,58,14,26,0
19404,58,14,26,0
19405,58,14,26,0
19406,58,14,26,0
19407,58,14,26,0
19408,58,14,26,0
19409,58,14,26,0
19410,58,14,26,0
19411,58,14,26,0
19412,58,14,26,0
19413,58,14,26,0
19414,58,14,26,0
19415,58,14,26,0
19416,58,14,26,0
19417,58,14,26,0
19418,58,14,26,0
19419,58,14,26,0
19420,58,14,26,0
19421,58,14,26,0
19422,58,14,26,0
19423,58,14,26,0
19424,58,14,26,0
19425,58,14,26,0
19426,58,14,26,0
19427,58,14,26,0
19428,58,14,26,0
19429,58,14,26,0
19430,58,14,26,0
19431,58,14,26,0
19432,58,14,26,0
19433,58,14,26,0
19434,58,14,26,0
19435,58,14,26,0
19436,58,14,26,0
19437,58,14,26,0
19438,58,14,26,0
19439,58,14,26,0
19440,58,14,26,0
19441,58,14,26,0
19442,58,14,26,0
19443,58,14,26,0
19444,58,14,26,0
19445,58,14,26,0
19446,58,14,26,0
19447,58,14,26,0
19448,58,14,26,0
19449,58,14,26,0
19450,58,14,26,0
19451,58,14,26,0
19452,58,14,26,0
19453,58,14,26,0
19454,58,14,26,0
19455,58,14,26,0
19456,58,14,26,0
19457,58,14,26,0
19458,58,14,26,0
19459,58,14,26,0
19460,58,14,26,0
19461,58,14,26,0
19462,58,14,26,0
19463,58,14,26,0
19464,58,14,26,0
19465,58,14,26,0
19466,58,14,26,0
19467,58,14,26,0
19468,58,14,26,0
19469,58,14,26,0
19470,58,14,26,0
19471,58,14,26,0
19472,58,14,26,0
19473,58,14,26,0
19474,58,14,26,0
19475,58,14,26,0
19476,58,14,26,0
19477,58,14,26,0
19478,58,14,26,0
19479,58,14,26,0
19480,58,14,26,0
19481,58,14,26,0
19482,58,14,26,0
19483,58,14,26,0
19484,58,14,26,0
19485,58,14,26,0
19486,58,14,26,0
19487,58,14,26,0
19488,58,14,26,0
19489,58,14,26,0
19490,58,14,26,0
19491,58,14,26,0
19492,58,14,26,0
19493,58,14,26,0
19494,58,14,26,0
19495,58,14,26,0
19496,58,14,26,0
19497,58,14,26,0
19498,58,14,26,0
19499,58,14,26,0
19500,58,14,26,0
19501,58,14,26,0
19502,58,14,26,0
19503,58,14,26,0
19504,58,14,26,0
19505,58,14,26,0
19506,58,14,26,0
19507,58,14,26,0
19508,58,14,26,0
19509,58,14,26,0
19510,58,14,26,0
19511,58,14,26,0
19512,58,14,26,0
19513,58,14,26,0
19514,58,14,26,0
19515,58,14,26,0
19516,58,14,26,0
19517,58,14,26,0
19518,58,14,26,0
19519,58,14,26,0
19520,58,14,26,0
19521,58,14,26,0
19522,58,14,26,0
19523,58,14,26,0
19524,58,14,26,0
19525,58,14,26,0
19526,58,14,26,0
19527,58,14,26,0
19528,58,14,26,0
19529,58,14,26,0
19530,58,14,26,0
19531,58,14,26,0
19532,58,14,26,0
19533,58,14,26,0
19534,58,14,26,0
19535,58,14,26,0
19536,58,14,26,0
19537,58,14,26,0
19538,58,14,26,0
19539,58,14,26,0
19540,58,14,26,0
19541,58,14,26,0
19542,58,14,26,0
19543,58,14,26,0
19544,58,14,26,0
19545,58,14,26,0
19546,58,14,26,0
19547,58,14,26,0
19548,58,14,26,0
19549,58,14,26,0
19550,58,14,26,0
19551,58,14,26,0
19552,58,14,26,0
19553,58,14,26,0
19554,58,14,26,0
19555,58,14,26,0
19556,58,14,26,0
19557,58,14,26,0
19558,58,14,26,0
19559,58,14,26,0
19560,58,14,26,0
19561,58,14,26,0
19562,58,14,26,0
19563,58,14,26,0
19564,58,14,26,0
19565,58,14,26,0
19566,58,14,26,0
19567,58,14,26,0
19568,58,14,26,0
19569,58,14,26,0
19570,58,14,26,0
19571,58,14,26,0
19572,58,14,26,0
19573,58,14,26,0
19574,58,14,26,0
19575,58,14,26,0
19576,58,14,26,0
19577,58,14,26,0
19578,58,14,26,0
19579,58,14,26,0
19580,58,14,26,0
19581,58,14,26,0
19582,58,14,26,0
19583,58,14,26,0
19584,58,14,26,0
19585,58,14,26,0
19586,58,14,26,0
19587,58,14,26,0
19588,58,14,26,0
19589,58,14,26,0
19590,58,14,26,0
19591,58,14,26,0
19592,58,14,26,0
19593,58,14,26,0
19594,58,14,26,0
19595,58,14,26,0
19596,58,14,26,0
19597,58,14,26,0
19598,58,14,26,0
19599,58,14,26,0
19600,58,14,26,0
19601,58,14,26,0
19602,58,14,26,0
19603,58,14,26,0
19604,58,14,26,0
19605,58,14,26,0
19606,58,14,26,0
19607,58,14,26,0
19608,58,14,26,0
19609,58,14,26,0
19610,58,14,26,0
19611,58,14,26,0
19612,58,14,26,0
19613,58,14,26,0
19614,58,14,26,0
19615,58,14,26,0
19616,58,14,26,0
19617,58,14,26,0
19618,58,14,26,0
19619,58,14,26,0
19620,58,14,26,0
19621,58,14,26,0
19622,58,14,26,0
19623,58,14,26,0
19624,58,14,26,0
19625,58,14,26,0
19626,58,14,26,0
19627,58,14,26,0
19628,58,14,26,0
19629,58,14,26,0
19630,58,14,26,0
19631,58,14,26,0
19632,59,14,27,0
19633,59,14,27,0
19634,59,14,27,0
19635,59,14,27,0
19636,59,14,27,0
19637,59,14,27,0
19638,59,14,27,0
19639,59,14,27,0
19640,59,14,27,0
19641,59,14,27,0
19642,59,14,27,0
19643,59,14,27,0
19644,59,14,27,0
19645,59,14,27,0
19646,59,14,27,0
19647,59,14,27,0
19648,59,14,27,0
19649,59,14,27,0
19650,59,14,27,0
19651,59,14,27,0
19652,59,14,27,0
19653,59,14,27,0
19654,59,14,27,0
19655,59,14,27,0
19656,59,14,27,0
19657,59,14,27,0
19658,59,14,27,0
19659,59,14,27,0
19660,59,14,27,0
19661,59,14,27,0
19662,59,14,27,0
19663,59,14,27,0
19664,59,14,27,0
19665,59,14,27,0
19666,59,14,27,0
19667,59,14,27,0
19668,59,14,27,0
19669,59,14,27,0
19670,59,14,27,0
19671,59,14,27,0
19672,59,14,27,0
19673,59,14,27,0
19674,59,14,27,0
19675,59,14,27,0
19676,59,14,27,0
19677,59,14,27,0
19678,59,14,27,0
19679,59,14,27,0
19680,59,14,27,0
19681,59,14,27,0
19682,59,14,27,0
19683,59,14,27,0
19684,59,14,27,0
19685,59,14,27,0
19686,59,14,27,0
19687,59,14,27,0
19688,59,14,27,0
19689,59,14,27,0
19690,59,14,27,0
19691,59,14,27,0
19692,59,14,27,0
19693,59,14,27,0
19694,59,14,27,0
19695,59,14,27,0
19696,59,14,27,0
19697,59,14,27,0
19698,59,14,27,0
19699,59,14,27,0
19700,59,14,27,0
19701,59,14,27,0
19702,59,14,27,0
19703,59,14,27,0
19704,59,14,27,0
19705,59,14,27,0
19706,59,14,27,0
19707,59,14,27,0
19708,59,14,27,0
19709,59,14,27,0
19710,59,14,27,0
19711,59,14,27,0
19712,59,14,27,0
19713,59,14,27,0
19714,59,14,27,0
19715,59,14,27,0
19716,59,14,27,0
19717,59,14,27,0
19718,59,14,27,0
19719,59,14,27,0
19720,59,14,27,0
19721,59,14,27,0
19722,59,14,27,0
19723,59,14,27,0
19724,59,14,27,0
19725,59,14,27,0
19726,59,14,27,0
19727,59,14,27,0
19728,59,14,27,0
19729,59,14,27,0
19730,59,14,27,0
19731,59,14,27,0
19732,59,14,27,0
19733,59,14,27,0
19734,59,14,27,0
19735,59,14,27,0
19736,59,14,27,0
19737,59,14,27,0
19738,59,14,27,0
19739,59,14,27,0
19740,59,14,27,0
19741,59,14,27,0
19742,59,14,27,0
19743,59,14,27,0
19744,59,14,27,0
19745,59,14,27,0
19746,59,14,27,0
19747,59,14,27,0
19748,59,14,27,0
19749,59,14,27,0
19750,59,14,27,0
19751,59,14,27,0
19752,59,14,27,0
19753,59,14,27,0
19754,59,14,27,0
19755,59,14,27,0
19756,59,14,27,0
19757,59,14,27,0
19758,59,14,27,0
19759,59,14,27,0
19760,59,14,27,0
19761,59,14,27,0
19762,59,14,27,0
19763,59,14,27,0
19764,59,14,27,0
19765,59,14,27,0
19766,59,14,27,0
19767,59,14,27,0
19768,59,14,27,0
19769,59,14,27,0
19770,59,14,27,0
19771,59,14,27,0
19772,59,14,27,0
19773,59,14,27,0
19774,59,14,27,0
19775,59,14,27,0
19776,59,14,27,0
19777,59,14,27,0
19778,59,14,27,0
19779,59,14,27,0
19780,59,14,27,0
19781,59,14,27,0
19782,59,14,27,0
19783,59,14,27,0
19784,59,14,27,0
19785,59,14,27,0
19786,59,14,27,0
19787,59,14,27,0
19788,59,14,27,0
19789,59,14,27,0
19790,59,14,27,0
19791,59,14,27,0
19792,59,14,27,0
19793,59,14,27,0
19794,59,14,27,0
19795,59,14,27,0
19796,59,14,27,0
19797,59,14,27,0
19798,59,14,27,0
19799,59,14,27,0
19800,59,14,27,0
19801,59,14,27,0
19802,59,14,27,0
19803,59,14,27,0
19804,59,14,27,0
19805,59,14,27,0
19806,59,14,27,0
19807,59,14,27,0
19808,59,14,27,0
19809,59,14,27,0
19810,59,14,27,0
19811,59,14,27,0
19812,59,14,27,0
19813,59,14,27,0
19814,59,14,27,0
19815,59,14,27,0
19816,59,14,27,0
19817,59,14,27,0
19818,59,14,27,0
19819,59,14,27,0
19820,59,14,27,0
19821,59,14,27,0
19822,59,14,27,0
19823,59,14,27,0
19824,59,14,27,0
19825,59,14,27,0
19826,59,14,27,0
19827,59,14,27,0
19828,59,14,27,0
19829,59,14,27,0
19830,59,14,27,0
19831,59,14,27,0
19832,59,14,27,0
19833,59,14,27,0
19834,59,14,27,0
19835,59,14,27,0
19836,59,14,27,0
19837,59,14,27,0
19838,59,14,27,0
19839,59,14,27,0
19840,59,14,27,0
19841,59,14,27,0
19842,59,14,27,0
19843,59,14,27,0
19844,59,14,27,0
19845,59,14,27,0
19846,59,14,27,0
19847,59,14,27,0
19848,59,14,27,0
19849,59,14,27,0
19850,59,14,27,0
19851,59,14,27,0
19852,59,14,27,0
19853,59,14,27,0
19854,59,14,27,0
19855,59,14,27,0
19856,59,14,27,0
19857,59,14,27,0
19858,59,14,27,0
19859,59,14,27,0
19860,59,14,27,0
19861,59,14,27,0
19862,59,14,27,0
19863,59,14,27,0
19864,59,14,27,0
19865,59,14,27,0
19866,59,14,27,0
19867,59,14,27,0
19868,59,14,27,0
19869,59,14,27,0
19870,59,14,27,0
19871,59,14,27,0
19872,59,14,27,0
19873,59,14,27,0
19874,59,14,27,0
19875,59,14,27,0
19876,59,14,27,0
19877,59,14,27,0
19878,59,14,27,0
19879,59,14,27,0
19880,59,14,27,0
19881,59,14,27,0
19882,59,14,27,0
19883,59,14,27,0
19884,59,14,27,0
19885,59,14,27,0
19886,59,14,27,0
19887,59,14,27,0
19888,59,14,27,0
19889,59,14,27,0
19890,59,14,27,0
19891,59,14,27,0
19892,59,14,27,0
19893,59,14,27,0
19894,59,14,27,0
19895,59,14,27,0
19896,59,14,27,0
19897,59,14,27,0
19898,59,14,27,0
19899,59,14,27,0
19900,59,14,27,0
19901,59,14,27,0
19902,59,14,27,0
19903,59,14,27,0
19904,59,14,27,0
19905,59,14,27,0
19906,59,14,27,0
19907,59,14,27,0
19908,59,14,27,0
19909,59,14,27,0
19910,59,14,27,0
19911,59,14,27,0
19912,59,14,27,0
19913,59,14,27,0
19914,59,14,27,0
19915,59,14,27,0
19916,59,14,27,0
19917,59,14,27,0
19918,59,14,27,0
19919,59,14,27,0
19920,59,14,27,0
19921,59,14,27,0
19922,59,14,27,0
19923,59,14,27,0
19924,59,14,27,0
19925,59,14,27,0
19926,59,14,27,0
19927,59,14,27,0
19928,59,14,27,0
19929,59,14,27,0
19930,59,14,27,0
19931,59,14,27,0
19932,59,14,27,0
19933,59,14,27,0
19934,59,14,27,0
19935,59,14,27,0
19936,59,14,27,0
19937,59,14,27,0
19938,59,14,27,0
19939,59,14,27,0
19940,59,14,27,0
19941,59,14,27,0
19942,59,14,27,0
19943,59,14,27,0
19944,59,14,27,0
19945,59,14,27,0
19946,59,14,27,0
19947,59,14,27,0
19948,59,14,27,0
19949,59,14,27,0
19950,59,14,27,0
19951,59,14,27,0
19952,59,14,27,0
19953,59,14,27,0
19954,59,14,27,0
19955,59,14,27,0
19956,59,14,27,0
19957,59,14,27,0
19958,59,14,27,0
19959,59,14,27,0
19960,59,14,27,0
19961,59,14,27,0
19962,59,14,27,0
19963,59,14,27,0
19964,59,14,27,0
19965,59,14,27,0
19966,59,14,27,0
19967,59,14,27,0
19968,59,14,27,0
19969,59,14,27,0
19970,59,14,27,0
19971,59,14,27,0
19972,59,14,27,0
19973,59,14,27,0
19974,59,14,27,0
19975,59,14,27,0
19976,59,14,27,0
19977,59,14,27,0
19978,59,14,27,0
19979,59,14,27,0
19980,59,14,27,0
19981,59,14,27,0
19982,59,14,27,0
19983,59,14,27,0
19984,59,14,27,0
19985,59,14,27,0
19986,59,14,27,0
19987,59,14,27,0
19988,59,14,27,0
19989,59,14,27,0
19990,59,14,27,0
19991,59,14,27,0
19992,59,14,27,0
19993,59,14,27,0
19994,59,14,27,0
19995,59,14,27,0
19996,59,14,27,0
19997,59,14,27,0
19998,59,14,27,0
19999,59,14,27,0
20000,59,14,27,0
20001,59,14,27,0
20002,59,14,27,0
20003,59,14,27,0
20004,59,14,27,0
20005,59,14,27,0
20006,59,14,27,0
20007,59,14,27,0
20008,59,14,27,0
20009,59,14,27,0
20010,59,14,27,0
20011,59,14,27,0
20012,59,14,27,0
20013,59,14,27,0
20014,59,14,27,0
20015,59,14,27,0
20016,59,14,27,0
20017,59,14,27,0
20018,59,14,27,0
20019,59,14,27,0
20020,59,14,27,0
20021,59,14,27,0
20022,60,14,28,0
20023,60,14,28,0
20024,60,14,28,0
20025,60,14,28,0
20026,60,14,28,0
20027,60,14,28,0
20028,60,14,28,0
20029,60,14,28,0
20030,60,14,28,0
20031,60,14,28,0
20032,60,14,28,0
20033,60,14,28,0
20034,60,14,28,0
20035,60,14,28,0
20036,60,14,28,0
20037,60,14,28,0
20038,60,14,28,0
20039,60,14,28,0
20040,60,14,28,0
20041,60,14,28,0
20042,60,14,28,0
20043,60,14,28,0
20044,60,14,28,0
20045,60,14,28,0
20046,60,14,28,0
20047,60,14,28,0
20048,60,14,28,0
20049,60,14,28,0
20050,60,14,28,0
20051,60,14,28,0
20052,60,14,28,0
20053,60,14,28,0
20054,60,14,28,0
20055,60,14,28,0
20056,60,14,28,0
20057,60,14,28,0
20058,60,14,28,0
20059,60,14,28,0
20060,60,14,28,0
20061,60,14,28,0
20062,60,14,28,0
20063,60,14,28,0
20064,60,14,28,0
20065,60,14,28,0
20066,60,14,28,0
20067,60,14,28,0
20068,60,14,28,0
20069,60,14,28,0
20070,60,14,28,0
20071,60,14,28,0
20072,60,14,28,0
20073,60,14,28,0
20074,60,14,28,0
20075,60,14,28,0
20076,60,14,28,0
20077,60,14,28,0
20078,60,14,28,0
20079,60,14,28,0
20080,60,14,28,0
20081,60,14,28,0
20082,60,14,28,0
20083,60,14,28,0
20084,60,14,28,0
20085,60,14,28,0
20086,60,14,28,0
20087,60,14,28,0
20088,60,14,28,0
20089,60,14,28,0
20090,60,14,28,0
20091,60,14,28,0
20092,60,14,28,0
20093,60,14,28,0
20094,60,14,28,0
20095,60,14,28,0
20096,60,14,28,0
20097,60,14,28,0
20098,60,14,28,0
20099,60,14,28,0
20100,60,14,28,0
20101,60,14,28,0
20102,60,14,28,0
20103,60,14,28,0
20104,60,14,28,0
20105,60,14,28,0
20106,60,14,28,0
20107,60,14,28,0
20108,60,14,28,0
20109,60,14,28,0
20110,60,14,28,0
20111,60,14,28,0
20112,60,14,28,0
20113,60,14,28,0
20114,60,14,28,0
20115,60,14,28,0
20116,60,14,28,0
20117,60,14,28,0
20118,60,14,28,0
20119,60,14,28,0
20120,60,14,28,0
20121,60,14,28,0
20122,60,14,28,0
20123,60,14,28,0
20124,60,14,28,0
20125,60,14,28,0
20126,60,14,28,0
20127,60,14,28,0
20128,60,14,28,0
20129,60,14,28,0
20130,60,14,28,0
20131,60,14,28,0
20132,60,14,28,0
20133,60,14,28,0
20134,60,14,28,0
20135,60,14,28,0
20136,60,14,28,0
20137,60,14,28,0
20138,60,14,28,0
20139,60,14,28,0
20140,60,14,28,0
20141,60,14,28,0
20142,60,14,28,0
20143,60,14,28,0
20144,60,14,28,0
20145,60,14,28,0
20146,60,14,28,0
20147,60,14,28,0
20148,60,14,28,0
20149,60,14,28,0
20150,60,14,28,0
20151,60,14,28,0
20152,60,14,28,0
20153,60,14,28,0
20154,60,14,28,0
20155,60,14,28,0
20156,60,14,28,0
20157,60,14,28,0
20158,60,14,28,0
20159,60,14,28,0
20160,60,14,28,0
20161,60,14,28,0
20162,60,14,28,0
20163,60,14,28,0
20164,60,14,28,0
20165,60,14,28,0
20166,60,14,28,0
20167,60,14,28,0
20168,60,14,28,0
20169,60,14,28,0
20170,60,14,28,0
20171,60,14,28,0
20172,60,14,28,0
20173,60,14,28,0
20174,60,14,28,0
20175,60,14,28,0
20176,60,14,28,0
20177,60,14,28,0
20178,60,14,28,0
20179,60,14,28,0
20180,60,14,28,0
20181,60,14,28,0
20182,60,14,28,0
20183,60,14,28,0
20184,60,14,28,0
20185,60,14,28,0
20186,60,14,28,0
20187,60,14,28,0
20188,60,14,28,0
20189,60,14,28,0
20190,60,14,28,0
20191,60,14,28,0
20192,60,14,28,0
20193,60,14,28,0
20194,60,14,28,0
20195,60,14,28,0
20196,60,14,28,0
20197,60,14,28,0
20198,60,14,28,0
20199,60,14,28,0
20200,60,14,28,0
20201,60,14,28,0
20202,60,14,28,0
20203,60,14,28,0
20204,60,14,28,0
20205,60,14,28,0
20206,60,14,28,0
20207,60,14,28,0
20208,60,14,28,0
20209,60,14,28,0
20210,60,14,28,0
20211,60,14,28,0
20212,60,14,28,0
20213,60,14,28,0
20214,60,14,28,0
20215,60,14,28,0
20216,60,14,28,0
20217,60,14,28,0
20218,60,14,28,0
20219,60,14,28,0
20220,60,14,28,0
20221,60,14,28,0
20222,60,14,28,0
20223,60,14,28,0
20224,60,14,28,0
20225,60,14,28,0
20226,60,14,28,0
20227,60,14,28,0
20228,60,14,28,0
20229,60,14,28,0
20230,60,14,28,0
20231,60,14,28,0
20232,60,14,28,0
20233,60,14,28,0
20234,60,14,28,0
20235,60,14,28,0
20236,60,14,28,0
20237,60,14,28,0
20238,60,14,28,0
20239,60,14,28,0
20240,60,14,28,0
20241,60,14,28,0
20242,60,14,28,0
20243,60,14,28,0
20244,60,14,28,0
20245,60,14,28,0
20246,60,14,28,0
20247,60,14,28,0
20248,60,14,28,0
20249,60,14,28,0
20250,60,14,28,0
20251,60,14,28,0
20252,60,14,28,0
20253,60,14,28,0
20254,60,14,28,0
20255,60,14,28,0
20256,60,14,28,0
20257,60,14,28,0
20258,60,14,28,0
20259,60,14,28,0
20260,60,14,28,0
20261,60,14,28,0
20262,60,14,28,0
20263,60,14,28,0
20264,60,14,28,0
20265,60,14,28,0
20266,60,14,28,0
20267,60,14,28,0
20268,60,14,28,0
20269,60,14,28,0
20270,60,14,28,0
20271,60,14,28,0
20272,60,14,28,0
20273,60,14,28,0
20274,60,14,28,0
20275,60,14,28,0
20276,60,14,28,0
20277,60,14,28,0
20278,60,14,28,0
20279,60,14,28,0
20280,60,14,28,0
20281,60,14,28,0
20282,60,14,28,0
20283,60,14,28,0
20284,60,14,28,0
20285,60,14,28,0
20286,60,14,28,0
20287,60,14,28,0
20288,60,14,28,0
20289,60,14,28,0
20290,60,14,28,0
20291,60,14,28,0
20292,60,14,28,0
20293,60,14,28,0
20294,60,14,28,0
20295,60,14,28,0
20296,60,14,28,0
20297,60,14,28,0
20298,60,14,28,0
20299,60,14,28,0
20300,60,14,28,0
20301,60,14,28,0
20302,60,14,28,0
20303,60,14,28,0
20304,60,14,28,0
20305,60,14,28,0
20306,60,14,28,0
20307,60,14,28,0
20308,60,14,28,0
20309,60,14,28,0
20310,60,14,28,0
20311,60,14,28,0
20312,60,14,28,0
20313,60,14,28,0
20314,60,14,28,0
20315,60,14,28,0
20316,60,14,28,0
20317,60,14,28,0
20318,60,14,28,0
20319,60,14,28,0
20320,60,14,28,0
20321,60,14,28,0
20322,60,14,28,0
20323,60,14,28,0
20324,60,14,28,0
20325,60,14,28,0
20326,60,14,28,0
20327,60,14,28,0
20328,60,14,28,0
20329,60,14,28,0
20330,60,14,28,0
20331,60,14,28,0
20332,60,14,28,0
20333,60,14,28,0
20334,60,14,28,0
20335,60,14,28,0
20336,60,14,28,0
20337,60,14,28,0
20338,60,14,28,0
20339,60,14,28,0
20340,60,14,28,0
20341,60,14,28,0
20342,60,14,28,0
20343,60,14,28,0
20344,60,14,28,0
20345,60,14,28,0
20346,60,14,28,0
20347,60,14,28,0
20348,60,14,28,0
20349,60,14,28,0
20350,60,14,28,0
20351,60,14,28,0
20352,60,14,28,0
20353,60,14,28,0
20354,60,14,28,0
20355,60,14,28,0
20356,60,14,28,0
20357,60,14,28,0
20358,60,14,28,0
20359,60,14,28,0
20360,60,14,28,0
20361,60,14,28,0
20362,60,14,28,0
20363,60,14,28,0
20364,60,14,28,0
20365,60,14,28,0
20366,60,14,28,0
20367,60,14,28,0
20368,60,14,28,0
20369,60,14,28,0
20370,60,14,28,0
20371,60,14,28,0
20372,60,14,28,0
20373,60,14,28,0
20374,60,14,28,0
20375,60,14,28,0
20376,60,14,28,0
20377,60,14,28,0
20378,60,14,28,0
20379,60,14,28,0
20380,60,14,28,0
20381,60,14,28,0
20382,60,14,28,0
20383,60,14,28,0
20384,60,14,28,0
20385,60,14,28,0
20386,60,14,28,0
20387,60,14,28,0
20388,60,14,28,0
20389,60,14,28,0
20390,60,14,28,0
20391,60,14,28,0
20392,60,14,28,0
20393,60,14,28,0
20394,60,14,28,0
20395,60,14,28,0
20396,60,14,28,0
20397,60,14,28,0
20398,60,14,28,0
20399,60,14,28,0
20400,60,14,28,0
20401,60,14,28,0
20402,60,14,28,0
20403,60,14,28,0
20404,60,14,28,0
20405,60,14,28,0
20406,60,14,28,0
20407,60,14,28,0
20408,60,14,28,0
20409,60,14,28,0
20410,60,14,28,0
20411,60,14,28,0
20412,60,14,28,0
20413,60,14,28,0
20414,60,14,28,0
20415,60,14,28,0
20416,60,14,28,0
20417,60,14,28,0
20418,60,14,28,0
20419,60,14,28,0
20420,60,14,28,0
20421,60,14,28,0
20422,60,14,28,0
20423,60,14,28,0
20424,60,14,28,0
20425,60,14,28,0
20426,60,14,28,0
20427,60,14,28,0
20428,60,14,28,0
20429,60,14,28,0
20430,60,14,28,0
20431,60,14,28,0
20432,60,14,28,0
20433,60,14,28,0
20434,60,14,28,0
20435,60,14,28,0
20436,60,14,28,0
20437,60,14,28,0
20438,60,14,28,0
20439,60,14,28,0
20440,60,14,28,0
20441,60,14,28,0
20442,60,14,28,0
20443,60,14,28,0
20444,60,14,28,0
20445,60,14,28,0
20446,60,14,28,0
20447,60,14,28,0
20448,60,14,28,0
20449,60,14,28,0
20450,60,14,28,0
20451,60,14,28,0
20452,60,14,28,0
20453,60,14,28,0
20454,60,14,28,0
20455,60,14,28,0
20456,60,14,28,0
20457,60,14,28,0
20458,60,14,28,0
20459,60,14,28,0
20460,60,14,28,0
20461,60,14,28,0
20462,60,14,28,0
20463,60,14,28,0
20464,60,14,28,0
20465,60,14,28,0
20466,60,14,28,0
20467,60,14,28,0
20468,60,14,28,0
20469,60,14,28,0
20470,60,14,28,0
20471,60,14,28,0
20472,60,14,28,0
20473,60,14,28,0
20474,60,14,28,0
20475,60,14,28,0
20476,60,14,28,0
20477,60,14,28,0
20478,60,14,28,0
20479,60,14,28,0
20480,60,14,28,0
20481,60,14,28,0
20482,60,14,28,0
20483,60,14,28,0
20484,60,14,28,0
20485,60,14,28,0
20486,60,14,28,0
20487,60,14,28,0
20488,60,14,28,0
20489,60,14,28,0
20490,60,14,28,0
20491,60,14,28,0
20492,60,14,28,0
20493,60,14,28,0
20494,60,14,28,0
20495,60,14,28,0
20496,60,14,28,0
20497,60,14,28,0
20498,60,14,28,0
20499,60,14,28,0
20500,60,14,28,0
20501,60,14,28,0
20502,60,14,28,0
20503,60,14,28,0
20504,60,14,28,0
20505,60,14,28,0
20506,60,14,28,0
20507,60,14,28,0
20508,60,14,28,0
20509,60,14,28,0
20510,60,14,28,0
20511,60,14,28,0
20512,60,14,28,0
20513,60,14,28,0
20514,60,14,28,0
20515,60,14,28,0
20516,60,14,28,0
20517,60,14,28,0
20518,60,14,28,0
20519,60,14,28,0
20520,60,14,28,0
20521,60,14,28,0
20522,60,14,28,0
20523,60,14,28,0
20524,60,14,28,0
20525,60,14,28,0
20526,60,14,28,0
20527,60,14,28,0
20528,60,14,28,0
20529,60,14,28,0
20530,60,14,28,0
20531,60,14,28,0
20532,60,14,28,0
20533,60,14,28,0
20534,60,14,28,0
20535,60,14,28,0
20536,60,14,28,0
20537,60,14,28,0
20538,60,14,28,0
20539,60,14,28,0
20540,60,14,28,0
20541,60,14,28,0
20542,60,14,28,0
20543,60,14,28,0
20544,60,14,28,0
20545,60,14,28,0
20546,60,14,28,0
20547,60,14,28,0
20548,60,14,28,0
20549,60,14,28,0
20550,60,14,28,0
20551,60,14,28,0
20552,60,14,28,0
20553,60,14,28,0
20554,60,14,28,0
20555,60,14,28,0
20556,60,14,28,0
20557,60,14,28,0
20558,60,14,28,0
20559,60,14,28,0
20560,60,14,28,0
20561,60,14,28,0
20562,60,14,28,0
20563,60,14,28,0
20564,60,14,28,0
20565,60,14,28,0
20566,60,14,28,0
20567,60,14,28,0
20568,60,14,28,0
20569,60,14,28,0
20570,60,14,28,0
20571,60,14,28,0
20572,60,14,28,0
20573,60,14,28,0
20574,60,14,28,0
20575,60,14,28,0
20576,60,14,28,0
20577,60,14,28,0
20578,60,14,28,0
20579,60,14,28,0
20580,60,14,28,0
20581,60,14,28,0
20582,60,14,28,0
20583,60,14,28,0
20584,60,14,28,0
20585,60,14,28,0
20586,60,14,28,0
20587,60,14,28,0
20588,60,14,28,0
20589,60,14,28,0
20590,60,14,28,0
20591,60,14,28,0
20592,60,14,28,0
20593,60,14,28,0
20594,60,14,28,0
20595,60,14,28,0
20596,60,14,28,0
20597,60,14,28,0
20598,60,14,28,0
20599,60,14,28,0
20600,60,14,28,0
20601,60,14,28,0
20602,60,14,28,0
20603,60,14,28,0
20604,60,14,28,0
20605,60,14,28,0
20606,60,14,28,0
20607,60,14,28,0
20608,60,14,28,0
20609,60,14,28,0
20610,60,14,28,0
20611,60,14,28,0
20612,60,14,28,0
20613,60,14,28,0
20614,60,14,28,0
20615,60,14,28,0
20616,60,14,28,0
20617,60,14,28,0
20618,60,14,28,0
20619,60,14,28,0
20620,60,14,28,0
20621,60,14,28,0
20622,60,14,28,0
20623,60,14,28,0
20624,60,14,28,0
20625,60,14,28,0
20626,60,14,28,0
20627,60,14,28,0
20628,60,14,28,0
20629,60,14,28,0
20630,60,14,28,0
20631,60,14,28,0
20632,60,14,28,0
20633,60,14,28,0
20634,60,14,28,0
20635,60,14,28,0
20636,60,14,28,0
20637,60,14,28,0
20638,60,14,28,0
20639,60,14,28,0
20640,60,14,28,0
20641,60,14,28,0
20642,60,14,28,0
20643,60,14,28,0
20644,60,14,28,0
20645,60,14,28,0
20646,60,14,28,0
20647,60,14,28,0
20648,60,14,28,0
20649,60,14,28,0
20650,60,14,28,0
20651,60,14,28,0
20652,60,14,28,0
20653,60,14,28,0
20654,60,14,28,0
20655,60,14,28,0
20656,60,14,28,0
20657,60,14,28,0
20658,60,14,28,0
20659,60,14,28,0
20660,60,14,28,0
20661,60,14,28,0
20662,60,14,28,0
20663,60,14,28,0
20664,60,14,28,0
20665,60,14,28,0
20666,60,14,28,0
20667,60,14,28,0
20668,60,14,28,0
20669,60,14,28,0
20670,60,14,28,0
20671,60,14,28,0
20672,60,14,28,0
20673,60,14,28,0
20674,60,14,28,0
20675,60,14,28,0
20676,60,14,28,0
20677,60,14,28,0
20678,60,14,28,0
20679,60,14,28,0
20680,60,14,28,0
20681,60,14,28,0
20682,60,14,28,0
20683,60,14,28,0
20684,60,14,28,0
20685,60,14,28,0
20686,60,14,28,0
20687,60,14,28,0
20688,60,14,28,0
20689,60,14,28,0
20690,60,14,28,0
20691,60,14,28,0
20692,60,14,28,0
20693,60,14,28,0
20694,60,14,28,0
20695,60,14,28,0
20696,60,14,28,0
20697,60,14,28,0
20698,60,14,28,0
20699,60,14,28,0
20700,60,14,28,0
20701,60,14,28,0
20702,60,14,28,0
20703,60,14,28,0
20704,60,14,28,0
20705,60,14,28,0
20706,60,14,28,0
20707,60,14,28,0
20708,60,14,28,0
20709,60,14,28,0
20710,60,14,28,0
20711,60,14,28,0
20712,60,14,28,0
20713,60,14,28,0
20714,60,14,28,0
20715,60,14,28,0
20716,60,14,28,0
20717,60,14,28,0
20718,60,14,28,0
20719,60,14,28,0
20720,60,14,28,0
20721,60,14,28,0
20722,60,14,28,0
20723,60,14,28,0
20724,60,14,28,0
20725,60,14,28,0
20726,60,14,28,0
20727,60,14,28,0
20728,60,14,28,0
20729,60,14,28,0
20730,60,14,28,0
20731,60,14,28,0
20732,60,14,28,0
20733,60,14,28,0
20734,60,14,28,0
20735,60,14,28,0
20736,60,14,28,0
20737,60,14,28,0
20738,60,14,28,0
20739,60,14,28,0
20740,60,14,28,0
20741,60,14,28,0
20742,60,14,28,0
20743,60,14,28,0
20744,60,14,28,0
20745,60,14,28,0
20746,60,14,28,0
20747,60,14,28,0
20748,60,14,28,0
20749,60,14,28,0
20750,60,14,28,0
20751,60,14,28,0
20752,60,14,28,0
20753,60,14,28,0
20754,60,14,28,0
20755,60,14,28,0
20756,60,14,28,0
20757,60,14,28,0
20758,60,14,28,0
20759,60,14,28,0
20760,60,14,28,0
20761,60,14,28,0
20762,60,14,28,0
20763,60,14,28,0
20764,60,14,28,0
20765,60,14,28,0
20766,60,14,28,0
20767,60,14,28,0
20768,60,14,28,0
20769,60,14,28,0
20770,60,14,28,0
20771,60,14,28,0
20772,60,14,28,0
20773,60,14,28,0
20774,60,14,28,0
20775,60,14,28,0
20776,60,14,28,0
20777,60,14,28,0
20778,60,14,28,0
20779,60,14,28,0
20780,60,14,28,0
20781,60,14,28,0
20782,60,14,28,0
20783,60,14,28,0
20784,60,14,28,0
20785,60,14,28,0
20786,60,14,28,0
20787,60,14,28,0
20788,60,14,28,0
20789,60,14,28,0
20790,60,14,28,0
20791,60,14,28,0
20792,60,14,28,0
20793,60,14,28,0
20794,60,14,28,0
20795,60,14,28,0
20796,60,14,28,0
20797,60,14,28,0
20798,60,14,28,0
20799,60,14,28,0
20800,60,14,28,0
20801,60,14,28,0
20802,60,14,28,0
20803,60,14,28,0
20804,60,14,28,0
20805,60,14,28,0
20806,60,14,28,0
20807,60,14,28,0
20808,60,14,28,0
20809,60,14,28,0
20810,60,14,28,0
20811,60,14,28,0
20812,60,14,28,0
20813,60,14,28,0
20814,60,14,28,0
20815,60,14,28,0
20816,60,14,28,0
20817,60,14,28,0
20818,60,14,28,0
20819,60,14,28,0
20820,60,14,28,0
20821,60,14,28,0
20822,60,14,28,0
20823,60,14,28,0
20824,60,14,28,0
20825,60,14,28,0
20826,60,14,28,0
20827,60,14,28,0
20828,60,14,28,0
20829,60,14,28,0
20830,60,14,28,0
20831,60,14,28,0
20832,60,14,28,0
20833,60,14,28,0
20834,60,14,28,0
20835,60,14,28,0
20836,60,14,28,0
20837,60,14,28,0
20838,60,14,28,0
20839,60,14,28,0
20840,60,14,28,0
20841,60,14,28,0
20842,60,14,28,0
20843,60,14,28,0
20844,60,14,28,0
20845,60,14,28,0
20846,60,14,28,0
20847,60,14,28,0
20848,60,14,28,0
20849,60,14,28,0
20850,60,14,28,0
20851,60,14,28,0
20852,60,14,28,0
20853,60,14,28,0
20854,60,14,28,0
20855,60,14,28,0
20856,60,14,28,0
20857,60,14,28,0
20858,60,14,28,0
20859,60,14,28,0
20860,60,14,28,0
20861,60,14,28,0
20862,60,14,28,0
20863,60,14,28,0
20864,60,14,28,0
20865,60,14,28,0
20866,60,14,28,0
20867,60,14,28,0
20868,60,14,28,0
20869,60,14,28,0
20870,60,14,28,0
20871,60,14,28,0
20872,60,14,28,0
20873,60,14,28,0
20874,60,14,28,0
20875,60,14,28,0
20876,60,14,28,0
20877,60,14,28,0
20878,60,14,28,0
20879,60,14,28,0
20880,60,14,28,0
20881,60,14,28,0
20882,60,14,28,0
20883,60,14,28,0
20884,60,14,28,0
20885,60,14,28,0
20886,60,14,28,0
20887,60,14,28,0
20888,60,14,28,0
20889,60,14,28,0
20890,60,14,28,0
20891,60,14,28,0
20892,60,14,28,0
20893,60,14,28,0
20894,60,14,28,0
20895,60,14,28,0
20896,60,14,28,0
20897,60,14,28,0
20898,60,14,28,0
20899,60,14,28,0
20900,60,14,28,0
20901,60,14,28,0
20902,60,14,28,0
20903,60,14,28,0
20904,60,14,28,0
20905,60,14,28,0
20906,60,14,28,0
20907,60,14,28,0
20908,60,14,28,0
20909,60,14,28,0
20910,60,14,28,0
20911,60,14,28,0
20912,60,14,28,0
20913,60,14,28,0
20914,60,14,28,0
20915,60,14,28,0
20916,60,14,28,0
20917,60,14,28,0
20918,60,14,28,0
20919,60,14,28,0
20920,60,14,28,0
20921,60,14,28,0
20922,60,14,28,0
20923,60,14,28,0
20924,60,14,28,0
20925,60,14,28,0
20926,60,14,28,0
20927,60,14,28,0
20928,60,14,28,0
20929,60,14,28,0
20930,60,14,28,0
20931,60,14,28,0
20932,60,14,28,0
20933,60,14,28,0
20934,60,14,28,0
20935,60,14,28,0
20936,60,14,28,0
20937,60,14,28,0
20938,60,14,28,0
20939,60,14,28,0
20940,60,14,28,0
20941,60,14,28,0
20942,60,14,28,0
20943,60,14,28,0
20944,60,14,28,0
20945,60,14,28,0
20946,60,14,28,0
20947,60,14,28,0
20948,60,14,28,0
20949,60,14,28,0
20950,60,14,28,0
20951,60,14,28,0
20952,60,14,28,0
20953,60,14,28,0
20954,60,14,28,0
20955,60,14,28,0
20956,60,14,28,0
20957,60,14,28,0
20958,60,14,28,0
20959,60,14,28,0
20960,60,14,28,0
20961,60,14,28,0
20962,60,14,28,0
20963,60,14,28,0
20964,60,14,28,0
20965,60,14,28,0
20966,60,14,28,0
20967,60,14,28,0
20968,60,14,28,0
20969,60,14,28,0
20970,60,14,28,0
20971,60,14,28,0
20972,60,14,28,0
20973,60,14,28,0
20974,60,14,28,0
20975,60,14,28,0
20976,60,14,28,0
20977,60,14,28,0
20978,60,14,28,0
20979,60,14,28,0
20980,60,14,28,0
20981,60,14,28,0
20982,60,14,28,0
20983,60,14,28,0
20984,60,14,28,0
20985,60,14,28,0
20986,60,14,28,0
20987,60,14,28,0
20988,60,14,28,0
20989,60,14,28,0
20990,60,14,28,0
20991,60,14,28,0
20992,60,14,28,0
20993,60,14,28,0
20994,60,14,28,0
20995,60,14,28,0
20996,60,14,28,0
20997,60,14,28,0
20998,60,14,28,0
20999,60,14,28,0
21000,60,14,28,0
21001,60,14,28,0
21002,60,14,28,0
21003,60,14,28,0
21004,60,14,28,0
21005,60,14,28,0
21006,60,14,28,0
21007,60,14,28,0
21008,60,14,28,0
21009,60,14,28,0
21010,60,14,28,0
21011,60,14,28,0
21012,60,14,28,0
21013,60,14,28,0
21014,60,14,28,0
21015,60,14,28,0
21016,60,14,28,0
21017,60,14,28,0
21018,60,14,28,0
21019,60,14,28,0
21020,60,14,28,0
21021,60,14,28,0
21022,60,14,28,0
21023,60,14,28,0
21024,60,14,28,0
21025,60,14,28,0
21026,60,14,28,0
21027,60,14,28,0
21028,60,14,28,0
21029,60,14,28,0
21030,60,14,28,0
21031,60,14,28,0
21032,60,14,28,0
21033,60,14,28,0
21034,60,14,28,0
21035,60,14,28,0
21036,60,14,28,0
21037,60,14,28,0
21038,60,14,28,0
21039,60,14,28,0
21040,60,14,28,0
21041,60,14,28,0
21042,60,14,28,0
21043,60,14,28,0
21044,60,14,28,0
21045,60,14,28,0
21046,60,14,28,0
21047,60,14,28,0
21048,60,14,28,0
21049,60,14,28,0
21050,60,14,28,0
21051,60,14,28,0
21052,60,14,28,0
21053,60,14,28,0
21054,60,14,28,0
21055,60,14,28,0
21056,60,14,28,0
21057,60,14,28,0
21058,60,14,28,0
21059,60,14,28,0
21060,60,14,28,0
21061,60,14,28,0
21062,60,14,28,0
21063,60,14,28,0
21064,60,14,28,0
21065,60,14,28,0
21066,60,14,28,0
21067,60,14,28,0
21068,60,14,28,0
21069,60,14,28,0
21070,60,14,28,0
21071,60,14,28,0
21072,60,14,28,0
21073,60,14,28,0
21074,60,14,28,0
21075,60,14,28,0
21076,60,14,28,0
21077,60,14,28,0
21078,60,14,28,0
21079,60,14,28,0
21080,60,14,28,0
21081,60,14,28,0
21082,60,14,28,0
21083,60,14,28,0
21084,60,14,28,0
21085,60,14,28,0
21086,60,14,28,0
21087,60,14,28,0
21088,60,14,28,0
21089,60,14,28,0
21090,60,14,28,0
21091,60,14,28,0
21092,60,14,28,0
21093,60,14,28,0
21094,60,14,28,0
21095,60,14,28,0
21096,60,14,28,0
21097,60,14,28,0
21098,60,14,28,0
21099,60,14,28,0
21100,60,14,28,0
21101,60,14,28,0
21102,60,14,28,0
21103,60,14,28,0
21104,60,14,28,0
21105,60,14,28,0
21106,60,14,28,0
21107,60,14,28,0
21108,60,14,28,0
21109,60,14,28,0
21110,60,14,28,0
21111,60,14,28,0
21112,60,14,28,0
21113,60,14,28,0
21114,60,14,28,0
21115,60,14,28,0
21116,60,14,28,0
21117,60,14,28,0
21118,60,14,28,0
21119,60,14,28,0
21120,60,14,28,0
21121,60,14,28,0
21122,60,14,28,0
21123,60,14,28,0
21124,60,14,28,0
21125,60,14,28,0
21126,60,14,28,0
21127,60,14,28,0
21128,60,14,28,0
21129,60,14,28,0
21130,60,14,28,0
21131,60,14,28,0
21132,60,14,28,0
21133,60,14,28,0
21134,60,14,28,0
21135,60,14,28,0
21136,60,14,28,0
21137,60,14,28,0
21138,60,14,28,0
21139,60,14,28,0
21140,60,14,28,0
21141,60,14,28,0
21142,60,14,28,0
21143,60,14,28,0
21144,60,14,28,0
21145,60,14,28,0
21146,60,14,28,0
21147,60,14,28,0
21148,60,14,28,0
21149,60,14,28,0
21150,60,14,28,0
21151,60,14,28,0
21152,60,14,28,0
21153,60,14,28,0
21154,60,14,28,0
21155,60,14,28,0
21156,60,14,28,0
21157,60,14,28,0
21158,60,14,28,0
21159,60,14,28,0
21160,60,14,28,0
21161,60,14,28,0
21162,60,14,28,0
21163,60,14,28,0
21164,60,14,28,0
21165,60,14,28,0
21166,60,14,28,0
21167,60,14,28,0
21168,60,14,28,0
21169,60,14,28,0
21170,60,14,28,0
21171,60,14,28,0
21172,60,14,28,0
21173,60,14,28,0
21174,60,14,28,0
21175,60,14,28,0
21176,60,14,28,0
21177,60,14,28,0
21178,60,14,28,0
21179,60,14,28,0
21180,60,14,28,0
21181,60,14,28,0
21182,60,14,28,0
21183,60,14,28,0
21184,60,14,28,0
21185,60,14,28,0
21186,60,14,28,0
21187,60,14,28,0
21188,60,14,28,0
21189,60,14,28,0
21190,60,14,28,0
21191,60,14,28,0
21192,60,14,28,0
21193,60,14,28,0
21194,60,14,28,0
21195,60,14,28,0
21196,60,14,28,0
21197,60,14,28,0
21198,60,14,28,0
21199,60,14,28,0
21200,60,14,28,0
21201,60,14,28,0
21202,60,14,28,0
21203,60,14,28,0
21204,60,14,28,0
21205,60,14,28,0
21206,60,14,28,0
21207,60,14,28,0
21208,60,14,28,0
21209,60,14,28,0
21210,60,14,28,0
21211,60,14,28,0
21212,60,14,28,0
21213,60,14,28,0
21214,60,14,28,0
21215,60,14,28,0
21216,60,14,28,0
21217,60,14,28,0
21218,60,14,28,0
21219,60,14,28,0
21220,60,14,28,0
21221,60,14,28,0
21222,60,14,28,0
21223,60,14,28,0
21224,60,14,28,0
21225,60,14,28,0
21226,60,14,28,0
21227,60,14,28,0
21228,60,14,28,0
21229,60,14,28,0
21230,60,14,28,0
21231,60,14,28,0
21232,60,14,28,0
21233,60,14,28,0
21234,60,14,28,0
21235,60,14,28,0
21236,60,14,28,0
21237,60,14,28,0
21238,60,14,28,0
21239,60,14,28,0
21240,60,14,28,0
21241,60,14,28,0
21242,60,14,28,0
21243,60,14,28,0
21244,60,14,28,0
21245,60,14,28,0
21246,60,14,28,0
21247,60,14,28,0
21248,60,14,28,0
21249,60,14,28,0
21250,60,14,28,0
21251,60,14,28,0
21252,60,14,28,0
21253,60,14,28,0
21254,60,14,28,0
21255,60,14,28,0
21256,60,14,28,0
21257,60,14,28,0
21258,60,14,28,0
21259,60,14,28,0
21260,60,14,28,0
21261,60,14,28,0
21262,60,14,28,0
21263,60,14,28,0
21264,60,14,28,0
21265,60,14,28,0
21266,60,14,28,0
21267,60,14,28,0
21268,60,14,28,0
21269,60,14,28,0
21270,60,14,28,0
21271,60,14,28,0
21272,60,14,28,0
21273,60,14,28,0
21274,60,14,28,0
21275,60,14,28,0
21276,60,14,28,0
21277,60,14,28,0
21278,60,14,28,0
21279,60,14,28,0
21280,60,14,28,0
21281,60,14,28,0
21282,60,14,28,0
21283,60,14,28,0
21284,60,14,28,0
21285,60,14,28,0
21286,60,14,28,0
21287,60,14,28,0
21288,60,14,28,0
21289,60,14,28,0
21290,60,14,28,0
21291,60,14,28,0
21292,60,14,28,0
21293,60,14,28,0
21294,60,14,28,0
21295,60,14,28,0
21296,60,14,28,0
21297,60,14,28,0
21298,60,14,28,0
21299,60,14,28,0
21300,60,14,28,0
21301,60,14,28,0
21302,60,14,28,0
21303,60,14,28,0
21304,60,14,28,0
21305,60,14,28,0
21306,60,14,28,0
21307,60,14,28,0
21308,60,14,28,0
21309,60,14,28,0
21310,60,14,28,0
21311,60,14,28,0
21312,60,14,28,0
21313,60,14,28,0
21314,60,14,28,0
21315,60,14,28,0
21316,60,14,28,0
21317,60,14,28,0
21318,60,14,28,0
21319,60,14,28,0
21320,60,14,28,0
21321,60,14,28,0
21322,60,14,28,0
21323,60,14,28,0
21324,60,14,28,0
21325,60,14,28,0
21326,60,14,28,0
21327,60,14,28,0
21328,60,14,28,0
21329,60,14,28,0
21330,60,14,28,0
21331,60,14,28,0
21332,60,14,28,0
21333,60,14,28,0
21334,60,14,28,0
21335,60,14,28,0
21336,60,14,28,0
21337,60,14,28,0
21338,60,14,28,0
21339,60,14,28,0
21340,60,14,28,0
21341,60,14,28,0
21342,60,14,28,0
21343,60,14,28,0
21344,60,14,28,0
21345,60,14,28,0
21346,60,14,28,0
21347,60,14,28,0
21348,60,14,28,0
21349,60,14,28,0
21350,60,14,28,0
21351,60,14,28,0
21352,60,14,28,0
21353,60,14,28,0
21354,60,14,28,0
21355,60,14,28,0
21356,60,14,28,0
21357,60,14,28,0
21358,60,14,28,0
21359,60,14,28,0
21360,60,14,28,0
21361,60,14,28,0
21362,60,14,28,0
21363,60,14,28,0
21364,60,14,28,0
21365,60,14,28,0
21366,60,14,28,0
21367,60,14,28,0
21368,60,14,28,0
21369,60,14,28,0
21370,60,14,28,0
21371,60,14,28,0
21372,60,14,28,0
21373,60,14,28,0
21374,60,14,28,0
21375,60,14,28,0
21376,60,14,28,0
21377,60,14,28,0
21378,60,14,28,0
21379,60,14,28,0
21380,60,14,28,0
21381,60,14,28,0
21382,60,14,28,0
21383,60,14,28,0
21384,60,14,28,0
21385,60,14,28,0
21386,60,14,28,0
21387,60,14,28,0
21388,60,14,28,0
21389,60,14,28,0
21390,60,14,28,0
21391,60,14,28,0
21392,60,14,28,0
21393,60,14,28,0
21394,60,14,28,0
21395,60,14,28,0
21396,60,14,28,0
21397,60,14,28,0
21398,60,14,28,0
21399,60,14,28,0
21400,60,14,28,0
21401,60,14,28,0
21402,60,14,28,0
21403,60,14,28,0
21404,60,14,28,0
21405,60,14,28,0
21406,60,14,28,0
21407,60,14,28,0
21408,60,14,28,0
21409,60,14,28,0
21410,60,14,28,0
21411,60,14,28,0
21412,60,14,28,0
21413,60,14,28,0
21414,60,14,28,0
21415,60,14,28,0
21416,60,14,28,0
21417,60,14,28,0
21418,60,14,28,0
21419,60,14,28,0
21420,60,14,28,0
21421,60,14,28,0
21422,60,14,28,0
21423,60,14,28,0
21424,60,14,28,0
21425,60,14,28,0
21426,60,14,28,0
21427,60,14,28,0
21428,60,14,28,0
21429,60,14,28,0
21430,60,14,28,0
21431,60,14,28,0
21432,60,14,28,0
21433,60,14,28,0
21434,60,14,28,0
21435,60,14,28,0
21436,60,14,28,0
21437,60,14,28,0
21438,60,14,28,0
21439,60,14,28,0
21440,60,14,28,0
21441,60,14,28,0
21442,60,14,28,0
21443,60,14,28,0
21444,60,14,28,0
21445,60,14,28,0
21446,60,14,28,0
21447,60,14,28,0
21448,60,14,28,0
21449,60,14,28,0
21450,60,14,28,0
21451,60,14,28,0
21452,60,14,28,0
21453,60,14,28,0
21454,60,14,28,0
21455,60,14,28,0
21456,60,14,28,0
21457,60,14,28,0
21458,60,14,28,0
21459,60,14,28,0
21460,60,14,28,0
21461,60,14,28,0
21462,60,14,28,0
21463,60,14,28,0
21464,60,14,28,0
21465,60,14,28,0
21466,60,14,28,0
21467,60,14,28,0
21468,60,14,28,0
21469,60,14,28,0
21470,60,14,28,0
21471,60,14,28,0
21472,60,14,28,0
21473,60,14,28,0
21474,60,14,28,0
21475,60,14,28,0
21476,60,14,28,0
21477,60,14,28,0
21478,60,14,28,0
21479,60,14,28,0
21480,60,14,28,0
21481,60,14,28,0
21482,60,14,28,0
21483,60,14,28,0
21484,60,14,28,0
21485,60,14,28,0
21486,60,14,28,0
21487,60,14,28,0
21488,60,14,28,0
21489,60,14,28,0
21490,60,14,28,0
21491,60,14,28,0
21492,60,14,28,0
21493,60,14,28,0
21494,60,14,28,0
21495,60,14,28,0
21496,60,14,28,0
21497,60,14,28,0
21498,60,14,28,0
21499,60,14,28,0
21500,60,14,28,0
21501,60,14,28,0
21502,60,14,28,0
21503,60,14,28,0
21504,60,14,28,0
21505,60,14,28,0
21506,60,14,28,0
21507,60,14,28,0
21508,60,14,28,0
21509,60,14,28,0
21510,60,14,28,0
21511,60,14,28,0
21512,60,14,28,0
21513,60,14,28,0
21514,60,14,28,0
21515,60,14,28,0
21516,60,14,28,0
21517,60,14,28,0
21518,60,14,28,0
21519,60,14,28,0
21520,60,14,28,0
21521,60,14,28,0
21522,60,14,28,0
21523,60,14,28,0
21524,60,14,28,0
21525,60,14,28,0
21526,60,14,28,0
21527,60,14,28,0
21528,60,14,28,0
21529,60,14,28,0
21530,60,14,28,0
21531,60,14,28,0
21532,60,14,28,0
21533,60,14,28,0
21534,60,14,28,0
21535,60,14,28,0
21536,60,14,28,0
21537,60,14,28,0
21538,60,14,28,0
21539,60,14,28,0
21540,60,14,28,0
21541,60,14,28,0
21542,60,14,28,0
21543,60,14,28,0
21544,60,14,28,0
21545,60,14,28,0
21546,60,14,28,0
21547,60,14,28,0
21548,60,14,28,0
21549,60,14,28,0
21550,60,14,28,0
21551,60,14,28,0
21552,60,14,28,0
21553,60,14,28,0
21554,60,14,28,0
21555,60,14,28,0
21556,60,14,28,0
21557,60,14,28,0
21558,60,14,28,0
21559,60,14,28,0
21560,60,14,28,0
21561,60,14,28,0
21562,60,14,28,0
21563,60,14,28,0
21564,60,14,28,0
21565,60,14,28,0
21566,60,14,28,0
21567,60,14,28,0
21568,60,14,28,0
21569,60,14,28,0
21570,60,14,28,0
21571,60,14,28,0
21572,60,14,28,0
21573,60,14,28,0
21574,60,14,28,0
21575,60,14,28,0
21576,60,14,28,0
21577,60,14,28,0
21578,60,14,28,0
21579,60,14,28,0
21580,60,14,28,0
21581,60,14,28,0
21582,60,14,28,0
21583,60,14,28,0
21584,60,14,28,0
21585,60,14,28,0
21586,60,14,28,0
21587,60,14,28,0
21588,60,14,28,0
21589,60,14,28,0
21590,60,14,28,0
21591,60,14,28,0
21592,60,14,28,0
21593,60,14,28,0
21594,60,14,28,0
21595,60,14,28,0
21596,60,14,28,0
21597,60,14,28,0
21598,60,14,28,0
21599,60,14,28,0
21600,60,14,28,0
21601,60,14,28,0
21602,60,14,28,0
21603,60,14,28,0
21604,60,14,28,0
21605,60,14,28,0
21606,60,14,28,0
21607,60,14,28,0
21608,60,14,28,0
21609,60,14,28,0
21610,60,14,28,0
21611,60,14,28,0
21612,60,14,28,0
21613,60,14,28,0
21614,60,14,28,0
21615,60,14,28,0
21616,60,14,28,0
21617,60,14,28,0
21618,60,14,28,0
21619,60,14,28,0
21620,60,14,28,0
21621,60,14,28,0
21622,60,14,28,0
21623,60,14,28,0
21624,60,14,28,0
21625,60,14,28,0
21626,60,14,28,0
21627,60,14,28,0
21628,60,14,28,0
21629,60,14,28,0
21630,60,14,28,0
21631,60,14,28,0
21632,60,14,28,0
21633,60,14,28,0
21634,60,14,28,0
21635,60,14,28,0
21636,60,14,28,0
21637,60,14,28,0
21638,60,14,28,0
21639,60,14,28,0
21640,60,14,28,0
21641,60,14,28,0
21642,60,14,28,0
21643,60,14,28,0
21644,60,14,28,0
21645,60,14,28,0
21646,60,14,28,0
21647,60,14,28,0
21648,60,14,28,0
21649,60,14,28,0
21650,60,14,28,0
21651,60,14,28,0
21652,60,14,28,0
21653,60,14,28,0
21654,60,14,28,0
21655,60,14,28,0
21656,60,14,28,0
21657,60,14,28,0
21658,60,14,28,0
21659,60,14,28,0
21660,60,14,28,0
21661,60,14,28,0
21662,60,14,28,0
21663,60,14,28,0
21664,60,14,28,0
21665,60,14,28,0
21666,60,14,28,0
21667,60,14,28,0
21668,60,14,28,0
21669,60,14,28,0
21670,60,14,28,0
21671,60,14,28,0
21672,60,14,28,0
21673,60,14,28,0
21674,60,14,28,0
21675,60,14,28,0
21676,60,14,28,0
21677,60,14,28,0
21678,60,14,28,0
21679,60,14,28,0
21680,60,14,28,0
21681,60,14,28,0
21682,60,14,28,0
21683,60,14,28,0
21684,60,14,28,0
21685,60,14,28,0
21686,60,14,28,0
21687,60,14,28,0
21688,60,14,28,0
21689,60,14,28,0
21690,60,14,28,0
21691,60,14,28,0
21692,60,14,28,0
21693,60,14,28,0
21694,60,14,28,0
21695,60,14,28,0
21696,60,14,28,0
21697,60,14,28,0
21698,60,14,28,0
21699,60,14,28,0
21700,60,14,28,0
21701,60,14,28,0
21702,60,14,28,0
21703,60,14,28,0
21704,60,14,28,0
21705,60,14,28,0
21706,60,14,28,0
21707,60,14,28,0
21708,60,14,28,0
21709,60,14,28,0
21710,60,14,28,0
21711,60,14,28,0
21712,60,14,28,0
21713,60,14,28,0
21714,60,14,28,0
21715,60,14,28,0
21716,60,14,28,0
21717,60,14,28,0
21718,60,14,28,0
21719,60,14,28,0
21720,60,14,28,0
21721,60,14,28,0
21722,60,14,28,0
21723,60,14,28,0
21724,60,14,28,0
21725,60,14,28,0
21726,60,14,28,0
21727,60,14,28,0
21728,60,14,28,0
21729,60,14,28,0
21730,60,14,28,0
21731,60,14,28,0
21732,60,14,28,0
21733,60,14,28,0
21734,60,14,28,0
21735,60,14,28,0
21736,60,14,28,0
21737,60,14,28,0
21738,60,14,28,0
21739,60,14,28,0
21740,60,14,28,0
21741,60,14,28,0
21742,60,14,28,0
21743,60,14,28,0
21744,60,14,28,0
21745,60,14,28,0
21746,60,14,28,0
21747,60,14,28,0
21748,60,14,28,0
21749,60,14,28,0
21750,60,14,28,0
21751,60,14,28,0
21752,60,14,28,0
21753,60,14,28,0
21754,60,14,28,0
21755,60,14,28,0
21756,60,14,28,0
21757,60,14,28,0
21758,60,14,28,0
21759,60,14,28,0
21760,60,14,28,0
21761,60,14,28,0
21762,60,14,28,0
21763,60,14,28,0
21764,60,14,28,0
21765,60,14,28,0
21766,60,14,28,0
21767,60,14,28,0
21768,60,14,28,0
21769,60,14,28,0
21770,60,14,28,0
21771,60,14,28,0
21772,60,14,28,0
21773,60,14,28,0
21774,60,14,28,0
21775,60,14,28,0
21776,60,14,28,0
21777,60,14,28,0
21778,60,14,28,0
21779,60,14,28,0
21780,60,14,28,0
21781,60,14,28,0
21782,60,14,28,0
21783,60,14,28,0
21784,60,14,28,0
21785,60,14,28,0
21786,60,14,28,0
21787,60,14,28,0
21788,60,14,28,0
21789,60,14,28,0
21790,60,14,28,0
21791,60,14,28,0
21792,60,14,28,0
21793,60,14,28,0
21794,60,14,28,0
21795,60,14,28,0
21796,60,14,28,0
21797,60,14,28,0
21798,60,14,28,0
21799,60,14,28,0
21800,60,14,28,0
21801,60,14,28,0
21802,60,14,28,0
21803,60,14,28,0
21804,60,14,28,0
21805,60,14,28,0
21806,60,14,28,0
21807,60,14,28,0
21808,60,14,28,0
21809,60,14,28,0
21810,60,14,28,0
21811,60,14,28,0
21812,60,14,28,0
21813,60,14,28,0
21814,60,14,28,0
21815,60,14,28,0
21816,60,14,28,0
21817,60,14,28,0
21818,60,14,28,0
21819,60,14,28,0
21820,60,14,28,0
21821,60,14,28,0
21822,60,14,28,0
21823,60,14,28,0
21824,60,14,28,0
21825,60,14,28,0
21826,60,14,28,0
21827,60,14,28,0
21828,60,14,28,0
21829,60,14,28,0
21830,60,14,28,0
21831,60,14,28,0
21832,60,14,28,0
21833,60,14,28,0
21834,60,14,28,0
21835,60,14,28,0
21836,60,14,28,0
21837,60,14,28,0
21838,60,14,28,0
21839,60,14,28,0
21840,60,14,28,0
21841,60,14,28,0
21842,60,14,28,0
21843,60,14,28,0
21844,60,14,28,0
21845,60,14,28,0
21846,60,14,28,0
21847,60,14,28,0
21848,60,14,28,0
21849,60,14,28,0
21850,60,14,28,0
21851,60,14,28,0
21852,60,14,28,0
21853,60,14,28,0
21854,60,14,28,0
21855,60,14,28,0
21856,60,14,28,0
21857,60,14,28,0
21858,60,14,28,0
21859,60,14,28,0
21860,60,14,28,0
21861,60,14,28,0
21862,60,14,28,0
21863,60,14,28,0
21864,60,14,28,0
21865,60,14,28,0
21866,60,14,28,0
21867,60,14,28,0
21868,60,14,28,0
21869,60,14,28,0
21870,60,14,28,0
21871,60,14,28,0
21872,60,14,28,0
21873,60,14,28,0
21874,60,14,28,0
21875,60,14,28,0
21876,60,14,28,0
21877,60,14,28,0
21878,60,14,28,0
21879,60,14,28,0
21880,60,14,28,0
21881,60,14,28,0
21882,60,14,28,0
21883,60,14,28,0
21884,60,14,28,0
21885,60,14,28,0
21886,60,14,28,0
21887,60,14,28,0
21888,60,14,28,0
21889,60,14,28,0
21890,60,14,28,0
21891,60,14,28,0
21892,60,14,28,0
21893,60,14,28,0
21894,60,14,28,0
21895,60,14,28,0
21896,60,14,28,0
21897,60,14,28,0
21898,60,14,28,0
21899,60,14,28,0
21900,60,14,28,0
21901,60,14,28,0
21902,60,14,28,0
21903,60,14,28,0
21904,60,14,28,0
21905,60,14,28,0
21906,60,14,28,0
21907,60,14,28,0
21908,60,14,28,0
21909,60,14,28,0
21910,60,14,28,0
21911,60,14,28,0
21912,60,14,28,0
21913,60,14,28,0
21914,60,14,28,0
21915,60,14,28,0
21916,60,14,28,0
21917,60,14,28,0
21918,60,14,28,0
21919,60,14,28,0
21920,60,14,28,0
21921,60,14,28,0
21922,60,14,28,0
21923,60,14,28,0
21924,60,14,28,0
21925,60,14,28,0
21926,60,14,28,0
21927,60,14,28,0
21928,60,14,28,0
21929,60,14,28,0
21930,60,14,28,0
21931,60,14,28,0
21932,60,14,28,0
21933,60,14,28,0
21934,60,14,28,0
21935,60,14,28,0
21936,60,14,28,0
21937,60,14,28,0
21938,60,14,28,0
21939,60,14,28,0
21940,60,14,28,0
21941,60,14,28,0
21942,60,14,28,0
21943,60,14,28,0
21944,60,14,28,0
21945,60,14,28,0
21946,60,14,28,0
21947,60,14,28,0
21948,60,14,28,0
21949,60,14,28,0
21950,60,14,28,0
21951,60,14,28,0
21952,60,14,28,0
21953,60,14,28,0
21954,60,14,28,0
21955,60,14,28,0
21956,60,14,28,0
21957,60,14,28,0
21958,60,14,28,0
21959,60,14,28,0
21960,60,14,28,0
21961,60,14,28,0
21962,60,14,28,0
21963,60,14,28,0
21964,60,14,28,0
21965,60,14,28,0
21966,60,14,28,0
21967,60,14,28,0
21968,60,14,28,0
21969,60,14,28,0
21970,60,14,28,0
21971,60,14,28,0
21972,60,14,28,0
21973,60,14,28,0
21974,60,14,28,0
21975,60,14,28,0
21976,60,14,28,0
21977,60,14,28,0
21978,60,14,28,0
21979,60,14,28,0
21980,60,14,28,0
21981,60,14,28,0
21982,60,14,28,0
21983,60,14,28,0
21984,60,14,28,0
21985,60,14,28,0
21986,60,14,28,0
21987,60,14,28,0
21988,60,14,28,0
21989,60,14,28,0
21990,60,14,28,0
21991,60,14,28,0
21992,60,14,28,0
21993,60,14,28,0
21994,60,14,28,0
21995,60,14,28,0
21996,60,14,28,0
21997,60,14,28,0
21998,60,14,28,0
21999,60,14,28,0
22000,60,14,28,0
22001,60,14,28,0
22002,60,14,28,0
22003,60,14,28,0
22004,60,14,28,0
22005,60,14,28,0
22006,60,14,28,0
22007,60,14,28,0
22008,60,14,28,0
22009,60,14,28,0
22010,60,14,28,0
22011,60,14,28,0
22012,60,14,28,0
22013,60,14,28,0
22014,60,14,28,0
22015,60,14,28,0
22016,60,14,28,0
22017,60,14,28,0
22018,60,14,28,0
22019,60,14,28,0
22020,60,14,28,0
22021,60,14,28,0
22022,60,14,28,0
22023,60,14,28,0
22024,60,14,28,0
22025,60,14,28,0
22026,60,14,28,0
22027,60,14,28,0
22028,60,14,28,0
22029,60,14,28,0
22030,60,14,28,0
22031,60,14,28,0
22032,60,14,28,0
22033,60,14,28,0
22034,60,14,28,0
22035,60,14,28,0
22036,60,14,28,0
22037,60,14,28,0
22038,60,14,28,0
22039,60,14,28,0
22040,60,14,28,0
22041,60,14,28,0
22042,60,14,28,0
22043,60,14,28,0
22044,60,14,28,0
22045,60,14,28,0
22046,60,14,28,0
22047,60,14,28,0
22048,60,14,28,0
22049,60,14,28,0
22050,60,14,28,0
22051,60,14,28,0
22052,60,14,28,0
22053,60,14,28,0
22054,60,14,28,0
22055,60,14,28,0
22056,60,14,28,0
22057,60,14,28,0
22058,60,14,28,0
22059,60,14,28,0
22060,60,14,28,0
22061,60,14,28,0
22062,60,14,28,0
22063,60,14,28,0
22064,60,14,28,0
22065,60,14,28,0
22066,60,14,28,0
22067,60,14,28,0
22068,60,14,28,0
22069,60,14,28,0
22070,60,14,28,0
22071,60,14,28,0
22072,60,14,28,0
22073,60,14,28,0
22074,60,14,28,0
22075,60,14,28,0
22076,60,14,28,0
22077,60,14,28,0
22078,60,14,28,0
22079,60,14,28,0
22080,60,14,28,0
22081,60,14,28,0
22082,60,14,28,0
22083,60,14,28,0
22084,60,14,28,0
22085,60,14,28,0
22086,60,14,28,0
22087,60,14,28,0
22088,60,14,28,0
22089,60,14,28,0
22090,60,14,28,0
22091,60,14,28,0
22092,60,14,28,0
22093,60,14,28,0
22094,60,14,28,0
22095,60,14,28,0
22096,60,14,28,0
22097,60,14,28,0
22098,60,14,28,0
22099,60,14,28,0
22100,60,14,28,0
22101,60,14,28,0
22102,60,14,28,0
22103,60,14,28,0
22104,60,14,28,0
22105,60,14,28,0
22106,60,14,28,0
22107,60,14,28,0
22108,60,14,28,0
22109,60,14,28,0
22110,60,14,28,0
22111,60,14,28,0
22112,60,14,28,0
22113,60,14,28,0
22114,60,14,28,0
22115,60,14,28,0
22116,60,14,28,0
22117,60,14,28,0
22118,60,14,28,0
22119,60,14,28,0
22120,60,14,28,0
22121,60,14,28,0
22122,60,14,28,0
22123,60,14,28,0
22124,60,14,28,0
22125,60,14,28,0
22126,60,14,28,0
22127,60,14,28,0
22128,60,14,28,0
22129,60,14,28,0
22130,60,14,28,0
22131,60,14,28,0
22132,60,14,28,0
22133,60,14,28,0
22134,60,14,28,0
22135,60,14,28,0
22136,60,14,28,0
22137,60,14,28,0
22138,60,14,28,0
22139,60,14,28,0
22140,60,14,28,0
22141,60,14,28,0
22142,60,14,28,0
22143,60,14,28,0
22144,60,14,28,0
22145,60,14,28,0
22146,60,14,28,0
22147,60,14,28,0
22148,60,14,28,0
22149,60,14,28,0
22150,60,14,28,0
22151,60,14,28,0
22152,60,14,28,0
22153,60,14,28,0
22154,60,14,28,0
22155,60,14,28,0
22156,60,14,28,0
22157,60,14,28,0
22158,60,14,28,0
22159,60,14,28,0
22160,60,14,28,0
22161,60,14,28,0
22162,60,14,28,0
22163,60,14,28,0
22164,60,14,28,0
22165,60,14,28,0
22166,60,14,28,0
22167,60,14,28,0
22168,60,14,28,0
22169,60,14,28,0
22170,60,14,28,0
22171,60,14,28,0
22172,60,14,28,0
22173,60,14,28,0
22174,60,14,28,0
22175,60,14,28,0
22176,60,14,28,0
22177,60,14,28,0
22178,60,14,28,0
22179,60,14,28,0
22180,60,14,28,0
22181,60,14,28,0
22182,60,14,28,0
22183,60,14,28,0
22184,60,14,28,0
22185,60,14,28,0
22186,60,14,28,0
22187,60,14,28,0
22188,60,14,28,0
22189,60,14,28,0
22190,60,14,28,0
22191,60,14,28,0
22192,60,14,28,0
22193,60,14,28,0
22194,60,14,28,0
22195,60,14,28,0
22196,60,14,28,0
22197,60,14,28,0
22198,60,14,28,0
22199,60,14,28,0
22200,60,14,28,0
22201,60,14,28,0
22202,60,14,28,0
22203,60,14,28,0
22204,60,14,28,0
22205,60,14,28,0
22206,60,14,28,0
22207,60,14,28,0
22208,60,14,28,0
22209,60,14,28,0
22210,60,14,28,0
22211,60,14,28,0
22212,60,14,28,0
22213,60,14,28,0
22214,60,14,28,0
22215,60,14,28,0
22216,60,14,28,0
22217,60,14,28,0
22218,60,14,28,0
22219,60,14,28,0
22220,60,14,28,0
22221,60,14,28,0
22222,60,14,28,0
22223,60,14,28,0
22224,60,14,28,0
22225,60,14,28,0
22226,60,14,28,0
22227,60,14,28,0
22228,60,14,28,0
22229,60,14,28,0
22230,60,14,28,0
22231,60,14,28,0
22232,60,14,28,0
22233,60,14,28,0
22234,60,14,28,0
22235,60,14,28,0
22236,60,14,28,0
22237,60,14,28,0
22238,60,14,28,0
22239,60,14,28,0
22240,60,14,28,0
22241,60,14,28,0
22242,60,14,28,0
22243,60,14,28,0
22244,60,14,28,0
22245,60,14,28,0
22246,60,14,28,0
22247,60,14,28,0
22248,60,14,28,0
22249,60,14,28,0
22250,60,14,28,0
22251,60,14,28,0
22252,60,14,28,0
22253,60,14,28,0
22254,60,14,28,0
22255,60,14,28,0
22256,60,14,28,0
22257,60,14,28,0
22258,60,14,28,0
22259,60,14,28,0
22260,60,14,28,0
22261,60,14,28,0
22262,60,14,28,0
22263,60,14,28,0
22264,60,14,28,0
22265,60,14,28,0
22266,60,14,28,0
22267,60,14,28,0
22268,60,14,28,0
22269,60,14,28,0
22270,60,14,28,0
22271,60,14,28,0
22272,60,14,28,0
22273,60,14,28,0
22274,60,14,28,0
22275,60,14,28,0
22276,60,14,28,0
22277,60,14,28,0
22278,60,14,28,0
22279,60,14,28,0
22280,60,14,28,0
22281,60,14,28,0
22282,60,14,28,0
22283,60,14,28,0
22284,60,14,28,0
22285,60,14,28,0
22286,60,14,28,0
22287,60,14,28,0
22288,60,14,28,0
22289,60,14,28,0
22290,60,14,28,0
22291,60,14,28,0
22292,60,14,28,0
22293,60,14,28,0
22294,60,14,28,0
22295,60,14,28,0
22296,60,14,28,0
22297,60,14,28,0
22298,60,14,28,0
22299,60,14,28,0
22300,60,14,28,0
22301,60,14,28,0
22302,60,14,28,0
22303,60,14,28,0
22304,60,14,28,0
22305,60,14,28,0
22306,60,14,28,0
22307,60,14,28,0
22308,60,14,28,0
22309,60,14,28,0
22310,60,14,28,0
22311,60,14,28,0
22312,60,14,28,0
22313,60,14,28,0
22314,60,14,28,0
22315,60,14,28,0
22316,60,14,28,0
22317,60,14,28,0
22318,60,14,28,0
22319,60,14,28,0
22320,60,14,28,0
22321,60,14,28,0
22322,60,14,28,0
22323,60,14,28,0
22324,60,14,28,0
22325,60,14,28,0
22326,60,14,28,0
22327,60,14,28,0
22328,60,14,28,0
22329,60,14,28,0
22330,60,14,28,0
22331,60,14,28,0
22332,60,14,28,0
22333,60,14,28,0
22334,60,14,28,0
22335,60,14,28,0
22336,60,14,28,0
22337,60,14,28,0
22338,60,14,28,0
22339,60,14,28,0
22340,60,14,28,0
22341,60,14,28,0
22342,60,14,28,0
22343,60,14,28,0
22344,60,14,28,0
22345,60,14,28,0
22346,60,14,28,0
22347,60,14,28,0
22348,60,14,28,0
22349,60,14,28,0
22350,60,14,28,0
22351,60,14,28,0
22352,60,14,28,0
22353,60,14,28,0
22354,60,14,28,0
22355,60,14,28,0
22356,60,14,28,0
22357,60,14,28,0
22358,60,14,28,0
22359,60,14,28,0
22360,60,14,28,0
22361,60,14,28,0
22362,60,14,28,0
22363,60,14,28,0
22364,60,14,28,0
22365,60,14,28,0
22366,60,14,28,0
22367,60,14,28,0
22368,60,14,28,0
22369,60,14,28,0
22370,60,14,28,0
22371,60,14,28,0
22372,60,14,28,0
22373,60,14,28,0
22374,60,14,28,0
22375,60,14,28,0
22376,60,14,28,0
22377,60,14,28,0
22378,60,14,28,0
22379,60,14,28,0
22380,60,14,28,0
22381,60,14,28,0
22382,60,14,28,0
22383,60,14,28,0
22384,60,14,28,0
22385,60,14,28,0
22386,60,14,28,0
22387,60,14,28,0
22388,60,14,28,0
22389,60,14,28,0
22390,60,14,28,0
22391,60,14,28,0
22392,60,14,28,0
22393,60,14,28,0
22394,60,14,28,0
22395,60,14,28,0
22396,60,14,28,0
22397,60,14,28,0
22398,60,14,28,0
22399,60,14,28,0
22400,60,14,28,0
22401,60,14,28,0
22402,60,14,28,0
22403,60,14,28,0
22404,60,14,28,0
22405,60,14,28,0
22406,60,14,28,0
22407,60,14,28,0
22408,60,14,28,0
22409,60,14,28,0
22410,60,14,28,0
22411,60,14,28,0
22412,60,14,28,0
22413,60,14,28,0
22414,60,14,28,0
22415,60,14,28,0
22416,60,14,28,0
22417,60,14,28,0
22418,60,14,28,0
22419,60,14,28,0
22420,60,14,28,0
22421,60,14,28,0
22422,60,14,28,0
22423,60,14,28,0
22424,60,14,28,0
22425,60,14,28,0
22426,60,14,28,0
22427,60,14,28,0
22428,60,14,28,0
22429,60,14,28,0
22430,60,14,28,0
22431,60,14,28,0
22432,60,14,28,0
22433,60,14,28,0
22434,60,14,28,0
22435,60,14,28,0
22436,60,14,28,0
22437,60,14,28,0
22438,60,14,28,0
22439,60,14,28,0
22440,60,14,28,0
22441,60,14,28,0
22442,60,14,28,0
22443,60,14,28,0
22444,60,14,28,0
22445,60,14,28,0
22446,60,14,28,0
22447,60,14,28,0
22448,60,14,28,0
22449,60,14,28,0
22450,60,14,28,0
22451,60,14,28,0
22452,60,14,28,0
22453,60,14,28,0
22454,60,14,28,0
22455,60,14,28,0
22456,60,14,28,0
22457,60,14,28,0
22458,60,14,28,0
22459,60,14,28,0
22460,60,14,28,0
22461,60,14,28,0
22462,60,14,28,0
22463,60,14,28,0
22464,60,14,28,0
22465,60,14,28,0
22466,60,14,28,0
22467,60,14,28,0
22468,60,14,28,0
22469,60,14,28,0
22470,60,14,28,0
22471,60,14,28,0
22472,60,14,28,0
22473,60,14,28,0
22474,60,14,28,0
22475,60,14,28,0
22476,60,14,28,0
22477,60,14,28,0
22478,60,14,28,0
22479,60,14,28,0
22480,60,14,28,0
22481,60,14,28,0
22482,60,14,28,0
22483,60,14,28,0
22484,60,14,28,0
22485,60,14,28,0
22486,60,14,28,0
22487,60,14,28,0
22488,60,14,28,0
22489,60,14,28,0
22490,60,14,28,0
22491,60,14,28,0
22492,60,14,28,0
22493,60,14,28,0
22494,60,14,28,0
22495,60,14,28,0
22496,60,14,28,0
22497,60,14,28,0
22498,60,14,28,0
22499,60,14,28,0
22500,60,14,28,0
22501,60,14,28,0
22502,60,14,28,0
22503,60,14,28,0
22504,60,14,28,0
22505,60,14,28,0
22506,60,14,28,0
22507,60,14,28,0
22508,60,14,28,0
22509,60,14,28,0
22510,60,14,28,0
22511,60,14,28,0
22512,60,14,28,0
22513,60,14,28,0
22514,60,14,28,0
22515,60,14,28,0
22516,60,14,28,0
22517,60,14,28,0
22518,60,14,28,0
22519,60,14,28,0
22520,60,14,28,0
22521,60,14,28,0
22522,60,14,28,0
22523,60,14,28,0
22524,60,14,28,0
22525,60,14,28,0
22526,60,14,28,0
22527,60,14,28,0
22528,60,14,28,0
22529,60,14,28,0
22530,60,14,28,0
22531,60,14,28,0
22532,60,14,28,0
22533,60,14,28,0
22534,60,14,28,0
22535,60,14,28,0
22536,60,14,28,0
22537,60,14,28,0
22538,60,14,28,0
22539,60,14,28,0
22540,60,14,28,0
22541,60,14,28,0
22542,60,14,28,0
22543,60,14,28,0
22544,60,14,28,0
22545,60,14,28,0
22546,60,14,28,0
22547,60,14,28,0
22548,60,14,28,0
22549,60,14,28,0
22550,60,14,28,0
22551,60,14,28,0
22552,60,14,28,0
22553,60,14,28,0
22554,60,14,28,0
22555,60,14,28,0
22556,60,14,28,0
22557,60,14,28,0
22558,60,14,28,0
22559,60,14,28,0
22560,60,14,28,0
22561,60,14,28,0
22562,60,14,28,0
22563,60,14,28,0
22564,60,14,28,0
22565,60,14,28,0
22566,60,14,28,0
22567,60,14,28,0
22568,60,14,28,0
22569,60,14,28,0
22570,60,14,28,0
22571,60,14,28,0
22572,60,14,28,0
22573,60,14,28,0
22574,60,14,28,0
22575,60,14,28,0
22576,60,14,28,0
22577,60,14,28,0
22578,60,14,28,0
22579,60,14,28,0
22580,60,14,28,0
22581,60,14,28,0
22582,60,14,28,0
22583,60,14,28,0
22584,60,14,28,0
22585,60,14,28,0
22586,60,14,28,0
22587,60,14,28,0
22588,60,14,28,0
22589,60,14,28,0
22590,60,14,28,0
22591,60,14,28,0
22592,60,14,28,0
22593,60,14,28,0
22594,60,14,28,0
22595,60,14,28,0
22596,60,14,28,0
22597,60,14,28,0
22598,60,14,28,0
22599,60,14,28,0
22600,60,14,28,0
22601,60,14,28,0
22602,60,14,28,0
22603,60,14,28,0
22604,60,14,28,0
22605,60,14,28,0
22606,60,14,28,0
22607,60,14,28,0
22608,60,14,28,0
22609,60,14,28,0
22610,60,14,28,0
22611,60,14,28,0
22612,60,14,28,0
22613,60,14,28,0
22614,60,14,28,0
22615,60,14,28,0
22616,60,14,28,0
22617,60,14,28,0
22618,60,14,28,0
22619,60,14,28,0
22620,60,14,28,0
22621,60,14,28,0
22622,60,14,28,0
22623,60,14,28,0
22624,60,14,28,0
22625,60,14,28,0
22626,60,14,28,0
22627,60,14,28,0
22628,60,14,28,0
22629,60,14,28,0
22630,60,14,28,0
22631,60,14,28,0
22632,60,14,28,0
22633,60,14,28,0
22634,60,14,28,0
22635,60,14,28,0
22636,60,14,28,0
22637,60,14,28,0
22638,60,14,28,0
22639,60,14,28,0
22640,60,14,28,0
22641,60,14,28,0
22642,60,14,28,0
22643,60,14,28,0
22644,60,14,28,0
22645,60,14,28,0
22646,60,14,28,0
22647,60,14,28,0
22648,60,14,28,0
22649,60,14,28,0
22650,60,14,28,0
22651,60,14,28,0
22652,60,14,28,0
22653,60,14,28,0
22654,60,14,28,0
22655,60,14,28,0
22656,60,14,28,0
22657,60,14,28,0
22658,60,14,28,0
22659,60,14,28,0
22660,60,14,28,0
22661,60,14,28,0
22662,60,14,28,0
22663,60,14,28,0
22664,60,14,28,0
22665,60,14,28,0
22666,60,14,28,0
22667,60,14,28,0
22668,60,14,28,0
22669,60,14,28,0
22670,60,14,28,0
22671,60,14,28,0
22672,60,14,28,0
22673,60,14,28,0
22674,60,14,28,0
22675,60,14,28,0
22676,60,14,28,0
22677,60,14,28,0
22678,60,14,28,0
22679,60,14,28,0
22680,60,14,28,0
22681,60,14,28,0
22682,60,14,28,0
22683,60,14,28,0
22684,60,14,28,0
22685,60,14,28,0
22686,60,14,28,0
22687,60,14,28,0
22688,60,14,28,0
22689,60,14,28,0
22690,60,14,28,0
22691,60,14,28,0
22692,60,14,28,0
22693,60,14,28,0
22694,60,14,28,0
22695,60,14,28,0
22696,60,14,28,0
22697,60,14,28,0
22698,60,14,28,0
22699,60,14,28,0
22700,60,14,28,0
22701,60,14,28,0
22702,60,14,28,0
22703,60,14,28,0
22704,60,14,28,0
22705,60,14,28,0
22706,60,14,28,0
22707,60,14,28,0
22708,60,14,28,0
22709,60,14,28,0
22710,60,14,28,0
22711,60,14,28,0
22712,60,14,28,0
22713,60,14,28,0
22714,60,14,28,0
22715,60,14,28,0
22716,60,14,28,0
22717,60,14,28,0
22718,60,14,28,0
22719,60,14,28,0
22720,60,14,28,0
22721,60,14,28,0
22722,60,14,28,0
22723,60,14,28,0
22724,60,14,28,0
22725,60,14,28,0
22726,60,14,28,0
22727,60,14,28,0
22728,60,14,28,0
22729,60,14,28,0
22730,60,14,28,0
22731,60,14,28,0
22732,60,14,28,0
22733,60,14,28,0
22734,60,14,28,0
22735,60,14,28,0
22736,60,14,28,0
22737,60,14,28,0
22738,60,14,28,0
22739,60,14,28,0
22740,60,14,28,0
22741,60,14,28,0
22742,60,14,28,0
22743,60,14,28,0
22744,60,14,28,0
22745,60,14,28,0
22746,60,14,28,0
22747,60,14,28,0
22748,60,14,28,0
22749,60,14,28,0
22750,60,14,28,0
22751,60,14,28,0
22752,60,14,28,0
22753,60,14,28,0
22754,60,14,28,0
22755,60,14,28,0
22756,60,14,28,0
22757,60,14,28,0
22758,60,14,28,0
22759,60,14,28,0
22760,60,14,28,0
22761,60,14,28,0
22762,60,14,28,0
22763,60,14,28,0
22764,60,14,28,0
22765,60,14,28,0
22766,60,14,28,0
22767,60,14,28,0
22768,60,14,28,0
22769,60,14,28,0
22770,60,14,28,0
22771,60,14,28,0
22772,60,14,28,0
22773,60,14,28,0
22774,60,14,28,0
22775,60,14,28,0
22776,60,14,28,0
22777,60,14,28,0
22778,60,14,28,0
22779,60,14,28,0
22780,60,14,28,0
22781,60,14,28,0
22782,60,14,28,0
22783,60,14,28,0
22784,60,14,28,0
22785,60,14,28,0
22786,60,14,28,0
22787,60,14,28,0
22788,60,14,28,0
22789,60,14,28,0
22790,60,14,28,0
22791,60,14,28,0
22792,60,14,28,0
22793,60,14,28,0
22794,60,14,28,0
22795,60,14,28,0
22796,60,14,28,0
22797,60,14,28,0
22798,60,14,28,0
22799,60,14,28,0
22800,60,14,28,0
22801,60,14,28,0
22802,60,14,28,0
22803,60,14,28,0
22804,60,14,28,0
22805,60,14,28,0
22806,60,14,28,0
22807,60,14,28,0
22808,60,14,28,0
22809,60,14,28,0
22810,60,14,28,0
22811,60,14,28,0
22812,60,14,28,0
22813,60,14,28,0
22814,60,14,28,0
22815,60,14,28,0
22816,60,14,28,0
22817,60,14,28,0
22818,60,14,28,0
22819,60,14,28,0
22820,60,14,28,0
22821,60,14,28,0
22822,60,14,28,0
22823,60,14,28,0
22824,60,14,28,0
22825,60,14,28,0
22826,60,14,28,0
22827,60,14,28,0
22828,60,14,28,0
22829,60,14,28,0
22830,60,14,28,0
22831,60,14,28,0
22832,60,14,28,0
22833,60,14,28,0
22834,60,14,28,0
22835,60,14,28,0
22836,60,14,28,0
22837,60,14,28,0
22838,60,14,28,0
22839,60,14,28,0
22840,60,14,28,0
22841,60,14,28,0
22842,60,14,28,0
22843,60,14,28,0
22844,60,14,28,0
22845,60,14,28,0
22846,60,14,28,0
22847,60,14,28,0
22848,60,14,28,0
22849,60,14,28,0
22850,60,14,28,0
22851,60,14,28,0
22852,60,14,28,0
22853,60,14,28,0
22854,60,14,28,0
22855,60,14,28,0
22856,60,14,28,0
22857,60,14,28,0
22858,60,14,28,0
22859,60,14,28,0
22860,60,14,28,0
22861,60,14,28,0
22862,60,14,28,0
22863,60,14,28,0
22864,60,14,28,0
22865,60,14,28,0
22866,60,14,28,0
22867,60,14,28,0
22868,60,14,28,0
22869,60,14,28,0
22870,60,14,28,0
22871,60,14,28,0
22872,60,14,28,0
22873,60,14,28,0
22874,60,14,28,0
22875,60,14,28,0
22876,60,14,28,0
22877,60,14,28,0
22878,60,14,28,0
22879,60,14,28,0
22880,60,14,28,0
22881,60,14,28,0
22882,60,14,28,0
22883,60,14,28,0
22884,60,14,28,0
22885,60,14,28,0
22886,60,14,28,0
22887,60,14,28,0
22888,60,14,28,0
22889,60,14,28,0
22890,60,14,28,0
22891,60,14,28,0
22892,60,14,28,0
22893,60,14,28,0
22894,60,14,28,0
22895,60,14,28,0
22896,60,14,28,0
22897,60,14,28,0
22898,60,14,28,0
22899,60,14,28,0
22900,60,14,28,0
22901,60,14,28,0
22902,60,14,28,0
22903,60,14,28,0
22904,60,14,28,0
22905,60,14,28,0
22906,60,14,28,0
22907,60,14,28,0
22908,60,14,28,0
22909,60,14,28,0
22910,60,14,28,0
22911,60,14,28,0
22912,60,14,28,0
22913,60,14,28,0
22914,60,14,28,0
22915,60,14,28,0
22916,60,14,28,0
22917,60,14,28,0
22918,60,14,28,0
22919,60,14,28,0
22920,60,14,28,0
22921,60,14,28,0
22922,60,14,28,0
22923,60,14,28,0
22924,60,14,28,0
22925,60,14,28,0
22926,60,14,28,0
22927,60,14,28,0
22928,60,14,28,0
22929,60,14,28,0
22930,60,14,28,0
22931,60,14,28,0
22932,60,14,28,0
22933,60,14,28,0
22934,60,14,28,0
22935,60,14,28,0
22936,60,14,28,0
22937,60,14,28,0
22938,60,14,28,0
22939,60,14,28,0
22940,60,14,28,0
22941,60,14,28,0
22942,60,14,28,0
22943,60,14,28,0
22944,60,14,28,0
22945,60,14,28,0
22946,60,14,28,0
22947,60,14,28,0
22948,60,14,28,0
22949,60,14,28,0
22950,60,14,28,0
22951,60,14,28,0
22952,60,14,28,0
22953,60,14,28,0
22954,60,14,28,0
22955,60,14,28,0
22956,60,14,28,0
22957,60,14,28,0
22958,60,14,28,0
22959,60,14,28,0
22960,60,14,28,0
22961,60,14,28,0
22962,60,14,28,0
22963,60,14,28,0
22964,60,14,28,0
22965,60,14,28,0
22966,60,14,28,0
22967,60,14,28,0
22968,60,14,28,0
22969,60,14,28,0
22970,60,14,28,0
22971,60,14,28,0
22972,60,14,28,0
22973,60,14,28,0
22974,60,14,28,0
22975,60,14,28,0
22976,60,14,28,0
22977,60,14,28,0
22978,60,14,28,0
22979,60,14,28,0
22980,60,14,28,0
22981,60,14,28,0
22982,60,14,28,0
22983,60,14,28,0
22984,60,14,28,0
22985,60,14,28,0
22986,60,14,28,0
22987,60,14,28,0
22988,60,14,28,0
22989,60,14,28,0
22990,60,14,28,0
22991,60,14,28,0
22992,60,14,28,0
22993,60,14,28,0
22994,60,14,28,0
22995,60,14,28,0
22996,60,14,28,0
22997,60,14,28,0
22998,60,14,28,0
22999,60,14,28,0
23000,60,14,28,0
23001,60,14,28,0
23002,60,14,28,0
23003,60,14,28,0
23004,60,14,28,0
23005,60,14,28,0
23006,60,14,28,0
23007,60,14,28,0
23008,60,14,28,0
23009,60,14,28,0
23010,60,14,28,0
23011,60,14,28,0
23012,60,14,28,0
23013,60,14,28,0
23014,60,14,28,0
23015,60,14,28,0
23016,60,14,28,0
23017,60,14,28,0
23018,60,14,28,0
23019,60,14,28,0
23020,60,14,28,0
23021,60,14,28,0
23022,60,14,28,0
23023,60,14,28,0
23024,60,14,28,0
23025,60,14,28,0
23026,60,14,28,0
23027,60,14,28,0
23028,60,14,28,0
23029,60,14,28,0
23030,60,14,28,0
23031,60,14,28,0
23032,60,14,28,0
23033,60,14,28,0
23034,60,14,28,0
23035,60,14,28,0
23036,60,14,28,0
23037,60,14,28,0
23038,60,14,28,0
23039,60,14,28,0
23040,60,14,28,0
23041,60,14,28,0
23042,60,14,28,0
23043,60,14,28,0
23044,60,14,28,0
23045,60,14,28,0
23046,60,14,28,0
23047,60,14,28,0
23048,60,14,28,0
23049,60,14,28,0
23050,60,14,28,0
23051,60,14,28,0
23052,60,14,28,0
23053,60,14,28,0
23054,60,14,28,0
23055,60,14,28,0
23056,60,14,28,0
23057,60,14,28,0
23058,60,14,28,0
23059,60,14,28,0
23060,60,14,28,0
23061,60,14,28,0
23062,60,14,28,0
23063,60,14,28,0
23064,60,14,28,0
23065,60,14,28,0
23066,60,14,28,0
23067,60,14,28,0
23068,60,14,28,0
23069,60,14,28,0
23070,60,14,28,0
23071,60,14,28,0
23072,60,14,28,0
23073,60,14,28,0
23074,60,14,28,0
23075,60,14,28,0
23076,60,14,28,0
23077,60,14,28,0
23078,60,14,28,0
23079,60,14,28,0
23080,60,14,28,0
23081,60,14,28,0
23082,60,14,28,0
23083,60,14,28,0
23084,60,14,28,0
23085,60,14,28,0
23086,60,14,28,0
23087,60,14,28,0
23088,60,14,28,0
23089,60,14,28,0
23090,60,14,28,0
23091,60,14,28,0
23092,60,14,28,0
23093,60,14,28,0
23094,60,14,28,0
23095,60,14,28,0
23096,60,14,28,0
23097,60,14,28,0
23098,60,14,28,0
23099,60,14,28,0
23100,60,14,28,0
23101,60,14,28,0
23102,60,14,28,0
23103,60,14,28,0
23104,60,14,28,0
23105,60,14,28,0
23106,60,14,28,0
23107,60,14,28,0
23108,60,14,28,0
23109,60,14,28,0
23110,60,14,28,0
23111,60,14,28,0
23112,60,14,28,0
23113,60,14,28,0
23114,60,14,28,0
23115,60,14,28,0
23116,60,14,28,0
23117,60,14,28,0
23118,60,14,28,0
23119,60,14,28,0
23120,60,14,28,0
23121,60,14,28,0
23122,60,14,28,0
23123,60,14,28,0
23124,60,14,28,0
23125,60,14,28,0
23126,60,14,28,0
23127,60,14,28,0
23128,60,14,28,0
23129,60,14,28,0
23130,60,14,28,0
23131,60,14,28,0
23132,60,14,28,0
23133,60,14,28,0
23134,60,14,28,0
23135,60,14,28,0
23136,60,14,28,0
23137,60,14,28,0
23138,60,14,28,0
23139,60,14,28,0
23140,60,14,28,0
23141,60,14,28,0
23142,60,14,28,0
23143,60,14,28,0
23144,60,14,28,0
23145,60,14,28,0
23146,60,14,28,0
23147,60,14,28,0
23148,60,14,28,0
23149,60,14,28,0
23150,60,14,28,0
23151,60,14,28,0
23152,60,14,28,0
23153,60,14,28,0
23154,60,14,28,0
23155,60,14,28,0
23156,60,14,28,0
23157,60,14,28,0
23158,60,14,28,0
23159,60,14,28,0
23160,60,14,28,0
23161,60,14,28,0
23162,60,14,28,0
23163,60,14,28,0
23164,60,14,28,0
23165,60,14,28,0
23166,60,14,28,0
23167,60,14,28,0
23168,60,14,28,0
23169,60,14,28,0
23170,60,14,28,0
23171,60,14,28,0
23172,60,14,28,0
23173,60,14,28,0
23174,60,14,28,0
23175,60,14,28,0
23176,60,14,28,0
23177,60,14,28,0
23178,60,14,28,0
23179,60,14,28,0
23180,60,14,28,0
23181,60,14,28,0
23182,60,14,28,0
23183,60,14,28,0
23184,60,14,28,0
23185,60,14,28,0
23186,60,14,28,0
23187,60,14,28,0
23188,60,14,28,0
23189,60,14,28,0
23190,60,14,28,0
23191,60,14,28,0
23192,60,14,28,0
23193,60,14,28,0
23194,60,14,28,0
23195,60,14,28,0
23196,60,14,28,0
23197,60,14,28,0
23198,60,14,28,0
23199,60,14,28,0
23200,60,14,28,0
23201,60,14,28,0
23202,60,14,28,0
23203,60,14,28,0
23204,60,14,28,0
23205,60,14,28,0
23206,60,14,28,0
23207,60,14,28,0
23208,60,14,28,0
23209,60,14,28,0
23210,60,14,28,0
23211,60,14,28,0
23212,60,14,28,0
23213,60,14,28,0
23214,60,14,28,0
23215,60,14,28,0
23216,60,14,28,0
23217,60,14,28,0
23218,60,14,28,0
23219,60,14,28,0
23220,60,14,28,0
23221,60,14,28,0
23222,60,14,28,0
23223,60,14,28,0
23224,60,14,28,0
23225,60,14,28,0
23226,60,14,28,0
23227,60,14,28,0
23228,60,14,28,0
23229,60,14,28,0
23230,60,14,28,0
23231,60,14,28,0
23232,60,14,28,0
23233,60,14,28,0
23234,60,14,28,0
23235,60,14,28,0
23236,60,14,28,0
23237,60,14,28,0
23238,60,14,28,0
23239,60,14,28,0
23240,60,14,28,0
23241,60,14,28,0
23242,60,14,28,0
23243,60,14,28,0
23244,60,14,28,0
23245,60,14,28,0
23246,60,14,28,0
23247,60,14,28,0
23248,60,14,28,0
23249,60,14,28,0
23250,60,14,28,0
23251,60,14,28,0
23252,60,14,28,0
23253,60,14,28,0
23254,60,14,28,0
23255,60,14,28,0
23256,60,14,28,0
23257,60,14,28,0
23258,60,14,28,0
23259,60,14,28,0
23260,60,14,28,0
23261,60,14,28,0
23262,60,14,28,0
23263,60,14,28,0
23264,60,14,28,0
23265,60,14,28,0
23266,60,14,28,0
23267,60,14,28,0
23268,60,14,28,0
23269,60,14,28,0
23270,60,14,28,0
23271,60,14,28,0
23272,60,14,28,0
23273,60,14,28,0
23274,60,14,28,0
23275,60,14,28,0
23276,60,14,28,0
23277,60,14,28,0
23278,60,14,28,0
23279,60,14,28,0
23280,60,14,28,0
23281,60,14,28,0
23282,60,14,28,0
23283,60,14,28,0
23284,60,14,28,0
23285,60,14,28,0
23286,60,14,28,0
23287,60,14,28,0
23288,60,14,28,0
23289,60,14,28,0
23290,60,14,28,0
23291,60,14,28,0
23292,60,14,28,0
23293,60,14,28,0
23294,60,14,28,0
23295,60,14,28,0
23296,60,14,28,0
23297,60,14,28,0
23298,60,14,28,0
23299,60,14,28,0
23300,60,14,28,0
23301,60,14,28,0
23302,60,14,28,0
23303,60,14,28,0
23304,60,14,28,0
23305,60,14,28,0
23306,60,14,28,0
23307,60,14,28,0
23308,60,14,28,0
23309,60,14,28,0
23310,60,14,28,0
23311,60,14,28,0
23312,60,14,28,0
23313,60,14,28,0
23314,60,14,28,0
23315,60,14,28,0
23316,60,14,28,0
23317,60,14,28,0
23318,60,14,28,0
23319,60,14,28,0
23320,60,14,28,0
23321,60,14,28,0
23322,60,14,28,0
23323,60,14,28,0
23324,60,14,28,0
23325,60,14,28,0
23326,60,14,28,0
23327,60,14,28,0
23328,60,14,28,0
23329,60,14,28,0
23330,60,14,28,0
23331,60,14,28,0
23332,60,14,28,0
23333,60,14,28,0
23334,60,14,28,0
23335,60,14,28,0
23336,60,14,28,0
23337,60,14,28,0
23338,60,14,28,0
23339,60,14,28,0
23340,60,14,28,0
23341,60,14,28,0
23342,60,14,28,0
23343,60,14,28,0
23344,60,14,28,0
23345,60,14,28,0
23346,60,14,28,0
23347,60,14,28,0
23348,60,14,28,0
23349,60,14,28,0
23350,60,14,28,0
23351,60,14,28,0
23352,60,14,28,0
23353,60,14,28,0
23354,60,14,28,0
23355,60,14,28,0
23356,60,14,28,0
23357,60,14,28,0
23358,60,14,28,0
23359,60,14,28,0
23360,60,14,28,0
23361,60,14,28,0
23362,60,14,28,0
23363,60,14,28,0
23364,60,14,28,0
23365,60,14,28,0
23366,60,14,28,0
23367,60,14,28,0
23368,60,14,28,0
23369,60,14,28,0
23370,60,14,28,0
23371,60,14,28,0
23372,60,14,28,0
23373,60,14,28,0
23374,60,14,28,0
23375,60,14,28,0
23376,60,14,28,0
23377,60,14,28,0
23378,60,14,28,0
23379,60,14,28,0
23380,60,14,28,0
23381,60,14,28,0
23382,60,14,28,0
23383,60,14,28,0
23384,60,14,28,0
23385,60,14,28,0
23386,60,14,28,0
23387,60,14,28,0
23388,60,14,28,0
23389,60,14,28,0
23390,60,14,28,0
23391,60,14,28,0
23392,60,14,28,0
23393,60,14,28,0
23394,60,14,28,0
23395,60,14,28,0
23396,60,14,28,0
23397,60,14,28,0
23398,60,14,28,0
23399,60,14,28,0
23400,60,14,28,0
23401,60,14,28,0
23402,60,14,28,0
23403,60,14,28,0
23404,60,14,28,0
23405,60,14,28,0
23406,60,14,28,0
23407,60,14,28,0
23408,60,14,28,0
23409,60,14,28,0
23410,60,14,28,0
23411,60,14,28,0
23412,60,14,28,0
23413,60,14,28,0
23414,60,14,28,0
23415,60,14,28,0
23416,60,14,28,0
23417,60,14,28,0
23418,60,14,28,0
23419,60,14,28,0
23420,60,14,28,0
23421,60,14,28,0
23422,60,14,28,0
23423,60,14,28,0
23424,60,14,28,0
23425,60,14,28,0
23426,60,14,28,0
23427,60,14,28,0
23428,60,14,28,0
23429,60,14,28,0
23430,60,14,28,0
23431,60,14,28,0
23432,60,14,28,0
23433,60,14,28,0
23434,60,14,28,0
23435,60,14,28,0
23436,60,14,28,0
23437,60,14,28,0
23438,60,14,28,0
23439,60,14,28,0
23440,60,14,28,0
23441,60,14,28,0
23442,60,14,28,0
23443,60,14,28,0
23444,60,14,28,0
23445,60,14,28,0
23446,60,14,28,0
23447,60,14,28,0
23448,60,14,28,0
23449,60,14,28,0
23450,60,14,28,0
23451,60,14,28,0
23452,60,14,28,0
23453,60,14,28,0
23454,60,14,28,0
23455,60,14,28,0
23456,60,14,28,0
23457,60,14,28,0
23458,60,14,28,0
23459,60,14,28,0
23460,60,14,28,0
23461,60,14,28,0
23462,60,14,28,0
23463,60,14,28,0
23464,60,14,28,0
23465,60,14,28,0
23466,60,14,28,0
23467,60,14,28,0
23468,60,14,28,0
23469,60,14,28,0
23470,60,14,28,0
23471,60,14,28,0
23472,60,14,28,0
23473,60,14,28,0
23474,60,14,28,0
23475,60,14,28,0
23476,60,14,28,0
23477,60,14,28,0
23478,60,14,28,0
23479,60,14,28,0
23480,60,14,28,0
23481,60,14,28,0
23482,60,14,28,0
23483,60,14,28,0
23484,60,14,28,0
23485,60,14,28,0
23486,60,14,28,0
23487,60,14,28,0
23488,60,14,28,0
23489,60,14,28,0
23490,60,14,28,0
23491,60,14,28,0
23492,60,14,28,0
23493,60,14,28,0
23494,60,14,28,0
23495,60,14,28,0
23496,60,14,28,0
23497,60,14,28,0
23498,60,14,28,0
23499,60,14,28,0
23500,60,14,28,0
23501,60,14,28,0
23502,60,14,28,0
23503,60,14,28,0
23504,60,14,28,0
23505,60,14,28,0
23506,60,14,28,0
23507,60,14,28,0
23508,60,14,28,0
23509,60,14,28,0
23510,60,14,28,0
23511,60,14,28,0
23512,60,14,28,0
23513,60,14,28,0
23514,60,14,28,0
23515,60,14,28,0
23516,60,14,28,0
23517,60,14,28,0
23518,60,14,28,0
23519,60,14,28,0
23520,60,14,28,0
23521,60,14,28,0
23522,60,14,28,0
23523,60,14,28,0
23524,60,14,28,0
23525,60,14,28,0
23526,60,14,28,0
23527,60,14,28,0
23528,60,14,28,0
23529,60,14,28,0
23530,60,14,28,0
23531,60,14,28,0
23532,60,14,28,0
23533,60,14,28,0
23534,60,14,28,0
23535,60,14,28,0
23536,60,14,28,0
23537,60,14,28,0
23538,60,14,28,0
23539,60,14,28,0
23540,60,14,28,0
23541,60,14,28,0
23542,60,14,28,0
23543,60,14,28,0
23544,60,14,28,0
23545,60,14,28,0
23546,60,14,28,0
23547,60,14,28,0
23548,60,14,28,0
23549,60,14,28,0
23550,60,14,28,0
23551,60,14,28,0
23552,60,14,28,0
23553,60,14,28,0
23554,60,14,28,0
23555,60,14,28,0
23556,60,14,28,0
23557,60,14,28,0
23558,60,14,28,0
23559,60,14,28,0
23560,60,14,28,0
23561,60,14,28,0
23562,60,14,28,0
23563,60,14,28,0
23564,60,14,28,0
23565,60,14,28,0
23566,60,14,28,0
23567,60,14,28,0
23568,60,14,28,0
23569,60,14,28,0
23570,60,14,28,0
23571,60,14,28,0
23572,60,14,28,0
23573,60,14,28,0
23574,60,14,28,0
23575,60,14,28,0
23576,60,14,28,0
23577,60,14,28,0
23578,60,14,28,0
23579,60,14,28,0
23580,60,14,28,0
23581,60,14,28,0
23582,60,14,28,0
23583,60,14,28,0
23584,60,14,28,0
23585,60,14,28,0
23586,60,14,28,0
23587,60,14,28,0
23588,60,14,28,0
23589,60,14,28,0
23590,60,14,28,0
23591,60,14,28,0
23592,60,14,28,0
23593,60,14,28,0
23594,60,14,28,0
23595,60,14,28,0
23596,60,14,28,0
23597,60,14,28,0
23598,60,14,28,0
23599,60,14,28,0
23600,60,14,28,0
23601,60,14,28,0
23602,60,14,28,0
23603,60,14,28,0
23604,60,14,28,0
23605,60,14,28,0
23606,60,14,28,0
23607,60,14,28,0
23608,60,14,28,0
23609,60,14,28,0
23610,60,14,28,0
23611,60,14,28,0
23612,60,14,28,0
23613,60,14,28,0
23614,60,14,28,0
23615,60,14,28,0
23616,60,14,28,0
23617,60,14,28,0
23618,60,14,28,0
23619,60,14,28,0
23620,60,14,28,0
23621,60,14,28,0
23622,60,14,28,0
23623,60,14,28,0
23624,60,14,28,0
23625,60,14,28,0
23626,60,14,28,0
23627,60,14,28,0
23628,60,14,28,0
23629,60,14,28,0
23630,60,14,28,0
23631,60,14,28,0
23632,60,14,28,0
23633,60,14,28,0
23634,60,14,28,0
23635,60,14,28,0
23636,60,14,28,0
23637,60,14,28,0
23638,60,14,28,0
23639,60,14,28,0
23640,60,14,28,0
23641,60,14,28,0
23642,60,14,28,0
23643,60,14,28,0
23644,60,14,28,0
23645,60,14,28,0
23646,60,14,28,0
23647,60,14,28,0
23648,60,14,28,0
23649,60,14,28,0
23650,60,14,28,0
23651,60,14,28,0
23652,60,14,28,0
23653,60,14,28,0
23654,60,14,28,0
23655,60,14,28,0
23656,60,14,28,0
23657,60,14,28,0
23658,60,14,28,0
23659,60,14,28,0
23660,60,14,28,0
23661,60,14,28,0
23662,60,14,28,0
23663,60,14,28,0
23664,60,14,28,0
23665,60,14,28,0
23666,60,14,28,0
23667,60,14,28,0
23668,60,14,28,0
23669,60,14,28,0
23670,60,14,28,0
23671,60,14,28,0
23672,60,14,28,0
23673,60,14,28,0
23674,60,14,28,0
23675,60,14,28,0
23676,60,14,28,0
23677,60,14,28,0
23678,60,14,28,0
23679,60,14,28,0
23680,60,14,28,0
23681,60,14,28,0
23682,60,14,28,0
23683,60,14,28,0
23684,60,14,28,0
23685,60,14,28,0
23686,60,14,28,0
23687,60,14,28,0
23688,60,14,28,0
23689,60,14,28,0
23690,60,14,28,0
23691,60,14,28,0
23692,60,14,28,0
23693,60,14,28,0
23694,60,14,28,0
23695,60,14,28,0
23696,60,14,28,0
23697,60,14,28,0
23698,60,14,28,0
23699,60,14,28,0
23700,60,14,28,0
23701,60,14,28,0
23702,60,14,28,0
23703,60,14,28,0
23704,60,14,28,0
23705,60,14,28,0
23706,60,14,28,0
23707,60,14,28,0
23708,60,14,28,0
23709,60,14,28,0
23710,60,14,28,0
23711,60,14,28,0
23712,60,14,28,0
23713,60,14,28,0
23714,60,14,28,0
23715,60,14,28,0
23716,60,14,28,0
23717,60,14,28,0
23718,60,14,28,0
23719,60,14,28,0
23720,60,14,28,0
23721,60,14,28,0
23722,60,14,28,0
23723,60,14,28,0
23724,60,14,28,0
23725,60,14,28,0
23726,60,14,28,0
23727,60,14,28,0
23728,60,14,28,0
23729,60,14,28,0
23730,60,14,28,0
23731,60,14,28,0
23732,60,14,28,0
23733,60,14,28,0
23734,60,14,28,0
23735,60,14,28,0
23736,60,14,28,0
23737,60,14,28,0
23738,60,14,28,0
23739,60,14,28,0
23740,60,14,28,0
23741,60,14,28,0
23742,60,14,28,0
23743,60,14,28,0
23744,60,14,28,0
23745,60,14,28,0
23746,60,14,28,0
23747,60,14,28,0
23748,60,14,28,0
23749,60,14,28,0
23750,60,14,28,0
23751,60,14,28,0
23752,60,14,28,0
23753,60,14,28,0
23754,60,14,28,0
23755,60,14,28,0
23756,60,14,28,0
23757,60,14,28,0
23758,60,14,28,0
23759,60,14,28,0
23760,60,14,28,0
23761,60,14,28,0
23762,60,14,28,0
23763,60,14,28,0
23764,60,14,28,0
23765,60,14,28,0
23766,60,14,28,0
23767,60,14,28,0
23768,60,14,28,0
23769,60,14,28,0
23770,60,14,28,0
23771,60,14,28,0
23772,60,14,28,0
23773,60,14,28,0
23774,60,14,28,0
23775,60,14,28,0
23776,60,14,28,0
23777,60,14,28,0
23778,60,14,28,0
23779,60,14,28,0
23780,60,14,28,0
23781,60,14,28,0
23782,60,14,28,0
23783,60,14,28,0
23784,60,14,28,0
23785,60,14,28,0
23786,60,14,28,0
23787,60,14,28,0
23788,60,14,28,0
23789,60,14,28,0
23790,60,14,28,0
23791,60,14,28,0
23792,60,14,28,0
23793,60,14,28,0
23794,60,14,28,0
23795,60,14,28,0
23796,60,14,28,0
23797,60,14,28,0
23798,60,14,28,0
23799,60,14,28,0
23800,60,14,28,0
23801,60,14,28,0
23802,60,14,28,0
23803,60,14,28,0
23804,60,14,28,0
23805,60,14,28,0
23806,60,14,28,0
23807,60,14,28,0
23808,60,14,28,0
23809,60,14,28,0
23810,60,14,28,0
23811,60,14,28,0
23812,60,14,28,0
23813,60,14,28,0
23814,60,14,28,0
23815,60,14,28,0
23816,60,14,28,0
23817,60,14,28,0
23818,60,14,28,0
23819,60,14,28,0
23820,60,14,28,0
23821,60,14,28,0
23822,60,14,28,0
23823,60,14,28,0
23824,60,14,28,0
23825,60,14,28,0
23826,60,14,28,0
23827,60,14,28,0
23828,60,14,28,0
23829,60,14,28,0
23830,60,14,28,0
23831,60,14,28,0
23832,60,14,28,0
23833,60,14,28,0
23834,60,14,28,0
23835,60,14,28,0
23836,60,14,28,0
23837,60,14,28,0
23838,60,14,28,0
23839,60,14,28,0
23840,60,14,28,0
23841,60,14,28,0
23842,60,14,28,0
23843,60,14,28,0
23844,60,14,28,0
23845,60,14,28,0
23846,60,14,28,0
23847,60,14,28,0
23848,60,14,28,0
23849,60,14,28,0
23850,60,14,28,0
23851,60,14,28,0
23852,60,14,28,0
23853,60,14,28,0
23854,60,14,28,0
23855,60,14,28,0
23856,60,14,28,0
23857,60,14,28,0
23858,60,14,28,0
23859,60,14,28,0
23860,60,14,28,0
23861,60,14,28,0
23862,60,14,28,0
23863,60,14,28,0
23864,60,14,28,0
23865,60,14,28,0
23866,60,14,28,0
23867,60,14,28,0
23868,60,14,28,0
23869,60,14,28,0
23870,60,14,28,0
23871,60,14,28,0
23872,60,14,28,0
23873,60,14,28,0
23874,60,14,28,0
23875,60,14,28,0
23876,60,14,28,0
23877,60,14,28,0
23878,60,14,28,0
23879,60,14,28,0
23880,60,14,28,0
23881,60,14,28,0
23882,60,14,28,0
23883,60,14,28,0
23884,60,14,28,0
23885,60,14,28,0
23886,60,14,28,0
23887,60,14,28,0
23888,60,14,28,0
23889,60,14,28,0
23890,60,14,28,0
23891,60,14,28,0
23892,60,14,28,0
23893,60,14,28,0
23894,60,14,28,0
23895,60,14,28,0
23896,60,14,28,0
23897,60,14,28,0
23898,60,14,28,0
23899,60,14,28,0
23900,60,14,28,0
23901,60,14,28,0
23902,60,14,28,0
23903,60,14,28,0
23904,60,14,28,0
23905,60,14,28,0
23906,60,14,28,0
23907,60,14,28,0
23908,60,14,28,0
23909,60,14,28,0
23910,60,14,28,0
23911,60,14,28,0
23912,60,14,28,0
23913,60,14,28,0
23914,60,14,28,0
23915,60,14,28,0
23916,60,14,28,0
23917,60,14,28,0
23918,60,14,28,0
23919,60,14,28,0
23920,60,14,28,0
23921,60,14,28,0
23922,60,14,28,0
23923,60,14,28,0
23924,60,14,28,0
23925,60,14,28,0
23926,60,14,28,0
23927,60,14,28,0
23928,60,14,28,0
23929,60,14,28,0
23930,60,14,28,0
23931,60,14,28,0
23932,60,14,28,0
23933,60,14,28,0
23934,60,14,28,0
23935,60,14,28,0
23936,60,14,28,0
23937,60,14,28,0
23938,60,14,28,0
23939,60,14,28,0
23940,60,14,28,0
23941,60,14,28,0
23942,60,14,28,0
23943,60,14,28,0
23944,60,14,28,0
23945,60,14,28,0
23946,60,14,28,0
23947,60,14,28,0
23948,60,14,28,0
23949,60,14,28,0
23950,60,14,28,0
23951,60,14,28,0
23952,60,14,28,0
23953,60,14,28,0
23954,60,14,28,0
23955,60,14,28,0
23956,60,14,28,0
23957,60,14,28,0
23958,60,14,28,0
23959,60,14,28,0
23960,60,14,28,0
23961,60,14,28,0
23962,60,14,28,0
23963,60,14,28,0
23964,60,14,28,0
23965,60,14,28,0
23966,60,14,28,0
23967,60,14,28,0
23968,60,14,28,0
23969,60,14,28,0
23970,60,14,28,0
23971,60,14,28,0
23972,60,14,28,0
23973,60,14,28,0
23974,60,14,28,0
23975,60,14,28,0
23976,60,14,28,0
23977,60,14,28,0
23978,60,14,28,0
23979,60,14,28,0
23980,60,14,28,0
23981,60,14,28,0
23982,60,14,28,0
23983,60,14,28,0
23984,60,14,28,0
23985,60,14,28,0
23986,60,14,28,0
23987,60,14,28,0
23988,60,14,28,0
23989,60,14,28,0
23990,60,14,28,0
23991,60,14,28,0
23992,60,14,28,0
23993,60,14,28,0
23994,60,14,28,0
23995,60,14,28,0
23996,60,14,28,0
23997,60,14,28,0
23998,60,14,28,0
23999,60,14,28,0
24000,60,14,28,0
24001,60,14,28,0
24002,60,14,28,0
24003,60,14,28,0
24004,60,14,28,0
24005,60,14,28,0
24006,60,14,28,0
24007,60,14,28,0
24008,60,14,28,0
24009,60,14,28,0
24010,60,14,28,0
24011,60,14,28,0
24012,60,14,28,0
24013,60,14,28,0
24014,60,14,28,0
24015,60,14,28,0
24016,60,14,28,0
24017,60,14,28,0
24018,60,14,28,0
24019,60,14,28,0
24020,60,14,28,0
24021,60,14,28,0
24022,60,14,28,0
24023,60,14,28,0
24024,60,14,28,0
24025,60,14,28,0
24026,60,14,28,0
24027,60,14,28,0
24028,60,14,28,0
24029,60,14,28,0
24030,60,14,28,0
24031,60,14,28,0
24032,60,14,28,0
24033,60,14,28,0
24034,60,14,28,0
24035,60,14,28,0
24036,60,14,28,0
24037,60,14,28,0
24038,60,14,28,0
24039,60,14,28,0
24040,60,14,28,0
24041,60,14,28,0
24042,60,14,28,0
24043,60,14,28,0
24044,60,14,28,0
24045,60,14,28,0
24046,60,14,28,0
24047,60,14,28,0
24048,60,14,28,0
24049,60,14,28,0
24050,60,14,28,0
24051,60,14,28,0
24052,60,14,28,0
24053,60,14,28,0
24054,60,14,28,0
24055,60,14,28,0
24056,60,14,28,0
24057,60,14,28,0
24058,60,14,28,0
24059,60,14,28,0
24060,60,14,28,0
24061,60,14,28,0
24062,60,14,28,0
24063,60,14,28,0
24064,60,14,28,0
24065,60,14,28,0
24066,60,14,28,0
24067,60,14,28,0
24068,60,14,28,0
24069,60,14,28,0
24070,60,14,28,0
24071,60,14,28,0
24072,60,14,28,0
24073,60,14,28,0
24074,60,14,28,0
24075,60,14,28,0
24076,60,14,28,0
24077,60,14,28,0
24078,60,14,28,0
24079,60,14,28,0
24080,60,14,28,0
24081,60,14,28,0
24082,60,14,28,0
24083,60,14,28,0
24084,60,14,28,0
24085,60,14,28,0
24086,60,14,28,0
24087,60,14,28,0
24088,60,14,28,0
24089,60,14,28,0
24090,60,14,28,0
24091,60,14,28,0
24092,60,14,28,0
24093,60,14,28,0
24094,60,14,28,0
24095,60,14,28,0
24096,60,14,28,0
24097,60,14,28,0
24098,60,14,28,0
24099,60,14,28,0
24100,60,14,28,0
24101,60,14,28,0
24102,60,14,28,0
24103,60,14,28,0
24104,60,14,28,0
24105,60,14,28,0
24106,60,14,28,0
24107,60,14,28,0
24108,60,14,28,0
24109,60,14,28,0
24110,60,14,28,0
24111,60,14,28,0
24112,60,14,28,0
24113,60,14,28,0
24114,60,14,28,0
24115,60,14,28,0
24116,60,14,28,0
24117,60,14,28,0
24118,60,14,28,0
24119,60,14,28,0
24120,60,14,28,0
24121,60,14,28,0
24122,60,14,28,0
24123,60,14,28,0
24124,60,14,28,0
24125,60,14,28,0
24126,60,14,28,0
24127,60,14,28,0
24128,60,14,28,0
24129,60,14,28,0
24130,60,14,28,0
24131,60,14,28,0
24132,60,14,28,0
24133,60,14,28,0
24134,60,14,28,0
24135,60,14,28,0
24136,60,14,28,0
24137,60,14,28,0
24138,60,14,28,0
24139,60,14,28,0
24140,60,14,28,0
24141,60,14,28,0
24142,60,14,28,0
24143,60,14,28,0
24144,60,14,28,0
24145,60,14,28,0
24146,60,14,28,0
24147,60,14,28,0
24148,60,14,28,0
24149,60,14,28,0
24150,60,14,28,0
24151,60,14,28,0
24152,60,14,28,0
24153,60,14,28,0
24154,60,14,28,0
24155,60,14,28,0
24156,60,14,28,0
24157,60,14,28,0
24158,60,14,28,0
24159,60,14,28,0
24160,60,14,28,0
24161,60,14,28,0
24162,60,14,28,0
24163,60,14,28,0
24164,60,14,28,0
24165,60,14,28,0
24166,60,14,28,0
24167,60,14,28,0
24168,60,14,28,0
24169,60,14,28,0
24170,60,14,28,0
24171,60,14,28,0
24172,60,14,28,0
24173,60,14,28,0
24174,60,14,28,0
24175,60,14,28,0
24176,60,14,28,0
24177,60,14,28,0
24178,60,14,28,0
24179,60,14,28,0
24180,60,14,28,0
24181,60,14,28,0
24182,60,14,28,0
24183,60,14,28,0
24184,60,14,28,0
24185,60,14,28,0
24186,60,14,28,0
24187,60,14,28,0
24188,60,14,28,0
24189,60,14,28,0
24190,60,14,28,0
24191,60,14,28,0
24192,60,14,28,0
24193,60,14,28,0
24194,60,14,28,0
24195,60,14,28,0
24196,60,14,28,0
24197,60,14,28,0
24198,60,14,28,0
24199,60,14,28,0
24200,60,14,28,0
24201,60,14,28,0
24202,60,14,28,0
24203,60,14,28,0
24204,60,14,28,0
24205,60,14,28,0
24206,60,14,28,0
24207,60,14,28,0
24208,60,14,28,0
24209,60,14,28,0
24210,60,14,28,0
24211,60,14,28,0
24212,60,14,28,0
24213,60,14,28,0
24214,60,14,28,0
24215,60,14,28,0
24216,60,14,28,0
24217,60,14,28,0
24218,60,14,28,0
24219,60,14,28,0
24220,60,14,28,0
24221,60,14,28,0
24222,60,14,28,0
24223,60,14,28,0
24224,60,14,28,0
24225,60,14,28,0
24226,60,14,28,0
24227,60,14,28,0
24228,60,14,28,0
24229,60,14,28,0
24230,60,14,28,0
24231,60,14,28,0
24232,60,14,28,0
24233,60,14,28,0
24234,60,14,28,0
24235,60,14,28,0
24236,60,14,28,0
24237,60,14,28,0
24238,60,14,28,0
24239,60,14,28,0
24240,60,14,28,0
24241,60,14,28,0
24242,60,14,28,0
24243,60,14,28,0
24244,60,14,28,0
24245,60,14,28,0
24246,60,14,28,0
24247,60,14,28,0
24248,60,14,28,0
24249,60,14,28,0
24250,60,14,28,0
24251,60,14,28,0
24252,60,14,28,0
24253,60,14,28,0
24254,60,14,28,0
24255,60,14,28,0
24256,60,14,28,0
24257,60,14,28,0
24258,60,14,28,0
24259,60,14,28,0
24260,60,14,28,0
24261,60,14,28,0
24262,60,14,28,0
24263,60,14,28,0
24264,60,14,28,0
24265,60,14,28,0
24266,60,14,28,0
24267,60,14,28,0
24268,60,14,28,0
24269,60,14,28,0
24270,60,14,28,0
24271,60,14,28,0
24272,60,14,28,0
24273,60,14,28,0
24274,60,14,28,0
24275,60,14,28,0
24276,60,14,28,0
24277,60,14,28,0
24278,60,14,28,0
24279,60,14,28,0
24280,60,14,28,0
24281,60,14,28,0
24282,60,14,28,0
24283,60,14,28,0
24284,60,14,28,0
24285,60,14,28,0
24286,60,14,28,0
24287,60,14,28,0
24288,60,14,28,0
24289,60,14,28,0
24290,60,14,28,0
24291,60,14,28,0
24292,60,14,28,0
24293,60,14,28,0
24294,60,14,28,0
24295,60,14,28,0
24296,60,14,28,0
24297,60,14,28,0
24298,60,14,28,0
24299,60,14,28,0
24300,60,14,28,0
24301,60,14,28,0
24302,60,14,28,0
24303,60,14,28,0
24304,60,14,28,0
24305,60,14,28,0
24306,60,14,28,0
24307,60,14,28,0
24308,60,14,28,0
24309,60,14,28,0
24310,60,14,28,0
24311,60,14,28,0
24312,60,14,28,0
24313,60,14,28,0
24314,60,14,28,0
24315,60,14,28,0
24316,60,14,28,0
24317,60,14,28,0
24318,60,14,28,0
24319,60,14,28,0
24320,60,14,28,0
24321,60,14,28,0
24322,60,14,28,0
24323,60,14,28,0
24324,60,14,28,0
24325,60,14,28,0
24326,60,14,28,0
24327,60,14,28,0
24328,60,14,28,0
24329,60,14,28,0
24330,60,14,28,0
24331,60,14,28,0
24332,60,14,28,0
24333,60,14,28,0
24334,60,14,28,0
24335,60,14,28,0
24336,60,14,28,0
24337,60,14,28,0
24338,60,14,28,0
24339,60,14,28,0
24340,60,14,28,0
24341,60,14,28,0
24342,60,14,28,0
24343,60,14,28,0
24344,60,14,28,0
24345,60,14,28,0
24346,60,14,28,0
24347,60,14,28,0
24348,60,14,28,0
24349,60,14,28,0
24350,60,14,28,0
24351,60,14,28,0
24352,60,14,28,0
24353,60,14,28,0
24354,60,14,28,0
24355,60,14,28,0
24356,60,14,28,0
24357,60,14,28,0
24358,60,14,28,0
24359,60,14,28,0
24360,60,14,28,0
24361,60,14,28,0
24362,60,14,28,0
24363,60,14,28,0
24364,60,14,28,0
24365,60,14,28,0
24366,60,14,28,0
24367,60,14,28,0
24368,60,14,28,0
24369,60,14,28,0
24370,60,14,28,0
24371,60,14,28,0
24372,60,14,28,0
24373,60,14,28,0
24374,60,14,28,0
24375,60,14,28,0
24376,60,14,28,0
24377,60,14,28,0
24378,60,14,28,0
24379,60,14,28,0
24380,60,14,28,0
24381,60,14,28,0
24382,60,14,28,0
24383,60,14,28,0
24384,60,14,28,0
24385,60,14,28,0
24386,60,14,28,0
24387,60,14,28,0
24388,60,14,28,0
24389,60,14,28,0
24390,60,14,28,0
24391,60,14,28,0
24392,60,14,28,0
24393,60,14,28,0
24394,60,14,28,0
24395,60,14,28,0
24396,60,14,28,0
24397,60,14,28,0
24398,60,14,28,0
24399,60,14,28,0
24400,60,14,28,0
24401,60,14,28,0
24402,60,14,28,0
24403,60,14,28,0
24404,60,14,28,0
24405,60,14,28,0
24406,60,14,28,0
24407,60,14,28,0
24408,60,14,28,0
24409,60,14,28,0
24410,60,14,28,0
24411,60,14,28,0
24412,60,14,28,0
24413,60,14,28,0
24414,60,14,28,0
24415,60,14,28,0
24416,60,14,28,0
24417,60,14,28,0
24418,60,14,28,0
24419,60,14,28,0
24420,60,14,28,0
24421,60,14,28,0
24422,60,14,28,0
24423,60,14,28,0
24424,60,14,28,0
24425,60,14,28,0
24426,60,14,28,0
24427,60,14,28,0
24428,60,14,28,0
24429,60,14,28,0
24430,60,14,28,0
24431,60,14,28,0
24432,60,14,28,0
24433,60,14,28,0
24434,60,14,28,0
24435,60,14,28,0
24436,60,14,28,0
24437,60,14,28,0
24438,60,14,28,0
24439,60,14,28,0
24440,60,14,28,0
24441,60,14,28,0
24442,60,14,28,0
24443,60,14,28,0
24444,60,14,28,0
24445,60,14,28,0
24446,60,14,28,0
24447,60,14,28,0
24448,60,14,28,0
24449,60,14,28,0
24450,60,14,28,0
24451,60,14,28,0
24452,60,14,28,0
24453,60,14,28,0
24454,60,14,28,0
24455,60,14,28,0
24456,60,14,28,0
24457,60,14,28,0
24458,60,14,28,0
24459,60,14,28,0
24460,60,14,28,0
24461,60,14,28,0
24462,60,14,28,0
24463,60,14,28,0
24464,60,14,28,0
24465,60,14,28,0
24466,60,14,28,0
24467,60,14,28,0
24468,60,14,28,0
24469,60,14,28,0
24470,60,14,28,0
24471,60,14,28,0
24472,60,14,28,0
24473,60,14,28,0
24474,60,14,28,0
24475,60,14,28,0
24476,60,14,28,0
24477,60,14,28,0
24478,60,14,28,0
24479,60,14,28,0
24480,60,14,28,0
24481,60,14,28,0
24482,60,14,28,0
24483,60,14,28,0
24484,60,14,28,0
24485,60,14,28,0
24486,60,14,28,0
24487,60,14,28,0
24488,60,14,28,0
24489,60,14,28,0
24490,60,14,28,0
24491,60,14,28,0
24492,60,14,28,0
24493,60,14,28,0
24494,60,14,28,0
24495,60,14,28,0
24496,60,14,28,0
24497,60,14,28,0
24498,60,14,28,0
24499,60,14,28,0
24500,60,14,28,0
24501,60,14,28,0
24502,60,14,28,0
24503,60,14,28,0
24504,60,14,28,0
24505,60,14,28,0
24506,60,14,28,0
24507,60,14,28,0
24508,60,14,28,0
24509,60,14,28,0
24510,60,14,28,0
24511,60,14,28,0
24512,60,14,28,0
24513,60,14,28,0
24514,60,14,28,0
24515,60,14,28,0
24516,60,14,28,0
24517,60,14,28,0
24518,60,14,28,0
24519,60,14,28,0
24520,60,14,28,0
24521,60,14,28,0
24522,60,14,28,0
24523,60,14,28,0
24524,60,14,28,0
24525,60,14,28,0
24526,60,14,28,0
24527,60,14,28,0
24528,60,14,28,0
24529,60,14,28,0
24530,60,14,28,0
24531,60,14,28,0
24532,60,14,28,0
24533,60,14,28,0
24534,60,14,28,0
24535,60,14,28,0
24536,60,14,28,0
24537,60,14,28,0
24538,60,14,28,0
24539,60,14,28,0
24540,60,14,28,0
24541,60,14,28,0
24542,60,14,28,0
24543,60,14,28,0
24544,60,14,28,0
24545,60,14,28,0
24546,60,14,28,0
24547,60,14,28,0
24548,60,14,28,0
24549,60,14,28,0
24550,60,14,28,0
24551,60,14,28,0
24552,60,14,28,0
24553,60,14,28,0
24554,60,14,28,0
24555,60,14,28,0
24556,60,14,28,0
24557,60,14,28,0
24558,60,14,28,0
24559,60,14,28,0
24560,60,14,28,0
24561,60,14,28,0
24562,60,14,28,0
24563,60,14,28,0
24564,60,14,28,0
24565,60,14,28,0
24566,60,14,28,0
24567,60,14,28,0
24568,60,14,28,0
24569,60,14,28,0
24570,60,14,28,0
24571,60,14,28,0
24572,60,14,28,0
24573,60,14,28,0
24574,60,14,28,0
24575,60,14,28,0
24576,60,14,28,0
24577,60,14,28,0
24578,60,14,28,0
24579,60,14,28,0
24580,60,14,28,0
24581,60,14,28,0
24582,60,14,28,0
24583,60,14,28,0
24584,60,14,28,0
24585,60,14,28,0
24586,60,14,28,0
24587,60,14,28,0
24588,60,14,28,0
24589,60,14,28,0
24590,60,14,28,0
24591,60,14,28,0
24592,60,14,28,0
24593,60,14,28,0
24594,60,14,28,0
24595,60,14,28,0
24596,60,14,28,0
24597,60,14,28,0
24598,60,14,28,0
24599,60,14,28,0
24600,60,14,28,0
24601,60,14,28,0
24602,60,14,28,0
24603,60,14,28,0
24604,60,14,28,0
24605,60,14,28,0
24606,60,14,28,0
24607,60,14,28,0
24608,60,14,28,0
24609,60,14,28,0
24610,60,14,28,0
24611,60,14,28,0
24612,60,14,28,0
24613,60,14,28,0
24614,60,14,28,0
24615,60,14,28,0
24616,60,14,28,0
24617,60,14,28,0
24618,60,14,28,0
24619,60,14,28,0
24620,60,14,28,0
24621,60,14,28,0
24622,60,14,28,0
24623,60,14,28,0
24624,60,14,28,0
24625,60,14,28,0
24626,60,14,28,0
24627,60,14,28,0
24628,60,14,28,0
24629,60,14,28,0
24630,60,14,28,0
24631,60,14,28,0
24632,60,14,28,0
24633,60,14,28,0
24634,60,14,28,0
24635,60,14,28,0
24636,60,14,28,0
24637,60,14,28,0
24638,60,14,28,0
24639,60,14,28,0
24640,60,14,28,0
24641,60,14,28,0
24642,60,14,28,0
24643,60,14,28,0
24644,60,14,28,0
24645,60,14,28,0
24646,60,14,28,0
24647,60,14,28,0
24648,60,14,28,0
24649,60,14,28,0
24650,60,14,28,0
24651,60,14,28,0
24652,60,14,28,0
24653,60,14,28,0
24654,60,14,28,0
24655,60,14,28,0
24656,60,14,28,0
24657,60,14,28,0
24658,60,14,28,0
24659,60,14,28,0
24660,60,14,28,0
24661,60,14,28,0
24662,60,14,28,0
24663,60,14,28,0
24664,60,14,28,0
24665,60,14,28,0
24666,60,14,28,0
24667,60,14,28,0
24668,60,14,28,0
24669,60,14,28,0
24670,60,14,28,0
24671,60,14,28,0
24672,60,14,28,0
24673,60,14,28,0
24674,60,14,28,0
24675,60,14,28,0
24676,60,14,28,0
24677,60,14,28,0
24678,60,14,28,0
24679,60,14,28,0
24680,60,14,28,0
24681,60,14,28,0
24682,60,14,28,0
24683,60,14,28,0
24684,60,14,28,0
24685,60,14,28,0
24686,60,14,28,0
24687,60,14,28,0
24688,60,14,28,0
24689,60,14,28,0
24690,60,14,28,0
24691,60,14,28,0
24692,60,14,28,0
24693,60,14,28,0
24694,60,14,28,0
24695,60,14,28,0
24696,60,14,28,0
24697,60,14,28,0
24698,60,14,28,0
24699,60,14,28,0
24700,60,14,28,0
24701,60,14,28,0
24702,60,14,28,0
24703,60,14,28,0
24704,60,14,28,0
24705,60,14,28,0
24706,60,14,28,0
24707,60,14,28,0
24708,60,14,28,0
24709,60,14,28,0
24710,60,14,28,0
24711,60,14,28,0
24712,60,14,28,0
24713,60,14,28,0
24714,60,14,28,0
24715,60,14,28,0
24716,60,14,28,0
24717,60,14,28,0
24718,60,14,28,0
24719,60,14,28,0
24720,60,14,28,0
24721,60,14,28,0
24722,60,14,28,0
24723,60,14,28,0
24724,60,14,28,0
24725,60,14,28,0
24726,60,14,28,0
24727,60,14,28,0
24728,60,14,28,0
24729,60,14,28,0
24730,60,14,28,0
24731,60,14,28,0
24732,60,14,28,0
24733,60,14,28,0
24734,60,14,28,0
24735,60,14,28,0
24736,60,14,28,0
24737,60,14,28,0
24738,60,14,28,0
24739,60,14,28,0
24740,60,14,28,0
24741,60,14,28,0
24742,60,14,28,0
24743,60,14,28,0
24744,60,14,28,0
24745,60,14,28,0
24746,60,14,28,0
24747,60,14,28,0
24748,60,14,28,0
24749,60,14,28,0
24750,60,14,28,0
24751,60,14,28,0
24752,60,14,28,0
24753,60,14,28,0
24754,60,14,28,0
24755,60,14,28,0
24756,60,14,28,0
24757,60,14,28,0
24758,60,14,28,0
24759,60,14,28,0
24760,60,14,28,0
24761,60,14,28,0
24762,60,14,28,0
24763,60,14,28,0
24764,60,14,28,0
24765,60,14,28,0
24766,60,14,28,0
24767,60,14,28,0
24768,60,14,28,0
24769,60,14,28,0
24770,60,14,28,0
24771,60,14,28,0
24772,60,14,28,0
24773,60,14,28,0
24774,60,14,28,0
24775,60,14,28,0
24776,60,14,28,0
24777,60,14,28,0
24778,60,14,28,0
24779,60,14,28,0
24780,60,14,28,0
24781,60,14,28,0
24782,60,14,28,0
24783,60,14,28,0
24784,60,14,28,0
24785,60,14,28,0
24786,60,14,28,0
24787,60,14,28,0
24788,60,14,28,0
24789,60,14,28,0
24790,60,14,28,0
24791,60,14,28,0
24792,60,14,28,0
24793,60,14,28,0
24794,60,14,28,0
24795,60,14,28,0
24796,60,14,28,0
24797,60,14,28,0
24798,60,14,28,0
24799,60,14,28,0
24800,60,14,28,0
24801,60,14,28,0
24802,60,14,28,0
24803,60,14,28,0
24804,60,14,28,0
24805,60,14,28,0
24806,60,14,28,0
24807,60,14,28,0
24808,60,14,28,0
24809,60,14,28,0
24810,60,14,28,0
24811,60,14,28,0
24812,60,14,28,0
24813,60,14,28,0
24814,60,14,28,0
24815,60,14,28,0
24816,60,14,28,0
24817,60,14,28,0
24818,60,14,28,0
24819,60,14,28,0
24820,60,14,28,0
24821,60,14,28,0
24822,60,14,28,0
24823,60,14,28,0
24824,60,14,28,0
24825,60,14,28,0
24826,60,14,28,0
24827,60,14,28,0
24828,60,14,28,0
24829,60,14,28,0
24830,60,14,28,0
24831,60,14,28,0
24832,60,14,28,0
24833,60,14,28,0
24834,60,14,28,0
24835,60,14,28,0
24836,60,14,28,0
24837,60,14,28,0
24838,60,14,28,0
24839,60,14,28,0
24840,60,14,28,0
24841,60,14,28,0
24842,60,14,28,0
24843,60,14,28,0
24844,60,14,28,0
24845,60,14,28,0
24846,60,14,28,0
24847,60,14,28,0
24848,60,14,28,0
24849,60,14,28,0
24850,60,14,28,0
24851,60,14,28,0
24852,60,14,28,0
24853,60,14,28,0
24854,60,14,28,0
24855,60,14,28,0
24856,60,14,28,0
24857,60,14,28,0
24858,60,14,28,0
24859,60,14,28,0
24860,60,14,28,0
24861,60,14,28,0
24862,60,14,28,0
24863,60,14,28,0
24864,60,14,28,0
24865,60,14,28,0
24866,60,14,28,0
24867,60,14,28,0
24868,60,14,28,0
24869,60,14,28,0
24870,60,14,28,0
24871,60,14,28,0
24872,60,14,28,0
24873,60,14,28,0
24874,60,14,28,0
24875,60,14,28,0
24876,60,14,28,0
24877,60,14,28,0
24878,60,14,28,0
24879,60,14,28,0
24880,60,14,28,0
24881,60,14,28,0
24882,60,14,28,0
24883,60,14,28,0
24884,60,14,28,0
24885,60,14,28,0
24886,60,14,28,0
24887,60,14,28,0
24888,60,14,28,0
24889,60,14,28,0
24890,60,14,28,0
24891,60,14,28,0
24892,60,14,28,0
24893,60,14,28,0
24894,60,14,28,0
24895,60,14,28,0
24896,60,14,28,0
24897,60,14,28,0
24898,60,14,28,0
24899,60,14,28,0
24900,60,14,28,0
24901,60,14,28,0
24902,60,14,28,0
24903,60,14,28,0
24904,60,14,28,0
24905,60,14,28,0
24906,60,14,28,0
24907,60,14,28,0
24908,60,14,28,0
24909,60,14,28,0
24910,60,14,28,0
24911,60,14,28,0
24912,60,14,28,0
24913,60,14,28,0
24914,60,14,28,0
24915,60,14,28,0
24916,60,14,28,0
24917,60,14,28,0
24918,60,14,28,0
24919,60,14,28,0
24920,60,14,28,0
24921,60,14,28,0
24922,60,14,28,0
24923,60,14,28,0
24924,60,14,28,0
24925,60,14,28,0
24926,60,14,28,0
24927,60,14,28,0
24928,60,14,28,0
24929,60,14,28,0
24930,60,14,28,0
24931,60,14,28,0
24932,60,14,28,0
24933,60,14,28,0
24934,60,14,28,0
24935,60,14,28,0
24936,60,14,28,0
24937,60,14,28,0
24938,60,14,28,0
24939,60,14,28,0
24940,60,14,28,0
24941,60,14,28,0
24942,60,14,28,0
24943,60,14,28,0
24944,60,14,28,0
24945,60,14,28,0
24946,60,14,28,0
24947,60,14,28,0
24948,60,14,28,0
24949,60,14,28,0
24950,60,14,28,0
24951,60,14,28,0
24952,60,14,28,0
24953,60,14,28,0
24954,60,14,28,0
24955,60,14,28,0
24956,60,14,28,0
24957,60,14,28,0
24958,60,14,28,0
24959,60,14,28,0
24960,60,14,28,0
24961,60,14,28,0
24962,60,14,28,0
24963,60,14,28,0
24964,60,14,28,0
24965,60,14,28,0
24966,60,14,28,0
24967,60,14,28,0
24968,60,14,28,0
24969,60,14,28,0
24970,60,14,28,0
24971,60,14,28,0
24972,60,14,28,0
24973,60,14,28,0
24974,60,14,28,0
24975,60,14,28,0
24976,60,14,28,0
24977,60,14,28,0
24978,60,14,28,0
24979,60,14,28,0
24980,60,14,28,0
24981,60,14,28,0
24982,60,14,28,0
24983,60,14,28,0
24984,60,14,28,0
24985,60,14,28,0
24986,60,14,28,0
24987,60,14,28,0
24988,60,14,28,0
24989,60,14,28,0
24990,60,14,28,0
24991,60,14,28,0
24992,60,14,28,0
24993,60,14,28,0
24994,60,14,28,0
24995,60,14,28,0
24996,60,14,28,0
24997,60,14,28,0
24998,60,14,28,0
24999,60,14,28,0
25000,60,14,28,0
