iteration,coverage,max_depth,corpus_size,crashes
0,41,14,6,0
1,33,14,7,0
2,33,14,7,0
3,33,14,7,0
4,33,14,7,0
5,33,14,7,0
6,33,14,7,0
7,33,14,7,0
8,34,14,8,0
9,34,14,8,0
10,34,14,8,0
11,34,14,8,0
12,34,14,8,0
13,34,14,8,0
14,34,14,8,0
15,34,14,8,0
16,34,14,8,0
17,34,14,8,0
18,35,14,9,0
19,36,14,10,0
20,36,14,10,0
21,37,14,11,0
22,37,14,11,0
23,37,14,11,0
24,38,14,12,0
25,38,14,12,0
26,38,14,12,0
27,38,14,12,0
28,38,14,12,0
29,38,14,12,0
30,38,14,12,0
31,38,14,12,0
32,38,14,12,0
33,38,14,12,0
34,38,14,12,0
35,38,14,12,0
36,38,14,12,0
37,38,14,12,0
38,38,14,12,0
39,38,14,12,0
40,38,14,12,0
41,38,14,12,0
42,38,14,12,0
43,38,14,12,0
44,38,14,12,0
45,38,14,12,0
46,38,14,12,0
47,38,14,12,0
48,39,14,13,0
49,39,14,13,0
50,39,14,13,0
51,39,14,13,0
52,39,14,13,0
53,39,14,13,0
54,39,14,13,0
55,39,14,13,0
56,39,14,13,0
57,39,14,13,0
58,40,14,14,0
59,40,14,14,0
60,40,14,14,0
61,40,14,14,0
62,40,14,14,0
63,40,14,14,0
64,40,14,14,0
65,40,14,14,0
66,40,14,14,0
67,40,14,14,0
68,40,14,14,0
69,40,14,14,0
70,40,14,14,0
71,40,14,14,0
72,40,14,14,0
73,40,14,14,0
74,40,14,14,0
75,40,14,14,0
76,40,14,14,0
77,40,14,14,0
78,40,14,14,0
79,40,14,14,0
80,40,14,14,0
81,40,14,14,0
82,40,14,14,0
83,40,14,14,0
84,40,14,14,0
85,40,14,14,0
86,40,14,14,0
87,40,14,14,0
88,40,14,14,0
89,40,14,14,0
90,40,14,14,0
91,40,14,14,0
92,40,14,14,0
93,40,14,14,0
94,40,14,14,0
95,40,14,14,0
96,40,14,14,0
97,40,14,14,0
98,40,14,14,0
99,40,14,14,0
100,40,14,14,0
101,40,14,14,0
102,40,14,14,0
103,40,14,14,0
104,40,14,14,0
105,40,14,14,0
106,40,14,14,0
107,40,14,14,0
108,40,14,14,0
109,40,14,14,0
110,40,14,14,0
111,40,14,14,0
112,40,14,14,0
113,40,14,14,0
114,40,14,14,0
115,40,14,14,0
116,40,14,14,0
117,40,14,14,0
118,40,14,14,0
119,40,14,14,0
120,40,14,14,0
121,40,14,14,0
122,40,14,14,0
123,40,14,14,0
124,40,14,14,0
125,40,14,14,0
126,40,14,14,0
127,40,14,14,0
128,40,14,14,0
129,40,14,14,0
130,40,14,14,0
131,40,14,14,0
132,40,14,14,0
133,40,14,14,0
134,40,14,14,0
135,40,14,14,0
136,40,14,14,0
137,40,14,14,0
138,40,14,14,0
139,40,14,14,0
140,40,14,14,0
141,40,14,14,0
142,40,14,14,0
143,40,14,14,0
144,40,14,14,0
145,40,14,14,0
146,40,14,14,0
147,40,14,14,0
148,40,14,14,0
149,40,14,14,0
150,40,14,14,0
151,40,14,14,0
152,40,14,14,0
153,40,14,14,0
154,40,14,14,0
155,40,14,14,0
156,40,14,14,0
157,40,14,14,0
158,40,14,14,0
159,40,14,14,0
160,40,14,14,0
161,40,14,14,0
162,40,14,14,0
163,40,14,14,0
164,40,14,14,0
165,40,14,14,0
166,40,14,14,0
167,40,14,14,0
168,40,14,14,0
169,40,14,14,0
170,40,14,14,0
171,40,14,14,0
172,40,14,14,0
173,40,14,14,0
174,40,14,14,0
175,40,14,14,0
176,40,14,14,0
177,40,14,14,0
178,40,14,14,0
179,40,14,14,0
180,40,14,14,0
181,40,14,14,0
182,40,14,14,0
183,40,14,14,0
184,40,14,14,0
185,40,14,14,0
186,40,14,14,0
187,40,14,14,0
188,40,14,14,0
189,40,14,14,0
190,40,14,14,0
191,40,14,14,0
192,40,14,14,0
193,40,14,14,0
194,40,14,14,0
195,40,14,14,0
196,40,14,14,0
197,40,14,14,0
198,40,14,14,0
199,40,14,14,0
200,40,14,14,0
201,40,14,14,0
202,40,14,14,0
203,40,14,14,0
204,40,14,14,0
205,40,14,14,0
206,40,14,14,0
207,40,14,14,0
208,40,14,14,0
209,40,14,14,0
210,40,14,14,0
211,40,14,14,0
212,40,14,14,0
213,40,14,14,0
214,40,14,14,0
215,40,14,14,0
216,40,14,14,0
217,40,14,14,0
218,40,14,14,0
219,40,14,14,0
220,40,14,14,0
221,40,14,14,0
222,40,14,14,0
223,40,14,14,0
224,40,14,14,0
225,40,14,14,0
226,40,14,14,0
227,40,14,14,0
228,40,14,14,0
229,40,14,14,0
230,40,14,14,0
231,40,14,14,0
232,40,14,14,0
233,40,14,14,0
234,40,14,14,0
235,40,14,14,0
236,40,14,14,0
237,40,14,14,0
238,40,14,14,0
239,40,14,14,0
240,40,14,14,0
241,40,14,14,0
242,40,14,14,0
243,40,14,14,0
244,40,14,14,0
245,40,14,14,0
246,40,14,14,0
247,40,14,14,0
248,40,14,14,0
249,40,14,14,0
250,40,14,14,0
251,40,14,14,0
252,40,14,14,0
253,40,14,14,0
254,40,14,14,0
255,40,14,14,0
256,40,14,14,0
257,40,14,14,0
258,40,14,14,0
259,40,14,14,0
260,40,14,14,0
261,40,14,14,0
262,40,14,14,0
263,40,14,14,0
264,40,14,14,0
265,40,14,14,0
266,40,14,14,0
267,40,14,14,0
268,40,14,14,0
269,40,14,14,0
270,40,14,14,0
271,40,14,14,0
272,40,14,14,0
273,40,14,14,0
274,40,14,14,0
275,40,14,14,0
276,40,14,14,0
277,40,14,14,0
278,40,14,14,0
279,40,14,14,0
280,40,14,14,0
281,40,14,14,0
282,40,14,14,0
283,40,14,14,0
284,40,14,14,0
285,40,14,14,0
286,40,14,14,0
287,40,14,14,0
288,40,14,14,0
289,40,14,14,0
290,40,14,14,0
291,40,14,14,0
292,40,14,14,0
293,40,14,14,0
294,40,14,14,0
295,40,14,14,0
296,40,14,14,0
297,40,14,14,0
298,40,14,14,0
299,40,14,14,0
300,40,14,14,0
301,40,14,14,0
302,40,14,14,0
303,40,14,14,0
304,40,14,14,0
305,40,14,14,0
306,40,14,14,0
307,40,14,14,0
308,40,14,14,0
309,40,14,14,0
310,40,14,14,0
311,40,14,14,0
312,40,14,14,0
313,40,14,14,0
314,40,14,14,0
315,40,14,14,0
316,40,14,14,0
317,40,14,14,0
318,40,14,14,0
319,40,14,14,0
320,40,14,14,0
321,40,14,14,0
322,40,14,14,0
323,40,14,14,0
324,40,14,14,0
325,40,14,14,0
326,40,14,14,0
327,40,14,14,0
328,40,14,14,0
329,40,14,14,0
330,40,14,14,0
331,40,14,14,0
332,40,14,14,0
333,40,14,14,0
334,40,14,14,0
335,40,14,14,0
336,40,14,14,0
337,40,14,14,0
338,40,14,14,0
339,40,14,14,0
340,40,14,14,0
341,40,14,14,0
342,40,14,14,0
343,40,14,14,0
344,40,14,14,0
345,40,14,14,0
346,40,14,14,0
347,40,14,14,0
348,40,14,14,0
349,40,14,14,0
350,40,14,14,0
351,40,14,14,0
352,40,14,14,0
353,40,14,14,0
354,40,14,14,0
355,40,14,14,0
356,40,14,14,0
357,40,14,14,0
358,40,14,14,0
359,40,14,14,0
360,40,14,14,0
361,40,14,14,0
362,40,14,14,0
363,40,14,14,0
364,40,14,14,0
365,40,14,14,0
366,40,14,14,0
367,40,14,14,0
368,40,14,14,0
369,40,14,14,0
370,40,14,14,0
371,40,14,14,0
372,40,14,14,0
373,40,14,14,0
374,40,14,14,0
375,40,14,14,0
376,40,14,14,0
377,40,14,14,0
378,40,14,14,0
379,40,14,14,0
380,40,14,14,0
381,40,14,14,0
382,40,14,14,0
383,40,14,14,0
384,40,14,14,0
385,40,14,14,0
386,40,14,14,0
387,40,14,14,0
388,40,14,14,0
389,40,14,14,0
390,40,14,14,0
391,40,14,14,0
392,40,14,14,0
393,40,14,14,0
394,40,14,14,0
395,40,14,14,0
396,40,14,14,0
397,40,14,14,0
398,40,14,14,0
399,40,14,14,0
400,40,14,14,0
401,40,14,14,0
402,40,14,14,0
403,40,14,14,0
404,40,14,14,0
405,40,14,14,0
406,40,14,14,0
407,40,14,14,0
408,40,14,14,0
409,40,14,14,0
410,40,14,14,0
411,40,14,14,0
412,40,14,14,0
413,40,14,14,0
414,40,14,14,0
415,40,14,14,0
416,40,14,14,0
417,40,14,14,0
418,40,14,14,0
419,40,14,14,0
420,40,14,14,0
421,40,14,14,0
422,40,14,14,0
423,40,14,14,0
424,40,14,14,0
425,40,14,14,0
426,40,14,14,0
427,40,14,14,0
428,40,14,14,0
429,40,14,14,0
430,40,14,14,0
431,40,14,14,0
432,40,14,14,0
433,40,14,14,0
434,40,14,14,0
435,40,14,14,0
436,40,14,14,0
437,40,14,14,0
438,40,14,14,0
439,40,14,14,0
440,40,14,14,0
441,40,14,14,0
442,40,14,14,0
443,40,14,14,0
444,43,14,15,0
445,43,14,15,0
446,43,14,15,0
447,43,14,15,0
448,43,14,15,0
449,43,14,15,0
450,43,14,15,0
451,43,14,15,0
452,43,14,15,0
453,43,14,15,0
454,43,14,15,0
455,43,14,15,0
456,43,14,15,0
457,43,14,15,0
458,43,14,15,0
459,43,14,15,0
460,43,14,15,0
461,43,14,15,0
462,43,14,15,0
463,43,14,15,0
464,43,14,15,0
465,43,14,15,0
466,43,14,15,0
467,43,14,15,0
468,43,14,15,0
469,43,14,15,0
470,43,14,15,0
471,43,14,15,0
472,43,14,15,0
473,43,14,15,0
474,43,14,15,0
475,43,14,15,0
476,44,14,16,0
477,44,14,16,0
478,44,14,16,0
479,44,14,16,0
480,44,14,16,0
481,44,14,16,0
482,44,14,16,0
483,44,14,16,0
484,44,14,16,0
485,44,14,16,0
486,44,14,16,0
487,44,14,16,0
488,44,14,16,0
489,44,14,16,0
490,44,14,16,0
491,44,14,16,0
492,44,14,16,0
493,44,14,16,0
494,44,14,16,0
495,44,14,16,0
496,44,14,16,0
497,44,14,16,0
498,44,14,16,0
499,44,14,16,0
500,44,14,16,0
501,44,14,16,0
502,44,14,16,0
503,44,14,16,0
504,44,14,16,0
505,44,14,16,0
506,44,14,16,0
507,44,14,16,0
508,44,14,16,0
509,44,14,16,0
510,44,14,16,0
511,44,14,16,0
512,44,14,16,0
513,44,14,16,0
514,44,14,16,0
515,44,14,16,0
516,44,14,16,0
517,44,14,16,0
518,44,14,16,0
519,44,14,16,0
520,44,14,16,0
521,44,14,16,0
522,44,14,16,0
523,44,14,16,0
524,44,14,16,0
525,44,14,16,0
526,44,14,16,0
527,44,14,16,0
528,44,14,16,0
529,44,14,16,0
530,44,14,16,0
531,44,14,16,0
532,44,14,16,0
533,44,14,16,0
534,44,14,16,0
535,44,14,16,0
536,44,14,16,0
537,44,14,16,0
538,44,14,16,0
539,44,14,16,0
540,44,14,16,0
541,44,14,16,0
542,44,14,16,0
543,44,14,16,0
544,44,14,16,0
545,44,14,16,0
546,44,14,16,0
547,44,14,16,0
548,44,14,16,0
549,44,14,16,0
550,44,14,16,0
551,44,14,16,0
552,44,14,16,0
553,44,14,16,0
554,44,14,16,0
555,44,14,16,0
556,44,14,16,0
557,44,14,16,0
558,44,14,16,0
559,44,14,16,0
560,44,14,16,0
561,44,14,16,0
562,44,14,16,0
563,44,14,16,0
564,44,14,16,0
565,44,14,16,0
566,44,14,16,0
567,44,14,16,0
568,44,14,16,0
569,44,14,16,0
570,44,14,16,0
571,44,14,16,0
572,44,14,16,0
573,44,14,16,0
574,44,14,16,0
575,45,14,17,0
576,45,14,17,0
577,45,14,17,0
578,45,14,17,0
579,45,14,17,0
580,45,14,17,0
581,45,14,17,0
582,45,14,17,0
583,45,14,17,0
584,45,14,17,0
585,45,14,17,0
586,45,14,17,0
587,45,14,17,0
588,45,14,17,0
589,45,14,17,0
590,45,14,17,0
591,45,14,17,0
592,45,14,17,0
593,45,14,17,0
594,45,14,17,0
595,45,14,17,0
596,45,14,17,0
597,45,14,17,0
598,45,14,17,0
599,45,14,17,0
600,45,14,17,0
601,46,14,18,0
602,46,14,18,0
603,46,14,18,0
604,46,14,18,0
605,46,14,18,0
606,46,14,18,0
607,46,14,18,0
608,46,14,18,0
609,46,14,18,0
610,46,14,18,0
611,46,14,18,0
612,46,14,18,0
613,46,14,18,0
614,46,14,18,0
615,46,14,18,0
616,46,14,18,0
617,46,14,18,0
618,46,14,18,0
619,46,14,18,0
620,46,14,18,0
621,46,14,18,0
622,46,14,18,0
623,46,14,18,0
624,46,14,18,0
625,46,14,18,0
626,46,14,18,0
627,46,14,18,0
628,46,14,18,0
629,46,14,18,0
630,46,14,18,0
631,46,14,18,0
632,46,14,18,0
633,46,14,18,0
634,46,14,18,0
635,46,14,18,0
636,46,14,18,0
637,46,14,18,0
638,46,14,18,0
639,46,14,18,0
640,46,14,18,0
641,46,14,18,0
642,46,14,18,0
643,46,14,18,0
644,46,14,18,0
645,46,14,18,0
646,46,14,18,0
647,46,14,18,0
648,46,14,18,0
649,46,14,18,0
650,46,14,18,0
651,46,14,18,0
652,46,14,18,0
653,46,14,18,0
654,46,14,18,0
655,46,14,18,0
656,46,14,18,0
657,46,14,18,0
658,46,14,18,0
659,46,14,18,0
660,46,14,18,0
661,46,14,18,0
662,46,14,18,0
663,46,14,18,0
664,46,14,18,0
665,46,14,18,0
666,46,14,18,0
667,46,14,18,0
668,46,14,18,0
669,46,14,18,0
670,46,14,18,0
671,46,14,18,0
672,46,14,18,0
673,46,14,18,0
674,46,14,18,0
675,46,14,18,0
676,46,14,18,0
677,46,14,18,0
678,46,14,18,0
679,46,14,18,0
680,46,14,18,0
681,46,14,18,0
682,46,14,18,0
683,46,14,18,0
684,46,14,18,0
685,46,14,18,0
686,46,14,18,0
687,46,14,18,0
688,46,14,18,0
689,46,14,18,0
690,46,14,18,0
691,46,14,18,0
692,46,14,18,0
693,46,14,18,0
694,46,14,18,0
695,46,14,18,0
696,46,14,18,0
697,46,14,18,0
698,46,14,18,0
699,46,14,18,0
700,46,14,18,0
701,46,14,18,0
702,46,14,18,0
703,46,14,18,0
704,46,14,18,0
705,46,14,18,0
706,46,14,18,0
707,46,14,18,0
708,46,14,18,0
709,46,14,18,0
710,46,14,18,0
711,46,14,18,0
712,46,14,18,0
713,46,14,18,0
714,46,14,18,0
715,46,14,18,0
716,46,14,18,0
717,46,14,18,0
718,46,14,18,0
719,46,14,18,0
720,46,14,18,0
721,46,14,18,0
722,46,14,18,0
723,46,14,18,0
724,46,14,18,0
725,46,14,18,0
726,46,14,18,0
727,46,14,18,0
728,46,14,18,0
729,46,14,18,0
730,46,14,18,0
731,46,14,18,0
732,46,14,18,0
733,46,14,18,0
734,46,14,18,0
735,46,14,18,0
736,46,14,18,0
737,46,14,18,0
738,46,14,18,0
739,46,14,18,0
740,46,14,18,0
741,46,14,18,0
742,46,14,18,0
743,46,14,18,0
744,46,14,18,0
745,46,14,18,0
746,46,14,18,0
747,46,14,18,0
748,46,14,18,0
749,46,14,18,0
750,46,14,18,0
751,46,14,18,0
752,46,14,18,0
753,46,14,18,0
754,46,14,18,0
755,46,14,18,0
756,46,14,18,0
757,46,14,18,0
758,46,14,18,0
759,46,14,18,0
760,46,14,18,0
761,46,14,18,0
762,46,14,18,0
763,46,14,18,0
764,46,14,18,0
765,46,14,18,0
766,46,14,18,0
767,46,14,18,0
768,46,14,18,0
769,46,14,18,0
770,46,14,18,0
771,46,14,18,0
772,46,14,18,0
773,46,14,18,0
774,46,14,18,0
775,46,14,18,0
776,46,14,18,0
777,46,14,18,0
778,46,14,18,0
779,46,14,18,0
780,46,14,18,0
781,46,14,18,0
782,46,14,18,0
783,46,14,18,0
784,46,14,18,0
785,46,14,18,0
786,46,14,18,0
787,46,14,18,0
788,46,14,18,0
789,46,14,18,0
790,46,14,18,0
791,46,14,18,0
792,46,14,18,0
793,46,14,18,0
794,46,14,18,0
795,46,14,18,0
796,46,14,18,0
797,46,14,18,0
798,46,14,18,0
799,46,14,18,0
800,46,14,18,0
801,46,14,18,0
802,46,14,18,0
803,46,14,18,0
804,46,14,18,0
805,46,14,18,0
806,46,14,18,0
807,46,14,18,0
808,46,14,18,0
809,46,14,18,0
810,46,14,18,0
811,46,14,18,0
812,46,14,18,0
813,46,14,18,0
814,46,14,18,0
815,46,14,18,0
816,46,14,18,0
817,46,14,18,0
818,46,14,18,0
819,46,14,18,0
820,46,14,18,0
821,46,14,18,0
822,46,14,18,0
823,46,14,18,0
824,46,14,18,0
825,46,14,18,0
826,46,14,18,0
827,46,14,18,0
828,46,14,18,0
829,46,14,18,0
830,46,14,18,0
831,46,14,18,0
832,46,14,18,0
833,46,14,18,0
834,46,14,18,0
835,46,14,18,0
836,46,14,18,0
837,46,14,18,0
838,46,14,18,0
839,46,14,18,0
840,46,14,18,0
841,46,14,18,0
842,46,14,18,0
843,46,14,18,0
844,46,14,18,0
845,46,14,18,0
846,46,14,18,0
847,46,14,18,0
848,46,14,18,0
849,46,14,18,0
850,46,14,18,0
851,46,14,18,0
852,46,14,18,0
853,46,14,18,0
854,46,14,18,0
855,46,14,18,0
856,46,14,18,0
857,46,14,18,0
858,46,14,18,0
859,46,14,18,0
860,46,14,18,0
861,46,14,18,0
862,46,14,18,0
863,46,14,18,0
864,46,14,18,0
865,46,14,18,0
866,46,14,18,0
867,46,14,18,0
868,46,14,18,0
869,46,14,18,0
870,46,14,18,0
871,46,14,18,0
872,46,14,18,0
873,46,14,18,0
874,46,14,18,0
875,46,14,18,0
876,46,14,18,0
877,46,14,18,0
878,46,14,18,0
879,46,14,18,0
880,46,14,18,0
881,46,14,18,0
882,46,14,18,0
883,46,14,18,0
884,46,14,18,0
885,46,14,18,0
886,46,14,18,0
887,46,14,18,0
888,46,14,18,0
889,46,14,18,0
890,46,14,18,0
891,46,14,18,0
892,46,14,18,0
893,46,14,18,0
894,46,14,18,0
895,46,14,18,0
896,46,14,18,0
897,46,14,18,0
898,46,14,18,0
899,46,14,18,0
900,46,14,18,0
901,46,14,18,0
902,46,14,18,0
903,46,14,18,0
904,46,14,18,0
905,46,14,18,0
906,46,14,18,0
907,46,14,18,0
908,46,14,18,0
909,46,14,18,0
910,46,14,18,0
911,46,14,18,0
912,46,14,18,0
913,46,14,18,0
914,46,14,18,0
915,46,14,18,0
916,46,14,18,0
917,46,14,18,0
918,46,14,18,0
919,46,14,18,0
920,46,14,18,0
921,46,14,18,0
922,46,14,18,0
923,46,14,18,0
924,46,14,18,0
925,46,14,18,0
926,46,14,18,0
927,46,14,18,0
928,46,14,18,0
929,46,14,18,0
930,46,14,18,0
931,46,14,18,0
932,46,14,18,0
933,46,14,18,0
934,46,14,18,0
935,46,14,18,0
936,46,14,18,0
937,46,14,18,0
938,46,14,18,0
939,46,14,18,0
940,46,14,18,0
941,46,14,18,0
942,46,14,18,0
943,46,14,18,0
944,46,14,18,0
945,46,14,18,0
946,46,14,18,0
947,46,14,18,0
948,46,14,18,0
949,46,14,18,0
950,46,14,18,0
951,46,14,18,0
952,46,14,18,0
953,46,14,18,0
954,46,14,18,0
955,46,14,18,0
956,46,14,18,0
957,46,14,18,0
958,46,14,18,0
959,46,14,18,0
960,46,14,18,0
961,46,14,18,0
962,46,14,18,0
963,46,14,18,0
964,46,14,18,0
965,46,14,18,0
966,46,14,18,0
967,46,14,18,0
968,46,14,18,0
969,46,14,18,0
970,46,14,18,0
971,46,14,18,0
972,46,14,18,0
973,46,14,18,0
974,46,14,18,0
975,46,14,18,0
976,46,14,18,0
977,46,14,18,0
978,46,14,18,0
979,46,14,18,0
980,46,14,18,0
981,46,14,18,0
982,46,14,18,0
983,46,14,18,0
984,46,14,18,0
985,46,14,18,0
986,46,14,18,0
987,46,14,18,0
988,46,14,18,0
989,46,14,18,0
990,46,14,18,0
991,46,14,18,0
992,46,14,18,0
993,46,14,18,0
994,46,14,18,0
995,46,14,18,0
996,46,14,18,0
997,46,14,18,0
998,46,14,18,0
999,46,14,18,0
1000,46,14,18,0
1001,46,14,18,0
1002,46,14,18,0
1003,46,14,18,0
1004,46,14,18,0
1005,46,14,18,0
1006,46,14,18,0
1007,46,14,18,0
1008,46,14,18,0
1009,46,14,18,0
1010,46,14,18,0
1011,46,14,18,0
1012,46,14,18,0
1013,46,14,18,0
1014,46,14,18,0
1015,46,14,18,0
1016,46,14,18,0
1017,46,14,18,0
1018,46,14,18,0
1019,46,14,18,0
1020,46,14,18,0
1021,46,14,18,0
1022,46,14,18,0
1023,46,14,18,0
1024,46,14,18,0
1025,46,14,18,0
1026,46,14,18,0
1027,46,14,18,0
1028,46,14,18,0
1029,46,14,18,0
1030,46,14,18,0
1031,46,14,18,0
1032,46,14,18,0
1033,46,14,18,0
1034,46,14,18,0
1035,46,14,18,0
1036,46,14,18,0
1037,46,14,18,0
1038,46,14,18,0
1039,46,14,18,0
1040,46,14,18,0
1041,46,14,18,0
1042,46,14,18,0
1043,46,14,18,0
1044,46,14,18,0
1045,46,14,18,0
1046,46,14,18,0
1047,46,14,18,0
1048,46,14,18,0
1049,46,14,18,0
1050,46,14,18,0
1051,46,14,18,0
1052,46,14,18,0
1053,46,14,18,0
1054,46,14,18,0
1055,46,14,18,0
1056,46,14,18,0
1057,46,14,18,0
1058,46,14,18,0
1059,46,14,18,0
1060,46,14,18,0
1061,46,14,18,0
1062,46,14,18,0
1063,46,14,18,0
1064,46,14,18,0
1065,46,14,18,0
1066,46,14,18,0
1067,46,14,18,0
1068,46,14,18,0
1069,46,14,18,0
1070,46,14,18,0
1071,46,14,18,0
1072,46,14,18,0
1073,46,14,18,0
1074,46,14,18,0
1075,46,14,18,0
1076,46,14,18,0
1077,46,14,18,0
1078,46,14,18,0
1079,46,14,18,0
1080,46,14,18,0
1081,46,14,18,0
1082,46,14,18,0
1083,46,14,18,0
1084,46,14,18,0
1085,46,14,18,0
1086,46,14,18,0
1087,46,14,18,0
1088,46,14,18,0
1089,46,14,18,0
1090,46,14,18,0
1091,46,14,18,0
1092,46,14,18,0
1093,46,14,18,0
1094,46,14,18,0
1095,46,14,18,0
1096,46,14,18,0
1097,47,14,19,0
1098,47,14,19,0
1099,47,14,19,0
1100,47,14,19,0
1101,47,14,19,0
1102,47,14,19,0
1103,47,14,19,0
1104,47,14,19,0
1105,47,14,19,0
1106,47,14,19,0
1107,47,14,19,0
1108,47,14,19,0
1109,47,14,19,0
1110,47,14,19,0
1111,47,14,19,0
1112,47,14,19,0
1113,47,14,19,0
1114,47,14,19,0
1115,47,14,19,0
1116,47,14,19,0
1117,47,14,19,0
1118,47,14,19,0
1119,47,14,19,0
1120,47,14,19,0
1121,47,14,19,0
1122,47,14,19,0
1123,47,14,19,0
1124,47,14,19,0
1125,47,14,19,0
1126,47,14,19,0
1127,47,14,19,0
1128,47,14,19,0
1129,47,14,19,0
1130,47,14,19,0
1131,47,14,19,0
1132,47,14,19,0
1133,47,14,19,0
1134,47,14,19,0
1135,47,14,19,0
1136,47,14,19,0
1137,47,14,19,0
1138,47,14,19,0
1139,47,14,19,0
1140,47,14,19,0
1141,47,14,19,0
1142,47,14,19,0
1143,47,14,19,0
1144,47,14,19,0
1145,47,14,19,0
1146,47,14,19,0
1147,47,14,19,0
1148,47,14,19,0
1149,47,14,19,0
1150,47,14,19,0
1151,47,14,19,0
1152,47,14,19,0
1153,47,14,19,0
1154,47,14,19,0
1155,47,14,19,0
1156,47,14,19,0
1157,47,14,19,0
1158,47,14,19,0
1159,47,14,19,0
1160,47,14,19,0
1161,47,14,19,0
1162,47,14,19,0
1163,47,14,19,0
1164,47,14,19,0
1165,47,14,19,0
1166,47,14,19,0
1167,47,14,19,0
1168,47,14,19,0
1169,47,14,19,0
1170,47,14,19,0
1171,47,14,19,0
1172,47,14,19,0
1173,47,14,19,0
1174,47,14,19,0
1175,47,14,19,0
1176,47,14,19,0
1177,47,14,19,0
1178,47,14,19,0
1179,47,14,19,0
1180,47,14,19,0
1181,47,14,19,0
1182,47,14,19,0
1183,47,14,19,0
1184,47,14,19,0
1185,47,14,19,0
1186,47,14,19,0
1187,47,14,19,0
1188,47,14,19,0
1189,47,14,19,0
1190,47,14,19,0
1191,48,14,20,0
1192,48,14,20,0
1193,48,14,20,0
1194,48,14,20,0
1195,48,14,20,0
1196,48,14,20,0
1197,48,14,20,0
1198,48,14,20,0
1199,48,14,20,0
1200,48,14,20,0
1201,48,14,20,0
1202,48,14,20,0
1203,48,14,20,0
1204,48,14,20,0
1205,48,14,20,0
1206,48,14,20,0
1207,48,14,20,0
1208,48,14,20,0
1209,48,14,20,0
1210,48,14,20,0
1211,48,14,20,0
1212,48,14,20,0
1213,48,14,20,0
1214,48,14,20,0
1215,48,14,20,0
1216,48,14,20,0
1217,48,14,20,0
1218,48,14,20,0
1219,48,14,20,0
1220,48,14,20,0
1221,48,14,20,0
1222,48,14,20,0
1223,48,14,20,0
1224,48,14,20,0
1225,48,14,20,0
1226,48,14,20,0
1227,48,14,20,0
1228,48,14,20,0
1229,48,14,20,0
1230,48,14,20,0
1231,48,14,20,0
1232,48,14,20,0
1233,48,14,20,0
1234,48,14,20,0
1235,48,14,20,0
1236,48,14,20,0
1237,48,14,20,0
1238,48,14,20,0
1239,48,14,20,0
1240,48,14,20,0
1241,48,14,20,0
1242,48,14,20,0
1243,48,14,20,0
1244,48,14,20,0
1245,48,14,20,0
1246,48,14,20,0
1247,48,14,20,0
1248,48,14,20,0
1249,48,14,20,0
1250,48,14,20,0
1251,48,14,20,0
1252,48,14,20,0
1253,48,14,20,0
1254,48,14,20,0
1255,48,14,20,0
1256,48,14,20,0
1257,48,14,20,0
1258,48,14,20,0
1259,48,14,20,0
1260,48,14,20,0
1261,48,14,20,0
1262,48,14,20,0
1263,48,14,20,0
1264,48,14,20,0
1265,48,14,20,0
1266,48,14,20,0
1267,48,14,20,0
1268,48,14,20,0
1269,48,14,20,0
1270,48,14,20,0
1271,48,14,20,0
1272,48,14,20,0
1273,48,14,20,0
1274,48,14,20,0
1275,48,14,20,0
1276,48,14,20,0
1277,48,14,20,0
1278,48,14,20,0
1279,48,14,20,0
1280,48,14,20,0
1281,48,14,20,0
1282,48,14,20,0
1283,48,14,20,0
1284,48,14,20,0
1285,48,14,20,0
1286,48,14,20,0
1287,48,14,20,0
1288,48,14,20,0
1289,48,14,20,0
1290,48,14,20,0
1291,48,14,20,0
1292,48,14,20,0
1293,48,14,20,0
1294,48,14,20,0
1295,48,14,20,0
1296,48,14,20,0
1297,48,14,20,0
1298,48,14,20,0
1299,48,14,20,0
1300,48,14,20,0
1301,48,14,20,0
1302,48,14,20,0
1303,48,14,20,0
1304,48,14,20,0
1305,48,14,20,0
1306,48,14,20,0
1307,48,14,20,0
1308,48,14,20,0
1309,48,14,20,0
1310,48,14,20,0
1311,48,14,20,0
1312,48,14,20,0
1313,48,14,20,0
1314,48,14,20,0
1315,48,14,20,0
1316,48,14,20,0
1317,48,14,20,0
1318,48,14,20,0
1319,48,14,20,0
1320,48,14,20,0
1321,48,14,20,0
1322,48,14,20,0
1323,48,14,20,0
1324,48,14,20,0
1325,48,14,20,0
1326,48,14,20,0
1327,48,14,20,0
1328,48,14,20,0
1329,48,14,20,0
1330,48,14,20,0
1331,48,14,20,0
1332,48,14,20,0
1333,48,14,20,0
1334,48,14,20,0
1335,48,14,20,0
1336,48,14,20,0
1337,48,14,20,0
1338,48,14,20,0
1339,48,14,20,0
1340,48,14,20,0
1341,48,14,20,0
1342,48,14,20,0
1343,48,14,20,0
1344,48,14,20,0
1345,48,14,20,0
1346,48,14,20,0
1347,48,14,20,0
1348,48,14,20,0
1349,48,14,20,0
1350,48,14,20,0
1351,48,14,20,0
1352,48,14,20,0
1353,48,14,20,0
1354,48,14,20,0
1355,48,14,20,0
1356,48,14,20,0
1357,48,14,20,0
1358,48,14,20,0
1359,48,14,20,0
1360,48,14,20,0
1361,48,14,20,0
1362,48,14,20,0
1363,48,14,20,0
1364,48,14,20,0
1365,48,14,20,0
1366,48,14,20,0
1367,48,14,20,0
1368,48,14,20,0
1369,48,14,20,0
1370,48,14,20,0
1371,48,14,20,0
1372,48,14,20,0
1373,48,14,20,0
1374,48,14,20,0
1375,48,14,20,0
1376,48,14,20,0
1377,48,14,20,0
1378,48,14,20,0
1379,48,14,20,0
1380,48,14,20,0
1381,48,14,20,0
1382,48,14,20,0
1383,48,14,20,0
1384,48,14,20,0
1385,48,14,20,0
1386,48,14,20,0
1387,48,14,20,0
1388,48,14,20,0
1389,48,14,20,0
1390,48,14,20,0
1391,48,14,20,0
1392,48,14,20,0
1393,48,14,20,0
1394,48,14,20,0
1395,48,14,20,0
1396,48,14,20,0
1397,48,14,20,0
1398,48,14,20,0
1399,48,14,20,0
1400,48,14,20,0
1401,48,14,20,0
1402,48,14,20,0
1403,48,14,20,0
1404,48,14,20,0
1405,48,14,20,0
1406,48,14,20,0
1407,48,14,20,0
1408,48,14,20,0
1409,48,14,20,0
1410,48,14,20,0
1411,48,14,20,0
1412,48,14,20,0
1413,48,14,20,0
1414,48,14,20,0
1415,48,14,20,0
1416,48,14,20,0
1417,48,14,20,0
1418,48,14,20,0
1419,48,14,20,0
1420,48,14,20,0
1421,48,14,20,0
1422,48,14,20,0
1423,48,14,20,0
1424,48,14,20,0
1425,48,14,20,0
1426,48,14,20,0
1427,48,14,20,0
1428,48,14,20,0
1429,48,14,20,0
1430,48,14,20,0
1431,48,14,20,0
1432,48,14,20,0
1433,48,14,20,0
1434,48,14,20,0
1435,48,14,20,0
1436,48,14,20,0
1437,48,14,20,0
1438,48,14,20,0
1439,48,14,20,0
1440,48,14,20,0
1441,48,14,20,0
1442,48,14,20,0
1443,48,14,20,0
1444,48,14,20,0
1445,48,14,20,0
1446,48,14,20,0
1447,48,14,20,0
1448,48,14,20,0
1449,48,14,20,0
1450,48,14,20,0
1451,48,14,20,0
1452,48,14,20,0
1453,48,14,20,0
1454,48,14,20,0
1455,48,14,20,0
1456,48,14,20,0
1457,48,14,20,0
1458,48,14,20,0
1459,48,14,20,0
1460,48,14,20,0
1461,48,14,20,0
1462,48,14,20,0
1463,48,14,20,0
1464,48,14,20,0
1465,48,14,20,0
1466,48,14,20,0
1467,48,14,20,0
1468,48,14,20,0
1469,48,14,20,0
1470,48,14,20,0
1471,48,14,20,0
1472,48,14,20,0
1473,48,14,20,0
1474,48,14,20,0
1475,48,14,20,0
1476,48,14,20,0
1477,48,14,20,0
1478,48,14,20,0
1479,48,14,20,0
1480,48,14,20,0
1481,48,14,20,0
1482,48,14,20,0
1483,48,14,20,0
1484,48,14,20,0
1485,48,14,20,0
1486,48,14,20,0
1487,48,14,20,0
1488,48,14,20,0
1489,48,14,20,0
1490,48,14,20,0
1491,48,14,20,0
1492,48,14,20,0
1493,48,14,20,0
1494,48,14,20,0
1495,48,14,20,0
1496,48,14,20,0
1497,48,14,20,0
1498,48,14,20,0
1499,48,14,20,0
1500,48,14,20,0
1501,48,14,20,0
1502,48,14,20,0
1503,48,14,20,0
1504,48,14,20,0
1505,48,14,20,0
1506,48,14,20,0
1507,48,14,20,0
1508,48,14,20,0
1509,48,14,20,0
1510,48,14,20,0
1511,48,14,20,0
1512,48,14,20,0
1513,48,14,20,0
1514,48,14,20,0
1515,48,14,20,0
1516,48,14,20,0
1517,48,14,20,0
1518,48,14,20,0
1519,48,14,20,0
1520,48,14,20,0
1521,48,14,20,0
1522,48,14,20,0
1523,48,14,20,0
1524,48,14,20,0
1525,48,14,20,0
1526,48,14,20,0
1527,48,14,20,0
1528,48,14,20,0
1529,48,14,20,0
1530,48,14,20,0
1531,48,14,20,0
1532,48,14,20,0
1533,48,14,20,0
1534,48,14,20,0
1535,48,14,20,0
1536,48,14,20,0
1537,48,14,20,0
1538,48,14,20,0
1539,48,14,20,0
1540,48,14,20,0
1541,48,14,20,0
1542,48,14,20,0
1543,48,14,20,0
1544,48,14,20,0
1545,48,14,20,0
1546,48,14,20,0
1547,48,14,20,0
1548,48,14,20,0
1549,48,14,20,0
1550,48,14,20,0
1551,48,14,20,0
1552,48,14,20,0
1553,48,14,20,0
1554,48,14,20,0
1555,48,14,20,0
1556,48,14,20,0
1557,48,14,20,0
1558,49,14,21,0
1559,49,14,21,0
1560,49,14,21,0
1561,49,14,21,0
1562,49,14,21,0
1563,49,14,21,0
1564,49,14,21,0
1565,49,14,21,0
1566,49,14,21,0
1567,49,14,21,0
1568,49,14,21,0
1569,49,14,21,0
1570,49,14,21,0
1571,49,14,21,0
1572,49,14,21,0
1573,49,14,21,0
1574,49,14,21,0
1575,49,14,21,0
1576,49,14,21,0
1577,49,14,21,0
1578,49,14,21,0
1579,49,14,21,0
1580,49,14,21,0
1581,49,14,21,0
1582,49,14,21,0
1583,49,14,21,0
1584,49,14,21,0
1585,49,14,21,0
1586,49,14,21,0
1587,49,14,21,0
1588,49,14,21,0
1589,49,14,21,0
1590,49,14,21,0
1591,49,14,21,0
1592,49,14,21,0
1593,49,14,21,0
1594,49,14,21,0
1595,49,14,21,0
1596,49,14,21,0
1597,49,14,21,0
1598,49,14,21,0
1599,49,14,21,0
1600,49,14,21,0
1601,49,14,21,0
1602,49,14,21,0
1603,49,14,21,0
1604,49,14,21,0
1605,49,14,21,0
1606,49,14,21,0
1607,49,14,21,0
1608,49,14,21,0
1609,49,14,21,0
1610,49,14,21,0
1611,49,14,21,0
1612,49,14,21,0
1613,49,14,21,0
1614,49,14,21,0
1615,49,14,21,0
1616,49,14,21,0
1617,49,14,21,0
1618,49,14,21,0
1619,49,14,21,0
1620,49,14,21,0
1621,49,14,21,0
1622,49,14,21,0
1623,49,14,21,0
1624,49,14,21,0
1625,49,14,21,0
1626,49,14,21,0
1627,49,14,21,0
1628,49,14,21,0
1629,49,14,21,0
1630,49,14,21,0
1631,49,14,21,0
1632,49,14,21,0
1633,49,14,21,0
1634,49,14,21,0
1635,49,14,21,0
1636,49,14,21,0
1637,49,14,21,0
1638,49,14,21,0
1639,49,14,21,0
1640,49,14,21,0
1641,49,14,21,0
1642,49,14,21,0
1643,49,14,21,0
1644,49,14,21,0
1645,49,14,21,0
1646,49,14,21,0
1647,49,14,21,0
1648,49,14,21,0
1649,49,14,21,0
1650,49,14,21,0
1651,49,14,21,0
1652,49,14,21,0
1653,49,14,21,0
1654,49,14,21,0
1655,49,14,21,0
1656,49,14,21,0
1657,49,14,21,0
1658,49,14,21,0
1659,49,14,21,0
1660,49,14,21,0
1661,49,14,21,0
1662,49,14,21,0
1663,49,14,21,0
1664,49,14,21,0
1665,49,14,21,0
1666,49,14,21,0
1667,49,14,21,0
1668,49,14,21,0
1669,49,14,21,0
1670,49,14,21,0
1671,49,14,21,0
1672,49,14,21,0
1673,49,14,21,0
1674,49,14,21,0
1675,49,14,21,0
1676,49,14,21,0
1677,49,14,21,0
1678,49,14,21,0
1679,49,14,21,0
1680,49,14,21,0
1681,49,14,21,0
1682,49,14,21,0
1683,49,14,21,0
1684,49,14,21,0
1685,49,14,21,0
1686,49,14,21,0
1687,49,14,21,0
1688,49,14,21,0
1689,49,14,21,0
1690,49,14,21,0
1691,49,14,21,0
1692,49,14,21,0
1693,49,14,21,0
1694,49,14,21,0
1695,49,14,21,0
1696,49,14,21,0
1697,49,14,21,0
1698,49,14,21,0
1699,49,14,21,0
1700,49,14,21,0
1701,49,14,21,0
1702,49,14,21,0
1703,49,14,21,0
1704,49,14,21,0
1705,49,14,21,0
1706,49,14,21,0
1707,49,14,21,0
1708,49,14,21,0
1709,49,14,21,0
1710,49,14,21,0
1711,49,14,21,0
1712,49,14,21,0
1713,49,14,21,0
1714,49,14,21,0
1715,49,14,21,0
1716,49,14,21,0
1717,49,14,21,0
1718,49,14,21,0
1719,49,14,21,0
1720,49,14,21,0
1721,49,14,21,0
1722,49,14,21,0
1723,49,14,21,0
1724,49,14,21,0
1725,49,14,21,0
1726,49,14,21,0
1727,49,14,21,0
1728,49,14,21,0
1729,49,14,21,0
1730,49,14,21,0
1731,49,14,21,0
1732,49,14,21,0
1733,49,14,21,0
1734,49,14,21,0
1735,49,14,21,0
1736,49,14,21,0
1737,49,14,21,0
1738,49,14,21,0
1739,49,14,21,0
1740,49,14,21,0
1741,49,14,21,0
1742,49,14,21,0
1743,49,14,21,0
1744,49,14,21,0
1745,49,14,21,0
1746,49,14,21,0
1747,49,14,21,0
1748,49,14,21,0
1749,49,14,21,0
1750,49,14,21,0
1751,49,14,21,0
1752,49,14,21,0
1753,49,14,21,0
1754,49,14,21,0
1755,49,14,21,0
1756,49,14,21,0
1757,49,14,21,0
1758,49,14,21,0
1759,49,14,21,0
1760,49,14,21,0
1761,49,14,21,0
1762,49,14,21,0
1763,49,14,21,0
1764,49,14,21,0
1765,49,14,21,0
1766,49,14,21,0
1767,49,14,21,0
1768,49,14,21,0
1769,49,14,21,0
1770,49,14,21,0
1771,49,14,21,0
1772,49,14,21,0
1773,49,14,21,0
1774,49,14,21,0
1775,49,14,21,0
1776,49,14,21,0
1777,49,14,21,0
1778,49,14,21,0
1779,49,14,21,0
1780,49,14,21,0
1781,49,14,21,0
1782,49,14,21,0
1783,49,14,21,0
1784,49,14,21,0
1785,49,14,21,0
1786,49,14,21,0
1787,49,14,21,0
1788,49,14,21,0
1789,49,14,21,0
1790,49,14,21,0
1791,49,14,21,0
1792,49,14,21,0
1793,49,14,21,0
1794,49,14,21,0
1795,49,14,21,0
1796,49,14,21,0
1797,49,14,21,0
1798,49,14,21,0
1799,49,14,21,0
1800,49,14,21,0
1801,49,14,21,0
1802,49,14,21,0
1803,49,14,21,0
1804,49,14,21,0
1805,49,14,21,0
1806,49,14,21,0
1807,49,14,21,0
1808,49,14,21,0
1809,49,14,21,0
1810,49,14,21,0
1811,49,14,21,0
1812,49,14,21,0
1813,49,14,21,0
1814,49,14,21,0
1815,49,14,21,0
1816,49,14,21,0
1817,49,14,21,0
1818,49,14,21,0
1819,49,14,21,0
1820,49,14,21,0
1821,49,14,21,0
1822,49,14,21,0
1823,49,14,21,0
1824,49,14,21,0
1825,49,14,21,0
1826,49,14,21,0
1827,49,14,21,0
1828,49,14,21,0
1829,49,14,21,0
1830,49,14,21,0
1831,49,14,21,0
1832,49,14,21,0
1833,49,14,21,0
1834,49,14,21,0
1835,49,14,21,0
1836,49,14,21,0
1837,49,14,21,0
1838,49,14,21,0
1839,49,14,21,0
1840,49,14,21,0
1841,49,14,21,0
1842,49,14,21,0
1843,49,14,21,0
1844,49,14,21,0
1845,49,14,21,0
1846,49,14,21,0
1847,49,14,21,0
1848,49,14,21,0
1849,49,14,21,0
1850,49,14,21,0
1851,49,14,21,0
1852,49,14,21,0
1853,49,14,21,0
1854,49,14,21,0
1855,49,14,21,0
1856,49,14,21,0
1857,49,14,21,0
1858,49,14,21,0
1859,49,14,21,0
1860,49,14,21,0
1861,49,14,21,0
1862,49,14,21,0
1863,49,14,21,0
1864,49,14,21,0
1865,49,14,21,0
1866,49,14,21,0
1867,49,14,21,0
1868,49,14,21,0
1869,49,14,21,0
1870,49,14,21,0
1871,49,14,21,0
1872,49,14,21,0
1873,49,14,21,0
1874,49,14,21,0
1875,49,14,21,0
1876,49,14,21,0
1877,49,14,21,0
1878,49,14,21,0
1879,49,14,21,0
1880,49,14,21,0
1881,49,14,21,0
1882,49,14,21,0
1883,49,14,21,0
1884,49,14,21,0
1885,49,14,21,0
1886,49,14,21,0
1887,49,14,21,0
1888,49,14,21,0
1889,49,14,21,0
1890,49,14,21,0
1891,49,14,21,0
1892,49,14,21,0
1893,49,14,21,0
1894,49,14,21,0
1895,49,14,21,0
1896,49,14,21,0
1897,49,14,21,0
1898,49,14,21,0
1899,49,14,21,0
1900,49,14,21,0
1901,49,14,21,0
1902,49,14,21,0
1903,49,14,21,0
1904,49,14,21,0
1905,49,14,21,0
1906,49,14,21,0
1907,49,14,21,0
1908,49,14,21,0
1909,49,14,21,0
1910,49,14,21,0
1911,49,14,21,0
1912,49,14,21,0
1913,49,14,21,0
1914,49,14,21,0
1915,49,14,21,0
1916,49,14,21,0
1917,49,14,21,0
1918,49,14,21,0
1919,49,14,21,0
1920,49,14,21,0
1921,49,14,21,0
1922,49,14,21,0
1923,49,14,21,0
1924,49,14,21,0
1925,49,14,21,0
1926,49,14,21,0
1927,49,14,21,0
1928,49,14,21,0
1929,49,14,21,0
1930,49,14,21,0
1931,49,14,21,0
1932,49,14,21,0
1933,49,14,21,0
1934,49,14,21,0
1935,49,14,21,0
1936,49,14,21,0
1937,49,14,21,0
1938,49,14,21,0
1939,49,14,21,0
1940,49,14,21,0
1941,49,14,21,0
1942,49,14,21,0
1943,49,14,21,0
1944,49,14,21,0
1945,49,14,21,0
1946,49,14,21,0
1947,49,14,21,0
1948,49,14,21,0
1949,49,14,21,0
1950,49,14,21,0
1951,49,14,21,0
1952,49,14,21,0
1953,49,14,21,0
1954,49,14,21,0
1955,49,14,21,0
1956,49,14,21,0
1957,49,14,21,0
1958,49,14,21,0
1959,49,14,21,0
1960,49,14,21,0
1961,49,14,21,0
1962,49,14,21,0
1963,49,14,21,0
1964,49,14,21,0
1965,49,14,21,0
1966,49,14,21,0
1967,49,14,21,0
1968,49,14,21,0
1969,49,14,21,0
1970,49,14,21,0
1971,49,14,21,0
1972,49,14,21,0
1973,49,14,21,0
1974,49,14,21,0
1975,49,14,21,0
1976,49,14,21,0
1977,49,14,21,0
1978,49,14,21,0
1979,49,14,21,0
1980,49,14,21,0
1981,49,14,21,0
1982,49,14,21,0
1983,49,14,21,0
1984,49,14,21,0
1985,49,14,21,0
1986,49,14,21,0
1987,49,14,21,0
1988,49,14,21,0
1989,49,14,21,0
1990,49,14,21,0
1991,49,14,21,0
1992,49,14,21,0
1993,49,14,21,0
1994,49,14,21,0
1995,49,14,21,0
1996,49,14,21,0
1997,49,14,21,0
1998,49,14,21,0
1999,49,14,21,0
2000,49,14,21,0
2001,49,14,21,0
2002,49,14,21,0
2003,49,14,21,0
2004,49,14,21,0
2005,49,14,21,0
2006,49,14,21,0
2007,49,14,21,0
2008,49,14,21,0
2009,49,14,21,0
2010,49,14,21,0
2011,49,14,21,0
2012,49,14,21,0
2013,49,14,21,0
2014,49,14,21,0
2015,49,14,21,0
2016,49,14,21,0
2017,49,14,21,0
2018,49,14,21,0
2019,49,14,21,0
2020,49,14,21,0
2021,49,14,21,0
2022,49,14,21,0
2023,49,14,21,0
2024,49,14,21,0
2025,49,14,21,0
2026,49,14,21,0
2027,49,14,21,0
2028,49,14,21,0
2029,49,14,21,0
2030,49,14,21,0
2031,49,14,21,0
2032,49,14,21,0
2033,49,14,21,0
2034,49,14,21,0
2035,49,14,21,0
2036,49,14,21,0
2037,49,14,21,0
2038,49,14,21,0
2039,49,14,21,0
2040,49,14,21,0
2041,49,14,21,0
2042,49,14,21,0
2043,49,14,21,0
2044,49,14,21,0
2045,49,14,21,0
2046,49,14,21,0
2047,49,14,21,0
2048,49,14,21,0
2049,49,14,21,0
2050,49,14,21,0
2051,49,14,21,0
2052,49,14,21,0
2053,49,14,21,0
2054,49,14,21,0
2055,49,14,21,0
2056,49,14,21,0
2057,49,14,21,0
2058,49,14,21,0
2059,49,14,21,0
2060,49,14,21,0
2061,49,14,21,0
2062,49,14,21,0
2063,49,14,21,0
2064,49,14,21,0
2065,49,14,21,0
2066,49,14,21,0
2067,49,14,21,0
2068,49,14,21,0
2069,49,14,21,0
2070,49,14,21,0
2071,49,14,21,0
2072,49,14,21,0
2073,49,14,21,0
2074,49,14,21,0
2075,49,14,21,0
2076,49,14,21,0
2077,49,14,21,0
2078,49,14,21,0
2079,49,14,21,0
2080,49,14,21,0
2081,49,14,21,0
2082,49,14,21,0
2083,49,14,21,0
2084,49,14,21,0
2085,49,14,21,0
2086,49,14,21,0
2087,49,14,21,0
2088,49,14,21,0
2089,49,14,21,0
2090,49,14,21,0
2091,49,14,21,0
2092,49,14,21,0
2093,49,14,21,0
2094,49,14,21,0
2095,49,14,21,0
2096,49,14,21,0
2097,49,14,21,0
2098,49,14,21,0
2099,49,14,21,0
2100,49,14,21,0
2101,49,14,21,0
2102,49,14,21,0
2103,49,14,21,0
2104,49,14,21,0
2105,49,14,21,0
2106,49,14,21,0
2107,49,14,21,0
2108,49,14,21,0
2109,49,14,21,0
2110,49,14,21,0
2111,49,14,21,0
2112,49,14,21,0
2113,49,14,21,0
2114,49,14,21,0
2115,49,14,21,0
2116,49,14,21,0
2117,49,14,21,0
2118,49,14,21,0
2119,49,14,21,0
2120,49,14,21,0
2121,49,14,21,0
2122,49,14,21,0
2123,49,14,21,0
2124,49,14,21,0
2125,49,14,21,0
2126,49,14,21,0
2127,49,14,21,0
2128,49,14,21,0
2129,49,14,21,0
2130,49,14,21,0
2131,49,14,21,0
2132,49,14,21,0
2133,49,14,21,0
2134,49,14,21,0
2135,49,14,21,0
2136,49,14,21,0
2137,49,14,21,0
2138,49,14,21,0
2139,49,14,21,0
2140,49,14,21,0
2141,49,14,21,0
2142,49,14,21,0
2143,49,14,21,0
2144,49,14,21,0
2145,49,14,21,0
2146,49,14,21,0
2147,49,14,21,0
2148,49,14,21,0
2149,49,14,21,0
2150,49,14,21,0
2151,49,14,21,0
2152,49,14,21,0
2153,49,14,21,0
2154,49,14,21,0
2155,49,14,21,0
2156,49,14,21,0
2157,49,14,21,0
2158,49,14,21,0
2159,49,14,21,0
2160,49,14,21,0
2161,49,14,21,0
2162,49,14,21,0
2163,49,14,21,0
2164,49,14,21,0
2165,49,14,21,0
2166,49,14,21,0
2167,49,14,21,0
2168,49,14,21,0
2169,49,14,21,0
2170,49,14,21,0
2171,49,14,21,0
2172,49,14,21,0
2173,49,14,21,0
2174,49,14,21,0
2175,49,14,21,0
2176,49,14,21,0
2177,49,14,21,0
2178,49,14,21,0
2179,49,14,21,0
2180,49,14,21,0
2181,49,14,21,0
2182,49,14,21,0
2183,49,14,21,0
2184,49,14,21,0
2185,49,14,21,0
2186,49,14,21,0
2187,49,14,21,0
2188,49,14,21,0
2189,49,14,21,0
2190,49,14,21,0
2191,49,14,21,0
2192,50,14,22,0
2193,50,14,22,0
2194,50,14,22,0
2195,50,14,22,0
2196,50,14,22,0
2197,50,14,22,0
2198,50,14,22,0
2199,50,14,22,0
2200,50,14,22,0
2201,50,14,22,0
2202,50,14,22,0
2203,50,14,22,0
2204,50,14,22,0
2205,50,14,22,0
2206,50,14,22,0
2207,50,14,22,0
2208,50,14,22,0
2209,50,14,22,0
2210,50,14,22,0
2211,50,14,22,0
2212,50,14,22,0
2213,50,14,22,0
2214,50,14,22,0
2215,50,14,22,0
2216,50,14,22,0
2217,50,14,22,0
2218,50,14,22,0
2219,50,14,22,0
2220,50,14,22,0
2221,50,14,22,0
2222,50,14,22,0
2223,50,14,22,0
2224,50,14,22,0
2225,50,14,22,0
2226,50,14,22,0
2227,50,14,22,0
2228,50,14,22,0
2229,50,14,22,0
2230,50,14,22,0
2231,50,14,22,0
2232,50,14,22,0
2233,50,14,22,0
2234,50,14,22,0
2235,50,14,22,0
2236,50,14,22,0
2237,50,14,22,0
2238,50,14,22,0
2239,50,14,22,0
2240,50,14,22,0
2241,50,14,22,0
2242,50,14,22,0
2243,50,14,22,0
2244,50,14,22,0
2245,50,14,22,0
2246,50,14,22,0
2247,50,14,22,0
2248,50,14,22,0
2249,50,14,22,0
2250,50,14,22,0
2251,50,14,22,0
2252,50,14,22,0
2253,50,14,22,0
2254,50,14,22,0
2255,50,14,22,0
2256,50,14,22,0
2257,50,14,22,0
2258,50,14,22,0
2259,50,14,22,0
2260,50,14,22,0
2261,51,14,23,0
2262,51,14,23,0
2263,51,14,23,0
2264,51,14,23,0
2265,51,14,23,0
2266,51,14,23,0
2267,51,14,23,0
2268,51,14,23,0
2269,51,14,23,0
2270,51,14,23,0
2271,51,14,23,0
2272,51,14,23,0
2273,51,14,23,0
2274,51,14,23,0
2275,51,14,23,0
2276,51,14,23,0
2277,51,14,23,0
2278,51,14,23,0
2279,51,14,23,0
2280,51,14,23,0
2281,51,14,23,0
2282,51,14,23,0
2283,51,14,23,0
2284,51,14,23,0
2285,51,14,23,0
2286,51,14,23,0
2287,51,14,23,0
2288,51,14,23,0
2289,51,14,23,0
2290,51,14,23,0
2291,51,14,23,0
2292,51,14,23,0
2293,51,14,23,0
2294,51,14,23,0
2295,51,14,23,0
2296,51,14,23,0
2297,51,14,23,0
2298,51,14,23,0
2299,51,14,23,0
2300,51,14,23,0
2301,51,14,23,0
2302,51,14,23,0
2303,51,14,23,0
2304,51,14,23,0
2305,51,14,23,0
2306,51,14,23,0
2307,51,14,23,0
2308,51,14,23,0
2309,51,14,23,0
2310,51,14,23,0
2311,51,14,23,0
2312,51,14,23,0
2313,51,14,23,0
2314,51,14,23,0
2315,51,14,23,0
2316,51,14,23,0
2317,51,14,23,0
2318,51,14,23,0
2319,51,14,23,0
2320,51,14,23,0
2321,51,14,23,0
2322,51,14,23,0
2323,51,14,23,0
2324,51,14,23,0
2325,51,14,23,0
2326,51,14,23,0
2327,51,14,23,0
2328,51,14,23,0
2329,51,14,23,0
2330,51,14,23,0
2331,51,14,23,0
2332,51,14,23,0
2333,51,14,23,0
2334,51,14,23,0
2335,51,14,23,0
2336,51,14,23,0
2337,51,14,23,0
2338,51,14,23,0
2339,51,14,23,0
2340,51,14,23,0
2341,51,14,23,0
2342,51,14,23,0
2343,51,14,23,0
2344,51,14,23,0
2345,51,14,23,0
2346,51,14,23,0
2347,51,14,23,0
2348,51,14,23,0
2349,51,14,23,0
2350,51,14,23,0
2351,51,14,23,0
2352,51,14,23,0
2353,51,14,23,0
2354,51,14,23,0
2355,51,14,23,0
2356,51,14,23,0
2357,51,14,23,0
2358,51,14,23,0
2359,51,14,23,0
2360,51,14,23,0
2361,51,14,23,0
2362,51,14,23,0
2363,51,14,23,0
2364,51,14,23,0
2365,51,14,23,0
2366,51,14,23,0
2367,51,14,23,0
2368,51,14,23,0
2369,51,14,23,0
2370,51,14,23,0
2371,51,14,23,0
2372,51,14,23,0
2373,51,14,23,0
2374,51,14,23,0
2375,51,14,23,0
2376,51,14,23,0
2377,51,14,23,0
2378,51,14,23,0
2379,51,14,23,0
2380,51,14,23,0
2381,51,14,23,0
2382,51,14,23,0
2383,51,14,23,0
2384,51,14,23,0
2385,51,14,23,0
2386,51,14,23,0
2387,51,14,23,0
2388,51,14,23,0
2389,51,14,23,0
2390,51,14,23,0
2391,51,14,23,0
2392,51,14,23,0
2393,51,14,23,0
2394,51,14,23,0
2395,51,14,23,0
2396,51,14,23,0
2397,51,14,23,0
2398,51,14,23,0
2399,51,14,23,0
2400,51,14,23,0
2401,51,14,23,0
2402,51,14,23,0
2403,51,14,23,0
2404,51,14,23,0
2405,51,14,23,0
2406,51,14,23,0
2407,51,14,23,0
2408,51,14,23,0
2409,51,14,23,0
2410,51,14,23,0
2411,51,14,23,0
2412,51,14,23,0
2413,51,14,23,0
2414,51,14,23,0
2415,51,14,23,0
2416,51,14,23,0
2417,51,14,23,0
2418,51,14,23,0
2419,51,14,23,0
2420,51,14,23,0
2421,51,14,23,0
2422,51,14,23,0
2423,51,14,23,0
2424,51,14,23,0
2425,51,14,23,0
2426,51,14,23,0
2427,51,14,23,0
2428,51,14,23,0
2429,51,14,23,0
2430,51,14,23,0
2431,51,14,23,0
2432,51,14,23,0
2433,51,14,23,0
2434,51,14,23,0
2435,51,14,23,0
2436,51,14,23,0
2437,51,14,23,0
2438,51,14,23,0
2439,51,14,23,0
2440,51,14,23,0
2441,51,14,23,0
2442,51,14,23,0
2443,51,14,23,0
2444,51,14,23,0
2445,51,14,23,0
2446,51,14,23,0
2447,51,14,23,0
2448,51,14,23,0
2449,51,14,23,0
2450,51,14,23,0
2451,51,14,23,0
2452,51,14,23,0
2453,51,14,23,0
2454,51,14,23,0
2455,51,14,23,0
2456,51,14,23,0
2457,51,14,23,0
2458,51,14,23,0
2459,51,14,23,0
2460,51,14,23,0
2461,51,14,23,0
2462,51,14,23,0
2463,51,14,23,0
2464,51,14,23,0
2465,51,14,23,0
2466,51,14,23,0
2467,51,14,23,0
2468,51,14,23,0
2469,51,14,23,0
2470,51,14,23,0
2471,51,14,23,0
2472,51,14,23,0
2473,51,14,23,0
2474,51,14,23,0
2475,51,14,23,0
2476,51,14,23,0
2477,51,14,23,0
2478,51,14,23,0
2479,51,14,23,0
2480,51,14,23,0
2481,51,14,23,0
2482,51,14,23,0
2483,51,14,23,0
2484,51,14,23,0
2485,51,14,23,0
2486,51,14,23,0
2487,51,14,23,0
2488,51,14,23,0
2489,51,14,23,0
2490,51,14,23,0
2491,51,14,23,0
2492,51,14,23,0
2493,51,14,23,0
2494,51,14,23,0
2495,51,14,23,0
2496,51,14,23,0
2497,51,14,23,0
2498,51,14,23,0
2499,51,14,23,0
2500,51,14,23,0
2501,51,14,23,0
2502,51,14,23,0
2503,51,14,23,0
2504,51,14,23,0
2505,51,14,23,0
2506,51,14,23,0
2507,51,14,23,0
2508,51,14,23,0
2509,51,14,23,0
2510,51,14,23,0
2511,51,14,23,0
2512,51,14,23,0
2513,51,14,23,0
2514,51,14,23,0
2515,51,14,23,0
2516,51,14,23,0
2517,51,14,23,0
2518,51,14,23,0
2519,51,14,23,0
2520,51,14,23,0
2521,51,14,23,0
2522,51,14,23,0
2523,51,14,23,0
2524,51,14,23,0
2525,51,14,23,0
2526,51,14,23,0
2527,51,14,23,0
2528,51,14,23,0
2529,51,14,23,0
2530,51,14,23,0
2531,51,14,23,0
2532,51,14,23,0
2533,51,14,23,0
2534,51,14,23,0
2535,51,14,23,0
2536,51,14,23,0
2537,51,14,23,0
2538,51,14,23,0
2539,51,14,23,0
2540,51,14,23,0
2541,51,14,23,0
2542,51,14,23,0
2543,51,14,23,0
2544,51,14,23,0
2545,51,14,23,0
2546,51,14,23,0
2547,51,14,23,0
2548,51,14,23,0
2549,51,14,23,0
2550,51,14,23,0
2551,51,14,23,0
2552,51,14,23,0
2553,51,14,23,0
2554,51,14,23,0
2555,51,14,23,0
2556,51,14,23,0
2557,51,14,23,0
2558,51,14,23,0
2559,51,14,23,0
2560,51,14,23,0
2561,51,14,23,0
2562,51,14,23,0
2563,51,14,23,0
2564,51,14,23,0
2565,51,14,23,0
2566,51,14,23,0
2567,51,14,23,0
2568,51,14,23,0
2569,51,14,23,0
2570,51,14,23,0
2571,51,14,23,0
2572,51,14,23,0
2573,51,14,23,0
2574,51,14,23,0
2575,51,14,23,0
2576,51,14,23,0
2577,51,14,23,0
2578,51,14,23,0
2579,51,14,23,0
2580,51,14,23,0
2581,51,14,23,0
2582,51,14,23,0
2583,51,14,23,0
2584,51,14,23,0
2585,51,14,23,0
2586,51,14,23,0
2587,51,14,23,0
2588,51,14,23,0
2589,51,14,23,0
2590,51,14,23,0
2591,51,14,23,0
2592,51,14,23,0
2593,51,14,23,0
2594,51,14,23,0
2595,51,14,23,0
2596,51,14,23,0
2597,51,14,23,0
2598,51,14,23,0
2599,51,14,23,0
2600,51,14,23,0
2601,51,14,23,0
2602,51,14,23,0
2603,51,14,23,0
2604,51,14,23,0
2605,51,14,23,0
2606,51,14,23,0
2607,51,14,23,0
2608,51,14,23,0
2609,51,14,23,0
2610,51,14,23,0
2611,51,14,23,0
2612,51,14,23,0
2613,51,14,23,0
2614,51,14,23,0
2615,51,14,23,0
2616,51,14,23,0
2617,51,14,23,0
2618,51,14,23,0
2619,51,14,23,0
2620,51,14,23,0
2621,51,14,23,0
2622,51,14,23,0
2623,51,14,23,0
2624,51,14,23,0
2625,51,14,23,0
2626,51,14,23,0
2627,51,14,23,0
2628,51,14,23,0
2629,51,14,23,0
2630,51,14,23,0
2631,51,14,23,0
2632,51,14,23,0
2633,51,14,23,0
2634,51,14,23,0
2635,51,14,23,0
2636,51,14,23,0
2637,51,14,23,0
2638,51,14,23,0
2639,51,14,23,0
2640,51,14,23,0
2641,51,14,23,0
2642,51,14,23,0
2643,51,14,23,0
2644,51,14,23,0
2645,51,14,23,0
2646,51,14,23,0
2647,51,14,23,0
2648,51,14,23,0
2649,51,14,23,0
2650,51,14,23,0
2651,51,14,23,0
2652,51,14,23,0
2653,51,14,23,0
2654,51,14,23,0
2655,51,14,23,0
2656,51,14,23,0
2657,51,14,23,0
2658,51,14,23,0
2659,51,14,23,0
2660,51,14,23,0
2661,51,14,23,0
2662,51,14,23,0
2663,51,14,23,0
2664,51,14,23,0
2665,51,14,23,0
2666,51,14,23,0
2667,51,14,23,0
2668,51,14,23,0
2669,51,14,23,0
2670,51,14,23,0
2671,51,14,23,0
2672,51,14,23,0
2673,51,14,23,0
2674,51,14,23,0
2675,51,14,23,0
2676,51,14,23,0
2677,51,14,23,0
2678,51,14,23,0
2679,51,14,23,0
2680,51,14,23,0
2681,51,14,23,0
2682,51,14,23,0
2683,51,14,23,0
2684,51,14,23,0
2685,51,14,23,0
2686,51,14,23,0
2687,51,14,23,0
2688,51,14,23,0
2689,51,14,23,0
2690,51,14,23,0
2691,51,14,23,0
2692,51,14,23,0
2693,51,14,23,0
2694,51,14,23,0
2695,51,14,23,0
2696,51,14,23,0
2697,51,14,23,0
2698,51,14,23,0
2699,51,14,23,0
2700,51,14,23,0
2701,51,14,23,0
2702,51,14,23,0
2703,51,14,23,0
2704,51,14,23,0
2705,51,14,23,0
2706,51,14,23,0
2707,51,14,23,0
2708,51,14,23,0
2709,51,14,23,0
2710,51,14,23,0
2711,51,14,23,0
2712,51,14,23,0
2713,51,14,23,0
2714,51,14,23,0
2715,51,14,23,0
2716,51,14,23,0
2717,51,14,23,0
2718,51,14,23,0
2719,51,14,23,0
2720,51,14,23,0
2721,51,14,23,0
2722,51,14,23,0
2723,51,14,23,0
2724,51,14,23,0
2725,51,14,23,0
2726,51,14,23,0
2727,51,14,23,0
2728,51,14,23,0
2729,51,14,23,0
2730,51,14,23,0
2731,51,14,23,0
2732,51,14,23,0
2733,51,14,23,0
2734,51,14,23,0
2735,51,14,23,0
2736,51,14,23,0
2737,51,14,23,0
2738,51,14,23,0
2739,51,14,23,0
2740,51,14,23,0
2741,51,14,23,0
2742,51,14,23,0
2743,51,14,23,0
2744,51,14,23,0
2745,51,14,23,0
2746,51,14,23,0
2747,51,14,23,0
2748,51,14,23,0
2749,51,14,23,0
2750,51,14,23,0
2751,51,14,23,0
2752,51,14,23,0
2753,51,14,23,0
2754,51,14,23,0
2755,51,14,23,0
2756,51,14,23,0
2757,51,14,23,0
2758,51,14,23,0
2759,51,14,23,0
2760,51,14,23,0
2761,51,14,23,0
2762,51,14,23,0
2763,51,14,23,0
2764,51,14,23,0
2765,51,14,23,0
2766,51,14,23,0
2767,51,14,23,0
2768,51,14,23,0
2769,51,14,23,0
2770,51,14,23,0
2771,51,14,23,0
2772,51,14,23,0
2773,51,14,23,0
2774,51,14,23,0
2775,51,14,23,0
2776,51,14,23,0
2777,51,14,23,0
2778,51,14,23,0
2779,51,14,23,0
2780,51,14,23,0
2781,51,14,23,0
2782,51,14,23,0
2783,51,14,23,0
2784,51,14,23,0
2785,51,14,23,0
2786,51,14,23,0
2787,51,14,23,0
2788,51,14,23,0
2789,51,14,23,0
2790,51,14,23,0
2791,51,14,23,0
2792,51,14,23,0
2793,51,14,23,0
2794,51,14,23,0
2795,51,14,23,0
2796,51,14,23,0
2797,51,14,23,0
2798,51,14,23,0
2799,51,14,23,0
2800,51,14,23,0
2801,51,14,23,0
2802,51,14,23,0
2803,51,14,23,0
2804,51,14,23,0
2805,51,14,23,0
2806,51,14,23,0
2807,51,14,23,0
2808,51,14,23,0
2809,51,14,23,0
2810,51,14,23,0
2811,51,14,23,0
2812,51,14,23,0
2813,51,14,23,0
2814,51,14,23,0
2815,51,14,23,0
2816,51,14,23,0
2817,51,14,23,0
2818,51,14,23,0
2819,51,14,23,0
2820,51,14,23,0
2821,51,14,23,0
2822,51,14,23,0
2823,51,14,23,0
2824,51,14,23,0
2825,51,14,23,0
2826,51,14,23,0
2827,51,14,23,0
2828,51,14,23,0
2829,51,14,23,0
2830,51,14,23,0
2831,51,14,23,0
2832,51,14,23,0
2833,51,14,23,0
2834,51,14,23,0
2835,51,14,23,0
2836,51,14,23,0
2837,51,14,23,0
2838,51,14,23,0
2839,51,14,23,0
2840,51,14,23,0
2841,51,14,23,0
2842,51,14,23,0
2843,51,14,23,0
2844,51,14,23,0
2845,51,14,23,0
2846,51,14,23,0
2847,51,14,23,0
2848,51,14,23,0
2849,51,14,23,0
2850,51,14,23,0
2851,51,14,23,0
2852,51,14,23,0
2853,51,14,23,0
2854,51,14,23,0
2855,51,14,23,0
2856,51,14,23,0
2857,51,14,23,0
2858,51,14,23,0
2859,51,14,23,0
2860,51,14,23,0
2861,51,14,23,0
2862,51,14,23,0
2863,51,14,23,0
2864,51,14,23,0
2865,51,14,23,0
2866,51,14,23,0
2867,51,14,23,0
2868,51,14,23,0
2869,51,14,23,0
2870,51,14,23,0
2871,51,14,23,0
2872,51,14,23,0
2873,51,14,23,0
2874,51,14,23,0
2875,51,14,23,0
2876,51,14,23,0
2877,51,14,23,0
2878,51,14,23,0
2879,51,14,23,0
2880,51,14,23,0
2881,51,14,23,0
2882,51,14,23,0
2883,51,14,23,0
2884,51,14,23,0
2885,51,14,23,0
2886,51,14,23,0
2887,51,14,23,0
2888,51,14,23,0
2889,51,14,23,0
2890,51,14,23,0
2891,51,14,23,0
2892,51,14,23,0
2893,51,14,23,0
2894,51,14,23,0
2895,53,14,24,0
2896,53,14,24,0
2897,53,14,24,0
2898,53,14,24,0
2899,53,14,24,0
2900,53,14,24,0
2901,53,14,24,0
2902,53,14,24,0
2903,53,14,24,0
2904,53,14,24,0
2905,53,14,24,0
2906,53,14,24,0
2907,53,14,24,0
2908,53,14,24,0
2909,53,14,24,0
2910,53,14,24,0
2911,53,14,24,0
2912,53,14,24,0
2913,53,14,24,0
2914,53,14,24,0
2915,53,14,24,0
2916,53,14,24,0
2917,53,14,24,0
2918,53,14,24,0
2919,53,14,24,0
2920,53,14,24,0
2921,53,14,24,0
2922,53,14,24,0
2923,53,14,24,0
2924,53,14,24,0
2925,53,14,24,0
2926,53,14,24,0
2927,53,14,24,0
2928,53,14,24,0
2929,53,14,24,0
2930,53,14,24,0
2931,53,14,24,0
2932,53,14,24,0
2933,53,14,24,0
2934,53,14,24,0
2935,53,14,24,0
2936,53,14,24,0
2937,53,14,24,0
2938,53,14,24,0
2939,53,14,24,0
2940,53,14,24,0
2941,53,14,24,0
2942,53,14,24,0
2943,53,14,24,0
2944,53,14,24,0
2945,53,14,24,0
2946,53,14,24,0
2947,53,14,24,0
2948,53,14,24,0
2949,53,14,24,0
2950,53,14,24,0
2951,53,14,24,0
2952,53,14,24,0
2953,53,14,24,0
2954,53,14,24,0
2955,53,14,24,0
2956,53,14,24,0
2957,53,14,24,0
2958,53,14,24,0
2959,53,14,24,0
2960,53,14,24,0
2961,53,14,24,0
2962,53,14,24,0
2963,53,14,24,0
2964,53,14,24,0
2965,53,14,24,0
2966,53,14,24,0
2967,53,14,24,0
2968,53,14,24,0
2969,53,14,24,0
2970,53,14,24,0
2971,53,14,24,0
2972,53,14,24,0
2973,53,14,24,0
2974,53,14,24,0
2975,53,14,24,0
2976,53,14,24,0
2977,53,14,24,0
2978,53,14,24,0
2979,53,14,24,0
2980,53,14,24,0
2981,53,14,24,0
2982,53,14,24,0
2983,53,14,24,0
2984,53,14,24,0
2985,53,14,24,0
2986,53,14,24,0
2987,53,14,24,0
2988,53,14,24,0
2989,53,14,24,0
2990,53,14,24,0
2991,53,14,24,0
2992,53,14,24,0
2993,53,14,24,0
2994,53,14,24,0
2995,53,14,24,0
2996,53,14,24,0
2997,53,14,24,0
2998,53,14,24,0
2999,53,14,24,0
3000,53,14,24,0
3001,53,14,24,0
3002,53,14,24,0
3003,53,14,24,0
3004,53,14,24,0
3005,53,14,24,0
3006,53,14,24,0
3007,53,14,24,0
3008,53,14,24,0
3009,53,14,24,0
3010,53,14,24,0
3011,53,14,24,0
3012,53,14,24,0
3013,53,14,24,0
3014,53,14,24,0
3015,53,14,24,0
3016,53,14,24,0
3017,53,14,24,0
3018,53,14,24,0
3019,53,14,24,0
3020,53,14,24,0
3021,53,14,24,0
3022,53,14,24,0
3023,53,14,24,0
3024,53,14,24,0
3025,53,14,24,0
3026,53,14,24,0
3027,53,14,24,0
3028,53,14,24,0
3029,53,14,24,0
3030,53,14,24,0
3031,53,14,24,0
3032,53,14,24,0
3033,53,14,24,0
3034,53,14,24,0
3035,53,14,24,0
3036,53,14,24,0
3037,53,14,24,0
3038,53,14,24,0
3039,53,14,24,0
3040,53,14,24,0
3041,53,14,24,0
3042,53,14,24,0
3043,53,14,24,0
3044,53,14,24,0
3045,53,14,24,0
3046,53,14,24,0
3047,53,14,24,0
3048,53,14,24,0
3049,53,14,24,0
3050,53,14,24,0
3051,53,14,24,0
3052,53,14,24,0
3053,53,14,24,0
3054,53,14,24,0
3055,53,14,24,0
3056,53,14,24,0
3057,53,14,24,0
3058,53,14,24,0
3059,53,14,24,0
3060,53,14,24,0
3061,53,14,24,0
3062,53,14,24,0
3063,53,14,24,0
3064,53,14,24,0
3065,53,14,24,0
3066,53,14,24,0
3067,53,14,24,0
3068,53,14,24,0
3069,53,14,24,0
3070,53,14,24,0
3071,53,14,24,0
3072,53,14,24,0
3073,53,14,24,0
3074,53,14,24,0
3075,53,14,24,0
3076,53,14,24,0
3077,53,14,24,0
3078,53,14,24,0
3079,53,14,24,0
3080,53,14,24,0
3081,53,14,24,0
3082,53,14,24,0
3083,53,14,24,0
3084,53,14,24,0
3085,53,14,24,0
3086,53,14,24,0
3087,53,14,24,0
3088,53,14,24,0
3089,53,14,24,0
3090,53,14,24,0
3091,53,14,24,0
3092,53,14,24,0
3093,53,14,24,0
3094,53,14,24,0
3095,53,14,24,0
3096,53,14,24,0
3097,53,14,24,0
3098,53,14,24,0
3099,53,14,24,0
3100,53,14,24,0
3101,53,14,24,0
3102,53,14,24,0
3103,53,14,24,0
3104,53,14,24,0
3105,53,14,24,0
3106,53,14,24,0
3107,53,14,24,0
3108,53,14,24,0
3109,53,14,24,0
3110,53,14,24,0
3111,53,14,24,0
3112,53,14,24,0
3113,53,14,24,0
3114,53,14,24,0
3115,53,14,24,0
3116,53,14,24,0
3117,53,14,24,0
3118,53,14,24,0
3119,53,14,24,0
3120,53,14,24,0
3121,53,14,24,0
3122,53,14,24,0
3123,53,14,24,0
3124,53,14,24,0
3125,53,14,24,0
3126,53,14,24,0
3127,53,14,24,0
3128,53,14,24,0
3129,53,14,24,0
3130,53,14,24,0
3131,53,14,24,0
3132,53,14,24,0
3133,53,14,24,0
3134,53,14,24,0
3135,53,14,24,0
3136,53,14,24,0
3137,53,14,24,0
3138,53,14,24,0
3139,53,14,24,0
3140,53,14,24,0
3141,53,14,24,0
3142,53,14,24,0
3143,53,14,24,0
3144,53,14,24,0
3145,53,14,24,0
3146,53,14,24,0
3147,53,14,24,0
3148,53,14,24,0
3149,53,14,24,0
3150,53,14,24,0
3151,53,14,24,0
3152,53,14,24,0
3153,53,14,24,0
3154,53,14,24,0
3155,53,14,24,0
3156,53,14,24,0
3157,53,14,24,0
3158,53,14,24,0
3159,53,14,24,0
3160,53,14,24,0
3161,53,14,24,0
3162,53,14,24,0
3163,53,14,24,0
3164,53,14,24,0
3165,53,14,24,0
3166,53,14,24,0
3167,53,14,24,0
3168,53,14,24,0
3169,53,14,24,0
3170,53,14,24,0
3171,53,14,24,0
3172,53,14,24,0
3173,53,14,24,0
3174,53,14,24,0
3175,53,14,24,0
3176,53,14,24,0
3177,53,14,24,0
3178,53,14,24,0
3179,53,14,24,0
3180,53,14,24,0
3181,53,14,24,0
3182,53,14,24,0
3183,53,14,24,0
3184,53,14,24,0
3185,53,14,24,0
3186,53,14,24,0
3187,53,14,24,0
3188,53,14,24,0
3189,53,14,24,0
3190,53,14,24,0
3191,53,14,24,0
3192,53,14,24,0
3193,53,14,24,0
3194,53,14,24,0
3195,53,14,24,0
3196,53,14,24,0
3197,53,14,24,0
3198,53,14,24,0
3199,53,14,24,0
3200,53,14,24,0
3201,53,14,24,0
3202,53,14,24,0
3203,53,14,24,0
3204,53,14,24,0
3205,53,14,24,0
3206,53,14,24,0
3207,53,14,24,0
3208,53,14,24,0
3209,53,14,24,0
3210,53,14,24,0
3211,53,14,24,0
3212,53,14,24,0
3213,53,14,24,0
3214,53,14,24,0
3215,53,14,24,0
3216,53,14,24,0
3217,53,14,24,0
3218,53,14,24,0
3219,53,14,24,0
3220,53,14,24,0
3221,53,14,24,0
3222,53,14,24,0
3223,53,14,24,0
3224,53,14,24,0
3225,53,14,24,0
3226,53,14,24,0
3227,53,14,24,0
3228,53,14,24,0
3229,53,14,24,0
3230,53,14,24,0
3231,53,14,24,0
3232,53,14,24,0
3233,53,14,24,0
3234,53,14,24,0
3235,53,14,24,0
3236,53,14,24,0
3237,53,14,24,0
3238,53,14,24,0
3239,53,14,24,0
3240,53,14,24,0
3241,53,14,24,0
3242,53,14,24,0
3243,53,14,24,0
3244,53,14,24,0
3245,53,14,24,0
3246,53,14,24,0
3247,53,14,24,0
3248,53,14,24,0
3249,53,14,24,0
3250,53,14,24,0
3251,53,14,24,0
3252,53,14,24,0
3253,53,14,24,0
3254,53,14,24,0
3255,53,14,24,0
3256,53,14,24,0
3257,53,14,24,0
3258,53,14,24,0
3259,53,14,24,0
3260,53,14,24,0
3261,53,14,24,0
3262,53,14,24,0
3263,53,14,24,0
3264,53,14,24,0
3265,53,14,24,0
3266,53,14,24,0
3267,53,14,24,0
3268,53,14,24,0
3269,53,14,24,0
3270,53,14,24,0
3271,53,14,24,0
3272,53,14,24,0
3273,53,14,24,0
3274,53,14,24,0
3275,53,14,24,0
3276,53,14,24,0
3277,53,14,24,0
3278,53,14,24,0
3279,53,14,24,0
3280,53,14,24,0
3281,53,14,24,0
3282,53,14,24,0
3283,53,14,24,0
3284,53,14,24,0
3285,53,14,24,0
3286,53,14,24,0
3287,53,14,24,0
3288,53,14,24,0
3289,53,14,24,0
3290,53,14,24,0
3291,53,14,24,0
3292,53,14,24,0
3293,53,14,24,0
3294,53,14,24,0
3295,53,14,24,0
3296,53,14,24,0
3297,53,14,24,0
3298,53,14,24,0
3299,53,14,24,0
3300,53,14,24,0
3301,53,14,24,0
3302,53,14,24,0
3303,53,14,24,0
3304,53,14,24,0
3305,53,14,24,0
3306,53,14,24,0
3307,53,14,24,0
3308,53,14,24,0
3309,53,14,24,0
3310,53,14,24,0
3311,53,14,24,0
3312,53,14,24,0
3313,53,14,24,0
3314,53,14,24,0
3315,53,14,24,0
3316,53,14,24,0
3317,53,14,24,0
3318,53,14,24,0
3319,53,14,24,0
3320,53,14,24,0
3321,53,14,24,0
3322,53,14,24,0
3323,53,14,24,0
3324,53,14,24,0
3325,53,14,24,0
3326,53,14,24,0
3327,53,14,24,0
3328,53,14,24,0
3329,53,14,24,0
3330,53,14,24,0
3331,53,14,24,0
3332,53,14,24,0
3333,53,14,24,0
3334,53,14,24,0
3335,53,14,24,0
3336,53,14,24,0
3337,53,14,24,0
3338,53,14,24,0
3339,53,14,24,0
3340,53,14,24,0
3341,53,14,24,0
3342,53,14,24,0
3343,53,14,24,0
3344,53,14,24,0
3345,53,14,24,0
3346,53,14,24,0
3347,53,14,24,0
3348,53,14,24,0
3349,53,14,24,0
3350,53,14,24,0
3351,53,14,24,0
3352,53,14,24,0
3353,53,14,24,0
3354,53,14,24,0
3355,53,14,24,0
3356,53,14,24,0
3357,53,14,24,0
3358,53,14,24,0
3359,53,14,24,0
3360,53,14,24,0
3361,53,14,24,0
3362,53,14,24,0
3363,53,14,24,0
3364,53,14,24,0
3365,54,14,25,1
3366,54,14,25,1
3367,54,14,25,1
3368,54,14,25,1
3369,54,14,25,1
3370,54,14,25,1
3371,54,14,25,1
3372,54,14,25,1
3373,54,14,25,1
3374,54,14,25,1
3375,54,14,25,1
3376,54,14,25,1
3377,54,14,25,1
3378,54,14,25,1
3379,54,14,25,1
3380,54,14,25,1
3381,54,14,25,1
3382,54,14,25,1
3383,54,14,25,1
3384,54,14,25,1
3385,54,14,25,1
3386,54,14,25,1
3387,54,14,25,1
3388,54,14,25,1
3389,54,14,25,1
3390,54,14,25,1
3391,54,14,25,1
3392,54,14,25,1
3393,54,14,25,1
3394,54,14,25,1
3395,54,14,25,1
3396,54,14,25,1
3397,54,14,25,1
3398,54,14,25,1
3399,54,14,25,1
3400,54,14,25,1
3401,54,14,25,1
3402,54,14,25,1
3403,54,14,25,1
3404,54,14,25,1
3405,54,14,25,1
3406,54,14,25,1
3407,54,14,25,1
3408,54,14,25,1
3409,54,14,25,1
3410,54,14,25,1
3411,54,14,25,1
3412,54,14,25,1
3413,54,14,25,1
3414,54,14,25,1
3415,54,14,25,1
3416,54,14,25,1
3417,54,14,25,1
3418,54,14,25,1
3419,54,14,25,1
3420,54,14,25,1
3421,54,14,25,1
3422,54,14,25,1
3423,54,14,25,1
3424,54,14,25,1
3425,54,14,25,1
3426,54,14,25,1
3427,54,14,25,1
3428,54,14,25,1
3429,54,14,25,1
3430,54,14,25,1
3431,54,14,25,1
3432,54,14,25,1
3433,54,14,25,1
3434,54,14,25,1
3435,54,14,25,1
3436,54,14,25,1
3437,54,14,25,1
3438,54,14,25,1
3439,54,14,25,1
3440,54,14,25,1
3441,54,14,25,1
3442,54,14,25,1
3443,54,14,25,1
3444,54,14,25,1
3445,54,14,25,1
3446,54,14,25,1
3447,54,14,25,1
3448,54,14,25,1
3449,54,14,25,1
3450,54,14,25,1
3451,54,14,25,1
3452,54,14,25,1
3453,54,14,25,1
3454,54,14,25,1
3455,54,14,25,1
3456,54,14,25,1
3457,54,14,25,1
3458,54,14,25,1
3459,54,14,25,1
3460,54,14,25,1
3461,54,14,25,1
3462,54,14,25,1
3463,54,14,25,1
3464,54,14,25,1
3465,54,14,25,1
3466,54,14,25,1
3467,54,14,25,1
3468,54,14,25,1
3469,54,14,25,2
3470,54,14,25,2
3471,54,14,25,2
3472,54,14,25,2
3473,54,14,25,2
3474,54,14,25,2
3475,54,14,25,2
3476,54,14,25,2
3477,54,14,25,2
3478,54,14,25,2
3479,54,14,25,2
3480,54,14,25,2
3481,54,14,25,3
3482,54,14,25,4
3483,54,14,25,4
3484,54,14,25,4
3485,54,14,25,4
3486,54,14,25,4
3487,54,14,25,4
3488,54,14,25,4
3489,54,14,25,4
3490,54,14,25,4
3491,54,14,25,4
3492,54,14,25,4
3493,54,14,25,4
3494,54,14,25,4
3495,54,14,25,4
3496,54,14,25,4
3497,54,14,25,4
3498,54,14,25,4
3499,54,14,25,4
3500,54,14,25,4
3501,54,14,25,4
3502,54,14,25,4
3503,54,14,25,5
3504,54,14,25,5
3505,54,14,25,5
3506,54,14,25,5
3507,54,14,25,5
3508,54,14,25,5
3509,54,14,25,5
3510,54,14,25,5
3511,54,14,25,5
3512,54,14,25,5
3513,54,14,25,5
3514,54,14,25,5
3515,54,14,25,5
3516,54,14,25,5
3517,54,14,25,5
3518,54,14,25,5
3519,54,14,25,5
3520,54,14,25,5
3521,54,14,25,5
3522,54,14,25,5
3523,54,14,25,5
3524,54,14,25,5
3525,54,14,25,5
3526,54,14,25,5
3527,54,14,25,5
3528,54,14,25,5
3529,54,14,25,5
3530,54,14,25,5
3531,54,14,25,5
3532,54,14,25,5
3533,54,14,25,5
3534,54,14,25,5
3535,54,14,25,5
3536,54,14,25,5
3537,54,14,25,5
3538,54,14,25,5
3539,54,14,25,5
3540,54,14,25,5
3541,54,14,25,5
3542,54,14,25,5
3543,54,14,25,5
3544,54,14,25,5
3545,54,14,25,5
3546,54,14,25,5
3547,54,14,25,5
3548,54,14,25,5
3549,54,14,25,5
3550,54,14,25,5
3551,54,14,25,5
3552,54,14,25,5
3553,54,14,25,5
3554,54,14,25,5
3555,54,14,25,5
3556,54,14,25,5
3557,54,14,25,5
3558,54,14,25,5
3559,54,14,25,6
3560,54,14,25,6
3561,54,14,25,7
3562,54,14,25,7
3563,54,14,25,7
3564,54,14,25,7
3565,54,14,25,7
3566,54,14,25,7
3567,54,14,25,7
3568,54,14,25,7
3569,54,14,25,7
3570,54,14,25,7
3571,54,14,25,7
3572,54,14,25,7
3573,54,14,25,7
3574,54,14,25,7
3575,54,14,25,7
3576,54,14,25,7
3577,54,14,25,7
3578,54,14,25,7
3579,54,14,25,7
3580,54,14,25,8
3581,54,14,25,8
3582,54,14,25,8
3583,54,14,25,8
3584,54,14,25,8
3585,54,14,25,8
3586,54,14,25,8
3587,54,14,25,8
3588,54,14,25,8
3589,54,14,25,8
3590,54,14,25,8
3591,54,14,25,8
3592,54,14,25,8
3593,54,14,25,8
3594,54,14,25,8
3595,54,14,25,8
3596,54,14,25,8
3597,54,14,25,8
3598,54,14,25,8
3599,54,14,25,8
3600,54,14,25,8
3601,54,14,25,8
3602,54,14,25,8
3603,54,14,25,8
3604,54,14,25,8
3605,54,14,25,8
3606,54,14,25,8
3607,54,14,25,8
3608,54,14,25,8
3609,54,14,25,8
3610,54,14,25,8
3611,54,14,25,8
3612,54,14,25,8
3613,54,14,25,8
3614,54,14,25,8
3615,54,14,25,8
3616,54,14,25,8
3617,54,14,25,8
3618,54,14,25,8
3619,54,14,25,8
3620,54,14,25,8
3621,54,14,25,8
3622,54,14,25,8
3623,54,14,25,8
3624,54,14,25,8
3625,54,14,25,8
3626,54,14,25,8
3627,54,14,25,8
3628,54,14,25,8
3629,54,14,25,8
3630,54,14,25,8
3631,54,14,25,8
3632,54,14,25,8
3633,54,14,25,8
3634,54,14,25,8
3635,54,14,25,8
3636,54,14,25,8
3637,54,14,25,8
3638,54,14,25,8
3639,54,14,25,8
3640,54,14,25,8
3641,54,14,25,8
3642,54,14,25,8
3643,54,14,25,8
3644,54,14,25,8
3645,54,14,25,8
3646,54,14,25,8
3647,54,14,25,8
3648,54,14,25,8
3649,54,14,25,8
3650,54,14,25,8
3651,54,14,25,8
3652,54,14,25,8
3653,54,14,25,8
3654,54,14,25,8
3655,54,14,25,8
3656,54,14,25,8
3657,54,14,25,8
3658,54,14,25,8
3659,54,14,25,8
3660,54,14,25,8
3661,54,14,25,8
3662,54,14,25,8
3663,54,14,25,8
3664,54,14,25,8
3665,54,14,25,8
3666,54,14,25,8
3667,54,14,25,9
3668,54,14,25,9
3669,54,14,25,9
3670,54,14,25,9
3671,54,14,25,9
3672,54,14,25,9
3673,54,14,25,9
3674,54,14,25,9
3675,54,14,25,9
3676,54,14,25,9
3677,54,14,25,9
3678,54,14,25,9
3679,54,14,25,9
3680,54,14,25,9
3681,54,14,25,9
3682,54,14,25,9
3683,54,14,25,9
3684,54,14,25,9
3685,54,14,25,9
3686,54,14,25,9
3687,54,14,25,9
3688,54,14,25,9
3689,54,14,25,9
3690,54,14,25,9
3691,54,14,25,9
3692,54,14,25,9
3693,54,14,25,9
3694,54,14,25,9
3695,54,14,25,9
3696,54,14,25,9
3697,54,14,25,9
3698,54,14,25,9
3699,54,14,25,9
3700,54,14,25,9
3701,54,14,25,9
3702,54,14,25,9
3703,54,14,25,9
3704,54,14,25,9
3705,54,14,25,9
3706,55,14,26,9
3707,55,14,26,9
3708,55,14,26,9
3709,55,14,26,9
3710,55,14,26,9
3711,55,14,26,9
3712,55,14,26,9
3713,55,14,26,9
3714,55,14,26,9
3715,55,14,26,9
3716,55,14,26,9
3717,55,14,26,9
3718,55,14,26,9
3719,55,14,26,9
3720,55,14,26,9
3721,55,14,26,9
3722,55,14,26,9
3723,55,14,26,9
3724,55,14,26,9
3725,55,14,26,9
3726,55,14,26,9
3727,55,14,26,9
3728,55,14,26,9
3729,55,14,26,10
3730,55,14,26,10
3731,55,14,26,10
3732,55,14,26,10
3733,55,14,26,10
3734,55,14,26,10
3735,55,14,26,10
3736,55,14,26,10
3737,55,14,26,10
3738,55,14,26,10
3739,55,14,26,10
3740,55,14,26,10
3741,55,14,26,10
3742,55,14,26,10
3743,55,14,26,10
3744,55,14,26,10
3745,55,14,26,10
3746,55,14,26,10
3747,55,14,26,10
3748,55,14,26,10
3749,55,14,26,10
3750,55,14,26,10
3751,55,14,26,10
3752,55,14,26,10
3753,55,14,26,10
3754,55,14,26,10
3755,55,14,26,10
3756,55,14,26,10
3757,55,14,26,10
3758,55,14,26,10
3759,55,14,26,10
3760,55,14,26,10
3761,55,14,26,10
3762,55,14,26,10
3763,55,14,26,10
3764,55,14,26,10
3765,55,14,26,10
3766,55,14,26,10
3767,55,14,26,10
3768,55,14,26,10
3769,55,14,26,10
3770,55,14,26,10
3771,55,14,26,10
3772,55,14,26,10
3773,55,14,26,10
3774,55,14,26,10
3775,55,14,26,10
3776,55,14,26,10
3777,55,14,26,10
3778,55,14,26,10
3779,55,14,26,10
3780,55,14,26,10
3781,55,14,26,10
3782,55,14,26,10
3783,55,14,26,10
3784,55,14,26,10
3785,55,14,26,10
3786,55,14,26,10
3787,55,14,26,10
3788,55,14,26,10
3789,55,14,26,10
3790,55,14,26,10
3791,55,14,26,10
3792,55,14,26,10
3793,55,14,26,10
3794,55,14,26,10
3795,55,14,26,10
3796,55,14,26,10
3797,55,14,26,10
3798,55,14,26,10
3799,55,14,26,10
3800,55,14,26,10
3801,55,14,26,10
3802,55,14,26,10
3803,55,14,26,10
3804,55,14,26,10
3805,55,14,26,10
3806,55,14,26,10
3807,55,14,26,10
3808,55,14,26,10
3809,55,14,26,10
3810,55,14,26,10
3811,55,14,26,10
3812,55,14,26,10
3813,55,14,26,10
3814,55,14,26,10
3815,55,14,26,10
3816,55,14,26,10
3817,55,14,26,10
3818,55,14,26,10
3819,55,14,26,10
3820,55,14,26,10
3821,55,14,26,10
3822,55,14,26,10
3823,55,14,26,11
3824,55,14,26,11
3825,55,14,26,11
3826,55,14,26,11
3827,55,14,26,11
3828,55,14,26,11
3829,55,14,26,11
3830,55,14,26,11
3831,55,14,26,11
3832,55,14,26,11
3833,55,14,26,11
3834,55,14,26,11
3835,55,14,26,11
3836,55,14,26,11
3837,55,14,26,11
3838,55,14,26,11
3839,55,14,26,11
3840,55,14,26,11
3841,55,14,26,12
3842,55,14,26,12
3843,55,14,26,12
3844,55,14,26,12
3845,55,14,26,12
3846,55,14,26,12
3847,55,14,26,12
3848,55,14,26,12
3849,55,14,26,12
3850,55,14,26,12
3851,55,14,26,12
3852,55,14,26,12
3853,55,14,26,12
3854,55,14,26,12
3855,55,14,26,12
3856,55,14,26,12
3857,55,14,26,12
3858,55,14,26,12
3859,55,14,26,12
3860,55,14,26,12
3861,55,14,26,12
3862,55,14,26,12
3863,55,14,26,12
3864,55,14,26,12
3865,55,14,26,12
3866,55,14,26,12
3867,55,14,26,12
3868,55,14,26,12
3869,55,14,26,12
3870,55,14,26,12
3871,55,14,26,12
3872,55,14,26,12
3873,55,14,26,12
3874,55,14,26,12
3875,55,14,26,12
3876,55,14,26,12
3877,55,14,26,12
3878,55,14,26,12
3879,55,14,26,12
3880,55,14,26,12
3881,55,14,26,12
3882,55,14,26,12
3883,55,14,26,12
3884,55,14,26,12
3885,55,14,26,12
3886,55,14,26,12
3887,55,14,26,12
3888,55,14,26,12
3889,55,14,26,12
3890,55,14,26,12
3891,55,14,26,12
3892,55,14,26,12
3893,55,14,26,12
3894,55,14,26,12
3895,55,14,26,12
3896,55,14,26,12
3897,55,14,26,12
3898,55,14,26,12
3899,55,14,26,12
3900,55,14,26,12
3901,55,14,26,12
3902,55,14,26,12
3903,55,14,26,12
3904,55,14,26,12
3905,55,14,26,12
3906,55,14,26,12
3907,55,14,26,12
3908,55,14,26,12
3909,55,14,26,12
3910,55,14,26,12
3911,55,14,26,12
3912,55,14,26,12
3913,55,14,26,12
3914,55,14,26,12
3915,55,14,26,12
3916,55,14,26,12
3917,55,14,26,12
3918,55,14,26,12
3919,55,14,26,12
3920,55,14,26,12
3921,55,14,26,12
3922,55,14,26,12
3923,55,14,26,12
3924,55,14,26,12
3925,55,14,26,12
3926,55,14,26,12
3927,55,14,26,12
3928,55,14,26,12
3929,55,14,26,12
3930,55,14,26,12
3931,55,14,26,12
3932,55,14,26,12
3933,55,14,26,12
3934,55,14,26,12
3935,55,14,26,12
3936,55,14,26,12
3937,55,14,26,12
3938,55,14,26,12
3939,55,14,26,12
3940,55,14,26,12
3941,55,14,26,12
3942,55,14,26,12
3943,55,14,26,12
3944,55,14,26,12
3945,55,14,26,12
3946,55,14,26,12
3947,55,14,26,12
3948,55,14,26,12
3949,55,14,26,12
3950,55,14,26,12
3951,55,14,26,12
3952,55,14,26,12
3953,55,14,26,12
3954,55,14,26,12
3955,55,14,26,12
3956,55,14,26,12
3957,55,14,26,12
3958,55,14,26,12
3959,55,14,26,12
3960,55,14,26,12
3961,55,14,26,12
3962,55,14,26,12
3963,55,14,26,12
3964,55,14,26,12
3965,55,14,26,12
3966,55,14,26,12
3967,55,14,26,12
3968,55,14,26,12
3969,55,14,26,12
3970,55,14,26,12
3971,55,14,26,12
3972,55,14,26,12
3973,55,14,26,12
3974,55,14,26,12
3975,55,14,26,12
3976,55,14,26,12
3977,55,14,26,12
3978,55,14,26,12
3979,55,14,26,12
3980,55,14,26,12
3981,55,14,26,12
3982,55,14,26,12
3983,55,14,26,12
3984,55,14,26,12
3985,55,14,26,12
3986,55,14,26,12
3987,55,14,26,12
3988,55,14,26,12
3989,55,14,26,12
3990,55,14,26,12
3991,55,14,26,12
3992,55,14,26,12
3993,55,14,26,12
3994,55,14,26,12
3995,55,14,26,12
3996,55,14,26,12
3997,55,14,26,12
3998,55,14,26,12
3999,55,14,26,12
4000,55,14,26,12
4001,55,14,26,12
4002,55,14,26,12
4003,55,14,26,12
4004,55,14,26,12
4005,55,14,26,12
4006,55,14,26,12
4007,55,14,26,12
4008,55,14,26,12
4009,55,14,26,12
4010,55,14,26,12
4011,55,14,26,12
4012,55,14,26,12
4013,55,14,26,12
4014,55,14,26,12
4015,55,14,26,12
4016,55,14,26,12
4017,55,14,26,12
4018,55,14,26,12
4019,55,14,26,12
4020,55,14,26,12
4021,55,14,26,12
4022,55,14,26,12
4023,55,14,26,12
4024,55,14,26,12
4025,55,14,26,12
4026,55,14,26,12
4027,55,14,26,12
4028,55,14,26,12
4029,55,14,26,12
4030,55,14,26,12
4031,55,14,26,12
4032,55,14,26,12
4033,55,14,26,12
4034,55,14,26,12
4035,55,14,26,12
4036,55,14,26,12
4037,55,14,26,12
4038,55,14,26,12
4039,55,14,26,12
4040,55,14,26,12
4041,55,14,26,12
4042,55,14,26,12
4043,55,14,26,12
4044,55,14,26,12
4045,55,14,26,12
4046,55,14,26,12
4047,55,14,26,12
4048,55,14,26,12
4049,55,14,26,12
4050,55,14,26,12
4051,55,14,26,12
4052,55,14,26,12
4053,55,14,26,12
4054,55,14,26,12
4055,55,14,26,12
4056,55,14,26,12
4057,55,14,26,12
4058,55,14,26,12
4059,55,14,26,12
4060,55,14,26,12
4061,55,14,26,12
4062,55,14,26,12
4063,55,14,26,12
4064,55,14,26,12
4065,55,14,26,12
4066,55,14,26,12
4067,55,14,26,12
4068,55,14,26,12
4069,55,14,26,12
4070,55,14,26,12
4071,55,14,26,12
4072,55,14,26,12
4073,55,14,26,12
4074,55,14,26,12
4075,55,14,26,12
4076,55,14,26,12
4077,55,14,26,12
4078,55,14,26,12
4079,55,14,26,12
4080,55,14,26,12
4081,55,14,26,12
4082,55,14,26,12
4083,55,14,26,12
4084,55,14,26,12
4085,55,14,26,12
4086,55,14,26,12
4087,55,14,26,12
4088,55,14,26,12
4089,55,14,26,12
4090,55,14,26,12
4091,55,14,26,12
4092,55,14,26,12
4093,55,14,26,12
4094,55,14,26,12
4095,55,14,26,12
4096,55,14,26,12
4097,55,14,26,12
4098,55,14,26,12
4099,55,14,26,12
4100,55,14,26,12
4101,55,14,26,12
4102,55,14,26,12
4103,55,14,26,12
4104,55,14,26,12
4105,55,14,26,12
4106,55,14,26,12
4107,55,14,26,12
4108,55,14,26,12
4109,55,14,26,12
4110,55,14,26,12
4111,55,14,26,12
4112,55,14,26,12
4113,55,14,26,12
4114,55,14,26,12
4115,55,14,26,12
4116,55,14,26,12
4117,55,14,26,12
4118,55,14,26,12
4119,55,14,26,12
4120,55,14,26,12
4121,55,14,26,12
4122,55,14,26,12
4123,55,14,26,12
4124,55,14,26,12
4125,55,14,26,12
4126,55,14,26,12
4127,55,14,26,12
4128,55,14,26,12
4129,55,14,26,12
4130,55,14,26,12
4131,55,14,26,12
4132,55,14,26,12
4133,55,14,26,12
4134,55,14,26,12
4135,55,14,26,12
4136,55,14,26,12
4137,55,14,26,12
4138,55,14,26,12
4139,55,14,26,12
4140,55,14,26,12
4141,55,14,26,12
4142,55,14,26,12
4143,55,14,26,12
4144,55,14,26,12
4145,55,14,26,12
4146,55,14,26,12
4147,55,14,26,12
4148,55,14,26,12
4149,55,14,26,12
4150,55,14,26,12
4151,55,14,26,12
4152,55,14,26,12
4153,55,14,26,12
4154,55,14,26,12
4155,55,14,26,12
4156,55,14,26,12
4157,55,14,26,12
4158,55,14,26,12
4159,55,14,26,12
4160,55,14,26,12
4161,55,14,26,13
4162,55,14,26,13
4163,55,14,26,13
4164,57,14,27,13
4165,57,14,27,13
4166,57,14,27,14
4167,57,14,27,14
4168,57,14,27,14
4169,57,14,27,14
4170,57,14,27,14
4171,57,14,27,14
4172,57,14,27,14
4173,57,14,27,14
4174,57,14,27,14
4175,57,14,27,14
4176,57,14,27,14
4177,57,14,27,14
4178,57,14,27,14
4179,57,14,27,14
4180,57,14,27,14
4181,57,14,27,14
4182,57,14,27,14
4183,57,14,27,14
4184,57,14,27,14
4185,57,14,27,14
4186,57,14,27,14
4187,57,14,27,14
4188,57,14,27,14
4189,57,14,27,14
4190,57,14,27,14
4191,57,14,27,14
4192,57,14,27,14
4193,57,14,27,14
4194,57,14,27,14
4195,57,14,27,14
4196,57,14,27,14
4197,57,14,27,14
4198,57,14,27,14
4199,57,14,27,14
4200,57,14,27,14
4201,57,14,27,14
4202,57,14,27,14
4203,57,14,27,14
4204,57,14,27,14
4205,57,14,27,14
4206,57,14,27,14
4207,57,14,27,14
4208,57,14,27,14
4209,57,14,27,14
4210,57,14,27,14
4211,57,14,27,14
4212,57,14,27,14
4213,57,14,27,14
4214,57,14,27,14
4215,57,14,27,14
4216,57,14,27,14
4217,57,14,27,14
4218,57,14,27,14
4219,57,14,27,14
4220,57,14,27,14
4221,57,14,27,14
4222,57,14,27,14
4223,57,14,27,14
4224,57,14,27,14
4225,57,14,27,14
4226,57,14,27,14
4227,57,14,27,14
4228,57,14,27,14
4229,57,14,27,14
4230,57,14,27,14
4231,57,14,27,14
4232,57,14,27,14
4233,57,14,27,14
4234,57,14,27,14
4235,57,14,27,14
4236,57,14,27,14
4237,57,14,27,14
4238,57,14,27,14
4239,57,14,27,14
4240,57,14,27,14
4241,57,14,27,14
4242,57,14,27,14
4243,57,14,27,14
4244,57,14,27,14
4245,57,14,27,14
4246,57,14,27,14
4247,57,14,27,14
4248,57,14,27,14
4249,57,14,27,14
4250,57,14,27,14
4251,57,14,27,14
4252,57,14,27,14
4253,57,14,27,14
4254,57,14,27,14
4255,57,14,27,14
4256,57,14,27,14
4257,57,14,27,14
4258,57,14,27,14
4259,57,14,27,14
4260,57,14,27,14
4261,57,14,27,14
4262,57,14,27,14
4263,57,14,27,14
4264,57,14,27,14
4265,57,14,27,14
4266,57,14,27,14
4267,57,14,27,14
4268,57,14,27,14
4269,57,14,27,14
4270,57,14,27,14
4271,57,14,27,14
4272,57,14,27,14
4273,57,14,27,14
4274,57,14,27,14
4275,57,14,27,14
4276,57,14,27,14
4277,57,14,27,14
4278,57,14,27,14
4279,57,14,27,14
4280,57,14,27,14
4281,57,14,27,14
4282,57,14,27,14
4283,57,14,27,14
4284,57,14,27,14
4285,57,14,27,14
4286,57,14,27,14
4287,57,14,27,14
4288,57,14,27,14
4289,57,14,27,14
4290,57,14,27,14
4291,57,14,27,14
4292,57,14,27,14
4293,57,14,27,14
4294,57,14,27,14
4295,57,14,27,14
4296,57,14,27,14
4297,57,14,27,14
4298,57,14,27,14
4299,57,14,27,14
4300,57,14,27,14
4301,57,14,27,14
4302,57,14,27,14
4303,57,14,27,14
4304,57,14,27,14
4305,57,14,27,14
4306,57,14,27,14
4307,57,14,27,14
4308,57,14,27,14
4309,57,14,27,15
4310,57,14,27,15
4311,57,14,27,15
4312,57,14,27,15
4313,57,14,27,15
4314,57,14,27,15
4315,57,14,27,15
4316,57,14,27,15
4317,57,14,27,15
4318,57,14,27,15
4319,57,14,27,15
4320,57,14,27,15
4321,57,14,27,15
4322,57,14,27,15
4323,57,14,27,15
4324,57,14,27,15
4325,57,14,27,15
4326,57,14,27,15
4327,57,14,27,15
4328,57,14,27,15
4329,57,14,27,15
4330,57,14,27,15
4331,57,14,27,15
4332,57,14,27,15
4333,57,14,27,15
4334,57,14,27,15
4335,57,14,27,15
4336,57,14,27,15
4337,57,14,27,15
4338,57,14,27,15
4339,57,14,27,15
4340,57,14,27,15
4341,57,14,27,15
4342,57,14,27,15
4343,57,14,27,15
4344,57,14,27,15
4345,57,14,27,15
4346,57,14,27,15
4347,57,14,27,15
4348,57,14,27,15
4349,57,14,27,15
4350,57,14,27,15
4351,57,14,27,15
4352,57,14,27,15
4353,57,14,27,15
4354,57,14,27,15
4355,57,14,27,15
4356,57,14,27,15
4357,57,14,27,15
4358,57,14,27,15
4359,57,14,27,15
4360,57,14,27,15
4361,57,14,27,15
4362,57,14,27,15
4363,57,14,27,15
4364,57,14,27,15
4365,57,14,27,15
4366,57,14,27,15
4367,57,14,27,15
4368,57,14,27,15
4369,57,14,27,15
4370,57,14,27,16
4371,57,14,27,16
4372,57,14,27,16
4373,57,14,27,16
4374,57,14,27,16
4375,57,14,27,16
4376,57,14,27,16
4377,57,14,27,16
4378,57,14,27,16
4379,57,14,27,16
4380,57,14,27,16
4381,57,14,27,16
4382,57,14,27,16
4383,57,14,27,16
4384,57,14,27,16
4385,57,14,27,16
4386,57,14,27,16
4387,57,14,27,16
4388,57,14,27,16
4389,57,14,27,16
4390,57,14,27,16
4391,57,14,27,16
4392,57,14,27,16
4393,57,14,27,16
4394,57,14,27,16
4395,57,14,27,16
4396,57,14,27,16
4397,57,14,27,16
4398,57,14,27,16
4399,57,14,27,16
4400,57,14,27,16
4401,57,14,27,16
4402,57,14,27,16
4403,57,14,27,16
4404,57,14,27,16
4405,57,14,27,16
4406,57,14,27,16
4407,57,14,27,16
4408,57,14,27,16
4409,57,14,27,16
4410,57,14,27,16
4411,57,14,27,16
4412,57,14,27,16
4413,57,14,27,16
4414,57,14,27,16
4415,57,14,27,16
4416,57,14,27,16
4417,57,14,27,16
4418,57,14,27,16
4419,57,14,27,16
4420,57,14,27,16
4421,57,14,27,16
4422,57,14,27,16
4423,57,14,27,16
4424,57,14,27,16
4425,57,14,27,16
4426,57,14,27,16
4427,57,14,27,16
4428,57,14,27,16
4429,57,14,27,16
4430,57,14,27,16
4431,57,14,27,16
4432,57,14,27,16
4433,57,14,27,16
4434,57,14,27,16
4435,57,14,27,16
4436,57,14,27,16
4437,57,14,27,16
4438,57,14,27,16
4439,57,14,27,16
4440,57,14,27,16
4441,57,14,27,16
4442,57,14,27,16
4443,57,14,27,16
4444,57,14,27,16
4445,57,14,27,16
4446,57,14,27,16
4447,57,14,27,16
4448,57,14,27,16
4449,57,14,27,16
4450,57,14,27,16
4451,57,14,27,16
4452,57,14,27,16
4453,57,14,27,16
4454,57,14,27,16
4455,57,14,27,16
4456,57,14,27,16
4457,57,14,27,17
4458,57,14,27,17
4459,57,14,27,17
4460,57,14,27,17
4461,57,14,27,17
4462,57,14,27,17
4463,57,14,27,17
4464,57,14,27,17
4465,57,14,27,17
4466,57,14,27,17
4467,57,14,27,17
4468,57,14,27,17
4469,57,14,27,17
4470,57,14,27,17
4471,57,14,27,17
4472,57,14,27,17
4473,57,14,27,17
4474,57,14,27,17
4475,57,14,27,17
4476,57,14,27,17
4477,57,14,27,17
4478,57,14,27,17
4479,57,14,27,17
4480,57,14,27,17
4481,57,14,27,17
4482,57,14,27,17
4483,57,14,27,17
4484,57,14,27,17
4485,57,14,27,17
4486,57,14,27,17
4487,57,14,27,17
4488,57,14,27,17
4489,57,14,27,17
4490,57,14,27,17
4491,57,14,27,17
4492,57,14,27,17
4493,57,14,27,17
4494,57,14,27,17
4495,57,14,27,17
4496,57,14,27,17
4497,57,14,27,17
4498,57,14,27,17
4499,57,14,27,17
4500,57,14,27,17
4501,57,14,27,17
4502,57,14,27,17
4503,57,14,27,17
4504,57,14,27,17
4505,57,14,27,17
4506,57,14,27,17
4507,57,14,27,17
4508,57,14,27,17
4509,57,14,27,17
4510,57,14,27,17
4511,57,14,27,17
4512,57,14,27,17
4513,57,14,27,17
4514,57,14,27,17
4515,57,14,27,17
4516,57,14,27,17
4517,57,14,27,17
4518,57,14,27,17
4519,57,14,27,17
4520,57,14,27,17
4521,57,14,27,17
4522,57,14,27,17
4523,57,14,27,17
4524,57,14,27,17
4525,57,14,27,18
4526,57,14,27,18
4527,57,14,27,18
4528,57,14,27,18
4529,57,14,27,18
4530,57,14,27,18
4531,57,14,27,18
4532,57,14,27,18
4533,57,14,27,18
4534,57,14,27,18
4535,57,14,27,18
4536,57,14,27,18
4537,57,14,27,18
4538,57,14,27,18
4539,57,14,27,18
4540,57,14,27,18
4541,57,14,27,18
4542,57,14,27,18
4543,57,14,27,18
4544,57,14,27,18
4545,57,14,27,18
4546,57,14,27,18
4547,57,14,27,18
4548,57,14,27,18
4549,57,14,27,18
4550,57,14,27,18
4551,57,14,27,18
4552,57,14,27,18
4553,57,14,27,18
4554,57,14,27,18
4555,57,14,27,18
4556,57,14,27,18
4557,57,14,27,18
4558,57,14,27,18
4559,57,14,27,18
4560,57,14,27,18
4561,57,14,27,18
4562,57,14,27,18
4563,57,14,27,18
4564,57,14,27,18
4565,57,14,27,18
4566,57,14,27,18
4567,57,14,27,18
4568,57,14,27,18
4569,57,14,27,18
4570,57,14,27,18
4571,57,14,27,18
4572,57,14,27,18
4573,57,14,27,18
4574,57,14,27,18
4575,57,14,27,18
4576,57,14,27,18
4577,57,14,27,18
4578,57,14,27,18
4579,57,14,27,18
4580,57,14,27,18
4581,57,14,27,18
4582,57,14,27,18
4583,57,14,27,18
4584,57,14,27,18
4585,57,14,27,18
4586,57,14,27,18
4587,57,14,27,18
4588,57,14,27,18
4589,57,14,27,18
4590,57,14,27,18
4591,57,14,27,18
4592,57,14,27,18
4593,57,14,27,18
4594,57,14,27,18
4595,57,14,27,18
4596,57,14,27,18
4597,57,14,27,18
4598,57,14,27,18
4599,57,14,27,18
4600,57,14,27,18
4601,57,14,27,18
4602,57,14,27,18
4603,57,14,27,18
4604,57,14,27,18
4605,57,14,27,18
4606,57,14,27,18
4607,57,14,27,18
4608,57,14,27,18
4609,57,14,27,18
4610,57,14,27,18
4611,57,14,27,18
4612,57,14,27,18
4613,57,14,27,18
4614,57,14,27,18
4615,57,14,27,18
4616,57,14,27,18
4617,57,14,27,18
4618,57,14,27,18
4619,57,14,27,18
4620,57,14,27,18
4621,57,14,27,18
4622,57,14,27,18
4623,57,14,27,18
4624,57,14,27,18
4625,57,14,27,18
4626,57,14,27,18
4627,57,14,27,18
4628,57,14,27,18
4629,57,14,27,18
4630,57,14,27,18
4631,57,14,27,18
4632,57,14,27,19
4633,57,14,27,19
4634,57,14,27,19
4635,57,14,27,19
4636,57,14,27,19
4637,57,14,27,19
4638,57,14,27,19
4639,57,14,27,19
4640,57,14,27,19
4641,57,14,27,19
4642,57,14,27,19
4643,57,14,27,19
4644,57,14,27,19
4645,57,14,27,19
4646,57,14,27,19
4647,57,14,27,19
4648,57,14,27,19
4649,57,14,27,19
4650,57,14,27,19
4651,57,14,27,19
4652,57,14,27,19
4653,57,14,27,19
4654,57,14,27,19
4655,57,14,27,19
4656,57,14,27,19
4657,57,14,27,19
4658,57,14,27,19
4659,57,14,27,19
4660,57,14,27,19
4661,57,14,27,19
4662,57,14,27,19
4663,57,14,27,19
4664,57,14,27,19
4665,57,14,27,19
4666,57,14,27,19
4667,57,14,27,19
4668,57,14,27,19
4669,57,14,27,19
4670,57,14,27,19
4671,57,14,27,19
4672,57,14,27,19
4673,57,14,27,19
4674,57,14,27,19
4675,57,14,27,19
4676,57,14,27,19
4677,57,14,27,19
4678,57,14,27,19
4679,57,14,27,19
4680,57,14,27,19
4681,57,14,27,19
4682,57,14,27,19
4683,57,14,27,19
4684,57,14,27,19
4685,57,14,27,19
4686,57,14,27,19
4687,57,14,27,19
4688,57,14,27,19
4689,57,14,27,19
4690,57,14,27,19
4691,57,14,27,19
4692,57,14,27,19
4693,57,14,27,19
4694,57,14,27,19
4695,57,14,27,19
4696,57,14,27,19
4697,57,14,27,19
4698,57,14,27,19
4699,57,14,27,19
4700,57,14,27,19
4701,57,14,27,19
4702,57,14,27,19
4703,57,14,27,19
4704,57,14,27,19
4705,57,14,27,20
4706,57,14,27,20
4707,57,14,27,20
4708,57,14,27,20
4709,57,14,27,20
4710,57,14,27,20
4711,57,14,27,20
4712,57,14,27,20
4713,57,14,27,20
4714,57,14,27,20
4715,57,14,27,20
4716,57,14,27,20
4717,57,14,27,20
4718,57,14,27,20
4719,57,14,27,20
4720,57,14,27,20
4721,57,14,27,20
4722,57,14,27,20
4723,57,14,27,20
4724,57,14,27,20
4725,57,14,27,20
4726,57,14,27,20
4727,57,14,27,20
4728,57,14,27,20
4729,57,14,27,20
4730,57,14,27,20
4731,57,14,27,20
4732,57,14,27,20
4733,57,14,27,20
4734,57,14,27,20
4735,57,14,27,20
4736,57,14,27,20
4737,57,14,27,20
4738,57,14,27,20
4739,57,14,27,20
4740,57,14,27,20
4741,57,14,27,20
4742,57,14,27,20
4743,57,14,27,20
4744,57,14,27,20
4745,57,14,27,20
4746,57,14,27,20
4747,57,14,27,20
4748,57,14,27,20
4749,57,14,27,20
4750,57,14,27,20
4751,57,14,27,20
4752,57,14,27,20
4753,57,14,27,20
4754,57,14,27,20
4755,57,14,27,20
4756,57,14,27,20
4757,57,14,27,20
4758,57,14,27,20
4759,57,14,27,20
4760,57,14,27,20
4761,57,14,27,20
4762,57,14,27,20
4763,57,14,27,20
4764,57,14,27,20
4765,57,14,27,20
4766,57,14,27,20
4767,57,14,27,20
4768,57,14,27,20
4769,57,14,27,20
4770,57,14,27,20
4771,57,14,27,20
4772,57,14,27,20
4773,57,14,27,20
4774,57,14,27,20
4775,57,14,27,20
4776,57,14,27,20
4777,57,14,27,20
4778,57,14,27,20
4779,57,14,27,20
4780,57,14,27,20
4781,57,14,27,20
4782,57,14,27,20
4783,57,14,27,20
4784,57,14,27,20
4785,57,14,27,20
4786,57,14,27,20
4787,57,14,27,20
4788,57,14,27,20
4789,57,14,27,20
4790,57,14,27,20
4791,57,14,27,20
4792,57,14,27,20
4793,57,14,27,20
4794,57,14,27,20
4795,57,14,27,20
4796,57,14,27,20
4797,57,14,27,20
4798,57,14,27,20
4799,57,14,27,20
4800,57,14,27,20
4801,57,14,27,20
4802,57,14,27,20
4803,57,14,27,20
4804,57,14,27,20
4805,57,14,27,20
4806,57,14,27,20
4807,57,14,27,20
4808,57,14,27,20
4809,57,14,27,20
4810,57,14,27,20
4811,57,14,27,20
4812,57,14,27,20
4813,57,14,27,20
4814,57,14,27,20
4815,57,14,27,20
4816,57,14,27,20
4817,57,14,27,20
4818,57,14,27,20
4819,57,14,27,20
4820,57,14,27,20
4821,57,14,27,20
4822,57,14,27,20
4823,57,14,27,20
4824,57,14,27,20
4825,57,14,27,20
4826,57,14,27,20
4827,57,14,27,20
4828,57,14,27,20
4829,57,14,27,20
4830,57,14,27,21
4831,57,14,27,21
4832,57,14,27,21
4833,57,14,27,21
4834,57,14,27,21
4835,57,14,27,21
4836,57,14,27,21
4837,57,14,27,21
4838,57,14,27,21
4839,57,14,27,21
4840,57,14,27,21
4841,57,14,27,21
4842,57,14,27,21
4843,57,14,27,21
4844,57,14,27,21
4845,57,14,27,21
4846,57,14,27,21
4847,57,14,27,21
4848,57,14,27,21
4849,57,14,27,21
4850,57,14,27,21
4851,57,14,27,21
4852,57,14,27,21
4853,57,14,27,21
4854,57,14,27,21
4855,57,14,27,21
4856,57,14,27,21
4857,57,14,27,21
4858,57,14,27,21
4859,57,14,27,21
4860,57,14,27,21
4861,57,14,27,21
4862,57,14,27,21
4863,57,14,27,21
4864,57,14,27,21
4865,57,14,27,21
4866,57,14,27,21
4867,57,14,27,21
4868,57,14,27,21
4869,57,14,27,21
4870,57,14,27,21
4871,57,14,27,21
4872,57,14,27,21
4873,57,14,27,21
4874,57,14,27,21
4875,57,14,27,21
4876,57,14,27,21
4877,57,14,27,21
4878,57,14,27,21
4879,57,14,27,21
4880,57,14,27,21
4881,57,14,27,21
4882,57,14,27,21
4883,57,14,27,21
4884,57,14,27,21
4885,57,14,27,21
4886,57,14,27,21
4887,57,14,27,21
4888,57,14,27,21
4889,57,14,27,21
4890,57,14,27,21
4891,57,14,27,21
4892,57,14,27,21
4893,57,14,27,21
4894,57,14,27,21
4895,57,14,27,21
4896,57,14,27,21
4897,57,14,27,21
4898,57,14,27,21
4899,57,14,27,21
4900,57,14,27,21
4901,57,14,27,21
4902,57,14,27,21
4903,57,14,27,21
4904,57,14,27,21
4905,57,14,27,21
4906,57,14,27,21
4907,57,14,27,21
4908,57,14,27,21
4909,57,14,27,21
4910,57,14,27,21
4911,57,14,27,21
4912,57,14,27,21
4913,57,14,27,21
4914,57,14,27,21
4915,57,14,27,21
4916,57,14,27,21
4917,57,14,27,21
4918,57,14,27,21
4919,57,14,27,21
4920,57,14,27,21
4921,57,14,27,21
4922,57,14,27,21
4923,57,14,27,21
4924,57,14,27,21
4925,57,14,27,21
4926,57,14,27,22
4927,57,14,27,22
4928,57,14,27,22
4929,57,14,27,22
4930,57,14,27,22
4931,57,14,27,22
4932,57,14,27,22
4933,57,14,27,22
4934,57,14,27,22
4935,57,14,27,22
4936,57,14,27,22
4937,57,14,27,22
4938,57,14,27,22
4939,57,14,27,22
4940,57,14,27,22
4941,57,14,27,22
4942,57,14,27,22
4943,57,14,27,22
4944,57,14,27,22
4945,57,14,27,22
4946,57,14,27,22
4947,57,14,27,22
4948,57,14,27,22
4949,57,14,27,22
4950,57,14,27,22
4951,57,14,27,22
4952,57,14,27,22
4953,57,14,27,22
4954,57,14,27,22
4955,57,14,27,22
4956,57,14,27,22
4957,57,14,27,22
4958,57,14,27,22
4959,57,14,27,22
4960,57,14,27,22
4961,57,14,27,22
4962,57,14,27,22
4963,57,14,27,22
4964,57,14,27,22
4965,57,14,27,22
4966,57,14,27,22
4967,57,14,27,22
4968,57,14,27,22
4969,57,14,27,22
4970,57,14,27,22
4971,57,14,27,22
4972,57,14,27,22
4973,57,14,27,22
4974,57,14,27,22
4975,57,14,27,22
4976,57,14,27,22
4977,57,14,27,22
4978,57,14,27,22
4979,57,14,27,22
4980,57,14,27,22
4981,57,14,27,22
4982,57,14,27,22
4983,57,14,27,22
4984,57,14,27,22
4985,57,14,27,22
4986,57,14,27,22
4987,57,14,27,22
4988,57,14,27,22
4989,57,14,27,22
4990,57,14,27,22
4991,57,14,27,22
4992,57,14,27,22
4993,57,14,27,22
4994,57,14,27,22
4995,57,14,27,22
4996,57,14,27,22
4997,57,14,27,22
4998,57,14,27,22
4999,57,14,27,22
5000,57,14,27,22
5001,57,14,27,22
5002,57,14,27,22
5003,57,14,27,22
5004,57,14,27,22
5005,57,14,27,22
5006,57,14,27,22
5007,57,14,27,22
5008,57,14,27,22
5009,57,14,27,22
5010,57,14,27,22
5011,57,14,27,22
5012,57,14,27,22
5013,57,14,27,22
5014,57,14,27,22
5015,57,14,27,22
5016,57,14,27,22
5017,57,14,27,22
5018,57,14,27,22
5019,57,14,27,22
5020,57,14,27,22
5021,57,14,27,22
5022,57,14,27,22
5023,57,14,27,22
5024,57,14,27,22
5025,57,14,27,22
5026,57,14,27,22
5027,57,14,27,22
5028,57,14,27,22
5029,57,14,27,22
5030,57,14,27,22
5031,57,14,27,22
5032,57,14,27,22
5033,57,14,27,22
5034,57,14,27,22
5035,57,14,27,22
5036,57,14,27,22
5037,57,14,27,22
5038,57,14,27,22
5039,57,14,27,22
5040,57,14,27,22
5041,57,14,27,22
5042,57,14,27,22
5043,57,14,27,22
5044,57,14,27,22
5045,57,14,27,22
5046,57,14,27,22
5047,57,14,27,22
5048,57,14,27,22
5049,57,14,27,22
5050,57,14,27,22
5051,57,14,27,22
5052,57,14,27,22
5053,57,14,27,22
5054,57,14,27,22
5055,57,14,27,22
5056,57,14,27,22
5057,57,14,27,22
5058,57,14,27,22
5059,57,14,27,22
5060,57,14,27,22
5061,57,14,27,22
5062,57,14,27,22
5063,57,14,27,22
5064,57,14,27,22
5065,57,14,27,22
5066,57,14,27,22
5067,57,14,27,22
5068,57,14,27,22
5069,57,14,27,22
5070,57,14,27,22
5071,57,14,27,22
5072,57,14,27,22
5073,57,14,27,22
5074,57,14,27,22
5075,57,14,27,22
5076,57,14,27,22
5077,57,14,27,22
5078,57,14,27,22
5079,57,14,27,22
5080,57,14,27,22
5081,57,14,27,22
5082,57,14,27,22
5083,57,14,27,22
5084,57,14,27,22
5085,57,14,27,22
5086,57,14,27,22
5087,57,14,27,22
5088,57,14,27,22
5089,57,14,27,22
5090,57,14,27,22
5091,57,14,27,22
5092,57,14,27,22
5093,57,14,27,22
5094,57,14,27,22
5095,57,14,27,22
5096,57,14,27,22
5097,57,14,27,22
5098,57,14,27,22
5099,57,14,27,22
5100,57,14,27,22
5101,57,14,27,22
5102,57,14,27,22
5103,57,14,27,22
5104,57,14,27,22
5105,57,14,27,22
5106,57,14,27,22
5107,57,14,27,22
5108,57,14,27,22
5109,57,14,27,22
5110,57,14,27,22
5111,57,14,27,22
5112,57,14,27,22
5113,57,14,27,22
5114,57,14,27,22
5115,57,14,27,22
5116,57,14,27,22
5117,57,14,27,22
5118,57,14,27,22
5119,57,14,27,22
5120,57,14,27,22
5121,57,14,27,22
5122,57,14,27,22
5123,57,14,27,22
5124,57,14,27,22
5125,57,14,27,22
5126,57,14,27,22
5127,57,14,27,22
5128,57,14,27,22
5129,57,14,27,22
5130,57,14,27,22
5131,57,14,27,22
5132,57,14,27,22
5133,57,14,27,22
5134,57,14,27,22
5135,57,14,27,22
5136,57,14,27,22
5137,57,14,27,22
5138,57,14,27,22
5139,57,14,27,22
5140,57,14,27,22
5141,57,14,27,22
5142,57,14,27,22
5143,57,14,27,22
5144,57,14,27,22
5145,57,14,27,22
5146,57,14,27,22
5147,57,14,27,22
5148,57,14,27,22
5149,57,14,27,22
5150,57,14,27,22
5151,57,14,27,22
5152,57,14,27,22
5153,57,14,27,22
5154,57,14,27,22
5155,57,14,27,22
5156,57,14,27,22
5157,57,14,27,22
5158,57,14,27,22
5159,57,14,27,22
5160,57,14,27,22
5161,57,14,27,22
5162,57,14,27,22
5163,57,14,27,22
5164,57,14,27,22
5165,57,14,27,22
5166,57,14,27,22
5167,57,14,27,22
5168,57,14,27,22
5169,57,14,27,22
5170,57,14,27,22
5171,57,14,27,22
5172,57,14,27,22
5173,57,14,27,22
5174,57,14,27,22
5175,57,14,27,22
5176,57,14,27,22
5177,57,14,27,22
5178,57,14,27,22
5179,57,14,27,22
5180,57,14,27,22
5181,57,14,27,22
5182,57,14,27,22
5183,57,14,27,22
5184,57,14,27,22
5185,57,14,27,22
5186,57,14,27,22
5187,57,14,27,22
5188,57,14,27,22
5189,57,14,27,22
5190,57,14,27,22
5191,57,14,27,22
5192,57,14,27,22
5193,57,14,27,22
5194,57,14,27,22
5195,57,14,27,22
5196,57,14,27,22
5197,57,14,27,22
5198,57,14,27,22
5199,57,14,27,22
5200,57,14,27,22
5201,57,14,27,22
5202,57,14,27,22
5203,57,14,27,22
5204,57,14,27,22
5205,57,14,27,22
5206,57,14,27,22
5207,57,14,27,22
5208,57,14,27,22
5209,57,14,27,22
5210,57,14,27,22
5211,57,14,27,22
5212,57,14,27,22
5213,57,14,27,22
5214,57,14,27,22
5215,57,14,27,22
5216,57,14,27,22
5217,57,14,27,22
5218,57,14,27,22
5219,57,14,27,22
5220,57,14,27,22
5221,57,14,27,22
5222,57,14,27,22
5223,57,14,27,22
5224,57,14,27,22
5225,57,14,27,22
5226,57,14,27,22
5227,57,14,27,22
5228,57,14,27,22
5229,57,14,27,22
5230,57,14,27,22
5231,57,14,27,22
5232,57,14,27,22
5233,57,14,27,22
5234,57,14,27,22
5235,57,14,27,22
5236,57,14,27,22
5237,57,14,27,22
5238,57,14,27,22
5239,57,14,27,22
5240,57,14,27,22
5241,57,14,27,22
5242,57,14,27,22
5243,57,14,27,22
5244,57,14,27,22
5245,57,14,27,22
5246,57,14,27,22
5247,57,14,27,22
5248,57,14,27,22
5249,57,14,27,22
5250,57,14,27,22
5251,57,14,27,22
5252,57,14,27,22
5253,57,14,27,22
5254,57,14,27,22
5255,57,14,27,22
5256,57,14,27,22
5257,57,14,27,22
5258,57,14,27,22
5259,57,14,27,22
5260,57,14,27,22
5261,57,14,27,22
5262,57,14,27,22
5263,57,14,27,22
5264,57,14,27,22
5265,57,14,27,22
5266,57,14,27,22
5267,57,14,27,22
5268,57,14,27,22
5269,57,14,27,22
5270,57,14,27,22
5271,57,14,27,22
5272,57,14,27,22
5273,57,14,27,22
5274,57,14,27,22
5275,57,14,27,22
5276,57,14,27,22
5277,57,14,27,22
5278,57,14,27,22
5279,57,14,27,22
5280,57,14,27,22
5281,57,14,27,22
5282,57,14,27,22
5283,57,14,27,22
5284,57,14,27,22
5285,57,14,27,22
5286,57,14,27,22
5287,57,14,27,22
5288,57,14,27,22
5289,57,14,27,22
5290,57,14,27,22
5291,57,14,27,22
5292,57,14,27,22
5293,57,14,27,22
5294,57,14,27,22
5295,57,14,27,22
5296,57,14,27,22
5297,57,14,27,22
5298,57,14,27,22
5299,57,14,27,22
5300,57,14,27,22
5301,57,14,27,22
5302,57,14,27,22
5303,57,14,27,22
5304,57,14,27,22
5305,57,14,27,22
5306,57,14,27,22
5307,57,14,27,22
5308,57,14,27,22
5309,57,14,27,22
5310,57,14,27,22
5311,57,14,27,22
5312,57,14,27,22
5313,57,14,27,22
5314,57,14,27,22
5315,57,14,27,22
5316,57,14,27,22
5317,57,14,27,22
5318,57,14,27,22
5319,57,14,27,22
5320,57,14,27,22
5321,57,14,27,22
5322,57,14,27,22
5323,57,14,27,22
5324,57,14,27,22
5325,57,14,27,22
5326,57,14,27,22
5327,57,14,27,22
5328,57,14,27,22
5329,57,14,27,22
5330,57,14,27,22
5331,57,14,27,22
5332,57,14,27,22
5333,57,14,27,22
5334,57,14,27,22
5335,57,14,27,22
5336,57,14,27,22
5337,57,14,27,22
5338,57,14,27,22
5339,57,14,27,22
5340,57,14,27,22
5341,57,14,27,22
5342,57,14,27,22
5343,57,14,27,22
5344,57,14,27,22
5345,57,14,27,22
5346,57,14,27,22
5347,57,14,27,22
5348,57,14,27,22
5349,57,14,27,22
5350,57,14,27,22
5351,57,14,27,22
5352,57,14,27,22
5353,57,14,27,22
5354,57,14,27,22
5355,57,14,27,22
5356,57,14,27,22
5357,57,14,27,23
5358,57,14,27,23
5359,57,14,27,23
5360,57,14,27,24
5361,57,14,27,24
5362,57,14,27,24
5363,57,14,27,24
5364,57,14,27,24
5365,57,14,27,24
5366,57,14,27,24
5367,57,14,27,24
5368,57,14,27,24
5369,57,14,27,24
5370,57,14,27,24
5371,57,14,27,24
5372,57,14,27,24
5373,57,14,27,24
5374,57,14,27,24
5375,57,14,27,24
5376,57,14,27,24
5377,57,14,27,24
5378,57,14,27,24
5379,57,14,27,24
5380,57,14,27,24
5381,57,14,27,24
5382,57,14,27,24
5383,57,14,27,25
5384,57,14,27,25
5385,57,14,27,25
5386,57,14,27,25
5387,57,14,27,25
5388,57,14,27,25
5389,57,14,27,25
5390,57,14,27,25
5391,57,14,27,25
5392,57,14,27,25
5393,57,14,27,25
5394,57,14,27,25
5395,57,14,27,25
5396,57,14,27,25
5397,57,14,27,25
5398,57,14,27,25
5399,57,14,27,25
5400,57,14,27,25
5401,57,14,27,25
5402,57,14,27,26
5403,57,14,27,26
5404,57,14,27,26
5405,57,14,27,26
5406,57,14,27,26
5407,57,14,27,27
5408,57,14,27,27
5409,57,14,27,27
5410,57,14,27,27
5411,57,14,27,27
5412,57,14,27,27
5413,57,14,27,27
5414,57,14,27,27
5415,57,14,27,27
5416,57,14,27,27
5417,57,14,27,27
5418,57,14,27,27
5419,57,14,27,27
5420,57,14,27,27
5421,57,14,27,27
5422,57,14,27,27
5423,57,14,27,27
5424,57,14,27,27
5425,57,14,27,27
5426,57,14,27,27
5427,57,14,27,28
5428,57,14,27,28
5429,57,14,27,28
5430,57,14,27,28
5431,57,14,27,28
5432,57,14,27,28
5433,57,14,27,28
5434,57,14,27,28
5435,57,14,27,28
5436,57,14,27,28
5437,57,14,27,28
5438,57,14,27,28
5439,57,14,27,28
5440,57,14,27,28
5441,57,14,27,28
5442,57,14,27,28
5443,57,14,27,28
5444,57,14,27,28
5445,57,14,27,28
5446,57,14,27,28
5447,57,14,27,28
5448,57,14,27,28
5449,57,14,27,28
5450,57,14,27,28
5451,57,14,27,28
5452,57,14,27,28
5453,57,14,27,28
5454,57,14,27,28
5455,57,14,27,28
5456,57,14,27,28
5457,57,14,27,28
5458,57,14,27,28
5459,57,14,27,28
5460,57,14,27,28
5461,57,14,27,28
5462,57,14,27,28
5463,57,14,27,28
5464,57,14,27,28
5465,57,14,27,28
5466,57,14,27,28
5467,57,14,27,28
5468,57,14,27,28
5469,57,14,27,28
5470,57,14,27,28
5471,57,14,27,28
5472,57,14,27,28
5473,57,14,27,28
5474,57,14,27,28
5475,57,14,27,28
5476,57,14,27,28
5477,57,14,27,28
5478,57,14,27,28
5479,57,14,27,28
5480,57,14,27,28
5481,57,14,27,28
5482,57,14,27,28
5483,57,14,27,28
5484,57,14,27,28
5485,57,14,27,28
5486,57,14,27,28
5487,57,14,27,28
5488,57,14,27,28
5489,57,14,27,28
5490,57,14,27,28
5491,57,14,27,28
5492,57,14,27,28
5493,57,14,27,28
5494,57,14,27,28
5495,57,14,27,28
5496,57,14,27,28
5497,57,14,27,28
5498,57,14,27,28
5499,57,14,27,28
5500,57,14,27,28
5501,57,14,27,28
5502,57,14,27,28
5503,57,14,27,28
5504,57,14,27,28
5505,57,14,27,28
5506,57,14,27,28
5507,57,14,27,28
5508,57,14,27,28
5509,57,14,27,28
5510,57,14,27,28
5511,57,14,27,28
5512,57,14,27,28
5513,57,14,27,28
5514,57,14,27,28
5515,57,14,27,28
5516,57,14,27,28
5517,57,14,27,28
5518,57,14,27,28
5519,57,14,27,28
5520,57,14,27,28
5521,57,14,27,28
5522,57,14,27,28
5523,57,14,27,28
5524,57,14,27,28
5525,57,14,27,28
5526,57,14,27,28
5527,57,14,27,28
5528,57,14,27,28
5529,57,14,27,28
5530,57,14,27,28
5531,57,14,27,28
5532,57,14,27,28
5533,57,14,27,28
5534,57,14,27,28
5535,57,14,27,28
5536,57,14,27,28
5537,57,14,27,28
5538,57,14,27,28
5539,57,14,27,28
5540,57,14,27,28
5541,57,14,27,28
5542,57,14,27,28
5543,57,14,27,28
5544,57,14,27,28
5545,57,14,27,28
5546,57,14,27,28
5547,57,14,27,28
5548,57,14,27,28
5549,57,14,27,28
5550,57,14,27,28
5551,57,14,27,28
5552,57,14,27,28
5553,57,14,27,28
5554,57,14,27,28
5555,57,14,27,28
5556,57,14,27,28
5557,57,14,27,28
5558,57,14,27,28
5559,57,14,27,28
5560,57,14,27,28
5561,57,14,27,28
5562,57,14,27,28
5563,57,14,27,28
5564,57,14,27,28
5565,57,14,27,28
5566,57,14,27,28
5567,57,14,27,28
5568,57,14,27,28
5569,57,14,27,28
5570,57,14,27,28
5571,57,14,27,28
5572,57,14,27,28
5573,57,14,27,28
5574,57,14,27,28
5575,57,14,27,28
5576,57,14,27,28
5577,57,14,27,28
5578,57,14,27,28
5579,57,14,27,28
5580,57,14,27,28
5581,57,14,27,28
5582,57,14,27,28
5583,57,14,27,28
5584,57,14,27,28
5585,57,14,27,28
5586,57,14,27,28
5587,57,14,27,28
5588,57,14,27,28
5589,57,14,27,28
5590,57,14,27,28
5591,57,14,27,28
5592,57,14,27,28
5593,57,14,27,28
5594,57,14,27,28
5595,57,14,27,28
5596,57,14,27,28
5597,57,14,27,28
5598,57,14,27,28
5599,57,14,27,28
5600,57,14,27,28
5601,57,14,27,28
5602,57,14,27,28
5603,57,14,27,28
5604,57,14,27,28
5605,57,14,27,28
5606,57,14,27,28
5607,57,14,27,28
5608,57,14,27,28
5609,57,14,27,28
5610,57,14,27,28
5611,57,14,27,28
5612,57,14,27,28
5613,57,14,27,28
5614,57,14,27,28
5615,57,14,27,28
5616,57,14,27,28
5617,57,14,27,28
5618,57,14,27,28
5619,57,14,27,28
5620,57,14,27,28
5621,57,14,27,28
5622,57,14,27,28
5623,57,14,27,28
5624,57,14,27,28
5625,57,14,27,28
5626,57,14,27,28
5627,57,14,27,28
5628,57,14,27,28
5629,57,14,27,28
5630,57,14,27,28
5631,57,14,27,28
5632,57,14,27,28
5633,57,14,27,28
5634,57,14,27,28
5635,57,14,27,28
5636,57,14,27,28
5637,57,14,27,28
5638,57,14,27,28
5639,57,14,27,28
5640,57,14,27,28
5641,57,14,27,28
5642,57,14,27,28
5643,57,14,27,28
5644,57,14,27,28
5645,57,14,27,28
5646,57,14,27,28
5647,57,14,27,28
5648,57,14,27,28
5649,57,14,27,28
5650,57,14,27,28
5651,57,14,27,28
5652,57,14,27,29
5653,57,14,27,29
5654,57,14,27,29
5655,57,14,27,29
5656,57,14,27,29
5657,57,14,27,29
5658,57,14,27,29
5659,57,14,27,29
5660,57,14,27,29
5661,57,14,27,29
5662,57,14,27,29
5663,57,14,27,29
5664,57,14,27,29
5665,57,14,27,29
5666,57,14,27,29
5667,57,14,27,29
5668,57,14,27,29
5669,57,14,27,29
5670,57,14,27,29
5671,57,14,27,29
5672,57,14,27,29
5673,57,14,27,30
5674,57,14,27,30
5675,57,14,27,30
5676,57,14,27,30
5677,57,14,27,30
5678,57,14,27,30
5679,57,14,27,30
5680,57,14,27,30
5681,57,14,27,30
5682,57,14,27,30
5683,57,14,27,30
5684,57,14,27,30
5685,57,14,27,30
5686,57,14,27,30
5687,57,14,27,30
5688,57,14,27,30
5689,57,14,27,30
5690,57,14,27,30
5691,57,14,27,30
5692,57,14,27,30
5693,57,14,27,30
5694,57,14,27,30
5695,57,14,27,30
5696,57,14,27,30
5697,57,14,27,30
5698,57,14,27,30
5699,57,14,27,30
5700,57,14,27,30
5701,57,14,27,30
5702,57,14,27,30
5703,57,14,27,30
5704,57,14,27,30
5705,57,14,27,30
5706,57,14,27,30
5707,57,14,27,30
5708,57,14,27,30
5709,57,14,27,30
5710,57,14,27,30
5711,57,14,27,30
5712,57,14,27,30
5713,57,14,27,30
5714,57,14,27,30
5715,57,14,27,30
5716,57,14,27,30
5717,57,14,27,30
5718,57,14,27,30
5719,57,14,27,30
5720,57,14,27,30
5721,57,14,27,30
5722,57,14,27,30
5723,57,14,27,30
5724,57,14,27,30
5725,57,14,27,30
5726,57,14,27,30
5727,57,14,27,30
5728,57,14,27,30
5729,57,14,27,30
5730,57,14,27,30
5731,57,14,27,30
5732,57,14,27,30
5733,57,14,27,30
5734,57,14,27,30
5735,57,14,27,30
5736,57,14,27,31
5737,57,14,27,31
5738,57,14,27,31
5739,57,14,27,31
5740,57,14,27,31
5741,57,14,27,31
5742,57,14,27,31
5743,57,14,27,31
5744,57,14,27,31
5745,57,14,27,31
5746,57,14,27,31
5747,57,14,27,31
5748,57,14,27,31
5749,57,14,27,31
5750,57,14,27,31
5751,57,14,27,31
5752,57,14,27,31
5753,57,14,27,31
5754,57,14,27,31
5755,57,14,27,31
5756,57,14,27,31
5757,57,14,27,31
5758,57,14,27,31
5759,57,14,27,31
5760,57,14,27,31
5761,57,14,27,31
5762,57,14,27,31
5763,57,14,27,31
5764,57,14,27,31
5765,57,14,27,31
5766,57,14,27,31
5767,57,14,27,31
5768,57,14,27,31
5769,57,14,27,31
5770,57,14,27,31
5771,57,14,27,31
5772,57,14,27,31
5773,57,14,27,31
5774,57,14,27,31
5775,57,14,27,31
5776,57,14,27,31
5777,57,14,27,31
5778,57,14,27,31
5779,57,14,27,31
5780,57,14,27,31
5781,57,14,27,31
5782,57,14,27,31
5783,57,14,27,31
5784,57,14,27,31
5785,57,14,27,31
5786,57,14,27,31
5787,57,14,27,31
5788,57,14,27,31
5789,57,14,27,31
5790,57,14,27,31
5791,57,14,27,31
5792,57,14,27,31
5793,57,14,27,31
5794,57,14,27,31
5795,57,14,27,32
5796,57,14,27,32
5797,57,14,27,32
5798,57,14,27,32
5799,57,14,27,32
5800,57,14,27,32
5801,57,14,27,32
5802,57,14,27,32
5803,57,14,27,32
5804,57,14,27,32
5805,57,14,27,32
5806,57,14,27,32
5807,57,14,27,32
5808,57,14,27,32
5809,57,14,27,32
5810,57,14,27,32
5811,57,14,27,32
5812,57,14,27,32
5813,57,14,27,32
5814,57,14,27,32
5815,57,14,27,32
5816,57,14,27,32
5817,57,14,27,32
5818,57,14,27,32
5819,57,14,27,32
5820,57,14,27,32
5821,57,14,27,32
5822,57,14,27,32
5823,57,14,27,32
5824,57,14,27,32
5825,57,14,27,32
5826,57,14,27,32
5827,57,14,27,32
5828,57,14,27,32
5829,57,14,27,32
5830,57,14,27,32
5831,57,14,27,32
5832,57,14,27,32
5833,57,14,27,32
5834,57,14,27,32
5835,57,14,27,32
5836,57,14,27,32
5837,57,14,27,32
5838,57,14,27,32
5839,57,14,27,32
5840,57,14,27,32
5841,57,14,27,32
5842,57,14,27,32
5843,57,14,27,32
5844,57,14,27,32
5845,57,14,27,32
5846,57,14,27,32
5847,57,14,27,32
5848,57,14,27,32
5849,57,14,27,32
5850,57,14,27,32
5851,57,14,27,32
5852,57,14,27,32
5853,57,14,27,32
5854,57,14,27,32
5855,57,14,27,32
5856,57,14,27,32
5857,57,14,27,32
5858,57,14,27,32
5859,57,14,27,32
5860,57,14,27,32
5861,57,14,27,32
5862,57,14,27,32
5863,57,14,27,32
5864,57,14,27,32
5865,57,14,27,32
5866,57,14,27,32
5867,57,14,27,32
5868,57,14,27,32
5869,57,14,27,32
5870,57,14,27,32
5871,57,14,27,32
5872,57,14,27,32
5873,57,14,27,32
5874,57,14,27,32
5875,57,14,27,32
5876,57,14,27,32
5877,57,14,27,32
5878,57,14,27,32
5879,57,14,27,32
5880,57,14,27,32
5881,57,14,27,32
5882,57,14,27,32
5883,57,14,27,32
5884,57,14,27,32
5885,57,14,27,32
5886,57,14,27,32
5887,57,14,27,32
5888,57,14,27,32
5889,57,14,27,32
5890,57,14,27,32
5891,57,14,27,32
5892,57,14,27,32
5893,57,14,27,32
5894,57,14,27,32
5895,57,14,27,32
5896,57,14,27,32
5897,57,14,27,32
5898,57,14,27,32
5899,57,14,27,32
5900,57,14,27,32
5901,57,14,27,32
5902,57,14,27,32
5903,57,14,27,32
5904,57,14,27,32
5905,57,14,27,32
5906,57,14,27,32
5907,57,14,27,32
5908,57,14,27,32
5909,57,14,27,32
5910,57,14,27,32
5911,57,14,27,32
5912,57,14,27,32
5913,57,14,27,32
5914,57,14,27,32
5915,57,14,27,32
5916,57,14,27,32
5917,57,14,27,32
5918,57,14,27,32
5919,57,14,27,32
5920,57,14,27,32
5921,57,14,27,32
5922,57,14,27,32
5923,57,14,27,32
5924,57,14,27,32
5925,57,14,27,32
5926,57,14,27,32
5927,57,14,27,32
5928,57,14,27,32
5929,57,14,27,33
5930,57,14,27,33
5931,57,14,27,33
5932,57,14,27,33
5933,57,14,27,33
5934,57,14,27,33
5935,57,14,27,33
5936,57,14,27,33
5937,57,14,27,33
5938,57,14,27,33
5939,57,14,27,33
5940,57,14,27,33
5941,57,14,27,33
5942,57,14,27,33
5943,57,14,27,33
5944,57,14,27,33
5945,57,14,27,33
5946,57,14,27,33
5947,57,14,27,33
5948,57,14,27,33
5949,57,14,27,33
5950,57,14,27,33
5951,57,14,27,33
5952,57,14,27,33
5953,57,14,27,33
5954,57,14,27,33
5955,57,14,27,33
5956,57,14,27,33
5957,57,14,27,33
5958,57,14,27,33
5959,57,14,27,33
5960,57,14,27,33
5961,57,14,27,33
5962,57,14,27,33
5963,57,14,27,33
5964,57,14,27,33
5965,57,14,27,33
5966,57,14,27,33
5967,57,14,27,33
5968,57,14,27,33
5969,57,14,27,33
5970,57,14,27,33
5971,57,14,27,33
5972,57,14,27,33
5973,57,14,27,33
5974,57,14,27,33
5975,57,14,27,33
5976,57,14,27,33
5977,57,14,27,33
5978,57,14,27,33
5979,57,14,27,33
5980,57,14,27,33
5981,57,14,27,33
5982,57,14,27,33
5983,57,14,27,33
5984,57,14,27,34
5985,57,14,27,34
5986,57,14,27,34
5987,57,14,27,34
5988,57,14,27,34
5989,57,14,27,34
5990,57,14,27,34
5991,57,14,27,34
5992,57,14,27,34
5993,57,14,27,34
5994,57,14,27,34
5995,57,14,27,34
5996,57,14,27,34
5997,57,14,27,34
5998,57,14,27,34
5999,57,14,27,34
6000,57,14,27,34
6001,57,14,27,34
6002,57,14,27,34
6003,57,14,27,34
6004,57,14,27,34
6005,57,14,27,34
6006,57,14,27,34
6007,57,14,27,34
6008,57,14,27,34
6009,57,14,27,34
6010,57,14,27,34
6011,57,14,27,34
6012,57,14,27,34
6013,57,14,27,34
6014,57,14,27,34
6015,57,14,27,34
6016,57,14,27,34
6017,57,14,27,34
6018,57,14,27,34
6019,57,14,27,34
6020,57,14,27,34
6021,57,14,27,34
6022,57,14,27,34
6023,57,14,27,34
6024,57,14,27,34
6025,57,14,27,34
6026,57,14,27,34
6027,57,14,27,34
6028,57,14,27,34
6029,57,14,27,34
6030,57,14,27,34
6031,57,14,27,34
6032,57,14,27,34
6033,57,14,27,34
6034,57,14,27,34
6035,57,14,27,34
6036,57,14,27,34
6037,57,14,27,34
6038,57,14,27,34
6039,57,14,27,34
6040,57,14,27,34
6041,57,14,27,34
6042,57,14,27,34
6043,57,14,27,34
6044,57,14,27,34
6045,57,14,27,34
6046,57,14,27,34
6047,57,14,27,34
6048,57,14,27,34
6049,57,14,27,34
6050,57,14,27,34
6051,57,14,27,34
6052,57,14,27,34
6053,57,14,27,34
6054,57,14,27,34
6055,57,14,27,34
6056,57,14,27,34
6057,57,14,27,34
6058,57,14,27,34
6059,57,14,27,34
6060,57,14,27,34
6061,57,14,27,34
6062,57,14,27,34
6063,57,14,27,34
6064,57,14,27,34
6065,57,14,27,34
6066,57,14,27,34
6067,57,14,27,34
6068,57,14,27,34
6069,57,14,27,34
6070,57,14,27,34
6071,57,14,27,34
6072,57,14,27,34
6073,57,14,27,34
6074,57,14,27,34
6075,57,14,27,35
6076,57,14,27,35
6077,57,14,27,35
6078,57,14,27,35
6079,57,14,27,35
6080,57,14,27,35
6081,57,14,27,35
6082,57,14,27,35
6083,57,14,27,35
6084,57,14,27,35
6085,57,14,27,35
6086,57,14,27,35
6087,57,14,27,35
6088,57,14,27,35
6089,57,14,27,35
6090,57,14,27,35
6091,57,14,27,35
6092,57,14,27,35
6093,57,14,27,35
6094,57,14,27,35
6095,57,14,27,35
6096,57,14,27,35
6097,57,14,27,35
6098,57,14,27,35
6099,57,14,27,35
6100,57,14,27,35
6101,57,14,27,35
6102,57,14,27,35
6103,57,14,27,35
6104,57,14,27,35
6105,57,14,27,35
6106,57,14,27,35
6107,57,14,27,35
6108,57,14,27,35
6109,57,14,27,35
6110,57,14,27,35
6111,57,14,27,35
6112,57,14,27,35
6113,57,14,27,35
6114,57,14,27,35
6115,57,14,27,35
6116,57,14,27,35
6117,57,14,27,35
6118,57,14,27,35
6119,57,14,27,35
6120,57,14,27,35
6121,57,14,27,35
6122,57,14,27,35
6123,57,14,27,35
6124,57,14,27,35
6125,57,14,27,35
6126,57,14,27,35
6127,57,14,27,35
6128,57,14,27,35
6129,57,14,27,35
6130,57,14,27,35
6131,57,14,27,35
6132,57,14,27,35
6133,57,14,27,35
6134,57,14,27,35
6135,57,14,27,35
6136,57,14,27,35
6137,57,14,27,35
6138,57,14,27,35
6139,57,14,27,35
6140,57,14,27,35
6141,57,14,27,35
6142,57,14,27,35
6143,57,14,27,35
6144,57,14,27,36
6145,57,14,27,36
6146,57,14,27,36
6147,57,14,27,36
6148,57,14,27,36
6149,57,14,27,36
6150,57,14,27,36
6151,57,14,27,36
6152,57,14,27,36
6153,57,14,27,36
6154,57,14,27,36
6155,57,14,27,36
6156,57,14,27,36
6157,57,14,27,36
6158,57,14,27,36
6159,57,14,27,36
6160,57,14,27,36
6161,57,14,27,36
6162,57,14,27,36
6163,57,14,27,36
6164,57,14,27,36
6165,57,14,27,36
6166,57,14,27,36
6167,57,14,27,36
6168,57,14,27,36
6169,57,14,27,36
6170,57,14,27,36
6171,57,14,27,36
6172,57,14,27,36
6173,57,14,27,36
6174,57,14,27,36
6175,57,14,27,36
6176,57,14,27,36
6177,57,14,27,36
6178,57,14,27,36
6179,57,14,27,36
6180,57,14,27,36
6181,57,14,27,36
6182,57,14,27,36
6183,57,14,27,36
6184,57,14,27,36
6185,57,14,27,36
6186,57,14,27,36
6187,57,14,27,36
6188,57,14,27,36
6189,57,14,27,36
6190,57,14,27,36
6191,57,14,27,37
6192,57,14,27,37
6193,57,14,27,37
6194,57,14,27,37
6195,57,14,27,37
6196,57,14,27,37
6197,57,14,27,37
6198,57,14,27,37
6199,57,14,27,37
6200,57,14,27,37
6201,57,14,27,37
6202,57,14,27,37
6203,57,14,27,37
6204,57,14,27,37
6205,57,14,27,37
6206,57,14,27,37
6207,57,14,27,37
6208,57,14,27,37
6209,57,14,27,37
6210,57,14,27,37
6211,57,14,27,37
6212,57,14,27,37
6213,57,14,27,37
6214,57,14,27,37
6215,57,14,27,37
6216,57,14,27,37
6217,57,14,27,37
6218,57,14,27,37
6219,57,14,27,37
6220,59,14,28,37
6221,59,14,28,37
6222,59,14,28,37
6223,59,14,28,37
6224,59,14,28,37
6225,59,14,28,37
6226,59,14,28,37
6227,59,14,28,37
6228,59,14,28,37
6229,59,14,28,37
6230,59,14,28,37
6231,59,14,28,37
6232,59,14,28,37
6233,59,14,28,37
6234,59,14,28,37
6235,59,14,28,37
6236,59,14,28,37
6237,59,14,28,37
6238,59,14,28,37
6239,59,14,28,37
6240,59,14,28,37
6241,59,14,28,37
6242,59,14,28,37
6243,59,14,28,37
6244,59,14,28,37
6245,59,14,28,37
6246,59,14,28,37
6247,59,14,28,37
6248,59,14,28,37
6249,59,14,28,37
6250,59,14,28,37
6251,59,14,28,37
6252,59,14,28,37
6253,59,14,28,37
6254,59,14,28,37
6255,59,14,28,37
6256,59,14,28,37
6257,59,14,28,37
6258,59,14,28,37
6259,59,14,28,37
6260,59,14,28,37
6261,59,14,28,37
6262,59,14,28,37
6263,59,14,28,37
6264,59,14,28,37
6265,59,14,28,37
6266,59,14,28,37
6267,59,14,28,37
6268,59,14,28,37
6269,59,14,28,37
6270,59,14,28,37
6271,59,14,28,37
6272,59,14,28,37
6273,59,14,28,37
6274,59,14,28,37
6275,59,14,28,37
6276,59,14,28,37
6277,59,14,28,37
6278,59,14,28,37
6279,59,14,28,37
6280,59,14,28,37
6281,59,14,28,37
6282,59,14,28,37
6283,59,14,28,37
6284,59,14,28,37
6285,59,14,28,37
6286,59,14,28,37
6287,59,14,28,37
6288,59,14,28,37
6289,59,14,28,37
6290,59,14,28,37
6291,59,14,28,37
6292,59,14,28,37
6293,59,14,28,37
6294,59,14,28,37
6295,59,14,28,37
6296,59,14,28,37
6297,59,14,28,37
6298,59,14,28,37
6299,59,14,28,37
6300,59,14,28,37
6301,59,14,28,37
6302,59,14,28,37
6303,59,14,28,37
6304,59,14,28,37
6305,59,14,28,37
6306,59,14,28,37
6307,59,14,28,37
6308,59,14,28,37
6309,59,14,28,37
6310,59,14,28,37
6311,59,14,28,37
6312,59,14,28,37
6313,59,14,28,37
6314,59,14,28,37
6315,59,14,28,37
6316,59,14,28,37
6317,59,14,28,37
6318,59,14,28,37
6319,59,14,28,37
6320,59,14,28,37
6321,59,14,28,37
6322,59,14,28,37
6323,59,14,28,37
6324,59,14,28,37
6325,59,14,28,37
6326,59,14,28,37
6327,59,14,28,37
6328,59,14,28,37
6329,59,14,28,37
6330,59,14,28,37
6331,59,14,28,37
6332,59,14,28,37
6333,59,14,28,37
6334,59,14,28,37
6335,59,14,28,37
6336,59,14,28,37
6337,59,14,28,37
6338,59,14,28,37
6339,59,14,28,37
6340,59,14,28,37
6341,59,14,28,37
6342,59,14,28,37
6343,59,14,28,37
6344,59,14,28,37
6345,59,14,28,37
6346,59,14,28,37
6347,59,14,28,37
6348,59,14,28,37
6349,59,14,28,37
6350,59,14,28,37
6351,59,14,28,37
6352,59,14,28,37
6353,59,14,28,37
6354,59,14,28,37
6355,59,14,28,37
6356,59,14,28,37
6357,59,14,28,37
6358,59,14,28,37
6359,59,14,28,37
6360,59,14,28,37
6361,59,14,28,37
6362,59,14,28,37
6363,59,14,28,37
6364,59,14,28,37
6365,59,14,28,37
6366,59,14,28,37
6367,59,14,28,37
6368,59,14,28,37
6369,59,14,28,37
6370,59,14,28,37
6371,59,14,28,37
6372,59,14,28,37
6373,59,14,28,37
6374,59,14,28,37
6375,59,14,28,37
6376,59,14,28,37
6377,59,14,28,37
6378,59,14,28,37
6379,59,14,28,37
6380,59,14,28,37
6381,59,14,28,37
6382,59,14,28,37
6383,59,14,28,37
6384,59,14,28,37
6385,59,14,28,37
6386,59,14,28,37
6387,59,14,28,37
6388,59,14,28,37
6389,59,14,28,37
6390,59,14,28,37
6391,59,14,28,37
6392,59,14,28,37
6393,59,14,28,37
6394,59,14,28,37
6395,59,14,28,37
6396,59,14,28,37
6397,59,14,28,37
6398,59,14,28,37
6399,59,14,28,37
6400,59,14,28,37
6401,59,14,28,37
6402,59,14,28,37
6403,59,14,28,37
6404,59,14,28,37
6405,59,14,28,37
6406,59,14,28,37
6407,59,14,28,37
6408,59,14,28,37
6409,59,14,28,37
6410,59,14,28,37
6411,59,14,28,37
6412,59,14,28,37
6413,59,14,28,37
6414,59,14,28,37
6415,59,14,28,37
6416,59,14,28,37
6417,59,14,28,37
6418,59,14,28,37
6419,59,14,28,37
6420,59,14,28,37
6421,59,14,28,37
6422,59,14,28,37
6423,59,14,28,37
6424,59,14,28,37
6425,59,14,28,37
6426,59,14,28,37
6427,59,14,28,37
6428,59,14,28,37
6429,59,14,28,37
6430,59,14,28,37
6431,59,14,28,37
6432,59,14,28,37
6433,59,14,28,37
6434,59,14,28,37
6435,59,14,28,37
6436,59,14,28,37
6437,59,14,28,37
6438,59,14,28,37
6439,59,14,28,37
6440,59,14,28,37
6441,59,14,28,37
6442,59,14,28,37
6443,59,14,28,37
6444,59,14,28,37
6445,59,14,28,37
6446,59,14,28,37
6447,59,14,28,37
6448,59,14,28,37
6449,59,14,28,37
6450,59,14,28,37
6451,59,14,28,37
6452,59,14,28,37
6453,59,14,28,37
6454,59,14,28,37
6455,59,14,28,37
6456,59,14,28,37
6457,59,14,28,37
6458,59,14,28,37
6459,59,14,28,37
6460,59,14,28,37
6461,59,14,28,37
6462,59,14,28,37
6463,59,14,28,37
6464,59,14,28,37
6465,59,14,28,37
6466,59,14,28,37
6467,59,14,28,37
6468,59,14,28,37
6469,59,14,28,37
6470,59,14,28,37
6471,59,14,28,37
6472,59,14,28,37
6473,59,14,28,37
6474,59,14,28,37
6475,59,14,28,37
6476,59,14,28,37
6477,59,14,28,37
6478,59,14,28,37
6479,59,14,28,37
6480,59,14,28,37
6481,59,14,28,37
6482,59,14,28,37
6483,59,14,28,37
6484,59,14,28,37
6485,59,14,28,37
6486,59,14,28,37
6487,59,14,28,37
6488,59,14,28,37
6489,59,14,28,37
6490,59,14,28,37
6491,59,14,28,37
6492,59,14,28,37
6493,59,14,28,37
6494,59,14,28,37
6495,59,14,28,37
6496,59,14,28,37
6497,59,14,28,37
6498,59,14,28,37
6499,59,14,28,37
6500,59,14,28,37
6501,59,14,28,37
6502,59,14,28,37
6503,59,14,28,37
6504,59,14,28,37
6505,59,14,28,37
6506,59,14,28,37
6507,59,14,28,37
6508,59,14,28,37
6509,59,14,28,37
6510,59,14,28,37
6511,59,14,28,37
6512,59,14,28,37
6513,59,14,28,37
6514,59,14,28,37
6515,59,14,28,37
6516,59,14,28,37
6517,59,14,28,37
6518,59,14,28,37
6519,59,14,28,37
6520,59,14,28,37
6521,59,14,28,37
6522,59,14,28,37
6523,59,14,28,37
6524,59,14,28,37
6525,59,14,28,37
6526,59,14,28,37
6527,59,14,28,37
6528,59,14,28,37
6529,59,14,28,37
6530,59,14,28,37
6531,59,14,28,37
6532,59,14,28,37
6533,59,14,28,37
6534,59,14,28,37
6535,59,14,28,37
6536,59,14,28,37
6537,59,14,28,37
6538,59,14,28,37
6539,59,14,28,37
6540,59,14,28,37
6541,59,14,28,37
6542,59,14,28,37
6543,59,14,28,37
6544,59,14,28,37
6545,59,14,28,37
6546,59,14,28,37
6547,59,14,28,37
6548,59,14,28,37
6549,59,14,28,37
6550,59,14,28,37
6551,59,14,28,37
6552,59,14,28,37
6553,59,14,28,37
6554,59,14,28,37
6555,59,14,28,37
6556,59,14,28,37
6557,59,14,28,37
6558,59,14,28,37
6559,59,14,28,37
6560,59,14,28,37
6561,59,14,28,37
6562,59,14,28,37
6563,59,14,28,37
6564,59,14,28,37
6565,59,14,28,37
6566,59,14,28,37
6567,59,14,28,37
6568,59,14,28,37
6569,59,14,28,37
6570,59,14,28,37
6571,59,14,28,37
6572,59,14,28,37
6573,59,14,28,37
6574,59,14,28,37
6575,59,14,28,37
6576,59,14,28,37
6577,59,14,28,37
6578,59,14,28,37
6579,59,14,28,37
6580,59,14,28,37
6581,59,14,28,37
6582,59,14,28,37
6583,59,14,28,37
6584,59,14,28,37
6585,59,14,28,37
6586,59,14,28,37
6587,59,14,28,37
6588,59,14,28,37
6589,59,14,28,37
6590,59,14,28,37
6591,59,14,28,37
6592,59,14,28,38
6593,59,14,28,38
6594,59,14,28,38
6595,59,14,28,38
6596,59,14,28,38
6597,59,14,28,38
6598,59,14,28,38
6599,59,14,28,38
6600,59,14,28,38
6601,59,14,28,38
6602,59,14,28,38
6603,59,14,28,38
6604,59,14,28,38
6605,60,14,29,38
6606,60,14,29,38
6607,60,14,29,38
6608,60,14,29,38
6609,60,14,29,38
6610,60,14,29,38
6611,60,14,29,38
6612,60,14,29,38
6613,60,14,29,38
6614,60,14,29,38
6615,60,14,29,38
6616,60,14,29,38
6617,60,14,29,38
6618,60,14,29,38
6619,60,14,29,38
6620,60,14,29,38
6621,60,14,29,38
6622,60,14,29,38
6623,60,14,29,38
6624,60,14,29,38
6625,60,14,29,38
6626,60,14,29,38
6627,60,14,29,38
6628,60,14,29,38
6629,60,14,29,38
6630,60,14,29,38
6631,60,14,29,38
6632,60,14,29,38
6633,60,14,29,38
6634,60,14,29,38
6635,60,14,29,38
6636,60,14,29,38
6637,60,14,29,38
6638,60,14,29,38
6639,60,14,29,38
6640,60,14,29,38
6641,60,14,29,38
6642,60,14,29,38
6643,60,14,29,38
6644,60,14,29,38
6645,60,14,29,38
6646,60,14,29,38
6647,60,14,29,38
6648,60,14,29,38
6649,60,14,29,38
6650,60,14,29,38
6651,60,14,29,38
6652,60,14,29,38
6653,60,14,29,38
6654,60,14,29,38
6655,60,14,29,38
6656,60,14,29,38
6657,60,14,29,38
6658,60,14,29,38
6659,60,14,29,38
6660,60,14,29,38
6661,60,14,29,38
6662,60,14,29,38
6663,60,14,29,38
6664,60,14,29,38
6665,60,14,29,38
6666,60,14,29,38
6667,60,14,29,38
6668,60,14,29,38
6669,60,14,29,38
6670,60,14,29,38
6671,60,14,29,38
6672,60,14,29,38
6673,60,14,29,38
6674,60,14,29,38
6675,60,14,29,38
6676,60,14,29,38
6677,60,14,29,38
6678,60,14,29,38
6679,60,14,29,38
6680,60,14,29,38
6681,60,14,29,38
6682,60,14,29,38
6683,60,14,29,38
6684,60,14,29,38
6685,60,14,29,38
6686,60,14,29,38
6687,60,14,29,38
6688,60,14,29,38
6689,60,14,29,38
6690,60,14,29,38
6691,60,14,29,38
6692,60,14,29,38
6693,60,14,29,38
6694,60,14,29,38
6695,60,14,29,38
6696,60,14,29,38
6697,60,14,29,38
6698,60,14,29,38
6699,60,14,29,38
6700,60,14,29,38
6701,60,14,29,38
6702,60,14,29,38
6703,60,14,29,38
6704,60,14,29,38
6705,60,14,29,38
6706,60,14,29,38
6707,60,14,29,38
6708,60,14,29,38
6709,60,14,29,38
6710,60,14,29,38
6711,60,14,29,38
6712,60,14,29,38
6713,60,14,29,38
6714,60,14,29,38
6715,60,14,29,38
6716,60,14,29,38
6717,60,14,29,38
6718,60,14,29,38
6719,60,14,29,38
6720,60,14,29,38
6721,60,14,29,38
6722,60,14,29,38
6723,60,14,29,38
6724,60,14,29,38
6725,60,14,29,38
6726,60,14,29,38
6727,60,14,29,38
6728,60,14,29,38
6729,60,14,29,38
6730,60,14,29,38
6731,60,14,29,38
6732,60,14,29,38
6733,60,14,29,38
6734,60,14,29,38
6735,60,14,29,38
6736,60,14,29,38
6737,60,14,29,38
6738,60,14,29,38
6739,60,14,29,38
6740,60,14,29,38
6741,60,14,29,38
6742,60,14,29,38
6743,60,14,29,38
6744,60,14,29,38
6745,60,14,29,38
6746,60,14,29,38
6747,60,14,29,38
6748,60,14,29,38
6749,60,14,29,38
6750,60,14,29,38
6751,60,14,29,38
6752,60,14,29,38
6753,60,14,29,38
6754,60,14,29,38
6755,60,14,29,38
6756,60,14,29,38
6757,60,14,29,38
6758,60,14,29,38
6759,60,14,29,38
6760,60,14,29,38
6761,60,14,29,38
6762,60,14,29,38
6763,60,14,29,38
6764,60,14,29,38
6765,60,14,29,38
6766,60,14,29,38
6767,60,14,29,38
6768,60,14,29,38
6769,60,14,29,38
6770,60,14,29,38
6771,60,14,29,38
6772,60,14,29,38
6773,60,14,29,38
6774,60,14,29,39
6775,60,14,29,39
6776,60,14,29,39
6777,60,14,29,39
6778,60,14,29,39
6779,60,14,29,39
6780,60,14,29,39
6781,60,14,29,39
6782,60,14,29,39
6783,60,14,29,39
6784,60,14,29,39
6785,60,14,29,39
6786,60,14,29,39
6787,60,14,29,39
6788,60,14,29,39
6789,60,14,29,39
6790,60,14,29,39
6791,60,14,29,39
6792,60,14,29,39
6793,60,14,29,39
6794,60,14,29,39
6795,60,14,29,39
6796,60,14,29,39
6797,60,14,29,39
6798,60,14,29,40
6799,60,14,29,40
6800,60,14,29,40
6801,60,14,29,40
6802,60,14,29,40
6803,60,14,29,40
6804,60,14,29,40
6805,60,14,29,40
6806,60,14,29,40
6807,60,14,29,40
6808,60,14,29,40
6809,60,14,29,40
6810,60,14,29,40
6811,60,14,29,40
6812,60,14,29,40
6813,60,14,29,40
6814,60,14,29,40
6815,60,14,29,40
6816,60,14,29,40
6817,60,14,29,40
6818,60,14,29,40
6819,60,14,29,40
6820,60,14,29,40
6821,60,14,29,40
6822,60,14,29,40
6823,60,14,29,40
6824,60,14,29,40
6825,60,14,29,40
6826,60,14,29,40
6827,60,14,29,40
6828,60,14,29,40
6829,60,14,29,40
6830,60,14,29,40
6831,60,14,29,40
6832,60,14,29,40
6833,60,14,29,40
6834,60,14,29,40
6835,60,14,29,40
6836,60,14,29,40
6837,60,14,29,40
6838,60,14,29,40
6839,60,14,29,40
6840,60,14,29,40
6841,60,14,29,40
6842,60,14,29,40
6843,60,14,29,40
6844,60,14,29,40
6845,60,14,29,40
6846,60,14,29,40
6847,60,14,29,40
6848,60,14,29,40
6849,60,14,29,40
6850,60,14,29,40
6851,60,14,29,40
6852,60,14,29,40
6853,60,14,29,40
6854,60,14,29,40
6855,60,14,29,40
6856,60,14,29,40
6857,60,14,29,40
6858,60,14,29,40
6859,60,14,29,40
6860,60,14,29,40
6861,60,14,29,40
6862,60,14,29,40
6863,60,14,29,40
6864,60,14,29,40
6865,60,14,29,40
6866,60,14,29,40
6867,60,14,29,40
6868,60,14,29,40
6869,60,14,29,40
6870,60,14,29,40
6871,60,14,29,40
6872,60,14,29,40
6873,60,14,29,40
6874,60,14,29,40
6875,60,14,29,40
6876,60,14,29,40
6877,60,14,29,40
6878,60,14,29,40
6879,60,14,29,40
6880,60,14,29,40
6881,60,14,29,40
6882,60,14,29,40
6883,60,14,29,40
6884,60,14,29,40
6885,60,14,29,40
6886,60,14,29,40
6887,60,14,29,40
6888,60,14,29,40
6889,60,14,29,40
6890,60,14,29,40
6891,60,14,29,40
6892,60,14,29,40
6893,60,14,29,40
6894,60,14,29,40
6895,60,14,29,40
6896,60,14,29,40
6897,60,14,29,40
6898,60,14,29,40
6899,60,14,29,40
6900,60,14,29,40
6901,60,14,29,40
6902,60,14,29,40
6903,60,14,29,40
6904,60,14,29,40
6905,60,14,29,40
6906,60,14,29,40
6907,60,14,29,40
6908,60,14,29,40
6909,60,14,29,40
6910,60,14,29,40
6911,60,14,29,40
6912,60,14,29,40
6913,60,14,29,40
6914,60,14,29,40
6915,60,14,29,40
6916,60,14,29,40
6917,60,14,29,40
6918,60,14,29,40
6919,60,14,29,40
6920,60,14,29,40
6921,60,14,29,40
6922,60,14,29,40
6923,60,14,29,40
6924,60,14,29,40
6925,60,14,29,40
6926,60,14,29,40
6927,60,14,29,40
6928,60,14,29,40
6929,60,14,29,40
6930,60,14,29,40
6931,60,14,29,40
6932,60,14,29,40
6933,60,14,29,40
6934,60,14,29,40
6935,60,14,29,40
6936,60,14,29,40
6937,60,14,29,40
6938,60,14,29,40
6939,60,14,29,40
6940,60,14,29,40
6941,60,14,29,40
6942,60,14,29,40
6943,60,14,29,40
6944,60,14,29,40
6945,60,14,29,40
6946,60,14,29,40
6947,60,14,29,40
6948,60,14,29,40
6949,60,14,29,40
6950,60,14,29,40
6951,60,14,29,40
6952,60,14,29,40
6953,60,14,29,40
6954,60,14,29,40
6955,60,14,29,40
6956,60,14,29,40
6957,60,14,29,40
6958,60,14,29,40
6959,60,14,29,40
6960,60,14,29,40
6961,60,14,29,40
6962,60,14,29,40
6963,60,14,29,40
6964,60,14,29,41
6965,60,14,29,41
6966,60,14,29,41
6967,60,14,29,41
6968,60,14,29,41
6969,60,14,29,41
6970,60,14,29,41
6971,60,14,29,41
6972,60,14,29,41
6973,60,14,29,41
6974,60,14,29,41
6975,60,14,29,41
6976,60,14,29,41
6977,60,14,29,41
6978,60,14,29,41
6979,60,14,29,41
6980,60,14,29,41
6981,60,14,29,41
6982,60,14,29,41
6983,60,14,29,41
6984,60,14,29,41
6985,60,14,29,41
6986,60,14,29,41
6987,60,14,29,41
6988,60,14,29,41
6989,60,14,29,41
6990,60,14,29,41
6991,60,14,29,41
6992,60,14,29,41
6993,60,14,29,41
6994,60,14,29,41
6995,60,14,29,41
6996,60,14,29,41
6997,60,14,29,41
6998,60,14,29,41
6999,60,14,29,41
7000,60,14,29,41
7001,60,14,29,41
7002,60,14,29,41
7003,60,14,29,41
7004,60,14,29,41
7005,60,14,29,41
7006,60,14,29,41
7007,60,14,29,41
7008,60,14,29,41
7009,60,14,29,41
7010,60,14,29,41
7011,60,14,29,41
7012,60,14,29,41
7013,60,14,29,41
7014,60,14,29,41
7015,60,14,29,41
7016,60,14,29,41
7017,60,14,29,41
7018,60,14,29,41
7019,60,14,29,41
7020,60,14,29,41
7021,60,14,29,41
7022,60,14,29,41
7023,60,14,29,41
7024,60,14,29,41
7025,60,14,29,41
7026,60,14,29,41
7027,60,14,29,41
7028,60,14,29,41
7029,60,14,29,41
7030,60,14,29,41
7031,60,14,29,41
7032,60,14,29,41
7033,60,14,29,41
7034,60,14,29,41
7035,60,14,29,41
7036,60,14,29,41
7037,60,14,29,41
7038,60,14,29,41
7039,60,14,29,41
7040,60,14,29,41
7041,60,14,29,41
7042,60,14,29,41
7043,60,14,29,41
7044,60,14,29,41
7045,60,14,29,41
7046,60,14,29,41
7047,60,14,29,41
7048,60,14,29,41
7049,60,14,29,41
7050,60,14,29,41
7051,60,14,29,41
7052,60,14,29,41
7053,60,14,29,41
7054,60,14,29,41
7055,60,14,29,41
7056,60,14,29,41
7057,60,14,29,41
7058,60,14,29,41
7059,60,14,29,41
7060,60,14,29,41
7061,60,14,29,41
7062,60,14,29,41
7063,60,14,29,41
7064,60,14,29,41
7065,60,14,29,41
7066,60,14,29,41
7067,60,14,29,41
7068,60,14,29,41
7069,60,14,29,41
7070,60,14,29,41
7071,60,14,29,41
7072,60,14,29,41
7073,60,14,29,41
7074,60,14,29,41
7075,60,14,29,41
7076,60,14,29,41
7077,60,14,29,41
7078,60,14,29,41
7079,60,14,29,41
7080,60,14,29,41
7081,60,14,29,41
7082,60,14,29,41
7083,60,14,29,41
7084,60,14,29,41
7085,60,14,29,41
7086,60,14,29,41
7087,60,14,29,41
7088,60,14,29,41
7089,60,14,29,41
7090,60,14,29,41
7091,60,14,29,41
7092,60,14,29,41
7093,60,14,29,41
7094,60,14,29,41
7095,60,14,29,41
7096,60,14,29,41
7097,60,14,29,41
7098,60,14,29,41
7099,60,14,29,41
7100,60,14,29,41
7101,60,14,29,41
7102,60,14,29,41
7103,60,14,29,41
7104,60,14,29,41
7105,60,14,29,41
7106,60,14,29,41
7107,60,14,29,41
7108,60,14,29,41
7109,60,14,29,41
7110,60,14,29,41
7111,60,14,29,41
7112,60,14,29,41
7113,60,14,29,41
7114,60,14,29,41
7115,60,14,29,41
7116,60,14,29,41
7117,60,14,29,41
7118,60,14,29,41
7119,60,14,29,41
7120,60,14,29,41
7121,60,14,29,41
7122,60,14,29,41
7123,60,14,29,41
7124,60,14,29,41
7125,60,14,29,41
7126,60,14,29,41
7127,60,14,29,41
7128,60,14,29,41
7129,60,14,29,41
7130,60,14,29,41
7131,60,14,29,41
7132,60,14,29,41
7133,60,14,29,41
7134,60,14,29,41
7135,60,14,29,41
7136,60,14,29,41
7137,60,14,29,41
7138,60,14,29,41
7139,60,14,29,41
7140,60,14,29,41
7141,60,14,29,41
7142,60,14,29,41
7143,60,14,29,41
7144,60,14,29,41
7145,60,14,29,41
7146,60,14,29,41
7147,60,14,29,41
7148,60,14,29,41
7149,60,14,29,41
7150,60,14,29,41
7151,60,14,29,41
7152,60,14,29,41
7153,60,14,29,41
7154,60,14,29,41
7155,60,14,29,41
7156,60,14,29,41
7157,60,14,29,41
7158,60,14,29,41
7159,60,14,29,41
7160,60,14,29,41
7161,60,14,29,41
7162,60,14,29,41
7163,60,14,29,41
7164,60,14,29,41
7165,60,14,29,41
7166,60,14,29,41
7167,60,14,29,41
7168,60,14,29,41
7169,60,14,29,42
7170,60,14,29,42
7171,60,14,29,42
7172,60,14,29,42
7173,60,14,29,42
7174,60,14,29,42
7175,60,14,29,42
7176,60,14,29,42
7177,60,14,29,42
7178,60,14,29,42
7179,60,14,29,42
7180,60,14,29,42
7181,60,14,29,42
7182,60,14,29,42
7183,60,14,29,42
7184,60,14,29,42
7185,60,14,29,42
7186,60,14,29,42
7187,60,14,29,42
7188,60,14,29,42
7189,60,14,29,42
7190,60,14,29,42
7191,60,14,29,42
7192,60,14,29,42
7193,60,14,29,42
7194,60,14,29,42
7195,60,14,29,42
7196,60,14,29,42
7197,60,14,29,42
7198,60,14,29,42
7199,60,14,29,42
7200,60,14,29,42
7201,60,14,29,42
7202,60,14,29,42
7203,60,14,29,42
7204,60,14,29,42
7205,60,14,29,42
7206,60,14,29,42
7207,60,14,29,42
7208,60,14,29,42
7209,60,14,29,42
7210,60,14,29,42
7211,60,14,29,42
7212,60,14,29,42
7213,60,14,29,42
7214,60,14,29,42
7215,60,14,29,42
7216,60,14,29,42
7217,60,14,29,42
7218,60,14,29,42
7219,60,14,29,42
7220,60,14,29,42
7221,60,14,29,42
7222,60,14,29,42
7223,60,14,29,42
7224,60,14,29,42
7225,60,14,29,42
7226,60,14,29,42
7227,60,14,29,42
7228,60,14,29,42
7229,60,14,29,42
7230,60,14,29,42
7231,60,14,29,42
7232,60,14,29,42
7233,60,14,29,42
7234,60,14,29,42
7235,60,14,29,42
7236,60,14,29,42
7237,60,14,29,42
7238,60,14,29,42
7239,60,14,29,42
7240,60,14,29,42
7241,60,14,29,42
7242,60,14,29,42
7243,60,14,29,42
7244,60,14,29,42
7245,60,14,29,42
7246,60,14,29,42
7247,60,14,29,42
7248,60,14,29,42
7249,60,14,29,42
7250,60,14,29,42
7251,60,14,29,42
7252,60,14,29,42
7253,60,14,29,42
7254,60,14,29,42
7255,60,14,29,42
7256,60,14,29,42
7257,60,14,29,42
7258,60,14,29,42
7259,60,14,29,42
7260,60,14,29,42
7261,60,14,29,42
7262,60,14,29,42
7263,60,14,29,42
7264,60,14,29,42
7265,60,14,29,42
7266,60,14,29,42
7267,60,14,29,42
7268,60,14,29,42
7269,60,14,29,42
7270,60,14,29,42
7271,60,14,29,42
7272,60,14,29,42
7273,60,14,29,42
7274,60,14,29,42
7275,60,14,29,42
7276,60,14,29,42
7277,60,14,29,42
7278,60,14,29,42
7279,60,14,29,42
7280,60,14,29,42
7281,60,14,29,42
7282,60,14,29,42
7283,60,14,29,42
7284,60,14,29,42
7285,60,14,29,42
7286,60,14,29,42
7287,60,14,29,42
7288,60,14,29,42
7289,60,14,29,42
7290,60,14,29,42
7291,60,14,29,42
7292,60,14,29,42
7293,60,14,29,43
7294,60,14,29,43
7295,60,14,29,43
7296,60,14,29,43
7297,60,14,29,43
7298,60,14,29,43
7299,60,14,29,43
7300,60,14,29,43
7301,60,14,29,43
7302,60,14,29,43
7303,60,14,29,43
7304,60,14,29,43
7305,60,14,29,43
7306,60,14,29,43
7307,60,14,29,43
7308,60,14,29,43
7309,60,14,29,43
7310,60,14,29,43
7311,60,14,29,43
7312,60,14,29,43
7313,60,14,29,43
7314,60,14,29,43
7315,60,14,29,43
7316,60,14,29,43
7317,60,14,29,43
7318,60,14,29,43
7319,60,14,29,43
7320,60,14,29,43
7321,60,14,29,43
7322,60,14,29,43
7323,60,14,29,43
7324,60,14,29,43
7325,60,14,29,43
7326,60,14,29,43
7327,60,14,29,43
7328,60,14,29,43
7329,60,14,29,43
7330,60,14,29,43
7331,60,14,29,43
7332,60,14,29,43
7333,60,14,29,43
7334,60,14,29,43
7335,60,14,29,43
7336,60,14,29,43
7337,60,14,29,43
7338,60,14,29,43
7339,60,14,29,43
7340,60,14,29,43
7341,60,14,29,43
7342,60,14,29,43
7343,60,14,29,43
7344,60,14,29,43
7345,60,14,29,43
7346,60,14,29,43
7347,60,14,29,43
7348,60,14,29,43
7349,60,14,29,43
7350,60,14,29,43
7351,60,14,29,43
7352,60,14,29,43
7353,60,14,29,43
7354,60,14,29,43
7355,60,14,29,43
7356,60,14,29,43
7357,60,14,29,43
7358,60,14,29,43
7359,60,14,29,43
7360,60,14,29,43
7361,60,14,29,43
7362,60,14,29,43
7363,60,14,29,43
7364,60,14,29,43
7365,60,14,29,43
7366,60,14,29,43
7367,60,14,29,43
7368,60,14,29,43
7369,60,14,29,43
7370,60,14,29,43
7371,60,14,29,43
7372,60,14,29,43
7373,60,14,29,43
7374,60,14,29,43
7375,60,14,29,43
7376,60,14,29,43
7377,60,14,29,43
7378,60,14,29,43
7379,60,14,29,43
7380,60,14,29,43
7381,60,14,29,43
7382,60,14,29,43
7383,60,14,29,43
7384,60,14,29,43
7385,60,14,29,43
7386,60,14,29,43
7387,60,14,29,43
7388,60,14,29,43
7389,60,14,29,43
7390,60,14,29,43
7391,60,14,29,43
7392,60,14,29,43
7393,60,14,29,43
7394,60,14,29,43
7395,60,14,29,43
7396,60,14,29,43
7397,60,14,29,43
7398,60,14,29,43
7399,60,14,29,43
7400,60,14,29,43
7401,60,14,29,43
7402,60,14,29,43
7403,60,14,29,43
7404,60,14,29,43
7405,60,14,29,43
7406,60,14,29,43
7407,60,14,29,43
7408,60,14,29,43
7409,60,14,29,43
7410,60,14,29,43
7411,60,14,29,43
7412,60,14,29,43
7413,60,14,29,43
7414,60,14,29,43
7415,60,14,29,43
7416,60,14,29,43
7417,60,14,29,43
7418,60,14,29,43
7419,60,14,29,43
7420,60,14,29,43
7421,60,14,29,43
7422,60,14,29,43
7423,60,14,29,43
7424,60,14,29,43
7425,60,14,29,43
7426,60,14,29,43
7427,60,14,29,43
7428,60,14,29,43
7429,60,14,29,43
7430,60,14,29,43
7431,60,14,29,43
7432,60,14,29,43
7433,60,14,29,43
7434,60,14,29,43
7435,60,14,29,43
7436,60,14,29,43
7437,60,14,29,43
7438,60,14,29,43
7439,60,14,29,43
7440,60,14,29,43
7441,60,14,29,43
7442,60,14,29,43
7443,60,14,29,43
7444,60,14,29,43
7445,60,14,29,43
7446,60,14,29,43
7447,60,14,29,43
7448,60,14,29,43
7449,60,14,29,43
7450,60,14,29,43
7451,60,14,29,43
7452,60,14,29,43
7453,60,14,29,43
7454,60,14,29,43
7455,60,14,29,43
7456,60,14,29,43
7457,60,14,29,44
7458,60,14,29,44
7459,60,14,29,44
7460,60,14,29,44
7461,60,14,29,44
7462,60,14,29,44
7463,60,14,29,44
7464,60,14,29,44
7465,60,14,29,44
7466,60,14,29,44
7467,60,14,29,44
7468,60,14,29,44
7469,60,14,29,44
7470,60,14,29,44
7471,60,14,29,44
7472,60,14,29,44
7473,60,14,29,44
7474,60,14,29,44
7475,60,14,29,44
7476,60,14,29,44
7477,60,14,29,44
7478,60,14,29,44
7479,60,14,29,44
7480,60,14,29,44
7481,60,14,29,44
7482,60,14,29,44
7483,60,14,29,44
7484,60,14,29,44
7485,60,14,29,44
7486,60,14,29,44
7487,60,14,29,44
7488,60,14,29,44
7489,60,14,29,44
7490,60,14,29,44
7491,60,14,29,44
7492,60,14,29,44
7493,60,14,29,44
7494,60,14,29,44
7495,60,14,29,44
7496,60,14,29,44
7497,60,14,29,44
7498,60,14,29,44
7499,60,14,29,44
7500,60,14,29,44
7501,60,14,29,44
7502,60,14,29,44
7503,60,14,29,44
7504,60,14,29,44
7505,60,14,29,44
7506,60,14,29,44
7507,60,14,29,44
7508,60,14,29,44
7509,60,14,29,44
7510,60,14,29,44
7511,60,14,29,44
7512,60,14,29,44
7513,60,14,29,44
7514,60,14,29,44
7515,60,14,29,44
7516,60,14,29,44
7517,60,14,29,44
7518,60,14,29,44
7519,60,14,29,44
7520,60,14,29,44
7521,60,14,29,44
7522,60,14,29,44
7523,60,14,29,44
7524,60,14,29,44
7525,60,14,29,44
7526,60,14,29,44
7527,60,14,29,44
7528,60,14,29,44
7529,60,14,29,44
7530,60,14,29,44
7531,60,14,29,44
7532,60,14,29,44
7533,60,14,29,44
7534,60,14,29,44
7535,60,14,29,44
7536,60,14,29,44
7537,60,14,29,44
7538,60,14,29,44
7539,60,14,29,44
7540,60,14,29,44
7541,60,14,29,44
7542,60,14,29,44
7543,60,14,29,44
7544,60,14,29,44
7545,60,14,29,44
7546,60,14,29,44
7547,60,14,29,44
7548,60,14,29,44
7549,60,14,29,44
7550,60,14,29,44
7551,60,14,29,44
7552,60,14,29,44
7553,60,14,29,44
7554,60,14,29,44
7555,60,14,29,44
7556,60,14,29,44
7557,60,14,29,44
7558,60,14,29,44
7559,60,14,29,44
7560,60,14,29,44
7561,60,14,29,44
7562,60,14,29,44
7563,60,14,29,44
7564,60,14,29,44
7565,60,14,29,44
7566,60,14,29,44
7567,60,14,29,44
7568,60,14,29,44
7569,60,14,29,44
7570,60,14,29,44
7571,60,14,29,44
7572,60,14,29,44
7573,60,14,29,44
7574,60,14,29,44
7575,60,14,29,44
7576,60,14,29,44
7577,60,14,29,44
7578,60,14,29,44
7579,60,14,29,44
7580,60,14,29,44
7581,60,14,29,44
7582,60,14,29,44
7583,60,14,29,44
7584,60,14,29,44
7585,60,14,29,44
7586,60,14,29,44
7587,60,14,29,44
7588,60,14,29,44
7589,60,14,29,44
7590,60,14,29,44
7591,60,14,29,44
7592,60,14,29,44
7593,60,14,29,44
7594,60,14,29,44
7595,60,14,29,44
7596,60,14,29,44
7597,60,14,29,44
7598,60,14,29,44
7599,60,14,29,44
7600,60,14,29,44
7601,60,14,29,44
7602,60,14,29,44
7603,60,14,29,44
7604,60,14,29,44
7605,60,14,29,44
7606,60,14,29,44
7607,60,14,29,44
7608,60,14,29,44
7609,60,14,29,44
7610,60,14,29,44
7611,60,14,29,44
7612,60,14,29,44
7613,60,14,29,44
7614,60,14,29,44
7615,60,14,29,44
7616,60,14,29,44
7617,60,14,29,44
7618,60,14,29,44
7619,60,14,29,44
7620,60,14,29,44
7621,60,14,29,44
7622,60,14,29,44
7623,60,14,29,44
7624,60,14,29,44
7625,60,14,29,44
7626,60,14,29,44
7627,60,14,29,44
7628,60,14,29,44
7629,60,14,29,44
7630,60,14,29,44
7631,60,14,29,44
7632,60,14,29,44
7633,60,14,29,44
7634,60,14,29,44
7635,60,14,29,44
7636,60,14,29,44
7637,60,14,29,44
7638,60,14,29,44
7639,60,14,29,44
7640,60,14,29,44
7641,60,14,29,44
7642,60,14,29,44
7643,60,14,29,44
7644,60,14,29,44
7645,60,14,29,44
7646,60,14,29,44
7647,60,14,29,44
7648,60,14,29,44
7649,60,14,29,44
7650,60,14,29,44
7651,60,14,29,44
7652,60,14,29,44
7653,60,14,29,44
7654,60,14,29,44
7655,60,14,29,44
7656,60,14,29,44
7657,60,14,29,44
7658,60,14,29,44
7659,60,14,29,44
7660,60,14,29,44
7661,60,14,29,44
7662,60,14,29,44
7663,60,14,29,44
7664,60,14,29,44
7665,60,14,29,44
7666,60,14,29,44
7667,60,14,29,44
7668,60,14,29,44
7669,60,14,29,44
7670,60,14,29,44
7671,60,14,29,44
7672,60,14,29,44
7673,60,14,29,44
7674,60,14,29,44
7675,60,14,29,44
7676,60,14,29,44
7677,60,14,29,44
7678,60,14,29,44
7679,60,14,29,44
7680,60,14,29,44
7681,60,14,29,44
7682,60,14,29,44
7683,60,14,29,44
7684,60,14,29,44
7685,60,14,29,44
7686,60,14,29,44
7687,60,14,29,44
7688,60,14,29,44
7689,60,14,29,44
7690,60,14,29,44
7691,60,14,29,44
7692,60,14,29,44
7693,60,14,29,44
7694,60,14,29,44
7695,60,14,29,44
7696,60,14,29,44
7697,60,14,29,44
7698,60,14,29,44
7699,60,14,29,44
7700,60,14,29,44
7701,60,14,29,44
7702,60,14,29,44
7703,60,14,29,44
7704,60,14,29,44
7705,60,14,29,44
7706,60,14,29,44
7707,60,14,29,44
7708,60,14,29,44
7709,60,14,29,44
7710,60,14,29,44
7711,60,14,29,44
7712,60,14,29,44
7713,60,14,29,44
7714,60,14,29,44
7715,60,14,29,44
7716,60,14,29,44
7717,60,14,29,44
7718,60,14,29,44
7719,60,14,29,44
7720,60,14,29,44
7721,60,14,29,44
7722,60,14,29,44
7723,60,14,29,44
7724,60,14,29,44
7725,60,14,29,44
7726,60,14,29,44
7727,60,14,29,44
7728,60,14,29,44
7729,60,14,29,44
7730,60,14,29,44
7731,60,14,29,44
7732,60,14,29,44
7733,60,14,29,44
7734,60,14,29,44
7735,60,14,29,44
7736,60,14,29,44
7737,60,14,29,44
7738,60,14,29,44
7739,60,14,29,44
7740,60,14,29,44
7741,60,14,29,44
7742,60,14,29,44
7743,60,14,29,44
7744,60,14,29,44
7745,60,14,29,44
7746,60,14,29,44
7747,60,14,29,44
7748,60,14,29,44
7749,60,14,29,44
7750,60,14,29,44
7751,60,14,29,44
7752,60,14,29,44
7753,60,14,29,44
7754,60,14,29,44
7755,60,14,29,44
7756,60,14,29,44
7757,60,14,29,44
7758,60,14,29,44
7759,60,14,29,44
7760,60,14,29,44
7761,60,14,29,44
7762,60,14,29,44
7763,60,14,29,44
7764,60,14,29,44
7765,60,14,29,44
7766,60,14,29,44
7767,60,14,29,44
7768,60,14,29,44
7769,60,14,29,44
7770,60,14,29,44
7771,60,14,29,44
7772,60,14,29,44
7773,60,14,29,44
7774,60,14,29,44
7775,60,14,29,44
7776,60,14,29,44
7777,60,14,29,44
7778,60,14,29,44
7779,60,14,29,44
7780,60,14,29,44
7781,60,14,29,44
7782,60,14,29,44
7783,60,14,29,44
7784,60,14,29,44
7785,60,14,29,44
7786,60,14,29,44
7787,60,14,29,44
7788,60,14,29,44
7789,60,14,29,44
7790,60,14,29,44
7791,60,14,29,44
7792,60,14,29,44
7793,60,14,29,44
7794,60,14,29,44
7795,60,14,29,44
7796,60,14,29,44
7797,60,14,29,44
7798,60,14,29,44
7799,60,14,29,44
7800,60,14,29,44
7801,60,14,29,44
7802,60,14,29,44
7803,60,14,29,44
7804,60,14,29,44
7805,60,14,29,44
7806,60,14,29,44
7807,60,14,29,44
7808,60,14,29,44
7809,60,14,29,44
7810,60,14,29,44
7811,60,14,29,44
7812,60,14,29,44
7813,60,14,29,44
7814,60,14,29,44
7815,60,14,29,44
7816,60,14,29,44
7817,60,14,29,44
7818,60,14,29,44
7819,60,14,29,44
7820,60,14,29,44
7821,60,14,29,44
7822,60,14,29,44
7823,60,14,29,44
7824,60,14,29,44
7825,60,14,29,44
7826,60,14,29,44
7827,60,14,29,44
7828,60,14,29,44
7829,60,14,29,44
7830,60,14,29,44
7831,60,14,29,44
7832,60,14,29,44
7833,60,14,29,44
7834,60,14,29,44
7835,60,14,29,44
7836,60,14,29,44
7837,60,14,29,44
7838,60,14,29,44
7839,60,14,29,44
7840,60,14,29,44
7841,60,14,29,44
7842,60,14,29,44
7843,60,14,29,44
7844,60,14,29,44
7845,60,14,29,44
7846,60,14,29,44
7847,60,14,29,44
7848,60,14,29,44
7849,60,14,29,44
7850,60,14,29,44
7851,60,14,29,44
7852,60,14,29,44
7853,60,14,29,44
7854,60,14,29,44
7855,60,14,29,44
7856,60,14,29,44
7857,60,14,29,44
7858,60,14,29,44
7859,60,14,29,44
7860,60,14,29,44
7861,60,14,29,44
7862,60,14,29,44
7863,60,14,29,44
7864,60,14,29,44
7865,60,14,29,44
7866,60,14,29,44
7867,60,14,29,44
7868,60,14,29,44
7869,60,14,29,44
7870,60,14,29,44
7871,60,14,29,44
7872,60,14,29,44
7873,60,14,29,44
7874,60,14,29,44
7875,60,14,29,44
7876,60,14,29,44
7877,60,14,29,44
7878,60,14,29,44
7879,60,14,29,44
7880,60,14,29,44
7881,60,14,29,44
7882,60,14,29,44
7883,60,14,29,44
7884,60,14,29,44
7885,60,14,29,44
7886,60,14,29,44
7887,60,14,29,44
7888,60,14,29,44
7889,60,14,29,44
7890,60,14,29,44
7891,60,14,29,44
7892,60,14,29,44
7893,60,14,29,44
7894,60,14,29,44
7895,60,14,29,44
7896,60,14,29,44
7897,60,14,29,44
7898,60,14,29,44
7899,60,14,29,44
7900,60,14,29,44
7901,60,14,29,44
7902,60,14,29,44
7903,60,14,29,44
7904,60,14,29,44
7905,60,14,29,44
7906,60,14,29,44
7907,60,14,29,44
7908,60,14,29,44
7909,60,14,29,44
7910,60,14,29,44
7911,60,14,29,44
7912,60,14,29,44
7913,60,14,29,44
7914,60,14,29,44
7915,60,14,29,44
7916,60,14,29,44
7917,60,14,29,44
7918,60,14,29,44
7919,60,14,29,44
7920,60,14,29,44
7921,60,14,29,44
7922,60,14,29,44
7923,60,14,29,44
7924,60,14,29,44
7925,60,14,29,44
7926,60,14,29,44
7927,60,14,29,44
7928,60,14,29,44
7929,60,14,29,44
7930,60,14,29,44
7931,60,14,29,44
7932,60,14,29,44
7933,60,14,29,44
7934,60,14,29,44
7935,60,14,29,44
7936,60,14,29,44
7937,60,14,29,45
7938,60,14,29,45
7939,60,14,29,45
7940,60,14,29,45
7941,60,14,29,45
7942,60,14,29,45
7943,60,14,29,45
7944,60,14,29,45
7945,60,14,29,45
7946,60,14,29,45
7947,60,14,29,45
7948,60,14,29,45
7949,60,14,29,45
7950,60,14,29,45
7951,60,14,29,45
7952,60,14,29,45
7953,60,14,29,45
7954,60,14,29,45
7955,60,14,29,45
7956,60,14,29,45
7957,60,14,29,45
7958,60,14,29,45
7959,60,14,29,45
7960,60,14,29,45
7961,60,14,29,45
7962,60,14,29,45
7963,60,14,29,45
7964,60,14,29,45
7965,60,14,29,45
7966,60,14,29,45
7967,60,14,29,45
7968,60,14,29,45
7969,60,14,29,45
7970,60,14,29,45
7971,60,14,29,45
7972,60,14,29,45
7973,60,14,29,45
7974,60,14,29,45
7975,60,14,29,45
7976,60,14,29,45
7977,60,14,29,45
7978,60,14,29,45
7979,60,14,29,45
7980,60,14,29,45
7981,60,14,29,45
7982,60,14,29,45
7983,60,14,29,45
7984,60,14,29,45
7985,60,14,29,45
7986,60,14,29,45
7987,60,14,29,45
7988,60,14,29,45
7989,60,14,29,45
7990,60,14,29,45
7991,60,14,29,46
7992,60,14,29,46
7993,60,14,29,46
7994,60,14,29,46
7995,60,14,29,46
7996,60,14,29,46
7997,60,14,29,46
7998,60,14,29,46
7999,60,14,29,46
8000,60,14,29,46
8001,60,14,29,46
8002,60,14,29,46
8003,60,14,29,46
8004,60,14,29,46
8005,60,14,29,46
8006,60,14,29,46
8007,60,14,29,46
8008,60,14,29,46
8009,60,14,29,46
8010,60,14,29,46
8011,60,14,29,46
8012,60,14,29,46
8013,60,14,29,46
8014,60,14,29,46
8015,60,14,29,46
8016,60,14,29,46
8017,60,14,29,46
8018,60,14,29,46
8019,60,14,29,46
8020,60,14,29,46
8021,60,14,29,46
8022,60,14,29,46
8023,60,14,29,46
8024,60,14,29,46
8025,60,14,29,46
8026,60,14,29,46
8027,60,14,29,46
8028,60,14,29,46
8029,60,14,29,46
8030,60,14,29,46
8031,60,14,29,46
8032,60,14,29,46
8033,60,14,29,46
8034,60,14,29,46
8035,60,14,29,46
8036,60,14,29,46
8037,60,14,29,46
8038,60,14,29,46
8039,60,14,29,46
8040,60,14,29,46
8041,60,14,29,46
8042,60,14,29,46
8043,60,14,29,46
8044,60,14,29,46
8045,60,14,29,46
8046,60,14,29,46
8047,60,14,29,46
8048,60,14,29,46
8049,60,14,29,46
8050,60,14,29,46
8051,60,14,29,46
8052,60,14,29,46
8053,60,14,29,46
8054,60,14,29,46
8055,60,14,29,46
8056,60,14,29,46
8057,60,14,29,46
8058,60,14,29,46
8059,60,14,29,46
8060,60,14,29,46
8061,60,14,29,46
8062,60,14,29,46
8063,60,14,29,46
8064,60,14,29,46
8065,60,14,29,46
8066,60,14,29,46
8067,60,14,29,46
8068,60,14,29,46
8069,60,14,29,46
8070,60,14,29,46
8071,60,14,29,46
8072,60,14,29,46
8073,60,14,29,46
8074,60,14,29,46
8075,60,14,29,46
8076,60,14,29,46
8077,60,14,29,46
8078,60,14,29,46
8079,60,14,29,46
8080,60,14,29,46
8081,60,14,29,46
8082,60,14,29,46
8083,60,14,29,46
8084,60,14,29,46
8085,60,14,29,46
8086,60,14,29,46
8087,60,14,29,46
8088,60,14,29,46
8089,60,14,29,46
8090,60,14,29,46
8091,60,14,29,46
8092,60,14,29,46
8093,60,14,29,46
8094,60,14,29,46
8095,60,14,29,46
8096,60,14,29,46
8097,60,14,29,46
8098,60,14,29,46
8099,60,14,29,46
8100,60,14,29,46
8101,60,14,29,46
8102,60,14,29,46
8103,60,14,29,46
8104,60,14,29,46
8105,60,14,29,46
8106,60,14,29,46
8107,60,14,29,46
8108,60,14,29,46
8109,60,14,29,46
8110,60,14,29,46
8111,60,14,29,46
8112,60,14,29,46
8113,60,14,29,46
8114,60,14,29,46
8115,60,14,29,46
8116,60,14,29,46
8117,60,14,29,46
8118,60,14,29,46
8119,60,14,29,46
8120,60,14,29,46
8121,60,14,29,46
8122,60,14,29,46
8123,60,14,29,46
8124,60,14,29,46
8125,60,14,29,46
8126,60,14,29,46
8127,60,14,29,46
8128,60,14,29,46
8129,60,14,29,46
8130,60,14,29,46
8131,60,14,29,46
8132,60,14,29,46
8133,60,14,29,46
8134,60,14,29,46
8135,60,14,29,46
8136,60,14,29,46
8137,60,14,29,46
8138,60,14,29,46
8139,60,14,29,46
8140,60,14,29,46
8141,60,14,29,46
8142,60,14,29,46
8143,60,14,29,46
8144,60,14,29,46
8145,60,14,29,46
8146,60,14,29,46
8147,60,14,29,46
8148,60,14,29,46
8149,60,14,29,46
8150,60,14,29,46
8151,60,14,29,46
8152,60,14,29,46
8153,60,14,29,46
8154,60,14,29,46
8155,60,14,29,46
8156,60,14,29,46
8157,60,14,29,46
8158,60,14,29,46
8159,60,14,29,46
8160,60,14,29,46
8161,60,14,29,46
8162,60,14,29,46
8163,60,14,29,46
8164,60,14,29,46
8165,60,14,29,46
8166,60,14,29,46
8167,60,14,29,46
8168,60,14,29,46
8169,60,14,29,46
8170,60,14,29,46
8171,60,14,29,46
8172,60,14,29,46
8173,60,14,29,46
8174,60,14,29,46
8175,60,14,29,46
8176,60,14,29,46
8177,60,14,29,46
8178,60,14,29,46
8179,60,14,29,47
8180,60,14,29,47
8181,60,14,29,47
8182,60,14,29,47
8183,60,14,29,47
8184,60,14,29,47
8185,60,14,29,47
8186,60,14,29,47
8187,60,14,29,47
8188,60,14,29,47
8189,60,14,29,47
8190,60,14,29,47
8191,60,14,29,47
8192,60,14,29,47
8193,60,14,29,47
8194,60,14,29,47
8195,60,14,29,47
8196,60,14,29,47
8197,60,14,29,47
8198,60,14,29,47
8199,60,14,29,47
8200,60,14,29,47
8201,60,14,29,47
8202,60,14,29,47
8203,60,14,29,47
8204,60,14,29,47
8205,60,14,29,47
8206,60,14,29,47
8207,60,14,29,47
8208,60,14,29,47
8209,60,14,29,47
8210,60,14,29,47
8211,60,14,29,47
8212,60,14,29,47
8213,60,14,29,47
8214,60,14,29,47
8215,60,14,29,47
8216,60,14,29,47
8217,60,14,29,47
8218,60,14,29,47
8219,60,14,29,47
8220,60,14,29,47
8221,60,14,29,47
8222,60,14,29,47
8223,60,14,29,47
8224,60,14,29,47
8225,60,14,29,47
8226,60,14,29,47
8227,60,14,29,47
8228,60,14,29,47
8229,60,14,29,47
8230,60,14,29,47
8231,60,14,29,47
8232,60,14,29,47
8233,60,14,29,47
8234,60,14,29,47
8235,60,14,29,47
8236,60,14,29,47
8237,60,14,29,47
8238,60,14,29,47
8239,60,14,29,47
8240,60,14,29,47
8241,60,14,29,47
8242,60,14,29,47
8243,60,14,29,47
8244,60,14,29,47
8245,60,14,29,47
8246,60,14,29,47
8247,60,14,29,47
8248,60,14,29,47
8249,60,14,29,47
8250,60,14,29,47
8251,60,14,29,47
8252,60,14,29,47
8253,60,14,29,47
8254,60,14,29,47
8255,60,14,29,47
8256,60,14,29,47
8257,60,14,29,47
8258,60,14,29,47
8259,60,14,29,47
8260,60,14,29,47
8261,60,14,29,47
8262,60,14,29,47
8263,60,14,29,47
8264,60,14,29,47
8265,60,14,29,47
8266,60,14,29,47
8267,60,14,29,47
8268,60,14,29,47
8269,60,14,29,47
8270,60,14,29,47
8271,60,14,29,47
8272,60,14,29,47
8273,60,14,29,47
8274,60,14,29,47
8275,60,14,29,47
8276,60,14,29,47
8277,60,14,29,47
8278,60,14,29,47
8279,60,14,29,47
8280,60,14,29,47
8281,60,14,29,47
8282,60,14,29,47
8283,60,14,29,47
8284,60,14,29,47
8285,60,14,29,47
8286,60,14,29,47
8287,60,14,29,47
8288,60,14,29,47
8289,60,14,29,47
8290,60,14,29,47
8291,60,14,29,47
8292,60,14,29,47
8293,60,14,29,47
8294,60,14,29,47
8295,60,14,29,47
8296,60,14,29,47
8297,60,14,29,47
8298,60,14,29,47
8299,60,14,29,47
8300,60,14,29,47
8301,60,14,29,47
8302,60,14,29,47
8303,60,14,29,47
8304,60,14,29,47
8305,60,14,29,47
8306,60,14,29,47
8307,60,14,29,47
8308,60,14,29,47
8309,60,14,29,47
8310,60,14,29,47
8311,60,14,29,47
8312,60,14,29,47
8313,60,14,29,47
8314,60,14,29,47
8315,60,14,29,47
8316,60,14,29,47
8317,60,14,29,47
8318,60,14,29,47
8319,60,14,29,47
8320,60,14,29,47
8321,60,14,29,47
8322,60,14,29,47
8323,60,14,29,47
8324,60,14,29,47
8325,60,14,29,47
8326,60,14,29,47
8327,60,14,29,47
8328,60,14,29,47
8329,60,14,29,47
8330,60,14,29,47
8331,60,14,29,47
8332,60,14,29,47
8333,60,14,29,47
8334,60,14,29,47
8335,60,14,29,47
8336,60,14,29,47
8337,60,14,29,47
8338,60,14,29,47
8339,60,14,29,47
8340,60,14,29,47
8341,60,14,29,47
8342,60,14,29,47
8343,60,14,29,47
8344,60,14,29,47
8345,60,14,29,47
8346,60,14,29,47
8347,60,14,29,47
8348,60,14,29,47
8349,60,14,29,47
8350,60,14,29,47
8351,60,14,29,47
8352,60,14,29,47
8353,60,14,29,47
8354,60,14,29,47
8355,60,14,29,47
8356,60,14,29,47
8357,60,14,29,47
8358,60,14,29,47
8359,60,14,29,47
8360,60,14,29,47
8361,60,14,29,47
8362,60,14,29,47
8363,60,14,29,47
8364,60,14,29,47
8365,60,14,29,47
8366,60,14,29,47
8367,60,14,29,47
8368,60,14,29,47
8369,60,14,29,47
8370,60,14,29,47
8371,60,14,29,47
8372,60,14,29,47
8373,60,14,29,47
8374,60,14,29,47
8375,60,14,29,47
8376,60,14,29,47
8377,60,14,29,47
8378,60,14,29,47
8379,60,14,29,47
8380,60,14,29,47
8381,60,14,29,47
8382,60,14,29,47
8383,60,14,29,47
8384,60,14,29,47
8385,60,14,29,47
8386,60,14,29,47
8387,60,14,29,47
8388,60,14,29,47
8389,60,14,29,47
8390,60,14,29,47
8391,60,14,29,47
8392,60,14,29,47
8393,60,14,29,47
8394,60,14,29,47
8395,60,14,29,47
8396,60,14,29,47
8397,60,14,29,47
8398,60,14,29,47
8399,60,14,29,47
8400,60,14,29,47
8401,60,14,29,47
8402,60,14,29,47
8403,60,14,29,47
8404,60,14,29,47
8405,60,14,29,47
8406,60,14,29,47
8407,60,14,29,47
8408,60,14,29,47
8409,60,14,29,47
8410,60,14,29,47
8411,60,14,29,47
8412,60,14,29,47
8413,60,14,29,47
8414,60,14,29,47
8415,60,14,29,47
8416,60,14,29,47
8417,60,14,29,47
8418,60,14,29,47
8419,60,14,29,47
8420,60,14,29,47
8421,60,14,29,47
8422,60,14,29,47
8423,60,14,29,47
8424,60,14,29,47
8425,60,14,29,47
8426,60,14,29,47
8427,60,14,29,47
8428,60,14,29,47
8429,60,14,29,47
8430,60,14,29,47
8431,60,14,29,47
8432,60,14,29,47
8433,60,14,29,47
8434,60,14,29,47
8435,60,14,29,47
8436,60,14,29,47
8437,60,14,29,47
8438,60,14,29,47
8439,60,14,29,47
8440,60,14,29,47
8441,60,14,29,47
8442,60,14,29,47
8443,60,14,29,47
8444,60,14,29,47
8445,60,14,29,47
8446,60,14,29,47
8447,60,14,29,47
8448,60,14,29,47
8449,60,14,29,47
8450,60,14,29,47
8451,60,14,29,47
8452,60,14,29,47
8453,60,14,29,47
8454,60,14,29,47
8455,60,14,29,47
8456,60,14,29,47
8457,60,14,29,47
8458,60,14,29,47
8459,60,14,29,47
8460,60,14,29,47
8461,60,14,29,47
8462,60,14,29,47
8463,60,14,29,47
8464,60,14,29,47
8465,60,14,29,47
8466,60,14,29,47
8467,60,14,29,47
8468,60,14,29,47
8469,60,14,29,47
8470,60,14,29,47
8471,60,14,29,47
8472,60,14,29,47
8473,60,14,29,47
8474,60,14,29,47
8475,60,14,29,47
8476,60,14,29,47
8477,60,14,29,47
8478,60,14,29,47
8479,60,14,29,47
8480,60,14,29,47
8481,60,14,29,47
8482,60,14,29,47
8483,60,14,29,47
8484,60,14,29,47
8485,60,14,29,47
8486,60,14,29,47
8487,60,14,29,47
8488,60,14,29,47
8489,60,14,29,47
8490,60,14,29,47
8491,60,14,29,47
8492,60,14,29,47
8493,60,14,29,47
8494,60,14,29,47
8495,60,14,29,47
8496,60,14,29,47
8497,60,14,29,47
8498,60,14,29,47
8499,60,14,29,47
8500,60,14,29,47
8501,60,14,29,47
8502,60,14,29,47
8503,60,14,29,47
8504,60,14,29,47
8505,60,14,29,47
8506,60,14,29,47
8507,60,14,29,47
8508,60,14,29,47
8509,60,14,29,47
8510,60,14,29,47
8511,60,14,29,47
8512,60,14,29,47
8513,60,14,29,47
8514,60,14,29,47
8515,60,14,29,47
8516,60,14,29,47
8517,60,14,29,47
8518,60,14,29,47
8519,60,14,29,47
8520,61,14,30,47
8521,61,14,30,47
8522,61,14,30,47
8523,61,14,30,47
8524,61,14,30,47
8525,61,14,30,47
8526,61,14,30,47
8527,61,14,30,47
8528,61,14,30,47
8529,61,14,30,47
8530,61,14,30,47
8531,61,14,30,47
8532,61,14,30,47
8533,61,14,30,47
8534,61,14,30,47
8535,61,14,30,47
8536,61,14,30,47
8537,61,14,30,47
8538,61,14,30,47
8539,61,14,30,47
8540,61,14,30,47
8541,61,14,30,47
8542,61,14,30,47
8543,61,14,30,47
8544,61,14,30,47
8545,61,14,30,47
8546,61,14,30,47
8547,61,14,30,47
8548,61,14,30,47
8549,61,14,30,47
8550,61,14,30,47
8551,61,14,30,47
8552,61,14,30,47
8553,61,14,30,47
8554,61,14,30,47
8555,61,14,30,47
8556,63,14,31,47
8557,63,14,31,47
8558,63,14,31,47
8559,63,14,31,47
8560,63,14,31,47
8561,63,14,31,47
8562,63,14,31,47
8563,63,14,31,47
8564,63,14,31,47
8565,63,14,31,47
8566,63,14,31,47
8567,63,14,31,47
8568,63,14,31,47
8569,63,14,31,47
8570,63,14,31,47
8571,63,14,31,47
8572,63,14,31,47
8573,63,14,31,47
8574,63,14,31,47
8575,63,14,31,47
8576,63,14,31,47
8577,63,14,31,47
8578,63,14,31,47
8579,63,14,31,47
8580,63,14,31,47
8581,63,14,31,47
8582,63,14,31,47
8583,63,14,31,47
8584,63,14,31,47
8585,63,14,31,47
8586,63,14,31,47
8587,63,14,31,47
8588,63,14,31,47
8589,63,14,31,47
8590,63,14,31,47
8591,63,14,31,47
8592,63,14,31,47
8593,63,14,31,47
8594,63,14,31,47
8595,63,14,31,47
8596,63,14,31,47
8597,63,14,31,47
8598,63,14,31,47
8599,63,14,31,47
8600,63,14,31,47
8601,63,14,31,47
8602,63,14,31,47
8603,63,14,31,47
8604,63,14,31,47
8605,63,14,31,47
8606,63,14,31,47
8607,63,14,31,47
8608,63,14,31,47
8609,63,14,31,47
8610,63,14,31,47
8611,63,14,31,47
8612,63,14,31,47
8613,63,14,31,47
8614,63,14,31,47
8615,63,14,31,47
8616,63,14,31,47
8617,63,14,31,47
8618,63,14,31,47
8619,63,14,31,47
8620,63,14,31,47
8621,63,14,31,47
8622,63,14,31,47
8623,63,14,31,47
8624,63,14,31,47
8625,63,14,31,47
8626,63,14,31,47
8627,63,14,31,47
8628,63,14,31,47
8629,63,14,31,47
8630,63,14,31,47
8631,63,14,31,47
8632,63,14,31,47
8633,63,14,31,47
8634,63,14,31,47
8635,63,14,31,47
8636,63,14,31,47
8637,63,14,31,47
8638,63,14,31,47
8639,63,14,31,47
8640,63,14,31,47
8641,63,14,31,47
8642,63,14,31,47
8643,63,14,31,47
8644,63,14,31,47
8645,63,14,31,47
8646,63,14,31,47
8647,63,14,31,47
8648,63,14,31,47
8649,63,14,31,47
8650,63,14,31,47
8651,63,14,31,47
8652,63,14,31,47
8653,63,14,31,47
8654,63,14,31,47
8655,63,14,31,47
8656,63,14,31,47
8657,63,14,31,47
8658,63,14,31,47
8659,63,14,31,47
8660,63,14,31,47
8661,63,14,31,47
8662,63,14,31,47
8663,63,14,31,47
8664,63,14,31,47
8665,63,14,31,47
8666,63,14,31,47
8667,63,14,31,47
8668,63,14,31,47
8669,63,14,31,47
8670,63,14,31,47
8671,63,14,31,47
8672,63,14,31,47
8673,63,14,31,47
8674,63,14,31,47
8675,63,14,31,47
8676,63,14,31,47
8677,63,14,31,47
8678,63,14,31,47
8679,63,14,31,47
8680,63,14,31,47
8681,63,14,31,47
8682,63,14,31,47
8683,63,14,31,47
8684,63,14,31,47
8685,63,14,31,47
8686,63,14,31,47
8687,63,14,31,47
8688,63,14,31,47
8689,63,14,31,47
8690,63,14,31,47
8691,63,14,31,47
8692,63,14,31,47
8693,63,14,31,47
8694,63,14,31,47
8695,63,14,31,47
8696,63,14,31,47
8697,63,14,31,47
8698,63,14,31,47
8699,63,14,31,47
8700,63,14,31,47
8701,63,14,31,47
8702,63,14,31,47
8703,63,14,31,47
8704,63,14,31,47
8705,63,14,31,47
8706,63,14,31,47
8707,63,14,31,47
8708,63,14,31,47
8709,63,14,31,47
8710,63,14,31,47
8711,63,14,31,47
8712,63,14,31,47
8713,63,14,31,47
8714,63,14,31,47
8715,63,14,31,47
8716,63,14,31,47
8717,63,14,31,47
8718,63,14,31,47
8719,63,14,31,47
8720,63,14,31,47
8721,63,14,31,47
8722,63,14,31,47
8723,63,14,31,47
8724,63,14,31,47
8725,63,14,31,47
8726,63,14,31,47
8727,63,14,31,47
8728,63,14,31,47
8729,63,14,31,47
8730,63,14,31,47
8731,63,14,31,47
8732,63,14,31,47
8733,63,14,31,47
8734,63,14,31,47
8735,63,14,31,47
8736,63,14,31,47
8737,63,14,31,47
8738,63,14,31,47
8739,63,14,31,47
8740,63,14,31,47
8741,63,14,31,47
8742,63,14,31,47
8743,63,14,31,47
8744,63,14,31,47
8745,63,14,31,47
8746,63,14,31,47
8747,63,14,31,47
8748,63,14,31,47
8749,63,14,31,47
8750,63,14,31,47
8751,63,14,31,47
8752,63,14,31,47
8753,63,14,31,47
8754,63,14,31,47
8755,63,14,31,47
8756,63,14,31,47
8757,63,14,31,47
8758,63,14,31,47
8759,63,14,31,47
8760,63,14,31,47
8761,63,14,31,47
8762,63,14,31,47
8763,63,14,31,47
8764,63,14,31,47
8765,63,14,31,47
8766,63,14,31,47
8767,63,14,31,47
8768,63,14,31,47
8769,63,14,31,47
8770,63,14,31,47
8771,63,14,31,47
8772,63,14,31,47
8773,63,14,31,47
8774,63,14,31,47
8775,63,14,31,47
8776,63,14,31,47
8777,63,14,31,47
8778,63,14,31,47
8779,63,14,31,47
8780,63,14,31,47
8781,63,14,31,47
8782,63,14,31,47
8783,63,14,31,47
8784,63,14,31,47
8785,63,14,31,47
8786,63,14,31,47
8787,63,14,31,47
8788,63,14,31,47
8789,63,14,31,47
8790,63,14,31,47
8791,63,14,31,47
8792,63,14,31,47
8793,63,14,31,47
8794,63,14,31,47
8795,63,14,31,47
8796,63,14,31,47
8797,63,14,31,47
8798,63,14,31,47
8799,63,14,31,47
8800,63,14,31,47
8801,63,14,31,47
8802,63,14,31,47
8803,63,14,31,47
8804,63,14,31,47
8805,63,14,31,47
8806,63,14,31,47
8807,63,14,31,47
8808,63,14,31,47
8809,63,14,31,47
8810,63,14,31,47
8811,63,14,31,47
8812,63,14,31,47
8813,63,14,31,47
8814,63,14,31,47
8815,63,14,31,47
8816,63,14,31,47
8817,63,14,31,47
8818,63,14,31,47
8819,63,14,31,47
8820,63,14,31,47
8821,63,14,31,47
8822,63,14,31,47
8823,63,14,31,47
8824,63,14,31,47
8825,63,14,31,47
8826,63,14,31,47
8827,63,14,31,47
8828,63,14,31,47
8829,63,14,31,47
8830,63,14,31,47
8831,63,14,31,47
8832,63,14,31,47
8833,63,14,31,47
8834,63,14,31,47
8835,63,14,31,47
8836,63,14,31,47
8837,63,14,31,47
8838,63,14,31,47
8839,63,14,31,47
8840,63,14,31,47
8841,63,14,31,47
8842,63,14,31,47
8843,63,14,31,47
8844,63,14,31,47
8845,63,14,31,47
8846,63,14,31,47
8847,63,14,31,47
8848,63,14,31,47
8849,63,14,31,47
8850,63,14,31,47
8851,63,14,31,47
8852,63,14,31,47
8853,63,14,31,47
8854,63,14,31,47
8855,63,14,31,47
8856,63,14,31,47
8857,63,14,31,47
8858,63,14,31,47
8859,63,14,31,47
8860,63,14,31,47
8861,63,14,31,47
8862,63,14,31,47
8863,63,14,31,47
8864,63,14,31,47
8865,63,14,31,47
8866,63,14,31,47
8867,63,14,31,47
8868,63,14,31,47
8869,63,14,31,47
8870,63,14,31,47
8871,63,14,31,47
8872,63,14,31,47
8873,63,14,31,47
8874,63,14,31,47
8875,63,14,31,47
8876,63,14,31,47
8877,63,14,31,47
8878,63,14,31,47
8879,63,14,31,47
8880,63,14,31,47
8881,63,14,31,47
8882,63,14,31,47
8883,63,14,31,47
8884,63,14,31,47
8885,63,14,31,47
8886,63,14,31,47
8887,63,14,31,47
8888,63,14,31,47
8889,63,14,31,47
8890,63,14,31,47
8891,63,14,31,47
8892,63,14,31,47
8893,63,14,31,47
8894,63,14,31,47
8895,63,14,31,47
8896,63,14,31,47
8897,63,14,31,47
8898,63,14,31,47
8899,63,14,31,47
8900,63,14,31,47
8901,63,14,31,47
8902,63,14,31,47
8903,63,14,31,47
8904,63,14,31,47
8905,63,14,31,47
8906,63,14,31,47
8907,63,14,31,47
8908,63,14,31,47
8909,63,14,31,47
8910,63,14,31,47
8911,63,14,31,47
8912,63,14,31,47
8913,63,14,31,47
8914,63,14,31,47
8915,63,14,31,47
8916,63,14,31,47
8917,63,14,31,47
8918,63,14,31,47
8919,63,14,31,47
8920,63,14,31,47
8921,63,14,31,47
8922,63,14,31,47
8923,63,14,31,47
8924,63,14,31,47
8925,63,14,31,47
8926,63,14,31,47
8927,63,14,31,47
8928,63,14,31,47
8929,63,14,31,47
8930,63,14,31,47
8931,63,14,31,47
8932,63,14,31,47
8933,63,14,31,47
8934,63,14,31,47
8935,63,14,31,47
8936,63,14,31,47
8937,63,14,31,47
8938,63,14,31,47
8939,63,14,31,47
8940,63,14,31,47
8941,63,14,31,47
8942,63,14,31,47
8943,63,14,31,47
8944,63,14,31,47
8945,63,14,31,47
8946,63,14,31,47
8947,63,14,31,47
8948,63,14,31,47
8949,63,14,31,47
8950,63,14,31,47
8951,63,14,31,47
8952,63,14,31,47
8953,63,14,31,47
8954,63,14,31,47
8955,63,14,31,47
8956,63,14,31,47
8957,63,14,31,47
8958,63,14,31,47
8959,63,14,31,47
8960,63,14,31,47
8961,63,14,31,47
8962,63,14,31,47
8963,63,14,31,47
8964,63,14,31,47
8965,63,14,31,47
8966,63,14,31,47
8967,63,14,31,47
8968,63,14,31,47
8969,63,14,31,47
8970,63,14,31,47
8971,63,14,31,47
8972,63,14,31,47
8973,63,14,31,47
8974,63,14,31,47
8975,63,14,31,47
8976,63,14,31,47
8977,63,14,31,47
8978,63,14,31,47
8979,63,14,31,47
8980,63,14,31,47
8981,63,14,31,47
8982,63,14,31,47
8983,63,14,31,47
8984,63,14,31,47
8985,63,14,31,47
8986,63,14,31,47
8987,63,14,31,47
8988,63,14,31,47
8989,63,14,31,47
8990,63,14,31,47
8991,63,14,31,47
8992,63,14,31,47
8993,63,14,31,47
8994,63,14,31,47
8995,63,14,31,47
8996,63,14,31,47
8997,63,14,31,47
8998,63,14,31,47
8999,63,14,31,47
9000,63,14,31,47
9001,63,14,31,47
9002,63,14,31,47
9003,63,14,31,47
9004,63,14,31,47
9005,63,14,31,47
9006,63,14,31,47
9007,63,14,31,47
9008,63,14,31,47
9009,63,14,31,47
9010,63,14,31,47
9011,63,14,31,47
9012,63,14,31,47
9013,63,14,31,47
9014,63,14,31,47
9015,63,14,31,47
9016,63,14,31,47
9017,63,14,31,47
9018,63,14,31,47
9019,63,14,31,47
9020,63,14,31,47
9021,63,14,31,47
9022,63,14,31,47
9023,63,14,31,47
9024,63,14,31,47
9025,63,14,31,47
9026,63,14,31,47
9027,63,14,31,47
9028,63,14,31,47
9029,63,14,31,47
9030,63,14,31,47
9031,63,14,31,47
9032,63,14,31,47
9033,63,14,31,47
9034,63,14,31,47
9035,63,14,31,47
9036,63,14,31,47
9037,63,14,31,47
9038,63,14,31,47
9039,63,14,31,47
9040,63,14,31,47
9041,63,14,31,47
9042,63,14,31,47
9043,63,14,31,47
9044,63,14,31,47
9045,63,14,31,47
9046,63,14,31,47
9047,63,14,31,47
9048,63,14,31,47
9049,63,14,31,47
9050,63,14,31,47
9051,63,14,31,47
9052,63,14,31,47
9053,63,14,31,47
9054,63,14,31,47
9055,63,14,31,47
9056,63,14,31,47
9057,63,14,31,47
9058,63,14,31,47
9059,63,14,31,47
9060,63,14,31,47
9061,63,14,31,47
9062,63,14,31,47
9063,63,14,31,47
9064,63,14,31,47
9065,63,14,31,47
9066,63,14,31,47
9067,63,14,31,47
9068,63,14,31,47
9069,63,14,31,47
9070,63,14,31,48
9071,63,14,31,48
9072,63,14,31,48
9073,63,14,31,48
9074,63,14,31,48
9075,63,14,31,48
9076,63,14,31,48
9077,63,14,31,48
9078,63,14,31,48
9079,63,14,31,48
9080,63,14,31,48
9081,63,14,31,48
9082,63,14,31,48
9083,63,14,31,48
9084,63,14,31,48
9085,63,14,31,48
9086,63,14,31,48
9087,63,14,31,48
9088,63,14,31,48
9089,63,14,31,48
9090,63,14,31,48
9091,63,14,31,48
9092,63,14,31,48
9093,63,14,31,48
9094,63,14,31,48
9095,63,14,31,48
9096,63,14,31,48
9097,63,14,31,48
9098,63,14,31,48
9099,63,14,31,48
9100,63,14,31,48
9101,63,14,31,48
9102,63,14,31,48
9103,63,14,31,48
9104,63,14,31,48
9105,63,14,31,48
9106,63,14,31,48
9107,63,14,31,48
9108,63,14,31,48
9109,63,14,31,48
9110,63,14,31,48
9111,63,14,31,48
9112,63,14,31,48
9113,63,14,31,48
9114,63,14,31,48
9115,63,14,31,48
9116,63,14,31,48
9117,63,14,31,48
9118,63,14,31,48
9119,63,14,31,48
9120,63,14,31,48
9121,63,14,31,48
9122,63,14,31,48
9123,63,14,31,48
9124,63,14,31,48
9125,63,14,31,48
9126,63,14,31,48
9127,63,14,31,48
9128,63,14,31,48
9129,63,14,31,48
9130,63,14,31,48
9131,63,14,31,48
9132,63,14,31,48
9133,63,14,31,48
9134,63,14,31,48
9135,63,14,31,48
9136,63,14,31,48
9137,63,14,31,48
9138,63,14,31,48
9139,63,14,31,48
9140,63,14,31,48
9141,63,14,31,48
9142,63,14,31,48
9143,63,14,31,48
9144,63,14,31,48
9145,63,14,31,48
9146,63,14,31,48
9147,63,14,31,48
9148,63,14,31,48
9149,63,14,31,48
9150,63,14,31,48
9151,63,14,31,48
9152,63,14,31,48
9153,63,14,31,48
9154,63,14,31,48
9155,63,14,31,48
9156,63,14,31,48
9157,63,14,31,48
9158,63,14,31,48
9159,63,14,31,48
9160,63,14,31,48
9161,63,14,31,48
9162,63,14,31,48
9163,63,14,31,48
9164,63,14,31,48
9165,63,14,31,48
9166,63,14,31,48
9167,63,14,31,48
9168,63,14,31,48
9169,63,14,31,48
9170,63,14,31,48
9171,63,14,31,48
9172,63,14,31,48
9173,63,14,31,48
9174,63,14,31,48
9175,63,14,31,48
9176,63,14,31,48
9177,63,14,31,48
9178,63,14,31,48
9179,63,14,31,48
9180,63,14,31,48
9181,63,14,31,48
9182,63,14,31,48
9183,63,14,31,48
9184,63,14,31,48
9185,63,14,31,48
9186,63,14,31,48
9187,63,14,31,48
9188,63,14,31,48
9189,63,14,31,48
9190,63,14,31,48
9191,63,14,31,48
9192,63,14,31,48
9193,63,14,31,48
9194,63,14,31,48
9195,63,14,31,48
9196,63,14,31,48
9197,63,14,31,48
9198,63,14,31,48
9199,63,14,31,48
9200,63,14,31,48
9201,63,14,31,48
9202,63,14,31,48
9203,63,14,31,48
9204,63,14,31,48
9205,63,14,31,48
9206,63,14,31,48
9207,63,14,31,48
9208,63,14,31,48
9209,63,14,31,48
9210,63,14,31,48
9211,63,14,31,48
9212,63,14,31,48
9213,63,14,31,48
9214,63,14,31,48
9215,63,14,31,48
9216,63,14,31,48
9217,63,14,31,48
9218,63,14,31,48
9219,63,14,31,48
9220,63,14,31,48
9221,63,14,31,48
9222,63,14,31,48
9223,63,14,31,48
9224,63,14,31,48
9225,63,14,31,48
9226,63,14,31,48
9227,63,14,31,48
9228,63,14,31,48
9229,63,14,31,48
9230,63,14,31,48
9231,63,14,31,48
9232,63,14,31,48
9233,63,14,31,48
9234,63,14,31,48
9235,63,14,31,48
9236,63,14,31,48
9237,63,14,31,48
9238,63,14,31,48
9239,63,14,31,48
9240,63,14,31,48
9241,63,14,31,48
9242,63,14,31,48
9243,63,14,31,48
9244,63,14,31,48
9245,63,14,31,48
9246,63,14,31,48
9247,63,14,31,48
9248,63,14,31,48
9249,63,14,31,48
9250,63,14,31,48
9251,63,14,31,48
9252,63,14,31,48
9253,63,14,31,48
9254,63,14,31,48
9255,63,14,31,48
9256,63,14,31,48
9257,63,14,31,48
9258,63,14,31,48
9259,63,14,31,48
9260,63,14,31,48
9261,63,14,31,48
9262,63,14,31,48
9263,63,14,31,48
9264,63,14,31,48
9265,63,14,31,48
9266,63,14,31,48
9267,63,14,31,48
9268,63,14,31,48
9269,63,14,31,48
9270,63,14,31,48
9271,63,14,31,48
9272,63,14,31,48
9273,63,14,31,48
9274,63,14,31,48
9275,63,14,31,48
9276,63,14,31,48
9277,63,14,31,48
9278,63,14,31,48
9279,63,14,31,48
9280,63,14,31,48
9281,63,14,31,48
9282,63,14,31,48
9283,63,14,31,48
9284,63,14,31,48
9285,63,14,31,48
9286,63,14,31,48
9287,63,14,31,48
9288,63,14,31,48
9289,63,14,31,48
9290,63,14,31,48
9291,63,14,31,48
9292,63,14,31,48
9293,63,14,31,48
9294,63,14,31,48
9295,63,14,31,48
9296,63,14,31,48
9297,63,14,31,48
9298,63,14,31,48
9299,63,14,31,48
9300,63,14,31,48
9301,63,14,31,48
9302,63,14,31,48
9303,63,14,31,48
9304,63,14,31,48
9305,63,14,31,48
9306,63,14,31,48
9307,63,14,31,48
9308,63,14,31,48
9309,63,14,31,48
9310,63,14,31,48
9311,63,14,31,48
9312,63,14,31,48
9313,63,14,31,48
9314,63,14,31,48
9315,63,14,31,48
9316,63,14,31,48
9317,63,14,31,48
9318,63,14,31,48
9319,63,14,31,48
9320,63,14,31,48
9321,63,14,31,48
9322,63,14,31,48
9323,63,14,31,48
9324,63,14,31,48
9325,63,14,31,48
9326,63,14,31,48
9327,63,14,31,48
9328,63,14,31,48
9329,63,14,31,48
9330,63,14,31,48
9331,63,14,31,48
9332,63,14,31,48
9333,63,14,31,48
9334,63,14,31,48
9335,63,14,31,48
9336,63,14,31,48
9337,63,14,31,48
9338,63,14,31,48
9339,63,14,31,48
9340,63,14,31,48
9341,63,14,31,48
9342,63,14,31,48
9343,63,14,31,48
9344,63,14,31,48
9345,63,14,31,48
9346,63,14,31,48
9347,63,14,31,48
9348,63,14,31,48
9349,63,14,31,48
9350,63,14,31,48
9351,63,14,31,48
9352,63,14,31,48
9353,63,14,31,48
9354,63,14,31,48
9355,63,14,31,48
9356,63,14,31,48
9357,63,14,31,48
9358,63,14,31,48
9359,63,14,31,48
9360,63,14,31,48
9361,63,14,31,48
9362,63,14,31,48
9363,63,14,31,48
9364,63,14,31,48
9365,63,14,31,48
9366,63,14,31,48
9367,63,14,31,48
9368,63,14,31,48
9369,63,14,31,48
9370,63,14,31,48
9371,63,14,31,48
9372,63,14,31,48
9373,63,14,31,48
9374,63,14,31,48
9375,63,14,31,48
9376,63,14,31,48
9377,63,14,31,48
9378,63,14,31,48
9379,63,14,31,48
9380,63,14,31,48
9381,63,14,31,48
9382,63,14,31,48
9383,63,14,31,48
9384,63,14,31,48
9385,63,14,31,48
9386,63,14,31,48
9387,63,14,31,48
9388,63,14,31,48
9389,63,14,31,48
9390,63,14,31,48
9391,63,14,31,48
9392,63,14,31,48
9393,63,14,31,48
9394,63,14,31,48
9395,63,14,31,48
9396,63,14,31,48
9397,63,14,31,48
9398,63,14,31,48
9399,63,14,31,48
9400,63,14,31,48
9401,63,14,31,48
9402,63,14,31,48
9403,63,14,31,48
9404,63,14,31,48
9405,63,14,31,48
9406,63,14,31,48
9407,63,14,31,48
9408,63,14,31,48
9409,63,14,31,48
9410,63,14,31,48
9411,63,14,31,48
9412,63,14,31,48
9413,63,14,31,48
9414,63,14,31,48
9415,63,14,31,48
9416,63,14,31,48
9417,63,14,31,48
9418,63,14,31,48
9419,63,14,31,48
9420,63,14,31,48
9421,63,14,31,48
9422,63,14,31,48
9423,63,14,31,48
9424,63,14,31,48
9425,63,14,31,48
9426,63,14,31,48
9427,63,14,31,48
9428,63,14,31,48
9429,63,14,31,48
9430,63,14,31,48
9431,63,14,31,48
9432,63,14,31,48
9433,63,14,31,48
9434,63,14,31,48
9435,63,14,31,48
9436,63,14,31,48
9437,63,14,31,48
9438,63,14,31,48
9439,63,14,31,48
9440,63,14,31,48
9441,63,14,31,48
9442,63,14,31,48
9443,63,14,31,48
9444,63,14,31,48
9445,63,14,31,48
9446,63,14,31,48
9447,63,14,31,48
9448,63,14,31,48
9449,63,14,31,48
9450,63,14,31,48
9451,63,14,31,48
9452,63,14,31,48
9453,63,14,31,48
9454,63,14,31,48
9455,63,14,31,48
9456,63,14,31,48
9457,63,14,31,48
9458,63,14,31,48
9459,63,14,31,48
9460,63,14,31,48
9461,63,14,31,48
9462,63,14,31,48
9463,63,14,31,48
9464,63,14,31,48
9465,63,14,31,48
9466,63,14,31,48
9467,63,14,31,48
9468,63,14,31,48
9469,63,14,31,48
9470,63,14,31,48
9471,63,14,31,48
9472,63,14,31,48
9473,63,14,31,48
9474,63,14,31,48
9475,63,14,31,48
9476,63,14,31,48
9477,63,14,31,48
9478,63,14,31,48
9479,63,14,31,48
9480,63,14,31,48
9481,63,14,31,48
9482,63,14,31,48
9483,63,14,31,48
9484,63,14,31,48
9485,63,14,31,48
9486,63,14,31,48
9487,63,14,31,48
9488,63,14,31,48
9489,63,14,31,48
9490,63,14,31,48
9491,63,14,31,48
9492,63,14,31,48
9493,63,14,31,48
9494,63,14,31,48
9495,63,14,31,48
9496,63,14,31,48
9497,63,14,31,48
9498,63,14,31,48
9499,63,14,31,48
9500,63,14,31,48
9501,63,14,31,48
9502,63,14,31,48
9503,63,14,31,48
9504,63,14,31,48
9505,63,14,31,48
9506,63,14,31,48
9507,63,14,31,48
9508,63,14,31,48
9509,63,14,31,48
9510,63,14,31,48
9511,63,14,31,48
9512,63,14,31,48
9513,63,14,31,48
9514,63,14,31,48
9515,63,14,31,48
9516,63,14,31,48
9517,63,14,31,48
9518,63,14,31,48
9519,63,14,31,48
9520,63,14,31,48
9521,63,14,31,48
9522,63,14,31,48
9523,63,14,31,48
9524,63,14,31,48
9525,63,14,31,48
9526,63,14,31,48
9527,63,14,31,48
9528,63,14,31,48
9529,63,14,31,48
9530,63,14,31,48
9531,63,14,31,48
9532,63,14,31,48
9533,63,14,31,48
9534,63,14,31,48
9535,63,14,31,48
9536,63,14,31,48
9537,63,14,31,48
9538,63,14,31,48
9539,63,14,31,48
9540,63,14,31,48
9541,63,14,31,48
9542,63,14,31,48
9543,63,14,31,48
9544,63,14,31,48
9545,63,14,31,48
9546,63,14,31,48
9547,63,14,31,48
9548,63,14,31,48
9549,63,14,31,48
9550,63,14,31,48
9551,63,14,31,48
9552,63,14,31,48
9553,63,14,31,48
9554,63,14,31,48
9555,63,14,31,48
9556,63,14,31,48
9557,63,14,31,48
9558,63,14,31,48
9559,63,14,31,48
9560,63,14,31,48
9561,63,14,31,48
9562,63,14,31,48
9563,63,14,31,48
9564,63,14,31,48
9565,63,14,31,48
9566,63,14,31,48
9567,63,14,31,48
9568,63,14,31,48
9569,63,14,31,48
9570,63,14,31,48
9571,63,14,31,48
9572,63,14,31,48
9573,63,14,31,48
9574,63,14,31,48
9575,63,14,31,48
9576,63,14,31,48
9577,63,14,31,48
9578,63,14,31,48
9579,63,14,31,48
9580,63,14,31,48
9581,63,14,31,48
9582,63,14,31,48
9583,63,14,31,48
9584,63,14,31,48
9585,63,14,31,48
9586,63,14,31,48
9587,63,14,31,48
9588,63,14,31,48
9589,63,14,31,48
9590,63,14,31,48
9591,63,14,31,48
9592,63,14,31,48
9593,63,14,31,48
9594,63,14,31,48
9595,63,14,31,48
9596,63,14,31,48
9597,63,14,31,48
9598,63,14,31,48
9599,63,14,31,48
9600,63,14,31,48
9601,63,14,31,48
9602,63,14,31,48
9603,63,14,31,48
9604,63,14,31,48
9605,63,14,31,48
9606,63,14,31,48
9607,63,14,31,48
9608,63,14,31,48
9609,63,14,31,48
9610,63,14,31,48
9611,63,14,31,48
9612,63,14,31,48
9613,63,14,31,48
9614,63,14,31,48
9615,63,14,31,48
9616,63,14,31,48
9617,63,14,31,48
9618,63,14,31,48
9619,63,14,31,48
9620,63,14,31,48
9621,63,14,31,48
9622,63,14,31,48
9623,63,14,31,48
9624,63,14,31,48
9625,63,14,31,48
9626,63,14,31,48
9627,63,14,31,48
9628,63,14,31,48
9629,63,14,31,48
9630,63,14,31,48
9631,63,14,31,48
9632,63,14,31,48
9633,63,14,31,48
9634,63,14,31,48
9635,63,14,31,48
9636,63,14,31,48
9637,63,14,31,48
9638,63,14,31,48
9639,63,14,31,48
9640,63,14,31,48
9641,63,14,31,48
9642,63,14,31,48
9643,63,14,31,48
9644,63,14,31,48
9645,63,14,31,48
9646,63,14,31,48
9647,63,14,31,48
9648,63,14,31,48
9649,63,14,31,48
9650,63,14,31,48
9651,63,14,31,48
9652,63,14,31,48
9653,63,14,31,48
9654,63,14,31,48
9655,63,14,31,48
9656,63,14,31,48
9657,63,14,31,48
9658,63,14,31,48
9659,63,14,31,48
9660,63,14,31,48
9661,63,14,31,48
9662,63,14,31,48
9663,63,14,31,48
9664,63,14,31,48
9665,63,14,31,48
9666,63,14,31,48
9667,63,14,31,48
9668,63,14,31,48
9669,63,14,31,48
9670,63,14,31,48
9671,63,14,31,48
9672,63,14,31,48
9673,63,14,31,48
9674,63,14,31,48
9675,63,14,31,48
9676,63,14,31,48
9677,63,14,31,48
9678,63,14,31,48
9679,63,14,31,48
9680,63,14,31,48
9681,63,14,31,48
9682,63,14,31,48
9683,63,14,31,48
9684,63,14,31,48
9685,63,14,31,48
9686,63,14,31,48
9687,63,14,31,48
9688,63,14,31,48
9689,63,14,31,48
9690,63,14,31,48
9691,63,14,31,48
9692,63,14,31,48
9693,63,14,31,48
9694,63,14,31,48
9695,63,14,31,48
9696,63,14,31,48
9697,63,14,31,48
9698,63,14,31,48
9699,63,14,31,48
9700,63,14,31,48
9701,63,14,31,48
9702,63,14,31,48
9703,63,14,31,48
9704,63,14,31,48
9705,63,14,31,48
9706,63,14,31,48
9707,63,14,31,48
9708,63,14,31,48
9709,63,14,31,48
9710,63,14,31,48
9711,63,14,31,48
9712,63,14,31,48
9713,63,14,31,48
9714,63,14,31,48
9715,63,14,31,48
9716,63,14,31,48
9717,63,14,31,48
9718,63,14,31,48
9719,63,14,31,48
9720,63,14,31,48
9721,63,14,31,48
9722,63,14,31,48
9723,63,14,31,48
9724,63,14,31,48
9725,63,14,31,48
9726,63,14,31,48
9727,63,14,31,48
9728,63,14,31,48
9729,63,14,31,48
9730,63,14,31,48
9731,63,14,31,48
9732,63,14,31,48
9733,63,14,31,48
9734,63,14,31,48
9735,63,14,31,48
9736,63,14,31,48
9737,63,14,31,48
9738,63,14,31,48
9739,63,14,31,48
9740,63,14,31,48
9741,63,14,31,48
9742,63,14,31,48
9743,63,14,31,48
9744,63,14,31,48
9745,63,14,31,48
9746,63,14,31,48
9747,63,14,31,48
9748,63,14,31,48
9749,63,14,31,48
9750,63,14,31,48
9751,63,14,31,48
9752,63,14,31,48
9753,63,14,31,48
9754,63,14,31,48
9755,63,14,31,48
9756,63,14,31,48
9757,63,14,31,48
9758,63,14,31,48
9759,63,14,31,48
9760,63,14,31,48
9761,63,14,31,48
9762,63,14,31,48
9763,63,14,31,48
9764,63,14,31,48
9765,63,14,31,48
9766,63,14,31,48
9767,63,14,31,48
9768,63,14,31,48
9769,63,14,31,48
9770,63,14,31,48
9771,63,14,31,48
9772,63,14,31,48
9773,63,14,31,48
9774,63,14,31,48
9775,63,14,31,48
9776,63,14,31,48
9777,63,14,31,48
9778,63,14,31,48
9779,63,14,31,48
9780,63,14,31,48
9781,63,14,31,49
9782,63,14,31,49
9783,63,14,31,49
9784,63,14,31,49
9785,63,14,31,49
9786,63,14,31,49
9787,63,14,31,49
9788,63,14,31,49
9789,63,14,31,49
9790,63,14,31,49
9791,63,14,31,49
9792,63,14,31,49
9793,63,14,31,49
9794,63,14,31,49
9795,63,14,31,49
9796,63,14,31,49
9797,63,14,31,49
9798,63,14,31,49
9799,63,14,31,49
9800,63,14,31,49
9801,63,14,31,49
9802,63,14,31,49
9803,63,14,31,49
9804,63,14,31,49
9805,63,14,31,49
9806,63,14,31,49
9807,63,14,31,49
9808,63,14,31,49
9809,63,14,31,49
9810,63,14,31,49
9811,63,14,31,49
9812,63,14,31,49
9813,63,14,31,49
9814,63,14,31,49
9815,63,14,31,49
9816,63,14,31,49
9817,63,14,31,49
9818,63,14,31,49
9819,63,14,31,49
9820,63,14,31,49
9821,63,14,31,49
9822,63,14,31,49
9823,63,14,31,49
9824,63,14,31,49
9825,63,14,31,49
9826,63,14,31,49
9827,63,14,31,49
9828,63,14,31,49
9829,63,14,31,49
9830,63,14,31,49
9831,63,14,31,49
9832,63,14,31,49
9833,63,14,31,49
9834,63,14,31,49
9835,63,14,31,49
9836,63,14,31,49
9837,63,14,31,49
9838,63,14,31,49
9839,63,14,31,49
9840,63,14,31,49
9841,63,14,31,49
9842,63,14,31,49
9843,63,14,31,49
9844,63,14,31,49
9845,63,14,31,49
9846,63,14,31,49
9847,63,14,31,49
9848,63,14,31,49
9849,63,14,31,49
9850,63,14,31,49
9851,63,14,31,49
9852,63,14,31,49
9853,63,14,31,49
9854,63,14,31,49
9855,63,14,31,49
9856,63,14,31,49
9857,63,14,31,49
9858,63,14,31,49
9859,63,14,31,49
9860,63,14,31,49
9861,63,14,31,49
9862,63,14,31,49
9863,63,14,31,49
9864,63,14,31,49
9865,63,14,31,49
9866,63,14,31,49
9867,63,14,31,49
9868,63,14,31,49
9869,63,14,31,49
9870,63,14,31,49
9871,63,14,31,49
9872,63,14,31,49
9873,63,14,31,49
9874,63,14,31,49
9875,63,14,31,49
9876,63,14,31,49
9877,63,14,31,49
9878,63,14,31,49
9879,63,14,31,49
9880,63,14,31,49
9881,63,14,31,49
9882,63,14,31,49
9883,63,14,31,49
9884,63,14,31,49
9885,63,14,31,49
9886,63,14,31,49
9887,63,14,31,49
9888,63,14,31,49
9889,63,14,31,49
9890,63,14,31,49
9891,63,14,31,49
9892,63,14,31,49
9893,63,14,31,49
9894,63,14,31,49
9895,63,14,31,49
9896,63,14,31,49
9897,63,14,31,49
9898,63,14,31,49
9899,63,14,31,49
9900,63,14,31,49
9901,63,14,31,49
9902,63,14,31,49
9903,63,14,31,49
9904,63,14,31,49
9905,63,14,31,49
9906,63,14,31,49
9907,63,14,31,49
9908,63,14,31,49
9909,63,14,31,49
9910,63,14,31,49
9911,63,14,31,49
9912,63,14,31,49
9913,63,14,31,49
9914,63,14,31,49
9915,63,14,31,49
9916,63,14,31,49
9917,63,14,31,49
9918,63,14,31,49
9919,63,14,31,49
9920,63,14,31,49
9921,63,14,31,49
9922,63,14,31,49
9923,63,14,31,49
9924,63,14,31,49
9925,63,14,31,49
9926,63,14,31,49
9927,63,14,31,49
9928,63,14,31,49
9929,63,14,31,49
9930,63,14,31,49
9931,63,14,31,49
9932,63,14,31,49
9933,63,14,31,49
9934,63,14,31,49
9935,63,14,31,49
9936,63,14,31,49
9937,63,14,31,49
9938,63,14,31,49
9939,63,14,31,49
9940,63,14,31,49
9941,63,14,31,49
9942,63,14,31,49
9943,63,14,31,49
9944,63,14,31,49
9945,63,14,31,49
9946,63,14,31,49
9947,63,14,31,49
9948,63,14,31,49
9949,63,14,31,49
9950,63,14,31,49
9951,63,14,31,49
9952,63,14,31,49
9953,63,14,31,49
9954,63,14,31,49
9955,63,14,31,49
9956,63,14,31,49
9957,63,14,31,49
9958,63,14,31,49
9959,63,14,31,49
9960,63,14,31,49
9961,63,14,31,49
9962,63,14,31,49
9963,63,14,31,49
9964,63,14,31,49
9965,63,14,31,49
9966,63,14,31,49
9967,63,14,31,49
9968,63,14,31,49
9969,63,14,31,49
9970,63,14,31,49
9971,63,14,31,49
9972,63,14,31,49
9973,63,14,31,49
9974,63,14,31,49
9975,63,14,31,49
9976,63,14,31,49
9977,63,14,31,49
9978,63,14,31,49
9979,63,14,31,49
9980,63,14,31,49
9981,63,14,31,49
9982,63,14,31,49
9983,63,14,31,50
9984,63,14,31,50
9985,63,14,31,50
9986,63,14,31,50
9987,63,14,31,50
9988,63,14,31,50
9989,63,14,31,50
9990,63,14,31,50
9991,63,14,31,50
9992,63,14,31,50
9993,63,14,31,50
9994,63,14,31,50
9995,63,14,31,50
9996,63,14,31,50
9997,63,14,31,50
9998,63,14,31,50
9999,63,14,31,50
10000,63,14,31,50
10001,63,14,31,50
10002,63,14,31,50
10003,63,14,31,50
10004,63,14,31,50
10005,63,14,31,50
10006,63,14,31,50
10007,63,14,31,50
10008,63,14,31,50
10009,63,14,31,50
10010,63,14,31,50
10011,63,14,31,51
10012,63,14,31,51
10013,63,14,31,51
10014,63,14,31,51
10015,63,14,31,51
10016,63,14,31,51
10017,63,14,31,51
10018,63,14,31,51
10019,63,14,31,51
10020,63,14,31,51
10021,63,14,31,51
10022,63,14,31,51
10023,63,14,31,51
10024,63,14,31,51
10025,63,14,31,51
10026,63,14,31,51
10027,63,14,31,51
10028,63,14,31,51
10029,63,14,31,51
10030,63,14,31,51
10031,63,14,31,51
10032,63,14,31,51
10033,63,14,31,51
10034,63,14,31,51
10035,63,14,31,51
10036,63,14,31,51
10037,63,14,31,51
10038,63,14,31,51
10039,63,14,31,51
10040,63,14,31,51
10041,63,14,31,51
10042,63,14,31,51
10043,63,14,31,51
10044,63,14,31,51
10045,63,14,31,51
10046,63,14,31,51
10047,63,14,31,51
10048,63,14,31,51
10049,63,14,31,51
10050,63,14,31,51
10051,63,14,31,51
10052,63,14,31,51
10053,63,14,31,51
10054,63,14,31,51
10055,63,14,31,51
10056,63,14,31,51
10057,63,14,31,51
10058,63,14,31,51
10059,63,14,31,51
10060,63,14,31,51
10061,63,14,31,51
10062,63,14,31,51
10063,63,14,31,51
10064,63,14,31,51
10065,63,14,31,51
10066,63,14,31,51
10067,63,14,31,51
10068,63,14,31,51
10069,63,14,31,51
10070,63,14,31,51
10071,63,14,31,51
10072,63,14,31,51
10073,63,14,31,51
10074,63,14,31,51
10075,63,14,31,51
10076,63,14,31,51
10077,63,14,31,51
10078,63,14,31,51
10079,63,14,31,51
10080,63,14,31,51
10081,63,14,31,51
10082,63,14,31,51
10083,63,14,31,51
10084,63,14,31,51
10085,63,14,31,51
10086,63,14,31,51
10087,63,14,31,51
10088,63,14,31,51
10089,63,14,31,51
10090,63,14,31,51
10091,63,14,31,51
10092,63,14,31,51
10093,63,14,31,51
10094,63,14,31,51
10095,63,14,31,51
10096,63,14,31,51
10097,63,14,31,51
10098,63,14,31,51
10099,63,14,31,51
10100,63,14,31,51
10101,63,14,31,51
10102,63,14,31,51
10103,63,14,31,51
10104,63,14,31,51
10105,63,14,31,51
10106,63,14,31,51
10107,63,14,31,51
10108,63,14,31,51
10109,63,14,31,51
10110,63,14,31,51
10111,63,14,31,51
10112,63,14,31,51
10113,63,14,31,51
10114,63,14,31,51
10115,63,14,31,51
10116,63,14,31,51
10117,63,14,31,51
10118,63,14,31,51
10119,63,14,31,51
10120,63,14,31,51
10121,63,14,31,51
10122,63,14,31,51
10123,63,14,31,51
10124,63,14,31,51
10125,63,14,31,51
10126,63,14,31,51
10127,63,14,31,51
10128,63,14,31,51
10129,63,14,31,51
10130,63,14,31,51
10131,63,14,31,51
10132,63,14,31,51
10133,63,14,31,51
10134,63,14,31,51
10135,63,14,31,51
10136,63,14,31,51
10137,63,14,31,51
10138,63,14,31,51
10139,63,14,31,51
10140,63,14,31,51
10141,63,14,31,51
10142,63,14,31,51
10143,63,14,31,51
10144,63,14,31,51
10145,63,14,31,51
10146,63,14,31,51
10147,63,14,31,51
10148,63,14,31,51
10149,63,14,31,51
10150,63,14,31,51
10151,63,14,31,51
10152,63,14,31,51
10153,63,14,31,51
10154,63,14,31,51
10155,63,14,31,51
10156,63,14,31,51
10157,63,14,31,51
10158,63,14,31,51
10159,63,14,31,51
10160,63,14,31,51
10161,63,14,31,51
10162,63,14,31,51
10163,63,14,31,51
10164,63,14,31,51
10165,63,14,31,51
10166,63,14,31,51
10167,63,14,31,51
10168,63,14,31,51
10169,63,14,31,51
10170,63,14,31,51
10171,63,14,31,51
10172,63,14,31,51
10173,63,14,31,51
10174,63,14,31,51
10175,63,14,31,51
10176,63,14,31,51
10177,63,14,31,51
10178,63,14,31,51
10179,63,14,31,51
10180,63,14,31,51
10181,63,14,31,51
10182,63,14,31,51
10183,63,14,31,51
10184,63,14,31,51
10185,63,14,31,51
10186,63,14,31,51
10187,63,14,31,51
10188,63,14,31,51
10189,63,14,31,51
10190,63,14,31,51
10191,63,14,31,51
10192,63,14,31,51
10193,63,14,31,51
10194,63,14,31,51
10195,63,14,31,51
10196,63,14,31,51
10197,63,14,31,51
10198,63,14,31,51
10199,63,14,31,51
10200,63,14,31,51
10201,63,14,31,51
10202,63,14,31,51
10203,63,14,31,51
10204,63,14,31,51
10205,63,14,31,51
10206,63,14,31,51
10207,63,14,31,51
10208,63,14,31,51
10209,63,14,31,51
10210,63,14,31,51
10211,63,14,31,51
10212,63,14,31,51
10213,63,14,31,51
10214,63,14,31,51
10215,63,14,31,51
10216,63,14,31,51
10217,63,14,31,51
10218,63,14,31,51
10219,63,14,31,51
10220,63,14,31,51
10221,63,14,31,51
10222,63,14,31,51
10223,63,14,31,51
10224,63,14,31,51
10225,63,14,31,51
10226,63,14,31,51
10227,63,14,31,51
10228,63,14,31,51
10229,63,14,31,51
10230,63,14,31,51
10231,63,14,31,51
10232,63,14,31,51
10233,63,14,31,51
10234,63,14,31,51
10235,63,14,31,51
10236,63,14,31,51
10237,63,14,31,51
10238,63,14,31,51
10239,63,14,31,51
10240,63,14,31,51
10241,63,14,31,51
10242,63,14,31,51
10243,63,14,31,51
10244,63,14,31,51
10245,63,14,31,51
10246,63,14,31,51
10247,63,14,31,51
10248,63,14,31,51
10249,63,14,31,51
10250,63,14,31,51
10251,63,14,31,51
10252,63,14,31,51
10253,63,14,31,51
10254,63,14,31,51
10255,63,14,31,51
10256,63,14,31,51
10257,63,14,31,51
10258,63,14,31,51
10259,63,14,31,51
10260,63,14,31,51
10261,63,14,31,51
10262,63,14,31,51
10263,63,14,31,51
10264,63,14,31,51
10265,63,14,31,51
10266,63,14,31,51
10267,63,14,31,51
10268,63,14,31,51
10269,63,14,31,51
10270,63,14,31,51
10271,63,14,31,51
10272,63,14,31,51
10273,63,14,31,51
10274,63,14,31,51
10275,63,14,31,51
10276,63,14,31,51
10277,63,14,31,51
10278,63,14,31,51
10279,63,14,31,51
10280,63,14,31,51
10281,63,14,31,51
10282,63,14,31,51
10283,63,14,31,51
10284,63,14,31,51
10285,63,14,31,51
10286,63,14,31,51
10287,63,14,31,51
10288,63,14,31,51
10289,63,14,31,51
10290,63,14,31,51
10291,63,14,31,51
10292,63,14,31,51
10293,63,14,31,51
10294,63,14,31,51
10295,63,14,31,51
10296,63,14,31,51
10297,63,14,31,51
10298,63,14,31,51
10299,63,14,31,51
10300,63,14,31,51
10301,63,14,31,51
10302,63,14,31,51
10303,63,14,31,51
10304,63,14,31,51
10305,63,14,31,51
10306,63,14,31,51
10307,63,14,31,51
10308,63,14,31,51
10309,63,14,31,51
10310,63,14,31,51
10311,63,14,31,51
10312,63,14,31,51
10313,63,14,31,51
10314,63,14,31,51
10315,63,14,31,51
10316,63,14,31,51
10317,63,14,31,51
10318,63,14,31,51
10319,63,14,31,51
10320,63,14,31,51
10321,63,14,31,51
10322,63,14,31,51
10323,63,14,31,51
10324,63,14,31,51
10325,63,14,31,51
10326,63,14,31,51
10327,63,14,31,51
10328,63,14,31,51
10329,63,14,31,51
10330,63,14,31,51
10331,63,14,31,51
10332,63,14,31,51
10333,63,14,31,51
10334,63,14,31,51
10335,63,14,31,51
10336,63,14,31,51
10337,63,14,31,51
10338,63,14,31,51
10339,63,14,31,51
10340,63,14,31,51
10341,63,14,31,51
10342,63,14,31,51
10343,63,14,31,51
10344,63,14,31,51
10345,63,14,31,51
10346,63,14,31,51
10347,63,14,31,51
10348,63,14,31,51
10349,63,14,31,51
10350,63,14,31,51
10351,63,14,31,51
10352,63,14,31,51
10353,63,14,31,51
10354,63,14,31,51
10355,63,14,31,51
10356,63,14,31,51
10357,63,14,31,51
10358,63,14,31,51
10359,63,14,31,51
10360,63,14,31,51
10361,63,14,31,51
10362,63,14,31,51
10363,63,14,31,51
10364,63,14,31,51
10365,63,14,31,51
10366,63,14,31,51
10367,63,14,31,51
10368,63,14,31,51
10369,63,14,31,51
10370,63,14,31,51
10371,63,14,31,51
10372,63,14,31,51
10373,63,14,31,51
10374,63,14,31,51
10375,63,14,31,51
10376,63,14,31,51
10377,63,14,31,51
10378,63,14,31,51
10379,63,14,31,51
10380,63,14,31,51
10381,63,14,31,51
10382,63,14,31,51
10383,63,14,31,51
10384,63,14,31,51
10385,63,14,31,51
10386,63,14,31,51
10387,63,14,31,51
10388,63,14,31,51
10389,63,14,31,51
10390,63,14,31,51
10391,63,14,31,51
10392,63,14,31,51
10393,63,14,31,51
10394,63,14,31,51
10395,63,14,31,51
10396,63,14,31,51
10397,63,14,31,51
10398,63,14,31,51
10399,63,14,31,51
10400,63,14,31,51
10401,63,14,31,51
10402,63,14,31,51
10403,63,14,31,51
10404,63,14,31,51
10405,63,14,31,51
10406,63,14,31,51
10407,63,14,31,51
10408,63,14,31,51
10409,63,14,31,51
10410,63,14,31,51
10411,63,14,31,51
10412,63,14,31,51
10413,63,14,31,51
10414,63,14,31,51
10415,63,14,31,51
10416,63,14,31,51
10417,63,14,31,51
10418,63,14,31,51
10419,63,14,31,51
10420,63,14,31,51
10421,63,14,31,51
10422,63,14,31,51
10423,63,14,31,51
10424,63,14,31,51
10425,63,14,31,51
10426,63,14,31,51
10427,63,14,31,51
10428,63,14,31,51
10429,63,14,31,51
10430,63,14,31,51
10431,63,14,31,51
10432,63,14,31,51
10433,63,14,31,51
10434,63,14,31,51
10435,63,14,31,51
10436,63,14,31,51
10437,63,14,31,51
10438,63,14,31,51
10439,63,14,31,51
10440,63,14,31,51
10441,63,14,31,51
10442,63,14,31,51
10443,63,14,31,51
10444,63,14,31,51
10445,63,14,31,51
10446,63,14,31,51
10447,63,14,31,51
10448,63,14,31,51
10449,63,14,31,51
10450,63,14,31,51
10451,63,14,31,51
10452,63,14,31,51
10453,63,14,31,51
10454,63,14,31,51
10455,63,14,31,51
10456,63,14,31,51
10457,63,14,31,51
10458,63,14,31,51
10459,63,14,31,51
10460,63,14,31,51
10461,63,14,31,51
10462,63,14,31,51
10463,63,14,31,51
10464,63,14,31,51
10465,63,14,31,51
10466,63,14,31,51
10467,63,14,31,51
10468,63,14,31,51
10469,63,14,31,51
10470,63,14,31,51
10471,63,14,31,51
10472,63,14,31,51
10473,63,14,31,51
10474,63,14,31,51
10475,63,14,31,51
10476,63,14,31,51
10477,63,14,31,51
10478,63,14,31,51
10479,63,14,31,51
10480,63,14,31,51
10481,63,14,31,51
10482,63,14,31,51
10483,63,14,31,51
10484,63,14,31,51
10485,63,14,31,51
10486,63,14,31,51
10487,63,14,31,51
10488,63,14,31,51
10489,63,14,31,51
10490,63,14,31,51
10491,63,14,31,51
10492,63,14,31,51
10493,63,14,31,51
10494,63,14,31,51
10495,63,14,31,51
10496,63,14,31,51
10497,63,14,31,51
10498,63,14,31,51
10499,63,14,31,51
10500,63,14,31,51
10501,63,14,31,51
10502,63,14,31,51
10503,63,14,31,51
10504,63,14,31,51
10505,63,14,31,51
10506,63,14,31,51
10507,63,14,31,51
10508,63,14,31,51
10509,63,14,31,51
10510,63,14,31,51
10511,63,14,31,51
10512,63,14,31,51
10513,63,14,31,51
10514,63,14,31,51
10515,63,14,31,51
10516,63,14,31,51
10517,63,14,31,51
10518,63,14,31,51
10519,63,14,31,51
10520,63,14,31,51
10521,63,14,31,51
10522,63,14,31,51
10523,63,14,31,51
10524,63,14,31,51
10525,63,14,31,51
10526,63,14,31,51
10527,63,14,31,51
10528,63,14,31,51
10529,63,14,31,51
10530,63,14,31,51
10531,63,14,31,51
10532,63,14,31,51
10533,63,14,31,51
10534,63,14,31,51
10535,63,14,31,51
10536,63,14,31,51
10537,63,14,31,51
10538,63,14,31,51
10539,63,14,31,51
10540,63,14,31,51
10541,63,14,31,51
10542,63,14,31,51
10543,63,14,31,51
10544,63,14,31,51
10545,63,14,31,51
10546,63,14,31,51
10547,63,14,31,51
10548,63,14,31,51
10549,63,14,31,51
10550,63,14,31,51
10551,63,14,31,51
10552,63,14,31,51
10553,63,14,31,51
10554,63,14,31,51
10555,63,14,31,51
10556,63,14,31,51
10557,63,14,31,51
10558,63,14,31,51
10559,63,14,31,51
10560,63,14,31,51
10561,63,14,31,51
10562,63,14,31,51
10563,63,14,31,51
10564,63,14,31,51
10565,63,14,31,51
10566,63,14,31,51
10567,63,14,31,51
10568,63,14,31,51
10569,63,14,31,51
10570,63,14,31,51
10571,63,14,31,51
10572,63,14,31,51
10573,63,14,31,51
10574,63,14,31,51
10575,63,14,31,51
10576,63,14,31,51
10577,63,14,31,51
10578,63,14,31,51
10579,63,14,31,51
10580,63,14,31,51
10581,63,14,31,51
10582,63,14,31,51
10583,63,14,31,51
10584,63,14,31,51
10585,63,14,31,51
10586,63,14,31,51
10587,63,14,31,51
10588,63,14,31,51
10589,63,14,31,51
10590,63,14,31,51
10591,63,14,31,51
10592,63,14,31,51
10593,63,14,31,51
10594,63,14,31,51
10595,63,14,31,51
10596,63,14,31,51
10597,63,14,31,51
10598,63,14,31,51
10599,63,14,31,51
10600,63,14,31,51
10601,63,14,31,51
10602,63,14,31,51
10603,63,14,31,51
10604,63,14,31,51
10605,63,14,31,51
10606,63,14,31,51
10607,63,14,31,51
10608,63,14,31,51
10609,63,14,31,51
10610,63,14,31,51
10611,63,14,31,51
10612,63,14,31,51
10613,63,14,31,51
10614,63,14,31,51
10615,63,14,31,51
10616,63,14,31,51
10617,63,14,31,51
10618,63,14,31,51
10619,63,14,31,51
10620,63,14,31,51
10621,63,14,31,51
10622,63,14,31,51
10623,63,14,31,51
10624,63,14,31,51
10625,63,14,31,51
10626,63,14,31,51
10627,63,14,31,51
10628,63,14,31,51
10629,63,14,31,51
10630,63,14,31,51
10631,63,14,31,51
10632,63,14,31,51
10633,63,14,31,51
10634,63,14,31,51
10635,63,14,31,51
10636,63,14,31,51
10637,63,14,31,51
10638,63,14,31,51
10639,63,14,31,51
10640,63,14,31,51
10641,63,14,31,51
10642,63,14,31,51
10643,63,14,31,51
10644,63,14,31,51
10645,63,14,31,51
10646,63,14,31,51
10647,63,14,31,51
10648,63,14,31,51
10649,63,14,31,51
10650,63,14,31,51
10651,63,14,31,51
10652,63,14,31,51
10653,63,14,31,51
10654,63,14,31,51
10655,63,14,31,51
10656,63,14,31,51
10657,63,14,31,51
10658,63,14,31,51
10659,63,14,31,51
10660,63,14,31,51
10661,63,14,31,51
10662,63,14,31,51
10663,63,14,31,51
10664,63,14,31,51
10665,63,14,31,51
10666,63,14,31,51
10667,63,14,31,51
10668,63,14,31,51
10669,63,14,31,51
10670,63,14,31,51
10671,63,14,31,51
10672,63,14,31,51
10673,63,14,31,51
10674,63,14,31,51
10675,63,14,31,51
10676,63,14,31,51
10677,63,14,31,51
10678,63,14,31,51
10679,63,14,31,51
10680,63,14,31,51
10681,63,14,31,51
10682,63,14,31,51
10683,63,14,31,51
10684,63,14,31,51
10685,63,14,31,51
10686,63,14,31,51
10687,63,14,31,51
10688,63,14,31,51
10689,63,14,31,51
10690,63,14,31,51
10691,63,14,31,51
10692,63,14,31,51
10693,63,14,31,51
10694,63,14,31,51
10695,63,14,31,51
10696,63,14,31,51
10697,63,14,31,51
10698,63,14,31,51
10699,63,14,31,51
10700,63,14,31,51
10701,63,14,31,51
10702,63,14,31,51
10703,63,14,31,51
10704,63,14,31,51
10705,63,14,31,51
10706,63,14,31,51
10707,63,14,31,51
10708,63,14,31,51
10709,63,14,31,51
10710,63,14,31,51
10711,63,14,31,51
10712,63,14,31,51
10713,63,14,31,51
10714,63,14,31,51
10715,63,14,31,51
10716,63,14,31,51
10717,63,14,31,51
10718,63,14,31,51
10719,63,14,31,51
10720,63,14,31,51
10721,63,14,31,51
10722,63,14,31,51
10723,63,14,31,51
10724,63,14,31,51
10725,63,14,31,51
10726,63,14,31,51
10727,63,14,31,51
10728,63,14,31,51
10729,63,14,31,51
10730,63,14,31,51
10731,63,14,31,51
10732,63,14,31,51
10733,63,14,31,51
10734,63,14,31,51
10735,63,14,31,51
10736,63,14,31,51
10737,63,14,31,51
10738,63,14,31,51
10739,63,14,31,51
10740,63,14,31,51
10741,63,14,31,51
10742,63,14,31,51
10743,63,14,31,51
10744,63,14,31,51
10745,63,14,31,51
10746,63,14,31,51
10747,63,14,31,51
10748,63,14,31,51
10749,63,14,31,51
10750,63,14,31,51
10751,63,14,31,51
10752,63,14,31,51
10753,63,14,31,51
10754,63,14,31,51
10755,63,14,31,51
10756,63,14,31,51
10757,63,14,31,51
10758,63,14,31,51
10759,63,14,31,51
10760,63,14,31,51
10761,63,14,31,51
10762,63,14,31,51
10763,63,14,31,51
10764,63,14,31,51
10765,63,14,31,51
10766,63,14,31,51
10767,63,14,31,51
10768,63,14,31,51
10769,63,14,31,51
10770,63,14,31,51
10771,63,14,31,51
10772,63,14,31,51
10773,63,14,31,51
10774,63,14,31,51
10775,63,14,31,51
10776,63,14,31,51
10777,63,14,31,51
10778,63,14,31,51
10779,63,14,31,51
10780,63,14,31,51
10781,63,14,31,51
10782,63,14,31,51
10783,63,14,31,51
10784,63,14,31,51
10785,63,14,31,51
10786,63,14,31,51
10787,63,14,31,51
10788,63,14,31,51
10789,63,14,31,51
10790,63,14,31,51
10791,63,14,31,51
10792,63,14,31,51
10793,63,14,31,51
10794,63,14,31,51
10795,63,14,31,51
10796,63,14,31,51
10797,63,14,31,51
10798,63,14,31,51
10799,63,14,31,51
10800,63,14,31,51
10801,63,14,31,51
10802,63,14,31,51
10803,63,14,31,51
10804,63,14,31,51
10805,63,14,31,51
10806,63,14,31,51
10807,63,14,31,51
10808,63,14,31,51
10809,63,14,31,51
10810,63,14,31,51
10811,63,14,31,51
10812,63,14,31,51
10813,63,14,31,51
10814,63,14,31,51
10815,63,14,31,51
10816,63,14,31,51
10817,63,14,31,51
10818,63,14,31,51
10819,63,14,31,51
10820,63,14,31,51
10821,63,14,31,51
10822,63,14,31,51
10823,63,14,31,51
10824,63,14,31,51
10825,63,14,31,51
10826,63,14,31,51
10827,63,14,31,51
10828,63,14,31,51
10829,63,14,31,51
10830,63,14,31,51
10831,63,14,31,51
10832,63,14,31,51
10833,63,14,31,51
10834,63,14,31,51
10835,63,14,31,51
10836,63,14,31,51
10837,63,14,31,51
10838,63,14,31,51
10839,63,14,31,51
10840,63,14,31,51
10841,63,14,31,51
10842,63,14,31,51
10843,63,14,31,51
10844,63,14,31,51
10845,63,14,31,51
10846,63,14,31,51
10847,63,14,31,51
10848,63,14,31,51
10849,63,14,31,51
10850,63,14,31,51
10851,63,14,31,51
10852,63,14,31,51
10853,63,14,31,51
10854,63,14,31,51
10855,63,14,31,51
10856,63,14,31,51
10857,63,14,31,51
10858,63,14,31,51
10859,63,14,31,51
10860,63,14,31,51
10861,63,14,31,51
10862,63,14,31,51
10863,63,14,31,51
10864,63,14,31,51
10865,63,14,31,51
10866,63,14,31,51
10867,63,14,31,51
10868,63,14,31,51
10869,63,14,31,51
10870,63,14,31,51
10871,63,14,31,51
10872,63,14,31,51
10873,63,14,31,51
10874,63,14,31,51
10875,63,14,31,51
10876,63,14,31,51
10877,63,14,31,51
10878,63,14,31,51
10879,63,14,31,51
10880,63,14,31,51
10881,63,14,31,51
10882,63,14,31,51
10883,63,14,31,51
10884,63,14,31,51
10885,63,14,31,51
10886,63,14,31,51
10887,63,14,31,51
10888,63,14,31,51
10889,63,14,31,51
10890,63,14,31,51
10891,63,14,31,51
10892,63,14,31,51
10893,63,14,31,51
10894,63,14,31,51
10895,63,14,31,51
10896,63,14,31,51
10897,63,14,31,51
10898,63,14,31,51
10899,63,14,31,51
10900,63,14,31,51
10901,63,14,31,51
10902,63,14,31,51
10903,63,14,31,51
10904,63,14,31,51
10905,63,14,31,51
10906,63,14,31,51
10907,63,14,31,51
10908,63,14,31,51
10909,63,14,31,51
10910,63,14,31,51
10911,63,14,31,51
10912,63,14,31,51
10913,63,14,31,51
10914,63,14,31,51
10915,63,14,31,51
10916,63,14,31,51
10917,63,14,31,51
10918,63,14,31,51
10919,63,14,31,51
10920,63,14,31,51
10921,63,14,31,51
10922,63,14,31,51
10923,63,14,31,51
10924,63,14,31,51
10925,63,14,31,51
10926,63,14,31,51
10927,63,14,31,51
10928,63,14,31,51
10929,63,14,31,51
10930,63,14,31,51
10931,63,14,31,51
10932,63,14,31,51
10933,63,14,31,51
10934,63,14,31,51
10935,63,14,31,51
10936,63,14,31,51
10937,63,14,31,51
10938,63,14,31,51
10939,63,14,31,51
10940,63,14,31,51
10941,63,14,31,51
10942,63,14,31,51
10943,63,14,31,51
10944,63,14,31,52
10945,63,14,31,52
10946,63,14,31,52
10947,63,14,31,52
10948,63,14,31,52
10949,63,14,31,52
10950,63,14,31,52
10951,63,14,31,52
10952,63,14,31,52
10953,63,14,31,52
10954,63,14,31,52
10955,63,14,31,52
10956,63,14,31,52
10957,63,14,31,52
10958,63,14,31,52
10959,63,14,31,52
10960,63,14,31,52
10961,63,14,31,52
10962,63,14,31,52
10963,63,14,31,52
10964,63,14,31,52
10965,63,14,31,52
10966,63,14,31,52
10967,63,14,31,52
10968,63,14,31,52
10969,63,14,31,52
10970,63,14,31,52
10971,63,14,31,52
10972,63,14,31,52
10973,63,14,31,52
10974,63,14,31,52
10975,63,14,31,52
10976,63,14,31,52
10977,63,14,31,52
10978,63,14,31,52
10979,63,14,31,52
10980,63,14,31,52
10981,63,14,31,52
10982,63,14,31,52
10983,63,14,31,52
10984,63,14,31,52
10985,63,14,31,52
10986,63,14,31,52
10987,63,14,31,52
10988,63,14,31,52
10989,63,14,31,52
10990,63,14,31,52
10991,63,14,31,52
10992,63,14,31,52
10993,63,14,31,52
10994,63,14,31,52
10995,63,14,31,52
10996,63,14,31,52
10997,63,14,31,52
10998,63,14,31,52
10999,63,14,31,52
11000,63,14,31,52
11001,63,14,31,52
11002,63,14,31,52
11003,63,14,31,52
11004,63,14,31,52
11005,63,14,31,52
11006,63,14,31,52
11007,63,14,31,52
11008,63,14,31,52
11009,63,14,31,52
11010,63,14,31,52
11011,63,14,31,52
11012,63,14,31,52
11013,63,14,31,52
11014,63,14,31,52
11015,63,14,31,52
11016,63,14,31,52
11017,63,14,31,52
11018,63,14,31,52
11019,63,14,31,52
11020,63,14,31,52
11021,63,14,31,52
11022,63,14,31,52
11023,63,14,31,52
11024,63,14,31,52
11025,63,14,31,52
11026,63,14,31,52
11027,63,14,31,52
11028,63,14,31,52
11029,63,14,31,52
11030,63,14,31,52
11031,63,14,31,52
11032,63,14,31,52
11033,63,14,31,52
11034,63,14,31,52
11035,63,14,31,52
11036,63,14,31,52
11037,63,14,31,52
11038,63,14,31,52
11039,63,14,31,52
11040,63,14,31,52
11041,63,14,31,52
11042,63,14,31,52
11043,63,14,31,52
11044,63,14,31,52
11045,63,14,31,52
11046,63,14,31,52
11047,63,14,31,52
11048,63,14,31,52
11049,63,14,31,52
11050,63,14,31,52
11051,63,14,31,52
11052,63,14,31,52
11053,63,14,31,52
11054,63,14,31,52
11055,63,14,31,52
11056,63,14,31,52
11057,63,14,31,52
11058,63,14,31,52
11059,63,14,31,52
11060,63,14,31,52
11061,63,14,31,52
11062,63,14,31,52
11063,63,14,31,52
11064,63,14,31,52
11065,63,14,31,52
11066,63,14,31,52
11067,63,14,31,52
11068,63,14,31,52
11069,63,14,31,52
11070,63,14,31,52
11071,63,14,31,52
11072,63,14,31,52
11073,63,14,31,52
11074,63,14,31,52
11075,63,14,31,52
11076,63,14,31,52
11077,63,14,31,52
11078,63,14,31,52
11079,63,14,31,52
11080,63,14,31,52
11081,63,14,31,52
11082,63,14,31,52
11083,63,14,31,52
11084,63,14,31,52
11085,63,14,31,52
11086,63,14,31,52
11087,63,14,31,52
11088,63,14,31,52
11089,63,14,31,52
11090,63,14,31,52
11091,63,14,31,52
11092,63,14,31,52
11093,63,14,31,52
11094,63,14,31,52
11095,63,14,31,52
11096,63,14,31,52
11097,63,14,31,52
11098,63,14,31,52
11099,63,14,31,52
11100,63,14,31,52
11101,63,14,31,52
11102,63,14,31,52
11103,63,14,31,52
11104,63,14,31,52
11105,63,14,31,52
11106,63,14,31,52
11107,63,14,31,52
11108,63,14,31,52
11109,63,14,31,52
11110,63,14,31,52
11111,63,14,31,52
11112,63,14,31,52
11113,63,14,31,52
11114,63,14,31,52
11115,63,14,31,52
11116,63,14,31,52
11117,63,14,31,52
11118,63,14,31,52
11119,63,14,31,52
11120,63,14,31,52
11121,63,14,31,52
11122,63,14,31,52
11123,63,14,31,52
11124,63,14,31,52
11125,63,14,31,52
11126,63,14,31,52
11127,63,14,31,52
11128,63,14,31,52
11129,63,14,31,52
11130,63,14,31,52
11131,63,14,31,52
11132,63,14,31,52
11133,63,14,31,52
11134,63,14,31,52
11135,63,14,31,52
11136,63,14,31,52
11137,63,14,31,52
11138,63,14,31,52
11139,63,14,31,52
11140,63,14,31,52
11141,63,14,31,52
11142,63,14,31,52
11143,63,14,31,52
11144,63,14,31,52
11145,63,14,31,52
11146,63,14,31,52
11147,63,14,31,52
11148,63,14,31,52
11149,63,14,31,52
11150,63,14,31,52
11151,63,14,31,52
11152,63,14,31,52
11153,63,14,31,52
11154,63,14,31,52
11155,63,14,31,52
11156,63,14,31,52
11157,63,14,31,52
11158,63,14,31,52
11159,63,14,31,52
11160,63,14,31,52
11161,63,14,31,52
11162,63,14,31,52
11163,63,14,31,52
11164,63,14,31,52
11165,63,14,31,52
11166,63,14,31,52
11167,63,14,31,52
11168,63,14,31,52
11169,63,14,31,52
11170,63,14,31,52
11171,63,14,31,52
11172,63,14,31,52
11173,63,14,31,52
11174,63,14,31,52
11175,63,14,31,52
11176,63,14,31,52
11177,63,14,31,52
11178,63,14,31,52
11179,63,14,31,52
11180,63,14,31,52
11181,63,14,31,52
11182,63,14,31,52
11183,63,14,31,52
11184,63,14,31,52
11185,63,14,31,52
11186,63,14,31,52
11187,63,14,31,52
11188,63,14,31,52
11189,63,14,31,52
11190,63,14,31,52
11191,63,14,31,52
11192,63,14,31,52
11193,63,14,31,52
11194,63,14,31,52
11195,63,14,31,52
11196,63,14,31,52
11197,63,14,31,52
11198,63,14,31,52
11199,63,14,31,52
11200,63,14,31,52
11201,63,14,31,52
11202,63,14,31,52
11203,63,14,31,52
11204,63,14,31,52
11205,63,14,31,52
11206,63,14,31,52
11207,63,14,31,52
11208,63,14,31,52
11209,63,14,31,52
11210,63,14,31,52
11211,63,14,31,52
11212,63,14,31,52
11213,63,14,31,52
11214,63,14,31,52
11215,63,14,31,52
11216,63,14,31,52
11217,63,14,31,52
11218,63,14,31,52
11219,63,14,31,52
11220,63,14,31,52
11221,63,14,31,52
11222,63,14,31,52
11223,63,14,31,52
11224,63,14,31,52
11225,63,14,31,52
11226,63,14,31,52
11227,63,14,31,52
11228,63,14,31,52
11229,63,14,31,52
11230,63,14,31,52
11231,63,14,31,52
11232,63,14,31,52
11233,63,14,31,52
11234,63,14,31,52
11235,63,14,31,52
11236,63,14,31,52
11237,63,14,31,52
11238,63,14,31,52
11239,63,14,31,52
11240,63,14,31,52
11241,63,14,31,52
11242,63,14,31,52
11243,63,14,31,52
11244,63,14,31,52
11245,63,14,31,52
11246,63,14,31,52
11247,63,14,31,52
11248,63,14,31,52
11249,63,14,31,52
11250,63,14,31,52
11251,63,14,31,52
11252,63,14,31,52
11253,63,14,31,52
11254,63,14,31,52
11255,63,14,31,52
11256,63,14,31,52
11257,63,14,31,52
11258,63,14,31,52
11259,63,14,31,52
11260,63,14,31,52
11261,63,14,31,52
11262,63,14,31,52
11263,63,14,31,52
11264,63,14,31,52
11265,63,14,31,52
11266,63,14,31,52
11267,63,14,31,52
11268,63,14,31,52
11269,63,14,31,52
11270,63,14,31,52
11271,63,14,31,52
11272,63,14,31,52
11273,63,14,31,52
11274,63,14,31,52
11275,63,14,31,52
11276,63,14,31,52
11277,63,14,31,52
11278,63,14,31,52
11279,63,14,31,52
11280,63,14,31,52
11281,63,14,31,52
11282,63,14,31,52
11283,63,14,31,52
11284,63,14,31,52
11285,63,14,31,52
11286,63,14,31,52
11287,63,14,31,52
11288,63,14,31,52
11289,63,14,31,52
11290,63,14,31,52
11291,63,14,31,53
11292,63,14,31,53
11293,63,14,31,53
11294,63,14,31,53
11295,63,14,31,53
11296,63,14,31,53
11297,63,14,31,53
11298,63,14,31,53
11299,63,14,31,53
11300,63,14,31,53
11301,63,14,31,53
11302,63,14,31,53
11303,63,14,31,53
11304,63,14,31,53
11305,63,14,31,53
11306,63,14,31,53
11307,63,14,31,53
11308,63,14,31,53
11309,63,14,31,53
11310,63,14,31,53
11311,63,14,31,53
11312,63,14,31,53
11313,63,14,31,53
11314,63,14,31,53
11315,63,14,31,53
11316,63,14,31,53
11317,63,14,31,53
11318,63,14,31,53
11319,63,14,31,53
11320,63,14,31,53
11321,63,14,31,53
11322,63,14,31,53
11323,63,14,31,53
11324,63,14,31,53
11325,63,14,31,53
11326,63,14,31,53
11327,63,14,31,53
11328,63,14,31,53
11329,63,14,31,53
11330,63,14,31,53
11331,63,14,31,53
11332,63,14,31,53
11333,63,14,31,53
11334,63,14,31,53
11335,63,14,31,53
11336,63,14,31,53
11337,63,14,31,53
11338,63,14,31,53
11339,63,14,31,53
11340,63,14,31,53
11341,63,14,31,53
11342,63,14,31,53
11343,63,14,31,54
11344,63,14,31,54
11345,63,14,31,54
11346,63,14,31,54
11347,63,14,31,54
11348,63,14,31,54
11349,63,14,31,54
11350,63,14,31,54
11351,63,14,31,54
11352,63,14,31,54
11353,63,14,31,54
11354,63,14,31,54
11355,63,14,31,54
11356,63,14,31,54
11357,63,14,31,54
11358,63,14,31,54
11359,63,14,31,54
11360,63,14,31,54
11361,63,14,31,54
11362,63,14,31,54
11363,63,14,31,54
11364,63,14,31,54
11365,63,14,31,54
11366,63,14,31,54
11367,63,14,31,54
11368,63,14,31,54
11369,63,14,31,54
11370,63,14,31,54
11371,63,14,31,54
11372,63,14,31,54
11373,63,14,31,54
11374,63,14,31,54
11375,63,14,31,54
11376,63,14,31,54
11377,63,14,31,54
11378,63,14,31,54
11379,63,14,31,54
11380,63,14,31,54
11381,63,14,31,54
11382,63,14,31,54
11383,63,14,31,54
11384,63,14,31,54
11385,63,14,31,54
11386,63,14,31,54
11387,63,14,31,54
11388,63,14,31,54
11389,63,14,31,54
11390,63,14,31,54
11391,63,14,31,54
11392,63,14,31,54
11393,63,14,31,54
11394,63,14,31,54
11395,63,14,31,54
11396,63,14,31,54
11397,63,14,31,54
11398,63,14,31,54
11399,63,14,31,54
11400,63,14,31,54
11401,63,14,31,54
11402,63,14,31,54
11403,63,14,31,54
11404,63,14,31,54
11405,63,14,31,54
11406,63,14,31,54
11407,63,14,31,54
11408,63,14,31,54
11409,63,14,31,54
11410,63,14,31,54
11411,63,14,31,54
11412,63,14,31,54
11413,63,14,31,54
11414,63,14,31,54
11415,63,14,31,54
11416,63,14,31,54
11417,63,14,31,54
11418,63,14,31,54
11419,63,14,31,54
11420,63,14,31,54
11421,63,14,31,54
11422,63,14,31,54
11423,63,14,31,54
11424,63,14,31,54
11425,63,14,31,54
11426,63,14,31,54
11427,63,14,31,54
11428,63,14,31,54
11429,63,14,31,54
11430,63,14,31,54
11431,63,14,31,54
11432,63,14,31,54
11433,63,14,31,54
11434,63,14,31,54
11435,63,14,31,54
11436,63,14,31,54
11437,63,14,31,54
11438,63,14,31,54
11439,63,14,31,54
11440,63,14,31,54
11441,63,14,31,54
11442,63,14,31,54
11443,63,14,31,54
11444,63,14,31,54
11445,63,14,31,54
11446,63,14,31,54
11447,63,14,31,54
11448,63,14,31,54
11449,63,14,31,54
11450,63,14,31,54
11451,63,14,31,54
11452,63,14,31,54
11453,63,14,31,54
11454,63,14,31,54
11455,63,14,31,54
11456,63,14,31,54
11457,63,14,31,54
11458,63,14,31,54
11459,63,14,31,54
11460,63,14,31,54
11461,63,14,31,54
11462,63,14,31,54
11463,63,14,31,54
11464,63,14,31,54
11465,63,14,31,54
11466,63,14,31,54
11467,63,14,31,54
11468,63,14,31,54
11469,63,14,31,54
11470,63,14,31,54
11471,63,14,31,54
11472,63,14,31,54
11473,63,14,31,54
11474,63,14,31,54
11475,63,14,31,54
11476,63,14,31,54
11477,63,14,31,54
11478,63,14,31,54
11479,63,14,31,54
11480,63,14,31,54
11481,63,14,31,54
11482,63,14,31,54
11483,63,14,31,54
11484,63,14,31,54
11485,63,14,31,54
11486,63,14,31,54
11487,63,14,31,54
11488,63,14,31,54
11489,63,14,31,54
11490,63,14,31,54
11491,63,14,31,54
11492,63,14,31,54
11493,63,14,31,54
11494,63,14,31,54
11495,63,14,31,54
11496,63,14,31,54
11497,63,14,31,54
11498,63,14,31,54
11499,63,14,31,54
11500,63,14,31,54
11501,63,14,31,54
11502,63,14,31,54
11503,63,14,31,54
11504,63,14,31,54
11505,63,14,31,54
11506,63,14,31,54
11507,63,14,31,54
11508,63,14,31,54
11509,63,14,31,54
11510,63,14,31,54
11511,63,14,31,54
11512,63,14,31,54
11513,63,14,31,54
11514,63,14,31,54
11515,63,14,31,54
11516,63,14,31,54
11517,63,14,31,54
11518,63,14,31,54
11519,63,14,31,54
11520,63,14,31,54
11521,63,14,31,54
11522,63,14,31,54
11523,63,14,31,54
11524,63,14,31,54
11525,63,14,31,54
11526,63,14,31,54
11527,63,14,31,54
11528,63,14,31,54
11529,63,14,31,54
11530,63,14,31,54
11531,63,14,31,54
11532,63,14,31,54
11533,63,14,31,54
11534,63,14,31,54
11535,63,14,31,54
11536,63,14,31,54
11537,63,14,31,54
11538,63,14,31,54
11539,63,14,31,54
11540,63,14,31,54
11541,63,14,31,54
11542,63,14,31,54
11543,63,14,31,54
11544,63,14,31,54
11545,63,14,31,54
11546,63,14,31,54
11547,63,14,31,54
11548,63,14,31,54
11549,63,14,31,54
11550,63,14,31,54
11551,63,14,31,54
11552,63,14,31,54
11553,63,14,31,54
11554,63,14,31,54
11555,63,14,31,54
11556,63,14,31,54
11557,63,14,31,54
11558,63,14,31,54
11559,63,14,31,54
11560,63,14,31,54
11561,63,14,31,54
11562,63,14,31,54
11563,63,14,31,54
11564,63,14,31,54
11565,63,14,31,54
11566,63,14,31,54
11567,63,14,31,54
11568,63,14,31,54
11569,63,14,31,54
11570,63,14,31,54
11571,63,14,31,54
11572,63,14,31,54
11573,63,14,31,54
11574,63,14,31,54
11575,63,14,31,54
11576,63,14,31,54
11577,63,14,31,54
11578,63,14,31,54
11579,63,14,31,54
11580,63,14,31,54
11581,63,14,31,54
11582,63,14,31,54
11583,63,14,31,54
11584,63,14,31,54
11585,63,14,31,54
11586,63,14,31,54
11587,63,14,31,54
11588,63,14,31,54
11589,63,14,31,54
11590,63,14,31,54
11591,63,14,31,54
11592,63,14,31,54
11593,63,14,31,54
11594,63,14,31,54
11595,63,14,31,54
11596,63,14,31,54
11597,63,14,31,54
11598,63,14,31,54
11599,63,14,31,54
11600,63,14,31,54
11601,63,14,31,54
11602,63,14,31,54
11603,63,14,31,54
11604,63,14,31,54
11605,63,14,31,54
11606,63,14,31,54
11607,63,14,31,54
11608,63,14,31,54
11609,63,14,31,54
11610,63,14,31,54
11611,63,14,31,54
11612,63,14,31,54
11613,63,14,31,54
11614,63,14,31,54
11615,63,14,31,54
11616,63,14,31,54
11617,63,14,31,54
11618,63,14,31,54
11619,63,14,31,54
11620,63,14,31,54
11621,63,14,31,54
11622,63,14,31,54
11623,63,14,31,54
11624,63,14,31,54
11625,63,14,31,54
11626,63,14,31,54
11627,63,14,31,54
11628,63,14,31,54
11629,63,14,31,54
11630,63,14,31,54
11631,63,14,31,54
11632,63,14,31,54
11633,63,14,31,54
11634,63,14,31,54
11635,63,14,31,54
11636,63,14,31,54
11637,63,14,31,54
11638,63,14,31,54
11639,63,14,31,54
11640,63,14,31,54
11641,63,14,31,54
11642,63,14,31,54
11643,63,14,31,54
11644,63,14,31,54
11645,63,14,31,54
11646,63,14,31,54
11647,63,14,31,54
11648,63,14,31,54
11649,63,14,31,54
11650,63,14,31,54
11651,63,14,31,54
11652,63,14,31,54
11653,63,14,31,54
11654,63,14,31,54
11655,63,14,31,54
11656,63,14,31,54
11657,63,14,31,54
11658,63,14,31,54
11659,63,14,31,54
11660,63,14,31,54
11661,63,14,31,54
11662,63,14,31,54
11663,63,14,31,54
11664,63,14,31,54
11665,63,14,31,54
11666,63,14,31,54
11667,63,14,31,54
11668,63,14,31,54
11669,63,14,31,54
11670,63,14,31,54
11671,63,14,31,54
11672,63,14,31,54
11673,63,14,31,54
11674,63,14,31,54
11675,63,14,31,54
11676,63,14,31,54
11677,63,14,31,54
11678,63,14,31,54
11679,63,14,31,54
11680,63,14,31,54
11681,63,14,31,54
11682,63,14,31,54
11683,63,14,31,54
11684,63,14,31,54
11685,63,14,31,54
11686,63,14,31,54
11687,63,14,31,54
11688,63,14,31,54
11689,63,14,31,54
11690,63,14,31,54
11691,63,14,31,54
11692,63,14,31,54
11693,63,14,31,54
11694,63,14,31,54
11695,63,14,31,54
11696,63,14,31,54
11697,63,14,31,54
11698,63,14,31,54
11699,63,14,31,54
11700,63,14,31,54
11701,63,14,31,54
11702,63,14,31,54
11703,63,14,31,54
11704,63,14,31,54
11705,63,14,31,54
11706,63,14,31,54
11707,63,14,31,54
11708,63,14,31,54
11709,63,14,31,54
11710,63,14,31,54
11711,63,14,31,54
11712,63,14,31,54
11713,63,14,31,54
11714,63,14,31,54
11715,63,14,31,54
11716,63,14,31,54
11717,63,14,31,54
11718,63,14,31,54
11719,63,14,31,54
11720,63,14,31,54
11721,63,14,31,54
11722,63,14,31,54
11723,63,14,31,54
11724,63,14,31,54
11725,63,14,31,54
11726,63,14,31,54
11727,63,14,31,54
11728,63,14,31,54
11729,63,14,31,54
11730,63,14,31,54
11731,63,14,31,54
11732,63,14,31,54
11733,63,14,31,54
11734,63,14,31,54
11735,63,14,31,54
11736,63,14,31,54
11737,63,14,31,54
11738,63,14,31,54
11739,63,14,31,54
11740,63,14,31,54
11741,63,14,31,54
11742,63,14,31,54
11743,63,14,31,54
11744,63,14,31,54
11745,63,14,31,54
11746,63,14,31,54
11747,63,14,31,54
11748,63,14,31,54
11749,63,14,31,54
11750,63,14,31,54
11751,63,14,31,54
11752,63,14,31,54
11753,63,14,31,54
11754,63,14,31,54
11755,63,14,31,54
11756,63,14,31,54
11757,63,14,31,54
11758,63,14,31,54
11759,63,14,31,54
11760,63,14,31,54
11761,63,14,31,54
11762,63,14,31,54
11763,63,14,31,54
11764,63,14,31,54
11765,63,14,31,54
11766,63,14,31,54
11767,63,14,31,54
11768,63,14,31,54
11769,63,14,31,54
11770,63,14,31,54
11771,63,14,31,54
11772,63,14,31,54
11773,63,14,31,54
11774,63,14,31,54
11775,63,14,31,54
11776,63,14,31,54
11777,63,14,31,54
11778,63,14,31,54
11779,63,14,31,54
11780,63,14,31,54
11781,63,14,31,54
11782,63,14,31,54
11783,63,14,31,54
11784,63,14,31,54
11785,63,14,31,54
11786,63,14,31,54
11787,63,14,31,54
11788,63,14,31,54
11789,63,14,31,54
11790,63,14,31,54
11791,63,14,31,54
11792,63,14,31,54
11793,63,14,31,54
11794,63,14,31,54
11795,63,14,31,54
11796,63,14,31,54
11797,63,14,31,54
11798,63,14,31,54
11799,63,14,31,54
11800,63,14,31,54
11801,63,14,31,54
11802,63,14,31,54
11803,63,14,31,55
11804,63,14,31,55
11805,63,14,31,55
11806,63,14,31,55
11807,63,14,31,55
11808,63,14,31,55
11809,63,14,31,55
11810,63,14,31,55
11811,63,14,31,55
11812,63,14,31,55
11813,63,14,31,55
11814,63,14,31,55
11815,63,14,31,55
11816,63,14,31,55
11817,63,14,31,55
11818,63,14,31,55
11819,63,14,31,55
11820,63,14,31,55
11821,63,14,31,55
11822,63,14,31,55
11823,63,14,31,55
11824,63,14,31,55
11825,63,14,31,55
11826,63,14,31,55
11827,63,14,31,55
11828,63,14,31,55
11829,63,14,31,55
11830,63,14,31,55
11831,63,14,31,55
11832,63,14,31,55
11833,63,14,31,55
11834,63,14,31,55
11835,63,14,31,55
11836,63,14,31,55
11837,63,14,31,55
11838,63,14,31,55
11839,63,14,31,55
11840,63,14,31,55
11841,63,14,31,55
11842,63,14,31,55
11843,63,14,31,55
11844,63,14,31,55
11845,63,14,31,55
11846,63,14,31,55
11847,63,14,31,55
11848,63,14,31,55
11849,63,14,31,55
11850,63,14,31,55
11851,63,14,31,55
11852,63,14,31,55
11853,63,14,31,55
11854,63,14,31,55
11855,63,14,31,55
11856,63,14,31,55
11857,63,14,31,55
11858,63,14,31,55
11859,63,14,31,55
11860,63,14,31,55
11861,63,14,31,55
11862,63,14,31,55
11863,63,14,31,55
11864,63,14,31,55
11865,63,14,31,55
11866,63,14,31,55
11867,63,14,31,55
11868,63,14,31,55
11869,63,14,31,55
11870,63,14,31,55
11871,63,14,31,55
11872,63,14,31,55
11873,63,14,31,55
11874,63,14,31,55
11875,63,14,31,55
11876,63,14,31,55
11877,63,14,31,55
11878,63,14,31,55
11879,63,14,31,55
11880,63,14,31,55
11881,63,14,31,55
11882,63,14,31,55
11883,63,14,31,55
11884,63,14,31,55
11885,63,14,31,55
11886,63,14,31,55
11887,63,14,31,55
11888,63,14,31,55
11889,63,14,31,55
11890,63,14,31,55
11891,63,14,31,55
11892,63,14,31,55
11893,63,14,31,55
11894,63,14,31,55
11895,63,14,31,55
11896,63,14,31,55
11897,63,14,31,55
11898,63,14,31,55
11899,63,14,31,55
11900,63,14,31,55
11901,63,14,31,55
11902,63,14,31,55
11903,63,14,31,55
11904,63,14,31,55
11905,63,14,31,55
11906,63,14,31,55
11907,63,14,31,55
11908,63,14,31,55
11909,63,14,31,55
11910,63,14,31,55
11911,63,14,31,55
11912,63,14,31,55
11913,63,14,31,55
11914,63,14,31,55
11915,63,14,31,55
11916,63,14,31,55
11917,63,14,31,55
11918,63,14,31,55
11919,63,14,31,55
11920,63,14,31,55
11921,63,14,31,55
11922,63,14,31,55
11923,63,14,31,55
11924,63,14,31,55
11925,63,14,31,55
11926,63,14,31,55
11927,63,14,31,55
11928,63,14,31,55
11929,63,14,31,56
11930,63,14,31,56
11931,63,14,31,56
11932,63,14,31,56
11933,63,14,31,56
11934,63,14,31,56
11935,63,14,31,56
11936,63,14,31,56
11937,63,14,31,56
11938,63,14,31,56
11939,63,14,31,56
11940,63,14,31,56
11941,63,14,31,56
11942,63,14,31,56
11943,63,14,31,56
11944,63,14,31,56
11945,63,14,31,56
11946,63,14,31,56
11947,63,14,31,56
11948,63,14,31,56
11949,63,14,31,56
11950,63,14,31,56
11951,63,14,31,56
11952,63,14,31,56
11953,63,14,31,56
11954,63,14,31,56
11955,63,14,31,56
11956,63,14,31,56
11957,63,14,31,56
11958,63,14,31,56
11959,63,14,31,56
11960,63,14,31,56
11961,63,14,31,56
11962,63,14,31,56
11963,63,14,31,56
11964,63,14,31,56
11965,63,14,31,56
11966,63,14,31,56
11967,63,14,31,56
11968,63,14,31,56
11969,63,14,31,56
11970,63,14,31,56
11971,63,14,31,56
11972,63,14,31,56
11973,63,14,31,56
11974,63,14,31,56
11975,63,14,31,56
11976,63,14,31,56
11977,63,14,31,56
11978,63,14,31,56
11979,63,14,31,56
11980,63,14,31,56
11981,63,14,31,56
11982,63,14,31,56
11983,63,14,31,56
11984,63,14,31,56
11985,63,14,31,56
11986,63,14,31,56
11987,63,14,31,56
11988,63,14,31,56
11989,63,14,31,56
11990,63,14,31,56
11991,63,14,31,56
11992,63,14,31,56
11993,63,14,31,56
11994,63,14,31,56
11995,63,14,31,56
11996,63,14,31,56
11997,63,14,31,56
11998,63,14,31,56
11999,63,14,31,56
12000,63,14,31,56
12001,63,14,31,56
12002,63,14,31,56
12003,63,14,31,56
12004,63,14,31,56
12005,63,14,31,56
12006,63,14,31,56
12007,63,14,31,56
12008,63,14,31,56
12009,63,14,31,56
12010,63,14,31,56
12011,63,14,31,56
12012,63,14,31,56
12013,63,14,31,56
12014,63,14,31,56
12015,63,14,31,56
12016,63,14,31,56
12017,63,14,31,56
12018,63,14,31,56
12019,63,14,31,56
12020,63,14,31,56
12021,63,14,31,56
12022,63,14,31,56
12023,63,14,31,56
12024,63,14,31,56
12025,63,14,31,56
12026,63,14,31,56
12027,63,14,31,56
12028,63,14,31,56
12029,63,14,31,56
12030,63,14,31,56
12031,63,14,31,56
12032,63,14,31,56
12033,63,14,31,56
12034,63,14,31,56
12035,63,14,31,56
12036,63,14,31,56
12037,63,14,31,56
12038,63,14,31,56
12039,63,14,31,56
12040,63,14,31,56
12041,63,14,31,56
12042,63,14,31,56
12043,63,14,31,56
12044,63,14,31,56
12045,63,14,31,56
12046,63,14,31,56
12047,63,14,31,56
12048,63,14,31,56
12049,63,14,31,56
12050,63,14,31,56
12051,63,14,31,56
12052,63,14,31,56
12053,63,14,31,56
12054,63,14,31,56
12055,63,14,31,56
12056,63,14,31,56
12057,63,14,31,56
12058,63,14,31,56
12059,63,14,31,56
12060,63,14,31,56
12061,63,14,31,56
12062,63,14,31,56
12063,63,14,31,56
12064,63,14,31,56
12065,63,14,31,56
12066,63,14,31,56
12067,63,14,31,56
12068,63,14,31,56
12069,63,14,31,56
12070,63,14,31,56
12071,63,14,31,56
12072,63,14,31,56
12073,63,14,31,56
12074,63,14,31,56
12075,63,14,31,56
12076,63,14,31,56
12077,63,14,31,56
12078,63,14,31,56
12079,63,14,31,56
12080,63,14,31,56
12081,63,14,31,56
12082,63,14,31,56
12083,63,14,31,56
12084,63,14,31,56
12085,63,14,31,56
12086,63,14,31,56
12087,63,14,31,56
12088,63,14,31,56
12089,63,14,31,56
12090,63,14,31,56
12091,63,14,31,56
12092,63,14,31,56
12093,63,14,31,56
12094,63,14,31,56
12095,63,14,31,56
12096,63,14,31,56
12097,63,14,31,56
12098,63,14,31,56
12099,63,14,31,56
12100,63,14,31,56
12101,63,14,31,56
12102,63,14,31,56
12103,63,14,31,56
12104,63,14,31,56
12105,63,14,31,56
12106,63,14,31,56
12107,63,14,31,56
12108,63,14,31,56
12109,63,14,31,56
12110,63,14,31,56
12111,63,14,31,56
12112,63,14,31,56
12113,63,14,31,56
12114,63,14,31,56
12115,63,14,31,56
12116,63,14,31,56
12117,63,14,31,56
12118,63,14,31,56
12119,63,14,31,56
12120,63,14,31,56
12121,63,14,31,56
12122,63,14,31,56
12123,63,14,31,56
12124,63,14,31,56
12125,63,14,31,56
12126,63,14,31,56
12127,63,14,31,56
12128,63,14,31,56
12129,63,14,31,56
12130,63,14,31,56
12131,63,14,31,56
12132,63,14,31,56
12133,63,14,31,56
12134,63,14,31,56
12135,63,14,31,56
12136,63,14,31,56
12137,63,14,31,56
12138,63,14,31,56
12139,63,14,31,56
12140,63,14,31,56
12141,63,14,31,56
12142,63,14,31,56
12143,63,14,31,56
12144,63,14,31,56
12145,63,14,31,56
12146,63,14,31,56
12147,63,14,31,56
12148,63,14,31,56
12149,63,14,31,56
12150,63,14,31,56
12151,63,14,31,56
12152,63,14,31,56
12153,63,14,31,56
12154,63,14,31,56
12155,63,14,31,56
12156,63,14,31,56
12157,63,14,31,56
12158,63,14,31,56
12159,63,14,31,56
12160,63,14,31,56
12161,63,14,31,56
12162,63,14,31,56
12163,63,14,31,56
12164,63,14,31,56
12165,63,14,31,56
12166,63,14,31,56
12167,63,14,31,56
12168,63,14,31,56
12169,63,14,31,56
12170,63,14,31,56
12171,63,14,31,56
12172,63,14,31,56
12173,63,14,31,56
12174,63,14,31,56
12175,63,14,31,56
12176,63,14,31,56
12177,63,14,31,56
12178,63,14,31,56
12179,63,14,31,56
12180,63,14,31,56
12181,63,14,31,56
12182,63,14,31,56
12183,63,14,31,56
12184,63,14,31,56
12185,63,14,31,56
12186,63,14,31,56
12187,63,14,31,56
12188,63,14,31,56
12189,63,14,31,56
12190,63,14,31,56
12191,63,14,31,56
12192,63,14,31,56
12193,63,14,31,56
12194,63,14,31,56
12195,63,14,31,56
12196,63,14,31,56
12197,63,14,31,56
12198,63,14,31,56
12199,63,14,31,56
12200,63,14,31,56
12201,63,14,31,56
12202,63,14,31,56
12203,63,14,31,56
12204,63,14,31,56
12205,63,14,31,56
12206,63,14,31,56
12207,63,14,31,56
12208,63,14,31,56
12209,63,14,31,56
12210,63,14,31,56
12211,63,14,31,56
12212,63,14,31,56
12213,63,14,31,56
12214,63,14,31,56
12215,63,14,31,56
12216,63,14,31,56
12217,63,14,31,56
12218,63,14,31,56
12219,63,14,31,56
12220,63,14,31,56
12221,63,14,31,56
12222,63,14,31,56
12223,63,14,31,56
12224,63,14,31,56
12225,63,14,31,56
12226,63,14,31,56
12227,63,14,31,56
12228,63,14,31,56
12229,63,14,31,56
12230,63,14,31,56
12231,63,14,31,56
12232,63,14,31,56
12233,63,14,31,56
12234,63,14,31,56
12235,63,14,31,56
12236,63,14,31,56
12237,63,14,31,56
12238,63,14,31,56
12239,63,14,31,56
12240,63,14,31,56
12241,63,14,31,56
12242,63,14,31,56
12243,63,14,31,56
12244,63,14,31,56
12245,63,14,31,56
12246,63,14,31,56
12247,63,14,31,56
12248,63,14,31,56
12249,63,14,31,56
12250,63,14,31,56
12251,63,14,31,56
12252,63,14,31,56
12253,63,14,31,56
12254,63,14,31,56
12255,63,14,31,56
12256,63,14,31,56
12257,63,14,31,56
12258,63,14,31,56
12259,63,14,31,56
12260,63,14,31,56
12261,63,14,31,56
12262,63,14,31,56
12263,63,14,31,56
12264,63,14,31,56
12265,63,14,31,56
12266,63,14,31,56
12267,63,14,31,56
12268,63,14,31,56
12269,63,14,31,56
12270,63,14,31,56
12271,63,14,31,56
12272,63,14,31,56
12273,63,14,31,56
12274,63,14,31,56
12275,63,14,31,56
12276,63,14,31,56
12277,63,14,31,56
12278,63,14,31,56
12279,63,14,31,56
12280,63,14,31,56
12281,63,14,31,56
12282,63,14,31,56
12283,63,14,31,56
12284,63,14,31,56
12285,63,14,31,56
12286,63,14,31,56
12287,63,14,31,56
12288,63,14,31,56
12289,63,14,31,56
12290,63,14,31,56
12291,63,14,31,56
12292,63,14,31,56
12293,63,14,31,56
12294,63,14,31,56
12295,63,14,31,56
12296,63,14,31,56
12297,63,14,31,56
12298,63,14,31,56
12299,63,14,31,56
12300,63,14,31,56
12301,63,14,31,56
12302,63,14,31,56
12303,63,14,31,56
12304,63,14,31,56
12305,63,14,31,56
12306,63,14,31,56
12307,63,14,31,56
12308,63,14,31,56
12309,63,14,31,56
12310,63,14,31,56
12311,63,14,31,56
12312,63,14,31,56
12313,63,14,31,56
12314,63,14,31,56
12315,63,14,31,56
12316,63,14,31,56
12317,63,14,31,56
12318,63,14,31,56
12319,63,14,31,56
12320,63,14,31,56
12321,63,14,31,56
12322,63,14,31,56
12323,63,14,31,56
12324,63,14,31,56
12325,63,14,31,56
12326,63,14,31,56
12327,63,14,31,56
12328,63,14,31,56
12329,63,14,31,56
12330,63,14,31,56
12331,63,14,31,56
12332,63,14,31,56
12333,63,14,31,56
12334,63,14,31,56
12335,63,14,31,56
12336,63,14,31,56
12337,63,14,31,56
12338,63,14,31,56
12339,63,14,31,56
12340,63,14,31,56
12341,63,14,31,56
12342,63,14,31,56
12343,63,14,31,56
12344,63,14,31,56
12345,63,14,31,56
12346,63,14,31,56
12347,63,14,31,56
12348,63,14,31,56
12349,63,14,31,56
12350,63,14,31,56
12351,63,14,31,56
12352,63,14,31,56
12353,63,14,31,56
12354,63,14,31,56
12355,63,14,31,56
12356,63,14,31,56
12357,63,14,31,56
12358,63,14,31,56
12359,63,14,31,56
12360,63,14,31,56
12361,63,14,31,56
12362,63,14,31,56
12363,63,14,31,56
12364,63,14,31,56
12365,63,14,31,56
12366,63,14,31,56
12367,63,14,31,56
12368,63,14,31,56
12369,63,14,31,56
12370,63,14,31,56
12371,63,14,31,56
12372,63,14,31,56
12373,63,14,31,56
12374,63,14,31,56
12375,63,14,31,56
12376,63,14,31,56
12377,63,14,31,56
12378,63,14,31,56
12379,63,14,31,56
12380,63,14,31,56
12381,63,14,31,56
12382,63,14,31,56
12383,63,14,31,56
12384,63,14,31,56
12385,63,14,31,56
12386,63,14,31,56
12387,63,14,31,56
12388,63,14,31,56
12389,63,14,31,56
12390,63,14,31,56
12391,63,14,31,56
12392,63,14,31,56
12393,63,14,31,56
12394,63,14,31,56
12395,63,14,31,56
12396,63,14,31,56
12397,63,14,31,56
12398,63,14,31,56
12399,63,14,31,56
12400,63,14,31,56
12401,63,14,31,56
12402,63,14,31,56
12403,63,14,31,56
12404,63,14,31,56
12405,63,14,31,56
12406,63,14,31,56
12407,63,14,31,56
12408,63,14,31,56
12409,63,14,31,56
12410,63,14,31,56
12411,63,14,31,56
12412,63,14,31,56
12413,63,14,31,56
12414,63,14,31,56
12415,63,14,31,56
12416,63,14,31,56
12417,63,14,31,56
12418,63,14,31,56
12419,63,14,31,56
12420,63,14,31,56
12421,63,14,31,56
12422,63,14,31,56
12423,63,14,31,56
12424,63,14,31,56
12425,63,14,31,56
12426,63,14,31,56
12427,63,14,31,56
12428,63,14,31,56
12429,63,14,31,56
12430,63,14,31,56
12431,63,14,31,56
12432,63,14,31,56
12433,63,14,31,56
12434,63,14,31,56
12435,63,14,31,56
12436,63,14,31,56
12437,63,14,31,56
12438,63,14,31,56
12439,63,14,31,56
12440,63,14,31,56
12441,63,14,31,56
12442,63,14,31,56
12443,63,14,31,56
12444,63,14,31,56
12445,63,14,31,56
12446,63,14,31,56
12447,63,14,31,56
12448,63,14,31,56
12449,63,14,31,56
12450,63,14,31,56
12451,63,14,31,56
12452,63,14,31,56
12453,63,14,31,56
12454,63,14,31,56
12455,63,14,31,56
12456,63,14,31,56
12457,63,14,31,56
12458,63,14,31,56
12459,63,14,31,56
12460,63,14,31,56
12461,63,14,31,56
12462,63,14,31,56
12463,63,14,31,56
12464,63,14,31,56
12465,63,14,31,56
12466,63,14,31,56
12467,63,14,31,56
12468,63,14,31,56
12469,63,14,31,56
12470,63,14,31,56
12471,63,14,31,56
12472,63,14,31,56
12473,63,14,31,56
12474,63,14,31,56
12475,63,14,31,56
12476,63,14,31,56
12477,63,14,31,56
12478,63,14,31,56
12479,63,14,31,56
12480,63,14,31,56
12481,63,14,31,56
12482,63,14,31,56
12483,63,14,31,56
12484,63,14,31,56
12485,63,14,31,56
12486,63,14,31,56
12487,63,14,31,56
12488,63,14,31,56
12489,63,14,31,56
12490,63,14,31,56
12491,63,14,31,56
12492,63,14,31,56
12493,63,14,31,56
12494,63,14,31,56
12495,63,14,31,56
12496,63,14,31,56
12497,63,14,31,56
12498,63,14,31,56
12499,63,14,31,56
12500,63,14,31,56
12501,63,14,31,56
12502,63,14,31,56
12503,63,14,31,56
12504,63,14,31,56
12505,63,14,31,56
12506,63,14,31,56
12507,63,14,31,56
12508,63,14,31,56
12509,63,14,31,56
12510,63,14,31,56
12511,63,14,31,56
12512,63,14,31,56
12513,63,14,31,56
12514,63,14,31,56
12515,63,14,31,56
12516,63,14,31,56
12517,63,14,31,56
12518,63,14,31,56
12519,63,14,31,56
12520,63,14,31,56
12521,63,14,31,56
12522,63,14,31,56
12523,63,14,31,56
12524,63,14,31,56
12525,63,14,31,56
12526,63,14,31,56
12527,63,14,31,56
12528,63,14,31,56
12529,63,14,31,56
12530,63,14,31,56
12531,63,14,31,56
12532,63,14,31,56
12533,63,14,31,56
12534,63,14,31,56
12535,63,14,31,56
12536,63,14,31,56
12537,63,14,31,56
12538,63,14,31,56
12539,63,14,31,56
12540,63,14,31,56
12541,63,14,31,56
12542,63,14,31,56
12543,63,14,31,56
12544,63,14,31,56
12545,63,14,31,56
12546,63,14,31,56
12547,63,14,31,56
12548,63,14,31,56
12549,63,14,31,56
12550,63,14,31,56
12551,63,14,31,56
12552,63,14,31,56
12553,63,14,31,56
12554,63,14,31,56
12555,63,14,31,56
12556,63,14,31,56
12557,63,14,31,56
12558,63,14,31,56
12559,63,14,31,56
12560,63,14,31,56
12561,63,14,31,56
12562,63,14,31,56
12563,63,14,31,56
12564,63,14,31,56
12565,63,14,31,56
12566,63,14,31,56
12567,63,14,31,56
12568,63,14,31,56
12569,63,14,31,56
12570,63,14,31,56
12571,63,14,31,56
12572,63,14,31,56
12573,63,14,31,56
12574,63,14,31,56
12575,63,14,31,56
12576,63,14,31,56
12577,63,14,31,56
12578,63,14,31,56
12579,63,14,31,56
12580,63,14,31,56
12581,63,14,31,56
12582,63,14,31,56
12583,63,14,31,56
12584,63,14,31,56
12585,63,14,31,56
12586,63,14,31,56
12587,63,14,31,56
12588,63,14,31,56
12589,63,14,31,56
12590,63,14,31,56
12591,63,14,31,56
12592,63,14,31,56
12593,63,14,31,56
12594,63,14,31,56
12595,63,14,31,56
12596,63,14,31,56
12597,63,14,31,56
12598,63,14,31,56
12599,63,14,31,56
12600,63,14,31,56
12601,63,14,31,56
12602,63,14,31,56
12603,63,14,31,56
12604,63,14,31,56
12605,63,14,31,56
12606,63,14,31,56
12607,63,14,31,56
12608,63,14,31,56
12609,63,14,31,56
12610,63,14,31,56
12611,63,14,31,56
12612,63,14,31,56
12613,63,14,31,56
12614,63,14,31,56
12615,63,14,31,56
12616,63,14,31,56
12617,63,14,31,56
12618,63,14,31,56
12619,63,14,31,56
12620,63,14,31,56
12621,63,14,31,56
12622,63,14,31,56
12623,63,14,31,56
12624,63,14,31,56
12625,63,14,31,56
12626,63,14,31,56
12627,63,14,31,56
12628,63,14,31,56
12629,63,14,31,56
12630,63,14,31,56
12631,63,14,31,56
12632,63,14,31,56
12633,63,14,31,56
12634,63,14,31,56
12635,63,14,31,56
12636,63,14,31,56
12637,63,14,31,56
12638,63,14,31,56
12639,63,14,31,56
12640,63,14,31,56
12641,63,14,31,56
12642,63,14,31,56
12643,63,14,31,56
12644,63,14,31,56
12645,63,14,31,56
12646,63,14,31,56
12647,63,14,31,56
12648,63,14,31,56
12649,63,14,31,56
12650,63,14,31,56
12651,63,14,31,56
12652,63,14,31,56
12653,63,14,31,56
12654,63,14,31,56
12655,63,14,31,56
12656,63,14,31,56
12657,63,14,31,56
12658,63,14,31,56
12659,63,14,31,56
12660,63,14,31,56
12661,63,14,31,56
12662,63,14,31,56
12663,63,14,31,56
12664,63,14,31,56
12665,63,14,31,56
12666,63,14,31,56
12667,63,14,31,56
12668,63,14,31,56
12669,63,14,31,56
12670,63,14,31,56
12671,63,14,31,56
12672,63,14,31,56
12673,63,14,31,56
12674,63,14,31,56
12675,63,14,31,56
12676,63,14,31,56
12677,63,14,31,56
12678,63,14,31,56
12679,63,14,31,56
12680,63,14,31,56
12681,63,14,31,56
12682,63,14,31,56
12683,63,14,31,56
12684,63,14,31,56
12685,63,14,31,56
12686,63,14,31,56
12687,63,14,31,56
12688,63,14,31,56
12689,63,14,31,56
12690,63,14,31,56
12691,63,14,31,56
12692,63,14,31,56
12693,63,14,31,56
12694,63,14,31,56
12695,63,14,31,56
12696,63,14,31,56
12697,63,14,31,56
12698,63,14,31,56
12699,63,14,31,56
12700,63,14,31,56
12701,63,14,31,56
12702,63,14,31,56
12703,63,14,31,56
12704,63,14,31,56
12705,63,14,31,56
12706,63,14,31,56
12707,63,14,31,56
12708,63,14,31,56
12709,63,14,31,56
12710,63,14,31,56
12711,63,14,31,56
12712,63,14,31,56
12713,63,14,31,56
12714,63,14,31,56
12715,63,14,31,56
12716,63,14,31,56
12717,63,14,31,56
12718,63,14,31,56
12719,63,14,31,56
12720,63,14,31,56
12721,63,14,31,56
12722,63,14,31,56
12723,63,14,31,56
12724,63,14,31,56
12725,63,14,31,56
12726,63,14,31,56
12727,63,14,31,56
12728,63,14,31,56
12729,63,14,31,56
12730,63,14,31,56
12731,63,14,31,56
12732,63,14,31,56
12733,63,14,31,56
12734,63,14,31,56
12735,63,14,31,56
12736,63,14,31,56
12737,63,14,31,56
12738,63,14,31,56
12739,63,14,31,56
12740,63,14,31,56
12741,63,14,31,56
12742,63,14,31,56
12743,63,14,31,56
12744,63,14,31,56
12745,63,14,31,56
12746,63,14,31,56
12747,63,14,31,56
12748,63,14,31,56
12749,63,14,31,56
12750,63,14,31,56
12751,63,14,31,56
12752,63,14,31,56
12753,63,14,31,56
12754,63,14,31,56
12755,63,14,31,56
12756,63,14,31,56
12757,63,14,31,56
12758,63,14,31,56
12759,63,14,31,56
12760,63,14,31,56
12761,63,14,31,56
12762,63,14,31,56
12763,63,14,31,56
12764,63,14,31,56
12765,63,14,31,56
12766,63,14,31,56
12767,63,14,31,56
12768,63,14,31,56
12769,63,14,31,56
12770,63,14,31,56
12771,63,14,31,56
12772,63,14,31,56
12773,63,14,31,56
12774,63,14,31,56
12775,63,14,31,56
12776,63,14,31,56
12777,63,14,31,56
12778,63,14,31,56
12779,63,14,31,56
12780,63,14,31,56
12781,63,14,31,56
12782,63,14,31,56
12783,63,14,31,56
12784,63,14,31,56
12785,63,14,31,56
12786,63,14,31,56
12787,63,14,31,56
12788,63,14,31,56
12789,63,14,31,56
12790,63,14,31,56
12791,63,14,31,56
12792,63,14,31,56
12793,63,14,31,56
12794,63,14,31,56
12795,63,14,31,56
12796,63,14,31,56
12797,63,14,31,56
12798,63,14,31,56
12799,63,14,31,56
12800,63,14,31,56
12801,63,14,31,56
12802,63,14,31,56
12803,63,14,31,56
12804,63,14,31,56
12805,63,14,31,56
12806,63,14,31,56
12807,63,14,31,56
12808,63,14,31,56
12809,63,14,31,56
12810,63,14,31,56
12811,63,14,31,56
12812,63,14,31,56
12813,63,14,31,56
12814,63,14,31,56
12815,63,14,31,56
12816,63,14,31,56
12817,63,14,31,56
12818,63,14,31,56
12819,63,14,31,56
12820,63,14,31,56
12821,63,14,31,56
12822,63,14,31,56
12823,63,14,31,56
12824,63,14,31,56
12825,63,14,31,56
12826,63,14,31,56
12827,63,14,31,56
12828,63,14,31,56
12829,63,14,31,56
12830,63,14,31,56
12831,63,14,31,56
12832,63,14,31,56
12833,63,14,31,56
12834,63,14,31,56
12835,63,14,31,56
12836,63,14,31,56
12837,63,14,31,56
12838,63,14,31,56
12839,63,14,31,56
12840,63,14,31,56
12841,63,14,31,56
12842,63,14,31,56
12843,63,14,31,56
12844,63,14,31,56
12845,63,14,31,56
12846,63,14,31,56
12847,63,14,31,56
12848,63,14,31,56
12849,63,14,31,56
12850,63,14,31,56
12851,63,14,31,56
12852,63,14,31,56
12853,63,14,31,56
12854,63,14,31,56
12855,63,14,31,56
12856,63,14,31,56
12857,63,14,31,56
12858,63,14,31,56
12859,63,14,31,56
12860,63,14,31,56
12861,63,14,31,56
12862,63,14,31,56
12863,63,14,31,56
12864,63,14,31,56
12865,63,14,31,56
12866,63,14,31,56
12867,63,14,31,56
12868,63,14,31,56
12869,63,14,31,56
12870,63,14,31,56
12871,63,14,31,56
12872,63,14,31,56
12873,63,14,31,56
12874,63,14,31,56
12875,63,14,31,56
12876,63,14,31,56
12877,63,14,31,56
12878,63,14,31,56
12879,63,14,31,56
12880,63,14,31,56
12881,63,14,31,56
12882,63,14,31,56
12883,63,14,31,56
12884,63,14,31,56
12885,63,14,31,56
12886,63,14,31,56
12887,63,14,31,56
12888,63,14,31,56
12889,63,14,31,56
12890,63,14,31,56
12891,63,14,31,56
12892,63,14,31,56
12893,63,14,31,56
12894,63,14,31,56
12895,63,14,31,56
12896,63,14,31,56
12897,63,14,31,56
12898,63,14,31,56
12899,63,14,31,56
12900,63,14,31,56
12901,63,14,31,56
12902,63,14,31,56
12903,63,14,31,56
12904,63,14,31,56
12905,63,14,31,56
12906,63,14,31,56
12907,63,14,31,56
12908,63,14,31,56
12909,63,14,31,56
12910,63,14,31,56
12911,63,14,31,56
12912,63,14,31,56
12913,63,14,31,56
12914,63,14,31,56
12915,63,14,31,56
12916,63,14,31,56
12917,63,14,31,56
12918,63,14,31,56
12919,63,14,31,56
12920,63,14,31,56
12921,63,14,31,56
12922,63,14,31,56
12923,63,14,31,56
12924,63,14,31,56
12925,63,14,31,56
12926,63,14,31,56
12927,63,14,31,56
12928,63,14,31,56
12929,63,14,31,56
12930,63,14,31,56
12931,63,14,31,56
12932,63,14,31,56
12933,63,14,31,56
12934,63,14,31,56
12935,63,14,31,56
12936,63,14,31,56
12937,63,14,31,56
12938,63,14,31,56
12939,63,14,31,56
12940,63,14,31,56
12941,63,14,31,56
12942,63,14,31,56
12943,63,14,31,56
12944,63,14,31,56
12945,63,14,31,56
12946,63,14,31,56
12947,63,14,31,56
12948,63,14,31,56
12949,63,14,31,56
12950,63,14,31,56
12951,63,14,31,56
12952,63,14,31,56
12953,63,14,31,56
12954,63,14,31,56
12955,63,14,31,56
12956,63,14,31,56
12957,63,14,31,56
12958,63,14,31,56
12959,63,14,31,56
12960,63,14,31,56
12961,63,14,31,56
12962,63,14,31,56
12963,63,14,31,56
12964,63,14,31,56
12965,63,14,31,56
12966,63,14,31,56
12967,63,14,31,56
12968,63,14,31,56
12969,63,14,31,56
12970,63,14,31,56
12971,63,14,31,56
12972,63,14,31,56
12973,63,14,31,56
12974,63,14,31,56
12975,63,14,31,56
12976,63,14,31,56
12977,63,14,31,56
12978,63,14,31,56
12979,63,14,31,56
12980,63,14,31,56
12981,63,14,31,56
12982,63,14,31,56
12983,63,14,31,56
12984,63,14,31,56
12985,63,14,31,56
12986,63,14,31,56
12987,63,14,31,56
12988,63,14,31,56
12989,63,14,31,56
12990,63,14,31,56
12991,63,14,31,56
12992,63,14,31,56
12993,63,14,31,56
12994,63,14,31,56
12995,63,14,31,56
12996,63,14,31,56
12997,63,14,31,56
12998,63,14,31,56
12999,63,14,31,56
13000,63,14,31,56
13001,63,14,31,56
13002,63,14,31,56
13003,63,14,31,56
13004,63,14,31,56
13005,63,14,31,56
13006,63,14,31,56
13007,63,14,31,56
13008,63,14,31,56
13009,63,14,31,56
13010,63,14,31,56
13011,63,14,31,56
13012,63,14,31,56
13013,63,14,31,56
13014,63,14,31,56
13015,63,14,31,56
13016,63,14,31,56
13017,63,14,31,56
13018,63,14,31,56
13019,63,14,31,56
13020,63,14,31,56
13021,63,14,31,56
13022,63,14,31,56
13023,63,14,31,56
13024,63,14,31,56
13025,63,14,31,56
13026,63,14,31,56
13027,63,14,31,56
13028,63,14,31,56
13029,63,14,31,56
13030,63,14,31,56
13031,63,14,31,56
13032,63,14,31,56
13033,63,14,31,56
13034,63,14,31,56
13035,63,14,31,56
13036,63,14,31,56
13037,63,14,31,56
13038,63,14,31,56
13039,63,14,31,56
13040,63,14,31,56
13041,63,14,31,56
13042,63,14,31,56
13043,63,14,31,56
13044,63,14,31,56
13045,63,14,31,56
13046,63,14,31,56
13047,63,14,31,56
13048,63,14,31,56
13049,63,14,31,56
13050,63,14,31,56
13051,63,14,31,56
13052,63,14,31,56
13053,63,14,31,56
13054,63,14,31,56
13055,63,14,31,56
13056,63,14,31,56
13057,63,14,31,56
13058,63,14,31,56
13059,63,14,31,56
13060,63,14,31,56
13061,63,14,31,56
13062,63,14,31,56
13063,63,14,31,56
13064,63,14,31,56
13065,63,14,31,56
13066,63,14,31,56
13067,63,14,31,56
13068,63,14,31,56
13069,63,14,31,56
13070,63,14,31,56
13071,63,14,31,56
13072,63,14,31,56
13073,63,14,31,56
13074,63,14,31,56
13075,63,14,31,56
13076,63,14,31,56
13077,63,14,31,56
13078,63,14,31,56
13079,63,14,31,56
13080,63,14,31,56
13081,63,14,31,56
13082,63,14,31,56
13083,63,14,31,56
13084,63,14,31,56
13085,63,14,31,56
13086,63,14,31,56
13087,63,14,31,56
13088,63,14,31,56
13089,63,14,31,56
13090,63,14,31,56
13091,63,14,31,56
13092,63,14,31,56
13093,63,14,31,56
13094,63,14,31,56
13095,63,14,31,56
13096,63,14,31,56
13097,63,14,31,56
13098,63,14,31,56
13099,63,14,31,56
13100,63,14,31,56
13101,63,14,31,56
13102,63,14,31,56
13103,63,14,31,56
13104,63,14,31,56
13105,63,14,31,56
13106,63,14,31,56
13107,63,14,31,56
13108,63,14,31,56
13109,63,14,31,56
13110,63,14,31,56
13111,63,14,31,56
13112,63,14,31,56
13113,63,14,31,56
13114,63,14,31,56
13115,63,14,31,56
13116,63,14,31,56
13117,63,14,31,56
13118,63,14,31,56
13119,63,14,31,56
13120,63,14,31,56
13121,63,14,31,56
13122,63,14,31,56
13123,63,14,31,56
13124,63,14,31,56
13125,63,14,31,56
13126,63,14,31,56
13127,63,14,31,56
13128,63,14,31,56
13129,63,14,31,56
13130,63,14,31,56
13131,63,14,31,56
13132,63,14,31,56
13133,63,14,31,56
13134,63,14,31,56
13135,63,14,31,56
13136,63,14,31,56
13137,63,14,31,56
13138,63,14,31,56
13139,63,14,31,56
13140,63,14,31,56
13141,63,14,31,56
13142,63,14,31,56
13143,63,14,31,56
13144,63,14,31,56
13145,63,14,31,56
13146,63,14,31,56
13147,63,14,31,56
13148,63,14,31,56
13149,63,14,31,56
13150,63,14,31,56
13151,63,14,31,56
13152,63,14,31,56
13153,63,14,31,56
13154,63,14,31,56
13155,63,14,31,56
13156,63,14,31,56
13157,63,14,31,56
13158,63,14,31,56
13159,63,14,31,56
13160,63,14,31,56
13161,63,14,31,56
13162,63,14,31,56
13163,63,14,31,56
13164,63,14,31,56
13165,63,14,31,56
13166,63,14,31,56
13167,63,14,31,56
13168,63,14,31,56
13169,63,14,31,56
13170,63,14,31,56
13171,63,14,31,56
13172,63,14,31,56
13173,63,14,31,56
13174,63,14,31,56
13175,63,14,31,56
13176,63,14,31,56
13177,63,14,31,56
13178,63,14,31,56
13179,63,14,31,56
13180,63,14,31,56
13181,63,14,31,56
13182,63,14,31,56
13183,63,14,31,56
13184,63,14,31,56
13185,63,14,31,56
13186,63,14,31,56
13187,63,14,31,56
13188,63,14,31,56
13189,63,14,31,56
13190,63,14,31,56
13191,63,14,31,56
13192,63,14,31,56
13193,63,14,31,56
13194,63,14,31,56
13195,63,14,31,56
13196,63,14,31,56
13197,63,14,31,56
13198,63,14,31,56
13199,63,14,31,56
13200,63,14,31,56
13201,63,14,31,56
13202,63,14,31,56
13203,63,14,31,56
13204,63,14,31,56
13205,63,14,31,56
13206,63,14,31,56
13207,63,14,31,56
13208,63,14,31,56
13209,63,14,31,56
13210,63,14,31,56
13211,63,14,31,56
13212,63,14,31,56
13213,63,14,31,56
13214,63,14,31,56
13215,63,14,31,56
13216,63,14,31,56
13217,63,14,31,56
13218,63,14,31,56
13219,63,14,31,56
13220,63,14,31,56
13221,63,14,31,56
13222,63,14,31,56
13223,63,14,31,56
13224,63,14,31,56
13225,63,14,31,56
13226,63,14,31,56
13227,63,14,31,56
13228,63,14,31,56
13229,63,14,31,56
13230,63,14,31,56
13231,63,14,31,56
13232,63,14,31,56
13233,63,14,31,56
13234,63,14,31,56
13235,63,14,31,56
13236,63,14,31,56
13237,63,14,31,56
13238,63,14,31,56
13239,63,14,31,56
13240,63,14,31,56
13241,63,14,31,56
13242,63,14,31,56
13243,63,14,31,56
13244,63,14,31,56
13245,63,14,31,56
13246,63,14,31,56
13247,63,14,31,56
13248,63,14,31,56
13249,63,14,31,56
13250,63,14,31,56
13251,63,14,31,56
13252,63,14,31,56
13253,63,14,31,56
13254,63,14,31,56
13255,63,14,31,56
13256,63,14,31,56
13257,63,14,31,56
13258,63,14,31,56
13259,63,14,31,56
13260,63,14,31,56
13261,63,14,31,56
13262,63,14,31,56
13263,63,14,31,56
13264,63,14,31,56
13265,63,14,31,57
13266,63,14,31,57
13267,63,14,31,57
13268,63,14,31,57
13269,63,14,31,57
13270,63,14,31,57
13271,63,14,31,57
13272,63,14,31,57
13273,63,14,31,57
13274,63,14,31,57
13275,63,14,31,57
13276,63,14,31,57
13277,63,14,31,57
13278,63,14,31,57
13279,63,14,31,57
13280,63,14,31,57
13281,63,14,31,57
13282,63,14,31,57
13283,63,14,31,57
13284,63,14,31,57
13285,63,14,31,57
13286,63,14,31,57
13287,63,14,31,57
13288,63,14,31,57
13289,63,14,31,57
13290,63,14,31,57
13291,63,14,31,57
13292,63,14,31,57
13293,63,14,31,57
13294,63,14,31,57
13295,63,14,31,57
13296,63,14,31,57
13297,63,14,31,57
13298,63,14,31,57
13299,63,14,31,57
13300,63,14,31,57
13301,63,14,31,57
13302,63,14,31,57
13303,63,14,31,57
13304,63,14,31,57
13305,63,14,31,57
13306,63,14,31,57
13307,63,14,31,57
13308,63,14,31,57
13309,63,14,31,57
13310,63,14,31,57
13311,63,14,31,57
13312,63,14,31,57
13313,63,14,31,57
13314,63,14,31,57
13315,63,14,31,57
13316,63,14,31,57
13317,63,14,31,57
13318,63,14,31,57
13319,63,14,31,57
13320,63,14,31,57
13321,63,14,31,57
13322,63,14,31,57
13323,63,14,31,57
13324,63,14,31,57
13325,63,14,31,57
13326,63,14,31,57
13327,63,14,31,57
13328,63,14,31,57
13329,63,14,31,57
13330,63,14,31,57
13331,63,14,31,57
13332,63,14,31,57
13333,63,14,31,57
13334,63,14,31,57
13335,63,14,31,57
13336,63,14,31,57
13337,63,14,31,57
13338,63,14,31,57
13339,63,14,31,57
13340,63,14,31,57
13341,63,14,31,57
13342,63,14,31,57
13343,63,14,31,57
13344,63,14,31,57
13345,63,14,31,57
13346,63,14,31,57
13347,63,14,31,57
13348,63,14,31,57
13349,63,14,31,57
13350,63,14,31,57
13351,63,14,31,57
13352,63,14,31,57
13353,63,14,31,57
13354,63,14,31,57
13355,63,14,31,57
13356,63,14,31,57
13357,63,14,31,57
13358,63,14,31,57
13359,63,14,31,57
13360,63,14,31,57
13361,63,14,31,57
13362,63,14,31,57
13363,63,14,31,57
13364,63,14,31,57
13365,63,14,31,57
13366,63,14,31,57
13367,63,14,31,57
13368,63,14,31,57
13369,63,14,31,57
13370,63,14,31,57
13371,63,14,31,57
13372,63,14,31,57
13373,63,14,31,57
13374,63,14,31,57
13375,63,14,31,57
13376,63,14,31,57
13377,63,14,31,57
13378,63,14,31,57
13379,63,14,31,57
13380,63,14,31,57
13381,63,14,31,57
13382,63,14,31,57
13383,63,14,31,57
13384,63,14,31,57
13385,63,14,31,57
13386,63,14,31,57
13387,63,14,31,57
13388,63,14,31,57
13389,63,14,31,57
13390,63,14,31,57
13391,63,14,31,57
13392,63,14,31,57
13393,63,14,31,57
13394,63,14,31,57
13395,63,14,31,57
13396,63,14,31,57
13397,63,14,31,57
13398,63,14,31,57
13399,63,14,31,57
13400,63,14,31,57
13401,63,14,31,57
13402,63,14,31,57
13403,63,14,31,58
13404,63,14,31,58
13405,63,14,31,58
13406,63,14,31,58
13407,63,14,31,58
13408,63,14,31,58
13409,63,14,31,58
13410,63,14,31,58
13411,63,14,31,58
13412,63,14,31,58
13413,63,14,31,58
13414,63,14,31,58
13415,63,14,31,58
13416,63,14,31,58
13417,63,14,31,58
13418,63,14,31,58
13419,63,14,31,58
13420,63,14,31,58
13421,63,14,31,58
13422,63,14,31,58
13423,63,14,31,58
13424,63,14,31,58
13425,63,14,31,58
13426,63,14,31,58
13427,63,14,31,58
13428,63,14,31,58
13429,63,14,31,58
13430,63,14,31,58
13431,63,14,31,58
13432,63,14,31,58
13433,63,14,31,58
13434,63,14,31,58
13435,63,14,31,58
13436,63,14,31,58
13437,63,14,31,58
13438,63,14,31,58
13439,63,14,31,58
13440,63,14,31,58
13441,63,14,31,58
13442,63,14,31,58
13443,63,14,31,58
13444,63,14,31,58
13445,63,14,31,58
13446,63,14,31,58
13447,63,14,31,58
13448,63,14,31,58
13449,63,14,31,58
13450,63,14,31,58
13451,63,14,31,58
13452,63,14,31,58
13453,63,14,31,58
13454,63,14,31,58
13455,63,14,31,58
13456,63,14,31,58
13457,63,14,31,58
13458,63,14,31,58
13459,63,14,31,58
13460,63,14,31,58
13461,63,14,31,58
13462,63,14,31,58
13463,63,14,31,58
13464,63,14,31,58
13465,63,14,31,58
13466,63,14,31,58
13467,63,14,31,58
13468,63,14,31,58
13469,63,14,31,58
13470,63,14,31,58
13471,63,14,31,58
13472,63,14,31,58
13473,63,14,31,58
13474,63,14,31,58
13475,63,14,31,58
13476,63,14,31,58
13477,63,14,31,58
13478,63,14,31,58
13479,63,14,31,58
13480,63,14,31,58
13481,63,14,31,58
13482,63,14,31,58
13483,63,14,31,58
13484,63,14,31,58
13485,63,14,31,58
13486,63,14,31,58
13487,63,14,31,58
13488,63,14,31,58
13489,63,14,31,58
13490,63,14,31,58
13491,63,14,31,58
13492,63,14,31,58
13493,63,14,31,58
13494,63,14,31,58
13495,63,14,31,58
13496,63,14,31,58
13497,63,14,31,58
13498,63,14,31,58
13499,63,14,31,58
13500,63,14,31,58
13501,63,14,31,58
13502,63,14,31,58
13503,63,14,31,58
13504,63,14,31,58
13505,63,14,31,58
13506,63,14,31,58
13507,63,14,31,58
13508,63,14,31,58
13509,63,14,31,58
13510,63,14,31,58
13511,63,14,31,58
13512,63,14,31,58
13513,63,14,31,58
13514,63,14,31,58
13515,63,14,31,58
13516,63,14,31,58
13517,63,14,31,58
13518,63,14,31,58
13519,63,14,31,58
13520,63,14,31,58
13521,63,14,31,58
13522,63,14,31,58
13523,63,14,31,58
13524,63,14,31,58
13525,63,14,31,58
13526,63,14,31,58
13527,63,14,31,58
13528,63,14,31,58
13529,63,14,31,58
13530,63,14,31,58
13531,63,14,31,58
13532,63,14,31,58
13533,63,14,31,58
13534,63,14,31,58
13535,63,14,31,58
13536,63,14,31,58
13537,63,14,31,58
13538,63,14,31,58
13539,63,14,31,58
13540,63,14,31,58
13541,63,14,31,58
13542,63,14,31,58
13543,63,14,31,58
13544,63,14,31,58
13545,63,14,31,58
13546,63,14,31,58
13547,63,14,31,58
13548,63,14,31,58
13549,63,14,31,58
13550,63,14,31,58
13551,63,14,31,58
13552,63,14,31,58
13553,63,14,31,58
13554,63,14,31,58
13555,63,14,31,58
13556,63,14,31,58
13557,63,14,31,58
13558,63,14,31,58
13559,63,14,31,58
13560,63,14,31,58
13561,63,14,31,58
13562,63,14,31,58
13563,63,14,31,58
13564,63,14,31,58
13565,63,14,31,58
13566,63,14,31,58
13567,63,14,31,58
13568,63,14,31,58
13569,63,14,31,58
13570,63,14,31,58
13571,63,14,31,58
13572,63,14,31,58
13573,63,14,31,58
13574,63,14,31,58
13575,63,14,31,58
13576,63,14,31,58
13577,63,14,31,58
13578,63,14,31,58
13579,63,14,31,58
13580,63,14,31,58
13581,63,14,31,58
13582,63,14,31,58
13583,63,14,31,58
13584,63,14,31,58
13585,63,14,31,58
13586,63,14,31,58
13587,63,14,31,58
13588,63,14,31,58
13589,63,14,31,58
13590,63,14,31,58
13591,63,14,31,58
13592,63,14,31,58
13593,63,14,31,58
13594,63,14,31,58
13595,63,14,31,58
13596,63,14,31,58
13597,63,14,31,58
13598,63,14,31,58
13599,63,14,31,58
13600,63,14,31,58
13601,63,14,31,58
13602,63,14,31,58
13603,63,14,31,58
13604,63,14,31,58
13605,63,14,31,58
13606,63,14,31,58
13607,63,14,31,58
13608,63,14,31,58
13609,63,14,31,58
13610,63,14,31,58
13611,63,14,31,58
13612,63,14,31,58
13613,63,14,31,58
13614,63,14,31,58
13615,63,14,31,58
13616,63,14,31,58
13617,63,14,31,58
13618,63,14,31,58
13619,63,14,31,58
13620,63,14,31,58
13621,63,14,31,58
13622,63,14,31,58
13623,63,14,31,58
13624,63,14,31,58
13625,63,14,31,58
13626,63,14,31,58
13627,63,14,31,58
13628,63,14,31,58
13629,63,14,31,58
13630,63,14,31,58
13631,63,14,31,58
13632,63,14,31,58
13633,63,14,31,58
13634,63,14,31,58
13635,63,14,31,58
13636,63,14,31,58
13637,63,14,31,58
13638,63,14,31,58
13639,63,14,31,58
13640,63,14,31,58
13641,63,14,31,58
13642,63,14,31,58
13643,63,14,31,58
13644,63,14,31,58
13645,63,14,31,58
13646,63,14,31,58
13647,63,14,31,58
13648,63,14,31,58
13649,63,14,31,58
13650,63,14,31,58
13651,63,14,31,58
13652,63,14,31,58
13653,63,14,31,58
13654,63,14,31,58
13655,63,14,31,58
13656,63,14,31,58
13657,63,14,31,58
13658,63,14,31,58
13659,63,14,31,58
13660,63,14,31,58
13661,63,14,31,58
13662,63,14,31,58
13663,63,14,31,58
13664,63,14,31,58
13665,63,14,31,58
13666,63,14,31,58
13667,63,14,31,59
13668,63,14,31,59
13669,63,14,31,59
13670,63,14,31,59
13671,63,14,31,59
13672,63,14,31,59
13673,63,14,31,59
13674,63,14,31,59
13675,63,14,31,59
13676,63,14,31,59
13677,63,14,31,59
13678,63,14,31,59
13679,63,14,31,59
13680,63,14,31,59
13681,63,14,31,59
13682,63,14,31,59
13683,63,14,31,59
13684,63,14,31,59
13685,63,14,31,59
13686,63,14,31,59
13687,63,14,31,59
13688,63,14,31,59
13689,63,14,31,59
13690,63,14,31,59
13691,63,14,31,59
13692,63,14,31,59
13693,63,14,31,59
13694,63,14,31,59
13695,63,14,31,59
13696,63,14,31,59
13697,63,14,31,59
13698,63,14,31,59
13699,63,14,31,59
13700,63,14,31,59
13701,63,14,31,59
13702,63,14,31,59
13703,63,14,31,59
13704,63,14,31,59
13705,63,14,31,59
13706,63,14,31,59
13707,63,14,31,59
13708,63,14,31,59
13709,63,14,31,59
13710,63,14,31,59
13711,63,14,31,59
13712,63,14,31,59
13713,63,14,31,59
13714,63,14,31,59
13715,63,14,31,59
13716,63,14,31,59
13717,63,14,31,59
13718,63,14,31,59
13719,63,14,31,59
13720,63,14,31,59
13721,63,14,31,59
13722,63,14,31,59
13723,63,14,31,59
13724,63,14,31,59
13725,63,14,31,59
13726,63,14,31,59
13727,63,14,31,59
13728,63,14,31,59
13729,63,14,31,59
13730,63,14,31,59
13731,63,14,31,59
13732,63,14,31,59
13733,63,14,31,59
13734,63,14,31,59
13735,63,14,31,59
13736,63,14,31,59
13737,63,14,31,59
13738,63,14,31,59
13739,63,14,31,59
13740,63,14,31,59
13741,63,14,31,59
13742,63,14,31,59
13743,63,14,31,59
13744,63,14,31,59
13745,63,14,31,59
13746,63,14,31,59
13747,63,14,31,59
13748,63,14,31,59
13749,63,14,31,59
13750,63,14,31,59
13751,63,14,31,59
13752,63,14,31,59
13753,63,14,31,59
13754,63,14,31,59
13755,63,14,31,59
13756,63,14,31,59
13757,63,14,31,59
13758,63,14,31,59
13759,63,14,31,59
13760,63,14,31,59
13761,63,14,31,59
13762,63,14,31,59
13763,63,14,31,59
13764,63,14,31,59
13765,63,14,31,59
13766,63,14,31,59
13767,63,14,31,59
13768,63,14,31,59
13769,63,14,31,59
13770,63,14,31,59
13771,63,14,31,59
13772,63,14,31,59
13773,63,14,31,59
13774,63,14,31,59
13775,63,14,31,59
13776,63,14,31,59
13777,63,14,31,59
13778,63,14,31,59
13779,63,14,31,59
13780,63,14,31,59
13781,63,14,31,59
13782,63,14,31,59
13783,63,14,31,59
13784,63,14,31,59
13785,63,14,31,59
13786,63,14,31,59
13787,63,14,31,59
13788,63,14,31,59
13789,63,14,31,59
13790,63,14,31,59
13791,63,14,31,59
13792,63,14,31,59
13793,63,14,31,59
13794,63,14,31,59
13795,63,14,31,59
13796,63,14,31,59
13797,63,14,31,59
13798,63,14,31,59
13799,63,14,31,59
13800,63,14,31,59
13801,63,14,31,59
13802,63,14,31,59
13803,63,14,31,59
13804,63,14,31,59
13805,63,14,31,59
13806,63,14,31,59
13807,63,14,31,59
13808,63,14,31,59
13809,63,14,31,59
13810,63,14,31,59
13811,63,14,31,59
13812,63,14,31,59
13813,63,14,31,59
13814,63,14,31,59
13815,63,14,31,59
13816,63,14,31,59
13817,63,14,31,59
13818,63,14,31,59
13819,63,14,31,59
13820,63,14,31,59
13821,63,14,31,59
13822,63,14,31,59
13823,63,14,31,59
13824,63,14,31,59
13825,63,14,31,59
13826,63,14,31,59
13827,63,14,31,59
13828,63,14,31,59
13829,63,14,31,59
13830,63,14,31,59
13831,63,14,31,59
13832,63,14,31,59
13833,63,14,31,59
13834,63,14,31,59
13835,63,14,31,59
13836,63,14,31,59
13837,63,14,31,59
13838,63,14,31,59
13839,63,14,31,59
13840,63,14,31,59
13841,63,14,31,59
13842,63,14,31,59
13843,63,14,31,59
13844,63,14,31,59
13845,63,14,31,59
13846,63,14,31,59
13847,63,14,31,59
13848,63,14,31,59
13849,63,14,31,59
13850,63,14,31,59
13851,63,14,31,59
13852,63,14,31,59
13853,63,14,31,59
13854,63,14,31,59
13855,63,14,31,59
13856,63,14,31,59
13857,63,14,31,59
13858,63,14,31,59
13859,63,14,31,59
13860,63,14,31,59
13861,63,14,31,59
13862,63,14,31,59
13863,63,14,31,59
13864,63,14,31,59
13865,63,14,31,59
13866,63,14,31,59
13867,63,14,31,59
13868,63,14,31,59
13869,63,14,31,59
13870,63,14,31,59
13871,63,14,31,59
13872,63,14,31,59
13873,63,14,31,59
13874,63,14,31,59
13875,63,14,31,59
13876,63,14,31,59
13877,63,14,31,59
13878,63,14,31,59
13879,63,14,31,59
13880,63,14,31,59
13881,63,14,31,59
13882,63,14,31,59
13883,63,14,31,59
13884,63,14,31,59
13885,63,14,31,59
13886,63,14,31,59
13887,63,14,31,59
13888,63,14,31,59
13889,63,14,31,59
13890,63,14,31,59
13891,63,14,31,59
13892,63,14,31,59
13893,63,14,31,59
13894,63,14,31,59
13895,63,14,31,59
13896,63,14,31,59
13897,63,14,31,59
13898,63,14,31,59
13899,63,14,31,59
13900,63,14,31,59
13901,63,14,31,59
13902,63,14,31,59
13903,63,14,31,59
13904,63,14,31,59
13905,63,14,31,59
13906,63,14,31,59
13907,63,14,31,59
13908,63,14,31,59
13909,63,14,31,59
13910,63,14,31,59
13911,63,14,31,59
13912,63,14,31,59
13913,63,14,31,59
13914,63,14,31,59
13915,63,14,31,59
13916,63,14,31,59
13917,63,14,31,59
13918,63,14,31,59
13919,63,14,31,59
13920,63,14,31,59
13921,63,14,31,59
13922,63,14,31,59
13923,63,14,31,59
13924,63,14,31,59
13925,63,14,31,59
13926,63,14,31,59
13927,63,14,31,59
13928,63,14,31,59
13929,63,14,31,59
13930,63,14,31,59
13931,63,14,31,59
13932,63,14,31,59
13933,63,14,31,59
13934,63,14,31,59
13935,63,14,31,59
13936,63,14,31,59
13937,63,14,31,59
13938,63,14,31,59
13939,63,14,31,59
13940,63,14,31,59
13941,63,14,31,59
13942,63,14,31,59
13943,63,14,31,59
13944,63,14,31,59
13945,63,14,31,59
13946,63,14,31,59
13947,63,14,31,59
13948,63,14,31,59
13949,63,14,31,59
13950,63,14,31,59
13951,63,14,31,59
13952,63,14,31,59
13953,63,14,31,59
13954,63,14,31,59
13955,63,14,31,59
13956,63,14,31,59
13957,63,14,31,59
13958,63,14,31,59
13959,63,14,31,59
13960,63,14,31,59
13961,63,14,31,59
13962,63,14,31,59
13963,63,14,31,59
13964,63,14,31,59
13965,63,14,31,59
13966,63,14,31,59
13967,63,14,31,59
13968,63,14,31,59
13969,63,14,31,59
13970,63,14,31,59
13971,63,14,31,59
13972,63,14,31,59
13973,63,14,31,59
13974,63,14,31,59
13975,63,14,31,59
13976,63,14,31,59
13977,63,14,31,59
13978,63,14,31,59
13979,63,14,31,59
13980,63,14,31,59
13981,63,14,31,59
13982,63,14,31,59
13983,63,14,31,59
13984,63,14,31,59
13985,63,14,31,59
13986,63,14,31,59
13987,63,14,31,59
13988,63,14,31,59
13989,63,14,31,59
13990,63,14,31,59
13991,63,14,31,59
13992,63,14,31,59
13993,63,14,31,59
13994,63,14,31,59
13995,63,14,31,59
13996,63,14,31,59
13997,63,14,31,59
13998,63,14,31,59
13999,63,14,31,59
14000,63,14,31,60
14001,63,14,31,60
14002,63,14,31,60
14003,63,14,31,60
14004,63,14,31,60
14005,63,14,31,60
14006,63,14,31,60
14007,63,14,31,60
14008,63,14,31,60
14009,63,14,31,60
14010,63,14,31,60
14011,63,14,31,60
14012,63,14,31,60
14013,63,14,31,60
14014,63,14,31,60
14015,63,14,31,60
14016,63,14,31,60
14017,63,14,31,60
14018,63,14,31,60
14019,63,14,31,60
14020,63,14,31,60
14021,63,14,31,60
14022,63,14,31,60
14023,63,14,31,60
14024,63,14,31,60
14025,63,14,31,60
14026,63,14,31,60
14027,63,14,31,60
14028,63,14,31,60
14029,63,14,31,60
14030,63,14,31,60
14031,63,14,31,60
14032,63,14,31,60
14033,63,14,31,60
14034,63,14,31,60
14035,63,14,31,60
14036,63,14,31,60
14037,63,14,31,60
14038,63,14,31,60
14039,63,14,31,60
14040,63,14,31,60
14041,63,14,31,60
14042,63,14,31,60
14043,63,14,31,60
14044,63,14,31,60
14045,63,14,31,60
14046,63,14,31,60
14047,63,14,31,60
14048,63,14,31,60
14049,63,14,31,60
14050,63,14,31,60
14051,63,14,31,60
14052,63,14,31,60
14053,63,14,31,60
14054,63,14,31,60
14055,63,14,31,60
14056,63,14,31,60
14057,63,14,31,60
14058,63,14,31,60
14059,63,14,31,60
14060,63,14,31,60
14061,63,14,31,60
14062,63,14,31,60
14063,63,14,31,60
14064,63,14,31,60
14065,63,14,31,60
14066,63,14,31,60
14067,63,14,31,60
14068,63,14,31,60
14069,63,14,31,60
14070,63,14,31,60
14071,63,14,31,60
14072,63,14,31,60
14073,63,14,31,60
14074,63,14,31,60
14075,63,14,31,60
14076,63,14,31,60
14077,63,14,31,60
14078,63,14,31,60
14079,63,14,31,60
14080,63,14,31,60
14081,63,14,31,60
14082,63,14,31,60
14083,63,14,31,60
14084,63,14,31,60
14085,63,14,31,60
14086,63,14,31,60
14087,63,14,31,60
14088,63,14,31,60
14089,63,14,31,60
14090,63,14,31,60
14091,63,14,31,60
14092,63,14,31,60
14093,63,14,31,60
14094,63,14,31,60
14095,63,14,31,60
14096,63,14,31,60
14097,63,14,31,60
14098,63,14,31,60
14099,63,14,31,60
14100,63,14,31,60
14101,63,14,31,60
14102,63,14,31,60
14103,63,14,31,60
14104,63,14,31,60
14105,63,14,31,60
14106,63,14,31,60
14107,63,14,31,60
14108,63,14,31,60
14109,63,14,31,60
14110,63,14,31,60
14111,63,14,31,60
14112,63,14,31,60
14113,63,14,31,60
14114,63,14,31,60
14115,63,14,31,60
14116,63,14,31,60
14117,63,14,31,60
14118,63,14,31,60
14119,63,14,31,60
14120,63,14,31,60
14121,63,14,31,60
14122,63,14,31,60
14123,63,14,31,60
14124,63,14,31,60
14125,63,14,31,60
14126,63,14,31,60
14127,63,14,31,60
14128,63,14,31,60
14129,63,14,31,60
14130,63,14,31,60
14131,63,14,31,60
14132,63,14,31,60
14133,63,14,31,60
14134,63,14,31,60
14135,63,14,31,60
14136,63,14,31,60
14137,63,14,31,60
14138,63,14,31,60
14139,63,14,31,60
14140,63,14,31,60
14141,63,14,31,60
14142,63,14,31,60
14143,63,14,31,60
14144,63,14,31,60
14145,63,14,31,60
14146,63,14,31,60
14147,63,14,31,60
14148,63,14,31,60
14149,63,14,31,60
14150,63,14,31,60
14151,63,14,31,60
14152,63,14,31,60
14153,63,14,31,60
14154,63,14,31,60
14155,63,14,31,60
14156,63,14,31,60
14157,63,14,31,60
14158,63,14,31,60
14159,63,14,31,60
14160,63,14,31,60
14161,63,14,31,60
14162,63,14,31,60
14163,63,14,31,60
14164,63,14,31,60
14165,63,14,31,60
14166,63,14,31,60
14167,63,14,31,60
14168,63,14,31,60
14169,63,14,31,60
14170,63,14,31,60
14171,63,14,31,60
14172,63,14,31,60
14173,63,14,31,60
14174,63,14,31,60
14175,63,14,31,60
14176,63,14,31,60
14177,63,14,31,60
14178,63,14,31,60
14179,63,14,31,60
14180,63,14,31,60
14181,63,14,31,60
14182,63,14,31,60
14183,63,14,31,60
14184,63,14,31,60
14185,63,14,31,60
14186,63,14,31,60
14187,63,14,31,60
14188,63,14,31,60
14189,63,14,31,60
14190,63,14,31,60
14191,63,14,31,60
14192,63,14,31,60
14193,63,14,31,60
14194,63,14,31,60
14195,63,14,31,60
14196,63,14,31,60
14197,63,14,31,60
14198,63,14,31,60
14199,63,14,31,60
14200,63,14,31,60
14201,63,14,31,60
14202,63,14,31,60
14203,63,14,31,60
14204,63,14,31,60
14205,63,14,31,60
14206,63,14,31,60
14207,63,14,31,60
14208,63,14,31,60
14209,63,14,31,60
14210,63,14,31,60
14211,63,14,31,60
14212,63,14,31,60
14213,63,14,31,60
14214,63,14,31,60
14215,63,14,31,60
14216,63,14,31,60
14217,63,14,31,60
14218,63,14,31,60
14219,63,14,31,60
14220,63,14,31,60
14221,63,14,31,60
14222,63,14,31,60
14223,63,14,31,60
14224,63,14,31,60
14225,63,14,31,60
14226,63,14,31,60
14227,63,14,31,60
14228,63,14,31,60
14229,63,14,31,60
14230,63,14,31,60
14231,63,14,31,60
14232,63,14,31,60
14233,63,14,31,60
14234,63,14,31,60
14235,63,14,31,60
14236,63,14,31,60
14237,63,14,31,60
14238,63,14,31,60
14239,63,14,31,60
14240,63,14,31,60
14241,63,14,31,60
14242,63,14,31,60
14243,63,14,31,60
14244,63,14,31,60
14245,63,14,31,60
14246,63,14,31,60
14247,63,14,31,60
14248,63,14,31,60
14249,63,14,31,60
14250,63,14,31,60
14251,63,14,31,60
14252,63,14,31,60
14253,63,14,31,60
14254,63,14,31,60
14255,63,14,31,60
14256,63,14,31,60
14257,63,14,31,60
14258,63,14,31,60
14259,63,14,31,60
14260,63,14,31,60
14261,63,14,31,60
14262,63,14,31,60
14263,63,14,31,60
14264,63,14,31,60
14265,63,14,31,60
14266,63,14,31,60
14267,63,14,31,60
14268,63,14,31,60
14269,63,14,31,60
14270,63,14,31,60
14271,63,14,31,60
14272,63,14,31,60
14273,63,14,31,60
14274,63,14,31,60
14275,63,14,31,60
14276,63,14,31,60
14277,63,14,31,60
14278,63,14,31,60
14279,63,14,31,60
14280,63,14,31,60
14281,63,14,31,60
14282,63,14,31,60
14283,63,14,31,60
14284,63,14,31,60
14285,63,14,31,60
14286,63,14,31,60
14287,63,14,31,60
14288,63,14,31,60
14289,63,14,31,60
14290,63,14,31,60
14291,63,14,31,60
14292,63,14,31,60
14293,63,14,31,60
14294,63,14,31,60
14295,63,14,31,60
14296,63,14,31,60
14297,63,14,31,60
14298,63,14,31,60
14299,63,14,31,60
14300,63,14,31,60
14301,63,14,31,60
14302,63,14,31,60
14303,63,14,31,60
14304,63,14,31,60
14305,63,14,31,60
14306,63,14,31,60
14307,63,14,31,60
14308,63,14,31,60
14309,63,14,31,60
14310,63,14,31,60
14311,63,14,31,60
14312,63,14,31,60
14313,63,14,31,60
14314,63,14,31,60
14315,63,14,31,60
14316,63,14,31,60
14317,63,14,31,60
14318,63,14,31,60
14319,63,14,31,60
14320,63,14,31,60
14321,63,14,31,60
14322,63,14,31,60
14323,63,14,31,60
14324,63,14,31,60
14325,63,14,31,60
14326,63,14,31,60
14327,63,14,31,60
14328,63,14,31,60
14329,63,14,31,60
14330,63,14,31,60
14331,63,14,31,60
14332,63,14,31,60
14333,63,14,31,60
14334,63,14,31,60
14335,63,14,31,60
14336,63,14,31,60
14337,63,14,31,60
14338,63,14,31,60
14339,63,14,31,60
14340,63,14,31,60
14341,63,14,31,60
14342,63,14,31,60
14343,63,14,31,60
14344,63,14,31,60
14345,63,14,31,60
14346,63,14,31,60
14347,63,14,31,60
14348,63,14,31,60
14349,63,14,31,60
14350,63,14,31,60
14351,63,14,31,60
14352,63,14,31,60
14353,63,14,31,60
14354,63,14,31,60
14355,63,14,31,60
14356,63,14,31,60
14357,63,14,31,60
14358,63,14,31,60
14359,63,14,31,60
14360,63,14,31,60
14361,63,14,31,60
14362,63,14,31,60
14363,63,14,31,60
14364,63,14,31,60
14365,63,14,31,60
14366,63,14,31,60
14367,63,14,31,60
14368,63,14,31,60
14369,63,14,31,60
14370,63,14,31,60
14371,63,14,31,60
14372,63,14,31,60
14373,63,14,31,60
14374,63,14,31,60
14375,63,14,31,60
14376,63,14,31,60
14377,63,14,31,60
14378,63,14,31,60
14379,63,14,31,60
14380,63,14,31,60
14381,63,14,31,60
14382,63,14,31,60
14383,63,14,31,60
14384,63,14,31,60
14385,63,14,31,60
14386,63,14,31,60
14387,63,14,31,60
14388,63,14,31,60
14389,63,14,31,60
14390,63,14,31,60
14391,63,14,31,60
14392,63,14,31,60
14393,63,14,31,60
14394,63,14,31,60
14395,63,14,31,60
14396,63,14,31,60
14397,63,14,31,60
14398,63,14,31,60
14399,63,14,31,60
14400,63,14,31,60
14401,63,14,31,60
14402,63,14,31,60
14403,63,14,31,60
14404,63,14,31,60
14405,63,14,31,60
14406,63,14,31,60
14407,63,14,31,60
14408,63,14,31,60
14409,63,14,31,60
14410,63,14,31,60
14411,63,14,31,60
14412,63,14,31,60
14413,63,14,31,60
14414,63,14,31,60
14415,63,14,31,60
14416,63,14,31,60
14417,63,14,31,60
14418,63,14,31,60
14419,63,14,31,60
14420,63,14,31,60
14421,63,14,31,60
14422,63,14,31,60
14423,63,14,31,60
14424,63,14,31,60
14425,63,14,31,60
14426,63,14,31,60
14427,63,14,31,60
14428,63,14,31,60
14429,63,14,31,60
14430,63,14,31,60
14431,63,14,31,60
14432,63,14,31,60
14433,63,14,31,60
14434,63,14,31,60
14435,63,14,31,60
14436,63,14,31,60
14437,63,14,31,60
14438,63,14,31,60
14439,63,14,31,60
14440,63,14,31,60
14441,63,14,31,60
14442,63,14,31,60
14443,63,14,31,60
14444,63,14,31,60
14445,63,14,31,60
14446,63,14,31,60
14447,63,14,31,60
14448,63,14,31,60
14449,63,14,31,60
14450,63,14,31,60
14451,63,14,31,60
14452,63,14,31,60
14453,63,14,31,60
14454,63,14,31,60
14455,63,14,31,60
14456,63,14,31,60
14457,63,14,31,60
14458,63,14,31,60
14459,63,14,31,60
14460,63,14,31,60
14461,63,14,31,60
14462,63,14,31,60
14463,63,14,31,60
14464,63,14,31,60
14465,63,14,31,60
14466,63,14,31,60
14467,63,14,31,60
14468,63,14,31,60
14469,63,14,31,60
14470,63,14,31,60
14471,63,14,31,60
14472,63,14,31,60
14473,63,14,31,60
14474,63,14,31,60
14475,63,14,31,60
14476,63,14,31,60
14477,63,14,31,60
14478,63,14,31,60
14479,63,14,31,60
14480,63,14,31,60
14481,63,14,31,60
14482,63,14,31,60
14483,63,14,31,60
14484,63,14,31,60
14485,63,14,31,60
14486,63,14,31,60
14487,63,14,31,60
14488,63,14,31,60
14489,63,14,31,60
14490,63,14,31,60
14491,63,14,31,60
14492,63,14,31,60
14493,63,14,31,60
14494,63,14,31,60
14495,63,14,31,60
14496,63,14,31,60
14497,63,14,31,60
14498,63,14,31,60
14499,63,14,31,60
14500,63,14,31,60
14501,63,14,31,60
14502,63,14,31,60
14503,63,14,31,60
14504,63,14,31,60
14505,63,14,31,60
14506,63,14,31,60
14507,63,14,31,60
14508,63,14,31,60
14509,63,14,31,60
14510,63,14,31,60
14511,63,14,31,60
14512,63,14,31,60
14513,63,14,31,60
14514,63,14,31,60
14515,63,14,31,60
14516,63,14,31,60
14517,63,14,31,60
14518,63,14,31,60
14519,63,14,31,60
14520,63,14,31,60
14521,63,14,31,60
14522,63,14,31,60
14523,63,14,31,60
14524,63,14,31,60
14525,63,14,31,60
14526,63,14,31,60
14527,63,14,31,60
14528,63,14,31,60
14529,63,14,31,60
14530,63,14,31,60
14531,63,14,31,60
14532,63,14,31,60
14533,63,14,31,60
14534,63,14,31,60
14535,63,14,31,60
14536,63,14,31,60
14537,63,14,31,60
14538,63,14,31,60
14539,63,14,31,60
14540,63,14,31,60
14541,63,14,31,60
14542,63,14,31,60
14543,63,14,31,60
14544,63,14,31,60
14545,63,14,31,60
14546,63,14,31,60
14547,63,14,31,60
14548,63,14,31,60
14549,63,14,31,60
14550,63,14,31,60
14551,63,14,31,60
14552,63,14,31,60
14553,63,14,31,60
14554,63,14,31,60
14555,63,14,31,60
14556,63,14,31,60
14557,63,14,31,60
14558,63,14,31,60
14559,63,14,31,60
14560,63,14,31,60
14561,63,14,31,60
14562,63,14,31,60
14563,63,14,31,60
14564,63,14,31,60
14565,63,14,31,60
14566,63,14,31,60
14567,63,14,31,60
14568,63,14,31,60
14569,63,14,31,60
14570,63,14,31,60
14571,63,14,31,60
14572,63,14,31,60
14573,63,14,31,60
14574,63,14,31,60
14575,63,14,31,60
14576,63,14,31,60
14577,63,14,31,60
14578,63,14,31,60
14579,63,14,31,60
14580,63,14,31,60
14581,63,14,31,60
14582,63,14,31,60
14583,63,14,31,60
14584,63,14,31,60
14585,63,14,31,60
14586,63,14,31,60
14587,63,14,31,60
14588,63,14,31,60
14589,63,14,31,60
14590,63,14,31,60
14591,63,14,31,60
14592,63,14,31,60
14593,63,14,31,60
14594,63,14,31,60
14595,63,14,31,60
14596,63,14,31,60
14597,63,14,31,60
14598,63,14,31,60
14599,63,14,31,60
14600,63,14,31,60
14601,63,14,31,60
14602,63,14,31,60
14603,63,14,31,60
14604,63,14,31,60
14605,63,14,31,60
14606,63,14,31,60
14607,63,14,31,60
14608,63,14,31,60
14609,63,14,31,60
14610,63,14,31,60
14611,63,14,31,60
14612,63,14,31,60
14613,63,14,31,60
14614,63,14,31,60
14615,63,14,31,60
14616,63,14,31,60
14617,63,14,31,60
14618,63,14,31,60
14619,63,14,31,60
14620,63,14,31,60
14621,63,14,31,60
14622,63,14,31,60
14623,63,14,31,60
14624,63,14,31,60
14625,63,14,31,60
14626,63,14,31,60
14627,63,14,31,60
14628,63,14,31,60
14629,63,14,31,60
14630,63,14,31,60
14631,63,14,31,60
14632,63,14,31,60
14633,63,14,31,60
14634,63,14,31,60
14635,63,14,31,60
14636,63,14,31,60
14637,63,14,31,60
14638,63,14,31,60
14639,63,14,31,60
14640,63,14,31,60
14641,63,14,31,60
14642,63,14,31,60
14643,63,14,31,60
14644,63,14,31,60
14645,63,14,31,60
14646,63,14,31,60
14647,63,14,31,60
14648,63,14,31,60
14649,63,14,31,60
14650,63,14,31,60
14651,63,14,31,60
14652,63,14,31,60
14653,63,14,31,60
14654,63,14,31,60
14655,63,14,31,60
14656,63,14,31,60
14657,63,14,31,60
14658,63,14,31,60
14659,63,14,31,60
14660,63,14,31,60
14661,63,14,31,60
14662,63,14,31,60
14663,63,14,31,60
14664,63,14,31,60
14665,63,14,31,60
14666,63,14,31,60
14667,63,14,31,60
14668,63,14,31,60
14669,63,14,31,60
14670,63,14,31,60
14671,63,14,31,60
14672,63,14,31,60
14673,63,14,31,60
14674,63,14,31,60
14675,63,14,31,60
14676,63,14,31,60
14677,63,14,31,60
14678,63,14,31,60
14679,63,14,31,60
14680,63,14,31,60
14681,63,14,31,60
14682,63,14,31,60
14683,63,14,31,60
14684,63,14,31,60
14685,63,14,31,60
14686,63,14,31,60
14687,63,14,31,60
14688,63,14,31,60
14689,63,14,31,60
14690,63,14,31,60
14691,63,14,31,60
14692,63,14,31,60
14693,63,14,31,60
14694,63,14,31,60
14695,63,14,31,60
14696,63,14,31,60
14697,63,14,31,60
14698,63,14,31,60
14699,63,14,31,60
14700,63,14,31,60
14701,63,14,31,60
14702,63,14,31,60
14703,63,14,31,60
14704,63,14,31,60
14705,63,14,31,60
14706,63,14,31,60
14707,63,14,31,60
14708,63,14,31,60
14709,63,14,31,60
14710,63,14,31,60
14711,63,14,31,60
14712,63,14,31,60
14713,63,14,31,60
14714,63,14,31,60
14715,63,14,31,60
14716,63,14,31,60
14717,63,14,31,60
14718,63,14,31,60
14719,63,14,31,60
14720,63,14,31,60
14721,63,14,31,60
14722,63,14,31,60
14723,63,14,31,60
14724,63,14,31,60
14725,63,14,31,60
14726,63,14,31,60
14727,63,14,31,60
14728,63,14,31,60
14729,63,14,31,60
14730,63,14,31,60
14731,63,14,31,60
14732,63,14,31,60
14733,63,14,31,60
14734,63,14,31,60
14735,63,14,31,60
14736,63,14,31,60
14737,63,14,31,60
14738,63,14,31,60
14739,63,14,31,60
14740,63,14,31,60
14741,63,14,31,60
14742,63,14,31,60
14743,63,14,31,60
14744,63,14,31,60
14745,63,14,31,60
14746,63,14,31,60
14747,63,14,31,60
14748,63,14,31,60
14749,63,14,31,60
14750,63,14,31,60
14751,63,14,31,60
14752,63,14,31,60
14753,63,14,31,60
14754,63,14,31,60
14755,63,14,31,60
14756,63,14,31,60
14757,63,14,31,60
14758,63,14,31,60
14759,63,14,31,60
14760,63,14,31,60
14761,63,14,31,60
14762,63,14,31,60
14763,63,14,31,60
14764,63,14,31,60
14765,63,14,31,60
14766,63,14,31,60
14767,63,14,31,60
14768,63,14,31,60
14769,63,14,31,60
14770,63,14,31,60
14771,63,14,31,60
14772,63,14,31,60
14773,63,14,31,60
14774,63,14,31,60
14775,63,14,31,60
14776,63,14,31,60
14777,63,14,31,60
14778,63,14,31,60
14779,63,14,31,60
14780,63,14,31,60
14781,63,14,31,60
14782,63,14,31,60
14783,63,14,31,60
14784,63,14,31,60
14785,63,14,31,60
14786,63,14,31,60
14787,63,14,31,60
14788,63,14,31,60
14789,63,14,31,60
14790,63,14,31,60
14791,63,14,31,60
14792,63,14,31,60
14793,63,14,31,60
14794,63,14,31,60
14795,63,14,31,60
14796,63,14,31,60
14797,63,14,31,60
14798,63,14,31,60
14799,63,14,31,60
14800,63,14,31,60
14801,63,14,31,60
14802,63,14,31,60
14803,63,14,31,60
14804,63,14,31,60
14805,63,14,31,60
14806,63,14,31,60
14807,63,14,31,60
14808,63,14,31,60
14809,63,14,31,60
14810,63,14,31,60
14811,63,14,31,60
14812,63,14,31,60
14813,63,14,31,60
14814,63,14,31,60
14815,63,14,31,60
14816,63,14,31,60
14817,63,14,31,60
14818,63,14,31,60
14819,63,14,31,60
14820,63,14,31,60
14821,63,14,31,60
14822,63,14,31,60
14823,63,14,31,60
14824,63,14,31,60
14825,63,14,31,60
14826,63,14,31,60
14827,63,14,31,60
14828,63,14,31,60
14829,63,14,31,60
14830,63,14,31,60
14831,63,14,31,60
14832,63,14,31,60
14833,63,14,31,60
14834,63,14,31,60
14835,63,14,31,60
14836,63,14,31,60
14837,63,14,31,60
14838,63,14,31,60
14839,63,14,31,60
14840,63,14,31,60
14841,63,14,31,60
14842,63,14,31,60
14843,63,14,31,60
14844,63,14,31,60
14845,63,14,31,60
14846,63,14,31,60
14847,63,14,31,60
14848,63,14,31,60
14849,63,14,31,60
14850,63,14,31,60
14851,63,14,31,60
14852,63,14,31,60
14853,63,14,31,60
14854,63,14,31,60
14855,63,14,31,60
14856,63,14,31,60
14857,63,14,31,60
14858,63,14,31,60
14859,63,14,31,60
14860,63,14,31,60
14861,63,14,31,60
14862,63,14,31,60
14863,63,14,31,60
14864,63,14,31,60
14865,63,14,31,60
14866,63,14,31,60
14867,63,14,31,60
14868,63,14,31,60
14869,63,14,31,60
14870,63,14,31,60
14871,63,14,31,60
14872,63,14,31,60
14873,63,14,31,60
14874,63,14,31,60
14875,63,14,31,60
14876,63,14,31,60
14877,63,14,31,60
14878,63,14,31,60
14879,63,14,31,60
14880,63,14,31,60
14881,63,14,31,60
14882,63,14,31,60
14883,63,14,31,60
14884,63,14,31,60
14885,63,14,31,60
14886,63,14,31,60
14887,63,14,31,60
14888,63,14,31,60
14889,63,14,31,60
14890,63,14,31,60
14891,63,14,31,60
14892,63,14,31,60
14893,63,14,31,60
14894,63,14,31,60
14895,63,14,31,60
14896,63,14,31,60
14897,63,14,31,60
14898,63,14,31,60
14899,63,14,31,60
14900,63,14,31,60
14901,63,14,31,60
14902,63,14,31,60
14903,63,14,31,60
14904,63,14,31,60
14905,63,14,31,60
14906,63,14,31,60
14907,63,14,31,60
14908,63,14,31,60
14909,63,14,31,60
14910,63,14,31,60
14911,63,14,31,60
14912,63,14,31,60
14913,63,14,31,60
14914,63,14,31,60
14915,63,14,31,60
14916,63,14,31,60
14917,63,14,31,60
14918,63,14,31,60
14919,63,14,31,60
14920,63,14,31,60
14921,63,14,31,60
14922,63,14,31,60
14923,63,14,31,60
14924,63,14,31,60
14925,63,14,31,60
14926,63,14,31,60
14927,63,14,31,60
14928,63,14,31,60
14929,63,14,31,60
14930,63,14,31,60
14931,63,14,31,60
14932,63,14,31,60
14933,63,14,31,60
14934,63,14,31,60
14935,63,14,31,60
14936,63,14,31,60
14937,63,14,31,60
14938,63,14,31,60
14939,63,14,31,60
14940,63,14,31,60
14941,63,14,31,60
14942,63,14,31,60
14943,63,14,31,60
14944,63,14,31,60
14945,63,14,31,60
14946,63,14,31,60
14947,63,14,31,60
14948,63,14,31,60
14949,63,14,31,60
14950,63,14,31,60
14951,63,14,31,60
14952,63,14,31,60
14953,63,14,31,60
14954,63,14,31,60
14955,63,14,31,60
14956,63,14,31,60
14957,63,14,31,60
14958,63,14,31,60
14959,63,14,31,60
14960,63,14,31,60
14961,63,14,31,60
14962,63,14,31,60
14963,63,14,31,60
14964,63,14,31,60
14965,63,14,31,60
14966,63,14,31,60
14967,63,14,31,60
14968,63,14,31,60
14969,63,14,31,60
14970,63,14,31,60
14971,63,14,31,60
14972,63,14,31,60
14973,63,14,31,60
14974,63,14,31,60
14975,63,14,31,60
14976,63,14,31,60
14977,63,14,31,60
14978,63,14,31,60
14979,63,14,31,60
14980,63,14,31,60
14981,63,14,31,60
14982,63,14,31,60
14983,63,14,31,60
14984,63,14,31,60
14985,63,14,31,60
14986,63,14,31,60
14987,63,14,31,60
14988,63,14,31,60
14989,63,14,31,60
14990,63,14,31,60
14991,63,14,31,60
14992,63,14,31,60
14993,63,14,31,60
14994,63,14,31,60
14995,63,14,31,60
14996,63,14,31,60
14997,63,14,31,60
14998,63,14,31,60
14999,63,14,31,60
15000,63,14,31,60
15001,63,14,31,60
15002,63,14,31,60
15003,63,14,31,60
15004,63,14,31,60
15005,63,14,31,60
15006,63,14,31,60
15007,63,14,31,60
15008,63,14,31,60
15009,63,14,31,60
15010,63,14,31,60
15011,63,14,31,60
15012,63,14,31,60
15013,63,14,31,60
15014,63,14,31,60
15015,63,14,31,60
15016,63,14,31,60
15017,63,14,31,60
15018,63,14,31,60
15019,63,14,31,60
15020,63,14,31,60
15021,63,14,31,60
15022,63,14,31,60
15023,63,14,31,60
15024,63,14,31,60
15025,63,14,31,60
15026,63,14,31,60
15027,63,14,31,60
15028,63,14,31,60
15029,63,14,31,60
15030,63,14,31,60
15031,63,14,31,60
15032,63,14,31,60
15033,63,14,31,60
15034,63,14,31,60
15035,63,14,31,60
15036,63,14,31,60
15037,63,14,31,60
15038,63,14,31,60
15039,63,14,31,60
15040,63,14,31,60
15041,63,14,31,60
15042,63,14,31,60
15043,63,14,31,60
15044,63,14,31,60
15045,63,14,31,60
15046,63,14,31,60
15047,63,14,31,60
15048,63,14,31,60
15049,63,14,31,60
15050,63,14,31,60
15051,63,14,31,60
15052,63,14,31,60
15053,63,14,31,60
15054,63,14,31,60
15055,63,14,31,60
15056,63,14,31,60
15057,63,14,31,60
15058,63,14,31,60
15059,63,14,31,60
15060,63,14,31,60
15061,63,14,31,60
15062,63,14,31,60
15063,63,14,31,60
15064,63,14,31,60
15065,63,14,31,60
15066,63,14,31,60
15067,63,14,31,60
15068,63,14,31,60
15069,63,14,31,60
15070,63,14,31,60
15071,63,14,31,60
15072,63,14,31,60
15073,63,14,31,60
15074,63,14,31,60
15075,63,14,31,60
15076,63,14,31,60
15077,63,14,31,60
15078,63,14,31,60
15079,63,14,31,60
15080,63,14,31,60
15081,63,14,31,60
15082,63,14,31,60
15083,63,14,31,60
15084,63,14,31,60
15085,63,14,31,60
15086,63,14,31,60
15087,63,14,31,60
15088,63,14,31,60
15089,63,14,31,60
15090,63,14,31,60
15091,63,14,31,60
15092,63,14,31,60
15093,63,14,31,60
15094,63,14,31,60
15095,63,14,31,60
15096,63,14,31,60
15097,63,14,31,60
15098,63,14,31,60
15099,63,14,31,60
15100,63,14,31,60
15101,63,14,31,60
15102,63,14,31,60
15103,63,14,31,60
15104,63,14,31,60
15105,63,14,31,60
15106,63,14,31,60
15107,63,14,31,60
15108,63,14,31,60
15109,63,14,31,60
15110,63,14,31,60
15111,63,14,31,60
15112,63,14,31,60
15113,63,14,31,60
15114,63,14,31,60
15115,63,14,31,60
15116,63,14,31,60
15117,63,14,31,60
15118,63,14,31,60
15119,63,14,31,60
15120,63,14,31,60
15121,63,14,31,60
15122,63,14,31,60
15123,63,14,31,60
15124,63,14,31,60
15125,63,14,31,60
15126,63,14,31,60
15127,63,14,31,60
15128,63,14,31,60
15129,63,14,31,60
15130,63,14,31,60
15131,63,14,31,60
15132,63,14,31,60
15133,63,14,31,60
15134,63,14,31,60
15135,63,14,31,60
15136,63,14,31,60
15137,63,14,31,60
15138,63,14,31,60
15139,63,14,31,60
15140,63,14,31,60
15141,63,14,31,60
15142,63,14,31,60
15143,63,14,31,60
15144,63,14,31,60
15145,63,14,31,60
15146,63,14,31,60
15147,63,14,31,60
15148,63,14,31,60
15149,63,14,31,60
15150,63,14,31,60
15151,63,14,31,60
15152,63,14,31,60
15153,63,14,31,60
15154,63,14,31,60
15155,63,14,31,60
15156,63,14,31,60
15157,63,14,31,60
15158,63,14,31,60
15159,63,14,31,60
15160,63,14,31,60
15161,63,14,31,60
15162,63,14,31,60
15163,63,14,31,60
15164,63,14,31,60
15165,63,14,31,60
15166,63,14,31,60
15167,63,14,31,60
15168,63,14,31,60
15169,63,14,31,60
15170,63,14,31,60
15171,63,14,31,60
15172,63,14,31,60
15173,63,14,31,60
15174,63,14,31,60
15175,63,14,31,60
15176,63,14,31,60
15177,63,14,31,60
15178,63,14,31,60
15179,63,14,31,60
15180,63,14,31,60
15181,63,14,31,60
15182,63,14,31,60
15183,63,14,31,60
15184,63,14,31,60
15185,63,14,31,60
15186,63,14,31,60
15187,63,14,31,60
15188,63,14,31,60
15189,63,14,31,60
15190,63,14,31,60
15191,63,14,31,60
15192,63,14,31,60
15193,63,14,31,60
15194,63,14,31,60
15195,63,14,31,60
15196,63,14,31,60
15197,63,14,31,60
15198,63,14,31,60
15199,63,14,31,60
15200,63,14,31,60
15201,63,14,31,60
15202,63,14,31,60
15203,63,14,31,60
15204,63,14,31,60
15205,63,14,31,60
15206,63,14,31,60
15207,63,14,31,60
15208,63,14,31,60
15209,63,14,31,60
15210,63,14,31,60
15211,63,14,31,60
15212,63,14,31,60
15213,63,14,31,60
15214,63,14,31,60
15215,63,14,31,60
15216,63,14,31,60
15217,63,14,31,60
15218,63,14,31,60
15219,63,14,31,60
15220,63,14,31,60
15221,63,14,31,60
15222,63,14,31,60
15223,63,14,31,60
15224,63,14,31,60
15225,63,14,31,60
15226,63,14,31,60
15227,63,14,31,60
15228,63,14,31,60
15229,63,14,31,60
15230,63,14,31,60
15231,63,14,31,60
15232,63,14,31,60
15233,63,14,31,60
15234,63,14,31,60
15235,63,14,31,60
15236,63,14,31,60
15237,63,14,31,60
15238,63,14,31,60
15239,63,14,31,60
15240,63,14,31,60
15241,63,14,31,60
15242,63,14,31,60
15243,63,14,31,60
15244,63,14,31,60
15245,63,14,31,60
15246,63,14,31,60
15247,63,14,31,60
15248,63,14,31,60
15249,63,14,31,60
15250,63,14,31,60
15251,63,14,31,60
15252,63,14,31,60
15253,63,14,31,60
15254,63,14,31,60
15255,63,14,31,60
15256,63,14,31,60
15257,63,14,31,60
15258,63,14,31,60
15259,63,14,31,60
15260,63,14,31,60
15261,63,14,31,60
15262,63,14,31,60
15263,63,14,31,60
15264,63,14,31,60
15265,63,14,31,60
15266,63,14,31,60
15267,63,14,31,60
15268,63,14,31,60
15269,63,14,31,60
15270,63,14,31,60
15271,63,14,31,60
15272,63,14,31,60
15273,63,14,31,60
15274,63,14,31,60
15275,63,14,31,61
15276,63,14,31,61
15277,63,14,31,61
15278,63,14,31,61
15279,63,14,31,61
15280,63,14,31,61
15281,63,14,31,61
15282,63,14,31,61
15283,63,14,31,61
15284,63,14,31,61
15285,63,14,31,61
15286,63,14,31,61
15287,63,14,31,61
15288,63,14,31,61
15289,63,14,31,61
15290,63,14,31,61
15291,63,14,31,61
15292,63,14,31,61
15293,63,14,31,61
15294,63,14,31,61
15295,63,14,31,61
15296,63,14,31,61
15297,63,14,31,61
15298,63,14,31,61
15299,63,14,31,61
15300,63,14,31,61
15301,63,14,31,61
15302,63,14,31,61
15303,63,14,31,61
15304,63,14,31,61
15305,63,14,31,61
15306,63,14,31,61
15307,63,14,31,61
15308,63,14,31,61
15309,63,14,31,61
15310,63,14,31,61
15311,63,14,31,62
15312,63,14,31,62
15313,63,14,31,62
15314,63,14,31,62
15315,63,14,31,62
15316,63,14,31,62
15317,63,14,31,62
15318,63,14,31,62
15319,63,14,31,62
15320,63,14,31,62
15321,63,14,31,62
15322,63,14,31,62
15323,63,14,31,62
15324,63,14,31,62
15325,63,14,31,62
15326,63,14,31,62
15327,63,14,31,62
15328,63,14,31,62
15329,63,14,31,62
15330,63,14,31,62
15331,63,14,31,62
15332,63,14,31,62
15333,63,14,31,62
15334,63,14,31,62
15335,63,14,31,62
15336,63,14,31,62
15337,63,14,31,62
15338,63,14,31,62
15339,63,14,31,62
15340,63,14,31,62
15341,63,14,31,62
15342,63,14,31,62
15343,63,14,31,62
15344,63,14,31,62
15345,63,14,31,62
15346,63,14,31,62
15347,63,14,31,62
15348,63,14,31,62
15349,63,14,31,62
15350,63,14,31,62
15351,63,14,31,62
15352,63,14,31,62
15353,63,14,31,62
15354,63,14,31,62
15355,63,14,31,62
15356,63,14,31,62
15357,63,14,31,62
15358,63,14,31,62
15359,63,14,31,62
15360,63,14,31,62
15361,63,14,31,62
15362,63,14,31,62
15363,63,14,31,62
15364,63,14,31,62
15365,63,14,31,62
15366,63,14,31,62
15367,63,14,31,62
15368,63,14,31,62
15369,63,14,31,63
15370,63,14,31,63
15371,63,14,31,63
15372,63,14,31,63
15373,63,14,31,63
15374,63,14,31,63
15375,63,14,31,63
15376,63,14,31,63
15377,63,14,31,63
15378,63,14,31,63
15379,63,14,31,63
15380,63,14,31,63
15381,63,14,31,63
15382,63,14,31,63
15383,63,14,31,63
15384,63,14,31,63
15385,63,14,31,63
15386,63,14,31,63
15387,63,14,31,63
15388,63,14,31,63
15389,63,14,31,63
15390,63,14,31,63
15391,63,14,31,63
15392,63,14,31,63
15393,63,14,31,63
15394,63,14,31,63
15395,63,14,31,63
15396,63,14,31,63
15397,63,14,31,63
15398,63,14,31,63
15399,63,14,31,63
15400,63,14,31,63
15401,63,14,31,63
15402,63,14,31,63
15403,63,14,31,63
15404,63,14,31,63
15405,63,14,31,63
15406,63,14,31,63
15407,63,14,31,63
15408,63,14,31,63
15409,63,14,31,63
15410,63,14,31,63
15411,63,14,31,63
15412,63,14,31,63
15413,63,14,31,63
15414,63,14,31,63
15415,63,14,31,63
15416,63,14,31,63
15417,63,14,31,63
15418,63,14,31,63
15419,63,14,31,63
15420,63,14,31,63
15421,63,14,31,63
15422,63,14,31,63
15423,63,14,31,63
15424,63,14,31,63
15425,63,14,31,63
15426,63,14,31,63
15427,63,14,31,63
15428,63,14,31,63
15429,63,14,31,63
15430,63,14,31,63
15431,63,14,31,63
15432,63,14,31,63
15433,63,14,31,63
15434,63,14,31,63
15435,63,14,31,63
15436,63,14,31,63
15437,63,14,31,63
15438,63,14,31,63
15439,63,14,31,63
15440,63,14,31,63
15441,63,14,31,63
15442,63,14,31,63
15443,63,14,31,63
15444,63,14,31,63
15445,63,14,31,63
15446,63,14,31,63
15447,63,14,31,63
15448,63,14,31,63
15449,63,14,31,63
15450,63,14,31,63
15451,63,14,31,63
15452,63,14,31,63
15453,63,14,31,63
15454,63,14,31,63
15455,63,14,31,63
15456,63,14,31,63
15457,63,14,31,63
15458,63,14,31,63
15459,63,14,31,63
15460,63,14,31,63
15461,63,14,31,63
15462,63,14,31,63
15463,63,14,31,63
15464,63,14,31,63
15465,63,14,31,63
15466,63,14,31,63
15467,63,14,31,63
15468,63,14,31,63
15469,63,14,31,63
15470,63,14,31,63
15471,63,14,31,63
15472,63,14,31,63
15473,63,14,31,63
15474,63,14,31,63
15475,63,14,31,63
15476,63,14,31,63
15477,63,14,31,63
15478,63,14,31,63
15479,63,14,31,63
15480,63,14,31,63
15481,63,14,31,63
15482,63,14,31,63
15483,63,14,31,63
15484,63,14,31,63
15485,63,14,31,63
15486,63,14,31,63
15487,63,14,31,63
15488,63,14,31,63
15489,63,14,31,63
15490,63,14,31,63
15491,63,14,31,63
15492,63,14,31,63
15493,63,14,31,63
15494,63,14,31,63
15495,63,14,31,63
15496,63,14,31,63
15497,63,14,31,63
15498,63,14,31,63
15499,63,14,31,63
15500,63,14,31,63
15501,63,14,31,63
15502,63,14,31,63
15503,63,14,31,63
15504,63,14,31,63
15505,63,14,31,63
15506,63,14,31,63
15507,63,14,31,63
15508,63,14,31,63
15509,63,14,31,63
15510,63,14,31,63
15511,63,14,31,63
15512,63,14,31,63
15513,63,14,31,63
15514,63,14,31,63
15515,63,14,31,63
15516,63,14,31,63
15517,63,14,31,63
15518,63,14,31,63
15519,63,14,31,63
15520,63,14,31,63
15521,63,14,31,63
15522,63,14,31,63
15523,63,14,31,63
15524,63,14,31,63
15525,63,14,31,63
15526,63,14,31,63
15527,63,14,31,63
15528,63,14,31,63
15529,63,14,31,63
15530,63,14,31,63
15531,63,14,31,63
15532,63,14,31,63
15533,63,14,31,63
15534,63,14,31,63
15535,63,14,31,63
15536,63,14,31,63
15537,63,14,31,63
15538,63,14,31,63
15539,63,14,31,63
15540,63,14,31,63
15541,63,14,31,63
15542,63,14,31,63
15543,63,14,31,63
15544,63,14,31,63
15545,63,14,31,63
15546,63,14,31,63
15547,63,14,31,63
15548,63,14,31,63
15549,63,14,31,63
15550,63,14,31,63
15551,63,14,31,63
15552,63,14,31,63
15553,63,14,31,63
15554,63,14,31,63
15555,63,14,31,63
15556,63,14,31,63
15557,63,14,31,63
15558,63,14,31,63
15559,63,14,31,63
15560,63,14,31,63
15561,63,14,31,63
15562,63,14,31,63
15563,63,14,31,63
15564,63,14,31,63
15565,63,14,31,63
15566,63,14,31,63
15567,63,14,31,63
15568,63,14,31,63
15569,63,14,31,63
15570,63,14,31,63
15571,63,14,31,63
15572,63,14,31,63
15573,63,14,31,63
15574,63,14,31,63
15575,63,14,31,63
15576,63,14,31,63
15577,63,14,31,63
15578,63,14,31,63
15579,63,14,31,63
15580,63,14,31,63
15581,63,14,31,63
15582,63,14,31,63
15583,63,14,31,63
15584,63,14,31,63
15585,63,14,31,63
15586,63,14,31,63
15587,63,14,31,63
15588,63,14,31,63
15589,63,14,31,63
15590,63,14,31,63
15591,63,14,31,63
15592,63,14,31,63
15593,63,14,31,63
15594,63,14,31,63
15595,63,14,31,63
15596,63,14,31,63
15597,63,14,31,63
15598,63,14,31,64
15599,63,14,31,64
15600,63,14,31,64
15601,63,14,31,64
15602,63,14,31,64
15603,63,14,31,64
15604,63,14,31,64
15605,63,14,31,64
15606,63,14,31,64
15607,63,14,31,64
15608,63,14,31,64
15609,63,14,31,64
15610,63,14,31,64
15611,63,14,31,64
15612,63,14,31,64
15613,63,14,31,64
15614,63,14,31,64
15615,63,14,31,64
15616,63,14,31,64
15617,63,14,31,64
15618,63,14,31,64
15619,63,14,31,64
15620,63,14,31,64
15621,63,14,31,64
15622,63,14,31,64
15623,63,14,31,64
15624,63,14,31,64
15625,63,14,31,64
15626,63,14,31,64
15627,63,14,31,64
15628,63,14,31,64
15629,63,14,31,64
15630,63,14,31,64
15631,63,14,31,64
15632,63,14,31,64
15633,63,14,31,64
15634,63,14,31,64
15635,63,14,31,64
15636,63,14,31,64
15637,63,14,31,64
15638,63,14,31,64
15639,63,14,31,64
15640,63,14,31,64
15641,63,14,31,64
15642,63,14,31,64
15643,63,14,31,64
15644,63,14,31,64
15645,63,14,31,64
15646,63,14,31,64
15647,63,14,31,64
15648,63,14,31,64
15649,63,14,31,64
15650,63,14,31,64
15651,63,14,31,64
15652,63,14,31,64
15653,63,14,31,64
15654,63,14,31,64
15655,63,14,31,64
15656,63,14,31,64
15657,63,14,31,64
15658,63,14,31,64
15659,63,14,31,64
15660,63,14,31,64
15661,63,14,31,64
15662,63,14,31,64
15663,63,14,31,64
15664,63,14,31,64
15665,63,14,31,64
15666,63,14,31,64
15667,63,14,31,64
15668,63,14,31,64
15669,63,14,31,64
15670,63,14,31,64
15671,63,14,31,64
15672,63,14,31,64
15673,63,14,31,64
15674,63,14,31,64
15675,63,14,31,64
15676,63,14,31,64
15677,63,14,31,64
15678,63,14,31,64
15679,63,14,31,64
15680,63,14,31,64
15681,63,14,31,64
15682,63,14,31,64
15683,63,14,31,64
15684,63,14,31,64
15685,63,14,31,64
15686,63,14,31,65
15687,63,14,31,65
15688,63,14,31,65
15689,63,14,31,65
15690,63,14,31,65
15691,63,14,31,65
15692,63,14,31,65
15693,63,14,31,65
15694,63,14,31,65
15695,63,14,31,65
15696,63,14,31,65
15697,63,14,31,65
15698,63,14,31,65
15699,63,14,31,65
15700,63,14,31,65
15701,63,14,31,65
15702,63,14,31,65
15703,63,14,31,65
15704,63,14,31,65
15705,63,14,31,65
15706,63,14,31,65
15707,63,14,31,65
15708,63,14,31,65
15709,63,14,31,65
15710,63,14,31,65
15711,63,14,31,65
15712,63,14,31,65
15713,63,14,31,65
15714,63,14,31,65
15715,63,14,31,65
15716,63,14,31,65
15717,63,14,31,65
15718,63,14,31,65
15719,63,14,31,65
15720,63,14,31,65
15721,63,14,31,65
15722,63,14,31,65
15723,63,14,31,65
15724,63,14,31,65
15725,63,14,31,65
15726,63,14,31,65
15727,63,14,31,65
15728,63,14,31,65
15729,63,14,31,65
15730,63,14,31,65
15731,63,14,31,65
15732,63,14,31,65
15733,63,14,31,65
15734,63,14,31,65
15735,63,14,31,65
15736,63,14,31,65
15737,63,14,31,65
15738,63,14,31,65
15739,63,14,31,65
15740,63,14,31,65
15741,63,14,31,65
15742,63,14,31,65
15743,63,14,31,65
15744,63,14,31,65
15745,63,14,31,65
15746,63,14,31,65
15747,63,14,31,65
15748,63,14,31,65
15749,63,14,31,65
15750,63,14,31,65
15751,63,14,31,65
15752,63,14,31,65
15753,63,14,31,65
15754,63,14,31,65
15755,63,14,31,65
15756,63,14,31,65
15757,63,14,31,65
15758,63,14,31,65
15759,63,14,31,65
15760,63,14,31,65
15761,63,14,31,65
15762,63,14,31,65
15763,63,14,31,65
15764,63,14,31,65
15765,63,14,31,65
15766,63,14,31,65
15767,63,14,31,65
15768,63,14,31,65
15769,63,14,31,65
15770,63,14,31,65
15771,63,14,31,65
15772,63,14,31,65
15773,63,14,31,65
15774,63,14,31,65
15775,63,14,31,65
15776,63,14,31,65
15777,63,14,31,65
15778,63,14,31,65
15779,63,14,31,65
15780,63,14,31,65
15781,63,14,31,65
15782,63,14,31,65
15783,63,14,31,65
15784,63,14,31,65
15785,63,14,31,65
15786,63,14,31,65
15787,63,14,31,65
15788,63,14,31,65
15789,63,14,31,66
15790,63,14,31,66
15791,63,14,31,66
15792,63,14,31,66
15793,63,14,31,66
15794,63,14,31,66
15795,63,14,31,66
15796,63,14,31,66
15797,63,14,31,66
15798,63,14,31,66
15799,63,14,31,66
15800,63,14,31,66
15801,63,14,31,66
15802,63,14,31,66
15803,63,14,31,66
15804,63,14,31,66
15805,63,14,31,66
15806,63,14,31,66
15807,63,14,31,66
15808,63,14,31,66
15809,63,14,31,66
15810,63,14,31,66
15811,63,14,31,66
15812,63,14,31,66
15813,63,14,31,66
15814,63,14,31,66
15815,63,14,31,66
15816,63,14,31,66
15817,63,14,31,66
15818,63,14,31,66
15819,63,14,31,66
15820,63,14,31,66
15821,63,14,31,66
15822,63,14,31,66
15823,63,14,31,66
15824,63,14,31,66
15825,63,14,31,66
15826,63,14,31,66
15827,63,14,31,66
15828,63,14,31,66
15829,63,14,31,66
15830,63,14,31,66
15831,63,14,31,66
15832,63,14,31,66
15833,63,14,31,66
15834,63,14,31,66
15835,63,14,31,66
15836,63,14,31,66
15837,63,14,31,66
15838,63,14,31,66
15839,63,14,31,66
15840,63,14,31,66
15841,63,14,31,66
15842,63,14,31,66
15843,63,14,31,66
15844,63,14,31,66
15845,63,14,31,66
15846,63,14,31,66
15847,63,14,31,66
15848,63,14,31,66
15849,63,14,31,66
15850,63,14,31,66
15851,63,14,31,66
15852,63,14,31,66
15853,63,14,31,66
15854,63,14,31,66
15855,63,14,31,66
15856,63,14,31,66
15857,63,14,31,66
15858,63,14,31,66
15859,63,14,31,66
15860,63,14,31,66
15861,63,14,31,66
15862,63,14,31,66
15863,63,14,31,66
15864,63,14,31,66
15865,63,14,31,66
15866,63,14,31,66
15867,63,14,31,66
15868,63,14,31,66
15869,63,14,31,66
15870,63,14,31,66
15871,63,14,31,66
15872,63,14,31,66
15873,63,14,31,66
15874,63,14,31,66
15875,63,14,31,66
15876,63,14,31,66
15877,63,14,31,66
15878,63,14,31,66
15879,63,14,31,66
15880,63,14,31,66
15881,63,14,31,66
15882,63,14,31,66
15883,63,14,31,66
15884,63,14,31,66
15885,63,14,31,66
15886,63,14,31,66
15887,63,14,31,66
15888,63,14,31,66
15889,63,14,31,66
15890,63,14,31,66
15891,63,14,31,66
15892,63,14,31,66
15893,63,14,31,66
15894,63,14,31,66
15895,63,14,31,66
15896,63,14,31,66
15897,63,14,31,66
15898,63,14,31,66
15899,63,14,31,66
15900,63,14,31,66
15901,63,14,31,66
15902,63,14,31,66
15903,63,14,31,66
15904,63,14,31,66
15905,63,14,31,66
15906,63,14,31,66
15907,63,14,31,66
15908,63,14,31,66
15909,63,14,31,66
15910,63,14,31,66
15911,63,14,31,66
15912,63,14,31,66
15913,63,14,31,66
15914,63,14,31,66
15915,63,14,31,66
15916,63,14,31,66
15917,63,14,31,66
15918,63,14,31,66
15919,63,14,31,66
15920,63,14,31,66
15921,63,14,31,66
15922,63,14,31,66
15923,63,14,31,66
15924,63,14,31,66
15925,63,14,31,66
15926,63,14,31,66
15927,63,14,31,66
15928,63,14,31,66
15929,63,14,31,66
15930,63,14,31,66
15931,63,14,31,66
15932,63,14,31,66
15933,63,14,31,66
15934,63,14,31,66
15935,63,14,31,66
15936,63,14,31,66
15937,63,14,31,66
15938,63,14,31,66
15939,63,14,31,66
15940,63,14,31,66
15941,63,14,31,66
15942,63,14,31,66
15943,63,14,31,66
15944,63,14,31,66
15945,63,14,31,66
15946,63,14,31,66
15947,63,14,31,66
15948,63,14,31,66
15949,63,14,31,66
15950,63,14,31,66
15951,63,14,31,66
15952,63,14,31,66
15953,63,14,31,66
15954,63,14,31,66
15955,63,14,31,66
15956,63,14,31,66
15957,63,14,31,66
15958,63,14,31,66
15959,63,14,31,66
15960,63,14,31,66
15961,63,14,31,66
15962,63,14,31,66
15963,63,14,31,66
15964,63,14,31,66
15965,63,14,31,66
15966,63,14,31,66
15967,63,14,31,66
15968,63,14,31,66
15969,63,14,31,66
15970,63,14,31,66
15971,63,14,31,66
15972,63,14,31,66
15973,63,14,31,66
15974,63,14,31,66
15975,63,14,31,66
15976,63,14,31,66
15977,63,14,31,66
15978,63,14,31,66
15979,63,14,31,66
15980,63,14,31,66
15981,63,14,31,66
15982,63,14,31,66
15983,63,14,31,66
15984,63,14,31,66
15985,63,14,31,66
15986,63,14,31,66
15987,63,14,31,66
15988,63,14,31,66
15989,63,14,31,66
15990,63,14,31,66
15991,63,14,31,66
15992,63,14,31,66
15993,63,14,31,66
15994,63,14,31,66
15995,63,14,31,66
15996,63,14,31,66
15997,63,14,31,66
15998,63,14,31,66
15999,63,14,31,66
16000,63,14,31,66
16001,63,14,31,66
16002,63,14,31,66
16003,63,14,31,66
16004,63,14,31,66
16005,63,14,31,66
16006,63,14,31,66
16007,63,14,31,66
16008,63,14,31,66
16009,63,14,31,66
16010,63,14,31,66
16011,63,14,31,66
16012,63,14,31,66
16013,63,14,31,66
16014,63,14,31,66
16015,63,14,31,66
16016,63,14,31,66
16017,63,14,31,66
16018,63,14,31,66
16019,63,14,31,66
16020,63,14,31,66
16021,63,14,31,66
16022,63,14,31,66
16023,63,14,31,66
16024,63,14,31,66
16025,63,14,31,66
16026,63,14,31,66
16027,63,14,31,66
16028,63,14,31,66
16029,63,14,31,66
16030,63,14,31,66
16031,63,14,31,66
16032,63,14,31,66
16033,63,14,31,66
16034,63,14,31,66
16035,63,14,31,66
16036,63,14,31,66
16037,63,14,31,66
16038,63,14,31,66
16039,63,14,31,66
16040,63,14,31,66
16041,63,14,31,66
16042,63,14,31,66
16043,63,14,31,66
16044,63,14,31,66
16045,63,14,31,66
16046,63,14,31,66
16047,63,14,31,66
16048,63,14,31,66
16049,63,14,31,66
16050,63,14,31,66
16051,63,14,31,66
16052,63,14,31,66
16053,63,14,31,66
16054,63,14,31,66
16055,63,14,31,66
16056,63,14,31,66
16057,63,14,31,66
16058,63,14,31,66
16059,63,14,31,66
16060,63,14,31,66
16061,63,14,31,66
16062,63,14,31,66
16063,63,14,31,66
16064,63,14,31,66
16065,63,14,31,66
16066,63,14,31,66
16067,63,14,31,66
16068,63,14,31,66
16069,63,14,31,66
16070,63,14,31,66
16071,63,14,31,66
16072,63,14,31,66
16073,63,14,31,66
16074,63,14,31,66
16075,63,14,31,66
16076,63,14,31,66
16077,63,14,31,66
16078,63,14,31,66
16079,63,14,31,66
16080,63,14,31,66
16081,63,14,31,66
16082,63,14,31,66
16083,63,14,31,66
16084,63,14,31,66
16085,63,14,31,66
16086,63,14,31,66
16087,63,14,31,66
16088,63,14,31,66
16089,63,14,31,66
16090,63,14,31,66
16091,63,14,31,66
16092,63,14,31,66
16093,63,14,31,66
16094,63,14,31,66
16095,63,14,31,66
16096,63,14,31,66
16097,63,14,31,66
16098,63,14,31,66
16099,63,14,31,66
16100,63,14,31,66
16101,63,14,31,66
16102,63,14,31,66
16103,63,14,31,66
16104,63,14,31,66
16105,63,14,31,66
16106,63,14,31,66
16107,63,14,31,66
16108,63,14,31,66
16109,63,14,31,66
16110,63,14,31,66
16111,63,14,31,66
16112,63,14,31,66
16113,63,14,31,66
16114,63,14,31,66
16115,63,14,31,66
16116,63,14,31,66
16117,63,14,31,66
16118,63,14,31,66
16119,63,14,31,66
16120,63,14,31,66
16121,63,14,31,66
16122,63,14,31,66
16123,63,14,31,66
16124,63,14,31,66
16125,63,14,31,66
16126,63,14,31,66
16127,63,14,31,66
16128,63,14,31,66
16129,63,14,31,66
16130,63,14,31,66
16131,63,14,31,66
16132,63,14,31,66
16133,63,14,31,66
16134,63,14,31,66
16135,63,14,31,66
16136,63,14,31,66
16137,63,14,31,66
16138,63,14,31,66
16139,63,14,31,66
16140,63,14,31,66
16141,63,14,31,66
16142,63,14,31,66
16143,63,14,31,66
16144,63,14,31,67
16145,63,14,31,67
16146,63,14,31,67
16147,63,14,31,67
16148,63,14,31,67
16149,63,14,31,67
16150,63,14,31,67
16151,63,14,31,67
16152,63,14,31,67
16153,63,14,31,67
16154,63,14,31,67
16155,63,14,31,67
16156,63,14,31,67
16157,63,14,31,67
16158,63,14,31,67
16159,63,14,31,67
16160,63,14,31,67
16161,63,14,31,67
16162,63,14,31,67
16163,63,14,31,67
16164,63,14,31,67
16165,63,14,31,67
16166,63,14,31,67
16167,63,14,31,67
16168,63,14,31,67
16169,63,14,31,67
16170,63,14,31,67
16171,63,14,31,67
16172,63,14,31,67
16173,63,14,31,67
16174,63,14,31,67
16175,63,14,31,67
16176,63,14,31,67
16177,63,14,31,67
16178,63,14,31,67
16179,63,14,31,67
16180,63,14,31,67
16181,63,14,31,67
16182,63,14,31,67
16183,63,14,31,67
16184,63,14,31,67
16185,63,14,31,67
16186,63,14,31,67
16187,63,14,31,67
16188,63,14,31,67
16189,63,14,31,67
16190,63,14,31,67
16191,63,14,31,67
16192,63,14,31,67
16193,63,14,31,67
16194,63,14,31,67
16195,63,14,31,67
16196,63,14,31,67
16197,63,14,31,67
16198,63,14,31,67
16199,63,14,31,67
16200,63,14,31,67
16201,63,14,31,67
16202,63,14,31,67
16203,63,14,31,67
16204,63,14,31,67
16205,63,14,31,67
16206,63,14,31,67
16207,63,14,31,67
16208,63,14,31,67
16209,63,14,31,67
16210,63,14,31,67
16211,63,14,31,67
16212,63,14,31,67
16213,63,14,31,67
16214,63,14,31,67
16215,63,14,31,67
16216,63,14,31,67
16217,63,14,31,67
16218,63,14,31,67
16219,63,14,31,67
16220,63,14,31,67
16221,63,14,31,67
16222,63,14,31,67
16223,63,14,31,67
16224,63,14,31,67
16225,63,14,31,67
16226,63,14,31,67
16227,63,14,31,67
16228,63,14,31,68
16229,63,14,31,68
16230,63,14,31,68
16231,63,14,31,68
16232,63,14,31,68
16233,63,14,31,68
16234,63,14,31,68
16235,63,14,31,68
16236,63,14,31,68
16237,63,14,31,68
16238,63,14,31,68
16239,63,14,31,68
16240,63,14,31,68
16241,63,14,31,68
16242,63,14,31,68
16243,63,14,31,68
16244,63,14,31,68
16245,63,14,31,68
16246,63,14,31,68
16247,63,14,31,68
16248,63,14,31,68
16249,63,14,31,68
16250,63,14,31,68
16251,63,14,31,68
16252,63,14,31,68
16253,63,14,31,68
16254,63,14,31,68
16255,63,14,31,68
16256,63,14,31,68
16257,63,14,31,68
16258,63,14,31,68
16259,63,14,31,68
16260,63,14,31,68
16261,63,14,31,68
16262,63,14,31,68
16263,63,14,31,68
16264,63,14,31,68
16265,63,14,31,68
16266,63,14,31,68
16267,63,14,31,68
16268,63,14,31,68
16269,63,14,31,68
16270,63,14,31,68
16271,63,14,31,68
16272,63,14,31,68
16273,63,14,31,68
16274,63,14,31,68
16275,63,14,31,68
16276,63,14,31,68
16277,63,14,31,68
16278,63,14,31,68
16279,63,14,31,68
16280,63,14,31,68
16281,63,14,31,68
16282,63,14,31,68
16283,63,14,31,68
16284,63,14,31,68
16285,63,14,31,68
16286,63,14,31,68
16287,63,14,31,68
16288,63,14,31,68
16289,63,14,31,68
16290,63,14,31,68
16291,63,14,31,68
16292,63,14,31,68
16293,63,14,31,68
16294,63,14,31,68
16295,63,14,31,68
16296,63,14,31,68
16297,63,14,31,68
16298,63,14,31,68
16299,63,14,31,68
16300,63,14,31,68
16301,63,14,31,68
16302,63,14,31,68
16303,63,14,31,68
16304,63,14,31,68
16305,63,14,31,68
16306,63,14,31,68
16307,63,14,31,68
16308,63,14,31,68
16309,63,14,31,68
16310,63,14,31,68
16311,63,14,31,68
16312,63,14,31,68
16313,63,14,31,68
16314,63,14,31,68
16315,63,14,31,68
16316,63,14,31,68
16317,63,14,31,68
16318,63,14,31,68
16319,63,14,31,68
16320,63,14,31,68
16321,63,14,31,68
16322,63,14,31,68
16323,63,14,31,68
16324,63,14,31,68
16325,63,14,31,68
16326,63,14,31,68
16327,63,14,31,68
16328,63,14,31,68
16329,63,14,31,68
16330,63,14,31,68
16331,63,14,31,68
16332,63,14,31,68
16333,63,14,31,68
16334,63,14,31,68
16335,63,14,31,68
16336,63,14,31,68
16337,63,14,31,68
16338,63,14,31,68
16339,63,14,31,68
16340,63,14,31,68
16341,63,14,31,68
16342,63,14,31,68
16343,63,14,31,68
16344,63,14,31,68
16345,63,14,31,68
16346,63,14,31,68
16347,63,14,31,68
16348,63,14,31,68
16349,63,14,31,68
16350,63,14,31,68
16351,63,14,31,68
16352,63,14,31,68
16353,63,14,31,68
16354,63,14,31,68
16355,63,14,31,68
16356,63,14,31,68
16357,63,14,31,68
16358,63,14,31,68
16359,63,14,31,68
16360,63,14,31,68
16361,63,14,31,68
16362,63,14,31,68
16363,63,14,31,68
16364,63,14,31,68
16365,63,14,31,68
16366,63,14,31,68
16367,63,14,31,68
16368,63,14,31,68
16369,63,14,31,68
16370,63,14,31,68
16371,63,14,31,68
16372,63,14,31,68
16373,63,14,31,68
16374,63,14,31,68
16375,63,14,31,68
16376,63,14,31,68
16377,63,14,31,68
16378,63,14,31,68
16379,63,14,31,68
16380,63,14,31,68
16381,63,14,31,68
16382,63,14,31,68
16383,63,14,31,68
16384,63,14,31,68
16385,63,14,31,68
16386,63,14,31,68
16387,63,14,31,68
16388,63,14,31,68
16389,63,14,31,68
16390,63,14,31,68
16391,63,14,31,68
16392,63,14,31,68
16393,63,14,31,68
16394,63,14,31,68
16395,63,14,31,68
16396,63,14,31,68
16397,63,14,31,68
16398,63,14,31,68
16399,63,14,31,68
16400,63,14,31,68
16401,63,14,31,68
16402,63,14,31,68
16403,63,14,31,68
16404,63,14,31,68
16405,63,14,31,68
16406,63,14,31,68
16407,63,14,31,68
16408,63,14,31,68
16409,63,14,31,68
16410,63,14,31,68
16411,63,14,31,68
16412,63,14,31,68
16413,63,14,31,68
16414,63,14,31,68
16415,63,14,31,68
16416,63,14,31,68
16417,63,14,31,68
16418,63,14,31,68
16419,63,14,31,68
16420,63,14,31,68
16421,63,14,31,68
16422,63,14,31,68
16423,63,14,31,68
16424,63,14,31,68
16425,63,14,31,68
16426,63,14,31,68
16427,63,14,31,68
16428,63,14,31,68
16429,63,14,31,68
16430,63,14,31,68
16431,63,14,31,68
16432,63,14,31,68
16433,63,14,31,68
16434,63,14,31,69
16435,63,14,31,69
16436,63,14,31,69
16437,63,14,31,69
16438,63,14,31,69
16439,63,14,31,69
16440,63,14,31,69
16441,63,14,31,69
16442,63,14,31,69
16443,63,14,31,69
16444,63,14,31,69
16445,63,14,31,69
16446,63,14,31,70
16447,63,14,31,70
16448,63,14,31,70
16449,63,14,31,70
16450,63,14,31,70
16451,63,14,31,70
16452,63,14,31,70
16453,63,14,31,70
16454,63,14,31,70
16455,63,14,31,70
16456,63,14,31,70
16457,63,14,31,70
16458,63,14,31,70
16459,63,14,31,70
16460,63,14,31,70
16461,63,14,31,70
16462,63,14,31,70
16463,63,14,31,70
16464,63,14,31,70
16465,63,14,31,70
16466,63,14,31,70
16467,63,14,31,70
16468,63,14,31,70
16469,63,14,31,70
16470,63,14,31,70
16471,63,14,31,70
16472,63,14,31,70
16473,63,14,31,70
16474,63,14,31,70
16475,63,14,31,70
16476,63,14,31,70
16477,63,14,31,70
16478,63,14,31,70
16479,63,14,31,70
16480,63,14,31,70
16481,63,14,31,70
16482,63,14,31,70
16483,63,14,31,70
16484,63,14,31,70
16485,63,14,31,70
16486,63,14,31,70
16487,63,14,31,70
16488,63,14,31,70
16489,63,14,31,70
16490,63,14,31,70
16491,63,14,31,70
16492,63,14,31,70
16493,63,14,31,70
16494,63,14,31,70
16495,63,14,31,70
16496,63,14,31,70
16497,63,14,31,70
16498,63,14,31,70
16499,63,14,31,70
16500,63,14,31,70
16501,63,14,31,70
16502,63,14,31,70
16503,63,14,31,70
16504,63,14,31,70
16505,63,14,31,70
16506,63,14,31,70
16507,63,14,31,70
16508,63,14,31,70
16509,63,14,31,70
16510,63,14,31,70
16511,63,14,31,70
16512,63,14,31,70
16513,63,14,31,70
16514,63,14,31,70
16515,63,14,31,70
16516,63,14,31,70
16517,63,14,31,70
16518,63,14,31,70
16519,63,14,31,70
16520,63,14,31,70
16521,63,14,31,70
16522,63,14,31,70
16523,63,14,31,70
16524,63,14,31,70
16525,63,14,31,70
16526,63,14,31,70
16527,63,14,31,70
16528,63,14,31,70
16529,63,14,31,70
16530,63,14,31,70
16531,63,14,31,70
16532,63,14,31,70
16533,63,14,31,70
16534,63,14,31,70
16535,63,14,31,70
16536,63,14,31,70
16537,63,14,31,70
16538,63,14,31,70
16539,63,14,31,70
16540,63,14,31,70
16541,63,14,31,70
16542,63,14,31,70
16543,63,14,31,70
16544,63,14,31,70
16545,63,14,31,70
16546,63,14,31,70
16547,63,14,31,70
16548,63,14,31,70
16549,63,14,31,70
16550,63,14,31,70
16551,63,14,31,70
16552,63,14,31,70
16553,63,14,31,70
16554,63,14,31,70
16555,63,14,31,70
16556,63,14,31,70
16557,63,14,31,70
16558,63,14,31,70
16559,63,14,31,70
16560,63,14,31,70
16561,63,14,31,70
16562,63,14,31,70
16563,63,14,31,70
16564,63,14,31,70
16565,63,14,31,70
16566,63,14,31,70
16567,63,14,31,70
16568,63,14,31,70
16569,63,14,31,70
16570,63,14,31,70
16571,63,14,31,70
16572,63,14,31,70
16573,63,14,31,70
16574,63,14,31,70
16575,63,14,31,70
16576,63,14,31,70
16577,63,14,31,70
16578,63,14,31,70
16579,63,14,31,70
16580,63,14,31,70
16581,63,14,31,70
16582,63,14,31,70
16583,63,14,31,70
16584,63,14,31,70
16585,63,14,31,70
16586,63,14,31,70
16587,63,14,31,70
16588,63,14,31,70
16589,63,14,31,70
16590,63,14,31,70
16591,63,14,31,70
16592,63,14,31,70
16593,63,14,31,70
16594,63,14,31,70
16595,63,14,31,70
16596,63,14,31,70
16597,63,14,31,70
16598,63,14,31,70
16599,63,14,31,70
16600,63,14,31,70
16601,63,14,31,70
16602,63,14,31,70
16603,63,14,31,70
16604,63,14,31,70
16605,63,14,31,70
16606,63,14,31,70
16607,63,14,31,70
16608,63,14,31,70
16609,63,14,31,70
16610,63,14,31,70
16611,63,14,31,70
16612,63,14,31,70
16613,63,14,31,70
16614,63,14,31,70
16615,63,14,31,70
16616,63,14,31,70
16617,63,14,31,70
16618,63,14,31,70
16619,63,14,31,70
16620,63,14,31,70
16621,63,14,31,70
16622,63,14,31,70
16623,63,14,31,70
16624,63,14,31,70
16625,63,14,31,70
16626,63,14,31,70
16627,63,14,31,70
16628,63,14,31,70
16629,63,14,31,70
16630,63,14,31,70
16631,63,14,31,70
16632,63,14,31,70
16633,63,14,31,70
16634,63,14,31,70
16635,63,14,31,70
16636,63,14,31,70
16637,63,14,31,70
16638,63,14,31,70
16639,63,14,31,70
16640,63,14,31,70
16641,63,14,31,70
16642,63,14,31,70
16643,63,14,31,70
16644,63,14,31,70
16645,63,14,31,70
16646,63,14,31,70
16647,63,14,31,70
16648,63,14,31,70
16649,63,14,31,70
16650,63,14,31,70
16651,63,14,31,70
16652,63,14,31,70
16653,63,14,31,70
16654,63,14,31,70
16655,63,14,31,70
16656,63,14,31,70
16657,63,14,31,70
16658,63,14,31,70
16659,63,14,31,70
16660,63,14,31,70
16661,63,14,31,70
16662,63,14,31,70
16663,63,14,31,70
16664,63,14,31,70
16665,63,14,31,70
16666,63,14,31,70
16667,63,14,31,70
16668,63,14,31,70
16669,63,14,31,70
16670,63,14,31,70
16671,63,14,31,70
16672,63,14,31,70
16673,63,14,31,70
16674,63,14,31,70
16675,63,14,31,70
16676,63,14,31,70
16677,63,14,31,70
16678,63,14,31,70
16679,63,14,31,70
16680,63,14,31,70
16681,63,14,31,70
16682,63,14,31,70
16683,63,14,31,70
16684,63,14,31,70
16685,63,14,31,70
16686,63,14,31,70
16687,63,14,31,70
16688,63,14,31,70
16689,63,14,31,70
16690,63,14,31,70
16691,63,14,31,70
16692,63,14,31,70
16693,63,14,31,70
16694,63,14,31,70
16695,63,14,31,70
16696,63,14,31,70
16697,63,14,31,70
16698,63,14,31,70
16699,63,14,31,70
16700,63,14,31,70
16701,63,14,31,70
16702,63,14,31,70
16703,63,14,31,70
16704,63,14,31,70
16705,63,14,31,70
16706,63,14,31,70
16707,63,14,31,70
16708,63,14,31,70
16709,63,14,31,70
16710,63,14,31,70
16711,63,14,31,70
16712,63,14,31,70
16713,63,14,31,70
16714,63,14,31,70
16715,63,14,31,70
16716,63,14,31,70
16717,63,14,31,70
16718,63,14,31,70
16719,63,14,31,70
16720,63,14,31,70
16721,63,14,31,70
16722,63,14,31,70
16723,63,14,31,70
16724,63,14,31,70
16725,63,14,31,70
16726,63,14,31,70
16727,63,14,31,70
16728,63,14,31,70
16729,63,14,31,70
16730,63,14,31,70
16731,63,14,31,70
16732,63,14,31,70
16733,63,14,31,70
16734,63,14,31,70
16735,63,14,31,70
16736,63,14,31,70
16737,63,14,31,70
16738,63,14,31,70
16739,63,14,31,70
16740,63,14,31,70
16741,63,14,31,70
16742,63,14,31,70
16743,63,14,31,70
16744,63,14,31,70
16745,63,14,31,70
16746,63,14,31,70
16747,63,14,31,70
16748,63,14,31,70
16749,63,14,31,70
16750,63,14,31,70
16751,63,14,31,70
16752,63,14,31,70
16753,63,14,31,70
16754,63,14,31,70
16755,63,14,31,70
16756,63,14,31,70
16757,63,14,31,70
16758,63,14,31,70
16759,63,14,31,70
16760,63,14,31,70
16761,63,14,31,70
16762,63,14,31,70
16763,63,14,31,70
16764,63,14,31,70
16765,63,14,31,70
16766,63,14,31,70
16767,63,14,31,70
16768,63,14,31,70
16769,63,14,31,70
16770,63,14,31,70
16771,63,14,31,70
16772,63,14,31,70
16773,63,14,31,70
16774,63,14,31,70
16775,63,14,31,70
16776,63,14,31,70
16777,63,14,31,70
16778,63,14,31,70
16779,63,14,31,70
16780,63,14,31,70
16781,63,14,31,70
16782,63,14,31,70
16783,63,14,31,70
16784,63,14,31,70
16785,63,14,31,70
16786,63,14,31,70
16787,63,14,31,70
16788,63,14,31,70
16789,63,14,31,70
16790,63,14,31,70
16791,63,14,31,70
16792,63,14,31,70
16793,63,14,31,70
16794,63,14,31,70
16795,63,14,31,70
16796,63,14,31,70
16797,63,14,31,70
16798,63,14,31,70
16799,63,14,31,70
16800,63,14,31,70
16801,63,14,31,70
16802,63,14,31,70
16803,63,14,31,70
16804,63,14,31,70
16805,63,14,31,70
16806,63,14,31,70
16807,63,14,31,70
16808,63,14,31,70
16809,63,14,31,70
16810,63,14,31,70
16811,63,14,31,70
16812,63,14,31,70
16813,63,14,31,70
16814,63,14,31,70
16815,63,14,31,70
16816,63,14,31,70
16817,63,14,31,70
16818,63,14,31,70
16819,63,14,31,70
16820,63,14,31,70
16821,63,14,31,70
16822,63,14,31,70
16823,63,14,31,70
16824,63,14,31,70
16825,63,14,31,70
16826,63,14,31,70
16827,63,14,31,70
16828,63,14,31,70
16829,63,14,31,70
16830,63,14,31,70
16831,63,14,31,70
16832,63,14,31,70
16833,63,14,31,70
16834,63,14,31,70
16835,63,14,31,70
16836,63,14,31,70
16837,63,14,31,70
16838,63,14,31,70
16839,63,14,31,70
16840,63,14,31,70
16841,63,14,31,70
16842,63,14,31,70
16843,63,14,31,70
16844,63,14,31,70
16845,63,14,31,70
16846,63,14,31,70
16847,63,14,31,70
16848,63,14,31,70
16849,63,14,31,70
16850,63,14,31,70
16851,63,14,31,70
16852,63,14,31,70
16853,63,14,31,70
16854,63,14,31,70
16855,63,14,31,70
16856,63,14,31,70
16857,63,14,31,70
16858,63,14,31,70
16859,63,14,31,70
16860,63,14,31,70
16861,63,14,31,70
16862,63,14,31,70
16863,63,14,31,70
16864,63,14,31,70
16865,63,14,31,70
16866,63,14,31,70
16867,63,14,31,70
16868,63,14,31,70
16869,63,14,31,70
16870,63,14,31,70
16871,63,14,31,70
16872,63,14,31,70
16873,63,14,31,70
16874,63,14,31,70
16875,63,14,31,70
16876,63,14,31,70
16877,63,14,31,70
16878,63,14,31,70
16879,63,14,31,70
16880,63,14,31,70
16881,63,14,31,70
16882,63,14,31,70
16883,63,14,31,70
16884,63,14,31,70
16885,63,14,31,70
16886,63,14,31,70
16887,63,14,31,70
16888,63,14,31,70
16889,63,14,31,70
16890,63,14,31,70
16891,63,14,31,70
16892,63,14,31,70
16893,63,14,31,70
16894,63,14,31,70
16895,63,14,31,70
16896,63,14,31,70
16897,63,14,31,70
16898,63,14,31,70
16899,63,14,31,70
16900,63,14,31,70
16901,63,14,31,70
16902,63,14,31,70
16903,63,14,31,70
16904,63,14,31,70
16905,63,14,31,70
16906,63,14,31,70
16907,63,14,31,70
16908,63,14,31,70
16909,63,14,31,70
16910,63,14,31,70
16911,63,14,31,70
16912,63,14,31,70
16913,63,14,31,70
16914,63,14,31,70
16915,63,14,31,70
16916,63,14,31,70
16917,63,14,31,70
16918,63,14,31,70
16919,63,14,31,70
16920,63,14,31,70
16921,63,14,31,70
16922,63,14,31,70
16923,63,14,31,70
16924,63,14,31,70
16925,63,14,31,70
16926,63,14,31,70
16927,63,14,31,70
16928,63,14,31,70
16929,63,14,31,70
16930,63,14,31,70
16931,63,14,31,70
16932,63,14,31,70
16933,63,14,31,70
16934,63,14,31,70
16935,63,14,31,70
16936,63,14,31,70
16937,63,14,31,70
16938,63,14,31,70
16939,63,14,31,70
16940,63,14,31,70
16941,63,14,31,70
16942,63,14,31,70
16943,63,14,31,70
16944,63,14,31,70
16945,63,14,31,70
16946,63,14,31,70
16947,63,14,31,70
16948,63,14,31,70
16949,63,14,31,70
16950,63,14,31,70
16951,63,14,31,70
16952,63,14,31,70
16953,63,14,31,70
16954,63,14,31,70
16955,63,14,31,70
16956,63,14,31,70
16957,63,14,31,70
16958,63,14,31,70
16959,63,14,31,70
16960,63,14,31,70
16961,63,14,31,70
16962,63,14,31,70
16963,63,14,31,70
16964,63,14,31,70
16965,63,14,31,70
16966,63,14,31,70
16967,63,14,31,70
16968,63,14,31,70
16969,63,14,31,70
16970,63,14,31,70
16971,63,14,31,70
16972,63,14,31,70
16973,63,14,31,70
16974,63,14,31,70
16975,63,14,31,70
16976,63,14,31,70
16977,63,14,31,70
16978,63,14,31,70
16979,63,14,31,70
16980,63,14,31,70
16981,63,14,31,70
16982,63,14,31,70
16983,63,14,31,70
16984,63,14,31,70
16985,63,14,31,70
16986,63,14,31,70
16987,63,14,31,70
16988,63,14,31,70
16989,63,14,31,70
16990,63,14,31,70
16991,63,14,31,70
16992,63,14,31,70
16993,63,14,31,70
16994,63,14,31,70
16995,63,14,31,70
16996,63,14,31,70
16997,63,14,31,70
16998,63,14,31,70
16999,63,14,31,70
17000,63,14,31,70
17001,63,14,31,70
17002,63,14,31,70
17003,63,14,31,70
17004,63,14,31,70
17005,63,14,31,70
17006,63,14,31,70
17007,63,14,31,70
17008,63,14,31,70
17009,63,14,31,70
17010,63,14,31,70
17011,63,14,31,70
17012,63,14,31,70
17013,63,14,31,70
17014,63,14,31,70
17015,63,14,31,70
17016,63,14,31,70
17017,63,14,31,70
17018,63,14,31,70
17019,63,14,31,70
17020,63,14,31,70
17021,63,14,31,70
17022,63,14,31,70
17023,63,14,31,70
17024,63,14,31,70
17025,63,14,31,70
17026,63,14,31,70
17027,63,14,31,70
17028,63,14,31,70
17029,63,14,31,70
17030,63,14,31,70
17031,63,14,31,70
17032,63,14,31,70
17033,63,14,31,70
17034,63,14,31,70
17035,63,14,31,70
17036,63,14,31,70
17037,63,14,31,70
17038,63,14,31,70
17039,63,14,31,70
17040,63,14,31,70
17041,63,14,31,70
17042,63,14,31,70
17043,63,14,31,70
17044,63,14,31,70
17045,63,14,31,70
17046,63,14,31,70
17047,63,14,31,70
17048,63,14,31,70
17049,63,14,31,70
17050,63,14,31,70
17051,63,14,31,70
17052,63,14,31,70
17053,63,14,31,70
17054,63,14,31,70
17055,63,14,31,70
17056,63,14,31,70
17057,63,14,31,70
17058,63,14,31,70
17059,63,14,31,70
17060,63,14,31,70
17061,63,14,31,70
17062,63,14,31,70
17063,63,14,31,70
17064,63,14,31,70
17065,63,14,31,70
17066,63,14,31,70
17067,63,14,31,70
17068,63,14,31,70
17069,63,14,31,70
17070,63,14,31,70
17071,63,14,31,70
17072,63,14,31,70
17073,63,14,31,70
17074,63,14,31,70
17075,63,14,31,70
17076,63,14,31,70
17077,63,14,31,70
17078,63,14,31,70
17079,63,14,31,70
17080,63,14,31,70
17081,63,14,31,70
17082,63,14,31,70
17083,63,14,31,70
17084,63,14,31,70
17085,63,14,31,70
17086,63,14,31,70
17087,63,14,31,70
17088,63,14,31,70
17089,63,14,31,70
17090,63,14,31,70
17091,63,14,31,70
17092,63,14,31,70
17093,63,14,31,70
17094,63,14,31,70
17095,63,14,31,70
17096,63,14,31,70
17097,63,14,31,70
17098,63,14,31,70
17099,63,14,31,70
17100,63,14,31,70
17101,63,14,31,70
17102,63,14,31,70
17103,63,14,31,70
17104,63,14,31,70
17105,63,14,31,70
17106,63,14,31,70
17107,63,14,31,70
17108,63,14,31,70
17109,63,14,31,70
17110,63,14,31,70
17111,63,14,31,70
17112,63,14,31,70
17113,63,14,31,70
17114,63,14,31,70
17115,63,14,31,70
17116,63,14,31,70
17117,63,14,31,70
17118,63,14,31,70
17119,63,14,31,70
17120,63,14,31,70
17121,63,14,31,70
17122,63,14,31,70
17123,63,14,31,70
17124,63,14,31,70
17125,63,14,31,70
17126,63,14,31,70
17127,63,14,31,70
17128,63,14,31,70
17129,63,14,31,70
17130,63,14,31,70
17131,63,14,31,70
17132,63,14,31,70
17133,63,14,31,70
17134,63,14,31,70
17135,63,14,31,70
17136,63,14,31,70
17137,63,14,31,70
17138,63,14,31,70
17139,63,14,31,70
17140,63,14,31,70
17141,63,14,31,70
17142,63,14,31,70
17143,63,14,31,70
17144,63,14,31,70
17145,63,14,31,70
17146,63,14,31,70
17147,63,14,31,70
17148,63,14,31,70
17149,63,14,31,70
17150,63,14,31,70
17151,63,14,31,70
17152,63,14,31,70
17153,63,14,31,70
17154,63,14,31,70
17155,63,14,31,70
17156,63,14,31,70
17157,63,14,31,70
17158,63,14,31,70
17159,63,14,31,70
17160,63,14,31,70
17161,63,14,31,70
17162,63,14,31,70
17163,63,14,31,70
17164,63,14,31,70
17165,63,14,31,70
17166,63,14,31,70
17167,63,14,31,70
17168,63,14,31,70
17169,63,14,31,70
17170,63,14,31,70
17171,63,14,31,70
17172,63,14,31,70
17173,63,14,31,70
17174,63,14,31,70
17175,63,14,31,70
17176,63,14,31,70
17177,63,14,31,70
17178,63,14,31,70
17179,63,14,31,70
17180,63,14,31,70
17181,63,14,31,70
17182,63,14,31,70
17183,63,14,31,70
17184,63,14,31,70
17185,63,14,31,70
17186,63,14,31,70
17187,63,14,31,70
17188,63,14,31,70
17189,63,14,31,70
17190,63,14,31,70
17191,63,14,31,70
17192,63,14,31,70
17193,63,14,31,70
17194,63,14,31,70
17195,63,14,31,70
17196,63,14,31,70
17197,63,14,31,70
17198,63,14,31,70
17199,63,14,31,70
17200,63,14,31,70
17201,63,14,31,70
17202,63,14,31,70
17203,63,14,31,70
17204,63,14,31,70
17205,63,14,31,70
17206,63,14,31,70
17207,63,14,31,70
17208,63,14,31,70
17209,63,14,31,70
17210,63,14,31,70
17211,63,14,31,70
17212,63,14,31,70
17213,63,14,31,70
17214,63,14,31,70
17215,63,14,31,70
17216,63,14,31,70
17217,63,14,31,70
17218,63,14,31,70
17219,63,14,31,70
17220,63,14,31,70
17221,63,14,31,70
17222,63,14,31,70
17223,63,14,31,70
17224,63,14,31,70
17225,63,14,31,70
17226,63,14,31,70
17227,63,14,31,70
17228,63,14,31,70
17229,63,14,31,70
17230,63,14,31,70
17231,63,14,31,70
17232,63,14,31,70
17233,63,14,31,70
17234,63,14,31,70
17235,63,14,31,70
17236,63,14,31,70
17237,63,14,31,70
17238,63,14,31,70
17239,63,14,31,70
17240,63,14,31,70
17241,63,14,31,70
17242,63,14,31,70
17243,63,14,31,70
17244,63,14,31,70
17245,63,14,31,70
17246,63,14,31,70
17247,63,14,31,70
17248,63,14,31,70
17249,63,14,31,70
17250,63,14,31,70
17251,63,14,31,70
17252,63,14,31,70
17253,63,14,31,70
17254,63,14,31,70
17255,63,14,31,70
17256,63,14,31,70
17257,63,14,31,70
17258,63,14,31,70
17259,63,14,31,70
17260,63,14,31,70
17261,63,14,31,70
17262,63,14,31,70
17263,63,14,31,70
17264,63,14,31,70
17265,63,14,31,70
17266,63,14,31,70
17267,63,14,31,70
17268,63,14,31,70
17269,63,14,31,70
17270,63,14,31,70
17271,63,14,31,70
17272,63,14,31,70
17273,63,14,31,70
17274,63,14,31,70
17275,63,14,31,70
17276,63,14,31,70
17277,63,14,31,70
17278,63,14,31,70
17279,63,14,31,70
17280,63,14,31,70
17281,63,14,31,70
17282,63,14,31,70
17283,63,14,31,70
17284,63,14,31,70
17285,63,14,31,70
17286,63,14,31,70
17287,63,14,31,70
17288,63,14,31,70
17289,63,14,31,70
17290,63,14,31,70
17291,63,14,31,70
17292,63,14,31,70
17293,63,14,31,70
17294,63,14,31,70
17295,63,14,31,70
17296,63,14,31,70
17297,63,14,31,70
17298,63,14,31,70
17299,63,14,31,70
17300,63,14,31,70
17301,63,14,31,70
17302,63,14,31,70
17303,63,14,31,70
17304,63,14,31,70
17305,63,14,31,70
17306,63,14,31,70
17307,63,14,31,70
17308,63,14,31,70
17309,63,14,31,70
17310,63,14,31,70
17311,63,14,31,70
17312,63,14,31,70
17313,63,14,31,70
17314,63,14,31,70
17315,63,14,31,70
17316,63,14,31,70
17317,63,14,31,70
17318,63,14,31,70
17319,63,14,31,70
17320,63,14,31,70
17321,63,14,31,70
17322,63,14,31,70
17323,63,14,31,70
17324,63,14,31,70
17325,63,14,31,70
17326,63,14,31,70
17327,63,14,31,70
17328,63,14,31,70
17329,63,14,31,70
17330,63,14,31,70
17331,63,14,31,70
17332,63,14,31,70
17333,63,14,31,70
17334,63,14,31,70
17335,63,14,31,70
17336,63,14,31,70
17337,63,14,31,70
17338,63,14,31,70
17339,63,14,31,70
17340,63,14,31,70
17341,63,14,31,70
17342,63,14,31,70
17343,63,14,31,70
17344,63,14,31,70
17345,63,14,31,70
17346,63,14,31,70
17347,63,14,31,70
17348,63,14,31,70
17349,63,14,31,70
17350,63,14,31,70
17351,63,14,31,70
17352,63,14,31,70
17353,63,14,31,70
17354,63,14,31,70
17355,63,14,31,70
17356,63,14,31,70
17357,63,14,31,70
17358,63,14,31,70
17359,63,14,31,70
17360,63,14,31,70
17361,63,14,31,70
17362,63,14,31,70
17363,63,14,31,70
17364,63,14,31,70
17365,63,14,31,70
17366,63,14,31,70
17367,63,14,31,70
17368,63,14,31,70
17369,63,14,31,70
17370,63,14,31,70
17371,63,14,31,70
17372,63,14,31,70
17373,63,14,31,70
17374,63,14,31,70
17375,63,14,31,70
17376,63,14,31,70
17377,63,14,31,70
17378,63,14,31,70
17379,63,14,31,70
17380,63,14,31,70
17381,63,14,31,70
17382,63,14,31,70
17383,63,14,31,70
17384,63,14,31,70
17385,63,14,31,70
17386,63,14,31,70
17387,63,14,31,70
17388,63,14,31,70
17389,63,14,31,70
17390,63,14,31,70
17391,63,14,31,70
17392,63,14,31,70
17393,63,14,31,70
17394,63,14,31,70
17395,63,14,31,70
17396,63,14,31,70
17397,63,14,31,70
17398,63,14,31,70
17399,63,14,31,70
17400,63,14,31,70
17401,63,14,31,70
17402,63,14,31,70
17403,63,14,31,70
17404,63,14,31,70
17405,63,14,31,70
17406,63,14,31,70
17407,63,14,31,70
17408,63,14,31,70
17409,63,14,31,70
17410,63,14,31,70
17411,63,14,31,70
17412,63,14,31,70
17413,63,14,31,70
17414,63,14,31,70
17415,63,14,31,70
17416,63,14,31,70
17417,63,14,31,70
17418,63,14,31,70
17419,63,14,31,70
17420,63,14,31,70
17421,63,14,31,70
17422,63,14,31,70
17423,63,14,31,70
17424,63,14,31,70
17425,63,14,31,70
17426,63,14,31,70
17427,63,14,31,70
17428,63,14,31,70
17429,63,14,31,70
17430,63,14,31,70
17431,63,14,31,70
17432,63,14,31,70
17433,63,14,31,70
17434,63,14,31,70
17435,63,14,31,70
17436,63,14,31,70
17437,63,14,31,70
17438,63,14,31,70
17439,63,14,31,70
17440,63,14,31,70
17441,63,14,31,70
17442,63,14,31,70
17443,63,14,31,70
17444,63,14,31,70
17445,63,14,31,70
17446,63,14,31,70
17447,63,14,31,70
17448,63,14,31,70
17449,63,14,31,71
17450,63,14,31,71
17451,63,14,31,71
17452,63,14,31,71
17453,63,14,31,71
17454,63,14,31,71
17455,63,14,31,71
17456,63,14,31,71
17457,63,14,31,71
17458,63,14,31,71
17459,63,14,31,71
17460,63,14,31,71
17461,63,14,31,71
17462,63,14,31,71
17463,63,14,31,71
17464,63,14,31,71
17465,63,14,31,71
17466,63,14,31,71
17467,63,14,31,71
17468,63,14,31,71
17469,63,14,31,71
17470,63,14,31,71
17471,63,14,31,71
17472,63,14,31,71
17473,63,14,31,71
17474,63,14,31,71
17475,63,14,31,71
17476,63,14,31,71
17477,63,14,31,71
17478,63,14,31,71
17479,63,14,31,71
17480,63,14,31,71
17481,63,14,31,71
17482,63,14,31,71
17483,63,14,31,71
17484,63,14,31,71
17485,63,14,31,71
17486,63,14,31,71
17487,63,14,31,71
17488,63,14,31,71
17489,63,14,31,71
17490,63,14,31,71
17491,63,14,31,71
17492,63,14,31,71
17493,63,14,31,71
17494,63,14,31,71
17495,63,14,31,71
17496,63,14,31,71
17497,63,14,31,71
17498,63,14,31,71
17499,63,14,31,71
17500,63,14,31,71
17501,63,14,31,71
17502,63,14,31,71
17503,63,14,31,71
17504,63,14,31,71
17505,63,14,31,71
17506,63,14,31,71
17507,63,14,31,71
17508,63,14,31,71
17509,63,14,31,71
17510,63,14,31,71
17511,63,14,31,71
17512,63,14,31,71
17513,63,14,31,71
17514,63,14,31,71
17515,63,14,31,71
17516,63,14,31,71
17517,63,14,31,71
17518,63,14,31,71
17519,63,14,31,71
17520,63,14,31,71
17521,63,14,31,71
17522,63,14,31,71
17523,63,14,31,71
17524,63,14,31,71
17525,63,14,31,71
17526,63,14,31,71
17527,63,14,31,71
17528,63,14,31,71
17529,63,14,31,71
17530,63,14,31,71
17531,63,14,31,71
17532,63,14,31,71
17533,63,14,31,71
17534,63,14,31,71
17535,63,14,31,71
17536,63,14,31,71
17537,63,14,31,71
17538,63,14,31,71
17539,63,14,31,71
17540,63,14,31,71
17541,63,14,31,71
17542,63,14,31,71
17543,63,14,31,71
17544,63,14,31,71
17545,63,14,31,71
17546,63,14,31,71
17547,63,14,31,71
17548,63,14,31,71
17549,63,14,31,71
17550,63,14,31,71
17551,63,14,31,71
17552,63,14,31,71
17553,63,14,31,71
17554,63,14,31,71
17555,63,14,31,71
17556,63,14,31,71
17557,63,14,31,71
17558,63,14,31,71
17559,63,14,31,71
17560,63,14,31,71
17561,63,14,31,71
17562,63,14,31,71
17563,63,14,31,71
17564,63,14,31,71
17565,63,14,31,71
17566,63,14,31,71
17567,63,14,31,71
17568,63,14,31,71
17569,63,14,31,71
17570,63,14,31,71
17571,63,14,31,71
17572,63,14,31,71
17573,63,14,31,71
17574,63,14,31,71
17575,63,14,31,71
17576,63,14,31,71
17577,63,14,31,71
17578,63,14,31,71
17579,63,14,31,71
17580,63,14,31,71
17581,63,14,31,71
17582,63,14,31,71
17583,63,14,31,71
17584,63,14,31,71
17585,63,14,31,71
17586,63,14,31,71
17587,63,14,31,71
17588,63,14,31,71
17589,63,14,31,71
17590,63,14,31,71
17591,63,14,31,71
17592,63,14,31,71
17593,63,14,31,71
17594,63,14,31,71
17595,63,14,31,71
17596,63,14,31,71
17597,63,14,31,71
17598,63,14,31,71
17599,63,14,31,71
17600,63,14,31,71
17601,63,14,31,71
17602,63,14,31,71
17603,63,14,31,71
17604,63,14,31,71
17605,63,14,31,71
17606,63,14,31,71
17607,63,14,31,71
17608,63,14,31,71
17609,63,14,31,71
17610,63,14,31,71
17611,63,14,31,71
17612,63,14,31,71
17613,63,14,31,71
17614,63,14,31,71
17615,63,14,31,71
17616,63,14,31,71
17617,63,14,31,71
17618,63,14,31,71
17619,63,14,31,71
17620,63,14,31,71
17621,63,14,31,71
17622,63,14,31,71
17623,63,14,31,71
17624,63,14,31,71
17625,63,14,31,71
17626,63,14,31,71
17627,63,14,31,71
17628,63,14,31,71
17629,63,14,31,71
17630,63,14,31,71
17631,63,14,31,71
17632,63,14,31,71
17633,63,14,31,71
17634,63,14,31,71
17635,63,14,31,71
17636,63,14,31,71
17637,63,14,31,71
17638,63,14,31,71
17639,63,14,31,71
17640,63,14,31,71
17641,63,14,31,71
17642,63,14,31,71
17643,63,14,31,71
17644,63,14,31,71
17645,63,14,31,71
17646,63,14,31,71
17647,63,14,31,71
17648,63,14,31,71
17649,63,14,31,71
17650,63,14,31,71
17651,63,14,31,71
17652,63,14,31,71
17653,63,14,31,71
17654,63,14,31,71
17655,63,14,31,71
17656,63,14,31,71
17657,63,14,31,71
17658,63,14,31,71
17659,63,14,31,71
17660,63,14,31,71
17661,63,14,31,71
17662,63,14,31,71
17663,63,14,31,71
17664,63,14,31,71
17665,63,14,31,71
17666,63,14,31,71
17667,63,14,31,71
17668,63,14,31,71
17669,63,14,31,71
17670,63,14,31,71
17671,63,14,31,71
17672,63,14,31,71
17673,63,14,31,71
17674,63,14,31,71
17675,63,14,31,71
17676,63,14,31,71
17677,63,14,31,71
17678,63,14,31,71
17679,63,14,31,71
17680,63,14,31,71
17681,63,14,31,71
17682,63,14,31,71
17683,63,14,31,71
17684,63,14,31,71
17685,63,14,31,71
17686,63,14,31,71
17687,63,14,31,71
17688,63,14,31,71
17689,63,14,31,71
17690,63,14,31,71
17691,63,14,31,71
17692,63,14,31,71
17693,63,14,31,71
17694,63,14,31,71
17695,63,14,31,71
17696,63,14,31,71
17697,63,14,31,71
17698,63,14,31,71
17699,63,14,31,71
17700,63,14,31,71
17701,63,14,31,71
17702,63,14,31,71
17703,63,14,31,71
17704,63,14,31,71
17705,63,14,31,71
17706,63,14,31,71
17707,63,14,31,71
17708,63,14,31,71
17709,63,14,31,71
17710,63,14,31,71
17711,63,14,31,71
17712,63,14,31,71
17713,63,14,31,71
17714,63,14,31,71
17715,63,14,31,71
17716,63,14,31,71
17717,63,14,31,71
17718,63,14,31,71
17719,63,14,31,71
17720,63,14,31,71
17721,63,14,31,71
17722,63,14,31,71
17723,63,14,31,71
17724,63,14,31,71
17725,63,14,31,71
17726,63,14,31,71
17727,63,14,31,71
17728,63,14,31,71
17729,63,14,31,71
17730,63,14,31,71
17731,63,14,31,71
17732,63,14,31,71
17733,63,14,31,71
17734,63,14,31,71
17735,63,14,31,71
17736,63,14,31,71
17737,63,14,31,71
17738,63,14,31,71
17739,63,14,31,71
17740,63,14,31,71
17741,63,14,31,71
17742,63,14,31,71
17743,63,14,31,71
17744,63,14,31,71
17745,63,14,31,71
17746,63,14,31,71
17747,63,14,31,71
17748,63,14,31,71
17749,63,14,31,71
17750,63,14,31,71
17751,63,14,31,71
17752,63,14,31,71
17753,63,14,31,71
17754,63,14,31,71
17755,63,14,31,71
17756,63,14,31,71
17757,63,14,31,71
17758,63,14,31,71
17759,63,14,31,71
17760,63,14,31,71
17761,63,14,31,71
17762,63,14,31,71
17763,63,14,31,71
17764,63,14,31,71
17765,63,14,31,71
17766,63,14,31,71
17767,63,14,31,71
17768,63,14,31,71
17769,63,14,31,71
17770,63,14,31,71
17771,63,14,31,71
17772,63,14,31,71
17773,63,14,31,71
17774,63,14,31,71
17775,63,14,31,71
17776,63,14,31,71
17777,63,14,31,71
17778,63,14,31,71
17779,63,14,31,71
17780,63,14,31,71
17781,63,14,31,71
17782,63,14,31,71
17783,63,14,31,71
17784,63,14,31,71
17785,63,14,31,71
17786,63,14,31,71
17787,63,14,31,71
17788,63,14,31,71
17789,63,14,31,71
17790,63,14,31,71
17791,63,14,31,71
17792,63,14,31,71
17793,63,14,31,71
17794,63,14,31,71
17795,63,14,31,71
17796,63,14,31,71
17797,63,14,31,71
17798,63,14,31,71
17799,63,14,31,71
17800,63,14,31,71
17801,63,14,31,71
17802,63,14,31,71
17803,63,14,31,71
17804,63,14,31,71
17805,63,14,31,71
17806,63,14,31,71
17807,63,14,31,71
17808,63,14,31,71
17809,63,14,31,71
17810,63,14,31,71
17811,63,14,31,71
17812,63,14,31,71
17813,63,14,31,71
17814,63,14,31,71
17815,63,14,31,71
17816,63,14,31,71
17817,63,14,31,71
17818,63,14,31,71
17819,63,14,31,72
17820,63,14,31,72
17821,63,14,31,72
17822,63,14,31,72
17823,63,14,31,72
17824,63,14,31,72
17825,63,14,31,72
17826,63,14,31,72
17827,63,14,31,72
17828,63,14,31,72
17829,63,14,31,72
17830,63,14,31,72
17831,63,14,31,72
17832,63,14,31,72
17833,63,14,31,72
17834,63,14,31,72
17835,63,14,31,72
17836,63,14,31,72
17837,63,14,31,72
17838,63,14,31,72
17839,63,14,31,72
17840,63,14,31,72
17841,63,14,31,72
17842,63,14,31,72
17843,63,14,31,72
17844,63,14,31,72
17845,63,14,31,72
17846,63,14,31,72
17847,63,14,31,72
17848,63,14,31,72
17849,63,14,31,72
17850,63,14,31,72
17851,63,14,31,72
17852,63,14,31,72
17853,63,14,31,72
17854,63,14,31,72
17855,63,14,31,72
17856,63,14,31,72
17857,63,14,31,72
17858,63,14,31,72
17859,63,14,31,72
17860,63,14,31,72
17861,63,14,31,72
17862,63,14,31,72
17863,63,14,31,72
17864,63,14,31,72
17865,63,14,31,72
17866,63,14,31,72
17867,63,14,31,72
17868,63,14,31,72
17869,63,14,31,72
17870,63,14,31,72
17871,63,14,31,72
17872,63,14,31,72
17873,63,14,31,72
17874,63,14,31,72
17875,63,14,31,72
17876,63,14,31,72
17877,63,14,31,72
17878,63,14,31,72
17879,63,14,31,72
17880,63,14,31,72
17881,63,14,31,72
17882,63,14,31,72
17883,63,14,31,72
17884,63,14,31,72
17885,63,14,31,72
17886,63,14,31,72
17887,63,14,31,72
17888,63,14,31,72
17889,63,14,31,72
17890,63,14,31,72
17891,63,14,31,72
17892,63,14,31,72
17893,63,14,31,72
17894,63,14,31,72
17895,63,14,31,72
17896,63,14,31,72
17897,63,14,31,72
17898,63,14,31,72
17899,63,14,31,72
17900,63,14,31,72
17901,63,14,31,72
17902,63,14,31,72
17903,63,14,31,72
17904,63,14,31,72
17905,63,14,31,72
17906,63,14,31,72
17907,63,14,31,72
17908,63,14,31,72
17909,63,14,31,72
17910,63,14,31,72
17911,63,14,31,72
17912,63,14,31,72
17913,63,14,31,72
17914,63,14,31,72
17915,63,14,31,72
17916,63,14,31,72
17917,63,14,31,72
17918,63,14,31,72
17919,63,14,31,72
17920,63,14,31,72
17921,63,14,31,72
17922,63,14,31,72
17923,63,14,31,72
17924,63,14,31,72
17925,63,14,31,72
17926,63,14,31,72
17927,63,14,31,72
17928,63,14,31,72
17929,63,14,31,72
17930,63,14,31,72
17931,63,14,31,72
17932,63,14,31,72
17933,63,14,31,72
17934,63,14,31,72
17935,63,14,31,72
17936,63,14,31,72
17937,63,14,31,72
17938,63,14,31,72
17939,63,14,31,72
17940,63,14,31,72
17941,63,14,31,72
17942,63,14,31,72
17943,63,14,31,72
17944,63,14,31,72
17945,63,14,31,72
17946,63,14,31,72
17947,63,14,31,72
17948,63,14,31,72
17949,63,14,31,72
17950,63,14,31,72
17951,63,14,31,72
17952,63,14,31,72
17953,63,14,31,72
17954,63,14,31,72
17955,63,14,31,72
17956,63,14,31,72
17957,63,14,31,72
17958,63,14,31,72
17959,63,14,31,72
17960,63,14,31,72
17961,63,14,31,72
17962,63,14,31,72
17963,63,14,31,72
17964,63,14,31,72
17965,63,14,31,72
17966,63,14,31,72
17967,63,14,31,72
17968,63,14,31,72
17969,63,14,31,72
17970,63,14,31,72
17971,63,14,31,72
17972,63,14,31,72
17973,63,14,31,72
17974,63,14,31,72
17975,63,14,31,72
17976,63,14,31,72
17977,63,14,31,72
17978,63,14,31,72
17979,63,14,31,72
17980,63,14,31,72
17981,63,14,31,72
17982,63,14,31,72
17983,63,14,31,72
17984,63,14,31,72
17985,63,14,31,72
17986,63,14,31,72
17987,63,14,31,72
17988,63,14,31,72
17989,63,14,31,72
17990,63,14,31,72
17991,63,14,31,72
17992,63,14,31,72
17993,63,14,31,72
17994,63,14,31,72
17995,63,14,31,72
17996,63,14,31,72
17997,63,14,31,72
17998,63,14,31,72
17999,63,14,31,72
18000,63,14,31,72
18001,63,14,31,72
18002,63,14,31,72
18003,63,14,31,72
18004,63,14,31,72
18005,63,14,31,72
18006,63,14,31,72
18007,63,14,31,72
18008,63,14,31,72
18009,63,14,31,72
18010,63,14,31,72
18011,63,14,31,72
18012,63,14,31,72
18013,63,14,31,72
18014,63,14,31,72
18015,63,14,31,72
18016,63,14,31,72
18017,63,14,31,72
18018,63,14,31,72
18019,63,14,31,72
18020,63,14,31,72
18021,63,14,31,72
18022,63,14,31,72
18023,63,14,31,72
18024,63,14,31,72
18025,63,14,31,72
18026,63,14,31,72
18027,63,14,31,72
18028,63,14,31,72
18029,63,14,31,72
18030,63,14,31,72
18031,63,14,31,72
18032,63,14,31,72
18033,63,14,31,72
18034,63,14,31,72
18035,63,14,31,72
18036,63,14,31,72
18037,63,14,31,72
18038,63,14,31,72
18039,63,14,31,72
18040,63,14,31,72
18041,63,14,31,72
18042,63,14,31,72
18043,63,14,31,72
18044,63,14,31,72
18045,63,14,31,72
18046,63,14,31,72
18047,63,14,31,72
18048,63,14,31,72
18049,63,14,31,72
18050,63,14,31,72
18051,63,14,31,72
18052,63,14,31,72
18053,63,14,31,72
18054,63,14,31,72
18055,63,14,31,72
18056,63,14,31,72
18057,63,14,31,72
18058,63,14,31,72
18059,63,14,31,72
18060,63,14,31,72
18061,63,14,31,72
18062,63,14,31,72
18063,63,14,31,72
18064,63,14,31,72
18065,63,14,31,72
18066,63,14,31,72
18067,63,14,31,72
18068,63,14,31,72
18069,63,14,31,72
18070,63,14,31,72
18071,63,14,31,72
18072,63,14,31,72
18073,63,14,31,72
18074,63,14,31,72
18075,63,14,31,72
18076,63,14,31,72
18077,63,14,31,72
18078,63,14,31,72
18079,63,14,31,72
18080,63,14,31,72
18081,63,14,31,72
18082,63,14,31,72
18083,63,14,31,72
18084,63,14,31,72
18085,63,14,31,72
18086,63,14,31,72
18087,63,14,31,72
18088,63,14,31,72
18089,63,14,31,72
18090,63,14,31,72
18091,63,14,31,72
18092,63,14,31,72
18093,63,14,31,72
18094,63,14,31,72
18095,63,14,31,72
18096,63,14,31,72
18097,63,14,31,72
18098,63,14,31,72
18099,63,14,31,72
18100,63,14,31,72
18101,63,14,31,72
18102,63,14,31,72
18103,63,14,31,72
18104,63,14,31,72
18105,63,14,31,72
18106,63,14,31,72
18107,63,14,31,72
18108,63,14,31,72
18109,63,14,31,72
18110,63,14,31,72
18111,63,14,31,72
18112,63,14,31,72
18113,63,14,31,72
18114,63,14,31,72
18115,63,14,31,72
18116,63,14,31,72
18117,63,14,31,72
18118,63,14,31,72
18119,63,14,31,72
18120,63,14,31,72
18121,63,14,31,72
18122,63,14,31,72
18123,63,14,31,72
18124,63,14,31,72
18125,63,14,31,72
18126,63,14,31,72
18127,63,14,31,72
18128,63,14,31,72
18129,63,14,31,72
18130,63,14,31,72
18131,63,14,31,72
18132,63,14,31,72
18133,63,14,31,72
18134,63,14,31,72
18135,63,14,31,72
18136,63,14,31,72
18137,63,14,31,72
18138,63,14,31,72
18139,63,14,31,72
18140,63,14,31,72
18141,63,14,31,72
18142,63,14,31,72
18143,63,14,31,72
18144,63,14,31,72
18145,63,14,31,72
18146,63,14,31,72
18147,63,14,31,72
18148,63,14,31,72
18149,63,14,31,72
18150,63,14,31,72
18151,63,14,31,72
18152,63,14,31,72
18153,63,14,31,72
18154,63,14,31,72
18155,63,14,31,72
18156,63,14,31,72
18157,63,14,31,72
18158,63,14,31,72
18159,63,14,31,72
18160,63,14,31,72
18161,63,14,31,72
18162,63,14,31,72
18163,63,14,31,72
18164,63,14,31,72
18165,63,14,31,72
18166,63,14,31,72
18167,63,14,31,72
18168,63,14,31,72
18169,63,14,31,72
18170,63,14,31,72
18171,63,14,31,72
18172,63,14,31,72
18173,63,14,31,72
18174,63,14,31,72
18175,63,14,31,72
18176,63,14,31,72
18177,63,14,31,72
18178,63,14,31,73
18179,63,14,31,73
18180,63,14,31,73
18181,63,14,31,73
18182,63,14,31,73
18183,63,14,31,73
18184,63,14,31,73
18185,63,14,31,73
18186,63,14,31,73
18187,63,14,31,73
18188,63,14,31,73
18189,63,14,31,73
18190,63,14,31,73
18191,63,14,31,73
18192,63,14,31,73
18193,63,14,31,73
18194,63,14,31,73
18195,63,14,31,73
18196,63,14,31,73
18197,63,14,31,73
18198,63,14,31,73
18199,63,14,31,73
18200,63,14,31,73
18201,63,14,31,73
18202,63,14,31,73
18203,63,14,31,73
18204,63,14,31,73
18205,63,14,31,73
18206,63,14,31,73
18207,63,14,31,73
18208,63,14,31,73
18209,63,14,31,73
18210,63,14,31,73
18211,63,14,31,73
18212,63,14,31,73
18213,63,14,31,73
18214,63,14,31,73
18215,63,14,31,73
18216,63,14,31,73
18217,63,14,31,73
18218,63,14,31,73
18219,63,14,31,73
18220,63,14,31,73
18221,63,14,31,73
18222,63,14,31,73
18223,63,14,31,73
18224,63,14,31,73
18225,63,14,31,73
18226,63,14,31,73
18227,63,14,31,73
18228,63,14,31,73
18229,63,14,31,73
18230,63,14,31,73
18231,63,14,31,73
18232,63,14,31,73
18233,63,14,31,73
18234,63,14,31,73
18235,63,14,31,73
18236,63,14,31,73
18237,63,14,31,73
18238,63,14,31,73
18239,63,14,31,73
18240,63,14,31,73
18241,63,14,31,73
18242,63,14,31,73
18243,63,14,31,73
18244,63,14,31,73
18245,63,14,31,73
18246,63,14,31,73
18247,63,14,31,73
18248,63,14,31,73
18249,63,14,31,73
18250,63,14,31,73
18251,63,14,31,73
18252,63,14,31,73
18253,63,14,31,73
18254,63,14,31,73
18255,63,14,31,73
18256,63,14,31,73
18257,63,14,31,73
18258,63,14,31,73
18259,63,14,31,73
18260,63,14,31,73
18261,63,14,31,73
18262,63,14,31,73
18263,63,14,31,73
18264,63,14,31,73
18265,63,14,31,73
18266,63,14,31,73
18267,63,14,31,73
18268,63,14,31,73
18269,63,14,31,73
18270,63,14,31,73
18271,63,14,31,73
18272,63,14,31,73
18273,63,14,31,73
18274,63,14,31,73
18275,63,14,31,73
18276,63,14,31,73
18277,63,14,31,73
18278,63,14,31,73
18279,63,14,31,73
18280,63,14,31,73
18281,63,14,31,73
18282,63,14,31,73
18283,63,14,31,73
18284,63,14,31,73
18285,63,14,31,73
18286,63,14,31,73
18287,63,14,31,73
18288,63,14,31,73
18289,63,14,31,73
18290,63,14,31,73
18291,63,14,31,73
18292,63,14,31,73
18293,63,14,31,73
18294,63,14,31,73
18295,63,14,31,73
18296,63,14,31,73
18297,63,14,31,73
18298,63,14,31,73
18299,63,14,31,73
18300,63,14,31,73
18301,63,14,31,73
18302,63,14,31,73
18303,63,14,31,73
18304,63,14,31,73
18305,63,14,31,74
18306,63,14,31,74
18307,63,14,31,74
18308,63,14,31,74
18309,63,14,31,74
18310,63,14,31,74
18311,63,14,31,74
18312,63,14,31,74
18313,63,14,31,74
18314,63,14,31,74
18315,63,14,31,74
18316,63,14,31,74
18317,63,14,31,74
18318,63,14,31,74
18319,63,14,31,74
18320,63,14,31,74
18321,63,14,31,74
18322,63,14,31,74
18323,63,14,31,74
18324,63,14,31,74
18325,63,14,31,74
18326,63,14,31,74
18327,63,14,31,74
18328,63,14,31,74
18329,63,14,31,74
18330,63,14,31,74
18331,63,14,31,74
18332,63,14,31,74
18333,63,14,31,74
18334,63,14,31,74
18335,63,14,31,74
18336,63,14,31,74
18337,63,14,31,74
18338,63,14,31,74
18339,63,14,31,74
18340,63,14,31,74
18341,63,14,31,74
18342,63,14,31,74
18343,63,14,31,74
18344,63,14,31,74
18345,63,14,31,74
18346,63,14,31,74
18347,63,14,31,74
18348,63,14,31,74
18349,63,14,31,74
18350,63,14,31,74
18351,63,14,31,74
18352,63,14,31,74
18353,63,14,31,74
18354,63,14,31,74
18355,63,14,31,74
18356,63,14,31,74
18357,63,14,31,74
18358,63,14,31,74
18359,63,14,31,74
18360,63,14,31,74
18361,63,14,31,74
18362,63,14,31,74
18363,63,14,31,74
18364,63,14,31,74
18365,63,14,31,74
18366,63,14,31,74
18367,63,14,31,74
18368,63,14,31,74
18369,63,14,31,74
18370,63,14,31,74
18371,63,14,31,74
18372,63,14,31,74
18373,63,14,31,74
18374,63,14,31,74
18375,63,14,31,74
18376,63,14,31,74
18377,63,14,31,74
18378,63,14,31,74
18379,63,14,31,74
18380,63,14,31,74
18381,63,14,31,74
18382,63,14,31,74
18383,63,14,31,74
18384,63,14,31,74
18385,63,14,31,74
18386,63,14,31,74
18387,63,14,31,74
18388,63,14,31,74
18389,63,14,31,74
18390,63,14,31,74
18391,63,14,31,74
18392,63,14,31,74
18393,63,14,31,74
18394,63,14,31,74
18395,63,14,31,74
18396,63,14,31,74
18397,63,14,31,74
18398,63,14,31,74
18399,63,14,31,74
18400,63,14,31,74
18401,63,14,31,74
18402,63,14,31,74
18403,63,14,31,74
18404,63,14,31,74
18405,63,14,31,74
18406,63,14,31,74
18407,63,14,31,74
18408,63,14,31,74
18409,63,14,31,74
18410,63,14,31,74
18411,63,14,31,74
18412,63,14,31,74
18413,63,14,31,74
18414,63,14,31,74
18415,63,14,31,74
18416,63,14,31,74
18417,63,14,31,74
18418,63,14,31,74
18419,63,14,31,74
18420,63,14,31,74
18421,63,14,31,74
18422,63,14,31,74
18423,63,14,31,74
18424,63,14,31,74
18425,63,14,31,74
18426,63,14,31,74
18427,63,14,31,74
18428,63,14,31,74
18429,63,14,31,74
18430,63,14,31,74
18431,63,14,31,74
18432,63,14,31,74
18433,63,14,31,74
18434,63,14,31,74
18435,63,14,31,74
18436,63,14,31,74
18437,63,14,31,74
18438,63,14,31,74
18439,63,14,31,74
18440,63,14,31,74
18441,63,14,31,74
18442,63,14,31,74
18443,63,14,31,74
18444,63,14,31,74
18445,63,14,31,74
18446,63,14,31,74
18447,63,14,31,74
18448,63,14,31,74
18449,63,14,31,74
18450,63,14,31,74
18451,63,14,31,74
18452,63,14,31,74
18453,63,14,31,74
18454,63,14,31,74
18455,63,14,31,74
18456,63,14,31,74
18457,63,14,31,74
18458,63,14,31,74
18459,63,14,31,74
18460,63,14,31,74
18461,63,14,31,74
18462,63,14,31,74
18463,63,14,31,74
18464,63,14,31,74
18465,63,14,31,74
18466,63,14,31,74
18467,63,14,31,74
18468,63,14,31,74
18469,63,14,31,74
18470,63,14,31,74
18471,63,14,31,74
18472,63,14,31,74
18473,63,14,31,74
18474,63,14,31,74
18475,63,14,31,74
18476,63,14,31,74
18477,63,14,31,74
18478,63,14,31,74
18479,63,14,31,74
18480,63,14,31,74
18481,63,14,31,74
18482,63,14,31,74
18483,63,14,31,74
18484,63,14,31,74
18485,63,14,31,74
18486,63,14,31,74
18487,63,14,31,74
18488,63,14,31,74
18489,63,14,31,74
18490,63,14,31,74
18491,63,14,31,74
18492,63,14,31,74
18493,63,14,31,74
18494,63,14,31,74
18495,63,14,31,74
18496,63,14,31,74
18497,63,14,31,74
18498,63,14,31,74
18499,63,14,31,74
18500,63,14,31,74
18501,63,14,31,74
18502,63,14,31,74
18503,63,14,31,74
18504,63,14,31,74
18505,63,14,31,74
18506,63,14,31,74
18507,63,14,31,74
18508,63,14,31,74
18509,63,14,31,74
18510,63,14,31,74
18511,63,14,31,74
18512,63,14,31,74
18513,63,14,31,74
18514,63,14,31,74
18515,63,14,31,74
18516,63,14,31,74
18517,63,14,31,74
18518,63,14,31,74
18519,63,14,31,74
18520,63,14,31,74
18521,63,14,31,74
18522,63,14,31,74
18523,63,14,31,74
18524,63,14,31,74
18525,63,14,31,74
18526,63,14,31,74
18527,63,14,31,74
18528,63,14,31,74
18529,63,14,31,74
18530,63,14,31,74
18531,63,14,31,74
18532,63,14,31,74
18533,63,14,31,74
18534,63,14,31,74
18535,63,14,31,74
18536,63,14,31,74
18537,63,14,31,74
18538,63,14,31,74
18539,63,14,31,74
18540,63,14,31,74
18541,63,14,31,74
18542,63,14,31,74
18543,63,14,31,74
18544,63,14,31,74
18545,63,14,31,74
18546,63,14,31,74
18547,63,14,31,74
18548,63,14,31,74
18549,63,14,31,74
18550,63,14,31,74
18551,63,14,31,74
18552,63,14,31,74
18553,63,14,31,74
18554,63,14,31,74
18555,63,14,31,74
18556,63,14,31,74
18557,63,14,31,74
18558,63,14,31,74
18559,63,14,31,74
18560,63,14,31,74
18561,63,14,31,74
18562,63,14,31,74
18563,63,14,31,74
18564,63,14,31,74
18565,63,14,31,74
18566,63,14,31,74
18567,63,14,31,74
18568,63,14,31,74
18569,63,14,31,74
18570,63,14,31,74
18571,63,14,31,74
18572,63,14,31,74
18573,63,14,31,74
18574,63,14,31,74
18575,63,14,31,74
18576,63,14,31,74
18577,63,14,31,74
18578,63,14,31,74
18579,63,14,31,74
18580,63,14,31,74
18581,63,14,31,74
18582,63,14,31,74
18583,63,14,31,74
18584,63,14,31,74
18585,63,14,31,74
18586,63,14,31,74
18587,63,14,31,74
18588,63,14,31,74
18589,63,14,31,74
18590,63,14,31,74
18591,63,14,31,74
18592,63,14,31,74
18593,63,14,31,74
18594,63,14,31,74
18595,63,14,31,74
18596,63,14,31,74
18597,63,14,31,74
18598,63,14,31,74
18599,63,14,31,74
18600,63,14,31,74
18601,63,14,31,74
18602,63,14,31,74
18603,63,14,31,74
18604,63,14,31,74
18605,63,14,31,74
18606,63,14,31,74
18607,63,14,31,74
18608,63,14,31,74
18609,63,14,31,74
18610,63,14,31,74
18611,63,14,31,74
18612,63,14,31,74
18613,63,14,31,74
18614,63,14,31,74
18615,63,14,31,74
18616,63,14,31,74
18617,63,14,31,74
18618,63,14,31,74
18619,63,14,31,74
18620,63,14,31,74
18621,63,14,31,74
18622,63,14,31,74
18623,63,14,31,74
18624,63,14,31,74
18625,63,14,31,74
18626,63,14,31,74
18627,63,14,31,74
18628,63,14,31,74
18629,63,14,31,74
18630,63,14,31,74
18631,63,14,31,74
18632,63,14,31,74
18633,63,14,31,74
18634,63,14,31,74
18635,63,14,31,74
18636,63,14,31,74
18637,63,14,31,74
18638,63,14,31,74
18639,63,14,31,74
18640,63,14,31,74
18641,63,14,31,74
18642,63,14,31,74
18643,63,14,31,74
18644,63,14,31,74
18645,63,14,31,74
18646,63,14,31,74
18647,63,14,31,74
18648,63,14,31,74
18649,63,14,31,74
18650,63,14,31,74
18651,63,14,31,74
18652,63,14,31,74
18653,63,14,31,74
18654,63,14,31,74
18655,63,14,31,74
18656,63,14,31,74
18657,63,14,31,74
18658,63,14,31,74
18659,63,14,31,74
18660,63,14,31,74
18661,63,14,31,74
18662,63,14,31,74
18663,63,14,31,74
18664,63,14,31,74
18665,63,14,31,74
18666,63,14,31,74
18667,63,14,31,74
18668,63,14,31,74
18669,63,14,31,74
18670,63,14,31,74
18671,63,14,31,74
18672,63,14,31,74
18673,63,14,31,74
18674,63,14,31,74
18675,63,14,31,74
18676,63,14,31,74
18677,63,14,31,74
18678,63,14,31,74
18679,63,14,31,74
18680,63,14,31,74
18681,63,14,31,74
18682,63,14,31,74
18683,63,14,31,74
18684,63,14,31,74
18685,63,14,31,74
18686,63,14,31,74
18687,63,14,31,74
18688,63,14,31,74
18689,63,14,31,74
18690,63,14,31,74
18691,63,14,31,74
18692,63,14,31,74
18693,63,14,31,74
18694,63,14,31,74
18695,63,14,31,74
18696,63,14,31,74
18697,63,14,31,74
18698,63,14,31,74
18699,63,14,31,74
18700,63,14,31,74
18701,63,14,31,74
18702,63,14,31,74
18703,63,14,31,74
18704,63,14,31,74
18705,63,14,31,74
18706,63,14,31,74
18707,63,14,31,74
18708,63,14,31,74
18709,63,14,31,74
18710,63,14,31,74
18711,63,14,31,74
18712,63,14,31,74
18713,63,14,31,74
18714,63,14,31,74
18715,63,14,31,74
18716,63,14,31,74
18717,63,14,31,74
18718,63,14,31,74
18719,63,14,31,74
18720,63,14,31,74
18721,63,14,31,74
18722,63,14,31,74
18723,63,14,31,74
18724,63,14,31,74
18725,63,14,31,74
18726,63,14,31,74
18727,63,14,31,74
18728,63,14,31,74
18729,63,14,31,74
18730,63,14,31,74
18731,63,14,31,74
18732,63,14,31,74
18733,63,14,31,74
18734,63,14,31,74
18735,63,14,31,74
18736,63,14,31,74
18737,63,14,31,74
18738,63,14,31,74
18739,63,14,31,74
18740,63,14,31,74
18741,63,14,31,74
18742,63,14,31,74
18743,63,14,31,74
18744,63,14,31,74
18745,63,14,31,74
18746,63,14,31,74
18747,63,14,31,74
18748,63,14,31,74
18749,63,14,31,74
18750,63,14,31,74
18751,63,14,31,74
18752,63,14,31,74
18753,63,14,31,74
18754,63,14,31,74
18755,63,14,31,74
18756,63,14,31,74
18757,63,14,31,74
18758,63,14,31,74
18759,63,14,31,74
18760,63,14,31,74
18761,63,14,31,74
18762,63,14,31,74
18763,63,14,31,74
18764,63,14,31,74
18765,63,14,31,74
18766,63,14,31,74
18767,63,14,31,74
18768,63,14,31,74
18769,63,14,31,74
18770,63,14,31,74
18771,63,14,31,74
18772,63,14,31,74
18773,63,14,31,74
18774,63,14,31,74
18775,63,14,31,74
18776,63,14,31,74
18777,63,14,31,74
18778,63,14,31,74
18779,63,14,31,74
18780,63,14,31,74
18781,63,14,31,74
18782,63,14,31,74
18783,63,14,31,74
18784,63,14,31,74
18785,63,14,31,74
18786,63,14,31,74
18787,63,14,31,74
18788,63,14,31,74
18789,63,14,31,74
18790,63,14,31,74
18791,63,14,31,74
18792,63,14,31,74
18793,63,14,31,74
18794,63,14,31,74
18795,63,14,31,74
18796,63,14,31,74
18797,63,14,31,74
18798,63,14,31,74
18799,63,14,31,74
18800,63,14,31,74
18801,63,14,31,74
18802,63,14,31,74
18803,63,14,31,74
18804,63,14,31,74
18805,63,14,31,74
18806,63,14,31,74
18807,63,14,31,74
18808,63,14,31,74
18809,63,14,31,74
18810,63,14,31,74
18811,63,14,31,74
18812,63,14,31,74
18813,64,14,32,74
18814,64,14,32,74
18815,64,14,32,74
18816,64,14,32,74
18817,64,14,32,74
18818,64,14,32,74
18819,64,14,32,74
18820,64,14,32,74
18821,64,14,32,74
18822,64,14,32,74
18823,64,14,32,74
18824,64,14,32,74
18825,64,14,32,74
18826,64,14,32,74
18827,64,14,32,74
18828,64,14,32,74
18829,64,14,32,74
18830,64,14,32,74
18831,64,14,32,74
18832,64,14,32,74
18833,64,14,32,74
18834,64,14,32,74
18835,64,14,32,74
18836,64,14,32,74
18837,64,14,32,74
18838,64,14,32,74
18839,64,14,32,74
18840,64,14,32,74
18841,64,14,32,74
18842,64,14,32,74
18843,64,14,32,74
18844,64,14,32,74
18845,64,14,32,74
18846,64,14,32,74
18847,64,14,32,74
18848,64,14,32,74
18849,64,14,32,74
18850,64,14,32,74
18851,64,14,32,74
18852,64,14,32,74
18853,64,14,32,74
18854,64,14,32,74
18855,64,14,32,75
18856,64,14,32,75
18857,64,14,32,75
18858,64,14,32,75
18859,64,14,32,75
18860,64,14,32,75
18861,64,14,32,75
18862,64,14,32,75
18863,64,14,32,75
18864,64,14,32,75
18865,64,14,32,75
18866,64,14,32,75
18867,64,14,32,75
18868,64,14,32,75
18869,64,14,32,75
18870,64,14,32,75
18871,64,14,32,75
18872,64,14,32,75
18873,64,14,32,75
18874,64,14,32,75
18875,64,14,32,75
18876,64,14,32,75
18877,64,14,32,75
18878,64,14,32,75
18879,64,14,32,75
18880,64,14,32,75
18881,64,14,32,75
18882,64,14,32,75
18883,64,14,32,75
18884,64,14,32,75
18885,64,14,32,75
18886,64,14,32,75
18887,64,14,32,75
18888,64,14,32,75
18889,64,14,32,75
18890,64,14,32,75
18891,64,14,32,75
18892,64,14,32,75
18893,64,14,32,75
18894,64,14,32,75
18895,64,14,32,75
18896,64,14,32,75
18897,64,14,32,75
18898,64,14,32,75
18899,64,14,32,75
18900,64,14,32,75
18901,64,14,32,75
18902,64,14,32,75
18903,64,14,32,75
18904,64,14,32,75
18905,64,14,32,75
18906,64,14,32,75
18907,64,14,32,75
18908,64,14,32,75
18909,64,14,32,75
18910,64,14,32,75
18911,64,14,32,75
18912,64,14,32,75
18913,64,14,32,75
18914,64,14,32,75
18915,64,14,32,75
18916,64,14,32,75
18917,64,14,32,75
18918,64,14,32,75
18919,64,14,32,75
18920,64,14,32,75
18921,64,14,32,75
18922,64,14,32,75
18923,64,14,32,75
18924,64,14,32,75
18925,64,14,32,75
18926,64,14,32,75
18927,64,14,32,75
18928,64,14,32,75
18929,64,14,32,75
18930,64,14,32,75
18931,64,14,32,75
18932,64,14,32,75
18933,64,14,32,75
18934,64,14,32,75
18935,64,14,32,75
18936,64,14,32,75
18937,64,14,32,75
18938,64,14,32,75
18939,64,14,32,75
18940,64,14,32,75
18941,64,14,32,75
18942,64,14,32,75
18943,64,14,32,75
18944,64,14,32,75
18945,64,14,32,75
18946,64,14,32,75
18947,64,14,32,75
18948,64,14,32,75
18949,64,14,32,75
18950,64,14,32,75
18951,64,14,32,75
18952,64,14,32,75
18953,64,14,32,75
18954,64,14,32,75
18955,64,14,32,75
18956,64,14,32,75
18957,64,14,32,75
18958,64,14,32,75
18959,64,14,32,75
18960,64,14,32,75
18961,64,14,32,75
18962,64,14,32,75
18963,64,14,32,75
18964,64,14,32,75
18965,64,14,32,75
18966,64,14,32,75
18967,64,14,32,75
18968,64,14,32,75
18969,64,14,32,75
18970,64,14,32,75
18971,64,14,32,75
18972,64,14,32,75
18973,64,14,32,75
18974,64,14,32,75
18975,64,14,32,75
18976,64,14,32,75
18977,64,14,32,75
18978,64,14,32,75
18979,64,14,32,75
18980,64,14,32,75
18981,64,14,32,75
18982,64,14,32,75
18983,64,14,32,75
18984,64,14,32,75
18985,64,14,32,75
18986,64,14,32,75
18987,64,14,32,75
18988,64,14,32,75
18989,64,14,32,75
18990,64,14,32,75
18991,64,14,32,75
18992,64,14,32,75
18993,64,14,32,75
18994,64,14,32,75
18995,64,14,32,75
18996,64,14,32,75
18997,64,14,32,75
18998,64,14,32,75
18999,64,14,32,75
19000,64,14,32,75
19001,64,14,32,75
19002,64,14,32,75
19003,64,14,32,75
19004,64,14,32,75
19005,64,14,32,75
19006,64,14,32,75
19007,64,14,32,75
19008,64,14,32,75
19009,64,14,32,75
19010,64,14,32,75
19011,64,14,32,75
19012,64,14,32,75
19013,64,14,32,75
19014,64,14,32,75
19015,64,14,32,75
19016,64,14,32,75
19017,64,14,32,75
19018,64,14,32,75
19019,64,14,32,75
19020,64,14,32,75
19021,64,14,32,75
19022,64,14,32,75
19023,64,14,32,75
19024,64,14,32,75
19025,64,14,32,75
19026,64,14,32,75
19027,64,14,32,75
19028,64,14,32,75
19029,64,14,32,75
19030,64,14,32,75
19031,64,14,32,75
19032,64,14,32,75
19033,64,14,32,75
19034,64,14,32,75
19035,64,14,32,75
19036,64,14,32,75
19037,64,14,32,75
19038,64,14,32,75
19039,64,14,32,75
19040,64,14,32,75
19041,64,14,32,75
19042,64,14,32,75
19043,64,14,32,75
19044,64,14,32,75
19045,64,14,32,75
19046,64,14,32,75
19047,64,14,32,75
19048,64,14,32,75
19049,64,14,32,75
19050,64,14,32,75
19051,64,14,32,75
19052,64,14,32,75
19053,64,14,32,75
19054,64,14,32,75
19055,64,14,32,75
19056,64,14,32,75
19057,64,14,32,75
19058,64,14,32,76
19059,64,14,32,76
19060,64,14,32,76
19061,64,14,32,76
19062,64,14,32,76
19063,64,14,32,76
19064,64,14,32,76
19065,64,14,32,76
19066,64,14,32,76
19067,64,14,32,76
19068,64,14,32,76
19069,64,14,32,76
19070,64,14,32,76
19071,64,14,32,76
19072,64,14,32,76
19073,64,14,32,76
19074,64,14,32,76
19075,64,14,32,76
19076,64,14,32,76
19077,64,14,32,76
19078,64,14,32,76
19079,64,14,32,76
19080,64,14,32,76
19081,64,14,32,76
19082,64,14,32,76
19083,64,14,32,76
19084,64,14,32,76
19085,64,14,32,76
19086,64,14,32,76
19087,64,14,32,76
19088,64,14,32,76
19089,64,14,32,76
19090,64,14,32,76
19091,64,14,32,76
19092,64,14,32,76
19093,64,14,32,76
19094,64,14,32,76
19095,64,14,32,76
19096,64,14,32,76
19097,64,14,32,76
19098,64,14,32,76
19099,64,14,32,76
19100,64,14,32,76
19101,64,14,32,76
19102,64,14,32,76
19103,64,14,32,76
19104,64,14,32,76
19105,64,14,32,76
19106,64,14,32,76
19107,64,14,32,76
19108,64,14,32,76
19109,64,14,32,76
19110,64,14,32,76
19111,64,14,32,76
19112,64,14,32,76
19113,64,14,32,76
19114,64,14,32,76
19115,64,14,32,76
19116,64,14,32,76
19117,64,14,32,76
19118,64,14,32,76
19119,64,14,32,76
19120,64,14,32,76
19121,64,14,32,76
19122,64,14,32,76
19123,64,14,32,76
19124,64,14,32,76
19125,64,14,32,76
19126,64,14,32,76
19127,64,14,32,76
19128,64,14,32,76
19129,64,14,32,76
19130,64,14,32,76
19131,64,14,32,76
19132,64,14,32,76
19133,64,14,32,76
19134,64,14,32,76
19135,64,14,32,76
19136,64,14,32,76
19137,64,14,32,76
19138,64,14,32,76
19139,64,14,32,76
19140,64,14,32,76
19141,64,14,32,76
19142,64,14,32,76
19143,64,14,32,76
19144,64,14,32,76
19145,64,14,32,76
19146,64,14,32,76
19147,64,14,32,76
19148,64,14,32,76
19149,64,14,32,76
19150,64,14,32,76
19151,64,14,32,76
19152,64,14,32,76
19153,64,14,32,76
19154,64,14,32,76
19155,64,14,32,76
19156,64,14,32,76
19157,64,14,32,76
19158,64,14,32,76
19159,64,14,32,76
19160,64,14,32,76
19161,64,14,32,76
19162,64,14,32,76
19163,64,14,32,76
19164,64,14,32,76
19165,64,14,32,76
19166,64,14,32,76
19167,64,14,32,76
19168,64,14,32,76
19169,64,14,32,76
19170,64,14,32,76
19171,64,14,32,76
19172,64,14,32,76
19173,64,14,32,76
19174,64,14,32,76
19175,64,14,32,76
19176,64,14,32,76
19177,64,14,32,76
19178,64,14,32,76
19179,64,14,32,76
19180,64,14,32,76
19181,64,14,32,76
19182,64,14,32,76
19183,64,14,32,76
19184,64,14,32,76
19185,64,14,32,76
19186,64,14,32,76
19187,64,14,32,76
19188,64,14,32,76
19189,64,14,32,76
19190,64,14,32,76
19191,64,14,32,76
19192,64,14,32,76
19193,64,14,32,76
19194,64,14,32,76
19195,64,14,32,76
19196,64,14,32,76
19197,64,14,32,76
19198,64,14,32,76
19199,64,14,32,76
19200,64,14,32,76
19201,64,14,32,76
19202,64,14,32,76
19203,64,14,32,76
19204,64,14,32,76
19205,64,14,32,76
19206,64,14,32,76
19207,64,14,32,76
19208,64,14,32,76
19209,64,14,32,76
19210,64,14,32,76
19211,64,14,32,76
19212,64,14,32,76
19213,64,14,32,76
19214,64,14,32,76
19215,64,14,32,76
19216,64,14,32,76
19217,64,14,32,76
19218,64,14,32,76
19219,64,14,32,76
19220,64,14,32,76
19221,64,14,32,76
19222,64,14,32,76
19223,64,14,32,76
19224,64,14,32,76
19225,64,14,32,76
19226,64,14,32,76
19227,64,14,32,76
19228,64,14,32,76
19229,64,14,32,76
19230,64,14,32,76
19231,64,14,32,76
19232,64,14,32,76
19233,64,14,32,76
19234,64,14,32,76
19235,64,14,32,76
19236,64,14,32,76
19237,64,14,32,76
19238,64,14,32,76
19239,64,14,32,76
19240,64,14,32,76
19241,64,14,32,76
19242,64,14,32,76
19243,64,14,32,76
19244,64,14,32,76
19245,64,14,32,76
19246,64,14,32,76
19247,64,14,32,76
19248,64,14,32,76
19249,64,14,32,76
19250,64,14,32,76
19251,64,14,32,76
19252,64,14,32,76
19253,64,14,32,76
19254,64,14,32,76
19255,64,14,32,76
19256,64,14,32,76
19257,64,14,32,76
19258,64,14,32,76
19259,64,14,32,76
19260,64,14,32,76
19261,64,14,32,76
19262,64,14,32,76
19263,64,14,32,76
19264,64,14,32,76
19265,64,14,32,76
19266,64,14,32,76
19267,64,14,32,76
19268,64,14,32,76
19269,64,14,32,76
19270,64,14,32,76
19271,64,14,32,76
19272,64,14,32,76
19273,64,14,32,76
19274,64,14,32,76
19275,64,14,32,76
19276,64,14,32,76
19277,64,14,32,76
19278,64,14,32,76
19279,64,14,32,76
19280,64,14,32,76
19281,64,14,32,76
19282,64,14,32,76
19283,64,14,32,76
19284,64,14,32,76
19285,64,14,32,76
19286,64,14,32,76
19287,64,14,32,76
19288,64,14,32,76
19289,64,14,32,76
19290,64,14,32,76
19291,64,14,32,76
19292,64,14,32,76
19293,64,14,32,76
19294,64,14,32,76
19295,64,14,32,76
19296,64,14,32,76
19297,64,14,32,76
19298,64,14,32,76
19299,64,14,32,76
19300,64,14,32,76
19301,64,14,32,76
19302,64,14,32,76
19303,64,14,32,76
19304,64,14,32,76
19305,64,14,32,76
19306,64,14,32,76
19307,64,14,32,76
19308,64,14,32,76
19309,64,14,32,76
19310,64,14,32,76
19311,64,14,32,76
19312,64,14,32,76
19313,64,14,32,76
19314,64,14,32,76
19315,64,14,32,76
19316,64,14,32,76
19317,64,14,32,76
19318,64,14,32,76
19319,64,14,32,76
19320,64,14,32,76
19321,64,14,32,76
19322,64,14,32,76
19323,64,14,32,76
19324,64,14,32,76
19325,64,14,32,76
19326,64,14,32,76
19327,64,14,32,76
19328,64,14,32,76
19329,64,14,32,76
19330,64,14,32,76
19331,64,14,32,76
19332,64,14,32,76
19333,64,14,32,76
19334,64,14,32,76
19335,64,14,32,76
19336,64,14,32,76
19337,64,14,32,76
19338,64,14,32,76
19339,64,14,32,76
19340,64,14,32,76
19341,64,14,32,76
19342,64,14,32,76
19343,64,14,32,76
19344,64,14,32,76
19345,64,14,32,76
19346,64,14,32,76
19347,64,14,32,76
19348,64,14,32,76
19349,64,14,32,76
19350,64,14,32,76
19351,64,14,32,76
19352,64,14,32,76
19353,64,14,32,76
19354,64,14,32,76
19355,64,14,32,76
19356,64,14,32,76
19357,64,14,32,76
19358,64,14,32,76
19359,64,14,32,76
19360,64,14,32,76
19361,64,14,32,76
19362,64,14,32,76
19363,64,14,32,76
19364,64,14,32,76
19365,64,14,32,76
19366,64,14,32,76
19367,64,14,32,76
19368,64,14,32,76
19369,64,14,32,76
19370,64,14,32,76
19371,64,14,32,76
19372,64,14,32,76
19373,64,14,32,76
19374,64,14,32,76
19375,64,14,32,76
19376,64,14,32,76
19377,64,14,32,76
19378,64,14,32,76
19379,64,14,32,76
19380,64,14,32,76
19381,64,14,32,76
19382,64,14,32,76
19383,64,14,32,76
19384,64,14,32,76
19385,64,14,32,76
19386,64,14,32,76
19387,64,14,32,76
19388,64,14,32,76
19389,64,14,32,76
19390,64,14,32,76
19391,64,14,32,76
19392,64,14,32,76
19393,64,14,32,76
19394,64,14,32,76
19395,64,14,32,76
19396,64,14,32,76
19397,64,14,32,76
19398,64,14,32,76
19399,64,14,32,76
19400,64,14,32,76
19401,64,14,32,76
19402,64,14,32,76
19403,64,14,32,76
19404,64,14,32,76
19405,64,14,32,76
19406,64,14,32,76
19407,64,14,32,76
19408,64,14,32,76
19409,64,14,32,76
19410,64,14,32,76
19411,64,14,32,76
19412,64,14,32,76
19413,64,14,32,76
19414,64,14,32,76
19415,64,14,32,76
19416,64,14,32,76
19417,64,14,32,76
19418,64,14,32,77
19419,64,14,32,77
19420,64,14,32,77
19421,64,14,32,77
19422,64,14,32,77
19423,64,14,32,77
19424,64,14,32,77
19425,64,14,32,77
19426,64,14,32,77
19427,64,14,32,77
19428,64,14,32,77
19429,64,14,32,77
19430,64,14,32,77
19431,64,14,32,77
19432,64,14,32,77
19433,64,14,32,77
19434,64,14,32,77
19435,64,14,32,77
19436,64,14,32,77
19437,64,14,32,77
19438,64,14,32,77
19439,64,14,32,77
19440,64,14,32,77
19441,64,14,32,77
19442,64,14,32,77
19443,64,14,32,77
19444,64,14,32,77
19445,64,14,32,77
19446,64,14,32,77
19447,64,14,32,77
19448,64,14,32,77
19449,64,14,32,77
19450,64,14,32,77
19451,64,14,32,77
19452,64,14,32,77
19453,64,14,32,77
19454,64,14,32,77
19455,64,14,32,77
19456,64,14,32,77
19457,64,14,32,77
19458,64,14,32,77
19459,64,14,32,77
19460,64,14,32,77
19461,64,14,32,77
19462,64,14,32,77
19463,64,14,32,77
19464,64,14,32,77
19465,64,14,32,77
19466,64,14,32,77
19467,64,14,32,77
19468,64,14,32,77
19469,64,14,32,77
19470,64,14,32,77
19471,64,14,32,77
19472,64,14,32,77
19473,64,14,32,77
19474,64,14,32,77
19475,64,14,32,77
19476,64,14,32,77
19477,64,14,32,77
19478,64,14,32,77
19479,64,14,32,77
19480,64,14,32,77
19481,64,14,32,77
19482,64,14,32,77
19483,64,14,32,77
19484,64,14,32,77
19485,64,14,32,77
19486,64,14,32,77
19487,64,14,32,77
19488,64,14,32,77
19489,64,14,32,77
19490,64,14,32,77
19491,64,14,32,77
19492,64,14,32,77
19493,64,14,32,77
19494,64,14,32,77
19495,64,14,32,77
19496,64,14,32,77
19497,64,14,32,77
19498,64,14,32,77
19499,64,14,32,77
19500,64,14,32,77
19501,64,14,32,77
19502,64,14,32,77
19503,64,14,32,77
19504,64,14,32,77
19505,64,14,32,77
19506,64,14,32,77
19507,64,14,32,77
19508,64,14,32,77
19509,64,14,32,77
19510,64,14,32,77
19511,64,14,32,77
19512,64,14,32,77
19513,64,14,32,77
19514,64,14,32,77
19515,64,14,32,77
19516,64,14,32,77
19517,64,14,32,77
19518,64,14,32,77
19519,64,14,32,77
19520,64,14,32,77
19521,64,14,32,77
19522,64,14,32,77
19523,64,14,32,77
19524,64,14,32,77
19525,64,14,32,77
19526,64,14,32,77
19527,64,14,32,77
19528,64,14,32,77
19529,64,14,32,77
19530,64,14,32,77
19531,64,14,32,77
19532,64,14,32,77
19533,64,14,32,77
19534,64,14,32,77
19535,64,14,32,77
19536,64,14,32,77
19537,64,14,32,77
19538,64,14,32,77
19539,64,14,32,77
19540,64,14,32,77
19541,64,14,32,77
19542,64,14,32,77
19543,64,14,32,77
19544,64,14,32,77
19545,64,14,32,77
19546,64,14,32,77
19547,64,14,32,77
19548,64,14,32,77
19549,64,14,32,77
19550,64,14,32,77
19551,64,14,32,77
19552,64,14,32,77
19553,64,14,32,77
19554,64,14,32,77
19555,64,14,32,77
19556,64,14,32,77
19557,64,14,32,77
19558,64,14,32,77
19559,64,14,32,77
19560,64,14,32,77
19561,64,14,32,77
19562,64,14,32,77
19563,64,14,32,77
19564,64,14,32,77
19565,64,14,32,77
19566,64,14,32,77
19567,64,14,32,77
19568,64,14,32,77
19569,64,14,32,77
19570,64,14,32,77
19571,64,14,32,77
19572,64,14,32,77
19573,64,14,32,77
19574,64,14,32,77
19575,64,14,32,77
19576,64,14,32,77
19577,64,14,32,77
19578,64,14,32,77
19579,64,14,32,77
19580,64,14,32,77
19581,64,14,32,77
19582,64,14,32,77
19583,64,14,32,77
19584,64,14,32,77
19585,64,14,32,77
19586,64,14,32,77
19587,64,14,32,77
19588,64,14,32,77
19589,64,14,32,77
19590,64,14,32,77
19591,64,14,32,77
19592,64,14,32,77
19593,64,14,32,77
19594,64,14,32,77
19595,64,14,32,77
19596,64,14,32,77
19597,64,14,32,77
19598,64,14,32,77
19599,64,14,32,77
19600,64,14,32,77
19601,64,14,32,77
19602,64,14,32,77
19603,64,14,32,77
19604,64,14,32,77
19605,64,14,32,77
19606,64,14,32,77
19607,64,14,32,77
19608,64,14,32,77
19609,64,14,32,77
19610,64,14,32,77
19611,64,14,32,77
19612,64,14,32,77
19613,64,14,32,77
19614,64,14,32,77
19615,64,14,32,77
19616,64,14,32,77
19617,64,14,32,77
19618,64,14,32,77
19619,64,14,32,77
19620,64,14,32,77
19621,64,14,32,77
19622,64,14,32,77
19623,64,14,32,77
19624,64,14,32,77
19625,64,14,32,77
19626,64,14,32,77
19627,64,14,32,77
19628,64,14,32,77
19629,64,14,32,77
19630,64,14,32,77
19631,64,14,32,77
19632,64,14,32,77
19633,64,14,32,77
19634,64,14,32,77
19635,64,14,32,77
19636,64,14,32,77
19637,64,14,32,77
19638,64,14,32,77
19639,64,14,32,77
19640,64,14,32,77
19641,64,14,32,77
19642,64,14,32,77
19643,64,14,32,77
19644,64,14,32,77
19645,64,14,32,77
19646,64,14,32,77
19647,64,14,32,77
19648,64,14,32,77
19649,64,14,32,77
19650,64,14,32,77
19651,64,14,32,77
19652,64,14,32,77
19653,64,14,32,77
19654,64,14,32,77
19655,64,14,32,77
19656,64,14,32,77
19657,64,14,32,77
19658,64,14,32,77
19659,64,14,32,77
19660,64,14,32,77
19661,64,14,32,77
19662,64,14,32,77
19663,64,14,32,77
19664,64,14,32,77
19665,64,14,32,77
19666,64,14,32,77
19667,64,14,32,77
19668,64,14,32,77
19669,64,14,32,77
19670,64,14,32,77
19671,64,14,32,77
19672,64,14,32,77
19673,64,14,32,77
19674,64,14,32,77
19675,64,14,32,77
19676,64,14,32,77
19677,64,14,32,77
19678,64,14,32,77
19679,64,14,32,77
19680,64,14,32,77
19681,64,14,32,77
19682,64,14,32,77
19683,64,14,32,77
19684,64,14,32,77
19685,64,14,32,77
19686,64,14,32,77
19687,64,14,32,77
19688,64,14,32,77
19689,64,14,32,77
19690,64,14,32,77
19691,64,14,32,77
19692,64,14,32,77
19693,64,14,32,77
19694,64,14,32,77
19695,64,14,32,77
19696,64,14,32,77
19697,64,14,32,77
19698,64,14,32,77
19699,64,14,32,77
19700,64,14,32,77
19701,64,14,32,77
19702,64,14,32,77
19703,64,14,32,77
19704,64,14,32,77
19705,64,14,32,77
19706,64,14,32,77
19707,64,14,32,77
19708,64,14,32,77
19709,64,14,32,77
19710,64,14,32,77
19711,64,14,32,77
19712,64,14,32,77
19713,64,14,32,77
19714,64,14,32,77
19715,64,14,32,77
19716,64,14,32,77
19717,64,14,32,77
19718,64,14,32,77
19719,64,14,32,77
19720,64,14,32,77
19721,64,14,32,77
19722,64,14,32,77
19723,64,14,32,77
19724,64,14,32,77
19725,64,14,32,77
19726,64,14,32,77
19727,64,14,32,77
19728,64,14,32,77
19729,64,14,32,77
19730,64,14,32,77
19731,64,14,32,77
19732,64,14,32,77
19733,64,14,32,77
19734,64,14,32,77
19735,64,14,32,77
19736,64,14,32,77
19737,64,14,32,77
19738,64,14,32,77
19739,64,14,32,77
19740,64,14,32,77
19741,64,14,32,77
19742,64,14,32,77
19743,64,14,32,77
19744,64,14,32,77
19745,64,14,32,77
19746,64,14,32,77
19747,64,14,32,77
19748,64,14,32,77
19749,64,14,32,77
19750,64,14,32,77
19751,64,14,32,77
19752,64,14,32,77
19753,64,14,32,77
19754,64,14,32,77
19755,64,14,32,77
19756,64,14,32,77
19757,64,14,32,77
19758,64,14,32,77
19759,64,14,32,77
19760,64,14,32,77
19761,64,14,32,77
19762,64,14,32,77
19763,64,14,32,77
19764,64,14,32,77
19765,64,14,32,77
19766,64,14,32,77
19767,64,14,32,77
19768,64,14,32,77
19769,64,14,32,77
19770,64,14,32,77
19771,64,14,32,77
19772,64,14,32,77
19773,64,14,32,77
19774,64,14,32,77
19775,64,14,32,77
19776,64,14,32,77
19777,64,14,32,77
19778,64,14,32,77
19779,64,14,32,77
19780,64,14,32,77
19781,64,14,32,77
19782,64,14,32,77
19783,64,14,32,77
19784,64,14,32,77
19785,64,14,32,77
19786,64,14,32,77
19787,64,14,32,77
19788,64,14,32,77
19789,64,14,32,77
19790,64,14,32,77
19791,64,14,32,77
19792,64,14,32,77
19793,64,14,32,77
19794,64,14,32,77
19795,64,14,32,77
19796,64,14,32,77
19797,64,14,32,77
19798,64,14,32,77
19799,64,14,32,77
19800,64,14,32,77
19801,64,14,32,77
19802,64,14,32,77
19803,64,14,32,77
19804,64,14,32,77
19805,64,14,32,77
19806,64,14,32,77
19807,64,14,32,77
19808,64,14,32,77
19809,64,14,32,77
19810,64,14,32,77
19811,64,14,32,77
19812,64,14,32,77
19813,64,14,32,77
19814,64,14,32,77
19815,64,14,32,77
19816,64,14,32,77
19817,64,14,32,77
19818,64,14,32,77
19819,64,14,32,77
19820,64,14,32,77
19821,64,14,32,77
19822,64,14,32,77
19823,64,14,32,77
19824,64,14,32,77
19825,64,14,32,77
19826,64,14,32,77
19827,64,14,32,77
19828,64,14,32,77
19829,64,14,32,77
19830,64,14,32,77
19831,64,14,32,77
19832,64,14,32,77
19833,64,14,32,77
19834,64,14,32,77
19835,64,14,32,77
19836,64,14,32,77
19837,64,14,32,77
19838,64,14,32,77
19839,64,14,32,77
19840,64,14,32,77
19841,64,14,32,77
19842,64,14,32,77
19843,64,14,32,77
19844,64,14,32,77
19845,64,14,32,77
19846,64,14,32,77
19847,64,14,32,77
19848,64,14,32,77
19849,64,14,32,77
19850,64,14,32,77
19851,64,14,32,77
19852,64,14,32,77
19853,64,14,32,77
19854,64,14,32,77
19855,64,14,32,77
19856,64,14,32,77
19857,64,14,32,77
19858,64,14,32,77
19859,64,14,32,77
19860,64,14,32,77
19861,64,14,32,77
19862,64,14,32,77
19863,64,14,32,77
19864,64,14,32,77
19865,64,14,32,77
19866,64,14,32,77
19867,64,14,32,77
19868,64,14,32,77
19869,64,14,32,77
19870,64,14,32,77
19871,64,14,32,77
19872,64,14,32,77
19873,64,14,32,77
19874,64,14,32,77
19875,64,14,32,77
19876,64,14,32,77
19877,64,14,32,77
19878,64,14,32,77
19879,64,14,32,77
19880,64,14,32,77
19881,64,14,32,77
19882,64,14,32,77
19883,64,14,32,77
19884,64,14,32,77
19885,64,14,32,77
19886,64,14,32,77
19887,64,14,32,77
19888,64,14,32,77
19889,64,14,32,77
19890,64,14,32,77
19891,64,14,32,77
19892,64,14,32,77
19893,64,14,32,77
19894,64,14,32,77
19895,64,14,32,77
19896,64,14,32,77
19897,64,14,32,77
19898,64,14,32,77
19899,64,14,32,77
19900,64,14,32,77
19901,64,14,32,77
19902,64,14,32,77
19903,64,14,32,77
19904,64,14,32,77
19905,64,14,32,77
19906,64,14,32,77
19907,64,14,32,77
19908,64,14,32,77
19909,64,14,32,77
19910,64,14,32,77
19911,64,14,32,77
19912,64,14,32,77
19913,64,14,32,77
19914,64,14,32,77
19915,64,14,32,77
19916,64,14,32,77
19917,64,14,32,77
19918,64,14,32,77
19919,64,14,32,77
19920,64,14,32,77
19921,64,14,32,77
19922,64,14,32,77
19923,64,14,32,77
19924,64,14,32,77
19925,64,14,32,77
19926,64,14,32,77
19927,64,14,32,77
19928,64,14,32,77
19929,64,14,32,77
19930,64,14,32,77
19931,64,14,32,77
19932,64,14,32,77
19933,64,14,32,77
19934,64,14,32,77
19935,64,14,32,77
19936,64,14,32,77
19937,64,14,32,77
19938,64,14,32,77
19939,64,14,32,77
19940,64,14,32,77
19941,64,14,32,77
19942,64,14,32,77
19943,64,14,32,77
19944,64,14,32,77
19945,64,14,32,77
19946,64,14,32,77
19947,64,14,32,77
19948,64,14,32,77
19949,64,14,32,77
19950,64,14,32,77
19951,64,14,32,77
19952,64,14,32,77
19953,64,14,32,77
19954,64,14,32,77
19955,64,14,32,77
19956,64,14,32,77
19957,64,14,32,77
19958,64,14,32,77
19959,64,14,32,77
19960,64,14,32,77
19961,64,14,32,77
19962,64,14,32,77
19963,64,14,32,77
19964,64,14,32,77
19965,64,14,32,77
19966,64,14,32,77
19967,64,14,32,77
19968,64,14,32,77
19969,64,14,32,77
19970,64,14,32,77
19971,64,14,32,77
19972,64,14,32,77
19973,64,14,32,77
19974,64,14,32,77
19975,64,14,32,77
19976,64,14,32,77
19977,64,14,32,77
19978,64,14,32,77
19979,64,14,32,77
19980,64,14,32,77
19981,64,14,32,77
19982,64,14,32,77
19983,64,14,32,77
19984,64,14,32,77
19985,64,14,32,77
19986,64,14,32,77
19987,64,14,32,77
19988,64,14,32,77
19989,64,14,32,77
19990,64,14,32,77
19991,64,14,32,77
19992,64,14,32,77
19993,64,14,32,77
19994,64,14,32,77
19995,64,14,32,77
19996,64,14,32,77
19997,64,14,32,77
19998,64,14,32,77
19999,64,14,32,77
20000,64,14,32,77
20001,64,14,32,77
20002,64,14,32,77
20003,64,14,32,77
20004,64,14,32,77
20005,64,14,32,77
20006,64,14,32,77
20007,64,14,32,77
20008,64,14,32,77
20009,64,14,32,77
20010,64,14,32,77
20011,64,14,32,77
20012,64,14,32,77
20013,64,14,32,77
20014,64,14,32,77
20015,64,14,32,77
20016,64,14,32,77
20017,64,14,32,77
20018,64,14,32,77
20019,64,14,32,77
20020,64,14,32,77
20021,64,14,32,77
20022,64,14,32,77
20023,64,14,32,77
20024,64,14,32,77
20025,64,14,32,77
20026,64,14,32,77
20027,64,14,32,77
20028,64,14,32,77
20029,64,14,32,77
20030,64,14,32,77
20031,64,14,32,77
20032,64,14,32,77
20033,64,14,32,77
20034,64,14,32,77
20035,64,14,32,77
20036,64,14,32,77
20037,64,14,32,77
20038,64,14,32,77
20039,64,14,32,77
20040,64,14,32,77
20041,64,14,32,77
20042,64,14,32,77
20043,64,14,32,77
20044,64,14,32,77
20045,64,14,32,77
20046,64,14,32,77
20047,64,14,32,77
20048,64,14,32,77
20049,64,14,32,77
20050,64,14,32,77
20051,64,14,32,77
20052,64,14,32,77
20053,64,14,32,77
20054,64,14,32,77
20055,64,14,32,77
20056,64,14,32,77
20057,64,14,32,77
20058,64,14,32,77
20059,64,14,32,77
20060,64,14,32,77
20061,64,14,32,77
20062,64,14,32,77
20063,64,14,32,77
20064,64,14,32,77
20065,64,14,32,77
20066,64,14,32,77
20067,64,14,32,77
20068,64,14,32,77
20069,64,14,32,77
20070,64,14,32,77
20071,64,14,32,77
20072,64,14,32,77
20073,64,14,32,77
20074,64,14,32,77
20075,64,14,32,77
20076,64,14,32,77
20077,64,14,32,77
20078,64,14,32,77
20079,64,14,32,77
20080,64,14,32,77
20081,64,14,32,77
20082,64,14,32,77
20083,64,14,32,77
20084,64,14,32,77
20085,64,14,32,77
20086,64,14,32,77
20087,64,14,32,77
20088,64,14,32,77
20089,64,14,32,77
20090,64,14,32,77
20091,64,14,32,77
20092,64,14,32,77
20093,64,14,32,77
20094,64,14,32,77
20095,64,14,32,77
20096,64,14,32,77
20097,64,14,32,77
20098,64,14,32,77
20099,64,14,32,77
20100,64,14,32,77
20101,64,14,32,77
20102,64,14,32,77
20103,64,14,32,77
20104,64,14,32,77
20105,64,14,32,77
20106,64,14,32,77
20107,64,14,32,77
20108,64,14,32,77
20109,64,14,32,77
20110,64,14,32,77
20111,64,14,32,77
20112,64,14,32,77
20113,64,14,32,77
20114,64,14,32,77
20115,64,14,32,77
20116,64,14,32,77
20117,64,14,32,77
20118,64,14,32,77
20119,64,14,32,77
20120,64,14,32,77
20121,64,14,32,77
20122,64,14,32,77
20123,64,14,32,77
20124,64,14,32,77
20125,64,14,32,77
20126,64,14,32,77
20127,64,14,32,77
20128,64,14,32,77
20129,64,14,32,77
20130,64,14,32,77
20131,64,14,32,77
20132,64,14,32,77
20133,64,14,32,77
20134,64,14,32,77
20135,64,14,32,77
20136,64,14,32,77
20137,64,14,32,77
20138,64,14,32,77
20139,64,14,32,77
20140,64,14,32,77
20141,64,14,32,77
20142,64,14,32,77
20143,64,14,32,77
20144,64,14,32,77
20145,64,14,32,77
20146,64,14,32,77
20147,64,14,32,77
20148,64,14,32,77
20149,64,14,32,77
20150,64,14,32,77
20151,64,14,32,77
20152,64,14,32,77
20153,64,14,32,77
20154,64,14,32,77
20155,64,14,32,77
20156,64,14,32,77
20157,64,14,32,77
20158,64,14,32,77
20159,64,14,32,77
20160,64,14,32,77
20161,64,14,32,77
20162,64,14,32,77
20163,64,14,32,77
20164,64,14,32,77
20165,64,14,32,77
20166,64,14,32,77
20167,64,14,32,77
20168,64,14,32,77
20169,64,14,32,77
20170,64,14,32,77
20171,64,14,32,77
20172,64,14,32,77
20173,64,14,32,77
20174,64,14,32,77
20175,64,14,32,77
20176,64,14,32,77
20177,64,14,32,77
20178,64,14,32,77
20179,64,14,32,77
20180,64,14,32,77
20181,64,14,32,77
20182,64,14,32,77
20183,64,14,32,77
20184,64,14,32,77
20185,64,14,32,77
20186,64,14,32,77
20187,64,14,32,77
20188,64,14,32,77
20189,64,14,32,77
20190,64,14,32,77
20191,64,14,32,77
20192,64,14,32,77
20193,64,14,32,77
20194,64,14,32,77
20195,64,14,32,77
20196,64,14,32,77
20197,64,14,32,77
20198,64,14,32,77
20199,64,14,32,77
20200,64,14,32,77
20201,64,14,32,77
20202,64,14,32,77
20203,64,14,32,77
20204,64,14,32,77
20205,64,14,32,77
20206,64,14,32,77
20207,64,14,32,77
20208,64,14,32,77
20209,64,14,32,77
20210,64,14,32,77
20211,64,14,32,77
20212,64,14,32,77
20213,64,14,32,77
20214,64,14,32,77
20215,64,14,32,77
20216,64,14,32,77
20217,64,14,32,77
20218,64,14,32,77
20219,64,14,32,77
20220,64,14,32,77
20221,64,14,32,77
20222,64,14,32,77
20223,64,14,32,77
20224,64,14,32,77
20225,64,14,32,77
20226,64,14,32,77
20227,64,14,32,77
20228,64,14,32,77
20229,64,14,32,77
20230,64,14,32,77
20231,64,14,32,77
20232,64,14,32,77
20233,64,14,32,77
20234,64,14,32,77
20235,64,14,32,77
20236,64,14,32,77
20237,64,14,32,77
20238,64,14,32,77
20239,64,14,32,77
20240,64,14,32,77
20241,64,14,32,77
20242,64,14,32,77
20243,64,14,32,77
20244,64,14,32,77
20245,64,14,32,77
20246,64,14,32,77
20247,64,14,32,77
20248,64,14,32,77
20249,64,14,32,77
20250,64,14,32,77
20251,64,14,32,77
20252,64,14,32,77
20253,64,14,32,77
20254,64,14,32,77
20255,64,14,32,77
20256,64,14,32,77
20257,64,14,32,77
20258,64,14,32,77
20259,64,14,32,77
20260,64,14,32,77
20261,64,14,32,77
20262,64,14,32,77
20263,64,14,32,77
20264,64,14,32,77
20265,64,14,32,77
20266,64,14,32,77
20267,64,14,32,77
20268,64,14,32,78
20269,64,14,32,78
20270,64,14,32,78
20271,64,14,32,78
20272,64,14,32,78
20273,64,14,32,78
20274,64,14,32,78
20275,64,14,32,78
20276,64,14,32,78
20277,64,14,32,78
20278,64,14,32,78
20279,64,14,32,78
20280,64,14,32,78
20281,64,14,32,78
20282,64,14,32,78
20283,64,14,32,78
20284,64,14,32,78
20285,64,14,32,78
20286,64,14,32,78
20287,64,14,32,78
20288,64,14,32,78
20289,64,14,32,78
20290,64,14,32,78
20291,64,14,32,78
20292,64,14,32,78
20293,64,14,32,78
20294,64,14,32,78
20295,64,14,32,78
20296,64,14,32,78
20297,64,14,32,78
20298,64,14,32,78
20299,64,14,32,78
20300,64,14,32,78
20301,64,14,32,78
20302,64,14,32,78
20303,64,14,32,78
20304,64,14,32,78
20305,64,14,32,78
20306,64,14,32,78
20307,64,14,32,78
20308,64,14,32,78
20309,64,14,32,78
20310,64,14,32,78
20311,64,14,32,78
20312,64,14,32,78
20313,64,14,32,78
20314,64,14,32,78
20315,64,14,32,78
20316,64,14,32,78
20317,64,14,32,78
20318,64,14,32,78
20319,64,14,32,78
20320,64,14,32,78
20321,64,14,32,78
20322,64,14,32,78
20323,64,14,32,78
20324,64,14,32,78
20325,64,14,32,78
20326,64,14,32,78
20327,64,14,32,78
20328,64,14,32,78
20329,64,14,32,78
20330,64,14,32,78
20331,64,14,32,78
20332,64,14,32,78
20333,64,14,32,78
20334,64,14,32,78
20335,64,14,32,78
20336,64,14,32,78
20337,64,14,32,78
20338,64,14,32,78
20339,64,14,32,78
20340,64,14,32,78
20341,64,14,32,78
20342,64,14,32,78
20343,64,14,32,78
20344,64,14,32,78
20345,64,14,32,78
20346,64,14,32,78
20347,64,14,32,78
20348,64,14,32,78
20349,64,14,32,78
20350,64,14,32,78
20351,64,14,32,78
20352,64,14,32,78
20353,64,14,32,78
20354,64,14,32,78
20355,64,14,32,78
20356,64,14,32,78
20357,64,14,32,78
20358,64,14,32,78
20359,64,14,32,78
20360,64,14,32,78
20361,64,14,32,78
20362,64,14,32,78
20363,64,14,32,78
20364,64,14,32,78
20365,64,14,32,78
20366,64,14,32,78
20367,64,14,32,78
20368,64,14,32,78
20369,64,14,32,78
20370,64,14,32,78
20371,64,14,32,78
20372,64,14,32,78
20373,64,14,32,78
20374,64,14,32,78
20375,64,14,32,78
20376,64,14,32,78
20377,64,14,32,78
20378,64,14,32,78
20379,64,14,32,78
20380,64,14,32,78
20381,64,14,32,78
20382,64,14,32,78
20383,64,14,32,78
20384,64,14,32,78
20385,64,14,32,78
20386,64,14,32,78
20387,64,14,32,78
20388,64,14,32,78
20389,64,14,32,78
20390,64,14,32,78
20391,64,14,32,78
20392,64,14,32,78
20393,64,14,32,78
20394,64,14,32,78
20395,64,14,32,78
20396,64,14,32,78
20397,64,14,32,78
20398,64,14,32,78
20399,64,14,32,78
20400,64,14,32,78
20401,64,14,32,78
20402,64,14,32,78
20403,64,14,32,78
20404,64,14,32,78
20405,64,14,32,78
20406,64,14,32,78
20407,64,14,32,78
20408,64,14,32,78
20409,64,14,32,78
20410,64,14,32,78
20411,64,14,32,78
20412,64,14,32,78
20413,64,14,32,78
20414,64,14,32,78
20415,64,14,32,78
20416,64,14,32,78
20417,64,14,32,78
20418,64,14,32,78
20419,64,14,32,78
20420,64,14,32,78
20421,64,14,32,78
20422,64,14,32,78
20423,64,14,32,78
20424,64,14,32,78
20425,64,14,32,78
20426,64,14,32,78
20427,64,14,32,78
20428,64,14,32,78
20429,64,14,32,78
20430,64,14,32,78
20431,64,14,32,78
20432,64,14,32,78
20433,64,14,32,78
20434,64,14,32,78
20435,64,14,32,78
20436,64,14,32,78
20437,64,14,32,78
20438,64,14,32,78
20439,64,14,32,78
20440,64,14,32,78
20441,64,14,32,78
20442,64,14,32,78
20443,64,14,32,78
20444,64,14,32,78
20445,64,14,32,78
20446,64,14,32,78
20447,64,14,32,78
20448,64,14,32,78
20449,64,14,32,78
20450,64,14,32,78
20451,64,14,32,78
20452,64,14,32,78
20453,64,14,32,78
20454,64,14,32,78
20455,64,14,32,78
20456,64,14,32,78
20457,64,14,32,78
20458,64,14,32,78
20459,64,14,32,78
20460,64,14,32,78
20461,64,14,32,78
20462,64,14,32,78
20463,64,14,32,78
20464,64,14,32,78
20465,64,14,32,78
20466,64,14,32,78
20467,64,14,32,78
20468,64,14,32,78
20469,64,14,32,78
20470,64,14,32,78
20471,64,14,32,78
20472,64,14,32,78
20473,64,14,32,78
20474,64,14,32,78
20475,64,14,32,78
20476,64,14,32,78
20477,64,14,32,78
20478,64,14,32,78
20479,64,14,32,78
20480,64,14,32,78
20481,64,14,32,78
20482,64,14,32,78
20483,64,14,32,78
20484,64,14,32,78
20485,64,14,32,78
20486,64,14,32,78
20487,64,14,32,78
20488,64,14,32,78
20489,64,14,32,78
20490,64,14,32,78
20491,64,14,32,78
20492,64,14,32,78
20493,64,14,32,78
20494,64,14,32,78
20495,64,14,32,78
20496,64,14,32,78
20497,64,14,32,78
20498,64,14,32,78
20499,64,14,32,78
20500,64,14,32,78
20501,64,14,32,78
20502,64,14,32,78
20503,64,14,32,78
20504,64,14,32,78
20505,64,14,32,78
20506,64,14,32,78
20507,64,14,32,78
20508,64,14,32,78
20509,64,14,32,78
20510,64,14,32,78
20511,64,14,32,78
20512,64,14,32,78
20513,64,14,32,78
20514,64,14,32,78
20515,64,14,32,78
20516,64,14,32,78
20517,64,14,32,78
20518,64,14,32,78
20519,64,14,32,78
20520,64,14,32,78
20521,64,14,32,78
20522,64,14,32,78
20523,64,14,32,78
20524,64,14,32,78
20525,64,14,32,78
20526,64,14,32,78
20527,64,14,32,78
20528,64,14,32,78
20529,64,14,32,78
20530,64,14,32,78
20531,64,14,32,78
20532,64,14,32,78
20533,64,14,32,78
20534,64,14,32,78
20535,64,14,32,78
20536,64,14,32,78
20537,64,14,32,78
20538,64,14,32,78
20539,64,14,32,78
20540,64,14,32,78
20541,64,14,32,78
20542,64,14,32,78
20543,64,14,32,78
20544,64,14,32,78
20545,64,14,32,78
20546,64,14,32,78
20547,64,14,32,78
20548,64,14,32,78
20549,64,14,32,78
20550,64,14,32,78
20551,64,14,32,78
20552,64,14,32,78
20553,64,14,32,78
20554,64,14,32,78
20555,64,14,32,78
20556,64,14,32,78
20557,64,14,32,78
20558,64,14,32,78
20559,64,14,32,78
20560,64,14,32,78
20561,64,14,32,78
20562,64,14,32,78
20563,64,14,32,78
20564,64,14,32,78
20565,64,14,32,78
20566,64,14,32,78
20567,64,14,32,78
20568,64,14,32,78
20569,64,14,32,78
20570,64,14,32,78
20571,64,14,32,78
20572,64,14,32,78
20573,64,14,32,78
20574,64,14,32,78
20575,64,14,32,78
20576,64,14,32,78
20577,64,14,32,78
20578,64,14,32,78
20579,64,14,32,78
20580,64,14,32,78
20581,64,14,32,78
20582,64,14,32,78
20583,64,14,32,78
20584,64,14,32,78
20585,64,14,32,78
20586,64,14,32,78
20587,64,14,32,78
20588,64,14,32,78
20589,64,14,32,78
20590,64,14,32,78
20591,64,14,32,78
20592,64,14,32,78
20593,64,14,32,78
20594,64,14,32,78
20595,64,14,32,78
20596,64,14,32,78
20597,64,14,32,78
20598,64,14,32,78
20599,64,14,32,78
20600,64,14,32,78
20601,64,14,32,78
20602,64,14,32,78
20603,64,14,32,78
20604,64,14,32,78
20605,64,14,32,78
20606,64,14,32,78
20607,64,14,32,78
20608,64,14,32,78
20609,64,14,32,78
20610,64,14,32,78
20611,64,14,32,78
20612,64,14,32,78
20613,64,14,32,78
20614,64,14,32,78
20615,64,14,32,78
20616,64,14,32,78
20617,64,14,32,78
20618,64,14,32,78
20619,64,14,32,78
20620,64,14,32,78
20621,64,14,32,78
20622,64,14,32,78
20623,64,14,32,78
20624,64,14,32,78
20625,64,14,32,78
20626,64,14,32,78
20627,64,14,32,78
20628,64,14,32,78
20629,64,14,32,78
20630,64,14,32,78
20631,64,14,32,78
20632,64,14,32,78
20633,64,14,32,78
20634,64,14,32,78
20635,64,14,32,78
20636,64,14,32,78
20637,64,14,32,78
20638,64,14,32,78
20639,64,14,32,78
20640,64,14,32,78
20641,64,14,32,78
20642,64,14,32,78
20643,64,14,32,78
20644,64,14,32,78
20645,64,14,32,78
20646,64,14,32,78
20647,64,14,32,78
20648,64,14,32,78
20649,64,14,32,78
20650,64,14,32,78
20651,64,14,32,78
20652,64,14,32,78
20653,64,14,32,78
20654,64,14,32,78
20655,64,14,32,78
20656,64,14,32,78
20657,64,14,32,78
20658,64,14,32,78
20659,64,14,32,78
20660,64,14,32,78
20661,64,14,32,78
20662,64,14,32,78
20663,64,14,32,78
20664,64,14,32,78
20665,64,14,32,78
20666,64,14,32,78
20667,64,14,32,78
20668,64,14,32,78
20669,64,14,32,78
20670,64,14,32,78
20671,64,14,32,78
20672,64,14,32,78
20673,64,14,32,78
20674,64,14,32,78
20675,64,14,32,78
20676,64,14,32,78
20677,64,14,32,78
20678,64,14,32,78
20679,64,14,32,78
20680,64,14,32,78
20681,64,14,32,78
20682,64,14,32,78
20683,64,14,32,78
20684,64,14,32,78
20685,64,14,32,78
20686,64,14,32,78
20687,64,14,32,78
20688,64,14,32,78
20689,64,14,32,78
20690,64,14,32,78
20691,64,14,32,78
20692,64,14,32,78
20693,64,14,32,78
20694,64,14,32,78
20695,64,14,32,78
20696,64,14,32,78
20697,64,14,32,78
20698,64,14,32,78
20699,64,14,32,78
20700,64,14,32,78
20701,64,14,32,78
20702,64,14,32,78
20703,64,14,32,78
20704,64,14,32,78
20705,64,14,32,78
20706,64,14,32,78
20707,64,14,32,78
20708,64,14,32,78
20709,64,14,32,78
20710,64,14,32,78
20711,64,14,32,78
20712,64,14,32,78
20713,64,14,32,78
20714,64,14,32,78
20715,64,14,32,78
20716,64,14,32,78
20717,64,14,32,78
20718,64,14,32,78
20719,64,14,32,78
20720,64,14,32,78
20721,64,14,32,78
20722,64,14,32,78
20723,64,14,32,78
20724,64,14,32,78
20725,64,14,32,78
20726,64,14,32,78
20727,64,14,32,78
20728,64,14,32,78
20729,64,14,32,78
20730,64,14,32,78
20731,64,14,32,78
20732,64,14,32,78
20733,64,14,32,78
20734,64,14,32,78
20735,64,14,32,78
20736,64,14,32,78
20737,64,14,32,78
20738,64,14,32,78
20739,64,14,32,78
20740,64,14,32,78
20741,64,14,32,78
20742,64,14,32,78
20743,64,14,32,78
20744,64,14,32,78
20745,64,14,32,78
20746,64,14,32,78
20747,64,14,32,78
20748,64,14,32,78
20749,64,14,32,78
20750,64,14,32,78
20751,64,14,32,78
20752,64,14,32,78
20753,64,14,32,78
20754,64,14,32,78
20755,64,14,32,78
20756,64,14,32,78
20757,64,14,32,78
20758,64,14,32,78
20759,64,14,32,78
20760,64,14,32,78
20761,64,14,32,78
20762,64,14,32,78
20763,64,14,32,78
20764,64,14,32,78
20765,64,14,32,78
20766,64,14,32,78
20767,64,14,32,78
20768,64,14,32,78
20769,64,14,32,78
20770,64,14,32,78
20771,64,14,32,78
20772,64,14,32,78
20773,64,14,32,78
20774,64,14,32,78
20775,64,14,32,78
20776,64,14,32,78
20777,64,14,32,78
20778,64,14,32,78
20779,64,14,32,78
20780,64,14,32,78
20781,64,14,32,78
20782,64,14,32,78
20783,64,14,32,78
20784,64,14,32,78
20785,64,14,32,78
20786,64,14,32,78
20787,64,14,32,78
20788,64,14,32,78
20789,64,14,32,78
20790,64,14,32,78
20791,64,14,32,78
20792,64,14,32,78
20793,64,14,32,78
20794,64,14,32,78
20795,64,14,32,78
20796,64,14,32,78
20797,64,14,32,78
20798,64,14,32,78
20799,64,14,32,78
20800,64,14,32,78
20801,64,14,32,78
20802,64,14,32,78
20803,64,14,32,78
20804,64,14,32,78
20805,64,14,32,78
20806,64,14,32,78
20807,64,14,32,78
20808,64,14,32,78
20809,64,14,32,78
20810,64,14,32,78
20811,64,14,32,78
20812,64,14,32,78
20813,64,14,32,78
20814,64,14,32,78
20815,64,14,32,78
20816,64,14,32,78
20817,64,14,32,78
20818,64,14,32,78
20819,64,14,32,78
20820,64,14,32,78
20821,64,14,32,78
20822,64,14,32,78
20823,64,14,32,78
20824,64,14,32,78
20825,64,14,32,78
20826,64,14,32,78
20827,64,14,32,78
20828,64,14,32,78
20829,64,14,32,78
20830,64,14,32,78
20831,64,14,32,78
20832,64,14,32,78
20833,64,14,32,78
20834,64,14,32,78
20835,64,14,32,78
20836,64,14,32,78
20837,64,14,32,78
20838,64,14,32,78
20839,64,14,32,78
20840,64,14,32,78
20841,64,14,32,78
20842,64,14,32,78
20843,64,14,32,78
20844,64,14,32,78
20845,64,14,32,78
20846,64,14,32,78
20847,64,14,32,78
20848,64,14,32,78
20849,64,14,32,78
20850,64,14,32,78
20851,64,14,32,78
20852,64,14,32,78
20853,64,14,32,78
20854,64,14,32,78
20855,64,14,32,78
20856,64,14,32,78
20857,64,14,32,78
20858,64,14,32,78
20859,64,14,32,78
20860,64,14,32,78
20861,64,14,32,78
20862,64,14,32,78
20863,64,14,32,78
20864,64,14,32,78
20865,64,14,32,78
20866,64,14,32,78
20867,64,14,32,78
20868,64,14,32,78
20869,64,14,32,78
20870,64,14,32,78
20871,64,14,32,78
20872,64,14,32,78
20873,64,14,32,78
20874,64,14,32,78
20875,64,14,32,78
20876,64,14,32,78
20877,64,14,32,78
20878,64,14,32,78
20879,64,14,32,78
20880,64,14,32,78
20881,64,14,32,78
20882,64,14,32,78
20883,64,14,32,78
20884,64,14,32,78
20885,64,14,32,78
20886,64,14,32,78
20887,64,14,32,78
20888,64,14,32,78
20889,64,14,32,78
20890,64,14,32,78
20891,64,14,32,78
20892,64,14,32,78
20893,64,14,32,78
20894,64,14,32,78
20895,64,14,32,78
20896,64,14,32,78
20897,64,14,32,78
20898,64,14,32,78
20899,64,14,32,78
20900,64,14,32,78
20901,64,14,32,78
20902,64,14,32,78
20903,64,14,32,78
20904,64,14,32,78
20905,64,14,32,78
20906,64,14,32,78
20907,64,14,32,78
20908,64,14,32,78
20909,64,14,32,78
20910,64,14,32,78
20911,64,14,32,78
20912,64,14,32,78
20913,64,14,32,78
20914,64,14,32,78
20915,64,14,32,78
20916,64,14,32,78
20917,64,14,32,78
20918,64,14,32,78
20919,64,14,32,78
20920,64,14,32,78
20921,64,14,32,78
20922,64,14,32,78
20923,64,14,32,78
20924,64,14,32,78
20925,64,14,32,78
20926,64,14,32,78
20927,64,14,32,78
20928,64,14,32,78
20929,64,14,32,78
20930,64,14,32,78
20931,64,14,32,78
20932,64,14,32,78
20933,64,14,32,78
20934,64,14,32,78
20935,64,14,32,78
20936,64,14,32,78
20937,64,14,32,78
20938,64,14,32,78
20939,64,14,32,78
20940,64,14,32,78
20941,64,14,32,78
20942,64,14,32,78
20943,64,14,32,78
20944,64,14,32,78
20945,64,14,32,78
20946,64,14,32,78
20947,64,14,32,78
20948,64,14,32,78
20949,64,14,32,78
20950,64,14,32,78
20951,64,14,32,78
20952,64,14,32,78
20953,64,14,32,78
20954,64,14,32,78
20955,64,14,32,78
20956,64,14,32,78
20957,64,14,32,78
20958,64,14,32,78
20959,64,14,32,78
20960,64,14,32,78
20961,64,14,32,78
20962,64,14,32,78
20963,64,14,32,78
20964,64,14,32,78
20965,64,14,32,78
20966,64,14,32,78
20967,64,14,32,78
20968,64,14,32,78
20969,64,14,32,78
20970,64,14,32,78
20971,64,14,32,78
20972,64,14,32,78
20973,64,14,32,78
20974,64,14,32,78
20975,64,14,32,78
20976,64,14,32,78
20977,64,14,32,78
20978,64,14,32,78
20979,64,14,32,78
20980,64,14,32,78
20981,64,14,32,78
20982,64,14,32,78
20983,64,14,32,78
20984,64,14,32,78
20985,64,14,32,78
20986,64,14,32,78
20987,64,14,32,78
20988,64,14,32,78
20989,64,14,32,78
20990,64,14,32,78
20991,64,14,32,78
20992,64,14,32,78
20993,64,14,32,78
20994,64,14,32,78
20995,64,14,32,78
20996,64,14,32,78
20997,64,14,32,78
20998,64,14,32,78
20999,64,14,32,78
21000,64,14,32,78
21001,64,14,32,78
21002,64,14,32,78
21003,64,14,32,78
21004,64,14,32,78
21005,64,14,32,78
21006,64,14,32,78
21007,64,14,32,78
21008,64,14,32,78
21009,64,14,32,78
21010,64,14,32,78
21011,64,14,32,78
21012,64,14,32,78
21013,64,14,32,78
21014,64,14,32,78
21015,64,14,32,78
21016,64,14,32,78
21017,64,14,32,78
21018,64,14,32,78
21019,64,14,32,78
21020,64,14,32,78
21021,64,14,32,78
21022,64,14,32,78
21023,64,14,32,78
21024,64,14,32,78
21025,64,14,32,78
21026,64,14,32,78
21027,64,14,32,78
21028,64,14,32,78
21029,64,14,32,78
21030,64,14,32,78
21031,64,14,32,78
21032,64,14,32,78
21033,64,14,32,78
21034,64,14,32,78
21035,64,14,32,78
21036,64,14,32,78
21037,64,14,32,78
21038,64,14,32,78
21039,64,14,32,78
21040,64,14,32,78
21041,64,14,32,78
21042,64,14,32,78
21043,64,14,32,78
21044,64,14,32,78
21045,64,14,32,78
21046,64,14,32,78
21047,64,14,32,78
21048,64,14,32,78
21049,64,14,32,78
21050,64,14,32,78
21051,64,14,32,78
21052,64,14,32,78
21053,64,14,32,78
21054,64,14,32,78
21055,64,14,32,78
21056,64,14,32,78
21057,64,14,32,78
21058,64,14,32,78
21059,64,14,32,78
21060,64,14,32,78
21061,64,14,32,78
21062,64,14,32,78
21063,64,14,32,78
21064,64,14,32,78
21065,64,14,32,78
21066,64,14,32,78
21067,64,14,32,78
21068,64,14,32,78
21069,64,14,32,78
21070,64,14,32,78
21071,64,14,32,78
21072,64,14,32,78
21073,64,14,32,78
21074,64,14,32,78
21075,64,14,32,78
21076,64,14,32,78
21077,64,14,32,78
21078,64,14,32,78
21079,64,14,32,78
21080,64,14,32,78
21081,64,14,32,78
21082,64,14,32,78
21083,64,14,32,78
21084,64,14,32,78
21085,64,14,32,78
21086,64,14,32,78
21087,64,14,32,78
21088,64,14,32,78
21089,64,14,32,78
21090,64,14,32,78
21091,64,14,32,78
21092,64,14,32,78
21093,64,14,32,78
21094,64,14,32,78
21095,64,14,32,78
21096,64,14,32,78
21097,64,14,32,78
21098,64,14,32,78
21099,64,14,32,78
21100,64,14,32,78
21101,64,14,32,78
21102,64,14,32,78
21103,64,14,32,78
21104,64,14,32,78
21105,64,14,32,78
21106,64,14,32,78
21107,64,14,32,78
21108,64,14,32,78
21109,64,14,32,78
21110,64,14,32,78
21111,64,14,32,78
21112,64,14,32,78
21113,64,14,32,78
21114,64,14,32,78
21115,64,14,32,78
21116,64,14,32,78
21117,64,14,32,78
21118,64,14,32,78
21119,64,14,32,78
21120,64,14,32,78
21121,64,14,32,78
21122,64,14,32,78
21123,64,14,32,78
21124,64,14,32,78
21125,64,14,32,78
21126,64,14,32,78
21127,64,14,32,78
21128,64,14,32,78
21129,64,14,32,78
21130,64,14,32,78
21131,64,14,32,78
21132,64,14,32,78
21133,64,14,32,78
21134,64,14,32,78
21135,64,14,32,78
21136,64,14,32,78
21137,64,14,32,78
21138,64,14,32,78
21139,64,14,32,78
21140,64,14,32,78
21141,64,14,32,78
21142,64,14,32,78
21143,64,14,32,78
21144,64,14,32,78
21145,64,14,32,78
21146,64,14,32,78
21147,64,14,32,78
21148,64,14,32,78
21149,64,14,32,78
21150,64,14,32,78
21151,64,14,32,78
21152,64,14,32,78
21153,64,14,32,78
21154,64,14,32,78
21155,64,14,32,78
21156,64,14,32,78
21157,64,14,32,78
21158,64,14,32,78
21159,64,14,32,78
21160,64,14,32,78
21161,64,14,32,78
21162,64,14,32,78
21163,64,14,32,78
21164,64,14,32,78
21165,64,14,32,78
21166,64,14,32,78
21167,64,14,32,78
21168,64,14,32,78
21169,64,14,32,78
21170,64,14,32,78
21171,64,14,32,78
21172,64,14,32,78
21173,64,14,32,78
21174,64,14,32,78
21175,64,14,32,78
21176,64,14,32,78
21177,64,14,32,78
21178,64,14,32,78
21179,64,14,32,78
21180,64,14,32,78
21181,64,14,32,78
21182,64,14,32,78
21183,64,14,32,78
21184,64,14,32,78
21185,64,14,32,78
21186,64,14,32,78
21187,64,14,32,78
21188,64,14,32,78
21189,64,14,32,78
21190,64,14,32,78
21191,64,14,32,78
21192,64,14,32,78
21193,64,14,32,78
21194,64,14,32,78
21195,64,14,32,78
21196,64,14,32,78
21197,64,14,32,78
21198,64,14,32,78
21199,64,14,32,78
21200,64,14,32,78
21201,64,14,32,78
21202,64,14,32,78
21203,64,14,32,78
21204,64,14,32,78
21205,64,14,32,78
21206,64,14,32,78
21207,64,14,32,78
21208,64,14,32,78
21209,64,14,32,78
21210,64,14,32,78
21211,64,14,32,78
21212,64,14,32,78
21213,64,14,32,78
21214,64,14,32,78
21215,64,14,32,78
21216,64,14,32,78
21217,64,14,32,78
21218,64,14,32,78
21219,64,14,32,78
21220,64,14,32,78
21221,64,14,32,78
21222,64,14,32,78
21223,64,14,32,78
21224,64,14,32,78
21225,64,14,32,78
21226,64,14,32,78
21227,64,14,32,78
21228,64,14,32,78
21229,64,14,32,78
21230,64,14,32,78
21231,64,14,32,78
21232,64,14,32,78
21233,64,14,32,78
21234,64,14,32,78
21235,64,14,32,78
21236,64,14,32,78
21237,64,14,32,78
21238,64,14,32,78
21239,64,14,32,78
21240,64,14,32,78
21241,64,14,32,78
21242,64,14,32,78
21243,64,14,32,78
21244,64,14,32,78
21245,64,14,32,78
21246,64,14,32,78
21247,64,14,32,78
21248,64,14,32,78
21249,64,14,32,78
21250,64,14,32,78
21251,64,14,32,78
21252,64,14,32,78
21253,64,14,32,78
21254,64,14,32,78
21255,64,14,32,78
21256,64,14,32,78
21257,64,14,32,78
21258,64,14,32,78
21259,64,14,32,78
21260,64,14,32,78
21261,64,14,32,78
21262,64,14,32,78
21263,64,14,32,78
21264,64,14,32,78
21265,64,14,32,78
21266,64,14,32,78
21267,64,14,32,78
21268,64,14,32,78
21269,64,14,32,78
21270,64,14,32,78
21271,64,14,32,78
21272,64,14,32,78
21273,64,14,32,78
21274,64,14,32,78
21275,64,14,32,78
21276,64,14,32,78
21277,64,14,32,78
21278,64,14,32,78
21279,64,14,32,78
21280,64,14,32,78
21281,64,14,32,78
21282,64,14,32,78
21283,64,14,32,78
21284,64,14,32,78
21285,64,14,32,78
21286,64,14,32,78
21287,64,14,32,78
21288,64,14,32,78
21289,64,14,32,78
21290,64,14,32,78
21291,64,14,32,78
21292,64,14,32,78
21293,64,14,32,78
21294,64,14,32,78
21295,64,14,32,78
21296,64,14,32,78
21297,64,14,32,78
21298,64,14,32,78
21299,64,14,32,78
21300,64,14,32,78
21301,64,14,32,78
21302,64,14,32,78
21303,64,14,32,78
21304,64,14,32,78
21305,64,14,32,78
21306,64,14,32,78
21307,64,14,32,78
21308,64,14,32,78
21309,64,14,32,78
21310,64,14,32,78
21311,64,14,32,78
21312,64,14,32,78
21313,64,14,32,78
21314,64,14,32,78
21315,64,14,32,78
21316,64,14,32,78
21317,64,14,32,78
21318,64,14,32,78
21319,64,14,32,78
21320,64,14,32,78
21321,64,14,32,78
21322,64,14,32,78
21323,64,14,32,78
21324,64,14,32,78
21325,64,14,32,78
21326,64,14,32,78
21327,64,14,32,78
21328,64,14,32,78
21329,64,14,32,78
21330,64,14,32,78
21331,64,14,32,78
21332,65,14,33,78
21333,65,14,33,78
21334,65,14,33,78
21335,65,14,33,78
21336,65,14,33,78
21337,65,14,33,78
21338,65,14,33,78
21339,65,14,33,78
21340,65,14,33,78
21341,65,14,33,78
21342,65,14,33,78
21343,65,14,33,78
21344,65,14,33,78
21345,65,14,33,78
21346,65,14,33,78
21347,65,14,33,78
21348,65,14,33,78
21349,65,14,33,78
21350,65,14,33,78
21351,65,14,33,78
21352,65,14,33,78
21353,65,14,33,78
21354,65,14,33,78
21355,65,14,33,78
21356,65,14,33,78
21357,65,14,33,78
21358,65,14,33,78
21359,65,14,33,78
21360,65,14,33,78
21361,65,14,33,78
21362,65,14,33,78
21363,65,14,33,78
21364,65,14,33,78
21365,65,14,33,78
21366,65,14,33,78
21367,65,14,33,78
21368,65,14,33,78
21369,65,14,33,78
21370,65,14,33,78
21371,65,14,33,78
21372,65,14,33,78
21373,65,14,33,78
21374,65,14,33,78
21375,65,14,33,78
21376,65,14,33,78
21377,65,14,33,78
21378,65,14,33,78
21379,65,14,33,78
21380,65,14,33,78
21381,65,14,33,78
21382,65,14,33,78
21383,65,14,33,78
21384,65,14,33,78
21385,65,14,33,78
21386,65,14,33,78
21387,65,14,33,78
21388,65,14,33,78
21389,65,14,33,78
21390,65,14,33,78
21391,65,14,33,78
21392,65,14,33,78
21393,65,14,33,78
21394,65,14,33,78
21395,65,14,33,78
21396,65,14,33,78
21397,65,14,33,78
21398,65,14,33,78
21399,65,14,33,78
21400,65,14,33,78
21401,65,14,33,78
21402,65,14,33,78
21403,65,14,33,78
21404,65,14,33,78
21405,65,14,33,78
21406,65,14,33,78
21407,65,14,33,78
21408,65,14,33,78
21409,65,14,33,78
21410,65,14,33,78
21411,65,14,33,78
21412,65,14,33,78
21413,65,14,33,78
21414,65,14,33,78
21415,65,14,33,78
21416,65,14,33,78
21417,65,14,33,78
21418,65,14,33,78
21419,65,14,33,78
21420,65,14,33,78
21421,65,14,33,78
21422,65,14,33,78
21423,65,14,33,78
21424,65,14,33,78
21425,65,14,33,78
21426,65,14,33,78
21427,65,14,33,78
21428,65,14,33,78
21429,65,14,33,78
21430,65,14,33,78
21431,65,14,33,78
21432,65,14,33,78
21433,65,14,33,78
21434,65,14,33,78
21435,65,14,33,78
21436,65,14,33,78
21437,65,14,33,78
21438,65,14,33,78
21439,65,14,33,78
21440,65,14,33,78
21441,65,14,33,78
21442,65,14,33,78
21443,65,14,33,78
21444,65,14,33,78
21445,65,14,33,78
21446,65,14,33,78
21447,65,14,33,78
21448,65,14,33,78
21449,65,14,33,78
21450,65,14,33,78
21451,65,14,33,78
21452,65,14,33,78
21453,65,14,33,78
21454,65,14,33,78
21455,65,14,33,78
21456,65,14,33,78
21457,65,14,33,78
21458,65,14,33,78
21459,65,14,33,78
21460,65,14,33,78
21461,65,14,33,78
21462,65,14,33,78
21463,65,14,33,78
21464,65,14,33,78
21465,65,14,33,78
21466,65,14,33,78
21467,65,14,33,78
21468,65,14,33,78
21469,65,14,33,78
21470,65,14,33,78
21471,65,14,33,78
21472,65,14,33,78
21473,65,14,33,78
21474,65,14,33,78
21475,65,14,33,78
21476,65,14,33,78
21477,65,14,33,78
21478,65,14,33,78
21479,65,14,33,78
21480,65,14,33,78
21481,65,14,33,78
21482,65,14,33,78
21483,65,14,33,78
21484,65,14,33,78
21485,65,14,33,78
21486,65,14,33,78
21487,65,14,33,78
21488,65,14,33,78
21489,65,14,33,78
21490,65,14,33,78
21491,65,14,33,78
21492,65,14,33,78
21493,65,14,33,78
21494,65,14,33,78
21495,65,14,33,78
21496,65,14,33,78
21497,65,14,33,78
21498,65,14,33,78
21499,65,14,33,78
21500,65,14,33,78
21501,65,14,33,78
21502,65,14,33,78
21503,65,14,33,78
21504,65,14,33,78
21505,65,14,33,78
21506,65,14,33,78
21507,65,14,33,78
21508,65,14,33,78
21509,65,14,33,78
21510,65,14,33,78
21511,65,14,33,78
21512,65,14,33,78
21513,65,14,33,78
21514,65,14,33,78
21515,65,14,33,78
21516,65,14,33,78
21517,65,14,33,78
21518,65,14,33,78
21519,65,14,33,78
21520,65,14,33,78
21521,65,14,33,78
21522,65,14,33,78
21523,65,14,33,78
21524,65,14,33,78
21525,65,14,33,78
21526,65,14,33,78
21527,65,14,33,78
21528,65,14,33,78
21529,65,14,33,78
21530,65,14,33,78
21531,65,14,33,78
21532,65,14,33,78
21533,65,14,33,78
21534,65,14,33,78
21535,65,14,33,78
21536,65,14,33,78
21537,65,14,33,78
21538,65,14,33,78
21539,65,14,33,78
21540,65,14,33,78
21541,65,14,33,78
21542,65,14,33,78
21543,65,14,33,78
21544,65,14,33,78
21545,65,14,33,78
21546,65,14,33,78
21547,65,14,33,78
21548,65,14,33,78
21549,65,14,33,78
21550,65,14,33,78
21551,65,14,33,78
21552,65,14,33,78
21553,65,14,33,78
21554,65,14,33,78
21555,65,14,33,78
21556,65,14,33,78
21557,65,14,33,78
21558,65,14,33,78
21559,65,14,33,78
21560,65,14,33,78
21561,65,14,33,78
21562,65,14,33,78
21563,65,14,33,78
21564,65,14,33,78
21565,65,14,33,78
21566,65,14,33,78
21567,65,14,33,78
21568,65,14,33,78
21569,65,14,33,78
21570,65,14,33,78
21571,65,14,33,78
21572,65,14,33,78
21573,65,14,33,78
21574,65,14,33,78
21575,65,14,33,78
21576,65,14,33,78
21577,65,14,33,78
21578,65,14,33,78
21579,65,14,33,78
21580,65,14,33,78
21581,65,14,33,78
21582,65,14,33,78
21583,65,14,33,78
21584,65,14,33,78
21585,65,14,33,78
21586,65,14,33,78
21587,65,14,33,78
21588,65,14,33,78
21589,65,14,33,78
21590,65,14,33,78
21591,65,14,33,78
21592,65,14,33,78
21593,65,14,33,78
21594,65,14,33,78
21595,65,14,33,78
21596,65,14,33,78
21597,65,14,33,78
21598,65,14,33,78
21599,65,14,33,78
21600,65,14,33,78
21601,65,14,33,78
21602,65,14,33,78
21603,65,14,33,78
21604,65,14,33,78
21605,65,14,33,78
21606,65,14,33,78
21607,65,14,33,78
21608,65,14,33,78
21609,65,14,33,78
21610,65,14,33,78
21611,65,14,33,78
21612,65,14,33,78
21613,65,14,33,78
21614,65,14,33,78
21615,65,14,33,78
21616,65,14,33,78
21617,65,14,33,78
21618,65,14,33,78
21619,65,14,33,78
21620,65,14,33,78
21621,65,14,33,78
21622,65,14,33,78
21623,65,14,33,78
21624,65,14,33,78
21625,65,14,33,78
21626,65,14,33,78
21627,65,14,33,78
21628,65,14,33,78
21629,65,14,33,78
21630,65,14,33,78
21631,65,14,33,78
21632,65,14,33,78
21633,65,14,33,78
21634,65,14,33,78
21635,65,14,33,78
21636,65,14,33,78
21637,65,14,33,78
21638,65,14,33,78
21639,65,14,33,78
21640,65,14,33,78
21641,65,14,33,78
21642,65,14,33,78
21643,65,14,33,78
21644,65,14,33,78
21645,65,14,33,78
21646,65,14,33,78
21647,65,14,33,78
21648,65,14,33,78
21649,65,14,33,78
21650,65,14,33,78
21651,65,14,33,78
21652,65,14,33,78
21653,65,14,33,78
21654,65,14,33,78
21655,65,14,33,78
21656,65,14,33,78
21657,65,14,33,78
21658,65,14,33,78
21659,65,14,33,78
21660,65,14,33,78
21661,65,14,33,78
21662,65,14,33,78
21663,65,14,33,78
21664,65,14,33,78
21665,65,14,33,78
21666,65,14,33,78
21667,65,14,33,78
21668,65,14,33,78
21669,65,14,33,78
21670,65,14,33,78
21671,65,14,33,78
21672,65,14,33,78
21673,65,14,33,78
21674,65,14,33,78
21675,65,14,33,78
21676,65,14,33,78
21677,65,14,33,78
21678,65,14,33,78
21679,65,14,33,78
21680,65,14,33,78
21681,65,14,33,78
21682,65,14,33,78
21683,65,14,33,78
21684,65,14,33,78
21685,65,14,33,78
21686,65,14,33,78
21687,65,14,33,78
21688,65,14,33,78
21689,65,14,33,78
21690,65,14,33,78
21691,65,14,33,78
21692,65,14,33,78
21693,65,14,33,78
21694,65,14,33,78
21695,65,14,33,78
21696,65,14,33,78
21697,65,14,33,78
21698,65,14,33,78
21699,65,14,33,78
21700,65,14,33,78
21701,65,14,33,78
21702,65,14,33,78
21703,65,14,33,78
21704,65,14,33,78
21705,65,14,33,78
21706,65,14,33,78
21707,65,14,33,78
21708,65,14,33,78
21709,65,14,33,78
21710,65,14,33,78
21711,65,14,33,78
21712,65,14,33,79
21713,65,14,33,79
21714,65,14,33,79
21715,65,14,33,79
21716,65,14,33,79
21717,65,14,33,79
21718,65,14,33,79
21719,65,14,33,79
21720,65,14,33,79
21721,65,14,33,79
21722,65,14,33,79
21723,65,14,33,79
21724,65,14,33,79
21725,65,14,33,79
21726,65,14,33,79
21727,65,14,33,79
21728,65,14,33,79
21729,65,14,33,79
21730,65,14,33,79
21731,65,14,33,79
21732,65,14,33,79
21733,65,14,33,79
21734,65,14,33,79
21735,65,14,33,79
21736,65,14,33,79
21737,65,14,33,79
21738,65,14,33,79
21739,65,14,33,79
21740,65,14,33,79
21741,65,14,33,79
21742,65,14,33,79
21743,65,14,33,79
21744,65,14,33,79
21745,65,14,33,79
21746,65,14,33,79
21747,65,14,33,79
21748,65,14,33,79
21749,65,14,33,79
21750,65,14,33,79
21751,65,14,33,79
21752,65,14,33,79
21753,65,14,33,79
21754,65,14,33,79
21755,65,14,33,79
21756,65,14,33,79
21757,65,14,33,79
21758,65,14,33,79
21759,65,14,33,79
21760,65,14,33,79
21761,65,14,33,79
21762,65,14,33,79
21763,65,14,33,79
21764,65,14,33,79
21765,65,14,33,79
21766,65,14,33,79
21767,65,14,33,79
21768,65,14,33,79
21769,65,14,33,79
21770,65,14,33,79
21771,65,14,33,79
21772,65,14,33,79
21773,65,14,33,79
21774,65,14,33,79
21775,65,14,33,79
21776,65,14,33,79
21777,65,14,33,79
21778,65,14,33,79
21779,65,14,33,79
21780,65,14,33,79
21781,65,14,33,79
21782,65,14,33,79
21783,65,14,33,79
21784,65,14,33,79
21785,65,14,33,79
21786,65,14,33,79
21787,65,14,33,79
21788,65,14,33,79
21789,65,14,33,79
21790,65,14,33,79
21791,65,14,33,79
21792,65,14,33,79
21793,65,14,33,79
21794,65,14,33,79
21795,65,14,33,79
21796,65,14,33,79
21797,65,14,33,79
21798,65,14,33,79
21799,65,14,33,79
21800,65,14,33,79
21801,65,14,33,79
21802,65,14,33,79
21803,65,14,33,79
21804,65,14,33,79
21805,65,14,33,79
21806,65,14,33,79
21807,65,14,33,79
21808,65,14,33,79
21809,65,14,33,79
21810,65,14,33,79
21811,65,14,33,79
21812,65,14,33,79
21813,65,14,33,79
21814,65,14,33,79
21815,65,14,33,79
21816,65,14,33,79
21817,65,14,33,79
21818,65,14,33,79
21819,65,14,33,79
21820,65,14,33,79
21821,65,14,33,79
21822,65,14,33,79
21823,65,14,33,79
21824,65,14,33,79
21825,65,14,33,79
21826,65,14,33,79
21827,65,14,33,79
21828,65,14,33,79
21829,65,14,33,79
21830,65,14,33,79
21831,65,14,33,79
21832,65,14,33,79
21833,65,14,33,79
21834,65,14,33,79
21835,65,14,33,79
21836,65,14,33,79
21837,65,14,33,79
21838,65,14,33,79
21839,65,14,33,79
21840,65,14,33,79
21841,65,14,33,79
21842,65,14,33,79
21843,65,14,33,79
21844,65,14,33,79
21845,65,14,33,79
21846,65,14,33,79
21847,65,14,33,79
21848,65,14,33,79
21849,65,14,33,79
21850,65,14,33,79
21851,65,14,33,79
21852,65,14,33,79
21853,65,14,33,79
21854,65,14,33,79
21855,65,14,33,79
21856,65,14,33,79
21857,65,14,33,79
21858,65,14,33,79
21859,65,14,33,79
21860,65,14,33,79
21861,65,14,33,79
21862,65,14,33,79
21863,65,14,33,79
21864,65,14,33,79
21865,65,14,33,79
21866,65,14,33,79
21867,65,14,33,79
21868,65,14,33,79
21869,65,14,33,79
21870,65,14,33,79
21871,65,14,33,79
21872,65,14,33,79
21873,65,14,33,79
21874,65,14,33,79
21875,65,14,33,79
21876,65,14,33,79
21877,65,14,33,79
21878,65,14,33,79
21879,65,14,33,79
21880,65,14,33,79
21881,65,14,33,79
21882,65,14,33,79
21883,65,14,33,79
21884,65,14,33,79
21885,65,14,33,79
21886,65,14,33,79
21887,65,14,33,79
21888,65,14,33,79
21889,65,14,33,79
21890,65,14,33,79
21891,65,14,33,79
21892,65,14,33,79
21893,65,14,33,79
21894,65,14,33,79
21895,65,14,33,79
21896,65,14,33,79
21897,65,14,33,79
21898,65,14,33,79
21899,65,14,33,79
21900,65,14,33,79
21901,65,14,33,79
21902,65,14,33,79
21903,65,14,33,79
21904,65,14,33,79
21905,65,14,33,79
21906,65,14,33,79
21907,65,14,33,79
21908,65,14,33,79
21909,65,14,33,79
21910,65,14,33,79
21911,65,14,33,79
21912,65,14,33,79
21913,65,14,33,79
21914,65,14,33,79
21915,65,14,33,79
21916,65,14,33,79
21917,65,14,33,79
21918,65,14,33,79
21919,65,14,33,79
21920,65,14,33,79
21921,65,14,33,79
21922,65,14,33,79
21923,65,14,33,79
21924,65,14,33,79
21925,65,14,33,79
21926,65,14,33,79
21927,65,14,33,79
21928,65,14,33,79
21929,65,14,33,79
21930,65,14,33,79
21931,65,14,33,79
21932,65,14,33,79
21933,65,14,33,79
21934,65,14,33,79
21935,65,14,33,79
21936,65,14,33,79
21937,65,14,33,79
21938,65,14,33,79
21939,65,14,33,79
21940,65,14,33,79
21941,65,14,33,79
21942,65,14,33,79
21943,65,14,33,79
21944,65,14,33,79
21945,65,14,33,79
21946,65,14,33,79
21947,65,14,33,79
21948,65,14,33,79
21949,65,14,33,79
21950,65,14,33,79
21951,65,14,33,79
21952,65,14,33,79
21953,65,14,33,79
21954,65,14,33,79
21955,65,14,33,79
21956,65,14,33,79
21957,65,14,33,79
21958,65,14,33,79
21959,65,14,33,79
21960,65,14,33,79
21961,65,14,33,79
21962,65,14,33,79
21963,65,14,33,79
21964,65,14,33,79
21965,65,14,33,79
21966,65,14,33,79
21967,65,14,33,79
21968,65,14,33,79
21969,65,14,33,79
21970,65,14,33,79
21971,65,14,33,79
21972,65,14,33,79
21973,65,14,33,79
21974,65,14,33,79
21975,65,14,33,79
21976,65,14,33,79
21977,65,14,33,79
21978,65,14,33,79
21979,65,14,33,79
21980,65,14,33,79
21981,65,14,33,79
21982,65,14,33,79
21983,65,14,33,79
21984,65,14,33,79
21985,65,14,33,79
21986,65,14,33,79
21987,65,14,33,79
21988,65,14,33,79
21989,65,14,33,79
21990,65,14,33,79
21991,65,14,33,79
21992,65,14,33,79
21993,65,14,33,79
21994,65,14,33,79
21995,65,14,33,79
21996,65,14,33,79
21997,65,14,33,79
21998,65,14,33,79
21999,65,14,33,79
22000,65,14,33,79
22001,65,14,33,79
22002,65,14,33,79
22003,65,14,33,79
22004,65,14,33,79
22005,65,14,33,79
22006,65,14,33,79
22007,65,14,33,79
22008,65,14,33,79
22009,65,14,33,79
22010,65,14,33,79
22011,65,14,33,79
22012,65,14,33,79
22013,65,14,33,79
22014,65,14,33,79
22015,65,14,33,79
22016,65,14,33,79
22017,65,14,33,79
22018,65,14,33,79
22019,65,14,33,79
22020,65,14,33,79
22021,65,14,33,79
22022,65,14,33,79
22023,65,14,33,79
22024,65,14,33,79
22025,65,14,33,79
22026,65,14,33,79
22027,65,14,33,79
22028,65,14,33,79
22029,65,14,33,79
22030,65,14,33,79
22031,65,14,33,79
22032,65,14,33,79
22033,65,14,33,79
22034,65,14,33,79
22035,65,14,33,79
22036,65,14,33,79
22037,65,14,33,79
22038,65,14,33,79
22039,65,14,33,79
22040,65,14,33,79
22041,65,14,33,79
22042,65,14,33,79
22043,65,14,33,79
22044,65,14,33,79
22045,65,14,33,79
22046,65,14,33,79
22047,65,14,33,79
22048,65,14,33,79
22049,65,14,33,79
22050,65,14,33,79
22051,65,14,33,79
22052,65,14,33,79
22053,65,14,33,79
22054,65,14,33,79
22055,65,14,33,79
22056,65,14,33,79
22057,65,14,33,79
22058,65,14,33,79
22059,65,14,33,79
22060,65,14,33,79
22061,65,14,33,79
22062,65,14,33,79
22063,65,14,33,79
22064,65,14,33,79
22065,65,14,33,79
22066,65,14,33,79
22067,65,14,33,79
22068,65,14,33,79
22069,65,14,33,79
22070,65,14,33,79
22071,65,14,33,79
22072,65,14,33,79
22073,65,14,33,79
22074,65,14,33,79
22075,65,14,33,79
22076,65,14,33,79
22077,65,14,33,79
22078,65,14,33,79
22079,65,14,33,79
22080,65,14,33,79
22081,65,14,33,79
22082,65,14,33,79
22083,65,14,33,79
22084,65,14,33,79
22085,65,14,33,79
22086,65,14,33,79
22087,65,14,33,79
22088,65,14,33,79
22089,65,14,33,79
22090,65,14,33,79
22091,65,14,33,79
22092,65,14,33,79
22093,65,14,33,79
22094,65,14,33,79
22095,65,14,33,79
22096,65,14,33,79
22097,65,14,33,79
22098,65,14,33,79
22099,65,14,33,79
22100,65,14,33,79
22101,65,14,33,79
22102,65,14,33,79
22103,65,14,33,79
22104,65,14,33,79
22105,65,14,33,79
22106,65,14,33,79
22107,65,14,33,79
22108,65,14,33,79
22109,65,14,33,79
22110,65,14,33,79
22111,65,14,33,79
22112,65,14,33,79
22113,65,14,33,79
22114,65,14,33,79
22115,65,14,33,79
22116,65,14,33,79
22117,65,14,33,79
22118,65,14,33,79
22119,65,14,33,79
22120,65,14,33,79
22121,65,14,33,79
22122,65,14,33,79
22123,65,14,33,79
22124,65,14,33,79
22125,65,14,33,79
22126,65,14,33,79
22127,65,14,33,79
22128,65,14,33,79
22129,65,14,33,79
22130,65,14,33,79
22131,65,14,33,79
22132,65,14,33,79
22133,65,14,33,79
22134,65,14,33,79
22135,65,14,33,79
22136,65,14,33,79
22137,65,14,33,79
22138,65,14,33,79
22139,65,14,33,79
22140,65,14,33,79
22141,65,14,33,79
22142,65,14,33,79
22143,65,14,33,79
22144,65,14,33,79
22145,65,14,33,79
22146,65,14,33,79
22147,65,14,33,79
22148,65,14,33,79
22149,65,14,33,79
22150,65,14,33,79
22151,65,14,33,79
22152,65,14,33,79
22153,65,14,33,79
22154,65,14,33,79
22155,65,14,33,79
22156,65,14,33,79
22157,65,14,33,79
22158,65,14,33,79
22159,65,14,33,79
22160,65,14,33,79
22161,65,14,33,79
22162,65,14,33,79
22163,65,14,33,79
22164,65,14,33,79
22165,65,14,33,79
22166,65,14,33,79
22167,65,14,33,79
22168,65,14,33,79
22169,65,14,33,79
22170,65,14,33,79
22171,65,14,33,80
22172,65,14,33,80
22173,65,14,33,80
22174,65,14,33,80
22175,65,14,33,80
22176,65,14,33,80
22177,65,14,33,80
22178,65,14,33,80
22179,65,14,33,80
22180,65,14,33,80
22181,65,14,33,80
22182,65,14,33,80
22183,65,14,33,80
22184,65,14,33,80
22185,65,14,33,80
22186,65,14,33,80
22187,65,14,33,80
22188,65,14,33,80
22189,65,14,33,80
22190,65,14,33,80
22191,65,14,33,80
22192,65,14,33,80
22193,65,14,33,80
22194,65,14,33,80
22195,65,14,33,80
22196,65,14,33,80
22197,65,14,33,80
22198,65,14,33,80
22199,65,14,33,80
22200,65,14,33,80
22201,65,14,33,80
22202,65,14,33,80
22203,65,14,33,80
22204,65,14,33,80
22205,65,14,33,80
22206,65,14,33,80
22207,65,14,33,80
22208,65,14,33,80
22209,65,14,33,80
22210,65,14,33,80
22211,65,14,33,80
22212,65,14,33,81
22213,65,14,33,81
22214,65,14,33,81
22215,65,14,33,81
22216,65,14,33,81
22217,65,14,33,81
22218,65,14,33,81
22219,65,14,33,81
22220,65,14,33,81
22221,65,14,33,81
22222,65,14,33,81
22223,65,14,33,81
22224,65,14,33,81
22225,65,14,33,81
22226,65,14,33,81
22227,65,14,33,81
22228,65,14,33,81
22229,65,14,33,81
22230,65,14,33,81
22231,65,14,33,81
22232,65,14,33,81
22233,65,14,33,81
22234,65,14,33,81
22235,65,14,33,81
22236,65,14,33,81
22237,65,14,33,81
22238,65,14,33,81
22239,65,14,33,81
22240,65,14,33,81
22241,65,14,33,81
22242,65,14,33,81
22243,65,14,33,81
22244,65,14,33,81
22245,65,14,33,81
22246,65,14,33,81
22247,65,14,33,81
22248,65,14,33,81
22249,65,14,33,81
22250,65,14,33,81
22251,65,14,33,81
22252,65,14,33,81
22253,65,14,33,81
22254,65,14,33,81
22255,65,14,33,81
22256,65,14,33,81
22257,65,14,33,81
22258,65,14,33,81
22259,65,14,33,81
22260,65,14,33,81
22261,65,14,33,81
22262,65,14,33,81
22263,65,14,33,81
22264,65,14,33,81
22265,65,14,33,81
22266,65,14,33,81
22267,65,14,33,81
22268,65,14,33,81
22269,65,14,33,81
22270,65,14,33,81
22271,65,14,33,81
22272,65,14,33,81
22273,65,14,33,81
22274,65,14,33,81
22275,65,14,33,81
22276,65,14,33,81
22277,65,14,33,81
22278,65,14,33,81
22279,65,14,33,81
22280,65,14,33,81
22281,65,14,33,81
22282,65,14,33,81
22283,65,14,33,81
22284,65,14,33,81
22285,65,14,33,81
22286,65,14,33,81
22287,65,14,33,81
22288,65,14,33,81
22289,65,14,33,81
22290,65,14,33,81
22291,65,14,33,81
22292,65,14,33,81
22293,65,14,33,81
22294,65,14,33,81
22295,65,14,33,81
22296,65,14,33,81
22297,65,14,33,81
22298,65,14,33,81
22299,65,14,33,81
22300,65,14,33,81
22301,65,14,33,81
22302,65,14,33,81
22303,65,14,33,81
22304,65,14,33,81
22305,65,14,33,81
22306,65,14,33,81
22307,65,14,33,81
22308,65,14,33,81
22309,65,14,33,81
22310,65,14,33,81
22311,65,14,33,81
22312,65,14,33,81
22313,65,14,33,81
22314,65,14,33,81
22315,65,14,33,81
22316,65,14,33,81
22317,65,14,33,81
22318,65,14,33,81
22319,65,14,33,81
22320,65,14,33,81
22321,65,14,33,81
22322,65,14,33,81
22323,65,14,33,81
22324,65,14,33,81
22325,65,14,33,81
22326,65,14,33,81
22327,65,14,33,81
22328,65,14,33,81
22329,65,14,33,81
22330,65,14,33,81
22331,65,14,33,81
22332,65,14,33,81
22333,65,14,33,81
22334,65,14,33,81
22335,65,14,33,81
22336,65,14,33,81
22337,65,14,33,81
22338,65,14,33,81
22339,65,14,33,81
22340,65,14,33,81
22341,65,14,33,81
22342,65,14,33,81
22343,65,14,33,81
22344,65,14,33,81
22345,65,14,33,81
22346,65,14,33,81
22347,65,14,33,81
22348,65,14,33,81
22349,65,14,33,81
22350,65,14,33,81
22351,65,14,33,81
22352,65,14,33,81
22353,65,14,33,81
22354,65,14,33,81
22355,65,14,33,81
22356,65,14,33,81
22357,65,14,33,81
22358,65,14,33,81
22359,65,14,33,81
22360,65,14,33,81
22361,65,14,33,81
22362,65,14,33,81
22363,65,14,33,81
22364,65,14,33,81
22365,65,14,33,81
22366,65,14,33,81
22367,65,14,33,81
22368,65,14,33,81
22369,65,14,33,81
22370,65,14,33,81
22371,65,14,33,81
22372,65,14,33,81
22373,65,14,33,81
22374,65,14,33,81
22375,65,14,33,81
22376,65,14,33,81
22377,65,14,33,81
22378,65,14,33,81
22379,65,14,33,81
22380,65,14,33,81
22381,65,14,33,81
22382,65,14,33,81
22383,65,14,33,81
22384,65,14,33,81
22385,65,14,33,81
22386,65,14,33,81
22387,65,14,33,81
22388,65,14,33,81
22389,65,14,33,81
22390,65,14,33,81
22391,65,14,33,81
22392,65,14,33,81
22393,65,14,33,81
22394,65,14,33,81
22395,65,14,33,81
22396,65,14,33,81
22397,65,14,33,81
22398,65,14,33,81
22399,65,14,33,81
22400,65,14,33,81
22401,65,14,33,81
22402,65,14,33,81
22403,65,14,33,81
22404,65,14,33,81
22405,65,14,33,81
22406,65,14,33,81
22407,65,14,33,81
22408,65,14,33,81
22409,65,14,33,81
22410,65,14,33,81
22411,65,14,33,81
22412,65,14,33,81
22413,65,14,33,81
22414,65,14,33,81
22415,65,14,33,81
22416,65,14,33,81
22417,65,14,33,81
22418,65,14,33,81
22419,65,14,33,81
22420,65,14,33,81
22421,65,14,33,81
22422,65,14,33,81
22423,65,14,33,81
22424,65,14,33,81
22425,65,14,33,81
22426,65,14,33,81
22427,65,14,33,81
22428,65,14,33,81
22429,65,14,33,81
22430,65,14,33,81
22431,65,14,33,81
22432,65,14,33,81
22433,65,14,33,81
22434,65,14,33,81
22435,65,14,33,81
22436,65,14,33,81
22437,65,14,33,81
22438,65,14,33,81
22439,65,14,33,81
22440,65,14,33,81
22441,65,14,33,81
22442,65,14,33,81
22443,65,14,33,81
22444,65,14,33,81
22445,65,14,33,81
22446,65,14,33,81
22447,65,14,33,81
22448,65,14,33,81
22449,65,14,33,81
22450,65,14,33,81
22451,65,14,33,81
22452,65,14,33,81
22453,65,14,33,81
22454,65,14,33,81
22455,65,14,33,81
22456,65,14,33,81
22457,65,14,33,81
22458,65,14,33,81
22459,65,14,33,81
22460,65,14,33,81
22461,65,14,33,81
22462,65,14,33,81
22463,65,14,33,81
22464,65,14,33,81
22465,65,14,33,81
22466,65,14,33,81
22467,65,14,33,81
22468,65,14,33,81
22469,65,14,33,81
22470,65,14,33,81
22471,65,14,33,81
22472,65,14,33,81
22473,65,14,33,81
22474,65,14,33,81
22475,65,14,33,81
22476,65,14,33,81
22477,65,14,33,81
22478,65,14,33,81
22479,65,14,33,81
22480,65,14,33,81
22481,65,14,33,81
22482,65,14,33,81
22483,65,14,33,81
22484,65,14,33,82
22485,65,14,33,82
22486,65,14,33,82
22487,65,14,33,82
22488,65,14,33,82
22489,65,14,33,82
22490,65,14,33,82
22491,65,14,33,82
22492,65,14,33,82
22493,65,14,33,82
22494,65,14,33,82
22495,65,14,33,82
22496,65,14,33,82
22497,65,14,33,82
22498,65,14,33,82
22499,65,14,33,82
22500,65,14,33,82
22501,65,14,33,82
22502,65,14,33,82
22503,65,14,33,82
22504,65,14,33,82
22505,65,14,33,82
22506,65,14,33,82
22507,65,14,33,82
22508,65,14,33,82
22509,65,14,33,82
22510,65,14,33,82
22511,65,14,33,82
22512,65,14,33,82
22513,65,14,33,82
22514,65,14,33,82
22515,65,14,33,82
22516,65,14,33,82
22517,65,14,33,82
22518,65,14,33,82
22519,65,14,33,82
22520,65,14,33,82
22521,65,14,33,82
22522,65,14,33,82
22523,65,14,33,82
22524,65,14,33,82
22525,65,14,33,82
22526,65,14,33,82
22527,65,14,33,82
22528,65,14,33,82
22529,65,14,33,82
22530,65,14,33,82
22531,65,14,33,82
22532,65,14,33,82
22533,65,14,33,82
22534,65,14,33,82
22535,65,14,33,82
22536,65,14,33,82
22537,65,14,33,82
22538,65,14,33,82
22539,65,14,33,82
22540,65,14,33,82
22541,65,14,33,82
22542,65,14,33,82
22543,65,14,33,82
22544,65,14,33,82
22545,65,14,33,82
22546,65,14,33,82
22547,65,14,33,82
22548,65,14,33,82
22549,65,14,33,82
22550,65,14,33,82
22551,65,14,33,82
22552,65,14,33,82
22553,65,14,33,82
22554,65,14,33,82
22555,65,14,33,82
22556,65,14,33,82
22557,65,14,33,82
22558,65,14,33,82
22559,65,14,33,82
22560,65,14,33,82
22561,65,14,33,82
22562,65,14,33,82
22563,65,14,33,82
22564,65,14,33,83
22565,65,14,33,83
22566,65,14,33,83
22567,65,14,33,83
22568,65,14,33,83
22569,65,14,33,83
22570,65,14,33,83
22571,65,14,33,83
22572,65,14,33,83
22573,65,14,33,83
22574,65,14,33,83
22575,65,14,33,83
22576,65,14,33,83
22577,65,14,33,83
22578,65,14,33,83
22579,65,14,33,83
22580,65,14,33,83
22581,65,14,33,83
22582,65,14,33,83
22583,65,14,33,83
22584,65,14,33,83
22585,65,14,33,83
22586,65,14,33,83
22587,65,14,33,83
22588,65,14,33,83
22589,65,14,33,83
22590,65,14,33,83
22591,65,14,33,83
22592,65,14,33,83
22593,65,14,33,83
22594,65,14,33,83
22595,65,14,33,83
22596,65,14,33,83
22597,65,14,33,83
22598,65,14,33,83
22599,65,14,33,83
22600,65,14,33,83
22601,65,14,33,83
22602,65,14,33,83
22603,65,14,33,83
22604,65,14,33,83
22605,65,14,33,83
22606,65,14,33,83
22607,65,14,33,83
22608,65,14,33,83
22609,65,14,33,83
22610,65,14,33,83
22611,65,14,33,83
22612,65,14,33,83
22613,65,14,33,83
22614,65,14,33,83
22615,65,14,33,83
22616,65,14,33,83
22617,65,14,33,83
22618,65,14,33,83
22619,65,14,33,83
22620,65,14,33,83
22621,65,14,33,83
22622,65,14,33,83
22623,65,14,33,83
22624,65,14,33,83
22625,65,14,33,83
22626,65,14,33,83
22627,65,14,33,83
22628,65,14,33,83
22629,65,14,33,83
22630,65,14,33,83
22631,65,14,33,83
22632,65,14,33,83
22633,65,14,33,83
22634,65,14,33,83
22635,65,14,33,83
22636,65,14,33,83
22637,65,14,33,83
22638,65,14,33,83
22639,65,14,33,83
22640,65,14,33,83
22641,65,14,33,83
22642,65,14,33,83
22643,65,14,33,83
22644,65,14,33,83
22645,65,14,33,83
22646,65,14,33,83
22647,65,14,33,83
22648,65,14,33,83
22649,65,14,33,83
22650,65,14,33,83
22651,65,14,33,83
22652,65,14,33,83
22653,65,14,33,83
22654,65,14,33,83
22655,65,14,33,83
22656,65,14,33,83
22657,65,14,33,83
22658,65,14,33,83
22659,65,14,33,83
22660,65,14,33,83
22661,65,14,33,83
22662,65,14,33,83
22663,65,14,33,83
22664,65,14,33,83
22665,65,14,33,83
22666,65,14,33,83
22667,65,14,33,83
22668,65,14,33,83
22669,65,14,33,83
22670,65,14,33,83
22671,65,14,33,83
22672,65,14,33,83
22673,65,14,33,83
22674,65,14,33,83
22675,65,14,33,83
22676,65,14,33,83
22677,65,14,33,83
22678,65,14,33,83
22679,65,14,33,83
22680,65,14,33,83
22681,65,14,33,83
22682,65,14,33,83
22683,65,14,33,83
22684,65,14,33,83
22685,65,14,33,83
22686,65,14,33,83
22687,65,14,33,83
22688,65,14,33,83
22689,65,14,33,83
22690,65,14,33,83
22691,65,14,33,83
22692,65,14,33,83
22693,65,14,33,83
22694,65,14,33,83
22695,65,14,33,83
22696,65,14,33,83
22697,65,14,33,83
22698,65,14,33,83
22699,65,14,33,83
22700,65,14,33,83
22701,65,14,33,83
22702,65,14,33,83
22703,65,14,33,83
22704,65,14,33,83
22705,65,14,33,83
22706,65,14,33,83
22707,65,14,33,83
22708,65,14,33,83
22709,65,14,33,83
22710,65,14,33,83
22711,65,14,33,83
22712,65,14,33,83
22713,65,14,33,83
22714,65,14,33,83
22715,65,14,33,83
22716,65,14,33,83
22717,65,14,33,83
22718,65,14,33,83
22719,65,14,33,83
22720,65,14,33,83
22721,65,14,33,83
22722,65,14,33,83
22723,65,14,33,83
22724,65,14,33,83
22725,65,14,33,83
22726,65,14,33,83
22727,65,14,33,83
22728,65,14,33,83
22729,65,14,33,83
22730,65,14,33,83
22731,65,14,33,83
22732,65,14,33,83
22733,65,14,33,83
22734,65,14,33,83
22735,65,14,33,83
22736,65,14,33,83
22737,65,14,33,83
22738,65,14,33,83
22739,65,14,33,83
22740,65,14,33,83
22741,65,14,33,83
22742,65,14,33,83
22743,65,14,33,83
22744,65,14,33,83
22745,65,14,33,83
22746,65,14,33,83
22747,65,14,33,83
22748,65,14,33,83
22749,65,14,33,83
22750,65,14,33,83
22751,65,14,33,83
22752,65,14,33,83
22753,65,14,33,83
22754,65,14,33,83
22755,65,14,33,83
22756,65,14,33,83
22757,65,14,33,83
22758,65,14,33,83
22759,65,14,33,83
22760,65,14,33,83
22761,65,14,33,83
22762,65,14,33,83
22763,65,14,33,83
22764,65,14,33,83
22765,65,14,33,83
22766,65,14,33,83
22767,65,14,33,83
22768,65,14,33,83
22769,65,14,33,83
22770,65,14,33,83
22771,65,14,33,83
22772,65,14,33,83
22773,65,14,33,83
22774,65,14,33,83
22775,65,14,33,83
22776,65,14,33,83
22777,65,14,33,83
22778,65,14,33,83
22779,65,14,33,83
22780,65,14,33,83
22781,65,14,33,83
22782,65,14,33,83
22783,65,14,33,83
22784,65,14,33,83
22785,65,14,33,83
22786,65,14,33,83
22787,65,14,33,83
22788,65,14,33,83
22789,65,14,33,83
22790,65,14,33,83
22791,65,14,33,83
22792,65,14,33,83
22793,65,14,33,83
22794,65,14,33,83
22795,65,14,33,83
22796,65,14,33,83
22797,65,14,33,83
22798,65,14,33,83
22799,65,14,33,83
22800,65,14,33,83
22801,65,14,33,83
22802,65,14,33,83
22803,65,14,33,83
22804,65,14,33,83
22805,65,14,33,83
22806,65,14,33,83
22807,65,14,33,83
22808,65,14,33,83
22809,65,14,33,83
22810,65,14,33,83
22811,65,14,33,83
22812,65,14,33,83
22813,65,14,33,83
22814,65,14,33,83
22815,65,14,33,83
22816,65,14,33,83
22817,65,14,33,83
22818,65,14,33,83
22819,65,14,33,83
22820,65,14,33,83
22821,65,14,33,83
22822,65,14,33,83
22823,65,14,33,83
22824,65,14,33,83
22825,65,14,33,83
22826,65,14,33,83
22827,65,14,33,83
22828,65,14,33,83
22829,65,14,33,83
22830,65,14,33,83
22831,65,14,33,83
22832,65,14,33,83
22833,65,14,33,83
22834,65,14,33,83
22835,65,14,33,83
22836,65,14,33,83
22837,65,14,33,83
22838,65,14,33,83
22839,65,14,33,83
22840,65,14,33,83
22841,65,14,33,83
22842,65,14,33,83
22843,65,14,33,83
22844,65,14,33,83
22845,65,14,33,83
22846,65,14,33,83
22847,65,14,33,83
22848,65,14,33,83
22849,65,14,33,83
22850,65,14,33,83
22851,65,14,33,83
22852,65,14,33,83
22853,65,14,33,83
22854,65,14,33,83
22855,65,14,33,83
22856,65,14,33,83
22857,65,14,33,83
22858,65,14,33,83
22859,65,14,33,83
22860,65,14,33,83
22861,65,14,33,83
22862,65,14,33,83
22863,65,14,33,83
22864,65,14,33,83
22865,65,14,33,83
22866,65,14,33,83
22867,65,14,33,83
22868,65,14,33,83
22869,65,14,33,83
22870,65,14,33,83
22871,65,14,33,83
22872,65,14,33,83
22873,65,14,33,83
22874,65,14,33,83
22875,65,14,33,83
22876,65,14,33,83
22877,65,14,33,83
22878,65,14,33,83
22879,65,14,33,83
22880,65,14,33,83
22881,65,14,33,83
22882,65,14,33,83
22883,65,14,33,83
22884,65,14,33,83
22885,65,14,33,84
22886,65,14,33,84
22887,65,14,33,84
22888,65,14,33,84
22889,65,14,33,84
22890,65,14,33,84
22891,65,14,33,84
22892,65,14,33,84
22893,65,14,33,84
22894,65,14,33,84
22895,65,14,33,84
22896,65,14,33,84
22897,65,14,33,84
22898,65,14,33,84
22899,65,14,33,84
22900,65,14,33,84
22901,65,14,33,84
22902,65,14,33,84
22903,65,14,33,84
22904,65,14,33,84
22905,65,14,33,84
22906,65,14,33,84
22907,65,14,33,84
22908,65,14,33,84
22909,65,14,33,84
22910,65,14,33,84
22911,65,14,33,84
22912,65,14,33,84
22913,65,14,33,84
22914,65,14,33,84
22915,65,14,33,84
22916,65,14,33,84
22917,65,14,33,84
22918,65,14,33,84
22919,65,14,33,84
22920,65,14,33,84
22921,65,14,33,84
22922,65,14,33,84
22923,65,14,33,84
22924,65,14,33,84
22925,65,14,33,84
22926,65,14,33,84
22927,65,14,33,84
22928,65,14,33,84
22929,65,14,33,84
22930,65,14,33,84
22931,65,14,33,84
22932,65,14,33,84
22933,65,14,33,84
22934,65,14,33,84
22935,65,14,33,84
22936,65,14,33,84
22937,65,14,33,84
22938,65,14,33,84
22939,65,14,33,84
22940,65,14,33,84
22941,65,14,33,84
22942,65,14,33,84
22943,65,14,33,84
22944,65,14,33,84
22945,65,14,33,84
22946,65,14,33,84
22947,65,14,33,84
22948,65,14,33,84
22949,65,14,33,84
22950,65,14,33,84
22951,65,14,33,84
22952,65,14,33,84
22953,65,14,33,84
22954,65,14,33,84
22955,65,14,33,84
22956,65,14,33,84
22957,65,14,33,84
22958,65,14,33,84
22959,65,14,33,84
22960,65,14,33,84
22961,65,14,33,84
22962,65,14,33,84
22963,65,14,33,84
22964,65,14,33,84
22965,65,14,33,84
22966,65,14,33,84
22967,65,14,33,84
22968,65,14,33,84
22969,65,14,33,84
22970,65,14,33,84
22971,65,14,33,84
22972,65,14,33,84
22973,65,14,33,84
22974,65,14,33,84
22975,65,14,33,84
22976,65,14,33,84
22977,65,14,33,84
22978,65,14,33,84
22979,65,14,33,84
22980,65,14,33,84
22981,65,14,33,84
22982,65,14,33,84
22983,65,14,33,84
22984,65,14,33,84
22985,65,14,33,84
22986,65,14,33,84
22987,65,14,33,84
22988,65,14,33,84
22989,65,14,33,84
22990,65,14,33,84
22991,65,14,33,84
22992,65,14,33,84
22993,65,14,33,84
22994,65,14,33,84
22995,65,14,33,84
22996,65,14,33,84
22997,65,14,33,84
22998,65,14,33,84
22999,65,14,33,84
23000,65,14,33,84
23001,65,14,33,84
23002,65,14,33,84
23003,65,14,33,84
23004,65,14,33,84
23005,65,14,33,84
23006,65,14,33,84
23007,65,14,33,84
23008,65,14,33,84
23009,65,14,33,84
23010,65,14,33,84
23011,65,14,33,84
23012,65,14,33,84
23013,65,14,33,84
23014,65,14,33,84
23015,65,14,33,84
23016,65,14,33,84
23017,65,14,33,84
23018,65,14,33,84
23019,65,14,33,84
23020,65,14,33,84
23021,65,14,33,84
23022,65,14,33,84
23023,65,14,33,84
23024,65,14,33,84
23025,65,14,33,84
23026,65,14,33,84
23027,65,14,33,84
23028,65,14,33,84
23029,65,14,33,84
23030,65,14,33,84
23031,65,14,33,84
23032,65,14,33,84
23033,65,14,33,84
23034,65,14,33,84
23035,65,14,33,84
23036,65,14,33,84
23037,65,14,33,84
23038,65,14,33,84
23039,65,14,33,84
23040,65,14,33,84
23041,65,14,33,84
23042,65,14,33,84
23043,65,14,33,84
23044,65,14,33,84
23045,65,14,33,84
23046,65,14,33,84
23047,65,14,33,84
23048,65,14,33,84
23049,65,14,33,84
23050,65,14,33,84
23051,65,14,33,84
23052,65,14,33,84
23053,65,14,33,84
23054,65,14,33,84
23055,65,14,33,84
23056,65,14,33,84
23057,65,14,33,84
23058,65,14,33,84
23059,65,14,33,84
23060,65,14,33,84
23061,65,14,33,84
23062,65,14,33,84
23063,65,14,33,84
23064,65,14,33,84
23065,65,14,33,84
23066,65,14,33,84
23067,65,14,33,84
23068,65,14,33,84
23069,65,14,33,84
23070,65,14,33,84
23071,65,14,33,84
23072,65,14,33,84
23073,65,14,33,84
23074,65,14,33,84
23075,65,14,33,84
23076,65,14,33,84
23077,65,14,33,84
23078,65,14,33,84
23079,65,14,33,84
23080,65,14,33,84
23081,65,14,33,84
23082,65,14,33,84
23083,65,14,33,84
23084,65,14,33,84
23085,65,14,33,84
23086,65,14,33,84
23087,65,14,33,84
23088,65,14,33,84
23089,65,14,33,84
23090,65,14,33,84
23091,65,14,33,84
23092,65,14,33,84
23093,65,14,33,84
23094,65,14,33,84
23095,65,14,33,84
23096,65,14,33,84
23097,65,14,33,84
23098,65,14,33,84
23099,65,14,33,84
23100,65,14,33,84
23101,65,14,33,84
23102,65,14,33,84
23103,65,14,33,84
23104,65,14,33,84
23105,65,14,33,84
23106,65,14,33,84
23107,65,14,33,84
23108,65,14,33,84
23109,65,14,33,84
23110,65,14,33,84
23111,65,14,33,84
23112,65,14,33,84
23113,65,14,33,84
23114,65,14,33,84
23115,65,14,33,84
23116,65,14,33,84
23117,65,14,33,84
23118,65,14,33,84
23119,65,14,33,84
23120,65,14,33,84
23121,65,14,33,84
23122,65,14,33,84
23123,65,14,33,84
23124,65,14,33,84
23125,65,14,33,84
23126,65,14,33,84
23127,65,14,33,84
23128,65,14,33,84
23129,65,14,33,84
23130,65,14,33,84
23131,65,14,33,84
23132,65,14,33,84
23133,65,14,33,84
23134,65,14,33,84
23135,65,14,33,84
23136,65,14,33,84
23137,65,14,33,84
23138,65,14,33,84
23139,65,14,33,84
23140,65,14,33,84
23141,65,14,33,84
23142,65,14,33,84
23143,65,14,33,84
23144,65,14,33,84
23145,65,14,33,84
23146,65,14,33,84
23147,65,14,33,84
23148,65,14,33,84
23149,65,14,33,84
23150,65,14,33,84
23151,65,14,33,84
23152,65,14,33,84
23153,65,14,33,84
23154,65,14,33,84
23155,65,14,33,84
23156,65,14,33,84
23157,65,14,33,84
23158,65,14,33,84
23159,65,14,33,84
23160,65,14,33,84
23161,65,14,33,84
23162,65,14,33,84
23163,65,14,33,84
23164,65,14,33,84
23165,65,14,33,84
23166,65,14,33,84
23167,65,14,33,84
23168,65,14,33,84
23169,65,14,33,84
23170,65,14,33,84
23171,65,14,33,84
23172,65,14,33,84
23173,65,14,33,84
23174,65,14,33,84
23175,65,14,33,84
23176,65,14,33,84
23177,65,14,33,84
23178,65,14,33,84
23179,65,14,33,84
23180,65,14,33,84
23181,65,14,33,84
23182,65,14,33,84
23183,65,14,33,84
23184,65,14,33,84
23185,65,14,33,84
23186,65,14,33,84
23187,65,14,33,84
23188,65,14,33,84
23189,65,14,33,84
23190,65,14,33,84
23191,65,14,33,84
23192,65,14,33,84
23193,65,14,33,84
23194,65,14,33,84
23195,65,14,33,84
23196,65,14,33,84
23197,65,14,33,84
23198,65,14,33,84
23199,65,14,33,84
23200,65,14,33,84
23201,65,14,33,84
23202,65,14,33,84
23203,65,14,33,84
23204,65,14,33,84
23205,65,14,33,84
23206,65,14,33,84
23207,65,14,33,84
23208,65,14,33,84
23209,65,14,33,84
23210,65,14,33,84
23211,65,14,33,84
23212,65,14,33,84
23213,65,14,33,84
23214,65,14,33,84
23215,65,14,33,84
23216,65,14,33,84
23217,65,14,33,84
23218,65,14,33,84
23219,65,14,33,84
23220,65,14,33,84
23221,65,14,33,84
23222,65,14,33,84
23223,65,14,33,84
23224,65,14,33,84
23225,65,14,33,84
23226,65,14,33,84
23227,65,14,33,84
23228,65,14,33,84
23229,65,14,33,84
23230,65,14,33,84
23231,65,14,33,84
23232,65,14,33,84
23233,65,14,33,84
23234,65,14,33,84
23235,65,14,33,84
23236,65,14,33,84
23237,65,14,33,84
23238,65,14,33,84
23239,65,14,33,84
23240,65,14,33,84
23241,65,14,33,84
23242,65,14,33,84
23243,65,14,33,84
23244,65,14,33,84
23245,65,14,33,84
23246,65,14,33,84
23247,65,14,33,84
23248,65,14,33,84
23249,65,14,33,84
23250,65,14,33,84
23251,65,14,33,84
23252,65,14,33,84
23253,65,14,33,84
23254,65,14,33,84
23255,65,14,33,84
23256,65,14,33,84
23257,65,14,33,84
23258,65,14,33,84
23259,65,14,33,84
23260,65,14,33,84
23261,65,14,33,84
23262,65,14,33,84
23263,65,14,33,84
23264,65,14,33,84
23265,65,14,33,84
23266,65,14,33,84
23267,65,14,33,84
23268,65,14,33,84
23269,65,14,33,84
23270,65,14,33,84
23271,65,14,33,84
23272,65,14,33,84
23273,65,14,33,84
23274,65,14,33,84
23275,65,14,33,85
23276,65,14,33,85
23277,65,14,33,85
23278,65,14,33,85
23279,65,14,33,85
23280,65,14,33,85
23281,65,14,33,85
23282,65,14,33,85
23283,65,14,33,85
23284,65,14,33,85
23285,65,14,33,85
23286,65,14,33,85
23287,65,14,33,85
23288,65,14,33,85
23289,65,14,33,85
23290,65,14,33,85
23291,65,14,33,85
23292,65,14,33,85
23293,65,14,33,85
23294,65,14,33,85
23295,65,14,33,85
23296,65,14,33,85
23297,65,14,33,85
23298,65,14,33,85
23299,65,14,33,85
23300,65,14,33,85
23301,65,14,33,85
23302,65,14,33,85
23303,65,14,33,85
23304,65,14,33,85
23305,65,14,33,85
23306,65,14,33,85
23307,65,14,33,85
23308,65,14,33,85
23309,65,14,33,85
23310,65,14,33,85
23311,65,14,33,85
23312,65,14,33,85
23313,65,14,33,85
23314,65,14,33,85
23315,65,14,33,85
23316,65,14,33,85
23317,65,14,33,85
23318,65,14,33,85
23319,65,14,33,85
23320,65,14,33,85
23321,65,14,33,85
23322,65,14,33,85
23323,65,14,33,85
23324,65,14,33,85
23325,65,14,33,85
23326,65,14,33,85
23327,65,14,33,85
23328,65,14,33,85
23329,65,14,33,85
23330,65,14,33,85
23331,65,14,33,85
23332,65,14,33,85
23333,65,14,33,85
23334,65,14,33,85
23335,65,14,33,85
23336,65,14,33,85
23337,65,14,33,85
23338,65,14,33,85
23339,65,14,33,85
23340,65,14,33,85
23341,65,14,33,85
23342,65,14,33,85
23343,65,14,33,85
23344,65,14,33,85
23345,65,14,33,85
23346,65,14,33,85
23347,65,14,33,85
23348,65,14,33,85
23349,65,14,33,85
23350,65,14,33,85
23351,65,14,33,85
23352,65,14,33,85
23353,65,14,33,85
23354,65,14,33,85
23355,65,14,33,85
23356,65,14,33,85
23357,65,14,33,85
23358,65,14,33,85
23359,65,14,33,85
23360,65,14,33,85
23361,65,14,33,85
23362,65,14,33,85
23363,65,14,33,85
23364,65,14,33,85
23365,65,14,33,85
23366,65,14,33,85
23367,65,14,33,85
23368,65,14,33,85
23369,65,14,33,85
23370,65,14,33,85
23371,65,14,33,85
23372,65,14,33,85
23373,65,14,33,85
23374,65,14,33,85
23375,65,14,33,85
23376,65,14,33,85
23377,65,14,33,85
23378,65,14,33,85
23379,65,14,33,85
23380,65,14,33,85
23381,65,14,33,85
23382,65,14,33,85
23383,65,14,33,85
23384,65,14,33,85
23385,65,14,33,85
23386,65,14,33,85
23387,65,14,33,85
23388,65,14,33,85
23389,65,14,33,85
23390,65,14,33,85
23391,65,14,33,85
23392,65,14,33,85
23393,65,14,33,85
23394,65,14,33,85
23395,65,14,33,85
23396,65,14,33,85
23397,65,14,33,85
23398,65,14,33,85
23399,65,14,33,85
23400,65,14,33,85
23401,65,14,33,85
23402,65,14,33,85
23403,65,14,33,85
23404,65,14,33,85
23405,65,14,33,85
23406,65,14,33,85
23407,65,14,33,85
23408,65,14,33,85
23409,65,14,33,85
23410,65,14,33,85
23411,65,14,33,85
23412,65,14,33,85
23413,65,14,33,85
23414,65,14,33,85
23415,65,14,33,85
23416,65,14,33,85
23417,65,14,33,85
23418,65,14,33,85
23419,65,14,33,85
23420,65,14,33,85
23421,65,14,33,85
23422,65,14,33,85
23423,65,14,33,85
23424,65,14,33,85
23425,65,14,33,85
23426,65,14,33,85
23427,65,14,33,85
23428,65,14,33,85
23429,65,14,33,85
23430,65,14,33,85
23431,65,14,33,85
23432,65,14,33,85
23433,65,14,33,85
23434,65,14,33,85
23435,65,14,33,85
23436,65,14,33,85
23437,65,14,33,85
23438,65,14,33,85
23439,65,14,33,85
23440,65,14,33,85
23441,65,14,33,85
23442,65,14,33,85
23443,65,14,33,85
23444,65,14,33,85
23445,65,14,33,85
23446,65,14,33,85
23447,65,14,33,85
23448,65,14,33,85
23449,65,14,33,85
23450,65,14,33,85
23451,65,14,33,85
23452,65,14,33,85
23453,65,14,33,85
23454,65,14,33,85
23455,65,14,33,85
23456,65,14,33,85
23457,65,14,33,85
23458,65,14,33,85
23459,65,14,33,85
23460,65,14,33,85
23461,65,14,33,85
23462,65,14,33,85
23463,65,14,33,85
23464,65,14,33,85
23465,65,14,33,85
23466,65,14,33,85
23467,65,14,33,85
23468,65,14,33,85
23469,65,14,33,85
23470,65,14,33,85
23471,65,14,33,85
23472,65,14,33,85
23473,65,14,33,85
23474,65,14,33,85
23475,65,14,33,85
23476,65,14,33,85
23477,65,14,33,85
23478,65,14,33,85
23479,65,14,33,85
23480,65,14,33,85
23481,65,14,33,85
23482,65,14,33,85
23483,65,14,33,85
23484,65,14,33,85
23485,65,14,33,85
23486,65,14,33,85
23487,65,14,33,85
23488,65,14,33,85
23489,65,14,33,85
23490,65,14,33,85
23491,65,14,33,85
23492,65,14,33,85
23493,65,14,33,85
23494,65,14,33,85
23495,65,14,33,85
23496,65,14,33,85
23497,65,14,33,85
23498,65,14,33,85
23499,65,14,33,85
23500,65,14,33,85
23501,65,14,33,85
23502,65,14,33,85
23503,65,14,33,85
23504,65,14,33,85
23505,65,14,33,85
23506,65,14,33,85
23507,65,14,33,85
23508,65,14,33,85
23509,65,14,33,85
23510,65,14,33,85
23511,65,14,33,85
23512,65,14,33,85
23513,65,14,33,85
23514,65,14,33,85
23515,65,14,33,85
23516,65,14,33,85
23517,65,14,33,85
23518,65,14,33,85
23519,65,14,33,85
23520,65,14,33,85
23521,65,14,33,85
23522,65,14,33,85
23523,65,14,33,85
23524,65,14,33,85
23525,65,14,33,85
23526,65,14,33,85
23527,65,14,33,85
23528,65,14,33,85
23529,65,14,33,85
23530,65,14,33,85
23531,65,14,33,85
23532,65,14,33,85
23533,65,14,33,85
23534,65,14,33,85
23535,65,14,33,85
23536,65,14,33,85
23537,65,14,33,85
23538,65,14,33,85
23539,65,14,33,85
23540,65,14,33,85
23541,65,14,33,85
23542,65,14,33,85
23543,65,14,33,85
23544,65,14,33,85
23545,65,14,33,85
23546,65,14,33,85
23547,65,14,33,85
23548,65,14,33,85
23549,65,14,33,85
23550,65,14,33,85
23551,65,14,33,85
23552,65,14,33,85
23553,65,14,33,85
23554,65,14,33,85
23555,65,14,33,85
23556,65,14,33,85
23557,65,14,33,85
23558,65,14,33,85
23559,65,14,33,85
23560,65,14,33,85
23561,65,14,33,85
23562,65,14,33,85
23563,65,14,33,85
23564,65,14,33,85
23565,65,14,33,85
23566,65,14,33,85
23567,65,14,33,85
23568,65,14,33,85
23569,65,14,33,85
23570,65,14,33,85
23571,65,14,33,85
23572,65,14,33,85
23573,65,14,33,85
23574,65,14,33,85
23575,65,14,33,85
23576,65,14,33,85
23577,65,14,33,85
23578,65,14,33,85
23579,65,14,33,85
23580,65,14,33,85
23581,65,14,33,85
23582,65,14,33,85
23583,65,14,33,85
23584,65,14,33,85
23585,65,14,33,85
23586,65,14,33,85
23587,65,14,33,85
23588,65,14,33,85
23589,65,14,33,85
23590,65,14,33,85
23591,65,14,33,85
23592,65,14,33,85
23593,65,14,33,85
23594,65,14,33,85
23595,65,14,33,85
23596,65,14,33,85
23597,65,14,33,85
23598,65,14,33,85
23599,65,14,33,85
23600,65,14,33,85
23601,65,14,33,85
23602,65,14,33,85
23603,65,14,33,85
23604,65,14,33,85
23605,65,14,33,85
23606,65,14,33,85
23607,65,14,33,85
23608,65,14,33,85
23609,65,14,33,85
23610,65,14,33,85
23611,65,14,33,85
23612,65,14,33,85
23613,65,14,33,85
23614,65,14,33,85
23615,65,14,33,85
23616,65,14,33,85
23617,65,14,33,85
23618,65,14,33,85
23619,65,14,33,85
23620,65,14,33,85
23621,65,14,33,85
23622,65,14,33,85
23623,65,14,33,85
23624,65,14,33,85
23625,65,14,33,85
23626,65,14,33,85
23627,65,14,33,85
23628,65,14,33,85
23629,65,14,33,85
23630,65,14,33,85
23631,65,14,33,85
23632,65,14,33,85
23633,65,14,33,85
23634,65,14,33,85
23635,65,14,33,85
23636,65,14,33,85
23637,65,14,33,85
23638,65,14,33,85
23639,65,14,33,85
23640,65,14,33,85
23641,65,14,33,85
23642,65,14,33,85
23643,65,14,33,85
23644,65,14,33,85
23645,65,14,33,85
23646,65,14,33,85
23647,65,14,33,85
23648,65,14,33,85
23649,65,14,33,85
23650,65,14,33,85
23651,65,14,33,85
23652,65,14,33,85
23653,65,14,33,85
23654,65,14,33,85
23655,65,14,33,85
23656,65,14,33,85
23657,65,14,33,85
23658,65,14,33,85
23659,65,14,33,85
23660,65,14,33,85
23661,65,14,33,85
23662,65,14,33,85
23663,65,14,33,85
23664,65,14,33,85
23665,65,14,33,85
23666,65,14,33,85
23667,65,14,33,85
23668,65,14,33,85
23669,65,14,33,85
23670,65,14,33,85
23671,65,14,33,85
23672,65,14,33,85
23673,65,14,33,85
23674,65,14,33,85
23675,65,14,33,85
23676,65,14,33,85
23677,65,14,33,85
23678,65,14,33,85
23679,65,14,33,85
23680,65,14,33,85
23681,65,14,33,85
23682,65,14,33,85
23683,65,14,33,85
23684,65,14,33,85
23685,65,14,33,85
23686,65,14,33,85
23687,65,14,33,85
23688,65,14,33,85
23689,65,14,33,85
23690,65,14,33,85
23691,65,14,33,85
23692,65,14,33,85
23693,65,14,33,85
23694,65,14,33,85
23695,65,14,33,85
23696,65,14,33,85
23697,65,14,33,85
23698,65,14,33,85
23699,65,14,33,85
23700,65,14,33,85
23701,65,14,33,85
23702,65,14,33,85
23703,65,14,33,85
23704,65,14,33,85
23705,65,14,33,85
23706,65,14,33,85
23707,65,14,33,85
23708,65,14,33,85
23709,65,14,33,85
23710,65,14,33,85
23711,65,14,33,85
23712,65,14,33,85
23713,65,14,33,85
23714,65,14,33,85
23715,65,14,33,85
23716,65,14,33,85
23717,65,14,33,85
23718,65,14,33,85
23719,65,14,33,85
23720,65,14,33,85
23721,65,14,33,85
23722,65,14,33,85
23723,65,14,33,85
23724,65,14,33,85
23725,65,14,33,85
23726,65,14,33,85
23727,65,14,33,85
23728,65,14,33,85
23729,65,14,33,85
23730,65,14,33,85
23731,65,14,33,85
23732,65,14,33,85
23733,65,14,33,85
23734,65,14,33,85
23735,65,14,33,85
23736,65,14,33,85
23737,65,14,33,85
23738,65,14,33,85
23739,65,14,33,85
23740,65,14,33,85
23741,65,14,33,85
23742,65,14,33,85
23743,65,14,33,85
23744,65,14,33,85
23745,65,14,33,85
23746,65,14,33,85
23747,65,14,33,85
23748,65,14,33,85
23749,65,14,33,85
23750,65,14,33,85
23751,65,14,33,85
23752,65,14,33,85
23753,65,14,33,85
23754,65,14,33,85
23755,65,14,33,85
23756,65,14,33,85
23757,65,14,33,85
23758,65,14,33,85
23759,65,14,33,85
23760,65,14,33,85
23761,65,14,33,85
23762,65,14,33,85
23763,65,14,33,85
23764,65,14,33,85
23765,65,14,33,85
23766,65,14,33,85
23767,65,14,33,85
23768,65,14,33,85
23769,65,14,33,85
23770,65,14,33,85
23771,65,14,33,85
23772,65,14,33,85
23773,65,14,33,85
23774,65,14,33,85
23775,65,14,33,85
23776,65,14,33,85
23777,65,14,33,85
23778,65,14,33,85
23779,65,14,33,85
23780,65,14,33,85
23781,65,14,33,85
23782,65,14,33,85
23783,65,14,33,85
23784,65,14,33,85
23785,65,14,33,85
23786,65,14,33,85
23787,65,14,33,85
23788,65,14,33,85
23789,65,14,33,85
23790,65,14,33,85
23791,65,14,33,85
23792,65,14,33,85
23793,65,14,33,85
23794,65,14,33,85
23795,65,14,33,85
23796,65,14,33,85
23797,65,14,33,85
23798,65,14,33,85
23799,65,14,33,85
23800,65,14,33,85
23801,65,14,33,85
23802,65,14,33,85
23803,65,14,33,85
23804,65,14,33,85
23805,65,14,33,85
23806,65,14,33,85
23807,65,14,33,85
23808,65,14,33,85
23809,65,14,33,85
23810,65,14,33,85
23811,65,14,33,85
23812,65,14,33,85
23813,65,14,33,85
23814,65,14,33,85
23815,65,14,33,85
23816,65,14,33,85
23817,65,14,33,85
23818,65,14,33,85
23819,65,14,33,85
23820,65,14,33,85
23821,65,14,33,85
23822,65,14,33,85
23823,65,14,33,85
23824,65,14,33,85
23825,65,14,33,85
23826,65,14,33,85
23827,65,14,33,85
23828,65,14,33,85
23829,65,14,33,85
23830,65,14,33,85
23831,65,14,33,85
23832,65,14,33,85
23833,65,14,33,85
23834,65,14,33,85
23835,65,14,33,85
23836,65,14,33,85
23837,65,14,33,85
23838,65,14,33,85
23839,65,14,33,85
23840,65,14,33,85
23841,65,14,33,85
23842,65,14,33,85
23843,65,14,33,85
23844,65,14,33,85
23845,65,14,33,85
23846,65,14,33,85
23847,65,14,33,85
23848,65,14,33,85
23849,65,14,33,85
23850,65,14,33,85
23851,65,14,33,85
23852,65,14,33,85
23853,65,14,33,85
23854,65,14,33,85
23855,65,14,33,85
23856,65,14,33,85
23857,65,14,33,85
23858,65,14,33,85
23859,65,14,33,85
23860,65,14,33,85
23861,65,14,33,85
23862,65,14,33,85
23863,65,14,33,85
23864,65,14,33,85
23865,65,14,33,85
23866,65,14,33,85
23867,65,14,33,85
23868,65,14,33,85
23869,65,14,33,85
23870,65,14,33,85
23871,65,14,33,85
23872,65,14,33,85
23873,65,14,33,85
23874,65,14,33,85
23875,65,14,33,85
23876,65,14,33,85
23877,65,14,33,85
23878,65,14,33,85
23879,65,14,33,85
23880,65,14,33,85
23881,65,14,33,85
23882,65,14,33,85
23883,65,14,33,85
23884,65,14,33,85
23885,65,14,33,85
23886,65,14,33,85
23887,65,14,33,85
23888,65,14,33,85
23889,65,14,33,85
23890,65,14,33,85
23891,65,14,33,85
23892,65,14,33,85
23893,65,14,33,85
23894,65,14,33,85
23895,65,14,33,85
23896,65,14,33,85
23897,65,14,33,85
23898,65,14,33,85
23899,65,14,33,85
23900,65,14,33,85
23901,65,14,33,85
23902,65,14,33,85
23903,65,14,33,85
23904,65,14,33,85
23905,65,14,33,85
23906,65,14,33,85
23907,65,14,33,85
23908,65,14,33,85
23909,65,14,33,85
23910,65,14,33,85
23911,65,14,33,85
23912,65,14,33,85
23913,65,14,33,85
23914,65,14,33,85
23915,65,14,33,85
23916,65,14,33,85
23917,65,14,33,85
23918,65,14,33,85
23919,65,14,33,85
23920,65,14,33,85
23921,65,14,33,85
23922,65,14,33,85
23923,65,14,33,85
23924,65,14,33,85
23925,65,14,33,85
23926,65,14,33,85
23927,65,14,33,85
23928,65,14,33,85
23929,65,14,33,85
23930,65,14,33,85
23931,65,14,33,85
23932,65,14,33,85
23933,65,14,33,85
23934,65,14,33,85
23935,65,14,33,85
23936,65,14,33,85
23937,65,14,33,85
23938,65,14,33,85
23939,65,14,33,85
23940,65,14,33,85
23941,65,14,33,85
23942,65,14,33,85
23943,65,14,33,85
23944,65,14,33,85
23945,65,14,33,85
23946,65,14,33,85
23947,65,14,33,85
23948,65,14,33,85
23949,65,14,33,85
23950,65,14,33,85
23951,65,14,33,85
23952,65,14,33,85
23953,65,14,33,85
23954,65,14,33,85
23955,65,14,33,85
23956,65,14,33,85
23957,65,14,33,85
23958,65,14,33,85
23959,65,14,33,85
23960,65,14,33,85
23961,65,14,33,85
23962,65,14,33,85
23963,65,14,33,85
23964,65,14,33,85
23965,65,14,33,85
23966,65,14,33,85
23967,65,14,33,85
23968,65,14,33,85
23969,65,14,33,85
23970,65,14,33,85
23971,65,14,33,85
23972,65,14,33,85
23973,65,14,33,85
23974,65,14,33,85
23975,65,14,33,85
23976,65,14,33,85
23977,65,14,33,85
23978,65,14,33,85
23979,65,14,33,85
23980,65,14,33,85
23981,65,14,33,85
23982,65,14,33,85
23983,65,14,33,85
23984,65,14,33,85
23985,65,14,33,85
23986,65,14,33,85
23987,65,14,33,85
23988,65,14,33,85
23989,65,14,33,85
23990,65,14,33,85
23991,65,14,33,85
23992,65,14,33,85
23993,65,14,33,85
23994,65,14,33,85
23995,65,14,33,85
23996,65,14,33,85
23997,65,14,33,85
23998,65,14,33,85
23999,65,14,33,85
24000,65,14,33,85
24001,65,14,33,85
24002,65,14,33,85
24003,65,14,33,85
24004,65,14,33,85
24005,65,14,33,85
24006,65,14,33,85
24007,65,14,33,85
24008,65,14,33,85
24009,65,14,33,85
24010,65,14,33,85
24011,65,14,33,85
24012,65,14,33,85
24013,65,14,33,85
24014,65,14,33,85
24015,65,14,33,85
24016,65,14,33,85
24017,65,14,33,85
24018,65,14,33,85
24019,65,14,33,85
24020,65,14,33,85
24021,65,14,33,85
24022,65,14,33,85
24023,65,14,33,85
24024,65,14,33,85
24025,65,14,33,85
24026,65,14,33,85
24027,65,14,33,85
24028,65,14,33,85
24029,65,14,33,85
24030,65,14,33,85
24031,65,14,33,85
24032,65,14,33,85
24033,65,14,33,85
24034,65,14,33,85
24035,65,14,33,85
24036,65,14,33,85
24037,65,14,33,85
24038,65,14,33,85
24039,65,14,33,85
24040,65,14,33,85
24041,65,14,33,85
24042,65,14,33,85
24043,65,14,33,85
24044,65,14,33,85
24045,65,14,33,85
24046,65,14,33,85
24047,65,14,33,85
24048,65,14,33,85
24049,65,14,33,85
24050,65,14,33,85
24051,65,14,33,85
24052,65,14,33,85
24053,65,14,33,85
24054,65,14,33,85
24055,65,14,33,85
24056,65,14,33,85
24057,65,14,33,85
24058,65,14,33,85
24059,65,14,33,85
24060,65,14,33,85
24061,65,14,33,85
24062,65,14,33,85
24063,65,14,33,85
24064,65,14,33,85
24065,65,14,33,85
24066,65,14,33,85
24067,65,14,33,85
24068,65,14,33,85
24069,65,14,33,85
24070,65,14,33,85
24071,65,14,33,85
24072,65,14,33,85
24073,65,14,33,85
24074,65,14,33,85
24075,65,14,33,85
24076,65,14,33,85
24077,65,14,33,85
24078,65,14,33,85
24079,65,14,33,85
24080,65,14,33,85
24081,65,14,33,85
24082,65,14,33,85
24083,65,14,33,85
24084,65,14,33,85
24085,65,14,33,85
24086,65,14,33,85
24087,65,14,33,85
24088,65,14,33,85
24089,65,14,33,85
24090,65,14,33,85
24091,65,14,33,85
24092,65,14,33,85
24093,65,14,33,85
24094,65,14,33,85
24095,65,14,33,85
24096,65,14,33,85
24097,65,14,33,85
24098,65,14,33,85
24099,65,14,33,85
24100,65,14,33,85
24101,65,14,33,85
24102,65,14,33,85
24103,65,14,33,85
24104,65,14,33,85
24105,65,14,33,85
24106,65,14,33,85
24107,65,14,33,85
24108,65,14,33,85
24109,65,14,33,85
24110,65,14,33,85
24111,65,14,33,85
24112,65,14,33,85
24113,65,14,33,85
24114,65,14,33,85
24115,65,14,33,85
24116,65,14,33,85
24117,65,14,33,85
24118,65,14,33,85
24119,65,14,33,85
24120,65,14,33,85
24121,65,14,33,85
24122,65,14,33,85
24123,65,14,33,85
24124,65,14,33,85
24125,65,14,33,85
24126,65,14,33,85
24127,65,14,33,85
24128,65,14,33,85
24129,65,14,33,85
24130,65,14,33,85
24131,65,14,33,85
24132,65,14,33,85
24133,65,14,33,85
24134,65,14,33,85
24135,65,14,33,85
24136,65,14,33,85
24137,65,14,33,85
24138,65,14,33,85
24139,65,14,33,85
24140,65,14,33,85
24141,65,14,33,85
24142,65,14,33,85
24143,65,14,33,85
24144,65,14,33,85
24145,65,14,33,85
24146,65,14,33,85
24147,65,14,33,85
24148,65,14,33,85
24149,65,14,33,85
24150,65,14,33,85
24151,65,14,33,85
24152,65,14,33,85
24153,65,14,33,85
24154,65,14,33,85
24155,65,14,33,85
24156,65,14,33,85
24157,65,14,33,85
24158,65,14,33,85
24159,65,14,33,85
24160,65,14,33,85
24161,65,14,33,85
24162,65,14,33,85
24163,65,14,33,85
24164,65,14,33,85
24165,65,14,33,85
24166,65,14,33,85
24167,65,14,33,85
24168,65,14,33,85
24169,65,14,33,85
24170,65,14,33,85
24171,65,14,33,85
24172,65,14,33,85
24173,65,14,33,85
24174,65,14,33,85
24175,65,14,33,85
24176,65,14,33,85
24177,65,14,33,85
24178,65,14,33,85
24179,65,14,33,85
24180,65,14,33,85
24181,65,14,33,85
24182,65,14,33,85
24183,65,14,33,85
24184,65,14,33,85
24185,65,14,33,85
24186,65,14,33,85
24187,65,14,33,85
24188,65,14,33,85
24189,65,14,33,85
24190,65,14,33,85
24191,65,14,33,85
24192,65,14,33,85
24193,65,14,33,85
24194,65,14,33,85
24195,65,14,33,85
24196,65,14,33,85
24197,65,14,33,85
24198,65,14,33,85
24199,65,14,33,85
24200,65,14,33,85
24201,65,14,33,85
24202,65,14,33,85
24203,65,14,33,85
24204,65,14,33,85
24205,65,14,33,85
24206,65,14,33,85
24207,65,14,33,85
24208,65,14,33,85
24209,65,14,33,85
24210,65,14,33,85
24211,65,14,33,85
24212,65,14,33,85
24213,65,14,33,85
24214,65,14,33,85
24215,65,14,33,85
24216,65,14,33,85
24217,65,14,33,85
24218,65,14,33,85
24219,65,14,33,85
24220,65,14,33,85
24221,65,14,33,85
24222,65,14,33,85
24223,65,14,33,85
24224,65,14,33,85
24225,65,14,33,85
24226,65,14,33,85
24227,65,14,33,85
24228,65,14,33,85
24229,65,14,33,85
24230,65,14,33,85
24231,65,14,33,85
24232,65,14,33,85
24233,65,14,33,85
24234,65,14,33,85
24235,65,14,33,85
24236,65,14,33,85
24237,65,14,33,85
24238,65,14,33,85
24239,65,14,33,85
24240,65,14,33,85
24241,65,14,33,85
24242,65,14,33,85
24243,65,14,33,85
24244,65,14,33,85
24245,65,14,33,85
24246,65,14,33,85
24247,65,14,33,85
24248,65,14,33,85
24249,65,14,33,85
24250,65,14,33,85
24251,65,14,33,85
24252,65,14,33,85
24253,65,14,33,85
24254,65,14,33,85
24255,65,14,33,85
24256,65,14,33,85
24257,65,14,33,85
24258,65,14,33,85
24259,65,14,33,85
24260,65,14,33,85
24261,65,14,33,85
24262,65,14,33,85
24263,65,14,33,85
24264,65,14,33,85
24265,65,14,33,85
24266,65,14,33,85
24267,65,14,33,85
24268,65,14,33,85
24269,65,14,33,85
24270,65,14,33,85
24271,65,14,33,85
24272,65,14,33,85
24273,65,14,33,85
24274,65,14,33,85
24275,65,14,33,85
24276,65,14,33,85
24277,65,14,33,85
24278,65,14,33,85
24279,65,14,33,85
24280,65,14,33,85
24281,65,14,33,85
24282,65,14,33,85
24283,65,14,33,85
24284,65,14,33,85
24285,65,14,33,85
24286,65,14,33,85
24287,65,14,33,85
24288,65,14,33,85
24289,65,14,33,85
24290,65,14,33,85
24291,65,14,33,85
24292,65,14,33,85
24293,65,14,33,85
24294,65,14,33,85
24295,65,14,33,85
24296,65,14,33,85
24297,65,14,33,85
24298,65,14,33,85
24299,65,14,33,85
24300,65,14,33,85
24301,65,14,33,85
24302,65,14,33,85
24303,65,14,33,85
24304,65,14,33,85
24305,65,14,33,85
24306,65,14,33,85
24307,65,14,33,85
24308,65,14,33,85
24309,65,14,33,85
24310,65,14,33,85
24311,65,14,33,85
24312,65,14,33,85
24313,65,14,33,85
24314,65,14,33,85
24315,65,14,33,85
24316,65,14,33,85
24317,65,14,33,85
24318,65,14,33,85
24319,65,14,33,85
24320,65,14,33,85
24321,65,14,33,85
24322,65,14,33,85
24323,65,14,33,85
24324,65,14,33,85
24325,65,14,33,85
24326,65,14,33,85
24327,65,14,33,85
24328,65,14,33,85
24329,65,14,33,85
24330,65,14,33,85
24331,65,14,33,85
24332,65,14,33,85
24333,65,14,33,85
24334,65,14,33,85
24335,65,14,33,85
24336,65,14,33,85
24337,65,14,33,85
24338,65,14,33,85
24339,65,14,33,85
24340,65,14,33,85
24341,65,14,33,85
24342,65,14,33,85
24343,65,14,33,85
24344,65,14,33,85
24345,65,14,33,85
24346,65,14,33,85
24347,65,14,33,85
24348,65,14,33,85
24349,65,14,33,85
24350,65,14,33,85
24351,65,14,33,85
24352,65,14,33,85
24353,65,14,33,85
24354,65,14,33,85
24355,65,14,33,85
24356,65,14,33,85
24357,65,14,33,85
24358,65,14,33,85
24359,65,14,33,85
24360,65,14,33,85
24361,65,14,33,85
24362,65,14,33,85
24363,65,14,33,85
24364,65,14,33,85
24365,65,14,33,85
24366,65,14,33,85
24367,65,14,33,85
24368,65,14,33,85
24369,65,14,33,85
24370,65,14,33,85
24371,65,14,33,85
24372,65,14,33,85
24373,65,14,33,85
24374,65,14,33,85
24375,65,14,33,85
24376,65,14,33,85
24377,65,14,33,85
24378,65,14,33,85
24379,65,14,33,85
24380,65,14,33,85
24381,65,14,33,85
24382,65,14,33,85
24383,65,14,33,85
24384,65,14,33,85
24385,65,14,33,85
24386,65,14,33,85
24387,65,14,33,85
24388,65,14,33,85
24389,65,14,33,85
24390,65,14,33,85
24391,65,14,33,85
24392,65,14,33,85
24393,65,14,33,85
24394,65,14,33,85
24395,65,14,33,85
24396,65,14,33,85
24397,65,14,33,85
24398,65,14,33,85
24399,65,14,33,85
24400,65,14,33,85
24401,65,14,33,85
24402,65,14,33,85
24403,65,14,33,85
24404,65,14,33,85
24405,65,14,33,85
24406,65,14,33,85
24407,65,14,33,85
24408,65,14,33,85
24409,65,14,33,85
24410,65,14,33,85
24411,65,14,33,85
24412,65,14,33,85
24413,65,14,33,85
24414,65,14,33,85
24415,65,14,33,85
24416,65,14,33,85
24417,65,14,33,85
24418,65,14,33,85
24419,65,14,33,85
24420,65,14,33,85
24421,65,14,33,85
24422,65,14,33,85
24423,65,14,33,85
24424,65,14,33,85
24425,65,14,33,85
24426,65,14,33,85
24427,65,14,33,85
24428,65,14,33,85
24429,65,14,33,85
24430,65,14,33,85
24431,65,14,33,85
24432,65,14,33,85
24433,65,14,33,85
24434,65,14,33,85
24435,65,14,33,85
24436,65,14,33,85
24437,65,14,33,85
24438,65,14,33,85
24439,65,14,33,85
24440,65,14,33,85
24441,65,14,33,85
24442,65,14,33,85
24443,65,14,33,85
24444,65,14,33,85
24445,65,14,33,85
24446,65,14,33,85
24447,65,14,33,85
24448,65,14,33,85
24449,65,14,33,85
24450,65,14,33,85
24451,65,14,33,85
24452,65,14,33,85
24453,65,14,33,85
24454,65,14,33,85
24455,65,14,33,85
24456,65,14,33,85
24457,65,14,33,85
24458,65,14,33,85
24459,65,14,33,85
24460,65,14,33,85
24461,65,14,33,85
24462,65,14,33,85
24463,65,14,33,85
24464,65,14,33,85
24465,65,14,33,85
24466,65,14,33,85
24467,65,14,33,85
24468,65,14,33,85
24469,65,14,33,85
24470,65,14,33,85
24471,65,14,33,85
24472,65,14,33,85
24473,65,14,33,85
24474,65,14,33,85
24475,65,14,33,85
24476,65,14,33,85
24477,65,14,33,85
24478,65,14,33,85
24479,65,14,33,85
24480,65,14,33,85
24481,65,14,33,85
24482,65,14,33,85
24483,65,14,33,85
24484,65,14,33,85
24485,65,14,33,85
24486,65,14,33,85
24487,65,14,33,85
24488,65,14,33,85
24489,65,14,33,85
24490,65,14,33,85
24491,65,14,33,85
24492,65,14,33,85
24493,65,14,33,85
24494,65,14,33,85
24495,65,14,33,85
24496,65,14,33,85
24497,65,14,33,85
24498,65,14,33,85
24499,65,14,33,85
24500,65,14,33,85
24501,65,14,33,85
24502,65,14,33,85
24503,65,14,33,85
24504,65,14,33,85
24505,65,14,33,85
24506,65,14,33,85
24507,65,14,33,85
24508,65,14,33,85
24509,65,14,33,85
24510,65,14,33,85
24511,65,14,33,85
24512,65,14,33,85
24513,65,14,33,85
24514,65,14,33,85
24515,65,14,33,85
24516,65,14,33,85
24517,65,14,33,85
24518,65,14,33,85
24519,65,14,33,85
24520,65,14,33,85
24521,65,14,33,85
24522,65,14,33,85
24523,65,14,33,85
24524,65,14,33,85
24525,65,14,33,85
24526,65,14,33,85
24527,65,14,33,85
24528,65,14,33,85
24529,65,14,33,85
24530,65,14,33,85
24531,65,14,33,85
24532,65,14,33,85
24533,65,14,33,85
24534,65,14,33,85
24535,65,14,33,85
24536,65,14,33,85
24537,65,14,33,85
24538,65,14,33,85
24539,65,14,33,85
24540,65,14,33,85
24541,65,14,33,85
24542,65,14,33,85
24543,65,14,33,85
24544,65,14,33,85
24545,65,14,33,85
24546,65,14,33,85
24547,65,14,33,85
24548,65,14,33,85
24549,65,14,33,85
24550,65,14,33,85
24551,65,14,33,85
24552,65,14,33,85
24553,65,14,33,85
24554,65,14,33,85
24555,65,14,33,85
24556,65,14,33,85
24557,65,14,33,85
24558,65,14,33,85
24559,65,14,33,85
24560,65,14,33,85
24561,65,14,33,85
24562,65,14,33,85
24563,65,14,33,85
24564,65,14,33,85
24565,65,14,33,85
24566,65,14,33,85
24567,65,14,33,85
24568,65,14,33,85
24569,65,14,33,85
24570,65,14,33,85
24571,65,14,33,85
24572,65,14,33,85
24573,65,14,33,85
24574,65,14,33,85
24575,65,14,33,85
24576,65,14,33,85
24577,65,14,33,85
24578,65,14,33,85
24579,65,14,33,85
24580,65,14,33,85
24581,65,14,33,85
24582,65,14,33,85
24583,65,14,33,85
24584,65,14,33,85
24585,65,14,33,85
24586,65,14,33,85
24587,65,14,33,85
24588,65,14,33,85
24589,65,14,33,85
24590,65,14,33,85
24591,65,14,33,85
24592,65,14,33,85
24593,65,14,33,85
24594,65,14,33,85
24595,65,14,33,85
24596,65,14,33,85
24597,65,14,33,85
24598,65,14,33,85
24599,65,14,33,85
24600,65,14,33,85
24601,65,14,33,85
24602,65,14,33,85
24603,65,14,33,85
24604,65,14,33,85
24605,65,14,33,85
24606,65,14,33,85
24607,65,14,33,85
24608,65,14,33,85
24609,65,14,33,85
24610,65,14,33,85
24611,65,14,33,85
24612,65,14,33,85
24613,65,14,33,85
24614,65,14,33,85
24615,65,14,33,85
24616,65,14,33,85
24617,65,14,33,85
24618,65,14,33,85
24619,65,14,33,85
24620,65,14,33,85
24621,65,14,33,85
24622,65,14,33,85
24623,65,14,33,85
24624,65,14,33,85
24625,65,14,33,85
24626,65,14,33,85
24627,65,14,33,85
24628,65,14,33,85
24629,65,14,33,85
24630,65,14,33,85
24631,65,14,33,85
24632,65,14,33,85
24633,65,14,33,85
24634,65,14,33,85
24635,65,14,33,85
24636,65,14,33,85
24637,65,14,33,85
24638,65,14,33,85
24639,65,14,33,85
24640,65,14,33,85
24641,65,14,33,85
24642,65,14,33,85
24643,65,14,33,85
24644,65,14,33,85
24645,65,14,33,85
24646,65,14,33,85
24647,65,14,33,85
24648,65,14,33,85
24649,65,14,33,85
24650,65,14,33,85
24651,65,14,33,85
24652,65,14,33,85
24653,65,14,33,85
24654,65,14,33,85
24655,65,14,33,85
24656,65,14,33,85
24657,65,14,33,85
24658,65,14,33,85
24659,65,14,33,85
24660,65,14,33,85
24661,65,14,33,85
24662,65,14,33,85
24663,65,14,33,85
24664,65,14,33,85
24665,65,14,33,85
24666,65,14,33,85
24667,65,14,33,85
24668,65,14,33,85
24669,65,14,33,85
24670,65,14,33,85
24671,65,14,33,85
24672,65,14,33,85
24673,65,14,33,85
24674,65,14,33,85
24675,65,14,33,85
24676,65,14,33,85
24677,65,14,33,85
24678,65,14,33,85
24679,65,14,33,85
24680,65,14,33,85
24681,65,14,33,85
24682,65,14,33,85
24683,65,14,33,85
24684,65,14,33,85
24685,65,14,33,85
24686,65,14,33,85
24687,65,14,33,85
24688,65,14,33,85
24689,65,14,33,85
24690,65,14,33,85
24691,65,14,33,85
24692,65,14,33,85
24693,65,14,33,85
24694,65,14,33,85
24695,65,14,33,85
24696,65,14,33,85
24697,65,14,33,85
24698,65,14,33,85
24699,65,14,33,85
24700,65,14,33,85
24701,65,14,33,85
24702,65,14,33,85
24703,65,14,33,85
24704,65,14,33,85
24705,65,14,33,85
24706,65,14,33,85
24707,65,14,33,85
24708,65,14,33,85
24709,65,14,33,85
24710,65,14,33,85
24711,65,14,33,85
24712,65,14,33,85
24713,65,14,33,85
24714,65,14,33,85
24715,65,14,33,85
24716,65,14,33,85
24717,65,14,33,85
24718,65,14,33,85
24719,65,14,33,85
24720,65,14,33,85
24721,65,14,33,85
24722,65,14,33,85
24723,65,14,33,85
24724,65,14,33,85
24725,65,14,33,85
24726,65,14,33,85
24727,65,14,33,85
24728,65,14,33,85
24729,65,14,33,85
24730,65,14,33,85
24731,65,14,33,85
24732,65,14,33,85
24733,65,14,33,85
24734,65,14,33,85
24735,65,14,33,85
24736,65,14,33,85
24737,65,14,33,85
24738,65,14,33,85
24739,65,14,33,85
24740,65,14,33,85
24741,65,14,33,85
24742,65,14,33,85
24743,65,14,33,85
24744,65,14,33,85
24745,65,14,33,85
24746,65,14,33,85
24747,65,14,33,85
24748,65,14,33,85
24749,65,14,33,85
24750,65,14,33,85
24751,65,14,33,85
24752,65,14,33,85
24753,65,14,33,85
24754,65,14,33,85
24755,65,14,33,85
24756,65,14,33,85
24757,65,14,33,85
24758,65,14,33,85
24759,65,14,33,85
24760,65,14,33,85
24761,65,14,33,85
24762,65,14,33,85
24763,65,14,33,85
24764,65,14,33,85
24765,65,14,33,85
24766,65,14,33,85
24767,65,14,33,85
24768,65,14,33,85
24769,65,14,33,85
24770,65,14,33,85
24771,65,14,33,85
24772,65,14,33,85
24773,65,14,33,85
24774,65,14,33,85
24775,65,14,33,85
24776,65,14,33,85
24777,65,14,33,85
24778,65,14,33,85
24779,65,14,33,85
24780,65,14,33,85
24781,65,14,33,85
24782,65,14,33,85
24783,65,14,33,85
24784,65,14,33,85
24785,65,14,33,85
24786,65,14,33,85
24787,65,14,33,85
24788,65,14,33,85
24789,65,14,33,85
24790,65,14,33,85
24791,65,14,33,85
24792,65,14,33,85
24793,65,14,33,85
24794,65,14,33,85
24795,65,14,33,85
24796,65,14,33,85
24797,65,14,33,85
24798,65,14,33,85
24799,65,14,33,85
24800,65,14,33,85
24801,65,14,33,85
24802,65,14,33,85
24803,65,14,33,85
24804,65,14,33,85
24805,65,14,33,85
24806,65,14,33,85
24807,65,14,33,85
24808,65,14,33,85
24809,65,14,33,85
24810,65,14,33,85
24811,65,14,33,85
24812,65,14,33,85
24813,65,14,33,86
24814,65,14,33,86
24815,65,14,33,86
24816,65,14,33,86
24817,65,14,33,87
24818,65,14,33,87
24819,65,14,33,87
24820,65,14,33,87
24821,65,14,33,87
24822,65,14,33,87
24823,65,14,33,87
24824,65,14,33,87
24825,65,14,33,87
24826,65,14,33,87
24827,65,14,33,87
24828,65,14,33,87
24829,65,14,33,87
24830,65,14,33,87
24831,65,14,33,87
24832,65,14,33,87
24833,65,14,33,87
24834,65,14,33,87
24835,65,14,33,87
24836,65,14,33,87
24837,65,14,33,87
24838,65,14,33,87
24839,65,14,33,87
24840,65,14,33,87
24841,65,14,33,87
24842,65,14,33,87
24843,65,14,33,87
24844,65,14,33,87
24845,65,14,33,87
24846,65,14,33,87
24847,65,14,33,87
24848,65,14,33,87
24849,65,14,33,87
24850,65,14,33,87
24851,65,14,33,87
24852,65,14,33,87
24853,65,14,33,87
24854,65,14,33,87
24855,65,14,33,87
24856,65,14,33,87
24857,65,14,33,87
24858,65,14,33,87
24859,65,14,33,87
24860,65,14,33,87
24861,65,14,33,87
24862,65,14,33,87
24863,65,14,33,87
24864,65,14,33,87
24865,65,14,33,87
24866,65,14,33,87
24867,65,14,33,87
24868,65,14,33,87
24869,65,14,33,87
24870,65,14,33,87
24871,65,14,33,87
24872,65,14,33,87
24873,65,14,33,87
24874,65,14,33,87
24875,65,14,33,87
24876,65,14,33,87
24877,65,14,33,87
24878,65,14,33,87
24879,65,14,33,87
24880,65,14,33,87
24881,65,14,33,87
24882,65,14,33,87
24883,65,14,33,87
24884,65,14,33,87
24885,65,14,33,87
24886,65,14,33,87
24887,65,14,33,87
24888,65,14,33,87
24889,65,14,33,87
24890,65,14,33,87
24891,65,14,33,87
24892,65,14,33,87
24893,65,14,33,87
24894,65,14,33,87
24895,65,14,33,87
24896,65,14,33,87
24897,65,14,33,87
24898,65,14,33,87
24899,65,14,33,87
24900,65,14,33,87
24901,65,14,33,87
24902,65,14,33,87
24903,65,14,33,87
24904,65,14,33,87
24905,65,14,33,87
24906,65,14,33,87
24907,65,14,33,87
24908,65,14,33,87
24909,65,14,33,87
24910,65,14,33,87
24911,65,14,33,87
24912,65,14,33,87
24913,65,14,33,87
24914,65,14,33,87
24915,65,14,33,87
24916,65,14,33,87
24917,65,14,33,87
24918,65,14,33,87
24919,65,14,33,87
24920,65,14,33,87
24921,65,14,33,87
24922,65,14,33,87
24923,65,14,33,87
24924,65,14,33,87
24925,65,14,33,87
24926,65,14,33,87
24927,65,14,33,87
24928,65,14,33,87
24929,65,14,33,87
24930,65,14,33,87
24931,65,14,33,87
24932,65,14,33,87
24933,65,14,33,87
24934,65,14,33,87
24935,65,14,33,87
24936,65,14,33,87
24937,65,14,33,87
24938,65,14,33,87
24939,65,14,33,87
24940,65,14,33,87
24941,65,14,33,87
24942,65,14,33,87
24943,65,14,33,87
24944,65,14,33,87
24945,65,14,33,87
24946,65,14,33,87
24947,65,14,33,87
24948,65,14,33,87
24949,65,14,33,87
24950,65,14,33,87
24951,65,14,33,87
24952,65,14,33,87
24953,65,14,33,87
24954,65,14,33,87
24955,65,14,33,87
24956,65,14,33,87
24957,65,14,33,87
24958,65,14,33,87
24959,65,14,33,87
24960,65,14,33,87
24961,65,14,33,87
24962,65,14,33,87
24963,65,14,33,87
24964,65,14,33,87
24965,65,14,33,87
24966,65,14,33,87
24967,65,14,33,87
24968,65,14,33,87
24969,65,14,33,87
24970,65,14,33,87
24971,65,14,33,87
24972,65,14,33,87
24973,65,14,33,87
24974,65,14,33,87
24975,65,14,33,87
24976,65,14,33,87
24977,65,14,33,87
24978,65,14,33,87
24979,65,14,33,87
24980,65,14,33,87
24981,65,14,33,87
24982,65,14,33,87
24983,65,14,33,87
24984,65,14,33,87
24985,65,14,33,87
24986,65,14,33,87
24987,65,14,33,87
24988,65,14,33,87
24989,65,14,33,87
24990,65,14,33,87
24991,65,14,33,87
24992,65,14,33,87
24993,65,14,33,87
24994,65,14,33,87
24995,65,14,33,87
24996,65,14,33,87
24997,65,14,33,87
24998,65,14,33,87
24999,65,14,33,87
25000,65,14,33,87
