iteration,coverage,max_depth,corpus_size,crashes
0,41,14,6,0
1,33,14,7,0
2,33,14,7,0
3,34,14,8,0
4,34,14,8,0
5,35,14,9,0
6,35,14,9,0
7,35,14,9,0
8,35,14,9,0
9,35,14,9,0
10,35,14,9,0
11,35,14,9,0
12,35,14,9,0
13,35,14,9,0
14,35,14,9,0
15,36,14,10,0
16,36,14,10,0
17,36,14,10,0
18,36,14,10,0
19,36,14,10,0
20,36,14,10,0
21,36,14,10,0
22,36,14,10,0
23,36,14,10,0
24,37,14,11,0
25,37,14,11,0
26,37,14,11,0
27,37,14,11,0
28,37,14,11,0
29,37,14,11,0
30,37,14,11,0
31,37,14,11,0
32,37,14,11,0
33,37,14,11,0
34,37,14,11,0
35,37,14,11,0
36,38,14,12,0
37,38,14,12,0
38,38,14,12,0
39,38,14,12,0
40,38,14,12,0
41,38,14,12,0
42,38,14,12,0
43,38,14,12,0
44,38,14,12,0
45,38,14,12,0
46,38,14,12,0
47,38,14,12,0
48,38,14,12,0
49,38,14,12,0
50,38,14,12,0
51,38,14,12,0
52,38,14,12,0
53,38,14,12,0
54,38,14,12,0
55,39,14,13,0
56,39,14,13,0
57,39,14,13,0
58,39,14,13,0
59,39,14,13,0
60,39,14,13,0
61,39,14,13,0
62,39,14,13,0
63,39,14,13,0
64,39,14,13,0
65,39,14,13,0
66,39,14,13,0
67,39,14,13,0
68,39,14,13,0
69,39,14,13,0
70,39,14,13,0
71,39,14,13,0
72,39,14,13,0
73,39,14,13,0
74,39,14,13,0
75,39,14,13,0
76,39,14,13,0
77,39,14,13,0
78,39,14,13,0
79,39,14,13,0
80,39,14,13,0
81,39,14,13,0
82,39,14,13,0
83,39,14,13,0
84,39,14,13,0
85,39,14,13,0
86,39,14,13,0
87,39,14,13,0
88,40,14,14,0
89,40,14,14,0
90,40,14,14,0
91,40,14,14,0
92,40,14,14,0
93,40,14,14,0
94,40,14,14,0
95,40,14,14,0
96,40,14,14,0
97,40,14,14,0
98,40,14,14,0
99,40,14,14,0
100,40,14,14,0
101,40,14,14,0
102,40,14,14,0
103,40,14,14,0
104,40,14,14,0
105,40,14,14,0
106,40,14,14,0
107,40,14,14,0
108,40,14,14,0
109,40,14,14,0
110,40,14,14,0
111,40,14,14,0
112,40,14,14,0
113,40,14,14,0
114,40,14,14,0
115,40,14,14,0
116,40,14,14,0
117,40,14,14,0
118,40,14,14,0
119,40,14,14,0
120,40,14,14,0
121,40,14,14,0
122,40,14,14,0
123,40,14,14,0
124,40,14,14,0
125,40,14,14,0
126,40,14,14,0
127,40,14,14,0
128,40,14,14,0
129,40,14,14,0
130,40,14,14,0
131,40,14,14,0
132,40,14,14,0
133,40,14,14,0
134,40,14,14,0
135,40,14,14,0
136,40,14,14,0
137,40,14,14,0
138,40,14,14,0
139,40,14,14,0
140,40,14,14,0
141,40,14,14,0
142,40,14,14,0
143,40,14,14,0
144,40,14,14,0
145,40,14,14,0
146,40,14,14,0
147,40,14,14,0
148,40,14,14,0
149,42,14,15,0
150,42,14,15,0
151,42,14,15,0
152,42,14,15,0
153,42,14,15,0
154,42,14,15,0
155,42,14,15,0
156,42,14,15,0
157,42,14,15,0
158,42,14,15,0
159,42,14,15,0
160,42,14,15,0
161,42,14,15,0
162,42,14,15,0
163,42,14,15,0
164,42,14,15,0
165,42,14,15,0
166,42,14,15,0
167,42,14,15,0
168,42,14,15,0
169,42,14,15,0
170,42,14,15,0
171,42,14,15,0
172,42,14,15,0
173,42,14,15,0
174,42,14,15,0
175,42,14,15,0
176,42,14,15,0
177,42,14,15,0
178,42,14,15,0
179,42,14,15,0
180,42,14,15,0
181,42,14,15,0
182,42,14,15,0
183,42,14,15,0
184,42,14,15,0
185,42,14,15,0
186,42,14,15,0
187,42,14,15,0
188,42,14,15,0
189,42,14,15,0
190,42,14,15,0
191,42,14,15,0
192,42,14,15,0
193,42,14,15,0
194,42,14,15,0
195,42,14,15,0
196,42,14,15,0
197,42,14,15,0
198,42,14,15,0
199,42,14,15,0
200,42,14,15,0
201,42,14,15,0
202,42,14,15,0
203,42,14,15,0
204,42,14,15,0
205,42,14,15,0
206,42,14,15,0
207,42,14,15,0
208,42,14,15,0
209,42,14,15,0
210,42,14,15,0
211,42,14,15,0
212,42,14,15,0
213,42,14,15,0
214,42,14,15,0
215,42,14,15,0
216,42,14,15,0
217,42,14,15,0
218,42,14,15,0
219,42,14,15,0
220,42,14,15,0
221,42,14,15,0
222,42,14,15,0
223,42,14,15,0
224,42,14,15,0
225,42,14,15,0
226,42,14,15,0
227,42,14,15,0
228,42,14,15,0
229,42,14,15,0
230,42,14,15,0
231,42,14,15,0
232,42,14,15,0
233,42,14,15,0
234,42,14,15,0
235,42,14,15,0
236,42,14,15,0
237,42,14,15,0
238,42,14,15,0
239,42,14,15,0
240,42,14,15,0
241,42,14,15,0
242,42,14,15,0
243,42,14,15,0
244,42,14,15,0
245,42,14,15,0
246,42,14,15,0
247,42,14,15,0
248,42,14,15,0
249,42,14,15,0
250,42,14,15,0
251,42,14,15,0
252,42,14,15,0
253,42,14,15,0
254,42,14,15,0
255,42,14,15,0
256,42,14,15,0
257,42,14,15,0
258,42,14,15,0
259,42,14,15,0
260,42,14,15,0
261,42,14,15,0
262,42,14,15,0
263,42,14,15,0
264,42,14,15,0
265,42,14,15,0
266,42,14,15,0
267,42,14,15,0
268,42,14,15,0
269,42,14,15,0
270,42,14,15,0
271,42,14,15,0
272,42,14,15,0
273,42,14,15,0
274,42,14,15,0
275,42,14,15,0
276,42,14,15,0
277,42,14,15,0
278,42,14,15,0
279,42,14,15,0
280,42,14,15,0
281,42,14,15,0
282,42,14,15,0
283,42,14,15,0
284,42,14,15,0
285,42,14,15,0
286,42,14,15,0
287,42,14,15,0
288,42,14,15,0
289,42,14,15,0
290,42,14,15,0
291,42,14,15,0
292,42,14,15,0
293,42,14,15,0
294,42,14,15,0
295,42,14,15,0
296,42,14,15,0
297,42,14,15,0
298,42,14,15,0
299,42,14,15,0
300,42,14,15,0
301,42,14,15,0
302,42,14,15,0
303,42,14,15,0
304,42,14,15,0
305,42,14,15,0
306,42,14,15,0
307,42,14,15,0
308,42,14,15,0
309,42,14,15,0
310,42,14,15,0
311,42,14,15,0
312,42,14,15,0
313,42,14,15,0
314,42,14,15,0
315,42,14,15,0
316,42,14,15,0
317,42,14,15,0
318,42,14,15,0
319,43,14,16,0
320,43,14,16,0
321,43,14,16,0
322,43,14,16,0
323,43,14,16,0
324,43,14,16,0
325,43,14,16,0
326,43,14,16,0
327,43,14,16,0
328,43,14,16,0
329,43,14,16,0
330,43,14,16,0
331,43,14,16,0
332,43,14,16,0
333,43,14,16,0
334,43,14,16,0
335,43,14,16,0
336,43,14,16,0
337,43,14,16,0
338,44,14,17,0
339,44,14,17,0
340,44,14,17,0
341,44,14,17,0
342,44,14,17,0
343,44,14,17,0
344,44,14,17,0
345,44,14,17,0
346,44,14,17,0
347,44,14,17,0
348,44,14,17,0
349,44,14,17,0
350,44,14,17,0
351,44,14,17,0
352,44,14,17,0
353,44,14,17,0
354,44,14,17,0
355,44,14,17,0
356,44,14,17,0
357,44,14,17,0
358,44,14,17,0
359,44,14,17,0
360,44,14,17,0
361,44,14,17,0
362,44,14,17,0
363,44,14,17,0
364,44,14,17,0
365,44,14,17,0
366,44,14,17,0
367,44,14,17,0
368,44,14,17,0
369,44,14,17,0
370,44,14,17,0
371,44,14,17,0
372,44,14,17,0
373,44,14,17,0
374,44,14,17,0
375,44,14,17,0
376,44,14,17,0
377,44,14,17,0
378,44,14,17,0
379,44,14,17,0
380,44,14,17,0
381,44,14,17,0
382,44,14,17,0
383,44,14,17,0
384,46,14,18,0
385,46,14,18,0
386,46,14,18,0
387,46,14,18,0
388,46,14,18,0
389,46,14,18,0
390,46,14,18,0
391,46,14,18,0
392,46,14,18,0
393,46,14,18,0
394,46,14,18,0
395,46,14,18,0
396,46,14,18,0
397,46,14,18,0
398,46,14,18,0
399,46,14,18,0
400,46,14,18,0
401,46,14,18,0
402,46,14,18,0
403,46,14,18,0
404,46,14,18,0
405,46,14,18,0
406,46,14,18,0
407,46,14,18,0
408,46,14,18,0
409,46,14,18,0
410,46,14,18,0
411,46,14,18,0
412,46,14,18,0
413,46,14,18,0
414,46,14,18,0
415,46,14,18,0
416,46,14,18,0
417,46,14,18,0
418,46,14,18,0
419,46,14,18,0
420,46,14,18,0
421,46,14,18,0
422,46,14,18,0
423,46,14,18,0
424,46,14,18,0
425,46,14,18,0
426,46,14,18,0
427,46,14,18,0
428,46,14,18,0
429,46,14,18,0
430,46,14,18,0
431,46,14,18,0
432,46,14,18,0
433,46,14,18,0
434,46,14,18,0
435,46,14,18,0
436,46,14,18,0
437,46,14,18,0
438,46,14,18,0
439,46,14,18,0
440,46,14,18,0
441,46,14,18,0
442,46,14,18,0
443,46,14,18,0
444,46,14,18,0
445,46,14,18,0
446,46,14,18,0
447,46,14,18,0
448,46,14,18,0
449,46,14,18,0
450,46,14,18,0
451,46,14,18,0
452,46,14,18,0
453,46,14,18,0
454,46,14,18,0
455,46,14,18,0
456,46,14,18,0
457,46,14,18,0
458,46,14,18,0
459,46,14,18,0
460,46,14,18,0
461,46,14,18,0
462,46,14,18,0
463,46,14,18,0
464,46,14,18,0
465,46,14,18,0
466,46,14,18,0
467,46,14,18,0
468,46,14,18,0
469,46,14,18,0
470,46,14,18,0
471,46,14,18,0
472,46,14,18,0
473,46,14,18,0
474,46,14,18,0
475,46,14,18,0
476,46,14,18,0
477,46,14,18,0
478,46,14,18,0
479,46,14,18,0
480,46,14,18,0
481,46,14,18,0
482,46,14,18,0
483,46,14,18,0
484,46,14,18,0
485,46,14,18,0
486,46,14,18,0
487,46,14,18,0
488,46,14,18,0
489,46,14,18,0
490,46,14,18,0
491,46,14,18,0
492,46,14,18,0
493,46,14,18,0
494,46,14,18,0
495,46,14,18,0
496,46,14,18,0
497,46,14,18,0
498,46,14,18,0
499,46,14,18,0
500,46,14,18,0
501,46,14,18,0
502,46,14,18,0
503,46,14,18,0
504,46,14,18,0
505,46,14,18,0
506,46,14,18,0
507,46,14,18,0
508,46,14,18,0
509,46,14,18,0
510,46,14,18,0
511,46,14,18,0
512,46,14,18,0
513,46,14,18,0
514,46,14,18,0
515,46,14,18,0
516,46,14,18,0
517,46,14,18,0
518,46,14,18,0
519,46,14,18,0
520,46,14,18,0
521,46,14,18,0
522,46,14,18,0
523,46,14,18,0
524,46,14,18,0
525,46,14,18,0
526,46,14,18,0
527,46,14,18,0
528,46,14,18,0
529,46,14,18,0
530,46,14,18,0
531,46,14,18,0
532,46,14,18,0
533,46,14,18,0
534,46,14,18,0
535,46,14,18,0
536,46,14,18,0
537,48,14,19,0
538,48,14,19,0
539,48,14,19,0
540,48,14,19,0
541,48,14,19,0
542,48,14,19,0
543,48,14,19,0
544,48,14,19,0
545,48,14,19,0
546,48,14,19,0
547,48,14,19,0
548,48,14,19,0
549,48,14,19,0
550,48,14,19,0
551,48,14,19,0
552,48,14,19,0
553,48,14,19,0
554,48,14,19,0
555,48,14,19,0
556,48,14,19,0
557,48,14,19,0
558,48,14,19,0
559,48,14,19,0
560,48,14,19,0
561,48,14,19,0
562,48,14,19,0
563,48,14,19,0
564,48,14,19,0
565,48,14,19,0
566,50,14,20,0
567,50,14,20,0
568,51,14,21,0
569,51,14,21,0
570,51,14,21,0
571,51,14,21,0
572,52,14,22,0
573,52,14,22,0
574,52,14,22,0
575,52,14,22,0
576,52,14,22,0
577,52,14,22,0
578,52,14,22,0
579,52,14,22,0
580,52,14,22,0
581,52,14,22,0
582,52,14,22,0
583,52,14,22,0
584,52,14,22,0
585,52,14,22,0
586,52,14,22,0
587,52,14,22,0
588,52,14,22,0
589,52,14,22,0
590,52,14,22,0
591,52,14,22,0
592,52,14,22,0
593,52,14,22,0
594,52,14,22,0
595,52,14,22,0
596,52,14,22,0
597,52,14,22,0
598,52,14,22,0
599,52,14,22,0
600,52,14,22,0
601,52,14,22,0
602,52,14,22,0
603,52,14,22,0
604,52,14,22,0
605,52,14,22,0
606,52,14,22,0
607,52,14,22,0
608,52,14,22,0
609,52,14,22,0
610,52,14,22,0
611,52,14,22,0
612,52,14,22,0
613,52,14,22,0
614,52,14,22,0
615,52,14,22,0
616,52,14,22,0
617,52,14,22,0
618,52,14,22,0
619,52,14,22,0
620,52,14,22,0
621,52,14,22,0
622,52,14,22,0
623,52,14,22,0
624,52,14,22,0
625,52,14,22,0
626,52,14,22,0
627,52,14,22,0
628,52,14,22,0
629,52,14,22,0
630,52,14,22,0
631,52,14,22,0
632,52,14,22,0
633,52,14,22,0
634,52,14,22,0
635,52,14,22,0
636,52,14,22,0
637,52,14,22,0
638,52,14,22,0
639,52,14,22,0
640,53,14,23,0
641,53,14,23,0
642,53,14,23,0
643,53,14,23,0
644,53,14,23,0
645,53,14,23,0
646,53,14,23,0
647,53,14,23,0
648,53,14,23,0
649,53,14,23,0
650,53,14,23,0
651,53,14,23,0
652,53,14,23,0
653,53,14,23,0
654,53,14,23,0
655,53,14,23,0
656,53,14,23,0
657,53,14,23,0
658,53,14,23,0
659,53,14,23,0
660,53,14,23,0
661,53,14,23,0
662,53,14,23,0
663,53,14,23,0
664,53,14,23,0
665,53,14,23,0
666,53,14,23,0
667,53,14,23,0
668,53,14,23,0
669,53,14,23,0
670,53,14,23,0
671,53,14,23,0
672,53,14,23,0
673,53,14,23,0
674,53,14,23,0
675,53,14,23,0
676,53,14,23,0
677,53,14,23,0
678,53,14,23,0
679,53,14,23,0
680,53,14,23,0
681,53,14,23,0
682,53,14,23,0
683,53,14,23,0
684,53,14,23,0
685,53,14,23,0
686,53,14,23,0
687,53,14,23,0
688,53,14,23,0
689,53,14,23,0
690,53,14,23,0
691,53,14,23,0
692,53,14,23,0
693,53,14,23,0
694,53,14,23,0
695,53,14,23,0
696,53,14,23,0
697,53,14,23,0
698,53,14,23,0
699,53,14,23,0
700,53,14,23,0
701,53,14,23,0
702,53,14,23,0
703,53,14,23,0
704,53,14,23,0
705,53,14,23,0
706,53,14,23,0
707,53,14,23,0
708,53,14,23,0
709,53,14,23,0
710,53,14,23,0
711,53,14,23,0
712,53,14,23,0
713,53,14,23,0
714,53,14,23,0
715,53,14,23,0
716,53,14,23,0
717,53,14,23,0
718,53,14,23,0
719,53,14,23,0
720,53,14,23,0
721,53,14,23,0
722,53,14,23,0
723,53,14,23,0
724,53,14,23,0
725,53,14,23,0
726,53,14,23,0
727,53,14,23,0
728,53,14,23,0
729,53,14,23,0
730,53,14,23,0
731,53,14,23,0
732,53,14,23,0
733,53,14,23,0
734,53,14,23,0
735,53,14,23,0
736,53,14,23,0
737,53,14,23,0
738,53,14,23,0
739,53,14,23,0
740,53,14,23,0
741,53,14,23,0
742,53,14,23,0
743,53,14,23,0
744,53,14,23,0
745,53,14,23,0
746,53,14,23,0
747,53,14,23,0
748,53,14,23,0
749,53,14,23,0
750,53,14,23,0
751,53,14,23,0
752,53,14,23,0
753,53,14,23,0
754,53,14,23,0
755,53,14,23,0
756,53,14,23,0
757,53,14,23,0
758,53,14,23,0
759,53,14,23,0
760,53,14,23,0
761,53,14,23,0
762,53,14,23,0
763,53,14,23,0
764,53,14,23,0
765,53,14,23,0
766,53,14,23,0
767,53,14,23,0
768,53,14,23,0
769,53,14,23,0
770,53,14,23,0
771,53,14,23,0
772,53,14,23,0
773,53,14,23,0
774,53,14,23,0
775,53,14,23,0
776,53,14,23,0
777,53,14,23,0
778,53,14,23,0
779,53,14,23,0
780,53,14,23,0
781,53,14,23,0
782,53,14,23,0
783,53,14,23,0
784,53,14,23,0
785,53,14,23,0
786,53,14,23,0
787,53,14,23,0
788,53,14,23,0
789,53,14,23,0
790,53,14,23,0
791,53,14,23,0
792,53,14,23,0
793,53,14,23,0
794,53,14,23,0
795,53,14,23,0
796,53,14,23,0
797,53,14,23,0
798,53,14,23,0
799,53,14,23,0
800,53,14,23,0
801,53,14,23,0
802,54,14,24,0
803,54,14,24,0
804,54,14,24,0
805,54,14,24,0
806,54,14,24,0
807,54,14,24,0
808,54,14,24,0
809,54,14,24,0
810,54,14,24,0
811,54,14,24,0
812,54,14,24,0
813,54,14,24,0
814,54,14,24,0
815,54,14,24,0
816,54,14,24,0
817,54,14,24,0
818,54,14,24,0
819,54,14,24,0
820,54,14,24,0
821,54,14,24,0
822,54,14,24,0
823,54,14,24,0
824,54,14,24,0
825,54,14,24,0
826,54,14,24,0
827,54,14,24,0
828,54,14,24,0
829,54,14,24,0
830,54,14,24,0
831,54,14,24,0
832,54,14,24,0
833,54,14,24,0
834,54,14,24,0
835,54,14,24,0
836,54,14,24,0
837,54,14,24,0
838,54,14,24,0
839,54,14,24,0
840,54,14,24,0
841,54,14,24,0
842,54,14,24,0
843,54,14,24,0
844,54,14,24,0
845,54,14,24,0
846,54,14,24,0
847,54,14,24,0
848,54,14,24,0
849,54,14,24,0
850,54,14,24,0
851,54,14,24,0
852,54,14,24,0
853,54,14,24,0
854,54,14,24,0
855,54,14,24,0
856,54,14,24,0
857,54,14,24,0
858,54,14,24,0
859,54,14,24,0
860,54,14,24,0
861,54,14,24,0
862,54,14,24,0
863,54,14,24,0
864,54,14,24,0
865,54,14,24,0
866,54,14,24,0
867,54,14,24,0
868,54,14,24,0
869,54,14,24,0
870,54,14,24,0
871,54,14,24,0
872,54,14,24,0
873,54,14,24,0
874,54,14,24,0
875,54,14,24,0
876,54,14,24,0
877,54,14,24,0
878,54,14,24,0
879,54,14,24,0
880,54,14,24,0
881,54,14,24,0
882,54,14,24,0
883,54,14,24,0
884,54,14,24,0
885,54,14,24,0
886,54,14,24,0
887,54,14,24,0
888,54,14,24,0
889,54,14,24,0
890,54,14,24,0
891,54,14,24,0
892,54,14,24,0
893,54,14,24,0
894,54,14,24,0
895,54,14,24,0
896,54,14,24,0
897,54,14,24,0
898,54,14,24,0
899,54,14,24,0
900,54,14,24,0
901,54,14,24,0
902,54,14,24,0
903,54,14,24,0
904,54,14,24,0
905,54,14,24,0
906,54,14,24,0
907,54,14,24,0
908,54,14,24,0
909,54,14,24,0
910,54,14,24,0
911,54,14,24,0
912,54,14,24,0
913,54,14,24,0
914,54,14,24,0
915,54,14,24,0
916,54,14,24,0
917,54,14,24,0
918,54,14,24,0
919,54,14,24,0
920,54,14,24,0
921,54,14,24,0
922,54,14,24,0
923,54,14,24,0
924,54,14,24,0
925,54,14,24,0
926,54,14,24,0
927,54,14,24,0
928,54,14,24,0
929,54,14,24,0
930,54,14,24,0
931,54,14,24,0
932,54,14,24,0
933,54,14,24,0
934,54,14,24,0
935,54,14,24,0
936,54,14,24,0
937,54,14,24,0
938,54,14,24,0
939,54,14,24,0
940,54,14,24,0
941,54,14,24,0
942,54,14,24,0
943,54,14,24,0
944,54,14,24,0
945,54,14,24,0
946,54,14,24,0
947,54,14,24,0
948,54,14,24,0
949,54,14,24,0
950,54,14,24,0
951,54,14,24,0
952,54,14,24,0
953,54,14,24,0
954,54,14,24,0
955,54,14,24,0
956,54,14,24,0
957,54,14,24,0
958,54,14,24,0
959,54,14,24,0
960,54,14,24,0
961,54,14,24,0
962,54,14,24,0
963,54,14,24,0
964,54,14,24,0
965,54,14,24,0
966,54,14,24,0
967,54,14,24,0
968,54,14,24,0
969,54,14,24,0
970,54,14,24,0
971,54,14,24,0
972,54,14,24,0
973,54,14,24,0
974,54,14,24,0
975,54,14,24,0
976,54,14,24,0
977,54,14,24,0
978,54,14,24,0
979,54,14,24,0
980,54,14,24,0
981,54,14,24,0
982,54,14,24,0
983,54,14,24,0
984,54,14,24,0
985,54,14,24,0
986,54,14,24,0
987,54,14,24,0
988,54,14,24,0
989,54,14,24,0
990,54,14,24,0
991,54,14,24,0
992,54,14,24,0
993,54,14,24,0
994,54,14,24,0
995,54,14,24,0
996,54,14,24,0
997,54,14,24,0
998,54,14,24,0
999,54,14,24,0
1000,54,14,24,0
1001,54,14,24,0
1002,54,14,24,0
1003,54,14,24,0
1004,54,14,24,0
1005,54,14,24,0
1006,54,14,24,0
1007,54,14,24,0
1008,54,14,24,0
1009,54,14,24,0
1010,54,14,24,0
1011,54,14,24,0
1012,54,14,24,0
1013,54,14,24,0
1014,54,14,24,0
1015,54,14,24,0
1016,54,14,24,0
1017,54,14,24,0
1018,54,14,24,0
1019,54,14,24,0
1020,54,14,24,0
1021,54,14,24,0
1022,54,14,24,0
1023,54,14,24,0
1024,54,14,24,0
1025,54,14,24,0
1026,54,14,24,0
1027,54,14,24,0
1028,54,14,24,0
1029,54,14,24,0
1030,54,14,24,0
1031,54,14,24,0
1032,54,14,24,0
1033,54,14,24,0
1034,54,14,24,0
1035,54,14,24,0
1036,54,14,24,0
1037,54,14,24,0
1038,54,14,24,0
1039,54,14,24,0
1040,54,14,24,0
1041,54,14,24,0
1042,54,14,24,0
1043,54,14,24,0
1044,54,14,24,0
1045,54,14,24,0
1046,54,14,24,0
1047,54,14,24,0
1048,54,14,24,0
1049,54,14,24,0
1050,54,14,24,0
1051,54,14,24,0
1052,54,14,24,0
1053,54,14,24,0
1054,54,14,24,0
1055,54,14,24,0
1056,54,14,24,0
1057,54,14,24,0
1058,54,14,24,0
1059,54,14,24,0
1060,54,14,24,0
1061,54,14,24,0
1062,54,14,24,0
1063,54,14,24,0
1064,54,14,24,0
1065,54,14,24,0
1066,54,14,24,0
1067,54,14,24,0
1068,54,14,24,0
1069,54,14,24,0
1070,54,14,24,0
1071,54,14,24,0
1072,54,14,24,0
1073,54,14,24,0
1074,54,14,24,0
1075,54,14,24,0
1076,54,14,24,0
1077,54,14,24,0
1078,54,14,24,0
1079,54,14,24,0
1080,54,14,24,0
1081,54,14,24,0
1082,54,14,24,0
1083,54,14,24,0
1084,54,14,24,0
1085,54,14,24,0
1086,54,14,24,0
1087,54,14,24,0
1088,54,14,24,0
1089,54,14,24,0
1090,54,14,24,0
1091,54,14,24,0
1092,54,14,24,0
1093,54,14,24,0
1094,54,14,24,0
1095,54,14,24,0
1096,54,14,24,0
1097,54,14,24,0
1098,54,14,24,0
1099,54,14,24,0
1100,54,14,24,0
1101,54,14,24,0
1102,54,14,24,0
1103,54,14,24,0
1104,54,14,24,0
1105,54,14,24,0
1106,54,14,24,0
1107,54,14,24,0
1108,54,14,24,0
1109,54,14,24,0
1110,54,14,24,0
1111,54,14,24,0
1112,54,14,24,0
1113,54,14,24,0
1114,54,14,24,0
1115,54,14,24,0
1116,54,14,24,0
1117,54,14,24,0
1118,54,14,24,0
1119,54,14,24,0
1120,54,14,24,0
1121,54,14,24,0
1122,54,14,24,0
1123,54,14,24,0
1124,54,14,24,0
1125,54,14,24,0
1126,54,14,24,0
1127,54,14,24,0
1128,54,14,24,0
1129,54,14,24,0
1130,54,14,24,0
1131,54,14,24,0
1132,54,14,24,0
1133,54,14,24,0
1134,54,14,24,0
1135,54,14,24,0
1136,54,14,24,0
1137,54,14,24,0
1138,54,14,24,0
1139,54,14,24,0
1140,54,14,24,0
1141,54,14,24,0
1142,54,14,24,0
1143,54,14,24,0
1144,54,14,24,0
1145,54,14,24,0
1146,54,14,24,0
1147,54,14,24,0
1148,54,14,24,0
1149,54,14,24,0
1150,54,14,24,0
1151,54,14,24,0
1152,54,14,24,0
1153,54,14,24,0
1154,54,14,24,0
1155,54,14,24,0
1156,54,14,24,0
1157,54,14,24,0
1158,54,14,24,0
1159,54,14,24,0
1160,54,14,24,0
1161,54,14,24,0
1162,54,14,24,0
1163,54,14,24,0
1164,54,14,24,0
1165,54,14,24,0
1166,54,14,24,0
1167,54,14,24,0
1168,54,14,24,0
1169,57,14,25,0
1170,57,14,25,0
1171,57,14,25,0
1172,57,14,25,0
1173,57,14,25,0
1174,57,14,25,0
1175,57,14,25,0
1176,57,14,25,0
1177,57,14,25,0
1178,57,14,25,0
1179,57,14,25,0
1180,57,14,25,0
1181,57,14,25,0
1182,57,14,25,0
1183,57,14,25,0
1184,57,14,25,0
1185,57,14,25,0
1186,57,14,25,0
1187,57,14,25,0
1188,57,14,25,0
1189,57,14,25,0
1190,57,14,25,0
1191,57,14,25,0
1192,57,14,25,0
1193,57,14,25,0
1194,57,14,25,0
1195,57,14,25,0
1196,57,14,25,0
1197,57,14,25,0
1198,57,14,25,0
1199,57,14,25,0
1200,57,14,25,0
1201,57,14,25,0
1202,57,14,25,0
1203,57,14,25,0
1204,57,14,25,0
1205,57,14,25,0
1206,57,14,25,0
1207,57,14,25,0
1208,57,14,25,0
1209,57,14,25,0
1210,57,14,25,0
1211,57,14,25,0
1212,57,14,25,0
1213,57,14,25,0
1214,57,14,25,0
1215,57,14,25,0
1216,57,14,25,0
1217,57,14,25,0
1218,57,14,25,0
1219,57,14,25,0
1220,57,14,25,0
1221,57,14,25,0
1222,57,14,25,0
1223,57,14,25,0
1224,57,14,25,0
1225,57,14,25,0
1226,57,14,25,0
1227,57,14,25,0
1228,57,14,25,0
1229,57,14,25,0
1230,57,14,25,0
1231,57,14,25,0
1232,57,14,25,0
1233,57,14,25,0
1234,57,14,25,0
1235,57,14,25,0
1236,57,14,25,0
1237,57,14,25,0
1238,57,14,25,0
1239,57,14,25,0
1240,57,14,25,0
1241,57,14,25,0
1242,57,14,25,0
1243,57,14,25,0
1244,57,14,25,0
1245,57,14,25,0
1246,57,14,25,0
1247,57,14,25,0
1248,57,14,25,0
1249,57,14,25,0
1250,57,14,25,0
1251,57,14,25,0
1252,57,14,25,0
1253,57,14,25,0
1254,57,14,25,0
1255,57,14,25,0
1256,57,14,25,0
1257,57,14,25,0
1258,57,14,25,0
1259,57,14,25,0
1260,57,14,25,0
1261,57,14,25,0
1262,57,14,25,0
1263,57,14,25,0
1264,57,14,25,0
1265,57,14,25,0
1266,57,14,25,0
1267,57,14,25,0
1268,57,14,25,0
1269,57,14,25,0
1270,57,14,25,0
1271,57,14,25,0
1272,57,14,25,0
1273,57,14,25,0
1274,57,14,25,0
1275,57,14,25,0
1276,57,14,25,0
1277,57,14,25,0
1278,57,14,25,0
1279,57,14,25,0
1280,57,14,25,0
1281,57,14,25,0
1282,57,14,25,0
1283,57,14,25,0
1284,57,14,25,0
1285,57,14,25,0
1286,57,14,25,0
1287,57,14,25,0
1288,57,14,25,0
1289,57,14,25,0
1290,57,14,25,0
1291,57,14,25,0
1292,57,14,25,0
1293,57,14,25,0
1294,57,14,25,0
1295,57,14,25,0
1296,57,14,25,0
1297,57,14,25,0
1298,57,14,25,0
1299,57,14,25,0
1300,57,14,25,0
1301,57,14,25,0
1302,57,14,25,0
1303,57,14,25,0
1304,57,14,25,0
1305,57,14,25,0
1306,57,14,25,0
1307,57,14,25,0
1308,57,14,25,0
1309,57,14,25,0
1310,57,14,25,0
1311,57,14,25,0
1312,57,14,25,0
1313,57,14,25,0
1314,57,14,25,0
1315,57,14,25,0
1316,57,14,25,0
1317,57,14,25,0
1318,57,14,25,0
1319,57,14,25,0
1320,57,14,25,0
1321,57,14,25,0
1322,57,14,25,0
1323,57,14,25,0
1324,57,14,25,0
1325,57,14,25,0
1326,57,14,25,0
1327,57,14,25,0
1328,57,14,25,0
1329,57,14,25,0
1330,57,14,25,0
1331,57,14,25,0
1332,57,14,25,0
1333,57,14,25,0
1334,57,14,25,0
1335,57,14,25,0
1336,57,14,25,0
1337,57,14,25,0
1338,57,14,25,0
1339,57,14,25,0
1340,57,14,25,0
1341,57,14,25,0
1342,57,14,25,0
1343,57,14,25,0
1344,57,14,25,0
1345,57,14,25,0
1346,57,14,25,0
1347,57,14,25,0
1348,57,14,25,0
1349,57,14,25,0
1350,57,14,25,0
1351,57,14,25,0
1352,57,14,25,0
1353,57,14,25,0
1354,57,14,25,0
1355,57,14,25,0
1356,57,14,25,0
1357,57,14,25,0
1358,57,14,25,0
1359,57,14,25,0
1360,57,14,25,0
1361,57,14,25,0
1362,57,14,25,0
1363,57,14,25,0
1364,57,14,25,0
1365,57,14,25,0
1366,57,14,25,0
1367,57,14,25,0
1368,57,14,25,0
1369,57,14,25,0
1370,57,14,25,0
1371,57,14,25,0
1372,57,14,25,0
1373,57,14,25,0
1374,57,14,25,0
1375,57,14,25,0
1376,57,14,25,0
1377,57,14,25,0
1378,57,14,25,0
1379,57,14,25,0
1380,57,14,25,0
1381,57,14,25,0
1382,57,14,25,0
1383,57,14,25,0
1384,57,14,25,0
1385,57,14,25,0
1386,57,14,25,0
1387,57,14,25,0
1388,57,14,25,0
1389,57,14,25,0
1390,57,14,25,0
1391,57,14,25,0
1392,57,14,25,0
1393,57,14,25,0
1394,57,14,25,0
1395,57,14,25,0
1396,57,14,25,0
1397,57,14,25,0
1398,57,14,25,0
1399,57,14,25,0
1400,57,14,25,0
1401,57,14,25,0
1402,57,14,25,0
1403,57,14,25,0
1404,57,14,25,0
1405,57,14,25,0
1406,57,14,25,0
1407,57,14,25,0
1408,57,14,25,0
1409,57,14,25,0
1410,57,14,25,0
1411,57,14,25,0
1412,57,14,25,0
1413,57,14,25,0
1414,57,14,25,0
1415,57,14,25,0
1416,57,14,25,0
1417,57,14,25,0
1418,57,14,25,0
1419,57,14,25,0
1420,57,14,25,0
1421,57,14,25,0
1422,57,14,25,0
1423,57,14,25,0
1424,57,14,25,0
1425,57,14,25,0
1426,57,14,25,0
1427,57,14,25,0
1428,57,14,25,0
1429,57,14,25,0
1430,57,14,25,0
1431,57,14,25,0
1432,57,14,25,0
1433,57,14,25,0
1434,57,14,25,0
1435,57,14,25,0
1436,57,14,25,0
1437,57,14,25,0
1438,57,14,25,0
1439,57,14,25,0
1440,57,14,25,0
1441,57,14,25,0
1442,57,14,25,0
1443,57,14,25,0
1444,57,14,25,0
1445,57,14,25,0
1446,57,14,25,0
1447,57,14,25,0
1448,57,14,25,0
1449,57,14,25,0
1450,57,14,25,0
1451,57,14,25,0
1452,57,14,25,0
1453,57,14,25,0
1454,57,14,25,0
1455,57,14,25,0
1456,57,14,25,0
1457,57,14,25,0
1458,57,14,25,0
1459,57,14,25,0
1460,57,14,25,0
1461,57,14,25,0
1462,57,14,25,0
1463,57,14,25,0
1464,57,14,25,0
1465,57,14,25,0
1466,57,14,25,0
1467,57,14,25,0
1468,57,14,25,0
1469,57,14,25,0
1470,57,14,25,0
1471,57,14,25,0
1472,57,14,25,0
1473,57,14,25,0
1474,57,14,25,0
1475,57,14,25,0
1476,57,14,25,0
1477,57,14,25,0
1478,57,14,25,0
1479,57,14,25,0
1480,57,14,25,0
1481,57,14,25,0
1482,57,14,25,0
1483,57,14,25,0
1484,57,14,25,0
1485,57,14,25,0
1486,57,14,25,0
1487,57,14,25,0
1488,57,14,25,0
1489,57,14,25,0
1490,57,14,25,0
1491,57,14,25,0
1492,57,14,25,0
1493,57,14,25,0
1494,57,14,25,0
1495,57,14,25,0
1496,57,14,25,0
1497,57,14,25,0
1498,57,14,25,0
1499,57,14,25,0
1500,57,14,25,0
1501,57,14,25,0
1502,57,14,25,0
1503,57,14,25,0
1504,57,14,25,0
1505,57,14,25,0
1506,57,14,25,0
1507,57,14,25,0
1508,57,14,25,0
1509,57,14,25,0
1510,57,14,25,0
1511,57,14,25,0
1512,57,14,25,0
1513,57,14,25,0
1514,57,14,25,0
1515,57,14,25,0
1516,57,14,25,0
1517,57,14,25,0
1518,57,14,25,0
1519,57,14,25,0
1520,57,14,25,0
1521,57,14,25,0
1522,57,14,25,0
1523,57,14,25,0
1524,57,14,25,0
1525,57,14,25,0
1526,57,14,25,0
1527,57,14,25,0
1528,57,14,25,0
1529,57,14,25,0
1530,57,14,25,0
1531,57,14,25,0
1532,57,14,25,0
1533,57,14,25,0
1534,57,14,25,0
1535,57,14,25,0
1536,57,14,25,0
1537,57,14,25,0
1538,57,14,25,0
1539,57,14,25,0
1540,57,14,25,0
1541,57,14,25,0
1542,57,14,25,0
1543,57,14,25,0
1544,57,14,25,0
1545,57,14,25,0
1546,57,14,25,0
1547,57,14,25,0
1548,57,14,25,0
1549,57,14,25,0
1550,57,14,25,0
1551,57,14,25,0
1552,57,14,25,0
1553,57,14,25,0
1554,57,14,25,0
1555,57,14,25,0
1556,57,14,25,0
1557,57,14,25,0
1558,57,14,25,0
1559,57,14,25,0
1560,57,14,25,0
1561,57,14,25,0
1562,57,14,25,0
1563,57,14,25,0
1564,57,14,25,0
1565,57,14,25,0
1566,57,14,25,0
1567,57,14,25,0
1568,57,14,25,0
1569,57,14,25,0
1570,57,14,25,0
1571,57,14,25,0
1572,57,14,25,0
1573,57,14,25,0
1574,57,14,25,0
1575,57,14,25,0
1576,57,14,25,0
1577,57,14,25,0
1578,57,14,25,0
1579,57,14,25,0
1580,57,14,25,0
1581,57,14,25,0
1582,57,14,25,0
1583,57,14,25,0
1584,57,14,25,0
1585,57,14,25,0
1586,57,14,25,0
1587,57,14,25,0
1588,57,14,25,0
1589,57,14,25,0
1590,57,14,25,0
1591,57,14,25,0
1592,57,14,25,0
1593,57,14,25,0
1594,57,14,25,0
1595,57,14,25,0
1596,57,14,25,0
1597,57,14,25,0
1598,57,14,25,0
1599,57,14,25,0
1600,57,14,25,0
1601,57,14,25,0
1602,57,14,25,0
1603,57,14,25,0
1604,57,14,25,0
1605,57,14,25,0
1606,57,14,25,0
1607,57,14,25,0
1608,57,14,25,0
1609,57,14,25,0
1610,57,14,25,0
1611,57,14,25,0
1612,57,14,25,0
1613,57,14,25,0
1614,57,14,25,0
1615,57,14,25,0
1616,57,14,25,0
1617,57,14,25,0
1618,57,14,25,0
1619,57,14,25,0
1620,57,14,25,0
1621,57,14,25,0
1622,57,14,25,0
1623,57,14,25,0
1624,57,14,25,0
1625,57,14,25,0
1626,57,14,25,0
1627,57,14,25,0
1628,57,14,25,0
1629,57,14,25,0
1630,57,14,25,0
1631,57,14,25,0
1632,57,14,25,0
1633,57,14,25,0
1634,57,14,25,0
1635,57,14,25,0
1636,57,14,25,0
1637,57,14,25,0
1638,57,14,25,0
1639,57,14,25,0
1640,57,14,25,0
1641,57,14,25,0
1642,57,14,25,0
1643,57,14,25,0
1644,57,14,25,0
1645,57,14,25,0
1646,57,14,25,0
1647,57,14,25,0
1648,57,14,25,0
1649,57,14,25,0
1650,57,14,25,0
1651,57,14,25,0
1652,57,14,25,0
1653,57,14,25,0
1654,57,14,25,0
1655,57,14,25,0
1656,57,14,25,0
1657,57,14,25,0
1658,57,14,25,0
1659,57,14,25,0
1660,57,14,25,0
1661,57,14,25,0
1662,57,14,25,0
1663,57,14,25,0
1664,57,14,25,0
1665,57,14,25,0
1666,57,14,25,0
1667,57,14,25,0
1668,57,14,25,0
1669,57,14,25,0
1670,57,14,25,0
1671,57,14,25,0
1672,57,14,25,0
1673,57,14,25,0
1674,57,14,25,0
1675,57,14,25,0
1676,57,14,25,0
1677,57,14,25,0
1678,57,14,25,0
1679,57,14,25,0
1680,57,14,25,0
1681,57,14,25,0
1682,57,14,25,0
1683,57,14,25,0
1684,57,14,25,0
1685,57,14,25,0
1686,57,14,25,0
1687,57,14,25,0
1688,57,14,25,0
1689,57,14,25,0
1690,57,14,25,0
1691,57,14,25,0
1692,57,14,25,0
1693,57,14,25,0
1694,57,14,25,0
1695,57,14,25,0
1696,57,14,25,0
1697,57,14,25,0
1698,57,14,25,0
1699,57,14,25,0
1700,57,14,25,0
1701,57,14,25,0
1702,57,14,25,0
1703,57,14,25,0
1704,57,14,25,0
1705,57,14,25,0
1706,57,14,25,0
1707,57,14,25,0
1708,57,14,25,0
1709,57,14,25,0
1710,57,14,25,0
1711,57,14,25,0
1712,57,14,25,0
1713,57,14,25,0
1714,57,14,25,0
1715,57,14,25,0
1716,57,14,25,0
1717,57,14,25,0
1718,57,14,25,0
1719,57,14,25,0
1720,57,14,25,0
1721,57,14,25,0
1722,57,14,25,0
1723,57,14,25,0
1724,57,14,25,0
1725,57,14,25,0
1726,57,14,25,0
1727,57,14,25,0
1728,57,14,25,0
1729,57,14,25,0
1730,57,14,25,0
1731,57,14,25,0
1732,57,14,25,0
1733,57,14,25,0
1734,57,14,25,0
1735,57,14,25,0
1736,57,14,25,0
1737,57,14,25,0
1738,57,14,25,0
1739,57,14,25,0
1740,57,14,25,0
1741,57,14,25,0
1742,57,14,25,0
1743,57,14,25,0
1744,57,14,25,0
1745,57,14,25,0
1746,57,14,25,0
1747,57,14,25,0
1748,57,14,25,0
1749,57,14,25,0
1750,57,14,25,0
1751,57,14,25,0
1752,57,14,25,0
1753,57,14,25,0
1754,57,14,25,0
1755,57,14,25,0
1756,57,14,25,0
1757,57,14,25,0
1758,57,14,25,0
1759,57,14,25,0
1760,57,14,25,0
1761,57,14,25,0
1762,57,14,25,0
1763,57,14,25,0
1764,57,14,25,0
1765,57,14,25,0
1766,57,14,25,0
1767,57,14,25,0
1768,57,14,25,0
1769,57,14,25,0
1770,57,14,25,0
1771,57,14,25,0
1772,57,14,25,0
1773,57,14,25,0
1774,57,14,25,0
1775,57,14,25,0
1776,57,14,25,0
1777,57,14,25,0
1778,57,14,25,0
1779,57,14,25,0
1780,57,14,25,0
1781,57,14,25,0
1782,57,14,25,0
1783,57,14,25,0
1784,57,14,25,0
1785,57,14,25,0
1786,57,14,25,0
1787,57,14,25,0
1788,57,14,25,0
1789,57,14,25,0
1790,57,14,25,0
1791,57,14,25,0
1792,57,14,25,0
1793,57,14,25,0
1794,57,14,25,0
1795,57,14,25,0
1796,57,14,25,0
1797,57,14,25,0
1798,57,14,25,0
1799,57,14,25,0
1800,57,14,25,0
1801,57,14,25,0
1802,57,14,25,0
1803,57,14,25,0
1804,57,14,25,0
1805,57,14,25,0
1806,57,14,25,0
1807,57,14,25,0
1808,57,14,25,0
1809,57,14,25,0
1810,57,14,25,0
1811,57,14,25,0
1812,57,14,25,0
1813,57,14,25,0
1814,57,14,25,0
1815,57,14,25,0
1816,57,14,25,0
1817,57,14,25,0
1818,57,14,25,0
1819,57,14,25,0
1820,57,14,25,0
1821,57,14,25,0
1822,57,14,25,0
1823,57,14,25,0
1824,57,14,25,0
1825,57,14,25,0
1826,57,14,25,0
1827,57,14,25,0
1828,57,14,25,0
1829,57,14,25,0
1830,57,14,25,0
1831,57,14,25,0
1832,57,14,25,0
1833,57,14,25,0
1834,57,14,25,0
1835,57,14,25,0
1836,57,14,25,0
1837,57,14,25,0
1838,57,14,25,0
1839,57,14,25,0
1840,57,14,25,0
1841,57,14,25,0
1842,57,14,25,0
1843,57,14,25,0
1844,57,14,25,0
1845,57,14,25,0
1846,57,14,25,0
1847,57,14,25,0
1848,57,14,25,0
1849,57,14,25,0
1850,57,14,25,0
1851,57,14,25,0
1852,57,14,25,0
1853,57,14,25,0
1854,57,14,25,0
1855,57,14,25,0
1856,57,14,25,0
1857,57,14,25,0
1858,57,14,25,0
1859,57,14,25,0
1860,57,14,25,0
1861,57,14,25,0
1862,57,14,25,0
1863,57,14,25,0
1864,57,14,25,0
1865,57,14,25,0
1866,57,14,25,0
1867,57,14,25,0
1868,57,14,25,0
1869,57,14,25,0
1870,57,14,25,0
1871,57,14,25,0
1872,57,14,25,0
1873,57,14,25,0
1874,57,14,25,0
1875,57,14,25,0
1876,57,14,25,0
1877,57,14,25,0
1878,57,14,25,0
1879,57,14,25,0
1880,57,14,25,0
1881,57,14,25,0
1882,57,14,25,0
1883,57,14,25,0
1884,57,14,25,0
1885,57,14,25,0
1886,57,14,25,0
1887,57,14,25,0
1888,57,14,25,0
1889,57,14,25,0
1890,57,14,25,0
1891,57,14,25,0
1892,57,14,25,0
1893,57,14,25,0
1894,57,14,25,0
1895,57,14,25,0
1896,57,14,25,0
1897,57,14,25,0
1898,57,14,25,0
1899,57,14,25,0
1900,57,14,25,0
1901,57,14,25,0
1902,57,14,25,0
1903,57,14,25,0
1904,57,14,25,0
1905,57,14,25,0
1906,57,14,25,0
1907,57,14,25,0
1908,57,14,25,0
1909,57,14,25,0
1910,57,14,25,0
1911,57,14,25,0
1912,57,14,25,0
1913,57,14,25,0
1914,57,14,25,0
1915,57,14,25,0
1916,57,14,25,0
1917,57,14,25,0
1918,57,14,25,0
1919,57,14,25,0
1920,57,14,25,0
1921,57,14,25,0
1922,57,14,25,0
1923,57,14,25,0
1924,57,14,25,0
1925,57,14,25,0
1926,57,14,25,0
1927,57,14,25,0
1928,57,14,25,0
1929,57,14,25,0
1930,57,14,25,0
1931,57,14,25,0
1932,57,14,25,0
1933,57,14,25,0
1934,57,14,25,0
1935,57,14,25,0
1936,57,14,25,0
1937,57,14,25,0
1938,57,14,25,0
1939,57,14,25,0
1940,57,14,25,0
1941,57,14,25,0
1942,57,14,25,0
1943,57,14,25,0
1944,57,14,25,0
1945,57,14,25,0
1946,57,14,25,0
1947,57,14,25,0
1948,57,14,25,0
1949,57,14,25,0
1950,57,14,25,0
1951,57,14,25,0
1952,57,14,25,0
1953,57,14,25,0
1954,57,14,25,0
1955,57,14,25,0
1956,57,14,25,0
1957,57,14,25,0
1958,57,14,25,0
1959,57,14,25,0
1960,57,14,25,0
1961,57,14,25,0
1962,57,14,25,0
1963,57,14,25,0
1964,57,14,25,0
1965,57,14,25,0
1966,57,14,25,0
1967,57,14,25,0
1968,57,14,25,0
1969,57,14,25,0
1970,57,14,25,0
1971,57,14,25,0
1972,57,14,25,0
1973,57,14,25,0
1974,57,14,25,0
1975,57,14,25,0
1976,57,14,25,0
1977,57,14,25,0
1978,57,14,25,0
1979,57,14,25,0
1980,57,14,25,0
1981,57,14,25,0
1982,57,14,25,0
1983,57,14,25,0
1984,57,14,25,0
1985,57,14,25,0
1986,57,14,25,0
1987,57,14,25,0
1988,57,14,25,0
1989,57,14,25,0
1990,57,14,25,0
1991,57,14,25,0
1992,57,14,25,0
1993,57,14,25,0
1994,57,14,25,0
1995,57,14,25,0
1996,57,14,25,0
1997,57,14,25,0
1998,57,14,25,0
1999,57,14,25,0
2000,57,14,25,0
2001,57,14,25,0
2002,57,14,25,0
2003,57,14,25,0
2004,57,14,25,0
2005,57,14,25,0
2006,57,14,25,0
2007,57,14,25,0
2008,57,14,25,0
2009,57,14,25,0
2010,57,14,25,0
2011,57,14,25,0
2012,57,14,25,0
2013,57,14,25,0
2014,57,14,25,0
2015,57,14,25,0
2016,57,14,25,0
2017,57,14,25,0
2018,57,14,25,0
2019,57,14,25,0
2020,57,14,25,0
2021,57,14,25,0
2022,57,14,25,0
2023,57,14,25,0
2024,57,14,25,0
2025,57,14,25,0
2026,57,14,25,0
2027,57,14,25,0
2028,57,14,25,0
2029,57,14,25,0
2030,57,14,25,0
2031,57,14,25,0
2032,57,14,25,0
2033,57,14,25,0
2034,57,14,25,0
2035,57,14,25,0
2036,57,14,25,0
2037,57,14,25,0
2038,57,14,25,0
2039,57,14,25,0
2040,57,14,25,0
2041,57,14,25,0
2042,57,14,25,0
2043,57,14,25,0
2044,57,14,25,0
2045,57,14,25,0
2046,57,14,25,0
2047,57,14,25,0
2048,57,14,25,0
2049,57,14,25,0
2050,57,14,25,0
2051,57,14,25,0
2052,57,14,25,0
2053,57,14,25,0
2054,57,14,25,0
2055,57,14,25,0
2056,57,14,25,0
2057,57,14,25,0
2058,57,14,25,0
2059,57,14,25,0
2060,57,14,25,0
2061,57,14,25,0
2062,57,14,25,0
2063,57,14,25,0
2064,57,14,25,0
2065,57,14,25,0
2066,57,14,25,0
2067,57,14,25,0
2068,57,14,25,0
2069,57,14,25,0
2070,57,14,25,0
2071,57,14,25,0
2072,57,14,25,0
2073,57,14,25,0
2074,57,14,25,0
2075,57,14,25,0
2076,57,14,25,0
2077,57,14,25,0
2078,57,14,25,0
2079,57,14,25,0
2080,57,14,25,0
2081,57,14,25,0
2082,57,14,25,0
2083,57,14,25,0
2084,57,14,25,0
2085,57,14,25,0
2086,57,14,25,0
2087,57,14,25,0
2088,57,14,25,0
2089,57,14,25,0
2090,57,14,25,0
2091,57,14,25,0
2092,57,14,25,0
2093,57,14,25,0
2094,57,14,25,0
2095,57,14,25,0
2096,57,14,25,0
2097,57,14,25,0
2098,57,14,25,0
2099,57,14,25,0
2100,57,14,25,0
2101,57,14,25,0
2102,57,14,25,0
2103,57,14,25,0
2104,57,14,25,0
2105,57,14,25,0
2106,57,14,25,0
2107,57,14,25,0
2108,57,14,25,0
2109,57,14,25,0
2110,57,14,25,0
2111,57,14,25,0
2112,57,14,25,0
2113,57,14,25,0
2114,57,14,25,0
2115,57,14,25,0
2116,57,14,25,0
2117,57,14,25,0
2118,57,14,25,0
2119,57,14,25,0
2120,57,14,25,0
2121,57,14,25,0
2122,57,14,25,0
2123,57,14,25,0
2124,57,14,25,0
2125,57,14,25,0
2126,57,14,25,0
2127,57,14,25,0
2128,57,14,25,0
2129,57,14,25,0
2130,57,14,25,0
2131,57,14,25,0
2132,57,14,25,0
2133,57,14,25,0
2134,57,14,25,0
2135,57,14,25,0
2136,57,14,25,0
2137,57,14,25,0
2138,57,14,25,0
2139,57,14,25,0
2140,57,14,25,0
2141,57,14,25,0
2142,57,14,25,0
2143,57,14,25,0
2144,57,14,25,0
2145,57,14,25,0
2146,57,14,25,0
2147,57,14,25,0
2148,57,14,25,0
2149,57,14,25,0
2150,57,14,25,0
2151,57,14,25,0
2152,57,14,25,0
2153,57,14,25,0
2154,57,14,25,0
2155,57,14,25,0
2156,57,14,25,0
2157,57,14,25,0
2158,57,14,25,0
2159,57,14,25,0
2160,57,14,25,0
2161,57,14,25,0
2162,57,14,25,0
2163,57,14,25,0
2164,57,14,25,0
2165,57,14,25,0
2166,57,14,25,0
2167,57,14,25,0
2168,57,14,25,0
2169,57,14,25,0
2170,57,14,25,0
2171,57,14,25,0
2172,57,14,25,0
2173,57,14,25,0
2174,57,14,25,0
2175,57,14,25,0
2176,57,14,25,0
2177,57,14,25,0
2178,57,14,25,0
2179,57,14,25,0
2180,57,14,25,0
2181,57,14,25,0
2182,57,14,25,0
2183,57,14,25,0
2184,57,14,25,0
2185,57,14,25,0
2186,57,14,25,0
2187,57,14,25,0
2188,57,14,25,0
2189,57,14,25,0
2190,57,14,25,0
2191,57,14,25,0
2192,57,14,25,0
2193,57,14,25,0
2194,57,14,25,0
2195,57,14,25,0
2196,57,14,25,0
2197,57,14,25,0
2198,57,14,25,0
2199,57,14,25,0
2200,57,14,25,0
2201,57,14,25,0
2202,57,14,25,0
2203,57,14,25,0
2204,57,14,25,0
2205,57,14,25,0
2206,57,14,25,0
2207,57,14,25,0
2208,57,14,25,0
2209,57,14,25,0
2210,57,14,25,0
2211,57,14,25,0
2212,57,14,25,0
2213,57,14,25,0
2214,57,14,25,0
2215,57,14,25,0
2216,57,14,25,0
2217,57,14,25,0
2218,57,14,25,0
2219,57,14,25,0
2220,57,14,25,0
2221,57,14,25,0
2222,57,14,25,0
2223,57,14,25,0
2224,57,14,25,0
2225,57,14,25,0
2226,57,14,25,0
2227,57,14,25,0
2228,57,14,25,0
2229,57,14,25,0
2230,57,14,25,0
2231,57,14,25,0
2232,57,14,25,0
2233,57,14,25,0
2234,57,14,25,0
2235,57,14,25,0
2236,57,14,25,0
2237,57,14,25,0
2238,57,14,25,0
2239,57,14,25,0
2240,57,14,25,0
2241,57,14,25,0
2242,57,14,25,0
2243,57,14,25,0
2244,57,14,25,0
2245,57,14,25,0
2246,57,14,25,0
2247,57,14,25,0
2248,57,14,25,0
2249,57,14,25,0
2250,57,14,25,0
2251,57,14,25,0
2252,57,14,25,0
2253,57,14,25,0
2254,57,14,25,0
2255,57,14,25,0
2256,57,14,25,0
2257,57,14,25,0
2258,57,14,25,0
2259,57,14,25,0
2260,57,14,25,0
2261,57,14,25,0
2262,57,14,25,0
2263,57,14,25,0
2264,57,14,25,0
2265,57,14,25,0
2266,57,14,25,0
2267,57,14,25,0
2268,57,14,25,0
2269,57,14,25,0
2270,57,14,25,0
2271,57,14,25,0
2272,57,14,25,0
2273,57,14,25,0
2274,57,14,25,0
2275,57,14,25,0
2276,57,14,25,0
2277,57,14,25,0
2278,57,14,25,0
2279,57,14,25,0
2280,57,14,25,0
2281,57,14,25,0
2282,57,14,25,0
2283,57,14,25,0
2284,57,14,25,0
2285,57,14,25,0
2286,57,14,25,0
2287,57,14,25,0
2288,57,14,25,0
2289,57,14,25,0
2290,57,14,25,0
2291,57,14,25,0
2292,57,14,25,0
2293,57,14,25,0
2294,57,14,25,0
2295,57,14,25,0
2296,57,14,25,0
2297,57,14,25,0
2298,57,14,25,0
2299,57,14,25,0
2300,57,14,25,0
2301,57,14,25,0
2302,57,14,25,0
2303,57,14,25,0
2304,57,14,25,0
2305,57,14,25,0
2306,57,14,25,0
2307,57,14,25,0
2308,57,14,25,0
2309,57,14,25,0
2310,57,14,25,0
2311,57,14,25,0
2312,57,14,25,0
2313,57,14,25,0
2314,57,14,25,0
2315,57,14,25,0
2316,57,14,25,0
2317,57,14,25,0
2318,57,14,25,0
2319,57,14,25,0
2320,57,14,25,0
2321,57,14,25,0
2322,57,14,25,0
2323,57,14,25,0
2324,57,14,25,0
2325,57,14,25,0
2326,57,14,25,0
2327,57,14,25,0
2328,57,14,25,0
2329,57,14,25,0
2330,57,14,25,0
2331,57,14,25,0
2332,57,14,25,0
2333,57,14,25,0
2334,57,14,25,0
2335,57,14,25,0
2336,57,14,25,0
2337,57,14,25,0
2338,57,14,25,0
2339,57,14,25,0
2340,57,14,25,0
2341,57,14,25,0
2342,57,14,25,0
2343,57,14,25,0
2344,57,14,25,0
2345,57,14,25,0
2346,57,14,25,0
2347,57,14,25,0
2348,57,14,25,0
2349,57,14,25,0
2350,57,14,25,0
2351,57,14,25,0
2352,57,14,25,0
2353,57,14,25,0
2354,57,14,25,0
2355,57,14,25,0
2356,57,14,25,0
2357,57,14,25,0
2358,57,14,25,0
2359,57,14,25,0
2360,57,14,25,0
2361,57,14,25,0
2362,57,14,25,0
2363,57,14,25,0
2364,57,14,25,0
2365,57,14,25,0
2366,57,14,25,0
2367,57,14,25,0
2368,57,14,25,0
2369,57,14,25,0
2370,57,14,25,0
2371,57,14,25,0
2372,57,14,25,0
2373,57,14,25,0
2374,57,14,25,0
2375,57,14,25,0
2376,57,14,25,0
2377,57,14,25,0
2378,57,14,25,0
2379,57,14,25,0
2380,57,14,25,0
2381,57,14,25,0
2382,57,14,25,0
2383,57,14,25,0
2384,57,14,25,0
2385,57,14,25,0
2386,57,14,25,0
2387,57,14,25,0
2388,57,14,25,0
2389,57,14,25,0
2390,57,14,25,0
2391,57,14,25,0
2392,57,14,25,0
2393,57,14,25,0
2394,57,14,25,0
2395,57,14,25,0
2396,57,14,25,0
2397,57,14,25,0
2398,57,14,25,0
2399,57,14,25,0
2400,57,14,25,0
2401,57,14,25,0
2402,57,14,25,0
2403,57,14,25,0
2404,57,14,25,0
2405,57,14,25,0
2406,57,14,25,0
2407,57,14,25,0
2408,57,14,25,0
2409,57,14,25,0
2410,57,14,25,0
2411,57,14,25,0
2412,57,14,25,0
2413,57,14,25,0
2414,57,14,25,0
2415,57,14,25,0
2416,57,14,25,0
2417,57,14,25,0
2418,57,14,25,0
2419,57,14,25,0
2420,57,14,25,0
2421,57,14,25,0
2422,57,14,25,0
2423,57,14,25,0
2424,57,14,25,0
2425,57,14,25,0
2426,57,14,25,0
2427,57,14,25,0
2428,57,14,25,0
2429,57,14,25,0
2430,57,14,25,0
2431,57,14,25,0
2432,57,14,25,0
2433,57,14,25,0
2434,57,14,25,0
2435,57,14,25,0
2436,57,14,25,0
2437,57,14,25,0
2438,57,14,25,0
2439,57,14,25,0
2440,57,14,25,0
2441,57,14,25,0
2442,57,14,25,0
2443,57,14,25,0
2444,57,14,25,0
2445,57,14,25,0
2446,57,14,25,0
2447,57,14,25,0
2448,57,14,25,0
2449,57,14,25,0
2450,57,14,25,0
2451,57,14,25,0
2452,57,14,25,0
2453,57,14,25,0
2454,57,14,25,0
2455,57,14,25,0
2456,57,14,25,0
2457,57,14,25,0
2458,57,14,25,0
2459,57,14,25,0
2460,57,14,25,0
2461,57,14,25,0
2462,57,14,25,0
2463,57,14,25,0
2464,57,14,25,0
2465,57,14,25,0
2466,57,14,25,0
2467,57,14,25,0
2468,57,14,25,0
2469,57,14,25,0
2470,57,14,25,0
2471,57,14,25,0
2472,57,14,25,0
2473,57,14,25,0
2474,57,14,25,0
2475,57,14,25,0
2476,57,14,25,0
2477,57,14,25,0
2478,57,14,25,0
2479,57,14,25,0
2480,57,14,25,0
2481,57,14,25,0
2482,57,14,25,0
2483,57,14,25,0
2484,57,14,25,0
2485,57,14,25,0
2486,57,14,25,0
2487,57,14,25,0
2488,57,14,25,0
2489,57,14,25,0
2490,57,14,25,0
2491,57,14,25,0
2492,57,14,25,0
2493,57,14,25,0
2494,57,14,25,0
2495,57,14,25,0
2496,57,14,25,0
2497,57,14,25,0
2498,57,14,25,0
2499,57,14,25,0
2500,57,14,25,0
2501,57,14,25,0
2502,57,14,25,0
2503,57,14,25,0
2504,57,14,25,0
2505,57,14,25,0
2506,57,14,25,0
2507,57,14,25,0
2508,57,14,25,0
2509,57,14,25,0
2510,57,14,25,0
2511,57,14,25,0
2512,57,14,25,0
2513,57,14,25,0
2514,57,14,25,0
2515,57,14,25,0
2516,57,14,25,0
2517,57,14,25,0
2518,57,14,25,0
2519,57,14,25,0
2520,57,14,25,0
2521,57,14,25,0
2522,57,14,25,0
2523,57,14,25,0
2524,57,14,25,0
2525,57,14,25,0
2526,57,14,25,0
2527,57,14,25,0
2528,57,14,25,0
2529,57,14,25,0
2530,57,14,25,0
2531,57,14,25,0
2532,57,14,25,0
2533,57,14,25,0
2534,57,14,25,0
2535,57,14,25,0
2536,57,14,25,0
2537,57,14,25,0
2538,57,14,25,0
2539,57,14,25,0
2540,57,14,25,0
2541,57,14,25,0
2542,57,14,25,0
2543,57,14,25,0
2544,57,14,25,0
2545,57,14,25,0
2546,57,14,25,0
2547,57,14,25,0
2548,57,14,25,0
2549,57,14,25,0
2550,57,14,25,0
2551,57,14,25,0
2552,57,14,25,0
2553,57,14,25,0
2554,57,14,25,0
2555,57,14,25,0
2556,57,14,25,0
2557,57,14,25,0
2558,57,14,25,0
2559,57,14,25,0
2560,57,14,25,0
2561,57,14,25,0
2562,57,14,25,0
2563,57,14,25,0
2564,57,14,25,0
2565,57,14,25,0
2566,57,14,25,0
2567,57,14,25,0
2568,57,14,25,0
2569,57,14,25,0
2570,57,14,25,0
2571,57,14,25,0
2572,57,14,25,0
2573,57,14,25,0
2574,57,14,25,0
2575,57,14,25,0
2576,57,14,25,0
2577,57,14,25,0
2578,57,14,25,0
2579,57,14,25,0
2580,57,14,25,0
2581,57,14,25,0
2582,57,14,25,0
2583,57,14,25,0
2584,57,14,25,0
2585,57,14,25,0
2586,57,14,25,0
2587,57,14,25,0
2588,57,14,25,0
2589,57,14,25,0
2590,57,14,25,0
2591,57,14,25,0
2592,57,14,25,0
2593,57,14,25,0
2594,57,14,25,0
2595,57,14,25,0
2596,57,14,25,0
2597,57,14,25,0
2598,57,14,25,0
2599,57,14,25,0
2600,57,14,25,0
2601,57,14,25,0
2602,57,14,25,0
2603,57,14,25,0
2604,57,14,25,0
2605,57,14,25,0
2606,57,14,25,0
2607,57,14,25,0
2608,57,14,25,0
2609,57,14,25,0
2610,57,14,25,0
2611,57,14,25,0
2612,57,14,25,0
2613,57,14,25,0
2614,57,14,25,0
2615,57,14,25,0
2616,57,14,25,0
2617,57,14,25,0
2618,57,14,25,0
2619,57,14,25,0
2620,57,14,25,0
2621,57,14,25,0
2622,57,14,25,0
2623,57,14,25,0
2624,57,14,25,0
2625,57,14,25,0
2626,57,14,25,0
2627,57,14,25,0
2628,57,14,25,0
2629,57,14,25,0
2630,57,14,25,0
2631,57,14,25,0
2632,57,14,25,0
2633,57,14,25,0
2634,57,14,25,0
2635,57,14,25,0
2636,57,14,25,0
2637,57,14,25,0
2638,57,14,25,0
2639,57,14,25,0
2640,57,14,25,0
2641,57,14,25,0
2642,57,14,25,0
2643,57,14,25,0
2644,57,14,25,0
2645,57,14,25,0
2646,57,14,25,0
2647,57,14,25,0
2648,57,14,25,0
2649,57,14,25,0
2650,57,14,25,0
2651,57,14,25,0
2652,57,14,25,0
2653,57,14,25,0
2654,57,14,25,0
2655,57,14,25,0
2656,57,14,25,0
2657,57,14,25,0
2658,57,14,25,0
2659,57,14,25,0
2660,57,14,25,0
2661,57,14,25,0
2662,57,14,25,0
2663,57,14,25,0
2664,57,14,25,0
2665,57,14,25,0
2666,57,14,25,0
2667,57,14,25,0
2668,57,14,25,0
2669,57,14,25,0
2670,57,14,25,0
2671,57,14,25,0
2672,57,14,25,0
2673,57,14,25,0
2674,57,14,25,0
2675,57,14,25,0
2676,57,14,25,0
2677,57,14,25,0
2678,57,14,25,0
2679,57,14,25,0
2680,57,14,25,0
2681,57,14,25,0
2682,57,14,25,0
2683,57,14,25,0
2684,57,14,25,0
2685,57,14,25,0
2686,57,14,25,0
2687,57,14,25,0
2688,57,14,25,0
2689,57,14,25,0
2690,57,14,25,0
2691,57,14,25,0
2692,57,14,25,0
2693,57,14,25,0
2694,57,14,25,0
2695,57,14,25,0
2696,57,14,25,0
2697,57,14,25,0
2698,57,14,25,0
2699,57,14,25,0
2700,57,14,25,0
2701,57,14,25,0
2702,57,14,25,0
2703,57,14,25,0
2704,57,14,25,0
2705,57,14,25,0
2706,57,14,25,0
2707,57,14,25,0
2708,57,14,25,0
2709,57,14,25,0
2710,57,14,25,0
2711,57,14,25,0
2712,57,14,25,0
2713,57,14,25,0
2714,57,14,25,0
2715,57,14,25,0
2716,57,14,25,0
2717,57,14,25,0
2718,57,14,25,0
2719,57,14,25,0
2720,57,14,25,0
2721,57,14,25,0
2722,57,14,25,0
2723,57,14,25,0
2724,57,14,25,0
2725,57,14,25,0
2726,57,14,25,0
2727,57,14,25,0
2728,57,14,25,0
2729,57,14,25,0
2730,57,14,25,0
2731,57,14,25,0
2732,57,14,25,0
2733,57,14,25,0
2734,57,14,25,0
2735,57,14,25,0
2736,57,14,25,0
2737,57,14,25,0
2738,57,14,25,0
2739,57,14,25,0
2740,57,14,25,0
2741,57,14,25,0
2742,57,14,25,0
2743,57,14,25,0
2744,57,14,25,0
2745,57,14,25,0
2746,57,14,25,0
2747,57,14,25,0
2748,57,14,25,0
2749,57,14,25,0
2750,57,14,25,0
2751,57,14,25,0
2752,57,14,25,0
2753,57,14,25,0
2754,57,14,25,0
2755,57,14,25,0
2756,57,14,25,0
2757,57,14,25,0
2758,57,14,25,0
2759,57,14,25,0
2760,57,14,25,0
2761,57,14,25,0
2762,57,14,25,0
2763,57,14,25,0
2764,57,14,25,0
2765,57,14,25,0
2766,57,14,25,0
2767,57,14,25,0
2768,57,14,25,0
2769,57,14,25,0
2770,57,14,25,0
2771,57,14,25,0
2772,57,14,25,0
2773,57,14,25,0
2774,57,14,25,0
2775,57,14,25,0
2776,57,14,25,0
2777,57,14,25,0
2778,57,14,25,0
2779,57,14,25,0
2780,57,14,25,0
2781,57,14,25,0
2782,57,14,25,0
2783,57,14,25,0
2784,57,14,25,0
2785,57,14,25,0
2786,57,14,25,0
2787,57,14,25,0
2788,57,14,25,0
2789,57,14,25,0
2790,57,14,25,0
2791,57,14,25,0
2792,57,14,25,0
2793,57,14,25,0
2794,57,14,25,0
2795,57,14,25,0
2796,57,14,25,0
2797,57,14,25,0
2798,57,14,25,0
2799,57,14,25,0
2800,57,14,25,0
2801,57,14,25,0
2802,57,14,25,0
2803,57,14,25,0
2804,57,14,25,0
2805,57,14,25,0
2806,57,14,25,0
2807,57,14,25,0
2808,57,14,25,0
2809,57,14,25,0
2810,57,14,25,0
2811,57,14,25,0
2812,57,14,25,0
2813,57,14,25,0
2814,57,14,25,0
2815,57,14,25,0
2816,57,14,25,0
2817,57,14,25,0
2818,57,14,25,0
2819,57,14,25,0
2820,57,14,25,0
2821,57,14,25,0
2822,57,14,25,0
2823,57,14,25,0
2824,57,14,25,0
2825,57,14,25,0
2826,57,14,25,0
2827,57,14,25,0
2828,57,14,25,0
2829,57,14,25,0
2830,57,14,25,0
2831,57,14,25,0
2832,57,14,25,0
2833,57,14,25,0
2834,57,14,25,0
2835,57,14,25,0
2836,57,14,25,0
2837,57,14,25,0
2838,57,14,25,0
2839,57,14,25,0
2840,57,14,25,0
2841,57,14,25,0
2842,57,14,25,0
2843,57,14,25,0
2844,57,14,25,0
2845,57,14,25,0
2846,57,14,25,0
2847,57,14,25,0
2848,57,14,25,0
2849,57,14,25,0
2850,57,14,25,0
2851,57,14,25,0
2852,57,14,25,0
2853,57,14,25,0
2854,57,14,25,0
2855,57,14,25,0
2856,57,14,25,0
2857,57,14,25,0
2858,57,14,25,0
2859,57,14,25,0
2860,57,14,25,0
2861,57,14,25,0
2862,57,14,25,0
2863,57,14,25,0
2864,57,14,25,0
2865,57,14,25,0
2866,57,14,25,0
2867,57,14,25,0
2868,57,14,25,0
2869,57,14,25,0
2870,57,14,25,0
2871,57,14,25,0
2872,57,14,25,0
2873,57,14,25,0
2874,57,14,25,0
2875,57,14,25,0
2876,57,14,25,0
2877,57,14,25,0
2878,57,14,25,0
2879,57,14,25,0
2880,57,14,25,0
2881,57,14,25,0
2882,57,14,25,0
2883,57,14,25,0
2884,57,14,25,0
2885,57,14,25,0
2886,57,14,25,0
2887,57,14,25,0
2888,57,14,25,0
2889,57,14,25,0
2890,57,14,25,0
2891,57,14,25,0
2892,57,14,25,0
2893,57,14,25,0
2894,57,14,25,0
2895,57,14,25,0
2896,57,14,25,0
2897,57,14,25,0
2898,57,14,25,0
2899,57,14,25,0
2900,57,14,25,0
2901,57,14,25,0
2902,57,14,25,0
2903,57,14,25,0
2904,57,14,25,0
2905,57,14,25,0
2906,57,14,25,0
2907,57,14,25,0
2908,57,14,25,0
2909,57,14,25,0
2910,57,14,25,0
2911,57,14,25,0
2912,57,14,25,0
2913,57,14,25,0
2914,57,14,25,0
2915,57,14,25,0
2916,57,14,25,0
2917,57,14,25,0
2918,57,14,25,0
2919,57,14,25,0
2920,57,14,25,0
2921,57,14,25,0
2922,57,14,25,0
2923,57,14,25,0
2924,57,14,25,0
2925,57,14,25,0
2926,57,14,25,0
2927,57,14,25,0
2928,57,14,25,0
2929,57,14,25,0
2930,57,14,25,0
2931,57,14,25,0
2932,57,14,25,0
2933,57,14,25,0
2934,57,14,25,0
2935,57,14,25,0
2936,57,14,25,0
2937,57,14,25,0
2938,57,14,25,0
2939,57,14,25,0
2940,57,14,25,0
2941,57,14,25,0
2942,57,14,25,0
2943,57,14,25,0
2944,57,14,25,0
2945,57,14,25,0
2946,57,14,25,0
2947,57,14,25,0
2948,57,14,25,0
2949,57,14,25,0
2950,57,14,25,0
2951,57,14,25,0
2952,57,14,25,0
2953,57,14,25,0
2954,57,14,25,0
2955,57,14,25,0
2956,57,14,25,0
2957,57,14,25,0
2958,57,14,25,0
2959,57,14,25,0
2960,57,14,25,0
2961,57,14,25,0
2962,57,14,25,0
2963,57,14,25,0
2964,57,14,25,0
2965,57,14,25,0
2966,57,14,25,0
2967,57,14,25,0
2968,57,14,25,0
2969,57,14,25,0
2970,57,14,25,0
2971,57,14,25,0
2972,57,14,25,0
2973,57,14,25,0
2974,57,14,25,0
2975,57,14,25,0
2976,57,14,25,0
2977,57,14,25,0
2978,57,14,25,0
2979,57,14,25,0
2980,57,14,25,0
2981,57,14,25,0
2982,57,14,25,0
2983,57,14,25,0
2984,57,14,25,0
2985,57,14,25,0
2986,57,14,25,0
2987,57,14,25,0
2988,57,14,25,0
2989,57,14,25,0
2990,57,14,25,0
2991,57,14,25,0
2992,57,14,25,0
2993,57,14,25,0
2994,57,14,25,0
2995,57,14,25,0
2996,57,14,25,0
2997,57,14,25,0
2998,57,14,25,0
2999,57,14,25,0
3000,57,14,25,0
3001,57,14,25,0
3002,57,14,25,0
3003,57,14,25,0
3004,57,14,25,0
3005,57,14,25,0
3006,57,14,25,0
3007,57,14,25,0
3008,57,14,25,0
3009,57,14,25,0
3010,57,14,25,0
3011,57,14,25,0
3012,57,14,25,0
3013,57,14,25,0
3014,57,14,25,0
3015,57,14,25,0
3016,57,14,25,0
3017,57,14,25,0
3018,57,14,25,0
3019,57,14,25,0
3020,57,14,25,0
3021,57,14,25,0
3022,57,14,25,0
3023,57,14,25,0
3024,57,14,25,0
3025,57,14,25,0
3026,57,14,25,0
3027,57,14,25,0
3028,57,14,25,0
3029,57,14,25,0
3030,57,14,25,0
3031,57,14,25,0
3032,57,14,25,0
3033,57,14,25,0
3034,57,14,25,0
3035,57,14,25,0
3036,57,14,25,0
3037,57,14,25,0
3038,57,14,25,0
3039,57,14,25,0
3040,57,14,25,0
3041,57,14,25,0
3042,57,14,25,0
3043,57,14,25,0
3044,57,14,25,0
3045,57,14,25,0
3046,57,14,25,0
3047,57,14,25,0
3048,57,14,25,0
3049,57,14,25,0
3050,57,14,25,0
3051,57,14,25,0
3052,57,14,25,0
3053,57,14,25,0
3054,57,14,25,0
3055,57,14,25,0
3056,57,14,25,0
3057,57,14,25,0
3058,57,14,25,0
3059,57,14,25,0
3060,57,14,25,0
3061,57,14,25,0
3062,57,14,25,0
3063,57,14,25,0
3064,57,14,25,0
3065,57,14,25,0
3066,57,14,25,0
3067,57,14,25,0
3068,57,14,25,0
3069,57,14,25,0
3070,57,14,25,0
3071,57,14,25,0
3072,57,14,25,0
3073,57,14,25,0
3074,57,14,25,0
3075,57,14,25,0
3076,57,14,25,0
3077,57,14,25,0
3078,57,14,25,0
3079,57,14,25,0
3080,57,14,25,0
3081,57,14,25,0
3082,57,14,25,0
3083,57,14,25,0
3084,59,15,26,0
3085,59,15,26,0
3086,59,15,26,0
3087,59,15,26,0
3088,59,15,26,0
3089,59,15,26,0
3090,59,15,26,0
3091,59,15,26,0
3092,59,15,26,0
3093,59,15,26,0
3094,59,15,26,0
3095,59,15,26,0
3096,59,15,26,0
3097,59,15,26,0
3098,59,15,26,0
3099,59,15,26,0
3100,59,15,26,0
3101,59,15,26,0
3102,59,15,26,0
3103,59,15,26,0
3104,59,15,26,0
3105,59,15,26,0
3106,59,15,26,0
3107,59,15,26,0
3108,59,15,26,0
3109,59,15,26,0
3110,59,15,26,0
3111,59,15,26,0
3112,59,15,26,0
3113,59,15,26,0
3114,59,15,26,0
3115,59,15,26,0
3116,59,15,26,0
3117,59,15,26,0
3118,59,15,26,0
3119,59,15,26,0
3120,59,15,26,0
3121,59,15,26,0
3122,59,15,26,0
3123,59,15,26,0
3124,59,15,26,0
3125,59,15,26,0
3126,59,15,26,0
3127,59,15,26,0
3128,59,15,26,0
3129,59,15,26,0
3130,59,15,26,0
3131,59,15,26,0
3132,59,15,26,0
3133,59,15,26,0
3134,59,15,26,0
3135,59,15,26,0
3136,59,15,26,0
3137,59,15,26,0
3138,59,15,26,0
3139,59,15,26,0
3140,59,15,26,0
3141,59,15,26,0
3142,59,15,26,0
3143,59,15,26,0
3144,59,15,26,0
3145,59,15,26,0
3146,59,15,26,0
3147,59,15,26,0
3148,59,15,26,0
3149,59,15,26,0
3150,59,15,26,0
3151,59,15,26,0
3152,59,15,26,0
3153,59,15,26,0
3154,59,15,26,0
3155,59,15,26,0
3156,59,15,26,0
3157,59,15,26,0
3158,59,15,26,0
3159,59,15,26,0
3160,59,15,26,0
3161,59,15,26,0
3162,59,15,26,0
3163,59,15,26,0
3164,59,15,26,0
3165,59,15,26,0
3166,59,15,26,0
3167,59,15,26,0
3168,59,15,26,0
3169,59,15,26,0
3170,59,15,26,0
3171,59,15,26,0
3172,59,15,26,0
3173,59,15,26,0
3174,59,15,26,0
3175,59,15,26,0
3176,59,15,26,0
3177,59,15,26,0
3178,59,15,26,0
3179,59,15,26,0
3180,59,15,26,0
3181,59,15,26,0
3182,59,15,26,0
3183,59,15,26,0
3184,59,15,26,0
3185,59,15,26,0
3186,59,15,26,0
3187,59,15,26,0
3188,59,15,26,0
3189,59,15,26,0
3190,59,15,26,0
3191,59,15,26,0
3192,59,15,26,0
3193,59,15,26,0
3194,59,15,26,0
3195,59,15,26,0
3196,59,15,26,0
3197,59,15,26,0
3198,59,15,26,0
3199,59,15,26,0
3200,59,15,26,0
3201,59,15,26,0
3202,59,15,26,0
3203,59,15,26,0
3204,59,15,26,0
3205,59,15,26,0
3206,59,15,26,0
3207,59,15,26,0
3208,59,15,26,0
3209,59,15,26,0
3210,59,15,26,0
3211,59,15,26,0
3212,59,15,26,0
3213,59,15,26,0
3214,59,15,26,0
3215,59,15,26,0
3216,59,15,26,0
3217,59,15,26,0
3218,59,15,26,0
3219,59,15,26,0
3220,59,15,26,0
3221,59,15,26,0
3222,59,15,26,0
3223,59,15,26,0
3224,59,15,26,0
3225,59,15,26,0
3226,59,15,26,0
3227,59,15,26,0
3228,59,15,26,0
3229,59,15,26,0
3230,59,15,26,0
3231,59,15,26,0
3232,59,15,26,0
3233,59,15,26,0
3234,59,15,26,0
3235,59,15,26,0
3236,59,15,26,0
3237,59,15,26,0
3238,59,15,26,0
3239,59,15,26,0
3240,59,15,26,0
3241,59,15,26,0
3242,59,15,26,0
3243,59,15,26,0
3244,59,15,26,0
3245,59,15,26,0
3246,59,15,26,0
3247,59,15,26,0
3248,59,15,26,0
3249,59,15,26,0
3250,59,15,26,0
3251,59,15,26,0
3252,59,15,26,0
3253,59,15,26,0
3254,59,15,26,0
3255,59,15,26,0
3256,59,15,26,0
3257,59,15,26,0
3258,59,15,26,0
3259,59,15,26,0
3260,59,15,26,0
3261,59,15,26,0
3262,59,15,26,0
3263,59,15,26,0
3264,59,15,26,0
3265,59,15,26,0
3266,59,15,26,0
3267,59,15,26,0
3268,59,15,26,0
3269,59,15,26,0
3270,59,15,26,0
3271,59,15,26,0
3272,59,15,26,0
3273,59,15,26,0
3274,59,15,26,0
3275,59,15,26,0
3276,59,15,26,0
3277,59,15,26,0
3278,59,15,26,0
3279,59,15,26,0
3280,59,15,26,0
3281,59,15,26,0
3282,59,15,26,0
3283,59,15,26,0
3284,59,15,26,0
3285,59,15,26,0
3286,59,15,26,0
3287,59,15,26,0
3288,59,15,26,0
3289,59,15,26,0
3290,59,15,26,0
3291,59,15,26,0
3292,59,15,26,0
3293,59,15,26,0
3294,59,15,26,0
3295,59,15,26,0
3296,59,15,26,0
3297,59,15,26,0
3298,59,15,26,0
3299,59,15,26,0
3300,59,15,26,0
3301,59,15,26,0
3302,59,15,26,0
3303,59,15,26,0
3304,59,15,26,0
3305,59,15,26,0
3306,59,15,26,0
3307,59,15,26,0
3308,59,15,26,0
3309,59,15,26,0
3310,59,15,26,0
3311,59,15,26,0
3312,59,15,26,0
3313,59,15,26,0
3314,59,15,26,0
3315,59,15,26,0
3316,59,15,26,0
3317,59,15,26,0
3318,59,15,26,0
3319,59,15,26,0
3320,59,15,26,0
3321,59,15,26,0
3322,59,15,26,0
3323,59,15,26,0
3324,59,15,26,0
3325,59,15,26,0
3326,59,15,26,0
3327,59,15,26,0
3328,59,15,26,0
3329,59,15,26,0
3330,59,15,26,0
3331,59,15,26,0
3332,59,15,26,0
3333,59,15,26,0
3334,59,15,26,0
3335,59,15,26,0
3336,59,15,26,0
3337,59,15,26,0
3338,59,15,26,0
3339,59,15,26,0
3340,59,15,26,0
3341,59,15,26,0
3342,59,15,26,0
3343,59,15,26,0
3344,59,15,26,0
3345,59,15,26,0
3346,59,15,26,0
3347,59,15,26,0
3348,59,15,26,0
3349,59,15,26,0
3350,59,15,26,0
3351,59,15,26,0
3352,59,15,26,0
3353,59,15,26,0
3354,59,15,26,0
3355,59,15,26,0
3356,59,15,26,0
3357,59,15,26,0
3358,59,15,26,0
3359,59,15,26,0
3360,59,15,26,0
3361,59,15,26,0
3362,59,15,26,0
3363,59,15,26,0
3364,59,15,26,0
3365,59,15,26,0
3366,59,15,26,0
3367,59,15,26,0
3368,59,15,26,0
3369,59,15,26,0
3370,59,15,26,0
3371,59,15,26,0
3372,59,15,26,0
3373,59,15,26,0
3374,59,15,26,0
3375,59,15,26,0
3376,59,15,26,0
3377,59,15,26,0
3378,59,15,26,0
3379,59,15,26,0
3380,59,15,26,0
3381,59,15,26,0
3382,59,15,26,0
3383,59,15,26,0
3384,59,15,26,0
3385,59,15,26,0
3386,59,15,26,0
3387,59,15,26,0
3388,59,15,26,0
3389,59,15,26,0
3390,59,15,26,0
3391,59,15,26,0
3392,59,15,26,0
3393,59,15,26,0
3394,59,15,26,0
3395,59,15,26,0
3396,59,15,26,0
3397,59,15,26,0
3398,59,15,26,0
3399,59,15,26,0
3400,59,15,26,0
3401,59,15,26,0
3402,59,15,26,0
3403,59,15,26,0
3404,59,15,26,0
3405,59,15,26,0
3406,59,15,26,0
3407,59,15,26,0
3408,59,15,26,0
3409,59,15,26,0
3410,59,15,26,0
3411,59,15,26,0
3412,59,15,26,0
3413,59,15,26,0
3414,59,15,26,0
3415,59,15,26,0
3416,59,15,26,0
3417,59,15,26,0
3418,59,15,26,0
3419,59,15,26,0
3420,59,15,26,0
3421,59,15,26,0
3422,59,15,26,0
3423,59,15,26,0
3424,59,15,26,0
3425,59,15,26,0
3426,59,15,26,0
3427,59,15,26,0
3428,59,15,26,0
3429,59,15,26,0
3430,59,15,26,0
3431,59,15,26,0
3432,59,15,26,0
3433,59,15,26,0
3434,59,15,26,0
3435,59,15,26,0
3436,59,15,26,0
3437,59,15,26,0
3438,59,15,26,0
3439,59,15,26,0
3440,59,15,26,0
3441,59,15,26,0
3442,59,15,26,0
3443,59,15,26,0
3444,59,15,26,0
3445,59,15,26,0
3446,59,15,26,0
3447,59,15,26,0
3448,59,15,26,0
3449,59,15,26,0
3450,59,15,26,0
3451,59,15,26,0
3452,59,15,26,0
3453,59,15,26,0
3454,59,15,26,0
3455,59,15,26,0
3456,59,15,26,0
3457,59,15,26,0
3458,59,15,26,0
3459,59,15,26,0
3460,59,15,26,0
3461,59,15,26,0
3462,59,15,26,0
3463,59,15,26,0
3464,59,15,26,0
3465,59,15,26,0
3466,59,15,26,0
3467,59,15,26,0
3468,59,15,26,0
3469,59,15,26,0
3470,59,15,26,0
3471,59,15,26,0
3472,59,15,26,0
3473,59,15,26,0
3474,59,15,26,0
3475,59,15,26,0
3476,59,15,26,0
3477,59,15,26,0
3478,59,15,26,0
3479,59,15,26,0
3480,59,15,26,0
3481,59,15,26,0
3482,59,15,26,0
3483,59,15,26,0
3484,59,15,26,0
3485,59,15,26,0
3486,59,15,26,0
3487,59,15,26,0
3488,59,15,26,0
3489,59,15,26,0
3490,59,15,26,0
3491,59,15,26,0
3492,59,15,26,0
3493,59,15,26,0
3494,59,15,26,0
3495,59,15,26,0
3496,59,15,26,0
3497,59,15,26,0
3498,59,15,26,0
3499,59,15,26,0
3500,59,15,26,0
3501,59,15,26,0
3502,59,15,26,0
3503,59,15,26,0
3504,59,15,26,0
3505,59,15,26,0
3506,59,15,26,0
3507,59,15,26,0
3508,59,15,26,0
3509,59,15,26,0
3510,59,15,26,0
3511,59,15,26,0
3512,59,15,26,0
3513,59,15,26,0
3514,59,15,26,0
3515,59,15,26,0
3516,59,15,26,0
3517,59,15,26,0
3518,59,15,26,0
3519,59,15,26,0
3520,59,15,26,0
3521,59,15,26,0
3522,59,15,26,0
3523,59,15,26,0
3524,59,15,26,0
3525,59,15,26,0
3526,59,15,26,0
3527,59,15,26,0
3528,59,15,26,0
3529,59,15,26,0
3530,59,15,26,0
3531,59,15,26,0
3532,60,15,27,0
3533,60,15,27,0
3534,60,15,27,0
3535,60,15,27,0
3536,60,15,27,0
3537,60,15,27,0
3538,60,15,27,0
3539,60,15,27,0
3540,60,15,27,0
3541,60,15,27,0
3542,60,15,27,0
3543,60,15,27,0
3544,60,15,27,0
3545,60,15,27,0
3546,60,15,27,0
3547,60,15,27,0
3548,60,15,27,0
3549,60,15,27,0
3550,60,15,27,0
3551,60,15,27,0
3552,60,15,27,0
3553,60,15,27,0
3554,60,15,27,0
3555,60,15,27,0
3556,60,15,27,0
3557,60,15,27,0
3558,60,15,27,0
3559,60,15,27,0
3560,60,15,27,0
3561,60,15,27,0
3562,60,15,27,0
3563,60,15,27,0
3564,60,15,27,0
3565,60,15,27,0
3566,60,15,27,0
3567,60,15,27,0
3568,60,15,27,0
3569,60,15,27,0
3570,60,15,27,0
3571,60,15,27,0
3572,60,15,27,0
3573,60,15,27,0
3574,60,15,27,0
3575,60,15,27,0
3576,60,15,27,0
3577,60,15,27,0
3578,60,15,27,0
3579,60,15,27,0
3580,60,15,27,0
3581,60,15,27,0
3582,60,15,27,0
3583,60,15,27,0
3584,60,15,27,0
3585,60,15,27,0
3586,60,15,27,0
3587,60,15,27,0
3588,60,15,27,0
3589,60,15,27,0
3590,60,15,27,0
3591,60,15,27,0
3592,60,15,27,0
3593,60,15,27,0
3594,60,15,27,0
3595,60,15,27,0
3596,60,15,27,0
3597,60,15,27,0
3598,60,15,27,0
3599,60,15,27,0
3600,60,15,27,0
3601,60,15,27,0
3602,60,15,27,0
3603,60,15,27,0
3604,60,15,27,0
3605,60,15,27,0
3606,60,15,27,0
3607,60,15,27,0
3608,60,15,27,0
3609,60,15,27,0
3610,60,15,27,0
3611,60,15,27,0
3612,60,15,27,0
3613,60,15,27,0
3614,60,15,27,0
3615,60,15,27,0
3616,60,15,27,0
3617,60,15,27,0
3618,60,15,27,0
3619,60,15,27,0
3620,60,15,27,0
3621,60,15,27,0
3622,60,15,27,0
3623,60,15,27,0
3624,60,15,27,0
3625,60,15,27,0
3626,60,15,27,0
3627,60,15,27,0
3628,60,15,27,0
3629,60,15,27,0
3630,60,15,27,0
3631,60,15,27,0
3632,60,15,27,0
3633,60,15,27,0
3634,60,15,27,0
3635,60,15,27,0
3636,60,15,27,0
3637,60,15,27,0
3638,60,15,27,0
3639,60,15,27,0
3640,60,15,27,0
3641,60,15,27,0
3642,60,15,27,0
3643,60,15,27,0
3644,60,15,27,0
3645,60,15,27,0
3646,60,15,27,0
3647,60,15,27,0
3648,60,15,27,0
3649,60,15,27,0
3650,60,15,27,0
3651,60,15,27,0
3652,60,15,27,0
3653,60,15,27,0
3654,60,15,27,0
3655,60,15,27,0
3656,60,15,27,0
3657,60,15,27,0
3658,60,15,27,0
3659,60,15,27,0
3660,60,15,27,0
3661,60,15,27,0
3662,60,15,27,0
3663,60,15,27,0
3664,60,15,27,0
3665,60,15,27,0
3666,60,15,27,0
3667,60,15,27,0
3668,60,15,27,0
3669,60,15,27,0
3670,60,15,27,0
3671,60,15,27,0
3672,60,15,27,0
3673,60,15,27,0
3674,60,15,27,0
3675,60,15,27,0
3676,60,15,27,0
3677,60,15,27,0
3678,60,15,27,0
3679,61,15,28,0
3680,61,15,28,0
3681,61,15,28,0
3682,61,15,28,0
3683,61,15,28,0
3684,61,15,28,0
3685,61,15,28,0
3686,61,15,28,0
3687,61,15,28,0
3688,61,15,28,0
3689,61,15,28,0
3690,61,15,28,0
3691,61,15,28,0
3692,61,15,28,0
3693,61,15,28,0
3694,61,15,28,0
3695,61,15,28,0
3696,61,15,28,0
3697,61,15,28,0
3698,61,15,28,0
3699,61,15,28,0
3700,61,15,28,0
3701,61,15,28,0
3702,61,15,28,0
3703,61,15,28,0
3704,61,15,28,0
3705,61,15,28,0
3706,61,15,28,0
3707,61,15,28,0
3708,61,15,28,0
3709,61,15,28,0
3710,61,15,28,0
3711,61,15,28,0
3712,61,15,28,0
3713,61,15,28,0
3714,61,15,28,0
3715,61,15,28,0
3716,61,15,28,0
3717,61,15,28,0
3718,61,15,28,0
3719,61,15,28,0
3720,61,15,28,0
3721,61,15,28,0
3722,61,15,28,0
3723,61,15,28,0
3724,61,15,28,0
3725,61,15,28,0
3726,61,15,28,0
3727,61,15,28,0
3728,61,15,28,0
3729,61,15,28,0
3730,61,15,28,0
3731,61,15,28,0
3732,61,15,28,0
3733,61,15,28,0
3734,61,15,28,0
3735,61,15,28,0
3736,61,15,28,0
3737,61,15,28,0
3738,61,15,28,0
3739,61,15,28,0
3740,61,15,28,0
3741,61,15,28,0
3742,61,15,28,0
3743,61,15,28,0
3744,61,15,28,0
3745,61,15,28,0
3746,61,15,28,0
3747,61,15,28,0
3748,61,15,28,0
3749,61,15,28,0
3750,61,15,28,0
3751,61,15,28,0
3752,61,15,28,0
3753,61,15,28,0
3754,61,15,28,0
3755,61,15,28,0
3756,61,15,28,0
3757,61,15,28,0
3758,61,15,28,0
3759,61,15,28,0
3760,61,15,28,0
3761,61,15,28,0
3762,61,15,28,0
3763,61,15,28,0
3764,61,15,28,0
3765,61,15,28,0
3766,61,15,28,0
3767,61,15,28,0
3768,61,15,28,0
3769,61,15,28,0
3770,61,15,28,0
3771,61,15,28,0
3772,61,15,28,0
3773,61,15,28,0
3774,61,15,28,0
3775,61,15,28,0
3776,61,15,28,0
3777,61,15,28,0
3778,61,15,28,0
3779,61,15,28,0
3780,61,15,28,0
3781,61,15,28,0
3782,61,15,28,0
3783,61,15,28,0
3784,61,15,28,0
3785,61,15,28,0
3786,61,15,28,0
3787,61,15,28,0
3788,61,15,28,0
3789,61,15,28,0
3790,61,15,28,0
3791,61,15,28,0
3792,61,15,28,0
3793,61,15,28,0
3794,61,15,28,0
3795,61,15,28,0
3796,61,15,28,0
3797,61,15,28,0
3798,61,15,28,0
3799,61,15,28,0
3800,61,15,28,0
3801,61,15,28,0
3802,61,15,28,0
3803,61,15,28,0
3804,61,15,28,0
3805,61,15,28,0
3806,61,15,28,0
3807,61,15,28,0
3808,61,15,28,0
3809,61,15,28,0
3810,61,15,28,0
3811,61,15,28,0
3812,61,15,28,0
3813,61,15,28,0
3814,61,15,28,0
3815,61,15,28,0
3816,61,15,28,0
3817,61,15,28,0
3818,61,15,28,0
3819,61,15,28,0
3820,61,15,28,0
3821,61,15,28,0
3822,61,15,28,0
3823,61,15,28,0
3824,61,15,28,0
3825,61,15,28,0
3826,61,15,28,0
3827,61,15,28,0
3828,61,15,28,0
3829,61,15,28,0
3830,61,15,28,0
3831,61,15,28,0
3832,61,15,28,0
3833,61,15,28,0
3834,61,15,28,0
3835,61,15,28,0
3836,61,15,28,0
3837,61,15,28,0
3838,61,15,28,0
3839,61,15,28,0
3840,61,15,28,0
3841,61,15,28,0
3842,61,15,28,0
3843,61,15,28,0
3844,61,15,28,0
3845,61,15,28,0
3846,61,15,28,0
3847,61,15,28,0
3848,61,15,28,0
3849,61,15,28,0
3850,61,15,28,0
3851,61,15,28,0
3852,61,15,28,0
3853,61,15,28,0
3854,61,15,28,0
3855,61,15,28,0
3856,61,15,28,0
3857,61,15,28,0
3858,61,15,28,0
3859,61,15,28,0
3860,61,15,28,0
3861,61,15,28,0
3862,61,15,28,0
3863,61,15,28,0
3864,61,15,28,0
3865,61,15,28,0
3866,61,15,28,0
3867,61,15,28,0
3868,61,15,28,0
3869,61,15,28,0
3870,61,15,28,0
3871,61,15,28,0
3872,61,15,28,0
3873,61,15,28,0
3874,61,15,28,0
3875,61,15,28,0
3876,61,15,28,0
3877,61,15,28,0
3878,61,15,28,0
3879,61,15,28,0
3880,61,15,28,0
3881,61,15,28,0
3882,61,15,28,0
3883,61,15,28,0
3884,61,15,28,0
3885,61,15,28,0
3886,61,15,28,0
3887,61,15,28,0
3888,61,15,28,0
3889,61,15,28,0
3890,61,15,28,0
3891,61,15,28,0
3892,61,15,28,0
3893,61,15,28,0
3894,61,15,28,0
3895,61,15,28,0
3896,61,15,28,0
3897,61,15,28,0
3898,61,15,28,0
3899,61,15,28,0
3900,61,15,28,0
3901,61,15,28,0
3902,61,15,28,0
3903,61,15,28,0
3904,61,15,28,0
3905,61,15,28,0
3906,61,15,28,0
3907,61,15,28,0
3908,61,15,28,0
3909,61,15,28,0
3910,61,15,28,0
3911,61,15,28,0
3912,61,15,28,0
3913,61,15,28,0
3914,61,15,28,0
3915,61,15,28,0
3916,61,15,28,0
3917,61,15,28,0
3918,61,15,28,0
3919,61,15,28,0
3920,61,15,28,0
3921,61,15,28,0
3922,61,15,28,0
3923,61,15,28,0
3924,61,15,28,0
3925,61,15,28,0
3926,61,15,28,0
3927,61,15,28,0
3928,61,15,28,0
3929,61,15,28,0
3930,61,15,28,0
3931,61,15,28,0
3932,61,15,28,0
3933,61,15,28,0
3934,61,15,28,0
3935,61,15,28,0
3936,61,15,28,0
3937,61,15,28,0
3938,61,15,28,0
3939,61,15,28,0
3940,61,15,28,0
3941,61,15,28,0
3942,61,15,28,0
3943,61,15,28,0
3944,61,15,28,0
3945,61,15,28,0
3946,61,15,28,0
3947,61,15,28,0
3948,61,15,28,0
3949,61,15,28,0
3950,61,15,28,0
3951,61,15,28,0
3952,61,15,28,0
3953,61,15,28,0
3954,61,15,28,0
3955,61,15,28,0
3956,61,15,28,0
3957,61,15,28,0
3958,61,15,28,0
3959,61,15,28,0
3960,61,15,28,0
3961,61,15,28,0
3962,61,15,28,0
3963,61,15,28,0
3964,61,15,28,0
3965,61,15,28,0
3966,61,15,28,0
3967,61,15,28,0
3968,61,15,28,0
3969,61,15,28,0
3970,61,15,28,0
3971,61,15,28,0
3972,61,15,28,0
3973,61,15,28,0
3974,61,15,28,0
3975,61,15,28,0
3976,61,15,28,0
3977,61,15,28,0
3978,61,15,28,0
3979,61,15,28,0
3980,61,15,28,0
3981,61,15,28,0
3982,61,15,28,0
3983,61,15,28,0
3984,61,15,28,0
3985,61,15,28,0
3986,61,15,28,0
3987,61,15,28,0
3988,61,15,28,0
3989,61,15,28,0
3990,61,15,28,0
3991,61,15,28,0
3992,61,15,28,0
3993,61,15,28,0
3994,61,15,28,0
3995,61,15,28,0
3996,61,15,28,0
3997,61,15,28,0
3998,61,15,28,0
3999,61,15,28,0
4000,61,15,28,0
4001,61,15,28,0
4002,61,15,28,0
4003,61,15,28,0
4004,61,15,28,0
4005,61,15,28,0
4006,61,15,28,0
4007,61,15,28,0
4008,61,15,28,0
4009,61,15,28,0
4010,61,15,28,0
4011,61,15,28,0
4012,61,15,28,0
4013,61,15,28,0
4014,61,15,28,0
4015,61,15,28,0
4016,61,15,28,0
4017,61,15,28,0
4018,61,15,28,0
4019,61,15,28,0
4020,61,15,28,0
4021,61,15,28,0
4022,61,15,28,0
4023,61,15,28,0
4024,61,15,28,0
4025,61,15,28,0
4026,61,15,28,0
4027,61,15,28,0
4028,61,15,28,0
4029,61,15,28,0
4030,61,15,28,0
4031,61,15,28,0
4032,61,15,28,0
4033,61,15,28,0
4034,61,15,28,0
4035,61,15,28,0
4036,61,15,28,0
4037,61,15,28,0
4038,61,15,28,0
4039,61,15,28,0
4040,61,15,28,0
4041,61,15,28,0
4042,61,15,28,0
4043,61,15,28,0
4044,61,15,28,0
4045,61,15,28,0
4046,61,15,28,0
4047,61,15,28,0
4048,61,15,28,0
4049,61,15,28,0
4050,61,15,28,0
4051,61,15,28,0
4052,61,15,28,0
4053,61,15,28,0
4054,61,15,28,0
4055,61,15,28,0
4056,61,15,28,0
4057,61,15,28,0
4058,61,15,28,0
4059,61,15,28,0
4060,61,15,28,0
4061,61,15,28,0
4062,61,15,28,0
4063,61,15,28,0
4064,61,15,28,0
4065,61,15,28,0
4066,61,15,28,0
4067,61,15,28,0
4068,61,15,28,0
4069,61,15,28,0
4070,61,15,28,0
4071,61,15,28,0
4072,61,15,28,0
4073,61,15,28,0
4074,61,15,28,0
4075,61,15,28,0
4076,61,15,28,0
4077,61,15,28,0
4078,61,15,28,0
4079,61,15,28,0
4080,61,15,28,0
4081,61,15,28,0
4082,61,15,28,0
4083,61,15,28,0
4084,61,15,28,0
4085,61,15,28,0
4086,61,15,28,0
4087,61,15,28,0
4088,61,15,28,0
4089,61,15,28,0
4090,61,15,28,0
4091,61,15,28,0
4092,61,15,28,0
4093,61,15,28,0
4094,61,15,28,0
4095,61,15,28,0
4096,61,15,28,0
4097,61,15,28,0
4098,61,15,28,0
4099,61,15,28,0
4100,61,15,28,0
4101,61,15,28,0
4102,61,15,28,0
4103,61,15,28,0
4104,61,15,28,0
4105,61,15,28,0
4106,61,15,28,0
4107,61,15,28,0
4108,61,15,28,0
4109,61,15,28,0
4110,61,15,28,0
4111,61,15,28,0
4112,61,15,28,0
4113,61,15,28,0
4114,61,15,28,0
4115,61,15,28,0
4116,61,15,28,0
4117,61,15,28,0
4118,61,15,28,0
4119,61,15,28,0
4120,61,15,28,0
4121,61,15,28,0
4122,61,15,28,0
4123,61,15,28,0
4124,61,15,28,0
4125,61,15,28,0
4126,61,15,28,0
4127,61,15,28,0
4128,61,15,28,0
4129,61,15,28,0
4130,61,15,28,0
4131,61,15,28,0
4132,61,15,28,0
4133,61,15,28,0
4134,61,15,28,0
4135,61,15,28,0
4136,61,15,28,0
4137,61,15,28,0
4138,61,15,28,0
4139,61,15,28,0
4140,61,15,28,0
4141,61,15,28,0
4142,61,15,28,0
4143,61,15,28,0
4144,61,15,28,0
4145,61,15,28,0
4146,61,15,28,0
4147,61,15,28,0
4148,61,15,28,0
4149,61,15,28,0
4150,61,15,28,0
4151,61,15,28,0
4152,61,15,28,0
4153,61,15,28,0
4154,61,15,28,0
4155,61,15,28,0
4156,61,15,28,0
4157,61,15,28,0
4158,61,15,28,0
4159,61,15,28,0
4160,61,15,28,0
4161,61,15,28,0
4162,61,15,28,0
4163,61,15,28,0
4164,61,15,28,0
4165,61,15,28,0
4166,61,15,28,0
4167,61,15,28,0
4168,61,15,28,0
4169,61,15,28,0
4170,61,15,28,0
4171,61,15,28,0
4172,61,15,28,0
4173,61,15,28,0
4174,61,15,28,0
4175,61,15,28,0
4176,61,15,28,0
4177,61,15,28,0
4178,61,15,28,0
4179,61,15,28,0
4180,61,15,28,0
4181,61,15,28,0
4182,61,15,28,0
4183,61,15,28,0
4184,61,15,28,0
4185,61,15,28,0
4186,61,15,28,0
4187,61,15,28,0
4188,61,15,28,0
4189,61,15,28,0
4190,61,15,28,0
4191,61,15,28,0
4192,61,15,28,0
4193,61,15,28,0
4194,61,15,28,0
4195,61,15,28,0
4196,61,15,28,0
4197,61,15,28,0
4198,61,15,28,0
4199,61,15,28,0
4200,61,15,28,0
4201,61,15,28,0
4202,61,15,28,0
4203,61,15,28,0
4204,61,15,28,0
4205,61,15,28,0
4206,61,15,28,0
4207,61,15,28,0
4208,61,15,28,0
4209,61,15,28,0
4210,61,15,28,0
4211,61,15,28,0
4212,61,15,28,0
4213,61,15,28,0
4214,61,15,28,0
4215,61,15,28,0
4216,61,15,28,0
4217,61,15,28,0
4218,61,15,28,0
4219,61,15,28,0
4220,61,15,28,0
4221,61,15,28,0
4222,61,15,28,0
4223,61,15,28,0
4224,61,15,28,0
4225,61,15,28,0
4226,61,15,28,0
4227,61,15,28,0
4228,61,15,28,0
4229,61,15,28,0
4230,61,15,28,0
4231,61,15,28,0
4232,61,15,28,0
4233,61,15,28,0
4234,61,15,28,0
4235,61,15,28,0
4236,61,15,28,0
4237,61,15,28,0
4238,61,15,28,0
4239,61,15,28,0
4240,61,15,28,0
4241,61,15,28,0
4242,61,15,28,0
4243,61,15,28,0
4244,61,15,28,0
4245,61,15,28,0
4246,61,15,28,0
4247,61,15,28,0
4248,61,15,28,0
4249,61,15,28,0
4250,61,15,28,0
4251,61,15,28,0
4252,61,15,28,0
4253,61,15,28,0
4254,61,15,28,0
4255,61,15,28,0
4256,61,15,28,0
4257,61,15,28,0
4258,61,15,28,0
4259,61,15,28,0
4260,61,15,28,0
4261,61,15,28,0
4262,61,15,28,0
4263,61,15,28,0
4264,61,15,28,0
4265,61,15,28,0
4266,61,15,28,0
4267,61,15,28,0
4268,61,15,28,0
4269,61,15,28,0
4270,61,15,28,0
4271,61,15,28,0
4272,61,15,28,0
4273,61,15,28,0
4274,61,15,28,0
4275,61,15,28,0
4276,61,15,28,0
4277,61,15,28,0
4278,61,15,28,0
4279,61,15,28,0
4280,61,15,28,0
4281,61,15,28,0
4282,61,15,28,0
4283,61,15,28,0
4284,61,15,28,0
4285,61,15,28,0
4286,61,15,28,0
4287,61,15,28,0
4288,61,15,28,0
4289,61,15,28,0
4290,61,15,28,0
4291,61,15,28,0
4292,61,15,28,0
4293,61,15,28,0
4294,61,15,28,0
4295,61,15,28,0
4296,61,15,28,0
4297,61,15,28,0
4298,61,15,28,0
4299,61,15,28,0
4300,61,15,28,0
4301,61,15,28,0
4302,61,15,28,0
4303,61,15,28,0
4304,61,15,28,0
4305,61,15,28,0
4306,61,15,28,0
4307,61,15,28,0
4308,61,15,28,0
4309,61,15,28,0
4310,61,15,28,0
4311,61,15,28,0
4312,61,15,28,0
4313,61,15,28,0
4314,61,15,28,0
4315,61,15,28,0
4316,61,15,28,0
4317,61,15,28,0
4318,61,15,28,0
4319,61,15,28,0
4320,61,15,28,0
4321,61,15,28,0
4322,61,15,28,0
4323,61,15,28,0
4324,61,15,28,0
4325,61,15,28,0
4326,61,15,28,0
4327,61,15,28,0
4328,61,15,28,0
4329,61,15,28,0
4330,61,15,28,0
4331,61,15,28,0
4332,61,15,28,0
4333,61,15,28,0
4334,61,15,28,0
4335,61,15,28,0
4336,61,15,28,0
4337,61,15,28,0
4338,61,15,28,0
4339,61,15,28,0
4340,61,15,28,0
4341,61,15,28,0
4342,61,15,28,0
4343,61,15,28,0
4344,61,15,28,0
4345,61,15,28,0
4346,61,15,28,0
4347,61,15,28,0
4348,61,15,28,0
4349,61,15,28,0
4350,61,15,28,0
4351,61,15,28,0
4352,61,15,28,0
4353,61,15,28,0
4354,61,15,28,0
4355,61,15,28,0
4356,61,15,28,0
4357,61,15,28,0
4358,61,15,28,0
4359,61,15,28,0
4360,61,15,28,0
4361,61,15,28,0
4362,61,15,28,0
4363,61,15,28,0
4364,61,15,28,0
4365,61,15,28,0
4366,61,15,28,0
4367,61,15,28,0
4368,61,15,28,0
4369,61,15,28,0
4370,61,15,28,0
4371,61,15,28,0
4372,61,15,28,0
4373,61,15,28,0
4374,61,15,28,0
4375,61,15,28,0
4376,61,15,28,0
4377,61,15,28,0
4378,61,15,28,0
4379,61,15,28,0
4380,61,15,28,0
4381,61,15,28,0
4382,61,15,28,0
4383,61,15,28,0
4384,61,15,28,0
4385,61,15,28,0
4386,61,15,28,0
4387,61,15,28,0
4388,61,15,28,0
4389,61,15,28,0
4390,61,15,28,0
4391,61,15,28,0
4392,61,15,28,0
4393,61,15,28,0
4394,61,15,28,0
4395,61,15,28,0
4396,61,15,28,0
4397,61,15,28,0
4398,61,15,28,0
4399,61,15,28,0
4400,61,15,28,0
4401,61,15,28,0
4402,61,15,28,0
4403,61,15,28,0
4404,61,15,28,0
4405,61,15,28,0
4406,61,15,28,0
4407,61,15,28,0
4408,61,15,28,0
4409,61,15,28,0
4410,61,15,28,0
4411,61,15,28,0
4412,61,15,28,0
4413,61,15,28,0
4414,61,15,28,0
4415,61,15,28,0
4416,61,15,28,0
4417,61,15,28,0
4418,61,15,28,0
4419,61,15,28,0
4420,61,15,28,0
4421,61,15,28,0
4422,61,15,28,0
4423,61,15,28,0
4424,61,15,28,0
4425,61,15,28,0
4426,61,15,28,0
4427,61,15,28,0
4428,61,15,28,0
4429,61,15,28,0
4430,61,15,28,0
4431,61,15,28,0
4432,61,15,28,0
4433,61,15,28,0
4434,61,15,28,0
4435,61,15,28,0
4436,61,15,28,0
4437,61,15,28,0
4438,61,15,28,0
4439,61,15,28,0
4440,61,15,28,0
4441,61,15,28,0
4442,61,15,28,0
4443,61,15,28,0
4444,61,15,28,0
4445,61,15,28,0
4446,61,15,28,0
4447,61,15,28,0
4448,61,15,28,0
4449,61,15,28,0
4450,61,15,28,0
4451,61,15,28,0
4452,61,15,28,0
4453,61,15,28,0
4454,61,15,28,0
4455,61,15,28,0
4456,61,15,28,0
4457,61,15,28,0
4458,61,15,28,0
4459,61,15,28,0
4460,61,15,28,0
4461,61,15,28,0
4462,61,15,28,0
4463,61,15,28,0
4464,61,15,28,0
4465,61,15,28,0
4466,61,15,28,0
4467,61,15,28,0
4468,61,15,28,0
4469,61,15,28,0
4470,61,15,28,0
4471,61,15,28,0
4472,61,15,28,0
4473,61,15,28,0
4474,61,15,28,0
4475,61,15,28,0
4476,61,15,28,0
4477,61,15,28,0
4478,61,15,28,0
4479,61,15,28,0
4480,61,15,28,0
4481,61,15,28,0
4482,61,15,28,0
4483,61,15,28,0
4484,61,15,28,0
4485,61,15,28,0
4486,61,15,28,0
4487,61,15,28,0
4488,61,15,28,0
4489,61,15,28,0
4490,61,15,28,0
4491,61,15,28,0
4492,61,15,28,0
4493,61,15,28,0
4494,61,15,28,0
4495,61,15,28,0
4496,61,15,28,0
4497,61,15,28,0
4498,61,15,28,0
4499,61,15,28,0
4500,61,15,28,0
4501,61,15,28,0
4502,61,15,28,0
4503,61,15,28,0
4504,61,15,28,0
4505,61,15,28,0
4506,61,15,28,0
4507,61,15,28,0
4508,61,15,28,0
4509,61,15,28,0
4510,61,15,28,0
4511,61,15,28,0
4512,61,15,28,0
4513,61,15,28,0
4514,61,15,28,0
4515,61,15,28,0
4516,61,15,28,0
4517,61,15,28,0
4518,61,15,28,0
4519,61,15,28,0
4520,61,15,28,0
4521,61,15,28,0
4522,61,15,28,0
4523,61,15,28,0
4524,61,15,28,0
4525,61,15,28,0
4526,61,15,28,0
4527,61,15,28,0
4528,61,15,28,0
4529,61,15,28,0
4530,61,15,28,0
4531,61,15,28,0
4532,61,15,28,0
4533,61,15,28,0
4534,61,15,28,0
4535,61,15,28,0
4536,61,15,28,0
4537,61,15,28,0
4538,61,15,28,0
4539,61,15,28,0
4540,61,15,28,0
4541,61,15,28,0
4542,61,15,28,0
4543,61,15,28,0
4544,61,15,28,0
4545,61,15,28,0
4546,61,15,28,0
4547,61,15,28,0
4548,61,15,28,0
4549,61,15,28,0
4550,61,15,28,0
4551,61,15,28,0
4552,61,15,28,0
4553,61,15,28,0
4554,61,15,28,0
4555,61,15,28,0
4556,61,15,28,0
4557,61,15,28,0
4558,61,15,28,0
4559,61,15,28,0
4560,61,15,28,0
4561,61,15,28,0
4562,61,15,28,0
4563,61,15,28,0
4564,61,15,28,0
4565,61,15,28,0
4566,61,15,28,0
4567,61,15,28,0
4568,61,15,28,0
4569,61,15,28,0
4570,61,15,28,0
4571,61,15,28,0
4572,61,15,28,0
4573,61,15,28,0
4574,61,15,28,0
4575,61,15,28,0
4576,61,15,28,0
4577,61,15,28,0
4578,61,15,28,0
4579,61,15,28,0
4580,61,15,28,0
4581,61,15,28,0
4582,61,15,28,0
4583,61,15,28,0
4584,61,15,28,0
4585,61,15,28,0
4586,61,15,28,0
4587,61,15,28,0
4588,61,15,28,0
4589,61,15,28,0
4590,61,15,28,0
4591,61,15,28,0
4592,61,15,28,0
4593,61,15,28,0
4594,61,15,28,0
4595,61,15,28,0
4596,61,15,28,0
4597,61,15,28,0
4598,61,15,28,0
4599,61,15,28,0
4600,61,15,28,0
4601,61,15,28,0
4602,61,15,28,0
4603,61,15,28,0
4604,61,15,28,0
4605,61,15,28,0
4606,61,15,28,0
4607,61,15,28,0
4608,61,15,28,0
4609,61,15,28,0
4610,61,15,28,0
4611,61,15,28,0
4612,61,15,28,0
4613,61,15,28,0
4614,61,15,28,0
4615,61,15,28,0
4616,61,15,28,0
4617,61,15,28,0
4618,61,15,28,0
4619,61,15,28,0
4620,61,15,28,0
4621,61,15,28,0
4622,61,15,28,0
4623,61,15,28,0
4624,61,15,28,0
4625,61,15,28,0
4626,61,15,28,0
4627,61,15,28,0
4628,61,15,28,0
4629,61,15,28,0
4630,61,15,28,0
4631,61,15,28,0
4632,61,15,28,0
4633,61,15,28,0
4634,61,15,28,0
4635,61,15,28,0
4636,61,15,28,0
4637,61,15,28,0
4638,61,15,28,0
4639,61,15,28,0
4640,61,15,28,0
4641,61,15,28,0
4642,61,15,28,0
4643,61,15,28,0
4644,61,15,28,0
4645,61,15,28,0
4646,61,15,28,0
4647,61,15,28,0
4648,61,15,28,0
4649,61,15,28,0
4650,61,15,28,0
4651,61,15,28,0
4652,61,15,28,0
4653,61,15,28,0
4654,61,15,28,0
4655,61,15,28,0
4656,61,15,28,0
4657,61,15,28,0
4658,61,15,28,0
4659,61,15,28,0
4660,61,15,28,0
4661,61,15,28,0
4662,61,15,28,0
4663,61,15,28,0
4664,61,15,28,0
4665,61,15,28,0
4666,61,15,28,0
4667,61,15,28,0
4668,61,15,28,0
4669,61,15,28,0
4670,61,15,28,0
4671,61,15,28,0
4672,61,15,28,0
4673,61,15,28,0
4674,61,15,28,0
4675,61,15,28,0
4676,61,15,28,0
4677,61,15,28,0
4678,61,15,28,0
4679,61,15,28,0
4680,61,15,28,0
4681,61,15,28,0
4682,61,15,28,0
4683,61,15,28,0
4684,61,15,28,0
4685,61,15,28,0
4686,61,15,28,0
4687,61,15,28,0
4688,61,15,28,0
4689,61,15,28,0
4690,61,15,28,0
4691,61,15,28,0
4692,61,15,28,0
4693,61,15,28,0
4694,61,15,28,0
4695,61,15,28,0
4696,61,15,28,0
4697,61,15,28,0
4698,61,15,28,0
4699,61,15,28,0
4700,61,15,28,0
4701,61,15,28,0
4702,61,15,28,0
4703,61,15,28,0
4704,61,15,28,0
4705,61,15,28,0
4706,61,15,28,0
4707,61,15,28,0
4708,61,15,28,0
4709,61,15,28,0
4710,61,15,28,0
4711,61,15,28,0
4712,61,15,28,0
4713,61,15,28,0
4714,61,15,28,0
4715,61,15,28,0
4716,61,15,28,0
4717,61,15,28,0
4718,61,15,28,0
4719,61,15,28,0
4720,61,15,28,0
4721,61,15,28,0
4722,61,15,28,0
4723,61,15,28,0
4724,61,15,28,0
4725,61,15,28,0
4726,61,15,28,0
4727,61,15,28,0
4728,61,15,28,0
4729,61,15,28,0
4730,61,15,28,0
4731,61,15,28,0
4732,61,15,28,0
4733,61,15,28,0
4734,61,15,28,0
4735,61,15,28,0
4736,61,15,28,0
4737,61,15,28,0
4738,61,15,28,0
4739,61,15,28,0
4740,61,15,28,0
4741,61,15,28,0
4742,61,15,28,0
4743,61,15,28,0
4744,61,15,28,0
4745,61,15,28,0
4746,61,15,28,0
4747,61,15,28,0
4748,61,15,28,0
4749,61,15,28,0
4750,61,15,28,0
4751,61,15,28,0
4752,61,15,28,0
4753,61,15,28,0
4754,61,15,28,0
4755,61,15,28,0
4756,61,15,28,0
4757,61,15,28,0
4758,61,15,28,0
4759,61,15,28,0
4760,61,15,28,0
4761,61,15,28,0
4762,61,15,28,0
4763,61,15,28,0
4764,61,15,28,0
4765,61,15,28,0
4766,61,15,28,0
4767,61,15,28,0
4768,61,15,28,0
4769,61,15,28,0
4770,61,15,28,0
4771,61,15,28,0
4772,61,15,28,0
4773,61,15,28,0
4774,61,15,28,0
4775,61,15,28,0
4776,61,15,28,0
4777,61,15,28,0
4778,61,15,28,0
4779,61,15,28,0
4780,61,15,28,0
4781,61,15,28,0
4782,61,15,28,0
4783,61,15,28,0
4784,61,15,28,0
4785,61,15,28,0
4786,61,15,28,0
4787,61,15,28,0
4788,61,15,28,0
4789,61,15,28,0
4790,61,15,28,0
4791,61,15,28,0
4792,61,15,28,0
4793,61,15,28,0
4794,61,15,28,0
4795,61,15,28,0
4796,61,15,28,0
4797,61,15,28,0
4798,61,15,28,0
4799,61,15,28,0
4800,61,15,28,0
4801,61,15,28,0
4802,61,15,28,0
4803,61,15,28,0
4804,61,15,28,0
4805,61,15,28,0
4806,61,15,28,0
4807,61,15,28,0
4808,61,15,28,0
4809,61,15,28,0
4810,61,15,28,0
4811,61,15,28,0
4812,61,15,28,0
4813,61,15,28,0
4814,61,15,28,0
4815,61,15,28,0
4816,61,15,28,0
4817,61,15,28,0
4818,61,15,28,0
4819,61,15,28,0
4820,61,15,28,0
4821,61,15,28,0
4822,61,15,28,0
4823,61,15,28,0
4824,61,15,28,0
4825,61,15,28,0
4826,61,15,28,0
4827,61,15,28,0
4828,61,15,28,0
4829,61,15,28,0
4830,61,15,28,0
4831,61,15,28,0
4832,61,15,28,0
4833,61,15,28,0
4834,61,15,28,0
4835,61,15,28,0
4836,61,15,28,0
4837,61,15,28,0
4838,61,15,28,0
4839,61,15,28,0
4840,61,15,28,0
4841,61,15,28,0
4842,61,15,28,0
4843,61,15,28,0
4844,61,15,28,0
4845,61,15,28,0
4846,61,15,28,0
4847,61,15,28,0
4848,61,15,28,0
4849,61,15,28,0
4850,61,15,28,0
4851,61,15,28,0
4852,61,15,28,0
4853,61,15,28,0
4854,61,15,28,0
4855,61,15,28,0
4856,61,15,28,0
4857,61,15,28,0
4858,61,15,28,0
4859,61,15,28,0
4860,61,15,28,0
4861,61,15,28,0
4862,61,15,28,0
4863,61,15,28,0
4864,61,15,28,0
4865,61,15,28,0
4866,61,15,28,0
4867,61,15,28,0
4868,61,15,28,0
4869,61,15,28,0
4870,61,15,28,0
4871,61,15,28,0
4872,61,15,28,0
4873,61,15,28,0
4874,61,15,28,0
4875,61,15,28,0
4876,61,15,28,0
4877,61,15,28,0
4878,61,15,28,0
4879,61,15,28,0
4880,61,15,28,0
4881,61,15,28,0
4882,61,15,28,0
4883,61,15,28,0
4884,61,15,28,0
4885,61,15,28,0
4886,61,15,28,0
4887,61,15,28,0
4888,61,15,28,0
4889,61,15,28,0
4890,61,15,28,0
4891,61,15,28,0
4892,61,15,28,0
4893,61,15,28,0
4894,61,15,28,0
4895,61,15,28,0
4896,61,15,28,0
4897,61,15,28,0
4898,61,15,28,0
4899,61,15,28,0
4900,61,15,28,0
4901,61,15,28,0
4902,61,15,28,0
4903,61,15,28,0
4904,61,15,28,0
4905,61,15,28,0
4906,61,15,28,0
4907,61,15,28,0
4908,61,15,28,0
4909,61,15,28,0
4910,61,15,28,0
4911,61,15,28,0
4912,61,15,28,0
4913,61,15,28,0
4914,61,15,28,0
4915,61,15,28,0
4916,61,15,28,0
4917,61,15,28,0
4918,61,15,28,0
4919,61,15,28,0
4920,61,15,28,0
4921,61,15,28,0
4922,61,15,28,0
4923,61,15,28,0
4924,61,15,28,0
4925,61,15,28,0
4926,61,15,28,0
4927,61,15,28,0
4928,61,15,28,0
4929,61,15,28,0
4930,61,15,28,0
4931,61,15,28,0
4932,61,15,28,0
4933,61,15,28,0
4934,61,15,28,0
4935,61,15,28,0
4936,61,15,28,0
4937,61,15,28,0
4938,61,15,28,0
4939,61,15,28,0
4940,61,15,28,0
4941,61,15,28,0
4942,61,15,28,0
4943,61,15,28,0
4944,61,15,28,0
4945,61,15,28,0
4946,61,15,28,0
4947,61,15,28,0
4948,61,15,28,0
4949,61,15,28,0
4950,61,15,28,0
4951,61,15,28,0
4952,61,15,28,0
4953,61,15,28,0
4954,61,15,28,0
4955,61,15,28,0
4956,61,15,28,0
4957,61,15,28,0
4958,61,15,28,0
4959,61,15,28,0
4960,61,15,28,0
4961,61,15,28,0
4962,61,15,28,0
4963,61,15,28,0
4964,61,15,28,0
4965,61,15,28,0
4966,61,15,28,0
4967,61,15,28,0
4968,61,15,28,0
4969,61,15,28,0
4970,61,15,28,0
4971,61,15,28,0
4972,61,15,28,0
4973,61,15,28,0
4974,61,15,28,0
4975,61,15,28,0
4976,61,15,28,0
4977,61,15,28,0
4978,61,15,28,0
4979,61,15,28,0
4980,61,15,28,0
4981,61,15,28,0
4982,61,15,28,0
4983,61,15,28,0
4984,61,15,28,0
4985,61,15,28,0
4986,61,15,28,0
4987,61,15,28,0
4988,61,15,28,0
4989,61,15,28,0
4990,61,15,28,0
4991,61,15,28,0
4992,61,15,28,0
4993,61,15,28,0
4994,61,15,28,0
4995,61,15,28,0
4996,61,15,28,0
4997,61,15,28,0
4998,61,15,28,0
4999,61,15,28,0
5000,61,15,28,0
5001,61,15,28,0
5002,61,15,28,0
5003,61,15,28,0
5004,61,15,28,0
5005,61,15,28,0
5006,61,15,28,0
5007,61,15,28,0
5008,61,15,28,0
5009,61,15,28,0
5010,61,15,28,0
5011,61,15,28,0
5012,61,15,28,0
5013,61,15,28,0
5014,61,15,28,0
5015,61,15,28,0
5016,61,15,28,0
5017,61,15,28,0
5018,61,15,28,0
5019,61,15,28,0
5020,61,15,28,0
5021,61,15,28,0
5022,61,15,28,0
5023,61,15,28,0
5024,61,15,28,0
5025,61,15,28,0
5026,61,15,28,0
5027,61,15,28,0
5028,61,15,28,0
5029,61,15,28,0
5030,61,15,28,0
5031,61,15,28,0
5032,61,15,28,0
5033,61,15,28,0
5034,61,15,28,0
5035,61,15,28,0
5036,61,15,28,0
5037,61,15,28,0
5038,61,15,28,0
5039,61,15,28,0
5040,61,15,28,0
5041,61,15,28,0
5042,61,15,28,0
5043,61,15,28,0
5044,61,15,28,0
5045,61,15,28,0
5046,61,15,28,0
5047,61,15,28,0
5048,61,15,28,0
5049,61,15,28,0
5050,61,15,28,0
5051,61,15,28,0
5052,61,15,28,0
5053,61,15,28,0
5054,61,15,28,0
5055,61,15,28,0
5056,61,15,28,0
5057,61,15,28,0
5058,61,15,28,0
5059,61,15,28,0
5060,61,15,28,0
5061,61,15,28,0
5062,61,15,28,0
5063,61,15,28,0
5064,61,15,28,0
5065,61,15,28,0
5066,61,15,28,0
5067,61,15,28,0
5068,61,15,28,0
5069,61,15,28,0
5070,61,15,28,0
5071,61,15,28,0
5072,61,15,28,0
5073,61,15,28,0
5074,61,15,28,0
5075,61,15,28,0
5076,61,15,28,0
5077,61,15,28,0
5078,61,15,28,0
5079,61,15,28,0
5080,61,15,28,0
5081,61,15,28,0
5082,61,15,28,0
5083,61,15,28,0
5084,61,15,28,0
5085,61,15,28,0
5086,61,15,28,0
5087,61,15,28,0
5088,61,15,28,0
5089,61,15,28,0
5090,61,15,28,0
5091,61,15,28,0
5092,61,15,28,0
5093,61,15,28,0
5094,61,15,28,0
5095,61,15,28,0
5096,61,15,28,0
5097,61,15,28,0
5098,61,15,28,0
5099,61,15,28,0
5100,61,15,28,0
5101,61,15,28,0
5102,61,15,28,0
5103,61,15,28,0
5104,61,15,28,0
5105,61,15,28,0
5106,61,15,28,0
5107,61,15,28,0
5108,61,15,28,0
5109,61,15,28,0
5110,61,15,28,0
5111,61,15,28,0
5112,61,15,28,0
5113,61,15,28,0
5114,61,15,28,0
5115,61,15,28,0
5116,61,15,28,0
5117,61,15,28,0
5118,61,15,28,0
5119,61,15,28,0
5120,61,15,28,0
5121,61,15,28,0
5122,61,15,28,0
5123,61,15,28,0
5124,61,15,28,0
5125,61,15,28,0
5126,61,15,28,0
5127,61,15,28,0
5128,61,15,28,0
5129,61,15,28,0
5130,61,15,28,0
5131,61,15,28,0
5132,61,15,28,0
5133,61,15,28,0
5134,61,15,28,0
5135,61,15,28,0
5136,61,15,28,0
5137,61,15,28,0
5138,61,15,28,0
5139,61,15,28,0
5140,61,15,28,0
5141,61,15,28,0
5142,61,15,28,0
5143,61,15,28,0
5144,61,15,28,0
5145,61,15,28,0
5146,61,15,28,0
5147,61,15,28,0
5148,61,15,28,0
5149,61,15,28,0
5150,61,15,28,0
5151,61,15,28,0
5152,61,15,28,0
5153,61,15,28,0
5154,61,15,28,0
5155,61,15,28,0
5156,61,15,28,0
5157,61,15,28,0
5158,61,15,28,0
5159,61,15,28,0
5160,61,15,28,0
5161,61,15,28,0
5162,61,15,28,0
5163,61,15,28,0
5164,61,15,28,0
5165,61,15,28,0
5166,61,15,28,0
5167,61,15,28,0
5168,61,15,28,0
5169,61,15,28,0
5170,61,15,28,0
5171,61,15,28,0
5172,61,15,28,0
5173,61,15,28,0
5174,61,15,28,0
5175,61,15,28,0
5176,61,15,28,0
5177,61,15,28,0
5178,61,15,28,0
5179,61,15,28,0
5180,61,15,28,0
5181,61,15,28,0
5182,61,15,28,0
5183,61,15,28,0
5184,61,15,28,0
5185,61,15,28,0
5186,61,15,28,0
5187,61,15,28,0
5188,61,15,28,0
5189,61,15,28,0
5190,61,15,28,0
5191,61,15,28,0
5192,61,15,28,0
5193,61,15,28,0
5194,61,15,28,0
5195,61,15,28,0
5196,61,15,28,0
5197,61,15,28,0
5198,61,15,28,0
5199,61,15,28,0
5200,61,15,28,0
5201,61,15,28,0
5202,61,15,28,0
5203,61,15,28,0
5204,61,15,28,0
5205,61,15,28,0
5206,61,15,28,0
5207,61,15,28,0
5208,61,15,28,0
5209,61,15,28,0
5210,61,15,28,0
5211,61,15,28,0
5212,61,15,28,0
5213,61,15,28,0
5214,61,15,28,0
5215,61,15,28,0
5216,61,15,28,0
5217,61,15,28,0
5218,61,15,28,0
5219,61,15,28,0
5220,61,15,28,0
5221,61,15,28,0
5222,61,15,28,0
5223,61,15,28,0
5224,61,15,28,0
5225,61,15,28,0
5226,61,15,28,0
5227,61,15,28,0
5228,61,15,28,0
5229,61,15,28,0
5230,61,15,28,0
5231,61,15,28,0
5232,61,15,28,0
5233,61,15,28,0
5234,61,15,28,0
5235,61,15,28,0
5236,61,15,28,0
5237,61,15,28,0
5238,61,15,28,0
5239,61,15,28,0
5240,61,15,28,0
5241,61,15,28,0
5242,61,15,28,0
5243,61,15,28,0
5244,61,15,28,0
5245,61,15,28,0
5246,61,15,28,0
5247,61,15,28,0
5248,61,15,28,0
5249,61,15,28,0
5250,61,15,28,0
5251,61,15,28,0
5252,61,15,28,0
5253,61,15,28,0
5254,61,15,28,0
5255,61,15,28,0
5256,61,15,28,0
5257,61,15,28,0
5258,61,15,28,0
5259,61,15,28,0
5260,61,15,28,0
5261,61,15,28,0
5262,61,15,28,0
5263,61,15,28,0
5264,61,15,28,0
5265,61,15,28,0
5266,61,15,28,0
5267,61,15,28,0
5268,61,15,28,0
5269,61,15,28,0
5270,61,15,28,0
5271,61,15,28,0
5272,61,15,28,0
5273,61,15,28,0
5274,61,15,28,0
5275,61,15,28,0
5276,61,15,28,0
5277,61,15,28,0
5278,61,15,28,0
5279,61,15,28,0
5280,61,15,28,0
5281,61,15,28,0
5282,61,15,28,0
5283,61,15,28,0
5284,61,15,28,0
5285,61,15,28,0
5286,61,15,28,0
5287,61,15,28,0
5288,61,15,28,0
5289,61,15,28,0
5290,61,15,28,0
5291,61,15,28,0
5292,61,15,28,0
5293,61,15,28,0
5294,61,15,28,0
5295,61,15,28,0
5296,61,15,28,0
5297,61,15,28,0
5298,61,15,28,0
5299,61,15,28,0
5300,61,15,28,0
5301,61,15,28,0
5302,61,15,28,0
5303,61,15,28,0
5304,61,15,28,0
5305,61,15,28,0
5306,61,15,28,0
5307,61,15,28,0
5308,61,15,28,0
5309,61,15,28,0
5310,61,15,28,0
5311,61,15,28,0
5312,61,15,28,0
5313,61,15,28,0
5314,61,15,28,0
5315,61,15,28,0
5316,61,15,28,0
5317,61,15,28,0
5318,61,15,28,0
5319,61,15,28,0
5320,61,15,28,0
5321,61,15,28,0
5322,61,15,28,0
5323,61,15,28,0
5324,61,15,28,0
5325,61,15,28,0
5326,61,15,28,0
5327,61,15,28,0
5328,61,15,28,0
5329,61,15,28,0
5330,61,15,28,0
5331,61,15,28,0
5332,61,15,28,0
5333,61,15,28,0
5334,61,15,28,0
5335,61,15,28,0
5336,61,15,28,0
5337,61,15,28,0
5338,61,15,28,0
5339,61,15,28,0
5340,61,15,28,0
5341,61,15,28,0
5342,61,15,28,0
5343,61,15,28,0
5344,61,15,28,0
5345,61,15,28,0
5346,61,15,28,0
5347,61,15,28,0
5348,61,15,28,0
5349,61,15,28,0
5350,61,15,28,0
5351,61,15,28,0
5352,61,15,28,0
5353,61,15,28,0
5354,61,15,28,0
5355,61,15,28,0
5356,61,15,28,0
5357,61,15,28,0
5358,61,15,28,0
5359,61,15,28,0
5360,61,15,28,0
5361,61,15,28,0
5362,61,15,28,0
5363,61,15,28,0
5364,61,15,28,0
5365,61,15,28,0
5366,61,15,28,0
5367,61,15,28,0
5368,61,15,28,0
5369,61,15,28,0
5370,61,15,28,0
5371,61,15,28,0
5372,61,15,28,0
5373,61,15,28,0
5374,61,15,28,0
5375,61,15,28,0
5376,61,15,28,0
5377,61,15,28,0
5378,61,15,28,0
5379,61,15,28,0
5380,61,15,28,0
5381,61,15,28,0
5382,61,15,28,0
5383,61,15,28,0
5384,61,15,28,0
5385,61,15,28,0
5386,61,15,28,0
5387,61,15,28,0
5388,61,15,28,0
5389,61,15,28,0
5390,61,15,28,0
5391,61,15,28,0
5392,61,15,28,0
5393,61,15,28,0
5394,61,15,28,0
5395,61,15,28,0
5396,61,15,28,0
5397,61,15,28,0
5398,61,15,28,0
5399,61,15,28,0
5400,61,15,28,0
5401,61,15,28,0
5402,61,15,28,0
5403,61,15,28,0
5404,61,15,28,0
5405,61,15,28,0
5406,61,15,28,0
5407,61,15,28,0
5408,61,15,28,0
5409,61,15,28,0
5410,61,15,28,0
5411,61,15,28,0
5412,61,15,28,0
5413,61,15,28,0
5414,61,15,28,0
5415,61,15,28,0
5416,61,15,28,0
5417,61,15,28,0
5418,61,15,28,0
5419,61,15,28,0
5420,61,15,28,0
5421,61,15,28,0
5422,61,15,28,0
5423,61,15,28,0
5424,61,15,28,0
5425,61,15,28,0
5426,61,15,28,0
5427,61,15,28,0
5428,61,15,28,0
5429,61,15,28,0
5430,61,15,28,0
5431,61,15,28,0
5432,61,15,28,0
5433,61,15,28,0
5434,61,15,28,0
5435,61,15,28,0
5436,61,15,28,0
5437,61,15,28,0
5438,61,15,28,0
5439,61,15,28,0
5440,61,15,28,0
5441,61,15,28,0
5442,61,15,28,0
5443,61,15,28,0
5444,61,15,28,0
5445,61,15,28,0
5446,61,15,28,0
5447,61,15,28,0
5448,61,15,28,0
5449,61,15,28,0
5450,61,15,28,0
5451,61,15,28,0
5452,61,15,28,0
5453,61,15,28,0
5454,61,15,28,0
5455,61,15,28,0
5456,61,15,28,0
5457,61,15,28,0
5458,61,15,28,0
5459,61,15,28,0
5460,61,15,28,0
5461,61,15,28,0
5462,61,15,28,0
5463,61,15,28,0
5464,61,15,28,0
5465,61,15,28,0
5466,61,15,28,0
5467,61,15,28,0
5468,61,15,28,0
5469,61,15,28,0
5470,61,15,28,0
5471,61,15,28,0
5472,61,15,28,0
5473,61,15,28,0
5474,61,15,28,0
5475,61,15,28,0
5476,61,15,28,0
5477,61,15,28,0
5478,61,15,28,0
5479,61,15,28,0
5480,61,15,28,0
5481,61,15,28,0
5482,61,15,28,0
5483,61,15,28,0
5484,61,15,28,0
5485,61,15,28,0
5486,61,15,28,0
5487,61,15,28,0
5488,61,15,28,0
5489,61,15,28,0
5490,61,15,28,0
5491,61,15,28,0
5492,61,15,28,0
5493,61,15,28,0
5494,61,15,28,0
5495,61,15,28,0
5496,61,15,28,0
5497,61,15,28,0
5498,61,15,28,0
5499,61,15,28,0
5500,61,15,28,0
5501,61,15,28,0
5502,61,15,28,0
5503,61,15,28,0
5504,61,15,28,0
5505,61,15,28,0
5506,61,15,28,0
5507,61,15,28,0
5508,61,15,28,0
5509,61,15,28,0
5510,61,15,28,0
5511,61,15,28,0
5512,61,15,28,0
5513,61,15,28,0
5514,61,15,28,0
5515,61,15,28,0
5516,61,15,28,0
5517,61,15,28,0
5518,61,15,28,0
5519,61,15,28,0
5520,61,15,28,0
5521,61,15,28,0
5522,61,15,28,0
5523,61,15,28,0
5524,61,15,28,0
5525,61,15,28,0
5526,61,15,28,0
5527,61,15,28,0
5528,61,15,28,0
5529,61,15,28,0
5530,61,15,28,0
5531,61,15,28,0
5532,61,15,28,0
5533,61,15,28,0
5534,61,15,28,0
5535,61,15,28,0
5536,61,15,28,0
5537,61,15,28,0
5538,61,15,28,0
5539,61,15,28,0
5540,61,15,28,0
5541,61,15,28,0
5542,61,15,28,0
5543,61,15,28,0
5544,61,15,28,0
5545,61,15,28,0
5546,61,15,28,0
5547,61,15,28,0
5548,61,15,28,0
5549,61,15,28,0
5550,61,15,28,0
5551,61,15,28,0
5552,61,15,28,0
5553,61,15,28,0
5554,61,15,28,0
5555,61,15,28,0
5556,61,15,28,0
5557,61,15,28,0
5558,61,15,28,0
5559,61,15,28,0
5560,61,15,28,0
5561,61,15,28,0
5562,61,15,28,0
5563,61,15,28,0
5564,61,15,28,0
5565,61,15,28,0
5566,61,15,28,0
5567,61,15,28,0
5568,61,15,28,0
5569,61,15,28,0
5570,61,15,28,0
5571,61,15,28,0
5572,61,15,28,0
5573,61,15,28,0
5574,61,15,28,0
5575,61,15,28,0
5576,61,15,28,0
5577,61,15,28,0
5578,61,15,28,0
5579,61,15,28,0
5580,61,15,28,0
5581,61,15,28,0
5582,61,15,28,0
5583,61,15,28,0
5584,61,15,28,0
5585,61,15,28,0
5586,61,15,28,0
5587,61,15,28,0
5588,61,15,28,0
5589,61,15,28,0
5590,61,15,28,0
5591,61,15,28,0
5592,61,15,28,0
5593,61,15,28,0
5594,61,15,28,0
5595,61,15,28,0
5596,61,15,28,0
5597,61,15,28,0
5598,61,15,28,0
5599,61,15,28,0
5600,61,15,28,0
5601,61,15,28,0
5602,61,15,28,0
5603,61,15,28,0
5604,61,15,28,0
5605,61,15,28,0
5606,61,15,28,0
5607,61,15,28,0
5608,61,15,28,0
5609,61,15,28,0
5610,61,15,28,0
5611,61,15,28,0
5612,61,15,28,0
5613,61,15,28,0
5614,61,15,28,0
5615,61,15,28,0
5616,61,15,28,0
5617,61,15,28,0
5618,61,15,28,0
5619,61,15,28,0
5620,61,15,28,0
5621,61,15,28,0
5622,61,15,28,0
5623,61,15,28,0
5624,61,15,28,0
5625,61,15,28,0
5626,61,15,28,0
5627,61,15,28,0
5628,61,15,28,0
5629,61,15,28,0
5630,61,15,28,0
5631,61,15,28,0
5632,61,15,28,0
5633,61,15,28,0
5634,61,15,28,0
5635,61,15,28,0
5636,61,15,28,0
5637,61,15,28,0
5638,61,15,28,0
5639,61,15,28,0
5640,61,15,28,0
5641,61,15,28,0
5642,61,15,28,0
5643,61,15,28,0
5644,61,15,28,0
5645,61,15,28,0
5646,61,15,28,0
5647,61,15,28,0
5648,61,15,28,0
5649,61,15,28,0
5650,61,15,28,0
5651,61,15,28,0
5652,61,15,28,0
5653,61,15,28,0
5654,61,15,28,0
5655,61,15,28,0
5656,61,15,28,0
5657,61,15,28,0
5658,61,15,28,0
5659,61,15,28,0
5660,61,15,28,0
5661,61,15,28,0
5662,61,15,28,0
5663,61,15,28,0
5664,61,15,28,0
5665,61,15,28,0
5666,61,15,28,0
5667,61,15,28,0
5668,61,15,28,0
5669,61,15,28,0
5670,61,15,28,0
5671,61,15,28,0
5672,61,15,28,0
5673,61,15,28,0
5674,61,15,28,0
5675,61,15,28,0
5676,61,15,28,0
5677,61,15,28,0
5678,61,15,28,0
5679,61,15,28,0
5680,61,15,28,0
5681,61,15,28,0
5682,61,15,28,0
5683,61,15,28,0
5684,61,15,28,0
5685,61,15,28,0
5686,61,15,28,0
5687,61,15,28,0
5688,61,15,28,0
5689,61,15,28,0
5690,61,15,28,0
5691,61,15,28,0
5692,61,15,28,0
5693,61,15,28,0
5694,61,15,28,0
5695,61,15,28,0
5696,61,15,28,0
5697,61,15,28,0
5698,61,15,28,0
5699,61,15,28,0
5700,61,15,28,0
5701,61,15,28,0
5702,61,15,28,0
5703,61,15,28,0
5704,61,15,28,0
5705,61,15,28,0
5706,61,15,28,0
5707,61,15,28,0
5708,61,15,28,0
5709,61,15,28,0
5710,61,15,28,0
5711,61,15,28,0
5712,61,15,28,0
5713,61,15,28,0
5714,61,15,28,0
5715,61,15,28,0
5716,61,15,28,0
5717,61,15,28,0
5718,61,15,28,0
5719,61,15,28,0
5720,61,15,28,0
5721,61,15,28,0
5722,61,15,28,0
5723,61,15,28,0
5724,61,15,28,0
5725,61,15,28,0
5726,61,15,28,0
5727,61,15,28,0
5728,61,15,28,0
5729,61,15,28,0
5730,61,15,28,0
5731,61,15,28,0
5732,61,15,28,0
5733,61,15,28,0
5734,61,15,28,0
5735,61,15,28,0
5736,61,15,28,0
5737,61,15,28,0
5738,61,15,28,0
5739,61,15,28,0
5740,61,15,28,0
5741,61,15,28,0
5742,61,15,28,0
5743,61,15,28,0
5744,61,15,28,0
5745,61,15,28,0
5746,61,15,28,0
5747,61,15,28,0
5748,61,15,28,0
5749,61,15,28,0
5750,61,15,28,0
5751,61,15,28,0
5752,61,15,28,0
5753,61,15,28,0
5754,61,15,28,0
5755,61,15,28,0
5756,61,15,28,0
5757,61,15,28,0
5758,61,15,28,0
5759,61,15,28,0
5760,61,15,28,0
5761,61,15,28,0
5762,61,15,28,0
5763,61,15,28,0
5764,61,15,28,0
5765,61,15,28,0
5766,61,15,28,0
5767,61,15,28,0
5768,61,15,28,0
5769,61,15,28,0
5770,61,15,28,0
5771,61,15,28,0
5772,61,15,28,0
5773,61,15,28,0
5774,61,15,28,0
5775,61,15,28,0
5776,61,15,28,0
5777,61,15,28,0
5778,61,15,28,0
5779,61,15,28,0
5780,61,15,28,0
5781,61,15,28,0
5782,61,15,28,0
5783,61,15,28,0
5784,61,15,28,0
5785,61,15,28,0
5786,61,15,28,0
5787,61,15,28,0
5788,61,15,28,0
5789,61,15,28,0
5790,61,15,28,0
5791,61,15,28,0
5792,61,15,28,0
5793,61,15,28,0
5794,61,15,28,0
5795,61,15,28,0
5796,61,15,28,0
5797,61,15,28,0
5798,61,15,28,0
5799,61,15,28,0
5800,61,15,28,0
5801,61,15,28,0
5802,61,15,28,0
5803,61,15,28,0
5804,61,15,28,0
5805,61,15,28,0
5806,61,15,28,0
5807,61,15,28,0
5808,61,15,28,0
5809,61,15,28,0
5810,61,15,28,0
5811,61,15,28,0
5812,61,15,28,0
5813,61,15,28,0
5814,61,15,28,0
5815,61,15,28,0
5816,61,15,28,0
5817,61,15,28,0
5818,61,15,28,0
5819,61,15,28,0
5820,61,15,28,0
5821,61,15,28,0
5822,61,15,28,0
5823,61,15,28,0
5824,61,15,28,0
5825,61,15,28,0
5826,61,15,28,0
5827,61,15,28,0
5828,61,15,28,0
5829,61,15,28,0
5830,61,15,28,0
5831,61,15,28,0
5832,61,15,28,0
5833,61,15,28,0
5834,61,15,28,0
5835,61,15,28,0
5836,61,15,28,0
5837,61,15,28,0
5838,61,15,28,0
5839,61,15,28,0
5840,61,15,28,0
5841,61,15,28,0
5842,61,15,28,0
5843,61,15,28,0
5844,61,15,28,0
5845,61,15,28,0
5846,61,15,28,0
5847,61,15,28,0
5848,61,15,28,0
5849,61,15,28,0
5850,61,15,28,0
5851,61,15,28,0
5852,61,15,28,0
5853,61,15,28,0
5854,61,15,28,0
5855,61,15,28,0
5856,61,15,28,0
5857,61,15,28,0
5858,61,15,28,0
5859,61,15,28,0
5860,61,15,28,0
5861,61,15,28,0
5862,61,15,28,0
5863,61,15,28,0
5864,61,15,28,0
5865,61,15,28,0
5866,61,15,28,0
5867,61,15,28,0
5868,61,15,28,0
5869,61,15,28,0
5870,61,15,28,0
5871,61,15,28,0
5872,61,15,28,0
5873,61,15,28,0
5874,61,15,28,0
5875,61,15,28,0
5876,61,15,28,0
5877,61,15,28,0
5878,61,15,28,0
5879,61,15,28,0
5880,61,15,28,0
5881,61,15,28,0
5882,61,15,28,0
5883,61,15,28,0
5884,61,15,28,0
5885,61,15,28,0
5886,61,15,28,0
5887,61,15,28,0
5888,61,15,28,0
5889,61,15,28,0
5890,61,15,28,0
5891,61,15,28,0
5892,61,15,28,0
5893,61,15,28,0
5894,61,15,28,0
5895,61,15,28,0
5896,61,15,28,0
5897,61,15,28,0
5898,61,15,28,0
5899,61,15,28,0
5900,61,15,28,0
5901,61,15,28,0
5902,61,15,28,0
5903,61,15,28,0
5904,61,15,28,0
5905,61,15,28,0
5906,61,15,28,0
5907,61,15,28,0
5908,61,15,28,0
5909,61,15,28,0
5910,61,15,28,0
5911,61,15,28,0
5912,61,15,28,0
5913,61,15,28,0
5914,61,15,28,0
5915,61,15,28,0
5916,61,15,28,0
5917,61,15,28,0
5918,61,15,28,0
5919,61,15,28,0
5920,61,15,28,0
5921,61,15,28,0
5922,61,15,28,0
5923,61,15,28,0
5924,61,15,28,0
5925,61,15,28,0
5926,61,15,28,0
5927,61,15,28,0
5928,61,15,28,0
5929,61,15,28,0
5930,61,15,28,0
5931,61,15,28,0
5932,61,15,28,0
5933,61,15,28,0
5934,61,15,28,0
5935,61,15,28,0
5936,61,15,28,0
5937,61,15,28,0
5938,61,15,28,0
5939,61,15,28,0
5940,61,15,28,0
5941,61,15,28,0
5942,61,15,28,0
5943,61,15,28,0
5944,61,15,28,0
5945,61,15,28,0
5946,61,15,28,0
5947,61,15,28,0
5948,61,15,28,0
5949,61,15,28,0
5950,61,15,28,0
5951,61,15,28,0
5952,61,15,28,0
5953,61,15,28,0
5954,61,15,28,0
5955,61,15,28,0
5956,61,15,28,0
5957,61,15,28,0
5958,61,15,28,0
5959,61,15,28,0
5960,61,15,28,0
5961,61,15,28,0
5962,61,15,28,0
5963,61,15,28,0
5964,61,15,28,0
5965,61,15,28,0
5966,61,15,28,0
5967,61,15,28,0
5968,61,15,28,0
5969,61,15,28,0
5970,61,15,28,0
5971,61,15,28,0
5972,61,15,28,0
5973,61,15,28,0
5974,61,15,28,0
5975,61,15,28,0
5976,61,15,28,0
5977,61,15,28,0
5978,61,15,28,0
5979,61,15,28,0
5980,61,15,28,0
5981,61,15,28,0
5982,61,15,28,0
5983,61,15,28,0
5984,61,15,28,0
5985,61,15,28,0
5986,61,15,28,0
5987,61,15,28,0
5988,61,15,28,0
5989,61,15,28,0
5990,61,15,28,0
5991,61,15,28,0
5992,61,15,28,0
5993,61,15,28,0
5994,61,15,28,0
5995,61,15,28,0
5996,61,15,28,0
5997,61,15,28,0
5998,61,15,28,0
5999,61,15,28,0
6000,61,15,28,0
6001,61,15,28,0
6002,61,15,28,0
6003,61,15,28,0
6004,61,15,28,0
6005,61,15,28,0
6006,61,15,28,0
6007,61,15,28,0
6008,61,15,28,0
6009,61,15,28,0
6010,61,15,28,0
6011,61,15,28,0
6012,61,15,28,0
6013,61,15,28,0
6014,61,15,28,0
6015,61,15,28,0
6016,61,15,28,0
6017,61,15,28,0
6018,61,15,28,0
6019,61,15,28,0
6020,61,15,28,0
6021,61,15,28,0
6022,61,15,28,0
6023,61,15,28,0
6024,61,15,28,0
6025,61,15,28,0
6026,61,15,28,0
6027,61,15,28,0
6028,61,15,28,0
6029,61,15,28,0
6030,61,15,28,0
6031,61,15,28,0
6032,61,15,28,0
6033,61,15,28,0
6034,61,15,28,0
6035,61,15,28,0
6036,61,15,28,0
6037,61,15,28,0
6038,61,15,28,0
6039,61,15,28,0
6040,61,15,28,0
6041,61,15,28,0
6042,61,15,28,0
6043,61,15,28,0
6044,61,15,28,0
6045,61,15,28,0
6046,61,15,28,0
6047,61,15,28,0
6048,61,15,28,0
6049,61,15,28,0
6050,61,15,28,0
6051,61,15,28,0
6052,61,15,28,0
6053,61,15,28,0
6054,61,15,28,0
6055,61,15,28,0
6056,61,15,28,0
6057,61,15,28,0
6058,61,15,28,0
6059,61,15,28,0
6060,61,15,28,0
6061,61,15,28,0
6062,61,15,28,0
6063,61,15,28,0
6064,61,15,28,0
6065,61,15,28,0
6066,61,15,28,0
6067,61,15,28,0
6068,61,15,28,0
6069,61,15,28,0
6070,61,15,28,0
6071,61,15,28,0
6072,61,15,28,0
6073,61,15,28,0
6074,61,15,28,0
6075,61,15,28,0
6076,61,15,28,0
6077,61,15,28,0
6078,61,15,28,0
6079,61,15,28,0
6080,61,15,28,0
6081,61,15,28,0
6082,61,15,28,0
6083,61,15,28,0
6084,61,15,28,0
6085,61,15,28,0
6086,61,15,28,0
6087,61,15,28,0
6088,61,15,28,0
6089,61,15,28,0
6090,61,15,28,0
6091,61,15,28,0
6092,61,15,28,0
6093,61,15,28,0
6094,61,15,28,0
6095,61,15,28,0
6096,61,15,28,0
6097,61,15,28,0
6098,61,15,28,0
6099,61,15,28,0
6100,61,15,28,0
6101,61,15,28,0
6102,61,15,28,0
6103,61,15,28,0
6104,61,15,28,0
6105,61,15,28,0
6106,61,15,28,0
6107,61,15,28,0
6108,61,15,28,0
6109,61,15,28,0
6110,61,15,28,0
6111,61,15,28,0
6112,61,15,28,0
6113,61,15,28,0
6114,61,15,28,0
6115,61,15,28,0
6116,61,15,28,0
6117,61,15,28,0
6118,61,15,28,0
6119,61,15,28,0
6120,61,15,28,0
6121,61,15,28,0
6122,61,15,28,0
6123,61,15,28,0
6124,61,15,28,0
6125,61,15,28,0
6126,61,15,28,0
6127,61,15,28,0
6128,61,15,28,0
6129,61,15,28,0
6130,61,15,28,0
6131,61,15,28,0
6132,61,15,28,0
6133,61,15,28,0
6134,61,15,28,0
6135,61,15,28,0
6136,61,15,28,0
6137,61,15,28,0
6138,61,15,28,0
6139,61,15,28,0
6140,61,15,28,0
6141,61,15,28,0
6142,61,15,28,0
6143,61,15,28,0
6144,61,15,28,0
6145,61,15,28,0
6146,61,15,28,0
6147,61,15,28,0
6148,61,15,28,0
6149,61,15,28,0
6150,61,15,28,0
6151,61,15,28,0
6152,61,15,28,0
6153,61,15,28,0
6154,61,15,28,0
6155,61,15,28,0
6156,61,15,28,0
6157,61,15,28,0
6158,61,15,28,0
6159,61,15,28,0
6160,61,15,28,0
6161,61,15,28,0
6162,61,15,28,0
6163,61,15,28,0
6164,61,15,28,0
6165,61,15,28,0
6166,61,15,28,0
6167,61,15,28,0
6168,61,15,28,0
6169,61,15,28,0
6170,61,15,28,0
6171,61,15,28,0
6172,61,15,28,0
6173,61,15,28,0
6174,61,15,28,0
6175,61,15,28,0
6176,61,15,28,0
6177,61,15,28,0
6178,61,15,28,0
6179,61,15,28,0
6180,61,15,28,0
6181,61,15,28,0
6182,61,15,28,0
6183,61,15,28,0
6184,61,15,28,0
6185,61,15,28,0
6186,61,15,28,0
6187,61,15,28,0
6188,61,15,28,0
6189,61,15,28,0
6190,61,15,28,0
6191,61,15,28,0
6192,61,15,28,0
6193,61,15,28,0
6194,61,15,28,0
6195,61,15,28,0
6196,61,15,28,0
6197,61,15,28,0
6198,61,15,28,0
6199,61,15,28,0
6200,61,15,28,0
6201,61,15,28,0
6202,61,15,28,0
6203,61,15,28,0
6204,61,15,28,0
6205,61,15,28,0
6206,61,15,28,0
6207,61,15,28,0
6208,61,15,28,0
6209,61,15,28,0
6210,61,15,28,0
6211,61,15,28,0
6212,61,15,28,0
6213,61,15,28,0
6214,61,15,28,0
6215,61,15,28,0
6216,61,15,28,0
6217,61,15,28,0
6218,61,15,28,0
6219,61,15,28,0
6220,61,15,28,0
6221,61,15,28,0
6222,61,15,28,0
6223,61,15,28,0
6224,61,15,28,0
6225,61,15,28,0
6226,61,15,28,0
6227,61,15,28,0
6228,61,15,28,0
6229,61,15,28,0
6230,61,15,28,0
6231,61,15,28,0
6232,61,15,28,0
6233,61,15,28,0
6234,61,15,28,0
6235,61,15,28,0
6236,61,15,28,0
6237,61,15,28,0
6238,61,15,28,0
6239,61,15,28,0
6240,61,15,28,0
6241,61,15,28,0
6242,61,15,28,0
6243,61,15,28,0
6244,61,15,28,0
6245,61,15,28,0
6246,61,15,28,0
6247,61,15,28,0
6248,61,15,28,0
6249,61,15,28,0
6250,61,15,28,0
6251,61,15,28,0
6252,61,15,28,0
6253,61,15,28,0
6254,61,15,28,0
6255,61,15,28,0
6256,61,15,28,0
6257,61,15,28,0
6258,61,15,28,0
6259,61,15,28,0
6260,61,15,28,0
6261,61,15,28,0
6262,61,15,28,0
6263,61,15,28,0
6264,61,15,28,0
6265,61,15,28,0
6266,61,15,28,0
6267,61,15,28,0
6268,61,15,28,0
6269,61,15,28,0
6270,61,15,28,0
6271,61,15,28,0
6272,61,15,28,0
6273,61,15,28,0
6274,61,15,28,0
6275,61,15,28,0
6276,61,15,28,0
6277,61,15,28,0
6278,61,15,28,0
6279,61,15,28,0
6280,61,15,28,0
6281,61,15,28,0
6282,61,15,28,0
6283,61,15,28,0
6284,61,15,28,0
6285,61,15,28,0
6286,61,15,28,0
6287,61,15,28,0
6288,61,15,28,0
6289,61,15,28,0
6290,61,15,28,0
6291,61,15,28,0
6292,61,15,28,0
6293,61,15,28,0
6294,61,15,28,0
6295,61,15,28,0
6296,61,15,28,0
6297,61,15,28,0
6298,61,15,28,0
6299,61,15,28,0
6300,61,15,28,0
6301,61,15,28,0
6302,61,15,28,0
6303,61,15,28,0
6304,61,15,28,0
6305,61,15,28,0
6306,61,15,28,0
6307,61,15,28,0
6308,61,15,28,0
6309,61,15,28,0
6310,61,15,28,0
6311,61,15,28,0
6312,61,15,28,0
6313,61,15,28,0
6314,61,15,28,0
6315,61,15,28,0
6316,61,15,28,0
6317,61,15,28,0
6318,61,15,28,0
6319,61,15,28,0
6320,61,15,28,0
6321,61,15,28,0
6322,61,15,28,0
6323,61,15,28,0
6324,61,15,28,0
6325,61,15,28,0
6326,61,15,28,0
6327,61,15,28,0
6328,61,15,28,0
6329,61,15,28,0
6330,61,15,28,0
6331,61,15,28,0
6332,61,15,28,0
6333,61,15,28,0
6334,61,15,28,0
6335,61,15,28,0
6336,61,15,28,0
6337,61,15,28,0
6338,61,15,28,0
6339,61,15,28,0
6340,61,15,28,0
6341,61,15,28,0
6342,61,15,28,0
6343,61,15,28,0
6344,61,15,28,0
6345,61,15,28,0
6346,61,15,28,0
6347,61,15,28,0
6348,61,15,28,0
6349,61,15,28,0
6350,61,15,28,0
6351,61,15,28,0
6352,61,15,28,0
6353,61,15,28,0
6354,61,15,28,0
6355,61,15,28,0
6356,61,15,28,0
6357,61,15,28,0
6358,61,15,28,0
6359,61,15,28,0
6360,61,15,28,0
6361,61,15,28,0
6362,61,15,28,0
6363,61,15,28,0
6364,61,15,28,0
6365,61,15,28,0
6366,61,15,28,0
6367,61,15,28,0
6368,61,15,28,0
6369,61,15,28,0
6370,61,15,28,0
6371,61,15,28,0
6372,61,15,28,0
6373,61,15,28,0
6374,61,15,28,0
6375,61,15,28,0
6376,61,15,28,0
6377,61,15,28,0
6378,61,15,28,0
6379,61,15,28,0
6380,61,15,28,0
6381,61,15,28,0
6382,61,15,28,0
6383,61,15,28,0
6384,61,15,28,0
6385,61,15,28,0
6386,61,15,28,0
6387,61,15,28,0
6388,61,15,28,0
6389,61,15,28,0
6390,61,15,28,0
6391,61,15,28,0
6392,61,15,28,0
6393,61,15,28,0
6394,61,15,28,0
6395,61,15,28,0
6396,61,15,28,0
6397,61,15,28,0
6398,61,15,28,0
6399,61,15,28,0
6400,61,15,28,0
6401,61,15,28,0
6402,61,15,28,0
6403,61,15,28,0
6404,61,15,28,0
6405,61,15,28,0
6406,61,15,28,0
6407,61,15,28,0
6408,61,15,28,0
6409,61,15,28,0
6410,61,15,28,0
6411,61,15,28,0
6412,61,15,28,0
6413,61,15,28,0
6414,61,15,28,0
6415,61,15,28,0
6416,61,15,28,0
6417,61,15,28,0
6418,61,15,28,0
6419,61,15,28,0
6420,61,15,28,0
6421,61,15,28,0
6422,61,15,28,0
6423,61,15,28,0
6424,61,15,28,0
6425,61,15,28,0
6426,61,15,28,0
6427,61,15,28,0
6428,61,15,28,0
6429,61,15,28,0
6430,61,15,28,0
6431,61,15,28,0
6432,61,15,28,0
6433,61,15,28,0
6434,61,15,28,0
6435,61,15,28,0
6436,61,15,28,0
6437,61,15,28,0
6438,61,15,28,0
6439,61,15,28,0
6440,61,15,28,0
6441,61,15,28,0
6442,61,15,28,0
6443,61,15,28,0
6444,61,15,28,0
6445,61,15,28,0
6446,61,15,28,0
6447,61,15,28,0
6448,61,15,28,0
6449,61,15,28,0
6450,61,15,28,0
6451,61,15,28,0
6452,61,15,28,0
6453,61,15,28,0
6454,61,15,28,0
6455,61,15,28,0
6456,61,15,28,0
6457,61,15,28,0
6458,61,15,28,0
6459,61,15,28,0
6460,61,15,28,0
6461,61,15,28,0
6462,61,15,28,0
6463,61,15,28,0
6464,61,15,28,0
6465,61,15,28,0
6466,61,15,28,0
6467,61,15,28,0
6468,61,15,28,0
6469,61,15,28,0
6470,61,15,28,0
6471,61,15,28,0
6472,61,15,28,0
6473,61,15,28,0
6474,61,15,28,0
6475,61,15,28,0
6476,61,15,28,0
6477,61,15,28,0
6478,61,15,28,0
6479,61,15,28,0
6480,61,15,28,0
6481,61,15,28,0
6482,61,15,28,0
6483,61,15,28,0
6484,61,15,28,0
6485,61,15,28,0
6486,61,15,28,0
6487,61,15,28,0
6488,61,15,28,0
6489,61,15,28,0
6490,61,15,28,0
6491,61,15,28,0
6492,61,15,28,0
6493,61,15,28,0
6494,61,15,28,0
6495,61,15,28,0
6496,61,15,28,0
6497,61,15,28,0
6498,61,15,28,0
6499,61,15,28,0
6500,61,15,28,0
6501,61,15,28,0
6502,61,15,28,0
6503,61,15,28,0
6504,61,15,28,0
6505,61,15,28,0
6506,61,15,28,0
6507,61,15,28,0
6508,61,15,28,0
6509,61,15,28,0
6510,61,15,28,0
6511,61,15,28,0
6512,61,15,28,0
6513,61,15,28,0
6514,61,15,28,0
6515,61,15,28,0
6516,61,15,28,0
6517,61,15,28,0
6518,61,15,28,0
6519,61,15,28,0
6520,61,15,28,0
6521,61,15,28,0
6522,61,15,28,0
6523,61,15,28,0
6524,61,15,28,0
6525,61,15,28,0
6526,61,15,28,0
6527,61,15,28,0
6528,61,15,28,0
6529,61,15,28,0
6530,61,15,28,0
6531,61,15,28,0
6532,61,15,28,0
6533,61,15,28,0
6534,61,15,28,0
6535,61,15,28,0
6536,61,15,28,0
6537,61,15,28,0
6538,61,15,28,0
6539,61,15,28,0
6540,61,15,28,0
6541,61,15,28,0
6542,61,15,28,0
6543,61,15,28,0
6544,61,15,28,0
6545,61,15,28,0
6546,61,15,28,0
6547,61,15,28,0
6548,61,15,28,0
6549,61,15,28,0
6550,61,15,28,0
6551,61,15,28,0
6552,61,15,28,0
6553,61,15,28,0
6554,61,15,28,0
6555,61,15,28,0
6556,61,15,28,0
6557,61,15,28,0
6558,61,15,28,0
6559,61,15,28,0
6560,61,15,28,0
6561,61,15,28,0
6562,61,15,28,0
6563,61,15,28,0
6564,61,15,28,0
6565,61,15,28,0
6566,61,15,28,0
6567,61,15,28,0
6568,61,15,28,0
6569,61,15,28,0
6570,61,15,28,0
6571,61,15,28,0
6572,61,15,28,0
6573,61,15,28,0
6574,61,15,28,0
6575,61,15,28,0
6576,61,15,28,0
6577,61,15,28,0
6578,61,15,28,0
6579,61,15,28,0
6580,61,15,28,0
6581,61,15,28,0
6582,61,15,28,0
6583,61,15,28,0
6584,61,15,28,0
6585,61,15,28,0
6586,61,15,28,0
6587,61,15,28,0
6588,61,15,28,0
6589,61,15,28,0
6590,61,15,28,0
6591,61,15,28,0
6592,61,15,28,0
6593,61,15,28,0
6594,61,15,28,0
6595,61,15,28,0
6596,61,15,28,0
6597,61,15,28,0
6598,61,15,28,0
6599,61,15,28,0
6600,61,15,28,0
6601,61,15,28,0
6602,61,15,28,0
6603,61,15,28,0
6604,61,15,28,0
6605,61,15,28,0
6606,61,15,28,0
6607,61,15,28,0
6608,61,15,28,0
6609,61,15,28,0
6610,61,15,28,0
6611,61,15,28,0
6612,61,15,28,0
6613,61,15,28,0
6614,61,15,28,0
6615,61,15,28,0
6616,61,15,28,0
6617,61,15,28,0
6618,61,15,28,0
6619,61,15,28,0
6620,61,15,28,0
6621,61,15,28,0
6622,61,15,28,0
6623,61,15,28,0
6624,61,15,28,0
6625,61,15,28,0
6626,61,15,28,0
6627,61,15,28,0
6628,61,15,28,0
6629,61,15,28,0
6630,61,15,28,0
6631,61,15,28,0
6632,61,15,28,0
6633,61,15,28,0
6634,61,15,28,0
6635,61,15,28,0
6636,61,15,28,0
6637,61,15,28,0
6638,61,15,28,0
6639,61,15,28,0
6640,61,15,28,0
6641,61,15,28,0
6642,61,15,28,0
6643,61,15,28,0
6644,61,15,28,0
6645,61,15,28,0
6646,61,15,28,0
6647,61,15,28,0
6648,61,15,28,0
6649,61,15,28,0
6650,61,15,28,0
6651,61,15,28,0
6652,61,15,28,0
6653,61,15,28,0
6654,61,15,28,0
6655,61,15,28,0
6656,61,15,28,0
6657,61,15,28,0
6658,61,15,28,0
6659,61,15,28,0
6660,61,15,28,0
6661,61,15,28,0
6662,61,15,28,0
6663,61,15,28,0
6664,61,15,28,0
6665,61,15,28,0
6666,61,15,28,0
6667,61,15,28,0
6668,61,15,28,0
6669,61,15,28,0
6670,61,15,28,0
6671,61,15,28,0
6672,61,15,28,0
6673,61,15,28,0
6674,61,15,28,0
6675,61,15,28,0
6676,61,15,28,0
6677,61,15,28,0
6678,61,15,28,0
6679,61,15,28,0
6680,61,15,28,0
6681,61,15,28,0
6682,61,15,28,0
6683,61,15,28,0
6684,61,15,28,0
6685,61,15,28,0
6686,61,15,28,0
6687,61,15,28,0
6688,61,15,28,0
6689,61,15,28,0
6690,61,15,28,0
6691,61,15,28,0
6692,61,15,28,0
6693,61,15,28,0
6694,61,15,28,0
6695,61,15,28,0
6696,61,15,28,0
6697,61,15,28,0
6698,61,15,28,0
6699,61,15,28,0
6700,61,15,28,0
6701,61,15,28,0
6702,61,15,28,0
6703,61,15,28,0
6704,61,15,28,0
6705,61,15,28,0
6706,61,15,28,0
6707,61,15,28,0
6708,61,15,28,0
6709,61,15,28,0
6710,61,15,28,0
6711,61,15,28,0
6712,61,15,28,0
6713,61,15,28,0
6714,61,15,28,0
6715,61,15,28,0
6716,61,15,28,0
6717,61,15,28,0
6718,61,15,28,0
6719,61,15,28,0
6720,61,15,28,0
6721,61,15,28,0
6722,61,15,28,0
6723,61,15,28,0
6724,61,15,28,0
6725,61,15,28,0
6726,61,15,28,0
6727,61,15,28,0
6728,61,15,28,0
6729,61,15,28,0
6730,61,15,28,0
6731,61,15,28,0
6732,61,15,28,0
6733,61,15,28,0
6734,61,15,28,0
6735,61,15,28,0
6736,61,15,28,0
6737,61,15,28,0
6738,61,15,28,0
6739,61,15,28,0
6740,61,15,28,0
6741,61,15,28,0
6742,61,15,28,0
6743,61,15,28,0
6744,61,15,28,0
6745,61,15,28,0
6746,61,15,28,0
6747,61,15,28,0
6748,61,15,28,0
6749,61,15,28,0
6750,61,15,28,0
6751,61,15,28,0
6752,61,15,28,0
6753,61,15,28,0
6754,61,15,28,0
6755,61,15,28,0
6756,61,15,28,0
6757,61,15,28,0
6758,61,15,28,0
6759,61,15,28,0
6760,61,15,28,0
6761,61,15,28,0
6762,61,15,28,0
6763,61,15,28,0
6764,61,15,28,0
6765,61,15,28,0
6766,61,15,28,0
6767,61,15,28,0
6768,61,15,28,0
6769,61,15,28,0
6770,61,15,28,0
6771,61,15,28,0
6772,61,15,28,0
6773,61,15,28,0
6774,61,15,28,0
6775,61,15,28,0
6776,61,15,28,0
6777,61,15,28,0
6778,61,15,28,0
6779,61,15,28,0
6780,61,15,28,0
6781,61,15,28,0
6782,61,15,28,0
6783,61,15,28,0
6784,61,15,28,0
6785,61,15,28,0
6786,61,15,28,0
6787,61,15,28,0
6788,61,15,28,0
6789,61,15,28,0
6790,61,15,28,0
6791,61,15,28,0
6792,61,15,28,0
6793,61,15,28,0
6794,61,15,28,0
6795,61,15,28,0
6796,61,15,28,0
6797,61,15,28,0
6798,61,15,28,0
6799,61,15,28,0
6800,61,15,28,0
6801,61,15,28,0
6802,61,15,28,0
6803,61,15,28,0
6804,61,15,28,0
6805,61,15,28,0
6806,61,15,28,0
6807,61,15,28,0
6808,61,15,28,0
6809,61,15,28,0
6810,61,15,28,0
6811,61,15,28,0
6812,61,15,28,0
6813,61,15,28,0
6814,61,15,28,0
6815,61,15,28,0
6816,61,15,28,0
6817,61,15,28,0
6818,61,15,28,0
6819,61,15,28,0
6820,61,15,28,0
6821,61,15,28,0
6822,61,15,28,0
6823,61,15,28,0
6824,61,15,28,0
6825,61,15,28,0
6826,61,15,28,0
6827,61,15,28,0
6828,61,15,28,0
6829,61,15,28,0
6830,61,15,28,0
6831,61,15,28,0
6832,61,15,28,0
6833,61,15,28,0
6834,61,15,28,0
6835,61,15,28,0
6836,61,15,28,0
6837,61,15,28,0
6838,61,15,28,0
6839,61,15,28,0
6840,61,15,28,0
6841,61,15,28,0
6842,61,15,28,0
6843,61,15,28,0
6844,61,15,28,0
6845,61,15,28,0
6846,61,15,28,0
6847,61,15,28,0
6848,61,15,28,0
6849,61,15,28,0
6850,61,15,28,0
6851,61,15,28,0
6852,61,15,28,0
6853,61,15,28,0
6854,61,15,28,0
6855,61,15,28,0
6856,61,15,28,0
6857,61,15,28,0
6858,61,15,28,0
6859,61,15,28,0
6860,61,15,28,0
6861,61,15,28,0
6862,61,15,28,0
6863,61,15,28,0
6864,61,15,28,0
6865,61,15,28,0
6866,61,15,28,0
6867,61,15,28,0
6868,61,15,28,0
6869,61,15,28,0
6870,61,15,28,0
6871,61,15,28,0
6872,61,15,28,0
6873,61,15,28,0
6874,61,15,28,0
6875,61,15,28,0
6876,61,15,28,0
6877,61,15,28,0
6878,61,15,28,0
6879,61,15,28,0
6880,61,15,28,0
6881,61,15,28,0
6882,61,15,28,0
6883,61,15,28,0
6884,61,15,28,0
6885,61,15,28,0
6886,61,15,28,0
6887,61,15,28,0
6888,61,15,28,0
6889,61,15,28,0
6890,61,15,28,0
6891,61,15,28,0
6892,61,15,28,0
6893,61,15,28,0
6894,61,15,28,0
6895,61,15,28,0
6896,61,15,28,0
6897,61,15,28,0
6898,61,15,28,0
6899,61,15,28,0
6900,61,15,28,0
6901,61,15,28,0
6902,61,15,28,0
6903,61,15,28,0
6904,61,15,28,0
6905,61,15,28,0
6906,61,15,28,0
6907,61,15,28,0
6908,61,15,28,0
6909,61,15,28,0
6910,61,15,28,0
6911,61,15,28,0
6912,61,15,28,0
6913,61,15,28,0
6914,61,15,28,0
6915,61,15,28,0
6916,61,15,28,0
6917,61,15,28,0
6918,61,15,28,0
6919,61,15,28,0
6920,61,15,28,0
6921,61,15,28,0
6922,61,15,28,0
6923,61,15,28,0
6924,61,15,28,0
6925,61,15,28,0
6926,61,15,28,0
6927,61,15,28,0
6928,61,15,28,0
6929,61,15,28,0
6930,61,15,28,0
6931,61,15,28,0
6932,61,15,28,0
6933,61,15,28,0
6934,61,15,28,0
6935,61,15,28,0
6936,61,15,28,0
6937,61,15,28,0
6938,61,15,28,0
6939,61,15,28,0
6940,61,15,28,0
6941,61,15,28,0
6942,61,15,28,0
6943,61,15,28,0
6944,61,15,28,0
6945,61,15,28,0
6946,61,15,28,0
6947,61,15,28,0
6948,61,15,28,0
6949,61,15,28,0
6950,61,15,28,0
6951,61,15,28,0
6952,61,15,28,0
6953,61,15,28,0
6954,61,15,28,0
6955,61,15,28,0
6956,61,15,28,0
6957,61,15,28,0
6958,61,15,28,0
6959,61,15,28,0
6960,61,15,28,0
6961,61,15,28,0
6962,61,15,28,0
6963,61,15,28,0
6964,61,15,28,0
6965,61,15,28,0
6966,61,15,28,0
6967,61,15,28,0
6968,61,15,28,0
6969,61,15,28,0
6970,61,15,28,0
6971,61,15,28,0
6972,61,15,28,0
6973,61,15,28,0
6974,61,15,28,0
6975,61,15,28,0
6976,61,15,28,0
6977,61,15,28,0
6978,61,15,28,0
6979,61,15,28,0
6980,61,15,28,0
6981,61,15,28,0
6982,61,15,28,0
6983,61,15,28,0
6984,61,15,28,0
6985,61,15,28,0
6986,61,15,28,0
6987,61,15,28,0
6988,61,15,28,0
6989,61,15,28,0
6990,61,15,28,0
6991,61,15,28,0
6992,61,15,28,0
6993,61,15,28,0
6994,61,15,28,0
6995,61,15,28,0
6996,61,15,28,0
6997,61,15,28,0
6998,61,15,28,0
6999,61,15,28,0
7000,61,15,28,0
7001,61,15,28,0
7002,61,15,28,0
7003,61,15,28,0
7004,61,15,28,0
7005,61,15,28,0
7006,61,15,28,0
7007,61,15,28,0
7008,61,15,28,0
7009,61,15,28,0
7010,61,15,28,0
7011,61,15,28,0
7012,61,15,28,0
7013,61,15,28,0
7014,61,15,28,0
7015,61,15,28,0
7016,61,15,28,0
7017,61,15,28,0
7018,61,15,28,0
7019,61,15,28,0
7020,61,15,28,0
7021,61,15,28,0
7022,61,15,28,0
7023,61,15,28,0
7024,61,15,28,0
7025,61,15,28,0
7026,61,15,28,0
7027,61,15,28,0
7028,61,15,28,0
7029,61,15,28,0
7030,61,15,28,0
7031,61,15,28,0
7032,61,15,28,0
7033,61,15,28,0
7034,61,15,28,0
7035,61,15,28,0
7036,61,15,28,0
7037,61,15,28,0
7038,61,15,28,0
7039,61,15,28,0
7040,61,15,28,0
7041,61,15,28,0
7042,61,15,28,0
7043,61,15,28,0
7044,61,15,28,0
7045,61,15,28,0
7046,61,15,28,0
7047,61,15,28,0
7048,61,15,28,0
7049,61,15,28,0
7050,61,15,28,0
7051,61,15,28,0
7052,61,15,28,0
7053,61,15,28,0
7054,61,15,28,0
7055,61,15,28,0
7056,61,15,28,0
7057,61,15,28,0
7058,61,15,28,0
7059,61,15,28,0
7060,61,15,28,0
7061,61,15,28,0
7062,61,15,28,0
7063,61,15,28,0
7064,61,15,28,0
7065,61,15,28,0
7066,61,15,28,0
7067,61,15,28,0
7068,61,15,28,0
7069,61,15,28,0
7070,61,15,28,0
7071,61,15,28,0
7072,61,15,28,0
7073,61,15,28,0
7074,61,15,28,0
7075,61,15,28,0
7076,61,15,28,0
7077,61,15,28,0
7078,61,15,28,0
7079,61,15,28,0
7080,61,15,28,0
7081,61,15,28,0
7082,61,15,28,0
7083,61,15,28,0
7084,61,15,28,0
7085,61,15,28,0
7086,61,15,28,0
7087,61,15,28,0
7088,61,15,28,0
7089,61,15,28,0
7090,61,15,28,0
7091,61,15,28,0
7092,61,15,28,0
7093,61,15,28,0
7094,61,15,28,0
7095,61,15,28,0
7096,61,15,28,0
7097,61,15,28,0
7098,61,15,28,0
7099,61,15,28,0
7100,61,15,28,0
7101,61,15,28,0
7102,61,15,28,0
7103,61,15,28,0
7104,61,15,28,0
7105,61,15,28,0
7106,61,15,28,0
7107,61,15,28,0
7108,61,15,28,0
7109,61,15,28,0
7110,61,15,28,0
7111,61,15,28,0
7112,61,15,28,0
7113,61,15,28,0
7114,61,15,28,0
7115,61,15,28,0
7116,61,15,28,0
7117,61,15,28,0
7118,61,15,28,0
7119,61,15,28,0
7120,61,15,28,0
7121,61,15,28,0
7122,61,15,28,0
7123,61,15,28,0
7124,61,15,28,0
7125,61,15,28,0
7126,61,15,28,0
7127,61,15,28,0
7128,61,15,28,0
7129,61,15,28,0
7130,61,15,28,0
7131,61,15,28,0
7132,61,15,28,0
7133,61,15,28,0
7134,61,15,28,0
7135,61,15,28,0
7136,61,15,28,0
7137,61,15,28,0
7138,61,15,28,0
7139,61,15,28,0
7140,61,15,28,0
7141,61,15,28,0
7142,61,15,28,0
7143,61,15,28,0
7144,61,15,28,0
7145,61,15,28,0
7146,61,15,28,0
7147,61,15,28,0
7148,61,15,28,0
7149,61,15,28,0
7150,61,15,28,0
7151,61,15,28,0
7152,61,15,28,0
7153,61,15,28,0
7154,61,15,28,0
7155,61,15,28,0
7156,61,15,28,0
7157,61,15,28,0
7158,61,15,28,0
7159,61,15,28,0
7160,61,15,28,0
7161,61,15,28,0
7162,61,15,28,0
7163,61,15,28,0
7164,61,15,28,0
7165,61,15,28,0
7166,61,15,28,0
7167,61,15,28,0
7168,61,15,28,0
7169,61,15,28,0
7170,61,15,28,0
7171,61,15,28,0
7172,61,15,28,0
7173,61,15,28,0
7174,61,15,28,0
7175,61,15,28,0
7176,61,15,28,0
7177,61,15,28,0
7178,61,15,28,0
7179,61,15,28,0
7180,61,15,28,0
7181,61,15,28,0
7182,61,15,28,0
7183,61,15,28,0
7184,61,15,28,0
7185,61,15,28,0
7186,61,15,28,0
7187,61,15,28,0
7188,61,15,28,0
7189,61,15,28,0
7190,61,15,28,0
7191,61,15,28,0
7192,61,15,28,0
7193,61,15,28,0
7194,61,15,28,0
7195,61,15,28,0
7196,61,15,28,0
7197,61,15,28,0
7198,61,15,28,0
7199,61,15,28,0
7200,61,15,28,0
7201,61,15,28,0
7202,61,15,28,0
7203,61,15,28,0
7204,61,15,28,0
7205,61,15,28,0
7206,61,15,28,0
7207,61,15,28,0
7208,61,15,28,0
7209,61,15,28,0
7210,61,15,28,0
7211,61,15,28,0
7212,61,15,28,0
7213,61,15,28,0
7214,61,15,28,0
7215,61,15,28,0
7216,61,15,28,0
7217,61,15,28,0
7218,61,15,28,0
7219,61,15,28,0
7220,61,15,28,0
7221,61,15,28,0
7222,61,15,28,0
7223,61,15,28,0
7224,61,15,28,0
7225,61,15,28,0
7226,61,15,28,0
7227,61,15,28,0
7228,61,15,28,0
7229,61,15,28,0
7230,61,15,28,0
7231,61,15,28,0
7232,61,15,28,0
7233,61,15,28,0
7234,61,15,28,0
7235,61,15,28,0
7236,61,15,28,0
7237,61,15,28,0
7238,61,15,28,0
7239,61,15,28,0
7240,61,15,28,0
7241,61,15,28,0
7242,61,15,28,0
7243,61,15,28,0
7244,61,15,28,0
7245,61,15,28,0
7246,61,15,28,0
7247,61,15,28,0
7248,61,15,28,0
7249,61,15,28,0
7250,61,15,28,0
7251,61,15,28,0
7252,61,15,28,0
7253,61,15,28,0
7254,61,15,28,0
7255,61,15,28,0
7256,61,15,28,0
7257,61,15,28,0
7258,61,15,28,0
7259,61,15,28,0
7260,61,15,28,0
7261,61,15,28,0
7262,61,15,28,0
7263,61,15,28,0
7264,61,15,28,0
7265,61,15,28,0
7266,61,15,28,0
7267,61,15,28,0
7268,61,15,28,0
7269,61,15,28,0
7270,61,15,28,0
7271,61,15,28,0
7272,61,15,28,0
7273,61,15,28,0
7274,61,15,28,0
7275,61,15,28,0
7276,61,15,28,0
7277,61,15,28,0
7278,61,15,28,0
7279,61,15,28,0
7280,61,15,28,0
7281,61,15,28,0
7282,61,15,28,0
7283,61,15,28,0
7284,61,15,28,0
7285,61,15,28,0
7286,61,15,28,0
7287,61,15,28,0
7288,61,15,28,0
7289,61,15,28,0
7290,61,15,28,0
7291,61,15,28,0
7292,61,15,28,0
7293,61,15,28,0
7294,61,15,28,0
7295,61,15,28,0
7296,61,15,28,0
7297,61,15,28,0
7298,61,15,28,0
7299,61,15,28,0
7300,61,15,28,0
7301,61,15,28,0
7302,61,15,28,0
7303,61,15,28,0
7304,61,15,28,0
7305,61,15,28,0
7306,61,15,28,0
7307,61,15,28,0
7308,61,15,28,0
7309,61,15,28,0
7310,61,15,28,0
7311,61,15,28,0
7312,61,15,28,0
7313,61,15,28,0
7314,61,15,28,0
7315,61,15,28,0
7316,61,15,28,0
7317,61,15,28,0
7318,61,15,28,0
7319,61,15,28,0
7320,61,15,28,0
7321,61,15,28,0
7322,61,15,28,0
7323,61,15,28,0
7324,61,15,28,0
7325,61,15,28,0
7326,61,15,28,0
7327,61,15,28,0
7328,61,15,28,0
7329,61,15,28,0
7330,61,15,28,0
7331,61,15,28,0
7332,61,15,28,0
7333,61,15,28,0
7334,61,15,28,0
7335,61,15,28,0
7336,61,15,28,0
7337,61,15,28,0
7338,61,15,28,0
7339,61,15,28,0
7340,61,15,28,0
7341,61,15,28,0
7342,61,15,28,0
7343,61,15,28,0
7344,61,15,28,0
7345,61,15,28,0
7346,61,15,28,0
7347,61,15,28,0
7348,61,15,28,0
7349,61,15,28,0
7350,61,15,28,0
7351,61,15,28,0
7352,61,15,28,0
7353,61,15,28,0
7354,61,15,28,0
7355,61,15,28,0
7356,61,15,28,0
7357,61,15,28,0
7358,61,15,28,0
7359,61,15,28,0
7360,61,15,28,0
7361,61,15,28,0
7362,61,15,28,0
7363,61,15,28,0
7364,61,15,28,0
7365,61,15,28,0
7366,61,15,28,0
7367,61,15,28,0
7368,61,15,28,0
7369,61,15,28,0
7370,61,15,28,0
7371,61,15,28,0
7372,61,15,28,0
7373,61,15,28,0
7374,61,15,28,0
7375,61,15,28,0
7376,61,15,28,0
7377,61,15,28,0
7378,61,15,28,0
7379,61,15,28,0
7380,61,15,28,0
7381,61,15,28,0
7382,61,15,28,0
7383,61,15,28,0
7384,61,15,28,0
7385,61,15,28,0
7386,61,15,28,0
7387,61,15,28,0
7388,61,15,28,0
7389,61,15,28,0
7390,61,15,28,0
7391,61,15,28,0
7392,61,15,28,0
7393,61,15,28,0
7394,61,15,28,0
7395,61,15,28,0
7396,61,15,28,0
7397,61,15,28,0
7398,61,15,28,0
7399,61,15,28,0
7400,61,15,28,0
7401,61,15,28,0
7402,61,15,28,0
7403,61,15,28,0
7404,61,15,28,0
7405,61,15,28,0
7406,61,15,28,0
7407,61,15,28,0
7408,61,15,28,0
7409,61,15,28,0
7410,61,15,28,0
7411,61,15,28,0
7412,61,15,28,0
7413,61,15,28,0
7414,61,15,28,0
7415,61,15,28,0
7416,61,15,28,0
7417,61,15,28,0
7418,61,15,28,0
7419,61,15,28,0
7420,61,15,28,0
7421,61,15,28,0
7422,61,15,28,0
7423,61,15,28,0
7424,61,15,28,0
7425,61,15,28,0
7426,61,15,28,0
7427,61,15,28,0
7428,61,15,28,0
7429,61,15,28,0
7430,61,15,28,0
7431,61,15,28,0
7432,61,15,28,0
7433,61,15,28,0
7434,61,15,28,0
7435,61,15,28,0
7436,61,15,28,0
7437,61,15,28,0
7438,61,15,28,0
7439,61,15,28,0
7440,61,15,28,0
7441,61,15,28,0
7442,61,15,28,0
7443,61,15,28,0
7444,61,15,28,0
7445,61,15,28,0
7446,61,15,28,0
7447,61,15,28,0
7448,61,15,28,0
7449,61,15,28,0
7450,61,15,28,0
7451,61,15,28,0
7452,61,15,28,0
7453,61,15,28,0
7454,61,15,28,0
7455,61,15,28,0
7456,61,15,28,0
7457,61,15,28,0
7458,61,15,28,0
7459,61,15,28,0
7460,61,15,28,0
7461,61,15,28,0
7462,61,15,28,0
7463,61,15,28,0
7464,61,15,28,0
7465,61,15,28,0
7466,61,15,28,0
7467,61,15,28,0
7468,61,15,28,0
7469,61,15,28,0
7470,61,15,28,0
7471,61,15,28,0
7472,61,15,28,0
7473,61,15,28,0
7474,61,15,28,0
7475,61,15,28,0
7476,61,15,28,0
7477,61,15,28,0
7478,61,15,28,0
7479,61,15,28,0
7480,61,15,28,0
7481,61,15,28,0
7482,61,15,28,0
7483,61,15,28,0
7484,61,15,28,0
7485,61,15,28,0
7486,61,15,28,0
7487,61,15,28,0
7488,61,15,28,0
7489,61,15,28,0
7490,61,15,28,0
7491,61,15,28,0
7492,61,15,28,0
7493,61,15,28,0
7494,61,15,28,0
7495,61,15,28,0
7496,61,15,28,0
7497,61,15,28,0
7498,61,15,28,0
7499,61,15,28,0
7500,61,15,28,0
7501,61,15,28,0
7502,61,15,28,0
7503,61,15,28,0
7504,61,15,28,0
7505,61,15,28,0
7506,61,15,28,0
7507,61,15,28,0
7508,61,15,28,0
7509,61,15,28,0
7510,61,15,28,0
7511,61,15,28,0
7512,61,15,28,0
7513,61,15,28,0
7514,61,15,28,0
7515,61,15,28,0
7516,61,15,28,0
7517,61,15,28,0
7518,61,15,28,0
7519,61,15,28,0
7520,61,15,28,0
7521,61,15,28,0
7522,61,15,28,0
7523,61,15,28,0
7524,61,15,28,0
7525,61,15,28,0
7526,61,15,28,0
7527,61,15,28,0
7528,61,15,28,0
7529,61,15,28,0
7530,61,15,28,0
7531,61,15,28,0
7532,61,15,28,0
7533,61,15,28,0
7534,61,15,28,0
7535,61,15,28,0
7536,61,15,28,0
7537,61,15,28,0
7538,61,15,28,0
7539,61,15,28,0
7540,61,15,28,0
7541,61,15,28,0
7542,61,15,28,0
7543,61,15,28,0
7544,61,15,28,0
7545,61,15,28,0
7546,61,15,28,0
7547,61,15,28,0
7548,61,15,28,0
7549,61,15,28,0
7550,61,15,28,0
7551,61,15,28,0
7552,61,15,28,0
7553,61,15,28,0
7554,61,15,28,0
7555,61,15,28,0
7556,61,15,28,0
7557,61,15,28,0
7558,61,15,28,0
7559,61,15,28,0
7560,61,15,28,0
7561,61,15,28,0
7562,61,15,28,0
7563,61,15,28,0
7564,61,15,28,0
7565,61,15,28,0
7566,61,15,28,0
7567,61,15,28,0
7568,61,15,28,0
7569,61,15,28,0
7570,61,15,28,0
7571,61,15,28,0
7572,61,15,28,0
7573,61,15,28,0
7574,61,15,28,0
7575,61,15,28,0
7576,61,15,28,0
7577,61,15,28,0
7578,61,15,28,0
7579,61,15,28,0
7580,61,15,28,0
7581,61,15,28,0
7582,61,15,28,0
7583,61,15,28,0
7584,61,15,28,0
7585,61,15,28,0
7586,61,15,28,0
7587,61,15,28,0
7588,61,15,28,0
7589,61,15,28,0
7590,61,15,28,0
7591,61,15,28,0
7592,61,15,28,0
7593,61,15,28,0
7594,61,15,28,0
7595,61,15,28,0
7596,61,15,28,0
7597,61,15,28,0
7598,61,15,28,0
7599,61,15,28,0
7600,61,15,28,0
7601,61,15,28,0
7602,61,15,28,0
7603,61,15,28,0
7604,61,15,28,0
7605,61,15,28,0
7606,61,15,28,0
7607,61,15,28,0
7608,61,15,28,0
7609,61,15,28,0
7610,61,15,28,0
7611,61,15,28,0
7612,61,15,28,0
7613,61,15,28,0
7614,61,15,28,0
7615,61,15,28,0
7616,61,15,28,0
7617,61,15,28,0
7618,61,15,28,0
7619,61,15,28,0
7620,61,15,28,0
7621,61,15,28,0
7622,61,15,28,0
7623,61,15,28,0
7624,61,15,28,0
7625,61,15,28,0
7626,61,15,28,0
7627,61,15,28,0
7628,61,15,28,0
7629,61,15,28,0
7630,61,15,28,0
7631,61,15,28,0
7632,61,15,28,0
7633,61,15,28,0
7634,61,15,28,0
7635,61,15,28,0
7636,61,15,28,0
7637,61,15,28,0
7638,61,15,28,0
7639,61,15,28,0
7640,61,15,28,0
7641,61,15,28,0
7642,61,15,28,0
7643,61,15,28,0
7644,61,15,28,0
7645,61,15,28,0
7646,61,15,28,0
7647,61,15,28,0
7648,61,15,28,0
7649,61,15,28,0
7650,61,15,28,0
7651,61,15,28,0
7652,61,15,28,0
7653,61,15,28,0
7654,61,15,28,0
7655,61,15,28,0
7656,61,15,28,0
7657,61,15,28,0
7658,61,15,28,0
7659,61,15,28,0
7660,61,15,28,0
7661,61,15,28,0
7662,61,15,28,0
7663,61,15,28,0
7664,61,15,28,0
7665,61,15,28,0
7666,61,15,28,0
7667,61,15,28,0
7668,61,15,28,0
7669,61,15,28,0
7670,61,15,28,0
7671,61,15,28,0
7672,61,15,28,0
7673,61,15,28,0
7674,61,15,28,0
7675,61,15,28,0
7676,61,15,28,0
7677,61,15,28,0
7678,61,15,28,0
7679,61,15,28,0
7680,61,15,28,0
7681,61,15,28,0
7682,61,15,28,0
7683,61,15,28,0
7684,61,15,28,0
7685,61,15,28,0
7686,61,15,28,0
7687,61,15,28,0
7688,61,15,28,0
7689,61,15,28,0
7690,61,15,28,0
7691,61,15,28,0
7692,61,15,28,0
7693,61,15,28,0
7694,61,15,28,0
7695,61,15,28,0
7696,61,15,28,0
7697,61,15,28,0
7698,61,15,28,0
7699,61,15,28,0
7700,61,15,28,0
7701,61,15,28,0
7702,61,15,28,0
7703,61,15,28,0
7704,61,15,28,0
7705,61,15,28,0
7706,61,15,28,0
7707,61,15,28,0
7708,61,15,28,0
7709,61,15,28,0
7710,61,15,28,0
7711,61,15,28,0
7712,61,15,28,0
7713,61,15,28,0
7714,61,15,28,0
7715,61,15,28,0
7716,61,15,28,0
7717,61,15,28,0
7718,61,15,28,0
7719,61,15,28,0
7720,61,15,28,0
7721,61,15,28,0
7722,61,15,28,0
7723,61,15,28,0
7724,61,15,28,0
7725,61,15,28,0
7726,61,15,28,0
7727,61,15,28,0
7728,61,15,28,0
7729,61,15,28,0
7730,61,15,28,0
7731,61,15,28,0
7732,61,15,28,0
7733,61,15,28,0
7734,61,15,28,0
7735,61,15,28,0
7736,61,15,28,0
7737,61,15,28,0
7738,61,15,28,0
7739,61,15,28,0
7740,61,15,28,0
7741,61,15,28,0
7742,61,15,28,0
7743,61,15,28,0
7744,61,15,28,0
7745,61,15,28,0
7746,61,15,28,0
7747,61,15,28,0
7748,61,15,28,0
7749,61,15,28,0
7750,61,15,28,0
7751,61,15,28,0
7752,61,15,28,0
7753,61,15,28,0
7754,61,15,28,0
7755,61,15,28,0
7756,61,15,28,0
7757,61,15,28,0
7758,61,15,28,0
7759,61,15,28,0
7760,61,15,28,0
7761,61,15,28,0
7762,61,15,28,0
7763,61,15,28,0
7764,61,15,28,0
7765,61,15,28,0
7766,61,15,28,0
7767,61,15,28,0
7768,61,15,28,0
7769,61,15,28,0
7770,61,15,28,0
7771,61,15,28,0
7772,61,15,28,0
7773,61,15,28,0
7774,61,15,28,0
7775,61,15,28,0
7776,61,15,28,0
7777,61,15,28,0
7778,61,15,28,0
7779,61,15,28,0
7780,61,15,28,0
7781,61,15,28,0
7782,61,15,28,0
7783,61,15,28,0
7784,61,15,28,0
7785,61,15,28,0
7786,61,15,28,0
7787,61,15,28,0
7788,61,15,28,0
7789,61,15,28,0
7790,61,15,28,0
7791,61,15,28,0
7792,61,15,28,0
7793,61,15,28,0
7794,61,15,28,0
7795,61,15,28,0
7796,61,15,28,0
7797,61,15,28,0
7798,61,15,28,0
7799,61,15,28,0
7800,61,15,28,0
7801,61,15,28,0
7802,61,15,28,0
7803,61,15,28,0
7804,61,15,28,0
7805,61,15,28,0
7806,61,15,28,0
7807,61,15,28,0
7808,61,15,28,0
7809,61,15,28,0
7810,61,15,28,0
7811,61,15,28,0
7812,61,15,28,0
7813,61,15,28,0
7814,61,15,28,0
7815,61,15,28,0
7816,61,15,28,0
7817,61,15,28,0
7818,61,15,28,0
7819,61,15,28,0
7820,61,15,28,0
7821,61,15,28,0
7822,61,15,28,0
7823,61,15,28,0
7824,61,15,28,0
7825,61,15,28,0
7826,61,15,28,0
7827,61,15,28,0
7828,61,15,28,0
7829,61,15,28,0
7830,61,15,28,0
7831,61,15,28,0
7832,61,15,28,0
7833,61,15,28,0
7834,61,15,28,0
7835,61,15,28,0
7836,61,15,28,0
7837,61,15,28,0
7838,61,15,28,0
7839,61,15,28,0
7840,61,15,28,0
7841,61,15,28,0
7842,61,15,28,0
7843,61,15,28,0
7844,61,15,28,0
7845,61,15,28,0
7846,61,15,28,0
7847,61,15,28,0
7848,61,15,28,0
7849,61,15,28,0
7850,61,15,28,0
7851,61,15,28,0
7852,61,15,28,0
7853,61,15,28,0
7854,61,15,28,0
7855,61,15,28,0
7856,61,15,28,0
7857,61,15,28,0
7858,61,15,28,0
7859,61,15,28,0
7860,61,15,28,0
7861,61,15,28,0
7862,61,15,28,0
7863,61,15,28,0
7864,61,15,28,0
7865,61,15,28,0
7866,61,15,28,0
7867,61,15,28,0
7868,61,15,28,0
7869,61,15,28,0
7870,61,15,28,0
7871,61,15,28,0
7872,61,15,28,0
7873,61,15,28,0
7874,61,15,28,0
7875,61,15,28,0
7876,61,15,28,0
7877,61,15,28,0
7878,61,15,28,0
7879,61,15,28,0
7880,61,15,28,0
7881,61,15,28,0
7882,61,15,28,0
7883,61,15,28,0
7884,61,15,28,0
7885,61,15,28,0
7886,61,15,28,0
7887,61,15,28,0
7888,61,15,28,0
7889,61,15,28,0
7890,61,15,28,0
7891,61,15,28,0
7892,61,15,28,0
7893,61,15,28,0
7894,61,15,28,0
7895,61,15,28,0
7896,61,15,28,0
7897,61,15,28,0
7898,61,15,28,0
7899,61,15,28,0
7900,61,15,28,0
7901,61,15,28,0
7902,61,15,28,0
7903,61,15,28,0
7904,61,15,28,0
7905,61,15,28,0
7906,61,15,28,0
7907,61,15,28,0
7908,61,15,28,0
7909,61,15,28,0
7910,61,15,28,0
7911,61,15,28,0
7912,61,15,28,0
7913,61,15,28,0
7914,61,15,28,0
7915,61,15,28,0
7916,61,15,28,0
7917,61,15,28,0
7918,61,15,28,0
7919,61,15,28,0
7920,61,15,28,0
7921,61,15,28,0
7922,61,15,28,0
7923,61,15,28,0
7924,61,15,28,0
7925,61,15,28,0
7926,61,15,28,0
7927,61,15,28,0
7928,61,15,28,0
7929,61,15,28,0
7930,61,15,28,0
7931,61,15,28,0
7932,61,15,28,0
7933,61,15,28,0
7934,61,15,28,0
7935,61,15,28,0
7936,61,15,28,0
7937,61,15,28,0
7938,61,15,28,0
7939,61,15,28,0
7940,61,15,28,0
7941,61,15,28,0
7942,61,15,28,0
7943,61,15,28,0
7944,61,15,28,0
7945,61,15,28,0
7946,61,15,28,0
7947,61,15,28,0
7948,61,15,28,0
7949,61,15,28,0
7950,61,15,28,0
7951,61,15,28,0
7952,61,15,28,0
7953,61,15,28,0
7954,61,15,28,0
7955,61,15,28,0
7956,61,15,28,0
7957,61,15,28,0
7958,61,15,28,0
7959,61,15,28,0
7960,61,15,28,0
7961,61,15,28,0
7962,61,15,28,0
7963,61,15,28,0
7964,61,15,28,0
7965,61,15,28,0
7966,61,15,28,0
7967,61,15,28,0
7968,61,15,28,0
7969,61,15,28,0
7970,61,15,28,0
7971,61,15,28,0
7972,61,15,28,0
7973,61,15,28,0
7974,61,15,28,0
7975,61,15,28,0
7976,61,15,28,0
7977,61,15,28,0
7978,61,15,28,0
7979,61,15,28,0
7980,61,15,28,0
7981,61,15,28,0
7982,61,15,28,0
7983,61,15,28,0
7984,61,15,28,0
7985,61,15,28,0
7986,61,15,28,0
7987,61,15,28,0
7988,61,15,28,0
7989,61,15,28,0
7990,61,15,28,0
7991,61,15,28,0
7992,61,15,28,0
7993,61,15,28,0
7994,61,15,28,0
7995,61,15,28,0
7996,61,15,28,0
7997,61,15,28,0
7998,61,15,28,0
7999,61,15,28,0
8000,61,15,28,0
8001,61,15,28,0
8002,61,15,28,0
8003,61,15,28,0
8004,61,15,28,0
8005,61,15,28,0
8006,61,15,28,0
8007,61,15,28,0
8008,61,15,28,0
8009,61,15,28,0
8010,61,15,28,0
8011,61,15,28,0
8012,61,15,28,0
8013,61,15,28,0
8014,61,15,28,0
8015,61,15,28,0
8016,61,15,28,0
8017,61,15,28,0
8018,61,15,28,0
8019,61,15,28,0
8020,61,15,28,0
8021,61,15,28,0
8022,61,15,28,0
8023,61,15,28,0
8024,61,15,28,0
8025,61,15,28,0
8026,61,15,28,0
8027,61,15,28,0
8028,61,15,28,0
8029,61,15,28,0
8030,61,15,28,0
8031,61,15,28,0
8032,61,15,28,0
8033,61,15,28,0
8034,61,15,28,0
8035,61,15,28,0
8036,61,15,28,0
8037,61,15,28,0
8038,61,15,28,0
8039,61,15,28,0
8040,61,15,28,0
8041,61,15,28,0
8042,61,15,28,0
8043,61,15,28,0
8044,61,15,28,0
8045,61,15,28,0
8046,61,15,28,0
8047,61,15,28,0
8048,61,15,28,0
8049,61,15,28,0
8050,61,15,28,0
8051,61,15,28,0
8052,61,15,28,0
8053,61,15,28,0
8054,61,15,28,0
8055,61,15,28,0
8056,61,15,28,0
8057,61,15,28,0
8058,61,15,28,0
8059,61,15,28,0
8060,61,15,28,0
8061,61,15,28,0
8062,61,15,28,0
8063,61,15,28,0
8064,61,15,28,0
8065,61,15,28,0
8066,61,15,28,0
8067,61,15,28,0
8068,61,15,28,0
8069,61,15,28,0
8070,61,15,28,0
8071,61,15,28,0
8072,61,15,28,0
8073,61,15,28,0
8074,61,15,28,0
8075,61,15,28,0
8076,61,15,28,0
8077,61,15,28,0
8078,61,15,28,0
8079,61,15,28,0
8080,61,15,28,0
8081,61,15,28,0
8082,61,15,28,0
8083,61,15,28,0
8084,61,15,28,0
8085,61,15,28,0
8086,61,15,28,0
8087,61,15,28,0
8088,61,15,28,0
8089,61,15,28,0
8090,61,15,28,0
8091,61,15,28,0
8092,61,15,28,0
8093,61,15,28,0
8094,61,15,28,0
8095,61,15,28,0
8096,61,15,28,0
8097,61,15,28,0
8098,61,15,28,0
8099,61,15,28,0
8100,61,15,28,0
8101,61,15,28,0
8102,61,15,28,0
8103,61,15,28,0
8104,61,15,28,0
8105,61,15,28,0
8106,61,15,28,0
8107,61,15,28,0
8108,61,15,28,0
8109,61,15,28,0
8110,61,15,28,0
8111,61,15,28,0
8112,61,15,28,0
8113,61,15,28,0
8114,61,15,28,0
8115,61,15,28,0
8116,61,15,28,0
8117,61,15,28,0
8118,61,15,28,0
8119,61,15,28,0
8120,61,15,28,0
8121,61,15,28,0
8122,61,15,28,0
8123,61,15,28,0
8124,61,15,28,0
8125,61,15,28,0
8126,61,15,28,0
8127,61,15,28,0
8128,61,15,28,0
8129,61,15,28,0
8130,61,15,28,0
8131,61,15,28,0
8132,61,15,28,0
8133,61,15,28,0
8134,61,15,28,0
8135,61,15,28,0
8136,61,15,28,0
8137,61,15,28,0
8138,61,15,28,0
8139,61,15,28,0
8140,61,15,28,0
8141,61,15,28,0
8142,61,15,28,0
8143,61,15,28,0
8144,61,15,28,0
8145,61,15,28,0
8146,61,15,28,0
8147,61,15,28,0
8148,61,15,28,0
8149,61,15,28,0
8150,61,15,28,0
8151,61,15,28,0
8152,61,15,28,0
8153,61,15,28,0
8154,61,15,28,0
8155,61,15,28,0
8156,61,15,28,0
8157,61,15,28,0
8158,61,15,28,0
8159,61,15,28,0
8160,61,15,28,0
8161,61,15,28,0
8162,61,15,28,0
8163,61,15,28,0
8164,61,15,28,0
8165,61,15,28,0
8166,61,15,28,0
8167,61,15,28,0
8168,61,15,28,0
8169,61,15,28,0
8170,61,15,28,0
8171,61,15,28,0
8172,61,15,28,0
8173,61,15,28,0
8174,61,15,28,0
8175,61,15,28,0
8176,61,15,28,0
8177,61,15,28,0
8178,61,15,28,0
8179,61,15,28,0
8180,61,15,28,0
8181,61,15,28,0
8182,61,15,28,0
8183,61,15,28,0
8184,61,15,28,0
8185,61,15,28,0
8186,61,15,28,0
8187,61,15,28,0
8188,61,15,28,0
8189,61,15,28,0
8190,61,15,28,0
8191,61,15,28,0
8192,61,15,28,0
8193,61,15,28,0
8194,61,15,28,0
8195,61,15,28,0
8196,61,15,28,0
8197,61,15,28,0
8198,61,15,28,0
8199,61,15,28,0
8200,61,15,28,0
8201,61,15,28,0
8202,61,15,28,0
8203,61,15,28,0
8204,61,15,28,0
8205,61,15,28,0
8206,61,15,28,0
8207,61,15,28,0
8208,61,15,28,0
8209,61,15,28,0
8210,61,15,28,0
8211,61,15,28,0
8212,61,15,28,0
8213,61,15,28,0
8214,61,15,28,0
8215,61,15,28,0
8216,61,15,28,0
8217,61,15,28,0
8218,61,15,28,0
8219,61,15,28,0
8220,61,15,28,0
8221,61,15,28,0
8222,61,15,28,0
8223,61,15,28,0
8224,61,15,28,0
8225,61,15,28,0
8226,61,15,28,0
8227,61,15,28,0
8228,61,15,28,0
8229,61,15,28,0
8230,61,15,28,0
8231,61,15,28,0
8232,61,15,28,0
8233,61,15,28,0
8234,61,15,28,0
8235,61,15,28,0
8236,61,15,28,0
8237,61,15,28,0
8238,61,15,28,0
8239,61,15,28,0
8240,61,15,28,0
8241,61,15,28,0
8242,61,15,28,0
8243,61,15,28,0
8244,61,15,28,0
8245,61,15,28,0
8246,61,15,28,0
8247,61,15,28,0
8248,61,15,28,0
8249,61,15,28,0
8250,61,15,28,0
8251,61,15,28,0
8252,61,15,28,0
8253,61,15,28,0
8254,61,15,28,0
8255,61,15,28,0
8256,61,15,28,0
8257,61,15,28,0
8258,61,15,28,0
8259,61,15,28,0
8260,61,15,28,0
8261,61,15,28,0
8262,61,15,28,0
8263,61,15,28,0
8264,61,15,28,0
8265,61,15,28,0
8266,61,15,28,0
8267,61,15,28,0
8268,61,15,28,0
8269,61,15,28,0
8270,61,15,28,0
8271,61,15,28,0
8272,61,15,28,0
8273,61,15,28,0
8274,61,15,28,0
8275,61,15,28,0
8276,61,15,28,0
8277,61,15,28,0
8278,61,15,28,0
8279,61,15,28,0
8280,61,15,28,0
8281,61,15,28,0
8282,61,15,28,0
8283,61,15,28,0
8284,61,15,28,0
8285,61,15,28,0
8286,61,15,28,0
8287,61,15,28,0
8288,61,15,28,0
8289,61,15,28,0
8290,61,15,28,0
8291,61,15,28,0
8292,61,15,28,0
8293,61,15,28,0
8294,61,15,28,0
8295,61,15,28,0
8296,61,15,28,0
8297,61,15,28,0
8298,61,15,28,0
8299,61,15,28,0
8300,61,15,28,0
8301,61,15,28,0
8302,61,15,28,0
8303,61,15,28,0
8304,61,15,28,0
8305,61,15,28,0
8306,61,15,28,0
8307,61,15,28,0
8308,61,15,28,0
8309,61,15,28,0
8310,61,15,28,0
8311,61,15,28,0
8312,61,15,28,0
8313,61,15,28,0
8314,61,15,28,0
8315,61,15,28,0
8316,61,15,28,0
8317,61,15,28,0
8318,61,15,28,0
8319,61,15,28,0
8320,61,15,28,0
8321,61,15,28,0
8322,61,15,28,0
8323,61,15,28,0
8324,61,15,28,0
8325,61,15,28,0
8326,61,15,28,0
8327,61,15,28,0
8328,61,15,28,0
8329,61,15,28,0
8330,61,15,28,0
8331,61,15,28,0
8332,61,15,28,0
8333,61,15,28,0
8334,61,15,28,0
8335,61,15,28,0
8336,61,15,28,0
8337,61,15,28,0
8338,61,15,28,0
8339,61,15,28,0
8340,61,15,28,0
8341,61,15,28,0
8342,61,15,28,0
8343,61,15,28,0
8344,61,15,28,0
8345,61,15,28,0
8346,61,15,28,0
8347,61,15,28,0
8348,61,15,28,0
8349,61,15,28,0
8350,61,15,28,0
8351,61,15,28,0
8352,61,15,28,0
8353,61,15,28,0
8354,61,15,28,0
8355,61,15,28,0
8356,61,15,28,0
8357,61,15,28,0
8358,61,15,28,0
8359,61,15,28,0
8360,61,15,28,0
8361,61,15,28,0
8362,61,15,28,0
8363,61,15,28,0
8364,61,15,28,0
8365,61,15,28,0
8366,61,15,28,0
8367,61,15,28,0
8368,61,15,28,0
8369,61,15,28,0
8370,61,15,28,0
8371,61,15,28,0
8372,61,15,28,0
8373,61,15,28,0
8374,61,15,28,0
8375,61,15,28,0
8376,61,15,28,0
8377,61,15,28,0
8378,61,15,28,0
8379,61,15,28,0
8380,61,15,28,0
8381,61,15,28,0
8382,61,15,28,0
8383,61,15,28,0
8384,61,15,28,0
8385,61,15,28,0
8386,61,15,28,0
8387,61,15,28,0
8388,61,15,28,0
8389,61,15,28,0
8390,61,15,28,0
8391,61,15,28,0
8392,61,15,28,0
8393,61,15,28,0
8394,61,15,28,0
8395,61,15,28,0
8396,61,15,28,0
8397,61,15,28,0
8398,61,15,28,0
8399,61,15,28,0
8400,61,15,28,0
8401,61,15,28,0
8402,61,15,28,0
8403,61,15,28,0
8404,61,15,28,0
8405,61,15,28,0
8406,61,15,28,0
8407,61,15,28,0
8408,61,15,28,0
8409,61,15,28,0
8410,61,15,28,0
8411,61,15,28,0
8412,61,15,28,0
8413,61,15,28,0
8414,61,15,28,0
8415,61,15,28,0
8416,61,15,28,0
8417,61,15,28,0
8418,61,15,28,0
8419,61,15,28,0
8420,61,15,28,0
8421,61,15,28,0
8422,61,15,28,0
8423,61,15,28,0
8424,61,15,28,0
8425,61,15,28,0
8426,61,15,28,0
8427,61,15,28,0
8428,61,15,28,0
8429,61,15,28,0
8430,61,15,28,0
8431,61,15,28,0
8432,61,15,28,0
8433,61,15,28,0
8434,61,15,28,0
8435,61,15,28,0
8436,61,15,28,0
8437,61,15,28,0
8438,61,15,28,0
8439,61,15,28,0
8440,61,15,28,0
8441,61,15,28,0
8442,61,15,28,0
8443,61,15,28,0
8444,61,15,28,0
8445,61,15,28,0
8446,61,15,28,0
8447,61,15,28,0
8448,61,15,28,0
8449,61,15,28,0
8450,61,15,28,0
8451,61,15,28,0
8452,61,15,28,0
8453,61,15,28,0
8454,61,15,28,0
8455,61,15,28,0
8456,61,15,28,0
8457,61,15,28,0
8458,61,15,28,0
8459,61,15,28,0
8460,61,15,28,0
8461,61,15,28,0
8462,61,15,28,0
8463,61,15,28,0
8464,61,15,28,0
8465,61,15,28,0
8466,61,15,28,0
8467,61,15,28,0
8468,61,15,28,0
8469,61,15,28,0
8470,61,15,28,0
8471,61,15,28,0
8472,61,15,28,0
8473,61,15,28,0
8474,61,15,28,0
8475,61,15,28,0
8476,61,15,28,0
8477,61,15,28,0
8478,61,15,28,0
8479,61,15,28,0
8480,61,15,28,0
8481,61,15,28,0
8482,61,15,28,0
8483,61,15,28,0
8484,61,15,28,0
8485,61,15,28,0
8486,61,15,28,0
8487,61,15,28,0
8488,61,15,28,0
8489,61,15,28,0
8490,61,15,28,0
8491,61,15,28,0
8492,61,15,28,0
8493,61,15,28,0
8494,61,15,28,0
8495,61,15,28,0
8496,61,15,28,0
8497,61,15,28,0
8498,61,15,28,0
8499,61,15,28,0
8500,61,15,28,0
8501,61,15,28,0
8502,61,15,28,0
8503,61,15,28,0
8504,61,15,28,0
8505,61,15,28,0
8506,61,15,28,0
8507,61,15,28,0
8508,61,15,28,0
8509,61,15,28,0
8510,61,15,28,0
8511,61,15,28,0
8512,61,15,28,0
8513,61,15,28,0
8514,61,15,28,0
8515,61,15,28,0
8516,61,15,28,0
8517,61,15,28,0
8518,61,15,28,0
8519,61,15,28,0
8520,61,15,28,0
8521,61,15,28,0
8522,61,15,28,0
8523,61,15,28,0
8524,61,15,28,0
8525,61,15,28,0
8526,61,15,28,0
8527,61,15,28,0
8528,61,15,28,0
8529,61,15,28,0
8530,61,15,28,0
8531,61,15,28,0
8532,61,15,28,0
8533,61,15,28,0
8534,61,15,28,0
8535,61,15,28,0
8536,61,15,28,0
8537,61,15,28,0
8538,61,15,28,0
8539,61,15,28,0
8540,61,15,28,0
8541,61,15,28,0
8542,61,15,28,0
8543,61,15,28,0
8544,61,15,28,0
8545,61,15,28,0
8546,61,15,28,0
8547,61,15,28,0
8548,61,15,28,0
8549,61,15,28,0
8550,61,15,28,0
8551,61,15,28,0
8552,61,15,28,0
8553,61,15,28,0
8554,61,15,28,0
8555,61,15,28,0
8556,61,15,28,0
8557,61,15,28,0
8558,61,15,28,0
8559,61,15,28,0
8560,61,15,28,0
8561,61,15,28,0
8562,61,15,28,0
8563,61,15,28,0
8564,61,15,28,0
8565,61,15,28,0
8566,61,15,28,0
8567,61,15,28,0
8568,61,15,28,0
8569,61,15,28,0
8570,61,15,28,0
8571,61,15,28,0
8572,61,15,28,0
8573,61,15,28,0
8574,61,15,28,0
8575,61,15,28,0
8576,61,15,28,0
8577,61,15,28,0
8578,61,15,28,0
8579,61,15,28,0
8580,61,15,28,0
8581,61,15,28,0
8582,61,15,28,0
8583,61,15,28,0
8584,61,15,28,0
8585,61,15,28,0
8586,61,15,28,0
8587,61,15,28,0
8588,61,15,28,0
8589,61,15,28,0
8590,61,15,28,0
8591,61,15,28,0
8592,61,15,28,0
8593,61,15,28,0
8594,61,15,28,0
8595,61,15,28,0
8596,61,15,28,0
8597,61,15,28,0
8598,61,15,28,0
8599,61,15,28,0
8600,61,15,28,0
8601,61,15,28,0
8602,61,15,28,0
8603,61,15,28,0
8604,61,15,28,0
8605,61,15,28,0
8606,61,15,28,0
8607,61,15,28,0
8608,61,15,28,0
8609,61,15,28,0
8610,61,15,28,0
8611,61,15,28,0
8612,61,15,28,0
8613,61,15,28,0
8614,61,15,28,0
8615,61,15,28,0
8616,61,15,28,0
8617,61,15,28,0
8618,61,15,28,0
8619,61,15,28,0
8620,61,15,28,0
8621,61,15,28,0
8622,61,15,28,0
8623,61,15,28,0
8624,61,15,28,0
8625,61,15,28,0
8626,61,15,28,0
8627,61,15,28,0
8628,61,15,28,0
8629,61,15,28,0
8630,61,15,28,0
8631,61,15,28,0
8632,61,15,28,0
8633,61,15,28,0
8634,61,15,28,0
8635,61,15,28,0
8636,61,15,28,0
8637,61,15,28,0
8638,61,15,28,0
8639,61,15,28,0
8640,61,15,28,0
8641,61,15,28,0
8642,61,15,28,0
8643,61,15,28,0
8644,61,15,28,0
8645,61,15,28,0
8646,61,15,28,0
8647,61,15,28,0
8648,61,15,28,0
8649,61,15,28,0
8650,61,15,28,0
8651,61,15,28,0
8652,61,15,28,0
8653,61,15,28,0
8654,61,15,28,0
8655,61,15,28,0
8656,61,15,28,0
8657,61,15,28,0
8658,61,15,28,0
8659,61,15,28,0
8660,61,15,28,0
8661,61,15,28,0
8662,61,15,28,0
8663,61,15,28,0
8664,61,15,28,0
8665,61,15,28,0
8666,61,15,28,0
8667,61,15,28,0
8668,61,15,28,0
8669,61,15,28,0
8670,61,15,28,0
8671,61,15,28,0
8672,61,15,28,0
8673,61,15,28,0
8674,61,15,28,0
8675,61,15,28,0
8676,61,15,28,0
8677,61,15,28,0
8678,61,15,28,0
8679,61,15,28,0
8680,61,15,28,0
8681,61,15,28,0
8682,61,15,28,0
8683,61,15,28,0
8684,61,15,28,0
8685,61,15,28,0
8686,61,15,28,0
8687,61,15,28,0
8688,61,15,28,0
8689,61,15,28,0
8690,61,15,28,0
8691,61,15,28,0
8692,61,15,28,0
8693,61,15,28,0
8694,61,15,28,0
8695,61,15,28,0
8696,61,15,28,0
8697,61,15,28,0
8698,61,15,28,0
8699,61,15,28,0
8700,61,15,28,0
8701,61,15,28,0
8702,61,15,28,0
8703,61,15,28,0
8704,61,15,28,0
8705,61,15,28,0
8706,61,15,28,0
8707,61,15,28,0
8708,61,15,28,0
8709,61,15,28,0
8710,61,15,28,0
8711,61,15,28,0
8712,61,15,28,0
8713,61,15,28,0
8714,61,15,28,0
8715,61,15,28,0
8716,61,15,28,0
8717,61,15,28,0
8718,61,15,28,0
8719,61,15,28,0
8720,61,15,28,0
8721,61,15,28,0
8722,61,15,28,0
8723,61,15,28,0
8724,61,15,28,0
8725,61,15,28,0
8726,61,15,28,0
8727,61,15,28,0
8728,61,15,28,0
8729,61,15,28,0
8730,61,15,28,0
8731,61,15,28,0
8732,61,15,28,0
8733,61,15,28,0
8734,61,15,28,0
8735,61,15,28,0
8736,61,15,28,0
8737,61,15,28,0
8738,61,15,28,0
8739,61,15,28,0
8740,61,15,28,0
8741,61,15,28,0
8742,61,15,28,0
8743,61,15,28,0
8744,61,15,28,0
8745,61,15,28,0
8746,61,15,28,0
8747,61,15,28,0
8748,61,15,28,0
8749,61,15,28,0
8750,61,15,28,0
8751,61,15,28,0
8752,61,15,28,0
8753,61,15,28,0
8754,61,15,28,0
8755,61,15,28,0
8756,61,15,28,0
8757,61,15,28,0
8758,61,15,28,0
8759,61,15,28,0
8760,61,15,28,0
8761,61,15,28,0
8762,61,15,28,0
8763,61,15,28,0
8764,61,15,28,0
8765,61,15,28,0
8766,61,15,28,0
8767,61,15,28,0
8768,61,15,28,0
8769,61,15,28,0
8770,61,15,28,0
8771,61,15,28,0
8772,61,15,28,0
8773,61,15,28,0
8774,61,15,28,0
8775,61,15,28,0
8776,61,15,28,0
8777,61,15,28,0
8778,61,15,28,0
8779,61,15,28,0
8780,61,15,28,0
8781,61,15,28,0
8782,61,15,28,0
8783,61,15,28,0
8784,61,15,28,0
8785,61,15,28,0
8786,61,15,28,0
8787,61,15,28,0
8788,61,15,28,0
8789,61,15,28,0
8790,61,15,28,0
8791,61,15,28,0
8792,61,15,28,0
8793,61,15,28,0
8794,61,15,28,0
8795,61,15,28,0
8796,61,15,28,0
8797,61,15,28,0
8798,61,15,28,0
8799,61,15,28,0
8800,61,15,28,0
8801,61,15,28,0
8802,61,15,28,0
8803,61,15,28,0
8804,61,15,28,0
8805,61,15,28,0
8806,61,15,28,0
8807,61,15,28,0
8808,61,15,28,0
8809,61,15,28,0
8810,61,15,28,0
8811,61,15,28,0
8812,61,15,28,0
8813,61,15,28,0
8814,61,15,28,0
8815,61,15,28,0
8816,61,15,28,0
8817,61,15,28,0
8818,61,15,28,0
8819,61,15,28,0
8820,61,15,28,0
8821,61,15,28,0
8822,61,15,28,0
8823,61,15,28,0
8824,61,15,28,0
8825,61,15,28,0
8826,61,15,28,0
8827,61,15,28,0
8828,61,15,28,0
8829,61,15,28,0
8830,61,15,28,0
8831,61,15,28,0
8832,61,15,28,0
8833,61,15,28,0
8834,61,15,28,0
8835,61,15,28,0
8836,61,15,28,0
8837,61,15,28,0
8838,61,15,28,0
8839,61,15,28,0
8840,61,15,28,0
8841,61,15,28,0
8842,61,15,28,0
8843,61,15,28,0
8844,61,15,28,0
8845,61,15,28,0
8846,61,15,28,0
8847,61,15,28,0
8848,61,15,28,0
8849,61,15,28,0
8850,61,15,28,0
8851,61,15,28,0
8852,61,15,28,0
8853,61,15,28,0
8854,61,15,28,0
8855,61,15,28,0
8856,61,15,28,0
8857,61,15,28,0
8858,61,15,28,0
8859,61,15,28,0
8860,61,15,28,0
8861,61,15,28,0
8862,61,15,28,0
8863,61,15,28,0
8864,61,15,28,0
8865,61,15,28,0
8866,61,15,28,0
8867,61,15,28,0
8868,61,15,28,0
8869,61,15,28,0
8870,61,15,28,0
8871,61,15,28,0
8872,61,15,28,0
8873,61,15,28,0
8874,61,15,28,0
8875,61,15,28,0
8876,61,15,28,0
8877,61,15,28,0
8878,61,15,28,0
8879,61,15,28,0
8880,61,15,28,0
8881,61,15,28,0
8882,61,15,28,0
8883,61,15,28,0
8884,61,15,28,0
8885,61,15,28,0
8886,61,15,28,0
8887,61,15,28,0
8888,61,15,28,0
8889,61,15,28,0
8890,61,15,28,0
8891,61,15,28,0
8892,61,15,28,0
8893,61,15,28,0
8894,61,15,28,0
8895,61,15,28,0
8896,61,15,28,0
8897,61,15,28,0
8898,61,15,28,0
8899,61,15,28,0
8900,61,15,28,0
8901,61,15,28,0
8902,61,15,28,0
8903,61,15,28,0
8904,61,15,28,0
8905,61,15,28,0
8906,61,15,28,0
8907,61,15,28,0
8908,61,15,28,0
8909,61,15,28,0
8910,61,15,28,0
8911,61,15,28,0
8912,61,15,28,0
8913,61,15,28,0
8914,61,15,28,0
8915,61,15,28,0
8916,61,15,28,0
8917,61,15,28,0
8918,61,15,28,0
8919,61,15,28,0
8920,61,15,28,0
8921,61,15,28,0
8922,61,15,28,0
8923,61,15,28,0
8924,61,15,28,0
8925,61,15,28,0
8926,61,15,28,0
8927,61,15,28,0
8928,61,15,28,0
8929,61,15,28,0
8930,61,15,28,0
8931,61,15,28,0
8932,61,15,28,0
8933,61,15,28,0
8934,61,15,28,0
8935,61,15,28,0
8936,61,15,28,0
8937,61,15,28,0
8938,61,15,28,0
8939,61,15,28,0
8940,61,15,28,0
8941,61,15,28,0
8942,61,15,28,0
8943,61,15,28,0
8944,61,15,28,0
8945,61,15,28,0
8946,61,15,28,0
8947,61,15,28,0
8948,61,15,28,0
8949,61,15,28,0
8950,61,15,28,0
8951,61,15,28,0
8952,61,15,28,0
8953,61,15,28,0
8954,61,15,28,0
8955,61,15,28,0
8956,61,15,28,0
8957,61,15,28,0
8958,61,15,28,0
8959,61,15,28,0
8960,61,15,28,0
8961,61,15,28,0
8962,61,15,28,0
8963,61,15,28,0
8964,61,15,28,0
8965,61,15,28,0
8966,61,15,28,0
8967,61,15,28,0
8968,61,15,28,0
8969,61,15,28,0
8970,61,15,28,0
8971,61,15,28,0
8972,61,15,28,0
8973,61,15,28,0
8974,61,15,28,0
8975,61,15,28,0
8976,61,15,28,0
8977,61,15,28,0
8978,61,15,28,0
8979,61,15,28,0
8980,61,15,28,0
8981,61,15,28,0
8982,61,15,28,0
8983,61,15,28,0
8984,61,15,28,0
8985,61,15,28,0
8986,61,15,28,0
8987,61,15,28,0
8988,61,15,28,0
8989,61,15,28,0
8990,61,15,28,0
8991,61,15,28,0
8992,61,15,28,0
8993,61,15,28,0
8994,61,15,28,0
8995,61,15,28,0
8996,61,15,28,0
8997,61,15,28,0
8998,61,15,28,0
8999,61,15,28,0
9000,61,15,28,0
9001,61,15,28,0
9002,61,15,28,0
9003,61,15,28,0
9004,61,15,28,0
9005,61,15,28,0
9006,61,15,28,0
9007,61,15,28,0
9008,61,15,28,0
9009,61,15,28,0
9010,61,15,28,0
9011,61,15,28,0
9012,61,15,28,0
9013,61,15,28,0
9014,61,15,28,0
9015,61,15,28,0
9016,61,15,28,0
9017,61,15,28,0
9018,61,15,28,0
9019,61,15,28,0
9020,61,15,28,0
9021,61,15,28,0
9022,61,15,28,0
9023,61,15,28,0
9024,61,15,28,0
9025,61,15,28,0
9026,61,15,28,0
9027,61,15,28,0
9028,61,15,28,0
9029,61,15,28,0
9030,61,15,28,0
9031,61,15,28,0
9032,61,15,28,0
9033,61,15,28,0
9034,61,15,28,0
9035,61,15,28,0
9036,61,15,28,0
9037,61,15,28,0
9038,61,15,28,0
9039,61,15,28,0
9040,61,15,28,0
9041,61,15,28,0
9042,61,15,28,0
9043,61,15,28,0
9044,61,15,28,0
9045,61,15,28,0
9046,61,15,28,0
9047,61,15,28,0
9048,61,15,28,0
9049,61,15,28,0
9050,61,15,28,0
9051,61,15,28,0
9052,61,15,28,0
9053,61,15,28,0
9054,61,15,28,0
9055,61,15,28,0
9056,61,15,28,0
9057,61,15,28,0
9058,61,15,28,0
9059,61,15,28,0
9060,61,15,28,0
9061,61,15,28,0
9062,61,15,28,0
9063,61,15,28,0
9064,61,15,28,0
9065,61,15,28,0
9066,61,15,28,0
9067,61,15,28,0
9068,61,15,28,0
9069,61,15,28,0
9070,61,15,28,0
9071,61,15,28,0
9072,61,15,28,0
9073,61,15,28,0
9074,61,15,28,0
9075,61,15,28,0
9076,61,15,28,0
9077,61,15,28,0
9078,61,15,28,0
9079,61,15,28,0
9080,61,15,28,0
9081,61,15,28,0
9082,61,15,28,0
9083,61,15,28,0
9084,61,15,28,0
9085,61,15,28,0
9086,61,15,28,0
9087,61,15,28,0
9088,61,15,28,0
9089,61,15,28,0
9090,61,15,28,0
9091,61,15,28,0
9092,61,15,28,0
9093,61,15,28,0
9094,61,15,28,0
9095,61,15,28,0
9096,61,15,28,0
9097,61,15,28,0
9098,61,15,28,0
9099,61,15,28,0
9100,61,15,28,0
9101,61,15,28,0
9102,61,15,28,0
9103,61,15,28,0
9104,61,15,28,0
9105,61,15,28,0
9106,61,15,28,0
9107,61,15,28,0
9108,61,15,28,0
9109,61,15,28,0
9110,61,15,28,0
9111,61,15,28,0
9112,61,15,28,0
9113,61,15,28,0
9114,61,15,28,0
9115,61,15,28,0
9116,61,15,28,0
9117,61,15,28,0
9118,61,15,28,0
9119,61,15,28,0
9120,61,15,28,0
9121,61,15,28,0
9122,61,15,28,0
9123,61,15,28,0
9124,61,15,28,0
9125,61,15,28,0
9126,61,15,28,0
9127,61,15,28,0
9128,61,15,28,0
9129,61,15,28,0
9130,61,15,28,0
9131,61,15,28,0
9132,61,15,28,0
9133,61,15,28,0
9134,61,15,28,0
9135,61,15,28,0
9136,61,15,28,0
9137,61,15,28,0
9138,61,15,28,0
9139,61,15,28,0
9140,61,15,28,0
9141,61,15,28,0
9142,61,15,28,0
9143,61,15,28,0
9144,61,15,28,0
9145,61,15,28,0
9146,61,15,28,0
9147,61,15,28,0
9148,61,15,28,0
9149,61,15,28,0
9150,61,15,28,0
9151,61,15,28,0
9152,61,15,28,0
9153,61,15,28,0
9154,61,15,28,0
9155,61,15,28,0
9156,61,15,28,0
9157,61,15,28,0
9158,61,15,28,0
9159,61,15,28,0
9160,61,15,28,0
9161,61,15,28,0
9162,61,15,28,0
9163,61,15,28,0
9164,61,15,28,0
9165,61,15,28,0
9166,61,15,28,0
9167,61,15,28,0
9168,61,15,28,0
9169,61,15,28,0
9170,61,15,28,0
9171,61,15,28,0
9172,61,15,28,0
9173,61,15,28,0
9174,61,15,28,0
9175,61,15,28,0
9176,61,15,28,0
9177,61,15,28,0
9178,61,15,28,0
9179,61,15,28,0
9180,61,15,28,0
9181,61,15,28,0
9182,61,15,28,0
9183,61,15,28,0
9184,61,15,28,0
9185,61,15,28,0
9186,61,15,28,0
9187,61,15,28,0
9188,61,15,28,0
9189,61,15,28,0
9190,61,15,28,0
9191,61,15,28,0
9192,61,15,28,0
9193,61,15,28,0
9194,61,15,28,0
9195,61,15,28,0
9196,61,15,28,0
9197,61,15,28,0
9198,61,15,28,0
9199,61,15,28,0
9200,61,15,28,0
9201,61,15,28,0
9202,61,15,28,0
9203,61,15,28,0
9204,61,15,28,0
9205,61,15,28,0
9206,61,15,28,0
9207,61,15,28,0
9208,61,15,28,0
9209,61,15,28,0
9210,61,15,28,0
9211,61,15,28,0
9212,61,15,28,0
9213,61,15,28,0
9214,61,15,28,0
9215,61,15,28,0
9216,61,15,28,0
9217,61,15,28,0
9218,61,15,28,0
9219,61,15,28,0
9220,61,15,28,0
9221,61,15,28,0
9222,61,15,28,0
9223,61,15,28,0
9224,61,15,28,0
9225,61,15,28,0
9226,61,15,28,0
9227,61,15,28,0
9228,61,15,28,0
9229,61,15,28,0
9230,61,15,28,0
9231,61,15,28,0
9232,61,15,28,0
9233,61,15,28,0
9234,61,15,28,0
9235,61,15,28,0
9236,61,15,28,0
9237,61,15,28,0
9238,61,15,28,0
9239,61,15,28,0
9240,61,15,28,0
9241,61,15,28,0
9242,61,15,28,0
9243,61,15,28,0
9244,61,15,28,0
9245,61,15,28,0
9246,61,15,28,0
9247,61,15,28,0
9248,61,15,28,0
9249,61,15,28,0
9250,61,15,28,0
9251,61,15,28,0
9252,61,15,28,0
9253,61,15,28,0
9254,61,15,28,0
9255,61,15,28,0
9256,61,15,28,0
9257,61,15,28,0
9258,61,15,28,0
9259,61,15,28,0
9260,61,15,28,0
9261,61,15,28,0
9262,61,15,28,0
9263,61,15,28,0
9264,61,15,28,0
9265,61,15,28,0
9266,61,15,28,0
9267,61,15,28,0
9268,61,15,28,0
9269,61,15,28,0
9270,61,15,28,0
9271,61,15,28,0
9272,61,15,28,0
9273,61,15,28,0
9274,61,15,28,0
9275,61,15,28,0
9276,61,15,28,0
9277,61,15,28,0
9278,61,15,28,0
9279,61,15,28,0
9280,61,15,28,0
9281,61,15,28,0
9282,61,15,28,0
9283,61,15,28,0
9284,61,15,28,0
9285,61,15,28,0
9286,61,15,28,0
9287,61,15,28,0
9288,61,15,28,0
9289,61,15,28,0
9290,61,15,28,0
9291,61,15,28,0
9292,61,15,28,0
9293,61,15,28,0
9294,61,15,28,0
9295,61,15,28,0
9296,61,15,28,0
9297,61,15,28,0
9298,61,15,28,0
9299,61,15,28,0
9300,61,15,28,0
9301,61,15,28,0
9302,61,15,28,0
9303,61,15,28,0
9304,61,15,28,0
9305,61,15,28,0
9306,61,15,28,0
9307,61,15,28,0
9308,61,15,28,0
9309,61,15,28,0
9310,61,15,28,0
9311,61,15,28,0
9312,61,15,28,0
9313,61,15,28,0
9314,61,15,28,0
9315,61,15,28,0
9316,61,15,28,0
9317,61,15,28,0
9318,61,15,28,0
9319,61,15,28,0
9320,61,15,28,0
9321,61,15,28,0
9322,61,15,28,0
9323,61,15,28,0
9324,61,15,28,0
9325,61,15,28,0
9326,61,15,28,0
9327,61,15,28,0
9328,61,15,28,0
9329,61,15,28,0
9330,61,15,28,0
9331,61,15,28,0
9332,61,15,28,0
9333,61,15,28,0
9334,61,15,28,0
9335,61,15,28,0
9336,61,15,28,0
9337,61,15,28,0
9338,61,15,28,0
9339,61,15,28,0
9340,61,15,28,0
9341,61,15,28,0
9342,61,15,28,0
9343,61,15,28,0
9344,61,15,28,0
9345,61,15,28,0
9346,61,15,28,0
9347,61,15,28,0
9348,61,15,28,0
9349,61,15,28,0
9350,61,15,28,0
9351,61,15,28,0
9352,61,15,28,0
9353,61,15,28,0
9354,61,15,28,0
9355,61,15,28,0
9356,61,15,28,0
9357,61,15,28,0
9358,61,15,28,0
9359,61,15,28,0
9360,61,15,28,0
9361,61,15,28,0
9362,61,15,28,0
9363,61,15,28,0
9364,61,15,28,0
9365,61,15,28,0
9366,61,15,28,0
9367,61,15,28,0
9368,61,15,28,0
9369,61,15,28,0
9370,61,15,28,0
9371,61,15,28,0
9372,61,15,28,0
9373,61,15,28,0
9374,61,15,28,0
9375,61,15,28,0
9376,61,15,28,0
9377,61,15,28,0
9378,61,15,28,0
9379,61,15,28,0
9380,61,15,28,0
9381,61,15,28,0
9382,61,15,28,0
9383,61,15,28,0
9384,61,15,28,0
9385,61,15,28,0
9386,61,15,28,0
9387,61,15,28,0
9388,61,15,28,0
9389,61,15,28,0
9390,61,15,28,0
9391,61,15,28,0
9392,61,15,28,0
9393,61,15,28,0
9394,61,15,28,0
9395,61,15,28,0
9396,61,15,28,0
9397,61,15,28,0
9398,61,15,28,0
9399,61,15,28,0
9400,61,15,28,0
9401,61,15,28,0
9402,61,15,28,0
9403,61,15,28,0
9404,61,15,28,0
9405,61,15,28,0
9406,61,15,28,0
9407,61,15,28,0
9408,61,15,28,0
9409,61,15,28,0
9410,61,15,28,0
9411,61,15,28,0
9412,61,15,28,0
9413,61,15,28,0
9414,61,15,28,0
9415,61,15,28,0
9416,61,15,28,0
9417,61,15,28,0
9418,61,15,28,0
9419,61,15,28,0
9420,61,15,28,0
9421,61,15,28,0
9422,61,15,28,0
9423,61,15,28,0
9424,61,15,28,0
9425,61,15,28,0
9426,61,15,28,0
9427,61,15,28,0
9428,61,15,28,0
9429,61,15,28,0
9430,61,15,28,0
9431,61,15,28,0
9432,61,15,28,0
9433,61,15,28,0
9434,61,15,28,0
9435,61,15,28,0
9436,61,15,28,0
9437,61,15,28,0
9438,61,15,28,0
9439,61,15,28,0
9440,61,15,28,0
9441,61,15,28,0
9442,61,15,28,0
9443,61,15,28,0
9444,61,15,28,0
9445,61,15,28,0
9446,61,15,28,0
9447,61,15,28,0
9448,61,15,28,0
9449,61,15,28,0
9450,61,15,28,0
9451,61,15,28,0
9452,61,15,28,0
9453,61,15,28,0
9454,61,15,28,0
9455,61,15,28,0
9456,61,15,28,0
9457,61,15,28,0
9458,61,15,28,0
9459,61,15,28,0
9460,61,15,28,0
9461,61,15,28,0
9462,61,15,28,0
9463,61,15,28,0
9464,61,15,28,0
9465,61,15,28,0
9466,61,15,28,0
9467,61,15,28,0
9468,61,15,28,0
9469,61,15,28,0
9470,61,15,28,0
9471,61,15,28,0
9472,61,15,28,0
9473,61,15,28,0
9474,61,15,28,0
9475,61,15,28,0
9476,61,15,28,0
9477,61,15,28,0
9478,61,15,28,0
9479,61,15,28,0
9480,61,15,28,0
9481,61,15,28,0
9482,61,15,28,0
9483,61,15,28,0
9484,61,15,28,0
9485,61,15,28,0
9486,61,15,28,0
9487,61,15,28,0
9488,61,15,28,0
9489,61,15,28,0
9490,61,15,28,0
9491,61,15,28,0
9492,61,15,28,0
9493,61,15,28,0
9494,61,15,28,0
9495,61,15,28,0
9496,61,15,28,0
9497,61,15,28,0
9498,61,15,28,0
9499,61,15,28,0
9500,61,15,28,0
9501,61,15,28,0
9502,61,15,28,0
9503,61,15,28,0
9504,61,15,28,0
9505,61,15,28,0
9506,61,15,28,0
9507,61,15,28,0
9508,61,15,28,0
9509,61,15,28,0
9510,61,15,28,0
9511,61,15,28,0
9512,61,15,28,0
9513,61,15,28,0
9514,61,15,28,0
9515,61,15,28,0
9516,61,15,28,0
9517,61,15,28,0
9518,61,15,28,0
9519,61,15,28,0
9520,61,15,28,0
9521,61,15,28,0
9522,61,15,28,0
9523,61,15,28,0
9524,61,15,28,0
9525,61,15,28,0
9526,61,15,28,0
9527,61,15,28,0
9528,61,15,28,0
9529,61,15,28,0
9530,61,15,28,0
9531,61,15,28,0
9532,61,15,28,0
9533,61,15,28,0
9534,61,15,28,0
9535,61,15,28,0
9536,61,15,28,0
9537,61,15,28,0
9538,61,15,28,0
9539,61,15,28,0
9540,61,15,28,0
9541,61,15,28,0
9542,61,15,28,0
9543,61,15,28,0
9544,61,15,28,0
9545,61,15,28,0
9546,61,15,28,0
9547,61,15,28,0
9548,61,15,28,0
9549,61,15,28,0
9550,61,15,28,0
9551,61,15,28,0
9552,61,15,28,0
9553,61,15,28,0
9554,61,15,28,0
9555,61,15,28,0
9556,61,15,28,0
9557,61,15,28,0
9558,61,15,28,0
9559,61,15,28,0
9560,61,15,28,0
9561,61,15,28,0
9562,61,15,28,0
9563,61,15,28,0
9564,61,15,28,0
9565,61,15,28,0
9566,61,15,28,0
9567,61,15,28,0
9568,61,15,28,0
9569,61,15,28,0
9570,61,15,28,0
9571,61,15,28,0
9572,61,15,28,0
9573,61,15,28,0
9574,61,15,28,0
9575,61,15,28,0
9576,61,15,28,0
9577,61,15,28,0
9578,61,15,28,0
9579,61,15,28,0
9580,61,15,28,0
9581,61,15,28,0
9582,61,15,28,0
9583,61,15,28,0
9584,61,15,28,0
9585,61,15,28,0
9586,61,15,28,0
9587,61,15,28,0
9588,61,15,28,0
9589,61,15,28,0
9590,61,15,28,0
9591,61,15,28,0
9592,61,15,28,0
9593,61,15,28,0
9594,61,15,28,0
9595,61,15,28,0
9596,61,15,28,0
9597,61,15,28,0
9598,61,15,28,0
9599,61,15,28,0
9600,61,15,28,0
9601,61,15,28,0
9602,61,15,28,0
9603,61,15,28,0
9604,61,15,28,0
9605,61,15,28,0
9606,61,15,28,0
9607,61,15,28,0
9608,61,15,28,0
9609,61,15,28,0
9610,61,15,28,0
9611,61,15,28,0
9612,61,15,28,0
9613,61,15,28,0
9614,61,15,28,0
9615,61,15,28,0
9616,61,15,28,0
9617,61,15,28,0
9618,61,15,28,0
9619,61,15,28,0
9620,61,15,28,0
9621,61,15,28,0
9622,61,15,28,0
9623,61,15,28,0
9624,61,15,28,0
9625,61,15,28,0
9626,61,15,28,0
9627,61,15,28,0
9628,61,15,28,0
9629,61,15,28,0
9630,61,15,28,0
9631,61,15,28,0
9632,61,15,28,0
9633,61,15,28,0
9634,61,15,28,0
9635,61,15,28,0
9636,61,15,28,0
9637,61,15,28,0
9638,61,15,28,0
9639,61,15,28,0
9640,61,15,28,0
9641,61,15,28,0
9642,61,15,28,0
9643,61,15,28,0
9644,61,15,28,0
9645,61,15,28,0
9646,61,15,28,0
9647,61,15,28,0
9648,61,15,28,0
9649,61,15,28,0
9650,61,15,28,0
9651,61,15,28,0
9652,61,15,28,0
9653,61,15,28,0
9654,61,15,28,0
9655,61,15,28,0
9656,61,15,28,0
9657,61,15,28,0
9658,61,15,28,0
9659,61,15,28,0
9660,61,15,28,0
9661,61,15,28,0
9662,61,15,28,0
9663,61,15,28,0
9664,61,15,28,0
9665,61,15,28,0
9666,61,15,28,0
9667,61,15,28,0
9668,61,15,28,0
9669,61,15,28,0
9670,61,15,28,0
9671,61,15,28,0
9672,61,15,28,0
9673,61,15,28,0
9674,61,15,28,0
9675,61,15,28,0
9676,61,15,28,0
9677,61,15,28,0
9678,61,15,28,0
9679,61,15,28,0
9680,61,15,28,0
9681,61,15,28,0
9682,61,15,28,0
9683,61,15,28,0
9684,61,15,28,0
9685,61,15,28,0
9686,61,15,28,0
9687,61,15,28,0
9688,61,15,28,0
9689,61,15,28,0
9690,61,15,28,0
9691,61,15,28,0
9692,61,15,28,0
9693,61,15,28,0
9694,61,15,28,0
9695,61,15,28,0
9696,61,15,28,0
9697,61,15,28,0
9698,61,15,28,0
9699,61,15,28,0
9700,61,15,28,0
9701,61,15,28,0
9702,61,15,28,0
9703,61,15,28,0
9704,61,15,28,0
9705,61,15,28,0
9706,61,15,28,0
9707,61,15,28,0
9708,61,15,28,0
9709,61,15,28,0
9710,61,15,28,0
9711,61,15,28,0
9712,61,15,28,0
9713,61,15,28,0
9714,61,15,28,0
9715,61,15,28,0
9716,61,15,28,0
9717,61,15,28,0
9718,61,15,28,0
9719,61,15,28,0
9720,61,15,28,0
9721,61,15,28,0
9722,61,15,28,0
9723,61,15,28,0
9724,61,15,28,0
9725,61,15,28,0
9726,61,15,28,0
9727,61,15,28,0
9728,61,15,28,0
9729,61,15,28,0
9730,61,15,28,0
9731,61,15,28,0
9732,61,15,28,0
9733,61,15,28,0
9734,61,15,28,0
9735,61,15,28,0
9736,61,15,28,0
9737,61,15,28,0
9738,61,15,28,0
9739,61,15,28,0
9740,61,15,28,0
9741,61,15,28,0
9742,61,15,28,0
9743,61,15,28,0
9744,61,15,28,0
9745,61,15,28,0
9746,61,15,28,0
9747,61,15,28,0
9748,61,15,28,0
9749,61,15,28,0
9750,61,15,28,0
9751,61,15,28,0
9752,61,15,28,0
9753,61,15,28,0
9754,61,15,28,0
9755,61,15,28,0
9756,61,15,28,0
9757,61,15,28,0
9758,61,15,28,0
9759,61,15,28,0
9760,61,15,28,0
9761,61,15,28,0
9762,61,15,28,0
9763,61,15,28,0
9764,61,15,28,0
9765,61,15,28,0
9766,61,15,28,0
9767,61,15,28,0
9768,61,15,28,0
9769,61,15,28,0
9770,61,15,28,0
9771,61,15,28,0
9772,61,15,28,0
9773,61,15,28,0
9774,61,15,28,0
9775,61,15,28,0
9776,61,15,28,0
9777,61,15,28,0
9778,61,15,28,0
9779,61,15,28,0
9780,61,15,28,0
9781,61,15,28,0
9782,61,15,28,0
9783,61,15,28,0
9784,61,15,28,0
9785,61,15,28,0
9786,61,15,28,0
9787,61,15,28,0
9788,61,15,28,0
9789,61,15,28,0
9790,61,15,28,0
9791,61,15,28,0
9792,61,15,28,0
9793,61,15,28,0
9794,61,15,28,0
9795,61,15,28,0
9796,61,15,28,0
9797,61,15,28,0
9798,61,15,28,0
9799,61,15,28,0
9800,61,15,28,0
9801,61,15,28,0
9802,61,15,28,0
9803,61,15,28,0
9804,61,15,28,0
9805,61,15,28,0
9806,61,15,28,0
9807,61,15,28,0
9808,61,15,28,0
9809,61,15,28,0
9810,61,15,28,0
9811,61,15,28,0
9812,61,15,28,0
9813,61,15,28,0
9814,61,15,28,0
9815,61,15,28,0
9816,61,15,28,0
9817,61,15,28,0
9818,61,15,28,0
9819,61,15,28,0
9820,61,15,28,0
9821,61,15,28,0
9822,61,15,28,0
9823,61,15,28,0
9824,61,15,28,0
9825,61,15,28,0
9826,61,15,28,0
9827,61,15,28,0
9828,61,15,28,0
9829,61,15,28,0
9830,61,15,28,0
9831,61,15,28,0
9832,61,15,28,0
9833,61,15,28,0
9834,61,15,28,0
9835,61,15,28,0
9836,61,15,28,0
9837,61,15,28,0
9838,61,15,28,0
9839,61,15,28,0
9840,61,15,28,0
9841,61,15,28,0
9842,61,15,28,0
9843,61,15,28,0
9844,61,15,28,0
9845,61,15,28,0
9846,61,15,28,0
9847,61,15,28,0
9848,61,15,28,0
9849,61,15,28,0
9850,61,15,28,0
9851,61,15,28,0
9852,61,15,28,0
9853,61,15,28,0
9854,61,15,28,0
9855,61,15,28,0
9856,61,15,28,0
9857,61,15,28,0
9858,61,15,28,0
9859,61,15,28,0
9860,61,15,28,0
9861,61,15,28,0
9862,61,15,28,0
9863,61,15,28,0
9864,61,15,28,0
9865,61,15,28,0
9866,61,15,28,0
9867,61,15,28,0
9868,61,15,28,0
9869,61,15,28,0
9870,61,15,28,0
9871,61,15,28,0
9872,61,15,28,0
9873,61,15,28,0
9874,61,15,28,0
9875,61,15,28,0
9876,61,15,28,0
9877,61,15,28,0
9878,61,15,28,0
9879,61,15,28,0
9880,61,15,28,0
9881,61,15,28,0
9882,61,15,28,0
9883,61,15,28,0
9884,61,15,28,0
9885,61,15,28,0
9886,61,15,28,0
9887,61,15,28,0
9888,61,15,28,0
9889,61,15,28,0
9890,61,15,28,0
9891,61,15,28,0
9892,61,15,28,0
9893,61,15,28,0
9894,61,15,28,0
9895,61,15,28,0
9896,61,15,28,0
9897,61,15,28,0
9898,61,15,28,0
9899,61,15,28,0
9900,61,15,28,0
9901,61,15,28,0
9902,61,15,28,0
9903,61,15,28,0
9904,61,15,28,0
9905,61,15,28,0
9906,61,15,28,0
9907,61,15,28,0
9908,61,15,28,0
9909,61,15,28,0
9910,61,15,28,0
9911,61,15,28,0
9912,61,15,28,0
9913,61,15,28,0
9914,61,15,28,0
9915,61,15,28,0
9916,61,15,28,0
9917,61,15,28,0
9918,61,15,28,0
9919,61,15,28,0
9920,61,15,28,0
9921,61,15,28,0
9922,61,15,28,0
9923,61,15,28,0
9924,61,15,28,0
9925,61,15,28,0
9926,61,15,28,0
9927,61,15,28,0
9928,61,15,28,0
9929,61,15,28,0
9930,61,15,28,0
9931,61,15,28,0
9932,61,15,28,0
9933,61,15,28,0
9934,61,15,28,0
9935,61,15,28,0
9936,61,15,28,0
9937,61,15,28,0
9938,61,15,28,0
9939,61,15,28,0
9940,61,15,28,0
9941,61,15,28,0
9942,61,15,28,0
9943,61,15,28,0
9944,61,15,28,0
9945,61,15,28,0
9946,61,15,28,0
9947,61,15,28,0
9948,61,15,28,0
9949,61,15,28,0
9950,61,15,28,0
9951,61,15,28,0
9952,61,15,28,0
9953,61,15,28,0
9954,61,15,28,0
9955,61,15,28,0
9956,61,15,28,0
9957,61,15,28,0
9958,61,15,28,0
9959,61,15,28,0
9960,61,15,28,0
9961,61,15,28,0
9962,61,15,28,0
9963,61,15,28,0
9964,61,15,28,0
9965,61,15,28,0
9966,61,15,28,0
9967,61,15,28,0
9968,61,15,28,0
9969,61,15,28,0
9970,61,15,28,0
9971,61,15,28,0
9972,61,15,28,0
9973,61,15,28,0
9974,61,15,28,0
9975,61,15,28,0
9976,61,15,28,0
9977,61,15,28,0
9978,61,15,28,0
9979,61,15,28,0
9980,61,15,28,0
9981,61,15,28,0
9982,61,15,28,0
9983,61,15,28,0
9984,61,15,28,0
9985,61,15,28,0
9986,61,15,28,0
9987,61,15,28,0
9988,61,15,28,0
9989,61,15,28,0
9990,61,15,28,0
9991,61,15,28,0
9992,61,15,28,0
9993,61,15,28,0
9994,61,15,28,0
9995,61,15,28,0
9996,61,15,28,0
9997,61,15,28,0
9998,61,15,28,0
9999,61,15,28,0
10000,61,15,28,0
10001,61,15,28,0
10002,61,15,28,0
10003,61,15,28,0
10004,61,15,28,0
10005,61,15,28,0
10006,61,15,28,0
10007,61,15,28,0
10008,61,15,28,0
10009,61,15,28,0
10010,61,15,28,0
10011,61,15,28,0
10012,61,15,28,0
10013,61,15,28,0
10014,61,15,28,0
10015,61,15,28,0
10016,61,15,28,0
10017,61,15,28,0
10018,61,15,28,0
10019,61,15,28,0
10020,61,15,28,0
10021,61,15,28,0
10022,61,15,28,0
10023,61,15,28,0
10024,61,15,28,0
10025,61,15,28,0
10026,61,15,28,0
10027,61,15,28,0
10028,61,15,28,0
10029,61,15,28,0
10030,61,15,28,0
10031,61,15,28,0
10032,61,15,28,0
10033,61,15,28,0
10034,61,15,28,0
10035,61,15,28,0
10036,61,15,28,0
10037,61,15,28,0
10038,61,15,28,0
10039,61,15,28,0
10040,61,15,28,0
10041,61,15,28,0
10042,61,15,28,0
10043,61,15,28,0
10044,61,15,28,0
10045,61,15,28,0
10046,61,15,28,0
10047,61,15,28,0
10048,61,15,28,0
10049,61,15,28,0
10050,61,15,28,0
10051,61,15,28,0
10052,61,15,28,0
10053,61,15,28,0
10054,61,15,28,0
10055,61,15,28,0
10056,61,15,28,0
10057,61,15,28,0
10058,61,15,28,0
10059,61,15,28,0
10060,61,15,28,0
10061,61,15,28,0
10062,61,15,28,0
10063,61,15,28,0
10064,61,15,28,0
10065,61,15,28,0
10066,61,15,28,0
10067,61,15,28,0
10068,61,15,28,0
10069,61,15,28,0
10070,61,15,28,0
10071,61,15,28,0
10072,61,15,28,0
10073,61,15,28,0
10074,61,15,28,0
10075,61,15,28,0
10076,61,15,28,0
10077,61,15,28,0
10078,61,15,28,0
10079,61,15,28,0
10080,61,15,28,0
10081,61,15,28,0
10082,61,15,28,0
10083,61,15,28,0
10084,61,15,28,0
10085,61,15,28,0
10086,61,15,28,0
10087,61,15,28,0
10088,61,15,28,0
10089,61,15,28,0
10090,61,15,28,0
10091,61,15,28,0
10092,61,15,28,0
10093,61,15,28,0
10094,61,15,28,0
10095,61,15,28,0
10096,61,15,28,0
10097,61,15,28,0
10098,61,15,28,0
10099,61,15,28,0
10100,61,15,28,0
10101,61,15,28,0
10102,61,15,28,0
10103,61,15,28,0
10104,61,15,28,0
10105,61,15,28,0
10106,61,15,28,0
10107,61,15,28,0
10108,61,15,28,0
10109,61,15,28,0
10110,61,15,28,0
10111,61,15,28,0
10112,61,15,28,0
10113,61,15,28,0
10114,61,15,28,0
10115,61,15,28,0
10116,61,15,28,0
10117,61,15,28,0
10118,61,15,28,0
10119,61,15,28,0
10120,61,15,28,0
10121,61,15,28,0
10122,61,15,28,0
10123,61,15,28,0
10124,61,15,28,0
10125,61,15,28,0
10126,61,15,28,0
10127,61,15,28,0
10128,61,15,28,0
10129,61,15,28,0
10130,61,15,28,0
10131,61,15,28,0
10132,61,15,28,0
10133,61,15,28,0
10134,61,15,28,0
10135,61,15,28,0
10136,61,15,28,0
10137,61,15,28,0
10138,61,15,28,0
10139,61,15,28,0
10140,61,15,28,0
10141,61,15,28,0
10142,61,15,28,0
10143,61,15,28,0
10144,61,15,28,0
10145,61,15,28,0
10146,61,15,28,0
10147,61,15,28,0
10148,61,15,28,0
10149,61,15,28,0
10150,61,15,28,0
10151,61,15,28,0
10152,61,15,28,0
10153,61,15,28,0
10154,61,15,28,0
10155,61,15,28,0
10156,61,15,28,0
10157,61,15,28,0
10158,61,15,28,0
10159,61,15,28,0
10160,61,15,28,0
10161,61,15,28,0
10162,61,15,28,0
10163,61,15,28,0
10164,61,15,28,0
10165,61,15,28,0
10166,61,15,28,0
10167,61,15,28,0
10168,61,15,28,0
10169,61,15,28,0
10170,61,15,28,0
10171,61,15,28,0
10172,61,15,28,0
10173,61,15,28,0
10174,61,15,28,0
10175,61,15,28,0
10176,61,15,28,0
10177,61,15,28,0
10178,61,15,28,0
10179,61,15,28,0
10180,61,15,28,0
10181,61,15,28,0
10182,61,15,28,0
10183,61,15,28,0
10184,61,15,28,0
10185,61,15,28,0
10186,61,15,28,0
10187,61,15,28,0
10188,61,15,28,0
10189,61,15,28,0
10190,61,15,28,0
10191,61,15,28,0
10192,61,15,28,0
10193,61,15,28,0
10194,61,15,28,0
10195,61,15,28,0
10196,61,15,28,0
10197,61,15,28,0
10198,61,15,28,0
10199,61,15,28,0
10200,61,15,28,0
10201,61,15,28,0
10202,61,15,28,0
10203,61,15,28,0
10204,61,15,28,0
10205,61,15,28,0
10206,61,15,28,0
10207,61,15,28,0
10208,61,15,28,0
10209,61,15,28,0
10210,61,15,28,0
10211,61,15,28,0
10212,61,15,28,0
10213,61,15,28,0
10214,61,15,28,0
10215,61,15,28,0
10216,61,15,28,0
10217,61,15,28,0
10218,61,15,28,0
10219,61,15,28,0
10220,61,15,28,0
10221,61,15,28,0
10222,61,15,28,0
10223,61,15,28,0
10224,61,15,28,0
10225,61,15,28,0
10226,61,15,28,0
10227,61,15,28,0
10228,61,15,28,0
10229,61,15,28,0
10230,61,15,28,0
10231,61,15,28,0
10232,61,15,28,0
10233,61,15,28,0
10234,61,15,28,0
10235,61,15,28,0
10236,61,15,28,0
10237,61,15,28,0
10238,61,15,28,0
10239,61,15,28,0
10240,61,15,28,0
10241,61,15,28,0
10242,61,15,28,0
10243,61,15,28,0
10244,61,15,28,0
10245,61,15,28,0
10246,61,15,28,0
10247,61,15,28,0
10248,61,15,28,0
10249,61,15,28,0
10250,61,15,28,0
10251,61,15,28,0
10252,61,15,28,0
10253,61,15,28,0
10254,61,15,28,0
10255,61,15,28,0
10256,61,15,28,0
10257,61,15,28,0
10258,61,15,28,0
10259,61,15,28,0
10260,61,15,28,0
10261,61,15,28,0
10262,61,15,28,0
10263,61,15,28,0
10264,61,15,28,0
10265,61,15,28,0
10266,61,15,28,0
10267,61,15,28,0
10268,61,15,28,0
10269,61,15,28,0
10270,61,15,28,0
10271,61,15,28,0
10272,61,15,28,0
10273,61,15,28,0
10274,61,15,28,0
10275,61,15,28,0
10276,61,15,28,0
10277,61,15,28,0
10278,61,15,28,0
10279,61,15,28,0
10280,61,15,28,0
10281,61,15,28,0
10282,61,15,28,0
10283,61,15,28,0
10284,61,15,28,0
10285,61,15,28,0
10286,61,15,28,0
10287,61,15,28,0
10288,61,15,28,0
10289,61,15,28,0
10290,61,15,28,0
10291,61,15,28,0
10292,61,15,28,0
10293,61,15,28,0
10294,61,15,28,0
10295,61,15,28,0
10296,61,15,28,0
10297,61,15,28,0
10298,61,15,28,0
10299,61,15,28,0
10300,61,15,28,0
10301,61,15,28,0
10302,61,15,28,0
10303,61,15,28,0
10304,61,15,28,0
10305,61,15,28,0
10306,61,15,28,0
10307,61,15,28,0
10308,61,15,28,0
10309,61,15,28,0
10310,61,15,28,0
10311,61,15,28,0
10312,61,15,28,0
10313,61,15,28,0
10314,61,15,28,0
10315,61,15,28,0
10316,61,15,28,0
10317,61,15,28,0
10318,61,15,28,0
10319,61,15,28,0
10320,61,15,28,0
10321,61,15,28,0
10322,61,15,28,0
10323,61,15,28,0
10324,61,15,28,0
10325,61,15,28,0
10326,61,15,28,0
10327,61,15,28,0
10328,61,15,28,0
10329,61,15,28,0
10330,61,15,28,0
10331,61,15,28,0
10332,61,15,28,0
10333,61,15,28,0
10334,61,15,28,0
10335,61,15,28,0
10336,61,15,28,0
10337,61,15,28,0
10338,61,15,28,0
10339,61,15,28,0
10340,61,15,28,0
10341,61,15,28,0
10342,61,15,28,0
10343,61,15,28,0
10344,61,15,28,0
10345,61,15,28,0
10346,61,15,28,0
10347,61,15,28,0
10348,61,15,28,0
10349,61,15,28,0
10350,61,15,28,0
10351,61,15,28,0
10352,61,15,28,0
10353,61,15,28,0
10354,61,15,28,0
10355,61,15,28,0
10356,61,15,28,0
10357,61,15,28,0
10358,61,15,28,0
10359,61,15,28,0
10360,61,15,28,0
10361,61,15,28,0
10362,61,15,28,0
10363,61,15,28,0
10364,61,15,28,0
10365,61,15,28,0
10366,61,15,28,0
10367,61,15,28,0
10368,61,15,28,0
10369,61,15,28,0
10370,61,15,28,0
10371,61,15,28,0
10372,61,15,28,0
10373,61,15,28,0
10374,61,15,28,0
10375,61,15,28,0
10376,61,15,28,0
10377,61,15,28,0
10378,61,15,28,0
10379,61,15,28,0
10380,61,15,28,0
10381,61,15,28,0
10382,61,15,28,0
10383,61,15,28,0
10384,61,15,28,0
10385,61,15,28,0
10386,61,15,28,0
10387,61,15,28,0
10388,61,15,28,0
10389,61,15,28,0
10390,61,15,28,0
10391,61,15,28,0
10392,61,15,28,0
10393,61,15,28,0
10394,61,15,28,0
10395,61,15,28,0
10396,61,15,28,0
10397,61,15,28,0
10398,61,15,28,0
10399,61,15,28,0
10400,61,15,28,0
10401,61,15,28,0
10402,61,15,28,0
10403,61,15,28,0
10404,61,15,28,0
10405,61,15,28,0
10406,61,15,28,0
10407,61,15,28,0
10408,61,15,28,0
10409,61,15,28,0
10410,61,15,28,0
10411,61,15,28,0
10412,61,15,28,0
10413,61,15,28,0
10414,61,15,28,0
10415,61,15,28,0
10416,61,15,28,0
10417,61,15,28,0
10418,61,15,28,0
10419,61,15,28,0
10420,61,15,28,0
10421,61,15,28,0
10422,61,15,28,0
10423,61,15,28,0
10424,61,15,28,0
10425,61,15,28,0
10426,61,15,28,0
10427,61,15,28,0
10428,61,15,28,0
10429,61,15,28,0
10430,61,15,28,0
10431,61,15,28,0
10432,61,15,28,0
10433,61,15,28,0
10434,61,15,28,0
10435,61,15,28,0
10436,61,15,28,0
10437,61,15,28,0
10438,61,15,28,0
10439,61,15,28,0
10440,61,15,28,0
10441,61,15,28,0
10442,61,15,28,0
10443,61,15,28,0
10444,61,15,28,0
10445,61,15,28,0
10446,61,15,28,0
10447,61,15,28,0
10448,61,15,28,0
10449,61,15,28,0
10450,61,15,28,0
10451,61,15,28,0
10452,61,15,28,0
10453,61,15,28,0
10454,61,15,28,0
10455,61,15,28,0
10456,61,15,28,0
10457,61,15,28,0
10458,61,15,28,0
10459,61,15,28,0
10460,61,15,28,0
10461,61,15,28,0
10462,61,15,28,0
10463,61,15,28,0
10464,61,15,28,0
10465,61,15,28,0
10466,61,15,28,0
10467,61,15,28,0
10468,61,15,28,0
10469,61,15,28,0
10470,61,15,28,0
10471,61,15,28,0
10472,61,15,28,0
10473,61,15,28,0
10474,61,15,28,0
10475,61,15,28,0
10476,61,15,28,0
10477,61,15,28,0
10478,61,15,28,0
10479,61,15,28,0
10480,61,15,28,0
10481,61,15,28,0
10482,61,15,28,0
10483,61,15,28,0
10484,61,15,28,0
10485,61,15,28,0
10486,61,15,28,0
10487,61,15,28,0
10488,61,15,28,0
10489,61,15,28,0
10490,61,15,28,0
10491,61,15,28,0
10492,61,15,28,0
10493,61,15,28,0
10494,61,15,28,0
10495,61,15,28,0
10496,61,15,28,0
10497,61,15,28,0
10498,61,15,28,0
10499,61,15,28,0
10500,61,15,28,0
10501,61,15,28,0
10502,61,15,28,0
10503,61,15,28,0
10504,61,15,28,0
10505,61,15,28,0
10506,61,15,28,0
10507,61,15,28,0
10508,61,15,28,0
10509,61,15,28,0
10510,61,15,28,0
10511,61,15,28,0
10512,61,15,28,0
10513,61,15,28,0
10514,61,15,28,0
10515,61,15,28,0
10516,61,15,28,0
10517,61,15,28,0
10518,61,15,28,0
10519,61,15,28,0
10520,61,15,28,0
10521,61,15,28,0
10522,61,15,28,0
10523,61,15,28,0
10524,61,15,28,0
10525,61,15,28,0
10526,61,15,28,0
10527,61,15,28,0
10528,61,15,28,0
10529,61,15,28,0
10530,61,15,28,0
10531,61,15,28,0
10532,61,15,28,0
10533,61,15,28,0
10534,61,15,28,0
10535,61,15,28,0
10536,61,15,28,0
10537,61,15,28,0
10538,61,15,28,0
10539,61,15,28,0
10540,61,15,28,0
10541,61,15,28,0
10542,61,15,28,0
10543,61,15,28,0
10544,61,15,28,0
10545,61,15,28,0
10546,61,15,28,0
10547,61,15,28,0
10548,61,15,28,0
10549,61,15,28,0
10550,61,15,28,0
10551,61,15,28,0
10552,61,15,28,0
10553,61,15,28,0
10554,61,15,28,0
10555,61,15,28,0
10556,61,15,28,0
10557,61,15,28,0
10558,61,15,28,0
10559,61,15,28,0
10560,61,15,28,0
10561,61,15,28,0
10562,61,15,28,0
10563,61,15,28,0
10564,61,15,28,0
10565,61,15,28,0
10566,61,15,28,0
10567,61,15,28,0
10568,61,15,28,0
10569,61,15,28,0
10570,61,15,28,0
10571,61,15,28,0
10572,61,15,28,0
10573,61,15,28,0
10574,61,15,28,0
10575,61,15,28,0
10576,61,15,28,0
10577,61,15,28,0
10578,61,15,28,0
10579,61,15,28,0
10580,61,15,28,0
10581,61,15,28,0
10582,61,15,28,0
10583,61,15,28,0
10584,61,15,28,0
10585,61,15,28,0
10586,61,15,28,0
10587,61,15,28,0
10588,61,15,28,0
10589,61,15,28,0
10590,61,15,28,0
10591,61,15,28,0
10592,61,15,28,0
10593,61,15,28,0
10594,61,15,28,0
10595,61,15,28,0
10596,61,15,28,0
10597,61,15,28,0
10598,61,15,28,0
10599,61,15,28,0
10600,61,15,28,0
10601,61,15,28,0
10602,61,15,28,0
10603,61,15,28,0
10604,61,15,28,0
10605,61,15,28,0
10606,61,15,28,0
10607,61,15,28,0
10608,61,15,28,0
10609,61,15,28,0
10610,61,15,28,0
10611,61,15,28,0
10612,61,15,28,0
10613,61,15,28,0
10614,61,15,28,0
10615,61,15,28,0
10616,61,15,28,0
10617,61,15,28,0
10618,61,15,28,0
10619,61,15,28,0
10620,61,15,28,0
10621,61,15,28,0
10622,61,15,28,0
10623,61,15,28,0
10624,61,15,28,0
10625,61,15,28,0
10626,61,15,28,0
10627,61,15,28,0
10628,61,15,28,0
10629,61,15,28,0
10630,61,15,28,0
10631,61,15,28,0
10632,61,15,28,0
10633,61,15,28,0
10634,61,15,28,0
10635,61,15,28,0
10636,61,15,28,0
10637,61,15,28,0
10638,61,15,28,0
10639,61,15,28,0
10640,61,15,28,0
10641,61,15,28,0
10642,61,15,28,0
10643,61,15,28,0
10644,61,15,28,0
10645,61,15,28,0
10646,61,15,28,0
10647,61,15,28,0
10648,61,15,28,0
10649,61,15,28,0
10650,61,15,28,0
10651,61,15,28,0
10652,61,15,28,0
10653,61,15,28,0
10654,61,15,28,0
10655,61,15,28,0
10656,61,15,28,0
10657,61,15,28,0
10658,61,15,28,0
10659,61,15,28,0
10660,61,15,28,0
10661,61,15,28,0
10662,61,15,28,0
10663,61,15,28,0
10664,61,15,28,0
10665,61,15,28,0
10666,61,15,28,0
10667,61,15,28,0
10668,61,15,28,0
10669,61,15,28,0
10670,61,15,28,0
10671,61,15,28,0
10672,61,15,28,0
10673,61,15,28,0
10674,61,15,28,0
10675,61,15,28,0
10676,61,15,28,0
10677,61,15,28,0
10678,61,15,28,0
10679,61,15,28,0
10680,61,15,28,0
10681,61,15,28,0
10682,61,15,28,0
10683,61,15,28,0
10684,61,15,28,0
10685,61,15,28,0
10686,61,15,28,0
10687,61,15,28,0
10688,61,15,28,0
10689,61,15,28,0
10690,61,15,28,0
10691,61,15,28,0
10692,61,15,28,0
10693,61,15,28,0
10694,61,15,28,0
10695,61,15,28,0
10696,61,15,28,0
10697,61,15,28,0
10698,61,15,28,0
10699,61,15,28,0
10700,61,15,28,0
10701,61,15,28,0
10702,61,15,28,0
10703,61,15,28,0
10704,61,15,28,0
10705,61,15,28,0
10706,61,15,28,0
10707,61,15,28,0
10708,61,15,28,0
10709,61,15,28,0
10710,61,15,28,0
10711,61,15,28,0
10712,61,15,28,0
10713,61,15,28,0
10714,61,15,28,0
10715,61,15,28,0
10716,61,15,28,0
10717,61,15,28,0
10718,61,15,28,0
10719,61,15,28,0
10720,61,15,28,0
10721,61,15,28,0
10722,61,15,28,0
10723,61,15,28,0
10724,61,15,28,0
10725,61,15,28,0
10726,61,15,28,0
10727,61,15,28,0
10728,61,15,28,0
10729,61,15,28,0
10730,61,15,28,0
10731,61,15,28,0
10732,61,15,28,0
10733,61,15,28,0
10734,61,15,28,0
10735,61,15,28,0
10736,61,15,28,0
10737,61,15,28,0
10738,61,15,28,0
10739,61,15,28,0
10740,61,15,28,0
10741,61,15,28,0
10742,61,15,28,0
10743,61,15,28,0
10744,61,15,28,0
10745,61,15,28,0
10746,61,15,28,0
10747,61,15,28,0
10748,61,15,28,0
10749,61,15,28,0
10750,61,15,28,0
10751,61,15,28,0
10752,61,15,28,0
10753,61,15,28,0
10754,61,15,28,0
10755,61,15,28,0
10756,61,15,28,0
10757,61,15,28,0
10758,61,15,28,0
10759,61,15,28,0
10760,61,15,28,0
10761,61,15,28,0
10762,61,15,28,0
10763,61,15,28,0
10764,61,15,28,0
10765,61,15,28,0
10766,61,15,28,0
10767,61,15,28,0
10768,61,15,28,0
10769,61,15,28,0
10770,61,15,28,0
10771,61,15,28,0
10772,61,15,28,0
10773,61,15,28,0
10774,61,15,28,0
10775,61,15,28,0
10776,61,15,28,0
10777,61,15,28,0
10778,61,15,28,0
10779,61,15,28,0
10780,61,15,28,0
10781,61,15,28,0
10782,61,15,28,0
10783,61,15,28,0
10784,61,15,28,0
10785,61,15,28,0
10786,61,15,28,0
10787,61,15,28,0
10788,61,15,28,0
10789,61,15,28,0
10790,61,15,28,0
10791,61,15,28,0
10792,61,15,28,0
10793,61,15,28,0
10794,61,15,28,0
10795,61,15,28,0
10796,61,15,28,0
10797,61,15,28,0
10798,61,15,28,0
10799,61,15,28,0
10800,61,15,28,0
10801,61,15,28,0
10802,61,15,28,0
10803,61,15,28,0
10804,61,15,28,0
10805,61,15,28,0
10806,61,15,28,0
10807,61,15,28,0
10808,61,15,28,0
10809,61,15,28,0
10810,61,15,28,0
10811,61,15,28,0
10812,61,15,28,0
10813,61,15,28,0
10814,61,15,28,0
10815,61,15,28,0
10816,61,15,28,0
10817,61,15,28,0
10818,61,15,28,0
10819,61,15,28,0
10820,61,15,28,0
10821,61,15,28,0
10822,61,15,28,0
10823,61,15,28,0
10824,61,15,28,0
10825,61,15,28,0
10826,61,15,28,0
10827,61,15,28,0
10828,61,15,28,0
10829,61,15,28,0
10830,61,15,28,0
10831,61,15,28,0
10832,61,15,28,0
10833,61,15,28,0
10834,61,15,28,0
10835,61,15,28,0
10836,61,15,28,0
10837,61,15,28,0
10838,61,15,28,0
10839,61,15,28,0
10840,61,15,28,0
10841,61,15,28,0
10842,61,15,28,0
10843,61,15,28,0
10844,61,15,28,0
10845,61,15,28,0
10846,61,15,28,0
10847,61,15,28,0
10848,61,15,28,0
10849,61,15,28,0
10850,61,15,28,0
10851,61,15,28,0
10852,61,15,28,0
10853,61,15,28,0
10854,61,15,28,0
10855,61,15,28,0
10856,61,15,28,0
10857,61,15,28,0
10858,61,15,28,0
10859,61,15,28,0
10860,61,15,28,0
10861,61,15,28,0
10862,61,15,28,0
10863,61,15,28,0
10864,61,15,28,0
10865,61,15,28,0
10866,61,15,28,0
10867,61,15,28,0
10868,61,15,28,0
10869,61,15,28,0
10870,61,15,28,0
10871,61,15,28,0
10872,61,15,28,0
10873,61,15,28,0
10874,61,15,28,0
10875,61,15,28,0
10876,61,15,28,0
10877,61,15,28,0
10878,61,15,28,0
10879,61,15,28,0
10880,61,15,28,0
10881,61,15,28,0
10882,61,15,28,0
10883,61,15,28,0
10884,61,15,28,0
10885,61,15,28,0
10886,61,15,28,0
10887,61,15,28,0
10888,61,15,28,0
10889,61,15,28,0
10890,61,15,28,0
10891,61,15,28,0
10892,61,15,28,0
10893,61,15,28,0
10894,61,15,28,0
10895,61,15,28,0
10896,61,15,28,0
10897,61,15,28,0
10898,61,15,28,0
10899,61,15,28,0
10900,61,15,28,0
10901,61,15,28,0
10902,61,15,28,0
10903,61,15,28,0
10904,61,15,28,0
10905,61,15,28,0
10906,61,15,28,0
10907,61,15,28,0
10908,61,15,28,0
10909,61,15,28,0
10910,61,15,28,0
10911,61,15,28,0
10912,61,15,28,0
10913,61,15,28,0
10914,61,15,28,0
10915,61,15,28,0
10916,61,15,28,0
10917,61,15,28,0
10918,61,15,28,0
10919,61,15,28,0
10920,61,15,28,0
10921,61,15,28,0
10922,61,15,28,0
10923,61,15,28,0
10924,61,15,28,0
10925,61,15,28,0
10926,61,15,28,0
10927,61,15,28,0
10928,61,15,28,0
10929,61,15,28,0
10930,61,15,28,0
10931,61,15,28,0
10932,61,15,28,0
10933,61,15,28,0
10934,61,15,28,0
10935,61,15,28,0
10936,61,15,28,0
10937,61,15,28,0
10938,61,15,28,0
10939,61,15,28,0
10940,61,15,28,0
10941,61,15,28,0
10942,61,15,28,0
10943,61,15,28,0
10944,61,15,28,0
10945,61,15,28,0
10946,61,15,28,0
10947,61,15,28,0
10948,61,15,28,0
10949,61,15,28,0
10950,61,15,28,0
10951,61,15,28,0
10952,61,15,28,0
10953,61,15,28,0
10954,61,15,28,0
10955,61,15,28,0
10956,61,15,28,0
10957,61,15,28,0
10958,61,15,28,0
10959,61,15,28,0
10960,61,15,28,0
10961,61,15,28,0
10962,61,15,28,0
10963,61,15,28,0
10964,61,15,28,0
10965,61,15,28,0
10966,61,15,28,0
10967,61,15,28,0
10968,61,15,28,0
10969,61,15,28,0
10970,61,15,28,0
10971,61,15,28,0
10972,61,15,28,0
10973,61,15,28,0
10974,61,15,28,0
10975,61,15,28,0
10976,61,15,28,0
10977,61,15,28,0
10978,61,15,28,0
10979,61,15,28,0
10980,61,15,28,0
10981,61,15,28,0
10982,61,15,28,0
10983,61,15,28,0
10984,61,15,28,0
10985,61,15,28,0
10986,61,15,28,0
10987,61,15,28,0
10988,61,15,28,0
10989,61,15,28,0
10990,61,15,28,0
10991,61,15,28,0
10992,61,15,28,0
10993,61,15,28,0
10994,61,15,28,0
10995,61,15,28,0
10996,61,15,28,0
10997,61,15,28,0
10998,61,15,28,0
10999,61,15,28,0
11000,61,15,28,0
11001,61,15,28,0
11002,61,15,28,0
11003,61,15,28,0
11004,61,15,28,0
11005,61,15,28,0
11006,61,15,28,0
11007,61,15,28,0
11008,61,15,28,0
11009,61,15,28,0
11010,61,15,28,0
11011,61,15,28,0
11012,61,15,28,0
11013,61,15,28,0
11014,61,15,28,0
11015,61,15,28,0
11016,61,15,28,0
11017,61,15,28,0
11018,61,15,28,0
11019,61,15,28,0
11020,61,15,28,0
11021,61,15,28,0
11022,61,15,28,0
11023,61,15,28,0
11024,61,15,28,0
11025,61,15,28,0
11026,61,15,28,0
11027,61,15,28,0
11028,61,15,28,0
11029,61,15,28,0
11030,61,15,28,0
11031,61,15,28,0
11032,61,15,28,0
11033,61,15,28,0
11034,61,15,28,0
11035,61,15,28,0
11036,61,15,28,0
11037,61,15,28,0
11038,61,15,28,0
11039,61,15,28,0
11040,61,15,28,0
11041,61,15,28,0
11042,61,15,28,0
11043,61,15,28,0
11044,61,15,28,0
11045,61,15,28,0
11046,61,15,28,0
11047,61,15,28,0
11048,61,15,28,0
11049,61,15,28,0
11050,61,15,28,0
11051,61,15,28,0
11052,61,15,28,0
11053,61,15,28,0
11054,61,15,28,0
11055,61,15,28,0
11056,61,15,28,0
11057,61,15,28,0
11058,61,15,28,0
11059,61,15,28,0
11060,61,15,28,0
11061,61,15,28,0
11062,61,15,28,0
11063,61,15,28,0
11064,61,15,28,0
11065,61,15,28,0
11066,61,15,28,0
11067,61,15,28,0
11068,61,15,28,0
11069,61,15,28,0
11070,61,15,28,0
11071,61,15,28,0
11072,61,15,28,0
11073,61,15,28,0
11074,61,15,28,0
11075,61,15,28,0
11076,61,15,28,0
11077,61,15,28,0
11078,61,15,28,0
11079,61,15,28,0
11080,61,15,28,0
11081,61,15,28,0
11082,61,15,28,0
11083,61,15,28,0
11084,61,15,28,0
11085,61,15,28,0
11086,61,15,28,0
11087,61,15,28,0
11088,61,15,28,0
11089,61,15,28,0
11090,61,15,28,0
11091,61,15,28,0
11092,61,15,28,0
11093,61,15,28,0
11094,61,15,28,0
11095,61,15,28,0
11096,61,15,28,0
11097,61,15,28,0
11098,61,15,28,0
11099,61,15,28,0
11100,61,15,28,0
11101,61,15,28,0
11102,61,15,28,0
11103,61,15,28,0
11104,61,15,28,0
11105,61,15,28,0
11106,61,15,28,0
11107,61,15,28,0
11108,61,15,28,0
11109,61,15,28,0
11110,61,15,28,0
11111,61,15,28,0
11112,61,15,28,0
11113,61,15,28,0
11114,61,15,28,0
11115,61,15,28,0
11116,61,15,28,0
11117,61,15,28,0
11118,61,15,28,0
11119,61,15,28,0
11120,61,15,28,0
11121,61,15,28,0
11122,61,15,28,0
11123,61,15,28,0
11124,61,15,28,0
11125,61,15,28,0
11126,61,15,28,0
11127,61,15,28,0
11128,61,15,28,0
11129,61,15,28,0
11130,61,15,28,0
11131,61,15,28,0
11132,61,15,28,0
11133,61,15,28,0
11134,61,15,28,0
11135,61,15,28,0
11136,61,15,28,0
11137,61,15,28,0
11138,61,15,28,0
11139,61,15,28,0
11140,61,15,28,0
11141,61,15,28,0
11142,61,15,28,0
11143,61,15,28,0
11144,61,15,28,0
11145,61,15,28,0
11146,61,15,28,0
11147,61,15,28,0
11148,61,15,28,0
11149,61,15,28,0
11150,61,15,28,0
11151,61,15,28,0
11152,61,15,28,0
11153,61,15,28,0
11154,61,15,28,0
11155,61,15,28,0
11156,61,15,28,0
11157,61,15,28,0
11158,61,15,28,0
11159,61,15,28,0
11160,61,15,28,0
11161,61,15,28,0
11162,61,15,28,0
11163,61,15,28,0
11164,61,15,28,0
11165,61,15,28,0
11166,61,15,28,0
11167,61,15,28,0
11168,61,15,28,0
11169,61,15,28,0
11170,61,15,28,0
11171,61,15,28,0
11172,61,15,28,0
11173,61,15,28,0
11174,61,15,28,0
11175,61,15,28,0
11176,61,15,28,0
11177,61,15,28,0
11178,61,15,28,0
11179,61,15,28,0
11180,61,15,28,0
11181,61,15,28,0
11182,61,15,28,0
11183,61,15,28,0
11184,61,15,28,0
11185,61,15,28,0
11186,61,15,28,0
11187,61,15,28,0
11188,61,15,28,0
11189,61,15,28,0
11190,61,15,28,0
11191,61,15,28,0
11192,61,15,28,0
11193,61,15,28,0
11194,61,15,28,0
11195,61,15,28,0
11196,61,15,28,0
11197,61,15,28,0
11198,61,15,28,0
11199,61,15,28,0
11200,61,15,28,0
11201,61,15,28,0
11202,61,15,28,0
11203,61,15,28,0
11204,61,15,28,0
11205,61,15,28,0
11206,61,15,28,0
11207,61,15,28,0
11208,61,15,28,0
11209,61,15,28,0
11210,61,15,28,0
11211,61,15,28,0
11212,61,15,28,0
11213,61,15,28,0
11214,61,15,28,0
11215,61,15,28,0
11216,61,15,28,0
11217,61,15,28,0
11218,61,15,28,0
11219,61,15,28,0
11220,61,15,28,0
11221,61,15,28,0
11222,61,15,28,0
11223,61,15,28,0
11224,61,15,28,0
11225,61,15,28,0
11226,61,15,28,0
11227,61,15,28,0
11228,61,15,28,0
11229,61,15,28,0
11230,61,15,28,0
11231,61,15,28,0
11232,61,15,28,0
11233,61,15,28,0
11234,61,15,28,0
11235,61,15,28,0
11236,61,15,28,0
11237,61,15,28,0
11238,61,15,28,0
11239,61,15,28,0
11240,61,15,28,0
11241,61,15,28,0
11242,61,15,28,0
11243,61,15,28,0
11244,61,15,28,0
11245,61,15,28,0
11246,61,15,28,0
11247,61,15,28,0
11248,61,15,28,0
11249,61,15,28,0
11250,61,15,28,0
11251,61,15,28,0
11252,61,15,28,0
11253,61,15,28,0
11254,61,15,28,0
11255,61,15,28,0
11256,61,15,28,0
11257,61,15,28,0
11258,61,15,28,0
11259,61,15,28,0
11260,61,15,28,0
11261,61,15,28,0
11262,61,15,28,0
11263,61,15,28,0
11264,61,15,28,0
11265,61,15,28,0
11266,61,15,28,0
11267,61,15,28,0
11268,61,15,28,0
11269,61,15,28,0
11270,61,15,28,0
11271,61,15,28,0
11272,61,15,28,0
11273,61,15,28,0
11274,61,15,28,0
11275,61,15,28,0
11276,61,15,28,0
11277,61,15,28,0
11278,61,15,28,0
11279,61,15,28,0
11280,61,15,28,0
11281,61,15,28,0
11282,61,15,28,0
11283,61,15,28,0
11284,61,15,28,0
11285,61,15,28,0
11286,61,15,28,0
11287,61,15,28,0
11288,61,15,28,0
11289,61,15,28,0
11290,61,15,28,0
11291,61,15,28,0
11292,61,15,28,0
11293,61,15,28,0
11294,61,15,28,0
11295,61,15,28,0
11296,61,15,28,0
11297,61,15,28,0
11298,61,15,28,0
11299,61,15,28,0
11300,61,15,28,0
11301,61,15,28,0
11302,61,15,28,0
11303,61,15,28,0
11304,61,15,28,0
11305,61,15,28,0
11306,61,15,28,0
11307,61,15,28,0
11308,61,15,28,0
11309,61,15,28,0
11310,61,15,28,0
11311,61,15,28,0
11312,61,15,28,0
11313,61,15,28,0
11314,61,15,28,0
11315,61,15,28,0
11316,61,15,28,0
11317,61,15,28,0
11318,61,15,28,0
11319,61,15,28,0
11320,61,15,28,0
11321,61,15,28,0
11322,61,15,28,0
11323,61,15,28,0
11324,61,15,28,0
11325,61,15,28,0
11326,61,15,28,0
11327,61,15,28,0
11328,61,15,28,0
11329,61,15,28,0
11330,61,15,28,0
11331,61,15,28,0
11332,61,15,28,0
11333,61,15,28,0
11334,61,15,28,0
11335,61,15,28,0
11336,61,15,28,0
11337,61,15,28,0
11338,61,15,28,0
11339,61,15,28,0
11340,61,15,28,0
11341,61,15,28,0
11342,61,15,28,0
11343,61,15,28,0
11344,61,15,28,0
11345,61,15,28,0
11346,61,15,28,0
11347,61,15,28,0
11348,61,15,28,0
11349,61,15,28,0
11350,61,15,28,0
11351,61,15,28,0
11352,61,15,28,0
11353,61,15,28,0
11354,61,15,28,0
11355,61,15,28,0
11356,61,15,28,0
11357,61,15,28,0
11358,61,15,28,0
11359,61,15,28,0
11360,61,15,28,0
11361,61,15,28,0
11362,61,15,28,0
11363,61,15,28,0
11364,61,15,28,0
11365,61,15,28,0
11366,61,15,28,0
11367,61,15,28,0
11368,61,15,28,0
11369,61,15,28,0
11370,61,15,28,0
11371,61,15,28,0
11372,61,15,28,0
11373,61,15,28,0
11374,61,15,28,0
11375,61,15,28,0
11376,61,15,28,0
11377,61,15,28,0
11378,61,15,28,0
11379,61,15,28,0
11380,61,15,28,0
11381,61,15,28,0
11382,61,15,28,0
11383,61,15,28,0
11384,61,15,28,0
11385,61,15,28,0
11386,61,15,28,0
11387,61,15,28,0
11388,61,15,28,0
11389,61,15,28,0
11390,61,15,28,0
11391,61,15,28,0
11392,61,15,28,0
11393,61,15,28,0
11394,61,15,28,0
11395,61,15,28,0
11396,61,15,28,0
11397,61,15,28,0
11398,61,15,28,0
11399,61,15,28,0
11400,61,15,28,0
11401,61,15,28,0
11402,61,15,28,0
11403,61,15,28,0
11404,61,15,28,0
11405,61,15,28,0
11406,61,15,28,0
11407,61,15,28,0
11408,61,15,28,0
11409,61,15,28,0
11410,61,15,28,0
11411,61,15,28,0
11412,61,15,28,0
11413,61,15,28,0
11414,61,15,28,0
11415,61,15,28,0
11416,61,15,28,0
11417,61,15,28,0
11418,61,15,28,0
11419,61,15,28,0
11420,61,15,28,0
11421,61,15,28,0
11422,61,15,28,0
11423,61,15,28,0
11424,61,15,28,0
11425,61,15,28,0
11426,61,15,28,0
11427,61,15,28,0
11428,61,15,28,0
11429,61,15,28,0
11430,61,15,28,0
11431,61,15,28,0
11432,61,15,28,0
11433,61,15,28,0
11434,61,15,28,0
11435,61,15,28,0
11436,61,15,28,0
11437,61,15,28,0
11438,61,15,28,0
11439,61,15,28,0
11440,61,15,28,0
11441,61,15,28,0
11442,61,15,28,0
11443,61,15,28,0
11444,61,15,28,0
11445,61,15,28,0
11446,61,15,28,0
11447,61,15,28,0
11448,61,15,28,0
11449,61,15,28,0
11450,61,15,28,0
11451,61,15,28,0
11452,61,15,28,0
11453,61,15,28,0
11454,61,15,28,0
11455,61,15,28,0
11456,61,15,28,0
11457,61,15,28,0
11458,61,15,28,0
11459,61,15,28,0
11460,61,15,28,0
11461,61,15,28,0
11462,61,15,28,0
11463,61,15,28,0
11464,61,15,28,0
11465,61,15,28,0
11466,61,15,28,0
11467,61,15,28,0
11468,61,15,28,0
11469,61,15,28,0
11470,61,15,28,0
11471,61,15,28,0
11472,61,15,28,0
11473,61,15,28,0
11474,61,15,28,0
11475,61,15,28,0
11476,61,15,28,0
11477,61,15,28,0
11478,61,15,28,0
11479,61,15,28,0
11480,61,15,28,0
11481,61,15,28,0
11482,61,15,28,0
11483,61,15,28,0
11484,61,15,28,0
11485,61,15,28,0
11486,61,15,28,0
11487,61,15,28,0
11488,61,15,28,0
11489,61,15,28,0
11490,61,15,28,0
11491,61,15,28,0
11492,61,15,28,0
11493,61,15,28,0
11494,61,15,28,0
11495,61,15,28,0
11496,61,15,28,0
11497,61,15,28,0
11498,61,15,28,0
11499,61,15,28,0
11500,61,15,28,0
11501,61,15,28,0
11502,61,15,28,0
11503,61,15,28,0
11504,61,15,28,0
11505,61,15,28,0
11506,61,15,28,0
11507,61,15,28,0
11508,61,15,28,0
11509,61,15,28,0
11510,61,15,28,0
11511,61,15,28,0
11512,61,15,28,0
11513,61,15,28,0
11514,61,15,28,0
11515,61,15,28,0
11516,61,15,28,0
11517,61,15,28,0
11518,61,15,28,0
11519,61,15,28,0
11520,61,15,28,0
11521,61,15,28,0
11522,61,15,28,0
11523,61,15,28,0
11524,61,15,28,0
11525,61,15,28,0
11526,61,15,28,0
11527,61,15,28,0
11528,61,15,28,0
11529,61,15,28,0
11530,61,15,28,0
11531,61,15,28,0
11532,61,15,28,0
11533,61,15,28,0
11534,61,15,28,0
11535,61,15,28,0
11536,61,15,28,0
11537,61,15,28,0
11538,61,15,28,0
11539,61,15,28,0
11540,61,15,28,0
11541,61,15,28,0
11542,61,15,28,0
11543,61,15,28,0
11544,61,15,28,0
11545,61,15,28,0
11546,61,15,28,0
11547,61,15,28,0
11548,61,15,28,0
11549,61,15,28,0
11550,61,15,28,0
11551,61,15,28,0
11552,61,15,28,0
11553,61,15,28,0
11554,61,15,28,0
11555,61,15,28,0
11556,61,15,28,0
11557,61,15,28,0
11558,61,15,28,0
11559,61,15,28,0
11560,61,15,28,0
11561,61,15,28,0
11562,61,15,28,0
11563,61,15,28,0
11564,61,15,28,0
11565,61,15,28,0
11566,61,15,28,0
11567,61,15,28,0
11568,61,15,28,0
11569,61,15,28,0
11570,61,15,28,0
11571,61,15,28,0
11572,61,15,28,0
11573,61,15,28,0
11574,61,15,28,0
11575,61,15,28,0
11576,61,15,28,0
11577,61,15,28,0
11578,61,15,28,0
11579,61,15,28,0
11580,61,15,28,0
11581,61,15,28,0
11582,61,15,28,0
11583,61,15,28,0
11584,61,15,28,0
11585,61,15,28,0
11586,61,15,28,0
11587,61,15,28,0
11588,61,15,28,0
11589,61,15,28,0
11590,61,15,28,0
11591,61,15,28,0
11592,61,15,28,0
11593,61,15,28,0
11594,61,15,28,0
11595,61,15,28,0
11596,61,15,28,0
11597,61,15,28,0
11598,61,15,28,0
11599,61,15,28,0
11600,61,15,28,0
11601,61,15,28,0
11602,61,15,28,0
11603,61,15,28,0
11604,61,15,28,0
11605,61,15,28,0
11606,61,15,28,0
11607,61,15,28,0
11608,61,15,28,0
11609,61,15,28,0
11610,61,15,28,0
11611,61,15,28,0
11612,61,15,28,0
11613,61,15,28,0
11614,61,15,28,0
11615,61,15,28,0
11616,61,15,28,0
11617,61,15,28,0
11618,61,15,28,0
11619,61,15,28,0
11620,61,15,28,0
11621,61,15,28,0
11622,61,15,28,0
11623,61,15,28,0
11624,61,15,28,0
11625,61,15,28,0
11626,61,15,28,0
11627,61,15,28,0
11628,61,15,28,0
11629,61,15,28,0
11630,61,15,28,0
11631,61,15,28,0
11632,61,15,28,0
11633,61,15,28,0
11634,61,15,28,0
11635,61,15,28,0
11636,61,15,28,0
11637,61,15,28,0
11638,61,15,28,0
11639,61,15,28,0
11640,61,15,28,0
11641,61,15,28,0
11642,61,15,28,0
11643,61,15,28,0
11644,61,15,28,0
11645,61,15,28,0
11646,61,15,28,0
11647,61,15,28,0
11648,61,15,28,0
11649,61,15,28,0
11650,61,15,28,0
11651,61,15,28,0
11652,61,15,28,0
11653,61,15,28,0
11654,61,15,28,0
11655,61,15,28,0
11656,61,15,28,0
11657,61,15,28,0
11658,61,15,28,0
11659,61,15,28,0
11660,61,15,28,0
11661,61,15,28,0
11662,61,15,28,0
11663,61,15,28,0
11664,61,15,28,0
11665,61,15,28,0
11666,61,15,28,0
11667,61,15,28,0
11668,61,15,28,0
11669,61,15,28,0
11670,61,15,28,0
11671,61,15,28,0
11672,61,15,28,0
11673,61,15,28,0
11674,61,15,28,0
11675,61,15,28,0
11676,61,15,28,0
11677,61,15,28,0
11678,61,15,28,0
11679,61,15,28,0
11680,61,15,28,0
11681,61,15,28,0
11682,61,15,28,0
11683,61,15,28,0
11684,61,15,28,0
11685,61,15,28,0
11686,61,15,28,0
11687,61,15,28,0
11688,61,15,28,0
11689,61,15,28,0
11690,61,15,28,0
11691,61,15,28,0
11692,61,15,28,0
11693,61,15,28,0
11694,61,15,28,0
11695,61,15,28,0
11696,61,15,28,0
11697,61,15,28,0
11698,61,15,28,0
11699,61,15,28,0
11700,61,15,28,0
11701,61,15,28,0
11702,61,15,28,0
11703,61,15,28,0
11704,61,15,28,0
11705,61,15,28,0
11706,61,15,28,0
11707,61,15,28,0
11708,61,15,28,0
11709,61,15,28,0
11710,61,15,28,0
11711,61,15,28,0
11712,61,15,28,0
11713,61,15,28,0
11714,61,15,28,0
11715,61,15,28,0
11716,61,15,28,0
11717,61,15,28,0
11718,61,15,28,0
11719,61,15,28,0
11720,61,15,28,0
11721,61,15,28,0
11722,61,15,28,0
11723,61,15,28,0
11724,61,15,28,0
11725,61,15,28,0
11726,61,15,28,0
11727,61,15,28,0
11728,61,15,28,0
11729,61,15,28,0
11730,61,15,28,0
11731,61,15,28,0
11732,61,15,28,0
11733,61,15,28,0
11734,61,15,28,0
11735,61,15,28,0
11736,61,15,28,0
11737,61,15,28,0
11738,61,15,28,0
11739,61,15,28,0
11740,61,15,28,0
11741,61,15,28,0
11742,61,15,28,0
11743,61,15,28,0
11744,61,15,28,0
11745,61,15,28,0
11746,61,15,28,0
11747,61,15,28,0
11748,61,15,28,0
11749,61,15,28,0
11750,61,15,28,0
11751,61,15,28,0
11752,61,15,28,0
11753,61,15,28,0
11754,61,15,28,0
11755,61,15,28,0
11756,61,15,28,0
11757,61,15,28,0
11758,61,15,28,0
11759,61,15,28,0
11760,61,15,28,0
11761,61,15,28,0
11762,61,15,28,0
11763,61,15,28,0
11764,61,15,28,0
11765,61,15,28,0
11766,61,15,28,0
11767,61,15,28,0
11768,61,15,28,0
11769,61,15,28,0
11770,61,15,28,0
11771,61,15,28,0
11772,61,15,28,0
11773,61,15,28,0
11774,61,15,28,0
11775,61,15,28,0
11776,61,15,28,0
11777,61,15,28,0
11778,61,15,28,0
11779,61,15,28,0
11780,61,15,28,0
11781,61,15,28,0
11782,61,15,28,0
11783,61,15,28,0
11784,61,15,28,0
11785,61,15,28,0
11786,61,15,28,0
11787,61,15,28,0
11788,61,15,28,0
11789,61,15,28,0
11790,61,15,28,0
11791,61,15,28,0
11792,61,15,28,0
11793,61,15,28,0
11794,61,15,28,0
11795,61,15,28,0
11796,61,15,28,0
11797,61,15,28,0
11798,61,15,28,0
11799,61,15,28,0
11800,61,15,28,0
11801,61,15,28,0
11802,61,15,28,0
11803,61,15,28,0
11804,61,15,28,0
11805,61,15,28,0
11806,61,15,28,0
11807,61,15,28,0
11808,61,15,28,0
11809,61,15,28,0
11810,61,15,28,0
11811,61,15,28,0
11812,61,15,28,0
11813,61,15,28,0
11814,61,15,28,0
11815,61,15,28,0
11816,61,15,28,0
11817,61,15,28,0
11818,61,15,28,0
11819,61,15,28,0
11820,61,15,28,0
11821,61,15,28,0
11822,61,15,28,0
11823,61,15,28,0
11824,61,15,28,0
11825,61,15,28,0
11826,61,15,28,0
11827,61,15,28,0
11828,61,15,28,0
11829,61,15,28,0
11830,61,15,28,0
11831,61,15,28,0
11832,61,15,28,0
11833,61,15,28,0
11834,61,15,28,0
11835,61,15,28,0
11836,61,15,28,0
11837,61,15,28,0
11838,61,15,28,0
11839,61,15,28,0
11840,61,15,28,0
11841,61,15,28,0
11842,61,15,28,0
11843,61,15,28,0
11844,61,15,28,0
11845,61,15,28,0
11846,61,15,28,0
11847,61,15,28,0
11848,61,15,28,0
11849,61,15,28,0
11850,61,15,28,0
11851,61,15,28,0
11852,61,15,28,0
11853,61,15,28,0
11854,61,15,28,0
11855,61,15,28,0
11856,61,15,28,0
11857,61,15,28,0
11858,61,15,28,0
11859,61,15,28,0
11860,61,15,28,0
11861,61,15,28,0
11862,61,15,28,0
11863,61,15,28,0
11864,61,15,28,0
11865,61,15,28,0
11866,61,15,28,0
11867,61,15,28,0
11868,61,15,28,0
11869,61,15,28,0
11870,61,15,28,0
11871,61,15,28,0
11872,61,15,28,0
11873,61,15,28,0
11874,61,15,28,0
11875,61,15,28,0
11876,61,15,28,0
11877,61,15,28,0
11878,61,15,28,0
11879,61,15,28,0
11880,61,15,28,0
11881,61,15,28,0
11882,61,15,28,0
11883,61,15,28,0
11884,61,15,28,0
11885,61,15,28,0
11886,61,15,28,0
11887,61,15,28,0
11888,61,15,28,0
11889,61,15,28,0
11890,61,15,28,0
11891,61,15,28,0
11892,61,15,28,0
11893,61,15,28,0
11894,61,15,28,0
11895,61,15,28,0
11896,61,15,28,0
11897,61,15,28,0
11898,61,15,28,0
11899,61,15,28,0
11900,61,15,28,0
11901,61,15,28,0
11902,61,15,28,0
11903,61,15,28,0
11904,61,15,28,0
11905,61,15,28,0
11906,61,15,28,0
11907,61,15,28,0
11908,61,15,28,0
11909,61,15,28,0
11910,61,15,28,0
11911,61,15,28,0
11912,61,15,28,0
11913,61,15,28,0
11914,61,15,28,0
11915,61,15,28,0
11916,61,15,28,0
11917,61,15,28,0
11918,61,15,28,0
11919,61,15,28,0
11920,61,15,28,0
11921,61,15,28,0
11922,61,15,28,0
11923,61,15,28,0
11924,61,15,28,0
11925,61,15,28,0
11926,61,15,28,0
11927,61,15,28,0
11928,61,15,28,0
11929,61,15,28,0
11930,61,15,28,0
11931,61,15,28,0
11932,61,15,28,0
11933,61,15,28,0
11934,61,15,28,0
11935,61,15,28,0
11936,61,15,28,0
11937,61,15,28,0
11938,61,15,28,0
11939,61,15,28,0
11940,61,15,28,0
11941,61,15,28,0
11942,61,15,28,0
11943,61,15,28,0
11944,61,15,28,0
11945,61,15,28,0
11946,61,15,28,0
11947,61,15,28,0
11948,61,15,28,0
11949,61,15,28,0
11950,61,15,28,0
11951,61,15,28,0
11952,61,15,28,0
11953,61,15,28,0
11954,61,15,28,0
11955,61,15,28,0
11956,61,15,28,0
11957,61,15,28,0
11958,61,15,28,0
11959,61,15,28,0
11960,61,15,28,0
11961,61,15,28,0
11962,61,15,28,0
11963,61,15,28,0
11964,61,15,28,0
11965,61,15,28,0
11966,61,15,28,0
11967,61,15,28,0
11968,61,15,28,0
11969,61,15,28,0
11970,61,15,28,0
11971,61,15,28,0
11972,61,15,28,0
11973,61,15,28,0
11974,61,15,28,0
11975,61,15,28,0
11976,61,15,28,0
11977,61,15,28,0
11978,61,15,28,0
11979,61,15,28,0
11980,61,15,28,0
11981,61,15,28,0
11982,61,15,28,0
11983,61,15,28,0
11984,61,15,28,0
11985,61,15,28,0
11986,61,15,28,0
11987,61,15,28,0
11988,61,15,28,0
11989,61,15,28,0
11990,61,15,28,0
11991,61,15,28,0
11992,61,15,28,0
11993,61,15,28,0
11994,61,15,28,0
11995,61,15,28,0
11996,61,15,28,0
11997,61,15,28,0
11998,61,15,28,0
11999,61,15,28,0
12000,61,15,28,0
12001,61,15,28,0
12002,61,15,28,0
12003,61,15,28,0
12004,61,15,28,0
12005,61,15,28,0
12006,61,15,28,0
12007,61,15,28,0
12008,61,15,28,0
12009,61,15,28,0
12010,61,15,28,0
12011,61,15,28,0
12012,61,15,28,0
12013,61,15,28,0
12014,61,15,28,0
12015,61,15,28,0
12016,61,15,28,0
12017,61,15,28,0
12018,61,15,28,0
12019,61,15,28,0
12020,61,15,28,0
12021,61,15,28,0
12022,61,15,28,0
12023,61,15,28,0
12024,61,15,28,0
12025,61,15,28,0
12026,61,15,28,0
12027,61,15,28,0
12028,61,15,28,0
12029,61,15,28,0
12030,61,15,28,0
12031,61,15,28,0
12032,61,15,28,0
12033,61,15,28,0
12034,61,15,28,0
12035,61,15,28,0
12036,61,15,28,0
12037,61,15,28,0
12038,61,15,28,0
12039,61,15,28,0
12040,61,15,28,0
12041,61,15,28,0
12042,61,15,28,0
12043,61,15,28,0
12044,61,15,28,0
12045,61,15,28,0
12046,61,15,28,0
12047,61,15,28,0
12048,61,15,28,0
12049,61,15,28,0
12050,61,15,28,0
12051,61,15,28,0
12052,61,15,28,0
12053,61,15,28,0
12054,61,15,28,0
12055,61,15,28,0
12056,61,15,28,0
12057,61,15,28,0
12058,61,15,28,0
12059,61,15,28,0
12060,61,15,28,0
12061,61,15,28,0
12062,61,15,28,0
12063,61,15,28,0
12064,61,15,28,0
12065,61,15,28,0
12066,61,15,28,0
12067,61,15,28,0
12068,61,15,28,0
12069,61,15,28,0
12070,61,15,28,0
12071,61,15,28,0
12072,61,15,28,0
12073,61,15,28,0
12074,61,15,28,0
12075,61,15,28,0
12076,61,15,28,0
12077,61,15,28,0
12078,61,15,28,0
12079,61,15,28,0
12080,61,15,28,0
12081,61,15,28,0
12082,61,15,28,0
12083,61,15,28,0
12084,61,15,28,0
12085,61,15,28,0
12086,61,15,28,0
12087,61,15,28,0
12088,61,15,28,0
12089,61,15,28,0
12090,61,15,28,0
12091,61,15,28,0
12092,61,15,28,0
12093,61,15,28,0
12094,61,15,28,0
12095,61,15,28,0
12096,61,15,28,0
12097,61,15,28,0
12098,61,15,28,0
12099,61,15,28,0
12100,61,15,28,0
12101,61,15,28,0
12102,61,15,28,0
12103,61,15,28,0
12104,61,15,28,0
12105,61,15,28,0
12106,61,15,28,0
12107,61,15,28,0
12108,61,15,28,0
12109,61,15,28,0
12110,61,15,28,0
12111,61,15,28,0
12112,61,15,28,0
12113,61,15,28,0
12114,61,15,28,0
12115,61,15,28,0
12116,61,15,28,0
12117,61,15,28,0
12118,61,15,28,0
12119,61,15,28,0
12120,61,15,28,0
12121,61,15,28,0
12122,61,15,28,0
12123,61,15,28,0
12124,61,15,28,0
12125,61,15,28,0
12126,61,15,28,0
12127,61,15,28,0
12128,61,15,28,0
12129,61,15,28,0
12130,61,15,28,0
12131,61,15,28,0
12132,61,15,28,0
12133,61,15,28,0
12134,61,15,28,0
12135,61,15,28,0
12136,61,15,28,0
12137,61,15,28,0
12138,61,15,28,0
12139,61,15,28,0
12140,61,15,28,0
12141,61,15,28,0
12142,61,15,28,0
12143,61,15,28,0
12144,61,15,28,0
12145,61,15,28,0
12146,61,15,28,0
12147,61,15,28,0
12148,61,15,28,0
12149,61,15,28,0
12150,61,15,28,0
12151,61,15,28,0
12152,61,15,28,0
12153,61,15,28,0
12154,61,15,28,0
12155,61,15,28,0
12156,61,15,28,0
12157,61,15,28,0
12158,61,15,28,0
12159,61,15,28,0
12160,61,15,28,0
12161,61,15,28,0
12162,61,15,28,0
12163,61,15,28,0
12164,61,15,28,0
12165,61,15,28,0
12166,61,15,28,0
12167,61,15,28,0
12168,61,15,28,0
12169,61,15,28,0
12170,61,15,28,0
12171,61,15,28,0
12172,61,15,28,0
12173,61,15,28,0
12174,61,15,28,0
12175,61,15,28,0
12176,61,15,28,0
12177,61,15,28,0
12178,61,15,28,0
12179,61,15,28,0
12180,61,15,28,0
12181,61,15,28,0
12182,61,15,28,0
12183,61,15,28,0
12184,61,15,28,0
12185,61,15,28,0
12186,61,15,28,0
12187,61,15,28,0
12188,61,15,28,0
12189,61,15,28,0
12190,61,15,28,0
12191,61,15,28,0
12192,61,15,28,0
12193,61,15,28,0
12194,61,15,28,0
12195,61,15,28,0
12196,61,15,28,0
12197,61,15,28,0
12198,61,15,28,0
12199,61,15,28,0
12200,61,15,28,0
12201,61,15,28,0
12202,61,15,28,0
12203,61,15,28,0
12204,61,15,28,0
12205,61,15,28,0
12206,61,15,28,0
12207,61,15,28,0
12208,61,15,28,0
12209,61,15,28,0
12210,61,15,28,0
12211,61,15,28,0
12212,61,15,28,0
12213,61,15,28,0
12214,61,15,28,0
12215,61,15,28,0
12216,61,15,28,0
12217,61,15,28,0
12218,61,15,28,0
12219,61,15,28,0
12220,61,15,28,0
12221,61,15,28,0
12222,61,15,28,0
12223,61,15,28,0
12224,61,15,28,0
12225,61,15,28,0
12226,61,15,28,0
12227,61,15,28,0
12228,61,15,28,0
12229,61,15,28,0
12230,61,15,28,0
12231,61,15,28,0
12232,61,15,28,0
12233,61,15,28,0
12234,61,15,28,0
12235,61,15,28,0
12236,61,15,28,0
12237,61,15,28,0
12238,61,15,28,0
12239,61,15,28,0
12240,61,15,28,0
12241,61,15,28,0
12242,61,15,28,0
12243,61,15,28,0
12244,61,15,28,0
12245,61,15,28,0
12246,61,15,28,0
12247,61,15,28,0
12248,61,15,28,0
12249,61,15,28,0
12250,61,15,28,0
12251,61,15,28,0
12252,61,15,28,0
12253,61,15,28,0
12254,61,15,28,0
12255,61,15,28,0
12256,61,15,28,0
12257,61,15,28,0
12258,61,15,28,0
12259,61,15,28,0
12260,61,15,28,0
12261,61,15,28,0
12262,61,15,28,0
12263,61,15,28,0
12264,61,15,28,0
12265,61,15,28,0
12266,61,15,28,0
12267,61,15,28,0
12268,61,15,28,0
12269,61,15,28,0
12270,61,15,28,0
12271,61,15,28,0
12272,61,15,28,0
12273,61,15,28,0
12274,61,15,28,0
12275,61,15,28,0
12276,61,15,28,0
12277,61,15,28,0
12278,61,15,28,0
12279,61,15,28,0
12280,61,15,28,0
12281,61,15,28,0
12282,61,15,28,0
12283,61,15,28,0
12284,61,15,28,0
12285,61,15,28,0
12286,61,15,28,0
12287,61,15,28,0
12288,61,15,28,0
12289,61,15,28,0
12290,61,15,28,0
12291,61,15,28,0
12292,61,15,28,0
12293,61,15,28,0
12294,61,15,28,0
12295,61,15,28,0
12296,61,15,28,0
12297,61,15,28,0
12298,61,15,28,0
12299,61,15,28,0
12300,61,15,28,0
12301,61,15,28,0
12302,61,15,28,0
12303,61,15,28,0
12304,61,15,28,0
12305,61,15,28,0
12306,61,15,28,0
12307,61,15,28,0
12308,61,15,28,0
12309,61,15,28,0
12310,61,15,28,0
12311,61,15,28,0
12312,61,15,28,0
12313,61,15,28,0
12314,61,15,28,0
12315,61,15,28,0
12316,61,15,28,0
12317,61,15,28,0
12318,61,15,28,0
12319,61,15,28,0
12320,61,15,28,0
12321,61,15,28,0
12322,61,15,28,0
12323,61,15,28,0
12324,61,15,28,0
12325,63,15,29,0
12326,63,15,29,0
12327,63,15,29,0
12328,63,15,29,0
12329,63,15,29,0
12330,63,15,29,0
12331,63,15,29,0
12332,63,15,29,0
12333,63,15,29,0
12334,63,15,29,0
12335,63,15,29,0
12336,63,15,29,0
12337,63,15,29,0
12338,63,15,29,0
12339,63,15,29,0
12340,63,15,29,0
12341,63,15,29,0
12342,63,15,29,0
12343,63,15,29,0
12344,63,15,29,0
12345,63,15,29,0
12346,63,15,29,0
12347,63,15,29,0
12348,63,15,29,0
12349,63,15,29,0
12350,63,15,29,0
12351,63,15,29,0
12352,63,15,29,0
12353,63,15,29,0
12354,63,15,29,0
12355,63,15,29,0
12356,63,15,29,0
12357,63,15,29,0
12358,63,15,29,0
12359,63,15,29,0
12360,63,15,29,0
12361,63,15,29,0
12362,63,15,29,0
12363,63,15,29,0
12364,63,15,29,0
12365,63,15,29,0
12366,63,15,29,0
12367,63,15,29,0
12368,63,15,29,0
12369,63,15,29,0
12370,63,15,29,0
12371,63,15,29,0
12372,63,15,29,0
12373,63,15,29,0
12374,63,15,29,0
12375,63,15,29,0
12376,63,15,29,0
12377,63,15,29,0
12378,63,15,29,0
12379,63,15,29,0
12380,63,15,29,0
12381,63,15,29,0
12382,63,15,29,0
12383,63,15,29,0
12384,63,15,29,0
12385,63,15,29,0
12386,63,15,29,0
12387,63,15,29,0
12388,63,15,29,0
12389,63,15,29,0
12390,63,15,29,0
12391,63,15,29,0
12392,63,15,29,0
12393,63,15,29,0
12394,63,15,29,0
12395,63,15,29,0
12396,63,15,29,0
12397,63,15,29,0
12398,63,15,29,0
12399,63,15,29,0
12400,63,15,29,0
12401,63,15,29,0
12402,63,15,29,0
12403,63,15,29,0
12404,63,15,29,0
12405,63,15,29,0
12406,63,15,29,0
12407,63,15,29,0
12408,63,15,29,0
12409,63,15,29,0
12410,63,15,29,0
12411,63,15,29,0
12412,63,15,29,0
12413,63,15,29,0
12414,63,15,29,0
12415,63,15,29,0
12416,63,15,29,0
12417,63,15,29,0
12418,63,15,29,0
12419,63,15,29,0
12420,63,15,29,0
12421,63,15,29,0
12422,63,15,29,0
12423,63,15,29,0
12424,63,15,29,0
12425,63,15,29,0
12426,63,15,29,0
12427,63,15,29,0
12428,63,15,29,0
12429,63,15,29,0
12430,63,15,29,0
12431,63,15,29,0
12432,63,15,29,0
12433,63,15,29,0
12434,63,15,29,0
12435,63,15,29,0
12436,63,15,29,0
12437,63,15,29,0
12438,63,15,29,0
12439,63,15,29,0
12440,63,15,29,0
12441,63,15,29,0
12442,63,15,29,0
12443,63,15,29,0
12444,63,15,29,0
12445,63,15,29,0
12446,63,15,29,0
12447,63,15,29,0
12448,63,15,29,0
12449,63,15,29,0
12450,63,15,29,0
12451,63,15,29,0
12452,63,15,29,0
12453,63,15,29,0
12454,63,15,29,0
12455,63,15,29,0
12456,63,15,29,0
12457,63,15,29,0
12458,63,15,29,0
12459,63,15,29,0
12460,63,15,29,0
12461,63,15,29,0
12462,63,15,29,0
12463,63,15,29,0
12464,63,15,29,0
12465,63,15,29,0
12466,63,15,29,0
12467,63,15,29,0
12468,63,15,29,0
12469,63,15,29,0
12470,63,15,29,0
12471,63,15,29,0
12472,63,15,29,0
12473,63,15,29,0
12474,63,15,29,0
12475,63,15,29,0
12476,63,15,29,0
12477,63,15,29,0
12478,63,15,29,0
12479,63,15,29,0
12480,63,15,29,0
12481,63,15,29,0
12482,63,15,29,0
12483,63,15,29,0
12484,63,15,29,0
12485,63,15,29,0
12486,63,15,29,0
12487,63,15,29,0
12488,63,15,29,0
12489,63,15,29,0
12490,63,15,29,0
12491,63,15,29,0
12492,63,15,29,0
12493,63,15,29,0
12494,63,15,29,0
12495,63,15,29,0
12496,63,15,29,0
12497,63,15,29,0
12498,63,15,29,0
12499,63,15,29,0
12500,63,15,29,0
12501,63,15,29,0
12502,63,15,29,0
12503,63,15,29,0
12504,63,15,29,0
12505,63,15,29,0
12506,63,15,29,0
12507,63,15,29,0
12508,63,15,29,0
12509,63,15,29,0
12510,63,15,29,0
12511,63,15,29,0
12512,63,15,29,0
12513,63,15,29,0
12514,63,15,29,0
12515,63,15,29,0
12516,63,15,29,0
12517,63,15,29,0
12518,63,15,29,0
12519,63,15,29,0
12520,63,15,29,0
12521,63,15,29,0
12522,63,15,29,0
12523,63,15,29,0
12524,63,15,29,0
12525,63,15,29,0
12526,63,15,29,0
12527,63,15,29,0
12528,63,15,29,0
12529,63,15,29,0
12530,63,15,29,0
12531,63,15,29,0
12532,63,15,29,0
12533,63,15,29,0
12534,63,15,29,0
12535,63,15,29,0
12536,63,15,29,0
12537,63,15,29,0
12538,63,15,29,0
12539,63,15,29,0
12540,63,15,29,0
12541,63,15,29,0
12542,63,15,29,0
12543,63,15,29,0
12544,63,15,29,0
12545,63,15,29,0
12546,63,15,29,0
12547,63,15,29,0
12548,63,15,29,0
12549,63,15,29,0
12550,63,15,29,0
12551,63,15,29,0
12552,63,15,29,0
12553,63,15,29,0
12554,63,15,29,0
12555,63,15,29,0
12556,63,15,29,0
12557,63,15,29,0
12558,63,15,29,0
12559,64,15,30,1
12560,64,15,30,1
12561,64,15,30,1
12562,64,15,30,1
12563,64,15,30,1
12564,64,15,30,1
12565,64,15,30,1
12566,64,15,30,1
12567,64,15,30,1
12568,64,15,30,1
12569,64,15,30,1
12570,64,15,30,1
12571,64,15,30,1
12572,64,15,30,1
12573,64,15,30,1
12574,64,15,30,1
12575,64,15,30,1
12576,64,15,30,1
12577,64,15,30,1
12578,64,15,30,1
12579,64,15,30,1
12580,64,15,30,1
12581,64,15,30,1
12582,64,15,30,1
12583,64,15,30,1
12584,64,15,30,1
12585,64,15,30,1
12586,64,15,30,1
12587,64,15,30,1
12588,64,15,30,1
12589,64,15,30,1
12590,64,15,30,1
12591,64,15,30,1
12592,64,15,30,1
12593,64,15,30,1
12594,64,15,30,1
12595,64,15,30,1
12596,64,15,30,1
12597,64,15,30,1
12598,64,15,30,1
12599,64,15,30,1
12600,64,15,30,1
12601,64,15,30,1
12602,64,15,30,1
12603,64,15,30,1
12604,64,15,30,1
12605,64,15,30,1
12606,64,15,30,1
12607,64,15,30,1
12608,64,15,30,1
12609,64,15,30,1
12610,64,15,30,1
12611,64,15,30,1
12612,64,15,30,1
12613,64,15,30,1
12614,64,15,30,1
12615,64,15,30,1
12616,64,15,30,1
12617,64,15,30,1
12618,64,15,30,1
12619,64,15,30,1
12620,64,15,30,1
12621,64,15,30,1
12622,64,15,30,1
12623,64,15,30,1
12624,64,15,30,1
12625,64,15,30,1
12626,64,15,30,1
12627,64,15,30,1
12628,64,15,30,1
12629,64,15,30,1
12630,64,15,30,1
12631,64,15,30,1
12632,64,15,30,1
12633,64,15,30,1
12634,64,15,30,1
12635,64,15,30,1
12636,64,15,30,1
12637,64,15,30,1
12638,64,15,30,1
12639,64,15,30,1
12640,64,15,30,1
12641,64,15,30,1
12642,64,15,30,1
12643,64,15,30,1
12644,64,15,30,1
12645,64,15,30,1
12646,64,15,30,1
12647,64,15,30,1
12648,64,15,30,1
12649,64,15,30,1
12650,64,15,30,1
12651,64,15,30,1
12652,64,15,30,1
12653,64,15,30,1
12654,64,15,30,1
12655,64,15,30,1
12656,64,15,30,2
12657,64,15,30,2
12658,64,15,30,2
12659,64,15,30,2
12660,64,15,30,2
12661,64,15,30,2
12662,64,15,30,2
12663,64,15,30,2
12664,64,15,30,2
12665,64,15,30,2
12666,64,15,30,2
12667,64,15,30,2
12668,64,15,30,2
12669,64,15,30,2
12670,64,15,30,2
12671,64,15,30,2
12672,64,15,30,2
12673,64,15,30,2
12674,64,15,30,2
12675,64,15,30,2
12676,64,15,30,2
12677,64,15,30,2
12678,64,15,30,2
12679,64,15,30,2
12680,64,15,30,2
12681,64,15,30,2
12682,64,15,30,2
12683,64,15,30,2
12684,64,15,30,2
12685,64,15,30,2
12686,64,15,30,2
12687,64,15,30,2
12688,64,15,30,2
12689,64,15,30,2
12690,64,15,30,2
12691,64,15,30,2
12692,64,15,30,2
12693,64,15,30,2
12694,64,15,30,2
12695,64,15,30,2
12696,64,15,30,2
12697,64,15,30,2
12698,64,15,30,2
12699,64,15,30,2
12700,64,15,30,2
12701,64,15,30,2
12702,64,15,30,2
12703,64,15,30,2
12704,64,15,30,2
12705,64,15,30,2
12706,64,15,30,2
12707,64,15,30,2
12708,64,15,30,2
12709,64,15,30,2
12710,64,15,30,2
12711,64,15,30,2
12712,64,15,30,2
12713,64,15,30,2
12714,64,15,30,2
12715,64,15,30,2
12716,64,15,30,2
12717,64,15,30,2
12718,64,15,30,2
12719,64,15,30,2
12720,64,15,30,2
12721,64,15,30,2
12722,64,15,30,2
12723,64,15,30,2
12724,64,15,30,2
12725,64,15,30,2
12726,64,15,30,2
12727,64,15,30,2
12728,64,15,30,2
12729,64,15,30,2
12730,64,15,30,2
12731,64,15,30,2
12732,64,15,30,2
12733,64,15,30,2
12734,64,15,30,2
12735,64,15,30,2
12736,64,15,30,2
12737,64,15,30,2
12738,64,15,30,2
12739,64,15,30,2
12740,64,15,30,2
12741,64,15,30,2
12742,64,15,30,2
12743,64,15,30,2
12744,64,15,30,3
12745,64,15,30,3
12746,64,15,30,3
12747,64,15,30,3
12748,64,15,30,3
12749,64,15,30,3
12750,64,15,30,3
12751,64,15,30,3
12752,64,15,30,3
12753,64,15,30,3
12754,64,15,30,3
12755,64,15,30,3
12756,64,15,30,3
12757,64,15,30,3
12758,64,15,30,3
12759,64,15,30,3
12760,64,15,30,3
12761,64,15,30,3
12762,64,15,30,3
12763,64,15,30,3
12764,64,15,30,3
12765,64,15,30,3
12766,64,15,30,3
12767,64,15,30,3
12768,64,15,30,3
12769,64,15,30,3
12770,64,15,30,3
12771,64,15,30,3
12772,64,15,30,3
12773,64,15,30,3
12774,64,15,30,3
12775,64,15,30,3
12776,64,15,30,3
12777,64,15,30,3
12778,64,15,30,3
12779,64,15,30,3
12780,64,15,30,3
12781,64,15,30,3
12782,64,15,30,3
12783,64,15,30,3
12784,64,15,30,3
12785,64,15,30,3
12786,64,15,30,3
12787,64,15,30,3
12788,64,15,30,3
12789,64,15,30,3
12790,64,15,30,3
12791,64,15,30,3
12792,64,15,30,3
12793,64,15,30,3
12794,64,15,30,3
12795,64,15,30,3
12796,64,15,30,3
12797,64,15,30,3
12798,64,15,30,3
12799,64,15,30,3
12800,64,15,30,3
12801,64,15,30,3
12802,64,15,30,3
12803,64,15,30,3
12804,64,15,30,3
12805,64,15,30,3
12806,64,15,30,3
12807,64,15,30,3
12808,64,15,30,3
12809,64,15,30,3
12810,64,15,30,3
12811,64,15,30,3
12812,64,15,30,3
12813,64,15,30,3
12814,64,15,30,3
12815,64,15,30,3
12816,64,15,30,3
12817,64,15,30,3
12818,64,15,30,3
12819,64,15,30,3
12820,64,15,30,3
12821,64,15,30,3
12822,64,15,30,3
12823,64,15,30,3
12824,64,15,30,3
12825,64,15,30,3
12826,64,15,30,3
12827,64,15,30,3
12828,64,15,30,3
12829,64,15,30,3
12830,64,15,30,3
12831,64,15,30,3
12832,64,15,30,3
12833,64,15,30,3
12834,64,15,30,3
12835,64,15,30,3
12836,64,15,30,3
12837,64,15,30,3
12838,64,15,30,3
12839,64,15,30,3
12840,64,15,30,3
12841,64,15,30,3
12842,64,15,30,3
12843,64,15,30,3
12844,64,15,30,3
12845,64,15,30,3
12846,64,15,30,3
12847,64,15,30,3
12848,64,15,30,3
12849,64,15,30,3
12850,64,15,30,3
12851,64,15,30,3
12852,64,15,30,3
12853,64,15,30,3
12854,64,15,30,3
12855,64,15,30,3
12856,64,15,30,3
12857,64,15,30,3
12858,64,15,30,3
12859,64,15,30,3
12860,64,15,30,3
12861,64,15,30,3
12862,64,15,30,3
12863,64,15,30,3
12864,64,15,30,3
12865,64,15,30,3
12866,64,15,30,3
12867,64,15,30,3
12868,64,15,30,3
12869,64,15,30,3
12870,64,15,30,3
12871,64,15,30,3
12872,64,15,30,3
12873,64,15,30,3
12874,64,15,30,3
12875,64,15,30,3
12876,64,15,30,3
12877,64,15,30,3
12878,64,15,30,3
12879,64,15,30,3
12880,64,15,30,3
12881,64,15,30,3
12882,64,15,30,3
12883,64,15,30,3
12884,64,15,30,3
12885,64,15,30,3
12886,64,15,30,3
12887,64,15,30,3
12888,64,15,30,3
12889,64,15,30,3
12890,64,15,30,3
12891,64,15,30,3
12892,64,15,30,3
12893,64,15,30,3
12894,64,15,30,3
12895,64,15,30,3
12896,64,15,30,3
12897,64,15,30,3
12898,64,15,30,3
12899,64,15,30,3
12900,64,15,30,3
12901,64,15,30,3
12902,64,15,30,3
12903,64,15,30,3
12904,64,15,30,3
12905,64,15,30,3
12906,64,15,30,3
12907,64,15,30,3
12908,64,15,30,3
12909,64,15,30,3
12910,64,15,30,3
12911,64,15,30,3
12912,64,15,30,3
12913,64,15,30,3
12914,64,15,30,3
12915,64,15,30,3
12916,64,15,30,3
12917,64,15,30,3
12918,64,15,30,3
12919,64,15,30,3
12920,64,15,30,3
12921,64,15,30,3
12922,64,15,30,3
12923,64,15,30,3
12924,64,15,30,3
12925,64,15,30,3
12926,64,15,30,3
12927,64,15,30,3
12928,64,15,30,3
12929,64,15,30,3
12930,64,15,30,3
12931,64,15,30,3
12932,64,15,30,3
12933,64,15,30,3
12934,64,15,30,3
12935,64,15,30,3
12936,64,15,30,3
12937,64,15,30,3
12938,64,15,30,3
12939,64,15,30,3
12940,64,15,30,3
12941,64,15,30,3
12942,64,15,30,4
12943,64,15,30,4
12944,64,15,30,4
12945,64,15,30,4
12946,64,15,30,4
12947,64,15,30,4
12948,64,15,30,4
12949,64,15,30,4
12950,64,15,30,4
12951,64,15,30,4
12952,64,15,30,4
12953,64,15,30,4
12954,64,15,30,4
12955,64,15,30,4
12956,64,15,30,4
12957,64,15,30,4
12958,64,15,30,4
12959,64,15,30,4
12960,64,15,30,4
12961,64,15,30,4
12962,64,15,30,4
12963,64,15,30,4
12964,64,15,30,4
12965,64,15,30,4
12966,64,15,30,4
12967,64,15,30,4
12968,64,15,30,4
12969,64,15,30,4
12970,64,15,30,4
12971,64,15,30,4
12972,64,15,30,4
12973,64,15,30,4
12974,64,15,30,4
12975,64,15,30,4
12976,64,15,30,4
12977,64,15,30,4
12978,64,15,30,4
12979,64,15,30,4
12980,64,15,30,4
12981,64,15,30,4
12982,64,15,30,4
12983,64,15,30,4
12984,64,15,30,4
12985,64,15,30,4
12986,64,15,30,4
12987,64,15,30,4
12988,64,15,30,4
12989,64,15,30,4
12990,64,15,30,4
12991,64,15,30,4
12992,64,15,30,4
12993,64,15,30,4
12994,64,15,30,4
12995,64,15,30,4
12996,64,15,30,4
12997,64,15,30,4
12998,64,15,30,4
12999,64,15,30,4
13000,64,15,30,4
13001,64,15,30,4
13002,64,15,30,4
13003,64,15,30,4
13004,64,15,30,4
13005,64,15,30,4
13006,64,15,30,4
13007,64,15,30,4
13008,64,15,30,4
13009,64,15,30,4
13010,64,15,30,4
13011,64,15,30,4
13012,64,15,30,4
13013,64,15,30,4
13014,64,15,30,4
13015,64,15,30,4
13016,64,15,30,4
13017,64,15,30,4
13018,64,15,30,4
13019,64,15,30,4
13020,64,15,30,4
13021,64,15,30,4
13022,64,15,30,4
13023,64,15,30,4
13024,64,15,30,4
13025,64,15,30,4
13026,64,15,30,4
13027,64,15,30,4
13028,64,15,30,4
13029,64,15,30,4
13030,64,15,30,4
13031,64,15,30,4
13032,64,15,30,4
13033,64,15,30,4
13034,64,15,30,4
13035,64,15,30,4
13036,64,15,30,4
13037,64,15,30,4
13038,64,15,30,4
13039,64,15,30,4
13040,64,15,30,4
13041,64,15,30,4
13042,64,15,30,4
13043,64,15,30,4
13044,64,15,30,4
13045,64,15,30,4
13046,64,15,30,4
13047,64,15,30,4
13048,64,15,30,4
13049,64,15,30,4
13050,64,15,30,4
13051,64,15,30,4
13052,64,15,30,4
13053,64,15,30,4
13054,64,15,30,4
13055,64,15,30,4
13056,64,15,30,4
13057,64,15,30,4
13058,64,15,30,4
13059,64,15,30,4
13060,64,15,30,4
13061,64,15,30,4
13062,64,15,30,4
13063,64,15,30,4
13064,64,15,30,4
13065,64,15,30,4
13066,64,15,30,4
13067,64,15,30,4
13068,64,15,30,4
13069,64,15,30,4
13070,64,15,30,4
13071,64,15,30,4
13072,64,15,30,4
13073,64,15,30,4
13074,64,15,30,4
13075,64,15,30,4
13076,64,15,30,4
13077,64,15,30,4
13078,64,15,30,4
13079,64,15,30,4
13080,64,15,30,4
13081,64,15,30,4
13082,64,15,30,4
13083,64,15,30,4
13084,64,15,30,4
13085,64,15,30,4
13086,64,15,30,4
13087,64,15,30,4
13088,64,15,30,4
13089,64,15,30,4
13090,64,15,30,4
13091,64,15,30,4
13092,64,15,30,4
13093,64,15,30,4
13094,64,15,30,4
13095,64,15,30,4
13096,64,15,30,4
13097,64,15,30,4
13098,64,15,30,4
13099,64,15,30,4
13100,64,15,30,4
13101,64,15,30,4
13102,64,15,30,4
13103,64,15,30,4
13104,64,15,30,4
13105,64,15,30,4
13106,64,15,30,4
13107,64,15,30,4
13108,64,15,30,4
13109,64,15,30,4
13110,64,15,30,4
13111,64,15,30,4
13112,64,15,30,4
13113,64,15,30,4
13114,64,15,30,4
13115,64,15,30,4
13116,64,15,30,4
13117,64,15,30,4
13118,64,15,30,4
13119,64,15,30,4
13120,64,15,30,4
13121,64,15,30,4
13122,64,15,30,4
13123,64,15,30,4
13124,64,15,30,4
13125,64,15,30,4
13126,64,15,30,4
13127,64,15,30,4
13128,64,15,30,4
13129,64,15,30,4
13130,64,15,30,4
13131,64,15,30,4
13132,64,15,30,4
13133,64,15,30,4
13134,64,15,30,4
13135,64,15,30,4
13136,64,15,30,4
13137,64,15,30,4
13138,64,15,30,4
13139,64,15,30,4
13140,64,15,30,4
13141,64,15,30,4
13142,64,15,30,4
13143,64,15,30,4
13144,64,15,30,4
13145,64,15,30,4
13146,64,15,30,4
13147,64,15,30,4
13148,64,15,30,4
13149,64,15,30,4
13150,64,15,30,4
13151,64,15,30,4
13152,64,15,30,4
13153,64,15,30,4
13154,64,15,30,4
13155,64,15,30,4
13156,64,15,30,4
13157,64,15,30,4
13158,64,15,30,4
13159,64,15,30,4
13160,64,15,30,4
13161,64,15,30,4
13162,64,15,30,4
13163,64,15,30,5
13164,64,15,30,5
13165,64,15,30,5
13166,64,15,30,5
13167,64,15,30,5
13168,64,15,30,5
13169,64,15,30,5
13170,64,15,30,5
13171,64,15,30,5
13172,64,15,30,5
13173,64,15,30,5
13174,64,15,30,5
13175,64,15,30,5
13176,64,15,30,5
13177,64,15,30,5
13178,64,15,30,5
13179,64,15,30,5
13180,64,15,30,5
13181,64,15,30,5
13182,64,15,30,5
13183,64,15,30,5
13184,64,15,30,5
13185,64,15,30,5
13186,64,15,30,5
13187,64,15,30,5
13188,64,15,30,5
13189,64,15,30,5
13190,64,15,30,5
13191,64,15,30,5
13192,64,15,30,5
13193,64,15,30,5
13194,64,15,30,5
13195,64,15,30,5
13196,64,15,30,5
13197,64,15,30,5
13198,64,15,30,5
13199,64,15,30,5
13200,64,15,30,5
13201,64,15,30,5
13202,64,15,30,5
13203,64,15,30,5
13204,64,15,30,5
13205,64,15,30,5
13206,64,15,30,5
13207,64,15,30,5
13208,64,15,30,5
13209,64,15,30,5
13210,64,15,30,5
13211,64,15,30,5
13212,64,15,30,5
13213,64,15,30,5
13214,64,15,30,5
13215,64,15,30,5
13216,64,15,30,5
13217,64,15,30,5
13218,64,15,30,5
13219,64,15,30,5
13220,64,15,30,5
13221,64,15,30,5
13222,64,15,30,5
13223,64,15,30,5
13224,64,15,30,5
13225,64,15,30,5
13226,64,15,30,5
13227,64,15,30,5
13228,64,15,30,5
13229,64,15,30,5
13230,64,15,30,5
13231,64,15,30,5
13232,64,15,30,5
13233,64,15,30,5
13234,64,15,30,5
13235,64,15,30,5
13236,64,15,30,5
13237,64,15,30,5
13238,64,15,30,5
13239,64,15,30,5
13240,64,15,30,5
13241,64,15,30,5
13242,64,15,30,5
13243,64,15,30,5
13244,64,15,30,5
13245,64,15,30,5
13246,64,15,30,5
13247,64,15,30,5
13248,64,15,30,5
13249,64,15,30,5
13250,64,15,30,5
13251,64,15,30,5
13252,64,15,30,5
13253,64,15,30,5
13254,64,15,30,5
13255,64,15,30,5
13256,64,15,30,5
13257,64,15,30,5
13258,64,15,30,5
13259,64,15,30,5
13260,64,15,30,5
13261,64,15,30,5
13262,64,15,30,5
13263,64,15,30,5
13264,64,15,30,5
13265,64,15,30,5
13266,64,15,30,5
13267,64,15,30,5
13268,64,15,30,5
13269,64,15,30,5
13270,64,15,30,5
13271,64,15,30,5
13272,64,15,30,5
13273,64,15,30,5
13274,64,15,30,5
13275,64,15,30,5
13276,64,15,30,5
13277,64,15,30,5
13278,64,15,30,5
13279,64,15,30,5
13280,64,15,30,5
13281,64,15,30,5
13282,64,15,30,5
13283,64,15,30,5
13284,64,15,30,5
13285,64,15,30,5
13286,64,15,30,5
13287,64,15,30,5
13288,64,15,30,5
13289,64,15,30,5
13290,64,15,30,5
13291,64,15,30,5
13292,64,15,30,5
13293,64,15,30,5
13294,64,15,30,5
13295,64,15,30,5
13296,64,15,30,5
13297,64,15,30,5
13298,64,15,30,5
13299,64,15,30,5
13300,64,15,30,5
13301,64,15,30,5
13302,64,15,30,5
13303,64,15,30,5
13304,64,15,30,5
13305,64,15,30,5
13306,64,15,30,5
13307,64,15,30,5
13308,64,15,30,5
13309,64,15,30,5
13310,64,15,30,5
13311,64,15,30,5
13312,64,15,30,5
13313,64,15,30,5
13314,64,15,30,5
13315,64,15,30,5
13316,64,15,30,5
13317,64,15,30,5
13318,64,15,30,5
13319,64,15,30,5
13320,64,15,30,5
13321,64,15,30,5
13322,64,15,30,5
13323,64,15,30,5
13324,64,15,30,5
13325,64,15,30,5
13326,64,15,30,5
13327,64,15,30,5
13328,64,15,30,5
13329,64,15,30,5
13330,64,15,30,5
13331,64,15,30,5
13332,64,15,30,5
13333,64,15,30,5
13334,64,15,30,5
13335,64,15,30,5
13336,64,15,30,5
13337,64,15,30,5
13338,64,15,30,5
13339,64,15,30,5
13340,64,15,30,5
13341,64,15,30,5
13342,64,15,30,5
13343,64,15,30,5
13344,64,15,30,5
13345,64,15,30,5
13346,64,15,30,6
13347,64,15,30,6
13348,64,15,30,6
13349,64,15,30,6
13350,64,15,30,6
13351,64,15,30,6
13352,64,15,30,6
13353,64,15,30,6
13354,64,15,30,6
13355,64,15,30,6
13356,64,15,30,6
13357,64,15,30,6
13358,64,15,30,6
13359,64,15,30,6
13360,64,15,30,6
13361,64,15,30,6
13362,64,15,30,6
13363,64,15,30,6
13364,64,15,30,6
13365,64,15,30,6
13366,64,15,30,6
13367,64,15,30,6
13368,64,15,30,6
13369,64,15,30,6
13370,64,15,30,6
13371,64,15,30,6
13372,64,15,30,6
13373,64,15,30,6
13374,64,15,30,6
13375,64,15,30,6
13376,64,15,30,6
13377,64,15,30,6
13378,64,15,30,7
13379,64,15,30,7
13380,64,15,30,7
13381,64,15,30,7
13382,64,15,30,7
13383,64,15,30,7
13384,64,15,30,7
13385,64,15,30,7
13386,64,15,30,7
13387,64,15,30,7
13388,64,15,30,7
13389,64,15,30,7
13390,64,15,30,7
13391,64,15,30,7
13392,64,15,30,7
13393,64,15,30,7
13394,64,15,30,7
13395,64,15,30,7
13396,64,15,30,7
13397,64,15,30,7
13398,64,15,30,7
13399,64,15,30,7
13400,64,15,30,7
13401,64,15,30,7
13402,64,15,30,7
13403,64,15,30,7
13404,64,15,30,7
13405,64,15,30,7
13406,64,15,30,7
13407,64,15,30,7
13408,64,15,30,7
13409,64,15,30,7
13410,64,15,30,7
13411,64,15,30,7
13412,64,15,30,7
13413,64,15,30,7
13414,64,15,30,7
13415,64,15,30,7
13416,64,15,30,7
13417,64,15,30,7
13418,64,15,30,7
13419,64,15,30,7
13420,64,15,30,7
13421,64,15,30,7
13422,64,15,30,7
13423,64,15,30,7
13424,64,15,30,7
13425,64,15,30,7
13426,64,15,30,7
13427,64,15,30,7
13428,64,15,30,7
13429,64,15,30,7
13430,64,15,30,7
13431,64,15,30,7
13432,64,15,30,7
13433,64,15,30,7
13434,64,15,30,7
13435,64,15,30,7
13436,64,15,30,7
13437,64,15,30,7
13438,64,15,30,7
13439,64,15,30,7
13440,64,15,30,7
13441,64,15,30,7
13442,64,15,30,7
13443,64,15,30,7
13444,64,15,30,7
13445,64,15,30,7
13446,64,15,30,7
13447,64,15,30,7
13448,64,15,30,7
13449,64,15,30,7
13450,64,15,30,7
13451,64,15,30,7
13452,64,15,30,7
13453,64,15,30,7
13454,64,15,30,7
13455,64,15,30,7
13456,64,15,30,7
13457,64,15,30,7
13458,64,15,30,7
13459,64,15,30,7
13460,64,15,30,7
13461,64,15,30,7
13462,64,15,30,7
13463,64,15,30,7
13464,64,15,30,7
13465,64,15,30,7
13466,64,15,30,7
13467,64,15,30,7
13468,64,15,30,7
13469,64,15,30,7
13470,64,15,30,7
13471,64,15,30,7
13472,64,15,30,7
13473,64,15,30,7
13474,64,15,30,7
13475,64,15,30,7
13476,64,15,30,7
13477,64,15,30,7
13478,64,15,30,7
13479,64,15,30,7
13480,64,15,30,7
13481,64,15,30,7
13482,64,15,30,7
13483,64,15,30,7
13484,64,15,30,7
13485,64,15,30,7
13486,64,15,30,7
13487,64,15,30,7
13488,64,15,30,7
13489,64,15,30,7
13490,64,15,30,7
13491,64,15,30,7
13492,64,15,30,7
13493,64,15,30,7
13494,64,15,30,7
13495,64,15,30,7
13496,64,15,30,7
13497,64,15,30,7
13498,64,15,30,7
13499,64,15,30,7
13500,64,15,30,7
13501,64,15,30,7
13502,64,15,30,7
13503,64,15,30,7
13504,64,15,30,7
13505,64,15,30,7
13506,64,15,30,7
13507,64,15,30,7
13508,64,15,30,7
13509,64,15,30,7
13510,64,15,30,7
13511,64,15,30,7
13512,64,15,30,7
13513,64,15,30,7
13514,64,15,30,7
13515,64,15,30,7
13516,64,15,30,7
13517,64,15,30,7
13518,64,15,30,7
13519,64,15,30,7
13520,64,15,30,7
13521,64,15,30,7
13522,64,15,30,7
13523,64,15,30,7
13524,64,15,30,7
13525,64,15,30,7
13526,64,15,30,7
13527,64,15,30,7
13528,64,15,30,7
13529,64,15,30,7
13530,64,15,30,7
13531,64,15,30,7
13532,64,15,30,7
13533,64,15,30,7
13534,64,15,30,7
13535,64,15,30,7
13536,64,15,30,7
13537,64,15,30,7
13538,64,15,30,7
13539,64,15,30,7
13540,64,15,30,7
13541,64,15,30,7
13542,64,15,30,7
13543,64,15,30,7
13544,64,15,30,7
13545,64,15,30,7
13546,64,15,30,7
13547,64,15,30,7
13548,64,15,30,7
13549,64,15,30,7
13550,64,15,30,7
13551,64,15,30,7
13552,64,15,30,7
13553,64,15,30,7
13554,64,15,30,7
13555,64,15,30,7
13556,64,15,30,7
13557,64,15,30,7
13558,64,15,30,7
13559,64,15,30,7
13560,64,15,30,7
13561,64,15,30,7
13562,64,15,30,7
13563,64,15,30,8
13564,64,15,30,8
13565,64,15,30,8
13566,64,15,30,8
13567,64,15,30,8
13568,64,15,30,8
13569,64,15,30,8
13570,64,15,30,8
13571,64,15,30,8
13572,64,15,30,9
13573,64,15,30,9
13574,64,15,30,9
13575,64,15,30,9
13576,64,15,30,9
13577,64,15,30,9
13578,64,15,30,9
13579,64,15,30,9
13580,64,15,30,9
13581,64,15,30,9
13582,64,15,30,9
13583,64,15,30,9
13584,64,15,30,9
13585,64,15,30,9
13586,64,15,30,9
13587,64,15,30,9
13588,64,15,30,9
13589,64,15,30,9
13590,64,15,30,9
13591,64,15,30,9
13592,64,15,30,9
13593,64,15,30,9
13594,64,15,30,9
13595,64,15,30,10
13596,64,15,30,10
13597,64,15,30,10
13598,64,15,30,10
13599,64,15,30,10
13600,64,15,30,10
13601,64,15,30,10
13602,64,15,30,10
13603,64,15,30,10
13604,64,15,30,10
13605,64,15,30,10
13606,64,15,30,10
13607,64,15,30,10
13608,64,15,30,10
13609,64,15,30,10
13610,64,15,30,10
13611,64,15,30,10
13612,64,15,30,10
13613,64,15,30,10
13614,64,15,30,10
13615,64,15,30,10
13616,64,15,30,10
13617,64,15,30,10
13618,64,15,30,10
13619,64,15,30,10
13620,64,15,30,10
13621,64,15,30,10
13622,64,15,30,10
13623,64,15,30,10
13624,64,15,30,10
13625,64,15,30,10
13626,64,15,30,10
13627,64,15,30,10
13628,64,15,30,10
13629,64,15,30,10
13630,64,15,30,10
13631,64,15,30,10
13632,64,15,30,10
13633,64,15,30,10
13634,64,15,30,10
13635,64,15,30,10
13636,64,15,30,10
13637,64,15,30,10
13638,64,15,30,10
13639,64,15,30,10
13640,64,15,30,10
13641,64,15,30,10
13642,64,15,30,10
13643,64,15,30,10
13644,64,15,30,10
13645,64,15,30,10
13646,64,15,30,10
13647,64,15,30,11
13648,64,15,30,11
13649,64,15,30,11
13650,64,15,30,11
13651,64,15,30,11
13652,64,15,30,11
13653,64,15,30,11
13654,64,15,30,11
13655,64,15,30,11
13656,64,15,30,11
13657,64,15,30,11
13658,64,15,30,11
13659,64,15,30,11
13660,64,15,30,11
13661,64,15,30,12
13662,64,15,30,12
13663,64,15,30,12
13664,64,15,30,12
13665,64,15,30,12
13666,64,15,30,12
13667,64,15,30,12
13668,64,15,30,13
13669,64,15,30,14
13670,64,15,30,14
13671,64,15,30,14
13672,64,15,30,14
13673,64,15,30,14
13674,64,15,30,14
13675,64,15,30,14
13676,64,15,30,14
13677,64,15,30,14
13678,64,15,30,14
13679,64,15,30,14
13680,64,15,30,14
13681,64,15,30,14
13682,64,15,30,14
13683,64,15,30,14
13684,64,15,30,14
13685,64,15,30,14
13686,64,15,30,14
13687,64,15,30,14
13688,64,15,30,14
13689,64,15,30,14
13690,64,15,30,14
13691,64,15,30,14
13692,64,15,30,14
13693,64,15,30,14
13694,64,15,30,14
13695,64,15,30,14
13696,64,15,30,14
13697,64,15,30,14
13698,64,15,30,14
13699,64,15,30,14
13700,64,15,30,14
13701,64,15,30,14
13702,64,15,30,14
13703,64,15,30,14
13704,64,15,30,14
13705,64,15,30,15
13706,64,15,30,15
13707,64,15,30,15
13708,64,15,30,15
13709,64,15,30,15
13710,64,15,30,15
13711,64,15,30,15
13712,64,15,30,15
13713,64,15,30,15
13714,64,15,30,15
13715,64,15,30,15
13716,64,15,30,15
13717,64,15,30,15
13718,64,15,30,15
13719,64,15,30,15
13720,64,15,30,15
13721,64,15,30,15
13722,64,15,30,15
13723,64,15,30,15
13724,64,15,30,15
13725,64,15,30,15
13726,64,15,30,15
13727,64,15,30,15
13728,64,15,30,15
13729,64,15,30,15
13730,64,15,30,15
13731,64,15,30,15
13732,64,15,30,15
13733,64,15,30,15
13734,64,15,30,15
13735,64,15,30,15
13736,64,15,30,15
13737,64,15,30,15
13738,64,15,30,15
13739,64,15,30,15
13740,64,15,30,15
13741,64,15,30,15
13742,64,15,30,15
13743,64,15,30,15
13744,64,15,30,15
13745,64,15,30,15
13746,64,15,30,15
13747,64,15,30,16
13748,64,15,30,16
13749,64,15,30,16
13750,64,15,30,16
13751,64,15,30,16
13752,64,15,30,16
13753,64,15,30,16
13754,64,15,30,16
13755,64,15,30,16
13756,64,15,30,16
13757,64,15,30,16
13758,64,15,30,16
13759,64,15,30,16
13760,64,15,30,16
13761,64,15,30,16
13762,64,15,30,16
13763,64,15,30,16
13764,64,15,30,16
13765,64,15,30,16
13766,64,15,30,16
13767,64,15,30,16
13768,64,15,30,16
13769,64,15,30,16
13770,64,15,30,16
13771,64,15,30,16
13772,64,15,30,16
13773,64,15,30,16
13774,64,15,30,16
13775,64,15,30,16
13776,64,15,30,16
13777,64,15,30,16
13778,64,15,30,16
13779,64,15,30,16
13780,64,15,30,16
13781,64,15,30,16
13782,64,15,30,16
13783,64,15,30,16
13784,64,15,30,16
13785,64,15,30,16
13786,64,15,30,16
13787,64,15,30,16
13788,64,15,30,17
13789,64,15,30,17
13790,64,15,30,17
13791,64,15,30,17
13792,64,15,30,17
13793,64,15,30,17
13794,64,15,30,17
13795,64,15,30,17
13796,64,15,30,17
13797,64,15,30,17
13798,64,15,30,17
13799,64,15,30,17
13800,64,15,30,17
13801,64,15,30,17
13802,64,15,30,17
13803,64,15,30,17
13804,64,15,30,17
13805,64,15,30,17
13806,64,15,30,17
13807,64,15,30,17
13808,64,15,30,17
13809,64,15,30,17
13810,64,15,30,17
13811,64,15,30,17
13812,64,15,30,17
13813,64,15,30,17
13814,64,15,30,17
13815,64,15,30,17
13816,64,15,30,17
13817,64,15,30,17
13818,64,15,30,17
13819,64,15,30,17
13820,64,15,30,17
13821,64,15,30,17
13822,64,15,30,17
13823,64,15,30,17
13824,64,15,30,17
13825,64,15,30,17
13826,64,15,30,17
13827,64,15,30,17
13828,64,15,30,17
13829,64,15,30,17
13830,64,15,30,17
13831,64,15,30,17
13832,64,15,30,17
13833,64,15,30,17
13834,64,15,30,17
13835,64,15,30,17
13836,64,15,30,17
13837,64,15,30,17
13838,64,15,30,17
13839,64,15,30,17
13840,64,15,30,17
13841,64,15,30,17
13842,64,15,30,17
13843,64,15,30,17
13844,64,15,30,17
13845,64,15,30,17
13846,64,15,30,17
13847,64,15,30,17
13848,64,15,30,17
13849,64,15,30,17
13850,64,15,30,17
13851,64,15,30,17
13852,64,15,30,17
13853,64,15,30,17
13854,64,15,30,17
13855,64,15,30,17
13856,64,15,30,17
13857,64,15,30,17
13858,64,15,30,17
13859,64,15,30,17
13860,64,15,30,17
13861,64,15,30,17
13862,64,15,30,17
13863,64,15,30,17
13864,64,15,30,17
13865,64,15,30,17
13866,64,15,30,17
13867,64,15,30,17
13868,64,15,30,17
13869,64,15,30,17
13870,64,15,30,17
13871,64,15,30,17
13872,64,15,30,17
13873,64,15,30,17
13874,64,15,30,17
13875,64,15,30,17
13876,64,15,30,17
13877,64,15,30,17
13878,64,15,30,17
13879,64,15,30,17
13880,64,15,30,17
13881,64,15,30,17
13882,64,15,30,17
13883,64,15,30,17
13884,64,15,30,17
13885,64,15,30,17
13886,64,15,30,17
13887,64,15,30,17
13888,64,15,30,17
13889,64,15,30,17
13890,64,15,30,17
13891,64,15,30,18
13892,64,15,30,18
13893,64,15,30,18
13894,64,15,30,18
13895,64,15,30,18
13896,64,15,30,18
13897,64,15,30,18
13898,64,15,30,18
13899,64,15,30,18
13900,64,15,30,18
13901,64,15,30,18
13902,64,15,30,18
13903,64,15,30,18
13904,64,15,30,18
13905,64,15,30,18
13906,64,15,30,18
13907,64,15,30,18
13908,64,15,30,18
13909,64,15,30,18
13910,64,15,30,18
13911,64,15,30,18
13912,64,15,30,18
13913,64,15,30,18
13914,64,15,30,18
13915,64,15,30,18
13916,64,15,30,18
13917,64,15,30,18
13918,64,15,30,18
13919,64,15,30,18
13920,64,15,30,18
13921,64,15,30,18
13922,64,15,30,18
13923,64,15,30,18
13924,64,15,30,18
13925,64,15,30,18
13926,64,15,30,18
13927,64,15,30,18
13928,64,15,30,18
13929,64,15,30,18
13930,64,15,30,18
13931,64,15,30,18
13932,64,15,30,18
13933,64,15,30,18
13934,64,15,30,18
13935,64,15,30,18
13936,64,15,30,18
13937,64,15,30,18
13938,64,15,30,18
13939,64,15,30,18
13940,64,15,30,18
13941,64,15,30,18
13942,64,15,30,18
13943,64,15,30,18
13944,64,15,30,18
13945,64,15,30,18
13946,64,15,30,18
13947,64,15,30,18
13948,64,15,30,18
13949,64,15,30,18
13950,64,15,30,18
13951,64,15,30,18
13952,64,15,30,18
13953,64,15,30,18
13954,64,15,30,18
13955,64,15,30,18
13956,64,15,30,18
13957,64,15,30,18
13958,64,15,30,18
13959,64,15,30,18
13960,64,15,30,18
13961,64,15,30,18
13962,64,15,30,18
13963,64,15,30,18
13964,64,15,30,18
13965,64,15,30,18
13966,64,15,30,18
13967,64,15,30,18
13968,64,15,30,18
13969,64,15,30,18
13970,64,15,30,18
13971,64,15,30,18
13972,64,15,30,18
13973,64,15,30,18
13974,64,15,30,18
13975,64,15,30,18
13976,64,15,30,18
13977,64,15,30,18
13978,64,15,30,18
13979,64,15,30,18
13980,64,15,30,18
13981,64,15,30,18
13982,64,15,30,18
13983,64,15,30,18
13984,64,15,30,18
13985,64,15,30,18
13986,64,15,30,18
13987,64,15,30,18
13988,64,15,30,18
13989,64,15,30,18
13990,64,15,30,18
13991,64,15,30,18
13992,64,15,30,18
13993,64,15,30,18
13994,64,15,30,18
13995,64,15,30,18
13996,64,15,30,18
13997,64,15,30,18
13998,64,15,30,18
13999,64,15,30,18
14000,64,15,30,18
14001,64,15,30,18
14002,64,15,30,18
14003,64,15,30,18
14004,64,15,30,18
14005,64,15,30,18
14006,64,15,30,18
14007,64,15,30,18
14008,64,15,30,18
14009,64,15,30,18
14010,64,15,30,18
14011,64,15,30,18
14012,64,15,30,18
14013,64,15,30,18
14014,64,15,30,18
14015,64,15,30,18
14016,64,15,30,18
14017,64,15,30,18
14018,64,15,30,18
14019,64,15,30,18
14020,64,15,30,18
14021,64,15,30,18
14022,64,15,30,18
14023,64,15,30,18
14024,64,15,30,18
14025,64,15,30,18
14026,64,15,30,18
14027,64,15,30,18
14028,64,15,30,18
14029,64,15,30,18
14030,64,15,30,18
14031,64,15,30,18
14032,64,15,30,18
14033,64,15,30,18
14034,64,15,30,18
14035,64,15,30,18
14036,64,15,30,18
14037,64,15,30,18
14038,64,15,30,18
14039,64,15,30,18
14040,64,15,30,18
14041,64,15,30,18
14042,64,15,30,18
14043,64,15,30,18
14044,64,15,30,18
14045,64,15,30,18
14046,64,15,30,18
14047,64,15,30,18
14048,64,15,30,18
14049,64,15,30,18
14050,64,15,30,18
14051,64,15,30,18
14052,64,15,30,18
14053,64,15,30,18
14054,64,15,30,18
14055,64,15,30,18
14056,64,15,30,18
14057,64,15,30,18
14058,64,15,30,18
14059,64,15,30,18
14060,64,15,30,18
14061,64,15,30,18
14062,64,15,30,18
14063,64,15,30,18
14064,64,15,30,18
14065,64,15,30,18
14066,64,15,30,18
14067,64,15,30,18
14068,64,15,30,18
14069,64,15,30,18
14070,64,15,30,18
14071,64,15,30,18
14072,64,15,30,18
14073,64,15,30,18
14074,64,15,30,18
14075,64,15,30,18
14076,64,15,30,18
14077,64,15,30,18
14078,64,15,30,18
14079,64,15,30,18
14080,64,15,30,18
14081,64,15,30,18
14082,64,15,30,18
14083,64,15,30,18
14084,64,15,30,18
14085,64,15,30,18
14086,64,15,30,18
14087,64,15,30,18
14088,64,15,30,18
14089,64,15,30,18
14090,64,15,30,18
14091,64,15,30,18
14092,64,15,30,18
14093,64,15,30,18
14094,64,15,30,18
14095,64,15,30,18
14096,64,15,30,18
14097,64,15,30,18
14098,64,15,30,18
14099,64,15,30,18
14100,64,15,30,18
14101,64,15,30,18
14102,64,15,30,18
14103,64,15,30,18
14104,64,15,30,18
14105,64,15,30,18
14106,64,15,30,18
14107,64,15,30,18
14108,64,15,30,18
14109,64,15,30,18
14110,64,15,30,18
14111,64,15,30,18
14112,64,15,30,18
14113,64,15,30,18
14114,64,15,30,18
14115,64,15,30,18
14116,64,15,30,18
14117,64,15,30,18
14118,64,15,30,18
14119,64,15,30,18
14120,64,15,30,18
14121,64,15,30,18
14122,64,15,30,18
14123,64,15,30,18
14124,64,15,30,18
14125,64,15,30,18
14126,64,15,30,18
14127,64,15,30,18
14128,64,15,30,18
14129,64,15,30,18
14130,64,15,30,18
14131,64,15,30,18
14132,64,15,30,18
14133,64,15,30,18
14134,64,15,30,18
14135,64,15,30,18
14136,64,15,30,18
14137,64,15,30,18
14138,64,15,30,18
14139,64,15,30,18
14140,64,15,30,18
14141,64,15,30,18
14142,64,15,30,18
14143,64,15,30,18
14144,64,15,30,18
14145,64,15,30,18
14146,64,15,30,18
14147,64,15,30,18
14148,64,15,30,18
14149,64,15,30,18
14150,64,15,30,18
14151,64,15,30,18
14152,64,15,30,18
14153,64,15,30,18
14154,64,15,30,18
14155,64,15,30,18
14156,64,15,30,18
14157,64,15,30,18
14158,64,15,30,18
14159,64,15,30,18
14160,64,15,30,18
14161,64,15,30,18
14162,64,15,30,18
14163,64,15,30,18
14164,64,15,30,18
14165,64,15,30,18
14166,64,15,30,18
14167,64,15,30,18
14168,64,15,30,18
14169,64,15,30,18
14170,64,15,30,18
14171,64,15,30,18
14172,64,15,30,18
14173,64,15,30,18
14174,64,15,30,18
14175,64,15,30,18
14176,64,15,30,18
14177,64,15,30,18
14178,64,15,30,18
14179,64,15,30,18
14180,64,15,30,18
14181,64,15,30,18
14182,64,15,30,18
14183,64,15,30,18
14184,64,15,30,18
14185,64,15,30,18
14186,64,15,30,18
14187,64,15,30,18
14188,64,15,30,18
14189,64,15,30,18
14190,64,15,30,18
14191,64,15,30,18
14192,64,15,30,18
14193,64,15,30,18
14194,64,15,30,18
14195,64,15,30,18
14196,64,15,30,18
14197,64,15,30,18
14198,64,15,30,18
14199,64,15,30,18
14200,64,15,30,18
14201,64,15,30,18
14202,64,15,30,18
14203,64,15,30,18
14204,64,15,30,18
14205,64,15,30,18
14206,64,15,30,18
14207,64,15,30,18
14208,64,15,30,18
14209,64,15,30,18
14210,64,15,30,18
14211,64,15,30,18
14212,64,15,30,18
14213,64,15,30,18
14214,64,15,30,18
14215,64,15,30,18
14216,64,15,30,18
14217,64,15,30,18
14218,64,15,30,18
14219,64,15,30,18
14220,64,15,30,18
14221,64,15,30,18
14222,64,15,30,18
14223,64,15,30,18
14224,64,15,30,18
14225,64,15,30,18
14226,64,15,30,18
14227,64,15,30,18
14228,64,15,30,18
14229,64,15,30,18
14230,64,15,30,18
14231,64,15,30,18
14232,64,15,30,18
14233,64,15,30,18
14234,64,15,30,18
14235,64,15,30,18
14236,64,15,30,19
14237,64,15,30,19
14238,64,15,30,19
14239,64,15,30,19
14240,64,15,30,19
14241,64,15,30,19
14242,64,15,30,19
14243,64,15,30,19
14244,64,15,30,19
14245,64,15,30,19
14246,64,15,30,19
14247,64,15,30,19
14248,64,15,30,19
14249,64,15,30,19
14250,64,15,30,19
14251,64,15,30,20
14252,64,15,30,20
14253,64,15,30,20
14254,64,15,30,20
14255,64,15,30,20
14256,64,15,30,20
14257,64,15,30,20
14258,64,15,30,20
14259,64,15,30,20
14260,64,15,30,21
14261,64,15,30,21
14262,64,15,30,21
14263,64,15,30,21
14264,64,15,30,21
14265,64,15,30,21
14266,64,15,30,21
14267,64,15,30,21
14268,64,15,30,21
14269,64,15,30,21
14270,64,15,30,21
14271,64,15,30,21
14272,64,15,30,21
14273,64,15,30,21
14274,64,15,30,21
14275,64,15,30,21
14276,64,15,30,21
14277,64,15,30,21
14278,64,15,30,21
14279,64,15,30,21
14280,64,15,30,21
14281,64,15,30,21
14282,64,15,30,21
14283,64,15,30,21
14284,64,15,30,21
14285,64,15,30,21
14286,64,15,30,21
14287,64,15,30,21
14288,64,15,30,21
14289,64,15,30,21
14290,64,15,30,21
14291,64,15,30,21
14292,64,15,30,21
14293,64,15,30,21
14294,64,15,30,21
14295,64,15,30,21
14296,64,15,30,21
14297,64,15,30,21
14298,64,15,30,21
14299,64,15,30,21
14300,64,15,30,21
14301,64,15,30,21
14302,64,15,30,21
14303,64,15,30,21
14304,64,15,30,21
14305,64,15,30,21
14306,64,15,30,21
14307,64,15,30,21
14308,64,15,30,21
14309,64,15,30,21
14310,64,15,30,21
14311,64,15,30,21
14312,64,15,30,22
14313,64,15,30,22
14314,64,15,30,22
14315,64,15,30,22
14316,64,15,30,22
14317,64,15,30,22
14318,64,15,30,22
14319,64,15,30,22
14320,64,15,30,22
14321,64,15,30,22
14322,64,15,30,22
14323,64,15,30,22
14324,64,15,30,22
14325,64,15,30,22
14326,64,15,30,22
14327,64,15,30,22
14328,64,15,30,22
14329,64,15,30,22
14330,64,15,30,22
14331,64,15,30,22
14332,64,15,30,22
14333,64,15,30,22
14334,64,15,30,22
14335,64,15,30,22
14336,64,15,30,22
14337,64,15,30,22
14338,64,15,30,22
14339,64,15,30,22
14340,64,15,30,22
14341,64,15,30,22
14342,64,15,30,22
14343,64,15,30,22
14344,64,15,30,22
14345,64,15,30,22
14346,64,15,30,22
14347,64,15,30,22
14348,64,15,30,22
14349,64,15,30,22
14350,64,15,30,22
14351,64,15,30,22
14352,64,15,30,22
14353,64,15,30,22
14354,64,15,30,22
14355,64,15,30,22
14356,64,15,30,22
14357,64,15,30,22
14358,64,15,30,22
14359,64,15,30,22
14360,64,15,30,22
14361,64,15,30,22
14362,64,15,30,22
14363,64,15,30,22
14364,64,15,30,22
14365,64,15,30,22
14366,64,15,30,22
14367,64,15,30,22
14368,64,15,30,22
14369,64,15,30,22
14370,64,15,30,22
14371,64,15,30,22
14372,64,15,30,22
14373,64,15,30,22
14374,64,15,30,22
14375,64,15,30,22
14376,64,15,30,22
14377,64,15,30,22
14378,64,15,30,22
14379,64,15,30,22
14380,64,15,30,22
14381,64,15,30,22
14382,64,15,30,22
14383,64,15,30,22
14384,64,15,30,22
14385,64,15,30,22
14386,64,15,30,22
14387,64,15,30,22
14388,64,15,30,22
14389,64,15,30,22
14390,64,15,30,22
14391,64,15,30,22
14392,64,15,30,22
14393,64,15,30,22
14394,64,15,30,22
14395,64,15,30,22
14396,64,15,30,22
14397,64,15,30,22
14398,64,15,30,22
14399,64,15,30,22
14400,64,15,30,22
14401,64,15,30,22
14402,64,15,30,22
14403,64,15,30,22
14404,64,15,30,22
14405,64,15,30,22
14406,64,15,30,22
14407,64,15,30,22
14408,64,15,30,22
14409,64,15,30,22
14410,64,15,30,22
14411,64,15,30,22
14412,64,15,30,22
14413,64,15,30,22
14414,64,15,30,22
14415,64,15,30,22
14416,64,15,30,22
14417,64,15,30,22
14418,64,15,30,23
14419,64,15,30,23
14420,64,15,30,23
14421,64,15,30,23
14422,64,15,30,23
14423,64,15,30,23
14424,64,15,30,23
14425,64,15,30,23
14426,64,15,30,23
14427,64,15,30,23
14428,64,15,30,23
14429,64,15,30,23
14430,64,15,30,23
14431,64,15,30,23
14432,64,15,30,23
14433,64,15,30,23
14434,64,15,30,23
14435,64,15,30,23
14436,64,15,30,23
14437,64,15,30,23
14438,64,15,30,23
14439,64,15,30,23
14440,64,15,30,23
14441,64,15,30,23
14442,64,15,30,23
14443,64,15,30,23
14444,64,15,30,23
14445,64,15,30,23
14446,64,15,30,23
14447,64,15,30,23
14448,64,15,30,23
14449,64,15,30,23
14450,64,15,30,23
14451,64,15,30,23
14452,64,15,30,23
14453,64,15,30,23
14454,64,15,30,23
14455,64,15,30,23
14456,64,15,30,24
14457,64,15,30,24
14458,64,15,30,24
14459,64,15,30,24
14460,64,15,30,24
14461,64,15,30,24
14462,64,15,30,24
14463,64,15,30,24
14464,64,15,30,24
14465,64,15,30,24
14466,64,15,30,24
14467,64,15,30,24
14468,64,15,30,24
14469,64,15,30,24
14470,64,15,30,24
14471,64,15,30,24
14472,64,15,30,24
14473,64,15,30,24
14474,64,15,30,24
14475,64,15,30,24
14476,64,15,30,24
14477,64,15,30,24
14478,64,15,30,24
14479,64,15,30,24
14480,64,15,30,24
14481,64,15,30,24
14482,64,15,30,24
14483,64,15,30,24
14484,64,15,30,24
14485,64,15,30,24
14486,64,15,30,24
14487,64,15,30,24
14488,64,15,30,24
14489,64,15,30,24
14490,64,15,30,24
14491,64,15,30,24
14492,64,15,30,24
14493,64,15,30,24
14494,64,15,30,24
14495,64,15,30,24
14496,64,15,30,24
14497,64,15,30,24
14498,64,15,30,24
14499,64,15,30,24
14500,64,15,30,24
14501,64,15,30,24
14502,64,15,30,24
14503,64,15,30,24
14504,64,15,30,24
14505,64,15,30,24
14506,64,15,30,24
14507,64,15,30,24
14508,64,15,30,24
14509,64,15,30,24
14510,64,15,30,24
14511,64,15,30,24
14512,64,15,30,24
14513,64,15,30,24
14514,64,15,30,24
14515,64,15,30,24
14516,64,15,30,24
14517,64,15,30,24
14518,64,15,30,24
14519,64,15,30,24
14520,64,15,30,24
14521,64,15,30,24
14522,64,15,30,24
14523,64,15,30,24
14524,64,15,30,24
14525,64,15,30,24
14526,64,15,30,24
14527,64,15,30,24
14528,64,15,30,24
14529,64,15,30,24
14530,64,15,30,24
14531,64,15,30,24
14532,64,15,30,24
14533,64,15,30,24
14534,64,15,30,24
14535,64,15,30,24
14536,64,15,30,25
14537,64,15,30,25
14538,64,15,30,25
14539,64,15,30,25
14540,64,15,30,25
14541,64,15,30,25
14542,64,15,30,25
14543,64,15,30,25
14544,64,15,30,25
14545,64,15,30,25
14546,64,15,30,25
14547,64,15,30,25
14548,64,15,30,25
14549,64,15,30,25
14550,64,15,30,25
14551,64,15,30,25
14552,64,15,30,25
14553,64,15,30,25
14554,64,15,30,25
14555,64,15,30,25
14556,64,15,30,25
14557,64,15,30,25
14558,64,15,30,25
14559,64,15,30,25
14560,64,15,30,25
14561,64,15,30,25
14562,64,15,30,25
14563,64,15,30,25
14564,64,15,30,25
14565,64,15,30,25
14566,64,15,30,25
14567,64,15,30,25
14568,64,15,30,25
14569,64,15,30,25
14570,64,15,30,25
14571,64,15,30,25
14572,64,15,30,25
14573,64,15,30,25
14574,64,15,30,25
14575,64,15,30,25
14576,64,15,30,25
14577,64,15,30,25
14578,64,15,30,25
14579,64,15,30,25
14580,64,15,30,25
14581,64,15,30,25
14582,64,15,30,25
14583,64,15,30,25
14584,64,15,30,25
14585,64,15,30,25
14586,64,15,30,25
14587,64,15,30,25
14588,64,15,30,25
14589,64,15,30,25
14590,64,15,30,25
14591,64,15,30,25
14592,64,15,30,25
14593,64,15,30,25
14594,64,15,30,25
14595,64,15,30,25
14596,64,15,30,25
14597,64,15,30,25
14598,64,15,30,25
14599,64,15,30,25
14600,64,15,30,25
14601,64,15,30,25
14602,64,15,30,25
14603,64,15,30,25
14604,64,15,30,25
14605,64,15,30,25
14606,64,15,30,25
14607,64,15,30,25
14608,64,15,30,25
14609,64,15,30,26
14610,64,15,30,26
14611,64,15,30,26
14612,64,15,30,26
14613,64,15,30,26
14614,64,15,30,26
14615,64,15,30,26
14616,64,15,30,26
14617,64,15,30,26
14618,64,15,30,26
14619,64,15,30,26
14620,64,15,30,26
14621,64,15,30,26
14622,64,15,30,26
14623,64,15,30,26
14624,64,15,30,26
14625,64,15,30,26
14626,64,15,30,26
14627,64,15,30,26
14628,64,15,30,26
14629,64,15,30,26
14630,64,15,30,26
14631,64,15,30,26
14632,64,15,30,26
14633,64,15,30,26
14634,64,15,30,26
14635,64,15,30,26
14636,64,15,30,26
14637,64,15,30,26
14638,64,15,30,26
14639,64,15,30,26
14640,64,15,30,26
14641,64,15,30,26
14642,64,15,30,26
14643,64,15,30,26
14644,64,15,30,26
14645,64,15,30,26
14646,64,15,30,26
14647,64,15,30,26
14648,64,15,30,26
14649,64,15,30,26
14650,64,15,30,26
14651,64,15,30,26
14652,64,15,30,26
14653,64,15,30,26
14654,64,15,30,26
14655,64,15,30,26
14656,64,15,30,26
14657,64,15,30,26
14658,64,15,30,26
14659,64,15,30,26
14660,64,15,30,26
14661,64,15,30,26
14662,64,15,30,26
14663,64,15,30,26
14664,64,15,30,26
14665,64,15,30,26
14666,64,15,30,26
14667,64,15,30,26
14668,64,15,30,26
14669,64,15,30,26
14670,64,15,30,26
14671,64,15,30,26
14672,64,15,30,26
14673,64,15,30,26
14674,64,15,30,26
14675,64,15,30,26
14676,64,15,30,26
14677,64,15,30,26
14678,64,15,30,26
14679,64,15,30,26
14680,64,15,30,26
14681,64,15,30,26
14682,64,15,30,26
14683,64,15,30,26
14684,64,15,30,26
14685,64,15,30,26
14686,64,15,30,26
14687,64,15,30,26
14688,64,15,30,26
14689,64,15,30,26
14690,64,15,30,26
14691,64,15,30,26
14692,64,15,30,26
14693,64,15,30,26
14694,64,15,30,26
14695,64,15,30,26
14696,64,15,30,26
14697,64,15,30,26
14698,64,15,30,26
14699,64,15,30,26
14700,64,15,30,26
14701,64,15,30,26
14702,64,15,30,26
14703,64,15,30,26
14704,64,15,30,26
14705,64,15,30,26
14706,64,15,30,26
14707,64,15,30,26
14708,64,15,30,26
14709,64,15,30,26
14710,64,15,30,26
14711,64,15,30,26
14712,64,15,30,26
14713,64,15,30,26
14714,64,15,30,26
14715,64,15,30,26
14716,64,15,30,26
14717,64,15,30,26
14718,64,15,30,26
14719,64,15,30,26
14720,64,15,30,26
14721,64,15,30,26
14722,64,15,30,26
14723,64,15,30,26
14724,64,15,30,26
14725,64,15,30,26
14726,64,15,30,26
14727,64,15,30,27
14728,64,15,30,27
14729,64,15,30,27
14730,64,15,30,27
14731,64,15,30,27
14732,64,15,30,27
14733,64,15,30,27
14734,64,15,30,27
14735,64,15,30,27
14736,64,15,30,27
14737,64,15,30,27
14738,64,15,30,27
14739,64,15,30,27
14740,64,15,30,27
14741,64,15,30,27
14742,64,15,30,27
14743,64,15,30,27
14744,64,15,30,27
14745,64,15,30,27
14746,64,15,30,27
14747,64,15,30,27
14748,64,15,30,27
14749,64,15,30,27
14750,64,15,30,27
14751,64,15,30,27
14752,64,15,30,27
14753,64,15,30,27
14754,64,15,30,27
14755,64,15,30,27
14756,64,15,30,27
14757,64,15,30,27
14758,64,15,30,27
14759,64,15,30,27
14760,64,15,30,27
14761,64,15,30,27
14762,64,15,30,27
14763,64,15,30,27
14764,64,15,30,27
14765,64,15,30,27
14766,64,15,30,27
14767,64,15,30,27
14768,64,15,30,27
14769,64,15,30,27
14770,64,15,30,27
14771,64,15,30,27
14772,64,15,30,27
14773,64,15,30,27
14774,64,15,30,27
14775,64,15,30,27
14776,64,15,30,27
14777,64,15,30,27
14778,64,15,30,27
14779,64,15,30,27
14780,64,15,30,27
14781,64,15,30,27
14782,64,15,30,27
14783,64,15,30,27
14784,64,15,30,27
14785,64,15,30,27
14786,64,15,30,27
14787,64,15,30,27
14788,64,15,30,27
14789,64,15,30,27
14790,64,15,30,27
14791,64,15,30,27
14792,64,15,30,27
14793,64,15,30,27
14794,64,15,30,27
14795,64,15,30,27
14796,64,15,30,27
14797,64,15,30,27
14798,64,15,30,27
14799,64,15,30,27
14800,64,15,30,27
14801,64,15,30,27
14802,64,15,30,27
14803,64,15,30,27
14804,64,15,30,27
14805,64,15,30,28
14806,64,15,30,28
14807,64,15,30,28
14808,64,15,30,28
14809,64,15,30,28
14810,64,15,30,28
14811,64,15,30,28
14812,64,15,30,28
14813,64,15,30,28
14814,64,15,30,28
14815,64,15,30,28
14816,64,15,30,28
14817,64,15,30,28
14818,64,15,30,28
14819,64,15,30,28
14820,64,15,30,28
14821,64,15,30,28
14822,64,15,30,28
14823,64,15,30,28
14824,64,15,30,28
14825,64,15,30,28
14826,64,15,30,28
14827,64,15,30,28
14828,64,15,30,28
14829,64,15,30,28
14830,64,15,30,28
14831,64,15,30,28
14832,64,15,30,28
14833,64,15,30,28
14834,64,15,30,28
14835,64,15,30,28
14836,64,15,30,28
14837,64,15,30,28
14838,64,15,30,28
14839,64,15,30,28
14840,64,15,30,28
14841,64,15,30,28
14842,64,15,30,28
14843,64,15,30,28
14844,64,15,30,28
14845,64,15,30,28
14846,64,15,30,28
14847,64,15,30,28
14848,64,15,30,28
14849,64,15,30,28
14850,64,15,30,28
14851,64,15,30,28
14852,64,15,30,28
14853,64,15,30,28
14854,64,15,30,28
14855,64,15,30,28
14856,64,15,30,28
14857,64,15,30,28
14858,64,15,30,29
14859,64,15,30,29
14860,64,15,30,29
14861,64,15,30,29
14862,64,15,30,29
14863,64,15,30,29
14864,64,15,30,29
14865,64,15,30,29
14866,64,15,30,29
14867,64,15,30,29
14868,64,15,30,29
14869,64,15,30,29
14870,64,15,30,29
14871,64,15,30,29
14872,64,15,30,29
14873,64,15,30,29
14874,64,15,30,29
14875,64,15,30,29
14876,64,15,30,29
14877,64,15,30,29
14878,64,15,30,29
14879,64,15,30,29
14880,64,15,30,29
14881,64,15,30,29
14882,64,15,30,29
14883,64,15,30,29
14884,64,15,30,29
14885,64,15,30,29
14886,64,15,30,29
14887,64,15,30,29
14888,64,15,30,29
14889,64,15,30,29
14890,64,15,30,29
14891,64,15,30,29
14892,64,15,30,29
14893,64,15,30,30
14894,64,15,30,30
14895,64,15,30,30
14896,64,15,30,30
14897,64,15,30,30
14898,64,15,30,31
14899,64,15,30,31
14900,64,15,30,31
14901,64,15,30,31
14902,64,15,30,31
14903,64,15,30,31
14904,64,15,30,31
14905,64,15,30,31
14906,64,15,30,31
14907,64,15,30,31
14908,64,15,30,31
14909,64,15,30,31
14910,64,15,30,31
14911,64,15,30,31
14912,64,15,30,31
14913,64,15,30,31
14914,64,15,30,31
14915,64,15,30,31
14916,64,15,30,31
14917,64,15,30,31
14918,64,15,30,31
14919,64,15,30,31
14920,64,15,30,31
14921,64,15,30,31
14922,64,15,30,31
14923,64,15,30,31
14924,64,15,30,31
14925,64,15,30,31
14926,64,15,30,31
14927,64,15,30,31
14928,64,15,30,31
14929,64,15,30,31
14930,64,15,30,31
14931,64,15,30,31
14932,64,15,30,31
14933,64,15,30,31
14934,64,15,30,31
14935,64,15,30,31
14936,64,15,30,31
14937,64,15,30,31
14938,64,15,30,31
14939,64,15,30,31
14940,64,15,30,31
14941,64,15,30,31
14942,64,15,30,31
14943,64,15,30,31
14944,64,15,30,31
14945,64,15,30,31
14946,64,15,30,31
14947,64,15,30,31
14948,64,15,30,31
14949,64,15,30,31
14950,64,15,30,31
14951,64,15,30,31
14952,64,15,30,31
14953,64,15,30,31
14954,64,15,30,31
14955,64,15,30,31
14956,64,15,30,31
14957,64,15,30,31
14958,64,15,30,31
14959,64,15,30,31
14960,64,15,30,31
14961,64,15,30,31
14962,64,15,30,31
14963,64,15,30,31
14964,64,15,30,31
14965,64,15,30,31
14966,64,15,30,31
14967,64,15,30,31
14968,64,15,30,31
14969,64,15,30,31
14970,64,15,30,31
14971,64,15,30,31
14972,64,15,30,31
14973,64,15,30,31
14974,64,15,30,31
14975,64,15,30,31
14976,64,15,30,31
14977,64,15,30,31
14978,64,15,30,31
14979,64,15,30,31
14980,64,15,30,31
14981,64,15,30,31
14982,64,15,30,31
14983,64,15,30,31
14984,64,15,30,31
14985,64,15,30,31
14986,64,15,30,31
14987,64,15,30,31
14988,64,15,30,31
14989,64,15,30,31
14990,64,15,30,31
14991,64,15,30,31
14992,64,15,30,31
14993,64,15,30,31
14994,64,15,30,31
14995,64,15,30,31
14996,64,15,30,31
14997,64,15,30,31
14998,64,15,30,31
14999,64,15,30,31
15000,64,15,30,31
15001,64,15,30,31
15002,64,15,30,31
15003,64,15,30,31
15004,64,15,30,31
15005,64,15,30,31
15006,64,15,30,31
15007,64,15,30,31
15008,64,15,30,31
15009,64,15,30,31
15010,64,15,30,31
15011,64,15,30,31
15012,64,15,30,31
15013,64,15,30,31
15014,64,15,30,31
15015,64,15,30,31
15016,64,15,30,31
15017,64,15,30,31
15018,64,15,30,31
15019,64,15,30,31
15020,64,15,30,31
15021,64,15,30,31
15022,64,15,30,31
15023,64,15,30,31
15024,64,15,30,31
15025,64,15,30,31
15026,64,15,30,31
15027,64,15,30,31
15028,64,15,30,31
15029,64,15,30,31
15030,64,15,30,31
15031,64,15,30,31
15032,64,15,30,31
15033,64,15,30,31
15034,64,15,30,31
15035,64,15,30,31
15036,64,15,30,31
15037,64,15,30,31
15038,64,15,30,31
15039,64,15,30,31
15040,64,15,30,31
15041,64,15,30,31
15042,64,15,30,31
15043,64,15,30,31
15044,64,15,30,31
15045,64,15,30,31
15046,64,15,30,31
15047,64,15,30,31
15048,64,15,30,31
15049,64,15,30,31
15050,64,15,30,31
15051,64,15,30,31
15052,64,15,30,31
15053,64,15,30,31
15054,64,15,30,31
15055,64,15,30,31
15056,64,15,30,31
15057,64,15,30,31
15058,64,15,30,31
15059,64,15,30,31
15060,64,15,30,31
15061,64,15,30,31
15062,64,15,30,31
15063,64,15,30,31
15064,64,15,30,31
15065,64,15,30,31
15066,64,15,30,31
15067,64,15,30,31
15068,64,15,30,31
15069,64,15,30,31
15070,64,15,30,31
15071,64,15,30,31
15072,64,15,30,31
15073,64,15,30,31
15074,64,15,30,31
15075,64,15,30,31
15076,64,15,30,31
15077,64,15,30,31
15078,64,15,30,31
15079,64,15,30,31
15080,64,15,30,31
15081,64,15,30,31
15082,64,15,30,31
15083,64,15,30,31
15084,64,15,30,31
15085,64,15,30,31
15086,64,15,30,31
15087,64,15,30,31
15088,64,15,30,31
15089,64,15,30,31
15090,64,15,30,31
15091,64,15,30,31
15092,64,15,30,31
15093,64,15,30,31
15094,64,15,30,31
15095,64,15,30,31
15096,64,15,30,31
15097,64,15,30,31
15098,64,15,30,31
15099,64,15,30,31
15100,64,15,30,31
15101,64,15,30,31
15102,64,15,30,31
15103,64,15,30,31
15104,64,15,30,31
15105,64,15,30,31
15106,64,15,30,31
15107,64,15,30,31
15108,64,15,30,31
15109,64,15,30,31
15110,64,15,30,31
15111,64,15,30,31
15112,64,15,30,31
15113,64,15,30,31
15114,64,15,30,31
15115,64,15,30,31
15116,64,15,30,31
15117,64,15,30,31
15118,64,15,30,31
15119,64,15,30,31
15120,64,15,30,31
15121,64,15,30,31
15122,64,15,30,31
15123,64,15,30,31
15124,64,15,30,31
15125,64,15,30,31
15126,64,15,30,31
15127,64,15,30,31
15128,64,15,30,31
15129,64,15,30,31
15130,64,15,30,31
15131,64,15,30,31
15132,64,15,30,31
15133,64,15,30,31
15134,64,15,30,31
15135,64,15,30,31
15136,64,15,30,31
15137,64,15,30,31
15138,64,15,30,31
15139,64,15,30,31
15140,64,15,30,31
15141,64,15,30,31
15142,64,15,30,31
15143,64,15,30,31
15144,64,15,30,31
15145,64,15,30,31
15146,64,15,30,31
15147,64,15,30,31
15148,64,15,30,31
15149,64,15,30,31
15150,64,15,30,31
15151,64,15,30,31
15152,64,15,30,31
15153,64,15,30,31
15154,64,15,30,31
15155,64,15,30,31
15156,64,15,30,31
15157,64,15,30,31
15158,64,15,30,31
15159,64,15,30,31
15160,64,15,30,31
15161,64,15,30,31
15162,64,15,30,31
15163,64,15,30,31
15164,64,15,30,31
15165,64,15,30,31
15166,64,15,30,31
15167,64,15,30,31
15168,64,15,30,31
15169,64,15,30,31
15170,64,15,30,31
15171,64,15,30,31
15172,64,15,30,31
15173,64,15,30,31
15174,64,15,30,31
15175,64,15,30,31
15176,64,15,30,31
15177,64,15,30,31
15178,64,15,30,31
15179,64,15,30,32
15180,64,15,30,32
15181,64,15,30,32
15182,64,15,30,32
15183,64,15,30,32
15184,64,15,30,32
15185,64,15,30,32
15186,64,15,30,32
15187,64,15,30,32
15188,64,15,30,32
15189,64,15,30,32
15190,64,15,30,32
15191,64,15,30,32
15192,64,15,30,32
15193,64,15,30,32
15194,64,15,30,32
15195,64,15,30,32
15196,64,15,30,32
15197,64,15,30,32
15198,64,15,30,32
15199,64,15,30,32
15200,64,15,30,32
15201,64,15,30,32
15202,64,15,30,32
15203,64,15,30,32
15204,64,15,30,32
15205,64,15,30,32
15206,64,15,30,32
15207,64,15,30,32
15208,64,15,30,32
15209,64,15,30,32
15210,64,15,30,32
15211,64,15,30,32
15212,64,15,30,32
15213,64,15,30,32
15214,64,15,30,32
15215,64,15,30,32
15216,64,15,30,32
15217,64,15,30,32
15218,64,15,30,32
15219,64,15,30,32
15220,64,15,30,32
15221,64,15,30,32
15222,64,15,30,32
15223,64,15,30,32
15224,64,15,30,32
15225,64,15,30,32
15226,64,15,30,32
15227,64,15,30,32
15228,64,15,30,32
15229,64,15,30,32
15230,64,15,30,32
15231,64,15,30,32
15232,64,15,30,32
15233,64,15,30,32
15234,64,15,30,32
15235,64,15,30,32
15236,64,15,30,32
15237,64,15,30,32
15238,64,15,30,32
15239,64,15,30,32
15240,64,15,30,32
15241,64,15,30,32
15242,64,15,30,32
15243,64,15,30,32
15244,64,15,30,32
15245,64,15,30,32
15246,64,15,30,32
15247,64,15,30,32
15248,64,15,30,32
15249,64,15,30,32
15250,64,15,30,32
15251,64,15,30,32
15252,64,15,30,32
15253,64,15,30,32
15254,64,15,30,32
15255,64,15,30,32
15256,64,15,30,32
15257,64,15,30,32
15258,64,15,30,32
15259,64,15,30,32
15260,64,15,30,32
15261,64,15,30,33
15262,64,15,30,33
15263,64,15,30,33
15264,64,15,30,33
15265,64,15,30,33
15266,64,15,30,33
15267,64,15,30,33
15268,64,15,30,33
15269,64,15,30,33
15270,64,15,30,33
15271,64,15,30,33
15272,64,15,30,33
15273,64,15,30,33
15274,64,15,30,33
15275,64,15,30,33
15276,64,15,30,33
15277,64,15,30,33
15278,64,15,30,33
15279,64,15,30,33
15280,64,15,30,33
15281,64,15,30,33
15282,64,15,30,33
15283,64,15,30,33
15284,64,15,30,33
15285,64,15,30,33
15286,64,15,30,33
15287,64,15,30,33
15288,64,15,30,33
15289,64,15,30,33
15290,64,15,30,33
15291,64,15,30,33
15292,64,15,30,33
15293,64,15,30,33
15294,64,15,30,33
15295,64,15,30,33
15296,64,15,30,33
15297,64,15,30,33
15298,64,15,30,33
15299,64,15,30,33
15300,64,15,30,33
15301,64,15,30,33
15302,64,15,30,33
15303,64,15,30,33
15304,64,15,30,33
15305,64,15,30,33
15306,64,15,30,33
15307,64,15,30,33
15308,64,15,30,33
15309,64,15,30,33
15310,64,15,30,33
15311,64,15,30,33
15312,64,15,30,33
15313,64,15,30,33
15314,64,15,30,33
15315,64,15,30,33
15316,64,15,30,33
15317,64,15,30,33
15318,64,15,30,33
15319,64,15,30,33
15320,64,15,30,33
15321,64,15,30,33
15322,64,15,30,33
15323,64,15,30,33
15324,64,15,30,33
15325,64,15,30,33
15326,64,15,30,33
15327,64,15,30,33
15328,64,15,30,33
15329,64,15,30,33
15330,64,15,30,33
15331,64,15,30,33
15332,64,15,30,33
15333,64,15,30,33
15334,64,15,30,33
15335,64,15,30,33
15336,64,15,30,33
15337,64,15,30,33
15338,64,15,30,33
15339,64,15,30,33
15340,64,15,30,33
15341,64,15,30,33
15342,64,15,30,33
15343,64,15,30,33
15344,64,15,30,33
15345,64,15,30,33
15346,64,15,30,33
15347,64,15,30,33
15348,64,15,30,33
15349,64,15,30,33
15350,64,15,30,33
15351,64,15,30,33
15352,64,15,30,33
15353,64,15,30,33
15354,64,15,30,33
15355,64,15,30,33
15356,64,15,30,33
15357,64,15,30,33
15358,64,15,30,33
15359,64,15,30,33
15360,64,15,30,33
15361,64,15,30,33
15362,64,15,30,33
15363,64,15,30,33
15364,64,15,30,33
15365,64,15,30,33
15366,64,15,30,33
15367,64,15,30,33
15368,64,15,30,33
15369,64,15,30,33
15370,64,15,30,33
15371,64,15,30,33
15372,64,15,30,33
15373,64,15,30,33
15374,64,15,30,33
15375,64,15,30,33
15376,64,15,30,33
15377,64,15,30,33
15378,64,15,30,33
15379,64,15,30,33
15380,64,15,30,33
15381,64,15,30,33
15382,64,15,30,33
15383,64,15,30,33
15384,64,15,30,33
15385,64,15,30,33
15386,64,15,30,33
15387,64,15,30,33
15388,64,15,30,33
15389,64,15,30,33
15390,64,15,30,33
15391,64,15,30,33
15392,64,15,30,33
15393,64,15,30,33
15394,64,15,30,33
15395,64,15,30,33
15396,64,15,30,33
15397,64,15,30,33
15398,64,15,30,33
15399,64,15,30,33
15400,64,15,30,33
15401,64,15,30,33
15402,64,15,30,33
15403,64,15,30,33
15404,64,15,30,33
15405,64,15,30,33
15406,64,15,30,33
15407,64,15,30,33
15408,64,15,30,33
15409,64,15,30,33
15410,64,15,30,33
15411,64,15,30,33
15412,64,15,30,33
15413,64,15,30,33
15414,64,15,30,33
15415,64,15,30,33
15416,64,15,30,33
15417,64,15,30,33
15418,64,15,30,33
15419,64,15,30,33
15420,64,15,30,33
15421,64,15,30,33
15422,64,15,30,33
15423,64,15,30,33
15424,64,15,30,33
15425,64,15,30,33
15426,64,15,30,33
15427,64,15,30,33
15428,64,15,30,33
15429,64,15,30,33
15430,64,15,30,33
15431,64,15,30,33
15432,64,15,30,33
15433,64,15,30,33
15434,64,15,30,33
15435,64,15,30,33
15436,64,15,30,33
15437,64,15,30,33
15438,64,15,30,33
15439,64,15,30,33
15440,64,15,30,33
15441,64,15,30,33
15442,64,15,30,33
15443,64,15,30,33
15444,64,15,30,33
15445,64,15,30,33
15446,64,15,30,33
15447,64,15,30,33
15448,64,15,30,33
15449,64,15,30,33
15450,64,15,30,33
15451,64,15,30,33
15452,64,15,30,33
15453,64,15,30,33
15454,64,15,30,33
15455,64,15,30,33
15456,64,15,30,33
15457,64,15,30,33
15458,64,15,30,33
15459,64,15,30,33
15460,64,15,30,33
15461,64,15,30,33
15462,64,15,30,33
15463,64,15,30,33
15464,64,15,30,33
15465,64,15,30,33
15466,64,15,30,33
15467,64,15,30,33
15468,64,15,30,33
15469,64,15,30,33
15470,64,15,30,33
15471,64,15,30,33
15472,64,15,30,33
15473,64,15,30,34
15474,64,15,30,34
15475,64,15,30,34
15476,64,15,30,34
15477,64,15,30,34
15478,64,15,30,34
15479,64,15,30,34
15480,64,15,30,34
15481,64,15,30,34
15482,64,15,30,34
15483,64,15,30,34
15484,64,15,30,34
15485,64,15,30,34
15486,64,15,30,34
15487,64,15,30,34
15488,64,15,30,34
15489,64,15,30,34
15490,64,15,30,34
15491,64,15,30,34
15492,64,15,30,34
15493,64,15,30,34
15494,64,15,30,34
15495,64,15,30,34
15496,64,15,30,34
15497,64,15,30,34
15498,64,15,30,34
15499,64,15,30,34
15500,64,15,30,34
15501,64,15,30,34
15502,64,15,30,34
15503,64,15,30,34
15504,64,15,30,34
15505,64,15,30,34
15506,64,15,30,34
15507,64,15,30,34
15508,64,15,30,34
15509,64,15,30,34
15510,64,15,30,34
15511,64,15,30,34
15512,64,15,30,34
15513,64,15,30,34
15514,64,15,30,34
15515,64,15,30,34
15516,64,15,30,34
15517,64,15,30,34
15518,64,15,30,34
15519,64,15,30,34
15520,64,15,30,34
15521,64,15,30,34
15522,64,15,30,34
15523,64,15,30,34
15524,64,15,30,34
15525,64,15,30,34
15526,64,15,30,34
15527,64,15,30,34
15528,64,15,30,34
15529,64,15,30,34
15530,64,15,30,34
15531,64,15,30,34
15532,64,15,30,34
15533,64,15,30,34
15534,64,15,30,34
15535,64,15,30,34
15536,64,15,30,34
15537,64,15,30,34
15538,64,15,30,34
15539,64,15,30,34
15540,64,15,30,34
15541,64,15,30,34
15542,64,15,30,34
15543,64,15,30,34
15544,64,15,30,34
15545,64,15,30,34
15546,64,15,30,34
15547,64,15,30,34
15548,64,15,30,34
15549,64,15,30,34
15550,64,15,30,34
15551,64,15,30,34
15552,64,15,30,34
15553,64,15,30,34
15554,64,15,30,34
15555,64,15,30,34
15556,64,15,30,34
15557,64,15,30,34
15558,64,15,30,34
15559,64,15,30,34
15560,64,15,30,34
15561,64,15,30,34
15562,64,15,30,34
15563,64,15,30,34
15564,64,15,30,34
15565,64,15,30,34
15566,64,15,30,34
15567,64,15,30,34
15568,64,15,30,34
15569,64,15,30,34
15570,64,15,30,34
15571,64,15,30,34
15572,64,15,30,34
15573,64,15,30,34
15574,64,15,30,34
15575,64,15,30,34
15576,64,15,30,34
15577,64,15,30,34
15578,64,15,30,34
15579,64,15,30,34
15580,64,15,30,34
15581,64,15,30,34
15582,64,15,30,34
15583,64,15,30,34
15584,64,15,30,34
15585,64,15,30,34
15586,64,15,30,34
15587,64,15,30,34
15588,64,15,30,34
15589,64,15,30,34
15590,64,15,30,34
15591,64,15,30,34
15592,64,15,30,34
15593,64,15,30,34
15594,64,15,30,34
15595,64,15,30,34
15596,64,15,30,34
15597,64,15,30,34
15598,64,15,30,34
15599,64,15,30,34
15600,64,15,30,34
15601,64,15,30,34
15602,64,15,30,34
15603,64,15,30,34
15604,64,15,30,34
15605,64,15,30,34
15606,64,15,30,34
15607,64,15,30,34
15608,64,15,30,34
15609,64,15,30,34
15610,64,15,30,34
15611,64,15,30,34
15612,64,15,30,34
15613,64,15,30,34
15614,64,15,30,34
15615,64,15,30,35
15616,64,15,30,35
15617,64,15,30,35
15618,64,15,30,35
15619,64,15,30,35
15620,64,15,30,35
15621,64,15,30,35
15622,64,15,30,35
15623,64,15,30,35
15624,64,15,30,35
15625,64,15,30,35
15626,64,15,30,35
15627,64,15,30,35
15628,64,15,30,35
15629,64,15,30,35
15630,64,15,30,35
15631,64,15,30,35
15632,64,15,30,35
15633,64,15,30,35
15634,64,15,30,35
15635,64,15,30,35
15636,64,15,30,35
15637,64,15,30,35
15638,64,15,30,35
15639,64,15,30,35
15640,64,15,30,35
15641,64,15,30,35
15642,64,15,30,35
15643,64,15,30,35
15644,64,15,30,35
15645,64,15,30,35
15646,64,15,30,35
15647,64,15,30,35
15648,64,15,30,35
15649,64,15,30,35
15650,64,15,30,35
15651,64,15,30,35
15652,64,15,30,35
15653,64,15,30,35
15654,64,15,30,35
15655,64,15,30,35
15656,64,15,30,35
15657,64,15,30,35
15658,64,15,30,35
15659,64,15,30,35
15660,64,15,30,35
15661,64,15,30,35
15662,64,15,30,35
15663,64,15,30,35
15664,64,15,30,35
15665,64,15,30,35
15666,64,15,30,35
15667,64,15,30,35
15668,64,15,30,35
15669,64,15,30,35
15670,64,15,30,35
15671,64,15,30,35
15672,64,15,30,35
15673,64,15,30,35
15674,64,15,30,35
15675,64,15,30,35
15676,64,15,30,35
15677,64,15,30,35
15678,64,15,30,35
15679,64,15,30,35
15680,64,15,30,35
15681,64,15,30,35
15682,64,15,30,35
15683,64,15,30,35
15684,64,15,30,35
15685,64,15,30,35
15686,64,15,30,35
15687,64,15,30,35
15688,64,15,30,35
15689,64,15,30,35
15690,64,15,30,35
15691,64,15,30,35
15692,64,15,30,35
15693,64,15,30,35
15694,64,15,30,35
15695,64,15,30,35
15696,64,15,30,35
15697,64,15,30,35
15698,64,15,30,35
15699,64,15,30,35
15700,64,15,30,35
15701,64,15,30,35
15702,64,15,30,35
15703,64,15,30,35
15704,64,15,30,35
15705,64,15,30,35
15706,64,15,30,35
15707,64,15,30,35
15708,64,15,30,35
15709,64,15,30,35
15710,64,15,30,35
15711,64,15,30,35
15712,64,15,30,35
15713,64,15,30,35
15714,64,15,30,35
15715,64,15,30,35
15716,64,15,30,35
15717,64,15,30,35
15718,64,15,30,35
15719,64,15,30,35
15720,64,15,30,35
15721,64,15,30,35
15722,64,15,30,35
15723,64,15,30,35
15724,64,15,30,35
15725,64,15,30,35
15726,64,15,30,35
15727,64,15,30,35
15728,64,15,30,35
15729,64,15,30,35
15730,64,15,30,35
15731,64,15,30,35
15732,64,15,30,35
15733,64,15,30,35
15734,64,15,30,35
15735,64,15,30,35
15736,64,15,30,35
15737,64,15,30,35
15738,64,15,30,35
15739,64,15,30,35
15740,64,15,30,35
15741,64,15,30,35
15742,64,15,30,35
15743,64,15,30,35
15744,64,15,30,35
15745,64,15,30,35
15746,64,15,30,35
15747,64,15,30,35
15748,64,15,30,35
15749,64,15,30,35
15750,64,15,30,35
15751,64,15,30,35
15752,64,15,30,35
15753,64,15,30,35
15754,64,15,30,35
15755,64,15,30,35
15756,64,15,30,35
15757,64,15,30,35
15758,64,15,30,35
15759,64,15,30,35
15760,64,15,30,35
15761,64,15,30,35
15762,64,15,30,35
15763,64,15,30,35
15764,64,15,30,35
15765,64,15,30,35
15766,64,15,30,35
15767,64,15,30,35
15768,64,15,30,35
15769,64,15,30,35
15770,64,15,30,35
15771,64,15,30,35
15772,64,15,30,35
15773,64,15,30,35
15774,64,15,30,35
15775,64,15,30,35
15776,64,15,30,35
15777,64,15,30,35
15778,64,15,30,35
15779,64,15,30,35
15780,64,15,30,35
15781,64,15,30,35
15782,64,15,30,35
15783,64,15,30,35
15784,64,15,30,35
15785,64,15,30,35
15786,64,15,30,35
15787,64,15,30,35
15788,64,15,30,35
15789,64,15,30,35
15790,64,15,30,35
15791,64,15,30,35
15792,64,15,30,35
15793,64,15,30,35
15794,64,15,30,35
15795,64,15,30,35
15796,64,15,30,35
15797,64,15,30,35
15798,64,15,30,35
15799,64,15,30,35
15800,64,15,30,35
15801,64,15,30,35
15802,64,15,30,35
15803,64,15,30,35
15804,64,15,30,35
15805,64,15,30,35
15806,64,15,30,35
15807,64,15,30,35
15808,64,15,30,35
15809,64,15,30,35
15810,64,15,30,35
15811,64,15,30,35
15812,64,15,30,35
15813,64,15,30,35
15814,64,15,30,35
15815,64,15,30,35
15816,64,15,30,35
15817,64,15,30,35
15818,64,15,30,35
15819,64,15,30,35
15820,64,15,30,35
15821,64,15,30,35
15822,64,15,30,35
15823,64,15,30,35
15824,64,15,30,35
15825,64,15,30,35
15826,64,15,30,35
15827,64,15,30,35
15828,64,15,30,35
15829,64,15,30,35
15830,64,15,30,35
15831,64,15,30,35
15832,64,15,30,35
15833,64,15,30,35
15834,64,15,30,35
15835,64,15,30,35
15836,64,15,30,35
15837,64,15,30,35
15838,64,15,30,35
15839,64,15,30,35
15840,64,15,30,35
15841,64,15,30,35
15842,64,15,30,35
15843,64,15,30,35
15844,64,15,30,35
15845,64,15,30,35
15846,64,15,30,35
15847,64,15,30,35
15848,64,15,30,35
15849,64,15,30,35
15850,64,15,30,35
15851,64,15,30,35
15852,64,15,30,35
15853,64,15,30,35
15854,64,15,30,35
15855,64,15,30,35
15856,64,15,30,35
15857,64,15,30,35
15858,64,15,30,35
15859,64,15,30,35
15860,64,15,30,35
15861,64,15,30,35
15862,64,15,30,35
15863,64,15,30,35
15864,64,15,30,35
15865,64,15,30,35
15866,64,15,30,35
15867,64,15,30,35
15868,64,15,30,35
15869,64,15,30,35
15870,64,15,30,35
15871,64,15,30,35
15872,64,15,30,35
15873,64,15,30,35
15874,64,15,30,35
15875,64,15,30,35
15876,64,15,30,35
15877,64,15,30,35
15878,64,15,30,35
15879,64,15,30,35
15880,64,15,30,35
15881,64,15,30,35
15882,64,15,30,35
15883,64,15,30,35
15884,64,15,30,35
15885,64,15,30,35
15886,64,15,30,35
15887,64,15,30,35
15888,64,15,30,35
15889,64,15,30,35
15890,64,15,30,35
15891,64,15,30,35
15892,64,15,30,35
15893,64,15,30,35
15894,64,15,30,35
15895,64,15,30,35
15896,64,15,30,35
15897,64,15,30,35
15898,64,15,30,35
15899,64,15,30,35
15900,64,15,30,35
15901,64,15,30,35
15902,64,15,30,35
15903,64,15,30,35
15904,64,15,30,35
15905,64,15,30,35
15906,64,15,30,35
15907,64,15,30,35
15908,64,15,30,35
15909,64,15,30,36
15910,64,15,30,36
15911,64,15,30,36
15912,64,15,30,36
15913,64,15,30,36
15914,64,15,30,36
15915,64,15,30,36
15916,64,15,30,36
15917,64,15,30,36
15918,64,15,30,36
15919,64,15,30,36
15920,64,15,30,36
15921,64,15,30,36
15922,64,15,30,36
15923,64,15,30,36
15924,64,15,30,36
15925,64,15,30,36
15926,64,15,30,36
15927,64,15,30,36
15928,64,15,30,36
15929,64,15,30,36
15930,64,15,30,36
15931,64,15,30,36
15932,64,15,30,36
15933,64,15,30,36
15934,64,15,30,36
15935,64,15,30,36
15936,64,15,30,36
15937,64,15,30,36
15938,64,15,30,36
15939,64,15,30,36
15940,64,15,30,36
15941,64,15,30,36
15942,64,15,30,36
15943,64,15,30,36
15944,64,15,30,36
15945,64,15,30,36
15946,64,15,30,36
15947,64,15,30,36
15948,64,15,30,36
15949,64,15,30,36
15950,64,15,30,36
15951,64,15,30,36
15952,64,15,30,36
15953,64,15,30,36
15954,64,15,30,36
15955,64,15,30,36
15956,64,15,30,36
15957,64,15,30,36
15958,64,15,30,36
15959,64,15,30,36
15960,64,15,30,36
15961,64,15,30,36
15962,64,15,30,36
15963,64,15,30,36
15964,64,15,30,36
15965,64,15,30,36
15966,64,15,30,36
15967,64,15,30,36
15968,64,15,30,36
15969,64,15,30,36
15970,64,15,30,36
15971,64,15,30,36
15972,64,15,30,36
15973,64,15,30,36
15974,64,15,30,36
15975,64,15,30,36
15976,64,15,30,36
15977,64,15,30,36
15978,64,15,30,36
15979,64,15,30,36
15980,64,15,30,36
15981,64,15,30,36
15982,64,15,30,36
15983,64,15,30,36
15984,64,15,30,36
15985,64,15,30,36
15986,64,15,30,36
15987,64,15,30,36
15988,64,15,30,36
15989,64,15,30,36
15990,64,15,30,36
15991,64,15,30,36
15992,64,15,30,36
15993,64,15,30,36
15994,64,15,30,36
15995,64,15,30,36
15996,64,15,30,36
15997,64,15,30,36
15998,64,15,30,36
15999,64,15,30,36
16000,64,15,30,36
16001,64,15,30,36
16002,64,15,30,36
16003,64,15,30,36
16004,64,15,30,36
16005,64,15,30,36
16006,64,15,30,36
16007,64,15,30,36
16008,64,15,30,36
16009,64,15,30,36
16010,64,15,30,36
16011,64,15,30,36
16012,64,15,30,36
16013,64,15,30,36
16014,64,15,30,36
16015,64,15,30,36
16016,64,15,30,36
16017,64,15,30,36
16018,64,15,30,36
16019,64,15,30,36
16020,64,15,30,36
16021,64,15,30,36
16022,64,15,30,36
16023,64,15,30,36
16024,64,15,30,36
16025,64,15,30,36
16026,64,15,30,36
16027,64,15,30,36
16028,64,15,30,36
16029,64,15,30,36
16030,64,15,30,36
16031,64,15,30,36
16032,64,15,30,36
16033,64,15,30,36
16034,64,15,30,36
16035,64,15,30,36
16036,64,15,30,36
16037,64,15,30,36
16038,64,15,30,36
16039,64,15,30,36
16040,64,15,30,36
16041,64,15,30,36
16042,64,15,30,36
16043,64,15,30,36
16044,64,15,30,36
16045,64,15,30,36
16046,64,15,30,36
16047,64,15,30,36
16048,64,15,30,36
16049,64,15,30,36
16050,64,15,30,36
16051,64,15,30,36
16052,64,15,30,36
16053,64,15,30,36
16054,64,15,30,36
16055,64,15,30,36
16056,64,15,30,36
16057,64,15,30,36
16058,64,15,30,36
16059,64,15,30,36
16060,64,15,30,36
16061,64,15,30,36
16062,64,15,30,36
16063,64,15,30,36
16064,64,15,30,36
16065,64,15,30,36
16066,64,15,30,36
16067,64,15,30,36
16068,64,15,30,36
16069,64,15,30,36
16070,64,15,30,36
16071,64,15,30,36
16072,64,15,30,36
16073,64,15,30,36
16074,64,15,30,36
16075,64,15,30,36
16076,64,15,30,36
16077,64,15,30,36
16078,64,15,30,36
16079,64,15,30,36
16080,64,15,30,36
16081,64,15,30,36
16082,64,15,30,36
16083,64,15,30,36
16084,64,15,30,36
16085,64,15,30,36
16086,64,15,30,36
16087,64,15,30,36
16088,64,15,30,36
16089,64,15,30,36
16090,64,15,30,36
16091,64,15,30,36
16092,64,15,30,36
16093,64,15,30,36
16094,64,15,30,36
16095,64,15,30,36
16096,64,15,30,36
16097,64,15,30,36
16098,64,15,30,36
16099,64,15,30,36
16100,64,15,30,36
16101,64,15,30,36
16102,64,15,30,36
16103,64,15,30,36
16104,64,15,30,36
16105,64,15,30,36
16106,64,15,30,36
16107,64,15,30,36
16108,64,15,30,36
16109,64,15,30,36
16110,64,15,30,36
16111,64,15,30,36
16112,64,15,30,36
16113,64,15,30,36
16114,64,15,30,36
16115,64,15,30,36
16116,64,15,30,36
16117,64,15,30,36
16118,64,15,30,36
16119,64,15,30,36
16120,64,15,30,36
16121,64,15,30,36
16122,64,15,30,36
16123,64,15,30,36
16124,64,15,30,36
16125,64,15,30,36
16126,64,15,30,36
16127,64,15,30,36
16128,64,15,30,36
16129,64,15,30,36
16130,64,15,30,36
16131,64,15,30,36
16132,64,15,30,36
16133,64,15,30,36
16134,64,15,30,36
16135,64,15,30,36
16136,64,15,30,36
16137,64,15,30,36
16138,64,15,30,36
16139,64,15,30,36
16140,64,15,30,36
16141,64,15,30,36
16142,64,15,30,36
16143,64,15,30,36
16144,64,15,30,36
16145,64,15,30,36
16146,64,15,30,36
16147,64,15,30,36
16148,64,15,30,36
16149,64,15,30,36
16150,64,15,30,36
16151,64,15,30,36
16152,64,15,30,36
16153,64,15,30,36
16154,64,15,30,36
16155,64,15,30,36
16156,64,15,30,36
16157,64,15,30,36
16158,64,15,30,36
16159,64,15,30,36
16160,64,15,30,36
16161,64,15,30,36
16162,64,15,30,36
16163,64,15,30,36
16164,64,15,30,36
16165,64,15,30,36
16166,64,15,30,36
16167,64,15,30,36
16168,64,15,30,36
16169,64,15,30,36
16170,64,15,30,36
16171,64,15,30,36
16172,64,15,30,36
16173,64,15,30,36
16174,64,15,30,36
16175,64,15,30,36
16176,64,15,30,36
16177,64,15,30,36
16178,64,15,30,36
16179,64,15,30,36
16180,64,15,30,36
16181,64,15,30,36
16182,64,15,30,36
16183,64,15,30,36
16184,64,15,30,36
16185,64,15,30,36
16186,64,15,30,36
16187,64,15,30,36
16188,64,15,30,36
16189,64,15,30,36
16190,64,15,30,36
16191,64,15,30,36
16192,64,15,30,36
16193,64,15,30,36
16194,64,15,30,36
16195,64,15,30,36
16196,64,15,30,36
16197,64,15,30,36
16198,64,15,30,36
16199,64,15,30,36
16200,64,15,30,36
16201,64,15,30,36
16202,64,15,30,36
16203,64,15,30,36
16204,64,15,30,36
16205,64,15,30,36
16206,64,15,30,36
16207,64,15,30,36
16208,64,15,30,36
16209,64,15,30,36
16210,64,15,30,36
16211,64,15,30,36
16212,64,15,30,36
16213,64,15,30,36
16214,64,15,30,36
16215,64,15,30,36
16216,64,15,30,36
16217,64,15,30,36
16218,64,15,30,36
16219,64,15,30,36
16220,64,15,30,36
16221,64,15,30,36
16222,64,15,30,36
16223,64,15,30,36
16224,64,15,30,36
16225,64,15,30,36
16226,64,15,30,36
16227,64,15,30,36
16228,64,15,30,36
16229,64,15,30,36
16230,64,15,30,36
16231,64,15,30,36
16232,64,15,30,36
16233,64,15,30,36
16234,64,15,30,36
16235,64,15,30,36
16236,64,15,30,36
16237,64,15,30,36
16238,64,15,30,36
16239,64,15,30,36
16240,64,15,30,36
16241,64,15,30,36
16242,64,15,30,36
16243,64,15,30,36
16244,64,15,30,36
16245,64,15,30,36
16246,64,15,30,36
16247,64,15,30,36
16248,64,15,30,36
16249,64,15,30,36
16250,64,15,30,36
16251,64,15,30,36
16252,64,15,30,36
16253,64,15,30,36
16254,64,15,30,36
16255,64,15,30,36
16256,64,15,30,36
16257,64,15,30,36
16258,64,15,30,36
16259,64,15,30,37
16260,64,15,30,37
16261,64,15,30,37
16262,64,15,30,37
16263,64,15,30,37
16264,64,15,30,37
16265,64,15,30,37
16266,64,15,30,37
16267,64,15,30,37
16268,64,15,30,37
16269,64,15,30,37
16270,64,15,30,37
16271,64,15,30,37
16272,64,15,30,37
16273,64,15,30,37
16274,64,15,30,37
16275,64,15,30,37
16276,64,15,30,37
16277,64,15,30,37
16278,64,15,30,37
16279,64,15,30,37
16280,64,15,30,37
16281,64,15,30,37
16282,64,15,30,37
16283,64,15,30,37
16284,64,15,30,37
16285,64,15,30,37
16286,64,15,30,37
16287,64,15,30,37
16288,64,15,30,37
16289,64,15,30,37
16290,64,15,30,37
16291,64,15,30,37
16292,64,15,30,37
16293,64,15,30,37
16294,64,15,30,37
16295,64,15,30,37
16296,64,15,30,37
16297,64,15,30,37
16298,64,15,30,37
16299,64,15,30,37
16300,64,15,30,37
16301,64,15,30,37
16302,64,15,30,37
16303,64,15,30,37
16304,64,15,30,37
16305,64,15,30,37
16306,64,15,30,37
16307,64,15,30,37
16308,64,15,30,37
16309,64,15,30,37
16310,64,15,30,37
16311,64,15,30,37
16312,64,15,30,37
16313,64,15,30,37
16314,64,15,30,37
16315,64,15,30,37
16316,64,15,30,37
16317,64,15,30,37
16318,64,15,30,37
16319,64,15,30,37
16320,64,15,30,37
16321,64,15,30,37
16322,64,15,30,37
16323,64,15,30,37
16324,64,15,30,37
16325,64,15,30,37
16326,64,15,30,37
16327,64,15,30,37
16328,64,15,30,37
16329,64,15,30,37
16330,64,15,30,37
16331,64,15,30,37
16332,64,15,30,37
16333,64,15,30,37
16334,64,15,30,37
16335,64,15,30,37
16336,64,15,30,37
16337,64,15,30,37
16338,64,15,30,37
16339,64,15,30,37
16340,64,15,30,37
16341,64,15,30,37
16342,64,15,30,37
16343,64,15,30,37
16344,64,15,30,37
16345,64,15,30,37
16346,64,15,30,37
16347,64,15,30,37
16348,64,15,30,37
16349,64,15,30,37
16350,64,15,30,37
16351,64,15,30,37
16352,64,15,30,37
16353,64,15,30,37
16354,64,15,30,37
16355,64,15,30,37
16356,64,15,30,37
16357,64,15,30,37
16358,64,15,30,37
16359,64,15,30,37
16360,64,15,30,37
16361,64,15,30,37
16362,64,15,30,37
16363,64,15,30,37
16364,64,15,30,37
16365,64,15,30,37
16366,64,15,30,37
16367,64,15,30,37
16368,64,15,30,37
16369,64,15,30,37
16370,64,15,30,37
16371,64,15,30,37
16372,64,15,30,37
16373,64,15,30,37
16374,64,15,30,37
16375,64,15,30,37
16376,64,15,30,37
16377,64,15,30,37
16378,64,15,30,37
16379,64,15,30,37
16380,64,15,30,37
16381,64,15,30,37
16382,64,15,30,37
16383,64,15,30,37
16384,64,15,30,37
16385,64,15,30,37
16386,64,15,30,37
16387,64,15,30,37
16388,64,15,30,37
16389,64,15,30,37
16390,64,15,30,37
16391,64,15,30,37
16392,64,15,30,37
16393,64,15,30,37
16394,64,15,30,37
16395,64,15,30,37
16396,64,15,30,37
16397,64,15,30,37
16398,64,15,30,37
16399,64,15,30,37
16400,64,15,30,37
16401,64,15,30,37
16402,64,15,30,37
16403,64,15,30,37
16404,64,15,30,37
16405,64,15,30,37
16406,64,15,30,37
16407,64,15,30,37
16408,64,15,30,37
16409,64,15,30,37
16410,64,15,30,37
16411,64,15,30,37
16412,64,15,30,37
16413,64,15,30,38
16414,64,15,30,38
16415,64,15,30,38
16416,64,15,30,38
16417,64,15,30,38
16418,64,15,30,38
16419,64,15,30,38
16420,64,15,30,38
16421,64,15,30,38
16422,64,15,30,38
16423,64,15,30,38
16424,64,15,30,38
16425,64,15,30,38
16426,64,15,30,38
16427,64,15,30,38
16428,64,15,30,38
16429,64,15,30,38
16430,64,15,30,38
16431,64,15,30,38
16432,64,15,30,38
16433,64,15,30,38
16434,64,15,30,38
16435,64,15,30,38
16436,64,15,30,38
16437,64,15,30,38
16438,64,15,30,38
16439,64,15,30,38
16440,64,15,30,38
16441,64,15,30,38
16442,64,15,30,38
16443,64,15,30,38
16444,64,15,30,38
16445,64,15,30,38
16446,64,15,30,38
16447,64,15,30,38
16448,64,15,30,38
16449,64,15,30,38
16450,64,15,30,38
16451,64,15,30,38
16452,64,15,30,38
16453,64,15,30,38
16454,64,15,30,38
16455,64,15,30,38
16456,64,15,30,38
16457,64,15,30,38
16458,64,15,30,38
16459,64,15,30,38
16460,64,15,30,38
16461,64,15,30,38
16462,64,15,30,38
16463,64,15,30,38
16464,64,15,30,38
16465,64,15,30,38
16466,64,15,30,38
16467,64,15,30,38
16468,64,15,30,38
16469,64,15,30,38
16470,64,15,30,38
16471,64,15,30,38
16472,64,15,30,38
16473,64,15,30,38
16474,64,15,30,38
16475,64,15,30,38
16476,64,15,30,38
16477,64,15,30,38
16478,64,15,30,38
16479,64,15,30,38
16480,64,15,30,38
16481,64,15,30,38
16482,64,15,30,38
16483,64,15,30,38
16484,64,15,30,38
16485,64,15,30,38
16486,64,15,30,38
16487,64,15,30,38
16488,64,15,30,38
16489,64,15,30,38
16490,64,15,30,38
16491,64,15,30,38
16492,64,15,30,38
16493,64,15,30,38
16494,64,15,30,38
16495,64,15,30,38
16496,64,15,30,38
16497,64,15,30,38
16498,64,15,30,38
16499,64,15,30,38
16500,64,15,30,38
16501,64,15,30,38
16502,64,15,30,38
16503,64,15,30,38
16504,64,15,30,38
16505,64,15,30,38
16506,64,15,30,38
16507,64,15,30,38
16508,64,15,30,38
16509,64,15,30,38
16510,64,15,30,38
16511,64,15,30,38
16512,64,15,30,38
16513,64,15,30,38
16514,64,15,30,38
16515,64,15,30,38
16516,64,15,30,38
16517,64,15,30,38
16518,64,15,30,38
16519,64,15,30,38
16520,64,15,30,38
16521,64,15,30,38
16522,64,15,30,38
16523,64,15,30,38
16524,64,15,30,38
16525,64,15,30,38
16526,64,15,30,38
16527,64,15,30,38
16528,64,15,30,38
16529,64,15,30,38
16530,64,15,30,38
16531,64,15,30,38
16532,64,15,30,38
16533,64,15,30,38
16534,64,15,30,38
16535,64,15,30,38
16536,64,15,30,38
16537,64,15,30,38
16538,64,15,30,38
16539,64,15,30,38
16540,64,15,30,38
16541,64,15,30,38
16542,64,15,30,38
16543,64,15,30,38
16544,64,15,30,38
16545,64,15,30,38
16546,64,15,30,38
16547,64,15,30,38
16548,64,15,30,38
16549,64,15,30,38
16550,64,15,30,38
16551,64,15,30,38
16552,64,15,30,38
16553,64,15,30,38
16554,64,15,30,38
16555,64,15,30,38
16556,64,15,30,38
16557,64,15,30,38
16558,64,15,30,38
16559,64,15,30,38
16560,64,15,30,38
16561,64,15,30,38
16562,64,15,30,38
16563,64,15,30,38
16564,64,15,30,38
16565,64,15,30,38
16566,64,15,30,38
16567,64,15,30,38
16568,64,15,30,38
16569,64,15,30,38
16570,64,15,30,38
16571,64,15,30,38
16572,64,15,30,38
16573,64,15,30,38
16574,64,15,30,38
16575,64,15,30,38
16576,64,15,30,38
16577,64,15,30,38
16578,64,15,30,38
16579,64,15,30,38
16580,64,15,30,38
16581,64,15,30,38
16582,64,15,30,38
16583,64,15,30,38
16584,64,15,30,38
16585,64,15,30,38
16586,64,15,30,38
16587,64,15,30,38
16588,64,15,30,38
16589,64,15,30,38
16590,64,15,30,38
16591,64,15,30,38
16592,64,15,30,38
16593,64,15,30,38
16594,64,15,30,38
16595,64,15,30,38
16596,64,15,30,38
16597,64,15,30,38
16598,64,15,30,38
16599,64,15,30,38
16600,64,15,30,38
16601,64,15,30,38
16602,64,15,30,38
16603,64,15,30,38
16604,64,15,30,38
16605,64,15,30,38
16606,64,15,30,38
16607,64,15,30,38
16608,64,15,30,38
16609,64,15,30,38
16610,64,15,30,38
16611,64,15,30,38
16612,64,15,30,38
16613,64,15,30,38
16614,64,15,30,38
16615,64,15,30,38
16616,64,15,30,38
16617,64,15,30,38
16618,64,15,30,38
16619,64,15,30,38
16620,64,15,30,38
16621,64,15,30,38
16622,64,15,30,38
16623,64,15,30,38
16624,64,15,30,38
16625,64,15,30,38
16626,64,15,30,38
16627,64,15,30,38
16628,64,15,30,38
16629,64,15,30,38
16630,64,15,30,38
16631,64,15,30,38
16632,64,15,30,38
16633,64,15,30,38
16634,64,15,30,38
16635,64,15,30,38
16636,64,15,30,38
16637,64,15,30,38
16638,64,15,30,38
16639,64,15,30,38
16640,64,15,30,38
16641,64,15,30,38
16642,64,15,30,38
16643,64,15,30,38
16644,64,15,30,38
16645,64,15,30,38
16646,64,15,30,38
16647,64,15,30,38
16648,64,15,30,38
16649,64,15,30,38
16650,64,15,30,38
16651,64,15,30,38
16652,64,15,30,38
16653,64,15,30,38
16654,64,15,30,38
16655,64,15,30,38
16656,64,15,30,38
16657,64,15,30,38
16658,64,15,30,38
16659,64,15,30,38
16660,64,15,30,38
16661,64,15,30,38
16662,64,15,30,38
16663,64,15,30,38
16664,64,15,30,38
16665,64,15,30,38
16666,64,15,30,38
16667,64,15,30,38
16668,64,15,30,38
16669,64,15,30,38
16670,64,15,30,38
16671,64,15,30,38
16672,64,15,30,38
16673,64,15,30,38
16674,64,15,30,38
16675,64,15,30,38
16676,64,15,30,38
16677,64,15,30,38
16678,64,15,30,38
16679,64,15,30,38
16680,64,15,30,38
16681,64,15,30,38
16682,64,15,30,38
16683,64,15,30,38
16684,64,15,30,38
16685,64,15,30,38
16686,64,15,30,38
16687,64,15,30,38
16688,64,15,30,38
16689,64,15,30,38
16690,64,15,30,38
16691,64,15,30,38
16692,64,15,30,38
16693,64,15,30,38
16694,64,15,30,38
16695,64,15,30,38
16696,64,15,30,38
16697,64,15,30,38
16698,64,15,30,38
16699,64,15,30,38
16700,64,15,30,38
16701,64,15,30,38
16702,64,15,30,38
16703,64,15,30,38
16704,64,15,30,38
16705,64,15,30,38
16706,64,15,30,38
16707,64,15,30,38
16708,64,15,30,38
16709,64,15,30,38
16710,64,15,30,38
16711,64,15,30,38
16712,64,15,30,38
16713,64,15,30,38
16714,64,15,30,38
16715,64,15,30,38
16716,64,15,30,38
16717,64,15,30,38
16718,64,15,30,38
16719,64,15,30,38
16720,64,15,30,38
16721,64,15,30,38
16722,64,15,30,38
16723,64,15,30,38
16724,64,15,30,38
16725,64,15,30,38
16726,64,15,30,38
16727,64,15,30,38
16728,64,15,30,38
16729,64,15,30,38
16730,64,15,30,38
16731,64,15,30,38
16732,64,15,30,38
16733,64,15,30,38
16734,64,15,30,38
16735,64,15,30,38
16736,64,15,30,38
16737,64,15,30,38
16738,64,15,30,38
16739,64,15,30,38
16740,64,15,30,38
16741,64,15,30,38
16742,64,15,30,38
16743,64,15,30,38
16744,64,15,30,38
16745,64,15,30,38
16746,64,15,30,38
16747,64,15,30,38
16748,64,15,30,38
16749,64,15,30,38
16750,64,15,30,38
16751,64,15,30,38
16752,64,15,30,38
16753,64,15,30,38
16754,64,15,30,38
16755,64,15,30,38
16756,64,15,30,38
16757,64,15,30,38
16758,64,15,30,38
16759,64,15,30,38
16760,64,15,30,38
16761,64,15,30,38
16762,64,15,30,38
16763,64,15,30,38
16764,64,15,30,38
16765,64,15,30,38
16766,64,15,30,38
16767,64,15,30,38
16768,64,15,30,38
16769,64,15,30,38
16770,64,15,30,38
16771,64,15,30,38
16772,64,15,30,38
16773,64,15,30,38
16774,64,15,30,38
16775,64,15,30,38
16776,64,15,30,38
16777,64,15,30,38
16778,64,15,30,38
16779,64,15,30,38
16780,64,15,30,38
16781,64,15,30,38
16782,64,15,30,38
16783,64,15,30,38
16784,64,15,30,38
16785,64,15,30,38
16786,64,15,30,38
16787,64,15,30,38
16788,64,15,30,38
16789,64,15,30,38
16790,64,15,30,38
16791,64,15,30,38
16792,64,15,30,38
16793,64,15,30,38
16794,64,15,30,38
16795,64,15,30,38
16796,64,15,30,38
16797,64,15,30,38
16798,64,15,30,38
16799,64,15,30,38
16800,64,15,30,38
16801,64,15,30,38
16802,64,15,30,38
16803,64,15,30,38
16804,64,15,30,38
16805,64,15,30,38
16806,64,15,30,38
16807,64,15,30,38
16808,64,15,30,38
16809,64,15,30,38
16810,64,15,30,38
16811,64,15,30,38
16812,64,15,30,38
16813,64,15,30,38
16814,64,15,30,38
16815,64,15,30,38
16816,64,15,30,38
16817,64,15,30,38
16818,64,15,30,38
16819,64,15,30,38
16820,64,15,30,38
16821,64,15,30,38
16822,64,15,30,38
16823,64,15,30,38
16824,64,15,30,38
16825,64,15,30,38
16826,64,15,30,38
16827,64,15,30,38
16828,64,15,30,38
16829,64,15,30,38
16830,64,15,30,38
16831,64,15,30,38
16832,64,15,30,38
16833,64,15,30,38
16834,64,15,30,38
16835,64,15,30,38
16836,64,15,30,38
16837,64,15,30,38
16838,64,15,30,38
16839,64,15,30,38
16840,64,15,30,38
16841,64,15,30,38
16842,64,15,30,38
16843,64,15,30,38
16844,64,15,30,38
16845,64,15,30,38
16846,64,15,30,38
16847,64,15,30,38
16848,64,15,30,38
16849,64,15,30,38
16850,64,15,30,38
16851,64,15,30,38
16852,64,15,30,38
16853,64,15,30,38
16854,64,15,30,38
16855,64,15,30,38
16856,64,15,30,38
16857,64,15,30,38
16858,64,15,30,38
16859,64,15,30,38
16860,64,15,30,38
16861,64,15,30,38
16862,64,15,30,38
16863,64,15,30,38
16864,64,15,30,38
16865,64,15,30,38
16866,64,15,30,38
16867,64,15,30,38
16868,64,15,30,38
16869,64,15,30,38
16870,64,15,30,38
16871,64,15,30,38
16872,64,15,30,38
16873,64,15,30,38
16874,64,15,30,38
16875,64,15,30,38
16876,64,15,30,38
16877,64,15,30,38
16878,64,15,30,38
16879,64,15,30,38
16880,64,15,30,38
16881,64,15,30,38
16882,64,15,30,38
16883,64,15,30,38
16884,64,15,30,38
16885,64,15,30,38
16886,64,15,30,38
16887,64,15,30,38
16888,64,15,30,38
16889,64,15,30,38
16890,64,15,30,38
16891,64,15,30,38
16892,64,15,30,38
16893,64,15,30,38
16894,64,15,30,38
16895,64,15,30,38
16896,64,15,30,38
16897,64,15,30,38
16898,64,15,30,38
16899,64,15,30,38
16900,64,15,30,38
16901,64,15,30,38
16902,64,15,30,38
16903,64,15,30,38
16904,64,15,30,38
16905,64,15,30,38
16906,64,15,30,38
16907,64,15,30,38
16908,64,15,30,38
16909,64,15,30,38
16910,64,15,30,38
16911,64,15,30,38
16912,64,15,30,38
16913,64,15,30,38
16914,64,15,30,38
16915,64,15,30,38
16916,64,15,30,38
16917,64,15,30,38
16918,64,15,30,38
16919,64,15,30,38
16920,64,15,30,38
16921,64,15,30,38
16922,64,15,30,38
16923,64,15,30,38
16924,64,15,30,38
16925,64,15,30,38
16926,64,15,30,38
16927,64,15,30,38
16928,64,15,30,38
16929,64,15,30,38
16930,64,15,30,38
16931,64,15,30,38
16932,64,15,30,38
16933,64,15,30,38
16934,64,15,30,38
16935,64,15,30,38
16936,64,15,30,38
16937,64,15,30,38
16938,64,15,30,38
16939,64,15,30,38
16940,64,15,30,38
16941,64,15,30,38
16942,64,15,30,38
16943,64,15,30,38
16944,64,15,30,38
16945,64,15,30,38
16946,64,15,30,38
16947,64,15,30,38
16948,64,15,30,38
16949,64,15,30,38
16950,64,15,30,38
16951,64,15,30,38
16952,64,15,30,38
16953,64,15,30,38
16954,64,15,30,38
16955,64,15,30,38
16956,64,15,30,39
16957,64,15,30,39
16958,64,15,30,39
16959,64,15,30,39
16960,64,15,30,39
16961,64,15,30,39
16962,64,15,30,39
16963,64,15,30,39
16964,64,15,30,39
16965,64,15,30,39
16966,64,15,30,39
16967,64,15,30,39
16968,64,15,30,39
16969,64,15,30,39
16970,64,15,30,39
16971,64,15,30,39
16972,64,15,30,39
16973,64,15,30,39
16974,64,15,30,39
16975,64,15,30,39
16976,64,15,30,39
16977,64,15,30,39
16978,64,15,30,39
16979,64,15,30,39
16980,64,15,30,39
16981,64,15,30,39
16982,64,15,30,39
16983,64,15,30,39
16984,64,15,30,39
16985,64,15,30,39
16986,64,15,30,39
16987,64,15,30,39
16988,64,15,30,39
16989,64,15,30,39
16990,64,15,30,39
16991,64,15,30,39
16992,64,15,30,39
16993,64,15,30,39
16994,64,15,30,39
16995,64,15,30,39
16996,64,15,30,39
16997,64,15,30,39
16998,64,15,30,39
16999,64,15,30,39
17000,64,15,30,39
17001,64,15,30,39
17002,64,15,30,39
17003,64,15,30,39
17004,64,15,30,39
17005,64,15,30,39
17006,64,15,30,39
17007,64,15,30,39
17008,64,15,30,39
17009,64,15,30,39
17010,64,15,30,39
17011,64,15,30,39
17012,64,15,30,39
17013,64,15,30,39
17014,64,15,30,39
17015,64,15,30,39
17016,64,15,30,39
17017,64,15,30,39
17018,64,15,30,39
17019,64,15,30,39
17020,64,15,30,39
17021,64,15,30,39
17022,64,15,30,39
17023,64,15,30,39
17024,64,15,30,39
17025,64,15,30,39
17026,64,15,30,39
17027,64,15,30,39
17028,64,15,30,39
17029,64,15,30,39
17030,64,15,30,39
17031,64,15,30,39
17032,64,15,30,39
17033,64,15,30,39
17034,64,15,30,39
17035,64,15,30,39
17036,64,15,30,39
17037,64,15,30,39
17038,64,15,30,39
17039,64,15,30,39
17040,64,15,30,39
17041,64,15,30,39
17042,64,15,30,39
17043,64,15,30,39
17044,64,15,30,39
17045,64,15,30,39
17046,64,15,30,39
17047,64,15,30,39
17048,64,15,30,39
17049,64,15,30,39
17050,64,15,30,39
17051,64,15,30,39
17052,64,15,30,39
17053,64,15,30,39
17054,64,15,30,39
17055,64,15,30,39
17056,64,15,30,39
17057,64,15,30,39
17058,64,15,30,39
17059,64,15,30,39
17060,64,15,30,39
17061,64,15,30,39
17062,64,15,30,39
17063,64,15,30,39
17064,64,15,30,39
17065,64,15,30,39
17066,64,15,30,39
17067,64,15,30,39
17068,64,15,30,39
17069,64,15,30,39
17070,64,15,30,39
17071,64,15,30,39
17072,64,15,30,39
17073,64,15,30,39
17074,64,15,30,39
17075,64,15,30,39
17076,64,15,30,39
17077,64,15,30,39
17078,64,15,30,39
17079,64,15,30,39
17080,64,15,30,39
17081,64,15,30,39
17082,64,15,30,39
17083,64,15,30,39
17084,64,15,30,39
17085,64,15,30,39
17086,64,15,30,39
17087,64,15,30,39
17088,64,15,30,39
17089,64,15,30,39
17090,64,15,30,39
17091,64,15,30,39
17092,64,15,30,39
17093,64,15,30,39
17094,64,15,30,39
17095,64,15,30,39
17096,64,15,30,39
17097,64,15,30,39
17098,64,15,30,39
17099,64,15,30,39
17100,64,15,30,39
17101,64,15,30,39
17102,64,15,30,39
17103,64,15,30,39
17104,64,15,30,39
17105,64,15,30,39
17106,64,15,30,39
17107,64,15,30,39
17108,64,15,30,39
17109,64,15,30,39
17110,64,15,30,39
17111,64,15,30,39
17112,64,15,30,39
17113,64,15,30,39
17114,64,15,30,39
17115,64,15,30,39
17116,64,15,30,39
17117,64,15,30,39
17118,64,15,30,39
17119,64,15,30,39
17120,64,15,30,39
17121,64,15,30,39
17122,64,15,30,39
17123,64,15,30,39
17124,64,15,30,39
17125,64,15,30,39
17126,64,15,30,39
17127,64,15,30,39
17128,64,15,30,39
17129,64,15,30,39
17130,64,15,30,39
17131,64,15,30,39
17132,64,15,30,39
17133,64,15,30,39
17134,64,15,30,39
17135,64,15,30,39
17136,64,15,30,39
17137,64,15,30,39
17138,64,15,30,39
17139,64,15,30,39
17140,64,15,30,39
17141,64,15,30,39
17142,64,15,30,39
17143,64,15,30,39
17144,64,15,30,39
17145,64,15,30,39
17146,64,15,30,39
17147,64,15,30,39
17148,64,15,30,39
17149,64,15,30,39
17150,64,15,30,39
17151,64,15,30,39
17152,64,15,30,39
17153,64,15,30,39
17154,64,15,30,39
17155,64,15,30,39
17156,64,15,30,39
17157,64,15,30,39
17158,64,15,30,39
17159,64,15,30,39
17160,64,15,30,39
17161,64,15,30,39
17162,64,15,30,39
17163,64,15,30,39
17164,64,15,30,39
17165,64,15,30,39
17166,64,15,30,39
17167,64,15,30,39
17168,64,15,30,39
17169,64,15,30,39
17170,64,15,30,39
17171,64,15,30,39
17172,64,15,30,39
17173,64,15,30,39
17174,64,15,30,39
17175,64,15,30,39
17176,64,15,30,39
17177,64,15,30,39
17178,64,15,30,39
17179,64,15,30,39
17180,64,15,30,39
17181,64,15,30,39
17182,64,15,30,39
17183,64,15,30,39
17184,64,15,30,39
17185,64,15,30,39
17186,64,15,30,39
17187,64,15,30,39
17188,64,15,30,39
17189,64,15,30,39
17190,64,15,30,39
17191,64,15,30,39
17192,64,15,30,39
17193,64,15,30,39
17194,64,15,30,39
17195,64,15,30,39
17196,64,15,30,39
17197,64,15,30,39
17198,64,15,30,39
17199,64,15,30,39
17200,64,15,30,39
17201,64,15,30,39
17202,64,15,30,39
17203,64,15,30,39
17204,64,15,30,39
17205,64,15,30,39
17206,64,15,30,39
17207,64,15,30,39
17208,64,15,30,39
17209,64,15,30,39
17210,64,15,30,39
17211,64,15,30,39
17212,64,15,30,39
17213,64,15,30,39
17214,64,15,30,39
17215,64,15,30,39
17216,64,15,30,39
17217,64,15,30,39
17218,64,15,30,39
17219,64,15,30,39
17220,64,15,30,39
17221,64,15,30,39
17222,64,15,30,39
17223,64,15,30,39
17224,64,15,30,39
17225,64,15,30,39
17226,64,15,30,39
17227,64,15,30,39
17228,64,15,30,39
17229,64,15,30,39
17230,64,15,30,39
17231,64,15,30,39
17232,64,15,30,39
17233,64,15,30,39
17234,64,15,30,39
17235,64,15,30,39
17236,64,15,30,39
17237,64,15,30,39
17238,64,15,30,39
17239,64,15,30,39
17240,64,15,30,39
17241,64,15,30,39
17242,64,15,30,39
17243,64,15,30,39
17244,64,15,30,39
17245,64,15,30,39
17246,64,15,30,39
17247,64,15,30,39
17248,64,15,30,39
17249,64,15,30,39
17250,64,15,30,39
17251,64,15,30,39
17252,64,15,30,39
17253,64,15,30,39
17254,64,15,30,39
17255,64,15,30,39
17256,64,15,30,39
17257,64,15,30,39
17258,64,15,30,39
17259,64,15,30,39
17260,64,15,30,39
17261,64,15,30,39
17262,64,15,30,39
17263,64,15,30,39
17264,64,15,30,39
17265,64,15,30,39
17266,64,15,30,39
17267,64,15,30,39
17268,64,15,30,39
17269,64,15,30,39
17270,64,15,30,39
17271,64,15,30,39
17272,64,15,30,39
17273,64,15,30,39
17274,64,15,30,39
17275,64,15,30,39
17276,64,15,30,39
17277,64,15,30,39
17278,64,15,30,39
17279,64,15,30,39
17280,64,15,30,39
17281,64,15,30,39
17282,64,15,30,39
17283,64,15,30,39
17284,64,15,30,39
17285,64,15,30,39
17286,64,15,30,39
17287,64,15,30,39
17288,64,15,30,39
17289,64,15,30,39
17290,64,15,30,39
17291,64,15,30,39
17292,64,15,30,39
17293,64,15,30,39
17294,64,15,30,39
17295,64,15,30,39
17296,64,15,30,39
17297,64,15,30,39
17298,64,15,30,39
17299,64,15,30,39
17300,64,15,30,39
17301,64,15,30,39
17302,64,15,30,39
17303,64,15,30,39
17304,64,15,30,39
17305,64,15,30,39
17306,64,15,30,39
17307,64,15,30,39
17308,64,15,30,39
17309,64,15,30,39
17310,64,15,30,39
17311,64,15,30,39
17312,64,15,30,39
17313,64,15,30,39
17314,64,15,30,39
17315,64,15,30,39
17316,64,15,30,39
17317,64,15,30,39
17318,64,15,30,39
17319,64,15,30,39
17320,64,15,30,39
17321,64,15,30,39
17322,64,15,30,39
17323,64,15,30,39
17324,64,15,30,39
17325,64,15,30,39
17326,64,15,30,39
17327,64,15,30,39
17328,64,15,30,39
17329,64,15,30,39
17330,64,15,30,39
17331,64,15,30,39
17332,64,15,30,39
17333,64,15,30,39
17334,64,15,30,39
17335,64,15,30,39
17336,64,15,30,39
17337,64,15,30,39
17338,64,15,30,39
17339,64,15,30,39
17340,64,15,30,39
17341,64,15,30,39
17342,64,15,30,39
17343,64,15,30,39
17344,64,15,30,39
17345,64,15,30,39
17346,64,15,30,39
17347,64,15,30,39
17348,64,15,30,39
17349,64,15,30,39
17350,64,15,30,39
17351,64,15,30,39
17352,64,15,30,39
17353,64,15,30,39
17354,64,15,30,39
17355,64,15,30,39
17356,64,15,30,39
17357,64,15,30,39
17358,64,15,30,39
17359,64,15,30,39
17360,64,15,30,39
17361,64,15,30,39
17362,64,15,30,39
17363,64,15,30,39
17364,64,15,30,39
17365,64,15,30,39
17366,64,15,30,39
17367,64,15,30,39
17368,64,15,30,39
17369,64,15,30,39
17370,64,15,30,39
17371,64,15,30,39
17372,64,15,30,39
17373,64,15,30,39
17374,64,15,30,39
17375,64,15,30,39
17376,64,15,30,39
17377,64,15,30,39
17378,64,15,30,39
17379,64,15,30,39
17380,64,15,30,39
17381,64,15,30,39
17382,64,15,30,39
17383,64,15,30,39
17384,64,15,30,39
17385,64,15,30,39
17386,64,15,30,39
17387,64,15,30,39
17388,64,15,30,39
17389,64,15,30,39
17390,64,15,30,39
17391,64,15,30,39
17392,64,15,30,39
17393,64,15,30,39
17394,64,15,30,39
17395,64,15,30,39
17396,64,15,30,39
17397,64,15,30,39
17398,64,15,30,39
17399,64,15,30,39
17400,64,15,30,39
17401,64,15,30,39
17402,64,15,30,39
17403,64,15,30,39
17404,64,15,30,39
17405,64,15,30,39
17406,64,15,30,39
17407,64,15,30,39
17408,64,15,30,39
17409,64,15,30,39
17410,64,15,30,39
17411,64,15,30,39
17412,64,15,30,39
17413,64,15,30,39
17414,64,15,30,39
17415,64,15,30,39
17416,64,15,30,39
17417,64,15,30,39
17418,64,15,30,39
17419,64,15,30,39
17420,64,15,30,39
17421,64,15,30,39
17422,64,15,30,39
17423,64,15,30,39
17424,64,15,30,39
17425,64,15,30,39
17426,64,15,30,39
17427,64,15,30,39
17428,64,15,30,39
17429,64,15,30,39
17430,64,15,30,39
17431,64,15,30,39
17432,64,15,30,39
17433,64,15,30,39
17434,64,15,30,39
17435,64,15,30,39
17436,64,15,30,39
17437,64,15,30,39
17438,64,15,30,39
17439,64,15,30,39
17440,64,15,30,39
17441,64,15,30,39
17442,64,15,30,39
17443,64,15,30,39
17444,64,15,30,39
17445,64,15,30,39
17446,64,15,30,39
17447,64,15,30,39
17448,64,15,30,39
17449,64,15,30,39
17450,64,15,30,39
17451,64,15,30,39
17452,64,15,30,39
17453,64,15,30,39
17454,64,15,30,39
17455,64,15,30,39
17456,64,15,30,39
17457,64,15,30,39
17458,64,15,30,39
17459,64,15,30,39
17460,64,15,30,39
17461,64,15,30,39
17462,64,15,30,39
17463,64,15,30,39
17464,64,15,30,39
17465,64,15,30,39
17466,64,15,30,39
17467,64,15,30,39
17468,64,15,30,39
17469,64,15,30,39
17470,64,15,30,39
17471,64,15,30,39
17472,64,15,30,39
17473,64,15,30,39
17474,64,15,30,39
17475,64,15,30,39
17476,64,15,30,39
17477,64,15,30,39
17478,64,15,30,39
17479,64,15,30,39
17480,64,15,30,39
17481,64,15,30,39
17482,64,15,30,39
17483,64,15,30,39
17484,64,15,30,39
17485,64,15,30,39
17486,64,15,30,39
17487,64,15,30,39
17488,64,15,30,39
17489,64,15,30,39
17490,64,15,30,39
17491,64,15,30,39
17492,64,15,30,39
17493,64,15,30,39
17494,64,15,30,39
17495,64,15,30,39
17496,64,15,30,39
17497,64,15,30,39
17498,64,15,30,39
17499,64,15,30,39
17500,64,15,30,39
17501,64,15,30,39
17502,64,15,30,39
17503,64,15,30,39
17504,64,15,30,39
17505,64,15,30,39
17506,64,15,30,39
17507,64,15,30,39
17508,64,15,30,39
17509,64,15,30,39
17510,64,15,30,39
17511,64,15,30,39
17512,64,15,30,39
17513,64,15,30,39
17514,64,15,30,39
17515,64,15,30,39
17516,64,15,30,39
17517,64,15,30,39
17518,64,15,30,39
17519,64,15,30,39
17520,64,15,30,39
17521,64,15,30,39
17522,64,15,30,39
17523,64,15,30,39
17524,64,15,30,39
17525,64,15,30,39
17526,64,15,30,39
17527,64,15,30,39
17528,64,15,30,39
17529,64,15,30,39
17530,64,15,30,39
17531,64,15,30,39
17532,64,15,30,39
17533,64,15,30,39
17534,64,15,30,39
17535,64,15,30,39
17536,64,15,30,39
17537,64,15,30,39
17538,64,15,30,39
17539,64,15,30,39
17540,64,15,30,39
17541,64,15,30,39
17542,64,15,30,39
17543,64,15,30,39
17544,64,15,30,39
17545,64,15,30,39
17546,64,15,30,39
17547,64,15,30,39
17548,64,15,30,39
17549,64,15,30,39
17550,64,15,30,39
17551,64,15,30,39
17552,64,15,30,39
17553,64,15,30,39
17554,64,15,30,39
17555,64,15,30,39
17556,64,15,30,39
17557,64,15,30,39
17558,64,15,30,39
17559,64,15,30,39
17560,64,15,30,39
17561,64,15,30,39
17562,64,15,30,39
17563,64,15,30,39
17564,64,15,30,39
17565,64,15,30,39
17566,64,15,30,39
17567,64,15,30,39
17568,64,15,30,39
17569,64,15,30,39
17570,64,15,30,39
17571,64,15,30,39
17572,64,15,30,39
17573,64,15,30,39
17574,64,15,30,39
17575,64,15,30,39
17576,64,15,30,39
17577,64,15,30,39
17578,64,15,30,39
17579,64,15,30,39
17580,64,15,30,39
17581,64,15,30,39
17582,64,15,30,39
17583,64,15,30,39
17584,64,15,30,39
17585,64,15,30,39
17586,64,15,30,39
17587,64,15,30,39
17588,64,15,30,39
17589,64,15,30,39
17590,64,15,30,39
17591,64,15,30,39
17592,64,15,30,39
17593,64,15,30,39
17594,64,15,30,39
17595,64,15,30,39
17596,64,15,30,39
17597,64,15,30,39
17598,64,15,30,39
17599,64,15,30,39
17600,64,15,30,39
17601,64,15,30,39
17602,64,15,30,39
17603,64,15,30,39
17604,64,15,30,39
17605,64,15,30,39
17606,64,15,30,39
17607,64,15,30,39
17608,64,15,30,39
17609,64,15,30,39
17610,64,15,30,39
17611,64,15,30,39
17612,64,15,30,39
17613,64,15,30,39
17614,64,15,30,39
17615,64,15,30,39
17616,64,15,30,39
17617,64,15,30,39
17618,64,15,30,39
17619,64,15,30,39
17620,64,15,30,39
17621,64,15,30,39
17622,64,15,30,39
17623,64,15,30,39
17624,64,15,30,39
17625,64,15,30,39
17626,64,15,30,39
17627,64,15,30,39
17628,64,15,30,39
17629,64,15,30,39
17630,64,15,30,39
17631,64,15,30,39
17632,64,15,30,39
17633,64,15,30,39
17634,64,15,30,39
17635,64,15,30,39
17636,64,15,30,39
17637,64,15,30,39
17638,64,15,30,39
17639,64,15,30,39
17640,64,15,30,39
17641,64,15,30,39
17642,64,15,30,39
17643,64,15,30,39
17644,64,15,30,39
17645,64,15,30,39
17646,64,15,30,39
17647,64,15,30,39
17648,64,15,30,39
17649,64,15,30,39
17650,64,15,30,39
17651,64,15,30,39
17652,64,15,30,39
17653,64,15,30,39
17654,64,15,30,39
17655,64,15,30,39
17656,64,15,30,39
17657,64,15,30,39
17658,64,15,30,39
17659,64,15,30,39
17660,64,15,30,39
17661,64,15,30,39
17662,64,15,30,39
17663,64,15,30,39
17664,64,15,30,39
17665,64,15,30,39
17666,64,15,30,39
17667,64,15,30,39
17668,64,15,30,39
17669,64,15,30,39
17670,64,15,30,39
17671,64,15,30,39
17672,64,15,30,39
17673,64,15,30,39
17674,64,15,30,39
17675,64,15,30,39
17676,64,15,30,39
17677,64,15,30,39
17678,64,15,30,39
17679,64,15,30,39
17680,64,15,30,39
17681,64,15,30,39
17682,64,15,30,39
17683,64,15,30,39
17684,64,15,30,39
17685,64,15,30,39
17686,64,15,30,39
17687,64,15,30,39
17688,64,15,30,39
17689,64,15,30,39
17690,64,15,30,39
17691,64,15,30,39
17692,64,15,30,39
17693,64,15,30,39
17694,64,15,30,39
17695,64,15,30,39
17696,64,15,30,39
17697,64,15,30,39
17698,64,15,30,39
17699,64,15,30,39
17700,64,15,30,39
17701,64,15,30,39
17702,64,15,30,39
17703,64,15,30,39
17704,64,15,30,39
17705,64,15,30,39
17706,64,15,30,39
17707,64,15,30,39
17708,64,15,30,39
17709,64,15,30,39
17710,64,15,30,39
17711,64,15,30,39
17712,64,15,30,39
17713,64,15,30,39
17714,64,15,30,39
17715,64,15,30,39
17716,64,15,30,39
17717,64,15,30,39
17718,64,15,30,39
17719,64,15,30,39
17720,64,15,30,39
17721,64,15,30,39
17722,64,15,30,39
17723,64,15,30,39
17724,64,15,30,39
17725,64,15,30,39
17726,64,15,30,39
17727,64,15,30,39
17728,64,15,30,39
17729,64,15,30,39
17730,64,15,30,39
17731,64,15,30,39
17732,64,15,30,39
17733,64,15,30,39
17734,64,15,30,39
17735,64,15,30,39
17736,64,15,30,39
17737,64,15,30,39
17738,64,15,30,39
17739,64,15,30,39
17740,64,15,30,39
17741,64,15,30,39
17742,64,15,30,39
17743,64,15,30,39
17744,64,15,30,39
17745,64,15,30,39
17746,64,15,30,39
17747,64,15,30,39
17748,64,15,30,39
17749,64,15,30,39
17750,64,15,30,39
17751,64,15,30,39
17752,64,15,30,39
17753,64,15,30,39
17754,64,15,30,39
17755,64,15,30,39
17756,64,15,30,39
17757,64,15,30,39
17758,64,15,30,39
17759,64,15,30,39
17760,64,15,30,39
17761,64,15,30,39
17762,64,15,30,39
17763,64,15,30,39
17764,64,15,30,39
17765,64,15,30,39
17766,64,15,30,39
17767,64,15,30,39
17768,64,15,30,39
17769,64,15,30,39
17770,64,15,30,39
17771,64,15,30,39
17772,64,15,30,39
17773,64,15,30,39
17774,64,15,30,39
17775,64,15,30,39
17776,64,15,30,39
17777,64,15,30,39
17778,64,15,30,39
17779,64,15,30,39
17780,64,15,30,39
17781,64,15,30,39
17782,64,15,30,39
17783,64,15,30,39
17784,64,15,30,39
17785,64,15,30,39
17786,64,15,30,39
17787,64,15,30,39
17788,64,15,30,39
17789,64,15,30,39
17790,64,15,30,39
17791,64,15,30,39
17792,64,15,30,39
17793,64,15,30,39
17794,64,15,30,39
17795,64,15,30,39
17796,64,15,30,39
17797,64,15,30,39
17798,64,15,30,39
17799,64,15,30,39
17800,64,15,30,39
17801,64,15,30,39
17802,64,15,30,39
17803,64,15,30,39
17804,64,15,30,39
17805,64,15,30,39
17806,64,15,30,39
17807,64,15,30,39
17808,64,15,30,39
17809,64,15,30,39
17810,64,15,30,39
17811,64,15,30,39
17812,64,15,30,39
17813,64,15,30,39
17814,64,15,30,39
17815,64,15,30,39
17816,64,15,30,39
17817,64,15,30,39
17818,64,15,30,39
17819,64,15,30,39
17820,64,15,30,39
17821,64,15,30,39
17822,64,15,30,39
17823,64,15,30,39
17824,64,15,30,39
17825,64,15,30,39
17826,64,15,30,39
17827,64,15,30,39
17828,64,15,30,39
17829,64,15,30,39
17830,64,15,30,39
17831,64,15,30,39
17832,64,15,30,39
17833,64,15,30,39
17834,64,15,30,39
17835,64,15,30,39
17836,64,15,30,39
17837,64,15,30,39
17838,64,15,30,39
17839,64,15,30,39
17840,64,15,30,39
17841,64,15,30,39
17842,64,15,30,39
17843,64,15,30,39
17844,64,15,30,39
17845,64,15,30,39
17846,64,15,30,39
17847,64,15,30,39
17848,64,15,30,39
17849,64,15,30,39
17850,64,15,30,39
17851,64,15,30,39
17852,64,15,30,39
17853,64,15,30,39
17854,64,15,30,39
17855,64,15,30,39
17856,64,15,30,39
17857,64,15,30,39
17858,64,15,30,39
17859,64,15,30,39
17860,64,15,30,39
17861,64,15,30,39
17862,64,15,30,39
17863,64,15,30,39
17864,64,15,30,39
17865,64,15,30,39
17866,64,15,30,39
17867,64,15,30,39
17868,64,15,30,39
17869,64,15,30,39
17870,64,15,30,39
17871,64,15,30,39
17872,64,15,30,39
17873,64,15,30,39
17874,64,15,30,39
17875,64,15,30,39
17876,64,15,30,39
17877,64,15,30,39
17878,64,15,30,39
17879,64,15,30,39
17880,64,15,30,39
17881,64,15,30,39
17882,64,15,30,39
17883,64,15,30,39
17884,64,15,30,39
17885,64,15,30,39
17886,64,15,30,39
17887,64,15,30,39
17888,64,15,30,39
17889,64,15,30,39
17890,64,15,30,39
17891,64,15,30,39
17892,64,15,30,39
17893,64,15,30,39
17894,64,15,30,39
17895,64,15,30,39
17896,64,15,30,39
17897,64,15,30,39
17898,64,15,30,39
17899,64,15,30,39
17900,64,15,30,39
17901,64,15,30,39
17902,64,15,30,39
17903,64,15,30,39
17904,64,15,30,39
17905,64,15,30,39
17906,64,15,30,39
17907,64,15,30,39
17908,64,15,30,39
17909,64,15,30,39
17910,64,15,30,39
17911,64,15,30,39
17912,64,15,30,39
17913,64,15,30,39
17914,64,15,30,39
17915,64,15,30,39
17916,64,15,30,39
17917,64,15,30,39
17918,64,15,30,39
17919,64,15,30,39
17920,64,15,30,39
17921,64,15,30,39
17922,64,15,30,39
17923,64,15,30,39
17924,64,15,30,39
17925,64,15,30,39
17926,64,15,30,39
17927,64,15,30,39
17928,64,15,30,39
17929,64,15,30,39
17930,64,15,30,39
17931,64,15,30,39
17932,64,15,30,39
17933,64,15,30,39
17934,64,15,30,39
17935,64,15,30,39
17936,64,15,30,39
17937,64,15,30,39
17938,64,15,30,39
17939,64,15,30,39
17940,64,15,30,39
17941,64,15,30,39
17942,64,15,30,39
17943,64,15,30,39
17944,64,15,30,39
17945,64,15,30,39
17946,64,15,30,39
17947,64,15,30,39
17948,64,15,30,39
17949,64,15,30,39
17950,64,15,30,39
17951,64,15,30,39
17952,64,15,30,39
17953,64,15,30,39
17954,64,15,30,39
17955,64,15,30,39
17956,64,15,30,39
17957,64,15,30,39
17958,64,15,30,39
17959,64,15,30,39
17960,64,15,30,39
17961,64,15,30,40
17962,64,15,30,40
17963,64,15,30,40
17964,64,15,30,40
17965,64,15,30,40
17966,64,15,30,40
17967,64,15,30,40
17968,64,15,30,40
17969,64,15,30,40
17970,64,15,30,40
17971,64,15,30,40
17972,64,15,30,40
17973,64,15,30,40
17974,64,15,30,40
17975,64,15,30,40
17976,64,15,30,40
17977,64,15,30,40
17978,64,15,30,40
17979,64,15,30,40
17980,64,15,30,40
17981,64,15,30,40
17982,64,15,30,40
17983,64,15,30,40
17984,64,15,30,40
17985,64,15,30,40
17986,64,15,30,40
17987,64,15,30,40
17988,64,15,30,40
17989,64,15,30,40
17990,64,15,30,40
17991,64,15,30,40
17992,64,15,30,40
17993,64,15,30,40
17994,64,15,30,40
17995,64,15,30,40
17996,64,15,30,40
17997,64,15,30,40
17998,64,15,30,40
17999,64,15,30,40
18000,64,15,30,40
18001,64,15,30,40
18002,64,15,30,40
18003,64,15,30,40
18004,64,15,30,40
18005,64,15,30,40
18006,64,15,30,40
18007,64,15,30,40
18008,64,15,30,40
18009,64,15,30,40
18010,64,15,30,40
18011,64,15,30,40
18012,64,15,30,40
18013,64,15,30,40
18014,64,15,30,40
18015,64,15,30,40
18016,64,15,30,40
18017,64,15,30,40
18018,64,15,30,40
18019,64,15,30,40
18020,64,15,30,40
18021,64,15,30,40
18022,64,15,30,40
18023,64,15,30,40
18024,64,15,30,40
18025,64,15,30,40
18026,64,15,30,40
18027,64,15,30,40
18028,64,15,30,40
18029,64,15,30,40
18030,64,15,30,40
18031,64,15,30,40
18032,64,15,30,40
18033,64,15,30,40
18034,64,15,30,40
18035,64,15,30,40
18036,64,15,30,40
18037,64,15,30,40
18038,64,15,30,40
18039,64,15,30,40
18040,64,15,30,40
18041,64,15,30,40
18042,64,15,30,40
18043,64,15,30,40
18044,64,15,30,40
18045,64,15,30,40
18046,64,15,30,40
18047,64,15,30,40
18048,64,15,30,40
18049,64,15,30,40
18050,64,15,30,40
18051,64,15,30,40
18052,64,15,30,40
18053,64,15,30,40
18054,64,15,30,40
18055,64,15,30,40
18056,64,15,30,40
18057,64,15,30,40
18058,64,15,30,40
18059,64,15,30,40
18060,64,15,30,40
18061,64,15,30,40
18062,64,15,30,40
18063,64,15,30,40
18064,64,15,30,40
18065,64,15,30,40
18066,64,15,30,40
18067,64,15,30,40
18068,64,15,30,40
18069,64,15,30,40
18070,64,15,30,40
18071,64,15,30,40
18072,64,15,30,40
18073,64,15,30,40
18074,64,15,30,40
18075,64,15,30,40
18076,64,15,30,40
18077,64,15,30,40
18078,64,15,30,40
18079,64,15,30,40
18080,64,15,30,40
18081,64,15,30,40
18082,64,15,30,40
18083,64,15,30,40
18084,64,15,30,40
18085,64,15,30,40
18086,64,15,30,40
18087,64,15,30,40
18088,64,15,30,40
18089,64,15,30,40
18090,64,15,30,40
18091,64,15,30,40
18092,64,15,30,40
18093,64,15,30,40
18094,64,15,30,40
18095,64,15,30,40
18096,64,15,30,40
18097,64,15,30,40
18098,64,15,30,40
18099,64,15,30,40
18100,64,15,30,40
18101,64,15,30,40
18102,64,15,30,40
18103,64,15,30,40
18104,64,15,30,40
18105,64,15,30,40
18106,64,15,30,40
18107,64,15,30,40
18108,64,15,30,40
18109,64,15,30,40
18110,64,15,30,40
18111,64,15,30,40
18112,64,15,30,40
18113,64,15,30,40
18114,64,15,30,40
18115,64,15,30,40
18116,64,15,30,40
18117,64,15,30,40
18118,64,15,30,40
18119,64,15,30,40
18120,64,15,30,40
18121,64,15,30,40
18122,64,15,30,40
18123,64,15,30,40
18124,64,15,30,40
18125,64,15,30,40
18126,64,15,30,40
18127,64,15,30,40
18128,64,15,30,40
18129,64,15,30,40
18130,64,15,30,40
18131,64,15,30,40
18132,64,15,30,40
18133,64,15,30,40
18134,64,15,30,40
18135,64,15,30,40
18136,64,15,30,40
18137,64,15,30,40
18138,64,15,30,40
18139,64,15,30,40
18140,64,15,30,40
18141,64,15,30,40
18142,64,15,30,40
18143,64,15,30,40
18144,64,15,30,40
18145,64,15,30,40
18146,64,15,30,40
18147,64,15,30,40
18148,64,15,30,40
18149,64,15,30,40
18150,64,15,30,40
18151,64,15,30,40
18152,64,15,30,40
18153,64,15,30,40
18154,64,15,30,40
18155,64,15,30,40
18156,64,15,30,40
18157,64,15,30,40
18158,64,15,30,40
18159,64,15,30,40
18160,64,15,30,40
18161,64,15,30,40
18162,64,15,30,40
18163,64,15,30,40
18164,64,15,30,40
18165,64,15,30,40
18166,64,15,30,40
18167,64,15,30,40
18168,64,15,30,40
18169,64,15,30,40
18170,64,15,30,40
18171,64,15,30,40
18172,64,15,30,40
18173,64,15,30,40
18174,64,15,30,40
18175,64,15,30,40
18176,64,15,30,40
18177,64,15,30,40
18178,64,15,30,40
18179,64,15,30,40
18180,64,15,30,40
18181,64,15,30,40
18182,64,15,30,40
18183,64,15,30,40
18184,64,15,30,40
18185,64,15,30,40
18186,64,15,30,40
18187,64,15,30,40
18188,64,15,30,40
18189,64,15,30,40
18190,64,15,30,40
18191,64,15,30,40
18192,64,15,30,40
18193,64,15,30,40
18194,64,15,30,40
18195,64,15,30,40
18196,64,15,30,40
18197,64,15,30,40
18198,64,15,30,40
18199,64,15,30,40
18200,64,15,30,40
18201,64,15,30,40
18202,64,15,30,40
18203,64,15,30,40
18204,64,15,30,40
18205,64,15,30,40
18206,64,15,30,40
18207,64,15,30,40
18208,64,15,30,40
18209,64,15,30,40
18210,64,15,30,40
18211,64,15,30,40
18212,64,15,30,40
18213,64,15,30,40
18214,64,15,30,40
18215,64,15,30,40
18216,64,15,30,40
18217,64,15,30,40
18218,64,15,30,40
18219,64,15,30,40
18220,64,15,30,40
18221,64,15,30,40
18222,64,15,30,40
18223,64,15,30,40
18224,64,15,30,40
18225,64,15,30,40
18226,64,15,30,40
18227,64,15,30,40
18228,64,15,30,40
18229,64,15,30,40
18230,64,15,30,40
18231,64,15,30,40
18232,64,15,30,40
18233,64,15,30,40
18234,64,15,30,40
18235,64,15,30,40
18236,64,15,30,40
18237,64,15,30,40
18238,64,15,30,40
18239,64,15,30,40
18240,64,15,30,40
18241,64,15,30,40
18242,64,15,30,40
18243,64,15,30,40
18244,64,15,30,40
18245,64,15,30,40
18246,64,15,30,40
18247,64,15,30,40
18248,64,15,30,40
18249,64,15,30,40
18250,64,15,30,40
18251,64,15,30,40
18252,64,15,30,40
18253,64,15,30,40
18254,64,15,30,40
18255,64,15,30,40
18256,64,15,30,40
18257,64,15,30,40
18258,64,15,30,40
18259,64,15,30,40
18260,64,15,30,40
18261,64,15,30,40
18262,64,15,30,40
18263,64,15,30,40
18264,64,15,30,40
18265,64,15,30,40
18266,64,15,30,40
18267,64,15,30,40
18268,64,15,30,40
18269,64,15,30,40
18270,64,15,30,40
18271,64,15,30,40
18272,64,15,30,40
18273,64,15,30,40
18274,64,15,30,40
18275,64,15,30,40
18276,64,15,30,40
18277,64,15,30,40
18278,64,15,30,40
18279,64,15,30,40
18280,64,15,30,40
18281,64,15,30,40
18282,64,15,30,40
18283,64,15,30,40
18284,64,15,30,40
18285,64,15,30,40
18286,64,15,30,40
18287,64,15,30,40
18288,64,15,30,40
18289,64,15,30,40
18290,64,15,30,40
18291,64,15,30,40
18292,64,15,30,40
18293,64,15,30,40
18294,64,15,30,40
18295,64,15,30,40
18296,64,15,30,40
18297,64,15,30,40
18298,64,15,30,40
18299,64,15,30,40
18300,64,15,30,40
18301,64,15,30,40
18302,64,15,30,40
18303,64,15,30,40
18304,64,15,30,40
18305,64,15,30,40
18306,64,15,30,40
18307,64,15,30,40
18308,64,15,30,40
18309,64,15,30,40
18310,64,15,30,40
18311,64,15,30,40
18312,64,15,30,40
18313,64,15,30,40
18314,64,15,30,40
18315,64,15,30,40
18316,64,15,30,40
18317,64,15,30,40
18318,64,15,30,40
18319,64,15,30,40
18320,64,15,30,40
18321,64,15,30,40
18322,64,15,30,40
18323,64,15,30,40
18324,64,15,30,40
18325,64,15,30,40
18326,64,15,30,40
18327,64,15,30,40
18328,64,15,30,40
18329,64,15,30,40
18330,64,15,30,40
18331,64,15,30,40
18332,64,15,30,40
18333,64,15,30,40
18334,64,15,30,40
18335,64,15,30,40
18336,64,15,30,40
18337,64,15,30,40
18338,64,15,30,40
18339,64,15,30,40
18340,64,15,30,40
18341,64,15,30,40
18342,64,15,30,40
18343,64,15,30,40
18344,64,15,30,40
18345,64,15,30,40
18346,64,15,30,40
18347,64,15,30,40
18348,64,15,30,40
18349,64,15,30,40
18350,64,15,30,40
18351,64,15,30,40
18352,64,15,30,40
18353,64,15,30,40
18354,64,15,30,40
18355,64,15,30,40
18356,64,15,30,40
18357,64,15,30,40
18358,64,15,30,40
18359,64,15,30,40
18360,64,15,30,40
18361,64,15,30,40
18362,64,15,30,40
18363,64,15,30,40
18364,64,15,30,40
18365,64,15,30,40
18366,64,15,30,40
18367,64,15,30,40
18368,64,15,30,40
18369,64,15,30,40
18370,64,15,30,40
18371,64,15,30,40
18372,64,15,30,40
18373,64,15,30,40
18374,64,15,30,40
18375,64,15,30,40
18376,64,15,30,40
18377,64,15,30,40
18378,64,15,30,40
18379,64,15,30,40
18380,64,15,30,40
18381,64,15,30,40
18382,64,15,30,40
18383,64,15,30,40
18384,64,15,30,40
18385,64,15,30,40
18386,64,15,30,40
18387,64,15,30,40
18388,64,15,30,40
18389,64,15,30,40
18390,64,15,30,40
18391,64,15,30,40
18392,64,15,30,40
18393,64,15,30,40
18394,64,15,30,40
18395,64,15,30,40
18396,64,15,30,40
18397,64,15,30,40
18398,64,15,30,40
18399,64,15,30,40
18400,64,15,30,40
18401,64,15,30,40
18402,64,15,30,40
18403,64,15,30,40
18404,64,15,30,40
18405,64,15,30,40
18406,64,15,30,40
18407,64,15,30,40
18408,64,15,30,40
18409,64,15,30,40
18410,64,15,30,40
18411,64,15,30,40
18412,64,15,30,40
18413,64,15,30,40
18414,64,15,30,40
18415,64,15,30,40
18416,64,15,30,40
18417,64,15,30,40
18418,64,15,30,40
18419,64,15,30,40
18420,64,15,30,40
18421,64,15,30,40
18422,64,15,30,40
18423,64,15,30,40
18424,64,15,30,40
18425,64,15,30,40
18426,64,15,30,40
18427,64,15,30,40
18428,64,15,30,40
18429,64,15,30,40
18430,64,15,30,40
18431,64,15,30,40
18432,64,15,30,40
18433,64,15,30,40
18434,64,15,30,40
18435,64,15,30,40
18436,64,15,30,40
18437,64,15,30,40
18438,64,15,30,40
18439,64,15,30,40
18440,64,15,30,40
18441,64,15,30,40
18442,64,15,30,40
18443,64,15,30,40
18444,64,15,30,40
18445,64,15,30,40
18446,64,15,30,40
18447,64,15,30,40
18448,64,15,30,40
18449,64,15,30,40
18450,64,15,30,40
18451,64,15,30,40
18452,64,15,30,40
18453,64,15,30,40
18454,64,15,30,40
18455,64,15,30,40
18456,64,15,30,40
18457,64,15,30,40
18458,64,15,30,40
18459,64,15,30,40
18460,64,15,30,40
18461,64,15,30,40
18462,64,15,30,40
18463,64,15,30,40
18464,64,15,30,40
18465,64,15,30,40
18466,64,15,30,40
18467,64,15,30,40
18468,64,15,30,40
18469,64,15,30,40
18470,64,15,30,40
18471,64,15,30,40
18472,64,15,30,40
18473,64,15,30,40
18474,64,15,30,40
18475,64,15,30,40
18476,64,15,30,40
18477,64,15,30,40
18478,64,15,30,40
18479,64,15,30,40
18480,64,15,30,40
18481,64,15,30,40
18482,64,15,30,40
18483,64,15,30,40
18484,64,15,30,40
18485,64,15,30,40
18486,64,15,30,40
18487,64,15,30,40
18488,64,15,30,40
18489,64,15,30,40
18490,64,15,30,40
18491,64,15,30,40
18492,64,15,30,40
18493,64,15,30,40
18494,64,15,30,40
18495,64,15,30,40
18496,64,15,30,40
18497,64,15,30,40
18498,64,15,30,40
18499,64,15,30,40
18500,64,15,30,40
18501,64,15,30,40
18502,64,15,30,40
18503,64,15,30,40
18504,64,15,30,40
18505,64,15,30,40
18506,64,15,30,40
18507,64,15,30,40
18508,64,15,30,40
18509,64,15,30,40
18510,64,15,30,40
18511,64,15,30,40
18512,64,15,30,40
18513,64,15,30,40
18514,64,15,30,40
18515,64,15,30,40
18516,64,15,30,40
18517,64,15,30,40
18518,64,15,30,40
18519,64,15,30,40
18520,64,15,30,40
18521,64,15,30,40
18522,64,15,30,40
18523,64,15,30,40
18524,64,15,30,40
18525,64,15,30,40
18526,64,15,30,40
18527,64,15,30,40
18528,64,15,30,40
18529,64,15,30,40
18530,64,15,30,40
18531,64,15,30,40
18532,64,15,30,40
18533,64,15,30,40
18534,64,15,30,40
18535,64,15,30,40
18536,64,15,30,40
18537,64,15,30,40
18538,64,15,30,40
18539,64,15,30,40
18540,64,15,30,40
18541,64,15,30,40
18542,64,15,30,40
18543,64,15,30,40
18544,64,15,30,40
18545,64,15,30,40
18546,64,15,30,40
18547,64,15,30,40
18548,64,15,30,40
18549,64,15,30,40
18550,64,15,30,40
18551,64,15,30,40
18552,64,15,30,40
18553,64,15,30,40
18554,64,15,30,40
18555,64,15,30,40
18556,64,15,30,40
18557,64,15,30,40
18558,64,15,30,40
18559,64,15,30,40
18560,64,15,30,40
18561,64,15,30,40
18562,64,15,30,40
18563,64,15,30,40
18564,64,15,30,40
18565,64,15,30,40
18566,64,15,30,40
18567,64,15,30,40
18568,64,15,30,40
18569,64,15,30,40
18570,64,15,30,40
18571,64,15,30,40
18572,64,15,30,40
18573,64,15,30,40
18574,64,15,30,40
18575,64,15,30,40
18576,64,15,30,40
18577,64,15,30,40
18578,64,15,30,40
18579,64,15,30,40
18580,64,15,30,40
18581,64,15,30,40
18582,64,15,30,40
18583,64,15,30,40
18584,64,15,30,40
18585,64,15,30,40
18586,64,15,30,40
18587,64,15,30,40
18588,64,15,30,40
18589,64,15,30,40
18590,64,15,30,40
18591,64,15,30,40
18592,64,15,30,40
18593,64,15,30,40
18594,64,15,30,40
18595,64,15,30,40
18596,64,15,30,40
18597,64,15,30,40
18598,64,15,30,40
18599,64,15,30,40
18600,64,15,30,40
18601,64,15,30,40
18602,64,15,30,40
18603,64,15,30,40
18604,64,15,30,40
18605,64,15,30,40
18606,64,15,30,40
18607,64,15,30,40
18608,64,15,30,40
18609,64,15,30,40
18610,64,15,30,40
18611,64,15,30,40
18612,64,15,30,40
18613,64,15,30,40
18614,64,15,30,40
18615,64,15,30,40
18616,64,15,30,40
18617,64,15,30,40
18618,64,15,30,40
18619,64,15,30,40
18620,64,15,30,40
18621,64,15,30,40
18622,64,15,30,40
18623,64,15,30,40
18624,64,15,30,40
18625,64,15,30,40
18626,64,15,30,40
18627,64,15,30,40
18628,64,15,30,40
18629,64,15,30,40
18630,64,15,30,40
18631,64,15,30,40
18632,64,15,30,40
18633,64,15,30,40
18634,64,15,30,40
18635,64,15,30,40
18636,64,15,30,40
18637,64,15,30,40
18638,64,15,30,40
18639,64,15,30,40
18640,64,15,30,40
18641,64,15,30,40
18642,64,15,30,40
18643,64,15,30,40
18644,64,15,30,40
18645,64,15,30,40
18646,64,15,30,40
18647,64,15,30,40
18648,64,15,30,40
18649,64,15,30,40
18650,64,15,30,40
18651,64,15,30,40
18652,64,15,30,40
18653,64,15,30,40
18654,64,15,30,40
18655,64,15,30,40
18656,64,15,30,40
18657,64,15,30,40
18658,64,15,30,40
18659,64,15,30,40
18660,64,15,30,40
18661,64,15,30,40
18662,64,15,30,40
18663,64,15,30,40
18664,64,15,30,40
18665,64,15,30,40
18666,64,15,30,40
18667,64,15,30,40
18668,64,15,30,40
18669,64,15,30,40
18670,64,15,30,40
18671,64,15,30,40
18672,64,15,30,40
18673,64,15,30,40
18674,64,15,30,40
18675,64,15,30,40
18676,64,15,30,40
18677,64,15,30,40
18678,64,15,30,40
18679,64,15,30,40
18680,64,15,30,40
18681,64,15,30,40
18682,64,15,30,40
18683,64,15,30,40
18684,64,15,30,40
18685,64,15,30,40
18686,64,15,30,40
18687,64,15,30,40
18688,64,15,30,40
18689,64,15,30,40
18690,64,15,30,40
18691,64,15,30,40
18692,64,15,30,40
18693,64,15,30,40
18694,64,15,30,40
18695,64,15,30,40
18696,64,15,30,40
18697,64,15,30,40
18698,64,15,30,40
18699,64,15,30,40
18700,64,15,30,40
18701,64,15,30,40
18702,64,15,30,40
18703,64,15,30,40
18704,64,15,30,40
18705,64,15,30,40
18706,64,15,30,40
18707,64,15,30,40
18708,64,15,30,40
18709,64,15,30,40
18710,64,15,30,40
18711,64,15,30,40
18712,64,15,30,40
18713,64,15,30,40
18714,64,15,30,40
18715,64,15,30,40
18716,64,15,30,40
18717,64,15,30,40
18718,64,15,30,40
18719,64,15,30,40
18720,64,15,30,40
18721,64,15,30,40
18722,64,15,30,40
18723,64,15,30,40
18724,64,15,30,40
18725,64,15,30,40
18726,64,15,30,40
18727,64,15,30,40
18728,64,15,30,40
18729,64,15,30,40
18730,64,15,30,40
18731,64,15,30,40
18732,64,15,30,40
18733,64,15,30,40
18734,64,15,30,40
18735,64,15,30,40
18736,64,15,30,40
18737,64,15,30,40
18738,64,15,30,40
18739,64,15,30,40
18740,64,15,30,40
18741,64,15,30,40
18742,64,15,30,40
18743,64,15,30,40
18744,64,15,30,40
18745,64,15,30,40
18746,64,15,30,40
18747,64,15,30,40
18748,64,15,30,40
18749,64,15,30,40
18750,64,15,30,40
18751,64,15,30,40
18752,64,15,30,40
18753,64,15,30,40
18754,64,15,30,40
18755,64,15,30,40
18756,64,15,30,40
18757,64,15,30,40
18758,64,15,30,40
18759,64,15,30,40
18760,64,15,30,40
18761,64,15,30,40
18762,64,15,30,40
18763,64,15,30,40
18764,64,15,30,40
18765,64,15,30,40
18766,64,15,30,40
18767,64,15,30,40
18768,64,15,30,40
18769,64,15,30,40
18770,64,15,30,40
18771,64,15,30,40
18772,64,15,30,40
18773,64,15,30,40
18774,64,15,30,40
18775,64,15,30,40
18776,64,15,30,40
18777,64,15,30,40
18778,64,15,30,40
18779,64,15,30,40
18780,64,15,30,40
18781,64,15,30,40
18782,64,15,30,40
18783,64,15,30,40
18784,64,15,30,40
18785,64,15,30,40
18786,64,15,30,40
18787,64,15,30,40
18788,64,15,30,40
18789,64,15,30,40
18790,64,15,30,40
18791,64,15,30,40
18792,64,15,30,40
18793,64,15,30,40
18794,64,15,30,40
18795,64,15,30,40
18796,64,15,30,40
18797,64,15,30,40
18798,64,15,30,40
18799,64,15,30,40
18800,64,15,30,40
18801,64,15,30,40
18802,64,15,30,40
18803,64,15,30,40
18804,64,15,30,40
18805,64,15,30,40
18806,64,15,30,40
18807,64,15,30,40
18808,64,15,30,40
18809,64,15,30,40
18810,64,15,30,40
18811,64,15,30,40
18812,64,15,30,40
18813,64,15,30,40
18814,64,15,30,40
18815,64,15,30,40
18816,64,15,30,40
18817,64,15,30,40
18818,64,15,30,40
18819,64,15,30,40
18820,64,15,30,40
18821,64,15,30,40
18822,64,15,30,40
18823,64,15,30,40
18824,64,15,30,40
18825,64,15,30,40
18826,64,15,30,40
18827,64,15,30,40
18828,64,15,30,40
18829,64,15,30,40
18830,64,15,30,40
18831,64,15,30,40
18832,64,15,30,40
18833,64,15,30,40
18834,64,15,30,40
18835,64,15,30,40
18836,64,15,30,40
18837,64,15,30,40
18838,64,15,30,40
18839,64,15,30,40
18840,64,15,30,40
18841,64,15,30,40
18842,64,15,30,40
18843,64,15,30,40
18844,64,15,30,40
18845,64,15,30,40
18846,64,15,30,40
18847,64,15,30,40
18848,64,15,30,40
18849,64,15,30,40
18850,64,15,30,40
18851,64,15,30,40
18852,64,15,30,40
18853,64,15,30,40
18854,64,15,30,40
18855,64,15,30,40
18856,64,15,30,40
18857,64,15,30,40
18858,64,15,30,40
18859,64,15,30,40
18860,64,15,30,40
18861,64,15,30,40
18862,64,15,30,40
18863,64,15,30,40
18864,64,15,30,40
18865,64,15,30,40
18866,64,15,30,40
18867,64,15,30,40
18868,64,15,30,40
18869,64,15,30,40
18870,64,15,30,40
18871,64,15,30,40
18872,64,15,30,40
18873,64,15,30,40
18874,64,15,30,40
18875,64,15,30,40
18876,64,15,30,40
18877,64,15,30,40
18878,64,15,30,40
18879,64,15,30,40
18880,64,15,30,40
18881,64,15,30,40
18882,64,15,30,40
18883,64,15,30,40
18884,64,15,30,40
18885,64,15,30,40
18886,64,15,30,40
18887,64,15,30,40
18888,64,15,30,40
18889,64,15,30,40
18890,64,15,30,40
18891,64,15,30,40
18892,64,15,30,40
18893,64,15,30,40
18894,64,15,30,40
18895,64,15,30,40
18896,64,15,30,40
18897,64,15,30,40
18898,64,15,30,40
18899,64,15,30,40
18900,64,15,30,40
18901,64,15,30,40
18902,64,15,30,40
18903,64,15,30,40
18904,64,15,30,40
18905,64,15,30,40
18906,64,15,30,40
18907,64,15,30,40
18908,64,15,30,40
18909,64,15,30,40
18910,64,15,30,40
18911,64,15,30,40
18912,64,15,30,40
18913,64,15,30,40
18914,64,15,30,40
18915,64,15,30,40
18916,64,15,30,40
18917,64,15,30,40
18918,64,15,30,40
18919,64,15,30,40
18920,64,15,30,40
18921,64,15,30,40
18922,64,15,30,40
18923,64,15,30,40
18924,64,15,30,40
18925,64,15,30,40
18926,64,15,30,40
18927,64,15,30,40
18928,64,15,30,40
18929,64,15,30,40
18930,64,15,30,40
18931,64,15,30,40
18932,64,15,30,40
18933,64,15,30,40
18934,64,15,30,40
18935,64,15,30,40
18936,64,15,30,40
18937,64,15,30,40
18938,64,15,30,40
18939,64,15,30,40
18940,64,15,30,40
18941,64,15,30,40
18942,64,15,30,40
18943,64,15,30,40
18944,64,15,30,40
18945,64,15,30,40
18946,64,15,30,40
18947,64,15,30,40
18948,64,15,30,40
18949,64,15,30,40
18950,64,15,30,40
18951,64,15,30,40
18952,64,15,30,40
18953,64,15,30,40
18954,64,15,30,40
18955,64,15,30,40
18956,64,15,30,40
18957,64,15,30,40
18958,64,15,30,40
18959,64,15,30,40
18960,64,15,30,40
18961,64,15,30,40
18962,64,15,30,40
18963,64,15,30,40
18964,64,15,30,40
18965,64,15,30,40
18966,64,15,30,40
18967,64,15,30,40
18968,64,15,30,40
18969,64,15,30,40
18970,64,15,30,40
18971,64,15,30,40
18972,64,15,30,40
18973,64,15,30,40
18974,64,15,30,40
18975,64,15,30,40
18976,64,15,30,40
18977,64,15,30,40
18978,64,15,30,40
18979,64,15,30,40
18980,64,15,30,40
18981,64,15,30,40
18982,64,15,30,40
18983,64,15,30,40
18984,64,15,30,40
18985,64,15,30,40
18986,64,15,30,40
18987,64,15,30,40
18988,64,15,30,40
18989,64,15,30,40
18990,64,15,30,40
18991,64,15,30,40
18992,64,15,30,40
18993,64,15,30,40
18994,64,15,30,40
18995,64,15,30,40
18996,64,15,30,40
18997,64,15,30,40
18998,64,15,30,40
18999,64,15,30,40
19000,64,15,30,40
19001,64,15,30,40
19002,64,15,30,40
19003,64,15,30,40
19004,64,15,30,40
19005,64,15,30,40
19006,64,15,30,40
19007,64,15,30,40
19008,64,15,30,40
19009,64,15,30,40
19010,64,15,30,40
19011,64,15,30,40
19012,64,15,30,40
19013,64,15,30,40
19014,64,15,30,40
19015,64,15,30,40
19016,64,15,30,40
19017,64,15,30,40
19018,64,15,30,40
19019,64,15,30,40
19020,64,15,30,40
19021,64,15,30,40
19022,64,15,30,40
19023,64,15,30,40
19024,64,15,30,40
19025,64,15,30,40
19026,64,15,30,40
19027,64,15,30,40
19028,64,15,30,40
19029,64,15,30,40
19030,64,15,30,40
19031,64,15,30,40
19032,64,15,30,40
19033,64,15,30,40
19034,64,15,30,40
19035,64,15,30,40
19036,64,15,30,40
19037,64,15,30,40
19038,64,15,30,40
19039,64,15,30,40
19040,64,15,30,40
19041,64,15,30,40
19042,64,15,30,40
19043,64,15,30,40
19044,64,15,30,40
19045,64,15,30,40
19046,64,15,30,40
19047,64,15,30,40
19048,64,15,30,40
19049,64,15,30,40
19050,64,15,30,40
19051,64,15,30,40
19052,64,15,30,40
19053,64,15,30,40
19054,64,15,30,40
19055,64,15,30,40
19056,64,15,30,40
19057,64,15,30,40
19058,64,15,30,40
19059,64,15,30,40
19060,64,15,30,40
19061,64,15,30,40
19062,64,15,30,40
19063,64,15,30,40
19064,64,15,30,40
19065,64,15,30,40
19066,64,15,30,40
19067,64,15,30,40
19068,64,15,30,40
19069,64,15,30,40
19070,64,15,30,40
19071,64,15,30,40
19072,64,15,30,40
19073,64,15,30,40
19074,64,15,30,40
19075,64,15,30,40
19076,64,15,30,40
19077,64,15,30,40
19078,64,15,30,40
19079,64,15,30,40
19080,64,15,30,40
19081,64,15,30,40
19082,64,15,30,40
19083,64,15,30,40
19084,64,15,30,40
19085,64,15,30,40
19086,64,15,30,40
19087,64,15,30,40
19088,64,15,30,40
19089,64,15,30,40
19090,64,15,30,40
19091,64,15,30,40
19092,64,15,30,40
19093,64,15,30,40
19094,64,15,30,40
19095,64,15,30,40
19096,64,15,30,40
19097,64,15,30,40
19098,64,15,30,40
19099,64,15,30,40
19100,64,15,30,40
19101,64,15,30,40
19102,64,15,30,40
19103,64,15,30,40
19104,64,15,30,40
19105,64,15,30,40
19106,64,15,30,40
19107,64,15,30,40
19108,64,15,30,40
19109,64,15,30,40
19110,64,15,30,40
19111,64,15,30,40
19112,64,15,30,40
19113,64,15,30,40
19114,64,15,30,40
19115,64,15,30,40
19116,64,15,30,40
19117,64,15,30,40
19118,64,15,30,40
19119,64,15,30,40
19120,64,15,30,40
19121,64,15,30,40
19122,64,15,30,40
19123,64,15,30,40
19124,64,15,30,40
19125,64,15,30,40
19126,64,15,30,40
19127,64,15,30,40
19128,64,15,30,40
19129,64,15,30,40
19130,64,15,30,40
19131,64,15,30,40
19132,64,15,30,40
19133,64,15,30,40
19134,64,15,30,40
19135,64,15,30,40
19136,64,15,30,40
19137,64,15,30,40
19138,64,15,30,40
19139,64,15,30,40
19140,64,15,30,40
19141,64,15,30,40
19142,64,15,30,40
19143,64,15,30,40
19144,64,15,30,40
19145,64,15,30,40
19146,64,15,30,40
19147,64,15,30,40
19148,64,15,30,40
19149,64,15,30,40
19150,64,15,30,40
19151,64,15,30,40
19152,64,15,30,40
19153,64,15,30,40
19154,64,15,30,40
19155,64,15,30,40
19156,64,15,30,40
19157,64,15,30,40
19158,64,15,30,40
19159,64,15,30,40
19160,64,15,30,40
19161,64,15,30,40
19162,64,15,30,40
19163,64,15,30,40
19164,64,15,30,40
19165,64,15,30,40
19166,64,15,30,40
19167,64,15,30,40
19168,64,15,30,40
19169,64,15,30,40
19170,64,15,30,40
19171,64,15,30,40
19172,64,15,30,40
19173,64,15,30,40
19174,64,15,30,40
19175,64,15,30,40
19176,64,15,30,40
19177,64,15,30,40
19178,64,15,30,40
19179,64,15,30,40
19180,64,15,30,40
19181,64,15,30,40
19182,64,15,30,40
19183,64,15,30,40
19184,64,15,30,40
19185,64,15,30,40
19186,64,15,30,40
19187,64,15,30,40
19188,64,15,30,40
19189,64,15,30,40
19190,64,15,30,40
19191,64,15,30,40
19192,64,15,30,40
19193,64,15,30,40
19194,64,15,30,40
19195,64,15,30,40
19196,64,15,30,40
19197,64,15,30,40
19198,64,15,30,40
19199,64,15,30,40
19200,64,15,30,40
19201,64,15,30,40
19202,64,15,30,40
19203,64,15,30,40
19204,64,15,30,40
19205,64,15,30,40
19206,64,15,30,40
19207,64,15,30,40
19208,64,15,30,40
19209,64,15,30,40
19210,64,15,30,40
19211,64,15,30,40
19212,64,15,30,40
19213,64,15,30,40
19214,64,15,30,40
19215,64,15,30,40
19216,64,15,30,40
19217,64,15,30,40
19218,64,15,30,40
19219,64,15,30,40
19220,64,15,30,40
19221,64,15,30,40
19222,64,15,30,40
19223,64,15,30,40
19224,64,15,30,40
19225,64,15,30,40
19226,64,15,30,40
19227,64,15,30,40
19228,64,15,30,40
19229,64,15,30,40
19230,64,15,30,40
19231,64,15,30,40
19232,64,15,30,40
19233,64,15,30,40
19234,64,15,30,40
19235,64,15,30,40
19236,64,15,30,40
19237,64,15,30,40
19238,64,15,30,40
19239,64,15,30,40
19240,64,15,30,40
19241,64,15,30,40
19242,64,15,30,40
19243,64,15,30,40
19244,64,15,30,40
19245,64,15,30,40
19246,64,15,30,40
19247,64,15,30,40
19248,64,15,30,40
19249,64,15,30,40
19250,64,15,30,40
19251,64,15,30,40
19252,64,15,30,40
19253,64,15,30,40
19254,64,15,30,40
19255,64,15,30,40
19256,64,15,30,40
19257,64,15,30,40
19258,64,15,30,40
19259,64,15,30,40
19260,64,15,30,40
19261,64,15,30,40
19262,64,15,30,40
19263,64,15,30,40
19264,64,15,30,40
19265,64,15,30,40
19266,64,15,30,40
19267,64,15,30,40
19268,64,15,30,40
19269,64,15,30,40
19270,64,15,30,40
19271,64,15,30,40
19272,64,15,30,40
19273,64,15,30,40
19274,64,15,30,40
19275,64,15,30,40
19276,64,15,30,40
19277,64,15,30,40
19278,64,15,30,40
19279,64,15,30,40
19280,64,15,30,40
19281,64,15,30,40
19282,64,15,30,40
19283,64,15,30,40
19284,64,15,30,40
19285,64,15,30,40
19286,64,15,30,40
19287,64,15,30,40
19288,64,15,30,40
19289,64,15,30,40
19290,64,15,30,40
19291,64,15,30,40
19292,64,15,30,40
19293,64,15,30,40
19294,64,15,30,40
19295,64,15,30,40
19296,64,15,30,40
19297,64,15,30,40
19298,64,15,30,40
19299,64,15,30,40
19300,64,15,30,40
19301,64,15,30,40
19302,64,15,30,40
19303,64,15,30,40
19304,64,15,30,40
19305,64,15,30,40
19306,64,15,30,40
19307,64,15,30,40
19308,64,15,30,40
19309,64,15,30,40
19310,64,15,30,40
19311,64,15,30,40
19312,64,15,30,40
19313,64,15,30,40
19314,64,15,30,40
19315,64,15,30,40
19316,64,15,30,40
19317,64,15,30,40
19318,64,15,30,40
19319,64,15,30,40
19320,64,15,30,40
19321,64,15,30,40
19322,64,15,30,40
19323,64,15,30,40
19324,64,15,30,40
19325,64,15,30,40
19326,64,15,30,40
19327,64,15,30,40
19328,64,15,30,40
19329,64,15,30,40
19330,64,15,30,40
19331,64,15,30,40
19332,64,15,30,40
19333,64,15,30,40
19334,64,15,30,40
19335,64,15,30,40
19336,64,15,30,40
19337,64,15,30,40
19338,64,15,30,40
19339,64,15,30,40
19340,64,15,30,40
19341,64,15,30,40
19342,64,15,30,40
19343,64,15,30,40
19344,64,15,30,40
19345,64,15,30,40
19346,64,15,30,40
19347,64,15,30,40
19348,64,15,30,40
19349,64,15,30,40
19350,64,15,30,40
19351,64,15,30,40
19352,64,15,30,40
19353,64,15,30,40
19354,64,15,30,40
19355,64,15,30,40
19356,64,15,30,40
19357,64,15,30,40
19358,64,15,30,40
19359,64,15,30,40
19360,64,15,30,40
19361,64,15,30,40
19362,64,15,30,40
19363,64,15,30,40
19364,64,15,30,40
19365,64,15,30,40
19366,64,15,30,40
19367,64,15,30,40
19368,64,15,30,40
19369,64,15,30,40
19370,64,15,30,40
19371,64,15,30,40
19372,64,15,30,40
19373,64,15,30,40
19374,64,15,30,40
19375,64,15,30,40
19376,64,15,30,40
19377,64,15,30,40
19378,64,15,30,40
19379,64,15,30,40
19380,64,15,30,40
19381,64,15,30,40
19382,64,15,30,40
19383,64,15,30,40
19384,64,15,30,40
19385,64,15,30,40
19386,64,15,30,40
19387,64,15,30,40
19388,64,15,30,40
19389,64,15,30,40
19390,64,15,30,40
19391,64,15,30,40
19392,64,15,30,40
19393,64,15,30,40
19394,64,15,30,40
19395,64,15,30,40
19396,64,15,30,40
19397,64,15,30,40
19398,64,15,30,40
19399,64,15,30,40
19400,64,15,30,40
19401,64,15,30,40
19402,64,15,30,40
19403,64,15,30,40
19404,64,15,30,40
19405,64,15,30,40
19406,64,15,30,40
19407,64,15,30,40
19408,64,15,30,40
19409,64,15,30,40
19410,64,15,30,40
19411,64,15,30,40
19412,64,15,30,40
19413,64,15,30,40
19414,64,15,30,40
19415,64,15,30,40
19416,64,15,30,40
19417,64,15,30,40
19418,64,15,30,40
19419,64,15,30,40
19420,64,15,30,40
19421,64,15,30,40
19422,64,15,30,40
19423,64,15,30,40
19424,64,15,30,40
19425,64,15,30,40
19426,64,15,30,40
19427,64,15,30,40
19428,64,15,30,40
19429,64,15,30,40
19430,64,15,30,40
19431,64,15,30,40
19432,64,15,30,40
19433,64,15,30,40
19434,64,15,30,40
19435,64,15,30,40
19436,64,15,30,40
19437,64,15,30,40
19438,64,15,30,40
19439,64,15,30,40
19440,64,15,30,40
19441,64,15,30,40
19442,64,15,30,40
19443,64,15,30,40
19444,64,15,30,40
19445,64,15,30,40
19446,64,15,30,40
19447,64,15,30,40
19448,64,15,30,40
19449,64,15,30,40
19450,64,15,30,40
19451,64,15,30,40
19452,64,15,30,40
19453,64,15,30,40
19454,64,15,30,40
19455,64,15,30,40
19456,64,15,30,40
19457,64,15,30,40
19458,64,15,30,40
19459,64,15,30,40
19460,64,15,30,40
19461,64,15,30,40
19462,64,15,30,40
19463,64,15,30,40
19464,64,15,30,40
19465,64,15,30,40
19466,64,15,30,40
19467,64,15,30,40
19468,64,15,30,40
19469,64,15,30,40
19470,64,15,30,40
19471,64,15,30,40
19472,64,15,30,40
19473,64,15,30,40
19474,64,15,30,40
19475,64,15,30,40
19476,64,15,30,40
19477,64,15,30,40
19478,64,15,30,40
19479,64,15,30,40
19480,64,15,30,40
19481,64,15,30,40
19482,64,15,30,40
19483,64,15,30,40
19484,64,15,30,40
19485,64,15,30,40
19486,64,15,30,40
19487,64,15,30,40
19488,64,15,30,40
19489,64,15,30,40
19490,64,15,30,40
19491,64,15,30,40
19492,64,15,30,40
19493,64,15,30,40
19494,64,15,30,40
19495,64,15,30,40
19496,64,15,30,40
19497,64,15,30,40
19498,64,15,30,40
19499,64,15,30,40
19500,64,15,30,40
19501,64,15,30,40
19502,64,15,30,40
19503,64,15,30,40
19504,64,15,30,40
19505,64,15,30,40
19506,64,15,30,40
19507,64,15,30,40
19508,64,15,30,40
19509,64,15,30,40
19510,64,15,30,40
19511,64,15,30,40
19512,64,15,30,40
19513,64,15,30,40
19514,64,15,30,40
19515,64,15,30,40
19516,64,15,30,40
19517,64,15,30,40
19518,64,15,30,40
19519,64,15,30,40
19520,64,15,30,40
19521,64,15,30,40
19522,64,15,30,40
19523,64,15,30,40
19524,64,15,30,40
19525,64,15,30,40
19526,64,15,30,40
19527,64,15,30,40
19528,64,15,30,40
19529,64,15,30,40
19530,64,15,30,40
19531,64,15,30,40
19532,64,15,30,40
19533,64,15,30,40
19534,64,15,30,40
19535,64,15,30,40
19536,64,15,30,40
19537,64,15,30,40
19538,64,15,30,40
19539,64,15,30,40
19540,64,15,30,40
19541,64,15,30,40
19542,64,15,30,40
19543,64,15,30,40
19544,64,15,30,41
19545,64,15,30,41
19546,64,15,30,41
19547,64,15,30,41
19548,64,15,30,41
19549,64,15,30,41
19550,64,15,30,41
19551,64,15,30,41
19552,64,15,30,41
19553,64,15,30,41
19554,64,15,30,41
19555,64,15,30,41
19556,64,15,30,41
19557,64,15,30,41
19558,64,15,30,41
19559,64,15,30,41
19560,64,15,30,41
19561,64,15,30,41
19562,64,15,30,41
19563,64,15,30,41
19564,64,15,30,41
19565,64,15,30,41
19566,64,15,30,41
19567,64,15,30,41
19568,64,15,30,41
19569,64,15,30,41
19570,64,15,30,41
19571,64,15,30,41
19572,64,15,30,41
19573,64,15,30,41
19574,64,15,30,41
19575,64,15,30,41
19576,64,15,30,41
19577,64,15,30,41
19578,64,15,30,41
19579,64,15,30,41
19580,64,15,30,41
19581,64,15,30,41
19582,64,15,30,41
19583,64,15,30,41
19584,64,15,30,41
19585,64,15,30,41
19586,64,15,30,41
19587,64,15,30,41
19588,64,15,30,41
19589,64,15,30,41
19590,64,15,30,41
19591,64,15,30,41
19592,64,15,30,41
19593,64,15,30,41
19594,64,15,30,41
19595,64,15,30,41
19596,64,15,30,41
19597,64,15,30,41
19598,64,15,30,41
19599,64,15,30,41
19600,64,15,30,41
19601,64,15,30,41
19602,64,15,30,41
19603,64,15,30,41
19604,64,15,30,41
19605,64,15,30,41
19606,64,15,30,41
19607,64,15,30,41
19608,64,15,30,41
19609,64,15,30,41
19610,64,15,30,41
19611,64,15,30,41
19612,64,15,30,41
19613,64,15,30,41
19614,64,15,30,41
19615,64,15,30,41
19616,64,15,30,41
19617,64,15,30,41
19618,64,15,30,41
19619,64,15,30,41
19620,64,15,30,41
19621,64,15,30,41
19622,64,15,30,41
19623,64,15,30,41
19624,64,15,30,41
19625,64,15,30,41
19626,64,15,30,41
19627,64,15,30,41
19628,64,15,30,41
19629,64,15,30,41
19630,64,15,30,41
19631,64,15,30,41
19632,64,15,30,41
19633,64,15,30,41
19634,64,15,30,41
19635,64,15,30,41
19636,64,15,30,41
19637,64,15,30,41
19638,64,15,30,41
19639,64,15,30,41
19640,64,15,30,41
19641,64,15,30,41
19642,64,15,30,41
19643,64,15,30,41
19644,64,15,30,41
19645,64,15,30,41
19646,64,15,30,41
19647,64,15,30,41
19648,64,15,30,41
19649,64,15,30,41
19650,64,15,30,41
19651,64,15,30,41
19652,64,15,30,41
19653,64,15,30,41
19654,64,15,30,41
19655,64,15,30,41
19656,64,15,30,41
19657,64,15,30,41
19658,64,15,30,41
19659,64,15,30,41
19660,64,15,30,41
19661,64,15,30,41
19662,64,15,30,41
19663,64,15,30,41
19664,64,15,30,41
19665,64,15,30,41
19666,64,15,30,41
19667,64,15,30,41
19668,64,15,30,42
19669,64,15,30,42
19670,64,15,30,42
19671,64,15,30,42
19672,64,15,30,42
19673,64,15,30,42
19674,64,15,30,42
19675,64,15,30,42
19676,64,15,30,42
19677,64,15,30,42
19678,64,15,30,42
19679,64,15,30,42
19680,64,15,30,42
19681,64,15,30,42
19682,64,15,30,42
19683,64,15,30,42
19684,64,15,30,42
19685,64,15,30,42
19686,64,15,30,42
19687,64,15,30,42
19688,64,15,30,42
19689,64,15,30,42
19690,64,15,30,42
19691,64,15,30,42
19692,64,15,30,42
19693,64,15,30,42
19694,64,15,30,42
19695,64,15,30,42
19696,64,15,30,42
19697,64,15,30,42
19698,64,15,30,42
19699,64,15,30,42
19700,64,15,30,42
19701,64,15,30,42
19702,64,15,30,42
19703,64,15,30,42
19704,64,15,30,42
19705,64,15,30,42
19706,64,15,30,42
19707,64,15,30,42
19708,64,15,30,42
19709,64,15,30,42
19710,64,15,30,42
19711,64,15,30,42
19712,64,15,30,42
19713,64,15,30,42
19714,64,15,30,42
19715,64,15,30,42
19716,64,15,30,42
19717,64,15,30,42
19718,64,15,30,42
19719,64,15,30,42
19720,64,15,30,42
19721,64,15,30,42
19722,64,15,30,42
19723,64,15,30,42
19724,64,15,30,42
19725,64,15,30,42
19726,64,15,30,42
19727,64,15,30,42
19728,64,15,30,42
19729,64,15,30,42
19730,64,15,30,42
19731,64,15,30,42
19732,64,15,30,42
19733,64,15,30,42
19734,64,15,30,42
19735,64,15,30,42
19736,64,15,30,42
19737,64,15,30,42
19738,64,15,30,42
19739,64,15,30,42
19740,64,15,30,42
19741,64,15,30,42
19742,64,15,30,42
19743,64,15,30,42
19744,64,15,30,42
19745,64,15,30,42
19746,64,15,30,42
19747,64,15,30,42
19748,64,15,30,42
19749,64,15,30,42
19750,64,15,30,42
19751,64,15,30,42
19752,64,15,30,42
19753,64,15,30,42
19754,64,15,30,42
19755,64,15,30,42
19756,64,15,30,42
19757,64,15,30,42
19758,64,15,30,42
19759,64,15,30,42
19760,64,15,30,42
19761,64,15,30,42
19762,64,15,30,42
19763,64,15,30,42
19764,64,15,30,42
19765,64,15,30,42
19766,64,15,30,42
19767,64,15,30,42
19768,64,15,30,42
19769,64,15,30,42
19770,64,15,30,42
19771,64,15,30,42
19772,64,15,30,42
19773,64,15,30,42
19774,64,15,30,42
19775,64,15,30,42
19776,64,15,30,42
19777,64,15,30,42
19778,64,15,30,42
19779,64,15,30,42
19780,64,15,30,42
19781,64,15,30,42
19782,64,15,30,42
19783,64,15,30,42
19784,64,15,30,42
19785,64,15,30,42
19786,64,15,30,42
19787,64,15,30,42
19788,64,15,30,42
19789,64,15,30,42
19790,64,15,30,42
19791,64,15,30,42
19792,64,15,30,42
19793,64,15,30,42
19794,64,15,30,42
19795,64,15,30,42
19796,64,15,30,42
19797,64,15,30,42
19798,64,15,30,42
19799,64,15,30,42
19800,64,15,30,42
19801,64,15,30,42
19802,64,15,30,42
19803,64,15,30,42
19804,64,15,30,42
19805,64,15,30,42
19806,64,15,30,42
19807,64,15,30,42
19808,64,15,30,42
19809,64,15,30,42
19810,64,15,30,42
19811,64,15,30,42
19812,64,15,30,42
19813,64,15,30,42
19814,64,15,30,42
19815,64,15,30,42
19816,64,15,30,42
19817,64,15,30,42
19818,64,15,30,42
19819,64,15,30,42
19820,64,15,30,42
19821,64,15,30,42
19822,64,15,30,42
19823,64,15,30,42
19824,64,15,30,42
19825,64,15,30,42
19826,64,15,30,42
19827,64,15,30,42
19828,64,15,30,42
19829,64,15,30,42
19830,64,15,30,42
19831,64,15,30,42
19832,64,15,30,42
19833,64,15,30,42
19834,64,15,30,42
19835,64,15,30,42
19836,64,15,30,42
19837,64,15,30,42
19838,64,15,30,42
19839,64,15,30,42
19840,64,15,30,42
19841,64,15,30,42
19842,64,15,30,42
19843,64,15,30,42
19844,64,15,30,42
19845,64,15,30,42
19846,64,15,30,42
19847,64,15,30,42
19848,64,15,30,42
19849,64,15,30,42
19850,64,15,30,42
19851,64,15,30,42
19852,64,15,30,42
19853,64,15,30,42
19854,64,15,30,42
19855,64,15,30,42
19856,64,15,30,42
19857,64,15,30,42
19858,64,15,30,42
19859,64,15,30,42
19860,64,15,30,42
19861,64,15,30,42
19862,64,15,30,42
19863,64,15,30,42
19864,64,15,30,42
19865,64,15,30,42
19866,64,15,30,42
19867,64,15,30,42
19868,64,15,30,42
19869,64,15,30,42
19870,64,15,30,42
19871,64,15,30,42
19872,64,15,30,42
19873,64,15,30,42
19874,64,15,30,42
19875,64,15,30,42
19876,64,15,30,42
19877,64,15,30,42
19878,64,15,30,42
19879,64,15,30,42
19880,64,15,30,42
19881,64,15,30,42
19882,64,15,30,42
19883,64,15,30,42
19884,64,15,30,42
19885,64,15,30,42
19886,64,15,30,42
19887,64,15,30,42
19888,64,15,30,42
19889,64,15,30,42
19890,64,15,30,42
19891,64,15,30,42
19892,64,15,30,42
19893,64,15,30,42
19894,64,15,30,42
19895,64,15,30,42
19896,64,15,30,42
19897,64,15,30,42
19898,64,15,30,42
19899,64,15,30,42
19900,64,15,30,42
19901,64,15,30,42
19902,64,15,30,42
19903,64,15,30,42
19904,64,15,30,42
19905,64,15,30,42
19906,64,15,30,42
19907,64,15,30,42
19908,64,15,30,42
19909,64,15,30,42
19910,64,15,30,42
19911,64,15,30,42
19912,64,15,30,42
19913,64,15,30,42
19914,64,15,30,42
19915,64,15,30,42
19916,64,15,30,42
19917,64,15,30,42
19918,64,15,30,42
19919,64,15,30,42
19920,64,15,30,42
19921,64,15,30,42
19922,64,15,30,42
19923,64,15,30,42
19924,64,15,30,42
19925,64,15,30,42
19926,64,15,30,42
19927,64,15,30,42
19928,64,15,30,42
19929,64,15,30,42
19930,64,15,30,42
19931,64,15,30,42
19932,64,15,30,42
19933,64,15,30,42
19934,64,15,30,42
19935,64,15,30,42
19936,64,15,30,42
19937,64,15,30,42
19938,64,15,30,42
19939,64,15,30,42
19940,64,15,30,42
19941,64,15,30,42
19942,64,15,30,42
19943,64,15,30,42
19944,64,15,30,42
19945,64,15,30,42
19946,64,15,30,42
19947,64,15,30,42
19948,64,15,30,42
19949,64,15,30,42
19950,64,15,30,42
19951,64,15,30,42
19952,64,15,30,42
19953,64,15,30,42
19954,64,15,30,42
19955,64,15,30,42
19956,64,15,30,42
19957,64,15,30,42
19958,64,15,30,42
19959,64,15,30,42
19960,64,15,30,42
19961,64,15,30,42
19962,64,15,30,42
19963,64,15,30,42
19964,64,15,30,42
19965,64,15,30,42
19966,64,15,30,42
19967,64,15,30,42
19968,64,15,30,42
19969,64,15,30,42
19970,64,15,30,42
19971,64,15,30,42
19972,64,15,30,42
19973,64,15,30,42
19974,64,15,30,42
19975,64,15,30,42
19976,64,15,30,42
19977,64,15,30,42
19978,64,15,30,42
19979,64,15,30,42
19980,64,15,30,42
19981,64,15,30,42
19982,64,15,30,42
19983,64,15,30,42
19984,64,15,30,42
19985,64,15,30,42
19986,64,15,30,42
19987,64,15,30,42
19988,64,15,30,42
19989,64,15,30,42
19990,64,15,30,42
19991,64,15,30,42
19992,64,15,30,42
19993,64,15,30,42
19994,64,15,30,42
19995,64,15,30,42
19996,64,15,30,42
19997,64,15,30,42
19998,64,15,30,42
19999,64,15,30,42
20000,64,15,30,42
20001,64,15,30,42
20002,64,15,30,42
20003,64,15,30,42
20004,64,15,30,42
20005,64,15,30,42
20006,64,15,30,42
20007,64,15,30,42
20008,64,15,30,42
20009,64,15,30,42
20010,64,15,30,42
20011,64,15,30,42
20012,64,15,30,42
20013,64,15,30,42
20014,64,15,30,42
20015,64,15,30,42
20016,64,15,30,42
20017,64,15,30,42
20018,64,15,30,42
20019,64,15,30,42
20020,64,15,30,42
20021,64,15,30,42
20022,64,15,30,42
20023,64,15,30,42
20024,64,15,30,42
20025,64,15,30,42
20026,64,15,30,42
20027,64,15,30,42
20028,64,15,30,42
20029,64,15,30,42
20030,64,15,30,42
20031,64,15,30,42
20032,64,15,30,42
20033,64,15,30,42
20034,64,15,30,42
20035,64,15,30,42
20036,64,15,30,42
20037,64,15,30,42
20038,64,15,30,42
20039,64,15,30,42
20040,64,15,30,42
20041,64,15,30,42
20042,64,15,30,42
20043,64,15,30,43
20044,64,15,30,43
20045,64,15,30,43
20046,64,15,30,43
20047,64,15,30,43
20048,64,15,30,43
20049,64,15,30,43
20050,64,15,30,43
20051,64,15,30,43
20052,64,15,30,43
20053,64,15,30,43
20054,64,15,30,43
20055,64,15,30,43
20056,64,15,30,43
20057,64,15,30,43
20058,64,15,30,43
20059,64,15,30,43
20060,64,15,30,43
20061,64,15,30,43
20062,64,15,30,43
20063,64,15,30,43
20064,64,15,30,43
20065,64,15,30,43
20066,64,15,30,43
20067,64,15,30,43
20068,64,15,30,43
20069,64,15,30,43
20070,64,15,30,43
20071,64,15,30,43
20072,64,15,30,43
20073,64,15,30,43
20074,64,15,30,43
20075,64,15,30,43
20076,64,15,30,43
20077,64,15,30,43
20078,64,15,30,43
20079,64,15,30,43
20080,64,15,30,43
20081,64,15,30,43
20082,64,15,30,43
20083,64,15,30,43
20084,64,15,30,43
20085,64,15,30,43
20086,64,15,30,43
20087,64,15,30,43
20088,64,15,30,43
20089,64,15,30,43
20090,64,15,30,43
20091,64,15,30,43
20092,64,15,30,43
20093,64,15,30,43
20094,64,15,30,43
20095,64,15,30,43
20096,64,15,30,43
20097,64,15,30,43
20098,64,15,30,43
20099,64,15,30,43
20100,64,15,30,43
20101,64,15,30,43
20102,64,15,30,43
20103,64,15,30,43
20104,64,15,30,43
20105,64,15,30,43
20106,64,15,30,43
20107,64,15,30,43
20108,64,15,30,43
20109,64,15,30,43
20110,64,15,30,43
20111,64,15,30,43
20112,64,15,30,43
20113,64,15,30,43
20114,64,15,30,43
20115,64,15,30,43
20116,64,15,30,43
20117,64,15,30,43
20118,64,15,30,43
20119,64,15,30,43
20120,64,15,30,43
20121,64,15,30,43
20122,64,15,30,43
20123,64,15,30,43
20124,64,15,30,43
20125,64,15,30,43
20126,64,15,30,43
20127,64,15,30,43
20128,64,15,30,43
20129,64,15,30,43
20130,64,15,30,43
20131,64,15,30,43
20132,64,15,30,43
20133,64,15,30,43
20134,64,15,30,43
20135,64,15,30,43
20136,64,15,30,43
20137,64,15,30,43
20138,64,15,30,43
20139,64,15,30,43
20140,64,15,30,43
20141,64,15,30,43
20142,64,15,30,43
20143,64,15,30,43
20144,64,15,30,43
20145,64,15,30,43
20146,64,15,30,43
20147,64,15,30,43
20148,64,15,30,43
20149,64,15,30,43
20150,64,15,30,43
20151,64,15,30,43
20152,64,15,30,43
20153,64,15,30,43
20154,64,15,30,43
20155,64,15,30,43
20156,64,15,30,43
20157,64,15,30,43
20158,64,15,30,43
20159,64,15,30,43
20160,64,15,30,43
20161,64,15,30,43
20162,64,15,30,43
20163,64,15,30,43
20164,64,15,30,43
20165,64,15,30,43
20166,64,15,30,43
20167,64,15,30,43
20168,64,15,30,43
20169,64,15,30,43
20170,64,15,30,43
20171,64,15,30,43
20172,64,15,30,43
20173,64,15,30,43
20174,64,15,30,43
20175,64,15,30,43
20176,64,15,30,43
20177,64,15,30,43
20178,64,15,30,43
20179,64,15,30,43
20180,64,15,30,43
20181,64,15,30,43
20182,64,15,30,43
20183,64,15,30,43
20184,64,15,30,43
20185,64,15,30,43
20186,64,15,30,43
20187,64,15,30,43
20188,64,15,30,43
20189,64,15,30,43
20190,64,15,30,43
20191,64,15,30,43
20192,64,15,30,43
20193,64,15,30,43
20194,64,15,30,43
20195,64,15,30,43
20196,64,15,30,43
20197,64,15,30,43
20198,64,15,30,43
20199,64,15,30,43
20200,64,15,30,43
20201,64,15,30,43
20202,64,15,30,43
20203,64,15,30,43
20204,64,15,30,43
20205,64,15,30,43
20206,64,15,30,43
20207,64,15,30,43
20208,64,15,30,43
20209,64,15,30,43
20210,64,15,30,43
20211,64,15,30,43
20212,64,15,30,43
20213,64,15,30,43
20214,64,15,30,43
20215,64,15,30,43
20216,64,15,30,43
20217,64,15,30,43
20218,64,15,30,43
20219,64,15,30,43
20220,64,15,30,43
20221,64,15,30,43
20222,64,15,30,43
20223,64,15,30,43
20224,64,15,30,43
20225,64,15,30,43
20226,64,15,30,43
20227,64,15,30,43
20228,64,15,30,43
20229,64,15,30,43
20230,64,15,30,43
20231,64,15,30,43
20232,64,15,30,43
20233,64,15,30,43
20234,64,15,30,43
20235,64,15,30,43
20236,64,15,30,43
20237,64,15,30,43
20238,64,15,30,43
20239,64,15,30,43
20240,64,15,30,43
20241,64,15,30,43
20242,64,15,30,43
20243,64,15,30,43
20244,64,15,30,43
20245,64,15,30,43
20246,64,15,30,43
20247,64,15,30,43
20248,64,15,30,43
20249,64,15,30,43
20250,64,15,30,43
20251,64,15,30,43
20252,64,15,30,43
20253,64,15,30,43
20254,64,15,30,43
20255,64,15,30,43
20256,64,15,30,43
20257,64,15,30,43
20258,64,15,30,43
20259,64,15,30,43
20260,64,15,30,43
20261,64,15,30,43
20262,64,15,30,43
20263,64,15,30,43
20264,64,15,30,43
20265,64,15,30,43
20266,64,15,30,43
20267,64,15,30,43
20268,64,15,30,43
20269,64,15,30,43
20270,64,15,30,43
20271,64,15,30,43
20272,64,15,30,43
20273,64,15,30,43
20274,64,15,30,43
20275,64,15,30,43
20276,64,15,30,43
20277,64,15,30,43
20278,64,15,30,43
20279,64,15,30,43
20280,64,15,30,43
20281,64,15,30,43
20282,64,15,30,43
20283,64,15,30,43
20284,64,15,30,43
20285,64,15,30,43
20286,64,15,30,43
20287,64,15,30,43
20288,64,15,30,43
20289,64,15,30,43
20290,64,15,30,43
20291,64,15,30,43
20292,64,15,30,43
20293,64,15,30,43
20294,64,15,30,43
20295,64,15,30,43
20296,64,15,30,43
20297,64,15,30,43
20298,64,15,30,43
20299,64,15,30,43
20300,64,15,30,43
20301,64,15,30,43
20302,64,15,30,43
20303,64,15,30,43
20304,64,15,30,43
20305,64,15,30,43
20306,64,15,30,43
20307,64,15,30,43
20308,64,15,30,43
20309,64,15,30,43
20310,64,15,30,43
20311,64,15,30,43
20312,64,15,30,43
20313,64,15,30,43
20314,64,15,30,43
20315,64,15,30,43
20316,64,15,30,43
20317,64,15,30,43
20318,64,15,30,43
20319,64,15,30,43
20320,64,15,30,43
20321,64,15,30,43
20322,64,15,30,43
20323,64,15,30,43
20324,64,15,30,43
20325,64,15,30,43
20326,64,15,30,43
20327,64,15,30,43
20328,64,15,30,43
20329,64,15,30,43
20330,64,15,30,43
20331,64,15,30,43
20332,64,15,30,43
20333,64,15,30,43
20334,64,15,30,43
20335,64,15,30,43
20336,64,15,30,43
20337,64,15,30,43
20338,64,15,30,43
20339,64,15,30,43
20340,64,15,30,43
20341,64,15,30,43
20342,64,15,30,43
20343,64,15,30,43
20344,64,15,30,43
20345,64,15,30,43
20346,64,15,30,43
20347,64,15,30,43
20348,64,15,30,43
20349,64,15,30,43
20350,64,15,30,43
20351,64,15,30,43
20352,64,15,30,43
20353,64,15,30,43
20354,64,15,30,43
20355,64,15,30,43
20356,64,15,30,43
20357,64,15,30,43
20358,64,15,30,43
20359,64,15,30,43
20360,64,15,30,43
20361,64,15,30,43
20362,64,15,30,43
20363,64,15,30,43
20364,64,15,30,43
20365,64,15,30,43
20366,64,15,30,43
20367,64,15,30,43
20368,64,15,30,43
20369,64,15,30,43
20370,64,15,30,43
20371,64,15,30,43
20372,64,15,30,43
20373,64,15,30,43
20374,64,15,30,43
20375,64,15,30,43
20376,64,15,30,43
20377,64,15,30,43
20378,64,15,30,43
20379,64,15,30,43
20380,64,15,30,43
20381,64,15,30,43
20382,64,15,30,43
20383,64,15,30,43
20384,64,15,30,43
20385,64,15,30,43
20386,64,15,30,43
20387,64,15,30,43
20388,64,15,30,43
20389,64,15,30,43
20390,64,15,30,43
20391,64,15,30,43
20392,64,15,30,43
20393,64,15,30,43
20394,64,15,30,43
20395,64,15,30,43
20396,64,15,30,43
20397,64,15,30,43
20398,64,15,30,43
20399,64,15,30,43
20400,64,15,30,43
20401,64,15,30,43
20402,64,15,30,43
20403,64,15,30,43
20404,64,15,30,43
20405,64,15,30,43
20406,64,15,30,43
20407,64,15,30,43
20408,64,15,30,43
20409,64,15,30,43
20410,64,15,30,43
20411,64,15,30,43
20412,64,15,30,43
20413,64,15,30,43
20414,64,15,30,43
20415,64,15,30,43
20416,64,15,30,43
20417,64,15,30,43
20418,64,15,30,43
20419,64,15,30,43
20420,64,15,30,43
20421,64,15,30,43
20422,64,15,30,43
20423,64,15,30,43
20424,64,15,30,43
20425,64,15,30,43
20426,64,15,30,43
20427,64,15,30,43
20428,64,15,30,43
20429,64,15,30,43
20430,64,15,30,43
20431,64,15,30,43
20432,64,15,30,43
20433,64,15,30,43
20434,64,15,30,43
20435,64,15,30,43
20436,64,15,30,43
20437,64,15,30,43
20438,64,15,30,43
20439,64,15,30,43
20440,64,15,30,43
20441,64,15,30,43
20442,64,15,30,43
20443,64,15,30,43
20444,64,15,30,43
20445,64,15,30,43
20446,64,15,30,43
20447,64,15,30,43
20448,64,15,30,43
20449,64,15,30,43
20450,64,15,30,43
20451,64,15,30,43
20452,64,15,30,43
20453,64,15,30,43
20454,64,15,30,43
20455,64,15,30,43
20456,64,15,30,43
20457,64,15,30,43
20458,64,15,30,43
20459,64,15,30,43
20460,64,15,30,43
20461,64,15,30,43
20462,64,15,30,43
20463,64,15,30,43
20464,64,15,30,43
20465,64,15,30,43
20466,64,15,30,43
20467,64,15,30,43
20468,64,15,30,43
20469,64,15,30,43
20470,64,15,30,43
20471,64,15,30,43
20472,64,15,30,43
20473,64,15,30,43
20474,64,15,30,43
20475,64,15,30,43
20476,64,15,30,43
20477,64,15,30,43
20478,64,15,30,43
20479,64,15,30,43
20480,64,15,30,43
20481,64,15,30,43
20482,64,15,30,43
20483,64,15,30,43
20484,64,15,30,43
20485,64,15,30,43
20486,64,15,30,43
20487,64,15,30,43
20488,64,15,30,43
20489,64,15,30,43
20490,64,15,30,43
20491,64,15,30,43
20492,64,15,30,43
20493,64,15,30,43
20494,64,15,30,43
20495,64,15,30,43
20496,64,15,30,43
20497,64,15,30,43
20498,64,15,30,43
20499,64,15,30,43
20500,64,15,30,43
20501,64,15,30,43
20502,64,15,30,43
20503,64,15,30,43
20504,64,15,30,43
20505,64,15,30,43
20506,64,15,30,43
20507,64,15,30,43
20508,64,15,30,43
20509,64,15,30,43
20510,64,15,30,43
20511,64,15,30,43
20512,64,15,30,43
20513,64,15,30,43
20514,64,15,30,43
20515,64,15,30,43
20516,64,15,30,43
20517,64,15,30,43
20518,64,15,30,43
20519,64,15,30,43
20520,64,15,30,43
20521,64,15,30,43
20522,64,15,30,43
20523,64,15,30,43
20524,64,15,30,43
20525,64,15,30,43
20526,64,15,30,43
20527,64,15,30,43
20528,64,15,30,43
20529,64,15,30,43
20530,64,15,30,43
20531,64,15,30,43
20532,64,15,30,43
20533,64,15,30,43
20534,64,15,30,43
20535,64,15,30,43
20536,64,15,30,43
20537,64,15,30,43
20538,64,15,30,43
20539,64,15,30,43
20540,64,15,30,43
20541,64,15,30,43
20542,64,15,30,43
20543,64,15,30,43
20544,64,15,30,43
20545,64,15,30,43
20546,64,15,30,43
20547,64,15,30,43
20548,64,15,30,43
20549,64,15,30,43
20550,64,15,30,43
20551,64,15,30,43
20552,64,15,30,43
20553,64,15,30,43
20554,64,15,30,43
20555,64,15,30,43
20556,64,15,30,43
20557,64,15,30,43
20558,64,15,30,43
20559,64,15,30,43
20560,64,15,30,43
20561,64,15,30,43
20562,64,15,30,43
20563,64,15,30,43
20564,64,15,30,43
20565,64,15,30,43
20566,64,15,30,43
20567,64,15,30,43
20568,64,15,30,43
20569,64,15,30,43
20570,64,15,30,43
20571,64,15,30,43
20572,64,15,30,43
20573,64,15,30,43
20574,64,15,30,43
20575,64,15,30,43
20576,64,15,30,43
20577,64,15,30,43
20578,64,15,30,43
20579,64,15,30,43
20580,64,15,30,43
20581,64,15,30,43
20582,64,15,30,43
20583,64,15,30,43
20584,64,15,30,43
20585,64,15,30,43
20586,64,15,30,43
20587,64,15,30,43
20588,64,15,30,43
20589,64,15,30,43
20590,64,15,30,43
20591,64,15,30,43
20592,64,15,30,43
20593,64,15,30,43
20594,64,15,30,43
20595,64,15,30,43
20596,64,15,30,43
20597,64,15,30,43
20598,64,15,30,43
20599,64,15,30,43
20600,64,15,30,43
20601,64,15,30,43
20602,64,15,30,43
20603,64,15,30,43
20604,64,15,30,43
20605,64,15,30,43
20606,64,15,30,43
20607,64,15,30,43
20608,64,15,30,43
20609,64,15,30,43
20610,64,15,30,43
20611,64,15,30,43
20612,64,15,30,43
20613,64,15,30,43
20614,64,15,30,43
20615,64,15,30,43
20616,64,15,30,43
20617,64,15,30,43
20618,64,15,30,43
20619,64,15,30,43
20620,64,15,30,43
20621,64,15,30,43
20622,64,15,30,43
20623,64,15,30,43
20624,64,15,30,43
20625,64,15,30,43
20626,64,15,30,43
20627,64,15,30,43
20628,64,15,30,43
20629,64,15,30,43
20630,64,15,30,43
20631,64,15,30,43
20632,64,15,30,43
20633,64,15,30,43
20634,64,15,30,43
20635,64,15,30,43
20636,64,15,30,43
20637,64,15,30,43
20638,64,15,30,43
20639,64,15,30,43
20640,64,15,30,43
20641,64,15,30,43
20642,64,15,30,43
20643,64,15,30,43
20644,64,15,30,43
20645,64,15,30,43
20646,64,15,30,43
20647,64,15,30,43
20648,64,15,30,43
20649,64,15,30,43
20650,64,15,30,43
20651,64,15,30,43
20652,64,15,30,43
20653,64,15,30,43
20654,64,15,30,43
20655,64,15,30,43
20656,64,15,30,43
20657,64,15,30,43
20658,64,15,30,43
20659,64,15,30,43
20660,64,15,30,43
20661,64,15,30,43
20662,64,15,30,43
20663,64,15,30,43
20664,64,15,30,43
20665,64,15,30,43
20666,64,15,30,43
20667,64,15,30,43
20668,64,15,30,43
20669,64,15,30,43
20670,64,15,30,43
20671,64,15,30,43
20672,64,15,30,43
20673,64,15,30,43
20674,64,15,30,43
20675,64,15,30,43
20676,64,15,30,43
20677,64,15,30,43
20678,64,15,30,43
20679,64,15,30,43
20680,64,15,30,43
20681,64,15,30,43
20682,64,15,30,43
20683,64,15,30,43
20684,64,15,30,43
20685,64,15,30,43
20686,64,15,30,43
20687,64,15,30,43
20688,64,15,30,43
20689,64,15,30,43
20690,64,15,30,43
20691,64,15,30,43
20692,64,15,30,43
20693,64,15,30,43
20694,64,15,30,43
20695,64,15,30,43
20696,64,15,30,43
20697,64,15,30,43
20698,64,15,30,43
20699,64,15,30,43
20700,64,15,30,43
20701,64,15,30,43
20702,64,15,30,43
20703,64,15,30,43
20704,64,15,30,43
20705,64,15,30,43
20706,64,15,30,43
20707,64,15,30,43
20708,64,15,30,43
20709,64,15,30,43
20710,64,15,30,43
20711,64,15,30,43
20712,64,15,30,43
20713,64,15,30,43
20714,64,15,30,43
20715,64,15,30,43
20716,64,15,30,43
20717,64,15,30,43
20718,64,15,30,43
20719,64,15,30,43
20720,64,15,30,43
20721,64,15,30,43
20722,64,15,30,43
20723,64,15,30,43
20724,64,15,30,43
20725,64,15,30,43
20726,64,15,30,43
20727,64,15,30,43
20728,64,15,30,43
20729,64,15,30,43
20730,64,15,30,43
20731,64,15,30,43
20732,64,15,30,43
20733,64,15,30,43
20734,64,15,30,43
20735,64,15,30,43
20736,64,15,30,43
20737,64,15,30,43
20738,64,15,30,43
20739,64,15,30,43
20740,64,15,30,43
20741,64,15,30,43
20742,64,15,30,43
20743,64,15,30,43
20744,64,15,30,43
20745,64,15,30,43
20746,64,15,30,43
20747,64,15,30,43
20748,64,15,30,43
20749,64,15,30,43
20750,64,15,30,43
20751,64,15,30,43
20752,64,15,30,43
20753,64,15,30,43
20754,64,15,30,43
20755,64,15,30,43
20756,64,15,30,43
20757,64,15,30,43
20758,64,15,30,43
20759,64,15,30,43
20760,64,15,30,43
20761,64,15,30,43
20762,64,15,30,43
20763,64,15,30,43
20764,64,15,30,43
20765,64,15,30,43
20766,64,15,30,43
20767,64,15,30,43
20768,64,15,30,43
20769,64,15,30,43
20770,64,15,30,43
20771,64,15,30,43
20772,64,15,30,43
20773,64,15,30,43
20774,64,15,30,43
20775,64,15,30,43
20776,64,15,30,43
20777,64,15,30,43
20778,64,15,30,43
20779,64,15,30,43
20780,64,15,30,43
20781,64,15,30,43
20782,64,15,30,43
20783,64,15,30,43
20784,64,15,30,43
20785,64,15,30,43
20786,64,15,30,43
20787,64,15,30,43
20788,64,15,30,43
20789,64,15,30,43
20790,64,15,30,43
20791,64,15,30,43
20792,64,15,30,43
20793,64,15,30,43
20794,64,15,30,43
20795,64,15,30,43
20796,64,15,30,43
20797,64,15,30,43
20798,64,15,30,43
20799,64,15,30,43
20800,64,15,30,43
20801,64,15,30,43
20802,64,15,30,43
20803,64,15,30,43
20804,64,15,30,43
20805,64,15,30,43
20806,64,15,30,43
20807,64,15,30,43
20808,64,15,30,43
20809,64,15,30,43
20810,64,15,30,43
20811,64,15,30,43
20812,64,15,30,43
20813,64,15,30,43
20814,64,15,30,43
20815,64,15,30,43
20816,64,15,30,43
20817,64,15,30,43
20818,64,15,30,43
20819,64,15,30,43
20820,64,15,30,43
20821,64,15,30,43
20822,64,15,30,43
20823,64,15,30,43
20824,64,15,30,43
20825,64,15,30,43
20826,64,15,30,43
20827,64,15,30,43
20828,64,15,30,43
20829,64,15,30,43
20830,64,15,30,43
20831,64,15,30,43
20832,64,15,30,43
20833,64,15,30,43
20834,64,15,30,43
20835,64,15,30,43
20836,64,15,30,43
20837,64,15,30,43
20838,64,15,30,43
20839,64,15,30,43
20840,64,15,30,43
20841,64,15,30,43
20842,64,15,30,43
20843,64,15,30,43
20844,64,15,30,43
20845,64,15,30,43
20846,64,15,30,43
20847,64,15,30,43
20848,64,15,30,43
20849,64,15,30,43
20850,64,15,30,43
20851,64,15,30,43
20852,64,15,30,43
20853,64,15,30,43
20854,64,15,30,43
20855,64,15,30,43
20856,64,15,30,43
20857,64,15,30,43
20858,64,15,30,43
20859,64,15,30,43
20860,64,15,30,43
20861,64,15,30,43
20862,64,15,30,43
20863,64,15,30,43
20864,64,15,30,43
20865,64,15,30,43
20866,64,15,30,43
20867,64,15,30,43
20868,64,15,30,43
20869,64,15,30,43
20870,64,15,30,43
20871,64,15,30,43
20872,64,15,30,43
20873,64,15,30,43
20874,64,15,30,43
20875,64,15,30,43
20876,64,15,30,43
20877,64,15,30,43
20878,64,15,30,43
20879,64,15,30,43
20880,64,15,30,43
20881,64,15,30,43
20882,64,15,30,43
20883,64,15,30,43
20884,64,15,30,43
20885,64,15,30,43
20886,64,15,30,43
20887,64,15,30,43
20888,64,15,30,43
20889,64,15,30,43
20890,64,15,30,43
20891,64,15,30,43
20892,64,15,30,43
20893,64,15,30,43
20894,64,15,30,43
20895,64,15,30,43
20896,64,15,30,43
20897,64,15,30,43
20898,64,15,30,43
20899,64,15,30,43
20900,64,15,30,43
20901,64,15,30,43
20902,64,15,30,43
20903,64,15,30,43
20904,64,15,30,43
20905,64,15,30,43
20906,64,15,30,43
20907,64,15,30,43
20908,64,15,30,43
20909,64,15,30,43
20910,64,15,30,43
20911,64,15,30,43
20912,64,15,30,43
20913,64,15,30,43
20914,64,15,30,43
20915,64,15,30,43
20916,64,15,30,43
20917,64,15,30,43
20918,64,15,30,43
20919,64,15,30,43
20920,64,15,30,43
20921,64,15,30,43
20922,64,15,30,43
20923,64,15,30,43
20924,64,15,30,43
20925,64,15,30,43
20926,64,15,30,43
20927,64,15,30,43
20928,64,15,30,43
20929,64,15,30,43
20930,64,15,30,43
20931,64,15,30,43
20932,64,15,30,43
20933,64,15,30,43
20934,64,15,30,43
20935,64,15,30,43
20936,64,15,30,43
20937,64,15,30,43
20938,64,15,30,43
20939,64,15,30,43
20940,64,15,30,43
20941,64,15,30,43
20942,64,15,30,43
20943,64,15,30,43
20944,64,15,30,43
20945,64,15,30,43
20946,64,15,30,43
20947,64,15,30,43
20948,64,15,30,43
20949,64,15,30,43
20950,64,15,30,43
20951,64,15,30,43
20952,64,15,30,43
20953,64,15,30,43
20954,64,15,30,43
20955,64,15,30,43
20956,64,15,30,43
20957,64,15,30,43
20958,64,15,30,43
20959,64,15,30,43
20960,64,15,30,43
20961,64,15,30,43
20962,64,15,30,43
20963,64,15,30,43
20964,64,15,30,43
20965,64,15,30,43
20966,64,15,30,43
20967,64,15,30,43
20968,64,15,30,43
20969,64,15,30,43
20970,64,15,30,43
20971,64,15,30,43
20972,64,15,30,43
20973,64,15,30,43
20974,64,15,30,43
20975,64,15,30,43
20976,64,15,30,43
20977,64,15,30,43
20978,64,15,30,43
20979,64,15,30,43
20980,64,15,30,43
20981,64,15,30,43
20982,64,15,30,43
20983,64,15,30,43
20984,64,15,30,43
20985,64,15,30,43
20986,64,15,30,43
20987,64,15,30,43
20988,64,15,30,43
20989,64,15,30,43
20990,64,15,30,43
20991,64,15,30,43
20992,64,15,30,43
20993,64,15,30,43
20994,64,15,30,43
20995,64,15,30,43
20996,64,15,30,43
20997,64,15,30,43
20998,64,15,30,43
20999,64,15,30,43
21000,64,15,30,43
21001,64,15,30,43
21002,64,15,30,43
21003,64,15,30,43
21004,64,15,30,43
21005,64,15,30,43
21006,64,15,30,43
21007,64,15,30,43
21008,64,15,30,43
21009,64,15,30,43
21010,64,15,30,43
21011,64,15,30,43
21012,64,15,30,43
21013,64,15,30,43
21014,64,15,30,43
21015,64,15,30,43
21016,64,15,30,43
21017,64,15,30,43
21018,64,15,30,43
21019,64,15,30,43
21020,64,15,30,43
21021,64,15,30,43
21022,64,15,30,43
21023,64,15,30,43
21024,64,15,30,43
21025,64,15,30,43
21026,64,15,30,43
21027,64,15,30,43
21028,64,15,30,43
21029,64,15,30,43
21030,64,15,30,43
21031,64,15,30,43
21032,64,15,30,43
21033,64,15,30,43
21034,64,15,30,43
21035,64,15,30,43
21036,64,15,30,43
21037,64,15,30,43
21038,64,15,30,43
21039,64,15,30,43
21040,64,15,30,43
21041,64,15,30,43
21042,64,15,30,43
21043,64,15,30,43
21044,64,15,30,43
21045,64,15,30,43
21046,64,15,30,43
21047,64,15,30,43
21048,64,15,30,43
21049,64,15,30,43
21050,64,15,30,43
21051,64,15,30,43
21052,64,15,30,43
21053,64,15,30,43
21054,64,15,30,43
21055,64,15,30,43
21056,64,15,30,43
21057,64,15,30,43
21058,64,15,30,43
21059,64,15,30,43
21060,64,15,30,43
21061,64,15,30,43
21062,64,15,30,43
21063,64,15,30,43
21064,64,15,30,43
21065,64,15,30,43
21066,64,15,30,43
21067,64,15,30,43
21068,64,15,30,43
21069,64,15,30,43
21070,64,15,30,43
21071,64,15,30,43
21072,64,15,30,43
21073,64,15,30,43
21074,64,15,30,43
21075,64,15,30,43
21076,64,15,30,43
21077,64,15,30,43
21078,64,15,30,43
21079,64,15,30,43
21080,64,15,30,43
21081,64,15,30,43
21082,64,15,30,43
21083,64,15,30,43
21084,64,15,30,43
21085,64,15,30,43
21086,64,15,30,43
21087,64,15,30,43
21088,64,15,30,43
21089,64,15,30,43
21090,64,15,30,43
21091,64,15,30,43
21092,64,15,30,43
21093,64,15,30,43
21094,64,15,30,43
21095,64,15,30,43
21096,64,15,30,43
21097,64,15,30,43
21098,64,15,30,43
21099,64,15,30,43
21100,64,15,30,43
21101,64,15,30,43
21102,64,15,30,43
21103,64,15,30,43
21104,64,15,30,43
21105,64,15,30,43
21106,64,15,30,43
21107,64,15,30,43
21108,64,15,30,43
21109,64,15,30,43
21110,64,15,30,43
21111,64,15,30,43
21112,64,15,30,43
21113,64,15,30,43
21114,64,15,30,43
21115,64,15,30,43
21116,64,15,30,43
21117,64,15,30,43
21118,64,15,30,43
21119,64,15,30,43
21120,64,15,30,43
21121,64,15,30,43
21122,64,15,30,43
21123,64,15,30,43
21124,64,15,30,43
21125,64,15,30,43
21126,64,15,30,43
21127,64,15,30,43
21128,64,15,30,43
21129,64,15,30,43
21130,64,15,30,43
21131,64,15,30,43
21132,64,15,30,43
21133,64,15,30,43
21134,64,15,30,43
21135,64,15,30,43
21136,64,15,30,43
21137,64,15,30,43
21138,64,15,30,43
21139,64,15,30,43
21140,64,15,30,43
21141,64,15,30,43
21142,64,15,30,43
21143,64,15,30,43
21144,64,15,30,43
21145,64,15,30,43
21146,64,15,30,43
21147,64,15,30,43
21148,64,15,30,43
21149,64,15,30,43
21150,64,15,30,43
21151,64,15,30,43
21152,64,15,30,43
21153,64,15,30,43
21154,64,15,30,43
21155,64,15,30,43
21156,64,15,30,43
21157,64,15,30,43
21158,64,15,30,43
21159,64,15,30,43
21160,64,15,30,43
21161,64,15,30,43
21162,64,15,30,43
21163,64,15,30,43
21164,64,15,30,43
21165,64,15,30,43
21166,64,15,30,43
21167,64,15,30,43
21168,64,15,30,43
21169,64,15,30,43
21170,64,15,30,43
21171,64,15,30,43
21172,64,15,30,43
21173,64,15,30,43
21174,64,15,30,43
21175,64,15,30,43
21176,64,15,30,43
21177,64,15,30,43
21178,64,15,30,43
21179,64,15,30,43
21180,64,15,30,43
21181,64,15,30,43
21182,64,15,30,43
21183,64,15,30,43
21184,64,15,30,43
21185,64,15,30,43
21186,64,15,30,43
21187,64,15,30,43
21188,64,15,30,43
21189,64,15,30,43
21190,64,15,30,43
21191,64,15,30,43
21192,64,15,30,43
21193,64,15,30,43
21194,64,15,30,43
21195,64,15,30,43
21196,64,15,30,43
21197,64,15,30,43
21198,64,15,30,43
21199,64,15,30,43
21200,64,15,30,43
21201,64,15,30,43
21202,64,15,30,43
21203,64,15,30,43
21204,64,15,30,43
21205,64,15,30,43
21206,64,15,30,43
21207,64,15,30,43
21208,64,15,30,43
21209,64,15,30,43
21210,64,15,30,43
21211,64,15,30,43
21212,64,15,30,43
21213,64,15,30,43
21214,64,15,30,43
21215,64,15,30,43
21216,64,15,30,43
21217,64,15,30,43
21218,64,15,30,43
21219,64,15,30,43
21220,64,15,30,43
21221,64,15,30,43
21222,64,15,30,43
21223,64,15,30,43
21224,64,15,30,43
21225,64,15,30,43
21226,64,15,30,43
21227,64,15,30,43
21228,64,15,30,43
21229,64,15,30,43
21230,64,15,30,43
21231,64,15,30,43
21232,64,15,30,43
21233,64,15,30,43
21234,64,15,30,43
21235,64,15,30,43
21236,64,15,30,43
21237,64,15,30,43
21238,64,15,30,43
21239,64,15,30,43
21240,64,15,30,43
21241,64,15,30,43
21242,64,15,30,43
21243,64,15,30,43
21244,64,15,30,43
21245,64,15,30,43
21246,64,15,30,43
21247,64,15,30,43
21248,64,15,30,43
21249,64,15,30,43
21250,64,15,30,43
21251,64,15,30,43
21252,64,15,30,43
21253,64,15,30,43
21254,64,15,30,43
21255,64,15,30,43
21256,64,15,30,43
21257,64,15,30,43
21258,64,15,30,43
21259,64,15,30,43
21260,64,15,30,43
21261,64,15,30,43
21262,64,15,30,43
21263,64,15,30,43
21264,64,15,30,43
21265,64,15,30,43
21266,64,15,30,43
21267,64,15,30,43
21268,64,15,30,43
21269,64,15,30,43
21270,64,15,30,43
21271,64,15,30,43
21272,64,15,30,43
21273,64,15,30,43
21274,64,15,30,43
21275,64,15,30,43
21276,64,15,30,43
21277,64,15,30,43
21278,64,15,30,43
21279,64,15,30,43
21280,64,15,30,43
21281,64,15,30,43
21282,64,15,30,43
21283,64,15,30,43
21284,64,15,30,43
21285,64,15,30,43
21286,64,15,30,43
21287,64,15,30,43
21288,64,15,30,43
21289,64,15,30,43
21290,64,15,30,43
21291,64,15,30,43
21292,64,15,30,43
21293,64,15,30,43
21294,64,15,30,43
21295,64,15,30,43
21296,64,15,30,43
21297,64,15,30,43
21298,64,15,30,43
21299,64,15,30,43
21300,64,15,30,43
21301,64,15,30,43
21302,64,15,30,43
21303,64,15,30,43
21304,64,15,30,43
21305,64,15,30,43
21306,64,15,30,43
21307,64,15,30,43
21308,64,15,30,43
21309,64,15,30,43
21310,64,15,30,43
21311,64,15,30,43
21312,64,15,30,43
21313,64,15,30,43
21314,64,15,30,43
21315,64,15,30,43
21316,64,15,30,43
21317,64,15,30,43
21318,64,15,30,43
21319,64,15,30,43
21320,64,15,30,43
21321,64,15,30,43
21322,64,15,30,43
21323,64,15,30,43
21324,64,15,30,43
21325,64,15,30,43
21326,64,15,30,43
21327,64,15,30,43
21328,64,15,30,43
21329,64,15,30,43
21330,64,15,30,43
21331,64,15,30,43
21332,64,15,30,43
21333,64,15,30,43
21334,64,15,30,43
21335,64,15,30,43
21336,64,15,30,43
21337,64,15,30,43
21338,64,15,30,43
21339,64,15,30,43
21340,64,15,30,43
21341,64,15,30,43
21342,64,15,30,43
21343,64,15,30,43
21344,64,15,30,43
21345,64,15,30,43
21346,64,15,30,43
21347,64,15,30,43
21348,64,15,30,43
21349,64,15,30,43
21350,64,15,30,43
21351,64,15,30,43
21352,64,15,30,43
21353,64,15,30,43
21354,64,15,30,43
21355,64,15,30,43
21356,64,15,30,43
21357,64,15,30,43
21358,64,15,30,43
21359,64,15,30,43
21360,64,15,30,43
21361,64,15,30,43
21362,64,15,30,43
21363,64,15,30,43
21364,64,15,30,43
21365,64,15,30,43
21366,64,15,30,43
21367,64,15,30,43
21368,64,15,30,43
21369,64,15,30,43
21370,64,15,30,43
21371,64,15,30,43
21372,64,15,30,43
21373,64,15,30,43
21374,64,15,30,43
21375,64,15,30,43
21376,64,15,30,43
21377,64,15,30,43
21378,64,15,30,43
21379,64,15,30,43
21380,64,15,30,43
21381,64,15,30,43
21382,64,15,30,43
21383,64,15,30,43
21384,64,15,30,43
21385,64,15,30,43
21386,64,15,30,43
21387,64,15,30,43
21388,64,15,30,43
21389,64,15,30,43
21390,64,15,30,43
21391,64,15,30,43
21392,64,15,30,43
21393,64,15,30,43
21394,64,15,30,43
21395,64,15,30,43
21396,64,15,30,43
21397,64,15,30,43
21398,64,15,30,43
21399,64,15,30,43
21400,64,15,30,43
21401,64,15,30,43
21402,64,15,30,43
21403,64,15,30,43
21404,64,15,30,43
21405,64,15,30,43
21406,64,15,30,43
21407,64,15,30,43
21408,64,15,30,43
21409,64,15,30,43
21410,64,15,30,43
21411,64,15,30,43
21412,64,15,30,43
21413,64,15,30,43
21414,64,15,30,43
21415,64,15,30,43
21416,64,15,30,43
21417,64,15,30,43
21418,64,15,30,43
21419,64,15,30,43
21420,64,15,30,43
21421,64,15,30,43
21422,64,15,30,43
21423,64,15,30,43
21424,64,15,30,43
21425,64,15,30,43
21426,64,15,30,43
21427,64,15,30,43
21428,64,15,30,43
21429,64,15,30,43
21430,64,15,30,43
21431,64,15,30,43
21432,64,15,30,43
21433,64,15,30,43
21434,64,15,30,43
21435,64,15,30,43
21436,64,15,30,43
21437,64,15,30,43
21438,64,15,30,43
21439,64,15,30,43
21440,64,15,30,43
21441,64,15,30,43
21442,64,15,30,43
21443,64,15,30,43
21444,64,15,30,43
21445,64,15,30,43
21446,64,15,30,43
21447,64,15,30,43
21448,64,15,30,43
21449,64,15,30,43
21450,64,15,30,43
21451,64,15,30,43
21452,64,15,30,43
21453,64,15,30,43
21454,64,15,30,43
21455,64,15,30,43
21456,64,15,30,43
21457,64,15,30,43
21458,64,15,30,43
21459,64,15,30,43
21460,64,15,30,43
21461,64,15,30,43
21462,64,15,30,43
21463,64,15,30,43
21464,64,15,30,43
21465,64,15,30,43
21466,64,15,30,43
21467,64,15,30,43
21468,64,15,30,43
21469,64,15,30,43
21470,64,15,30,43
21471,64,15,30,43
21472,64,15,30,43
21473,64,15,30,43
21474,64,15,30,43
21475,64,15,30,43
21476,64,15,30,43
21477,64,15,30,43
21478,64,15,30,43
21479,64,15,30,43
21480,64,15,30,43
21481,64,15,30,43
21482,64,15,30,43
21483,64,15,30,43
21484,64,15,30,43
21485,64,15,30,43
21486,64,15,30,43
21487,64,15,30,43
21488,64,15,30,43
21489,64,15,30,43
21490,64,15,30,43
21491,64,15,30,43
21492,64,15,30,43
21493,64,15,30,43
21494,64,15,30,43
21495,64,15,30,43
21496,64,15,30,43
21497,64,15,30,43
21498,64,15,30,43
21499,64,15,30,43
21500,64,15,30,43
21501,64,15,30,43
21502,64,15,30,43
21503,64,15,30,43
21504,64,15,30,43
21505,64,15,30,43
21506,64,15,30,43
21507,64,15,30,43
21508,64,15,30,43
21509,64,15,30,43
21510,64,15,30,43
21511,64,15,30,43
21512,64,15,30,43
21513,64,15,30,43
21514,64,15,30,43
21515,64,15,30,43
21516,64,15,30,43
21517,64,15,30,43
21518,64,15,30,43
21519,64,15,30,43
21520,64,15,30,43
21521,64,15,30,43
21522,64,15,30,43
21523,64,15,30,43
21524,64,15,30,43
21525,64,15,30,43
21526,64,15,30,43
21527,64,15,30,43
21528,64,15,30,43
21529,64,15,30,43
21530,64,15,30,43
21531,64,15,30,43
21532,64,15,30,43
21533,64,15,30,43
21534,64,15,30,43
21535,64,15,30,43
21536,64,15,30,43
21537,64,15,30,43
21538,64,15,30,43
21539,64,15,30,43
21540,64,15,30,43
21541,64,15,30,43
21542,64,15,30,43
21543,64,15,30,43
21544,64,15,30,43
21545,64,15,30,43
21546,64,15,30,43
21547,64,15,30,43
21548,64,15,30,43
21549,64,15,30,43
21550,64,15,30,43
21551,64,15,30,43
21552,64,15,30,43
21553,64,15,30,43
21554,64,15,30,43
21555,64,15,30,43
21556,64,15,30,43
21557,64,15,30,43
21558,64,15,30,43
21559,64,15,30,43
21560,64,15,30,43
21561,64,15,30,43
21562,64,15,30,43
21563,64,15,30,43
21564,64,15,30,43
21565,64,15,30,43
21566,64,15,30,43
21567,64,15,30,43
21568,64,15,30,43
21569,64,15,30,43
21570,64,15,30,43
21571,64,15,30,43
21572,64,15,30,43
21573,64,15,30,43
21574,64,15,30,43
21575,64,15,30,43
21576,64,15,30,43
21577,64,15,30,43
21578,64,15,30,43
21579,64,15,30,43
21580,64,15,30,43
21581,64,15,30,43
21582,64,15,30,43
21583,64,15,30,43
21584,64,15,30,43
21585,64,15,30,43
21586,64,15,30,43
21587,64,15,30,43
21588,64,15,30,43
21589,64,15,30,43
21590,64,15,30,43
21591,64,15,30,43
21592,64,15,30,43
21593,64,15,30,43
21594,64,15,30,43
21595,64,15,30,43
21596,64,15,30,43
21597,64,15,30,43
21598,64,15,30,43
21599,64,15,30,43
21600,64,15,30,43
21601,64,15,30,43
21602,64,15,30,43
21603,64,15,30,43
21604,64,15,30,43
21605,64,15,30,43
21606,64,15,30,43
21607,64,15,30,43
21608,64,15,30,43
21609,64,15,30,43
21610,64,15,30,43
21611,64,15,30,43
21612,64,15,30,43
21613,64,15,30,43
21614,64,15,30,43
21615,64,15,30,43
21616,64,15,30,43
21617,64,15,30,43
21618,64,15,30,43
21619,64,15,30,43
21620,64,15,30,43
21621,64,15,30,43
21622,64,15,30,43
21623,64,15,30,43
21624,64,15,30,43
21625,64,15,30,43
21626,64,15,30,43
21627,64,15,30,43
21628,64,15,30,43
21629,64,15,30,43
21630,64,15,30,43
21631,64,15,30,43
21632,64,15,30,43
21633,64,15,30,43
21634,64,15,30,43
21635,64,15,30,43
21636,64,15,30,43
21637,64,15,30,43
21638,64,15,30,43
21639,64,15,30,43
21640,64,15,30,43
21641,64,15,30,43
21642,64,15,30,43
21643,64,15,30,43
21644,64,15,30,43
21645,64,15,30,43
21646,64,15,30,43
21647,64,15,30,43
21648,64,15,30,43
21649,64,15,30,43
21650,64,15,30,43
21651,64,15,30,43
21652,64,15,30,43
21653,64,15,30,43
21654,64,15,30,43
21655,64,15,30,43
21656,64,15,30,43
21657,64,15,30,43
21658,64,15,30,43
21659,64,15,30,43
21660,64,15,30,43
21661,64,15,30,43
21662,64,15,30,43
21663,64,15,30,43
21664,64,15,30,43
21665,64,15,30,43
21666,64,15,30,43
21667,64,15,30,43
21668,64,15,30,43
21669,64,15,30,43
21670,64,15,30,43
21671,64,15,30,43
21672,64,15,30,43
21673,64,15,30,43
21674,64,15,30,43
21675,64,15,30,43
21676,64,15,30,43
21677,64,15,30,43
21678,64,15,30,43
21679,64,15,30,43
21680,64,15,30,43
21681,64,15,30,43
21682,64,15,30,43
21683,64,15,30,43
21684,64,15,30,43
21685,64,15,30,43
21686,64,15,30,43
21687,64,15,30,43
21688,64,15,30,43
21689,64,15,30,43
21690,64,15,30,43
21691,64,15,30,43
21692,64,15,30,43
21693,64,15,30,43
21694,64,15,30,43
21695,64,15,30,43
21696,64,15,30,43
21697,64,15,30,43
21698,64,15,30,43
21699,64,15,30,43
21700,64,15,30,43
21701,64,15,30,43
21702,64,15,30,43
21703,64,15,30,43
21704,64,15,30,43
21705,64,15,30,43
21706,64,15,30,43
21707,64,15,30,43
21708,64,15,30,43
21709,64,15,30,43
21710,64,15,30,43
21711,64,15,30,43
21712,64,15,30,43
21713,64,15,30,43
21714,64,15,30,43
21715,64,15,30,43
21716,64,15,30,43
21717,64,15,30,43
21718,64,15,30,43
21719,64,15,30,43
21720,64,15,30,43
21721,64,15,30,43
21722,64,15,30,43
21723,64,15,30,43
21724,64,15,30,43
21725,64,15,30,43
21726,64,15,30,43
21727,64,15,30,43
21728,64,15,30,43
21729,64,15,30,43
21730,64,15,30,43
21731,64,15,30,43
21732,64,15,30,43
21733,64,15,30,43
21734,64,15,30,43
21735,64,15,30,43
21736,64,15,30,43
21737,64,15,30,43
21738,64,15,30,43
21739,64,15,30,43
21740,64,15,30,43
21741,64,15,30,43
21742,64,15,30,43
21743,64,15,30,43
21744,64,15,30,43
21745,64,15,30,43
21746,64,15,30,43
21747,64,15,30,43
21748,64,15,30,43
21749,64,15,30,43
21750,64,15,30,43
21751,64,15,30,43
21752,64,15,30,43
21753,64,15,30,43
21754,64,15,30,43
21755,64,15,30,43
21756,64,15,30,43
21757,64,15,30,43
21758,64,15,30,43
21759,64,15,30,43
21760,64,15,30,43
21761,64,15,30,43
21762,64,15,30,43
21763,64,15,30,43
21764,64,15,30,43
21765,64,15,30,43
21766,64,15,30,43
21767,64,15,30,43
21768,64,15,30,43
21769,64,15,30,43
21770,64,15,30,43
21771,64,15,30,43
21772,64,15,30,43
21773,64,15,30,43
21774,64,15,30,43
21775,64,15,30,43
21776,64,15,30,43
21777,64,15,30,43
21778,64,15,30,43
21779,64,15,30,43
21780,64,15,30,43
21781,64,15,30,43
21782,64,15,30,43
21783,64,15,30,43
21784,64,15,30,43
21785,64,15,30,43
21786,64,15,30,43
21787,64,15,30,43
21788,64,15,30,43
21789,64,15,30,43
21790,64,15,30,43
21791,64,15,30,43
21792,64,15,30,43
21793,64,15,30,43
21794,64,15,30,43
21795,64,15,30,43
21796,64,15,30,43
21797,64,15,30,43
21798,64,15,30,43
21799,64,15,30,43
21800,64,15,30,43
21801,64,15,30,43
21802,64,15,30,43
21803,64,15,30,43
21804,64,15,30,43
21805,64,15,30,43
21806,64,15,30,43
21807,64,15,30,43
21808,64,15,30,43
21809,64,15,30,43
21810,64,15,30,43
21811,64,15,30,43
21812,64,15,30,43
21813,64,15,30,43
21814,64,15,30,43
21815,64,15,30,43
21816,64,15,30,43
21817,64,15,30,43
21818,64,15,30,43
21819,64,15,30,43
21820,64,15,30,43
21821,64,15,30,43
21822,64,15,30,43
21823,64,15,30,43
21824,64,15,30,43
21825,64,15,30,43
21826,64,15,30,43
21827,64,15,30,43
21828,64,15,30,43
21829,64,15,30,43
21830,64,15,30,43
21831,64,15,30,43
21832,64,15,30,43
21833,64,15,30,43
21834,64,15,30,43
21835,64,15,30,43
21836,64,15,30,43
21837,64,15,30,43
21838,64,15,30,43
21839,64,15,30,43
21840,64,15,30,43
21841,64,15,30,43
21842,64,15,30,43
21843,64,15,30,43
21844,64,15,30,43
21845,64,15,30,43
21846,64,15,30,43
21847,64,15,30,43
21848,64,15,30,43
21849,64,15,30,43
21850,64,15,30,43
21851,64,15,30,43
21852,64,15,30,43
21853,64,15,30,43
21854,64,15,30,43
21855,64,15,30,43
21856,64,15,30,43
21857,64,15,30,43
21858,64,15,30,43
21859,64,15,30,43
21860,64,15,30,43
21861,64,15,30,43
21862,64,15,30,43
21863,64,15,30,43
21864,64,15,30,43
21865,64,15,30,43
21866,64,15,30,43
21867,64,15,30,43
21868,64,15,30,43
21869,64,15,30,43
21870,64,15,30,43
21871,64,15,30,43
21872,64,15,30,43
21873,64,15,30,43
21874,64,15,30,43
21875,64,15,30,43
21876,64,15,30,43
21877,64,15,30,43
21878,64,15,30,43
21879,64,15,30,43
21880,64,15,30,43
21881,64,15,30,43
21882,64,15,30,43
21883,64,15,30,43
21884,64,15,30,43
21885,64,15,30,43
21886,64,15,30,43
21887,64,15,30,43
21888,64,15,30,43
21889,64,15,30,43
21890,64,15,30,43
21891,64,15,30,43
21892,64,15,30,43
21893,64,15,30,43
21894,64,15,30,43
21895,64,15,30,43
21896,64,15,30,43
21897,64,15,30,43
21898,64,15,30,43
21899,64,15,30,43
21900,64,15,30,43
21901,64,15,30,43
21902,64,15,30,43
21903,64,15,30,43
21904,64,15,30,43
21905,64,15,30,43
21906,64,15,30,43
21907,64,15,30,43
21908,64,15,30,43
21909,64,15,30,43
21910,64,15,30,43
21911,64,15,30,43
21912,64,15,30,43
21913,64,15,30,43
21914,64,15,30,43
21915,64,15,30,43
21916,64,15,30,43
21917,64,15,30,43
21918,64,15,30,43
21919,64,15,30,43
21920,64,15,30,43
21921,64,15,30,43
21922,64,15,30,43
21923,64,15,30,43
21924,64,15,30,43
21925,64,15,30,43
21926,64,15,30,43
21927,64,15,30,43
21928,64,15,30,43
21929,64,15,30,43
21930,64,15,30,43
21931,64,15,30,43
21932,64,15,30,43
21933,64,15,30,43
21934,64,15,30,43
21935,64,15,30,43
21936,64,15,30,43
21937,64,15,30,43
21938,64,15,30,43
21939,64,15,30,43
21940,64,15,30,43
21941,64,15,30,43
21942,64,15,30,43
21943,64,15,30,43
21944,64,15,30,43
21945,64,15,30,43
21946,64,15,30,43
21947,64,15,30,43
21948,64,15,30,43
21949,64,15,30,43
21950,64,15,30,43
21951,64,15,30,43
21952,64,15,30,43
21953,64,15,30,43
21954,64,15,30,43
21955,64,15,30,43
21956,64,15,30,43
21957,64,15,30,43
21958,64,15,30,43
21959,64,15,30,43
21960,64,15,30,43
21961,64,15,30,43
21962,64,15,30,43
21963,64,15,30,43
21964,64,15,30,43
21965,64,15,30,43
21966,64,15,30,43
21967,64,15,30,43
21968,64,15,30,43
21969,64,15,30,43
21970,64,15,30,43
21971,64,15,30,43
21972,64,15,30,43
21973,64,15,30,43
21974,64,15,30,43
21975,64,15,30,43
21976,64,15,30,43
21977,64,15,30,43
21978,64,15,30,43
21979,64,15,30,43
21980,64,15,30,43
21981,64,15,30,43
21982,64,15,30,43
21983,64,15,30,43
21984,64,15,30,43
21985,64,15,30,43
21986,64,15,30,43
21987,64,15,30,43
21988,64,15,30,43
21989,64,15,30,43
21990,64,15,30,43
21991,64,15,30,43
21992,64,15,30,43
21993,64,15,30,43
21994,64,15,30,43
21995,64,15,30,43
21996,64,15,30,43
21997,64,15,30,43
21998,64,15,30,43
21999,64,15,30,43
22000,64,15,30,43
22001,64,15,30,43
22002,64,15,30,43
22003,64,15,30,43
22004,64,15,30,43
22005,64,15,30,43
22006,64,15,30,43
22007,64,15,30,43
22008,64,15,30,43
22009,64,15,30,43
22010,64,15,30,43
22011,64,15,30,43
22012,64,15,30,43
22013,64,15,30,43
22014,64,15,30,43
22015,64,15,30,43
22016,64,15,30,43
22017,64,15,30,43
22018,64,15,30,43
22019,64,15,30,43
22020,64,15,30,43
22021,64,15,30,43
22022,64,15,30,43
22023,64,15,30,43
22024,64,15,30,43
22025,64,15,30,43
22026,64,15,30,43
22027,64,15,30,43
22028,64,15,30,43
22029,64,15,30,43
22030,64,15,30,43
22031,64,15,30,43
22032,64,15,30,43
22033,64,15,30,43
22034,64,15,30,43
22035,64,15,30,43
22036,64,15,30,43
22037,64,15,30,43
22038,64,15,30,43
22039,64,15,30,43
22040,64,15,30,43
22041,64,15,30,43
22042,64,15,30,43
22043,64,15,30,43
22044,64,15,30,43
22045,64,15,30,43
22046,64,15,30,43
22047,64,15,30,43
22048,64,15,30,43
22049,64,15,30,43
22050,64,15,30,43
22051,64,15,30,43
22052,64,15,30,43
22053,64,15,30,43
22054,64,15,30,43
22055,64,15,30,43
22056,64,15,30,43
22057,64,15,30,43
22058,64,15,30,43
22059,64,15,30,43
22060,64,15,30,43
22061,64,15,30,43
22062,64,15,30,43
22063,64,15,30,43
22064,64,15,30,43
22065,64,15,30,43
22066,64,15,30,43
22067,64,15,30,43
22068,64,15,30,43
22069,64,15,30,44
22070,64,15,30,44
22071,64,15,30,44
22072,64,15,30,44
22073,64,15,30,44
22074,64,15,30,44
22075,64,15,30,44
22076,64,15,30,44
22077,64,15,30,44
22078,64,15,30,44
22079,64,15,30,44
22080,64,15,30,44
22081,64,15,30,44
22082,64,15,30,44
22083,64,15,30,44
22084,64,15,30,44
22085,64,15,30,44
22086,64,15,30,44
22087,64,15,30,44
22088,64,15,30,44
22089,64,15,30,44
22090,64,15,30,44
22091,64,15,30,44
22092,64,15,30,44
22093,64,15,30,44
22094,64,15,30,44
22095,64,15,30,44
22096,64,15,30,44
22097,64,15,30,44
22098,64,15,30,44
22099,64,15,30,44
22100,64,15,30,44
22101,64,15,30,44
22102,64,15,30,44
22103,64,15,30,44
22104,64,15,30,44
22105,64,15,30,44
22106,64,15,30,44
22107,64,15,30,44
22108,64,15,30,44
22109,64,15,30,44
22110,64,15,30,44
22111,64,15,30,44
22112,64,15,30,44
22113,64,15,30,44
22114,64,15,30,44
22115,64,15,30,44
22116,64,15,30,44
22117,64,15,30,44
22118,64,15,30,44
22119,64,15,30,44
22120,64,15,30,44
22121,64,15,30,44
22122,64,15,30,44
22123,64,15,30,44
22124,64,15,30,44
22125,64,15,30,44
22126,64,15,30,44
22127,64,15,30,44
22128,64,15,30,44
22129,64,15,30,44
22130,64,15,30,44
22131,64,15,30,44
22132,64,15,30,44
22133,64,15,30,44
22134,64,15,30,44
22135,64,15,30,44
22136,64,15,30,44
22137,64,15,30,44
22138,64,15,30,44
22139,64,15,30,44
22140,64,15,30,44
22141,64,15,30,44
22142,64,15,30,44
22143,64,15,30,44
22144,64,15,30,44
22145,64,15,30,44
22146,64,15,30,44
22147,64,15,30,44
22148,64,15,30,44
22149,64,15,30,44
22150,64,15,30,44
22151,64,15,30,44
22152,64,15,30,44
22153,64,15,30,44
22154,64,15,30,44
22155,64,15,30,44
22156,64,15,30,44
22157,64,15,30,44
22158,64,15,30,44
22159,64,15,30,44
22160,64,15,30,44
22161,64,15,30,44
22162,64,15,30,44
22163,64,15,30,44
22164,64,15,30,44
22165,64,15,30,44
22166,64,15,30,44
22167,64,15,30,44
22168,64,15,30,44
22169,64,15,30,44
22170,64,15,30,44
22171,64,15,30,44
22172,64,15,30,44
22173,64,15,30,44
22174,64,15,30,44
22175,64,15,30,44
22176,64,15,30,44
22177,64,15,30,44
22178,64,15,30,44
22179,64,15,30,44
22180,64,15,30,44
22181,64,15,30,44
22182,64,15,30,44
22183,64,15,30,44
22184,64,15,30,44
22185,64,15,30,44
22186,64,15,30,44
22187,64,15,30,44
22188,64,15,30,44
22189,64,15,30,44
22190,64,15,30,44
22191,64,15,30,44
22192,64,15,30,44
22193,64,15,30,44
22194,64,15,30,44
22195,64,15,30,44
22196,64,15,30,44
22197,64,15,30,44
22198,64,15,30,44
22199,64,15,30,44
22200,64,15,30,44
22201,64,15,30,44
22202,64,15,30,44
22203,64,15,30,44
22204,64,15,30,44
22205,64,15,30,44
22206,64,15,30,44
22207,64,15,30,44
22208,64,15,30,44
22209,64,15,30,44
22210,64,15,30,44
22211,64,15,30,44
22212,64,15,30,44
22213,64,15,30,44
22214,64,15,30,44
22215,64,15,30,44
22216,64,15,30,44
22217,64,15,30,44
22218,64,15,30,44
22219,64,15,30,44
22220,64,15,30,44
22221,64,15,30,44
22222,64,15,30,44
22223,64,15,30,44
22224,64,15,30,44
22225,64,15,30,44
22226,64,15,30,44
22227,64,15,30,44
22228,64,15,30,44
22229,64,15,30,44
22230,64,15,30,44
22231,64,15,30,44
22232,64,15,30,44
22233,64,15,30,44
22234,64,15,30,44
22235,64,15,30,44
22236,64,15,30,44
22237,64,15,30,44
22238,64,15,30,44
22239,64,15,30,44
22240,64,15,30,44
22241,64,15,30,44
22242,64,15,30,44
22243,64,15,30,44
22244,64,15,30,44
22245,64,15,30,44
22246,64,15,30,44
22247,64,15,30,44
22248,64,15,30,44
22249,64,15,30,44
22250,64,15,30,44
22251,64,15,30,44
22252,64,15,30,44
22253,64,15,30,44
22254,64,15,30,44
22255,64,15,30,44
22256,64,15,30,44
22257,64,15,30,44
22258,64,15,30,44
22259,64,15,30,44
22260,64,15,30,44
22261,64,15,30,44
22262,64,15,30,44
22263,64,15,30,44
22264,64,15,30,44
22265,64,15,30,44
22266,64,15,30,44
22267,64,15,30,44
22268,64,15,30,44
22269,64,15,30,44
22270,64,15,30,44
22271,64,15,30,44
22272,64,15,30,44
22273,64,15,30,44
22274,64,15,30,44
22275,64,15,30,44
22276,64,15,30,44
22277,64,15,30,44
22278,64,15,30,44
22279,64,15,30,44
22280,64,15,30,44
22281,64,15,30,44
22282,64,15,30,44
22283,64,15,30,44
22284,64,15,30,44
22285,64,15,30,44
22286,64,15,30,44
22287,64,15,30,44
22288,64,15,30,44
22289,64,15,30,44
22290,64,15,30,44
22291,64,15,30,44
22292,64,15,30,44
22293,64,15,30,44
22294,64,15,30,44
22295,64,15,30,44
22296,64,15,30,44
22297,64,15,30,44
22298,64,15,30,44
22299,64,15,30,44
22300,64,15,30,44
22301,64,15,30,44
22302,64,15,30,44
22303,64,15,30,44
22304,64,15,30,44
22305,64,15,30,44
22306,64,15,30,44
22307,64,15,30,44
22308,64,15,30,44
22309,64,15,30,44
22310,64,15,30,44
22311,64,15,30,44
22312,64,15,30,44
22313,64,15,30,44
22314,64,15,30,44
22315,64,15,30,44
22316,64,15,30,44
22317,64,15,30,44
22318,64,15,30,44
22319,64,15,30,44
22320,64,15,30,44
22321,64,15,30,44
22322,64,15,30,44
22323,64,15,30,44
22324,64,15,30,44
22325,64,15,30,44
22326,64,15,30,44
22327,64,15,30,44
22328,64,15,30,44
22329,64,15,30,44
22330,64,15,30,44
22331,64,15,30,44
22332,64,15,30,44
22333,64,15,30,44
22334,64,15,30,44
22335,64,15,30,44
22336,64,15,30,44
22337,64,15,30,44
22338,64,15,30,44
22339,64,15,30,44
22340,64,15,30,44
22341,64,15,30,44
22342,64,15,30,44
22343,64,15,30,44
22344,64,15,30,44
22345,64,15,30,44
22346,64,15,30,44
22347,64,15,30,44
22348,64,15,30,44
22349,64,15,30,44
22350,64,15,30,44
22351,64,15,30,44
22352,64,15,30,44
22353,64,15,30,44
22354,64,15,30,44
22355,64,15,30,44
22356,64,15,30,44
22357,64,15,30,44
22358,64,15,30,44
22359,64,15,30,44
22360,64,15,30,44
22361,64,15,30,44
22362,64,15,30,44
22363,64,15,30,44
22364,64,15,30,44
22365,64,15,30,44
22366,64,15,30,44
22367,64,15,30,44
22368,64,15,30,44
22369,64,15,30,44
22370,64,15,30,44
22371,64,15,30,44
22372,64,15,30,44
22373,64,15,30,44
22374,64,15,30,44
22375,64,15,30,44
22376,64,15,30,44
22377,64,15,30,44
22378,64,15,30,44
22379,64,15,30,44
22380,64,15,30,44
22381,64,15,30,44
22382,64,15,30,44
22383,64,15,30,44
22384,64,15,30,44
22385,64,15,30,44
22386,64,15,30,44
22387,64,15,30,44
22388,64,15,30,44
22389,64,15,30,44
22390,64,15,30,44
22391,64,15,30,44
22392,64,15,30,44
22393,64,15,30,44
22394,64,15,30,44
22395,64,15,30,44
22396,64,15,30,44
22397,64,15,30,44
22398,64,15,30,44
22399,64,15,30,44
22400,64,15,30,44
22401,64,15,30,44
22402,64,15,30,44
22403,64,15,30,44
22404,64,15,30,45
22405,64,15,30,45
22406,64,15,30,45
22407,64,15,30,45
22408,64,15,30,45
22409,64,15,30,45
22410,64,15,30,45
22411,64,15,30,45
22412,64,15,30,45
22413,64,15,30,45
22414,64,15,30,45
22415,64,15,30,45
22416,64,15,30,45
22417,64,15,30,45
22418,64,15,30,45
22419,64,15,30,45
22420,64,15,30,45
22421,64,15,30,45
22422,64,15,30,45
22423,64,15,30,45
22424,64,15,30,45
22425,64,15,30,45
22426,64,15,30,45
22427,64,15,30,45
22428,64,15,30,45
22429,64,15,30,45
22430,64,15,30,45
22431,64,15,30,45
22432,64,15,30,45
22433,64,15,30,45
22434,64,15,30,45
22435,64,15,30,45
22436,64,15,30,45
22437,64,15,30,45
22438,64,15,30,45
22439,64,15,30,45
22440,64,15,30,45
22441,64,15,30,45
22442,64,15,30,45
22443,64,15,30,45
22444,64,15,30,45
22445,64,15,30,45
22446,64,15,30,45
22447,64,15,30,45
22448,64,15,30,45
22449,64,15,30,45
22450,64,15,30,45
22451,64,15,30,45
22452,64,15,30,45
22453,64,15,30,45
22454,64,15,30,45
22455,64,15,30,45
22456,64,15,30,45
22457,64,15,30,45
22458,64,15,30,45
22459,64,15,30,45
22460,64,15,30,45
22461,64,15,30,45
22462,64,15,30,45
22463,64,15,30,45
22464,64,15,30,45
22465,64,15,30,45
22466,64,15,30,45
22467,64,15,30,45
22468,64,15,30,45
22469,64,15,30,45
22470,64,15,30,45
22471,64,15,30,45
22472,64,15,30,46
22473,64,15,30,46
22474,64,15,30,46
22475,64,15,30,46
22476,64,15,30,46
22477,64,15,30,46
22478,64,15,30,46
22479,64,15,30,46
22480,64,15,30,46
22481,64,15,30,46
22482,64,15,30,46
22483,64,15,30,46
22484,64,15,30,46
22485,64,15,30,46
22486,64,15,30,46
22487,64,15,30,46
22488,64,15,30,46
22489,64,15,30,46
22490,64,15,30,46
22491,64,15,30,46
22492,64,15,30,46
22493,64,15,30,46
22494,64,15,30,46
22495,64,15,30,46
22496,64,15,30,46
22497,64,15,30,46
22498,64,15,30,46
22499,64,15,30,46
22500,64,15,30,46
22501,64,15,30,46
22502,64,15,30,46
22503,64,15,30,46
22504,64,15,30,46
22505,64,15,30,46
22506,64,15,30,46
22507,64,15,30,46
22508,64,15,30,46
22509,64,15,30,46
22510,64,15,30,46
22511,64,15,30,46
22512,64,15,30,46
22513,64,15,30,46
22514,64,15,30,46
22515,64,15,30,46
22516,64,15,30,46
22517,64,15,30,46
22518,64,15,30,46
22519,64,15,30,46
22520,64,15,30,46
22521,64,15,30,46
22522,64,15,30,46
22523,64,15,30,46
22524,64,15,30,46
22525,64,15,30,46
22526,64,15,30,46
22527,64,15,30,46
22528,64,15,30,46
22529,64,15,30,46
22530,64,15,30,46
22531,64,15,30,46
22532,64,15,30,46
22533,64,15,30,46
22534,64,15,30,46
22535,64,15,30,46
22536,64,15,30,46
22537,64,15,30,46
22538,64,15,30,46
22539,64,15,30,46
22540,64,15,30,46
22541,64,15,30,46
22542,64,15,30,46
22543,64,15,30,46
22544,64,15,30,46
22545,64,15,30,46
22546,64,15,30,46
22547,64,15,30,46
22548,64,15,30,46
22549,64,15,30,46
22550,64,15,30,46
22551,64,15,30,46
22552,64,15,30,46
22553,64,15,30,46
22554,64,15,30,46
22555,64,15,30,46
22556,64,15,30,46
22557,64,15,30,46
22558,64,15,30,46
22559,64,15,30,46
22560,64,15,30,46
22561,64,15,30,46
22562,64,15,30,46
22563,64,15,30,46
22564,64,15,30,46
22565,64,15,30,46
22566,64,15,30,46
22567,64,15,30,46
22568,64,15,30,46
22569,64,15,30,46
22570,64,15,30,46
22571,64,15,30,46
22572,64,15,30,46
22573,64,15,30,46
22574,64,15,30,46
22575,64,15,30,46
22576,64,15,30,46
22577,64,15,30,46
22578,64,15,30,46
22579,64,15,30,46
22580,64,15,30,46
22581,64,15,30,46
22582,64,15,30,46
22583,64,15,30,46
22584,64,15,30,46
22585,64,15,30,46
22586,64,15,30,46
22587,64,15,30,46
22588,64,15,30,46
22589,64,15,30,46
22590,64,15,30,46
22591,64,15,30,46
22592,64,15,30,46
22593,64,15,30,46
22594,64,15,30,46
22595,64,15,30,46
22596,64,15,30,46
22597,64,15,30,46
22598,64,15,30,46
22599,64,15,30,46
22600,64,15,30,46
22601,64,15,30,46
22602,64,15,30,46
22603,64,15,30,46
22604,64,15,30,46
22605,64,15,30,46
22606,64,15,30,46
22607,64,15,30,46
22608,64,15,30,46
22609,64,15,30,46
22610,64,15,30,46
22611,64,15,30,46
22612,64,15,30,46
22613,64,15,30,46
22614,64,15,30,46
22615,64,15,30,46
22616,64,15,30,46
22617,64,15,30,46
22618,64,15,30,46
22619,64,15,30,46
22620,64,15,30,46
22621,64,15,30,46
22622,64,15,30,46
22623,64,15,30,46
22624,64,15,30,46
22625,64,15,30,46
22626,64,15,30,46
22627,64,15,30,46
22628,64,15,30,46
22629,64,15,30,46
22630,64,15,30,46
22631,64,15,30,46
22632,64,15,30,46
22633,64,15,30,46
22634,64,15,30,46
22635,64,15,30,46
22636,64,15,30,46
22637,64,15,30,46
22638,64,15,30,46
22639,64,15,30,46
22640,64,15,30,46
22641,64,15,30,46
22642,64,15,30,46
22643,64,15,30,46
22644,64,15,30,46
22645,64,15,30,46
22646,64,15,30,46
22647,64,15,30,46
22648,64,15,30,46
22649,64,15,30,46
22650,64,15,30,46
22651,64,15,30,46
22652,64,15,30,46
22653,64,15,30,46
22654,64,15,30,46
22655,64,15,30,46
22656,64,15,30,46
22657,64,15,30,46
22658,64,15,30,46
22659,64,15,30,46
22660,64,15,30,46
22661,64,15,30,46
22662,64,15,30,46
22663,64,15,30,46
22664,64,15,30,46
22665,64,15,30,46
22666,64,15,30,46
22667,64,15,30,46
22668,64,15,30,46
22669,64,15,30,46
22670,64,15,30,46
22671,64,15,30,46
22672,64,15,30,46
22673,64,15,30,46
22674,64,15,30,46
22675,64,15,30,46
22676,64,15,30,46
22677,64,15,30,46
22678,64,15,30,46
22679,64,15,30,46
22680,64,15,30,46
22681,64,15,30,46
22682,64,15,30,46
22683,64,15,30,46
22684,64,15,30,46
22685,64,15,30,46
22686,64,15,30,46
22687,64,15,30,46
22688,64,15,30,46
22689,64,15,30,46
22690,64,15,30,46
22691,64,15,30,46
22692,64,15,30,46
22693,64,15,30,46
22694,64,15,30,46
22695,64,15,30,46
22696,64,15,30,46
22697,64,15,30,46
22698,64,15,30,46
22699,64,15,30,46
22700,64,15,30,46
22701,64,15,30,46
22702,64,15,30,46
22703,64,15,30,46
22704,64,15,30,46
22705,64,15,30,46
22706,64,15,30,46
22707,64,15,30,46
22708,64,15,30,46
22709,64,15,30,46
22710,64,15,30,46
22711,64,15,30,46
22712,64,15,30,46
22713,64,15,30,46
22714,64,15,30,46
22715,64,15,30,46
22716,64,15,30,46
22717,64,15,30,46
22718,64,15,30,46
22719,64,15,30,46
22720,64,15,30,46
22721,64,15,30,46
22722,64,15,30,46
22723,64,15,30,46
22724,64,15,30,46
22725,64,15,30,46
22726,64,15,30,46
22727,64,15,30,46
22728,64,15,30,46
22729,64,15,30,46
22730,64,15,30,46
22731,64,15,30,46
22732,64,15,30,46
22733,64,15,30,46
22734,64,15,30,46
22735,64,15,30,46
22736,64,15,30,46
22737,64,15,30,46
22738,64,15,30,46
22739,64,15,30,46
22740,64,15,30,46
22741,64,15,30,46
22742,64,15,30,46
22743,64,15,30,46
22744,64,15,30,46
22745,64,15,30,46
22746,64,15,30,46
22747,64,15,30,46
22748,64,15,30,46
22749,64,15,30,46
22750,64,15,30,46
22751,64,15,30,46
22752,64,15,30,46
22753,64,15,30,46
22754,64,15,30,46
22755,64,15,30,46
22756,64,15,30,46
22757,64,15,30,46
22758,64,15,30,46
22759,64,15,30,46
22760,64,15,30,46
22761,64,15,30,46
22762,64,15,30,46
22763,64,15,30,46
22764,64,15,30,46
22765,64,15,30,46
22766,64,15,30,46
22767,64,15,30,46
22768,64,15,30,46
22769,64,15,30,46
22770,64,15,30,46
22771,64,15,30,46
22772,64,15,30,46
22773,64,15,30,46
22774,64,15,30,46
22775,64,15,30,46
22776,64,15,30,46
22777,64,15,30,46
22778,64,15,30,46
22779,64,15,30,46
22780,64,15,30,46
22781,64,15,30,46
22782,64,15,30,46
22783,64,15,30,46
22784,64,15,30,46
22785,64,15,30,46
22786,64,15,30,46
22787,64,15,30,46
22788,64,15,30,46
22789,64,15,30,46
22790,64,15,30,46
22791,64,15,30,46
22792,64,15,30,46
22793,64,15,30,46
22794,64,15,30,46
22795,64,15,30,46
22796,64,15,30,46
22797,64,15,30,46
22798,64,15,30,46
22799,64,15,30,46
22800,64,15,30,46
22801,64,15,30,46
22802,64,15,30,46
22803,64,15,30,46
22804,64,15,30,46
22805,64,15,30,46
22806,64,15,30,46
22807,64,15,30,46
22808,64,15,30,46
22809,64,15,30,46
22810,64,15,30,46
22811,64,15,30,46
22812,64,15,30,46
22813,64,15,30,46
22814,64,15,30,46
22815,64,15,30,46
22816,64,15,30,46
22817,64,15,30,46
22818,64,15,30,46
22819,64,15,30,46
22820,64,15,30,46
22821,64,15,30,46
22822,64,15,30,46
22823,64,15,30,46
22824,64,15,30,46
22825,64,15,30,46
22826,64,15,30,46
22827,64,15,30,46
22828,64,15,30,46
22829,64,15,30,46
22830,64,15,30,46
22831,64,15,30,46
22832,64,15,30,46
22833,64,15,30,46
22834,64,15,30,46
22835,64,15,30,46
22836,64,15,30,46
22837,64,15,30,46
22838,64,15,30,46
22839,64,15,30,46
22840,64,15,30,46
22841,64,15,30,46
22842,64,15,30,46
22843,64,15,30,46
22844,64,15,30,46
22845,64,15,30,46
22846,64,15,30,46
22847,64,15,30,46
22848,64,15,30,46
22849,64,15,30,46
22850,64,15,30,46
22851,64,15,30,46
22852,64,15,30,46
22853,64,15,30,46
22854,64,15,30,46
22855,64,15,30,46
22856,64,15,30,46
22857,64,15,30,46
22858,64,15,30,46
22859,64,15,30,46
22860,64,15,30,46
22861,64,15,30,46
22862,64,15,30,46
22863,64,15,30,46
22864,64,15,30,46
22865,64,15,30,46
22866,64,15,30,46
22867,64,15,30,46
22868,64,15,30,46
22869,64,15,30,46
22870,64,15,30,46
22871,64,15,30,46
22872,64,15,30,46
22873,64,15,30,46
22874,64,15,30,46
22875,64,15,30,46
22876,64,15,30,46
22877,64,15,30,46
22878,64,15,30,46
22879,64,15,30,46
22880,64,15,30,46
22881,64,15,30,46
22882,64,15,30,46
22883,64,15,30,46
22884,64,15,30,46
22885,64,15,30,46
22886,64,15,30,46
22887,64,15,30,46
22888,64,15,30,46
22889,64,15,30,46
22890,64,15,30,46
22891,64,15,30,46
22892,64,15,30,46
22893,64,15,30,46
22894,64,15,30,46
22895,64,15,30,46
22896,64,15,30,46
22897,64,15,30,46
22898,64,15,30,46
22899,64,15,30,46
22900,64,15,30,46
22901,64,15,30,46
22902,64,15,30,46
22903,64,15,30,46
22904,64,15,30,46
22905,64,15,30,46
22906,64,15,30,46
22907,64,15,30,46
22908,64,15,30,46
22909,64,15,30,46
22910,64,15,30,46
22911,64,15,30,46
22912,64,15,30,46
22913,64,15,30,46
22914,64,15,30,46
22915,64,15,30,46
22916,64,15,30,46
22917,64,15,30,46
22918,64,15,30,46
22919,64,15,30,46
22920,64,15,30,46
22921,64,15,30,46
22922,64,15,30,46
22923,64,15,30,46
22924,64,15,30,46
22925,64,15,30,46
22926,64,15,30,46
22927,64,15,30,46
22928,64,15,30,46
22929,64,15,30,46
22930,64,15,30,46
22931,64,15,30,46
22932,64,15,30,46
22933,64,15,30,46
22934,64,15,30,46
22935,64,15,30,46
22936,64,15,30,46
22937,64,15,30,46
22938,64,15,30,46
22939,64,15,30,46
22940,64,15,30,46
22941,64,15,30,46
22942,64,15,30,46
22943,64,15,30,46
22944,64,15,30,46
22945,64,15,30,46
22946,64,15,30,46
22947,64,15,30,46
22948,64,15,30,47
22949,64,15,30,47
22950,64,15,30,47
22951,64,15,30,47
22952,64,15,30,47
22953,64,15,30,47
22954,64,15,30,47
22955,64,15,30,47
22956,64,15,30,47
22957,64,15,30,47
22958,64,15,30,47
22959,64,15,30,47
22960,64,15,30,47
22961,64,15,30,47
22962,64,15,30,47
22963,64,15,30,47
22964,64,15,30,47
22965,64,15,30,47
22966,64,15,30,47
22967,64,15,30,47
22968,64,15,30,47
22969,64,15,30,47
22970,64,15,30,47
22971,64,15,30,47
22972,64,15,30,47
22973,64,15,30,47
22974,64,15,30,47
22975,64,15,30,47
22976,64,15,30,47
22977,64,15,30,47
22978,64,15,30,47
22979,64,15,30,47
22980,64,15,30,47
22981,64,15,30,47
22982,64,15,30,47
22983,64,15,30,47
22984,64,15,30,47
22985,64,15,30,47
22986,64,15,30,47
22987,64,15,30,47
22988,64,15,30,47
22989,64,15,30,47
22990,64,15,30,47
22991,64,15,30,47
22992,64,15,30,47
22993,64,15,30,47
22994,64,15,30,47
22995,64,15,30,47
22996,64,15,30,47
22997,64,15,30,47
22998,64,15,30,47
22999,64,15,30,47
23000,64,15,30,47
23001,64,15,30,47
23002,64,15,30,47
23003,64,15,30,47
23004,64,15,30,47
23005,64,15,30,47
23006,64,15,30,47
23007,64,15,30,47
23008,64,15,30,47
23009,64,15,30,47
23010,64,15,30,47
23011,64,15,30,47
23012,64,15,30,47
23013,64,15,30,47
23014,64,15,30,47
23015,64,15,30,47
23016,64,15,30,47
23017,64,15,30,47
23018,64,15,30,47
23019,64,15,30,47
23020,64,15,30,47
23021,64,15,30,47
23022,64,15,30,47
23023,64,15,30,47
23024,64,15,30,47
23025,64,15,30,47
23026,64,15,30,47
23027,64,15,30,47
23028,64,15,30,47
23029,64,15,30,47
23030,64,15,30,47
23031,64,15,30,47
23032,64,15,30,47
23033,64,15,30,47
23034,64,15,30,47
23035,64,15,30,47
23036,64,15,30,47
23037,64,15,30,47
23038,64,15,30,47
23039,64,15,30,47
23040,64,15,30,47
23041,64,15,30,47
23042,64,15,30,47
23043,64,15,30,47
23044,64,15,30,47
23045,64,15,30,47
23046,64,15,30,47
23047,64,15,30,47
23048,64,15,30,47
23049,64,15,30,47
23050,64,15,30,47
23051,64,15,30,47
23052,64,15,30,47
23053,64,15,30,47
23054,64,15,30,47
23055,64,15,30,47
23056,64,15,30,47
23057,64,15,30,47
23058,64,15,30,47
23059,64,15,30,47
23060,64,15,30,47
23061,64,15,30,47
23062,64,15,30,47
23063,64,15,30,47
23064,64,15,30,47
23065,64,15,30,47
23066,64,15,30,47
23067,64,15,30,47
23068,64,15,30,47
23069,64,15,30,47
23070,64,15,30,47
23071,64,15,30,47
23072,64,15,30,47
23073,64,15,30,47
23074,64,15,30,47
23075,64,15,30,47
23076,64,15,30,47
23077,64,15,30,47
23078,64,15,30,47
23079,64,15,30,47
23080,64,15,30,47
23081,64,15,30,47
23082,64,15,30,47
23083,64,15,30,47
23084,64,15,30,47
23085,64,15,30,47
23086,64,15,30,47
23087,64,15,30,47
23088,64,15,30,47
23089,64,15,30,47
23090,64,15,30,47
23091,64,15,30,47
23092,64,15,30,47
23093,64,15,30,47
23094,64,15,30,47
23095,64,15,30,47
23096,64,15,30,47
23097,64,15,30,47
23098,64,15,30,47
23099,64,15,30,47
23100,64,15,30,47
23101,64,15,30,47
23102,64,15,30,47
23103,64,15,30,47
23104,64,15,30,47
23105,64,15,30,47
23106,64,15,30,47
23107,64,15,30,47
23108,64,15,30,47
23109,64,15,30,47
23110,64,15,30,47
23111,64,15,30,47
23112,64,15,30,47
23113,64,15,30,47
23114,64,15,30,47
23115,64,15,30,47
23116,64,15,30,47
23117,64,15,30,47
23118,64,15,30,47
23119,64,15,30,47
23120,64,15,30,47
23121,64,15,30,47
23122,64,15,30,47
23123,64,15,30,47
23124,64,15,30,47
23125,64,15,30,47
23126,64,15,30,47
23127,64,15,30,47
23128,64,15,30,47
23129,64,15,30,47
23130,64,15,30,47
23131,64,15,30,47
23132,64,15,30,47
23133,64,15,30,47
23134,64,15,30,47
23135,64,15,30,47
23136,64,15,30,47
23137,64,15,30,47
23138,64,15,30,47
23139,64,15,30,47
23140,64,15,30,47
23141,64,15,30,47
23142,64,15,30,47
23143,64,15,30,47
23144,64,15,30,47
23145,64,15,30,47
23146,64,15,30,47
23147,64,15,30,47
23148,64,15,30,47
23149,64,15,30,47
23150,64,15,30,47
23151,64,15,30,47
23152,64,15,30,47
23153,64,15,30,47
23154,64,15,30,47
23155,64,15,30,47
23156,64,15,30,47
23157,64,15,30,47
23158,64,15,30,47
23159,64,15,30,47
23160,64,15,30,47
23161,64,15,30,47
23162,64,15,30,47
23163,64,15,30,47
23164,64,15,30,47
23165,64,15,30,47
23166,64,15,30,47
23167,64,15,30,47
23168,64,15,30,47
23169,64,15,30,47
23170,64,15,30,47
23171,64,15,30,47
23172,64,15,30,47
23173,64,15,30,47
23174,64,15,30,47
23175,64,15,30,47
23176,64,15,30,47
23177,64,15,30,47
23178,64,15,30,47
23179,64,15,30,47
23180,64,15,30,47
23181,64,15,30,47
23182,64,15,30,47
23183,64,15,30,47
23184,64,15,30,47
23185,64,15,30,47
23186,64,15,30,47
23187,64,15,30,47
23188,64,15,30,47
23189,64,15,30,47
23190,64,15,30,47
23191,64,15,30,47
23192,64,15,30,47
23193,64,15,30,47
23194,64,15,30,47
23195,64,15,30,47
23196,64,15,30,47
23197,64,15,30,47
23198,64,15,30,47
23199,64,15,30,47
23200,64,15,30,47
23201,64,15,30,47
23202,64,15,30,47
23203,64,15,30,47
23204,64,15,30,47
23205,64,15,30,47
23206,64,15,30,47
23207,64,15,30,47
23208,64,15,30,47
23209,64,15,30,47
23210,64,15,30,47
23211,64,15,30,47
23212,64,15,30,47
23213,64,15,30,47
23214,64,15,30,47
23215,64,15,30,47
23216,64,15,30,47
23217,64,15,30,47
23218,64,15,30,47
23219,64,15,30,47
23220,64,15,30,47
23221,64,15,30,47
23222,64,15,30,47
23223,64,15,30,47
23224,64,15,30,47
23225,64,15,30,47
23226,64,15,30,47
23227,64,15,30,47
23228,64,15,30,47
23229,64,15,30,47
23230,64,15,30,47
23231,64,15,30,47
23232,64,15,30,47
23233,64,15,30,47
23234,64,15,30,47
23235,64,15,30,47
23236,64,15,30,47
23237,64,15,30,47
23238,64,15,30,47
23239,64,15,30,47
23240,64,15,30,47
23241,64,15,30,47
23242,64,15,30,47
23243,64,15,30,47
23244,64,15,30,47
23245,64,15,30,47
23246,64,15,30,47
23247,64,15,30,47
23248,64,15,30,47
23249,64,15,30,47
23250,64,15,30,47
23251,64,15,30,47
23252,64,15,30,47
23253,64,15,30,47
23254,64,15,30,47
23255,64,15,30,47
23256,64,15,30,47
23257,64,15,30,47
23258,64,15,30,47
23259,64,15,30,47
23260,64,15,30,47
23261,64,15,30,47
23262,64,15,30,47
23263,64,15,30,47
23264,64,15,30,47
23265,64,15,30,47
23266,64,15,30,47
23267,64,15,30,47
23268,64,15,30,47
23269,64,15,30,47
23270,64,15,30,47
23271,64,15,30,47
23272,64,15,30,47
23273,64,15,30,47
23274,64,15,30,47
23275,64,15,30,47
23276,64,15,30,47
23277,64,15,30,47
23278,64,15,30,47
23279,64,15,30,47
23280,64,15,30,47
23281,64,15,30,47
23282,64,15,30,47
23283,64,15,30,47
23284,64,15,30,47
23285,64,15,30,47
23286,64,15,30,47
23287,64,15,30,47
23288,64,15,30,47
23289,64,15,30,47
23290,64,15,30,47
23291,64,15,30,47
23292,64,15,30,47
23293,64,15,30,47
23294,64,15,30,47
23295,64,15,30,47
23296,64,15,30,47
23297,64,15,30,47
23298,64,15,30,47
23299,64,15,30,47
23300,64,15,30,47
23301,64,15,30,47
23302,64,15,30,47
23303,64,15,30,47
23304,64,15,30,47
23305,64,15,30,47
23306,64,15,30,47
23307,64,15,30,47
23308,64,15,30,47
23309,64,15,30,47
23310,64,15,30,47
23311,64,15,30,47
23312,64,15,30,47
23313,64,15,30,47
23314,64,15,30,47
23315,64,15,30,47
23316,64,15,30,47
23317,64,15,30,47
23318,64,15,30,47
23319,64,15,30,47
23320,64,15,30,47
23321,64,15,30,47
23322,64,15,30,47
23323,64,15,30,47
23324,64,15,30,47
23325,64,15,30,47
23326,64,15,30,47
23327,64,15,30,47
23328,64,15,30,47
23329,64,15,30,47
23330,64,15,30,47
23331,64,15,30,47
23332,64,15,30,47
23333,64,15,30,47
23334,64,15,30,47
23335,64,15,30,47
23336,64,15,30,47
23337,64,15,30,47
23338,64,15,30,47
23339,64,15,30,47
23340,64,15,30,47
23341,64,15,30,47
23342,64,15,30,47
23343,64,15,30,47
23344,64,15,30,47
23345,64,15,30,47
23346,64,15,30,47
23347,64,15,30,47
23348,64,15,30,47
23349,64,15,30,47
23350,64,15,30,47
23351,64,15,30,47
23352,64,15,30,47
23353,64,15,30,47
23354,64,15,30,47
23355,64,15,30,47
23356,64,15,30,47
23357,64,15,30,47
23358,64,15,30,47
23359,64,15,30,47
23360,64,15,30,47
23361,64,15,30,47
23362,64,15,30,47
23363,64,15,30,47
23364,64,15,30,47
23365,64,15,30,47
23366,64,15,30,47
23367,64,15,30,47
23368,64,15,30,47
23369,64,15,30,47
23370,64,15,30,47
23371,64,15,30,47
23372,64,15,30,47
23373,64,15,30,47
23374,64,15,30,47
23375,64,15,30,47
23376,64,15,30,47
23377,64,15,30,47
23378,64,15,30,47
23379,64,15,30,47
23380,64,15,30,47
23381,64,15,30,47
23382,64,15,30,47
23383,64,15,30,47
23384,64,15,30,47
23385,64,15,30,47
23386,64,15,30,47
23387,64,15,30,47
23388,64,15,30,47
23389,64,15,30,47
23390,64,15,30,47
23391,64,15,30,47
23392,64,15,30,47
23393,64,15,30,47
23394,64,15,30,47
23395,64,15,30,47
23396,64,15,30,47
23397,64,15,30,47
23398,64,15,30,47
23399,64,15,30,47
23400,64,15,30,47
23401,64,15,30,47
23402,64,15,30,47
23403,64,15,30,47
23404,64,15,30,47
23405,64,15,30,47
23406,64,15,30,47
23407,64,15,30,47
23408,64,15,30,47
23409,64,15,30,47
23410,64,15,30,47
23411,64,15,30,47
23412,64,15,30,47
23413,64,15,30,47
23414,64,15,30,47
23415,64,15,30,47
23416,64,15,30,47
23417,64,15,30,47
23418,64,15,30,47
23419,64,15,30,47
23420,64,15,30,47
23421,64,15,30,47
23422,64,15,30,47
23423,64,15,30,47
23424,64,15,30,47
23425,64,15,30,47
23426,64,15,30,47
23427,64,15,30,47
23428,64,15,30,47
23429,64,15,30,47
23430,64,15,30,47
23431,64,15,30,47
23432,64,15,30,47
23433,64,15,30,47
23434,64,15,30,47
23435,64,15,30,47
23436,64,15,30,47
23437,64,15,30,47
23438,64,15,30,47
23439,64,15,30,47
23440,64,15,30,47
23441,64,15,30,47
23442,64,15,30,47
23443,64,15,30,47
23444,64,15,30,47
23445,64,15,30,47
23446,64,15,30,47
23447,64,15,30,47
23448,64,15,30,47
23449,64,15,30,47
23450,64,15,30,47
23451,64,15,30,47
23452,64,15,30,47
23453,64,15,30,47
23454,64,15,30,47
23455,64,15,30,47
23456,64,15,30,47
23457,64,15,30,47
23458,64,15,30,47
23459,64,15,30,47
23460,64,15,30,47
23461,64,15,30,47
23462,64,15,30,47
23463,64,15,30,47
23464,64,15,30,47
23465,64,15,30,47
23466,64,15,30,47
23467,64,15,30,47
23468,64,15,30,47
23469,64,15,30,47
23470,64,15,30,47
23471,64,15,30,47
23472,64,15,30,47
23473,64,15,30,47
23474,64,15,30,47
23475,64,15,30,47
23476,64,15,30,47
23477,64,15,30,47
23478,64,15,30,47
23479,64,15,30,47
23480,64,15,30,47
23481,64,15,30,47
23482,64,15,30,47
23483,64,15,30,47
23484,64,15,30,47
23485,64,15,30,47
23486,64,15,30,47
23487,64,15,30,47
23488,64,15,30,47
23489,64,15,30,47
23490,64,15,30,47
23491,64,15,30,47
23492,64,15,30,47
23493,64,15,30,47
23494,64,15,30,47
23495,64,15,30,47
23496,64,15,30,47
23497,64,15,30,47
23498,64,15,30,47
23499,64,15,30,47
23500,64,15,30,47
23501,64,15,30,47
23502,64,15,30,47
23503,64,15,30,47
23504,64,15,30,47
23505,64,15,30,47
23506,64,15,30,47
23507,64,15,30,47
23508,64,15,30,47
23509,64,15,30,47
23510,64,15,30,47
23511,64,15,30,47
23512,64,15,30,47
23513,64,15,30,47
23514,64,15,30,47
23515,64,15,30,47
23516,64,15,30,47
23517,64,15,30,47
23518,64,15,30,47
23519,64,15,30,47
23520,64,15,30,47
23521,64,15,30,47
23522,64,15,30,47
23523,64,15,30,47
23524,64,15,30,47
23525,64,15,30,47
23526,64,15,30,47
23527,64,15,30,47
23528,64,15,30,47
23529,64,15,30,47
23530,64,15,30,47
23531,64,15,30,47
23532,64,15,30,47
23533,64,15,30,47
23534,64,15,30,47
23535,64,15,30,47
23536,64,15,30,47
23537,64,15,30,47
23538,64,15,30,47
23539,64,15,30,47
23540,64,15,30,47
23541,64,15,30,47
23542,64,15,30,47
23543,64,15,30,47
23544,64,15,30,47
23545,64,15,30,47
23546,64,15,30,47
23547,64,15,30,47
23548,64,15,30,47
23549,64,15,30,47
23550,64,15,30,47
23551,64,15,30,47
23552,64,15,30,47
23553,64,15,30,47
23554,64,15,30,47
23555,64,15,30,47
23556,64,15,30,47
23557,64,15,30,47
23558,64,15,30,47
23559,64,15,30,47
23560,64,15,30,47
23561,64,15,30,47
23562,64,15,30,47
23563,64,15,30,47
23564,64,15,30,47
23565,64,15,30,47
23566,64,15,30,47
23567,64,15,30,47
23568,64,15,30,47
23569,64,15,30,47
23570,64,15,30,47
23571,64,15,30,47
23572,64,15,30,47
23573,64,15,30,47
23574,64,15,30,47
23575,64,15,30,47
23576,64,15,30,47
23577,64,15,30,47
23578,64,15,30,47
23579,64,15,30,47
23580,64,15,30,47
23581,64,15,30,47
23582,64,15,30,47
23583,64,15,30,47
23584,64,15,30,47
23585,64,15,30,47
23586,64,15,30,47
23587,64,15,30,47
23588,64,15,30,47
23589,64,15,30,47
23590,64,15,30,47
23591,64,15,30,47
23592,64,15,30,47
23593,64,15,30,47
23594,64,15,30,47
23595,64,15,30,47
23596,64,15,30,47
23597,64,15,30,47
23598,64,15,30,47
23599,64,15,30,47
23600,64,15,30,47
23601,64,15,30,47
23602,64,15,30,47
23603,64,15,30,47
23604,64,15,30,47
23605,64,15,30,47
23606,64,15,30,47
23607,64,15,30,47
23608,64,15,30,47
23609,64,15,30,47
23610,64,15,30,47
23611,64,15,30,47
23612,64,15,30,47
23613,64,15,30,47
23614,64,15,30,47
23615,64,15,30,47
23616,64,15,30,47
23617,64,15,30,47
23618,64,15,30,47
23619,64,15,30,47
23620,64,15,30,47
23621,64,15,30,47
23622,64,15,30,47
23623,64,15,30,47
23624,64,15,30,47
23625,64,15,30,47
23626,64,15,30,47
23627,64,15,30,47
23628,64,15,30,47
23629,64,15,30,47
23630,64,15,30,47
23631,64,15,30,47
23632,64,15,30,47
23633,64,15,30,47
23634,64,15,30,47
23635,64,15,30,47
23636,64,15,30,47
23637,64,15,30,47
23638,64,15,30,47
23639,64,15,30,47
23640,64,15,30,47
23641,64,15,30,47
23642,64,15,30,47
23643,64,15,30,47
23644,64,15,30,47
23645,64,15,30,47
23646,64,15,30,47
23647,64,15,30,47
23648,64,15,30,47
23649,64,15,30,47
23650,64,15,30,47
23651,64,15,30,47
23652,64,15,30,47
23653,64,15,30,47
23654,64,15,30,47
23655,64,15,30,47
23656,64,15,30,47
23657,64,15,30,47
23658,64,15,30,47
23659,64,15,30,47
23660,64,15,30,47
23661,64,15,30,47
23662,64,15,30,47
23663,64,15,30,47
23664,64,15,30,47
23665,64,15,30,47
23666,64,15,30,47
23667,64,15,30,47
23668,64,15,30,47
23669,64,15,30,47
23670,64,15,30,47
23671,64,15,30,47
23672,64,15,30,47
23673,64,15,30,47
23674,64,15,30,47
23675,64,15,30,47
23676,64,15,30,47
23677,64,15,30,47
23678,64,15,30,47
23679,64,15,30,47
23680,64,15,30,47
23681,64,15,30,47
23682,64,15,30,47
23683,64,15,30,47
23684,64,15,30,47
23685,64,15,30,47
23686,64,15,30,47
23687,64,15,30,47
23688,64,15,30,47
23689,64,15,30,47
23690,64,15,30,47
23691,64,15,30,47
23692,64,15,30,47
23693,64,15,30,47
23694,64,15,30,47
23695,64,15,30,47
23696,64,15,30,47
23697,64,15,30,47
23698,64,15,30,47
23699,64,15,30,47
23700,64,15,30,47
23701,64,15,30,47
23702,64,15,30,47
23703,64,15,30,47
23704,64,15,30,47
23705,64,15,30,47
23706,64,15,30,47
23707,64,15,30,47
23708,64,15,30,47
23709,64,15,30,47
23710,64,15,30,47
23711,64,15,30,47
23712,64,15,30,47
23713,64,15,30,47
23714,64,15,30,47
23715,64,15,30,47
23716,64,15,30,47
23717,64,15,30,47
23718,64,15,30,47
23719,64,15,30,47
23720,64,15,30,47
23721,64,15,30,47
23722,64,15,30,47
23723,64,15,30,47
23724,64,15,30,47
23725,64,15,30,47
23726,64,15,30,47
23727,64,15,30,47
23728,64,15,30,47
23729,64,15,30,47
23730,64,15,30,47
23731,64,15,30,47
23732,64,15,30,47
23733,64,15,30,47
23734,64,15,30,47
23735,64,15,30,47
23736,64,15,30,47
23737,64,15,30,47
23738,64,15,30,47
23739,64,15,30,47
23740,64,15,30,47
23741,64,15,30,47
23742,64,15,30,47
23743,64,15,30,47
23744,64,15,30,47
23745,64,15,30,47
23746,64,15,30,47
23747,64,15,30,47
23748,64,15,30,47
23749,64,15,30,47
23750,64,15,30,47
23751,64,15,30,47
23752,64,15,30,47
23753,64,15,30,47
23754,64,15,30,47
23755,64,15,30,47
23756,64,15,30,47
23757,64,15,30,47
23758,64,15,30,47
23759,64,15,30,47
23760,64,15,30,47
23761,64,15,30,47
23762,64,15,30,47
23763,64,15,30,47
23764,64,15,30,47
23765,64,15,30,47
23766,64,15,30,47
23767,64,15,30,47
23768,64,15,30,47
23769,64,15,30,47
23770,64,15,30,47
23771,64,15,30,47
23772,64,15,30,47
23773,64,15,30,47
23774,64,15,30,47
23775,64,15,30,47
23776,64,15,30,47
23777,64,15,30,47
23778,64,15,30,47
23779,64,15,30,47
23780,64,15,30,47
23781,64,15,30,47
23782,64,15,30,47
23783,64,15,30,47
23784,64,15,30,47
23785,64,15,30,47
23786,64,15,30,47
23787,64,15,30,47
23788,64,15,30,47
23789,64,15,30,47
23790,64,15,30,47
23791,64,15,30,47
23792,64,15,30,47
23793,64,15,30,47
23794,64,15,30,47
23795,64,15,30,47
23796,64,15,30,47
23797,64,15,30,47
23798,64,15,30,47
23799,64,15,30,47
23800,64,15,30,47
23801,64,15,30,47
23802,64,15,30,47
23803,64,15,30,47
23804,64,15,30,47
23805,64,15,30,47
23806,64,15,30,47
23807,64,15,30,47
23808,64,15,30,47
23809,64,15,30,47
23810,64,15,30,47
23811,64,15,30,47
23812,64,15,30,47
23813,64,15,30,47
23814,64,15,30,47
23815,64,15,30,47
23816,64,15,30,47
23817,64,15,30,47
23818,64,15,30,47
23819,64,15,30,47
23820,64,15,30,47
23821,64,15,30,47
23822,64,15,30,47
23823,64,15,30,47
23824,64,15,30,47
23825,64,15,30,47
23826,64,15,30,47
23827,64,15,30,47
23828,64,15,30,47
23829,64,15,30,47
23830,64,15,30,47
23831,64,15,30,47
23832,64,15,30,47
23833,64,15,30,47
23834,64,15,30,47
23835,64,15,30,47
23836,64,15,30,47
23837,64,15,30,47
23838,64,15,30,47
23839,64,15,30,47
23840,64,15,30,47
23841,64,15,30,47
23842,64,15,30,47
23843,64,15,30,47
23844,64,15,30,47
23845,64,15,30,47
23846,64,15,30,47
23847,64,15,30,47
23848,64,15,30,47
23849,64,15,30,47
23850,64,15,30,47
23851,64,15,30,47
23852,64,15,30,47
23853,64,15,30,47
23854,64,15,30,47
23855,64,15,30,47
23856,64,15,30,47
23857,64,15,30,47
23858,64,15,30,47
23859,64,15,30,47
23860,64,15,30,47
23861,64,15,30,47
23862,64,15,30,47
23863,64,15,30,47
23864,64,15,30,47
23865,64,15,30,47
23866,64,15,30,47
23867,64,15,30,47
23868,64,15,30,47
23869,64,15,30,47
23870,64,15,30,47
23871,64,15,30,47
23872,64,15,30,47
23873,64,15,30,47
23874,64,15,30,47
23875,64,15,30,47
23876,64,15,30,47
23877,64,15,30,47
23878,64,15,30,47
23879,64,15,30,47
23880,64,15,30,47
23881,64,15,30,47
23882,64,15,30,47
23883,64,15,30,47
23884,64,15,30,47
23885,64,15,30,47
23886,64,15,30,47
23887,64,15,30,47
23888,64,15,30,47
23889,64,15,30,47
23890,64,15,30,47
23891,64,15,30,47
23892,64,15,30,47
23893,64,15,30,47
23894,64,15,30,47
23895,64,15,30,47
23896,64,15,30,47
23897,64,15,30,47
23898,64,15,30,47
23899,64,15,30,47
23900,64,15,30,47
23901,64,15,30,47
23902,64,15,30,47
23903,64,15,30,47
23904,64,15,30,47
23905,64,15,30,47
23906,64,15,30,47
23907,64,15,30,47
23908,64,15,30,47
23909,64,15,30,47
23910,64,15,30,47
23911,64,15,30,47
23912,64,15,30,47
23913,64,15,30,47
23914,64,15,30,47
23915,64,15,30,47
23916,64,15,30,47
23917,64,15,30,47
23918,64,15,30,47
23919,64,15,30,47
23920,64,15,30,47
23921,64,15,30,47
23922,64,15,30,47
23923,64,15,30,47
23924,64,15,30,47
23925,64,15,30,47
23926,64,15,30,47
23927,64,15,30,47
23928,64,15,30,47
23929,64,15,30,47
23930,64,15,30,47
23931,64,15,30,47
23932,64,15,30,47
23933,64,15,30,47
23934,64,15,30,47
23935,64,15,30,47
23936,64,15,30,47
23937,64,15,30,47
23938,64,15,30,47
23939,64,15,30,47
23940,64,15,30,47
23941,64,15,30,47
23942,64,15,30,47
23943,64,15,30,47
23944,64,15,30,47
23945,64,15,30,47
23946,64,15,30,47
23947,64,15,30,47
23948,64,15,30,47
23949,64,15,30,47
23950,64,15,30,47
23951,64,15,30,47
23952,64,15,30,47
23953,64,15,30,47
23954,64,15,30,47
23955,64,15,30,47
23956,64,15,30,47
23957,64,15,30,47
23958,64,15,30,47
23959,64,15,30,47
23960,64,15,30,47
23961,64,15,30,47
23962,64,15,30,47
23963,64,15,30,47
23964,64,15,30,47
23965,64,15,30,47
23966,64,15,30,47
23967,64,15,30,47
23968,64,15,30,47
23969,64,15,30,47
23970,64,15,30,47
23971,64,15,30,47
23972,64,15,30,47
23973,64,15,30,47
23974,64,15,30,47
23975,64,15,30,47
23976,64,15,30,47
23977,64,15,30,47
23978,64,15,30,47
23979,64,15,30,47
23980,64,15,30,47
23981,64,15,30,47
23982,64,15,30,47
23983,64,15,30,47
23984,64,15,30,47
23985,64,15,30,47
23986,64,15,30,47
23987,64,15,30,47
23988,64,15,30,47
23989,64,15,30,47
23990,64,15,30,47
23991,64,15,30,47
23992,64,15,30,47
23993,64,15,30,47
23994,64,15,30,47
23995,64,15,30,47
23996,64,15,30,47
23997,64,15,30,47
23998,64,15,30,47
23999,64,15,30,47
24000,64,15,30,47
24001,64,15,30,47
24002,64,15,30,47
24003,64,15,30,47
24004,64,15,30,47
24005,64,15,30,47
24006,64,15,30,47
24007,64,15,30,47
24008,64,15,30,47
24009,64,15,30,47
24010,64,15,30,47
24011,64,15,30,47
24012,64,15,30,47
24013,64,15,30,47
24014,64,15,30,47
24015,64,15,30,47
24016,64,15,30,47
24017,64,15,30,47
24018,64,15,30,47
24019,64,15,30,47
24020,64,15,30,47
24021,64,15,30,47
24022,64,15,30,47
24023,64,15,30,47
24024,64,15,30,47
24025,64,15,30,47
24026,64,15,30,47
24027,64,15,30,47
24028,64,15,30,47
24029,64,15,30,47
24030,64,15,30,47
24031,64,15,30,47
24032,64,15,30,47
24033,64,15,30,47
24034,64,15,30,47
24035,64,15,30,47
24036,64,15,30,47
24037,64,15,30,47
24038,64,15,30,47
24039,64,15,30,47
24040,64,15,30,47
24041,64,15,30,47
24042,64,15,30,47
24043,64,15,30,47
24044,64,15,30,47
24045,64,15,30,47
24046,64,15,30,47
24047,64,15,30,47
24048,64,15,30,47
24049,64,15,30,47
24050,64,15,30,47
24051,64,15,30,47
24052,64,15,30,47
24053,64,15,30,47
24054,64,15,30,47
24055,64,15,30,47
24056,64,15,30,47
24057,64,15,30,47
24058,64,15,30,47
24059,64,15,30,47
24060,64,15,30,47
24061,64,15,30,47
24062,64,15,30,47
24063,64,15,30,47
24064,64,15,30,47
24065,64,15,30,47
24066,64,15,30,47
24067,64,15,30,47
24068,64,15,30,47
24069,64,15,30,47
24070,64,15,30,47
24071,64,15,30,47
24072,64,15,30,47
24073,64,15,30,47
24074,64,15,30,47
24075,64,15,30,47
24076,64,15,30,47
24077,64,15,30,47
24078,64,15,30,47
24079,64,15,30,47
24080,64,15,30,47
24081,64,15,30,47
24082,64,15,30,47
24083,64,15,30,47
24084,64,15,30,47
24085,64,15,30,47
24086,64,15,30,47
24087,64,15,30,47
24088,64,15,30,47
24089,64,15,30,47
24090,64,15,30,47
24091,64,15,30,47
24092,64,15,30,47
24093,64,15,30,47
24094,64,15,30,47
24095,64,15,30,47
24096,64,15,30,47
24097,64,15,30,47
24098,64,15,30,47
24099,64,15,30,47
24100,64,15,30,47
24101,64,15,30,47
24102,64,15,30,47
24103,64,15,30,47
24104,64,15,30,47
24105,64,15,30,47
24106,64,15,30,47
24107,64,15,30,47
24108,64,15,30,47
24109,64,15,30,47
24110,64,15,30,47
24111,64,15,30,47
24112,64,15,30,47
24113,64,15,30,47
24114,64,15,30,47
24115,64,15,30,47
24116,64,15,30,47
24117,64,15,30,47
24118,64,15,30,47
24119,64,15,30,47
24120,64,15,30,47
24121,64,15,30,47
24122,64,15,30,47
24123,64,15,30,47
24124,64,15,30,47
24125,64,15,30,47
24126,64,15,30,47
24127,64,15,30,47
24128,64,15,30,47
24129,64,15,30,47
24130,64,15,30,47
24131,64,15,30,47
24132,64,15,30,47
24133,64,15,30,47
24134,64,15,30,47
24135,64,15,30,47
24136,64,15,30,47
24137,64,15,30,47
24138,64,15,30,47
24139,64,15,30,47
24140,64,15,30,47
24141,64,15,30,47
24142,64,15,30,47
24143,64,15,30,47
24144,64,15,30,47
24145,64,15,30,47
24146,64,15,30,47
24147,64,15,30,47
24148,64,15,30,47
24149,64,15,30,47
24150,64,15,30,47
24151,64,15,30,47
24152,64,15,30,47
24153,64,15,30,47
24154,64,15,30,47
24155,64,15,30,47
24156,64,15,30,47
24157,64,15,30,47
24158,64,15,30,47
24159,64,15,30,47
24160,64,15,30,47
24161,64,15,30,47
24162,64,15,30,47
24163,64,15,30,47
24164,64,15,30,47
24165,64,15,30,47
24166,64,15,30,47
24167,64,15,30,47
24168,64,15,30,47
24169,64,15,30,47
24170,64,15,30,47
24171,64,15,30,47
24172,64,15,30,47
24173,64,15,30,47
24174,64,15,30,47
24175,64,15,30,47
24176,64,15,30,47
24177,64,15,30,47
24178,64,15,30,47
24179,64,15,30,47
24180,64,15,30,47
24181,64,15,30,47
24182,64,15,30,47
24183,64,15,30,47
24184,64,15,30,47
24185,64,15,30,47
24186,64,15,30,47
24187,64,15,30,47
24188,64,15,30,47
24189,64,15,30,47
24190,64,15,30,47
24191,64,15,30,47
24192,64,15,30,47
24193,64,15,30,47
24194,64,15,30,47
24195,64,15,30,47
24196,64,15,30,47
24197,64,15,30,47
24198,64,15,30,47
24199,64,15,30,47
24200,64,15,30,47
24201,64,15,30,47
24202,64,15,30,47
24203,64,15,30,47
24204,64,15,30,47
24205,64,15,30,47
24206,64,15,30,47
24207,64,15,30,47
24208,64,15,30,47
24209,64,15,30,47
24210,64,15,30,47
24211,64,15,30,47
24212,64,15,30,47
24213,64,15,30,47
24214,64,15,30,47
24215,64,15,30,47
24216,64,15,30,47
24217,64,15,30,47
24218,64,15,30,47
24219,64,15,30,47
24220,64,15,30,47
24221,64,15,30,47
24222,64,15,30,47
24223,64,15,30,47
24224,64,15,30,47
24225,64,15,30,47
24226,64,15,30,47
24227,64,15,30,47
24228,64,15,30,47
24229,64,15,30,47
24230,64,15,30,47
24231,64,15,30,47
24232,64,15,30,47
24233,64,15,30,47
24234,64,15,30,47
24235,64,15,30,47
24236,64,15,30,47
24237,64,15,30,47
24238,64,15,30,47
24239,64,15,30,47
24240,64,15,30,47
24241,64,15,30,47
24242,64,15,30,47
24243,64,15,30,47
24244,64,15,30,47
24245,64,15,30,47
24246,64,15,30,47
24247,64,15,30,47
24248,64,15,30,47
24249,64,15,30,47
24250,64,15,30,47
24251,64,15,30,47
24252,64,15,30,47
24253,64,15,30,47
24254,64,15,30,47
24255,64,15,30,47
24256,64,15,30,47
24257,64,15,30,47
24258,64,15,30,47
24259,64,15,30,47
24260,64,15,30,47
24261,64,15,30,47
24262,64,15,30,47
24263,64,15,30,47
24264,64,15,30,47
24265,64,15,30,47
24266,64,15,30,47
24267,64,15,30,47
24268,64,15,30,47
24269,64,15,30,47
24270,64,15,30,47
24271,64,15,30,47
24272,64,15,30,47
24273,64,15,30,47
24274,64,15,30,47
24275,64,15,30,47
24276,64,15,30,47
24277,64,15,30,48
24278,64,15,30,48
24279,64,15,30,48
24280,64,15,30,48
24281,64,15,30,48
24282,64,15,30,48
24283,64,15,30,48
24284,64,15,30,48
24285,64,15,30,48
24286,64,15,30,48
24287,64,15,30,48
24288,64,15,30,48
24289,64,15,30,48
24290,64,15,30,48
24291,64,15,30,48
24292,64,15,30,48
24293,64,15,30,48
24294,64,15,30,48
24295,64,15,30,48
24296,64,15,30,48
24297,64,15,30,48
24298,64,15,30,48
24299,64,15,30,48
24300,64,15,30,48
24301,64,15,30,48
24302,64,15,30,48
24303,64,15,30,48
24304,64,15,30,48
24305,64,15,30,48
24306,64,15,30,48
24307,64,15,30,48
24308,64,15,30,48
24309,64,15,30,48
24310,64,15,30,48
24311,64,15,30,48
24312,64,15,30,48
24313,64,15,30,48
24314,64,15,30,48
24315,64,15,30,48
24316,64,15,30,48
24317,64,15,30,48
24318,64,15,30,48
24319,64,15,30,48
24320,64,15,30,48
24321,64,15,30,48
24322,64,15,30,48
24323,64,15,30,48
24324,64,15,30,48
24325,64,15,30,48
24326,64,15,30,48
24327,64,15,30,48
24328,64,15,30,48
24329,64,15,30,48
24330,64,15,30,48
24331,64,15,30,48
24332,64,15,30,48
24333,64,15,30,48
24334,64,15,30,48
24335,64,15,30,48
24336,64,15,30,48
24337,64,15,30,48
24338,64,15,30,48
24339,64,15,30,48
24340,64,15,30,48
24341,64,15,30,48
24342,64,15,30,48
24343,64,15,30,48
24344,64,15,30,48
24345,64,15,30,48
24346,64,15,30,48
24347,64,15,30,48
24348,64,15,30,48
24349,64,15,30,48
24350,64,15,30,48
24351,64,15,30,48
24352,64,15,30,48
24353,64,15,30,48
24354,64,15,30,48
24355,64,15,30,48
24356,64,15,30,48
24357,64,15,30,48
24358,64,15,30,48
24359,64,15,30,48
24360,64,15,30,48
24361,64,15,30,48
24362,64,15,30,48
24363,64,15,30,48
24364,64,15,30,48
24365,64,15,30,48
24366,64,15,30,48
24367,64,15,30,48
24368,64,15,30,48
24369,64,15,30,48
24370,64,15,30,48
24371,64,15,30,48
24372,64,15,30,48
24373,64,15,30,48
24374,64,15,30,48
24375,64,15,30,48
24376,64,15,30,48
24377,64,15,30,48
24378,64,15,30,48
24379,64,15,30,48
24380,64,15,30,48
24381,64,15,30,48
24382,64,15,30,48
24383,64,15,30,48
24384,64,15,30,48
24385,64,15,30,48
24386,64,15,30,48
24387,64,15,30,48
24388,64,15,30,48
24389,64,15,30,48
24390,64,15,30,48
24391,64,15,30,48
24392,64,15,30,48
24393,64,15,30,48
24394,64,15,30,48
24395,64,15,30,48
24396,64,15,30,48
24397,64,15,30,48
24398,64,15,30,48
24399,64,15,30,48
24400,64,15,30,48
24401,64,15,30,48
24402,64,15,30,48
24403,64,15,30,48
24404,64,15,30,48
24405,64,15,30,48
24406,64,15,30,48
24407,64,15,30,48
24408,64,15,30,48
24409,64,15,30,48
24410,64,15,30,48
24411,64,15,30,48
24412,64,15,30,48
24413,64,15,30,48
24414,64,15,30,48
24415,64,15,30,48
24416,64,15,30,48
24417,64,15,30,48
24418,64,15,30,48
24419,64,15,30,48
24420,64,15,30,48
24421,64,15,30,48
24422,64,15,30,48
24423,64,15,30,48
24424,64,15,30,48
24425,64,15,30,48
24426,64,15,30,48
24427,64,15,30,48
24428,64,15,30,48
24429,64,15,30,48
24430,64,15,30,48
24431,64,15,30,48
24432,64,15,30,48
24433,64,15,30,48
24434,64,15,30,48
24435,64,15,30,48
24436,64,15,30,48
24437,64,15,30,48
24438,64,15,30,48
24439,64,15,30,48
24440,64,15,30,48
24441,64,15,30,48
24442,64,15,30,48
24443,64,15,30,48
24444,64,15,30,48
24445,64,15,30,48
24446,64,15,30,48
24447,64,15,30,48
24448,64,15,30,48
24449,64,15,30,48
24450,64,15,30,48
24451,64,15,30,48
24452,64,15,30,48
24453,64,15,30,48
24454,64,15,30,48
24455,64,15,30,48
24456,64,15,30,48
24457,64,15,30,48
24458,64,15,30,48
24459,64,15,30,48
24460,64,15,30,48
24461,64,15,30,48
24462,64,15,30,48
24463,64,15,30,48
24464,64,15,30,48
24465,64,15,30,48
24466,64,15,30,48
24467,64,15,30,48
24468,64,15,30,48
24469,64,15,30,48
24470,64,15,30,48
24471,64,15,30,48
24472,64,15,30,48
24473,64,15,30,48
24474,64,15,30,48
24475,64,15,30,48
24476,64,15,30,48
24477,64,15,30,48
24478,64,15,30,48
24479,64,15,30,48
24480,64,15,30,48
24481,64,15,30,48
24482,64,15,30,48
24483,64,15,30,48
24484,64,15,30,48
24485,64,15,30,48
24486,64,15,30,48
24487,64,15,30,48
24488,64,15,30,48
24489,64,15,30,48
24490,64,15,30,48
24491,64,15,30,48
24492,64,15,30,48
24493,64,15,30,48
24494,64,15,30,48
24495,64,15,30,48
24496,64,15,30,48
24497,64,15,30,48
24498,64,15,30,48
24499,64,15,30,48
24500,64,15,30,48
24501,64,15,30,48
24502,64,15,30,48
24503,64,15,30,48
24504,64,15,30,48
24505,64,15,30,48
24506,64,15,30,48
24507,64,15,30,48
24508,64,15,30,48
24509,64,15,30,48
24510,64,15,30,48
24511,64,15,30,48
24512,64,15,30,48
24513,64,15,30,48
24514,64,15,30,48
24515,64,15,30,48
24516,64,15,30,48
24517,64,15,30,48
24518,64,15,30,48
24519,64,15,30,48
24520,64,15,30,48
24521,64,15,30,48
24522,64,15,30,48
24523,64,15,30,48
24524,64,15,30,48
24525,64,15,30,48
24526,64,15,30,48
24527,64,15,30,48
24528,64,15,30,48
24529,64,15,30,48
24530,64,15,30,48
24531,64,15,30,48
24532,64,15,30,48
24533,64,15,30,48
24534,64,15,30,48
24535,64,15,30,48
24536,64,15,30,48
24537,64,15,30,48
24538,64,15,30,48
24539,64,15,30,48
24540,64,15,30,48
24541,64,15,30,48
24542,64,15,30,48
24543,64,15,30,48
24544,64,15,30,48
24545,64,15,30,48
24546,64,15,30,48
24547,64,15,30,48
24548,64,15,30,48
24549,64,15,30,48
24550,64,15,30,48
24551,64,15,30,48
24552,64,15,30,48
24553,64,15,30,48
24554,64,15,30,48
24555,64,15,30,48
24556,64,15,30,48
24557,64,15,30,48
24558,64,15,30,48
24559,64,15,30,48
24560,64,15,30,48
24561,64,15,30,48
24562,64,15,30,48
24563,64,15,30,48
24564,64,15,30,48
24565,64,15,30,48
24566,64,15,30,48
24567,64,15,30,48
24568,64,15,30,48
24569,64,15,30,48
24570,64,15,30,48
24571,64,15,30,48
24572,64,15,30,48
24573,64,15,30,48
24574,64,15,30,48
24575,64,15,30,48
24576,64,15,30,48
24577,64,15,30,48
24578,64,15,30,48
24579,64,15,30,48
24580,64,15,30,48
24581,64,15,30,48
24582,64,15,30,48
24583,64,15,30,48
24584,64,15,30,48
24585,64,15,30,48
24586,64,15,30,48
24587,64,15,30,48
24588,64,15,30,48
24589,64,15,30,48
24590,64,15,30,48
24591,64,15,30,48
24592,64,15,30,48
24593,64,15,30,48
24594,64,15,30,48
24595,64,15,30,48
24596,64,15,30,48
24597,64,15,30,48
24598,64,15,30,48
24599,64,15,30,48
24600,64,15,30,48
24601,64,15,30,48
24602,64,15,30,48
24603,64,15,30,48
24604,64,15,30,48
24605,64,15,30,48
24606,64,15,30,48
24607,64,15,30,48
24608,64,15,30,48
24609,64,15,30,48
24610,64,15,30,48
24611,64,15,30,48
24612,64,15,30,48
24613,64,15,30,48
24614,64,15,30,48
24615,64,15,30,48
24616,64,15,30,48
24617,64,15,30,48
24618,64,15,30,48
24619,64,15,30,48
24620,64,15,30,48
24621,64,15,30,48
24622,64,15,30,48
24623,64,15,30,48
24624,64,15,30,48
24625,64,15,30,48
24626,64,15,30,48
24627,64,15,30,48
24628,64,15,30,48
24629,64,15,30,48
24630,64,15,30,48
24631,64,15,30,48
24632,64,15,30,48
24633,64,15,30,48
24634,64,15,30,48
24635,64,15,30,48
24636,64,15,30,48
24637,64,15,30,48
24638,64,15,30,48
24639,64,15,30,48
24640,64,15,30,48
24641,64,15,30,48
24642,64,15,30,48
24643,64,15,30,48
24644,64,15,30,48
24645,64,15,30,48
24646,64,15,30,48
24647,64,15,30,48
24648,64,15,30,48
24649,64,15,30,48
24650,64,15,30,48
24651,64,15,30,48
24652,64,15,30,48
24653,64,15,30,48
24654,64,15,30,48
24655,64,15,30,48
24656,64,15,30,48
24657,64,15,30,48
24658,64,15,30,48
24659,64,15,30,48
24660,64,15,30,48
24661,64,15,30,48
24662,64,15,30,48
24663,64,15,30,48
24664,64,15,30,48
24665,64,15,30,48
24666,64,15,30,48
24667,64,15,30,48
24668,64,15,30,48
24669,64,15,30,48
24670,64,15,30,48
24671,64,15,30,48
24672,64,15,30,48
24673,64,15,30,48
24674,64,15,30,48
24675,64,15,30,48
24676,64,15,30,48
24677,64,15,30,48
24678,64,15,30,48
24679,64,15,30,48
24680,64,15,30,48
24681,64,15,30,48
24682,64,15,30,48
24683,64,15,30,48
24684,64,15,30,48
24685,64,15,30,48
24686,64,15,30,48
24687,64,15,30,48
24688,64,15,30,48
24689,64,15,30,48
24690,64,15,30,48
24691,64,15,30,48
24692,64,15,30,48
24693,64,15,30,48
24694,64,15,30,48
24695,64,15,30,48
24696,64,15,30,48
24697,64,15,30,48
24698,64,15,30,48
24699,64,15,30,48
24700,64,15,30,48
24701,64,15,30,48
24702,64,15,30,48
24703,64,15,30,48
24704,64,15,30,48
24705,64,15,30,48
24706,64,15,30,48
24707,64,15,30,48
24708,64,15,30,48
24709,64,15,30,48
24710,64,15,30,48
24711,64,15,30,48
24712,64,15,30,48
24713,64,15,30,48
24714,64,15,30,48
24715,64,15,30,48
24716,64,15,30,48
24717,64,15,30,48
24718,64,15,30,48
24719,64,15,30,48
24720,64,15,30,48
24721,64,15,30,48
24722,64,15,30,48
24723,64,15,30,48
24724,64,15,30,48
24725,64,15,30,48
24726,64,15,30,48
24727,64,15,30,48
24728,64,15,30,48
24729,64,15,30,48
24730,64,15,30,48
24731,64,15,30,48
24732,64,15,30,48
24733,64,15,30,48
24734,64,15,30,48
24735,64,15,30,48
24736,64,15,30,48
24737,64,15,30,48
24738,64,15,30,48
24739,64,15,30,48
24740,64,15,30,48
24741,64,15,30,48
24742,64,15,30,48
24743,64,15,30,48
24744,64,15,30,48
24745,64,15,30,48
24746,64,15,30,48
24747,64,15,30,48
24748,64,15,30,48
24749,64,15,30,48
24750,64,15,30,48
24751,64,15,30,48
24752,64,15,30,48
24753,64,15,30,48
24754,64,15,30,48
24755,64,15,30,48
24756,64,15,30,48
24757,64,15,30,48
24758,64,15,30,48
24759,64,15,30,48
24760,64,15,30,48
24761,64,15,30,48
24762,64,15,30,48
24763,64,15,30,48
24764,64,15,30,48
24765,64,15,30,48
24766,64,15,30,48
24767,64,15,30,48
24768,64,15,30,48
24769,64,15,30,48
24770,64,15,30,48
24771,64,15,30,48
24772,64,15,30,48
24773,64,15,30,48
24774,64,15,30,48
24775,64,15,30,48
24776,64,15,30,48
24777,64,15,30,48
24778,64,15,30,48
24779,64,15,30,48
24780,64,15,30,48
24781,64,15,30,48
24782,64,15,30,48
24783,64,15,30,48
24784,64,15,30,48
24785,64,15,30,48
24786,64,15,30,48
24787,64,15,30,48
24788,64,15,30,48
24789,64,15,30,48
24790,64,15,30,48
24791,64,15,30,48
24792,64,15,30,48
24793,64,15,30,48
24794,64,15,30,48
24795,64,15,30,48
24796,64,15,30,48
24797,64,15,30,48
24798,64,15,30,48
24799,64,15,30,48
24800,64,15,30,48
24801,64,15,30,48
24802,64,15,30,48
24803,64,15,30,48
24804,64,15,30,48
24805,64,15,30,48
24806,64,15,30,48
24807,64,15,30,48
24808,64,15,30,48
24809,64,15,30,48
24810,64,15,30,48
24811,64,15,30,48
24812,64,15,30,48
24813,64,15,30,48
24814,64,15,30,48
24815,64,15,30,48
24816,64,15,30,48
24817,64,15,30,48
24818,64,15,30,48
24819,64,15,30,48
24820,64,15,30,48
24821,64,15,30,48
24822,64,15,30,48
24823,64,15,30,48
24824,64,15,30,48
24825,64,15,30,48
24826,64,15,30,48
24827,64,15,30,48
24828,64,15,30,48
24829,64,15,30,48
24830,64,15,30,48
24831,64,15,30,48
24832,64,15,30,48
24833,64,15,30,48
24834,64,15,30,48
24835,64,15,30,48
24836,64,15,30,48
24837,64,15,30,48
24838,64,15,30,48
24839,64,15,30,48
24840,64,15,30,48
24841,64,15,30,48
24842,64,15,30,48
24843,64,15,30,48
24844,64,15,30,48
24845,64,15,30,48
24846,64,15,30,48
24847,64,15,30,48
24848,64,15,30,48
24849,64,15,30,48
24850,64,15,30,48
24851,64,15,30,48
24852,64,15,30,48
24853,64,15,30,48
24854,64,15,30,48
24855,64,15,30,48
24856,64,15,30,48
24857,64,15,30,48
24858,64,15,30,48
24859,64,15,30,48
24860,64,15,30,48
24861,64,15,30,48
24862,64,15,30,48
24863,64,15,30,48
24864,64,15,30,48
24865,64,15,30,48
24866,64,15,30,48
24867,64,15,30,48
24868,64,15,30,48
24869,64,15,30,48
24870,64,15,30,48
24871,64,15,30,48
24872,64,15,30,48
24873,64,15,30,48
24874,64,15,30,49
24875,64,15,30,49
24876,64,15,30,49
24877,64,15,30,49
24878,64,15,30,49
24879,64,15,30,49
24880,64,15,30,49
24881,64,15,30,49
24882,64,15,30,49
24883,64,15,30,49
24884,64,15,30,49
24885,64,15,30,49
24886,64,15,30,49
24887,64,15,30,49
24888,64,15,30,49
24889,64,15,30,49
24890,64,15,30,49
24891,64,15,30,49
24892,64,15,30,49
24893,64,15,30,49
24894,64,15,30,49
24895,64,15,30,49
24896,64,15,30,49
24897,64,15,30,49
24898,64,15,30,49
24899,64,15,30,49
24900,64,15,30,49
24901,64,15,30,49
24902,64,15,30,49
24903,64,15,30,49
24904,64,15,30,49
24905,64,15,30,49
24906,64,15,30,49
24907,64,15,30,49
24908,64,15,30,49
24909,64,15,30,49
24910,64,15,30,49
24911,64,15,30,49
24912,64,15,30,49
24913,64,15,30,49
24914,64,15,30,49
24915,64,15,30,49
24916,64,15,30,49
24917,64,15,30,49
24918,64,15,30,49
24919,64,15,30,49
24920,64,15,30,49
24921,64,15,30,49
24922,64,15,30,49
24923,64,15,30,49
24924,64,15,30,49
24925,64,15,30,49
24926,64,15,30,49
24927,64,15,30,49
24928,64,15,30,49
24929,64,15,30,49
24930,64,15,30,49
24931,64,15,30,49
24932,64,15,30,49
24933,64,15,30,49
24934,64,15,30,49
24935,64,15,30,49
24936,64,15,30,49
24937,64,15,30,49
24938,64,15,30,49
24939,64,15,30,49
24940,64,15,30,49
24941,64,15,30,49
24942,64,15,30,49
24943,64,15,30,49
24944,64,15,30,49
24945,64,15,30,49
24946,64,15,30,49
24947,64,15,30,49
24948,64,15,30,49
24949,64,15,30,49
24950,64,15,30,49
24951,64,15,30,49
24952,64,15,30,49
24953,64,15,30,49
24954,64,15,30,49
24955,64,15,30,49
24956,64,15,30,49
24957,64,15,30,49
24958,64,15,30,49
24959,64,15,30,49
24960,64,15,30,49
24961,64,15,30,49
24962,64,15,30,49
24963,64,15,30,49
24964,64,15,30,49
24965,64,15,30,49
24966,64,15,30,49
24967,64,15,30,49
24968,64,15,30,49
24969,64,15,30,49
24970,64,15,30,49
24971,64,15,30,49
24972,64,15,30,49
24973,64,15,30,49
24974,64,15,30,49
24975,64,15,30,49
24976,64,15,30,49
24977,64,15,30,49
24978,64,15,30,49
24979,64,15,30,49
24980,64,15,30,49
24981,64,15,30,49
24982,64,15,30,49
24983,64,15,30,49
24984,64,15,30,49
24985,64,15,30,49
24986,64,15,30,49
24987,64,15,30,49
24988,64,15,30,49
24989,64,15,30,49
24990,64,15,30,49
24991,64,15,30,49
24992,64,15,30,49
24993,64,15,30,49
24994,64,15,30,49
24995,64,15,30,49
24996,64,15,30,49
24997,64,15,30,49
24998,64,15,30,49
24999,64,15,30,49
25000,64,15,30,49
