iteration,coverage,max_depth,corpus_size,crashes
0,41,14,6,0
1,32,14,6,0
2,33,14,7,0
3,34,14,8,0
4,34,14,8,0
5,34,14,8,0
6,34,14,8,0
7,34,14,8,0
8,35,14,9,0
9,35,14,9,0
10,36,14,10,0
11,36,14,10,0
12,36,14,10,0
13,36,14,10,0
14,36,14,10,0
15,36,14,10,0
16,36,14,10,0
17,36,14,10,0
18,37,14,11,0
19,37,14,11,0
20,37,14,11,0
21,37,14,11,0
22,37,14,11,0
23,38,14,12,0
24,38,14,12,0
25,38,14,12,0
26,38,14,12,0
27,38,14,12,0
28,38,14,12,0
29,38,14,12,0
30,38,14,12,0
31,38,14,12,0
32,38,14,12,0
33,39,14,13,0
34,39,14,13,0
35,39,14,13,0
36,39,14,13,0
37,39,14,13,0
38,39,14,13,0
39,39,14,13,0
40,39,14,13,0
41,39,14,13,0
42,39,14,13,0
43,39,14,13,0
44,39,14,13,0
45,39,14,13,0
46,39,14,13,0
47,39,14,13,0
48,39,14,13,0
49,39,14,13,0
50,39,14,13,0
51,39,14,13,0
52,39,14,13,0
53,39,14,13,0
54,39,14,13,0
55,39,14,13,0
56,39,14,13,0
57,39,14,13,0
58,39,14,13,0
59,39,14,13,0
60,39,14,13,0
61,39,14,13,0
62,39,14,13,0
63,39,14,13,0
64,40,14,14,0
65,40,14,14,0
66,40,14,14,0
67,40,14,14,0
68,40,14,14,0
69,40,14,14,0
70,40,14,14,0
71,40,14,14,0
72,40,14,14,0
73,40,14,14,0
74,40,14,14,0
75,40,14,14,0
76,40,14,14,0
77,40,14,14,0
78,40,14,14,0
79,40,14,14,0
80,40,14,14,0
81,40,14,14,0
82,40,14,14,0
83,40,14,14,0
84,40,14,14,0
85,40,14,14,0
86,40,14,14,0
87,40,14,14,0
88,40,14,14,0
89,40,14,14,0
90,40,14,14,0
91,40,14,14,0
92,40,14,14,0
93,40,14,14,0
94,40,14,14,0
95,40,14,14,0
96,40,14,14,0
97,41,14,15,0
98,41,14,15,0
99,41,14,15,0
100,41,14,15,0
101,41,14,15,0
102,41,14,15,0
103,41,14,15,0
104,41,14,15,0
105,41,14,15,0
106,41,14,15,0
107,41,14,15,0
108,41,14,15,0
109,41,14,15,0
110,41,14,15,0
111,41,14,15,0
112,41,14,15,0
113,41,14,15,0
114,41,14,15,0
115,41,14,15,0
116,41,14,15,0
117,41,14,15,0
118,41,14,15,0
119,41,14,15,0
120,41,14,15,0
121,41,14,15,0
122,41,14,15,0
123,41,14,15,0
124,41,14,15,0
125,41,14,15,0
126,41,14,15,0
127,41,14,15,0
128,41,14,15,0
129,41,14,15,0
130,41,14,15,0
131,41,14,15,0
132,41,14,15,0
133,41,14,15,0
134,41,14,15,0
135,41,14,15,0
136,41,14,15,0
137,41,14,15,0
138,41,14,15,0
139,41,14,15,0
140,41,14,15,0
141,41,14,15,0
142,41,14,15,0
143,41,14,15,0
144,41,14,15,0
145,41,14,15,0
146,41,14,15,0
147,41,14,15,0
148,41,14,15,0
149,41,14,15,0
150,41,14,15,0
151,41,14,15,0
152,41,14,15,0
153,41,14,15,0
154,41,14,15,0
155,41,14,15,0
156,41,14,15,0
157,41,14,15,0
158,41,14,15,0
159,41,14,15,0
160,41,14,15,0
161,41,14,15,0
162,41,14,15,0
163,41,14,15,0
164,41,14,15,0
165,41,14,15,0
166,41,14,15,0
167,41,14,15,0
168,41,14,15,0
169,41,14,15,0
170,41,14,15,0
171,41,14,15,0
172,41,14,15,0
173,41,14,15,0
174,41,14,15,0
175,41,14,15,0
176,41,14,15,0
177,41,14,15,0
178,41,14,15,0
179,41,14,15,0
180,41,14,15,0
181,41,14,15,0
182,41,14,15,0
183,41,14,15,0
184,41,14,15,0
185,41,14,15,0
186,41,14,15,0
187,41,14,15,0
188,41,14,15,0
189,41,14,15,0
190,41,14,15,0
191,41,14,15,0
192,41,14,15,0
193,41,14,15,0
194,41,14,15,0
195,44,14,16,0
196,44,14,16,0
197,44,14,16,0
198,44,14,16,0
199,44,14,16,0
200,44,14,16,0
201,44,14,16,0
202,44,14,16,0
203,44,14,16,0
204,44,14,16,0
205,44,14,16,0
206,44,14,16,0
207,44,14,16,0
208,44,14,16,0
209,44,14,16,0
210,44,14,16,0
211,44,14,16,0
212,44,14,16,0
213,44,14,16,0
214,44,14,16,0
215,44,14,16,0
216,44,14,16,0
217,44,14,16,0
218,44,14,16,0
219,44,14,16,0
220,44,14,16,0
221,44,14,16,0
222,44,14,16,0
223,44,14,16,0
224,45,14,17,0
225,45,14,17,0
226,45,14,17,0
227,45,14,17,0
228,45,14,17,0
229,45,14,17,0
230,46,14,18,0
231,46,14,18,0
232,46,14,18,0
233,46,14,18,0
234,46,14,18,0
235,46,14,18,0
236,46,14,18,0
237,46,14,18,0
238,46,14,18,0
239,46,14,18,0
240,46,14,18,0
241,46,14,18,0
242,46,14,18,0
243,46,14,18,0
244,46,14,18,0
245,46,14,18,0
246,46,14,18,0
247,46,14,18,0
248,46,14,18,0
249,46,14,18,0
250,46,14,18,0
251,46,14,18,0
252,46,14,18,0
253,46,14,18,0
254,46,14,18,0
255,46,14,18,0
256,46,14,18,0
257,46,14,18,0
258,46,14,18,0
259,47,14,19,0
260,47,14,19,0
261,47,14,19,0
262,47,14,19,0
263,47,14,19,0
264,47,14,19,0
265,47,14,19,0
266,47,14,19,0
267,47,14,19,0
268,47,14,19,0
269,47,14,19,0
270,47,14,19,0
271,47,14,19,0
272,47,14,19,0
273,47,14,19,0
274,47,14,19,0
275,47,14,19,0
276,47,14,19,0
277,47,14,19,0
278,47,14,19,0
279,47,14,19,0
280,47,14,19,0
281,47,14,19,0
282,47,14,19,0
283,47,14,19,0
284,47,14,19,0
285,47,14,19,0
286,47,14,19,0
287,48,14,20,0
288,48,14,20,0
289,48,14,20,0
290,48,14,20,0
291,48,14,20,0
292,48,14,20,0
293,48,14,20,0
294,48,14,20,0
295,48,14,20,0
296,48,14,20,0
297,48,14,20,0
298,48,14,20,0
299,50,14,21,0
300,50,14,21,0
301,50,14,21,0
302,50,14,21,0
303,50,14,21,0
304,50,14,21,0
305,50,14,21,0
306,50,14,21,0
307,50,14,21,0
308,50,14,21,0
309,50,14,21,0
310,50,14,21,0
311,50,14,21,0
312,50,14,21,0
313,50,14,21,0
314,50,14,21,0
315,50,14,21,0
316,50,14,21,0
317,50,14,21,0
318,50,14,21,0
319,50,14,21,0
320,50,14,21,0
321,50,14,21,0
322,50,14,21,0
323,50,14,21,0
324,50,14,21,0
325,50,14,21,0
326,50,14,21,0
327,50,14,21,0
328,50,14,21,0
329,50,14,21,0
330,50,14,21,0
331,50,14,21,0
332,50,14,21,0
333,50,14,21,0
334,50,14,21,0
335,50,14,21,0
336,50,14,21,0
337,50,14,21,0
338,50,14,21,0
339,50,14,21,0
340,50,14,21,0
341,50,14,21,0
342,50,14,21,0
343,50,14,21,0
344,50,14,21,0
345,50,14,21,0
346,50,14,21,0
347,50,14,21,0
348,50,14,21,0
349,50,14,21,0
350,50,14,21,0
351,50,14,21,0
352,50,14,21,0
353,50,14,21,0
354,50,14,21,0
355,50,14,21,0
356,50,14,21,0
357,50,14,21,0
358,50,14,21,0
359,50,14,21,0
360,50,14,21,0
361,50,14,21,0
362,50,14,21,0
363,50,14,21,0
364,50,14,21,0
365,50,14,21,0
366,50,14,21,0
367,50,14,21,0
368,50,14,21,0
369,50,14,21,0
370,50,14,21,0
371,50,14,21,0
372,50,14,21,0
373,50,14,21,0
374,50,14,21,0
375,50,14,21,0
376,50,14,21,0
377,50,14,21,0
378,50,14,21,0
379,50,14,21,0
380,50,14,21,0
381,50,14,21,0
382,50,14,21,0
383,50,14,21,0
384,50,14,21,0
385,50,14,21,0
386,50,14,21,0
387,50,14,21,0
388,50,14,21,0
389,50,14,21,0
390,50,14,21,0
391,50,14,21,0
392,50,14,21,0
393,50,14,21,0
394,50,14,21,0
395,50,14,21,0
396,50,14,21,0
397,50,14,21,0
398,50,14,21,0
399,50,14,21,0
400,50,14,21,0
401,50,14,21,0
402,50,14,21,0
403,50,14,21,0
404,50,14,21,0
405,50,14,21,0
406,50,14,21,0
407,50,14,21,0
408,50,14,21,0
409,50,14,21,0
410,50,14,21,0
411,50,14,21,0
412,50,14,21,0
413,50,14,21,0
414,50,14,21,0
415,50,14,21,0
416,50,14,21,0
417,50,14,21,0
418,50,14,21,0
419,50,14,21,0
420,50,14,21,0
421,50,14,21,0
422,50,14,21,0
423,50,14,21,0
424,50,14,21,0
425,50,14,21,0
426,50,14,21,0
427,50,14,21,0
428,50,14,21,0
429,50,14,21,0
430,50,14,21,0
431,50,14,21,0
432,50,14,21,0
433,50,14,21,0
434,50,14,21,0
435,50,14,21,0
436,50,14,21,0
437,50,14,21,0
438,50,14,21,0
439,50,14,21,0
440,50,14,21,0
441,50,14,21,0
442,50,14,21,0
443,50,14,21,0
444,50,14,21,0
445,50,14,21,0
446,50,14,21,0
447,50,14,21,0
448,50,14,21,0
449,50,14,21,0
450,50,14,21,0
451,50,14,21,0
452,50,14,21,0
453,50,14,21,0
454,50,14,21,0
455,50,14,21,0
456,50,14,21,0
457,50,14,21,0
458,50,14,21,0
459,50,14,21,0
460,50,14,21,0
461,50,14,21,0
462,50,14,21,0
463,50,14,21,0
464,50,14,21,0
465,50,14,21,0
466,50,14,21,0
467,50,14,21,0
468,50,14,21,0
469,50,14,21,0
470,50,14,21,0
471,50,14,21,0
472,50,14,21,0
473,50,14,21,0
474,50,14,21,0
475,50,14,21,0
476,50,14,21,0
477,50,14,21,0
478,50,14,21,0
479,50,14,21,0
480,50,14,21,0
481,50,14,21,0
482,50,14,21,0
483,50,14,21,0
484,50,14,21,0
485,50,14,21,0
486,50,14,21,0
487,50,14,21,0
488,50,14,21,0
489,50,14,21,0
490,50,14,21,0
491,50,14,21,0
492,50,14,21,0
493,50,14,21,0
494,50,14,21,0
495,50,14,21,0
496,50,14,21,0
497,50,14,21,0
498,50,14,21,0
499,50,14,21,0
500,50,14,21,0
501,50,14,21,0
502,50,14,21,0
503,50,14,21,0
504,50,14,21,0
505,50,14,21,0
506,50,14,21,0
507,50,14,21,0
508,50,14,21,0
509,50,14,21,0
510,50,14,21,0
511,50,14,21,0
512,50,14,21,0
513,50,14,21,0
514,50,14,21,0
515,50,14,21,0
516,50,14,21,0
517,50,14,21,0
518,50,14,21,0
519,50,14,21,0
520,50,14,21,0
521,50,14,21,0
522,50,14,21,0
523,50,14,21,0
524,50,14,21,0
525,50,14,21,0
526,50,14,21,0
527,50,14,21,0
528,50,14,21,0
529,50,14,21,0
530,50,14,21,0
531,50,14,21,0
532,50,14,21,0
533,50,14,21,0
534,50,14,21,0
535,50,14,21,0
536,50,14,21,0
537,50,14,21,0
538,50,14,21,0
539,50,14,21,0
540,50,14,21,0
541,50,14,21,0
542,50,14,21,0
543,50,14,21,0
544,50,14,21,0
545,50,14,21,0
546,50,14,21,0
547,50,14,21,0
548,50,14,21,0
549,50,14,21,0
550,50,14,21,0
551,50,14,21,0
552,50,14,21,0
553,50,14,21,0
554,50,14,21,0
555,50,14,21,0
556,50,14,21,0
557,50,14,21,0
558,50,14,21,0
559,50,14,21,0
560,50,14,21,0
561,50,14,21,0
562,50,14,21,0
563,50,14,21,0
564,50,14,21,0
565,50,14,21,0
566,50,14,21,0
567,50,14,21,0
568,50,14,21,0
569,50,14,21,0
570,50,14,21,0
571,50,14,21,0
572,50,14,21,0
573,50,14,21,0
574,50,14,21,0
575,50,14,21,0
576,50,14,21,0
577,50,14,21,0
578,50,14,21,0
579,50,14,21,0
580,50,14,21,0
581,50,14,21,0
582,50,14,21,0
583,50,14,21,0
584,50,14,21,0
585,50,14,21,0
586,50,14,21,0
587,50,14,21,0
588,50,14,21,0
589,50,14,21,0
590,50,14,21,0
591,50,14,21,0
592,50,14,21,0
593,50,14,21,0
594,50,14,21,0
595,50,14,21,0
596,50,14,21,0
597,50,14,21,0
598,50,14,21,0
599,50,14,21,0
600,50,14,21,0
601,50,14,21,0
602,50,14,21,0
603,50,14,21,0
604,50,14,21,0
605,50,14,21,0
606,50,14,21,0
607,50,14,21,0
608,50,14,21,0
609,50,14,21,0
610,50,14,21,0
611,50,14,21,0
612,50,14,21,0
613,50,14,21,0
614,50,14,21,0
615,50,14,21,0
616,50,14,21,0
617,50,14,21,0
618,50,14,21,0
619,50,14,21,0
620,50,14,21,0
621,50,14,21,0
622,50,14,21,0
623,50,14,21,0
624,50,14,21,0
625,50,14,21,0
626,50,14,21,0
627,50,14,21,0
628,50,14,21,0
629,50,14,21,0
630,50,14,21,0
631,50,14,21,0
632,50,14,21,0
633,50,14,21,0
634,50,14,21,0
635,50,14,21,0
636,50,14,21,0
637,50,14,21,0
638,50,14,21,0
639,50,14,21,0
640,50,14,21,0
641,50,14,21,0
642,50,14,21,0
643,50,14,21,0
644,50,14,21,0
645,50,14,21,0
646,50,14,21,0
647,50,14,21,0
648,50,14,21,0
649,50,14,21,0
650,50,14,21,0
651,50,14,21,0
652,50,14,21,0
653,50,14,21,0
654,50,14,21,0
655,50,14,21,0
656,50,14,21,0
657,50,14,21,0
658,50,14,21,0
659,50,14,21,0
660,50,14,21,0
661,50,14,21,0
662,50,14,21,0
663,50,14,21,0
664,50,14,21,0
665,50,14,21,0
666,50,14,21,0
667,50,14,21,0
668,50,14,21,0
669,50,14,21,0
670,50,14,21,0
671,50,14,21,0
672,50,14,21,0
673,50,14,21,0
674,50,14,21,0
675,50,14,21,0
676,50,14,21,0
677,50,14,21,0
678,50,14,21,0
679,50,14,21,0
680,50,14,21,0
681,50,14,21,0
682,50,14,21,0
683,50,14,21,0
684,50,14,21,0
685,50,14,21,0
686,50,14,21,0
687,50,14,21,0
688,50,14,21,0
689,50,14,21,0
690,50,14,21,0
691,50,14,21,0
692,50,14,21,0
693,50,14,21,0
694,50,14,21,0
695,50,14,21,0
696,50,14,21,0
697,50,14,21,0
698,50,14,21,0
699,50,14,21,0
700,50,14,21,0
701,50,14,21,0
702,50,14,21,0
703,50,14,21,0
704,50,14,21,0
705,50,14,21,0
706,50,14,21,0
707,50,14,21,0
708,50,14,21,0
709,50,14,21,0
710,50,14,21,0
711,50,14,21,0
712,50,14,21,0
713,50,14,21,0
714,50,14,21,0
715,50,14,21,0
716,50,14,21,0
717,50,14,21,0
718,50,14,21,0
719,50,14,21,0
720,50,14,21,0
721,50,14,21,0
722,50,14,21,0
723,50,14,21,0
724,50,14,21,0
725,50,14,21,0
726,50,14,21,0
727,50,14,21,0
728,50,14,21,0
729,50,14,21,0
730,50,14,21,0
731,50,14,21,0
732,50,14,21,0
733,50,14,21,0
734,50,14,21,0
735,50,14,21,0
736,50,14,21,0
737,50,14,21,0
738,50,14,21,0
739,50,14,21,0
740,50,14,21,0
741,50,14,21,0
742,50,14,21,0
743,50,14,21,0
744,50,14,21,0
745,50,14,21,0
746,50,14,21,0
747,50,14,21,0
748,50,14,21,0
749,50,14,21,0
750,50,14,21,0
751,50,14,21,0
752,50,14,21,0
753,50,14,21,0
754,50,14,21,0
755,50,14,21,0
756,50,14,21,0
757,50,14,21,0
758,50,14,21,0
759,50,14,21,0
760,50,14,21,0
761,50,14,21,0
762,50,14,21,0
763,50,14,21,0
764,50,14,21,0
765,50,14,21,0
766,50,14,21,0
767,50,14,21,0
768,50,14,21,0
769,50,14,21,0
770,50,14,21,0
771,50,14,21,0
772,50,14,21,0
773,50,14,21,0
774,50,14,21,0
775,50,14,21,0
776,50,14,21,0
777,50,14,21,0
778,50,14,21,0
779,50,14,21,0
780,50,14,21,0
781,50,14,21,0
782,50,14,21,0
783,50,14,21,0
784,50,14,21,0
785,50,14,21,0
786,50,14,21,0
787,50,14,21,0
788,50,14,21,0
789,50,14,21,0
790,50,14,21,0
791,50,14,21,0
792,50,14,21,0
793,50,14,21,0
794,50,14,21,0
795,50,14,21,0
796,50,14,21,0
797,50,14,21,0
798,50,14,21,0
799,50,14,21,0
800,50,14,21,0
801,50,14,21,0
802,50,14,21,0
803,50,14,21,0
804,50,14,21,0
805,50,14,21,0
806,50,14,21,0
807,50,14,21,0
808,50,14,21,0
809,50,14,21,0
810,50,14,21,0
811,50,14,21,0
812,50,14,21,0
813,50,14,21,0
814,50,14,21,0
815,50,14,21,0
816,50,14,21,0
817,50,14,21,0
818,50,14,21,0
819,50,14,21,0
820,50,14,21,0
821,50,14,21,0
822,50,14,21,0
823,50,14,21,0
824,50,14,21,0
825,50,14,21,0
826,50,14,21,0
827,50,14,21,0
828,50,14,21,0
829,50,14,21,0
830,50,14,21,0
831,50,14,21,0
832,50,14,21,0
833,50,14,21,0
834,50,14,21,0
835,50,14,21,0
836,50,14,21,0
837,50,14,21,0
838,50,14,21,0
839,50,14,21,0
840,50,14,21,0
841,50,14,21,0
842,50,14,21,0
843,50,14,21,0
844,50,14,21,0
845,50,14,21,0
846,50,14,21,0
847,50,14,21,0
848,50,14,21,0
849,50,14,21,0
850,50,14,21,0
851,50,14,21,0
852,50,14,21,0
853,50,14,21,0
854,50,14,21,0
855,50,14,21,0
856,50,14,21,0
857,50,14,21,0
858,50,14,21,0
859,50,14,21,0
860,50,14,21,0
861,50,14,21,0
862,50,14,21,0
863,50,14,21,0
864,50,14,21,0
865,50,14,21,0
866,50,14,21,0
867,50,14,21,0
868,50,14,21,0
869,50,14,21,0
870,50,14,21,0
871,50,14,21,0
872,50,14,21,0
873,50,14,21,0
874,50,14,21,0
875,50,14,21,0
876,50,14,21,0
877,50,14,21,0
878,50,14,21,0
879,50,14,21,0
880,50,14,21,0
881,50,14,21,0
882,50,14,21,0
883,50,14,21,0
884,50,14,21,0
885,50,14,21,0
886,50,14,21,0
887,50,14,21,0
888,50,14,21,0
889,50,14,21,0
890,50,14,21,0
891,50,14,21,0
892,50,14,21,0
893,50,14,21,0
894,50,14,21,0
895,50,14,21,0
896,50,14,21,0
897,50,14,21,0
898,50,14,21,0
899,50,14,21,0
900,50,14,21,0
901,50,14,21,0
902,50,14,21,0
903,50,14,21,0
904,50,14,21,0
905,50,14,21,0
906,50,14,21,0
907,50,14,21,0
908,50,14,21,0
909,50,14,21,0
910,50,14,21,0
911,50,14,21,0
912,50,14,21,0
913,50,14,21,0
914,50,14,21,0
915,50,14,21,0
916,50,14,21,0
917,50,14,21,0
918,50,14,21,0
919,50,14,21,0
920,50,14,21,0
921,50,14,21,0
922,50,14,21,0
923,50,14,21,0
924,50,14,21,0
925,50,14,21,0
926,50,14,21,0
927,50,14,21,0
928,50,14,21,0
929,50,14,21,0
930,50,14,21,0
931,50,14,21,0
932,50,14,21,0
933,50,14,21,0
934,50,14,21,0
935,50,14,21,0
936,50,14,21,0
937,50,14,21,0
938,50,14,21,0
939,50,14,21,0
940,50,14,21,0
941,50,14,21,0
942,50,14,21,0
943,50,14,21,0
944,50,14,21,0
945,50,14,21,0
946,50,14,21,0
947,50,14,21,0
948,50,14,21,0
949,50,14,21,0
950,50,14,21,0
951,50,14,21,0
952,50,14,21,0
953,50,14,21,0
954,50,14,21,0
955,50,14,21,0
956,50,14,21,0
957,50,14,21,0
958,50,14,21,0
959,50,14,21,0
960,50,14,21,0
961,50,14,21,0
962,50,14,21,0
963,50,14,21,0
964,50,14,21,0
965,50,14,21,0
966,50,14,21,0
967,50,14,21,0
968,50,14,21,0
969,50,14,21,0
970,50,14,21,0
971,50,14,21,0
972,50,14,21,0
973,50,14,21,0
974,50,14,21,0
975,50,14,21,0
976,50,14,21,0
977,50,14,21,0
978,50,14,21,0
979,50,14,21,0
980,50,14,21,0
981,50,14,21,0
982,50,14,21,0
983,50,14,21,0
984,50,14,21,0
985,50,14,21,0
986,50,14,21,0
987,50,14,21,0
988,50,14,21,0
989,50,14,21,0
990,50,14,21,0
991,50,14,21,0
992,50,14,21,0
993,50,14,21,0
994,50,14,21,0
995,50,14,21,0
996,50,14,21,0
997,50,14,21,0
998,50,14,21,0
999,50,14,21,0
1000,50,14,21,0
1001,50,14,21,0
1002,52,14,22,0
1003,52,14,22,0
1004,52,14,22,0
1005,52,14,22,0
1006,52,14,22,0
1007,52,14,22,0
1008,52,14,22,0
1009,52,14,22,0
1010,52,14,22,0
1011,52,14,22,0
1012,52,14,22,0
1013,52,14,22,0
1014,52,14,22,0
1015,52,14,22,0
1016,52,14,22,0
1017,52,14,22,0
1018,52,14,22,0
1019,52,14,22,0
1020,52,14,22,0
1021,52,14,22,0
1022,52,14,22,0
1023,52,14,22,0
1024,52,14,22,0
1025,52,14,22,0
1026,52,14,22,0
1027,52,14,22,0
1028,52,14,22,0
1029,52,14,22,0
1030,52,14,22,0
1031,52,14,22,0
1032,52,14,22,0
1033,52,14,22,0
1034,52,14,22,0
1035,52,14,22,0
1036,52,14,22,0
1037,52,14,22,0
1038,52,14,22,0
1039,52,14,22,0
1040,52,14,22,0
1041,52,14,22,0
1042,52,14,22,0
1043,52,14,22,0
1044,52,14,22,0
1045,52,14,22,0
1046,52,14,22,0
1047,52,14,22,0
1048,52,14,22,0
1049,52,14,22,0
1050,52,14,22,0
1051,52,14,22,0
1052,52,14,22,0
1053,52,14,22,0
1054,52,14,22,0
1055,52,14,22,0
1056,52,14,22,0
1057,52,14,22,0
1058,52,14,22,0
1059,52,14,22,0
1060,52,14,22,0
1061,52,14,22,0
1062,52,14,22,0
1063,52,14,22,0
1064,52,14,22,0
1065,52,14,22,0
1066,52,14,22,0
1067,52,14,22,0
1068,52,14,22,0
1069,52,14,22,0
1070,52,14,22,0
1071,52,14,22,0
1072,52,14,22,0
1073,52,14,22,0
1074,52,14,22,0
1075,52,14,22,0
1076,52,14,22,0
1077,52,14,22,0
1078,52,14,22,0
1079,52,14,22,0
1080,52,14,22,0
1081,52,14,22,0
1082,52,14,22,0
1083,52,14,22,0
1084,52,14,22,0
1085,52,14,22,0
1086,52,14,22,0
1087,52,14,22,0
1088,52,14,22,0
1089,52,14,22,0
1090,52,14,22,0
1091,52,14,22,0
1092,52,14,22,0
1093,52,14,22,0
1094,52,14,22,0
1095,52,14,22,0
1096,52,14,22,0
1097,52,14,22,0
1098,52,14,22,0
1099,52,14,22,0
1100,52,14,22,0
1101,52,14,22,0
1102,52,14,22,0
1103,52,14,22,0
1104,52,14,22,0
1105,52,14,22,0
1106,52,14,22,0
1107,52,14,22,0
1108,52,14,22,0
1109,52,14,22,0
1110,52,14,22,0
1111,52,14,22,0
1112,52,14,22,0
1113,52,14,22,0
1114,52,14,22,0
1115,52,14,22,0
1116,52,14,22,0
1117,52,14,22,0
1118,52,14,22,0
1119,52,14,22,0
1120,52,14,22,0
1121,52,14,22,0
1122,52,14,22,0
1123,52,14,22,0
1124,52,14,22,0
1125,52,14,22,0
1126,52,14,22,0
1127,52,14,22,0
1128,52,14,22,0
1129,52,14,22,0
1130,52,14,22,0
1131,52,14,22,0
1132,54,14,23,0
1133,54,14,23,0
1134,54,14,23,0
1135,54,14,23,0
1136,54,14,23,0
1137,54,14,23,0
1138,54,14,23,0
1139,54,14,23,0
1140,54,14,23,0
1141,54,14,23,0
1142,54,14,23,0
1143,54,14,23,0
1144,54,14,23,0
1145,54,14,23,0
1146,54,14,23,0
1147,54,14,23,0
1148,54,14,23,0
1149,54,14,23,0
1150,54,14,23,0
1151,54,14,23,0
1152,54,14,23,0
1153,54,14,23,0
1154,54,14,23,0
1155,54,14,23,0
1156,54,14,23,0
1157,54,14,23,0
1158,54,14,23,0
1159,54,14,23,0
1160,54,14,23,0
1161,54,14,23,0
1162,54,14,23,0
1163,54,14,23,0
1164,54,14,23,0
1165,55,14,24,0
1166,55,14,24,0
1167,55,14,24,0
1168,55,14,24,0
1169,55,14,24,0
1170,55,14,24,0
1171,55,14,24,0
1172,55,14,24,0
1173,55,14,24,0
1174,55,14,24,0
1175,55,14,24,0
1176,55,14,24,0
1177,55,14,24,0
1178,55,14,24,0
1179,55,14,24,0
1180,55,14,24,0
1181,55,14,24,0
1182,55,14,24,0
1183,55,14,24,0
1184,55,14,24,0
1185,55,14,24,0
1186,55,14,24,0
1187,55,14,24,0
1188,55,14,24,0
1189,55,14,24,0
1190,55,14,24,0
1191,55,14,24,0
1192,55,14,24,0
1193,55,14,24,0
1194,55,14,24,0
1195,55,14,24,0
1196,55,14,24,0
1197,55,14,24,0
1198,55,14,24,0
1199,55,14,24,0
1200,55,14,24,0
1201,55,14,24,0
1202,55,14,24,0
1203,55,14,24,0
1204,55,14,24,0
1205,55,14,24,0
1206,55,14,24,0
1207,55,14,24,0
1208,55,14,24,0
1209,55,14,24,0
1210,55,14,24,0
1211,55,14,24,0
1212,55,14,24,0
1213,55,14,24,0
1214,55,14,24,0
1215,55,14,24,0
1216,55,14,24,0
1217,55,14,24,0
1218,55,14,24,0
1219,55,14,24,0
1220,55,14,24,0
1221,55,14,24,0
1222,55,14,24,0
1223,55,14,24,0
1224,55,14,24,0
1225,55,14,24,0
1226,55,14,24,0
1227,55,14,24,0
1228,55,14,24,0
1229,55,14,24,0
1230,55,14,24,0
1231,55,14,24,0
1232,55,14,24,0
1233,55,14,24,0
1234,55,14,24,0
1235,55,14,24,0
1236,55,14,24,0
1237,55,14,24,0
1238,55,14,24,0
1239,55,14,24,0
1240,55,14,24,0
1241,55,14,24,0
1242,55,14,24,0
1243,55,14,24,0
1244,55,14,24,0
1245,55,14,24,0
1246,55,14,24,0
1247,55,14,24,0
1248,55,14,24,0
1249,55,14,24,0
1250,55,14,24,0
1251,55,14,24,0
1252,55,14,24,0
1253,55,14,24,0
1254,55,14,24,0
1255,55,14,24,0
1256,55,14,24,0
1257,55,14,24,0
1258,55,14,24,0
1259,55,14,24,0
1260,55,14,24,0
1261,55,14,24,0
1262,55,14,24,0
1263,55,14,24,0
1264,55,14,24,0
1265,55,14,24,0
1266,55,14,24,0
1267,55,14,24,0
1268,55,14,24,0
1269,55,14,24,0
1270,55,14,24,0
1271,55,14,24,0
1272,55,14,24,0
1273,55,14,24,0
1274,55,14,24,0
1275,55,14,24,0
1276,55,14,24,0
1277,55,14,24,0
1278,55,14,24,0
1279,55,14,24,0
1280,55,14,24,0
1281,55,14,24,0
1282,55,14,24,0
1283,55,14,24,0
1284,55,14,24,0
1285,55,14,24,0
1286,55,14,24,0
1287,55,14,24,0
1288,55,14,24,0
1289,55,14,24,0
1290,55,14,24,0
1291,55,14,24,0
1292,55,14,24,0
1293,55,14,24,0
1294,55,14,24,0
1295,55,14,24,0
1296,55,14,24,0
1297,55,14,24,0
1298,55,14,24,0
1299,55,14,24,0
1300,55,14,24,0
1301,55,14,24,0
1302,55,14,24,0
1303,55,14,24,0
1304,55,14,24,0
1305,55,14,24,0
1306,55,14,24,0
1307,55,14,24,0
1308,55,14,24,0
1309,55,14,24,0
1310,55,14,24,0
1311,55,14,24,0
1312,55,14,24,0
1313,55,14,24,0
1314,55,14,24,0
1315,55,14,24,0
1316,55,14,24,0
1317,55,14,24,0
1318,55,14,24,0
1319,55,14,24,0
1320,55,14,24,0
1321,55,14,24,0
1322,55,14,24,0
1323,55,14,24,0
1324,55,14,24,0
1325,55,14,24,0
1326,55,14,24,0
1327,55,14,24,0
1328,55,14,24,0
1329,55,14,24,0
1330,55,14,24,0
1331,55,14,24,0
1332,55,14,24,0
1333,55,14,24,0
1334,55,14,24,0
1335,55,14,24,0
1336,55,14,24,0
1337,55,14,24,0
1338,55,14,24,0
1339,55,14,24,0
1340,55,14,24,0
1341,55,14,24,0
1342,55,14,24,0
1343,55,14,24,0
1344,55,14,24,0
1345,55,14,24,0
1346,55,14,24,0
1347,55,14,24,0
1348,55,14,24,0
1349,55,14,24,0
1350,55,14,24,0
1351,55,14,24,0
1352,55,14,24,0
1353,55,14,24,0
1354,55,14,24,0
1355,55,14,24,0
1356,55,14,24,0
1357,55,14,24,0
1358,55,14,24,0
1359,55,14,24,0
1360,55,14,24,0
1361,55,14,24,0
1362,55,14,24,0
1363,55,14,24,0
1364,55,14,24,0
1365,55,14,24,0
1366,55,14,24,0
1367,55,14,24,0
1368,55,14,24,0
1369,55,14,24,0
1370,55,14,24,0
1371,55,14,24,0
1372,55,14,24,0
1373,55,14,24,0
1374,55,14,24,0
1375,55,14,24,0
1376,55,14,24,0
1377,55,14,24,0
1378,55,14,24,0
1379,55,14,24,0
1380,55,14,24,0
1381,55,14,24,0
1382,55,14,24,0
1383,55,14,24,0
1384,55,14,24,0
1385,55,14,24,0
1386,55,14,24,0
1387,55,14,24,0
1388,55,14,24,0
1389,55,14,24,0
1390,55,14,24,0
1391,55,14,24,0
1392,55,14,24,0
1393,55,14,24,0
1394,55,14,24,0
1395,55,14,24,0
1396,55,14,24,0
1397,55,14,24,0
1398,55,14,24,0
1399,55,14,24,0
1400,55,14,24,0
1401,55,14,24,0
1402,55,14,24,0
1403,55,14,24,0
1404,55,14,24,0
1405,55,14,24,0
1406,55,14,24,0
1407,55,14,24,0
1408,55,14,24,0
1409,55,14,24,0
1410,55,14,24,0
1411,55,14,24,0
1412,55,14,24,0
1413,55,14,24,0
1414,55,14,24,0
1415,55,14,24,0
1416,55,14,24,0
1417,55,14,24,0
1418,55,14,24,0
1419,55,14,24,0
1420,55,14,24,0
1421,55,14,24,0
1422,55,14,24,0
1423,55,14,24,0
1424,55,14,24,0
1425,55,14,24,0
1426,55,14,24,0
1427,55,14,24,0
1428,55,14,24,0
1429,55,14,24,0
1430,55,14,24,0
1431,55,14,24,0
1432,55,14,24,0
1433,55,14,24,0
1434,55,14,24,0
1435,55,14,24,0
1436,55,14,24,0
1437,55,14,24,0
1438,55,14,24,0
1439,55,14,24,0
1440,55,14,24,0
1441,55,14,24,0
1442,55,14,24,0
1443,55,14,24,0
1444,55,14,24,0
1445,55,14,24,0
1446,55,14,24,0
1447,55,14,24,0
1448,55,14,24,0
1449,55,14,24,0
1450,55,14,24,0
1451,55,14,24,0
1452,55,14,24,0
1453,55,14,24,0
1454,55,14,24,0
1455,55,14,24,0
1456,55,14,24,0
1457,55,14,24,0
1458,55,14,24,0
1459,55,14,24,0
1460,55,14,24,0
1461,55,14,24,0
1462,55,14,24,0
1463,55,14,24,0
1464,55,14,24,0
1465,55,14,24,0
1466,55,14,24,0
1467,55,14,24,0
1468,55,14,24,0
1469,55,14,24,0
1470,55,14,24,0
1471,55,14,24,0
1472,55,14,24,0
1473,55,14,24,0
1474,55,14,24,0
1475,55,14,24,0
1476,55,14,24,0
1477,55,14,24,0
1478,55,14,24,0
1479,55,14,24,0
1480,55,14,24,0
1481,55,14,24,0
1482,55,14,24,0
1483,55,14,24,0
1484,55,14,24,0
1485,55,14,24,0
1486,55,14,24,0
1487,55,14,24,0
1488,55,14,24,0
1489,55,14,24,0
1490,55,14,24,0
1491,55,14,24,0
1492,55,14,24,0
1493,55,14,24,0
1494,55,14,24,0
1495,55,14,24,0
1496,55,14,24,0
1497,55,14,24,0
1498,55,14,24,0
1499,55,14,24,0
1500,55,14,24,0
1501,55,14,24,0
1502,55,14,24,0
1503,55,14,24,0
1504,55,14,24,0
1505,55,14,24,0
1506,55,14,24,0
1507,55,14,24,0
1508,55,14,24,0
1509,55,14,24,0
1510,55,14,24,0
1511,55,14,24,0
1512,55,14,24,0
1513,55,14,24,0
1514,55,14,24,0
1515,55,14,24,0
1516,55,14,24,0
1517,55,14,24,0
1518,55,14,24,0
1519,55,14,24,0
1520,55,14,24,0
1521,55,14,24,0
1522,55,14,24,0
1523,55,14,24,0
1524,55,14,24,0
1525,55,14,24,0
1526,55,14,24,0
1527,55,14,24,0
1528,55,14,24,0
1529,55,14,24,0
1530,55,14,24,0
1531,55,14,24,0
1532,55,14,24,0
1533,55,14,24,0
1534,55,14,24,0
1535,55,14,24,0
1536,55,14,24,0
1537,55,14,24,0
1538,55,14,24,0
1539,55,14,24,0
1540,55,14,24,0
1541,55,14,24,0
1542,55,14,24,0
1543,55,14,24,0
1544,55,14,24,0
1545,55,14,24,0
1546,55,14,24,0
1547,55,14,24,0
1548,55,14,24,0
1549,55,14,24,0
1550,55,14,24,0
1551,55,14,24,0
1552,55,14,24,0
1553,55,14,24,0
1554,55,14,24,0
1555,55,14,24,0
1556,55,14,24,0
1557,55,14,24,0
1558,55,14,24,0
1559,55,14,24,0
1560,55,14,24,0
1561,55,14,24,0
1562,55,14,24,0
1563,55,14,24,0
1564,55,14,24,0
1565,55,14,24,0
1566,55,14,24,0
1567,55,14,24,0
1568,55,14,24,0
1569,55,14,24,0
1570,55,14,24,0
1571,55,14,24,0
1572,55,14,24,0
1573,55,14,24,0
1574,55,14,24,0
1575,55,14,24,0
1576,55,14,24,0
1577,55,14,24,0
1578,55,14,24,0
1579,55,14,24,0
1580,55,14,24,0
1581,55,14,24,0
1582,55,14,24,0
1583,55,14,24,0
1584,55,14,24,0
1585,55,14,24,0
1586,55,14,24,0
1587,55,14,24,0
1588,55,14,24,0
1589,55,14,24,0
1590,55,14,24,0
1591,55,14,24,0
1592,55,14,24,0
1593,55,14,24,0
1594,55,14,24,0
1595,55,14,24,0
1596,55,14,24,0
1597,55,14,24,0
1598,55,14,24,0
1599,55,14,24,0
1600,55,14,24,0
1601,55,14,24,0
1602,55,14,24,0
1603,55,14,24,0
1604,55,14,24,0
1605,55,14,24,0
1606,56,14,25,0
1607,56,14,25,0
1608,56,14,25,0
1609,56,14,25,0
1610,56,14,25,0
1611,56,14,25,0
1612,56,14,25,0
1613,56,14,25,0
1614,56,14,25,0
1615,56,14,25,0
1616,56,14,25,0
1617,56,14,25,0
1618,56,14,25,0
1619,56,14,25,0
1620,56,14,25,0
1621,56,14,25,0
1622,56,14,25,0
1623,56,14,25,0
1624,56,14,25,0
1625,56,14,25,0
1626,56,14,25,0
1627,56,14,25,0
1628,56,14,25,0
1629,56,14,25,0
1630,56,14,25,0
1631,56,14,25,0
1632,56,14,25,0
1633,56,14,25,0
1634,56,14,25,0
1635,56,14,25,0
1636,56,14,25,0
1637,56,14,25,0
1638,56,14,25,0
1639,56,14,25,0
1640,56,14,25,0
1641,56,14,25,0
1642,56,14,25,0
1643,56,14,25,0
1644,56,14,25,0
1645,56,14,25,0
1646,56,14,25,0
1647,56,14,25,0
1648,56,14,25,0
1649,56,14,25,0
1650,56,14,25,0
1651,56,14,25,0
1652,56,14,25,0
1653,56,14,25,0
1654,56,14,25,0
1655,56,14,25,0
1656,56,14,25,0
1657,56,14,25,0
1658,56,14,25,0
1659,56,14,25,0
1660,56,14,25,0
1661,56,14,25,0
1662,56,14,25,0
1663,56,14,25,0
1664,56,14,25,0
1665,56,14,25,0
1666,56,14,25,0
1667,56,14,25,0
1668,56,14,25,0
1669,56,14,25,0
1670,56,14,25,0
1671,56,14,25,0
1672,56,14,25,0
1673,56,14,25,0
1674,56,14,25,0
1675,56,14,25,0
1676,56,14,25,0
1677,56,14,25,0
1678,56,14,25,0
1679,56,14,25,0
1680,56,14,25,0
1681,56,14,25,0
1682,56,14,25,0
1683,56,14,25,0
1684,56,14,25,0
1685,56,14,25,0
1686,56,14,25,0
1687,56,14,25,0
1688,56,14,25,0
1689,56,14,25,0
1690,56,14,25,0
1691,56,14,25,0
1692,56,14,25,0
1693,56,14,25,0
1694,56,14,25,0
1695,56,14,25,0
1696,56,14,25,0
1697,56,14,25,0
1698,56,14,25,0
1699,56,14,25,0
1700,56,14,25,0
1701,56,14,25,0
1702,56,14,25,0
1703,56,14,25,0
1704,56,14,25,0
1705,56,14,25,0
1706,56,14,25,0
1707,56,14,25,0
1708,56,14,25,0
1709,56,14,25,0
1710,56,14,25,0
1711,56,14,25,0
1712,56,14,25,0
1713,56,14,25,0
1714,56,14,25,0
1715,56,14,25,0
1716,56,14,25,0
1717,56,14,25,0
1718,56,14,25,0
1719,56,14,25,0
1720,56,14,25,0
1721,56,14,25,0
1722,56,14,25,0
1723,56,14,25,0
1724,56,14,25,0
1725,56,14,25,0
1726,56,14,25,0
1727,56,14,25,0
1728,56,14,25,0
1729,56,14,25,0
1730,56,14,25,0
1731,56,14,25,0
1732,56,14,25,0
1733,56,14,25,0
1734,56,14,25,0
1735,56,14,25,0
1736,56,14,25,0
1737,56,14,25,0
1738,56,14,25,0
1739,56,14,25,0
1740,56,14,25,0
1741,56,14,25,0
1742,56,14,25,0
1743,56,14,25,0
1744,56,14,25,0
1745,56,14,25,0
1746,56,14,25,0
1747,56,14,25,0
1748,56,14,25,0
1749,56,14,25,0
1750,56,14,25,0
1751,56,14,25,0
1752,56,14,25,0
1753,56,14,25,0
1754,56,14,25,0
1755,56,14,25,0
1756,56,14,25,0
1757,56,14,25,0
1758,56,14,25,0
1759,56,14,25,0
1760,56,14,25,0
1761,56,14,25,0
1762,56,14,25,0
1763,56,14,25,0
1764,56,14,25,0
1765,56,14,25,0
1766,56,14,25,0
1767,56,14,25,0
1768,56,14,25,0
1769,56,14,25,0
1770,56,14,25,0
1771,56,14,25,0
1772,56,14,25,0
1773,56,14,25,0
1774,56,14,25,0
1775,56,14,25,0
1776,56,14,25,0
1777,56,14,25,0
1778,56,14,25,0
1779,56,14,25,0
1780,56,14,25,0
1781,56,14,25,0
1782,56,14,25,0
1783,56,14,25,0
1784,56,14,25,0
1785,56,14,25,0
1786,56,14,25,0
1787,56,14,25,0
1788,56,14,25,0
1789,56,14,25,0
1790,56,14,25,0
1791,56,14,25,0
1792,56,14,25,0
1793,56,14,25,0
1794,56,14,25,0
1795,56,14,25,0
1796,56,14,25,0
1797,56,14,25,0
1798,56,14,25,0
1799,56,14,25,0
1800,56,14,25,0
1801,56,14,25,0
1802,56,14,25,0
1803,56,14,25,0
1804,56,14,25,0
1805,56,14,25,0
1806,56,14,25,0
1807,56,14,25,0
1808,56,14,25,0
1809,56,14,25,0
1810,56,14,25,0
1811,56,14,25,0
1812,56,14,25,0
1813,56,14,25,0
1814,56,14,25,0
1815,56,14,25,0
1816,56,14,25,0
1817,56,14,25,0
1818,56,14,25,0
1819,56,14,25,0
1820,56,14,25,0
1821,56,14,25,0
1822,56,14,25,0
1823,56,14,25,0
1824,56,14,25,0
1825,56,14,25,0
1826,56,14,25,0
1827,56,14,25,0
1828,56,14,25,0
1829,56,14,25,0
1830,56,14,25,0
1831,56,14,25,0
1832,56,14,25,0
1833,56,14,25,0
1834,56,14,25,0
1835,56,14,25,0
1836,56,14,25,0
1837,56,14,25,0
1838,56,14,25,0
1839,56,14,25,0
1840,56,14,25,0
1841,56,14,25,0
1842,56,14,25,0
1843,56,14,25,0
1844,56,14,25,0
1845,56,14,25,0
1846,56,14,25,0
1847,56,14,25,0
1848,56,14,25,0
1849,56,14,25,0
1850,56,14,25,0
1851,56,14,25,0
1852,56,14,25,0
1853,56,14,25,0
1854,56,14,25,0
1855,56,14,25,0
1856,56,14,25,0
1857,56,14,25,0
1858,56,14,25,0
1859,56,14,25,0
1860,56,14,25,0
1861,56,14,25,0
1862,56,14,25,0
1863,56,14,25,0
1864,56,14,25,0
1865,56,14,25,0
1866,56,14,25,0
1867,56,14,25,0
1868,56,14,25,0
1869,56,14,25,0
1870,56,14,25,0
1871,56,14,25,0
1872,56,14,25,0
1873,56,14,25,0
1874,56,14,25,0
1875,56,14,25,0
1876,56,14,25,0
1877,56,14,25,0
1878,56,14,25,0
1879,56,14,25,0
1880,56,14,25,0
1881,56,14,25,0
1882,56,14,25,0
1883,56,14,25,0
1884,56,14,25,0
1885,56,14,25,0
1886,56,14,25,0
1887,56,14,25,0
1888,56,14,25,0
1889,56,14,25,0
1890,56,14,25,0
1891,56,14,25,0
1892,56,14,25,0
1893,56,14,25,0
1894,56,14,25,0
1895,56,14,25,0
1896,56,14,25,0
1897,56,14,25,0
1898,56,14,25,0
1899,56,14,25,0
1900,56,14,25,0
1901,56,14,25,0
1902,56,14,25,0
1903,56,14,25,0
1904,56,14,25,0
1905,56,14,25,0
1906,56,14,25,0
1907,56,14,25,0
1908,56,14,25,0
1909,56,14,25,0
1910,56,14,25,0
1911,56,14,25,0
1912,56,14,25,0
1913,56,14,25,0
1914,56,14,25,0
1915,56,14,25,0
1916,56,14,25,0
1917,56,14,25,0
1918,56,14,25,0
1919,56,14,25,0
1920,56,14,25,0
1921,56,14,25,0
1922,56,14,25,0
1923,56,14,25,0
1924,56,14,25,0
1925,56,14,25,0
1926,56,14,25,0
1927,56,14,25,0
1928,56,14,25,0
1929,56,14,25,0
1930,56,14,25,0
1931,56,14,25,0
1932,56,14,25,0
1933,56,14,25,0
1934,56,14,25,0
1935,56,14,25,0
1936,56,14,25,0
1937,56,14,25,0
1938,56,14,25,0
1939,56,14,25,0
1940,56,14,25,0
1941,56,14,25,0
1942,56,14,25,0
1943,56,14,25,0
1944,56,14,25,0
1945,56,14,25,0
1946,56,14,25,0
1947,56,14,25,0
1948,56,14,25,0
1949,56,14,25,0
1950,56,14,25,0
1951,56,14,25,0
1952,56,14,25,0
1953,56,14,25,0
1954,56,14,25,0
1955,56,14,25,0
1956,56,14,25,0
1957,56,14,25,0
1958,56,14,25,0
1959,56,14,25,0
1960,56,14,25,0
1961,56,14,25,0
1962,56,14,25,0
1963,56,14,25,0
1964,56,14,25,0
1965,56,14,25,0
1966,56,14,25,0
1967,56,14,25,0
1968,56,14,25,0
1969,56,14,25,0
1970,56,14,25,0
1971,56,14,25,0
1972,56,14,25,0
1973,56,14,25,0
1974,56,14,25,0
1975,56,14,25,0
1976,56,14,25,0
1977,56,14,25,0
1978,56,14,25,0
1979,56,14,25,0
1980,56,14,25,0
1981,56,14,25,0
1982,56,14,25,0
1983,56,14,25,0
1984,56,14,25,0
1985,56,14,25,0
1986,56,14,25,0
1987,56,14,25,0
1988,56,14,25,0
1989,56,14,25,0
1990,56,14,25,0
1991,56,14,25,0
1992,56,14,25,0
1993,56,14,25,0
1994,56,14,25,0
1995,56,14,25,0
1996,56,14,25,0
1997,56,14,25,0
1998,56,14,25,0
1999,56,14,25,0
2000,56,14,25,0
2001,56,14,25,0
2002,56,14,25,0
2003,56,14,25,0
2004,56,14,25,0
2005,56,14,25,0
2006,56,14,25,0
2007,56,14,25,0
2008,56,14,25,0
2009,56,14,25,0
2010,56,14,25,0
2011,56,14,25,0
2012,56,14,25,0
2013,56,14,25,0
2014,56,14,25,0
2015,56,14,25,0
2016,56,14,25,0
2017,56,14,25,0
2018,56,14,25,0
2019,56,14,25,0
2020,56,14,25,0
2021,56,14,25,0
2022,56,14,25,0
2023,56,14,25,0
2024,56,14,25,0
2025,56,14,25,0
2026,56,14,25,0
2027,56,14,25,0
2028,56,14,25,0
2029,56,14,25,0
2030,56,14,25,0
2031,56,14,25,0
2032,56,14,25,0
2033,56,14,25,0
2034,56,14,25,0
2035,56,14,25,0
2036,56,14,25,0
2037,56,14,25,0
2038,56,14,25,0
2039,56,14,25,0
2040,56,14,25,0
2041,56,14,25,0
2042,56,14,25,0
2043,56,14,25,0
2044,56,14,25,0
2045,56,14,25,0
2046,56,14,25,0
2047,56,14,25,0
2048,56,14,25,0
2049,56,14,25,0
2050,56,14,25,0
2051,56,14,25,0
2052,56,14,25,0
2053,56,14,25,0
2054,56,14,25,0
2055,56,14,25,0
2056,56,14,25,0
2057,56,14,25,0
2058,56,14,25,0
2059,56,14,25,0
2060,56,14,25,0
2061,56,14,25,0
2062,56,14,25,0
2063,56,14,25,0
2064,56,14,25,0
2065,56,14,25,0
2066,56,14,25,0
2067,56,14,25,0
2068,56,14,25,0
2069,56,14,25,0
2070,56,14,25,0
2071,56,14,25,0
2072,56,14,25,0
2073,56,14,25,0
2074,56,14,25,0
2075,56,14,25,0
2076,56,14,25,0
2077,56,14,25,0
2078,56,14,25,0
2079,56,14,25,0
2080,56,14,25,0
2081,56,14,25,0
2082,56,14,25,0
2083,56,14,25,0
2084,56,14,25,0
2085,56,14,25,0
2086,56,14,25,0
2087,56,14,25,0
2088,56,14,25,0
2089,56,14,25,0
2090,56,14,25,0
2091,56,14,25,0
2092,56,14,25,0
2093,56,14,25,0
2094,56,14,25,0
2095,56,14,25,0
2096,56,14,25,0
2097,56,14,25,0
2098,56,14,25,0
2099,56,14,25,0
2100,56,14,25,0
2101,56,14,25,0
2102,56,14,25,0
2103,56,14,25,0
2104,56,14,25,0
2105,56,14,25,0
2106,56,14,25,0
2107,56,14,25,0
2108,56,14,25,0
2109,56,14,25,0
2110,56,14,25,0
2111,56,14,25,0
2112,56,14,25,0
2113,56,14,25,0
2114,56,14,25,0
2115,56,14,25,0
2116,56,14,25,0
2117,56,14,25,0
2118,56,14,25,0
2119,56,14,25,0
2120,56,14,25,0
2121,56,14,25,0
2122,56,14,25,0
2123,56,14,25,0
2124,56,14,25,0
2125,56,14,25,0
2126,56,14,25,0
2127,56,14,25,0
2128,56,14,25,0
2129,56,14,25,0
2130,56,14,25,0
2131,56,14,25,0
2132,56,14,25,0
2133,56,14,25,0
2134,56,14,25,0
2135,56,14,25,0
2136,56,14,25,0
2137,56,14,25,0
2138,56,14,25,0
2139,56,14,25,0
2140,56,14,25,0
2141,56,14,25,0
2142,56,14,25,0
2143,56,14,25,0
2144,56,14,25,0
2145,56,14,25,0
2146,56,14,25,0
2147,56,14,25,0
2148,56,14,25,0
2149,56,14,25,0
2150,56,14,25,0
2151,56,14,25,0
2152,56,14,25,0
2153,56,14,25,0
2154,56,14,25,0
2155,56,14,25,0
2156,56,14,25,0
2157,56,14,25,0
2158,56,14,25,0
2159,56,14,25,0
2160,56,14,25,0
2161,56,14,25,0
2162,56,14,25,0
2163,56,14,25,0
2164,56,14,25,0
2165,56,14,25,0
2166,56,14,25,0
2167,56,14,25,0
2168,56,14,25,0
2169,56,14,25,0
2170,56,14,25,0
2171,56,14,25,0
2172,56,14,25,0
2173,56,14,25,0
2174,56,14,25,0
2175,56,14,25,0
2176,56,14,25,0
2177,56,14,25,0
2178,56,14,25,0
2179,56,14,25,0
2180,56,14,25,0
2181,56,14,25,0
2182,56,14,25,0
2183,56,14,25,0
2184,56,14,25,0
2185,56,14,25,0
2186,56,14,25,0
2187,56,14,25,0
2188,56,14,25,0
2189,56,14,25,0
2190,56,14,25,0
2191,56,14,25,0
2192,56,14,25,0
2193,56,14,25,0
2194,56,14,25,0
2195,56,14,25,0
2196,56,14,25,0
2197,56,14,25,0
2198,56,14,25,0
2199,56,14,25,0
2200,56,14,25,0
2201,56,14,25,0
2202,56,14,25,0
2203,56,14,25,0
2204,56,14,25,0
2205,56,14,25,0
2206,56,14,25,0
2207,56,14,25,0
2208,56,14,25,0
2209,56,14,25,0
2210,56,14,25,0
2211,56,14,25,0
2212,56,14,25,0
2213,56,14,25,0
2214,56,14,25,0
2215,56,14,25,0
2216,56,14,25,0
2217,56,14,25,0
2218,56,14,25,0
2219,56,14,25,0
2220,56,14,25,0
2221,56,14,25,0
2222,56,14,25,0
2223,56,14,25,0
2224,56,14,25,0
2225,56,14,25,0
2226,56,14,25,0
2227,56,14,25,0
2228,56,14,25,0
2229,56,14,25,0
2230,56,14,25,0
2231,56,14,25,0
2232,56,14,25,0
2233,56,14,25,0
2234,56,14,25,0
2235,56,14,25,0
2236,56,14,25,0
2237,56,14,25,0
2238,56,14,25,0
2239,56,14,25,0
2240,56,14,25,0
2241,56,14,25,0
2242,56,14,25,0
2243,56,14,25,0
2244,56,14,25,0
2245,56,14,25,0
2246,56,14,25,0
2247,56,14,25,0
2248,56,14,25,0
2249,56,14,25,0
2250,56,14,25,0
2251,56,14,25,0
2252,56,14,25,0
2253,56,14,25,0
2254,56,14,25,0
2255,56,14,25,0
2256,56,14,25,0
2257,56,14,25,0
2258,56,14,25,0
2259,56,14,25,0
2260,56,14,25,0
2261,56,14,25,0
2262,56,14,25,0
2263,56,14,25,0
2264,56,14,25,0
2265,56,14,25,0
2266,56,14,25,0
2267,56,14,25,0
2268,56,14,25,0
2269,56,14,25,0
2270,56,14,25,0
2271,56,14,25,0
2272,56,14,25,0
2273,56,14,25,0
2274,56,14,25,0
2275,56,14,25,0
2276,56,14,25,0
2277,56,14,25,0
2278,56,14,25,0
2279,56,14,25,0
2280,56,14,25,0
2281,56,14,25,0
2282,56,14,25,0
2283,56,14,25,0
2284,56,14,25,0
2285,56,14,25,0
2286,56,14,25,0
2287,56,14,25,0
2288,56,14,25,0
2289,56,14,25,0
2290,56,14,25,0
2291,56,14,25,0
2292,56,14,25,0
2293,56,14,25,0
2294,56,14,25,0
2295,56,14,25,0
2296,56,14,25,0
2297,56,14,25,0
2298,56,14,25,0
2299,56,14,25,0
2300,56,14,25,0
2301,56,14,25,0
2302,56,14,25,0
2303,56,14,25,0
2304,56,14,25,0
2305,56,14,25,0
2306,56,14,25,0
2307,56,14,25,0
2308,56,14,25,0
2309,56,14,25,0
2310,56,14,25,0
2311,56,14,25,0
2312,56,14,25,0
2313,56,14,25,0
2314,56,14,25,0
2315,56,14,25,0
2316,56,14,25,0
2317,56,14,25,0
2318,56,14,25,0
2319,56,14,25,0
2320,56,14,25,0
2321,56,14,25,0
2322,56,14,25,0
2323,56,14,25,0
2324,56,14,25,0
2325,56,14,25,0
2326,56,14,25,0
2327,56,14,25,0
2328,57,14,26,0
2329,57,14,26,0
2330,57,14,26,0
2331,57,14,26,0
2332,57,14,26,0
2333,57,14,26,0
2334,57,14,26,0
2335,57,14,26,0
2336,57,14,26,0
2337,57,14,26,0
2338,57,14,26,0
2339,57,14,26,0
2340,57,14,26,0
2341,57,14,26,0
2342,57,14,26,0
2343,57,14,26,0
2344,57,14,26,0
2345,57,14,26,0
2346,57,14,26,0
2347,57,14,26,0
2348,57,14,26,0
2349,57,14,26,0
2350,57,14,26,0
2351,57,14,26,0
2352,57,14,26,0
2353,57,14,26,0
2354,57,14,26,0
2355,57,14,26,0
2356,57,14,26,0
2357,57,14,26,0
2358,57,14,26,0
2359,57,14,26,0
2360,57,14,26,0
2361,57,14,26,0
2362,57,14,26,0
2363,57,14,26,0
2364,57,14,26,0
2365,57,14,26,0
2366,57,14,26,0
2367,57,14,26,0
2368,57,14,26,0
2369,57,14,26,0
2370,57,14,26,0
2371,57,14,26,0
2372,57,14,26,0
2373,57,14,26,0
2374,57,14,26,0
2375,57,14,26,0
2376,57,14,26,0
2377,57,14,26,0
2378,57,14,26,0
2379,57,14,26,0
2380,57,14,26,0
2381,57,14,26,0
2382,57,14,26,0
2383,57,14,26,0
2384,57,14,26,0
2385,57,14,26,0
2386,58,14,27,0
2387,58,14,27,0
2388,58,14,27,0
2389,58,14,27,0
2390,58,14,27,0
2391,58,14,27,0
2392,58,14,27,0
2393,58,14,27,0
2394,58,14,27,0
2395,58,14,27,0
2396,58,14,27,0
2397,58,14,27,0
2398,58,14,27,0
2399,58,14,27,0
2400,58,14,27,0
2401,58,14,27,0
2402,58,14,27,0
2403,58,14,27,0
2404,58,14,27,0
2405,58,14,27,0
2406,58,14,27,0
2407,58,14,27,0
2408,58,14,27,0
2409,58,14,27,0
2410,58,14,27,0
2411,58,14,27,0
2412,58,14,27,0
2413,58,14,27,0
2414,58,14,27,0
2415,58,14,27,0
2416,58,14,27,0
2417,58,14,27,0
2418,58,14,27,0
2419,58,14,27,0
2420,58,14,27,0
2421,58,14,27,0
2422,58,14,27,0
2423,58,14,27,0
2424,58,14,27,0
2425,58,14,27,0
2426,58,14,27,0
2427,58,14,27,0
2428,58,14,27,0
2429,58,14,27,0
2430,58,14,27,0
2431,58,14,27,0
2432,58,14,27,0
2433,58,14,27,0
2434,58,14,27,0
2435,58,14,27,0
2436,58,14,27,0
2437,58,14,27,0
2438,58,14,27,0
2439,58,14,27,0
2440,58,14,27,0
2441,58,14,27,0
2442,58,14,27,0
2443,58,14,27,0
2444,58,14,27,0
2445,58,14,27,0
2446,58,14,27,0
2447,58,14,27,0
2448,58,14,27,0
2449,58,14,27,0
2450,58,14,27,0
2451,58,14,27,0
2452,58,14,27,0
2453,58,14,27,0
2454,58,14,27,0
2455,58,14,27,0
2456,58,14,27,0
2457,58,14,27,0
2458,58,14,27,0
2459,58,14,27,0
2460,58,14,27,0
2461,58,14,27,0
2462,58,14,27,0
2463,58,14,27,0
2464,58,14,27,0
2465,58,14,27,0
2466,58,14,27,0
2467,58,14,27,0
2468,58,14,27,0
2469,58,14,27,0
2470,58,14,27,0
2471,58,14,27,0
2472,58,14,27,0
2473,58,14,27,0
2474,58,14,27,0
2475,58,14,27,0
2476,58,14,27,0
2477,58,14,27,0
2478,58,14,27,0
2479,58,14,27,0
2480,58,14,27,0
2481,58,14,27,0
2482,58,14,27,0
2483,58,14,27,0
2484,58,14,27,0
2485,58,14,27,0
2486,58,14,27,0
2487,58,14,27,0
2488,58,14,27,0
2489,58,14,27,0
2490,58,14,27,0
2491,58,14,27,0
2492,58,14,27,0
2493,58,14,27,0
2494,58,14,27,0
2495,58,14,27,0
2496,58,14,27,0
2497,58,14,27,0
2498,58,14,27,0
2499,58,14,27,0
2500,58,14,27,0
2501,58,14,27,0
2502,58,14,27,0
2503,58,14,27,0
2504,58,14,27,0
2505,58,14,27,0
2506,58,14,27,0
2507,58,14,27,0
2508,58,14,27,0
2509,58,14,27,0
2510,58,14,27,0
2511,58,14,27,0
2512,58,14,27,0
2513,58,14,27,0
2514,58,14,27,0
2515,58,14,27,0
2516,58,14,27,0
2517,58,14,27,0
2518,58,14,27,0
2519,58,14,27,0
2520,58,14,27,0
2521,58,14,27,0
2522,58,14,27,0
2523,58,14,27,0
2524,58,14,27,0
2525,58,14,27,0
2526,58,14,27,0
2527,58,14,27,0
2528,58,14,27,0
2529,58,14,27,0
2530,58,14,27,0
2531,58,14,27,0
2532,58,14,27,0
2533,58,14,27,0
2534,58,14,27,0
2535,58,14,27,0
2536,58,14,27,0
2537,58,14,27,0
2538,58,14,27,0
2539,58,14,27,0
2540,58,14,27,0
2541,58,14,27,0
2542,58,14,27,0
2543,58,14,27,0
2544,58,14,27,0
2545,58,14,27,0
2546,58,14,27,0
2547,58,14,27,0
2548,58,14,27,0
2549,58,14,27,0
2550,58,14,27,0
2551,58,14,27,0
2552,58,14,27,0
2553,58,14,27,0
2554,58,14,27,0
2555,58,14,27,0
2556,58,14,27,0
2557,58,14,27,0
2558,58,14,27,0
2559,58,14,27,0
2560,58,14,27,0
2561,58,14,27,0
2562,58,14,27,0
2563,58,14,27,0
2564,58,14,27,0
2565,58,14,27,0
2566,58,14,27,0
2567,58,14,27,0
2568,58,14,27,0
2569,58,14,27,0
2570,58,14,27,0
2571,58,14,27,0
2572,58,14,27,0
2573,58,14,27,0
2574,58,14,27,0
2575,58,14,27,0
2576,58,14,27,0
2577,58,14,27,0
2578,58,14,27,0
2579,58,14,27,0
2580,58,14,27,0
2581,58,14,27,0
2582,58,14,27,0
2583,58,14,27,0
2584,58,14,27,0
2585,58,14,27,0
2586,58,14,27,0
2587,58,14,27,0
2588,58,14,27,0
2589,58,14,27,0
2590,58,14,27,0
2591,58,14,27,0
2592,58,14,27,0
2593,58,14,27,0
2594,58,14,27,0
2595,58,14,27,0
2596,58,14,27,0
2597,58,14,27,0
2598,58,14,27,0
2599,58,14,27,0
2600,58,14,27,0
2601,58,14,27,0
2602,58,14,27,0
2603,58,14,27,0
2604,58,14,27,0
2605,58,14,27,0
2606,58,14,27,0
2607,58,14,27,0
2608,58,14,27,0
2609,58,14,27,0
2610,58,14,27,0
2611,58,14,27,0
2612,58,14,27,0
2613,58,14,27,0
2614,58,14,27,0
2615,58,14,27,0
2616,58,14,27,0
2617,58,14,27,0
2618,58,14,27,0
2619,58,14,27,0
2620,58,14,27,0
2621,58,14,27,0
2622,58,14,27,0
2623,58,14,27,0
2624,58,14,27,0
2625,58,14,27,0
2626,58,14,27,0
2627,58,14,27,0
2628,58,14,27,0
2629,58,14,27,0
2630,58,14,27,0
2631,58,14,27,0
2632,58,14,27,0
2633,58,14,27,0
2634,58,14,27,0
2635,58,14,27,0
2636,58,14,27,0
2637,58,14,27,0
2638,58,14,27,0
2639,58,14,27,0
2640,58,14,27,0
2641,58,14,27,0
2642,58,14,27,0
2643,58,14,27,0
2644,58,14,27,0
2645,58,14,27,0
2646,58,14,27,0
2647,58,14,27,0
2648,58,14,27,0
2649,58,14,27,0
2650,58,14,27,0
2651,58,14,27,0
2652,58,14,27,0
2653,58,14,27,0
2654,58,14,27,0
2655,58,14,27,0
2656,58,14,27,0
2657,58,14,27,0
2658,58,14,27,0
2659,58,14,27,0
2660,58,14,27,0
2661,58,14,27,0
2662,58,14,27,0
2663,58,14,27,0
2664,58,14,27,0
2665,58,14,27,0
2666,58,14,27,0
2667,58,14,27,0
2668,58,14,27,0
2669,58,14,27,0
2670,58,14,27,0
2671,58,14,27,0
2672,58,14,27,0
2673,58,14,27,0
2674,58,14,27,0
2675,58,14,27,0
2676,58,14,27,0
2677,58,14,27,0
2678,58,14,27,0
2679,58,14,27,0
2680,58,14,27,0
2681,58,14,27,0
2682,58,14,27,0
2683,58,14,27,0
2684,58,14,27,0
2685,58,14,27,0
2686,58,14,27,0
2687,58,14,27,0
2688,58,14,27,0
2689,58,14,27,0
2690,58,14,27,0
2691,58,14,27,0
2692,58,14,27,0
2693,58,14,27,0
2694,58,14,27,0
2695,58,14,27,0
2696,58,14,27,0
2697,58,14,27,0
2698,58,14,27,0
2699,58,14,27,0
2700,58,14,27,0
2701,58,14,27,0
2702,58,14,27,0
2703,58,14,27,0
2704,58,14,27,0
2705,58,14,27,0
2706,58,14,27,0
2707,58,14,27,0
2708,58,14,27,0
2709,58,14,27,0
2710,58,14,27,0
2711,58,14,27,0
2712,58,14,27,0
2713,58,14,27,0
2714,58,14,27,0
2715,58,14,27,0
2716,58,14,27,0
2717,58,14,27,0
2718,58,14,27,0
2719,58,14,27,0
2720,58,14,27,0
2721,58,14,27,0
2722,58,14,27,0
2723,58,14,27,0
2724,58,14,27,0
2725,58,14,27,0
2726,58,14,27,0
2727,58,14,27,0
2728,58,14,27,0
2729,58,14,27,0
2730,58,14,27,0
2731,58,14,27,0
2732,58,14,27,0
2733,58,14,27,0
2734,58,14,27,0
2735,58,14,27,0
2736,58,14,27,0
2737,58,14,27,0
2738,58,14,27,0
2739,58,14,27,0
2740,58,14,27,0
2741,58,14,27,0
2742,58,14,27,0
2743,58,14,27,0
2744,58,14,27,0
2745,58,14,27,0
2746,58,14,27,0
2747,58,14,27,0
2748,58,14,27,0
2749,58,14,27,0
2750,58,14,27,0
2751,58,14,27,0
2752,58,14,27,0
2753,58,14,27,0
2754,58,14,27,0
2755,58,14,27,0
2756,58,14,27,0
2757,58,14,27,0
2758,58,14,27,0
2759,58,14,27,0
2760,58,14,27,0
2761,58,14,27,0
2762,58,14,27,0
2763,58,14,27,0
2764,58,14,27,0
2765,58,14,27,0
2766,58,14,27,0
2767,58,14,27,0
2768,58,14,27,0
2769,58,14,27,0
2770,58,14,27,0
2771,58,14,27,0
2772,58,14,27,0
2773,58,14,27,0
2774,58,14,27,0
2775,58,14,27,0
2776,58,14,27,0
2777,58,14,27,0
2778,58,14,27,0
2779,58,14,27,0
2780,58,14,27,0
2781,58,14,27,0
2782,58,14,27,0
2783,58,14,27,0
2784,58,14,27,0
2785,58,14,27,0
2786,58,14,27,0
2787,58,14,27,0
2788,58,14,27,0
2789,58,14,27,0
2790,58,14,27,0
2791,58,14,27,0
2792,58,14,27,0
2793,58,14,27,0
2794,58,14,27,0
2795,58,14,27,0
2796,58,14,27,0
2797,58,14,27,0
2798,58,14,27,0
2799,58,14,27,0
2800,58,14,27,0
2801,58,14,27,0
2802,58,14,27,0
2803,58,14,27,0
2804,58,14,27,0
2805,58,14,27,0
2806,58,14,27,0
2807,58,14,27,0
2808,58,14,27,0
2809,58,14,27,0
2810,58,14,27,0
2811,58,14,27,0
2812,58,14,27,0
2813,58,14,27,0
2814,58,14,27,0
2815,58,14,27,0
2816,58,14,27,0
2817,58,14,27,0
2818,58,14,27,0
2819,58,14,27,0
2820,58,14,27,0
2821,58,14,27,0
2822,58,14,27,0
2823,58,14,27,0
2824,58,14,27,0
2825,58,14,27,0
2826,58,14,27,0
2827,58,14,27,0
2828,58,14,27,0
2829,58,14,27,0
2830,58,14,27,0
2831,58,14,27,0
2832,58,14,27,0
2833,58,14,27,0
2834,58,14,27,0
2835,58,14,27,0
2836,58,14,27,0
2837,58,14,27,0
2838,58,14,27,0
2839,58,14,27,0
2840,58,14,27,0
2841,58,14,27,0
2842,58,14,27,0
2843,58,14,27,0
2844,58,14,27,0
2845,58,14,27,0
2846,58,14,27,0
2847,58,14,27,0
2848,58,14,27,0
2849,58,14,27,0
2850,58,14,27,0
2851,58,14,27,0
2852,58,14,27,0
2853,58,14,27,0
2854,58,14,27,0
2855,58,14,27,0
2856,58,14,27,0
2857,58,14,27,0
2858,58,14,27,0
2859,58,14,27,0
2860,58,14,27,0
2861,58,14,27,0
2862,58,14,27,0
2863,58,14,27,0
2864,58,14,27,0
2865,58,14,27,0
2866,58,14,27,0
2867,58,14,27,0
2868,58,14,27,0
2869,58,14,27,0
2870,58,14,27,0
2871,58,14,27,0
2872,58,14,27,0
2873,58,14,27,0
2874,58,14,27,0
2875,58,14,27,0
2876,58,14,27,0
2877,58,14,27,0
2878,58,14,27,0
2879,58,14,27,0
2880,58,14,27,0
2881,58,14,27,0
2882,58,14,27,0
2883,58,14,27,0
2884,58,14,27,0
2885,58,14,27,0
2886,58,14,27,0
2887,58,14,27,0
2888,58,14,27,0
2889,58,14,27,0
2890,58,14,27,0
2891,58,14,27,0
2892,58,14,27,0
2893,58,14,27,0
2894,58,14,27,0
2895,58,14,27,0
2896,58,14,27,0
2897,58,14,27,0
2898,58,14,27,0
2899,58,14,27,0
2900,58,14,27,0
2901,58,14,27,0
2902,58,14,27,0
2903,58,14,27,0
2904,58,14,27,0
2905,58,14,27,0
2906,58,14,27,0
2907,58,14,27,0
2908,58,14,27,0
2909,58,14,27,0
2910,58,14,27,0
2911,58,14,27,0
2912,58,14,27,0
2913,58,14,27,0
2914,58,14,27,0
2915,58,14,27,0
2916,58,14,27,0
2917,58,14,27,0
2918,58,14,27,0
2919,58,14,27,0
2920,58,14,27,0
2921,58,14,27,0
2922,58,14,27,0
2923,58,14,27,0
2924,58,14,27,0
2925,58,14,27,0
2926,58,14,27,0
2927,58,14,27,0
2928,58,14,27,0
2929,58,14,27,0
2930,58,14,27,0
2931,58,14,27,0
2932,58,14,27,0
2933,58,14,27,0
2934,58,14,27,0
2935,58,14,27,0
2936,58,14,27,0
2937,58,14,27,0
2938,58,14,27,0
2939,58,14,27,0
2940,58,14,27,0
2941,58,14,27,0
2942,58,14,27,0
2943,58,14,27,0
2944,58,14,27,0
2945,58,14,27,0
2946,58,14,27,0
2947,58,14,27,0
2948,58,14,27,0
2949,58,14,27,0
2950,58,14,27,0
2951,58,14,27,0
2952,58,14,27,0
2953,58,14,27,0
2954,58,14,27,0
2955,58,14,27,0
2956,58,14,27,0
2957,58,14,27,0
2958,58,14,27,0
2959,58,14,27,0
2960,58,14,27,0
2961,58,14,27,0
2962,58,14,27,0
2963,58,14,27,0
2964,58,14,27,0
2965,58,14,27,0
2966,58,14,27,0
2967,58,14,27,0
2968,58,14,27,0
2969,58,14,27,0
2970,58,14,27,0
2971,58,14,27,0
2972,58,14,27,0
2973,58,14,27,0
2974,58,14,27,0
2975,58,14,27,0
2976,58,14,27,0
2977,58,14,27,0
2978,58,14,27,0
2979,58,14,27,0
2980,58,14,27,0
2981,58,14,27,0
2982,58,14,27,0
2983,58,14,27,0
2984,58,14,27,0
2985,58,14,27,0
2986,58,14,27,0
2987,58,14,27,0
2988,58,14,27,0
2989,58,14,27,0
2990,58,14,27,0
2991,58,14,27,0
2992,58,14,27,0
2993,58,14,27,0
2994,58,14,27,0
2995,58,14,27,0
2996,58,14,27,0
2997,58,14,27,0
2998,58,14,27,0
2999,58,14,27,0
3000,58,14,27,0
3001,58,14,27,0
3002,58,14,27,0
3003,58,14,27,0
3004,58,14,27,0
3005,58,14,27,0
3006,58,14,27,0
3007,58,14,27,0
3008,58,14,27,0
3009,58,14,27,0
3010,58,14,27,0
3011,58,14,27,0
3012,58,14,27,0
3013,58,14,27,0
3014,58,14,27,0
3015,58,14,27,0
3016,58,14,27,0
3017,58,14,27,0
3018,58,14,27,0
3019,58,14,27,0
3020,58,14,27,0
3021,58,14,27,0
3022,58,14,27,0
3023,58,14,27,0
3024,58,14,27,0
3025,58,14,27,0
3026,58,14,27,0
3027,58,14,27,0
3028,58,14,27,0
3029,58,14,27,0
3030,58,14,27,0
3031,58,14,27,0
3032,58,14,27,0
3033,58,14,27,0
3034,58,14,27,0
3035,58,14,27,0
3036,58,14,27,0
3037,58,14,27,0
3038,58,14,27,0
3039,58,14,27,0
3040,58,14,27,0
3041,58,14,27,0
3042,58,14,27,0
3043,58,14,27,0
3044,58,14,27,0
3045,58,14,27,0
3046,58,14,27,0
3047,58,14,27,0
3048,58,14,27,0
3049,58,14,27,0
3050,58,14,27,0
3051,58,14,27,0
3052,58,14,27,0
3053,58,14,27,0
3054,58,14,27,0
3055,58,14,27,0
3056,58,14,27,0
3057,58,14,27,0
3058,58,14,27,0
3059,58,14,27,0
3060,58,14,27,0
3061,58,14,27,0
3062,58,14,27,0
3063,58,14,27,0
3064,58,14,27,0
3065,58,14,27,0
3066,58,14,27,0
3067,58,14,27,0
3068,58,14,27,0
3069,58,14,27,0
3070,58,14,27,0
3071,58,14,27,0
3072,58,14,27,0
3073,58,14,27,0
3074,58,14,27,0
3075,58,14,27,0
3076,58,14,27,0
3077,58,14,27,0
3078,58,14,27,0
3079,58,14,27,0
3080,58,14,27,0
3081,58,14,27,0
3082,58,14,27,0
3083,58,14,27,0
3084,58,14,27,0
3085,58,14,27,0
3086,58,14,27,0
3087,58,14,27,0
3088,58,14,27,0
3089,58,14,27,0
3090,58,14,27,0
3091,58,14,27,0
3092,58,14,27,0
3093,58,14,27,0
3094,58,14,27,0
3095,58,14,27,0
3096,58,14,27,0
3097,58,14,27,0
3098,58,14,27,0
3099,58,14,27,0
3100,58,14,27,0
3101,58,14,27,0
3102,58,14,27,0
3103,58,14,27,0
3104,58,14,27,0
3105,58,14,27,0
3106,58,14,27,0
3107,58,14,27,0
3108,58,14,27,0
3109,58,14,27,0
3110,58,14,27,0
3111,58,14,27,0
3112,58,14,27,0
3113,58,14,27,0
3114,58,14,27,0
3115,58,14,27,0
3116,58,14,27,0
3117,58,14,27,0
3118,58,14,27,0
3119,58,14,27,0
3120,58,14,27,0
3121,58,14,27,0
3122,58,14,27,0
3123,58,14,27,0
3124,58,14,27,0
3125,58,14,27,0
3126,58,14,27,0
3127,58,14,27,0
3128,58,14,27,0
3129,58,14,27,0
3130,58,14,27,0
3131,58,14,27,0
3132,58,14,27,0
3133,58,14,27,0
3134,58,14,27,0
3135,58,14,27,0
3136,58,14,27,0
3137,58,14,27,0
3138,58,14,27,0
3139,58,14,27,0
3140,58,14,27,0
3141,58,14,27,0
3142,58,14,27,0
3143,58,14,27,0
3144,58,14,27,0
3145,58,14,27,0
3146,58,14,27,0
3147,58,14,27,0
3148,58,14,27,0
3149,58,14,27,0
3150,58,14,27,0
3151,58,14,27,0
3152,58,14,27,0
3153,58,14,27,0
3154,58,14,27,0
3155,58,14,27,0
3156,58,14,27,0
3157,58,14,27,0
3158,58,14,27,0
3159,58,14,27,0
3160,58,14,27,0
3161,58,14,27,0
3162,58,14,27,0
3163,58,14,27,0
3164,58,14,27,0
3165,58,14,27,0
3166,58,14,27,0
3167,58,14,27,0
3168,58,14,27,0
3169,58,14,27,0
3170,58,14,27,0
3171,58,14,27,0
3172,58,14,27,0
3173,58,14,27,0
3174,58,14,27,0
3175,58,14,27,0
3176,58,14,27,0
3177,58,14,27,0
3178,58,14,27,0
3179,58,14,27,0
3180,58,14,27,0
3181,58,14,27,0
3182,58,14,27,0
3183,58,14,27,0
3184,58,14,27,0
3185,58,14,27,0
3186,58,14,27,0
3187,58,14,27,0
3188,58,14,27,0
3189,58,14,27,0
3190,58,14,27,0
3191,58,14,27,0
3192,58,14,27,0
3193,58,14,27,0
3194,58,14,27,0
3195,58,14,27,0
3196,58,14,27,0
3197,58,14,27,0
3198,58,14,27,0
3199,58,14,27,0
3200,58,14,27,0
3201,58,14,27,0
3202,58,14,27,0
3203,58,14,27,0
3204,58,14,27,0
3205,58,14,27,0
3206,58,14,27,0
3207,58,14,27,0
3208,58,14,27,0
3209,58,14,27,0
3210,58,14,27,0
3211,58,14,27,0
3212,58,14,27,0
3213,58,14,27,0
3214,58,14,27,0
3215,58,14,27,0
3216,58,14,27,0
3217,58,14,27,0
3218,58,14,27,0
3219,58,14,27,0
3220,58,14,27,0
3221,58,14,27,0
3222,58,14,27,0
3223,58,14,27,0
3224,58,14,27,0
3225,58,14,27,0
3226,58,14,27,0
3227,58,14,27,0
3228,58,14,27,0
3229,58,14,27,0
3230,58,14,27,0
3231,58,14,27,0
3232,58,14,27,0
3233,58,14,27,0
3234,58,14,27,0
3235,58,14,27,0
3236,58,14,27,0
3237,58,14,27,0
3238,58,14,27,0
3239,58,14,27,0
3240,58,14,27,0
3241,58,14,27,0
3242,58,14,27,0
3243,58,14,27,0
3244,58,14,27,0
3245,58,14,27,0
3246,58,14,27,0
3247,58,14,27,0
3248,58,14,27,0
3249,58,14,27,0
3250,58,14,27,0
3251,58,14,27,0
3252,58,14,27,0
3253,58,14,27,0
3254,58,14,27,0
3255,58,14,27,0
3256,58,14,27,0
3257,58,14,27,0
3258,58,14,27,0
3259,58,14,27,0
3260,58,14,27,0
3261,58,14,27,0
3262,58,14,27,0
3263,58,14,27,0
3264,58,14,27,0
3265,58,14,27,0
3266,58,14,27,0
3267,58,14,27,0
3268,58,14,27,0
3269,58,14,27,0
3270,58,14,27,0
3271,58,14,27,0
3272,58,14,27,0
3273,58,14,27,0
3274,58,14,27,0
3275,58,14,27,0
3276,58,14,27,0
3277,58,14,27,0
3278,58,14,27,0
3279,58,14,27,0
3280,58,14,27,0
3281,58,14,27,0
3282,58,14,27,0
3283,58,14,27,0
3284,58,14,27,0
3285,58,14,27,0
3286,58,14,27,0
3287,58,14,27,0
3288,58,14,27,0
3289,58,14,27,0
3290,58,14,27,0
3291,58,14,27,0
3292,58,14,27,0
3293,58,14,27,0
3294,58,14,27,0
3295,58,14,27,0
3296,58,14,27,0
3297,58,14,27,0
3298,58,14,27,0
3299,58,14,27,0
3300,58,14,27,0
3301,58,14,27,0
3302,58,14,27,0
3303,58,14,27,0
3304,58,14,27,0
3305,58,14,27,0
3306,58,14,27,0
3307,58,14,27,0
3308,58,14,27,0
3309,58,14,27,0
3310,58,14,27,0
3311,58,14,27,0
3312,58,14,27,0
3313,58,14,27,0
3314,58,14,27,0
3315,58,14,27,0
3316,58,14,27,0
3317,58,14,27,0
3318,58,14,27,0
3319,58,14,27,0
3320,58,14,27,0
3321,58,14,27,0
3322,58,14,27,0
3323,58,14,27,0
3324,58,14,27,0
3325,58,14,27,0
3326,58,14,27,0
3327,58,14,27,0
3328,58,14,27,0
3329,58,14,27,0
3330,58,14,27,0
3331,58,14,27,0
3332,58,14,27,0
3333,58,14,27,0
3334,58,14,27,0
3335,58,14,27,0
3336,58,14,27,0
3337,58,14,27,0
3338,58,14,27,0
3339,58,14,27,0
3340,58,14,27,0
3341,58,14,27,0
3342,58,14,27,0
3343,58,14,27,0
3344,58,14,27,0
3345,58,14,27,0
3346,58,14,27,0
3347,58,14,27,0
3348,58,14,27,0
3349,58,14,27,0
3350,58,14,27,0
3351,58,14,27,0
3352,58,14,27,0
3353,58,14,27,0
3354,58,14,27,0
3355,58,14,27,0
3356,58,14,27,0
3357,58,14,27,0
3358,58,14,27,0
3359,58,14,27,0
3360,58,14,27,0
3361,58,14,27,0
3362,58,14,27,0
3363,58,14,27,0
3364,58,14,27,0
3365,58,14,27,0
3366,58,14,27,0
3367,58,14,27,0
3368,58,14,27,0
3369,58,14,27,0
3370,58,14,27,0
3371,58,14,27,0
3372,58,14,27,0
3373,58,14,27,0
3374,58,14,27,0
3375,58,14,27,0
3376,58,14,27,0
3377,58,14,27,0
3378,58,14,27,0
3379,58,14,27,0
3380,58,14,27,0
3381,58,14,27,0
3382,58,14,27,0
3383,58,14,27,0
3384,58,14,27,0
3385,58,14,27,0
3386,58,14,27,0
3387,58,14,27,0
3388,58,14,27,0
3389,58,14,27,0
3390,58,14,27,0
3391,58,14,27,0
3392,58,14,27,0
3393,58,14,27,0
3394,58,14,27,0
3395,58,14,27,0
3396,58,14,27,0
3397,58,14,27,0
3398,58,14,27,0
3399,58,14,27,0
3400,58,14,27,0
3401,58,14,27,0
3402,58,14,27,0
3403,58,14,27,0
3404,58,14,27,0
3405,58,14,27,0
3406,58,14,27,0
3407,58,14,27,0
3408,58,14,27,0
3409,58,14,27,0
3410,58,14,27,0
3411,58,14,27,0
3412,58,14,27,0
3413,58,14,27,0
3414,58,14,27,0
3415,58,14,27,0
3416,58,14,27,0
3417,58,14,27,0
3418,58,14,27,0
3419,58,14,27,0
3420,58,14,27,0
3421,58,14,27,0
3422,58,14,27,0
3423,58,14,27,0
3424,58,14,27,0
3425,58,14,27,0
3426,58,14,27,0
3427,58,14,27,0
3428,58,14,27,0
3429,58,14,27,0
3430,58,14,27,0
3431,58,14,27,0
3432,58,14,27,0
3433,58,14,27,0
3434,58,14,27,0
3435,58,14,27,0
3436,58,14,27,0
3437,58,14,27,0
3438,58,14,27,0
3439,58,14,27,0
3440,58,14,27,0
3441,58,14,27,0
3442,58,14,27,0
3443,58,14,27,0
3444,58,14,27,0
3445,58,14,27,0
3446,58,14,27,0
3447,58,14,27,0
3448,58,14,27,0
3449,58,14,27,0
3450,58,14,27,0
3451,58,14,27,0
3452,58,14,27,0
3453,58,14,27,0
3454,58,14,27,0
3455,58,14,27,0
3456,58,14,27,0
3457,58,14,27,0
3458,58,14,27,0
3459,58,14,27,0
3460,58,14,27,0
3461,58,14,27,0
3462,58,14,27,0
3463,58,14,27,0
3464,58,14,27,0
3465,58,14,27,0
3466,58,14,27,0
3467,58,14,27,0
3468,58,14,27,0
3469,58,14,27,0
3470,58,14,27,0
3471,58,14,27,0
3472,58,14,27,0
3473,58,14,27,0
3474,58,14,27,0
3475,58,14,27,0
3476,58,14,27,0
3477,58,14,27,0
3478,58,14,27,0
3479,58,14,27,0
3480,58,14,27,0
3481,58,14,27,0
3482,58,14,27,0
3483,58,14,27,0
3484,58,14,27,0
3485,58,14,27,0
3486,58,14,27,0
3487,58,14,27,0
3488,58,14,27,0
3489,58,14,27,0
3490,58,14,27,0
3491,58,14,27,0
3492,58,14,27,0
3493,58,14,27,0
3494,58,14,27,0
3495,58,14,27,0
3496,58,14,27,0
3497,58,14,27,0
3498,58,14,27,0
3499,58,14,27,0
3500,58,14,27,0
3501,58,14,27,0
3502,58,14,27,0
3503,58,14,27,0
3504,58,14,27,0
3505,58,14,27,0
3506,58,14,27,0
3507,58,14,27,0
3508,58,14,27,0
3509,58,14,27,0
3510,58,14,27,0
3511,58,14,27,0
3512,58,14,27,0
3513,58,14,27,0
3514,58,14,27,0
3515,58,14,27,0
3516,58,14,27,0
3517,58,14,27,0
3518,58,14,27,0
3519,58,14,27,0
3520,58,14,27,0
3521,58,14,27,0
3522,58,14,27,0
3523,58,14,27,0
3524,58,14,27,0
3525,58,14,27,0
3526,58,14,27,0
3527,58,14,27,0
3528,58,14,27,0
3529,58,14,27,0
3530,58,14,27,0
3531,58,14,27,0
3532,58,14,27,0
3533,58,14,27,0
3534,58,14,27,0
3535,58,14,27,0
3536,58,14,27,0
3537,58,14,27,0
3538,58,14,27,0
3539,58,14,27,0
3540,58,14,27,0
3541,58,14,27,0
3542,58,14,27,0
3543,58,14,27,0
3544,58,14,27,0
3545,58,14,27,0
3546,58,14,27,0
3547,58,14,27,0
3548,58,14,27,0
3549,58,14,27,0
3550,58,14,27,0
3551,58,14,27,0
3552,58,14,27,0
3553,58,14,27,0
3554,58,14,27,0
3555,58,14,27,0
3556,58,14,27,0
3557,58,14,27,0
3558,58,14,27,0
3559,58,14,27,0
3560,58,14,27,0
3561,58,14,27,0
3562,58,14,27,0
3563,58,14,27,0
3564,58,14,27,0
3565,58,14,27,0
3566,58,14,27,0
3567,58,14,27,0
3568,58,14,27,0
3569,58,14,27,0
3570,58,14,27,0
3571,58,14,27,0
3572,58,14,27,0
3573,58,14,27,0
3574,58,14,27,0
3575,58,14,27,0
3576,58,14,27,0
3577,58,14,27,0
3578,58,14,27,0
3579,58,14,27,0
3580,58,14,27,0
3581,58,14,27,0
3582,58,14,27,0
3583,58,14,27,0
3584,58,14,27,0
3585,58,14,27,0
3586,58,14,27,0
3587,58,14,27,0
3588,58,14,27,0
3589,58,14,27,0
3590,58,14,27,0
3591,58,14,27,0
3592,58,14,27,0
3593,58,14,27,0
3594,58,14,27,0
3595,58,14,27,0
3596,58,14,27,0
3597,58,14,27,0
3598,58,14,27,0
3599,58,14,27,0
3600,58,14,27,0
3601,58,14,27,0
3602,58,14,27,0
3603,58,14,27,0
3604,58,14,27,0
3605,58,14,27,0
3606,58,14,27,0
3607,58,14,27,0
3608,58,14,27,0
3609,58,14,27,0
3610,58,14,27,0
3611,58,14,27,0
3612,58,14,27,0
3613,58,14,27,0
3614,58,14,27,0
3615,58,14,27,0
3616,58,14,27,0
3617,58,14,27,0
3618,58,14,27,0
3619,58,14,27,0
3620,58,14,27,0
3621,58,14,27,0
3622,58,14,27,0
3623,58,14,27,0
3624,58,14,27,0
3625,58,14,27,0
3626,58,14,27,0
3627,58,14,27,0
3628,58,14,27,0
3629,58,14,27,0
3630,58,14,27,0
3631,58,14,27,0
3632,58,14,27,0
3633,58,14,27,0
3634,58,14,27,0
3635,58,14,27,0
3636,58,14,27,0
3637,58,14,27,0
3638,58,14,27,0
3639,58,14,27,0
3640,58,14,27,0
3641,58,14,27,0
3642,58,14,27,0
3643,58,14,27,0
3644,58,14,27,0
3645,58,14,27,0
3646,58,14,27,0
3647,58,14,27,0
3648,58,14,27,0
3649,58,14,27,0
3650,58,14,27,0
3651,58,14,27,0
3652,58,14,27,0
3653,58,14,27,0
3654,58,14,27,0
3655,58,14,27,0
3656,58,14,27,0
3657,58,14,27,0
3658,58,14,27,0
3659,58,14,27,0
3660,58,14,27,0
3661,58,14,27,0
3662,58,14,27,0
3663,58,14,27,0
3664,58,14,27,0
3665,58,14,27,0
3666,58,14,27,0
3667,58,14,27,0
3668,58,14,27,0
3669,58,14,27,0
3670,58,14,27,0
3671,58,14,27,0
3672,58,14,27,0
3673,58,14,27,0
3674,58,14,27,0
3675,58,14,27,0
3676,58,14,27,0
3677,58,14,27,0
3678,58,14,27,0
3679,58,14,27,0
3680,58,14,27,0
3681,58,14,27,0
3682,58,14,27,0
3683,58,14,27,0
3684,58,14,27,0
3685,58,14,27,0
3686,58,14,27,0
3687,58,14,27,0
3688,58,14,27,0
3689,58,14,27,0
3690,58,14,27,0
3691,58,14,27,0
3692,58,14,27,0
3693,58,14,27,0
3694,58,14,27,0
3695,58,14,27,0
3696,58,14,27,0
3697,58,14,27,0
3698,58,14,27,0
3699,58,14,27,0
3700,58,14,27,0
3701,58,14,27,0
3702,58,14,27,0
3703,58,14,27,0
3704,58,14,27,0
3705,58,14,27,0
3706,58,14,27,0
3707,58,14,27,0
3708,58,14,27,0
3709,58,14,27,0
3710,58,14,27,0
3711,58,14,27,0
3712,58,14,27,0
3713,58,14,27,0
3714,58,14,27,0
3715,58,14,27,0
3716,58,14,27,0
3717,58,14,27,0
3718,58,14,27,0
3719,58,14,27,0
3720,58,14,27,0
3721,58,14,27,0
3722,58,14,27,0
3723,58,14,27,0
3724,58,14,27,0
3725,58,14,27,0
3726,58,14,27,0
3727,58,14,27,0
3728,58,14,27,0
3729,58,14,27,0
3730,58,14,27,0
3731,58,14,27,0
3732,58,14,27,0
3733,58,14,27,0
3734,58,14,27,0
3735,58,14,27,0
3736,58,14,27,0
3737,58,14,27,0
3738,58,14,27,0
3739,58,14,27,0
3740,58,14,27,0
3741,58,14,27,0
3742,58,14,27,0
3743,58,14,27,0
3744,58,14,27,0
3745,58,14,27,0
3746,58,14,27,0
3747,58,14,27,0
3748,58,14,27,0
3749,58,14,27,0
3750,58,14,27,0
3751,58,14,27,0
3752,58,14,27,0
3753,58,14,27,0
3754,58,14,27,0
3755,58,14,27,0
3756,58,14,27,0
3757,58,14,27,0
3758,58,14,27,0
3759,58,14,27,0
3760,58,14,27,0
3761,58,14,27,0
3762,58,14,27,0
3763,58,14,27,0
3764,58,14,27,0
3765,58,14,27,0
3766,58,14,27,0
3767,58,14,27,0
3768,58,14,27,0
3769,58,14,27,0
3770,58,14,27,0
3771,58,14,27,0
3772,58,14,27,0
3773,58,14,27,0
3774,58,14,27,0
3775,58,14,27,0
3776,58,14,27,0
3777,58,14,27,0
3778,58,14,27,0
3779,58,14,27,0
3780,58,14,27,0
3781,58,14,27,0
3782,58,14,27,0
3783,58,14,27,0
3784,58,14,27,0
3785,58,14,27,0
3786,58,14,27,0
3787,58,14,27,0
3788,58,14,27,0
3789,58,14,27,0
3790,58,14,27,0
3791,58,14,27,0
3792,58,14,27,0
3793,58,14,27,0
3794,58,14,27,0
3795,58,14,27,0
3796,58,14,27,0
3797,58,14,27,0
3798,58,14,27,0
3799,58,14,27,0
3800,58,14,27,0
3801,58,14,27,0
3802,58,14,27,0
3803,58,14,27,0
3804,58,14,27,0
3805,58,14,27,0
3806,58,14,27,0
3807,58,14,27,0
3808,58,14,27,0
3809,58,14,27,0
3810,58,14,27,0
3811,58,14,27,0
3812,58,14,27,0
3813,58,14,27,0
3814,58,14,27,0
3815,58,14,27,0
3816,58,14,27,0
3817,58,14,27,0
3818,58,14,27,0
3819,58,14,27,0
3820,58,14,27,0
3821,58,14,27,0
3822,58,14,27,0
3823,58,14,27,0
3824,58,14,27,0
3825,58,14,27,0
3826,58,14,27,0
3827,58,14,27,0
3828,58,14,27,0
3829,58,14,27,0
3830,58,14,27,0
3831,58,14,27,0
3832,58,14,27,0
3833,58,14,27,0
3834,58,14,27,0
3835,58,14,27,0
3836,58,14,27,0
3837,58,14,27,0
3838,58,14,27,0
3839,58,14,27,0
3840,58,14,27,0
3841,58,14,27,0
3842,58,14,27,0
3843,58,14,27,0
3844,58,14,27,0
3845,58,14,27,0
3846,58,14,27,0
3847,58,14,27,0
3848,58,14,27,0
3849,58,14,27,0
3850,58,14,27,0
3851,58,14,27,0
3852,58,14,27,0
3853,58,14,27,0
3854,58,14,27,0
3855,58,14,27,0
3856,58,14,27,0
3857,58,14,27,0
3858,58,14,27,0
3859,58,14,27,0
3860,58,14,27,0
3861,58,14,27,0
3862,58,14,27,0
3863,58,14,27,0
3864,58,14,27,0
3865,58,14,27,0
3866,58,14,27,0
3867,58,14,27,0
3868,58,14,27,0
3869,58,14,27,0
3870,58,14,27,0
3871,58,14,27,0
3872,58,14,27,0
3873,58,14,27,0
3874,58,14,27,0
3875,58,14,27,0
3876,58,14,27,0
3877,58,14,27,0
3878,58,14,27,0
3879,58,14,27,0
3880,58,14,27,0
3881,58,14,27,0
3882,58,14,27,0
3883,58,14,27,0
3884,58,14,27,0
3885,58,14,27,0
3886,58,14,27,0
3887,58,14,27,0
3888,58,14,27,0
3889,58,14,27,0
3890,58,14,27,0
3891,58,14,27,0
3892,58,14,27,0
3893,58,14,27,0
3894,58,14,27,0
3895,58,14,27,0
3896,58,14,27,0
3897,58,14,27,0
3898,58,14,27,0
3899,58,14,27,0
3900,58,14,27,0
3901,58,14,27,0
3902,58,14,27,0
3903,58,14,27,0
3904,58,14,27,0
3905,58,14,27,0
3906,58,14,27,0
3907,58,14,27,0
3908,58,14,27,0
3909,58,14,27,0
3910,58,14,27,0
3911,58,14,27,0
3912,58,14,27,0
3913,58,14,27,0
3914,58,14,27,0
3915,58,14,27,0
3916,58,14,27,0
3917,58,14,27,0
3918,58,14,27,0
3919,58,14,27,0
3920,58,14,27,0
3921,58,14,27,0
3922,58,14,27,0
3923,58,14,27,0
3924,58,14,27,0
3925,58,14,27,0
3926,58,14,27,0
3927,58,14,27,0
3928,58,14,27,0
3929,58,14,27,0
3930,58,14,27,0
3931,58,14,27,0
3932,58,14,27,0
3933,58,14,27,0
3934,58,14,27,0
3935,58,14,27,0
3936,58,14,27,0
3937,58,14,27,0
3938,58,14,27,0
3939,58,14,27,0
3940,58,14,27,0
3941,58,14,27,0
3942,58,14,27,0
3943,58,14,27,0
3944,58,14,27,0
3945,58,14,27,0
3946,58,14,27,0
3947,58,14,27,0
3948,58,14,27,0
3949,58,14,27,0
3950,58,14,27,0
3951,58,14,27,0
3952,58,14,27,0
3953,58,14,27,0
3954,58,14,27,0
3955,58,14,27,0
3956,58,14,27,0
3957,58,14,27,0
3958,58,14,27,0
3959,58,14,27,0
3960,58,14,27,0
3961,58,14,27,0
3962,58,14,27,0
3963,58,14,27,0
3964,58,14,27,0
3965,58,14,27,0
3966,58,14,27,0
3967,58,14,27,0
3968,58,14,27,0
3969,58,14,27,0
3970,58,14,27,0
3971,58,14,27,0
3972,58,14,27,0
3973,58,14,27,0
3974,58,14,27,0
3975,58,14,27,0
3976,58,14,27,0
3977,58,14,27,0
3978,58,14,27,0
3979,58,14,27,0
3980,58,14,27,0
3981,58,14,27,0
3982,58,14,27,0
3983,58,14,27,0
3984,58,14,27,0
3985,58,14,27,0
3986,58,14,27,0
3987,58,14,27,0
3988,58,14,27,0
3989,58,14,27,0
3990,58,14,27,0
3991,58,14,27,0
3992,58,14,27,0
3993,58,14,27,0
3994,58,14,27,0
3995,58,14,27,0
3996,58,14,27,0
3997,58,14,27,0
3998,58,14,27,0
3999,58,14,27,0
4000,58,14,27,0
4001,58,14,27,0
4002,58,14,27,0
4003,58,14,27,0
4004,58,14,27,0
4005,58,14,27,0
4006,58,14,27,0
4007,58,14,27,0
4008,58,14,27,0
4009,58,14,27,0
4010,58,14,27,0
4011,58,14,27,0
4012,58,14,27,0
4013,58,14,27,0
4014,58,14,27,0
4015,58,14,27,0
4016,58,14,27,0
4017,58,14,27,0
4018,58,14,27,0
4019,58,14,27,0
4020,58,14,27,0
4021,58,14,27,0
4022,58,14,27,0
4023,58,14,27,0
4024,58,14,27,0
4025,58,14,27,0
4026,58,14,27,0
4027,58,14,27,0
4028,58,14,27,0
4029,58,14,27,0
4030,58,14,27,0
4031,58,14,27,0
4032,58,14,27,0
4033,58,14,27,0
4034,58,14,27,0
4035,58,14,27,0
4036,58,14,27,0
4037,58,14,27,0
4038,58,14,27,0
4039,58,14,27,0
4040,58,14,27,0
4041,58,14,27,0
4042,58,14,27,0
4043,58,14,27,0
4044,58,14,27,0
4045,58,14,27,0
4046,58,14,27,0
4047,58,14,27,0
4048,58,14,27,0
4049,58,14,27,0
4050,58,14,27,0
4051,58,14,27,0
4052,58,14,27,0
4053,58,14,27,0
4054,58,14,27,0
4055,58,14,27,0
4056,58,14,27,0
4057,58,14,27,0
4058,58,14,27,0
4059,58,14,27,0
4060,58,14,27,0
4061,58,14,27,0
4062,58,14,27,0
4063,58,14,27,0
4064,58,14,27,0
4065,58,14,27,0
4066,58,14,27,0
4067,58,14,27,0
4068,58,14,27,0
4069,58,14,27,0
4070,58,14,27,0
4071,58,14,27,0
4072,58,14,27,0
4073,58,14,27,0
4074,58,14,27,0
4075,58,14,27,0
4076,58,14,27,0
4077,58,14,27,0
4078,58,14,27,0
4079,58,14,27,0
4080,58,14,27,0
4081,58,14,27,0
4082,58,14,27,0
4083,58,14,27,0
4084,58,14,27,0
4085,58,14,27,0
4086,58,14,27,0
4087,58,14,27,0
4088,58,14,27,0
4089,58,14,27,0
4090,58,14,27,0
4091,58,14,27,0
4092,58,14,27,0
4093,58,14,27,0
4094,58,14,27,0
4095,58,14,27,0
4096,58,14,27,0
4097,58,14,27,0
4098,58,14,27,0
4099,58,14,27,0
4100,58,14,27,0
4101,58,14,27,0
4102,58,14,27,0
4103,58,14,27,0
4104,58,14,27,0
4105,58,14,27,0
4106,58,14,27,0
4107,58,14,27,0
4108,58,14,27,0
4109,58,14,27,0
4110,58,14,27,0
4111,58,14,27,0
4112,58,14,27,0
4113,58,14,27,0
4114,58,14,27,0
4115,58,14,27,0
4116,58,14,27,0
4117,58,14,27,0
4118,58,14,27,0
4119,58,14,27,0
4120,58,14,27,0
4121,58,14,27,0
4122,58,14,27,0
4123,58,14,27,0
4124,58,14,27,0
4125,58,14,27,0
4126,58,14,27,0
4127,58,14,27,0
4128,58,14,27,0
4129,58,14,27,0
4130,58,14,27,0
4131,58,14,27,0
4132,58,14,27,0
4133,58,14,27,0
4134,58,14,27,0
4135,58,14,27,0
4136,58,14,27,0
4137,58,14,27,0
4138,58,14,27,0
4139,58,14,27,0
4140,58,14,27,0
4141,58,14,27,0
4142,58,14,27,0
4143,58,14,27,0
4144,58,14,27,0
4145,58,14,27,0
4146,58,14,27,0
4147,58,14,27,0
4148,58,14,27,0
4149,58,14,27,0
4150,58,14,27,0
4151,58,14,27,0
4152,58,14,27,0
4153,58,14,27,0
4154,58,14,27,0
4155,58,14,27,0
4156,58,14,27,0
4157,58,14,27,0
4158,58,14,27,0
4159,58,14,27,0
4160,58,14,27,0
4161,58,14,27,0
4162,58,14,27,0
4163,58,14,27,0
4164,58,14,27,0
4165,58,14,27,0
4166,58,14,27,0
4167,58,14,27,0
4168,58,14,27,0
4169,58,14,27,0
4170,58,14,27,0
4171,58,14,27,0
4172,58,14,27,0
4173,58,14,27,0
4174,58,14,27,0
4175,58,14,27,0
4176,58,14,27,0
4177,58,14,27,0
4178,58,14,27,0
4179,58,14,27,0
4180,58,14,27,0
4181,58,14,27,0
4182,58,14,27,0
4183,58,14,27,0
4184,58,14,27,0
4185,58,14,27,0
4186,58,14,27,0
4187,58,14,27,0
4188,58,14,27,0
4189,58,14,27,0
4190,58,14,27,0
4191,58,14,27,0
4192,58,14,27,0
4193,58,14,27,0
4194,58,14,27,0
4195,58,14,27,0
4196,58,14,27,0
4197,58,14,27,0
4198,58,14,27,0
4199,58,14,27,0
4200,58,14,27,0
4201,58,14,27,0
4202,58,14,27,0
4203,58,14,27,0
4204,58,14,27,0
4205,58,14,27,0
4206,58,14,27,0
4207,58,14,27,0
4208,58,14,27,0
4209,58,14,27,0
4210,58,14,27,0
4211,58,14,27,0
4212,58,14,27,0
4213,58,14,27,0
4214,58,14,27,0
4215,58,14,27,0
4216,58,14,27,0
4217,58,14,27,0
4218,58,14,27,0
4219,58,14,27,0
4220,58,14,27,0
4221,58,14,27,0
4222,58,14,27,0
4223,58,14,27,0
4224,58,14,27,0
4225,58,14,27,0
4226,58,14,27,0
4227,58,14,27,0
4228,58,14,27,0
4229,58,14,27,0
4230,58,14,27,0
4231,58,14,27,0
4232,58,14,27,0
4233,58,14,27,0
4234,58,14,27,0
4235,58,14,27,0
4236,58,14,27,0
4237,58,14,27,0
4238,58,14,27,0
4239,58,14,27,0
4240,58,14,27,0
4241,58,14,27,0
4242,58,14,27,0
4243,58,14,27,0
4244,58,14,27,0
4245,58,14,27,0
4246,58,14,27,0
4247,58,14,27,0
4248,58,14,27,0
4249,58,14,27,0
4250,58,14,27,0
4251,58,14,27,0
4252,58,14,27,0
4253,58,14,27,0
4254,58,14,27,0
4255,58,14,27,0
4256,58,14,27,0
4257,58,14,27,0
4258,58,14,27,0
4259,58,14,27,0
4260,58,14,27,0
4261,58,14,27,0
4262,58,14,27,0
4263,58,14,27,0
4264,58,14,27,0
4265,58,14,27,0
4266,58,14,27,0
4267,58,14,27,0
4268,58,14,27,0
4269,58,14,27,0
4270,58,14,27,0
4271,58,14,27,0
4272,58,14,27,0
4273,58,14,27,0
4274,58,14,27,0
4275,58,14,27,0
4276,58,14,27,0
4277,58,14,27,0
4278,58,14,27,0
4279,58,14,27,0
4280,58,14,27,0
4281,58,14,27,0
4282,58,14,27,0
4283,58,14,27,0
4284,58,14,27,0
4285,58,14,27,0
4286,58,14,27,0
4287,58,14,27,0
4288,58,14,27,0
4289,58,14,27,0
4290,58,14,27,0
4291,58,14,27,0
4292,58,14,27,0
4293,58,14,27,0
4294,58,14,27,0
4295,58,14,27,0
4296,58,14,27,0
4297,58,14,27,0
4298,58,14,27,0
4299,58,14,27,0
4300,58,14,27,0
4301,58,14,27,0
4302,58,14,27,0
4303,58,14,27,0
4304,58,14,27,0
4305,58,14,27,0
4306,58,14,27,0
4307,58,14,27,0
4308,58,14,27,0
4309,58,14,27,0
4310,58,14,27,0
4311,58,14,27,0
4312,58,14,27,0
4313,58,14,27,0
4314,58,14,27,0
4315,58,14,27,0
4316,58,14,27,0
4317,58,14,27,0
4318,58,14,27,0
4319,58,14,27,0
4320,58,14,27,0
4321,58,14,27,0
4322,58,14,27,0
4323,58,14,27,0
4324,58,14,27,0
4325,58,14,27,0
4326,58,14,27,0
4327,58,14,27,0
4328,58,14,27,0
4329,58,14,27,0
4330,58,14,27,0
4331,58,14,27,0
4332,58,14,27,0
4333,58,14,27,0
4334,58,14,27,0
4335,58,14,27,0
4336,58,14,27,0
4337,58,14,27,0
4338,58,14,27,0
4339,58,14,27,0
4340,58,14,27,0
4341,58,14,27,0
4342,58,14,27,0
4343,58,14,27,0
4344,58,14,27,0
4345,58,14,27,0
4346,58,14,27,0
4347,58,14,27,0
4348,58,14,27,0
4349,58,14,27,0
4350,58,14,27,0
4351,58,14,27,0
4352,58,14,27,0
4353,58,14,27,0
4354,58,14,27,0
4355,58,14,27,0
4356,58,14,27,0
4357,58,14,27,0
4358,58,14,27,0
4359,58,14,27,0
4360,58,14,27,0
4361,58,14,27,0
4362,58,14,27,0
4363,58,14,27,0
4364,58,14,27,0
4365,58,14,27,0
4366,58,14,27,0
4367,58,14,27,0
4368,58,14,27,0
4369,58,14,27,0
4370,58,14,27,0
4371,58,14,27,0
4372,58,14,27,0
4373,58,14,27,0
4374,58,14,27,0
4375,58,14,27,0
4376,58,14,27,0
4377,58,14,27,0
4378,58,14,27,0
4379,58,14,27,0
4380,58,14,27,0
4381,58,14,27,0
4382,58,14,27,0
4383,58,14,27,0
4384,58,14,27,0
4385,58,14,27,0
4386,58,14,27,0
4387,58,14,27,0
4388,58,14,27,0
4389,58,14,27,0
4390,58,14,27,0
4391,58,14,27,0
4392,58,14,27,0
4393,58,14,27,0
4394,58,14,27,0
4395,58,14,27,0
4396,58,14,27,0
4397,58,14,27,0
4398,58,14,27,0
4399,58,14,27,0
4400,58,14,27,0
4401,58,14,27,0
4402,58,14,27,0
4403,58,14,27,0
4404,58,14,27,0
4405,58,14,27,0
4406,58,14,27,0
4407,58,14,27,0
4408,58,14,27,0
4409,58,14,27,0
4410,58,14,27,0
4411,58,14,27,0
4412,58,14,27,0
4413,58,14,27,0
4414,58,14,27,0
4415,58,14,27,0
4416,58,14,27,0
4417,58,14,27,0
4418,58,14,27,0
4419,58,14,27,0
4420,58,14,27,0
4421,58,14,27,0
4422,58,14,27,0
4423,58,14,27,0
4424,58,14,27,0
4425,58,14,27,0
4426,58,14,27,0
4427,58,14,27,0
4428,58,14,27,0
4429,58,14,27,0
4430,58,14,27,0
4431,58,14,27,0
4432,58,14,27,0
4433,58,14,27,0
4434,58,14,27,0
4435,58,14,27,0
4436,58,14,27,0
4437,58,14,27,0
4438,58,14,27,0
4439,58,14,27,0
4440,58,14,27,0
4441,58,14,27,0
4442,58,14,27,0
4443,58,14,27,0
4444,58,14,27,0
4445,58,14,27,0
4446,58,14,27,0
4447,58,14,27,0
4448,58,14,27,0
4449,58,14,27,0
4450,58,14,27,0
4451,58,14,27,0
4452,58,14,27,0
4453,58,14,27,0
4454,58,14,27,0
4455,58,14,27,0
4456,58,14,27,0
4457,58,14,27,0
4458,58,14,27,0
4459,58,14,27,0
4460,58,14,27,0
4461,58,14,27,0
4462,58,14,27,0
4463,58,14,27,0
4464,58,14,27,0
4465,58,14,27,0
4466,58,14,27,0
4467,58,14,27,0
4468,58,14,27,0
4469,58,14,27,0
4470,58,14,27,0
4471,58,14,27,0
4472,58,14,27,0
4473,58,14,27,0
4474,58,14,27,0
4475,58,14,27,0
4476,58,14,27,0
4477,58,14,27,0
4478,58,14,27,0
4479,58,14,27,0
4480,58,14,27,0
4481,58,14,27,0
4482,58,14,27,0
4483,58,14,27,0
4484,58,14,27,0
4485,58,14,27,0
4486,58,14,27,0
4487,58,14,27,0
4488,58,14,27,0
4489,58,14,27,0
4490,58,14,27,0
4491,58,14,27,0
4492,58,14,27,0
4493,58,14,27,0
4494,58,14,27,0
4495,58,14,27,0
4496,58,14,27,0
4497,58,14,27,0
4498,58,14,27,0
4499,58,14,27,0
4500,58,14,27,0
4501,58,14,27,0
4502,58,14,27,0
4503,58,14,27,0
4504,58,14,27,0
4505,58,14,27,0
4506,58,14,27,0
4507,58,14,27,0
4508,58,14,27,0
4509,58,14,27,0
4510,58,14,27,0
4511,58,14,27,0
4512,58,14,27,0
4513,58,14,27,0
4514,58,14,27,0
4515,58,14,27,0
4516,58,14,27,0
4517,58,14,27,0
4518,58,14,27,0
4519,58,14,27,0
4520,58,14,27,0
4521,58,14,27,0
4522,58,14,27,0
4523,58,14,27,0
4524,58,14,27,0
4525,58,14,27,0
4526,58,14,27,0
4527,58,14,27,0
4528,58,14,27,0
4529,58,14,27,0
4530,58,14,27,0
4531,58,14,27,0
4532,58,14,27,0
4533,58,14,27,0
4534,58,14,27,0
4535,58,14,27,0
4536,58,14,27,0
4537,58,14,27,0
4538,58,14,27,0
4539,58,14,27,0
4540,58,14,27,0
4541,58,14,27,0
4542,58,14,27,0
4543,58,14,27,0
4544,58,14,27,0
4545,58,14,27,0
4546,58,14,27,0
4547,58,14,27,0
4548,58,14,27,0
4549,58,14,27,0
4550,58,14,27,0
4551,58,14,27,0
4552,58,14,27,0
4553,58,14,27,0
4554,58,14,27,0
4555,58,14,27,0
4556,58,14,27,0
4557,58,14,27,0
4558,58,14,27,0
4559,58,14,27,0
4560,58,14,27,0
4561,58,14,27,0
4562,58,14,27,0
4563,58,14,27,0
4564,58,14,27,0
4565,58,14,27,0
4566,58,14,27,0
4567,58,14,27,0
4568,58,14,27,0
4569,58,14,27,0
4570,58,14,27,0
4571,58,14,27,0
4572,58,14,27,0
4573,58,14,27,0
4574,58,14,27,0
4575,58,14,27,0
4576,58,14,27,0
4577,58,14,27,0
4578,58,14,27,0
4579,58,14,27,0
4580,58,14,27,0
4581,58,14,27,0
4582,58,14,27,0
4583,58,14,27,0
4584,58,14,27,0
4585,58,14,27,0
4586,58,14,27,0
4587,58,14,27,0
4588,58,14,27,0
4589,58,14,27,0
4590,58,14,27,0
4591,58,14,27,0
4592,58,14,27,0
4593,58,14,27,0
4594,58,14,27,0
4595,58,14,27,0
4596,58,14,27,0
4597,58,14,27,0
4598,58,14,27,0
4599,58,14,27,0
4600,58,14,27,0
4601,58,14,27,0
4602,58,14,27,0
4603,58,14,27,0
4604,58,14,27,0
4605,58,14,27,0
4606,58,14,27,0
4607,58,14,27,0
4608,58,14,27,0
4609,58,14,27,0
4610,58,14,27,0
4611,58,14,27,0
4612,58,14,27,0
4613,58,14,27,0
4614,58,14,27,0
4615,58,14,27,0
4616,58,14,27,0
4617,58,14,27,0
4618,58,14,27,0
4619,58,14,27,0
4620,58,14,27,0
4621,58,14,27,0
4622,58,14,27,0
4623,58,14,27,0
4624,58,14,27,0
4625,58,14,27,0
4626,58,14,27,0
4627,58,14,27,0
4628,58,14,27,0
4629,58,14,27,0
4630,58,14,27,0
4631,58,14,27,0
4632,58,14,27,0
4633,58,14,27,0
4634,58,14,27,0
4635,58,14,27,0
4636,58,14,27,0
4637,58,14,27,0
4638,58,14,27,0
4639,58,14,27,0
4640,58,14,27,0
4641,58,14,27,0
4642,58,14,27,0
4643,58,14,27,0
4644,58,14,27,0
4645,58,14,27,0
4646,58,14,27,0
4647,58,14,27,0
4648,58,14,27,0
4649,58,14,27,0
4650,58,14,27,0
4651,58,14,27,0
4652,58,14,27,0
4653,58,14,27,0
4654,58,14,27,0
4655,58,14,27,0
4656,58,14,27,0
4657,58,14,27,0
4658,58,14,27,0
4659,58,14,27,0
4660,58,14,27,0
4661,58,14,27,0
4662,58,14,27,0
4663,58,14,27,0
4664,58,14,27,0
4665,58,14,27,0
4666,58,14,27,0
4667,58,14,27,0
4668,58,14,27,0
4669,58,14,27,0
4670,58,14,27,0
4671,58,14,27,0
4672,58,14,27,0
4673,58,14,27,0
4674,58,14,27,0
4675,58,14,27,0
4676,58,14,27,0
4677,58,14,27,0
4678,58,14,27,0
4679,58,14,27,0
4680,58,14,27,0
4681,58,14,27,0
4682,58,14,27,0
4683,58,14,27,0
4684,58,14,27,0
4685,58,14,27,0
4686,58,14,27,0
4687,58,14,27,0
4688,58,14,27,0
4689,58,14,27,0
4690,58,14,27,0
4691,58,14,27,0
4692,58,14,27,0
4693,58,14,27,0
4694,58,14,27,0
4695,58,14,27,0
4696,58,14,27,0
4697,58,14,27,0
4698,58,14,27,0
4699,58,14,27,0
4700,58,14,27,0
4701,58,14,27,0
4702,58,14,27,0
4703,58,14,27,0
4704,58,14,27,0
4705,58,14,27,0
4706,58,14,27,0
4707,58,14,27,0
4708,58,14,27,0
4709,58,14,27,0
4710,58,14,27,0
4711,58,14,27,0
4712,58,14,27,0
4713,58,14,27,0
4714,58,14,27,0
4715,58,14,27,0
4716,58,14,27,0
4717,58,14,27,0
4718,58,14,27,0
4719,58,14,27,0
4720,58,14,27,0
4721,58,14,27,0
4722,58,14,27,0
4723,58,14,27,0
4724,58,14,27,0
4725,58,14,27,0
4726,58,14,27,0
4727,58,14,27,0
4728,58,14,27,0
4729,58,14,27,0
4730,58,14,27,0
4731,58,14,27,0
4732,58,14,27,0
4733,58,14,27,0
4734,58,14,27,0
4735,58,14,27,0
4736,58,14,27,0
4737,58,14,27,0
4738,58,14,27,0
4739,58,14,27,0
4740,58,14,27,0
4741,58,14,27,0
4742,58,14,27,0
4743,58,14,27,0
4744,58,14,27,0
4745,58,14,27,0
4746,58,14,27,0
4747,58,14,27,0
4748,58,14,27,0
4749,58,14,27,0
4750,58,14,27,0
4751,58,14,27,0
4752,58,14,27,0
4753,58,14,27,0
4754,58,14,27,0
4755,58,14,27,0
4756,58,14,27,0
4757,58,14,27,0
4758,58,14,27,0
4759,58,14,27,0
4760,58,14,27,0
4761,58,14,27,0
4762,58,14,27,0
4763,58,14,27,0
4764,58,14,27,0
4765,58,14,27,0
4766,58,14,27,0
4767,58,14,27,0
4768,58,14,27,0
4769,58,14,27,0
4770,58,14,27,0
4771,58,14,27,0
4772,58,14,27,0
4773,58,14,27,0
4774,58,14,27,0
4775,58,14,27,0
4776,58,14,27,0
4777,58,14,27,0
4778,58,14,27,0
4779,58,14,27,0
4780,58,14,27,0
4781,58,14,27,0
4782,58,14,27,0
4783,58,14,27,0
4784,58,14,27,0
4785,58,14,27,0
4786,58,14,27,0
4787,58,14,27,0
4788,58,14,27,0
4789,58,14,27,0
4790,58,14,27,0
4791,58,14,27,0
4792,58,14,27,0
4793,58,14,27,0
4794,58,14,27,0
4795,58,14,27,0
4796,58,14,27,0
4797,58,14,27,0
4798,58,14,27,0
4799,58,14,27,0
4800,58,14,27,0
4801,58,14,27,0
4802,58,14,27,0
4803,58,14,27,0
4804,58,14,27,0
4805,58,14,27,0
4806,58,14,27,0
4807,58,14,27,0
4808,58,14,27,0
4809,58,14,27,0
4810,58,14,27,0
4811,58,14,27,0
4812,58,14,27,0
4813,58,14,27,0
4814,58,14,27,0
4815,58,14,27,0
4816,58,14,27,0
4817,58,14,27,0
4818,58,14,27,0
4819,58,14,27,0
4820,58,14,27,0
4821,58,14,27,0
4822,58,14,27,0
4823,58,14,27,0
4824,58,14,27,0
4825,58,14,27,0
4826,58,14,27,0
4827,58,14,27,0
4828,58,14,27,0
4829,58,14,27,0
4830,58,14,27,0
4831,58,14,27,0
4832,58,14,27,0
4833,58,14,27,0
4834,58,14,27,0
4835,58,14,27,0
4836,58,14,27,0
4837,58,14,27,0
4838,58,14,27,0
4839,58,14,27,0
4840,58,14,27,0
4841,58,14,27,0
4842,58,14,27,0
4843,58,14,27,0
4844,58,14,27,0
4845,58,14,27,0
4846,58,14,27,0
4847,58,14,27,0
4848,58,14,27,0
4849,58,14,27,0
4850,58,14,27,0
4851,58,14,27,0
4852,58,14,27,0
4853,58,14,27,0
4854,58,14,27,0
4855,58,14,27,0
4856,58,14,27,0
4857,58,14,27,0
4858,58,14,27,0
4859,58,14,27,0
4860,58,14,27,0
4861,58,14,27,0
4862,58,14,27,0
4863,58,14,27,0
4864,58,14,27,0
4865,58,14,27,0
4866,58,14,27,0
4867,58,14,27,0
4868,58,14,27,0
4869,58,14,27,0
4870,58,14,27,0
4871,58,14,27,0
4872,58,14,27,0
4873,58,14,27,0
4874,58,14,27,0
4875,58,14,27,0
4876,58,14,27,0
4877,58,14,27,0
4878,58,14,27,0
4879,58,14,27,0
4880,58,14,27,0
4881,58,14,27,0
4882,58,14,27,0
4883,58,14,27,0
4884,58,14,27,0
4885,58,14,27,0
4886,58,14,27,0
4887,58,14,27,0
4888,58,14,27,0
4889,58,14,27,0
4890,58,14,27,0
4891,58,14,27,0
4892,58,14,27,0
4893,58,14,27,0
4894,58,14,27,0
4895,58,14,27,0
4896,58,14,27,0
4897,58,14,27,0
4898,58,14,27,0
4899,58,14,27,0
4900,58,14,27,0
4901,58,14,27,0
4902,58,14,27,0
4903,58,14,27,0
4904,58,14,27,0
4905,58,14,27,0
4906,58,14,27,0
4907,58,14,27,0
4908,58,14,27,0
4909,58,14,27,0
4910,58,14,27,0
4911,58,14,27,0
4912,58,14,27,0
4913,58,14,27,0
4914,58,14,27,0
4915,58,14,27,0
4916,58,14,27,0
4917,58,14,27,0
4918,58,14,27,0
4919,58,14,27,0
4920,58,14,27,0
4921,58,14,27,0
4922,58,14,27,0
4923,58,14,27,0
4924,58,14,27,0
4925,58,14,27,0
4926,58,14,27,0
4927,58,14,27,0
4928,58,14,27,0
4929,58,14,27,0
4930,58,14,27,0
4931,58,14,27,0
4932,58,14,27,0
4933,58,14,27,0
4934,58,14,27,0
4935,58,14,27,0
4936,58,14,27,0
4937,58,14,27,0
4938,58,14,27,0
4939,58,14,27,0
4940,58,14,27,0
4941,58,14,27,0
4942,58,14,27,0
4943,58,14,27,0
4944,58,14,27,0
4945,58,14,27,0
4946,58,14,27,0
4947,58,14,27,0
4948,58,14,27,0
4949,58,14,27,0
4950,58,14,27,0
4951,58,14,27,0
4952,58,14,27,0
4953,58,14,27,0
4954,58,14,27,0
4955,58,14,27,0
4956,58,14,27,0
4957,58,14,27,0
4958,58,14,27,0
4959,58,14,27,0
4960,58,14,27,0
4961,58,14,27,0
4962,58,14,27,0
4963,58,14,27,0
4964,58,14,27,0
4965,58,14,27,0
4966,58,14,27,0
4967,58,14,27,0
4968,58,14,27,0
4969,58,14,27,0
4970,58,14,27,0
4971,58,14,27,0
4972,58,14,27,0
4973,58,14,27,0
4974,58,14,27,0
4975,58,14,27,0
4976,58,14,27,0
4977,58,14,27,0
4978,58,14,27,0
4979,58,14,27,0
4980,58,14,27,0
4981,58,14,27,0
4982,58,14,27,0
4983,58,14,27,0
4984,58,14,27,0
4985,58,14,27,0
4986,58,14,27,0
4987,58,14,27,0
4988,58,14,27,0
4989,58,14,27,0
4990,58,14,27,0
4991,58,14,27,0
4992,58,14,27,0
4993,58,14,27,0
4994,58,14,27,0
4995,58,14,27,0
4996,58,14,27,0
4997,58,14,27,0
4998,58,14,27,0
4999,58,14,27,0
5000,58,14,27,0
5001,58,14,27,0
5002,58,14,27,0
5003,58,14,27,0
5004,58,14,27,0
5005,58,14,27,0
5006,58,14,27,0
5007,58,14,27,0
5008,58,14,27,0
5009,58,14,27,0
5010,58,14,27,0
5011,58,14,27,0
5012,58,14,27,0
5013,58,14,27,0
5014,58,14,27,0
5015,58,14,27,0
5016,58,14,27,0
5017,58,14,27,0
5018,58,14,27,0
5019,58,14,27,0
5020,58,14,27,0
5021,58,14,27,0
5022,58,14,27,0
5023,58,14,27,0
5024,58,14,27,0
5025,58,14,27,0
5026,58,14,27,0
5027,58,14,27,0
5028,58,14,27,0
5029,58,14,27,0
5030,58,14,27,0
5031,58,14,27,0
5032,58,14,27,0
5033,58,14,27,0
5034,58,14,27,0
5035,58,14,27,0
5036,58,14,27,0
5037,58,14,27,0
5038,58,14,27,0
5039,58,14,27,0
5040,58,14,27,0
5041,58,14,27,0
5042,58,14,27,0
5043,58,14,27,0
5044,58,14,27,0
5045,58,14,27,0
5046,58,14,27,0
5047,58,14,27,0
5048,58,14,27,0
5049,58,14,27,0
5050,58,14,27,0
5051,58,14,27,0
5052,58,14,27,0
5053,58,14,27,0
5054,58,14,27,0
5055,58,14,27,0
5056,58,14,27,0
5057,58,14,27,0
5058,58,14,27,0
5059,58,14,27,0
5060,58,14,27,0
5061,58,14,27,0
5062,58,14,27,0
5063,58,14,27,0
5064,58,14,27,0
5065,58,14,27,0
5066,58,14,27,0
5067,58,14,27,0
5068,58,14,27,0
5069,58,14,27,0
5070,58,14,27,0
5071,58,14,27,0
5072,58,14,27,0
5073,58,14,27,0
5074,58,14,27,0
5075,58,14,27,0
5076,58,14,27,0
5077,58,14,27,0
5078,58,14,27,0
5079,58,14,27,0
5080,58,14,27,0
5081,58,14,27,0
5082,58,14,27,0
5083,58,14,27,0
5084,58,14,27,0
5085,58,14,27,0
5086,58,14,27,0
5087,58,14,27,0
5088,58,14,27,0
5089,58,14,27,0
5090,58,14,27,0
5091,58,14,27,0
5092,58,14,27,0
5093,58,14,27,0
5094,58,14,27,0
5095,58,14,27,0
5096,58,14,27,0
5097,58,14,27,0
5098,58,14,27,0
5099,58,14,27,0
5100,58,14,27,0
5101,58,14,27,0
5102,58,14,27,0
5103,58,14,27,0
5104,58,14,27,0
5105,58,14,27,0
5106,58,14,27,0
5107,58,14,27,0
5108,58,14,27,0
5109,58,14,27,0
5110,58,14,27,0
5111,58,14,27,0
5112,58,14,27,0
5113,58,14,27,0
5114,58,14,27,0
5115,58,14,27,0
5116,58,14,27,0
5117,58,14,27,0
5118,58,14,27,0
5119,58,14,27,0
5120,58,14,27,0
5121,58,14,27,0
5122,58,14,27,0
5123,58,14,27,0
5124,58,14,27,0
5125,58,14,27,0
5126,58,14,27,0
5127,58,14,27,0
5128,58,14,27,0
5129,58,14,27,0
5130,58,14,27,0
5131,58,14,27,0
5132,58,14,27,0
5133,58,14,27,0
5134,58,14,27,0
5135,58,14,27,0
5136,58,14,27,0
5137,58,14,27,0
5138,58,14,27,0
5139,58,14,27,0
5140,58,14,27,0
5141,58,14,27,0
5142,58,14,27,0
5143,58,14,27,0
5144,58,14,27,0
5145,58,14,27,0
5146,58,14,27,0
5147,58,14,27,0
5148,58,14,27,0
5149,58,14,27,0
5150,58,14,27,0
5151,58,14,27,0
5152,58,14,27,0
5153,58,14,27,0
5154,58,14,27,0
5155,58,14,27,0
5156,58,14,27,0
5157,58,14,27,0
5158,58,14,27,0
5159,58,14,27,0
5160,58,14,27,0
5161,58,14,27,0
5162,58,14,27,0
5163,58,14,27,0
5164,58,14,27,0
5165,58,14,27,0
5166,58,14,27,0
5167,58,14,27,0
5168,58,14,27,0
5169,58,14,27,0
5170,58,14,27,0
5171,58,14,27,0
5172,58,14,27,0
5173,58,14,27,0
5174,58,14,27,0
5175,58,14,27,0
5176,58,14,27,0
5177,58,14,27,0
5178,58,14,27,0
5179,58,14,27,0
5180,58,14,27,0
5181,58,14,27,0
5182,58,14,27,0
5183,58,14,27,0
5184,58,14,27,0
5185,58,14,27,0
5186,58,14,27,0
5187,58,14,27,0
5188,58,14,27,0
5189,58,14,27,0
5190,58,14,27,0
5191,58,14,27,0
5192,58,14,27,0
5193,58,14,27,0
5194,58,14,27,0
5195,58,14,27,0
5196,58,14,27,0
5197,58,14,27,0
5198,58,14,27,0
5199,58,14,27,0
5200,58,14,27,0
5201,58,14,27,0
5202,58,14,27,0
5203,58,14,27,0
5204,58,14,27,0
5205,58,14,27,0
5206,58,14,27,0
5207,58,14,27,0
5208,58,14,27,0
5209,58,14,27,0
5210,58,14,27,0
5211,58,14,27,0
5212,58,14,27,0
5213,58,14,27,0
5214,58,14,27,0
5215,58,14,27,0
5216,58,14,27,0
5217,58,14,27,0
5218,58,14,27,0
5219,58,14,27,0
5220,58,14,27,0
5221,58,14,27,0
5222,58,14,27,0
5223,58,14,27,0
5224,58,14,27,0
5225,58,14,27,0
5226,58,14,27,0
5227,58,14,27,0
5228,58,14,27,0
5229,58,14,27,0
5230,58,14,27,0
5231,58,14,27,0
5232,58,14,27,0
5233,58,14,27,0
5234,58,14,27,0
5235,58,14,27,0
5236,58,14,27,0
5237,58,14,27,0
5238,58,14,27,0
5239,58,14,27,0
5240,58,14,27,0
5241,58,14,27,0
5242,58,14,27,0
5243,58,14,27,0
5244,58,14,27,0
5245,58,14,27,0
5246,58,14,27,0
5247,58,14,27,0
5248,58,14,27,0
5249,58,14,27,0
5250,58,14,27,0
5251,58,14,27,0
5252,58,14,27,0
5253,58,14,27,0
5254,58,14,27,0
5255,58,14,27,0
5256,58,14,27,0
5257,58,14,27,0
5258,58,14,27,0
5259,58,14,27,0
5260,58,14,27,0
5261,58,14,27,0
5262,58,14,27,0
5263,58,14,27,0
5264,58,14,27,0
5265,58,14,27,0
5266,58,14,27,0
5267,58,14,27,0
5268,58,14,27,0
5269,58,14,27,0
5270,58,14,27,0
5271,58,14,27,0
5272,58,14,27,0
5273,58,14,27,0
5274,58,14,27,0
5275,58,14,27,0
5276,58,14,27,0
5277,58,14,27,0
5278,58,14,27,0
5279,58,14,27,0
5280,58,14,27,0
5281,58,14,27,0
5282,58,14,27,0
5283,58,14,27,0
5284,58,14,27,0
5285,58,14,27,0
5286,58,14,27,0
5287,58,14,27,0
5288,58,14,27,0
5289,58,14,27,0
5290,58,14,27,0
5291,58,14,27,0
5292,58,14,27,0
5293,58,14,27,0
5294,58,14,27,0
5295,58,14,27,0
5296,58,14,27,0
5297,58,14,27,0
5298,58,14,27,0
5299,58,14,27,0
5300,58,14,27,0
5301,58,14,27,0
5302,58,14,27,0
5303,58,14,27,0
5304,58,14,27,0
5305,58,14,27,0
5306,58,14,27,0
5307,58,14,27,0
5308,58,14,27,0
5309,58,14,27,0
5310,58,14,27,0
5311,58,14,27,0
5312,58,14,27,0
5313,58,14,27,0
5314,58,14,27,0
5315,58,14,27,0
5316,58,14,27,0
5317,58,14,27,0
5318,58,14,27,0
5319,58,14,27,0
5320,58,14,27,0
5321,58,14,27,0
5322,58,14,27,0
5323,58,14,27,0
5324,58,14,27,0
5325,58,14,27,0
5326,58,14,27,0
5327,58,14,27,0
5328,58,14,27,0
5329,58,14,27,0
5330,58,14,27,0
5331,58,14,27,0
5332,58,14,27,0
5333,58,14,27,0
5334,58,14,27,0
5335,58,14,27,0
5336,58,14,27,0
5337,58,14,27,0
5338,58,14,27,0
5339,58,14,27,0
5340,58,14,27,0
5341,58,14,27,0
5342,58,14,27,0
5343,58,14,27,0
5344,58,14,27,0
5345,58,14,27,0
5346,58,14,27,0
5347,58,14,27,0
5348,58,14,27,0
5349,58,14,27,0
5350,58,14,27,0
5351,58,14,27,0
5352,58,14,27,0
5353,58,14,27,0
5354,58,14,27,0
5355,58,14,27,0
5356,58,14,27,0
5357,58,14,27,0
5358,58,14,27,0
5359,58,14,27,0
5360,58,14,27,0
5361,58,14,27,0
5362,58,14,27,0
5363,58,14,27,0
5364,58,14,27,0
5365,58,14,27,0
5366,58,14,27,0
5367,58,14,27,0
5368,58,14,27,0
5369,58,14,27,0
5370,58,14,27,0
5371,58,14,27,0
5372,58,14,27,0
5373,58,14,27,0
5374,58,14,27,0
5375,58,14,27,0
5376,58,14,27,0
5377,58,14,27,0
5378,58,14,27,0
5379,58,14,27,0
5380,58,14,27,0
5381,58,14,27,0
5382,58,14,27,0
5383,58,14,27,0
5384,58,14,27,0
5385,58,14,27,0
5386,58,14,27,0
5387,58,14,27,0
5388,58,14,27,0
5389,58,14,27,0
5390,58,14,27,0
5391,58,14,27,0
5392,58,14,27,0
5393,58,14,27,0
5394,58,14,27,0
5395,58,14,27,0
5396,58,14,27,0
5397,58,14,27,0
5398,58,14,27,0
5399,58,14,27,0
5400,58,14,27,0
5401,58,14,27,0
5402,58,14,27,0
5403,58,14,27,0
5404,58,14,27,0
5405,58,14,27,0
5406,58,14,27,0
5407,58,14,27,0
5408,58,14,27,0
5409,58,14,27,0
5410,58,14,27,0
5411,58,14,27,0
5412,58,14,27,0
5413,58,14,27,0
5414,58,14,27,0
5415,58,14,27,0
5416,58,14,27,0
5417,58,14,27,0
5418,58,14,27,0
5419,58,14,27,0
5420,58,14,27,0
5421,58,14,27,0
5422,58,14,27,0
5423,58,14,27,0
5424,58,14,27,0
5425,58,14,27,0
5426,58,14,27,0
5427,58,14,27,0
5428,58,14,27,0
5429,58,14,27,0
5430,58,14,27,0
5431,58,14,27,0
5432,58,14,27,0
5433,58,14,27,0
5434,58,14,27,0
5435,58,14,27,0
5436,58,14,27,0
5437,58,14,27,0
5438,58,14,27,0
5439,58,14,27,0
5440,58,14,27,0
5441,58,14,27,0
5442,58,14,27,0
5443,58,14,27,0
5444,58,14,27,0
5445,58,14,27,0
5446,58,14,27,0
5447,58,14,27,0
5448,58,14,27,0
5449,58,14,27,0
5450,58,14,27,0
5451,58,14,27,0
5452,58,14,27,0
5453,58,14,27,0
5454,58,14,27,0
5455,58,14,27,0
5456,58,14,27,0
5457,58,14,27,0
5458,58,14,27,0
5459,58,14,27,0
5460,58,14,27,0
5461,58,14,27,0
5462,58,14,27,0
5463,58,14,27,0
5464,58,14,27,0
5465,58,14,27,0
5466,58,14,27,0
5467,58,14,27,0
5468,58,14,27,0
5469,58,14,27,0
5470,58,14,27,0
5471,58,14,27,0
5472,58,14,27,0
5473,58,14,27,0
5474,58,14,27,0
5475,58,14,27,0
5476,58,14,27,0
5477,58,14,27,0
5478,58,14,27,0
5479,58,14,27,0
5480,58,14,27,0
5481,58,14,27,0
5482,58,14,27,0
5483,58,14,27,0
5484,58,14,27,0
5485,58,14,27,0
5486,58,14,27,0
5487,58,14,27,0
5488,58,14,27,0
5489,58,14,27,0
5490,58,14,27,0
5491,58,14,27,0
5492,58,14,27,0
5493,58,14,27,0
5494,58,14,27,0
5495,58,14,27,0
5496,58,14,27,0
5497,58,14,27,0
5498,58,14,27,0
5499,58,14,27,0
5500,58,14,27,0
5501,58,14,27,0
5502,58,14,27,0
5503,58,14,27,0
5504,58,14,27,0
5505,58,14,27,0
5506,58,14,27,0
5507,58,14,27,0
5508,58,14,27,0
5509,58,14,27,0
5510,58,14,27,0
5511,58,14,27,0
5512,58,14,27,0
5513,58,14,27,0
5514,58,14,27,0
5515,58,14,27,0
5516,58,14,27,0
5517,58,14,27,0
5518,58,14,27,0
5519,58,14,27,0
5520,58,14,27,0
5521,58,14,27,0
5522,58,14,27,0
5523,58,14,27,0
5524,58,14,27,0
5525,58,14,27,0
5526,58,14,27,0
5527,58,14,27,0
5528,58,14,27,0
5529,58,14,27,0
5530,58,14,27,0
5531,58,14,27,0
5532,58,14,27,0
5533,58,14,27,0
5534,58,14,27,0
5535,58,14,27,0
5536,58,14,27,0
5537,58,14,27,0
5538,58,14,27,0
5539,58,14,27,0
5540,58,14,27,0
5541,58,14,27,0
5542,58,14,27,0
5543,58,14,27,0
5544,58,14,27,0
5545,58,14,27,0
5546,58,14,27,0
5547,58,14,27,0
5548,58,14,27,0
5549,58,14,27,0
5550,58,14,27,0
5551,58,14,27,0
5552,58,14,27,0
5553,58,14,27,0
5554,58,14,27,0
5555,58,14,27,0
5556,58,14,27,0
5557,58,14,27,0
5558,58,14,27,0
5559,58,14,27,0
5560,58,14,27,0
5561,58,14,27,0
5562,58,14,27,0
5563,58,14,27,0
5564,58,14,27,0
5565,58,14,27,0
5566,58,14,27,0
5567,58,14,27,0
5568,58,14,27,0
5569,58,14,27,0
5570,58,14,27,0
5571,58,14,27,0
5572,58,14,27,0
5573,58,14,27,0
5574,58,14,27,0
5575,58,14,27,0
5576,58,14,27,0
5577,58,14,27,0
5578,58,14,27,0
5579,58,14,27,0
5580,58,14,27,0
5581,58,14,27,0
5582,58,14,27,0
5583,58,14,27,0
5584,58,14,27,0
5585,58,14,27,0
5586,58,14,27,0
5587,58,14,27,0
5588,58,14,27,0
5589,58,14,27,0
5590,58,14,27,0
5591,58,14,27,0
5592,58,14,27,0
5593,58,14,27,0
5594,58,14,27,0
5595,58,14,27,0
5596,58,14,27,0
5597,58,14,27,0
5598,58,14,27,0
5599,58,14,27,0
5600,58,14,27,0
5601,58,14,27,0
5602,58,14,27,0
5603,58,14,27,0
5604,58,14,27,0
5605,58,14,27,0
5606,58,14,27,0
5607,58,14,27,0
5608,58,14,27,0
5609,58,14,27,0
5610,58,14,27,0
5611,58,14,27,0
5612,58,14,27,0
5613,58,14,27,0
5614,58,14,27,0
5615,58,14,27,0
5616,58,14,27,0
5617,58,14,27,0
5618,58,14,27,0
5619,58,14,27,0
5620,58,14,27,0
5621,58,14,27,0
5622,58,14,27,0
5623,58,14,27,0
5624,58,14,27,0
5625,58,14,27,0
5626,58,14,27,0
5627,58,14,27,0
5628,58,14,27,0
5629,58,14,27,0
5630,58,14,27,0
5631,58,14,27,0
5632,58,14,27,0
5633,58,14,27,0
5634,58,14,27,0
5635,58,14,27,0
5636,58,14,27,0
5637,58,14,27,0
5638,58,14,27,0
5639,58,14,27,0
5640,58,14,27,0
5641,58,14,27,0
5642,58,14,27,0
5643,58,14,27,0
5644,58,14,27,0
5645,58,14,27,0
5646,58,14,27,0
5647,58,14,27,0
5648,58,14,27,0
5649,58,14,27,0
5650,58,14,27,0
5651,58,14,27,0
5652,58,14,27,0
5653,58,14,27,0
5654,58,14,27,0
5655,58,14,27,0
5656,58,14,27,0
5657,58,14,27,0
5658,58,14,27,0
5659,58,14,27,0
5660,58,14,27,0
5661,58,14,27,0
5662,58,14,27,0
5663,58,14,27,0
5664,58,14,27,0
5665,58,14,27,0
5666,58,14,27,0
5667,58,14,27,0
5668,58,14,27,0
5669,58,14,27,0
5670,58,14,27,0
5671,58,14,27,0
5672,58,14,27,0
5673,58,14,27,0
5674,58,14,27,0
5675,58,14,27,0
5676,58,14,27,0
5677,58,14,27,0
5678,58,14,27,0
5679,58,14,27,0
5680,58,14,27,0
5681,58,14,27,0
5682,58,14,27,0
5683,58,14,27,0
5684,58,14,27,0
5685,58,14,27,0
5686,58,14,27,0
5687,58,14,27,0
5688,58,14,27,0
5689,58,14,27,0
5690,58,14,27,0
5691,58,14,27,0
5692,58,14,27,0
5693,58,14,27,0
5694,58,14,27,0
5695,58,14,27,0
5696,58,14,27,0
5697,58,14,27,0
5698,58,14,27,0
5699,58,14,27,0
5700,58,14,27,0
5701,58,14,27,0
5702,58,14,27,0
5703,58,14,27,0
5704,58,14,27,0
5705,58,14,27,0
5706,58,14,27,0
5707,58,14,27,0
5708,58,14,27,0
5709,58,14,27,0
5710,58,14,27,0
5711,58,14,27,0
5712,58,14,27,0
5713,58,14,27,0
5714,58,14,27,0
5715,58,14,27,0
5716,58,14,27,0
5717,58,14,27,0
5718,58,14,27,0
5719,58,14,27,0
5720,58,14,27,0
5721,58,14,27,0
5722,58,14,27,0
5723,58,14,27,0
5724,58,14,27,0
5725,58,14,27,0
5726,58,14,27,0
5727,58,14,27,0
5728,58,14,27,0
5729,58,14,27,0
5730,58,14,27,0
5731,58,14,27,0
5732,58,14,27,0
5733,58,14,27,0
5734,58,14,27,0
5735,58,14,27,0
5736,58,14,27,0
5737,58,14,27,0
5738,58,14,27,0
5739,58,14,27,0
5740,58,14,27,0
5741,58,14,27,0
5742,58,14,27,0
5743,58,14,27,0
5744,58,14,27,0
5745,58,14,27,0
5746,58,14,27,0
5747,58,14,27,0
5748,58,14,27,0
5749,58,14,27,0
5750,58,14,27,0
5751,58,14,27,0
5752,58,14,27,0
5753,58,14,27,0
5754,58,14,27,0
5755,58,14,27,0
5756,58,14,27,0
5757,58,14,27,0
5758,58,14,27,0
5759,58,14,27,0
5760,58,14,27,0
5761,58,14,27,0
5762,58,14,27,0
5763,58,14,27,0
5764,58,14,27,0
5765,58,14,27,0
5766,58,14,27,0
5767,58,14,27,0
5768,58,14,27,0
5769,58,14,27,0
5770,58,14,27,0
5771,58,14,27,0
5772,58,14,27,0
5773,58,14,27,0
5774,58,14,27,0
5775,58,14,27,0
5776,58,14,27,0
5777,58,14,27,0
5778,58,14,27,0
5779,58,14,27,0
5780,58,14,27,0
5781,58,14,27,0
5782,58,14,27,0
5783,58,14,27,0
5784,58,14,27,0
5785,58,14,27,0
5786,58,14,27,0
5787,58,14,27,0
5788,58,14,27,0
5789,58,14,27,0
5790,58,14,27,0
5791,58,14,27,0
5792,58,14,27,0
5793,58,14,27,0
5794,58,14,27,0
5795,58,14,27,0
5796,58,14,27,0
5797,58,14,27,0
5798,58,14,27,0
5799,58,14,27,0
5800,58,14,27,0
5801,58,14,27,0
5802,58,14,27,0
5803,58,14,27,0
5804,58,14,27,0
5805,58,14,27,0
5806,58,14,27,0
5807,58,14,27,0
5808,58,14,27,0
5809,58,14,27,0
5810,58,14,27,0
5811,58,14,27,0
5812,58,14,27,0
5813,58,14,27,0
5814,58,14,27,0
5815,58,14,27,0
5816,58,14,27,0
5817,58,14,27,0
5818,58,14,27,0
5819,58,14,27,0
5820,58,14,27,0
5821,58,14,27,0
5822,58,14,27,0
5823,58,14,27,0
5824,58,14,27,0
5825,58,14,27,0
5826,58,14,27,0
5827,58,14,27,0
5828,58,14,27,0
5829,58,14,27,0
5830,58,14,27,0
5831,58,14,27,0
5832,58,14,27,0
5833,58,14,27,0
5834,58,14,27,0
5835,58,14,27,0
5836,58,14,27,0
5837,58,14,27,0
5838,58,14,27,0
5839,58,14,27,0
5840,58,14,27,0
5841,58,14,27,0
5842,58,14,27,0
5843,58,14,27,0
5844,58,14,27,0
5845,58,14,27,0
5846,58,14,27,0
5847,58,14,27,0
5848,58,14,27,0
5849,58,14,27,0
5850,58,14,27,0
5851,58,14,27,0
5852,58,14,27,0
5853,58,14,27,0
5854,58,14,27,0
5855,58,14,27,0
5856,58,14,27,0
5857,58,14,27,0
5858,58,14,27,0
5859,58,14,27,0
5860,58,14,27,0
5861,58,14,27,0
5862,58,14,27,0
5863,58,14,27,0
5864,58,14,27,0
5865,58,14,27,0
5866,58,14,27,0
5867,58,14,27,0
5868,58,14,27,0
5869,58,14,27,0
5870,58,14,27,0
5871,58,14,27,0
5872,58,14,27,0
5873,58,14,27,0
5874,58,14,27,0
5875,58,14,27,0
5876,58,14,27,0
5877,58,14,27,0
5878,58,14,27,0
5879,58,14,27,0
5880,58,14,27,0
5881,58,14,27,0
5882,58,14,27,0
5883,58,14,27,0
5884,58,14,27,0
5885,58,14,27,0
5886,58,14,27,0
5887,58,14,27,0
5888,58,14,27,0
5889,58,14,27,0
5890,58,14,27,0
5891,58,14,27,0
5892,58,14,27,0
5893,58,14,27,0
5894,58,14,27,0
5895,58,14,27,0
5896,58,14,27,0
5897,58,14,27,0
5898,58,14,27,0
5899,58,14,27,0
5900,58,14,27,0
5901,58,14,27,0
5902,58,14,27,0
5903,58,14,27,0
5904,58,14,27,0
5905,58,14,27,0
5906,58,14,27,0
5907,58,14,27,0
5908,58,14,27,0
5909,58,14,27,0
5910,58,14,27,0
5911,58,14,27,0
5912,58,14,27,0
5913,58,14,27,0
5914,58,14,27,0
5915,58,14,27,0
5916,58,14,27,0
5917,58,14,27,0
5918,58,14,27,0
5919,58,14,27,0
5920,58,14,27,0
5921,58,14,27,0
5922,58,14,27,0
5923,58,14,27,0
5924,58,14,27,0
5925,58,14,27,0
5926,58,14,27,0
5927,58,14,27,0
5928,58,14,27,0
5929,58,14,27,0
5930,58,14,27,0
5931,58,14,27,0
5932,58,14,27,0
5933,58,14,27,0
5934,58,14,27,0
5935,58,14,27,0
5936,58,14,27,0
5937,58,14,27,0
5938,58,14,27,0
5939,58,14,27,0
5940,58,14,27,0
5941,58,14,27,0
5942,58,14,27,0
5943,58,14,27,0
5944,58,14,27,0
5945,58,14,27,0
5946,58,14,27,0
5947,58,14,27,0
5948,58,14,27,0
5949,58,14,27,0
5950,58,14,27,0
5951,58,14,27,0
5952,58,14,27,0
5953,58,14,27,0
5954,58,14,27,0
5955,58,14,27,0
5956,58,14,27,0
5957,58,14,27,0
5958,58,14,27,0
5959,58,14,27,0
5960,58,14,27,0
5961,58,14,27,0
5962,58,14,27,0
5963,58,14,27,0
5964,58,14,27,0
5965,58,14,27,0
5966,58,14,27,0
5967,58,14,27,0
5968,58,14,27,0
5969,58,14,27,0
5970,58,14,27,0
5971,58,14,27,0
5972,58,14,27,0
5973,58,14,27,0
5974,58,14,27,0
5975,58,14,27,0
5976,58,14,27,0
5977,58,14,27,0
5978,58,14,27,0
5979,58,14,27,0
5980,58,14,27,0
5981,58,14,27,0
5982,58,14,27,0
5983,58,14,27,0
5984,58,14,27,0
5985,58,14,27,0
5986,58,14,27,0
5987,58,14,27,0
5988,58,14,27,0
5989,58,14,27,0
5990,58,14,27,0
5991,58,14,27,0
5992,58,14,27,0
5993,58,14,27,0
5994,58,14,27,0
5995,58,14,27,0
5996,58,14,27,0
5997,58,14,27,0
5998,58,14,27,0
5999,58,14,27,0
6000,58,14,27,0
6001,58,14,27,0
6002,58,14,27,0
6003,58,14,27,0
6004,58,14,27,0
6005,58,14,27,0
6006,58,14,27,0
6007,58,14,27,0
6008,58,14,27,0
6009,58,14,27,0
6010,58,14,27,0
6011,58,14,27,0
6012,58,14,27,0
6013,58,14,27,0
6014,58,14,27,0
6015,58,14,27,0
6016,58,14,27,0
6017,58,14,27,0
6018,58,14,27,0
6019,58,14,27,0
6020,58,14,27,0
6021,58,14,27,0
6022,58,14,27,0
6023,58,14,27,0
6024,58,14,27,0
6025,58,14,27,0
6026,58,14,27,0
6027,58,14,27,0
6028,58,14,27,0
6029,58,14,27,0
6030,58,14,27,0
6031,58,14,27,0
6032,58,14,27,0
6033,58,14,27,0
6034,58,14,27,0
6035,58,14,27,0
6036,58,14,27,0
6037,58,14,27,0
6038,58,14,27,0
6039,58,14,27,0
6040,58,14,27,0
6041,58,14,27,0
6042,58,14,27,0
6043,58,14,27,0
6044,58,14,27,0
6045,58,14,27,0
6046,58,14,27,0
6047,58,14,27,0
6048,58,14,27,0
6049,58,14,27,0
6050,58,14,27,0
6051,58,14,27,0
6052,58,14,27,0
6053,58,14,27,0
6054,58,14,27,0
6055,58,14,27,0
6056,58,14,27,0
6057,58,14,27,0
6058,58,14,27,0
6059,58,14,27,0
6060,58,14,27,0
6061,58,14,27,0
6062,58,14,27,0
6063,58,14,27,0
6064,58,14,27,0
6065,58,14,27,0
6066,58,14,27,0
6067,58,14,27,0
6068,58,14,27,0
6069,58,14,27,0
6070,58,14,27,0
6071,58,14,27,0
6072,58,14,27,0
6073,58,14,27,0
6074,58,14,27,0
6075,58,14,27,0
6076,58,14,27,0
6077,58,14,27,0
6078,58,14,27,0
6079,58,14,27,0
6080,58,14,27,0
6081,58,14,27,0
6082,58,14,27,0
6083,58,14,27,0
6084,58,14,27,0
6085,58,14,27,0
6086,58,14,27,0
6087,58,14,27,0
6088,58,14,27,0
6089,58,14,27,0
6090,58,14,27,0
6091,58,14,27,0
6092,58,14,27,0
6093,58,14,27,0
6094,58,14,27,0
6095,58,14,27,0
6096,58,14,27,0
6097,58,14,27,0
6098,58,14,27,0
6099,58,14,27,0
6100,58,14,27,0
6101,58,14,27,0
6102,58,14,27,0
6103,58,14,27,0
6104,58,14,27,0
6105,58,14,27,0
6106,58,14,27,0
6107,58,14,27,0
6108,58,14,27,0
6109,58,14,27,0
6110,58,14,27,0
6111,58,14,27,0
6112,58,14,27,0
6113,58,14,27,0
6114,58,14,27,0
6115,58,14,27,0
6116,58,14,27,0
6117,58,14,27,0
6118,58,14,27,0
6119,58,14,27,0
6120,58,14,27,0
6121,58,14,27,0
6122,58,14,27,0
6123,58,14,27,0
6124,58,14,27,0
6125,58,14,27,0
6126,58,14,27,0
6127,58,14,27,0
6128,58,14,27,0
6129,58,14,27,0
6130,58,14,27,0
6131,58,14,27,0
6132,58,14,27,0
6133,58,14,27,0
6134,58,14,27,0
6135,58,14,27,0
6136,58,14,27,0
6137,58,14,27,0
6138,58,14,27,0
6139,58,14,27,0
6140,58,14,27,0
6141,58,14,27,0
6142,58,14,27,0
6143,58,14,27,0
6144,58,14,27,0
6145,58,14,27,0
6146,58,14,27,0
6147,58,14,27,0
6148,58,14,27,0
6149,58,14,27,0
6150,58,14,27,0
6151,58,14,27,0
6152,58,14,27,0
6153,58,14,27,0
6154,58,14,27,0
6155,58,14,27,0
6156,58,14,27,0
6157,58,14,27,0
6158,58,14,27,0
6159,58,14,27,0
6160,58,14,27,0
6161,58,14,27,0
6162,58,14,27,0
6163,58,14,27,0
6164,58,14,27,0
6165,58,14,27,0
6166,58,14,27,0
6167,58,14,27,0
6168,58,14,27,0
6169,58,14,27,0
6170,58,14,27,0
6171,58,14,27,0
6172,58,14,27,0
6173,58,14,27,0
6174,58,14,27,0
6175,58,14,27,0
6176,58,14,27,0
6177,58,14,27,0
6178,58,14,27,0
6179,58,14,27,0
6180,58,14,27,0
6181,58,14,27,0
6182,58,14,27,0
6183,58,14,27,0
6184,58,14,27,0
6185,58,14,27,0
6186,58,14,27,0
6187,58,14,27,0
6188,58,14,27,0
6189,58,14,27,0
6190,58,14,27,0
6191,58,14,27,0
6192,58,14,27,0
6193,58,14,27,0
6194,58,14,27,0
6195,58,14,27,0
6196,58,14,27,0
6197,58,14,27,0
6198,58,14,27,0
6199,58,14,27,0
6200,58,14,27,0
6201,58,14,27,0
6202,58,14,27,0
6203,58,14,27,0
6204,58,14,27,0
6205,58,14,27,0
6206,58,14,27,0
6207,58,14,27,0
6208,58,14,27,0
6209,58,14,27,0
6210,58,14,27,0
6211,58,14,27,0
6212,58,14,27,0
6213,58,14,27,0
6214,58,14,27,0
6215,58,14,27,0
6216,58,14,27,0
6217,58,14,27,0
6218,58,14,27,0
6219,58,14,27,0
6220,58,14,27,0
6221,58,14,27,0
6222,58,14,27,0
6223,58,14,27,0
6224,58,14,27,0
6225,58,14,27,0
6226,58,14,27,0
6227,58,14,27,0
6228,58,14,27,0
6229,58,14,27,0
6230,58,14,27,0
6231,58,14,27,0
6232,58,14,27,0
6233,58,14,27,0
6234,58,14,27,0
6235,58,14,27,0
6236,58,14,27,0
6237,58,14,27,0
6238,58,14,27,0
6239,58,14,27,0
6240,58,14,27,0
6241,58,14,27,0
6242,58,14,27,0
6243,58,14,27,0
6244,58,14,27,0
6245,58,14,27,0
6246,58,14,27,0
6247,58,14,27,0
6248,58,14,27,0
6249,58,14,27,0
6250,58,14,27,0
6251,58,14,27,0
6252,58,14,27,0
6253,58,14,27,0
6254,58,14,27,0
6255,58,14,27,0
6256,58,14,27,0
6257,58,14,27,0
6258,58,14,27,0
6259,58,14,27,0
6260,58,14,27,0
6261,58,14,27,0
6262,58,14,27,0
6263,58,14,27,0
6264,58,14,27,0
6265,58,14,27,0
6266,58,14,27,0
6267,58,14,27,0
6268,58,14,27,0
6269,58,14,27,0
6270,58,14,27,0
6271,58,14,27,0
6272,58,14,27,0
6273,58,14,27,0
6274,58,14,27,0
6275,58,14,27,0
6276,58,14,27,0
6277,58,14,27,0
6278,58,14,27,0
6279,58,14,27,0
6280,58,14,27,0
6281,58,14,27,0
6282,58,14,27,0
6283,58,14,27,0
6284,58,14,27,0
6285,58,14,27,0
6286,58,14,27,0
6287,58,14,27,0
6288,58,14,27,0
6289,58,14,27,0
6290,58,14,27,0
6291,58,14,27,0
6292,58,14,27,0
6293,58,14,27,0
6294,58,14,27,0
6295,58,14,27,0
6296,58,14,27,0
6297,58,14,27,0
6298,58,14,27,0
6299,58,14,27,0
6300,58,14,27,0
6301,58,14,27,0
6302,58,14,27,0
6303,58,14,27,0
6304,58,14,27,0
6305,58,14,27,0
6306,58,14,27,0
6307,58,14,27,0
6308,58,14,27,0
6309,58,14,27,0
6310,58,14,27,0
6311,58,14,27,0
6312,58,14,27,0
6313,58,14,27,0
6314,58,14,27,0
6315,58,14,27,0
6316,58,14,27,0
6317,58,14,27,0
6318,58,14,27,0
6319,58,14,27,0
6320,58,14,27,0
6321,58,14,27,0
6322,58,14,27,0
6323,58,14,27,0
6324,58,14,27,0
6325,58,14,27,0
6326,58,14,27,0
6327,58,14,27,0
6328,58,14,27,0
6329,58,14,27,0
6330,58,14,27,0
6331,58,14,27,0
6332,58,14,27,0
6333,58,14,27,0
6334,58,14,27,0
6335,58,14,27,0
6336,58,14,27,0
6337,58,14,27,0
6338,58,14,27,0
6339,58,14,27,0
6340,58,14,27,0
6341,58,14,27,0
6342,58,14,27,0
6343,58,14,27,0
6344,58,14,27,0
6345,58,14,27,0
6346,58,14,27,0
6347,58,14,27,0
6348,58,14,27,0
6349,58,14,27,0
6350,58,14,27,0
6351,58,14,27,0
6352,58,14,27,0
6353,58,14,27,0
6354,58,14,27,0
6355,58,14,27,0
6356,58,14,27,0
6357,58,14,27,0
6358,58,14,27,0
6359,58,14,27,0
6360,58,14,27,0
6361,58,14,27,0
6362,58,14,27,0
6363,58,14,27,0
6364,58,14,27,0
6365,58,14,27,0
6366,58,14,27,0
6367,58,14,27,0
6368,58,14,27,0
6369,58,14,27,0
6370,58,14,27,0
6371,58,14,27,0
6372,58,14,27,0
6373,58,14,27,0
6374,58,14,27,0
6375,58,14,27,0
6376,58,14,27,0
6377,58,14,27,0
6378,58,14,27,0
6379,58,14,27,0
6380,58,14,27,0
6381,58,14,27,0
6382,58,14,27,0
6383,58,14,27,0
6384,58,14,27,0
6385,58,14,27,0
6386,58,14,27,0
6387,58,14,27,0
6388,58,14,27,0
6389,58,14,27,0
6390,58,14,27,0
6391,58,14,27,0
6392,58,14,27,0
6393,58,14,27,0
6394,58,14,27,0
6395,58,14,27,0
6396,58,14,27,0
6397,58,14,27,0
6398,58,14,27,0
6399,58,14,27,0
6400,58,14,27,0
6401,58,14,27,0
6402,58,14,27,0
6403,58,14,27,0
6404,58,14,27,0
6405,58,14,27,0
6406,58,14,27,0
6407,58,14,27,0
6408,58,14,27,0
6409,58,14,27,0
6410,58,14,27,0
6411,58,14,27,0
6412,58,14,27,0
6413,58,14,27,0
6414,58,14,27,0
6415,58,14,27,0
6416,58,14,27,0
6417,58,14,27,0
6418,58,14,27,0
6419,58,14,27,0
6420,58,14,27,0
6421,58,14,27,0
6422,58,14,27,0
6423,58,14,27,0
6424,58,14,27,0
6425,58,14,27,0
6426,58,14,27,0
6427,58,14,27,0
6428,58,14,27,0
6429,58,14,27,0
6430,58,14,27,0
6431,58,14,27,0
6432,58,14,27,0
6433,58,14,27,0
6434,58,14,27,0
6435,58,14,27,0
6436,58,14,27,0
6437,58,14,27,0
6438,58,14,27,0
6439,58,14,27,0
6440,58,14,27,0
6441,58,14,27,0
6442,58,14,27,0
6443,58,14,27,0
6444,58,14,27,0
6445,58,14,27,0
6446,58,14,27,0
6447,58,14,27,0
6448,58,14,27,0
6449,58,14,27,0
6450,58,14,27,0
6451,58,14,27,0
6452,58,14,27,0
6453,58,14,27,0
6454,58,14,27,0
6455,58,14,27,0
6456,58,14,27,0
6457,58,14,27,0
6458,58,14,27,0
6459,58,14,27,0
6460,58,14,27,0
6461,58,14,27,0
6462,58,14,27,0
6463,58,14,27,0
6464,58,14,27,0
6465,58,14,27,0
6466,58,14,27,0
6467,58,14,27,0
6468,58,14,27,0
6469,58,14,27,0
6470,58,14,27,0
6471,58,14,27,0
6472,58,14,27,0
6473,58,14,27,0
6474,58,14,27,0
6475,58,14,27,0
6476,58,14,27,0
6477,58,14,27,0
6478,58,14,27,0
6479,58,14,27,0
6480,58,14,27,0
6481,58,14,27,0
6482,58,14,27,0
6483,58,14,27,0
6484,58,14,27,0
6485,58,14,27,0
6486,58,14,27,0
6487,58,14,27,0
6488,58,14,27,0
6489,58,14,27,0
6490,58,14,27,0
6491,58,14,27,0
6492,58,14,27,0
6493,58,14,27,0
6494,58,14,27,0
6495,58,14,27,0
6496,58,14,27,0
6497,58,14,27,0
6498,58,14,27,0
6499,58,14,27,0
6500,58,14,27,0
6501,58,14,27,0
6502,58,14,27,0
6503,58,14,27,0
6504,58,14,27,0
6505,58,14,27,0
6506,58,14,27,0
6507,58,14,27,0
6508,58,14,27,0
6509,58,14,27,0
6510,58,14,27,0
6511,58,14,27,0
6512,58,14,27,0
6513,58,14,27,0
6514,58,14,27,0
6515,58,14,27,0
6516,58,14,27,0
6517,58,14,27,0
6518,58,14,27,0
6519,58,14,27,0
6520,58,14,27,0
6521,58,14,27,0
6522,58,14,27,0
6523,58,14,27,0
6524,58,14,27,0
6525,58,14,27,0
6526,58,14,27,0
6527,58,14,27,0
6528,58,14,27,0
6529,58,14,27,0
6530,58,14,27,0
6531,58,14,27,0
6532,58,14,27,0
6533,58,14,27,0
6534,58,14,27,0
6535,58,14,27,0
6536,58,14,27,0
6537,58,14,27,0
6538,58,14,27,0
6539,58,14,27,0
6540,58,14,27,0
6541,58,14,27,0
6542,58,14,27,0
6543,58,14,27,0
6544,58,14,27,0
6545,58,14,27,0
6546,58,14,27,0
6547,58,14,27,0
6548,58,14,27,0
6549,58,14,27,0
6550,58,14,27,0
6551,58,14,27,0
6552,58,14,27,0
6553,58,14,27,0
6554,58,14,27,0
6555,58,14,27,0
6556,58,14,27,0
6557,58,14,27,0
6558,58,14,27,0
6559,58,14,27,0
6560,58,14,27,0
6561,58,14,27,0
6562,58,14,27,0
6563,58,14,27,0
6564,58,14,27,0
6565,58,14,27,0
6566,58,14,27,0
6567,58,14,27,0
6568,58,14,27,0
6569,58,14,27,0
6570,58,14,27,0
6571,58,14,27,0
6572,58,14,27,0
6573,58,14,27,0
6574,58,14,27,0
6575,58,14,27,0
6576,58,14,27,0
6577,58,14,27,0
6578,58,14,27,0
6579,58,14,27,0
6580,58,14,27,0
6581,58,14,27,0
6582,58,14,27,0
6583,58,14,27,0
6584,58,14,27,0
6585,58,14,27,0
6586,58,14,27,0
6587,58,14,27,0
6588,58,14,27,0
6589,58,14,27,0
6590,58,14,27,0
6591,58,14,27,0
6592,58,14,27,0
6593,58,14,27,0
6594,58,14,27,0
6595,58,14,27,0
6596,58,14,27,0
6597,58,14,27,0
6598,58,14,27,0
6599,58,14,27,0
6600,58,14,27,0
6601,58,14,27,0
6602,58,14,27,0
6603,58,14,27,0
6604,58,14,27,0
6605,58,14,27,0
6606,58,14,27,0
6607,58,14,27,0
6608,58,14,27,0
6609,58,14,27,0
6610,58,14,27,0
6611,58,14,27,0
6612,58,14,27,0
6613,58,14,27,0
6614,58,14,27,0
6615,58,14,27,0
6616,58,14,27,0
6617,58,14,27,0
6618,58,14,27,0
6619,58,14,27,0
6620,58,14,27,0
6621,58,14,27,0
6622,58,14,27,0
6623,58,14,27,0
6624,58,14,27,0
6625,58,14,27,0
6626,58,14,27,0
6627,58,14,27,0
6628,58,14,27,0
6629,58,14,27,0
6630,58,14,27,0
6631,58,14,27,0
6632,58,14,27,0
6633,58,14,27,0
6634,58,14,27,0
6635,58,14,27,0
6636,58,14,27,0
6637,58,14,27,0
6638,58,14,27,0
6639,58,14,27,0
6640,58,14,27,0
6641,58,14,27,0
6642,58,14,27,0
6643,58,14,27,0
6644,58,14,27,0
6645,58,14,27,0
6646,58,14,27,0
6647,58,14,27,0
6648,58,14,27,0
6649,58,14,27,0
6650,58,14,27,0
6651,58,14,27,0
6652,58,14,27,0
6653,58,14,27,0
6654,58,14,27,0
6655,58,14,27,0
6656,58,14,27,0
6657,58,14,27,0
6658,58,14,27,0
6659,58,14,27,0
6660,58,14,27,0
6661,58,14,27,0
6662,58,14,27,0
6663,58,14,27,0
6664,58,14,27,0
6665,58,14,27,0
6666,58,14,27,0
6667,58,14,27,0
6668,58,14,27,0
6669,58,14,27,0
6670,58,14,27,0
6671,58,14,27,0
6672,58,14,27,0
6673,58,14,27,0
6674,58,14,27,0
6675,58,14,27,0
6676,58,14,27,0
6677,58,14,27,0
6678,58,14,27,0
6679,58,14,27,0
6680,58,14,27,0
6681,58,14,27,0
6682,58,14,27,0
6683,58,14,27,0
6684,58,14,27,0
6685,58,14,27,0
6686,58,14,27,0
6687,58,14,27,0
6688,58,14,27,0
6689,58,14,27,0
6690,58,14,27,0
6691,58,14,27,0
6692,58,14,27,0
6693,58,14,27,0
6694,58,14,27,0
6695,58,14,27,0
6696,58,14,27,0
6697,58,14,27,0
6698,58,14,27,0
6699,58,14,27,0
6700,58,14,27,0
6701,58,14,27,0
6702,58,14,27,0
6703,58,14,27,0
6704,58,14,27,0
6705,58,14,27,0
6706,58,14,27,0
6707,58,14,27,0
6708,58,14,27,0
6709,58,14,27,0
6710,58,14,27,0
6711,58,14,27,0
6712,58,14,27,0
6713,58,14,27,0
6714,58,14,27,0
6715,58,14,27,0
6716,58,14,27,0
6717,58,14,27,0
6718,58,14,27,0
6719,58,14,27,0
6720,58,14,27,0
6721,58,14,27,0
6722,58,14,27,0
6723,58,14,27,0
6724,58,14,27,0
6725,58,14,27,0
6726,58,14,27,0
6727,58,14,27,0
6728,58,14,27,0
6729,58,14,27,0
6730,58,14,27,0
6731,58,14,27,0
6732,58,14,27,0
6733,58,14,27,0
6734,58,14,27,0
6735,58,14,27,0
6736,58,14,27,0
6737,58,14,27,0
6738,58,14,27,0
6739,58,14,27,0
6740,58,14,27,0
6741,58,14,27,0
6742,58,14,27,0
6743,58,14,27,0
6744,58,14,27,0
6745,58,14,27,0
6746,58,14,27,0
6747,58,14,27,0
6748,58,14,27,0
6749,58,14,27,0
6750,58,14,27,0
6751,58,14,27,0
6752,58,14,27,0
6753,58,14,27,0
6754,58,14,27,0
6755,58,14,27,0
6756,58,14,27,0
6757,58,14,27,0
6758,58,14,27,0
6759,58,14,27,0
6760,58,14,27,0
6761,58,14,27,0
6762,58,14,27,0
6763,58,14,27,0
6764,58,14,27,0
6765,58,14,27,0
6766,58,14,27,0
6767,58,14,27,0
6768,58,14,27,0
6769,58,14,27,0
6770,58,14,27,0
6771,58,14,27,0
6772,58,14,27,0
6773,58,14,27,0
6774,58,14,27,0
6775,58,14,27,0
6776,58,14,27,0
6777,58,14,27,0
6778,58,14,27,0
6779,58,14,27,0
6780,58,14,27,0
6781,58,14,27,0
6782,58,14,27,0
6783,58,14,27,0
6784,58,14,27,0
6785,58,14,27,0
6786,58,14,27,0
6787,58,14,27,0
6788,58,14,27,0
6789,58,14,27,0
6790,58,14,27,0
6791,58,14,27,0
6792,58,14,27,0
6793,58,14,27,0
6794,58,14,27,0
6795,58,14,27,0
6796,58,14,27,0
6797,58,14,27,0
6798,58,14,27,0
6799,58,14,27,0
6800,58,14,27,0
6801,58,14,27,0
6802,58,14,27,0
6803,58,14,27,0
6804,58,14,27,0
6805,58,14,27,0
6806,58,14,27,0
6807,58,14,27,0
6808,58,14,27,0
6809,58,14,27,0
6810,58,14,27,0
6811,58,14,27,0
6812,58,14,27,0
6813,58,14,27,0
6814,58,14,27,0
6815,58,14,27,0
6816,58,14,27,0
6817,58,14,27,0
6818,58,14,27,0
6819,58,14,27,0
6820,58,14,27,0
6821,58,14,27,0
6822,58,14,27,0
6823,58,14,27,0
6824,58,14,27,0
6825,58,14,27,0
6826,58,14,27,0
6827,58,14,27,0
6828,58,14,27,0
6829,58,14,27,0
6830,58,14,27,0
6831,58,14,27,0
6832,58,14,27,0
6833,58,14,27,0
6834,58,14,27,0
6835,58,14,27,0
6836,58,14,27,0
6837,58,14,27,0
6838,58,14,27,0
6839,58,14,27,0
6840,58,14,27,0
6841,58,14,27,0
6842,58,14,27,0
6843,58,14,27,0
6844,58,14,27,0
6845,58,14,27,0
6846,58,14,27,0
6847,58,14,27,0
6848,58,14,27,0
6849,58,14,27,0
6850,58,14,27,0
6851,58,14,27,0
6852,58,14,27,0
6853,58,14,27,0
6854,58,14,27,0
6855,58,14,27,0
6856,58,14,27,0
6857,58,14,27,0
6858,58,14,27,0
6859,58,14,27,0
6860,58,14,27,0
6861,58,14,27,0
6862,58,14,27,0
6863,58,14,27,0
6864,58,14,27,0
6865,58,14,27,0
6866,58,14,27,0
6867,58,14,27,0
6868,58,14,27,0
6869,58,14,27,0
6870,58,14,27,0
6871,58,14,27,0
6872,58,14,27,0
6873,58,14,27,0
6874,58,14,27,0
6875,58,14,27,0
6876,58,14,27,0
6877,58,14,27,0
6878,58,14,27,0
6879,58,14,27,0
6880,58,14,27,0
6881,58,14,27,0
6882,58,14,27,0
6883,58,14,27,0
6884,58,14,27,0
6885,58,14,27,0
6886,58,14,27,0
6887,58,14,27,0
6888,58,14,27,0
6889,58,14,27,0
6890,58,14,27,0
6891,58,14,27,0
6892,58,14,27,0
6893,58,14,27,0
6894,58,14,27,0
6895,58,14,27,0
6896,58,14,27,0
6897,58,14,27,0
6898,58,14,27,0
6899,58,14,27,0
6900,58,14,27,0
6901,58,14,27,0
6902,58,14,27,0
6903,58,14,27,0
6904,58,14,27,0
6905,58,14,27,0
6906,58,14,27,0
6907,58,14,27,0
6908,58,14,27,0
6909,58,14,27,0
6910,58,14,27,0
6911,58,14,27,0
6912,58,14,27,0
6913,58,14,27,0
6914,58,14,27,0
6915,58,14,27,0
6916,58,14,27,0
6917,58,14,27,0
6918,58,14,27,0
6919,58,14,27,0
6920,58,14,27,0
6921,58,14,27,0
6922,58,14,27,0
6923,58,14,27,0
6924,58,14,27,0
6925,58,14,27,0
6926,58,14,27,0
6927,58,14,27,0
6928,58,14,27,0
6929,58,14,27,0
6930,58,14,27,0
6931,58,14,27,0
6932,58,14,27,0
6933,58,14,27,0
6934,58,14,27,0
6935,58,14,27,0
6936,58,14,27,0
6937,58,14,27,0
6938,58,14,27,0
6939,58,14,27,0
6940,58,14,27,0
6941,58,14,27,0
6942,58,14,27,0
6943,58,14,27,0
6944,58,14,27,0
6945,58,14,27,0
6946,58,14,27,0
6947,58,14,27,0
6948,58,14,27,0
6949,58,14,27,0
6950,58,14,27,0
6951,58,14,27,0
6952,58,14,27,0
6953,58,14,27,0
6954,58,14,27,0
6955,58,14,27,0
6956,58,14,27,0
6957,58,14,27,0
6958,58,14,27,0
6959,58,14,27,0
6960,58,14,27,0
6961,58,14,27,0
6962,58,14,27,0
6963,58,14,27,0
6964,58,14,27,0
6965,58,14,27,0
6966,58,14,27,0
6967,58,14,27,0
6968,58,14,27,0
6969,58,14,27,0
6970,58,14,27,0
6971,58,14,27,0
6972,58,14,27,0
6973,58,14,27,0
6974,58,14,27,0
6975,58,14,27,0
6976,58,14,27,0
6977,58,14,27,0
6978,58,14,27,0
6979,58,14,27,0
6980,58,14,27,0
6981,58,14,27,0
6982,58,14,27,0
6983,58,14,27,0
6984,58,14,27,0
6985,58,14,27,0
6986,58,14,27,0
6987,58,14,27,0
6988,58,14,27,0
6989,58,14,27,0
6990,58,14,27,0
6991,58,14,27,0
6992,58,14,27,0
6993,58,14,27,0
6994,58,14,27,0
6995,58,14,27,0
6996,58,14,27,0
6997,58,14,27,0
6998,58,14,27,0
6999,58,14,27,0
7000,58,14,27,0
7001,58,14,27,0
7002,58,14,27,0
7003,58,14,27,0
7004,58,14,27,0
7005,58,14,27,0
7006,58,14,27,0
7007,58,14,27,0
7008,58,14,27,0
7009,58,14,27,0
7010,58,14,27,0
7011,58,14,27,0
7012,58,14,27,0
7013,58,14,27,0
7014,58,14,27,0
7015,58,14,27,0
7016,58,14,27,0
7017,58,14,27,0
7018,58,14,27,0
7019,58,14,27,0
7020,58,14,27,0
7021,58,14,27,0
7022,58,14,27,0
7023,58,14,27,0
7024,58,14,27,0
7025,58,14,27,0
7026,58,14,27,0
7027,58,14,27,0
7028,58,14,27,0
7029,58,14,27,0
7030,58,14,27,0
7031,58,14,27,0
7032,58,14,27,0
7033,58,14,27,0
7034,58,14,27,0
7035,58,14,27,0
7036,58,14,27,0
7037,58,14,27,0
7038,58,14,27,0
7039,58,14,27,0
7040,58,14,27,0
7041,58,14,27,0
7042,58,14,27,0
7043,58,14,27,0
7044,58,14,27,0
7045,58,14,27,0
7046,58,14,27,0
7047,58,14,27,0
7048,58,14,27,0
7049,58,14,27,0
7050,58,14,27,0
7051,58,14,27,0
7052,58,14,27,0
7053,58,14,27,0
7054,58,14,27,0
7055,58,14,27,0
7056,58,14,27,0
7057,58,14,27,0
7058,58,14,27,0
7059,58,14,27,0
7060,58,14,27,0
7061,58,14,27,0
7062,58,14,27,0
7063,58,14,27,0
7064,58,14,27,0
7065,58,14,27,0
7066,58,14,27,0
7067,58,14,27,0
7068,58,14,27,0
7069,58,14,27,0
7070,58,14,27,0
7071,58,14,27,0
7072,58,14,27,0
7073,58,14,27,0
7074,58,14,27,0
7075,58,14,27,0
7076,58,14,27,0
7077,58,14,27,0
7078,58,14,27,0
7079,58,14,27,0
7080,58,14,27,0
7081,58,14,27,0
7082,58,14,27,0
7083,58,14,27,0
7084,58,14,27,0
7085,58,14,27,0
7086,58,14,27,0
7087,58,14,27,0
7088,58,14,27,0
7089,58,14,27,0
7090,58,14,27,0
7091,58,14,27,0
7092,58,14,27,0
7093,58,14,27,0
7094,58,14,27,0
7095,58,14,27,0
7096,58,14,27,0
7097,58,14,27,0
7098,58,14,27,0
7099,58,14,27,0
7100,58,14,27,0
7101,58,14,27,0
7102,58,14,27,0
7103,58,14,27,0
7104,58,14,27,0
7105,58,14,27,0
7106,58,14,27,0
7107,58,14,27,0
7108,58,14,27,0
7109,58,14,27,0
7110,58,14,27,0
7111,58,14,27,0
7112,58,14,27,0
7113,58,14,27,0
7114,58,14,27,0
7115,58,14,27,0
7116,58,14,27,0
7117,58,14,27,0
7118,58,14,27,0
7119,58,14,27,0
7120,58,14,27,0
7121,58,14,27,0
7122,58,14,27,0
7123,58,14,27,0
7124,58,14,27,0
7125,58,14,27,0
7126,58,14,27,0
7127,58,14,27,0
7128,58,14,27,0
7129,58,14,27,0
7130,58,14,27,0
7131,58,14,27,0
7132,58,14,27,0
7133,58,14,27,0
7134,58,14,27,0
7135,58,14,27,0
7136,58,14,27,0
7137,58,14,27,0
7138,58,14,27,0
7139,58,14,27,0
7140,58,14,27,0
7141,58,14,27,0
7142,58,14,27,0
7143,58,14,27,0
7144,58,14,27,0
7145,58,14,27,0
7146,58,14,27,0
7147,58,14,27,0
7148,58,14,27,0
7149,58,14,27,0
7150,58,14,27,0
7151,58,14,27,0
7152,58,14,27,0
7153,58,14,27,0
7154,58,14,27,0
7155,58,14,27,0
7156,58,14,27,0
7157,58,14,27,0
7158,58,14,27,0
7159,58,14,27,0
7160,58,14,27,0
7161,58,14,27,0
7162,58,14,27,0
7163,58,14,27,0
7164,58,14,27,0
7165,58,14,27,0
7166,58,14,27,0
7167,58,14,27,0
7168,58,14,27,0
7169,58,14,27,0
7170,58,14,27,0
7171,58,14,27,0
7172,58,14,27,0
7173,58,14,27,0
7174,58,14,27,0
7175,58,14,27,0
7176,58,14,27,0
7177,58,14,27,0
7178,58,14,27,0
7179,58,14,27,0
7180,58,14,27,0
7181,58,14,27,0
7182,58,14,27,0
7183,58,14,27,0
7184,58,14,27,0
7185,58,14,27,0
7186,58,14,27,0
7187,58,14,27,0
7188,58,14,27,0
7189,58,14,27,0
7190,58,14,27,0
7191,58,14,27,0
7192,58,14,27,0
7193,58,14,27,0
7194,58,14,27,0
7195,58,14,27,0
7196,58,14,27,0
7197,58,14,27,0
7198,58,14,27,0
7199,58,14,27,0
7200,58,14,27,0
7201,58,14,27,0
7202,58,14,27,0
7203,58,14,27,0
7204,58,14,27,0
7205,58,14,27,0
7206,58,14,27,0
7207,58,14,27,0
7208,58,14,27,0
7209,58,14,27,0
7210,58,14,27,0
7211,58,14,27,0
7212,58,14,27,0
7213,58,14,27,0
7214,58,14,27,0
7215,58,14,27,0
7216,58,14,27,0
7217,58,14,27,0
7218,58,14,27,0
7219,58,14,27,0
7220,58,14,27,0
7221,58,14,27,0
7222,58,14,27,0
7223,58,14,27,0
7224,58,14,27,0
7225,58,14,27,0
7226,58,14,27,0
7227,58,14,27,0
7228,58,14,27,0
7229,58,14,27,0
7230,58,14,27,0
7231,58,14,27,0
7232,58,14,27,0
7233,58,14,27,0
7234,58,14,27,0
7235,58,14,27,0
7236,58,14,27,0
7237,58,14,27,0
7238,58,14,27,0
7239,58,14,27,0
7240,58,14,27,0
7241,58,14,27,0
7242,58,14,27,0
7243,58,14,27,0
7244,58,14,27,0
7245,58,14,27,0
7246,58,14,27,0
7247,58,14,27,0
7248,58,14,27,0
7249,58,14,27,0
7250,58,14,27,0
7251,58,14,27,0
7252,58,14,27,0
7253,58,14,27,0
7254,58,14,27,0
7255,58,14,27,0
7256,58,14,27,0
7257,58,14,27,0
7258,58,14,27,0
7259,58,14,27,0
7260,58,14,27,0
7261,58,14,27,0
7262,58,14,27,0
7263,58,14,27,0
7264,58,14,27,0
7265,58,14,27,0
7266,58,14,27,0
7267,58,14,27,0
7268,58,14,27,0
7269,58,14,27,0
7270,58,14,27,0
7271,58,14,27,0
7272,58,14,27,0
7273,58,14,27,0
7274,58,14,27,0
7275,58,14,27,0
7276,58,14,27,0
7277,58,14,27,0
7278,58,14,27,0
7279,58,14,27,0
7280,58,14,27,0
7281,58,14,27,0
7282,58,14,27,0
7283,58,14,27,0
7284,58,14,27,0
7285,58,14,27,0
7286,58,14,27,0
7287,58,14,27,0
7288,58,14,27,0
7289,58,14,27,0
7290,58,14,27,0
7291,58,14,27,0
7292,58,14,27,0
7293,58,14,27,0
7294,58,14,27,0
7295,58,14,27,0
7296,58,14,27,0
7297,58,14,27,0
7298,58,14,27,0
7299,58,14,27,0
7300,58,14,27,0
7301,58,14,27,0
7302,58,14,27,0
7303,58,14,27,0
7304,58,14,27,0
7305,58,14,27,0
7306,58,14,27,0
7307,58,14,27,0
7308,58,14,27,0
7309,58,14,27,0
7310,58,14,27,0
7311,58,14,27,0
7312,58,14,27,0
7313,58,14,27,0
7314,58,14,27,0
7315,58,14,27,0
7316,58,14,27,0
7317,58,14,27,0
7318,58,14,27,0
7319,58,14,27,0
7320,58,14,27,0
7321,58,14,27,0
7322,58,14,27,0
7323,58,14,27,0
7324,58,14,27,0
7325,58,14,27,0
7326,58,14,27,0
7327,58,14,27,0
7328,58,14,27,0
7329,58,14,27,0
7330,58,14,27,0
7331,58,14,27,0
7332,58,14,27,0
7333,58,14,27,0
7334,58,14,27,0
7335,58,14,27,0
7336,58,14,27,0
7337,58,14,27,0
7338,58,14,27,0
7339,58,14,27,0
7340,58,14,27,0
7341,58,14,27,0
7342,58,14,27,0
7343,58,14,27,0
7344,58,14,27,0
7345,58,14,27,0
7346,58,14,27,0
7347,58,14,27,0
7348,58,14,27,0
7349,58,14,27,0
7350,58,14,27,0
7351,58,14,27,0
7352,58,14,27,0
7353,58,14,27,0
7354,58,14,27,0
7355,58,14,27,0
7356,58,14,27,0
7357,58,14,27,0
7358,58,14,27,0
7359,58,14,27,0
7360,58,14,27,0
7361,58,14,27,0
7362,58,14,27,0
7363,58,14,27,0
7364,58,14,27,0
7365,58,14,27,0
7366,58,14,27,0
7367,58,14,27,0
7368,58,14,27,0
7369,58,14,27,0
7370,58,14,27,0
7371,58,14,27,0
7372,58,14,27,0
7373,58,14,27,0
7374,58,14,27,0
7375,58,14,27,0
7376,58,14,27,0
7377,58,14,27,0
7378,58,14,27,0
7379,58,14,27,0
7380,58,14,27,0
7381,58,14,27,0
7382,58,14,27,0
7383,58,14,27,0
7384,58,14,27,0
7385,58,14,27,0
7386,58,14,27,0
7387,58,14,27,0
7388,58,14,27,0
7389,58,14,27,0
7390,58,14,27,0
7391,58,14,27,0
7392,58,14,27,0
7393,58,14,27,0
7394,58,14,27,0
7395,58,14,27,0
7396,58,14,27,0
7397,58,14,27,0
7398,58,14,27,0
7399,58,14,27,0
7400,58,14,27,0
7401,58,14,27,0
7402,58,14,27,0
7403,58,14,27,0
7404,58,14,27,0
7405,58,14,27,0
7406,58,14,27,0
7407,58,14,27,0
7408,58,14,27,0
7409,58,14,27,0
7410,58,14,27,0
7411,58,14,27,0
7412,58,14,27,0
7413,58,14,27,0
7414,58,14,27,0
7415,58,14,27,0
7416,58,14,27,0
7417,58,14,27,0
7418,58,14,27,0
7419,58,14,27,0
7420,58,14,27,0
7421,58,14,27,0
7422,58,14,27,0
7423,58,14,27,0
7424,58,14,27,0
7425,58,14,27,0
7426,58,14,27,0
7427,58,14,27,0
7428,58,14,27,0
7429,58,14,27,0
7430,58,14,27,0
7431,58,14,27,0
7432,58,14,27,0
7433,58,14,27,0
7434,58,14,27,0
7435,58,14,27,0
7436,58,14,27,0
7437,58,14,27,0
7438,58,14,27,0
7439,58,14,27,0
7440,58,14,27,0
7441,58,14,27,0
7442,58,14,27,0
7443,58,14,27,0
7444,58,14,27,0
7445,58,14,27,0
7446,58,14,27,0
7447,58,14,27,0
7448,58,14,27,0
7449,58,14,27,0
7450,58,14,27,0
7451,58,14,27,0
7452,58,14,27,0
7453,58,14,27,0
7454,58,14,27,0
7455,58,14,27,0
7456,58,14,27,0
7457,58,14,27,0
7458,58,14,27,0
7459,58,14,27,0
7460,58,14,27,0
7461,58,14,27,0
7462,58,14,27,0
7463,58,14,27,0
7464,58,14,27,0
7465,58,14,27,0
7466,58,14,27,0
7467,58,14,27,0
7468,58,14,27,0
7469,58,14,27,0
7470,58,14,27,0
7471,58,14,27,0
7472,58,14,27,0
7473,58,14,27,0
7474,58,14,27,0
7475,58,14,27,0
7476,58,14,27,0
7477,58,14,27,0
7478,58,14,27,0
7479,58,14,27,0
7480,58,14,27,0
7481,58,14,27,0
7482,58,14,27,0
7483,58,14,27,0
7484,58,14,27,0
7485,58,14,27,0
7486,58,14,27,0
7487,58,14,27,0
7488,58,14,27,0
7489,58,14,27,0
7490,58,14,27,0
7491,58,14,27,0
7492,58,14,27,0
7493,58,14,27,0
7494,58,14,27,0
7495,58,14,27,0
7496,58,14,27,0
7497,58,14,27,0
7498,58,14,27,0
7499,58,14,27,0
7500,58,14,27,0
7501,58,14,27,0
7502,58,14,27,0
7503,58,14,27,0
7504,58,14,27,0
7505,58,14,27,0
7506,58,14,27,0
7507,58,14,27,0
7508,58,14,27,0
7509,58,14,27,0
7510,58,14,27,0
7511,58,14,27,0
7512,58,14,27,0
7513,58,14,27,0
7514,58,14,27,0
7515,58,14,27,0
7516,58,14,27,0
7517,58,14,27,0
7518,58,14,27,0
7519,58,14,27,0
7520,58,14,27,0
7521,58,14,27,0
7522,58,14,27,0
7523,58,14,27,0
7524,58,14,27,0
7525,58,14,27,0
7526,58,14,27,0
7527,58,14,27,0
7528,58,14,27,0
7529,58,14,27,0
7530,58,14,27,0
7531,58,14,27,0
7532,58,14,27,0
7533,58,14,27,0
7534,58,14,27,0
7535,58,14,27,0
7536,58,14,27,0
7537,58,14,27,0
7538,58,14,27,0
7539,58,14,27,0
7540,58,14,27,0
7541,58,14,27,0
7542,58,14,27,0
7543,58,14,27,0
7544,58,14,27,0
7545,58,14,27,0
7546,58,14,27,0
7547,58,14,27,0
7548,58,14,27,0
7549,58,14,27,0
7550,58,14,27,0
7551,58,14,27,0
7552,58,14,27,0
7553,58,14,27,0
7554,58,14,27,0
7555,58,14,27,0
7556,58,14,27,0
7557,58,14,27,0
7558,58,14,27,0
7559,58,14,27,0
7560,58,14,27,0
7561,58,14,27,0
7562,58,14,27,0
7563,58,14,27,0
7564,58,14,27,0
7565,58,14,27,0
7566,58,14,27,0
7567,58,14,27,0
7568,58,14,27,0
7569,58,14,27,0
7570,58,14,27,0
7571,58,14,27,0
7572,58,14,27,0
7573,58,14,27,0
7574,58,14,27,0
7575,58,14,27,0
7576,58,14,27,0
7577,58,14,27,0
7578,58,14,27,0
7579,58,14,27,0
7580,58,14,27,0
7581,58,14,27,0
7582,58,14,27,0
7583,58,14,27,0
7584,58,14,27,0
7585,58,14,27,0
7586,58,14,27,0
7587,58,14,27,0
7588,58,14,27,0
7589,58,14,27,0
7590,58,14,27,0
7591,58,14,27,0
7592,58,14,27,0
7593,58,14,27,0
7594,58,14,27,0
7595,58,14,27,0
7596,58,14,27,0
7597,58,14,27,0
7598,58,14,27,0
7599,58,14,27,0
7600,58,14,27,0
7601,58,14,27,0
7602,58,14,27,0
7603,58,14,27,0
7604,58,14,27,0
7605,58,14,27,0
7606,58,14,27,0
7607,58,14,27,0
7608,58,14,27,0
7609,58,14,27,0
7610,58,14,27,0
7611,58,14,27,0
7612,58,14,27,0
7613,58,14,27,0
7614,58,14,27,0
7615,58,14,27,0
7616,58,14,27,0
7617,58,14,27,0
7618,58,14,27,0
7619,58,14,27,0
7620,58,14,27,0
7621,58,14,27,0
7622,58,14,27,0
7623,58,14,27,0
7624,58,14,27,0
7625,58,14,27,0
7626,58,14,27,0
7627,58,14,27,0
7628,58,14,27,0
7629,58,14,27,0
7630,58,14,27,0
7631,58,14,27,0
7632,58,14,27,0
7633,58,14,27,0
7634,58,14,27,0
7635,58,14,27,0
7636,58,14,27,0
7637,58,14,27,0
7638,58,14,27,0
7639,58,14,27,0
7640,58,14,27,0
7641,58,14,27,0
7642,58,14,27,0
7643,58,14,27,0
7644,58,14,27,0
7645,58,14,27,0
7646,58,14,27,0
7647,58,14,27,0
7648,58,14,27,0
7649,58,14,27,0
7650,58,14,27,0
7651,58,14,27,0
7652,58,14,27,0
7653,58,14,27,0
7654,58,14,27,0
7655,58,14,27,0
7656,58,14,27,0
7657,58,14,27,0
7658,58,14,27,0
7659,58,14,27,0
7660,58,14,27,0
7661,58,14,27,0
7662,58,14,27,0
7663,58,14,27,0
7664,58,14,27,0
7665,58,14,27,0
7666,58,14,27,0
7667,58,14,27,0
7668,58,14,27,0
7669,58,14,27,0
7670,58,14,27,0
7671,58,14,27,0
7672,58,14,27,0
7673,58,14,27,0
7674,58,14,27,0
7675,58,14,27,0
7676,58,14,27,0
7677,58,14,27,0
7678,58,14,27,0
7679,58,14,27,0
7680,58,14,27,0
7681,58,14,27,0
7682,58,14,27,0
7683,58,14,27,0
7684,58,14,27,0
7685,58,14,27,0
7686,58,14,27,0
7687,58,14,27,0
7688,58,14,27,0
7689,58,14,27,0
7690,58,14,27,0
7691,58,14,27,0
7692,58,14,27,0
7693,58,14,27,0
7694,58,14,27,0
7695,58,14,27,0
7696,58,14,27,0
7697,58,14,27,0
7698,58,14,27,0
7699,58,14,27,0
7700,58,14,27,0
7701,58,14,27,0
7702,58,14,27,0
7703,58,14,27,0
7704,58,14,27,0
7705,58,14,27,0
7706,58,14,27,0
7707,58,14,27,0
7708,58,14,27,0
7709,58,14,27,0
7710,58,14,27,0
7711,58,14,27,0
7712,58,14,27,0
7713,58,14,27,0
7714,58,14,27,0
7715,58,14,27,0
7716,58,14,27,0
7717,58,14,27,0
7718,58,14,27,0
7719,58,14,27,0
7720,58,14,27,0
7721,58,14,27,0
7722,58,14,27,0
7723,58,14,27,0
7724,58,14,27,0
7725,58,14,27,0
7726,58,14,27,0
7727,58,14,27,0
7728,58,14,27,0
7729,58,14,27,0
7730,58,14,27,0
7731,58,14,27,0
7732,58,14,27,0
7733,58,14,27,0
7734,58,14,27,0
7735,58,14,27,0
7736,58,14,27,0
7737,58,14,27,0
7738,58,14,27,0
7739,58,14,27,0
7740,58,14,27,0
7741,58,14,27,0
7742,58,14,27,0
7743,58,14,27,0
7744,58,14,27,0
7745,58,14,27,0
7746,58,14,27,0
7747,58,14,27,0
7748,58,14,27,0
7749,58,14,27,0
7750,58,14,27,0
7751,58,14,27,0
7752,58,14,27,0
7753,58,14,27,0
7754,58,14,27,0
7755,58,14,27,0
7756,58,14,27,0
7757,58,14,27,0
7758,58,14,27,0
7759,58,14,27,0
7760,58,14,27,0
7761,58,14,27,0
7762,58,14,27,0
7763,58,14,27,0
7764,58,14,27,0
7765,58,14,27,0
7766,58,14,27,0
7767,58,14,27,0
7768,58,14,27,0
7769,58,14,27,0
7770,58,14,27,0
7771,58,14,27,0
7772,58,14,27,0
7773,58,14,27,0
7774,58,14,27,0
7775,58,14,27,0
7776,58,14,27,0
7777,58,14,27,0
7778,58,14,27,0
7779,58,14,27,0
7780,58,14,27,0
7781,58,14,27,0
7782,58,14,27,0
7783,58,14,27,0
7784,58,14,27,0
7785,58,14,27,0
7786,58,14,27,0
7787,58,14,27,0
7788,58,14,27,0
7789,58,14,27,0
7790,58,14,27,0
7791,58,14,27,0
7792,58,14,27,0
7793,58,14,27,0
7794,58,14,27,0
7795,58,14,27,0
7796,58,14,27,0
7797,58,14,27,0
7798,58,14,27,0
7799,58,14,27,0
7800,58,14,27,0
7801,58,14,27,0
7802,58,14,27,0
7803,58,14,27,0
7804,58,14,27,0
7805,58,14,27,0
7806,58,14,27,0
7807,58,14,27,0
7808,58,14,27,0
7809,58,14,27,0
7810,58,14,27,0
7811,58,14,27,0
7812,58,14,27,0
7813,58,14,27,0
7814,58,14,27,0
7815,58,14,27,0
7816,58,14,27,0
7817,58,14,27,0
7818,58,14,27,0
7819,58,14,27,0
7820,58,14,27,0
7821,58,14,27,0
7822,58,14,27,0
7823,58,14,27,0
7824,58,14,27,0
7825,58,14,27,0
7826,58,14,27,0
7827,58,14,27,0
7828,58,14,27,0
7829,58,14,27,0
7830,58,14,27,0
7831,58,14,27,0
7832,58,14,27,0
7833,58,14,27,0
7834,58,14,27,0
7835,58,14,27,0
7836,58,14,27,0
7837,58,14,27,0
7838,58,14,27,0
7839,58,14,27,0
7840,58,14,27,0
7841,58,14,27,0
7842,58,14,27,0
7843,58,14,27,0
7844,58,14,27,0
7845,58,14,27,0
7846,58,14,27,0
7847,58,14,27,0
7848,58,14,27,0
7849,58,14,27,0
7850,58,14,27,0
7851,58,14,27,0
7852,58,14,27,0
7853,58,14,27,0
7854,58,14,27,0
7855,58,14,27,0
7856,58,14,27,0
7857,58,14,27,0
7858,58,14,27,0
7859,58,14,27,0
7860,58,14,27,0
7861,58,14,27,0
7862,58,14,27,0
7863,58,14,27,0
7864,58,14,27,0
7865,58,14,27,0
7866,58,14,27,0
7867,58,14,27,0
7868,58,14,27,0
7869,58,14,27,0
7870,58,14,27,0
7871,58,14,27,0
7872,58,14,27,0
7873,58,14,27,0
7874,58,14,27,0
7875,58,14,27,0
7876,58,14,27,0
7877,58,14,27,0
7878,58,14,27,0
7879,58,14,27,0
7880,58,14,27,0
7881,58,14,27,0
7882,58,14,27,0
7883,58,14,27,0
7884,58,14,27,0
7885,58,14,27,0
7886,58,14,27,0
7887,58,14,27,0
7888,58,14,27,0
7889,58,14,27,0
7890,58,14,27,0
7891,58,14,27,0
7892,58,14,27,0
7893,58,14,27,0
7894,58,14,27,0
7895,58,14,27,0
7896,58,14,27,0
7897,58,14,27,0
7898,58,14,27,0
7899,58,14,27,0
7900,58,14,27,0
7901,58,14,27,0
7902,58,14,27,0
7903,58,14,27,0
7904,58,14,27,0
7905,58,14,27,0
7906,58,14,27,0
7907,58,14,27,0
7908,58,14,27,0
7909,58,14,27,0
7910,58,14,27,0
7911,58,14,27,0
7912,58,14,27,0
7913,58,14,27,0
7914,58,14,27,0
7915,58,14,27,0
7916,58,14,27,0
7917,58,14,27,0
7918,58,14,27,0
7919,58,14,27,0
7920,58,14,27,0
7921,58,14,27,0
7922,58,14,27,0
7923,58,14,27,0
7924,58,14,27,0
7925,58,14,27,0
7926,58,14,27,0
7927,58,14,27,0
7928,58,14,27,0
7929,58,14,27,0
7930,58,14,27,0
7931,58,14,27,0
7932,58,14,27,0
7933,58,14,27,0
7934,58,14,27,0
7935,58,14,27,0
7936,58,14,27,0
7937,58,14,27,0
7938,58,14,27,0
7939,58,14,27,0
7940,58,14,27,0
7941,58,14,27,0
7942,58,14,27,0
7943,58,14,27,0
7944,58,14,27,0
7945,58,14,27,0
7946,58,14,27,0
7947,58,14,27,0
7948,58,14,27,0
7949,58,14,27,0
7950,58,14,27,0
7951,58,14,27,0
7952,58,14,27,0
7953,58,14,27,0
7954,58,14,27,0
7955,58,14,27,0
7956,58,14,27,0
7957,58,14,27,0
7958,58,14,27,0
7959,58,14,27,0
7960,58,14,27,0
7961,58,14,27,0
7962,58,14,27,0
7963,58,14,27,0
7964,58,14,27,0
7965,58,14,27,0
7966,58,14,27,0
7967,58,14,27,0
7968,58,14,27,0
7969,58,14,27,0
7970,58,14,27,0
7971,58,14,27,0
7972,58,14,27,0
7973,58,14,27,0
7974,58,14,27,0
7975,58,14,27,0
7976,58,14,27,0
7977,58,14,27,0
7978,58,14,27,0
7979,58,14,27,0
7980,58,14,27,0
7981,58,14,27,0
7982,58,14,27,0
7983,58,14,27,0
7984,58,14,27,0
7985,58,14,27,0
7986,58,14,27,0
7987,58,14,27,0
7988,58,14,27,0
7989,58,14,27,0
7990,58,14,27,0
7991,58,14,27,0
7992,58,14,27,0
7993,58,14,27,0
7994,58,14,27,0
7995,58,14,27,0
7996,58,14,27,0
7997,58,14,27,0
7998,58,14,27,0
7999,58,14,27,0
8000,58,14,27,0
8001,58,14,27,0
8002,58,14,27,0
8003,58,14,27,0
8004,58,14,27,0
8005,58,14,27,0
8006,58,14,27,0
8007,58,14,27,0
8008,58,14,27,0
8009,58,14,27,0
8010,58,14,27,0
8011,58,14,27,0
8012,58,14,27,0
8013,58,14,27,0
8014,58,14,27,0
8015,58,14,27,0
8016,58,14,27,0
8017,58,14,27,0
8018,58,14,27,0
8019,58,14,27,0
8020,58,14,27,0
8021,58,14,27,0
8022,58,14,27,0
8023,58,14,27,0
8024,58,14,27,0
8025,58,14,27,0
8026,58,14,27,0
8027,58,14,27,0
8028,58,14,27,0
8029,58,14,27,0
8030,58,14,27,0
8031,58,14,27,0
8032,58,14,27,0
8033,58,14,27,0
8034,58,14,27,0
8035,58,14,27,0
8036,58,14,27,0
8037,58,14,27,0
8038,58,14,27,0
8039,58,14,27,0
8040,58,14,27,0
8041,58,14,27,0
8042,58,14,27,0
8043,58,14,27,0
8044,58,14,27,0
8045,58,14,27,0
8046,58,14,27,0
8047,58,14,27,0
8048,58,14,27,0
8049,58,14,27,0
8050,58,14,27,0
8051,58,14,27,0
8052,58,14,27,0
8053,58,14,27,0
8054,58,14,27,0
8055,58,14,27,0
8056,58,14,27,0
8057,58,14,27,0
8058,58,14,27,0
8059,58,14,27,0
8060,58,14,27,0
8061,58,14,27,0
8062,58,14,27,0
8063,58,14,27,0
8064,58,14,27,0
8065,58,14,27,0
8066,58,14,27,0
8067,58,14,27,0
8068,58,14,27,0
8069,58,14,27,0
8070,58,14,27,0
8071,58,14,27,0
8072,58,14,27,0
8073,58,14,27,0
8074,58,14,27,0
8075,58,14,27,0
8076,58,14,27,0
8077,58,14,27,0
8078,58,14,27,0
8079,58,14,27,0
8080,58,14,27,0
8081,58,14,27,0
8082,58,14,27,0
8083,58,14,27,0
8084,58,14,27,0
8085,58,14,27,0
8086,58,14,27,0
8087,58,14,27,0
8088,58,14,27,0
8089,58,14,27,0
8090,58,14,27,0
8091,58,14,27,0
8092,58,14,27,0
8093,58,14,27,0
8094,58,14,27,0
8095,58,14,27,0
8096,58,14,27,0
8097,58,14,27,0
8098,58,14,27,0
8099,58,14,27,0
8100,58,14,27,0
8101,58,14,27,0
8102,58,14,27,0
8103,58,14,27,0
8104,58,14,27,0
8105,58,14,27,0
8106,58,14,27,0
8107,58,14,27,0
8108,58,14,27,0
8109,58,14,27,0
8110,58,14,27,0
8111,58,14,27,0
8112,58,14,27,0
8113,58,14,27,0
8114,58,14,27,0
8115,58,14,27,0
8116,58,14,27,0
8117,58,14,27,0
8118,58,14,27,0
8119,58,14,27,0
8120,58,14,27,0
8121,58,14,27,0
8122,58,14,27,0
8123,58,14,27,0
8124,58,14,27,0
8125,58,14,27,0
8126,58,14,27,0
8127,58,14,27,0
8128,58,14,27,0
8129,58,14,27,0
8130,58,14,27,0
8131,58,14,27,0
8132,58,14,27,0
8133,58,14,27,0
8134,58,14,27,0
8135,58,14,27,0
8136,58,14,27,0
8137,58,14,27,0
8138,58,14,27,0
8139,58,14,27,0
8140,58,14,27,0
8141,58,14,27,0
8142,58,14,27,0
8143,58,14,27,0
8144,58,14,27,0
8145,58,14,27,0
8146,58,14,27,0
8147,58,14,27,0
8148,58,14,27,0
8149,58,14,27,0
8150,58,14,27,0
8151,58,14,27,0
8152,58,14,27,0
8153,58,14,27,0
8154,58,14,27,0
8155,58,14,27,0
8156,58,14,27,0
8157,58,14,27,0
8158,58,14,27,0
8159,58,14,27,0
8160,58,14,27,0
8161,58,14,27,0
8162,58,14,27,0
8163,58,14,27,0
8164,58,14,27,0
8165,58,14,27,0
8166,58,14,27,0
8167,58,14,27,0
8168,58,14,27,0
8169,58,14,27,0
8170,58,14,27,0
8171,58,14,27,0
8172,58,14,27,0
8173,58,14,27,0
8174,58,14,27,0
8175,58,14,27,0
8176,58,14,27,0
8177,58,14,27,0
8178,58,14,27,0
8179,58,14,27,0
8180,58,14,27,0
8181,58,14,27,0
8182,58,14,27,0
8183,58,14,27,0
8184,58,14,27,0
8185,58,14,27,0
8186,58,14,27,0
8187,58,14,27,0
8188,58,14,27,0
8189,58,14,27,0
8190,58,14,27,0
8191,58,14,27,0
8192,58,14,27,0
8193,58,14,27,0
8194,58,14,27,0
8195,58,14,27,0
8196,58,14,27,0
8197,58,14,27,0
8198,58,14,27,0
8199,58,14,27,0
8200,58,14,27,0
8201,58,14,27,0
8202,58,14,27,0
8203,58,14,27,0
8204,58,14,27,0
8205,58,14,27,0
8206,58,14,27,0
8207,58,14,27,0
8208,58,14,27,0
8209,58,14,27,0
8210,58,14,27,0
8211,58,14,27,0
8212,58,14,27,0
8213,58,14,27,0
8214,58,14,27,0
8215,58,14,27,0
8216,58,14,27,0
8217,58,14,27,0
8218,58,14,27,0
8219,58,14,27,0
8220,58,14,27,0
8221,58,14,27,0
8222,58,14,27,0
8223,58,14,27,0
8224,58,14,27,0
8225,58,14,27,0
8226,58,14,27,0
8227,58,14,27,0
8228,58,14,27,0
8229,58,14,27,0
8230,58,14,27,0
8231,58,14,27,0
8232,58,14,27,0
8233,58,14,27,0
8234,58,14,27,0
8235,58,14,27,0
8236,58,14,27,0
8237,58,14,27,0
8238,58,14,27,0
8239,58,14,27,0
8240,58,14,27,0
8241,58,14,27,0
8242,58,14,27,0
8243,58,14,27,0
8244,58,14,27,0
8245,58,14,27,0
8246,58,14,27,0
8247,58,14,27,0
8248,58,14,27,0
8249,58,14,27,0
8250,58,14,27,0
8251,58,14,27,0
8252,58,14,27,0
8253,58,14,27,0
8254,58,14,27,0
8255,58,14,27,0
8256,58,14,27,0
8257,58,14,27,0
8258,58,14,27,0
8259,58,14,27,0
8260,58,14,27,0
8261,58,14,27,0
8262,58,14,27,0
8263,58,14,27,0
8264,58,14,27,0
8265,58,14,27,0
8266,58,14,27,0
8267,58,14,27,0
8268,58,14,27,0
8269,58,14,27,0
8270,58,14,27,0
8271,58,14,27,0
8272,58,14,27,0
8273,58,14,27,0
8274,58,14,27,0
8275,58,14,27,0
8276,58,14,27,0
8277,58,14,27,0
8278,58,14,27,0
8279,58,14,27,0
8280,58,14,27,0
8281,58,14,27,0
8282,58,14,27,0
8283,58,14,27,0
8284,58,14,27,0
8285,58,14,27,0
8286,58,14,27,0
8287,58,14,27,0
8288,58,14,27,0
8289,58,14,27,0
8290,58,14,27,0
8291,58,14,27,0
8292,58,14,27,0
8293,58,14,27,0
8294,58,14,27,0
8295,58,14,27,0
8296,58,14,27,0
8297,58,14,27,0
8298,58,14,27,0
8299,58,14,27,0
8300,58,14,27,0
8301,58,14,27,0
8302,58,14,27,0
8303,58,14,27,0
8304,58,14,27,0
8305,58,14,27,0
8306,58,14,27,0
8307,58,14,27,0
8308,58,14,27,0
8309,58,14,27,0
8310,58,14,27,0
8311,58,14,27,0
8312,58,14,27,0
8313,58,14,27,0
8314,58,14,27,0
8315,58,14,27,0
8316,58,14,27,0
8317,58,14,27,0
8318,58,14,27,0
8319,58,14,27,0
8320,58,14,27,0
8321,58,14,27,0
8322,58,14,27,0
8323,58,14,27,0
8324,58,14,27,0
8325,58,14,27,0
8326,58,14,27,0
8327,58,14,27,0
8328,58,14,27,0
8329,58,14,27,0
8330,58,14,27,0
8331,58,14,27,0
8332,58,14,27,0
8333,58,14,27,0
8334,58,14,27,0
8335,58,14,27,0
8336,58,14,27,0
8337,58,14,27,0
8338,58,14,27,0
8339,58,14,27,0
8340,58,14,27,0
8341,58,14,27,0
8342,58,14,27,0
8343,58,14,27,0
8344,58,14,27,0
8345,58,14,27,0
8346,58,14,27,0
8347,58,14,27,0
8348,58,14,27,0
8349,58,14,27,0
8350,58,14,27,0
8351,58,14,27,0
8352,58,14,27,0
8353,58,14,27,0
8354,58,14,27,0
8355,58,14,27,0
8356,58,14,27,0
8357,58,14,27,0
8358,58,14,27,0
8359,58,14,27,0
8360,58,14,27,0
8361,58,14,27,0
8362,58,14,27,0
8363,58,14,27,0
8364,58,14,27,0
8365,58,14,27,0
8366,58,14,27,0
8367,58,14,27,0
8368,58,14,27,0
8369,58,14,27,0
8370,58,14,27,0
8371,58,14,27,0
8372,58,14,27,0
8373,58,14,27,0
8374,58,14,27,0
8375,58,14,27,0
8376,58,14,27,0
8377,58,14,27,0
8378,58,14,27,0
8379,58,14,27,0
8380,58,14,27,0
8381,58,14,27,0
8382,58,14,27,0
8383,58,14,27,0
8384,58,14,27,0
8385,58,14,27,0
8386,58,14,27,0
8387,58,14,27,0
8388,58,14,27,0
8389,58,14,27,0
8390,58,14,27,0
8391,58,14,27,0
8392,58,14,27,0
8393,58,14,27,0
8394,58,14,27,0
8395,58,14,27,0
8396,58,14,27,0
8397,58,14,27,0
8398,58,14,27,0
8399,58,14,27,0
8400,58,14,27,0
8401,58,14,27,0
8402,58,14,27,0
8403,58,14,27,0
8404,58,14,27,0
8405,58,14,27,0
8406,58,14,27,0
8407,58,14,27,0
8408,58,14,27,0
8409,58,14,27,0
8410,58,14,27,0
8411,58,14,27,0
8412,58,14,27,0
8413,58,14,27,0
8414,58,14,27,0
8415,58,14,27,0
8416,58,14,27,0
8417,58,14,27,0
8418,58,14,27,0
8419,58,14,27,0
8420,58,14,27,0
8421,58,14,27,0
8422,58,14,27,0
8423,58,14,27,0
8424,58,14,27,0
8425,58,14,27,0
8426,58,14,27,0
8427,58,14,27,0
8428,58,14,27,0
8429,58,14,27,0
8430,58,14,27,0
8431,58,14,27,0
8432,58,14,27,0
8433,58,14,27,0
8434,58,14,27,0
8435,58,14,27,0
8436,58,14,27,0
8437,58,14,27,0
8438,58,14,27,0
8439,58,14,27,0
8440,58,14,27,0
8441,58,14,27,0
8442,58,14,27,0
8443,58,14,27,0
8444,58,14,27,0
8445,58,14,27,0
8446,58,14,27,0
8447,58,14,27,0
8448,58,14,27,0
8449,58,14,27,0
8450,58,14,27,0
8451,58,14,27,0
8452,58,14,27,0
8453,58,14,27,0
8454,58,14,27,0
8455,58,14,27,0
8456,58,14,27,0
8457,58,14,27,0
8458,58,14,27,0
8459,58,14,27,0
8460,58,14,27,0
8461,58,14,27,0
8462,58,14,27,0
8463,58,14,27,0
8464,58,14,27,0
8465,58,14,27,0
8466,58,14,27,0
8467,58,14,27,0
8468,58,14,27,0
8469,58,14,27,0
8470,58,14,27,0
8471,58,14,27,0
8472,58,14,27,0
8473,58,14,27,0
8474,58,14,27,0
8475,58,14,27,0
8476,58,14,27,0
8477,58,14,27,0
8478,58,14,27,0
8479,58,14,27,0
8480,58,14,27,0
8481,58,14,27,0
8482,58,14,27,0
8483,58,14,27,0
8484,58,14,27,0
8485,58,14,27,0
8486,58,14,27,0
8487,58,14,27,0
8488,58,14,27,0
8489,58,14,27,0
8490,58,14,27,0
8491,58,14,27,0
8492,58,14,27,0
8493,58,14,27,0
8494,58,14,27,0
8495,58,14,27,0
8496,58,14,27,0
8497,58,14,27,0
8498,58,14,27,0
8499,58,14,27,0
8500,58,14,27,0
8501,58,14,27,0
8502,58,14,27,0
8503,58,14,27,0
8504,58,14,27,0
8505,58,14,27,0
8506,58,14,27,0
8507,58,14,27,0
8508,58,14,27,0
8509,58,14,27,0
8510,58,14,27,0
8511,58,14,27,0
8512,58,14,27,0
8513,58,14,27,0
8514,58,14,27,0
8515,58,14,27,0
8516,58,14,27,0
8517,58,14,27,0
8518,58,14,27,0
8519,58,14,27,0
8520,58,14,27,0
8521,58,14,27,0
8522,58,14,27,0
8523,58,14,27,0
8524,58,14,27,0
8525,58,14,27,0
8526,58,14,27,0
8527,58,14,27,0
8528,58,14,27,0
8529,58,14,27,0
8530,58,14,27,0
8531,58,14,27,0
8532,58,14,27,0
8533,58,14,27,0
8534,58,14,27,0
8535,58,14,27,0
8536,58,14,27,0
8537,58,14,27,0
8538,58,14,27,0
8539,58,14,27,0
8540,58,14,27,0
8541,58,14,27,0
8542,58,14,27,0
8543,58,14,27,0
8544,58,14,27,0
8545,58,14,27,0
8546,58,14,27,0
8547,58,14,27,0
8548,58,14,27,0
8549,58,14,27,0
8550,58,14,27,0
8551,58,14,27,0
8552,58,14,27,0
8553,58,14,27,0
8554,58,14,27,0
8555,58,14,27,0
8556,58,14,27,0
8557,58,14,27,0
8558,58,14,27,0
8559,58,14,27,0
8560,58,14,27,0
8561,58,14,27,0
8562,58,14,27,0
8563,58,14,27,0
8564,58,14,27,0
8565,58,14,27,0
8566,58,14,27,0
8567,58,14,27,0
8568,58,14,27,0
8569,58,14,27,0
8570,58,14,27,0
8571,58,14,27,0
8572,58,14,27,0
8573,58,14,27,0
8574,58,14,27,0
8575,58,14,27,0
8576,58,14,27,0
8577,58,14,27,0
8578,58,14,27,0
8579,58,14,27,0
8580,58,14,27,0
8581,58,14,27,0
8582,58,14,27,0
8583,58,14,27,0
8584,58,14,27,0
8585,58,14,27,0
8586,58,14,27,0
8587,58,14,27,0
8588,58,14,27,0
8589,58,14,27,0
8590,58,14,27,0
8591,58,14,27,0
8592,58,14,27,0
8593,58,14,27,0
8594,58,14,27,0
8595,58,14,27,0
8596,58,14,27,0
8597,58,14,27,0
8598,58,14,27,0
8599,58,14,27,0
8600,58,14,27,0
8601,58,14,27,0
8602,58,14,27,0
8603,58,14,27,0
8604,58,14,27,0
8605,58,14,27,0
8606,58,14,27,0
8607,58,14,27,0
8608,58,14,27,0
8609,58,14,27,0
8610,58,14,27,0
8611,58,14,27,0
8612,58,14,27,0
8613,58,14,27,0
8614,58,14,27,0
8615,58,14,27,0
8616,58,14,27,0
8617,58,14,27,0
8618,58,14,27,0
8619,58,14,27,0
8620,58,14,27,0
8621,58,14,27,0
8622,58,14,27,0
8623,58,14,27,0
8624,58,14,27,0
8625,58,14,27,0
8626,58,14,27,0
8627,58,14,27,0
8628,58,14,27,0
8629,58,14,27,0
8630,58,14,27,0
8631,58,14,27,0
8632,58,14,27,0
8633,58,14,27,0
8634,58,14,27,0
8635,58,14,27,0
8636,58,14,27,0
8637,58,14,27,0
8638,58,14,27,0
8639,58,14,27,0
8640,58,14,27,0
8641,58,14,27,0
8642,58,14,27,0
8643,58,14,27,0
8644,58,14,27,0
8645,58,14,27,0
8646,58,14,27,0
8647,58,14,27,0
8648,58,14,27,0
8649,58,14,27,0
8650,58,14,27,0
8651,58,14,27,0
8652,58,14,27,0
8653,58,14,27,0
8654,58,14,27,0
8655,58,14,27,0
8656,58,14,27,0
8657,58,14,27,0
8658,58,14,27,0
8659,58,14,27,0
8660,58,14,27,0
8661,58,14,27,0
8662,58,14,27,0
8663,58,14,27,0
8664,58,14,27,0
8665,58,14,27,0
8666,58,14,27,0
8667,58,14,27,0
8668,58,14,27,0
8669,58,14,27,0
8670,58,14,27,0
8671,58,14,27,0
8672,58,14,27,0
8673,58,14,27,0
8674,58,14,27,0
8675,58,14,27,0
8676,58,14,27,0
8677,58,14,27,0
8678,58,14,27,0
8679,58,14,27,0
8680,58,14,27,0
8681,58,14,27,0
8682,58,14,27,0
8683,58,14,27,0
8684,58,14,27,0
8685,58,14,27,0
8686,58,14,27,0
8687,58,14,27,0
8688,58,14,27,0
8689,58,14,27,0
8690,58,14,27,0
8691,58,14,27,0
8692,58,14,27,0
8693,58,14,27,0
8694,58,14,27,0
8695,58,14,27,0
8696,58,14,27,0
8697,58,14,27,0
8698,58,14,27,0
8699,58,14,27,0
8700,58,14,27,0
8701,58,14,27,0
8702,58,14,27,0
8703,58,14,27,0
8704,58,14,27,0
8705,58,14,27,0
8706,58,14,27,0
8707,58,14,27,0
8708,58,14,27,0
8709,58,14,27,0
8710,58,14,27,0
8711,58,14,27,0
8712,58,14,27,0
8713,58,14,27,0
8714,58,14,27,0
8715,58,14,27,0
8716,58,14,27,0
8717,58,14,27,0
8718,58,14,27,0
8719,58,14,27,0
8720,58,14,27,0
8721,58,14,27,0
8722,58,14,27,0
8723,58,14,27,0
8724,58,14,27,0
8725,58,14,27,0
8726,58,14,27,0
8727,58,14,27,0
8728,58,14,27,0
8729,58,14,27,0
8730,58,14,27,0
8731,58,14,27,0
8732,58,14,27,0
8733,58,14,27,0
8734,58,14,27,0
8735,58,14,27,0
8736,58,14,27,0
8737,58,14,27,0
8738,58,14,27,0
8739,58,14,27,0
8740,58,14,27,0
8741,58,14,27,0
8742,58,14,27,0
8743,58,14,27,0
8744,58,14,27,0
8745,58,14,27,0
8746,58,14,27,0
8747,58,14,27,0
8748,58,14,27,0
8749,58,14,27,0
8750,58,14,27,0
8751,58,14,27,0
8752,58,14,27,0
8753,58,14,27,0
8754,58,14,27,0
8755,58,14,27,0
8756,58,14,27,0
8757,58,14,27,0
8758,58,14,27,0
8759,58,14,27,0
8760,58,14,27,0
8761,58,14,27,0
8762,58,14,27,0
8763,58,14,27,0
8764,58,14,27,0
8765,58,14,27,0
8766,58,14,27,0
8767,58,14,27,0
8768,58,14,27,0
8769,58,14,27,0
8770,58,14,27,0
8771,58,14,27,0
8772,58,14,27,0
8773,58,14,27,0
8774,58,14,27,0
8775,58,14,27,0
8776,58,14,27,0
8777,58,14,27,0
8778,58,14,27,0
8779,58,14,27,0
8780,58,14,27,0
8781,58,14,27,0
8782,58,14,27,0
8783,58,14,27,0
8784,58,14,27,0
8785,58,14,27,0
8786,58,14,27,0
8787,58,14,27,0
8788,58,14,27,0
8789,58,14,27,0
8790,58,14,27,0
8791,58,14,27,0
8792,58,14,27,0
8793,58,14,27,0
8794,58,14,27,0
8795,58,14,27,0
8796,58,14,27,0
8797,58,14,27,0
8798,58,14,27,0
8799,58,14,27,0
8800,58,14,27,0
8801,58,14,27,0
8802,58,14,27,0
8803,58,14,27,0
8804,58,14,27,0
8805,58,14,27,0
8806,58,14,27,0
8807,58,14,27,0
8808,58,14,27,0
8809,58,14,27,0
8810,58,14,27,0
8811,58,14,27,0
8812,58,14,27,0
8813,58,14,27,0
8814,58,14,27,0
8815,58,14,27,0
8816,58,14,27,0
8817,58,14,27,0
8818,58,14,27,0
8819,58,14,27,0
8820,58,14,27,0
8821,58,14,27,0
8822,58,14,27,0
8823,58,14,27,0
8824,58,14,27,0
8825,58,14,27,0
8826,58,14,27,0
8827,58,14,27,0
8828,58,14,27,0
8829,58,14,27,0
8830,58,14,27,0
8831,58,14,27,0
8832,58,14,27,0
8833,58,14,27,0
8834,58,14,27,0
8835,58,14,27,0
8836,58,14,27,0
8837,58,14,27,0
8838,58,14,27,0
8839,58,14,27,0
8840,58,14,27,0
8841,58,14,27,0
8842,58,14,27,0
8843,58,14,27,0
8844,58,14,27,0
8845,58,14,27,0
8846,58,14,27,0
8847,58,14,27,0
8848,58,14,27,0
8849,58,14,27,0
8850,58,14,27,0
8851,58,14,27,0
8852,58,14,27,0
8853,58,14,27,0
8854,58,14,27,0
8855,58,14,27,0
8856,58,14,27,0
8857,58,14,27,0
8858,58,14,27,0
8859,58,14,27,0
8860,58,14,27,0
8861,58,14,27,0
8862,58,14,27,0
8863,58,14,27,0
8864,58,14,27,0
8865,58,14,27,0
8866,58,14,27,0
8867,58,14,27,0
8868,58,14,27,0
8869,58,14,27,0
8870,58,14,27,0
8871,58,14,27,0
8872,58,14,27,0
8873,58,14,27,0
8874,58,14,27,0
8875,58,14,27,0
8876,58,14,27,0
8877,58,14,27,0
8878,58,14,27,0
8879,58,14,27,0
8880,58,14,27,0
8881,58,14,27,0
8882,58,14,27,0
8883,58,14,27,0
8884,58,14,27,0
8885,58,14,27,0
8886,58,14,27,0
8887,58,14,27,0
8888,58,14,27,0
8889,58,14,27,0
8890,58,14,27,0
8891,58,14,27,0
8892,58,14,27,0
8893,58,14,27,0
8894,58,14,27,0
8895,58,14,27,0
8896,58,14,27,0
8897,58,14,27,0
8898,58,14,27,0
8899,58,14,27,0
8900,58,14,27,0
8901,58,14,27,0
8902,58,14,27,0
8903,58,14,27,0
8904,58,14,27,0
8905,58,14,27,0
8906,58,14,27,0
8907,58,14,27,0
8908,58,14,27,0
8909,58,14,27,0
8910,58,14,27,0
8911,58,14,27,0
8912,58,14,27,0
8913,58,14,27,0
8914,58,14,27,0
8915,58,14,27,0
8916,58,14,27,0
8917,58,14,27,0
8918,58,14,27,0
8919,58,14,27,0
8920,58,14,27,0
8921,58,14,27,0
8922,58,14,27,0
8923,58,14,27,0
8924,58,14,27,0
8925,58,14,27,0
8926,58,14,27,0
8927,58,14,27,0
8928,58,14,27,0
8929,58,14,27,0
8930,58,14,27,0
8931,58,14,27,0
8932,58,14,27,0
8933,58,14,27,0
8934,58,14,27,0
8935,58,14,27,0
8936,58,14,27,0
8937,58,14,27,0
8938,58,14,27,0
8939,58,14,27,0
8940,58,14,27,0
8941,58,14,27,0
8942,58,14,27,0
8943,58,14,27,0
8944,58,14,27,0
8945,58,14,27,0
8946,58,14,27,0
8947,58,14,27,0
8948,58,14,27,0
8949,58,14,27,0
8950,58,14,27,0
8951,58,14,27,0
8952,58,14,27,0
8953,58,14,27,0
8954,58,14,27,0
8955,58,14,27,0
8956,58,14,27,0
8957,58,14,27,0
8958,58,14,27,0
8959,58,14,27,0
8960,58,14,27,0
8961,58,14,27,0
8962,58,14,27,0
8963,58,14,27,0
8964,58,14,27,0
8965,58,14,27,0
8966,58,14,27,0
8967,58,14,27,0
8968,58,14,27,0
8969,58,14,27,0
8970,58,14,27,0
8971,58,14,27,0
8972,58,14,27,0
8973,58,14,27,0
8974,58,14,27,0
8975,58,14,27,0
8976,58,14,27,0
8977,58,14,27,0
8978,58,14,27,0
8979,58,14,27,0
8980,58,14,27,0
8981,58,14,27,0
8982,58,14,27,0
8983,58,14,27,0
8984,58,14,27,0
8985,58,14,27,0
8986,58,14,27,0
8987,58,14,27,0
8988,58,14,27,0
8989,58,14,27,0
8990,58,14,27,0
8991,58,14,27,0
8992,58,14,27,0
8993,58,14,27,0
8994,58,14,27,0
8995,58,14,27,0
8996,58,14,27,0
8997,58,14,27,0
8998,58,14,27,0
8999,58,14,27,0
9000,58,14,27,0
9001,58,14,27,0
9002,58,14,27,0
9003,58,14,27,0
9004,58,14,27,0
9005,58,14,27,0
9006,58,14,27,0
9007,58,14,27,0
9008,58,14,27,0
9009,58,14,27,0
9010,58,14,27,0
9011,58,14,27,0
9012,58,14,27,0
9013,58,14,27,0
9014,58,14,27,0
9015,58,14,27,0
9016,58,14,27,0
9017,58,14,27,0
9018,58,14,27,0
9019,58,14,27,0
9020,58,14,27,0
9021,58,14,27,0
9022,58,14,27,0
9023,58,14,27,0
9024,58,14,27,0
9025,58,14,27,0
9026,58,14,27,0
9027,58,14,27,0
9028,58,14,27,0
9029,58,14,27,0
9030,58,14,27,0
9031,58,14,27,0
9032,58,14,27,0
9033,58,14,27,0
9034,58,14,27,0
9035,58,14,27,0
9036,58,14,27,0
9037,58,14,27,0
9038,58,14,27,0
9039,58,14,27,0
9040,58,14,27,0
9041,58,14,27,0
9042,58,14,27,0
9043,58,14,27,0
9044,58,14,27,0
9045,58,14,27,0
9046,58,14,27,0
9047,58,14,27,0
9048,58,14,27,0
9049,58,14,27,0
9050,58,14,27,0
9051,58,14,27,0
9052,58,14,27,0
9053,58,14,27,0
9054,58,14,27,0
9055,58,14,27,0
9056,58,14,27,0
9057,58,14,27,0
9058,58,14,27,0
9059,58,14,27,0
9060,58,14,27,0
9061,58,14,27,0
9062,58,14,27,0
9063,58,14,27,0
9064,58,14,27,0
9065,58,14,27,0
9066,58,14,27,0
9067,58,14,27,0
9068,58,14,27,0
9069,58,14,27,0
9070,58,14,27,0
9071,58,14,27,0
9072,58,14,27,0
9073,58,14,27,0
9074,58,14,27,0
9075,58,14,27,0
9076,58,14,27,0
9077,58,14,27,0
9078,58,14,27,0
9079,58,14,27,0
9080,58,14,27,0
9081,58,14,27,0
9082,58,14,27,0
9083,58,14,27,0
9084,58,14,27,0
9085,58,14,27,0
9086,58,14,27,0
9087,58,14,27,0
9088,58,14,27,0
9089,58,14,27,0
9090,58,14,27,0
9091,58,14,27,0
9092,58,14,27,0
9093,58,14,27,0
9094,58,14,27,0
9095,58,14,27,0
9096,58,14,27,0
9097,58,14,27,0
9098,58,14,27,0
9099,58,14,27,0
9100,58,14,27,0
9101,58,14,27,0
9102,58,14,27,0
9103,58,14,27,0
9104,58,14,27,0
9105,58,14,27,0
9106,58,14,27,0
9107,58,14,27,0
9108,58,14,27,0
9109,58,14,27,0
9110,58,14,27,0
9111,58,14,27,0
9112,58,14,27,0
9113,58,14,27,0
9114,58,14,27,0
9115,58,14,27,0
9116,58,14,27,0
9117,58,14,27,0
9118,58,14,27,0
9119,58,14,27,0
9120,58,14,27,0
9121,58,14,27,0
9122,58,14,27,0
9123,58,14,27,0
9124,58,14,27,0
9125,58,14,27,0
9126,58,14,27,0
9127,58,14,27,0
9128,58,14,27,0
9129,58,14,27,0
9130,58,14,27,0
9131,58,14,27,0
9132,58,14,27,0
9133,58,14,27,0
9134,58,14,27,0
9135,58,14,27,0
9136,58,14,27,0
9137,58,14,27,0
9138,58,14,27,0
9139,58,14,27,0
9140,58,14,27,0
9141,58,14,27,0
9142,58,14,27,0
9143,58,14,27,0
9144,58,14,27,0
9145,58,14,27,0
9146,58,14,27,0
9147,58,14,27,0
9148,58,14,27,0
9149,58,14,27,0
9150,58,14,27,0
9151,58,14,27,0
9152,58,14,27,0
9153,58,14,27,0
9154,58,14,27,0
9155,58,14,27,0
9156,58,14,27,0
9157,58,14,27,0
9158,58,14,27,0
9159,58,14,27,0
9160,58,14,27,0
9161,58,14,27,0
9162,58,14,27,0
9163,58,14,27,0
9164,58,14,27,0
9165,58,14,27,0
9166,58,14,27,0
9167,58,14,27,0
9168,58,14,27,0
9169,58,14,27,0
9170,58,14,27,0
9171,58,14,27,0
9172,58,14,27,0
9173,58,14,27,0
9174,58,14,27,0
9175,58,14,27,0
9176,58,14,27,0
9177,58,14,27,0
9178,58,14,27,0
9179,58,14,27,0
9180,58,14,27,0
9181,58,14,27,0
9182,58,14,27,0
9183,58,14,27,0
9184,58,14,27,0
9185,58,14,27,0
9186,58,14,27,0
9187,58,14,27,0
9188,58,14,27,0
9189,58,14,27,0
9190,58,14,27,0
9191,58,14,27,0
9192,58,14,27,0
9193,58,14,27,0
9194,58,14,27,0
9195,58,14,27,0
9196,58,14,27,0
9197,58,14,27,0
9198,58,14,27,0
9199,58,14,27,0
9200,58,14,27,0
9201,58,14,27,0
9202,58,14,27,0
9203,58,14,27,0
9204,58,14,27,0
9205,58,14,27,0
9206,58,14,27,0
9207,58,14,27,0
9208,58,14,27,0
9209,58,14,27,0
9210,58,14,27,0
9211,58,14,27,0
9212,58,14,27,0
9213,58,14,27,0
9214,58,14,27,0
9215,58,14,27,0
9216,58,14,27,0
9217,58,14,27,0
9218,58,14,27,0
9219,58,14,27,0
9220,58,14,27,0
9221,58,14,27,0
9222,58,14,27,0
9223,58,14,27,0
9224,58,14,27,0
9225,58,14,27,0
9226,58,14,27,0
9227,58,14,27,0
9228,58,14,27,0
9229,58,14,27,0
9230,58,14,27,0
9231,58,14,27,0
9232,58,14,27,0
9233,58,14,27,0
9234,58,14,27,0
9235,58,14,27,0
9236,58,14,27,0
9237,58,14,27,0
9238,58,14,27,0
9239,58,14,27,0
9240,58,14,27,0
9241,58,14,27,0
9242,58,14,27,0
9243,58,14,27,0
9244,58,14,27,0
9245,58,14,27,0
9246,58,14,27,0
9247,58,14,27,0
9248,58,14,27,0
9249,58,14,27,0
9250,58,14,27,0
9251,58,14,27,0
9252,58,14,27,0
9253,58,14,27,0
9254,58,14,27,0
9255,58,14,27,0
9256,58,14,27,0
9257,58,14,27,0
9258,58,14,27,0
9259,58,14,27,0
9260,58,14,27,0
9261,58,14,27,0
9262,58,14,27,0
9263,58,14,27,0
9264,58,14,27,0
9265,58,14,27,0
9266,58,14,27,0
9267,58,14,27,0
9268,58,14,27,0
9269,58,14,27,0
9270,58,14,27,0
9271,58,14,27,0
9272,58,14,27,0
9273,58,14,27,0
9274,58,14,27,0
9275,58,14,27,0
9276,58,14,27,0
9277,58,14,27,0
9278,58,14,27,0
9279,58,14,27,0
9280,58,14,27,0
9281,58,14,27,0
9282,58,14,27,0
9283,58,14,27,0
9284,58,14,27,0
9285,58,14,27,0
9286,58,14,27,0
9287,58,14,27,0
9288,58,14,27,0
9289,58,14,27,0
9290,58,14,27,0
9291,58,14,27,0
9292,58,14,27,0
9293,58,14,27,0
9294,58,14,27,0
9295,58,14,27,0
9296,58,14,27,0
9297,58,14,27,0
9298,58,14,27,0
9299,58,14,27,0
9300,58,14,27,0
9301,58,14,27,0
9302,58,14,27,0
9303,58,14,27,0
9304,58,14,27,0
9305,58,14,27,0
9306,58,14,27,0
9307,58,14,27,0
9308,58,14,27,0
9309,58,14,27,0
9310,58,14,27,0
9311,58,14,27,0
9312,58,14,27,0
9313,58,14,27,0
9314,58,14,27,0
9315,58,14,27,0
9316,58,14,27,0
9317,58,14,27,0
9318,58,14,27,0
9319,58,14,27,0
9320,58,14,27,0
9321,58,14,27,0
9322,58,14,27,0
9323,58,14,27,0
9324,58,14,27,0
9325,58,14,27,0
9326,58,14,27,0
9327,58,14,27,0
9328,58,14,27,0
9329,58,14,27,0
9330,58,14,27,0
9331,58,14,27,0
9332,58,14,27,0
9333,58,14,27,0
9334,58,14,27,0
9335,58,14,27,0
9336,58,14,27,0
9337,58,14,27,0
9338,58,14,27,0
9339,58,14,27,0
9340,58,14,27,0
9341,58,14,27,0
9342,58,14,27,0
9343,58,14,27,0
9344,58,14,27,0
9345,58,14,27,0
9346,58,14,27,0
9347,58,14,27,0
9348,58,14,27,0
9349,58,14,27,0
9350,58,14,27,0
9351,58,14,27,0
9352,58,14,27,0
9353,58,14,27,0
9354,58,14,27,0
9355,58,14,27,0
9356,58,14,27,0
9357,58,14,27,0
9358,58,14,27,0
9359,58,14,27,0
9360,58,14,27,0
9361,58,14,27,0
9362,58,14,27,0
9363,58,14,27,0
9364,58,14,27,0
9365,58,14,27,0
9366,58,14,27,0
9367,58,14,27,0
9368,58,14,27,0
9369,58,14,27,0
9370,58,14,27,0
9371,58,14,27,0
9372,58,14,27,0
9373,58,14,27,0
9374,58,14,27,0
9375,58,14,27,0
9376,58,14,27,0
9377,58,14,27,0
9378,58,14,27,0
9379,58,14,27,0
9380,58,14,27,0
9381,58,14,27,0
9382,58,14,27,0
9383,58,14,27,0
9384,58,14,27,0
9385,58,14,27,0
9386,58,14,27,0
9387,58,14,27,0
9388,58,14,27,0
9389,58,14,27,0
9390,58,14,27,0
9391,58,14,27,0
9392,58,14,27,0
9393,58,14,27,0
9394,58,14,27,0
9395,58,14,27,0
9396,58,14,27,0
9397,58,14,27,0
9398,58,14,27,0
9399,58,14,27,0
9400,58,14,27,0
9401,58,14,27,0
9402,58,14,27,0
9403,58,14,27,0
9404,58,14,27,0
9405,58,14,27,0
9406,58,14,27,0
9407,58,14,27,0
9408,58,14,27,0
9409,58,14,27,0
9410,58,14,27,0
9411,58,14,27,0
9412,58,14,27,0
9413,58,14,27,0
9414,58,14,27,0
9415,58,14,27,0
9416,58,14,27,0
9417,58,14,27,0
9418,58,14,27,0
9419,58,14,27,0
9420,58,14,27,0
9421,58,14,27,0
9422,58,14,27,0
9423,58,14,27,0
9424,58,14,27,0
9425,58,14,27,0
9426,58,14,27,0
9427,58,14,27,0
9428,58,14,27,0
9429,58,14,27,0
9430,58,14,27,0
9431,58,14,27,0
9432,58,14,27,0
9433,58,14,27,0
9434,58,14,27,0
9435,58,14,27,0
9436,58,14,27,0
9437,58,14,27,0
9438,58,14,27,0
9439,58,14,27,0
9440,58,14,27,0
9441,58,14,27,0
9442,58,14,27,0
9443,58,14,27,0
9444,58,14,27,0
9445,58,14,27,0
9446,58,14,27,0
9447,58,14,27,0
9448,58,14,27,0
9449,58,14,27,0
9450,58,14,27,0
9451,58,14,27,0
9452,58,14,27,0
9453,58,14,27,0
9454,58,14,27,0
9455,58,14,27,0
9456,58,14,27,0
9457,58,14,27,0
9458,58,14,27,0
9459,58,14,27,0
9460,58,14,27,0
9461,58,14,27,0
9462,58,14,27,0
9463,58,14,27,0
9464,58,14,27,0
9465,58,14,27,0
9466,58,14,27,0
9467,58,14,27,0
9468,58,14,27,0
9469,58,14,27,0
9470,58,14,27,0
9471,58,14,27,0
9472,58,14,27,0
9473,58,14,27,0
9474,58,14,27,0
9475,58,14,27,0
9476,58,14,27,0
9477,58,14,27,0
9478,58,14,27,0
9479,58,14,27,0
9480,58,14,27,0
9481,58,14,27,0
9482,58,14,27,0
9483,58,14,27,0
9484,58,14,27,0
9485,58,14,27,0
9486,58,14,27,0
9487,58,14,27,0
9488,58,14,27,0
9489,58,14,27,0
9490,58,14,27,0
9491,58,14,27,0
9492,58,14,27,0
9493,58,14,27,0
9494,58,14,27,0
9495,58,14,27,0
9496,58,14,27,0
9497,58,14,27,0
9498,58,14,27,0
9499,58,14,27,0
9500,58,14,27,0
9501,58,14,27,0
9502,58,14,27,0
9503,58,14,27,0
9504,58,14,27,0
9505,58,14,27,0
9506,58,14,27,0
9507,58,14,27,0
9508,58,14,27,0
9509,58,14,27,0
9510,58,14,27,0
9511,58,14,27,0
9512,58,14,27,0
9513,58,14,27,0
9514,58,14,27,0
9515,58,14,27,0
9516,58,14,27,0
9517,58,14,27,0
9518,58,14,27,0
9519,58,14,27,0
9520,58,14,27,0
9521,58,14,27,0
9522,58,14,27,0
9523,58,14,27,0
9524,58,14,27,0
9525,58,14,27,0
9526,58,14,27,0
9527,58,14,27,0
9528,58,14,27,0
9529,58,14,27,0
9530,58,14,27,0
9531,58,14,27,0
9532,58,14,27,0
9533,58,14,27,0
9534,58,14,27,0
9535,58,14,27,0
9536,58,14,27,0
9537,58,14,27,0
9538,58,14,27,0
9539,58,14,27,0
9540,58,14,27,0
9541,58,14,27,0
9542,58,14,27,0
9543,58,14,27,0
9544,58,14,27,0
9545,58,14,27,0
9546,58,14,27,0
9547,58,14,27,0
9548,58,14,27,0
9549,58,14,27,0
9550,58,14,27,0
9551,58,14,27,0
9552,58,14,27,0
9553,58,14,27,0
9554,58,14,27,0
9555,58,14,27,0
9556,58,14,27,0
9557,58,14,27,0
9558,58,14,27,0
9559,58,14,27,0
9560,58,14,27,0
9561,58,14,27,0
9562,58,14,27,0
9563,58,14,27,0
9564,58,14,27,0
9565,58,14,27,0
9566,58,14,27,0
9567,58,14,27,0
9568,58,14,27,0
9569,58,14,27,0
9570,58,14,27,0
9571,58,14,27,0
9572,58,14,27,0
9573,58,14,27,0
9574,58,14,27,0
9575,58,14,27,0
9576,58,14,27,0
9577,58,14,27,0
9578,58,14,27,0
9579,58,14,27,0
9580,58,14,27,0
9581,58,14,27,0
9582,58,14,27,0
9583,58,14,27,0
9584,58,14,27,0
9585,58,14,27,0
9586,58,14,27,0
9587,58,14,27,0
9588,58,14,27,0
9589,58,14,27,0
9590,58,14,27,0
9591,58,14,27,0
9592,58,14,27,0
9593,58,14,27,0
9594,58,14,27,0
9595,58,14,27,0
9596,58,14,27,0
9597,58,14,27,0
9598,58,14,27,0
9599,58,14,27,0
9600,58,14,27,0
9601,58,14,27,0
9602,58,14,27,0
9603,58,14,27,0
9604,58,14,27,0
9605,58,14,27,0
9606,58,14,27,0
9607,58,14,27,0
9608,58,14,27,0
9609,58,14,27,0
9610,58,14,27,0
9611,58,14,27,0
9612,58,14,27,0
9613,58,14,27,0
9614,58,14,27,0
9615,58,14,27,0
9616,58,14,27,0
9617,58,14,27,0
9618,58,14,27,0
9619,58,14,27,0
9620,58,14,27,0
9621,58,14,27,0
9622,58,14,27,0
9623,58,14,27,0
9624,58,14,27,0
9625,58,14,27,0
9626,58,14,27,0
9627,58,14,27,0
9628,58,14,27,0
9629,58,14,27,0
9630,58,14,27,0
9631,58,14,27,0
9632,58,14,27,0
9633,58,14,27,0
9634,58,14,27,0
9635,58,14,27,0
9636,58,14,27,0
9637,58,14,27,0
9638,58,14,27,0
9639,58,14,27,0
9640,58,14,27,0
9641,58,14,27,0
9642,58,14,27,0
9643,58,14,27,0
9644,58,14,27,0
9645,58,14,27,0
9646,58,14,27,0
9647,58,14,27,0
9648,58,14,27,0
9649,58,14,27,0
9650,58,14,27,0
9651,58,14,27,0
9652,58,14,27,0
9653,58,14,27,0
9654,58,14,27,0
9655,58,14,27,0
9656,58,14,27,0
9657,58,14,27,0
9658,58,14,27,0
9659,58,14,27,0
9660,58,14,27,0
9661,58,14,27,0
9662,58,14,27,0
9663,58,14,27,0
9664,58,14,27,0
9665,58,14,27,0
9666,58,14,27,0
9667,58,14,27,0
9668,58,14,27,0
9669,58,14,27,0
9670,58,14,27,0
9671,58,14,27,0
9672,58,14,27,0
9673,58,14,27,0
9674,58,14,27,0
9675,58,14,27,0
9676,58,14,27,0
9677,58,14,27,0
9678,58,14,27,0
9679,58,14,27,0
9680,58,14,27,0
9681,58,14,27,0
9682,58,14,27,0
9683,58,14,27,0
9684,58,14,27,0
9685,58,14,27,0
9686,58,14,27,0
9687,58,14,27,0
9688,58,14,27,0
9689,58,14,27,0
9690,58,14,27,0
9691,58,14,27,0
9692,58,14,27,0
9693,58,14,27,0
9694,58,14,27,0
9695,58,14,27,0
9696,58,14,27,0
9697,58,14,27,0
9698,58,14,27,0
9699,58,14,27,0
9700,58,14,27,0
9701,58,14,27,0
9702,58,14,27,0
9703,58,14,27,0
9704,58,14,27,0
9705,58,14,27,0
9706,58,14,27,0
9707,58,14,27,0
9708,58,14,27,0
9709,58,14,27,0
9710,58,14,27,0
9711,58,14,27,0
9712,58,14,27,0
9713,58,14,27,0
9714,58,14,27,0
9715,58,14,27,0
9716,58,14,27,0
9717,58,14,27,0
9718,58,14,27,0
9719,58,14,27,0
9720,58,14,27,0
9721,58,14,27,0
9722,58,14,27,0
9723,58,14,27,0
9724,58,14,27,0
9725,58,14,27,0
9726,58,14,27,0
9727,58,14,27,0
9728,58,14,27,0
9729,58,14,27,0
9730,58,14,27,0
9731,58,14,27,0
9732,58,14,27,0
9733,58,14,27,0
9734,58,14,27,0
9735,58,14,27,0
9736,58,14,27,0
9737,58,14,27,0
9738,58,14,27,0
9739,58,14,27,0
9740,58,14,27,0
9741,58,14,27,0
9742,58,14,27,0
9743,58,14,27,0
9744,58,14,27,0
9745,58,14,27,0
9746,58,14,27,0
9747,58,14,27,0
9748,58,14,27,0
9749,58,14,27,0
9750,58,14,27,0
9751,58,14,27,0
9752,58,14,27,0
9753,58,14,27,0
9754,58,14,27,0
9755,58,14,27,0
9756,58,14,27,0
9757,58,14,27,0
9758,58,14,27,0
9759,58,14,27,0
9760,58,14,27,0
9761,58,14,27,0
9762,58,14,27,0
9763,58,14,27,0
9764,58,14,27,0
9765,58,14,27,0
9766,58,14,27,0
9767,58,14,27,0
9768,58,14,27,0
9769,58,14,27,0
9770,58,14,27,0
9771,58,14,27,0
9772,58,14,27,0
9773,58,14,27,0
9774,58,14,27,0
9775,58,14,27,0
9776,58,14,27,0
9777,58,14,27,0
9778,58,14,27,0
9779,58,14,27,0
9780,58,14,27,0
9781,58,14,27,0
9782,58,14,27,0
9783,58,14,27,0
9784,58,14,27,0
9785,58,14,27,0
9786,58,14,27,0
9787,58,14,27,0
9788,58,14,27,0
9789,58,14,27,0
9790,58,14,27,0
9791,58,14,27,0
9792,58,14,27,0
9793,58,14,27,0
9794,58,14,27,0
9795,58,14,27,0
9796,58,14,27,0
9797,58,14,27,0
9798,58,14,27,0
9799,58,14,27,0
9800,58,14,27,0
9801,58,14,27,0
9802,58,14,27,0
9803,58,14,27,0
9804,58,14,27,0
9805,58,14,27,0
9806,58,14,27,0
9807,58,14,27,0
9808,58,14,27,0
9809,58,14,27,0
9810,58,14,27,0
9811,58,14,27,0
9812,58,14,27,0
9813,58,14,27,0
9814,58,14,27,0
9815,58,14,27,0
9816,58,14,27,0
9817,58,14,27,0
9818,58,14,27,0
9819,58,14,27,0
9820,58,14,27,0
9821,58,14,27,0
9822,58,14,27,0
9823,58,14,27,0
9824,58,14,27,0
9825,58,14,27,0
9826,58,14,27,0
9827,58,14,27,0
9828,58,14,27,0
9829,58,14,27,0
9830,58,14,27,0
9831,58,14,27,0
9832,58,14,27,0
9833,58,14,27,0
9834,58,14,27,0
9835,58,14,27,0
9836,58,14,27,0
9837,58,14,27,0
9838,58,14,27,0
9839,58,14,27,0
9840,58,14,27,0
9841,58,14,27,0
9842,58,14,27,0
9843,58,14,27,0
9844,58,14,27,0
9845,58,14,27,0
9846,58,14,27,0
9847,58,14,27,0
9848,58,14,27,0
9849,58,14,27,0
9850,58,14,27,0
9851,58,14,27,0
9852,58,14,27,0
9853,58,14,27,0
9854,58,14,27,0
9855,58,14,27,0
9856,58,14,27,0
9857,58,14,27,0
9858,58,14,27,0
9859,58,14,27,0
9860,58,14,27,0
9861,58,14,27,0
9862,58,14,27,0
9863,58,14,27,0
9864,58,14,27,0
9865,58,14,27,0
9866,58,14,27,0
9867,58,14,27,0
9868,58,14,27,0
9869,58,14,27,0
9870,58,14,27,0
9871,58,14,27,0
9872,58,14,27,0
9873,58,14,27,0
9874,58,14,27,0
9875,58,14,27,0
9876,58,14,27,0
9877,58,14,27,0
9878,58,14,27,0
9879,58,14,27,0
9880,58,14,27,0
9881,58,14,27,0
9882,58,14,27,0
9883,58,14,27,0
9884,58,14,27,0
9885,58,14,27,0
9886,58,14,27,0
9887,58,14,27,0
9888,58,14,27,0
9889,58,14,27,0
9890,58,14,27,0
9891,58,14,27,0
9892,58,14,27,0
9893,58,14,27,0
9894,58,14,27,0
9895,58,14,27,0
9896,58,14,27,0
9897,58,14,27,0
9898,58,14,27,0
9899,58,14,27,0
9900,58,14,27,0
9901,58,14,27,0
9902,58,14,27,0
9903,58,14,27,0
9904,58,14,27,0
9905,58,14,27,0
9906,58,14,27,0
9907,58,14,27,0
9908,58,14,27,0
9909,58,14,27,0
9910,58,14,27,0
9911,58,14,27,0
9912,58,14,27,0
9913,58,14,27,0
9914,58,14,27,0
9915,58,14,27,0
9916,58,14,27,0
9917,58,14,27,0
9918,58,14,27,0
9919,58,14,27,0
9920,58,14,27,0
9921,58,14,27,0
9922,58,14,27,0
9923,58,14,27,0
9924,58,14,27,0
9925,58,14,27,0
9926,58,14,27,0
9927,58,14,27,0
9928,58,14,27,0
9929,58,14,27,0
9930,58,14,27,0
9931,58,14,27,0
9932,58,14,27,0
9933,58,14,27,0
9934,58,14,27,0
9935,58,14,27,0
9936,58,14,27,0
9937,58,14,27,0
9938,58,14,27,0
9939,58,14,27,0
9940,58,14,27,0
9941,58,14,27,0
9942,58,14,27,0
9943,58,14,27,0
9944,58,14,27,0
9945,58,14,27,0
9946,58,14,27,0
9947,58,14,27,0
9948,58,14,27,0
9949,58,14,27,0
9950,58,14,27,0
9951,58,14,27,0
9952,58,14,27,0
9953,58,14,27,0
9954,58,14,27,0
9955,58,14,27,0
9956,58,14,27,0
9957,58,14,27,0
9958,58,14,27,0
9959,58,14,27,0
9960,58,14,27,0
9961,58,14,27,0
9962,58,14,27,0
9963,58,14,27,0
9964,58,14,27,0
9965,58,14,27,0
9966,58,14,27,0
9967,58,14,27,0
9968,58,14,27,0
9969,58,14,27,0
9970,58,14,27,0
9971,58,14,27,0
9972,58,14,27,0
9973,58,14,27,0
9974,58,14,27,0
9975,58,14,27,0
9976,58,14,27,0
9977,58,14,27,0
9978,58,14,27,0
9979,58,14,27,0
9980,58,14,27,0
9981,58,14,27,0
9982,58,14,27,0
9983,58,14,27,0
9984,58,14,27,0
9985,58,14,27,0
9986,58,14,27,0
9987,58,14,27,0
9988,58,14,27,0
9989,58,14,27,0
9990,58,14,27,0
9991,58,14,27,0
9992,58,14,27,0
9993,58,14,27,0
9994,58,14,27,0
9995,58,14,27,0
9996,58,14,27,0
9997,58,14,27,0
9998,58,14,27,0
9999,58,14,27,0
10000,58,14,27,0
10001,58,14,27,0
10002,58,14,27,0
10003,58,14,27,0
10004,58,14,27,0
10005,58,14,27,0
10006,58,14,27,0
10007,58,14,27,0
10008,58,14,27,0
10009,58,14,27,0
10010,58,14,27,0
10011,58,14,27,0
10012,58,14,27,0
10013,58,14,27,0
10014,58,14,27,0
10015,58,14,27,0
10016,58,14,27,0
10017,58,14,27,0
10018,58,14,27,0
10019,58,14,27,0
10020,58,14,27,0
10021,58,14,27,0
10022,58,14,27,0
10023,58,14,27,0
10024,58,14,27,0
10025,58,14,27,0
10026,58,14,27,0
10027,58,14,27,0
10028,58,14,27,0
10029,58,14,27,0
10030,58,14,27,0
10031,58,14,27,0
10032,58,14,27,0
10033,58,14,27,0
10034,58,14,27,0
10035,58,14,27,0
10036,58,14,27,0
10037,58,14,27,0
10038,58,14,27,0
10039,58,14,27,0
10040,58,14,27,0
10041,58,14,27,0
10042,58,14,27,0
10043,58,14,27,0
10044,58,14,27,0
10045,58,14,27,0
10046,58,14,27,0
10047,58,14,27,0
10048,58,14,27,0
10049,58,14,27,0
10050,58,14,27,0
10051,58,14,27,0
10052,58,14,27,0
10053,58,14,27,0
10054,58,14,27,0
10055,58,14,27,0
10056,58,14,27,0
10057,58,14,27,0
10058,58,14,27,0
10059,58,14,27,0
10060,58,14,27,0
10061,58,14,27,0
10062,58,14,27,0
10063,58,14,27,0
10064,58,14,27,0
10065,58,14,27,0
10066,58,14,27,0
10067,58,14,27,0
10068,58,14,27,0
10069,58,14,27,0
10070,58,14,27,0
10071,58,14,27,0
10072,58,14,27,0
10073,58,14,27,0
10074,58,14,27,0
10075,58,14,27,0
10076,58,14,27,0
10077,58,14,27,0
10078,58,14,27,0
10079,58,14,27,0
10080,58,14,27,0
10081,58,14,27,0
10082,58,14,27,0
10083,58,14,27,0
10084,58,14,27,0
10085,58,14,27,0
10086,58,14,27,0
10087,58,14,27,0
10088,58,14,27,0
10089,58,14,27,0
10090,58,14,27,0
10091,58,14,27,0
10092,58,14,27,0
10093,58,14,27,0
10094,58,14,27,0
10095,58,14,27,0
10096,58,14,27,0
10097,58,14,27,0
10098,58,14,27,0
10099,58,14,27,0
10100,58,14,27,0
10101,58,14,27,0
10102,58,14,27,0
10103,58,14,27,0
10104,58,14,27,0
10105,58,14,27,0
10106,58,14,27,0
10107,58,14,27,0
10108,58,14,27,0
10109,58,14,27,0
10110,58,14,27,0
10111,58,14,27,0
10112,58,14,27,0
10113,58,14,27,0
10114,58,14,27,0
10115,58,14,27,0
10116,58,14,27,0
10117,58,14,27,0
10118,58,14,27,0
10119,58,14,27,0
10120,58,14,27,0
10121,58,14,27,0
10122,58,14,27,0
10123,58,14,27,0
10124,58,14,27,0
10125,58,14,27,0
10126,58,14,27,0
10127,58,14,27,0
10128,58,14,27,0
10129,58,14,27,0
10130,58,14,27,0
10131,58,14,27,0
10132,58,14,27,0
10133,58,14,27,0
10134,58,14,27,0
10135,58,14,27,0
10136,58,14,27,0
10137,58,14,27,0
10138,58,14,27,0
10139,58,14,27,0
10140,58,14,27,0
10141,58,14,27,0
10142,58,14,27,0
10143,58,14,27,0
10144,58,14,27,0
10145,58,14,27,0
10146,58,14,27,0
10147,58,14,27,0
10148,58,14,27,0
10149,58,14,27,0
10150,58,14,27,0
10151,58,14,27,0
10152,58,14,27,0
10153,58,14,27,0
10154,58,14,27,0
10155,58,14,27,0
10156,58,14,27,0
10157,58,14,27,0
10158,58,14,27,0
10159,58,14,27,0
10160,58,14,27,0
10161,58,14,27,0
10162,58,14,27,0
10163,58,14,27,0
10164,58,14,27,0
10165,58,14,27,0
10166,58,14,27,0
10167,58,14,27,0
10168,58,14,27,0
10169,58,14,27,0
10170,58,14,27,0
10171,58,14,27,0
10172,58,14,27,0
10173,58,14,27,0
10174,58,14,27,0
10175,58,14,27,0
10176,58,14,27,0
10177,58,14,27,0
10178,58,14,27,0
10179,58,14,27,0
10180,58,14,27,0
10181,58,14,27,0
10182,58,14,27,0
10183,58,14,27,0
10184,58,14,27,0
10185,58,14,27,0
10186,58,14,27,0
10187,58,14,27,0
10188,58,14,27,0
10189,58,14,27,0
10190,58,14,27,0
10191,58,14,27,0
10192,58,14,27,0
10193,58,14,27,0
10194,58,14,27,0
10195,58,14,27,0
10196,58,14,27,0
10197,58,14,27,0
10198,58,14,27,0
10199,58,14,27,0
10200,58,14,27,0
10201,58,14,27,0
10202,58,14,27,0
10203,58,14,27,0
10204,58,14,27,0
10205,58,14,27,0
10206,58,14,27,0
10207,58,14,27,0
10208,58,14,27,0
10209,58,14,27,0
10210,58,14,27,0
10211,58,14,27,0
10212,58,14,27,0
10213,58,14,27,0
10214,58,14,27,0
10215,58,14,27,0
10216,58,14,27,0
10217,58,14,27,0
10218,58,14,27,0
10219,58,14,27,0
10220,58,14,27,0
10221,58,14,27,0
10222,58,14,27,0
10223,58,14,27,0
10224,58,14,27,0
10225,58,14,27,0
10226,58,14,27,0
10227,58,14,27,0
10228,58,14,27,0
10229,58,14,27,0
10230,58,14,27,0
10231,58,14,27,0
10232,58,14,27,0
10233,58,14,27,0
10234,58,14,27,0
10235,58,14,27,0
10236,58,14,27,0
10237,58,14,27,0
10238,58,14,27,0
10239,58,14,27,0
10240,58,14,27,0
10241,58,14,27,0
10242,58,14,27,0
10243,58,14,27,0
10244,58,14,27,0
10245,58,14,27,0
10246,58,14,27,0
10247,58,14,27,0
10248,58,14,27,0
10249,58,14,27,0
10250,58,14,27,0
10251,58,14,27,0
10252,58,14,27,0
10253,58,14,27,0
10254,58,14,27,0
10255,58,14,27,0
10256,58,14,27,0
10257,58,14,27,0
10258,58,14,27,0
10259,58,14,27,0
10260,58,14,27,0
10261,58,14,27,0
10262,58,14,27,0
10263,58,14,27,0
10264,58,14,27,0
10265,58,14,27,0
10266,58,14,27,0
10267,58,14,27,0
10268,58,14,27,0
10269,58,14,27,0
10270,58,14,27,0
10271,58,14,27,0
10272,58,14,27,0
10273,58,14,27,0
10274,58,14,27,0
10275,58,14,27,0
10276,58,14,27,0
10277,58,14,27,0
10278,58,14,27,0
10279,58,14,27,0
10280,58,14,27,0
10281,58,14,27,0
10282,58,14,27,0
10283,58,14,27,0
10284,58,14,27,0
10285,58,14,27,0
10286,58,14,27,0
10287,58,14,27,0
10288,58,14,27,0
10289,58,14,27,0
10290,58,14,27,0
10291,58,14,27,0
10292,58,14,27,0
10293,58,14,27,0
10294,58,14,27,0
10295,58,14,27,0
10296,58,14,27,0
10297,58,14,27,0
10298,58,14,27,0
10299,58,14,27,0
10300,58,14,27,0
10301,58,14,27,0
10302,58,14,27,0
10303,58,14,27,0
10304,58,14,27,0
10305,58,14,27,0
10306,58,14,27,0
10307,58,14,27,0
10308,58,14,27,0
10309,58,14,27,0
10310,58,14,27,0
10311,58,14,27,0
10312,58,14,27,0
10313,58,14,27,0
10314,58,14,27,0
10315,58,14,27,0
10316,58,14,27,0
10317,58,14,27,0
10318,58,14,27,0
10319,58,14,27,0
10320,58,14,27,0
10321,58,14,27,0
10322,58,14,27,0
10323,58,14,27,0
10324,58,14,27,0
10325,58,14,27,0
10326,58,14,27,0
10327,58,14,27,0
10328,58,14,27,0
10329,58,14,27,0
10330,58,14,27,0
10331,58,14,27,0
10332,58,14,27,0
10333,58,14,27,0
10334,58,14,27,0
10335,58,14,27,0
10336,58,14,27,0
10337,58,14,27,0
10338,58,14,27,0
10339,58,14,27,0
10340,58,14,27,0
10341,58,14,27,0
10342,58,14,27,0
10343,58,14,27,0
10344,58,14,27,0
10345,58,14,27,0
10346,58,14,27,0
10347,58,14,27,0
10348,58,14,27,0
10349,58,14,27,0
10350,58,14,27,0
10351,58,14,27,0
10352,58,14,27,0
10353,58,14,27,0
10354,58,14,27,0
10355,58,14,27,0
10356,58,14,27,0
10357,58,14,27,0
10358,58,14,27,0
10359,58,14,27,0
10360,58,14,27,0
10361,58,14,27,0
10362,58,14,27,0
10363,58,14,27,0
10364,58,14,27,0
10365,58,14,27,0
10366,58,14,27,0
10367,58,14,27,0
10368,58,14,27,0
10369,58,14,27,0
10370,58,14,27,0
10371,58,14,27,0
10372,58,14,27,0
10373,58,14,27,0
10374,58,14,27,0
10375,58,14,27,0
10376,58,14,27,0
10377,58,14,27,0
10378,58,14,27,0
10379,58,14,27,0
10380,58,14,27,0
10381,58,14,27,0
10382,58,14,27,0
10383,58,14,27,0
10384,58,14,27,0
10385,58,14,27,0
10386,58,14,27,0
10387,58,14,27,0
10388,58,14,27,0
10389,58,14,27,0
10390,58,14,27,0
10391,58,14,27,0
10392,58,14,27,0
10393,58,14,27,0
10394,58,14,27,0
10395,58,14,27,0
10396,58,14,27,0
10397,58,14,27,0
10398,58,14,27,0
10399,58,14,27,0
10400,58,14,27,0
10401,58,14,27,0
10402,58,14,27,0
10403,58,14,27,0
10404,58,14,27,0
10405,58,14,27,0
10406,58,14,27,0
10407,58,14,27,0
10408,58,14,27,0
10409,58,14,27,0
10410,58,14,27,0
10411,58,14,27,0
10412,58,14,27,0
10413,58,14,27,0
10414,58,14,27,0
10415,58,14,27,0
10416,58,14,27,0
10417,58,14,27,0
10418,58,14,27,0
10419,58,14,27,0
10420,58,14,27,0
10421,58,14,27,0
10422,58,14,27,0
10423,58,14,27,0
10424,58,14,27,0
10425,58,14,27,0
10426,58,14,27,0
10427,58,14,27,0
10428,58,14,27,0
10429,58,14,27,0
10430,58,14,27,0
10431,58,14,27,0
10432,58,14,27,0
10433,58,14,27,0
10434,58,14,27,0
10435,58,14,27,0
10436,58,14,27,0
10437,58,14,27,0
10438,58,14,27,0
10439,58,14,27,0
10440,58,14,27,0
10441,58,14,27,0
10442,58,14,27,0
10443,58,14,27,0
10444,58,14,27,0
10445,58,14,27,0
10446,58,14,27,0
10447,58,14,27,0
10448,58,14,27,0
10449,58,14,27,0
10450,58,14,27,0
10451,58,14,27,0
10452,58,14,27,0
10453,58,14,27,0
10454,58,14,27,0
10455,58,14,27,0
10456,58,14,27,0
10457,58,14,27,0
10458,58,14,27,0
10459,58,14,27,0
10460,58,14,27,0
10461,58,14,27,0
10462,58,14,27,0
10463,58,14,27,0
10464,58,14,27,0
10465,58,14,27,0
10466,58,14,27,0
10467,58,14,27,0
10468,58,14,27,0
10469,58,14,27,0
10470,58,14,27,0
10471,58,14,27,0
10472,58,14,27,0
10473,58,14,27,0
10474,58,14,27,0
10475,58,14,27,0
10476,58,14,27,0
10477,58,14,27,0
10478,58,14,27,0
10479,58,14,27,0
10480,58,14,27,0
10481,58,14,27,0
10482,58,14,27,0
10483,58,14,27,0
10484,58,14,27,0
10485,58,14,27,0
10486,58,14,27,0
10487,58,14,27,0
10488,58,14,27,0
10489,58,14,27,0
10490,58,14,27,0
10491,58,14,27,0
10492,58,14,27,0
10493,58,14,27,0
10494,58,14,27,0
10495,58,14,27,0
10496,58,14,27,0
10497,58,14,27,0
10498,58,14,27,0
10499,58,14,27,0
10500,58,14,27,0
10501,58,14,27,0
10502,58,14,27,0
10503,58,14,27,0
10504,58,14,27,0
10505,58,14,27,0
10506,58,14,27,0
10507,58,14,27,0
10508,58,14,27,0
10509,58,14,27,0
10510,58,14,27,0
10511,58,14,27,0
10512,58,14,27,0
10513,58,14,27,0
10514,58,14,27,0
10515,58,14,27,0
10516,58,14,27,0
10517,58,14,27,0
10518,58,14,27,0
10519,58,14,27,0
10520,58,14,27,0
10521,58,14,27,0
10522,58,14,27,0
10523,58,14,27,0
10524,58,14,27,0
10525,58,14,27,0
10526,58,14,27,0
10527,58,14,27,0
10528,58,14,27,0
10529,58,14,27,0
10530,58,14,27,0
10531,58,14,27,0
10532,58,14,27,0
10533,58,14,27,0
10534,58,14,27,0
10535,58,14,27,0
10536,58,14,27,0
10537,58,14,27,0
10538,58,14,27,0
10539,58,14,27,0
10540,58,14,27,0
10541,58,14,27,0
10542,58,14,27,0
10543,58,14,27,0
10544,58,14,27,0
10545,58,14,27,0
10546,58,14,27,0
10547,58,14,27,0
10548,58,14,27,0
10549,58,14,27,0
10550,58,14,27,0
10551,58,14,27,0
10552,58,14,27,0
10553,58,14,27,0
10554,58,14,27,0
10555,58,14,27,0
10556,58,14,27,0
10557,58,14,27,0
10558,58,14,27,0
10559,58,14,27,0
10560,58,14,27,0
10561,58,14,27,0
10562,58,14,27,0
10563,58,14,27,0
10564,58,14,27,0
10565,58,14,27,0
10566,58,14,27,0
10567,58,14,27,0
10568,58,14,27,0
10569,58,14,27,0
10570,58,14,27,0
10571,58,14,27,0
10572,58,14,27,0
10573,58,14,27,0
10574,58,14,27,0
10575,58,14,27,0
10576,58,14,27,0
10577,58,14,27,0
10578,58,14,27,0
10579,58,14,27,0
10580,58,14,27,0
10581,58,14,27,0
10582,58,14,27,0
10583,58,14,27,0
10584,58,14,27,0
10585,58,14,27,0
10586,58,14,27,0
10587,58,14,27,0
10588,58,14,27,0
10589,58,14,27,0
10590,58,14,27,0
10591,58,14,27,0
10592,58,14,27,0
10593,58,14,27,0
10594,58,14,27,0
10595,58,14,27,0
10596,58,14,27,0
10597,58,14,27,0
10598,58,14,27,0
10599,58,14,27,0
10600,58,14,27,0
10601,58,14,27,0
10602,58,14,27,0
10603,58,14,27,0
10604,58,14,27,0
10605,58,14,27,0
10606,58,14,27,0
10607,58,14,27,0
10608,58,14,27,0
10609,58,14,27,0
10610,58,14,27,0
10611,58,14,27,0
10612,58,14,27,0
10613,58,14,27,0
10614,58,14,27,0
10615,58,14,27,0
10616,58,14,27,0
10617,58,14,27,0
10618,58,14,27,0
10619,58,14,27,0
10620,58,14,27,0
10621,58,14,27,0
10622,58,14,27,0
10623,58,14,27,0
10624,58,14,27,0
10625,58,14,27,0
10626,58,14,27,0
10627,58,14,27,0
10628,58,14,27,0
10629,58,14,27,0
10630,58,14,27,0
10631,58,14,27,0
10632,58,14,27,0
10633,58,14,27,0
10634,58,14,27,0
10635,58,14,27,0
10636,58,14,27,0
10637,58,14,27,0
10638,58,14,27,0
10639,58,14,27,0
10640,58,14,27,0
10641,58,14,27,0
10642,58,14,27,0
10643,58,14,27,0
10644,58,14,27,0
10645,58,14,27,0
10646,58,14,27,0
10647,58,14,27,0
10648,58,14,27,0
10649,58,14,27,0
10650,58,14,27,0
10651,58,14,27,0
10652,58,14,27,0
10653,58,14,27,0
10654,58,14,27,0
10655,58,14,27,0
10656,58,14,27,0
10657,58,14,27,0
10658,58,14,27,0
10659,58,14,27,0
10660,58,14,27,0
10661,58,14,27,0
10662,58,14,27,0
10663,58,14,27,0
10664,58,14,27,0
10665,58,14,27,0
10666,58,14,27,0
10667,58,14,27,0
10668,58,14,27,0
10669,58,14,27,0
10670,58,14,27,0
10671,58,14,27,0
10672,58,14,27,0
10673,58,14,27,0
10674,58,14,27,0
10675,58,14,27,0
10676,58,14,27,0
10677,58,14,27,0
10678,58,14,27,0
10679,58,14,27,0
10680,58,14,27,0
10681,58,14,27,0
10682,58,14,27,0
10683,58,14,27,0
10684,58,14,27,0
10685,58,14,27,0
10686,58,14,27,0
10687,58,14,27,0
10688,58,14,27,0
10689,58,14,27,0
10690,58,14,27,0
10691,58,14,27,0
10692,58,14,27,0
10693,58,14,27,0
10694,58,14,27,0
10695,58,14,27,0
10696,58,14,27,0
10697,58,14,27,0
10698,58,14,27,0
10699,58,14,27,0
10700,58,14,27,0
10701,58,14,27,0
10702,58,14,27,0
10703,58,14,27,0
10704,58,14,27,0
10705,58,14,27,0
10706,58,14,27,0
10707,58,14,27,0
10708,58,14,27,0
10709,58,14,27,0
10710,58,14,27,0
10711,58,14,27,0
10712,58,14,27,0
10713,58,14,27,0
10714,58,14,27,0
10715,58,14,27,0
10716,58,14,27,0
10717,58,14,27,0
10718,58,14,27,0
10719,58,14,27,0
10720,58,14,27,0
10721,58,14,27,0
10722,58,14,27,0
10723,58,14,27,0
10724,58,14,27,0
10725,58,14,27,0
10726,58,14,27,0
10727,58,14,27,0
10728,58,14,27,0
10729,58,14,27,0
10730,58,14,27,0
10731,58,14,27,0
10732,58,14,27,0
10733,58,14,27,0
10734,58,14,27,0
10735,58,14,27,0
10736,58,14,27,0
10737,58,14,27,0
10738,58,14,27,0
10739,58,14,27,0
10740,58,14,27,0
10741,58,14,27,0
10742,58,14,27,0
10743,58,14,27,0
10744,58,14,27,0
10745,58,14,27,0
10746,58,14,27,0
10747,58,14,27,0
10748,58,14,27,0
10749,58,14,27,0
10750,58,14,27,0
10751,58,14,27,0
10752,58,14,27,0
10753,58,14,27,0
10754,58,14,27,0
10755,58,14,27,0
10756,58,14,27,0
10757,58,14,27,0
10758,58,14,27,0
10759,58,14,27,0
10760,58,14,27,0
10761,58,14,27,0
10762,58,14,27,0
10763,58,14,27,0
10764,58,14,27,0
10765,58,14,27,0
10766,58,14,27,0
10767,58,14,27,0
10768,58,14,27,0
10769,58,14,27,0
10770,58,14,27,0
10771,58,14,27,0
10772,58,14,27,0
10773,58,14,27,0
10774,58,14,27,0
10775,58,14,27,0
10776,58,14,27,0
10777,58,14,27,0
10778,58,14,27,0
10779,58,14,27,0
10780,58,14,27,0
10781,58,14,27,0
10782,58,14,27,0
10783,58,14,27,0
10784,58,14,27,0
10785,58,14,27,0
10786,58,14,27,0
10787,58,14,27,0
10788,58,14,27,0
10789,58,14,27,0
10790,58,14,27,0
10791,58,14,27,0
10792,58,14,27,0
10793,58,14,27,0
10794,58,14,27,0
10795,58,14,27,0
10796,58,14,27,0
10797,58,14,27,0
10798,58,14,27,0
10799,58,14,27,0
10800,58,14,27,0
10801,58,14,27,0
10802,58,14,27,0
10803,58,14,27,0
10804,58,14,27,0
10805,58,14,27,0
10806,58,14,27,0
10807,58,14,27,0
10808,58,14,27,0
10809,58,14,27,0
10810,58,14,27,0
10811,58,14,27,0
10812,58,14,27,0
10813,58,14,27,0
10814,58,14,27,0
10815,58,14,27,0
10816,58,14,27,0
10817,58,14,27,0
10818,58,14,27,0
10819,58,14,27,0
10820,58,14,27,0
10821,58,14,27,0
10822,58,14,27,0
10823,58,14,27,0
10824,58,14,27,0
10825,58,14,27,0
10826,58,14,27,0
10827,58,14,27,0
10828,58,14,27,0
10829,58,14,27,0
10830,58,14,27,0
10831,58,14,27,0
10832,58,14,27,0
10833,58,14,27,0
10834,58,14,27,0
10835,58,14,27,0
10836,58,14,27,0
10837,58,14,27,0
10838,58,14,27,0
10839,58,14,27,0
10840,58,14,27,0
10841,58,14,27,0
10842,58,14,27,0
10843,58,14,27,0
10844,58,14,27,0
10845,58,14,27,0
10846,58,14,27,0
10847,58,14,27,0
10848,58,14,27,0
10849,58,14,27,0
10850,58,14,27,0
10851,58,14,27,0
10852,58,14,27,0
10853,58,14,27,0
10854,58,14,27,0
10855,58,14,27,0
10856,58,14,27,0
10857,58,14,27,0
10858,58,14,27,0
10859,58,14,27,0
10860,58,14,27,0
10861,58,14,27,0
10862,58,14,27,0
10863,58,14,27,0
10864,58,14,27,0
10865,58,14,27,0
10866,58,14,27,0
10867,58,14,27,0
10868,58,14,27,0
10869,58,14,27,0
10870,58,14,27,0
10871,58,14,27,0
10872,58,14,27,0
10873,58,14,27,0
10874,58,14,27,0
10875,58,14,27,0
10876,58,14,27,0
10877,58,14,27,0
10878,58,14,27,0
10879,58,14,27,0
10880,58,14,27,0
10881,58,14,27,0
10882,58,14,27,0
10883,58,14,27,0
10884,58,14,27,0
10885,58,14,27,0
10886,58,14,27,0
10887,58,14,27,0
10888,58,14,27,0
10889,58,14,27,0
10890,58,14,27,0
10891,58,14,27,0
10892,58,14,27,0
10893,58,14,27,0
10894,58,14,27,0
10895,58,14,27,0
10896,58,14,27,0
10897,58,14,27,0
10898,58,14,27,0
10899,58,14,27,0
10900,58,14,27,0
10901,58,14,27,0
10902,58,14,27,0
10903,58,14,27,0
10904,58,14,27,0
10905,58,14,27,0
10906,58,14,27,0
10907,58,14,27,0
10908,58,14,27,0
10909,58,14,27,0
10910,58,14,27,0
10911,58,14,27,0
10912,58,14,27,0
10913,58,14,27,0
10914,58,14,27,0
10915,58,14,27,0
10916,58,14,27,0
10917,58,14,27,0
10918,58,14,27,0
10919,58,14,27,0
10920,58,14,27,0
10921,58,14,27,0
10922,58,14,27,0
10923,58,14,27,0
10924,58,14,27,0
10925,58,14,27,0
10926,58,14,27,0
10927,58,14,27,0
10928,58,14,27,0
10929,58,14,27,0
10930,58,14,27,0
10931,58,14,27,0
10932,58,14,27,0
10933,58,14,27,0
10934,58,14,27,0
10935,58,14,27,0
10936,58,14,27,0
10937,58,14,27,0
10938,58,14,27,0
10939,58,14,27,0
10940,58,14,27,0
10941,58,14,27,0
10942,58,14,27,0
10943,58,14,27,0
10944,58,14,27,0
10945,58,14,27,0
10946,58,14,27,0
10947,58,14,27,0
10948,58,14,27,0
10949,58,14,27,0
10950,58,14,27,0
10951,58,14,27,0
10952,58,14,27,0
10953,58,14,27,0
10954,58,14,27,0
10955,58,14,27,0
10956,58,14,27,0
10957,58,14,27,0
10958,58,14,27,0
10959,58,14,27,0
10960,58,14,27,0
10961,58,14,27,0
10962,58,14,27,0
10963,58,14,27,0
10964,58,14,27,0
10965,58,14,27,0
10966,58,14,27,0
10967,58,14,27,0
10968,58,14,27,0
10969,58,14,27,0
10970,58,14,27,0
10971,58,14,27,0
10972,58,14,27,0
10973,58,14,27,0
10974,58,14,27,0
10975,58,14,27,0
10976,58,14,27,0
10977,58,14,27,0
10978,58,14,27,0
10979,58,14,27,0
10980,58,14,27,0
10981,58,14,27,0
10982,58,14,27,0
10983,58,14,27,0
10984,58,14,27,0
10985,58,14,27,0
10986,58,14,27,0
10987,58,14,27,0
10988,58,14,27,0
10989,58,14,27,0
10990,58,14,27,0
10991,58,14,27,0
10992,58,14,27,0
10993,58,14,27,0
10994,58,14,27,0
10995,58,14,27,0
10996,58,14,27,0
10997,58,14,27,0
10998,58,14,27,0
10999,58,14,27,0
11000,58,14,27,0
11001,58,14,27,0
11002,58,14,27,0
11003,58,14,27,0
11004,58,14,27,0
11005,58,14,27,0
11006,58,14,27,0
11007,58,14,27,0
11008,58,14,27,0
11009,58,14,27,0
11010,58,14,27,0
11011,58,14,27,0
11012,58,14,27,0
11013,58,14,27,0
11014,58,14,27,0
11015,58,14,27,0
11016,58,14,27,0
11017,58,14,27,0
11018,58,14,27,0
11019,58,14,27,0
11020,58,14,27,0
11021,58,14,27,0
11022,58,14,27,0
11023,58,14,27,0
11024,58,14,27,0
11025,58,14,27,0
11026,58,14,27,0
11027,58,14,27,0
11028,58,14,27,0
11029,58,14,27,0
11030,58,14,27,0
11031,58,14,27,0
11032,58,14,27,0
11033,58,14,27,0
11034,58,14,27,0
11035,58,14,27,0
11036,58,14,27,0
11037,58,14,27,0
11038,58,14,27,0
11039,58,14,27,0
11040,58,14,27,0
11041,58,14,27,0
11042,58,14,27,0
11043,58,14,27,0
11044,58,14,27,0
11045,58,14,27,0
11046,58,14,27,0
11047,58,14,27,0
11048,58,14,27,0
11049,58,14,27,0
11050,58,14,27,0
11051,58,14,27,0
11052,58,14,27,0
11053,58,14,27,0
11054,58,14,27,0
11055,58,14,27,0
11056,58,14,27,0
11057,58,14,27,0
11058,58,14,27,0
11059,58,14,27,0
11060,58,14,27,0
11061,58,14,27,0
11062,58,14,27,0
11063,58,14,27,0
11064,58,14,27,0
11065,58,14,27,0
11066,58,14,27,0
11067,58,14,27,0
11068,58,14,27,0
11069,58,14,27,0
11070,58,14,27,0
11071,58,14,27,0
11072,58,14,27,0
11073,58,14,27,0
11074,58,14,27,0
11075,58,14,27,0
11076,58,14,27,0
11077,58,14,27,0
11078,58,14,27,0
11079,58,14,27,0
11080,58,14,27,0
11081,58,14,27,0
11082,58,14,27,0
11083,58,14,27,0
11084,58,14,27,0
11085,58,14,27,0
11086,58,14,27,0
11087,58,14,27,0
11088,58,14,27,0
11089,58,14,27,0
11090,58,14,27,0
11091,58,14,27,0
11092,58,14,27,0
11093,58,14,27,0
11094,58,14,27,0
11095,58,14,27,0
11096,58,14,27,0
11097,58,14,27,0
11098,58,14,27,0
11099,58,14,27,0
11100,58,14,27,0
11101,58,14,27,0
11102,58,14,27,0
11103,58,14,27,0
11104,58,14,27,0
11105,58,14,27,0
11106,58,14,27,0
11107,58,14,27,0
11108,58,14,27,0
11109,58,14,27,0
11110,58,14,27,0
11111,58,14,27,0
11112,58,14,27,0
11113,58,14,27,0
11114,58,14,27,0
11115,58,14,27,0
11116,58,14,27,0
11117,58,14,27,0
11118,58,14,27,0
11119,58,14,27,0
11120,58,14,27,0
11121,58,14,27,0
11122,58,14,27,0
11123,58,14,27,0
11124,58,14,27,0
11125,58,14,27,0
11126,58,14,27,0
11127,58,14,27,0
11128,58,14,27,0
11129,58,14,27,0
11130,58,14,27,0
11131,58,14,27,0
11132,58,14,27,0
11133,58,14,27,0
11134,58,14,27,0
11135,58,14,27,0
11136,58,14,27,0
11137,58,14,27,0
11138,58,14,27,0
11139,58,14,27,0
11140,58,14,27,0
11141,58,14,27,0
11142,58,14,27,0
11143,58,14,27,0
11144,58,14,27,0
11145,58,14,27,0
11146,58,14,27,0
11147,58,14,27,0
11148,58,14,27,0
11149,58,14,27,0
11150,58,14,27,0
11151,58,14,27,0
11152,58,14,27,0
11153,58,14,27,0
11154,58,14,27,0
11155,58,14,27,0
11156,58,14,27,0
11157,58,14,27,0
11158,58,14,27,0
11159,58,14,27,0
11160,58,14,27,0
11161,58,14,27,0
11162,58,14,27,0
11163,58,14,27,0
11164,58,14,27,0
11165,58,14,27,0
11166,58,14,27,0
11167,58,14,27,0
11168,58,14,27,0
11169,58,14,27,0
11170,58,14,27,0
11171,58,14,27,0
11172,58,14,27,0
11173,58,14,27,0
11174,58,14,27,0
11175,58,14,27,0
11176,58,14,27,0
11177,58,14,27,0
11178,58,14,27,0
11179,58,14,27,0
11180,58,14,27,0
11181,58,14,27,0
11182,58,14,27,0
11183,58,14,27,0
11184,58,14,27,0
11185,58,14,27,0
11186,58,14,27,0
11187,58,14,27,0
11188,58,14,27,0
11189,58,14,27,0
11190,58,14,27,0
11191,58,14,27,0
11192,58,14,27,0
11193,58,14,27,0
11194,58,14,27,0
11195,58,14,27,0
11196,58,14,27,0
11197,58,14,27,0
11198,58,14,27,0
11199,58,14,27,0
11200,58,14,27,0
11201,58,14,27,0
11202,58,14,27,0
11203,58,14,27,0
11204,58,14,27,0
11205,58,14,27,0
11206,58,14,27,0
11207,58,14,27,0
11208,58,14,27,0
11209,58,14,27,0
11210,58,14,27,0
11211,58,14,27,0
11212,58,14,27,0
11213,58,14,27,0
11214,58,14,27,0
11215,58,14,27,0
11216,58,14,27,0
11217,58,14,27,0
11218,58,14,27,0
11219,58,14,27,0
11220,58,14,27,0
11221,58,14,27,0
11222,58,14,27,0
11223,58,14,27,0
11224,58,14,27,0
11225,58,14,27,0
11226,58,14,27,0
11227,58,14,27,0
11228,58,14,27,0
11229,58,14,27,0
11230,58,14,27,0
11231,58,14,27,0
11232,58,14,27,0
11233,58,14,27,0
11234,58,14,27,0
11235,58,14,27,0
11236,58,14,27,0
11237,58,14,27,0
11238,58,14,27,0
11239,58,14,27,0
11240,58,14,27,0
11241,58,14,27,0
11242,58,14,27,0
11243,58,14,27,0
11244,58,14,27,0
11245,58,14,27,0
11246,58,14,27,0
11247,58,14,27,0
11248,58,14,27,0
11249,58,14,27,0
11250,58,14,27,0
11251,58,14,27,0
11252,58,14,27,0
11253,58,14,27,0
11254,58,14,27,0
11255,58,14,27,0
11256,58,14,27,0
11257,58,14,27,0
11258,58,14,27,0
11259,58,14,27,0
11260,58,14,27,0
11261,58,14,27,0
11262,58,14,27,0
11263,58,14,27,0
11264,58,14,27,0
11265,58,14,27,0
11266,58,14,27,0
11267,58,14,27,0
11268,58,14,27,0
11269,58,14,27,0
11270,58,14,27,0
11271,58,14,27,0
11272,58,14,27,0
11273,58,14,27,0
11274,58,14,27,0
11275,58,14,27,0
11276,58,14,27,0
11277,58,14,27,0
11278,58,14,27,0
11279,58,14,27,0
11280,58,14,27,0
11281,58,14,27,0
11282,58,14,27,0
11283,58,14,27,0
11284,58,14,27,0
11285,58,14,27,0
11286,58,14,27,0
11287,58,14,27,0
11288,58,14,27,0
11289,58,14,27,0
11290,58,14,27,0
11291,58,14,27,0
11292,58,14,27,0
11293,58,14,27,0
11294,58,14,27,0
11295,58,14,27,0
11296,58,14,27,0
11297,58,14,27,0
11298,58,14,27,0
11299,58,14,27,0
11300,58,14,27,0
11301,58,14,27,0
11302,58,14,27,0
11303,58,14,27,0
11304,58,14,27,0
11305,58,14,27,0
11306,58,14,27,0
11307,58,14,27,0
11308,58,14,27,0
11309,58,14,27,0
11310,58,14,27,0
11311,58,14,27,0
11312,58,14,27,0
11313,58,14,27,0
11314,58,14,27,0
11315,58,14,27,0
11316,58,14,27,0
11317,58,14,27,0
11318,58,14,27,0
11319,58,14,27,0
11320,58,14,27,0
11321,58,14,27,0
11322,58,14,27,0
11323,58,14,27,0
11324,58,14,27,0
11325,58,14,27,0
11326,58,14,27,0
11327,58,14,27,0
11328,58,14,27,0
11329,58,14,27,0
11330,58,14,27,0
11331,58,14,27,0
11332,58,14,27,0
11333,58,14,27,0
11334,58,14,27,0
11335,58,14,27,0
11336,58,14,27,0
11337,58,14,27,0
11338,58,14,27,0
11339,58,14,27,0
11340,58,14,27,0
11341,58,14,27,0
11342,58,14,27,0
11343,58,14,27,0
11344,58,14,27,0
11345,58,14,27,0
11346,58,14,27,0
11347,58,14,27,0
11348,58,14,27,0
11349,58,14,27,0
11350,58,14,27,0
11351,58,14,27,0
11352,58,14,27,0
11353,58,14,27,0
11354,58,14,27,0
11355,58,14,27,0
11356,58,14,27,0
11357,58,14,27,0
11358,58,14,27,0
11359,58,14,27,0
11360,58,14,27,0
11361,58,14,27,0
11362,58,14,27,0
11363,58,14,27,0
11364,58,14,27,0
11365,58,14,27,0
11366,58,14,27,0
11367,58,14,27,0
11368,58,14,27,0
11369,58,14,27,0
11370,58,14,27,0
11371,58,14,27,0
11372,58,14,27,0
11373,58,14,27,0
11374,58,14,27,0
11375,58,14,27,0
11376,58,14,27,0
11377,58,14,27,0
11378,58,14,27,0
11379,58,14,27,0
11380,58,14,27,0
11381,58,14,27,0
11382,58,14,27,0
11383,58,14,27,0
11384,58,14,27,0
11385,58,14,27,0
11386,58,14,27,0
11387,58,14,27,0
11388,58,14,27,0
11389,58,14,27,0
11390,58,14,27,0
11391,58,14,27,0
11392,58,14,27,0
11393,58,14,27,0
11394,58,14,27,0
11395,58,14,27,0
11396,58,14,27,0
11397,58,14,27,0
11398,58,14,27,0
11399,58,14,27,0
11400,58,14,27,0
11401,58,14,27,0
11402,58,14,27,0
11403,58,14,27,0
11404,58,14,27,0
11405,58,14,27,0
11406,58,14,27,0
11407,58,14,27,0
11408,58,14,27,0
11409,58,14,27,0
11410,58,14,27,0
11411,58,14,27,0
11412,58,14,27,0
11413,58,14,27,0
11414,58,14,27,0
11415,58,14,27,0
11416,58,14,27,0
11417,58,14,27,0
11418,58,14,27,0
11419,58,14,27,0
11420,58,14,27,0
11421,58,14,27,0
11422,58,14,27,0
11423,58,14,27,0
11424,58,14,27,0
11425,58,14,27,0
11426,58,14,27,0
11427,58,14,27,0
11428,58,14,27,0
11429,58,14,27,0
11430,58,14,27,0
11431,58,14,27,0
11432,58,14,27,0
11433,58,14,27,0
11434,58,14,27,0
11435,58,14,27,0
11436,58,14,27,0
11437,58,14,27,0
11438,58,14,27,0
11439,58,14,27,0
11440,58,14,27,0
11441,58,14,27,0
11442,58,14,27,0
11443,58,14,27,0
11444,58,14,27,0
11445,58,14,27,0
11446,58,14,27,0
11447,58,14,27,0
11448,58,14,27,0
11449,58,14,27,0
11450,58,14,27,0
11451,58,14,27,0
11452,58,14,27,0
11453,58,14,27,0
11454,58,14,27,0
11455,58,14,27,0
11456,58,14,27,0
11457,58,14,27,0
11458,58,14,27,0
11459,58,14,27,0
11460,58,14,27,0
11461,58,14,27,0
11462,58,14,27,0
11463,58,14,27,0
11464,58,14,27,0
11465,58,14,27,0
11466,58,14,27,0
11467,58,14,27,0
11468,58,14,27,0
11469,58,14,27,0
11470,58,14,27,0
11471,58,14,27,0
11472,58,14,27,0
11473,58,14,27,0
11474,58,14,27,0
11475,58,14,27,0
11476,58,14,27,0
11477,58,14,27,0
11478,58,14,27,0
11479,58,14,27,0
11480,58,14,27,0
11481,58,14,27,0
11482,58,14,27,0
11483,58,14,27,0
11484,58,14,27,0
11485,58,14,27,0
11486,58,14,27,0
11487,58,14,27,0
11488,58,14,27,0
11489,58,14,27,0
11490,58,14,27,0
11491,58,14,27,0
11492,58,14,27,0
11493,58,14,27,0
11494,58,14,27,0
11495,58,14,27,0
11496,58,14,27,0
11497,58,14,27,0
11498,58,14,27,0
11499,58,14,27,0
11500,58,14,27,0
11501,58,14,27,0
11502,58,14,27,0
11503,58,14,27,0
11504,58,14,27,0
11505,58,14,27,0
11506,58,14,27,0
11507,58,14,27,0
11508,58,14,27,0
11509,58,14,27,0
11510,58,14,27,0
11511,58,14,27,0
11512,58,14,27,0
11513,58,14,27,0
11514,58,14,27,0
11515,58,14,27,0
11516,58,14,27,0
11517,58,14,27,0
11518,58,14,27,0
11519,58,14,27,0
11520,58,14,27,0
11521,58,14,27,0
11522,58,14,27,0
11523,58,14,27,0
11524,58,14,27,0
11525,58,14,27,0
11526,58,14,27,0
11527,58,14,27,0
11528,58,14,27,0
11529,58,14,27,0
11530,58,14,27,0
11531,58,14,27,0
11532,58,14,27,0
11533,58,14,27,0
11534,58,14,27,0
11535,58,14,27,0
11536,58,14,27,0
11537,58,14,27,0
11538,58,14,27,0
11539,58,14,27,0
11540,58,14,27,0
11541,58,14,27,0
11542,58,14,27,0
11543,58,14,27,0
11544,58,14,27,0
11545,58,14,27,0
11546,58,14,27,0
11547,58,14,27,0
11548,58,14,27,0
11549,58,14,27,0
11550,58,14,27,0
11551,58,14,27,0
11552,58,14,27,0
11553,58,14,27,0
11554,58,14,27,0
11555,58,14,27,0
11556,58,14,27,0
11557,58,14,27,0
11558,58,14,27,0
11559,58,14,27,0
11560,58,14,27,0
11561,58,14,27,0
11562,58,14,27,0
11563,58,14,27,0
11564,58,14,27,0
11565,58,14,27,0
11566,58,14,27,0
11567,58,14,27,0
11568,58,14,27,0
11569,58,14,27,0
11570,58,14,27,0
11571,58,14,27,0
11572,58,14,27,0
11573,58,14,27,0
11574,58,14,27,0
11575,58,14,27,0
11576,58,14,27,0
11577,58,14,27,0
11578,58,14,27,0
11579,58,14,27,0
11580,58,14,27,0
11581,58,14,27,0
11582,58,14,27,0
11583,58,14,27,0
11584,58,14,27,0
11585,58,14,27,0
11586,58,14,27,0
11587,58,14,27,0
11588,58,14,27,0
11589,58,14,27,0
11590,58,14,27,0
11591,58,14,27,0
11592,58,14,27,0
11593,58,14,27,0
11594,58,14,27,0
11595,58,14,27,0
11596,58,14,27,0
11597,58,14,27,0
11598,58,14,27,0
11599,58,14,27,0
11600,58,14,27,0
11601,58,14,27,0
11602,58,14,27,0
11603,58,14,27,0
11604,58,14,27,0
11605,58,14,27,0
11606,58,14,27,0
11607,58,14,27,0
11608,58,14,27,0
11609,58,14,27,0
11610,58,14,27,0
11611,58,14,27,0
11612,58,14,27,0
11613,58,14,27,0
11614,58,14,27,0
11615,58,14,27,0
11616,58,14,27,0
11617,58,14,27,0
11618,58,14,27,0
11619,58,14,27,0
11620,58,14,27,0
11621,58,14,27,0
11622,58,14,27,0
11623,58,14,27,0
11624,58,14,27,0
11625,58,14,27,0
11626,58,14,27,0
11627,58,14,27,0
11628,58,14,27,0
11629,58,14,27,0
11630,58,14,27,0
11631,58,14,27,0
11632,58,14,27,0
11633,58,14,27,0
11634,58,14,27,0
11635,58,14,27,0
11636,58,14,27,0
11637,58,14,27,0
11638,58,14,27,0
11639,58,14,27,0
11640,58,14,27,0
11641,58,14,27,0
11642,58,14,27,0
11643,58,14,27,0
11644,58,14,27,0
11645,58,14,27,0
11646,58,14,27,0
11647,58,14,27,0
11648,58,14,27,0
11649,58,14,27,0
11650,58,14,27,0
11651,58,14,27,0
11652,58,14,27,0
11653,58,14,27,0
11654,58,14,27,0
11655,58,14,27,0
11656,58,14,27,0
11657,58,14,27,0
11658,58,14,27,0
11659,58,14,27,0
11660,58,14,27,0
11661,58,14,27,0
11662,58,14,27,0
11663,58,14,27,0
11664,58,14,27,0
11665,58,14,27,0
11666,58,14,27,0
11667,58,14,27,0
11668,58,14,27,0
11669,58,14,27,0
11670,58,14,27,0
11671,58,14,27,0
11672,58,14,27,0
11673,58,14,27,0
11674,58,14,27,0
11675,58,14,27,0
11676,58,14,27,0
11677,58,14,27,0
11678,58,14,27,0
11679,58,14,27,0
11680,58,14,27,0
11681,58,14,27,0
11682,58,14,27,0
11683,58,14,27,0
11684,58,14,27,0
11685,58,14,27,0
11686,58,14,27,0
11687,58,14,27,0
11688,58,14,27,0
11689,58,14,27,0
11690,58,14,27,0
11691,58,14,27,0
11692,58,14,27,0
11693,58,14,27,0
11694,58,14,27,0
11695,58,14,27,0
11696,58,14,27,0
11697,58,14,27,0
11698,58,14,27,0
11699,58,14,27,0
11700,58,14,27,0
11701,58,14,27,0
11702,58,14,27,0
11703,58,14,27,0
11704,58,14,27,0
11705,58,14,27,0
11706,58,14,27,0
11707,58,14,27,0
11708,58,14,27,0
11709,58,14,27,0
11710,58,14,27,0
11711,58,14,27,0
11712,58,14,27,0
11713,58,14,27,0
11714,58,14,27,0
11715,58,14,27,0
11716,58,14,27,0
11717,58,14,27,0
11718,58,14,27,0
11719,58,14,27,0
11720,58,14,27,0
11721,58,14,27,0
11722,58,14,27,0
11723,58,14,27,0
11724,58,14,27,0
11725,58,14,27,0
11726,58,14,27,0
11727,58,14,27,0
11728,58,14,27,0
11729,58,14,27,0
11730,58,14,27,0
11731,58,14,27,0
11732,58,14,27,0
11733,58,14,27,0
11734,58,14,27,0
11735,58,14,27,0
11736,58,14,27,0
11737,58,14,27,0
11738,58,14,27,0
11739,58,14,27,0
11740,58,14,27,0
11741,58,14,27,0
11742,58,14,27,0
11743,58,14,27,0
11744,58,14,27,0
11745,58,14,27,0
11746,58,14,27,0
11747,58,14,27,0
11748,58,14,27,0
11749,58,14,27,0
11750,58,14,27,0
11751,58,14,27,0
11752,58,14,27,0
11753,58,14,27,0
11754,58,14,27,0
11755,58,14,27,0
11756,58,14,27,0
11757,58,14,27,0
11758,58,14,27,0
11759,58,14,27,0
11760,58,14,27,0
11761,58,14,27,0
11762,58,14,27,0
11763,58,14,27,0
11764,58,14,27,0
11765,58,14,27,0
11766,58,14,27,0
11767,58,14,27,0
11768,58,14,27,0
11769,58,14,27,0
11770,58,14,27,0
11771,58,14,27,0
11772,58,14,27,0
11773,58,14,27,0
11774,58,14,27,0
11775,58,14,27,0
11776,58,14,27,0
11777,58,14,27,0
11778,58,14,27,0
11779,58,14,27,0
11780,58,14,27,0
11781,58,14,27,0
11782,58,14,27,0
11783,58,14,27,0
11784,58,14,27,0
11785,58,14,27,0
11786,58,14,27,0
11787,58,14,27,0
11788,58,14,27,0
11789,58,14,27,0
11790,58,14,27,0
11791,58,14,27,0
11792,58,14,27,0
11793,58,14,27,0
11794,58,14,27,0
11795,58,14,27,0
11796,58,14,27,0
11797,58,14,27,0
11798,58,14,27,0
11799,58,14,27,0
11800,58,14,27,0
11801,58,14,27,0
11802,58,14,27,0
11803,58,14,27,0
11804,58,14,27,0
11805,58,14,27,0
11806,58,14,27,0
11807,58,14,27,0
11808,58,14,27,0
11809,58,14,27,0
11810,58,14,27,0
11811,58,14,27,0
11812,58,14,27,0
11813,58,14,27,0
11814,58,14,27,0
11815,58,14,27,0
11816,58,14,27,0
11817,58,14,27,0
11818,58,14,27,0
11819,58,14,27,0
11820,58,14,27,0
11821,58,14,27,0
11822,58,14,27,0
11823,58,14,27,0
11824,58,14,27,0
11825,58,14,27,0
11826,58,14,27,0
11827,58,14,27,0
11828,58,14,27,0
11829,58,14,27,0
11830,58,14,27,0
11831,58,14,27,0
11832,58,14,27,0
11833,58,14,27,0
11834,58,14,27,0
11835,58,14,27,0
11836,58,14,27,0
11837,58,14,27,0
11838,58,14,27,0
11839,58,14,27,0
11840,58,14,27,0
11841,58,14,27,0
11842,58,14,27,0
11843,58,14,27,0
11844,58,14,27,0
11845,58,14,27,0
11846,58,14,27,0
11847,58,14,27,0
11848,58,14,27,0
11849,58,14,27,0
11850,58,14,27,0
11851,58,14,27,0
11852,58,14,27,0
11853,58,14,27,0
11854,58,14,27,0
11855,58,14,27,0
11856,58,14,27,0
11857,58,14,27,0
11858,58,14,27,0
11859,58,14,27,0
11860,58,14,27,0
11861,58,14,27,0
11862,58,14,27,0
11863,58,14,27,0
11864,58,14,27,0
11865,58,14,27,0
11866,58,14,27,0
11867,58,14,27,0
11868,58,14,27,0
11869,58,14,27,0
11870,58,14,27,0
11871,58,14,27,0
11872,58,14,27,0
11873,58,14,27,0
11874,58,14,27,0
11875,58,14,27,0
11876,58,14,27,0
11877,58,14,27,0
11878,58,14,27,0
11879,58,14,27,0
11880,58,14,27,0
11881,58,14,27,0
11882,58,14,27,0
11883,58,14,27,0
11884,58,14,27,0
11885,58,14,27,0
11886,58,14,27,0
11887,58,14,27,0
11888,58,14,27,0
11889,58,14,27,0
11890,58,14,27,0
11891,58,14,27,0
11892,58,14,27,0
11893,58,14,27,0
11894,58,14,27,0
11895,58,14,27,0
11896,58,14,27,0
11897,58,14,27,0
11898,58,14,27,0
11899,58,14,27,0
11900,58,14,27,0
11901,58,14,27,0
11902,58,14,27,0
11903,58,14,27,0
11904,58,14,27,0
11905,58,14,27,0
11906,58,14,27,0
11907,58,14,27,0
11908,58,14,27,0
11909,58,14,27,0
11910,58,14,27,0
11911,58,14,27,0
11912,58,14,27,0
11913,58,14,27,0
11914,58,14,27,0
11915,58,14,27,0
11916,58,14,27,0
11917,58,14,27,0
11918,58,14,27,0
11919,58,14,27,0
11920,58,14,27,0
11921,58,14,27,0
11922,58,14,27,0
11923,58,14,27,0
11924,58,14,27,0
11925,58,14,27,0
11926,58,14,27,0
11927,58,14,27,0
11928,58,14,27,0
11929,58,14,27,0
11930,58,14,27,0
11931,58,14,27,0
11932,58,14,27,0
11933,58,14,27,0
11934,58,14,27,0
11935,58,14,27,0
11936,58,14,27,0
11937,58,14,27,0
11938,58,14,27,0
11939,58,14,27,0
11940,58,14,27,0
11941,58,14,27,0
11942,58,14,27,0
11943,58,14,27,0
11944,58,14,27,0
11945,58,14,27,0
11946,58,14,27,0
11947,58,14,27,0
11948,58,14,27,0
11949,58,14,27,0
11950,58,14,27,0
11951,58,14,27,0
11952,58,14,27,0
11953,58,14,27,0
11954,58,14,27,0
11955,58,14,27,0
11956,58,14,27,0
11957,58,14,27,0
11958,58,14,27,0
11959,58,14,27,0
11960,58,14,27,0
11961,58,14,27,0
11962,58,14,27,0
11963,58,14,27,0
11964,58,14,27,0
11965,58,14,27,0
11966,58,14,27,0
11967,58,14,27,0
11968,58,14,27,0
11969,58,14,27,0
11970,58,14,27,0
11971,58,14,27,0
11972,58,14,27,0
11973,58,14,27,0
11974,58,14,27,0
11975,58,14,27,0
11976,58,14,27,0
11977,58,14,27,0
11978,58,14,27,0
11979,58,14,27,0
11980,58,14,27,0
11981,58,14,27,0
11982,58,14,27,0
11983,58,14,27,0
11984,58,14,27,0
11985,58,14,27,0
11986,58,14,27,0
11987,58,14,27,0
11988,58,14,27,0
11989,58,14,27,0
11990,58,14,27,0
11991,58,14,27,0
11992,58,14,27,0
11993,58,14,27,0
11994,58,14,27,0
11995,58,14,27,0
11996,58,14,27,0
11997,58,14,27,0
11998,58,14,27,0
11999,58,14,27,0
12000,58,14,27,0
12001,58,14,27,0
12002,58,14,27,0
12003,58,14,27,0
12004,58,14,27,0
12005,58,14,27,0
12006,58,14,27,0
12007,58,14,27,0
12008,58,14,27,0
12009,58,14,27,0
12010,58,14,27,0
12011,58,14,27,0
12012,58,14,27,0
12013,58,14,27,0
12014,58,14,27,0
12015,58,14,27,0
12016,58,14,27,0
12017,58,14,27,0
12018,58,14,27,0
12019,58,14,27,0
12020,58,14,27,0
12021,58,14,27,0
12022,58,14,27,0
12023,58,14,27,0
12024,58,14,27,0
12025,58,14,27,0
12026,58,14,27,0
12027,58,14,27,0
12028,58,14,27,0
12029,58,14,27,0
12030,58,14,27,0
12031,58,14,27,0
12032,58,14,27,0
12033,58,14,27,0
12034,58,14,27,0
12035,58,14,27,0
12036,58,14,27,0
12037,58,14,27,0
12038,58,14,27,0
12039,58,14,27,0
12040,58,14,27,0
12041,58,14,27,0
12042,58,14,27,0
12043,58,14,27,0
12044,58,14,27,0
12045,58,14,27,0
12046,58,14,27,0
12047,58,14,27,0
12048,58,14,27,0
12049,58,14,27,0
12050,58,14,27,0
12051,58,14,27,0
12052,58,14,27,0
12053,58,14,27,0
12054,58,14,27,0
12055,58,14,27,0
12056,58,14,27,0
12057,58,14,27,0
12058,58,14,27,0
12059,58,14,27,0
12060,58,14,27,0
12061,58,14,27,0
12062,58,14,27,0
12063,58,14,27,0
12064,58,14,27,0
12065,58,14,27,0
12066,58,14,27,0
12067,58,14,27,0
12068,58,14,27,0
12069,58,14,27,0
12070,58,14,27,0
12071,58,14,27,0
12072,58,14,27,0
12073,58,14,27,0
12074,58,14,27,0
12075,58,14,27,0
12076,58,14,27,0
12077,58,14,27,0
12078,58,14,27,0
12079,58,14,27,0
12080,58,14,27,0
12081,58,14,27,0
12082,58,14,27,0
12083,58,14,27,0
12084,58,14,27,0
12085,58,14,27,0
12086,58,14,27,0
12087,58,14,27,0
12088,58,14,27,0
12089,58,14,27,0
12090,58,14,27,0
12091,58,14,27,0
12092,58,14,27,0
12093,58,14,27,0
12094,58,14,27,0
12095,58,14,27,0
12096,58,14,27,0
12097,58,14,27,0
12098,58,14,27,0
12099,58,14,27,0
12100,58,14,27,0
12101,58,14,27,0
12102,58,14,27,0
12103,58,14,27,0
12104,58,14,27,0
12105,58,14,27,0
12106,58,14,27,0
12107,58,14,27,0
12108,58,14,27,0
12109,58,14,27,0
12110,58,14,27,0
12111,58,14,27,0
12112,58,14,27,0
12113,58,14,27,0
12114,58,14,27,0
12115,58,14,27,0
12116,58,14,27,0
12117,58,14,27,0
12118,58,14,27,0
12119,58,14,27,0
12120,58,14,27,0
12121,58,14,27,0
12122,58,14,27,0
12123,58,14,27,0
12124,58,14,27,0
12125,58,14,27,0
12126,58,14,27,0
12127,58,14,27,0
12128,58,14,27,0
12129,58,14,27,0
12130,58,14,27,0
12131,58,14,27,0
12132,58,14,27,0
12133,58,14,27,0
12134,58,14,27,0
12135,58,14,27,0
12136,58,14,27,0
12137,58,14,27,0
12138,58,14,27,0
12139,58,14,27,0
12140,58,14,27,0
12141,58,14,27,0
12142,58,14,27,0
12143,58,14,27,0
12144,58,14,27,0
12145,58,14,27,0
12146,58,14,27,0
12147,58,14,27,0
12148,58,14,27,0
12149,58,14,27,0
12150,58,14,27,0
12151,58,14,27,0
12152,58,14,27,0
12153,58,14,27,0
12154,58,14,27,0
12155,58,14,27,0
12156,58,14,27,0
12157,58,14,27,0
12158,58,14,27,0
12159,58,14,27,0
12160,58,14,27,0
12161,58,14,27,0
12162,58,14,27,0
12163,58,14,27,0
12164,58,14,27,0
12165,58,14,27,0
12166,58,14,27,0
12167,58,14,27,0
12168,58,14,27,0
12169,58,14,27,0
12170,58,14,27,0
12171,58,14,27,0
12172,58,14,27,0
12173,58,14,27,0
12174,58,14,27,0
12175,58,14,27,0
12176,58,14,27,0
12177,58,14,27,0
12178,58,14,27,0
12179,58,14,27,0
12180,58,14,27,0
12181,58,14,27,0
12182,58,14,27,0
12183,58,14,27,0
12184,58,14,27,0
12185,58,14,27,0
12186,58,14,27,0
12187,58,14,27,0
12188,58,14,27,0
12189,58,14,27,0
12190,58,14,27,0
12191,58,14,27,0
12192,58,14,27,0
12193,58,14,27,0
12194,58,14,27,0
12195,58,14,27,0
12196,58,14,27,0
12197,58,14,27,0
12198,58,14,27,0
12199,58,14,27,0
12200,58,14,27,0
12201,58,14,27,0
12202,58,14,27,0
12203,58,14,27,0
12204,58,14,27,0
12205,58,14,27,0
12206,58,14,27,0
12207,58,14,27,0
12208,58,14,27,0
12209,58,14,27,0
12210,58,14,27,0
12211,58,14,27,0
12212,58,14,27,0
12213,58,14,27,0
12214,58,14,27,0
12215,58,14,27,0
12216,58,14,27,0
12217,58,14,27,0
12218,58,14,27,0
12219,58,14,27,0
12220,58,14,27,0
12221,58,14,27,0
12222,58,14,27,0
12223,58,14,27,0
12224,58,14,27,0
12225,58,14,27,0
12226,58,14,27,0
12227,58,14,27,0
12228,58,14,27,0
12229,58,14,27,0
12230,58,14,27,0
12231,58,14,27,0
12232,58,14,27,0
12233,58,14,27,0
12234,58,14,27,0
12235,58,14,27,0
12236,58,14,27,0
12237,58,14,27,0
12238,58,14,27,0
12239,58,14,27,0
12240,58,14,27,0
12241,58,14,27,0
12242,58,14,27,0
12243,58,14,27,0
12244,58,14,27,0
12245,58,14,27,0
12246,58,14,27,0
12247,58,14,27,0
12248,58,14,27,0
12249,58,14,27,0
12250,58,14,27,0
12251,58,14,27,0
12252,58,14,27,0
12253,58,14,27,0
12254,58,14,27,0
12255,58,14,27,0
12256,58,14,27,0
12257,58,14,27,0
12258,58,14,27,0
12259,58,14,27,0
12260,58,14,27,0
12261,58,14,27,0
12262,58,14,27,0
12263,58,14,27,0
12264,58,14,27,0
12265,58,14,27,0
12266,58,14,27,0
12267,58,14,27,0
12268,58,14,27,0
12269,58,14,27,0
12270,58,14,27,0
12271,58,14,27,0
12272,58,14,27,0
12273,58,14,27,0
12274,58,14,27,0
12275,58,14,27,0
12276,58,14,27,0
12277,58,14,27,0
12278,58,14,27,0
12279,58,14,27,0
12280,58,14,27,0
12281,58,14,27,0
12282,58,14,27,0
12283,58,14,27,0
12284,58,14,27,0
12285,58,14,27,0
12286,58,14,27,0
12287,58,14,27,0
12288,58,14,27,0
12289,58,14,27,0
12290,58,14,27,0
12291,58,14,27,0
12292,58,14,27,0
12293,58,14,27,0
12294,58,14,27,0
12295,58,14,27,0
12296,58,14,27,0
12297,58,14,27,0
12298,58,14,27,0
12299,58,14,27,0
12300,58,14,27,0
12301,58,14,27,0
12302,58,14,27,0
12303,58,14,27,0
12304,58,14,27,0
12305,58,14,27,0
12306,58,14,27,0
12307,58,14,27,0
12308,58,14,27,0
12309,58,14,27,0
12310,58,14,27,0
12311,58,14,27,0
12312,58,14,27,0
12313,58,14,27,0
12314,58,14,27,0
12315,58,14,27,0
12316,58,14,27,0
12317,58,14,27,0
12318,58,14,27,0
12319,58,14,27,0
12320,58,14,27,0
12321,58,14,27,0
12322,58,14,27,0
12323,58,14,27,0
12324,58,14,27,0
12325,58,14,27,0
12326,58,14,27,0
12327,58,14,27,0
12328,58,14,27,0
12329,58,14,27,0
12330,58,14,27,0
12331,58,14,27,0
12332,58,14,27,0
12333,58,14,27,0
12334,58,14,27,0
12335,58,14,27,0
12336,58,14,27,0
12337,58,14,27,0
12338,58,14,27,0
12339,58,14,27,0
12340,58,14,27,0
12341,58,14,27,0
12342,58,14,27,0
12343,58,14,27,0
12344,58,14,27,0
12345,58,14,27,0
12346,58,14,27,0
12347,58,14,27,0
12348,58,14,27,0
12349,58,14,27,0
12350,58,14,27,0
12351,58,14,27,0
12352,58,14,27,0
12353,58,14,27,0
12354,58,14,27,0
12355,58,14,27,0
12356,58,14,27,0
12357,58,14,27,0
12358,58,14,27,0
12359,58,14,27,0
12360,58,14,27,0
12361,58,14,27,0
12362,58,14,27,0
12363,58,14,27,0
12364,58,14,27,0
12365,58,14,27,0
12366,58,14,27,0
12367,58,14,27,0
12368,58,14,27,0
12369,58,14,27,0
12370,58,14,27,0
12371,58,14,27,0
12372,58,14,27,0
12373,58,14,27,0
12374,58,14,27,0
12375,58,14,27,0
12376,58,14,27,0
12377,58,14,27,0
12378,58,14,27,0
12379,58,14,27,0
12380,58,14,27,0
12381,58,14,27,0
12382,58,14,27,0
12383,58,14,27,0
12384,58,14,27,0
12385,58,14,27,0
12386,58,14,27,0
12387,58,14,27,0
12388,58,14,27,0
12389,58,14,27,0
12390,58,14,27,0
12391,58,14,27,0
12392,58,14,27,0
12393,58,14,27,0
12394,58,14,27,0
12395,58,14,27,0
12396,58,14,27,0
12397,58,14,27,0
12398,58,14,27,0
12399,58,14,27,0
12400,58,14,27,0
12401,58,14,27,0
12402,58,14,27,0
12403,58,14,27,0
12404,58,14,27,0
12405,58,14,27,0
12406,58,14,27,0
12407,58,14,27,0
12408,58,14,27,0
12409,58,14,27,0
12410,58,14,27,0
12411,58,14,27,0
12412,58,14,27,0
12413,58,14,27,0
12414,58,14,27,0
12415,58,14,27,0
12416,58,14,27,0
12417,58,14,27,0
12418,58,14,27,0
12419,58,14,27,0
12420,58,14,27,0
12421,58,14,27,0
12422,58,14,27,0
12423,58,14,27,0
12424,58,14,27,0
12425,58,14,27,0
12426,58,14,27,0
12427,58,14,27,0
12428,58,14,27,0
12429,58,14,27,0
12430,58,14,27,0
12431,58,14,27,0
12432,58,14,27,0
12433,58,14,27,0
12434,58,14,27,0
12435,58,14,27,0
12436,58,14,27,0
12437,58,14,27,0
12438,58,14,27,0
12439,58,14,27,0
12440,58,14,27,0
12441,58,14,27,0
12442,58,14,27,0
12443,58,14,27,0
12444,58,14,27,0
12445,58,14,27,0
12446,58,14,27,0
12447,58,14,27,0
12448,58,14,27,0
12449,58,14,27,0
12450,58,14,27,0
12451,58,14,27,0
12452,58,14,27,0
12453,58,14,27,0
12454,58,14,27,0
12455,58,14,27,0
12456,58,14,27,0
12457,58,14,27,0
12458,58,14,27,0
12459,58,14,27,0
12460,58,14,27,0
12461,58,14,27,0
12462,58,14,27,0
12463,58,14,27,0
12464,58,14,27,0
12465,58,14,27,0
12466,58,14,27,0
12467,58,14,27,0
12468,58,14,27,0
12469,58,14,27,0
12470,58,14,27,0
12471,58,14,27,0
12472,58,14,27,0
12473,58,14,27,0
12474,58,14,27,0
12475,58,14,27,0
12476,58,14,27,0
12477,58,14,27,0
12478,58,14,27,0
12479,58,14,27,0
12480,58,14,27,0
12481,58,14,27,0
12482,58,14,27,0
12483,58,14,27,0
12484,58,14,27,0
12485,58,14,27,0
12486,58,14,27,0
12487,58,14,27,0
12488,58,14,27,0
12489,58,14,27,0
12490,58,14,27,0
12491,58,14,27,0
12492,58,14,27,0
12493,58,14,27,0
12494,58,14,27,0
12495,58,14,27,0
12496,58,14,27,0
12497,58,14,27,0
12498,58,14,27,0
12499,58,14,27,0
12500,58,14,27,0
12501,58,14,27,0
12502,58,14,27,0
12503,58,14,27,0
12504,58,14,27,0
12505,58,14,27,0
12506,58,14,27,0
12507,58,14,27,0
12508,58,14,27,0
12509,58,14,27,0
12510,58,14,27,0
12511,58,14,27,0
12512,58,14,27,0
12513,58,14,27,0
12514,58,14,27,0
12515,58,14,27,0
12516,58,14,27,0
12517,58,14,27,0
12518,58,14,27,0
12519,58,14,27,0
12520,58,14,27,0
12521,58,14,27,0
12522,58,14,27,0
12523,58,14,27,0
12524,58,14,27,0
12525,58,14,27,0
12526,58,14,27,0
12527,58,14,27,0
12528,58,14,27,0
12529,58,14,27,0
12530,58,14,27,0
12531,58,14,27,0
12532,58,14,27,0
12533,58,14,27,0
12534,58,14,27,0
12535,58,14,27,0
12536,58,14,27,0
12537,58,14,27,0
12538,58,14,27,0
12539,58,14,27,0
12540,58,14,27,0
12541,58,14,27,0
12542,58,14,27,0
12543,58,14,27,0
12544,58,14,27,0
12545,58,14,27,0
12546,58,14,27,0
12547,58,14,27,0
12548,58,14,27,0
12549,58,14,27,0
12550,58,14,27,0
12551,58,14,27,0
12552,58,14,27,0
12553,58,14,27,0
12554,58,14,27,0
12555,58,14,27,0
12556,58,14,27,0
12557,58,14,27,0
12558,58,14,27,0
12559,58,14,27,0
12560,58,14,27,0
12561,58,14,27,0
12562,58,14,27,0
12563,58,14,27,0
12564,58,14,27,0
12565,58,14,27,0
12566,58,14,27,0
12567,58,14,27,0
12568,58,14,27,0
12569,58,14,27,0
12570,58,14,27,0
12571,58,14,27,0
12572,58,14,27,0
12573,58,14,27,0
12574,58,14,27,0
12575,58,14,27,0
12576,58,14,27,0
12577,58,14,27,0
12578,58,14,27,0
12579,58,14,27,0
12580,58,14,27,0
12581,58,14,27,0
12582,58,14,27,0
12583,58,14,27,0
12584,58,14,27,0
12585,58,14,27,0
12586,58,14,27,0
12587,58,14,27,0
12588,58,14,27,0
12589,58,14,27,0
12590,58,14,27,0
12591,58,14,27,0
12592,58,14,27,0
12593,58,14,27,0
12594,58,14,27,0
12595,58,14,27,0
12596,58,14,27,0
12597,58,14,27,0
12598,58,14,27,0
12599,58,14,27,0
12600,58,14,27,0
12601,58,14,27,0
12602,58,14,27,0
12603,58,14,27,0
12604,58,14,27,0
12605,58,14,27,0
12606,58,14,27,0
12607,58,14,27,0
12608,58,14,27,0
12609,58,14,27,0
12610,58,14,27,0
12611,58,14,27,0
12612,58,14,27,0
12613,58,14,27,0
12614,58,14,27,0
12615,58,14,27,0
12616,58,14,27,0
12617,58,14,27,0
12618,58,14,27,0
12619,58,14,27,0
12620,58,14,27,0
12621,58,14,27,0
12622,58,14,27,0
12623,58,14,27,0
12624,58,14,27,0
12625,58,14,27,0
12626,58,14,27,0
12627,58,14,27,0
12628,58,14,27,0
12629,58,14,27,0
12630,58,14,27,0
12631,58,14,27,0
12632,58,14,27,0
12633,58,14,27,0
12634,58,14,27,0
12635,58,14,27,0
12636,58,14,27,0
12637,58,14,27,0
12638,58,14,27,0
12639,58,14,27,0
12640,58,14,27,0
12641,58,14,27,0
12642,58,14,27,0
12643,58,14,27,0
12644,58,14,27,0
12645,58,14,27,0
12646,58,14,27,0
12647,58,14,27,0
12648,58,14,27,0
12649,58,14,27,0
12650,58,14,27,0
12651,58,14,27,0
12652,58,14,27,0
12653,58,14,27,0
12654,58,14,27,0
12655,58,14,27,0
12656,58,14,27,0
12657,58,14,27,0
12658,58,14,27,0
12659,58,14,27,0
12660,58,14,27,0
12661,58,14,27,0
12662,58,14,27,0
12663,58,14,27,0
12664,58,14,27,0
12665,58,14,27,0
12666,58,14,27,0
12667,58,14,27,0
12668,58,14,27,0
12669,58,14,27,0
12670,58,14,27,0
12671,58,14,27,0
12672,58,14,27,0
12673,58,14,27,0
12674,58,14,27,0
12675,58,14,27,0
12676,58,14,27,0
12677,58,14,27,0
12678,58,14,27,0
12679,58,14,27,0
12680,58,14,27,0
12681,58,14,27,0
12682,58,14,27,0
12683,58,14,27,0
12684,58,14,27,0
12685,58,14,27,0
12686,58,14,27,0
12687,58,14,27,0
12688,58,14,27,0
12689,58,14,27,0
12690,58,14,27,0
12691,58,14,27,0
12692,58,14,27,0
12693,58,14,27,0
12694,58,14,27,0
12695,58,14,27,0
12696,58,14,27,0
12697,58,14,27,0
12698,58,14,27,0
12699,58,14,27,0
12700,58,14,27,0
12701,58,14,27,0
12702,58,14,27,0
12703,58,14,27,0
12704,58,14,27,0
12705,58,14,27,0
12706,58,14,27,0
12707,58,14,27,0
12708,58,14,27,0
12709,58,14,27,0
12710,58,14,27,0
12711,58,14,27,0
12712,58,14,27,0
12713,58,14,27,0
12714,58,14,27,0
12715,58,14,27,0
12716,58,14,27,0
12717,58,14,27,0
12718,58,14,27,0
12719,58,14,27,0
12720,58,14,27,0
12721,58,14,27,0
12722,58,14,27,0
12723,58,14,27,0
12724,58,14,27,0
12725,58,14,27,0
12726,58,14,27,0
12727,58,14,27,0
12728,58,14,27,0
12729,58,14,27,0
12730,58,14,27,0
12731,58,14,27,0
12732,58,14,27,0
12733,58,14,27,0
12734,58,14,27,0
12735,58,14,27,0
12736,58,14,27,0
12737,58,14,27,0
12738,58,14,27,0
12739,58,14,27,0
12740,58,14,27,0
12741,58,14,27,0
12742,58,14,27,0
12743,58,14,27,0
12744,58,14,27,0
12745,58,14,27,0
12746,58,14,27,0
12747,58,14,27,0
12748,58,14,27,0
12749,58,14,27,0
12750,58,14,27,0
12751,58,14,27,0
12752,58,14,27,0
12753,58,14,27,0
12754,58,14,27,0
12755,58,14,27,0
12756,58,14,27,0
12757,58,14,27,0
12758,58,14,27,0
12759,58,14,27,0
12760,58,14,27,0
12761,58,14,27,0
12762,58,14,27,0
12763,58,14,27,0
12764,58,14,27,0
12765,58,14,27,0
12766,58,14,27,0
12767,58,14,27,0
12768,58,14,27,0
12769,58,14,27,0
12770,58,14,27,0
12771,58,14,27,0
12772,58,14,27,0
12773,58,14,27,0
12774,58,14,27,0
12775,58,14,27,0
12776,58,14,27,0
12777,58,14,27,0
12778,58,14,27,0
12779,58,14,27,0
12780,58,14,27,0
12781,58,14,27,0
12782,58,14,27,0
12783,58,14,27,0
12784,58,14,27,0
12785,58,14,27,0
12786,58,14,27,0
12787,58,14,27,0
12788,58,14,27,0
12789,58,14,27,0
12790,58,14,27,0
12791,58,14,27,0
12792,58,14,27,0
12793,58,14,27,0
12794,58,14,27,0
12795,58,14,27,0
12796,58,14,27,0
12797,58,14,27,0
12798,58,14,27,0
12799,58,14,27,0
12800,58,14,27,0
12801,58,14,27,0
12802,58,14,27,0
12803,58,14,27,0
12804,58,14,27,0
12805,58,14,27,0
12806,58,14,27,0
12807,58,14,27,0
12808,58,14,27,0
12809,58,14,27,0
12810,58,14,27,0
12811,58,14,27,0
12812,58,14,27,0
12813,58,14,27,0
12814,58,14,27,0
12815,58,14,27,0
12816,58,14,27,0
12817,58,14,27,0
12818,58,14,27,0
12819,58,14,27,0
12820,58,14,27,0
12821,58,14,27,0
12822,58,14,27,0
12823,58,14,27,0
12824,58,14,27,0
12825,58,14,27,0
12826,58,14,27,0
12827,58,14,27,0
12828,58,14,27,0
12829,58,14,27,0
12830,58,14,27,0
12831,58,14,27,0
12832,58,14,27,0
12833,58,14,27,0
12834,58,14,27,0
12835,58,14,27,0
12836,58,14,27,0
12837,58,14,27,0
12838,58,14,27,0
12839,58,14,27,0
12840,58,14,27,0
12841,58,14,27,0
12842,58,14,27,0
12843,58,14,27,0
12844,58,14,27,0
12845,58,14,27,0
12846,58,14,27,0
12847,58,14,27,0
12848,58,14,27,0
12849,58,14,27,0
12850,58,14,27,0
12851,58,14,27,0
12852,58,14,27,0
12853,58,14,27,0
12854,58,14,27,0
12855,58,14,27,0
12856,58,14,27,0
12857,58,14,27,0
12858,58,14,27,0
12859,58,14,27,0
12860,58,14,27,0
12861,58,14,27,0
12862,58,14,27,0
12863,58,14,27,0
12864,58,14,27,0
12865,58,14,27,0
12866,58,14,27,0
12867,58,14,27,0
12868,58,14,27,0
12869,58,14,27,0
12870,58,14,27,0
12871,58,14,27,0
12872,58,14,27,0
12873,58,14,27,0
12874,58,14,27,0
12875,58,14,27,0
12876,58,14,27,0
12877,58,14,27,0
12878,58,14,27,0
12879,58,14,27,0
12880,58,14,27,0
12881,58,14,27,0
12882,58,14,27,0
12883,58,14,27,0
12884,58,14,27,0
12885,58,14,27,0
12886,58,14,27,0
12887,58,14,27,0
12888,58,14,27,0
12889,58,14,27,0
12890,58,14,27,0
12891,58,14,27,0
12892,58,14,27,0
12893,58,14,27,0
12894,58,14,27,0
12895,58,14,27,0
12896,58,14,27,0
12897,58,14,27,0
12898,58,14,27,0
12899,58,14,27,0
12900,58,14,27,0
12901,58,14,27,0
12902,58,14,27,0
12903,58,14,27,0
12904,58,14,27,0
12905,58,14,27,0
12906,58,14,27,0
12907,58,14,27,0
12908,58,14,27,0
12909,58,14,27,0
12910,58,14,27,0
12911,58,14,27,0
12912,58,14,27,0
12913,58,14,27,0
12914,58,14,27,0
12915,58,14,27,0
12916,58,14,27,0
12917,58,14,27,0
12918,58,14,27,0
12919,58,14,27,0
12920,58,14,27,0
12921,58,14,27,0
12922,58,14,27,0
12923,58,14,27,0
12924,58,14,27,0
12925,58,14,27,0
12926,58,14,27,0
12927,58,14,27,0
12928,58,14,27,0
12929,58,14,27,0
12930,58,14,27,0
12931,58,14,27,0
12932,58,14,27,0
12933,58,14,27,0
12934,58,14,27,0
12935,58,14,27,0
12936,58,14,27,0
12937,58,14,27,0
12938,58,14,27,0
12939,58,14,27,0
12940,58,14,27,0
12941,58,14,27,0
12942,58,14,27,0
12943,58,14,27,0
12944,58,14,27,0
12945,58,14,27,0
12946,58,14,27,0
12947,58,14,27,0
12948,58,14,27,0
12949,58,14,27,0
12950,58,14,27,0
12951,58,14,27,0
12952,58,14,27,0
12953,58,14,27,0
12954,58,14,27,0
12955,58,14,27,0
12956,58,14,27,0
12957,58,14,27,0
12958,58,14,27,0
12959,58,14,27,0
12960,58,14,27,0
12961,58,14,27,0
12962,58,14,27,0
12963,58,14,27,0
12964,58,14,27,0
12965,58,14,27,0
12966,58,14,27,0
12967,58,14,27,0
12968,58,14,27,0
12969,58,14,27,0
12970,58,14,27,0
12971,58,14,27,0
12972,58,14,27,0
12973,58,14,27,0
12974,58,14,27,0
12975,58,14,27,0
12976,58,14,27,0
12977,58,14,27,0
12978,58,14,27,0
12979,58,14,27,0
12980,58,14,27,0
12981,58,14,27,0
12982,58,14,27,0
12983,58,14,27,0
12984,58,14,27,0
12985,58,14,27,0
12986,58,14,27,0
12987,58,14,27,0
12988,58,14,27,0
12989,58,14,27,0
12990,58,14,27,0
12991,58,14,27,0
12992,58,14,27,0
12993,58,14,27,0
12994,58,14,27,0
12995,58,14,27,0
12996,58,14,27,0
12997,58,14,27,0
12998,58,14,27,0
12999,58,14,27,0
13000,58,14,27,0
13001,58,14,27,0
13002,58,14,27,0
13003,58,14,27,0
13004,58,14,27,0
13005,58,14,27,0
13006,58,14,27,0
13007,58,14,27,0
13008,58,14,27,0
13009,58,14,27,0
13010,58,14,27,0
13011,58,14,27,0
13012,58,14,27,0
13013,58,14,27,0
13014,58,14,27,0
13015,58,14,27,0
13016,58,14,27,0
13017,58,14,27,0
13018,58,14,27,0
13019,58,14,27,0
13020,58,14,27,0
13021,58,14,27,0
13022,58,14,27,0
13023,58,14,27,0
13024,58,14,27,0
13025,58,14,27,0
13026,58,14,27,0
13027,58,14,27,0
13028,58,14,27,0
13029,58,14,27,0
13030,58,14,27,0
13031,58,14,27,0
13032,58,14,27,0
13033,58,14,27,0
13034,58,14,27,0
13035,58,14,27,0
13036,58,14,27,0
13037,58,14,27,0
13038,58,14,27,0
13039,58,14,27,0
13040,58,14,27,0
13041,58,14,27,0
13042,58,14,27,0
13043,58,14,27,0
13044,58,14,27,0
13045,58,14,27,0
13046,58,14,27,0
13047,58,14,27,0
13048,58,14,27,0
13049,58,14,27,0
13050,58,14,27,0
13051,58,14,27,0
13052,58,14,27,0
13053,58,14,27,0
13054,58,14,27,0
13055,58,14,27,0
13056,58,14,27,0
13057,58,14,27,0
13058,58,14,27,0
13059,58,14,27,0
13060,58,14,27,0
13061,58,14,27,0
13062,58,14,27,0
13063,58,14,27,0
13064,58,14,27,0
13065,58,14,27,0
13066,58,14,27,0
13067,58,14,27,0
13068,58,14,27,0
13069,58,14,27,0
13070,58,14,27,0
13071,58,14,27,0
13072,58,14,27,0
13073,58,14,27,0
13074,58,14,27,0
13075,58,14,27,0
13076,58,14,27,0
13077,58,14,27,0
13078,58,14,27,0
13079,58,14,27,0
13080,58,14,27,0
13081,58,14,27,0
13082,58,14,27,0
13083,58,14,27,0
13084,58,14,27,0
13085,58,14,27,0
13086,58,14,27,0
13087,58,14,27,0
13088,58,14,27,0
13089,58,14,27,0
13090,58,14,27,0
13091,58,14,27,0
13092,58,14,27,0
13093,58,14,27,0
13094,58,14,27,0
13095,58,14,27,0
13096,58,14,27,0
13097,58,14,27,0
13098,58,14,27,0
13099,58,14,27,0
13100,58,14,27,0
13101,58,14,27,0
13102,58,14,27,0
13103,58,14,27,0
13104,58,14,27,0
13105,58,14,27,0
13106,58,14,27,0
13107,58,14,27,0
13108,58,14,27,0
13109,58,14,27,0
13110,58,14,27,0
13111,58,14,27,0
13112,58,14,27,0
13113,58,14,27,0
13114,58,14,27,0
13115,58,14,27,0
13116,58,14,27,0
13117,58,14,27,0
13118,58,14,27,0
13119,58,14,27,0
13120,58,14,27,0
13121,58,14,27,0
13122,58,14,27,0
13123,58,14,27,0
13124,58,14,27,0
13125,58,14,27,0
13126,58,14,27,0
13127,58,14,27,0
13128,58,14,27,0
13129,58,14,27,0
13130,58,14,27,0
13131,58,14,27,0
13132,58,14,27,0
13133,58,14,27,0
13134,58,14,27,0
13135,58,14,27,0
13136,58,14,27,0
13137,58,14,27,0
13138,58,14,27,0
13139,58,14,27,0
13140,58,14,27,0
13141,58,14,27,0
13142,58,14,27,0
13143,58,14,27,0
13144,58,14,27,0
13145,58,14,27,0
13146,58,14,27,0
13147,58,14,27,0
13148,58,14,27,0
13149,58,14,27,0
13150,58,14,27,0
13151,58,14,27,0
13152,58,14,27,0
13153,58,14,27,0
13154,58,14,27,0
13155,58,14,27,0
13156,58,14,27,0
13157,58,14,27,0
13158,58,14,27,0
13159,58,14,27,0
13160,58,14,27,0
13161,58,14,27,0
13162,58,14,27,0
13163,58,14,27,0
13164,58,14,27,0
13165,58,14,27,0
13166,58,14,27,0
13167,58,14,27,0
13168,58,14,27,0
13169,58,14,27,0
13170,58,14,27,0
13171,58,14,27,0
13172,58,14,27,0
13173,58,14,27,0
13174,58,14,27,0
13175,58,14,27,0
13176,58,14,27,0
13177,58,14,27,0
13178,58,14,27,0
13179,58,14,27,0
13180,58,14,27,0
13181,58,14,27,0
13182,58,14,27,0
13183,58,14,27,0
13184,58,14,27,0
13185,58,14,27,0
13186,58,14,27,0
13187,58,14,27,0
13188,58,14,27,0
13189,58,14,27,0
13190,58,14,27,0
13191,58,14,27,0
13192,58,14,27,0
13193,58,14,27,0
13194,58,14,27,0
13195,58,14,27,0
13196,58,14,27,0
13197,58,14,27,0
13198,58,14,27,0
13199,58,14,27,0
13200,58,14,27,0
13201,58,14,27,0
13202,58,14,27,0
13203,58,14,27,0
13204,58,14,27,0
13205,58,14,27,0
13206,58,14,27,0
13207,58,14,27,0
13208,58,14,27,0
13209,58,14,27,0
13210,58,14,27,0
13211,58,14,27,0
13212,58,14,27,0
13213,58,14,27,0
13214,58,14,27,0
13215,58,14,27,0
13216,58,14,27,0
13217,58,14,27,0
13218,58,14,27,0
13219,58,14,27,0
13220,58,14,27,0
13221,58,14,27,0
13222,58,14,27,0
13223,58,14,27,0
13224,58,14,27,0
13225,58,14,27,0
13226,58,14,27,0
13227,58,14,27,0
13228,58,14,27,0
13229,58,14,27,0
13230,58,14,27,0
13231,58,14,27,0
13232,58,14,27,0
13233,58,14,27,0
13234,58,14,27,0
13235,58,14,27,0
13236,58,14,27,0
13237,58,14,27,0
13238,58,14,27,0
13239,58,14,27,0
13240,58,14,27,0
13241,58,14,27,0
13242,58,14,27,0
13243,58,14,27,0
13244,58,14,27,0
13245,58,14,27,0
13246,58,14,27,0
13247,58,14,27,0
13248,58,14,27,0
13249,58,14,27,0
13250,58,14,27,0
13251,58,14,27,0
13252,58,14,27,0
13253,58,14,27,0
13254,58,14,27,0
13255,58,14,27,0
13256,58,14,27,0
13257,58,14,27,0
13258,58,14,27,0
13259,58,14,27,0
13260,58,14,27,0
13261,58,14,27,0
13262,58,14,27,0
13263,58,14,27,0
13264,58,14,27,0
13265,58,14,27,0
13266,58,14,27,0
13267,58,14,27,0
13268,58,14,27,0
13269,58,14,27,0
13270,58,14,27,0
13271,58,14,27,0
13272,58,14,27,0
13273,58,14,27,0
13274,58,14,27,0
13275,58,14,27,0
13276,58,14,27,0
13277,58,14,27,0
13278,58,14,27,0
13279,58,14,27,0
13280,58,14,27,0
13281,58,14,27,0
13282,58,14,27,0
13283,58,14,27,0
13284,58,14,27,0
13285,58,14,27,0
13286,58,14,27,0
13287,58,14,27,0
13288,58,14,27,0
13289,58,14,27,0
13290,58,14,27,0
13291,58,14,27,0
13292,58,14,27,0
13293,58,14,27,0
13294,58,14,27,0
13295,58,14,27,0
13296,58,14,27,0
13297,58,14,27,0
13298,58,14,27,0
13299,58,14,27,0
13300,58,14,27,0
13301,58,14,27,0
13302,58,14,27,0
13303,58,14,27,0
13304,58,14,27,0
13305,58,14,27,0
13306,58,14,27,0
13307,58,14,27,0
13308,58,14,27,0
13309,58,14,27,0
13310,58,14,27,0
13311,58,14,27,0
13312,58,14,27,0
13313,58,14,27,0
13314,58,14,27,0
13315,58,14,27,0
13316,58,14,27,0
13317,58,14,27,0
13318,58,14,27,0
13319,58,14,27,0
13320,58,14,27,0
13321,58,14,27,0
13322,58,14,27,0
13323,58,14,27,0
13324,58,14,27,0
13325,58,14,27,0
13326,58,14,27,0
13327,58,14,27,0
13328,58,14,27,0
13329,58,14,27,0
13330,58,14,27,0
13331,58,14,27,0
13332,58,14,27,0
13333,58,14,27,0
13334,58,14,27,0
13335,58,14,27,0
13336,58,14,27,0
13337,58,14,27,0
13338,58,14,27,0
13339,58,14,27,0
13340,58,14,27,0
13341,58,14,27,0
13342,58,14,27,0
13343,58,14,27,0
13344,58,14,27,0
13345,58,14,27,0
13346,58,14,27,0
13347,58,14,27,0
13348,58,14,27,0
13349,58,14,27,0
13350,58,14,27,0
13351,58,14,27,0
13352,58,14,27,0
13353,58,14,27,0
13354,58,14,27,0
13355,58,14,27,0
13356,58,14,27,0
13357,58,14,27,0
13358,58,14,27,0
13359,58,14,27,0
13360,58,14,27,0
13361,58,14,27,0
13362,58,14,27,0
13363,58,14,27,0
13364,58,14,27,0
13365,58,14,27,0
13366,58,14,27,0
13367,58,14,27,0
13368,58,14,27,0
13369,58,14,27,0
13370,58,14,27,0
13371,58,14,27,0
13372,58,14,27,0
13373,58,14,27,0
13374,58,14,27,0
13375,58,14,27,0
13376,58,14,27,0
13377,58,14,27,0
13378,58,14,27,0
13379,58,14,27,0
13380,58,14,27,0
13381,58,14,27,0
13382,58,14,27,0
13383,58,14,27,0
13384,58,14,27,0
13385,58,14,27,0
13386,58,14,27,0
13387,58,14,27,0
13388,58,14,27,0
13389,58,14,27,0
13390,58,14,27,0
13391,58,14,27,0
13392,58,14,27,0
13393,58,14,27,0
13394,58,14,27,0
13395,58,14,27,0
13396,58,14,27,0
13397,58,14,27,0
13398,58,14,27,0
13399,58,14,27,0
13400,58,14,27,0
13401,58,14,27,0
13402,58,14,27,0
13403,58,14,27,0
13404,58,14,27,0
13405,58,14,27,0
13406,58,14,27,0
13407,58,14,27,0
13408,58,14,27,0
13409,58,14,27,0
13410,58,14,27,0
13411,58,14,27,0
13412,58,14,27,0
13413,58,14,27,0
13414,58,14,27,0
13415,58,14,27,0
13416,58,14,27,0
13417,58,14,27,0
13418,58,14,27,0
13419,58,14,27,0
13420,58,14,27,0
13421,58,14,27,0
13422,58,14,27,0
13423,58,14,27,0
13424,58,14,27,0
13425,58,14,27,0
13426,58,14,27,0
13427,58,14,27,0
13428,58,14,27,0
13429,58,14,27,0
13430,58,14,27,0
13431,58,14,27,0
13432,58,14,27,0
13433,58,14,27,0
13434,58,14,27,0
13435,58,14,27,0
13436,58,14,27,0
13437,58,14,27,0
13438,58,14,27,0
13439,58,14,27,0
13440,58,14,27,0
13441,58,14,27,0
13442,58,14,27,0
13443,58,14,27,0
13444,58,14,27,0
13445,58,14,27,0
13446,58,14,27,0
13447,58,14,27,0
13448,58,14,27,0
13449,58,14,27,0
13450,58,14,27,0
13451,58,14,27,0
13452,58,14,27,0
13453,58,14,27,0
13454,58,14,27,0
13455,58,14,27,0
13456,58,14,27,0
13457,58,14,27,0
13458,58,14,27,0
13459,58,14,27,0
13460,58,14,27,0
13461,58,14,27,0
13462,58,14,27,0
13463,58,14,27,0
13464,58,14,27,0
13465,58,14,27,0
13466,58,14,27,0
13467,58,14,27,0
13468,58,14,27,0
13469,58,14,27,0
13470,58,14,27,0
13471,58,14,27,0
13472,58,14,27,0
13473,58,14,27,0
13474,58,14,27,0
13475,58,14,27,0
13476,58,14,27,0
13477,58,14,27,0
13478,58,14,27,0
13479,58,14,27,0
13480,58,14,27,0
13481,58,14,27,0
13482,58,14,27,0
13483,58,14,27,0
13484,58,14,27,0
13485,58,14,27,0
13486,58,14,27,0
13487,58,14,27,0
13488,58,14,27,0
13489,58,14,27,0
13490,58,14,27,0
13491,58,14,27,0
13492,58,14,27,0
13493,58,14,27,0
13494,58,14,27,0
13495,58,14,27,0
13496,58,14,27,0
13497,58,14,27,0
13498,58,14,27,0
13499,58,14,27,0
13500,58,14,27,0
13501,58,14,27,0
13502,58,14,27,0
13503,58,14,27,0
13504,58,14,27,0
13505,58,14,27,0
13506,58,14,27,0
13507,58,14,27,0
13508,58,14,27,0
13509,58,14,27,0
13510,58,14,27,0
13511,58,14,27,0
13512,58,14,27,0
13513,58,14,27,0
13514,58,14,27,0
13515,58,14,27,0
13516,58,14,27,0
13517,58,14,27,0
13518,58,14,27,0
13519,58,14,27,0
13520,58,14,27,0
13521,58,14,27,0
13522,58,14,27,0
13523,58,14,27,0
13524,58,14,27,0
13525,58,14,27,0
13526,58,14,27,0
13527,58,14,27,0
13528,58,14,27,0
13529,58,14,27,0
13530,58,14,27,0
13531,58,14,27,0
13532,58,14,27,0
13533,58,14,27,0
13534,58,14,27,0
13535,58,14,27,0
13536,58,14,27,0
13537,58,14,27,0
13538,58,14,27,0
13539,58,14,27,0
13540,58,14,27,0
13541,58,14,27,0
13542,58,14,27,0
13543,58,14,27,0
13544,58,14,27,0
13545,58,14,27,0
13546,58,14,27,0
13547,58,14,27,0
13548,58,14,27,0
13549,58,14,27,0
13550,58,14,27,0
13551,58,14,27,0
13552,58,14,27,0
13553,58,14,27,0
13554,58,14,27,0
13555,58,14,27,0
13556,58,14,27,0
13557,58,14,27,0
13558,58,14,27,0
13559,58,14,27,0
13560,58,14,27,0
13561,58,14,27,0
13562,58,14,27,0
13563,58,14,27,0
13564,58,14,27,0
13565,58,14,27,0
13566,58,14,27,0
13567,58,14,27,0
13568,58,14,27,0
13569,58,14,27,0
13570,58,14,27,0
13571,58,14,27,0
13572,58,14,27,0
13573,58,14,27,0
13574,58,14,27,0
13575,58,14,27,0
13576,58,14,27,0
13577,58,14,27,0
13578,58,14,27,0
13579,58,14,27,0
13580,58,14,27,0
13581,58,14,27,0
13582,58,14,27,0
13583,58,14,27,0
13584,58,14,27,0
13585,58,14,27,0
13586,58,14,27,0
13587,58,14,27,0
13588,58,14,27,0
13589,58,14,27,0
13590,58,14,27,0
13591,58,14,27,0
13592,58,14,27,0
13593,58,14,27,0
13594,58,14,27,0
13595,58,14,27,0
13596,58,14,27,0
13597,58,14,27,0
13598,58,14,27,0
13599,58,14,27,0
13600,58,14,27,0
13601,58,14,27,0
13602,58,14,27,0
13603,58,14,27,0
13604,58,14,27,0
13605,58,14,27,0
13606,58,14,27,0
13607,58,14,27,0
13608,58,14,27,0
13609,58,14,27,0
13610,58,14,27,0
13611,58,14,27,0
13612,58,14,27,0
13613,58,14,27,0
13614,58,14,27,0
13615,58,14,27,0
13616,58,14,27,0
13617,58,14,27,0
13618,58,14,27,0
13619,58,14,27,0
13620,58,14,27,0
13621,58,14,27,0
13622,58,14,27,0
13623,58,14,27,0
13624,58,14,27,0
13625,58,14,27,0
13626,58,14,27,0
13627,58,14,27,0
13628,58,14,27,0
13629,58,14,27,0
13630,58,14,27,0
13631,58,14,27,0
13632,58,14,27,0
13633,58,14,27,0
13634,58,14,27,0
13635,58,14,27,0
13636,58,14,27,0
13637,58,14,27,0
13638,58,14,27,0
13639,58,14,27,0
13640,58,14,27,0
13641,58,14,27,0
13642,58,14,27,0
13643,58,14,27,0
13644,58,14,27,0
13645,58,14,27,0
13646,58,14,27,0
13647,58,14,27,0
13648,58,14,27,0
13649,58,14,27,0
13650,58,14,27,0
13651,58,14,27,0
13652,58,14,27,0
13653,58,14,27,0
13654,58,14,27,0
13655,58,14,27,0
13656,58,14,27,0
13657,58,14,27,0
13658,58,14,27,0
13659,58,14,27,0
13660,58,14,27,0
13661,58,14,27,0
13662,58,14,27,0
13663,58,14,27,0
13664,58,14,27,0
13665,58,14,27,0
13666,58,14,27,0
13667,58,14,27,0
13668,58,14,27,0
13669,58,14,27,0
13670,59,14,28,0
13671,59,14,28,0
13672,59,14,28,0
13673,59,14,28,0
13674,59,14,28,0
13675,59,14,28,0
13676,59,14,28,0
13677,59,14,28,0
13678,59,14,28,0
13679,59,14,28,0
13680,59,14,28,0
13681,59,14,28,0
13682,59,14,28,0
13683,59,14,28,0
13684,59,14,28,0
13685,59,14,28,0
13686,59,14,28,0
13687,59,14,28,0
13688,59,14,28,0
13689,59,14,28,0
13690,59,14,28,0
13691,59,14,28,0
13692,59,14,28,0
13693,59,14,28,0
13694,59,14,28,0
13695,59,14,28,0
13696,59,14,28,0
13697,59,14,28,0
13698,59,14,28,0
13699,59,14,28,0
13700,59,14,28,0
13701,59,14,28,0
13702,59,14,28,0
13703,59,14,28,0
13704,59,14,28,0
13705,59,14,28,0
13706,59,14,28,0
13707,59,14,28,0
13708,59,14,28,0
13709,59,14,28,0
13710,59,14,28,0
13711,59,14,28,0
13712,59,14,28,0
13713,59,14,28,0
13714,59,14,28,0
13715,59,14,28,0
13716,59,14,28,0
13717,59,14,28,0
13718,59,14,28,0
13719,59,14,28,0
13720,59,14,28,0
13721,59,14,28,0
13722,59,14,28,0
13723,59,14,28,0
13724,59,14,28,0
13725,59,14,28,0
13726,59,14,28,0
13727,59,14,28,0
13728,59,14,28,0
13729,59,14,28,0
13730,59,14,28,0
13731,59,14,28,0
13732,59,14,28,0
13733,59,14,28,0
13734,59,14,28,0
13735,59,14,28,0
13736,59,14,28,0
13737,59,14,28,0
13738,59,14,28,0
13739,59,14,28,0
13740,59,14,28,0
13741,59,14,28,0
13742,59,14,28,0
13743,59,14,28,0
13744,59,14,28,0
13745,59,14,28,0
13746,59,14,28,0
13747,59,14,28,0
13748,59,14,28,0
13749,59,14,28,0
13750,59,14,28,0
13751,59,14,28,0
13752,59,14,28,0
13753,59,14,28,0
13754,59,14,28,0
13755,59,14,28,0
13756,59,14,28,0
13757,59,14,28,0
13758,59,14,28,0
13759,59,14,28,0
13760,59,14,28,0
13761,59,14,28,0
13762,59,14,28,0
13763,59,14,28,0
13764,59,14,28,0
13765,59,14,28,0
13766,59,14,28,0
13767,59,14,28,0
13768,59,14,28,0
13769,59,14,28,0
13770,59,14,28,0
13771,59,14,28,0
13772,59,14,28,0
13773,59,14,28,0
13774,59,14,28,0
13775,59,14,28,0
13776,59,14,28,0
13777,59,14,28,0
13778,59,14,28,0
13779,59,14,28,0
13780,59,14,28,0
13781,59,14,28,0
13782,59,14,28,0
13783,59,14,28,0
13784,59,14,28,0
13785,59,14,28,0
13786,59,14,28,0
13787,59,14,28,0
13788,59,14,28,0
13789,59,14,28,0
13790,59,14,28,0
13791,59,14,28,0
13792,59,14,28,0
13793,59,14,28,0
13794,59,14,28,0
13795,59,14,28,0
13796,59,14,28,0
13797,59,14,28,0
13798,59,14,28,0
13799,59,14,28,0
13800,59,14,28,0
13801,59,14,28,0
13802,59,14,28,0
13803,59,14,28,0
13804,59,14,28,0
13805,59,14,28,0
13806,59,14,28,0
13807,59,14,28,0
13808,59,14,28,0
13809,59,14,28,0
13810,59,14,28,0
13811,59,14,28,0
13812,59,14,28,0
13813,59,14,28,0
13814,59,14,28,0
13815,59,14,28,0
13816,59,14,28,0
13817,59,14,28,0
13818,59,14,28,0
13819,59,14,28,0
13820,59,14,28,0
13821,59,14,28,0
13822,59,14,28,0
13823,59,14,28,0
13824,59,14,28,0
13825,59,14,28,0
13826,59,14,28,0
13827,59,14,28,0
13828,59,14,28,0
13829,59,14,28,0
13830,59,14,28,0
13831,59,14,28,0
13832,59,14,28,0
13833,59,14,28,0
13834,59,14,28,0
13835,59,14,28,0
13836,59,14,28,0
13837,59,14,28,0
13838,59,14,28,0
13839,59,14,28,0
13840,59,14,28,0
13841,59,14,28,0
13842,59,14,28,0
13843,59,14,28,0
13844,59,14,28,0
13845,59,14,28,0
13846,59,14,28,0
13847,59,14,28,0
13848,59,14,28,0
13849,59,14,28,0
13850,59,14,28,0
13851,59,14,28,0
13852,59,14,28,0
13853,59,14,28,0
13854,59,14,28,0
13855,59,14,28,0
13856,59,14,28,0
13857,59,14,28,0
13858,59,14,28,0
13859,59,14,28,0
13860,59,14,28,0
13861,59,14,28,0
13862,59,14,28,0
13863,59,14,28,0
13864,59,14,28,0
13865,59,14,28,0
13866,59,14,28,0
13867,59,14,28,0
13868,59,14,28,0
13869,59,14,28,0
13870,59,14,28,0
13871,59,14,28,0
13872,59,14,28,0
13873,59,14,28,0
13874,59,14,28,0
13875,59,14,28,0
13876,59,14,28,0
13877,59,14,28,0
13878,59,14,28,0
13879,59,14,28,0
13880,59,14,28,0
13881,59,14,28,0
13882,59,14,28,0
13883,59,14,28,0
13884,59,14,28,0
13885,59,14,28,0
13886,59,14,28,0
13887,59,14,28,0
13888,59,14,28,0
13889,59,14,28,0
13890,59,14,28,0
13891,59,14,28,0
13892,59,14,28,0
13893,59,14,28,0
13894,59,14,28,0
13895,59,14,28,0
13896,59,14,28,0
13897,59,14,28,0
13898,59,14,28,0
13899,59,14,28,0
13900,59,14,28,0
13901,59,14,28,0
13902,59,14,28,0
13903,59,14,28,0
13904,59,14,28,0
13905,59,14,28,0
13906,59,14,28,0
13907,59,14,28,0
13908,59,14,28,0
13909,59,14,28,0
13910,59,14,28,0
13911,59,14,28,0
13912,59,14,28,0
13913,59,14,28,0
13914,59,14,28,0
13915,59,14,28,0
13916,59,14,28,0
13917,59,14,28,0
13918,59,14,28,0
13919,59,14,28,0
13920,59,14,28,0
13921,59,14,28,0
13922,59,14,28,0
13923,59,14,28,0
13924,59,14,28,0
13925,59,14,28,0
13926,59,14,28,0
13927,59,14,28,0
13928,59,14,28,0
13929,59,14,28,0
13930,59,14,28,0
13931,59,14,28,0
13932,59,14,28,0
13933,59,14,28,0
13934,59,14,28,0
13935,59,14,28,0
13936,59,14,28,0
13937,59,14,28,0
13938,59,14,28,0
13939,59,14,28,0
13940,59,14,28,0
13941,59,14,28,0
13942,59,14,28,0
13943,59,14,28,0
13944,59,14,28,0
13945,59,14,28,0
13946,59,14,28,0
13947,59,14,28,0
13948,59,14,28,0
13949,59,14,28,0
13950,59,14,28,0
13951,59,14,28,0
13952,59,14,28,0
13953,59,14,28,0
13954,59,14,28,0
13955,59,14,28,0
13956,59,14,28,0
13957,59,14,28,0
13958,59,14,28,0
13959,59,14,28,0
13960,59,14,28,0
13961,59,14,28,0
13962,59,14,28,0
13963,59,14,28,0
13964,59,14,28,0
13965,59,14,28,0
13966,59,14,28,0
13967,59,14,28,0
13968,59,14,28,0
13969,59,14,28,0
13970,59,14,28,0
13971,59,14,28,0
13972,59,14,28,0
13973,59,14,28,0
13974,59,14,28,0
13975,59,14,28,0
13976,59,14,28,0
13977,59,14,28,0
13978,59,14,28,0
13979,59,14,28,0
13980,59,14,28,0
13981,59,14,28,0
13982,59,14,28,0
13983,59,14,28,0
13984,59,14,28,0
13985,59,14,28,0
13986,59,14,28,0
13987,59,14,28,0
13988,59,14,28,0
13989,59,14,28,0
13990,59,14,28,0
13991,59,14,28,0
13992,59,14,28,0
13993,59,14,28,0
13994,59,14,28,0
13995,59,14,28,0
13996,59,14,28,0
13997,59,14,28,0
13998,59,14,28,0
13999,59,14,28,0
14000,59,14,28,0
14001,59,14,28,0
14002,59,14,28,0
14003,59,14,28,0
14004,59,14,28,0
14005,59,14,28,0
14006,59,14,28,0
14007,59,14,28,0
14008,59,14,28,0
14009,59,14,28,0
14010,59,14,28,0
14011,59,14,28,0
14012,59,14,28,0
14013,59,14,28,0
14014,59,14,28,0
14015,59,14,28,0
14016,59,14,28,0
14017,59,14,28,0
14018,59,14,28,0
14019,59,14,28,0
14020,59,14,28,0
14021,59,14,28,0
14022,59,14,28,0
14023,59,14,28,0
14024,59,14,28,0
14025,59,14,28,0
14026,59,14,28,0
14027,59,14,28,0
14028,59,14,28,0
14029,59,14,28,0
14030,59,14,28,0
14031,59,14,28,0
14032,59,14,28,0
14033,59,14,28,0
14034,59,14,28,0
14035,59,14,28,0
14036,59,14,28,0
14037,59,14,28,0
14038,59,14,28,0
14039,59,14,28,0
14040,59,14,28,0
14041,59,14,28,0
14042,59,14,28,0
14043,59,14,28,0
14044,59,14,28,0
14045,59,14,28,0
14046,59,14,28,0
14047,59,14,28,0
14048,59,14,28,0
14049,59,14,28,0
14050,59,14,28,0
14051,59,14,28,0
14052,59,14,28,0
14053,59,14,28,0
14054,59,14,28,0
14055,59,14,28,0
14056,59,14,28,0
14057,59,14,28,0
14058,59,14,28,0
14059,59,14,28,0
14060,59,14,28,0
14061,59,14,28,0
14062,59,14,28,0
14063,59,14,28,0
14064,59,14,28,0
14065,59,14,28,0
14066,59,14,28,0
14067,59,14,28,0
14068,59,14,28,0
14069,59,14,28,0
14070,59,14,28,0
14071,59,14,28,0
14072,59,14,28,0
14073,59,14,28,0
14074,59,14,28,0
14075,59,14,28,0
14076,59,14,28,0
14077,59,14,28,0
14078,59,14,28,0
14079,59,14,28,0
14080,59,14,28,0
14081,59,14,28,0
14082,59,14,28,0
14083,59,14,28,0
14084,59,14,28,0
14085,59,14,28,0
14086,59,14,28,0
14087,59,14,28,0
14088,59,14,28,0
14089,59,14,28,0
14090,59,14,28,0
14091,59,14,28,0
14092,59,14,28,0
14093,59,14,28,0
14094,59,14,28,0
14095,59,14,28,0
14096,59,14,28,0
14097,59,14,28,0
14098,59,14,28,0
14099,59,14,28,0
14100,59,14,28,0
14101,59,14,28,0
14102,59,14,28,0
14103,59,14,28,0
14104,59,14,28,0
14105,59,14,28,0
14106,59,14,28,0
14107,59,14,28,0
14108,59,14,28,0
14109,59,14,28,0
14110,59,14,28,0
14111,59,14,28,0
14112,59,14,28,0
14113,59,14,28,0
14114,59,14,28,0
14115,59,14,28,0
14116,59,14,28,0
14117,59,14,28,0
14118,59,14,28,0
14119,59,14,28,0
14120,59,14,28,0
14121,59,14,28,0
14122,59,14,28,0
14123,59,14,28,0
14124,59,14,28,0
14125,59,14,28,0
14126,59,14,28,0
14127,59,14,28,0
14128,59,14,28,0
14129,59,14,28,0
14130,59,14,28,0
14131,59,14,28,0
14132,59,14,28,0
14133,59,14,28,0
14134,59,14,28,0
14135,59,14,28,0
14136,59,14,28,0
14137,59,14,28,0
14138,59,14,28,0
14139,59,14,28,0
14140,59,14,28,0
14141,59,14,28,0
14142,59,14,28,0
14143,59,14,28,0
14144,59,14,28,0
14145,59,14,28,0
14146,59,14,28,0
14147,59,14,28,0
14148,59,14,28,0
14149,59,14,28,0
14150,59,14,28,0
14151,59,14,28,0
14152,59,14,28,0
14153,59,14,28,0
14154,59,14,28,0
14155,59,14,28,0
14156,59,14,28,0
14157,59,14,28,0
14158,59,14,28,0
14159,59,14,28,0
14160,59,14,28,0
14161,59,14,28,0
14162,59,14,28,0
14163,59,14,28,0
14164,59,14,28,0
14165,59,14,28,0
14166,59,14,28,0
14167,59,14,28,0
14168,59,14,28,0
14169,59,14,28,0
14170,59,14,28,0
14171,59,14,28,0
14172,59,14,28,0
14173,59,14,28,0
14174,59,14,28,0
14175,59,14,28,0
14176,59,14,28,0
14177,59,14,28,0
14178,59,14,28,0
14179,59,14,28,0
14180,59,14,28,0
14181,59,14,28,0
14182,59,14,28,0
14183,59,14,28,0
14184,59,14,28,0
14185,59,14,28,0
14186,59,14,28,0
14187,59,14,28,0
14188,59,14,28,0
14189,59,14,28,0
14190,59,14,28,0
14191,59,14,28,0
14192,59,14,28,0
14193,59,14,28,0
14194,59,14,28,0
14195,59,14,28,0
14196,59,14,28,0
14197,59,14,28,0
14198,59,14,28,0
14199,59,14,28,0
14200,59,14,28,0
14201,59,14,28,0
14202,59,14,28,0
14203,59,14,28,0
14204,59,14,28,0
14205,59,14,28,0
14206,59,14,28,0
14207,59,14,28,0
14208,59,14,28,0
14209,59,14,28,0
14210,59,14,28,0
14211,59,14,28,0
14212,59,14,28,0
14213,59,14,28,0
14214,59,14,28,0
14215,59,14,28,0
14216,59,14,28,0
14217,59,14,28,0
14218,59,14,28,0
14219,59,14,28,0
14220,59,14,28,0
14221,59,14,28,0
14222,59,14,28,0
14223,59,14,28,0
14224,59,14,28,0
14225,59,14,28,0
14226,59,14,28,0
14227,59,14,28,0
14228,59,14,28,0
14229,59,14,28,0
14230,59,14,28,0
14231,59,14,28,0
14232,59,14,28,0
14233,59,14,28,0
14234,59,14,28,0
14235,59,14,28,0
14236,59,14,28,0
14237,59,14,28,0
14238,59,14,28,0
14239,59,14,28,0
14240,59,14,28,0
14241,59,14,28,0
14242,59,14,28,0
14243,59,14,28,0
14244,59,14,28,0
14245,59,14,28,0
14246,59,14,28,0
14247,59,14,28,0
14248,59,14,28,0
14249,59,14,28,0
14250,59,14,28,0
14251,59,14,28,0
14252,59,14,28,0
14253,59,14,28,0
14254,59,14,28,0
14255,59,14,28,0
14256,59,14,28,0
14257,59,14,28,0
14258,59,14,28,0
14259,59,14,28,0
14260,59,14,28,0
14261,59,14,28,0
14262,59,14,28,0
14263,59,14,28,0
14264,59,14,28,0
14265,59,14,28,0
14266,59,14,28,0
14267,59,14,28,0
14268,59,14,28,0
14269,59,14,28,0
14270,59,14,28,0
14271,59,14,28,0
14272,59,14,28,0
14273,59,14,28,0
14274,59,14,28,0
14275,59,14,28,0
14276,59,14,28,0
14277,59,14,28,0
14278,59,14,28,0
14279,59,14,28,0
14280,59,14,28,0
14281,59,14,28,0
14282,59,14,28,0
14283,59,14,28,0
14284,59,14,28,0
14285,59,14,28,0
14286,59,14,28,0
14287,59,14,28,0
14288,59,14,28,0
14289,59,14,28,0
14290,59,14,28,0
14291,59,14,28,0
14292,59,14,28,0
14293,59,14,28,0
14294,59,14,28,0
14295,59,14,28,0
14296,59,14,28,0
14297,59,14,28,0
14298,59,14,28,0
14299,59,14,28,0
14300,59,14,28,0
14301,59,14,28,0
14302,59,14,28,0
14303,59,14,28,0
14304,59,14,28,0
14305,59,14,28,0
14306,59,14,28,0
14307,59,14,28,0
14308,59,14,28,0
14309,59,14,28,0
14310,59,14,28,0
14311,59,14,28,0
14312,59,14,28,0
14313,59,14,28,0
14314,59,14,28,0
14315,59,14,28,0
14316,59,14,28,0
14317,59,14,28,0
14318,59,14,28,0
14319,59,14,28,0
14320,59,14,28,0
14321,59,14,28,0
14322,59,14,28,0
14323,59,14,28,0
14324,59,14,28,0
14325,59,14,28,0
14326,59,14,28,0
14327,59,14,28,0
14328,59,14,28,0
14329,59,14,28,0
14330,59,14,28,0
14331,59,14,28,0
14332,59,14,28,0
14333,59,14,28,0
14334,59,14,28,0
14335,59,14,28,0
14336,59,14,28,0
14337,59,14,28,0
14338,59,14,28,0
14339,59,14,28,0
14340,59,14,28,0
14341,59,14,28,0
14342,59,14,28,0
14343,59,14,28,0
14344,59,14,28,0
14345,59,14,28,0
14346,59,14,28,0
14347,59,14,28,0
14348,59,14,28,0
14349,59,14,28,0
14350,59,14,28,0
14351,59,14,28,0
14352,59,14,28,0
14353,59,14,28,0
14354,59,14,28,0
14355,59,14,28,0
14356,59,14,28,0
14357,59,14,28,0
14358,59,14,28,0
14359,59,14,28,0
14360,59,14,28,0
14361,59,14,28,0
14362,59,14,28,0
14363,59,14,28,0
14364,59,14,28,0
14365,59,14,28,0
14366,59,14,28,0
14367,59,14,28,0
14368,59,14,28,0
14369,59,14,28,0
14370,59,14,28,0
14371,59,14,28,0
14372,59,14,28,0
14373,59,14,28,0
14374,59,14,28,0
14375,59,14,28,0
14376,59,14,28,0
14377,59,14,28,0
14378,59,14,28,0
14379,59,14,28,0
14380,60,14,29,0
14381,60,14,29,0
14382,60,14,29,0
14383,60,14,29,0
14384,60,14,29,0
14385,60,14,29,0
14386,60,14,29,0
14387,60,14,29,0
14388,60,14,29,0
14389,60,14,29,0
14390,60,14,29,0
14391,60,14,29,0
14392,60,14,29,0
14393,60,14,29,0
14394,60,14,29,0
14395,60,14,29,0
14396,60,14,29,0
14397,60,14,29,0
14398,60,14,29,0
14399,60,14,29,0
14400,60,14,29,0
14401,60,14,29,0
14402,60,14,29,0
14403,60,14,29,0
14404,60,14,29,0
14405,60,14,29,0
14406,60,14,29,0
14407,60,14,29,0
14408,60,14,29,0
14409,60,14,29,0
14410,60,14,29,0
14411,60,14,29,0
14412,60,14,29,0
14413,60,14,29,0
14414,60,14,29,0
14415,60,14,29,0
14416,60,14,29,0
14417,60,14,29,0
14418,60,14,29,0
14419,60,14,29,0
14420,60,14,29,0
14421,60,14,29,0
14422,60,14,29,0
14423,61,14,30,0
14424,61,14,30,0
14425,61,14,30,0
14426,61,14,30,0
14427,61,14,30,0
14428,61,14,30,0
14429,61,14,30,0
14430,61,14,30,0
14431,61,14,30,0
14432,61,14,30,0
14433,61,14,30,0
14434,61,14,30,0
14435,61,14,30,0
14436,61,14,30,0
14437,61,14,30,0
14438,61,14,30,0
14439,61,14,30,0
14440,61,14,30,0
14441,61,14,30,0
14442,61,14,30,0
14443,61,14,30,0
14444,61,14,30,0
14445,61,14,30,0
14446,61,14,30,0
14447,61,14,30,0
14448,61,14,30,0
14449,61,14,30,0
14450,61,14,30,0
14451,61,14,30,0
14452,61,14,30,0
14453,61,14,30,0
14454,61,14,30,0
14455,61,14,30,0
14456,61,14,30,0
14457,61,14,30,0
14458,61,14,30,0
14459,61,14,30,0
14460,61,14,30,0
14461,61,14,30,0
14462,61,14,30,0
14463,61,14,30,0
14464,61,14,30,0
14465,61,14,30,0
14466,61,14,30,0
14467,61,14,30,0
14468,61,14,30,0
14469,61,14,30,0
14470,61,14,30,0
14471,61,14,30,0
14472,61,14,30,0
14473,61,14,30,0
14474,61,14,30,0
14475,61,14,30,0
14476,61,14,30,0
14477,61,14,30,0
14478,61,14,30,0
14479,61,14,30,0
14480,61,14,30,0
14481,61,14,30,0
14482,61,14,30,0
14483,61,14,30,0
14484,61,14,30,0
14485,61,14,30,0
14486,61,14,30,0
14487,61,14,30,0
14488,61,14,30,0
14489,61,14,30,0
14490,61,14,30,0
14491,61,14,30,0
14492,61,14,30,0
14493,61,14,30,0
14494,61,14,30,0
14495,61,14,30,0
14496,61,14,30,0
14497,61,14,30,0
14498,61,14,30,0
14499,61,14,30,0
14500,61,14,30,0
14501,61,14,30,0
14502,61,14,30,0
14503,61,14,30,0
14504,61,14,30,0
14505,61,14,30,0
14506,61,14,30,0
14507,61,14,30,0
14508,61,14,30,0
14509,61,14,30,0
14510,61,14,30,0
14511,61,14,30,0
14512,61,14,30,0
14513,61,14,30,0
14514,61,14,30,0
14515,61,14,30,0
14516,61,14,30,0
14517,61,14,30,0
14518,61,14,30,0
14519,61,14,30,0
14520,61,14,30,0
14521,61,14,30,0
14522,61,14,30,0
14523,61,14,30,0
14524,61,14,30,0
14525,61,14,30,0
14526,61,14,30,0
14527,61,14,30,0
14528,61,14,30,0
14529,61,14,30,0
14530,61,14,30,0
14531,61,14,30,0
14532,61,14,30,0
14533,61,14,30,0
14534,61,14,30,0
14535,61,14,30,0
14536,61,14,30,0
14537,61,14,30,0
14538,61,14,30,0
14539,61,14,30,0
14540,61,14,30,0
14541,61,14,30,0
14542,61,14,30,0
14543,61,14,30,0
14544,61,14,30,0
14545,61,14,30,0
14546,61,14,30,0
14547,61,14,30,0
14548,61,14,30,0
14549,61,14,30,0
14550,61,14,30,0
14551,61,14,30,0
14552,61,14,30,0
14553,61,14,30,0
14554,61,14,30,0
14555,61,14,30,0
14556,61,14,30,0
14557,61,14,30,0
14558,61,14,30,0
14559,61,14,30,0
14560,61,14,30,0
14561,61,14,30,0
14562,61,14,30,0
14563,61,14,30,0
14564,61,14,30,0
14565,61,14,30,0
14566,61,14,30,0
14567,61,14,30,0
14568,61,14,30,0
14569,61,14,30,0
14570,61,14,30,0
14571,61,14,30,0
14572,61,14,30,0
14573,61,14,30,0
14574,61,14,30,0
14575,61,14,30,0
14576,61,14,30,0
14577,61,14,30,0
14578,61,14,30,0
14579,61,14,30,0
14580,61,14,30,0
14581,61,14,30,0
14582,61,14,30,0
14583,61,14,30,0
14584,61,14,30,0
14585,61,14,30,0
14586,61,14,30,0
14587,61,14,30,0
14588,61,14,30,0
14589,61,14,30,0
14590,61,14,30,0
14591,61,14,30,0
14592,61,14,30,0
14593,61,14,30,0
14594,61,14,30,0
14595,61,14,30,0
14596,61,14,30,0
14597,61,14,30,0
14598,61,14,30,0
14599,61,14,30,0
14600,61,14,30,0
14601,61,14,30,0
14602,61,14,30,0
14603,61,14,30,0
14604,61,14,30,0
14605,61,14,30,0
14606,61,14,30,0
14607,61,14,30,0
14608,61,14,30,0
14609,61,14,30,0
14610,61,14,30,0
14611,61,14,30,0
14612,61,14,30,0
14613,61,14,30,0
14614,61,14,30,0
14615,61,14,30,0
14616,61,14,30,0
14617,61,14,30,0
14618,61,14,30,0
14619,61,14,30,0
14620,61,14,30,0
14621,61,14,30,0
14622,61,14,30,0
14623,61,14,30,0
14624,61,14,30,0
14625,61,14,30,0
14626,61,14,30,0
14627,61,14,30,0
14628,61,14,30,0
14629,61,14,30,0
14630,61,14,30,0
14631,61,14,30,0
14632,61,14,30,0
14633,61,14,30,0
14634,61,14,30,0
14635,61,14,30,0
14636,61,14,30,0
14637,61,14,30,0
14638,61,14,30,0
14639,61,14,30,0
14640,61,14,30,0
14641,61,14,30,0
14642,61,14,30,0
14643,61,14,30,0
14644,61,14,30,0
14645,61,14,30,0
14646,61,14,30,0
14647,61,14,30,0
14648,61,14,30,0
14649,61,14,30,0
14650,61,14,30,0
14651,61,14,30,0
14652,61,14,30,0
14653,61,14,30,0
14654,61,14,30,0
14655,61,14,30,0
14656,61,14,30,0
14657,61,14,30,0
14658,61,14,30,0
14659,61,14,30,0
14660,61,14,30,0
14661,61,14,30,0
14662,61,14,30,0
14663,61,14,30,0
14664,61,14,30,0
14665,61,14,30,0
14666,61,14,30,0
14667,61,14,30,0
14668,61,14,30,0
14669,61,14,30,0
14670,61,14,30,0
14671,61,14,30,0
14672,61,14,30,0
14673,61,14,30,0
14674,61,14,30,0
14675,61,14,30,0
14676,61,14,30,0
14677,61,14,30,0
14678,61,14,30,0
14679,61,14,30,0
14680,61,14,30,0
14681,61,14,30,0
14682,61,14,30,0
14683,61,14,30,0
14684,61,14,30,0
14685,61,14,30,0
14686,61,14,30,0
14687,61,14,30,0
14688,61,14,30,0
14689,61,14,30,0
14690,61,14,30,0
14691,61,14,30,0
14692,61,14,30,0
14693,61,14,30,0
14694,61,14,30,0
14695,61,14,30,0
14696,61,14,30,0
14697,61,14,30,0
14698,61,14,30,0
14699,61,14,30,0
14700,61,14,30,0
14701,61,14,30,0
14702,61,14,30,0
14703,61,14,30,0
14704,61,14,30,0
14705,61,14,30,0
14706,61,14,30,0
14707,61,14,30,0
14708,61,14,30,0
14709,61,14,30,0
14710,61,14,30,0
14711,61,14,30,0
14712,61,14,30,0
14713,61,14,30,0
14714,61,14,30,0
14715,61,14,30,0
14716,61,14,30,0
14717,61,14,30,0
14718,61,14,30,0
14719,61,14,30,0
14720,61,14,30,0
14721,61,14,30,0
14722,61,14,30,0
14723,61,14,30,0
14724,61,14,30,0
14725,61,14,30,0
14726,61,14,30,0
14727,61,14,30,0
14728,61,14,30,0
14729,61,14,30,0
14730,61,14,30,0
14731,61,14,30,0
14732,61,14,30,0
14733,61,14,30,0
14734,61,14,30,0
14735,61,14,30,0
14736,61,14,30,0
14737,61,14,30,0
14738,61,14,30,0
14739,61,14,30,0
14740,61,14,30,0
14741,61,14,30,0
14742,61,14,30,0
14743,61,14,30,0
14744,61,14,30,0
14745,61,14,30,0
14746,61,14,30,0
14747,61,14,30,0
14748,61,14,30,0
14749,61,14,30,0
14750,61,14,30,0
14751,61,14,30,0
14752,61,14,30,0
14753,61,14,30,0
14754,61,14,30,0
14755,61,14,30,0
14756,61,14,30,0
14757,61,14,30,0
14758,61,14,30,0
14759,61,14,30,0
14760,61,14,30,0
14761,61,14,30,0
14762,61,14,30,0
14763,61,14,30,0
14764,61,14,30,0
14765,61,14,30,0
14766,61,14,30,0
14767,61,14,30,0
14768,61,14,30,0
14769,61,14,30,0
14770,61,14,30,0
14771,61,14,30,0
14772,61,14,30,0
14773,61,14,30,0
14774,61,14,30,0
14775,61,14,30,0
14776,61,14,30,0
14777,61,14,30,0
14778,61,14,30,0
14779,61,14,30,0
14780,61,14,30,0
14781,61,14,30,0
14782,61,14,30,0
14783,61,14,30,0
14784,61,14,30,0
14785,61,14,30,0
14786,61,14,30,0
14787,61,14,30,0
14788,61,14,30,0
14789,61,14,30,0
14790,61,14,30,0
14791,61,14,30,0
14792,61,14,30,0
14793,61,14,30,0
14794,61,14,30,0
14795,61,14,30,0
14796,61,14,30,0
14797,61,14,30,0
14798,61,14,30,0
14799,61,14,30,0
14800,61,14,30,0
14801,61,14,30,0
14802,61,14,30,0
14803,61,14,30,0
14804,61,14,30,0
14805,61,14,30,0
14806,61,14,30,0
14807,61,14,30,0
14808,61,14,30,0
14809,61,14,30,0
14810,61,14,30,0
14811,61,14,30,0
14812,61,14,30,0
14813,61,14,30,0
14814,61,14,30,0
14815,61,14,30,0
14816,61,14,30,0
14817,61,14,30,0
14818,61,14,30,0
14819,61,14,30,0
14820,61,14,30,0
14821,61,14,30,0
14822,61,14,30,0
14823,61,14,30,0
14824,61,14,30,0
14825,61,14,30,0
14826,61,14,30,0
14827,61,14,30,0
14828,61,14,30,0
14829,61,14,30,0
14830,61,14,30,0
14831,61,14,30,0
14832,61,14,30,0
14833,61,14,30,0
14834,61,14,30,0
14835,61,14,30,0
14836,61,14,30,0
14837,61,14,30,0
14838,61,14,30,0
14839,61,14,30,0
14840,61,14,30,0
14841,61,14,30,0
14842,61,14,30,0
14843,61,14,30,0
14844,61,14,30,0
14845,61,14,30,0
14846,61,14,30,0
14847,61,14,30,0
14848,61,14,30,0
14849,61,14,30,0
14850,61,14,30,0
14851,61,14,30,0
14852,61,14,30,0
14853,61,14,30,0
14854,61,14,30,0
14855,61,14,30,0
14856,61,14,30,0
14857,61,14,30,0
14858,61,14,30,0
14859,61,14,30,0
14860,61,14,30,0
14861,61,14,30,0
14862,61,14,30,0
14863,61,14,30,0
14864,61,14,30,0
14865,61,14,30,0
14866,61,14,30,0
14867,61,14,30,0
14868,61,14,30,0
14869,61,14,30,0
14870,61,14,30,0
14871,61,14,30,0
14872,61,14,30,0
14873,61,14,30,0
14874,61,14,30,0
14875,61,14,30,0
14876,61,14,30,0
14877,61,14,30,0
14878,61,14,30,0
14879,61,14,30,0
14880,61,14,30,0
14881,61,14,30,0
14882,61,14,30,0
14883,61,14,30,0
14884,61,14,30,0
14885,61,14,30,0
14886,61,14,30,0
14887,61,14,30,0
14888,61,14,30,0
14889,61,14,30,0
14890,61,14,30,0
14891,61,14,30,0
14892,61,14,30,0
14893,61,14,30,0
14894,61,14,30,0
14895,61,14,30,0
14896,61,14,30,0
14897,61,14,30,0
14898,61,14,30,0
14899,61,14,30,0
14900,61,14,30,0
14901,61,14,30,0
14902,61,14,30,0
14903,61,14,30,0
14904,61,14,30,0
14905,61,14,30,0
14906,61,14,30,0
14907,61,14,30,0
14908,61,14,30,0
14909,61,14,30,0
14910,61,14,30,0
14911,61,14,30,0
14912,61,14,30,0
14913,61,14,30,0
14914,61,14,30,0
14915,61,14,30,0
14916,61,14,30,0
14917,61,14,30,0
14918,61,14,30,0
14919,61,14,30,0
14920,61,14,30,0
14921,61,14,30,0
14922,61,14,30,0
14923,61,14,30,0
14924,61,14,30,0
14925,61,14,30,0
14926,61,14,30,0
14927,61,14,30,0
14928,61,14,30,0
14929,61,14,30,0
14930,61,14,30,0
14931,61,14,30,0
14932,61,14,30,0
14933,61,14,30,0
14934,61,14,30,0
14935,61,14,30,0
14936,61,14,30,0
14937,61,14,30,0
14938,61,14,30,0
14939,61,14,30,0
14940,61,14,30,0
14941,61,14,30,0
14942,61,14,30,0
14943,61,14,30,0
14944,61,14,30,0
14945,61,14,30,0
14946,61,14,30,0
14947,61,14,30,0
14948,61,14,30,0
14949,61,14,30,0
14950,61,14,30,0
14951,61,14,30,0
14952,61,14,30,0
14953,61,14,30,0
14954,61,14,30,0
14955,61,14,30,0
14956,61,14,30,0
14957,61,14,30,0
14958,61,14,30,0
14959,61,14,30,0
14960,61,14,30,0
14961,61,14,30,0
14962,61,14,30,0
14963,61,14,30,0
14964,61,14,30,0
14965,61,14,30,0
14966,61,14,30,0
14967,61,14,30,0
14968,61,14,30,0
14969,61,14,30,0
14970,61,14,30,0
14971,61,14,30,0
14972,61,14,30,0
14973,61,14,30,0
14974,61,14,30,0
14975,61,14,30,0
14976,61,14,30,0
14977,61,14,30,0
14978,61,14,30,0
14979,61,14,30,0
14980,61,14,30,0
14981,61,14,30,0
14982,61,14,30,0
14983,61,14,30,0
14984,61,14,30,0
14985,61,14,30,0
14986,61,14,30,0
14987,61,14,30,0
14988,61,14,30,0
14989,61,14,30,0
14990,61,14,30,0
14991,61,14,30,0
14992,61,14,30,0
14993,61,14,30,0
14994,61,14,30,0
14995,61,14,30,0
14996,61,14,30,0
14997,61,14,30,0
14998,61,14,30,0
14999,61,14,30,0
15000,61,14,30,0
15001,61,14,30,0
15002,61,14,30,0
15003,61,14,30,0
15004,61,14,30,0
15005,61,14,30,0
15006,61,14,30,0
15007,61,14,30,0
15008,61,14,30,0
15009,61,14,30,0
15010,61,14,30,0
15011,61,14,30,0
15012,61,14,30,0
15013,61,14,30,0
15014,61,14,30,0
15015,61,14,30,0
15016,61,14,30,0
15017,61,14,30,0
15018,61,14,30,0
15019,61,14,30,0
15020,61,14,30,0
15021,61,14,30,0
15022,61,14,30,0
15023,61,14,30,0
15024,61,14,30,0
15025,61,14,30,0
15026,61,14,30,0
15027,61,14,30,0
15028,61,14,30,0
15029,61,14,30,0
15030,61,14,30,0
15031,61,14,30,0
15032,61,14,30,0
15033,61,14,30,0
15034,61,14,30,0
15035,61,14,30,0
15036,61,14,30,0
15037,61,14,30,0
15038,61,14,30,0
15039,61,14,30,0
15040,61,14,30,0
15041,61,14,30,0
15042,61,14,30,0
15043,61,14,30,0
15044,61,14,30,0
15045,61,14,30,0
15046,61,14,30,0
15047,61,14,30,0
15048,61,14,30,0
15049,61,14,30,0
15050,61,14,30,0
15051,61,14,30,0
15052,61,14,30,0
15053,61,14,30,0
15054,61,14,30,0
15055,61,14,30,0
15056,61,14,30,0
15057,61,14,30,0
15058,61,14,30,0
15059,61,14,30,0
15060,61,14,30,0
15061,61,14,30,0
15062,61,14,30,0
15063,61,14,30,0
15064,61,14,30,0
15065,61,14,30,0
15066,61,14,30,0
15067,61,14,30,0
15068,61,14,30,0
15069,61,14,30,0
15070,61,14,30,0
15071,61,14,30,0
15072,61,14,30,0
15073,61,14,30,0
15074,61,14,30,0
15075,61,14,30,0
15076,61,14,30,0
15077,61,14,30,0
15078,61,14,30,0
15079,61,14,30,0
15080,61,14,30,0
15081,61,14,30,0
15082,61,14,30,0
15083,61,14,30,0
15084,61,14,30,0
15085,61,14,30,0
15086,61,14,30,0
15087,61,14,30,0
15088,61,14,30,0
15089,61,14,30,0
15090,61,14,30,0
15091,61,14,30,0
15092,61,14,30,0
15093,61,14,30,0
15094,61,14,30,0
15095,61,14,30,0
15096,61,14,30,0
15097,61,14,30,0
15098,61,14,30,0
15099,61,14,30,0
15100,61,14,30,0
15101,61,14,30,0
15102,61,14,30,0
15103,61,14,30,0
15104,61,14,30,0
15105,61,14,30,0
15106,61,14,30,0
15107,61,14,30,0
15108,61,14,30,0
15109,61,14,30,0
15110,61,14,30,0
15111,61,14,30,0
15112,61,14,30,0
15113,61,14,30,0
15114,61,14,30,0
15115,61,14,30,0
15116,61,14,30,0
15117,61,14,30,0
15118,61,14,30,0
15119,61,14,30,0
15120,61,14,30,0
15121,61,14,30,0
15122,61,14,30,0
15123,61,14,30,0
15124,61,14,30,0
15125,61,14,30,0
15126,61,14,30,0
15127,61,14,30,0
15128,61,14,30,0
15129,61,14,30,0
15130,61,14,30,0
15131,61,14,30,0
15132,61,14,30,0
15133,61,14,30,0
15134,61,14,30,0
15135,61,14,30,0
15136,61,14,30,0
15137,61,14,30,0
15138,61,14,30,0
15139,61,14,30,0
15140,61,14,30,0
15141,61,14,30,0
15142,61,14,30,0
15143,61,14,30,0
15144,61,14,30,0
15145,61,14,30,0
15146,61,14,30,0
15147,61,14,30,0
15148,61,14,30,0
15149,61,14,30,0
15150,61,14,30,0
15151,61,14,30,0
15152,61,14,30,0
15153,61,14,30,0
15154,61,14,30,0
15155,61,14,30,0
15156,61,14,30,0
15157,61,14,30,0
15158,61,14,30,0
15159,61,14,30,0
15160,61,14,30,0
15161,61,14,30,0
15162,61,14,30,0
15163,61,14,30,0
15164,61,14,30,0
15165,61,14,30,0
15166,61,14,30,0
15167,61,14,30,0
15168,61,14,30,0
15169,61,14,30,0
15170,61,14,30,0
15171,61,14,30,0
15172,61,14,30,0
15173,61,14,30,0
15174,61,14,30,0
15175,61,14,30,0
15176,61,14,30,0
15177,61,14,30,0
15178,61,14,30,0
15179,61,14,30,0
15180,61,14,30,0
15181,61,14,30,0
15182,61,14,30,0
15183,61,14,30,0
15184,61,14,30,0
15185,61,14,30,0
15186,61,14,30,0
15187,61,14,30,0
15188,61,14,30,0
15189,61,14,30,0
15190,61,14,30,0
15191,61,14,30,0
15192,61,14,30,0
15193,61,14,30,0
15194,61,14,30,0
15195,61,14,30,0
15196,61,14,30,0
15197,61,14,30,0
15198,61,14,30,0
15199,61,14,30,0
15200,61,14,30,0
15201,61,14,30,0
15202,61,14,30,0
15203,61,14,30,0
15204,61,14,30,0
15205,61,14,30,0
15206,61,14,30,0
15207,61,14,30,0
15208,61,14,30,0
15209,61,14,30,0
15210,61,14,30,0
15211,61,14,30,0
15212,61,14,30,0
15213,61,14,30,0
15214,61,14,30,0
15215,61,14,30,0
15216,61,14,30,0
15217,61,14,30,0
15218,61,14,30,0
15219,61,14,30,0
15220,61,14,30,0
15221,61,14,30,0
15222,61,14,30,0
15223,61,14,30,0
15224,61,14,30,0
15225,61,14,30,0
15226,61,14,30,0
15227,61,14,30,0
15228,61,14,30,0
15229,61,14,30,0
15230,61,14,30,0
15231,61,14,30,0
15232,61,14,30,0
15233,61,14,30,0
15234,61,14,30,0
15235,61,14,30,0
15236,61,14,30,0
15237,61,14,30,0
15238,61,14,30,0
15239,61,14,30,0
15240,61,14,30,0
15241,61,14,30,0
15242,61,14,30,0
15243,61,14,30,0
15244,61,14,30,0
15245,61,14,30,0
15246,61,14,30,0
15247,61,14,30,0
15248,61,14,30,0
15249,61,14,30,0
15250,61,14,30,0
15251,61,14,30,0
15252,61,14,30,0
15253,61,14,30,0
15254,61,14,30,0
15255,61,14,30,0
15256,61,14,30,0
15257,61,14,30,0
15258,61,14,30,0
15259,61,14,30,0
15260,61,14,30,0
15261,61,14,30,0
15262,61,14,30,0
15263,61,14,30,0
15264,61,14,30,0
15265,61,14,30,0
15266,61,14,30,0
15267,61,14,30,0
15268,61,14,30,0
15269,61,14,30,0
15270,61,14,30,0
15271,61,14,30,0
15272,61,14,30,0
15273,61,14,30,0
15274,61,14,30,0
15275,61,14,30,0
15276,61,14,30,0
15277,61,14,30,0
15278,61,14,30,0
15279,61,14,30,0
15280,61,14,30,0
15281,61,14,30,0
15282,61,14,30,0
15283,61,14,30,0
15284,61,14,30,0
15285,61,14,30,0
15286,61,14,30,0
15287,61,14,30,0
15288,61,14,30,0
15289,61,14,30,0
15290,61,14,30,0
15291,61,14,30,0
15292,61,14,30,0
15293,61,14,30,0
15294,61,14,30,0
15295,61,14,30,0
15296,61,14,30,0
15297,61,14,30,0
15298,61,14,30,0
15299,61,14,30,0
15300,61,14,30,0
15301,61,14,30,0
15302,61,14,30,0
15303,61,14,30,0
15304,61,14,30,0
15305,61,14,30,0
15306,61,14,30,0
15307,61,14,30,0
15308,61,14,30,0
15309,61,14,30,0
15310,61,14,30,0
15311,61,14,30,0
15312,61,14,30,0
15313,61,14,30,0
15314,61,14,30,0
15315,61,14,30,0
15316,61,14,30,0
15317,61,14,30,0
15318,61,14,30,0
15319,61,14,30,0
15320,61,14,30,0
15321,61,14,30,0
15322,61,14,30,0
15323,61,14,30,0
15324,61,14,30,0
15325,61,14,30,0
15326,61,14,30,0
15327,61,14,30,0
15328,61,14,30,0
15329,61,14,30,0
15330,61,14,30,0
15331,61,14,30,0
15332,61,14,30,0
15333,61,14,30,0
15334,61,14,30,0
15335,61,14,30,0
15336,61,14,30,0
15337,61,14,30,0
15338,61,14,30,0
15339,61,14,30,0
15340,61,14,30,0
15341,61,14,30,0
15342,61,14,30,0
15343,61,14,30,0
15344,61,14,30,0
15345,61,14,30,0
15346,61,14,30,0
15347,61,14,30,0
15348,61,14,30,0
15349,61,14,30,0
15350,61,14,30,0
15351,61,14,30,0
15352,61,14,30,0
15353,61,14,30,0
15354,61,14,30,0
15355,61,14,30,0
15356,61,14,30,0
15357,61,14,30,0
15358,61,14,30,0
15359,61,14,30,0
15360,61,14,30,0
15361,61,14,30,0
15362,61,14,30,0
15363,61,14,30,0
15364,61,14,30,0
15365,61,14,30,0
15366,61,14,30,0
15367,61,14,30,0
15368,61,14,30,0
15369,61,14,30,0
15370,61,14,30,0
15371,61,14,30,0
15372,61,14,30,0
15373,61,14,30,0
15374,61,14,30,0
15375,61,14,30,0
15376,61,14,30,0
15377,61,14,30,0
15378,61,14,30,0
15379,61,14,30,0
15380,61,14,30,0
15381,61,14,30,0
15382,61,14,30,0
15383,61,14,30,0
15384,61,14,30,0
15385,61,14,30,0
15386,61,14,30,0
15387,61,14,30,0
15388,61,14,30,0
15389,61,14,30,0
15390,61,14,30,0
15391,61,14,30,0
15392,61,14,30,0
15393,61,14,30,0
15394,61,14,30,0
15395,61,14,30,0
15396,61,14,30,0
15397,61,14,30,0
15398,61,14,30,0
15399,61,14,30,0
15400,61,14,30,0
15401,61,14,30,0
15402,61,14,30,0
15403,61,14,30,0
15404,61,14,30,0
15405,61,14,30,0
15406,61,14,30,0
15407,61,14,30,0
15408,61,14,30,0
15409,61,14,30,0
15410,61,14,30,0
15411,61,14,30,0
15412,61,14,30,0
15413,61,14,30,0
15414,61,14,30,0
15415,61,14,30,0
15416,61,14,30,0
15417,61,14,30,0
15418,61,14,30,0
15419,61,14,30,0
15420,61,14,30,0
15421,61,14,30,0
15422,61,14,30,0
15423,61,14,30,0
15424,61,14,30,0
15425,61,14,30,0
15426,61,14,30,0
15427,61,14,30,0
15428,61,14,30,0
15429,61,14,30,0
15430,61,14,30,0
15431,61,14,30,0
15432,61,14,30,0
15433,61,14,30,0
15434,61,14,30,0
15435,61,14,30,0
15436,61,14,30,0
15437,61,14,30,0
15438,61,14,30,0
15439,61,14,30,0
15440,61,14,30,0
15441,61,14,30,0
15442,61,14,30,0
15443,61,14,30,0
15444,61,14,30,0
15445,61,14,30,0
15446,61,14,30,0
15447,61,14,30,0
15448,61,14,30,0
15449,61,14,30,0
15450,61,14,30,0
15451,61,14,30,0
15452,61,14,30,0
15453,61,14,30,0
15454,61,14,30,0
15455,61,14,30,0
15456,61,14,30,0
15457,61,14,30,0
15458,61,14,30,0
15459,61,14,30,0
15460,61,14,30,0
15461,61,14,30,0
15462,61,14,30,0
15463,61,14,30,0
15464,61,14,30,0
15465,61,14,30,0
15466,61,14,30,0
15467,61,14,30,0
15468,61,14,30,0
15469,61,14,30,0
15470,61,14,30,0
15471,61,14,30,0
15472,61,14,30,0
15473,61,14,30,0
15474,61,14,30,0
15475,61,14,30,0
15476,61,14,30,0
15477,61,14,30,0
15478,61,14,30,0
15479,61,14,30,0
15480,61,14,30,0
15481,61,14,30,0
15482,61,14,30,0
15483,61,14,30,0
15484,61,14,30,0
15485,61,14,30,0
15486,61,14,30,0
15487,61,14,30,0
15488,61,14,30,0
15489,61,14,30,0
15490,61,14,30,0
15491,61,14,30,0
15492,61,14,30,0
15493,61,14,30,0
15494,61,14,30,0
15495,61,14,30,0
15496,61,14,30,0
15497,61,14,30,0
15498,61,14,30,0
15499,61,14,30,0
15500,61,14,30,0
15501,61,14,30,0
15502,61,14,30,0
15503,61,14,30,0
15504,61,14,30,0
15505,61,14,30,0
15506,61,14,30,0
15507,61,14,30,0
15508,61,14,30,0
15509,61,14,30,0
15510,61,14,30,0
15511,61,14,30,0
15512,61,14,30,0
15513,61,14,30,0
15514,61,14,30,0
15515,61,14,30,0
15516,61,14,30,0
15517,61,14,30,0
15518,61,14,30,0
15519,61,14,30,0
15520,61,14,30,0
15521,61,14,30,0
15522,61,14,30,0
15523,61,14,30,0
15524,61,14,30,0
15525,61,14,30,0
15526,61,14,30,0
15527,61,14,30,0
15528,61,14,30,0
15529,61,14,30,0
15530,61,14,30,0
15531,61,14,30,0
15532,61,14,30,0
15533,61,14,30,0
15534,61,14,30,0
15535,61,14,30,0
15536,61,14,30,0
15537,61,14,30,0
15538,61,14,30,0
15539,61,14,30,0
15540,61,14,30,0
15541,61,14,30,0
15542,61,14,30,0
15543,61,14,30,0
15544,61,14,30,0
15545,61,14,30,0
15546,61,14,30,0
15547,61,14,30,0
15548,61,14,30,0
15549,61,14,30,0
15550,61,14,30,0
15551,61,14,30,0
15552,61,14,30,0
15553,61,14,30,0
15554,61,14,30,0
15555,61,14,30,0
15556,61,14,30,0
15557,61,14,30,0
15558,61,14,30,0
15559,61,14,30,0
15560,61,14,30,0
15561,61,14,30,0
15562,61,14,30,0
15563,61,14,30,0
15564,61,14,30,0
15565,61,14,30,0
15566,61,14,30,0
15567,61,14,30,0
15568,61,14,30,0
15569,61,14,30,0
15570,61,14,30,0
15571,61,14,30,0
15572,61,14,30,0
15573,61,14,30,0
15574,61,14,30,0
15575,61,14,30,0
15576,61,14,30,0
15577,61,14,30,0
15578,61,14,30,0
15579,61,14,30,0
15580,61,14,30,0
15581,61,14,30,0
15582,61,14,30,0
15583,61,14,30,0
15584,61,14,30,0
15585,61,14,30,0
15586,61,14,30,0
15587,61,14,30,0
15588,61,14,30,0
15589,61,14,30,0
15590,61,14,30,0
15591,61,14,30,0
15592,61,14,30,0
15593,61,14,30,0
15594,61,14,30,0
15595,61,14,30,0
15596,61,14,30,0
15597,61,14,30,0
15598,61,14,30,0
15599,61,14,30,0
15600,61,14,30,0
15601,61,14,30,0
15602,61,14,30,0
15603,61,14,30,0
15604,61,14,30,0
15605,61,14,30,0
15606,61,14,30,0
15607,61,14,30,0
15608,61,14,30,0
15609,61,14,30,0
15610,61,14,30,0
15611,61,14,30,0
15612,61,14,30,0
15613,61,14,30,0
15614,61,14,30,0
15615,61,14,30,0
15616,61,14,30,0
15617,61,14,30,0
15618,61,14,30,0
15619,61,14,30,0
15620,61,14,30,0
15621,61,14,30,0
15622,61,14,30,0
15623,61,14,30,0
15624,61,14,30,0
15625,61,14,30,0
15626,61,14,30,0
15627,61,14,30,0
15628,61,14,30,0
15629,61,14,30,0
15630,61,14,30,0
15631,61,14,30,0
15632,61,14,30,0
15633,61,14,30,0
15634,61,14,30,0
15635,61,14,30,0
15636,61,14,30,0
15637,61,14,30,0
15638,61,14,30,0
15639,61,14,30,0
15640,61,14,30,0
15641,61,14,30,0
15642,61,14,30,0
15643,61,14,30,0
15644,61,14,30,0
15645,61,14,30,0
15646,61,14,30,0
15647,61,14,30,0
15648,61,14,30,0
15649,61,14,30,0
15650,61,14,30,0
15651,61,14,30,0
15652,61,14,30,0
15653,61,14,30,0
15654,61,14,30,0
15655,61,14,30,0
15656,61,14,30,0
15657,61,14,30,0
15658,61,14,30,0
15659,61,14,30,0
15660,61,14,30,0
15661,61,14,30,0
15662,61,14,30,0
15663,61,14,30,0
15664,61,14,30,0
15665,61,14,30,0
15666,61,14,30,0
15667,61,14,30,0
15668,61,14,30,0
15669,61,14,30,0
15670,61,14,30,0
15671,61,14,30,0
15672,61,14,30,0
15673,61,14,30,0
15674,61,14,30,0
15675,61,14,30,0
15676,61,14,30,0
15677,61,14,30,0
15678,61,14,30,0
15679,61,14,30,0
15680,61,14,30,0
15681,61,14,30,0
15682,61,14,30,0
15683,61,14,30,0
15684,61,14,30,0
15685,61,14,30,0
15686,61,14,30,0
15687,61,14,30,0
15688,61,14,30,0
15689,61,14,30,0
15690,61,14,30,0
15691,61,14,30,0
15692,61,14,30,0
15693,61,14,30,0
15694,61,14,30,0
15695,61,14,30,0
15696,61,14,30,0
15697,61,14,30,0
15698,61,14,30,0
15699,61,14,30,0
15700,61,14,30,0
15701,61,14,30,0
15702,61,14,30,0
15703,61,14,30,0
15704,61,14,30,0
15705,61,14,30,0
15706,61,14,30,0
15707,61,14,30,0
15708,61,14,30,0
15709,61,14,30,0
15710,61,14,30,0
15711,61,14,30,0
15712,61,14,30,0
15713,61,14,30,0
15714,61,14,30,0
15715,61,14,30,0
15716,61,14,30,0
15717,61,14,30,0
15718,61,14,30,0
15719,61,14,30,0
15720,61,14,30,0
15721,61,14,30,0
15722,61,14,30,0
15723,61,14,30,0
15724,61,14,30,0
15725,61,14,30,0
15726,61,14,30,0
15727,61,14,30,0
15728,61,14,30,0
15729,61,14,30,0
15730,61,14,30,0
15731,61,14,30,0
15732,61,14,30,0
15733,61,14,30,0
15734,61,14,30,0
15735,61,14,30,0
15736,61,14,30,0
15737,61,14,30,0
15738,61,14,30,0
15739,61,14,30,0
15740,61,14,30,0
15741,61,14,30,0
15742,61,14,30,0
15743,61,14,30,0
15744,61,14,30,0
15745,61,14,30,0
15746,61,14,30,0
15747,61,14,30,0
15748,61,14,30,0
15749,61,14,30,0
15750,61,14,30,0
15751,61,14,30,0
15752,61,14,30,0
15753,61,14,30,0
15754,61,14,30,0
15755,61,14,30,0
15756,61,14,30,0
15757,61,14,30,0
15758,61,14,30,0
15759,61,14,30,0
15760,61,14,30,0
15761,61,14,30,0
15762,61,14,30,0
15763,61,14,30,0
15764,61,14,30,0
15765,61,14,30,0
15766,61,14,30,0
15767,61,14,30,0
15768,61,14,30,0
15769,61,14,30,0
15770,61,14,30,0
15771,61,14,30,0
15772,61,14,30,0
15773,61,14,30,0
15774,61,14,30,0
15775,61,14,30,0
15776,61,14,30,0
15777,61,14,30,0
15778,61,14,30,0
15779,61,14,30,0
15780,61,14,30,0
15781,61,14,30,0
15782,61,14,30,0
15783,61,14,30,0
15784,61,14,30,0
15785,61,14,30,0
15786,61,14,30,0
15787,61,14,30,0
15788,61,14,30,0
15789,61,14,30,0
15790,61,14,30,0
15791,61,14,30,0
15792,61,14,30,0
15793,61,14,30,0
15794,61,14,30,0
15795,61,14,30,0
15796,61,14,30,0
15797,61,14,30,0
15798,61,14,30,0
15799,61,14,30,0
15800,61,14,30,0
15801,61,14,30,0
15802,61,14,30,0
15803,61,14,30,0
15804,61,14,30,0
15805,61,14,30,0
15806,61,14,30,0
15807,61,14,30,0
15808,61,14,30,0
15809,61,14,30,0
15810,61,14,30,0
15811,61,14,30,0
15812,61,14,30,0
15813,61,14,30,0
15814,61,14,30,0
15815,61,14,30,0
15816,61,14,30,0
15817,61,14,30,0
15818,61,14,30,0
15819,61,14,30,0
15820,61,14,30,0
15821,61,14,30,0
15822,61,14,30,0
15823,61,14,30,0
15824,61,14,30,0
15825,61,14,30,0
15826,61,14,30,0
15827,61,14,30,0
15828,61,14,30,0
15829,61,14,30,0
15830,61,14,30,0
15831,61,14,30,0
15832,61,14,30,0
15833,61,14,30,0
15834,61,14,30,0
15835,61,14,30,0
15836,61,14,30,0
15837,61,14,30,0
15838,61,14,30,0
15839,61,14,30,0
15840,61,14,30,0
15841,61,14,30,0
15842,61,14,30,0
15843,61,14,30,0
15844,61,14,30,0
15845,61,14,30,0
15846,61,14,30,0
15847,61,14,30,0
15848,61,14,30,0
15849,61,14,30,0
15850,61,14,30,0
15851,61,14,30,0
15852,61,14,30,0
15853,61,14,30,0
15854,61,14,30,0
15855,61,14,30,0
15856,61,14,30,0
15857,61,14,30,0
15858,61,14,30,0
15859,61,14,30,0
15860,61,14,30,0
15861,61,14,30,0
15862,61,14,30,0
15863,61,14,30,0
15864,61,14,30,0
15865,61,14,30,0
15866,61,14,30,0
15867,61,14,30,0
15868,61,14,30,0
15869,61,14,30,0
15870,61,14,30,0
15871,61,14,30,0
15872,61,14,30,0
15873,61,14,30,0
15874,61,14,30,0
15875,61,14,30,0
15876,61,14,30,0
15877,61,14,30,0
15878,61,14,30,0
15879,61,14,30,0
15880,61,14,30,0
15881,61,14,30,0
15882,61,14,30,0
15883,61,14,30,0
15884,61,14,30,0
15885,61,14,30,0
15886,61,14,30,0
15887,61,14,30,0
15888,61,14,30,0
15889,61,14,30,0
15890,61,14,30,0
15891,61,14,30,0
15892,61,14,30,0
15893,61,14,30,0
15894,61,14,30,0
15895,61,14,30,0
15896,61,14,30,0
15897,61,14,30,0
15898,61,14,30,0
15899,61,14,30,0
15900,61,14,30,0
15901,61,14,30,0
15902,61,14,30,0
15903,61,14,30,0
15904,61,14,30,0
15905,61,14,30,0
15906,61,14,30,0
15907,61,14,30,0
15908,61,14,30,0
15909,61,14,30,0
15910,61,14,30,0
15911,61,14,30,0
15912,61,14,30,0
15913,61,14,30,0
15914,61,14,30,0
15915,61,14,30,0
15916,61,14,30,0
15917,61,14,30,0
15918,61,14,30,0
15919,61,14,30,0
15920,61,14,30,0
15921,61,14,30,0
15922,61,14,30,0
15923,61,14,30,0
15924,61,14,30,0
15925,61,14,30,0
15926,61,14,30,0
15927,61,14,30,0
15928,61,14,30,0
15929,61,14,30,0
15930,61,14,30,0
15931,61,14,30,0
15932,61,14,30,0
15933,61,14,30,0
15934,61,14,30,0
15935,61,14,30,0
15936,61,14,30,0
15937,61,14,30,0
15938,61,14,30,0
15939,61,14,30,0
15940,61,14,30,0
15941,61,14,30,0
15942,61,14,30,0
15943,61,14,30,0
15944,61,14,30,0
15945,61,14,30,0
15946,61,14,30,0
15947,61,14,30,0
15948,61,14,30,0
15949,61,14,30,0
15950,61,14,30,0
15951,61,14,30,0
15952,61,14,30,0
15953,61,14,30,0
15954,61,14,30,0
15955,61,14,30,0
15956,61,14,30,0
15957,61,14,30,0
15958,61,14,30,0
15959,61,14,30,0
15960,61,14,30,0
15961,61,14,30,0
15962,61,14,30,0
15963,61,14,30,0
15964,61,14,30,0
15965,61,14,30,0
15966,61,14,30,0
15967,61,14,30,0
15968,61,14,30,0
15969,61,14,30,0
15970,61,14,30,0
15971,61,14,30,0
15972,61,14,30,0
15973,61,14,30,0
15974,61,14,30,0
15975,61,14,30,0
15976,61,14,30,0
15977,61,14,30,0
15978,61,14,30,0
15979,61,14,30,0
15980,61,14,30,0
15981,61,14,30,0
15982,61,14,30,0
15983,61,14,30,0
15984,61,14,30,0
15985,61,14,30,0
15986,61,14,30,0
15987,61,14,30,0
15988,61,14,30,0
15989,61,14,30,0
15990,61,14,30,0
15991,61,14,30,0
15992,61,14,30,0
15993,61,14,30,0
15994,61,14,30,0
15995,61,14,30,0
15996,61,14,30,0
15997,61,14,30,0
15998,61,14,30,0
15999,61,14,30,0
16000,61,14,30,0
16001,61,14,30,0
16002,61,14,30,0
16003,61,14,30,0
16004,61,14,30,0
16005,61,14,30,0
16006,61,14,30,0
16007,61,14,30,0
16008,61,14,30,0
16009,61,14,30,0
16010,61,14,30,0
16011,61,14,30,0
16012,61,14,30,0
16013,61,14,30,0
16014,61,14,30,0
16015,61,14,30,0
16016,61,14,30,0
16017,61,14,30,0
16018,61,14,30,0
16019,61,14,30,0
16020,61,14,30,0
16021,61,14,30,0
16022,61,14,30,0
16023,61,14,30,0
16024,61,14,30,0
16025,61,14,30,0
16026,61,14,30,0
16027,61,14,30,0
16028,61,14,30,0
16029,61,14,30,0
16030,61,14,30,0
16031,61,14,30,0
16032,61,14,30,0
16033,61,14,30,0
16034,61,14,30,0
16035,61,14,30,0
16036,61,14,30,0
16037,61,14,30,0
16038,61,14,30,0
16039,61,14,30,0
16040,61,14,30,0
16041,61,14,30,0
16042,61,14,30,0
16043,61,14,30,0
16044,61,14,30,0
16045,61,14,30,0
16046,61,14,30,0
16047,61,14,30,0
16048,61,14,30,0
16049,61,14,30,0
16050,61,14,30,0
16051,61,14,30,0
16052,61,14,30,0
16053,61,14,30,0
16054,61,14,30,0
16055,61,14,30,0
16056,61,14,30,0
16057,61,14,30,0
16058,61,14,30,0
16059,61,14,30,0
16060,61,14,30,0
16061,61,14,30,0
16062,61,14,30,0
16063,61,14,30,0
16064,61,14,30,0
16065,61,14,30,0
16066,61,14,30,0
16067,61,14,30,0
16068,61,14,30,0
16069,61,14,30,0
16070,61,14,30,0
16071,61,14,30,0
16072,61,14,30,0
16073,61,14,30,0
16074,61,14,30,0
16075,61,14,30,0
16076,61,14,30,0
16077,61,14,30,0
16078,61,14,30,0
16079,61,14,30,0
16080,61,14,30,0
16081,61,14,30,0
16082,61,14,30,0
16083,61,14,30,0
16084,61,14,30,0
16085,61,14,30,0
16086,61,14,30,0
16087,61,14,30,0
16088,61,14,30,0
16089,61,14,30,0
16090,61,14,30,0
16091,61,14,30,0
16092,61,14,30,0
16093,61,14,30,0
16094,61,14,30,0
16095,61,14,30,0
16096,61,14,30,0
16097,61,14,30,0
16098,61,14,30,0
16099,61,14,30,0
16100,61,14,30,0
16101,61,14,30,0
16102,61,14,30,0
16103,61,14,30,0
16104,61,14,30,0
16105,61,14,30,0
16106,61,14,30,0
16107,61,14,30,0
16108,61,14,30,0
16109,61,14,30,0
16110,61,14,30,0
16111,61,14,30,0
16112,61,14,30,0
16113,61,14,30,0
16114,61,14,30,0
16115,61,14,30,0
16116,61,14,30,0
16117,61,14,30,0
16118,61,14,30,0
16119,61,14,30,0
16120,61,14,30,0
16121,61,14,30,0
16122,61,14,30,0
16123,61,14,30,0
16124,61,14,30,0
16125,61,14,30,0
16126,61,14,30,0
16127,61,14,30,0
16128,61,14,30,0
16129,61,14,30,0
16130,61,14,30,0
16131,61,14,30,0
16132,61,14,30,0
16133,61,14,30,0
16134,61,14,30,0
16135,61,14,30,0
16136,61,14,30,0
16137,61,14,30,0
16138,61,14,30,0
16139,61,14,30,0
16140,61,14,30,0
16141,61,14,30,0
16142,61,14,30,0
16143,61,14,30,0
16144,61,14,30,0
16145,61,14,30,0
16146,61,14,30,0
16147,61,14,30,0
16148,61,14,30,0
16149,61,14,30,0
16150,61,14,30,0
16151,61,14,30,0
16152,61,14,30,0
16153,61,14,30,0
16154,61,14,30,0
16155,61,14,30,0
16156,61,14,30,0
16157,61,14,30,0
16158,61,14,30,0
16159,61,14,30,0
16160,61,14,30,0
16161,61,14,30,0
16162,61,14,30,0
16163,61,14,30,0
16164,61,14,30,0
16165,61,14,30,0
16166,61,14,30,0
16167,61,14,30,0
16168,61,14,30,0
16169,61,14,30,0
16170,61,14,30,0
16171,61,14,30,0
16172,61,14,30,0
16173,61,14,30,0
16174,61,14,30,0
16175,61,14,30,0
16176,61,14,30,0
16177,61,14,30,0
16178,61,14,30,0
16179,61,14,30,0
16180,61,14,30,0
16181,61,14,30,0
16182,61,14,30,0
16183,61,14,30,0
16184,61,14,30,0
16185,61,14,30,0
16186,61,14,30,0
16187,61,14,30,0
16188,61,14,30,0
16189,61,14,30,0
16190,61,14,30,0
16191,61,14,30,0
16192,61,14,30,0
16193,61,14,30,0
16194,61,14,30,0
16195,61,14,30,0
16196,61,14,30,0
16197,61,14,30,0
16198,61,14,30,0
16199,61,14,30,0
16200,61,14,30,0
16201,61,14,30,0
16202,61,14,30,0
16203,61,14,30,0
16204,61,14,30,0
16205,61,14,30,0
16206,61,14,30,0
16207,61,14,30,0
16208,61,14,30,0
16209,61,14,30,0
16210,61,14,30,0
16211,61,14,30,0
16212,61,14,30,0
16213,61,14,30,0
16214,61,14,30,0
16215,61,14,30,0
16216,61,14,30,0
16217,61,14,30,0
16218,61,14,30,0
16219,61,14,30,0
16220,61,14,30,0
16221,61,14,30,0
16222,61,14,30,0
16223,61,14,30,0
16224,61,14,30,0
16225,61,14,30,0
16226,61,14,30,0
16227,61,14,30,0
16228,61,14,30,0
16229,61,14,30,0
16230,61,14,30,0
16231,61,14,30,0
16232,61,14,30,0
16233,61,14,30,0
16234,61,14,30,0
16235,61,14,30,0
16236,61,14,30,0
16237,61,14,30,0
16238,61,14,30,0
16239,61,14,30,0
16240,61,14,30,0
16241,61,14,30,0
16242,61,14,30,0
16243,61,14,30,0
16244,61,14,30,0
16245,61,14,30,0
16246,61,14,30,0
16247,61,14,30,0
16248,61,14,30,0
16249,61,14,30,0
16250,61,14,30,0
16251,61,14,30,0
16252,61,14,30,0
16253,61,14,30,0
16254,61,14,30,0
16255,61,14,30,0
16256,61,14,30,0
16257,61,14,30,0
16258,61,14,30,0
16259,61,14,30,0
16260,61,14,30,0
16261,61,14,30,0
16262,61,14,30,0
16263,61,14,30,0
16264,61,14,30,0
16265,61,14,30,0
16266,61,14,30,0
16267,61,14,30,0
16268,61,14,30,0
16269,61,14,30,0
16270,61,14,30,0
16271,61,14,30,0
16272,61,14,30,0
16273,61,14,30,0
16274,61,14,30,0
16275,61,14,30,0
16276,61,14,30,0
16277,61,14,30,0
16278,61,14,30,0
16279,61,14,30,0
16280,61,14,30,0
16281,61,14,30,0
16282,61,14,30,0
16283,61,14,30,0
16284,61,14,30,0
16285,61,14,30,0
16286,61,14,30,0
16287,61,14,30,0
16288,61,14,30,0
16289,61,14,30,0
16290,61,14,30,0
16291,61,14,30,0
16292,61,14,30,0
16293,61,14,30,0
16294,61,14,30,0
16295,61,14,30,0
16296,61,14,30,0
16297,61,14,30,0
16298,61,14,30,0
16299,61,14,30,0
16300,61,14,30,0
16301,61,14,30,0
16302,61,14,30,0
16303,61,14,30,0
16304,61,14,30,0
16305,61,14,30,0
16306,61,14,30,0
16307,61,14,30,0
16308,61,14,30,0
16309,61,14,30,0
16310,61,14,30,0
16311,61,14,30,0
16312,61,14,30,0
16313,61,14,30,0
16314,61,14,30,0
16315,61,14,30,0
16316,61,14,30,0
16317,61,14,30,0
16318,61,14,30,0
16319,61,14,30,0
16320,61,14,30,0
16321,61,14,30,0
16322,61,14,30,0
16323,61,14,30,0
16324,61,14,30,0
16325,61,14,30,0
16326,61,14,30,0
16327,61,14,30,0
16328,61,14,30,0
16329,61,14,30,0
16330,61,14,30,0
16331,61,14,30,0
16332,61,14,30,0
16333,61,14,30,0
16334,61,14,30,0
16335,61,14,30,0
16336,61,14,30,0
16337,61,14,30,0
16338,61,14,30,0
16339,61,14,30,0
16340,61,14,30,0
16341,61,14,30,0
16342,61,14,30,0
16343,61,14,30,0
16344,61,14,30,0
16345,61,14,30,0
16346,61,14,30,0
16347,61,14,30,0
16348,61,14,30,0
16349,61,14,30,0
16350,61,14,30,0
16351,61,14,30,0
16352,61,14,30,0
16353,61,14,30,0
16354,61,14,30,0
16355,61,14,30,0
16356,61,14,30,0
16357,61,14,30,0
16358,61,14,30,0
16359,61,14,30,0
16360,61,14,30,0
16361,61,14,30,0
16362,61,14,30,0
16363,61,14,30,0
16364,61,14,30,0
16365,61,14,30,0
16366,61,14,30,0
16367,61,14,30,0
16368,61,14,30,0
16369,61,14,30,0
16370,61,14,30,0
16371,61,14,30,0
16372,61,14,30,0
16373,61,14,30,0
16374,61,14,30,0
16375,61,14,30,0
16376,61,14,30,0
16377,61,14,30,0
16378,61,14,30,0
16379,61,14,30,0
16380,61,14,30,0
16381,61,14,30,0
16382,61,14,30,0
16383,61,14,30,0
16384,61,14,30,0
16385,61,14,30,0
16386,61,14,30,0
16387,61,14,30,0
16388,61,14,30,0
16389,61,14,30,0
16390,61,14,30,0
16391,61,14,30,0
16392,61,14,30,0
16393,61,14,30,0
16394,61,14,30,0
16395,61,14,30,0
16396,61,14,30,0
16397,61,14,30,0
16398,61,14,30,0
16399,61,14,30,0
16400,61,14,30,0
16401,61,14,30,0
16402,61,14,30,0
16403,61,14,30,0
16404,61,14,30,0
16405,61,14,30,0
16406,61,14,30,0
16407,61,14,30,0
16408,61,14,30,0
16409,61,14,30,0
16410,61,14,30,0
16411,61,14,30,0
16412,61,14,30,0
16413,61,14,30,0
16414,61,14,30,0
16415,61,14,30,0
16416,61,14,30,0
16417,61,14,30,0
16418,61,14,30,0
16419,61,14,30,0
16420,61,14,30,0
16421,61,14,30,0
16422,61,14,30,0
16423,61,14,30,0
16424,61,14,30,0
16425,61,14,30,0
16426,61,14,30,0
16427,61,14,30,0
16428,61,14,30,0
16429,61,14,30,0
16430,61,14,30,0
16431,61,14,30,0
16432,61,14,30,0
16433,61,14,30,0
16434,61,14,30,0
16435,61,14,30,0
16436,61,14,30,0
16437,61,14,30,0
16438,61,14,30,0
16439,61,14,30,0
16440,61,14,30,0
16441,61,14,30,0
16442,61,14,30,0
16443,61,14,30,0
16444,61,14,30,0
16445,61,14,30,0
16446,61,14,30,0
16447,61,14,30,0
16448,61,14,30,0
16449,61,14,30,0
16450,61,14,30,0
16451,61,14,30,0
16452,61,14,30,0
16453,61,14,30,0
16454,61,14,30,0
16455,61,14,30,0
16456,61,14,30,0
16457,61,14,30,0
16458,61,14,30,0
16459,61,14,30,0
16460,61,14,30,0
16461,61,14,30,0
16462,61,14,30,0
16463,61,14,30,0
16464,61,14,30,0
16465,61,14,30,0
16466,61,14,30,0
16467,61,14,30,0
16468,61,14,30,0
16469,61,14,30,0
16470,61,14,30,0
16471,61,14,30,0
16472,61,14,30,0
16473,61,14,30,0
16474,61,14,30,0
16475,61,14,30,0
16476,61,14,30,0
16477,61,14,30,0
16478,61,14,30,0
16479,61,14,30,0
16480,61,14,30,0
16481,61,14,30,0
16482,61,14,30,0
16483,61,14,30,0
16484,61,14,30,0
16485,61,14,30,0
16486,61,14,30,0
16487,61,14,30,0
16488,61,14,30,0
16489,61,14,30,0
16490,61,14,30,0
16491,61,14,30,0
16492,61,14,30,0
16493,61,14,30,0
16494,61,14,30,0
16495,61,14,30,0
16496,61,14,30,0
16497,61,14,30,0
16498,61,14,30,0
16499,61,14,30,0
16500,61,14,30,0
16501,61,14,30,0
16502,61,14,30,0
16503,61,14,30,0
16504,61,14,30,0
16505,61,14,30,0
16506,61,14,30,0
16507,61,14,30,0
16508,61,14,30,0
16509,61,14,30,0
16510,61,14,30,0
16511,61,14,30,0
16512,61,14,30,0
16513,61,14,30,0
16514,61,14,30,0
16515,61,14,30,0
16516,61,14,30,0
16517,61,14,30,0
16518,61,14,30,0
16519,61,14,30,0
16520,61,14,30,0
16521,61,14,30,0
16522,61,14,30,0
16523,61,14,30,0
16524,61,14,30,0
16525,61,14,30,0
16526,61,14,30,0
16527,61,14,30,0
16528,61,14,30,0
16529,61,14,30,0
16530,61,14,30,0
16531,61,14,30,0
16532,61,14,30,0
16533,61,14,30,0
16534,61,14,30,0
16535,61,14,30,0
16536,61,14,30,0
16537,61,14,30,0
16538,61,14,30,0
16539,61,14,30,0
16540,61,14,30,0
16541,61,14,30,0
16542,61,14,30,0
16543,61,14,30,0
16544,61,14,30,0
16545,61,14,30,0
16546,61,14,30,0
16547,61,14,30,0
16548,61,14,30,0
16549,61,14,30,0
16550,61,14,30,0
16551,61,14,30,0
16552,61,14,30,0
16553,61,14,30,0
16554,61,14,30,0
16555,61,14,30,0
16556,61,14,30,0
16557,61,14,30,0
16558,61,14,30,0
16559,61,14,30,0
16560,61,14,30,0
16561,61,14,30,0
16562,61,14,30,0
16563,61,14,30,0
16564,61,14,30,0
16565,61,14,30,0
16566,61,14,30,0
16567,61,14,30,0
16568,61,14,30,0
16569,61,14,30,0
16570,61,14,30,0
16571,61,14,30,0
16572,61,14,30,0
16573,61,14,30,0
16574,61,14,30,0
16575,61,14,30,0
16576,61,14,30,0
16577,61,14,30,0
16578,61,14,30,0
16579,61,14,30,0
16580,61,14,30,0
16581,61,14,30,0
16582,61,14,30,0
16583,61,14,30,0
16584,61,14,30,0
16585,61,14,30,0
16586,61,14,30,0
16587,61,14,30,0
16588,61,14,30,0
16589,61,14,30,0
16590,61,14,30,0
16591,61,14,30,0
16592,61,14,30,0
16593,61,14,30,0
16594,61,14,30,0
16595,61,14,30,0
16596,61,14,30,0
16597,61,14,30,0
16598,61,14,30,0
16599,61,14,30,0
16600,61,14,30,0
16601,61,14,30,0
16602,61,14,30,0
16603,61,14,30,0
16604,61,14,30,0
16605,61,14,30,0
16606,61,14,30,0
16607,61,14,30,0
16608,61,14,30,0
16609,61,14,30,0
16610,61,14,30,0
16611,61,14,30,0
16612,61,14,30,0
16613,61,14,30,0
16614,61,14,30,0
16615,61,14,30,0
16616,61,14,30,0
16617,61,14,30,0
16618,61,14,30,0
16619,61,14,30,0
16620,61,14,30,0
16621,61,14,30,0
16622,61,14,30,0
16623,61,14,30,0
16624,61,14,30,0
16625,61,14,30,0
16626,61,14,30,0
16627,61,14,30,0
16628,61,14,30,0
16629,61,14,30,0
16630,61,14,30,0
16631,61,14,30,0
16632,61,14,30,0
16633,61,14,30,0
16634,61,14,30,0
16635,61,14,30,0
16636,61,14,30,0
16637,61,14,30,0
16638,61,14,30,0
16639,61,14,30,0
16640,61,14,30,0
16641,61,14,30,0
16642,61,14,30,0
16643,61,14,30,0
16644,61,14,30,0
16645,61,14,30,0
16646,61,14,30,0
16647,61,14,30,0
16648,61,14,30,0
16649,61,14,30,0
16650,61,14,30,0
16651,61,14,30,0
16652,61,14,30,0
16653,61,14,30,0
16654,61,14,30,0
16655,61,14,30,0
16656,61,14,30,0
16657,61,14,30,0
16658,61,14,30,0
16659,61,14,30,0
16660,61,14,30,0
16661,61,14,30,0
16662,61,14,30,0
16663,61,14,30,0
16664,61,14,30,0
16665,61,14,30,0
16666,61,14,30,0
16667,61,14,30,0
16668,61,14,30,0
16669,61,14,30,0
16670,61,14,30,0
16671,61,14,30,0
16672,61,14,30,0
16673,61,14,30,0
16674,61,14,30,0
16675,61,14,30,0
16676,61,14,30,0
16677,61,14,30,0
16678,61,14,30,0
16679,61,14,30,0
16680,61,14,30,0
16681,61,14,30,0
16682,61,14,30,0
16683,61,14,30,0
16684,61,14,30,0
16685,61,14,30,0
16686,61,14,30,0
16687,61,14,30,0
16688,61,14,30,0
16689,61,14,30,0
16690,61,14,30,0
16691,61,14,30,0
16692,61,14,30,0
16693,61,14,30,0
16694,61,14,30,0
16695,61,14,30,0
16696,61,14,30,0
16697,61,14,30,0
16698,61,14,30,0
16699,61,14,30,0
16700,61,14,30,0
16701,61,14,30,0
16702,61,14,30,0
16703,61,14,30,0
16704,61,14,30,0
16705,61,14,30,0
16706,61,14,30,0
16707,61,14,30,0
16708,61,14,30,0
16709,61,14,30,0
16710,61,14,30,0
16711,61,14,30,0
16712,61,14,30,0
16713,61,14,30,0
16714,61,14,30,0
16715,61,14,30,0
16716,61,14,30,0
16717,61,14,30,0
16718,61,14,30,0
16719,61,14,30,0
16720,61,14,30,0
16721,61,14,30,0
16722,61,14,30,0
16723,61,14,30,0
16724,61,14,30,0
16725,61,14,30,0
16726,61,14,30,0
16727,61,14,30,0
16728,61,14,30,0
16729,61,14,30,0
16730,61,14,30,0
16731,61,14,30,0
16732,61,14,30,0
16733,61,14,30,0
16734,61,14,30,0
16735,61,14,30,0
16736,61,14,30,0
16737,61,14,30,0
16738,61,14,30,0
16739,61,14,30,0
16740,61,14,30,0
16741,61,14,30,0
16742,61,14,30,0
16743,61,14,30,0
16744,61,14,30,0
16745,61,14,30,0
16746,61,14,30,0
16747,61,14,30,0
16748,61,14,30,0
16749,61,14,30,0
16750,61,14,30,0
16751,61,14,30,0
16752,61,14,30,0
16753,61,14,30,0
16754,61,14,30,0
16755,61,14,30,0
16756,61,14,30,0
16757,61,14,30,0
16758,61,14,30,0
16759,61,14,30,0
16760,61,14,30,0
16761,61,14,30,0
16762,61,14,30,0
16763,61,14,30,0
16764,61,14,30,0
16765,61,14,30,0
16766,61,14,30,0
16767,61,14,30,0
16768,61,14,30,0
16769,61,14,30,0
16770,61,14,30,0
16771,61,14,30,0
16772,61,14,30,0
16773,61,14,30,0
16774,61,14,30,0
16775,61,14,30,0
16776,61,14,30,0
16777,61,14,30,0
16778,61,14,30,0
16779,61,14,30,0
16780,61,14,30,0
16781,61,14,30,0
16782,61,14,30,0
16783,61,14,30,0
16784,61,14,30,0
16785,61,14,30,0
16786,61,14,30,0
16787,61,14,30,0
16788,61,14,30,0
16789,61,14,30,0
16790,61,14,30,0
16791,61,14,30,0
16792,61,14,30,0
16793,61,14,30,0
16794,61,14,30,0
16795,61,14,30,0
16796,61,14,30,0
16797,61,14,30,0
16798,61,14,30,0
16799,61,14,30,0
16800,61,14,30,0
16801,61,14,30,0
16802,61,14,30,0
16803,61,14,30,0
16804,61,14,30,0
16805,61,14,30,0
16806,61,14,30,0
16807,61,14,30,0
16808,61,14,30,0
16809,61,14,30,0
16810,61,14,30,0
16811,61,14,30,0
16812,61,14,30,0
16813,61,14,30,0
16814,61,14,30,0
16815,61,14,30,0
16816,61,14,30,0
16817,61,14,30,0
16818,61,14,30,0
16819,61,14,30,0
16820,61,14,30,0
16821,61,14,30,0
16822,61,14,30,0
16823,61,14,30,0
16824,61,14,30,0
16825,61,14,30,0
16826,61,14,30,0
16827,61,14,30,0
16828,61,14,30,0
16829,61,14,30,0
16830,61,14,30,0
16831,61,14,30,0
16832,61,14,30,0
16833,61,14,30,0
16834,61,14,30,0
16835,61,14,30,0
16836,61,14,30,0
16837,61,14,30,0
16838,61,14,30,0
16839,61,14,30,0
16840,61,14,30,0
16841,61,14,30,0
16842,61,14,30,0
16843,61,14,30,0
16844,61,14,30,0
16845,61,14,30,0
16846,61,14,30,0
16847,61,14,30,0
16848,61,14,30,0
16849,61,14,30,0
16850,61,14,30,0
16851,61,14,30,0
16852,61,14,30,0
16853,61,14,30,0
16854,61,14,30,0
16855,61,14,30,0
16856,61,14,30,0
16857,61,14,30,0
16858,61,14,30,0
16859,61,14,30,0
16860,61,14,30,0
16861,61,14,30,0
16862,61,14,30,0
16863,61,14,30,0
16864,61,14,30,0
16865,61,14,30,0
16866,61,14,30,0
16867,61,14,30,0
16868,61,14,30,0
16869,61,14,30,0
16870,61,14,30,0
16871,61,14,30,0
16872,61,14,30,0
16873,61,14,30,0
16874,61,14,30,0
16875,61,14,30,0
16876,61,14,30,0
16877,61,14,30,0
16878,61,14,30,0
16879,61,14,30,0
16880,61,14,30,0
16881,61,14,30,0
16882,61,14,30,0
16883,61,14,30,0
16884,61,14,30,0
16885,61,14,30,0
16886,61,14,30,0
16887,61,14,30,0
16888,61,14,30,0
16889,61,14,30,0
16890,61,14,30,0
16891,61,14,30,0
16892,61,14,30,0
16893,61,14,30,0
16894,61,14,30,0
16895,61,14,30,0
16896,61,14,30,0
16897,61,14,30,0
16898,61,14,30,0
16899,61,14,30,0
16900,61,14,30,0
16901,61,14,30,0
16902,61,14,30,0
16903,61,14,30,0
16904,61,14,30,0
16905,61,14,30,0
16906,61,14,30,0
16907,61,14,30,0
16908,61,14,30,0
16909,61,14,30,0
16910,61,14,30,0
16911,61,14,30,0
16912,61,14,30,0
16913,61,14,30,0
16914,61,14,30,0
16915,61,14,30,0
16916,61,14,30,0
16917,61,14,30,0
16918,61,14,30,0
16919,61,14,30,0
16920,61,14,30,0
16921,61,14,30,0
16922,61,14,30,0
16923,61,14,30,0
16924,61,14,30,0
16925,61,14,30,0
16926,61,14,30,0
16927,61,14,30,0
16928,61,14,30,0
16929,61,14,30,0
16930,61,14,30,0
16931,61,14,30,0
16932,61,14,30,0
16933,61,14,30,0
16934,61,14,30,0
16935,61,14,30,0
16936,61,14,30,0
16937,61,14,30,0
16938,61,14,30,0
16939,61,14,30,0
16940,61,14,30,0
16941,61,14,30,0
16942,61,14,30,0
16943,61,14,30,0
16944,61,14,30,0
16945,61,14,30,0
16946,61,14,30,0
16947,61,14,30,0
16948,61,14,30,0
16949,61,14,30,0
16950,61,14,30,0
16951,61,14,30,0
16952,61,14,30,0
16953,61,14,30,0
16954,61,14,30,0
16955,61,14,30,0
16956,61,14,30,0
16957,61,14,30,0
16958,61,14,30,0
16959,61,14,30,0
16960,61,14,30,0
16961,61,14,30,0
16962,61,14,30,0
16963,61,14,30,0
16964,61,14,30,0
16965,61,14,30,0
16966,61,14,30,0
16967,61,14,30,0
16968,61,14,30,0
16969,61,14,30,0
16970,61,14,30,0
16971,61,14,30,0
16972,61,14,30,0
16973,61,14,30,0
16974,61,14,30,0
16975,61,14,30,0
16976,61,14,30,0
16977,61,14,30,0
16978,61,14,30,0
16979,61,14,30,0
16980,61,14,30,0
16981,61,14,30,0
16982,61,14,30,0
16983,61,14,30,0
16984,61,14,30,0
16985,61,14,30,0
16986,61,14,30,0
16987,61,14,30,0
16988,61,14,30,0
16989,61,14,30,0
16990,61,14,30,0
16991,61,14,30,0
16992,61,14,30,0
16993,61,14,30,0
16994,61,14,30,0
16995,61,14,30,0
16996,61,14,30,0
16997,61,14,30,0
16998,61,14,30,0
16999,61,14,30,0
17000,61,14,30,0
17001,61,14,30,0
17002,61,14,30,0
17003,61,14,30,0
17004,61,14,30,0
17005,61,14,30,0
17006,61,14,30,0
17007,61,14,30,0
17008,61,14,30,0
17009,61,14,30,0
17010,61,14,30,0
17011,61,14,30,0
17012,61,14,30,0
17013,61,14,30,0
17014,61,14,30,0
17015,61,14,30,0
17016,61,14,30,0
17017,61,14,30,0
17018,61,14,30,0
17019,61,14,30,0
17020,61,14,30,0
17021,61,14,30,0
17022,61,14,30,0
17023,61,14,30,0
17024,61,14,30,0
17025,61,14,30,0
17026,61,14,30,0
17027,61,14,30,0
17028,61,14,30,0
17029,61,14,30,0
17030,61,14,30,0
17031,61,14,30,0
17032,61,14,30,0
17033,61,14,30,0
17034,61,14,30,0
17035,61,14,30,0
17036,61,14,30,0
17037,61,14,30,0
17038,61,14,30,0
17039,61,14,30,0
17040,61,14,30,0
17041,61,14,30,0
17042,61,14,30,0
17043,61,14,30,0
17044,61,14,30,0
17045,61,14,30,0
17046,61,14,30,0
17047,61,14,30,0
17048,61,14,30,0
17049,61,14,30,0
17050,61,14,30,0
17051,61,14,30,0
17052,61,14,30,0
17053,61,14,30,0
17054,61,14,30,0
17055,61,14,30,0
17056,61,14,30,0
17057,61,14,30,0
17058,61,14,30,0
17059,61,14,30,0
17060,61,14,30,0
17061,61,14,30,0
17062,61,14,30,0
17063,61,14,30,0
17064,61,14,30,0
17065,61,14,30,0
17066,61,14,30,0
17067,61,14,30,0
17068,61,14,30,0
17069,61,14,30,0
17070,61,14,30,0
17071,61,14,30,0
17072,61,14,30,0
17073,61,14,30,0
17074,61,14,30,0
17075,61,14,30,0
17076,61,14,30,0
17077,61,14,30,0
17078,61,14,30,0
17079,61,14,30,0
17080,61,14,30,0
17081,61,14,30,0
17082,61,14,30,0
17083,61,14,30,0
17084,61,14,30,0
17085,61,14,30,0
17086,61,14,30,0
17087,61,14,30,0
17088,61,14,30,0
17089,61,14,30,0
17090,61,14,30,0
17091,61,14,30,0
17092,61,14,30,0
17093,61,14,30,0
17094,61,14,30,0
17095,61,14,30,0
17096,61,14,30,0
17097,61,14,30,0
17098,61,14,30,0
17099,61,14,30,0
17100,61,14,30,0
17101,61,14,30,0
17102,61,14,30,0
17103,61,14,30,0
17104,61,14,30,0
17105,61,14,30,0
17106,61,14,30,0
17107,61,14,30,0
17108,61,14,30,0
17109,61,14,30,0
17110,61,14,30,0
17111,61,14,30,0
17112,61,14,30,0
17113,61,14,30,0
17114,61,14,30,0
17115,61,14,30,0
17116,61,14,30,0
17117,61,14,30,0
17118,61,14,30,0
17119,61,14,30,0
17120,61,14,30,0
17121,61,14,30,0
17122,61,14,30,0
17123,61,14,30,0
17124,61,14,30,0
17125,61,14,30,0
17126,61,14,30,0
17127,61,14,30,0
17128,61,14,30,0
17129,61,14,30,0
17130,61,14,30,0
17131,61,14,30,0
17132,61,14,30,0
17133,61,14,30,0
17134,61,14,30,0
17135,61,14,30,0
17136,61,14,30,0
17137,61,14,30,0
17138,61,14,30,0
17139,61,14,30,0
17140,61,14,30,0
17141,61,14,30,0
17142,61,14,30,0
17143,61,14,30,0
17144,61,14,30,0
17145,61,14,30,0
17146,61,14,30,0
17147,61,14,30,0
17148,61,14,30,0
17149,61,14,30,0
17150,61,14,30,0
17151,61,14,30,0
17152,61,14,30,0
17153,61,14,30,0
17154,61,14,30,0
17155,61,14,30,0
17156,61,14,30,0
17157,61,14,30,0
17158,61,14,30,0
17159,61,14,30,0
17160,61,14,30,0
17161,61,14,30,0
17162,61,14,30,0
17163,61,14,30,0
17164,61,14,30,0
17165,61,14,30,0
17166,61,14,30,0
17167,61,14,30,0
17168,61,14,30,0
17169,61,14,30,0
17170,61,14,30,0
17171,61,14,30,0
17172,61,14,30,0
17173,61,14,30,0
17174,61,14,30,0
17175,61,14,30,0
17176,61,14,30,0
17177,61,14,30,0
17178,61,14,30,0
17179,61,14,30,0
17180,61,14,30,0
17181,61,14,30,0
17182,61,14,30,0
17183,61,14,30,0
17184,61,14,30,0
17185,61,14,30,0
17186,61,14,30,0
17187,61,14,30,0
17188,61,14,30,0
17189,61,14,30,0
17190,61,14,30,0
17191,61,14,30,0
17192,61,14,30,0
17193,61,14,30,0
17194,61,14,30,0
17195,61,14,30,0
17196,61,14,30,0
17197,61,14,30,0
17198,61,14,30,0
17199,61,14,30,0
17200,61,14,30,0
17201,61,14,30,0
17202,61,14,30,0
17203,61,14,30,0
17204,61,14,30,0
17205,61,14,30,0
17206,61,14,30,0
17207,61,14,30,0
17208,61,14,30,0
17209,61,14,30,0
17210,61,14,30,0
17211,61,14,30,0
17212,61,14,30,0
17213,61,14,30,0
17214,61,14,30,0
17215,61,14,30,0
17216,61,14,30,0
17217,61,14,30,0
17218,61,14,30,0
17219,61,14,30,0
17220,61,14,30,0
17221,61,14,30,0
17222,61,14,30,0
17223,61,14,30,0
17224,61,14,30,0
17225,61,14,30,0
17226,61,14,30,0
17227,61,14,30,0
17228,61,14,30,0
17229,61,14,30,0
17230,61,14,30,0
17231,61,14,30,0
17232,61,14,30,0
17233,61,14,30,0
17234,61,14,30,0
17235,61,14,30,0
17236,61,14,30,0
17237,61,14,30,0
17238,61,14,30,0
17239,61,14,30,0
17240,61,14,30,0
17241,61,14,30,0
17242,61,14,30,0
17243,61,14,30,0
17244,61,14,30,0
17245,61,14,30,0
17246,61,14,30,0
17247,61,14,30,0
17248,61,14,30,0
17249,61,14,30,0
17250,61,14,30,0
17251,61,14,30,0
17252,61,14,30,0
17253,61,14,30,0
17254,61,14,30,0
17255,61,14,30,0
17256,61,14,30,0
17257,61,14,30,0
17258,61,14,30,0
17259,61,14,30,0
17260,61,14,30,0
17261,61,14,30,0
17262,61,14,30,0
17263,61,14,30,0
17264,61,14,30,0
17265,61,14,30,0
17266,61,14,30,0
17267,61,14,30,0
17268,61,14,30,0
17269,61,14,30,0
17270,61,14,30,0
17271,61,14,30,0
17272,61,14,30,0
17273,61,14,30,0
17274,61,14,30,0
17275,61,14,30,0
17276,61,14,30,0
17277,61,14,30,0
17278,61,14,30,0
17279,61,14,30,0
17280,61,14,30,0
17281,61,14,30,0
17282,61,14,30,0
17283,61,14,30,0
17284,61,14,30,0
17285,61,14,30,0
17286,61,14,30,0
17287,61,14,30,0
17288,61,14,30,0
17289,61,14,30,0
17290,61,14,30,0
17291,61,14,30,0
17292,61,14,30,0
17293,61,14,30,0
17294,61,14,30,0
17295,61,14,30,0
17296,61,14,30,0
17297,61,14,30,0
17298,61,14,30,0
17299,61,14,30,0
17300,61,14,30,0
17301,61,14,30,0
17302,61,14,30,0
17303,61,14,30,0
17304,61,14,30,0
17305,61,14,30,0
17306,61,14,30,0
17307,61,14,30,0
17308,61,14,30,0
17309,61,14,30,0
17310,61,14,30,0
17311,61,14,30,0
17312,61,14,30,0
17313,61,14,30,0
17314,61,14,30,0
17315,61,14,30,0
17316,61,14,30,0
17317,61,14,30,0
17318,61,14,30,0
17319,61,14,30,0
17320,61,14,30,0
17321,61,14,30,0
17322,61,14,30,0
17323,61,14,30,0
17324,61,14,30,0
17325,61,14,30,0
17326,61,14,30,0
17327,61,14,30,0
17328,61,14,30,0
17329,61,14,30,0
17330,61,14,30,0
17331,61,14,30,0
17332,61,14,30,0
17333,61,14,30,0
17334,61,14,30,0
17335,61,14,30,0
17336,61,14,30,0
17337,61,14,30,0
17338,61,14,30,0
17339,61,14,30,0
17340,61,14,30,0
17341,61,14,30,0
17342,61,14,30,0
17343,61,14,30,0
17344,61,14,30,0
17345,61,14,30,0
17346,61,14,30,0
17347,61,14,30,0
17348,61,14,30,0
17349,61,14,30,0
17350,61,14,30,0
17351,61,14,30,0
17352,61,14,30,0
17353,61,14,30,0
17354,61,14,30,0
17355,61,14,30,0
17356,61,14,30,0
17357,61,14,30,0
17358,61,14,30,0
17359,61,14,30,0
17360,61,14,30,0
17361,61,14,30,0
17362,61,14,30,0
17363,61,14,30,0
17364,61,14,30,0
17365,61,14,30,0
17366,61,14,30,0
17367,61,14,30,0
17368,61,14,30,0
17369,61,14,30,0
17370,61,14,30,0
17371,61,14,30,0
17372,61,14,30,0
17373,61,14,30,0
17374,61,14,30,0
17375,61,14,30,0
17376,61,14,30,0
17377,61,14,30,0
17378,61,14,30,0
17379,61,14,30,0
17380,61,14,30,0
17381,61,14,30,0
17382,61,14,30,0
17383,61,14,30,0
17384,61,14,30,0
17385,61,14,30,0
17386,61,14,30,0
17387,61,14,30,0
17388,61,14,30,0
17389,61,14,30,0
17390,61,14,30,0
17391,61,14,30,0
17392,61,14,30,0
17393,61,14,30,0
17394,61,14,30,0
17395,61,14,30,0
17396,61,14,30,0
17397,61,14,30,0
17398,61,14,30,0
17399,61,14,30,0
17400,61,14,30,0
17401,61,14,30,0
17402,61,14,30,0
17403,61,14,30,0
17404,61,14,30,0
17405,61,14,30,0
17406,61,14,30,0
17407,61,14,30,0
17408,61,14,30,0
17409,61,14,30,0
17410,61,14,30,0
17411,61,14,30,0
17412,61,14,30,0
17413,61,14,30,0
17414,61,14,30,0
17415,61,14,30,0
17416,61,14,30,0
17417,61,14,30,0
17418,61,14,30,0
17419,61,14,30,0
17420,61,14,30,0
17421,61,14,30,0
17422,61,14,30,0
17423,61,14,30,0
17424,61,14,30,0
17425,61,14,30,0
17426,61,14,30,0
17427,61,14,30,0
17428,61,14,30,0
17429,61,14,30,0
17430,61,14,30,0
17431,61,14,30,0
17432,61,14,30,0
17433,61,14,30,0
17434,61,14,30,0
17435,61,14,30,0
17436,61,14,30,0
17437,61,14,30,0
17438,61,14,30,0
17439,61,14,30,0
17440,61,14,30,0
17441,61,14,30,0
17442,61,14,30,0
17443,61,14,30,0
17444,61,14,30,0
17445,61,14,30,0
17446,61,14,30,0
17447,61,14,30,0
17448,61,14,30,0
17449,61,14,30,0
17450,61,14,30,0
17451,61,14,30,0
17452,61,14,30,0
17453,61,14,30,0
17454,61,14,30,0
17455,61,14,30,0
17456,61,14,30,0
17457,61,14,30,0
17458,61,14,30,0
17459,61,14,30,0
17460,61,14,30,0
17461,61,14,30,0
17462,61,14,30,0
17463,61,14,30,0
17464,61,14,30,0
17465,61,14,30,0
17466,61,14,30,0
17467,61,14,30,0
17468,61,14,30,0
17469,61,14,30,0
17470,61,14,30,0
17471,61,14,30,0
17472,61,14,30,0
17473,61,14,30,0
17474,61,14,30,0
17475,61,14,30,0
17476,61,14,30,0
17477,61,14,30,0
17478,61,14,30,0
17479,61,14,30,0
17480,61,14,30,0
17481,61,14,30,0
17482,61,14,30,0
17483,61,14,30,0
17484,61,14,30,0
17485,61,14,30,0
17486,61,14,30,0
17487,61,14,30,0
17488,61,14,30,0
17489,61,14,30,0
17490,61,14,30,0
17491,61,14,30,0
17492,61,14,30,0
17493,61,14,30,0
17494,61,14,30,0
17495,61,14,30,0
17496,61,14,30,0
17497,61,14,30,0
17498,61,14,30,0
17499,61,14,30,0
17500,61,14,30,0
17501,61,14,30,0
17502,61,14,30,0
17503,61,14,30,0
17504,61,14,30,0
17505,61,14,30,0
17506,61,14,30,0
17507,61,14,30,0
17508,61,14,30,0
17509,61,14,30,0
17510,61,14,30,0
17511,61,14,30,0
17512,61,14,30,0
17513,61,14,30,0
17514,61,14,30,0
17515,61,14,30,0
17516,61,14,30,0
17517,61,14,30,0
17518,61,14,30,0
17519,61,14,30,0
17520,61,14,30,0
17521,61,14,30,0
17522,61,14,30,0
17523,61,14,30,0
17524,61,14,30,0
17525,61,14,30,0
17526,61,14,30,0
17527,61,14,30,0
17528,61,14,30,0
17529,61,14,30,0
17530,61,14,30,0
17531,61,14,30,0
17532,61,14,30,0
17533,61,14,30,0
17534,61,14,30,0
17535,61,14,30,0
17536,61,14,30,0
17537,61,14,30,0
17538,61,14,30,0
17539,61,14,30,0
17540,61,14,30,0
17541,61,14,30,0
17542,61,14,30,0
17543,61,14,30,0
17544,61,14,30,0
17545,61,14,30,0
17546,61,14,30,0
17547,61,14,30,0
17548,61,14,30,0
17549,61,14,30,0
17550,61,14,30,0
17551,61,14,30,0
17552,61,14,30,0
17553,61,14,30,0
17554,61,14,30,0
17555,61,14,30,0
17556,61,14,30,0
17557,61,14,30,0
17558,61,14,30,0
17559,61,14,30,0
17560,61,14,30,0
17561,61,14,30,0
17562,61,14,30,0
17563,61,14,30,0
17564,61,14,30,0
17565,61,14,30,0
17566,61,14,30,0
17567,61,14,30,0
17568,61,14,30,0
17569,61,14,30,0
17570,61,14,30,0
17571,61,14,30,0
17572,61,14,30,0
17573,61,14,30,0
17574,61,14,30,0
17575,61,14,30,0
17576,61,14,30,0
17577,61,14,30,0
17578,61,14,30,0
17579,61,14,30,0
17580,61,14,30,0
17581,61,14,30,0
17582,61,14,30,0
17583,61,14,30,0
17584,61,14,30,0
17585,61,14,30,0
17586,61,14,30,0
17587,61,14,30,0
17588,61,14,30,0
17589,61,14,30,0
17590,61,14,30,0
17591,61,14,30,0
17592,61,14,30,0
17593,61,14,30,0
17594,61,14,30,0
17595,61,14,30,0
17596,61,14,30,0
17597,61,14,30,0
17598,61,14,30,0
17599,61,14,30,0
17600,61,14,30,0
17601,61,14,30,0
17602,61,14,30,0
17603,61,14,30,0
17604,61,14,30,0
17605,61,14,30,0
17606,61,14,30,0
17607,61,14,30,0
17608,61,14,30,0
17609,61,14,30,0
17610,61,14,30,0
17611,61,14,30,0
17612,61,14,30,0
17613,61,14,30,0
17614,61,14,30,0
17615,61,14,30,0
17616,61,14,30,0
17617,61,14,30,0
17618,61,14,30,0
17619,61,14,30,0
17620,61,14,30,0
17621,61,14,30,0
17622,61,14,30,0
17623,61,14,30,0
17624,61,14,30,0
17625,61,14,30,0
17626,61,14,30,0
17627,61,14,30,0
17628,61,14,30,0
17629,61,14,30,0
17630,61,14,30,0
17631,61,14,30,0
17632,61,14,30,0
17633,61,14,30,0
17634,61,14,30,0
17635,61,14,30,0
17636,61,14,30,0
17637,61,14,30,0
17638,61,14,30,0
17639,61,14,30,0
17640,61,14,30,0
17641,61,14,30,0
17642,61,14,30,0
17643,61,14,30,0
17644,61,14,30,0
17645,61,14,30,0
17646,61,14,30,0
17647,61,14,30,0
17648,61,14,30,0
17649,61,14,30,0
17650,61,14,30,0
17651,61,14,30,0
17652,61,14,30,0
17653,61,14,30,0
17654,61,14,30,0
17655,61,14,30,0
17656,61,14,30,0
17657,61,14,30,0
17658,61,14,30,0
17659,61,14,30,0
17660,61,14,30,0
17661,61,14,30,0
17662,61,14,30,0
17663,61,14,30,0
17664,61,14,30,0
17665,61,14,30,0
17666,61,14,30,0
17667,61,14,30,0
17668,61,14,30,0
17669,61,14,30,0
17670,61,14,30,0
17671,61,14,30,0
17672,61,14,30,0
17673,61,14,30,0
17674,61,14,30,0
17675,61,14,30,0
17676,61,14,30,0
17677,61,14,30,0
17678,61,14,30,0
17679,61,14,30,0
17680,61,14,30,0
17681,61,14,30,0
17682,61,14,30,0
17683,61,14,30,0
17684,61,14,30,0
17685,61,14,30,0
17686,61,14,30,0
17687,61,14,30,0
17688,61,14,30,0
17689,61,14,30,0
17690,61,14,30,0
17691,61,14,30,0
17692,61,14,30,0
17693,61,14,30,0
17694,61,14,30,0
17695,61,14,30,0
17696,61,14,30,0
17697,61,14,30,0
17698,61,14,30,0
17699,61,14,30,0
17700,61,14,30,0
17701,61,14,30,0
17702,61,14,30,0
17703,61,14,30,0
17704,61,14,30,0
17705,61,14,30,0
17706,61,14,30,0
17707,61,14,30,0
17708,61,14,30,0
17709,61,14,30,0
17710,61,14,30,0
17711,61,14,30,0
17712,61,14,30,0
17713,61,14,30,0
17714,61,14,30,0
17715,61,14,30,0
17716,61,14,30,0
17717,61,14,30,0
17718,61,14,30,0
17719,61,14,30,0
17720,61,14,30,0
17721,61,14,30,0
17722,61,14,30,0
17723,61,14,30,0
17724,61,14,30,0
17725,61,14,30,0
17726,61,14,30,0
17727,61,14,30,0
17728,61,14,30,0
17729,61,14,30,0
17730,61,14,30,0
17731,61,14,30,0
17732,61,14,30,0
17733,61,14,30,0
17734,61,14,30,0
17735,61,14,30,0
17736,61,14,30,0
17737,61,14,30,0
17738,61,14,30,0
17739,61,14,30,0
17740,61,14,30,0
17741,61,14,30,0
17742,61,14,30,0
17743,61,14,30,0
17744,61,14,30,0
17745,61,14,30,0
17746,61,14,30,0
17747,61,14,30,0
17748,61,14,30,0
17749,61,14,30,0
17750,61,14,30,0
17751,61,14,30,0
17752,61,14,30,0
17753,61,14,30,0
17754,61,14,30,0
17755,61,14,30,0
17756,61,14,30,0
17757,61,14,30,0
17758,61,14,30,0
17759,61,14,30,0
17760,61,14,30,0
17761,61,14,30,0
17762,61,14,30,0
17763,61,14,30,0
17764,61,14,30,0
17765,61,14,30,0
17766,61,14,30,0
17767,61,14,30,0
17768,61,14,30,0
17769,61,14,30,0
17770,61,14,30,0
17771,61,14,30,0
17772,61,14,30,0
17773,61,14,30,0
17774,61,14,30,0
17775,61,14,30,0
17776,61,14,30,0
17777,61,14,30,0
17778,61,14,30,0
17779,61,14,30,0
17780,61,14,30,0
17781,61,14,30,0
17782,61,14,30,0
17783,61,14,30,0
17784,61,14,30,0
17785,61,14,30,0
17786,61,14,30,0
17787,61,14,30,0
17788,61,14,30,0
17789,61,14,30,0
17790,61,14,30,0
17791,61,14,30,0
17792,61,14,30,0
17793,61,14,30,0
17794,61,14,30,0
17795,61,14,30,0
17796,61,14,30,0
17797,61,14,30,0
17798,61,14,30,0
17799,61,14,30,0
17800,61,14,30,0
17801,61,14,30,0
17802,61,14,30,0
17803,61,14,30,0
17804,61,14,30,0
17805,61,14,30,0
17806,61,14,30,0
17807,61,14,30,0
17808,61,14,30,0
17809,61,14,30,0
17810,61,14,30,0
17811,61,14,30,0
17812,61,14,30,0
17813,61,14,30,0
17814,61,14,30,0
17815,61,14,30,0
17816,61,14,30,0
17817,61,14,30,0
17818,61,14,30,0
17819,61,14,30,0
17820,61,14,30,0
17821,61,14,30,0
17822,61,14,30,0
17823,61,14,30,0
17824,61,14,30,0
17825,61,14,30,0
17826,61,14,30,0
17827,61,14,30,0
17828,61,14,30,0
17829,61,14,30,0
17830,61,14,30,0
17831,61,14,30,0
17832,61,14,30,0
17833,61,14,30,0
17834,61,14,30,0
17835,61,14,30,0
17836,61,14,30,0
17837,61,14,30,0
17838,61,14,30,0
17839,61,14,30,0
17840,61,14,30,0
17841,61,14,30,0
17842,61,14,30,0
17843,61,14,30,0
17844,61,14,30,0
17845,61,14,30,0
17846,61,14,30,0
17847,61,14,30,0
17848,61,14,30,0
17849,61,14,30,0
17850,61,14,30,0
17851,61,14,30,0
17852,61,14,30,0
17853,61,14,30,0
17854,61,14,30,0
17855,61,14,30,0
17856,61,14,30,0
17857,61,14,30,0
17858,61,14,30,0
17859,61,14,30,0
17860,61,14,30,0
17861,61,14,30,0
17862,61,14,30,0
17863,61,14,30,0
17864,61,14,30,0
17865,61,14,30,0
17866,61,14,30,0
17867,61,14,30,0
17868,61,14,30,0
17869,61,14,30,0
17870,61,14,30,0
17871,61,14,30,0
17872,61,14,30,0
17873,61,14,30,0
17874,61,14,30,0
17875,61,14,30,0
17876,61,14,30,0
17877,61,14,30,0
17878,61,14,30,0
17879,61,14,30,0
17880,61,14,30,0
17881,61,14,30,0
17882,61,14,30,0
17883,61,14,30,0
17884,61,14,30,0
17885,61,14,30,0
17886,61,14,30,0
17887,61,14,30,0
17888,61,14,30,0
17889,61,14,30,0
17890,61,14,30,0
17891,61,14,30,0
17892,61,14,30,0
17893,61,14,30,0
17894,61,14,30,0
17895,61,14,30,0
17896,61,14,30,0
17897,61,14,30,0
17898,61,14,30,0
17899,61,14,30,0
17900,61,14,30,0
17901,61,14,30,0
17902,61,14,30,0
17903,61,14,30,0
17904,61,14,30,0
17905,61,14,30,0
17906,61,14,30,0
17907,61,14,30,0
17908,61,14,30,0
17909,61,14,30,0
17910,61,14,30,0
17911,61,14,30,0
17912,61,14,30,0
17913,61,14,30,0
17914,61,14,30,0
17915,61,14,30,0
17916,61,14,30,0
17917,61,14,30,0
17918,61,14,30,0
17919,61,14,30,0
17920,61,14,30,0
17921,61,14,30,0
17922,61,14,30,0
17923,61,14,30,0
17924,61,14,30,0
17925,61,14,30,0
17926,61,14,30,0
17927,61,14,30,0
17928,61,14,30,0
17929,61,14,30,0
17930,61,14,30,0
17931,61,14,30,0
17932,61,14,30,0
17933,61,14,30,0
17934,61,14,30,0
17935,61,14,30,0
17936,61,14,30,0
17937,61,14,30,0
17938,61,14,30,0
17939,61,14,30,0
17940,61,14,30,0
17941,61,14,30,0
17942,61,14,30,0
17943,61,14,30,0
17944,61,14,30,0
17945,61,14,30,0
17946,61,14,30,0
17947,61,14,30,0
17948,61,14,30,0
17949,61,14,30,0
17950,61,14,30,0
17951,61,14,30,0
17952,61,14,30,0
17953,61,14,30,0
17954,61,14,30,0
17955,61,14,30,0
17956,61,14,30,0
17957,61,14,30,0
17958,61,14,30,0
17959,61,14,30,0
17960,61,14,30,0
17961,61,14,30,0
17962,61,14,30,0
17963,61,14,30,0
17964,61,14,30,0
17965,61,14,30,0
17966,61,14,30,0
17967,61,14,30,0
17968,61,14,30,0
17969,61,14,30,0
17970,61,14,30,0
17971,61,14,30,0
17972,61,14,30,0
17973,61,14,30,0
17974,61,14,30,0
17975,61,14,30,0
17976,61,14,30,0
17977,61,14,30,0
17978,61,14,30,0
17979,61,14,30,0
17980,61,14,30,0
17981,61,14,30,0
17982,61,14,30,0
17983,61,14,30,0
17984,61,14,30,0
17985,61,14,30,0
17986,61,14,30,0
17987,61,14,30,0
17988,61,14,30,0
17989,61,14,30,0
17990,61,14,30,0
17991,61,14,30,0
17992,61,14,30,0
17993,61,14,30,0
17994,61,14,30,0
17995,61,14,30,0
17996,61,14,30,0
17997,61,14,30,0
17998,61,14,30,0
17999,61,14,30,0
18000,61,14,30,0
18001,61,14,30,0
18002,61,14,30,0
18003,61,14,30,0
18004,61,14,30,0
18005,61,14,30,0
18006,61,14,30,0
18007,61,14,30,0
18008,61,14,30,0
18009,61,14,30,0
18010,61,14,30,0
18011,61,14,30,0
18012,61,14,30,0
18013,61,14,30,0
18014,61,14,30,0
18015,61,14,30,0
18016,61,14,30,0
18017,61,14,30,0
18018,61,14,30,0
18019,61,14,30,0
18020,61,14,30,0
18021,61,14,30,0
18022,61,14,30,0
18023,61,14,30,0
18024,61,14,30,0
18025,61,14,30,0
18026,61,14,30,0
18027,61,14,30,0
18028,61,14,30,0
18029,61,14,30,0
18030,61,14,30,0
18031,61,14,30,0
18032,61,14,30,0
18033,61,14,30,0
18034,61,14,30,0
18035,61,14,30,0
18036,61,14,30,0
18037,61,14,30,0
18038,61,14,30,0
18039,61,14,30,0
18040,61,14,30,0
18041,61,14,30,0
18042,61,14,30,0
18043,61,14,30,0
18044,61,14,30,0
18045,61,14,30,0
18046,61,14,30,0
18047,61,14,30,0
18048,61,14,30,0
18049,61,14,30,0
18050,61,14,30,0
18051,61,14,30,0
18052,61,14,30,0
18053,61,14,30,0
18054,61,14,30,0
18055,61,14,30,0
18056,61,14,30,0
18057,61,14,30,0
18058,61,14,30,0
18059,61,14,30,0
18060,61,14,30,0
18061,61,14,30,0
18062,61,14,30,0
18063,61,14,30,0
18064,61,14,30,0
18065,61,14,30,0
18066,61,14,30,0
18067,61,14,30,0
18068,61,14,30,0
18069,61,14,30,0
18070,61,14,30,0
18071,61,14,30,0
18072,61,14,30,0
18073,61,14,30,0
18074,61,14,30,0
18075,61,14,30,0
18076,61,14,30,0
18077,61,14,30,0
18078,61,14,30,0
18079,61,14,30,0
18080,61,14,30,0
18081,61,14,30,0
18082,61,14,30,0
18083,61,14,30,0
18084,61,14,30,0
18085,61,14,30,0
18086,61,14,30,0
18087,61,14,30,0
18088,61,14,30,0
18089,61,14,30,0
18090,61,14,30,0
18091,61,14,30,0
18092,61,14,30,0
18093,61,14,30,0
18094,61,14,30,0
18095,61,14,30,0
18096,61,14,30,0
18097,61,14,30,0
18098,61,14,30,0
18099,61,14,30,0
18100,61,14,30,0
18101,61,14,30,0
18102,61,14,30,0
18103,61,14,30,0
18104,61,14,30,0
18105,61,14,30,0
18106,61,14,30,0
18107,61,14,30,0
18108,61,14,30,0
18109,61,14,30,0
18110,61,14,30,0
18111,61,14,30,0
18112,61,14,30,0
18113,61,14,30,0
18114,61,14,30,0
18115,61,14,30,0
18116,61,14,30,0
18117,61,14,30,0
18118,61,14,30,0
18119,61,14,30,0
18120,61,14,30,0
18121,61,14,30,0
18122,61,14,30,0
18123,61,14,30,0
18124,61,14,30,0
18125,61,14,30,0
18126,61,14,30,0
18127,61,14,30,0
18128,61,14,30,0
18129,61,14,30,0
18130,61,14,30,0
18131,61,14,30,0
18132,61,14,30,0
18133,61,14,30,0
18134,61,14,30,0
18135,61,14,30,0
18136,61,14,30,0
18137,61,14,30,0
18138,61,14,30,0
18139,61,14,30,0
18140,61,14,30,0
18141,61,14,30,0
18142,61,14,30,0
18143,61,14,30,0
18144,61,14,30,0
18145,61,14,30,0
18146,61,14,30,0
18147,61,14,30,0
18148,61,14,30,0
18149,61,14,30,0
18150,61,14,30,0
18151,61,14,30,0
18152,61,14,30,0
18153,61,14,30,0
18154,61,14,30,0
18155,61,14,30,0
18156,61,14,30,0
18157,61,14,30,0
18158,61,14,30,0
18159,61,14,30,0
18160,61,14,30,0
18161,61,14,30,0
18162,61,14,30,0
18163,61,14,30,0
18164,61,14,30,0
18165,61,14,30,0
18166,61,14,30,0
18167,61,14,30,0
18168,61,14,30,0
18169,61,14,30,0
18170,61,14,30,0
18171,61,14,30,0
18172,61,14,30,0
18173,61,14,30,0
18174,61,14,30,0
18175,61,14,30,0
18176,61,14,30,0
18177,61,14,30,0
18178,61,14,30,0
18179,61,14,30,0
18180,61,14,30,0
18181,61,14,30,0
18182,61,14,30,0
18183,61,14,30,0
18184,61,14,30,0
18185,61,14,30,0
18186,61,14,30,0
18187,61,14,30,0
18188,61,14,30,0
18189,61,14,30,0
18190,61,14,30,0
18191,61,14,30,0
18192,61,14,30,0
18193,61,14,30,0
18194,61,14,30,0
18195,61,14,30,0
18196,61,14,30,0
18197,61,14,30,0
18198,61,14,30,0
18199,61,14,30,0
18200,61,14,30,0
18201,61,14,30,0
18202,61,14,30,0
18203,61,14,30,0
18204,61,14,30,0
18205,61,14,30,0
18206,61,14,30,0
18207,61,14,30,0
18208,61,14,30,0
18209,61,14,30,0
18210,61,14,30,0
18211,61,14,30,0
18212,61,14,30,0
18213,61,14,30,0
18214,61,14,30,0
18215,61,14,30,0
18216,61,14,30,0
18217,61,14,30,0
18218,61,14,30,0
18219,61,14,30,0
18220,61,14,30,0
18221,61,14,30,0
18222,61,14,30,0
18223,61,14,30,0
18224,61,14,30,0
18225,61,14,30,0
18226,61,14,30,0
18227,61,14,30,0
18228,61,14,30,0
18229,61,14,30,0
18230,61,14,30,0
18231,61,14,30,0
18232,61,14,30,0
18233,61,14,30,0
18234,61,14,30,0
18235,61,14,30,0
18236,61,14,30,0
18237,61,14,30,0
18238,61,14,30,0
18239,61,14,30,0
18240,61,14,30,0
18241,61,14,30,0
18242,61,14,30,0
18243,61,14,30,0
18244,61,14,30,0
18245,61,14,30,0
18246,61,14,30,0
18247,61,14,30,0
18248,61,14,30,0
18249,61,14,30,0
18250,61,14,30,0
18251,61,14,30,0
18252,61,14,30,0
18253,61,14,30,0
18254,61,14,30,0
18255,61,14,30,0
18256,61,14,30,0
18257,61,14,30,0
18258,61,14,30,0
18259,61,14,30,0
18260,61,14,30,0
18261,61,14,30,0
18262,61,14,30,0
18263,61,14,30,0
18264,61,14,30,0
18265,61,14,30,0
18266,61,14,30,0
18267,61,14,30,0
18268,61,14,30,0
18269,61,14,30,0
18270,61,14,30,0
18271,61,14,30,0
18272,61,14,30,0
18273,61,14,30,0
18274,61,14,30,0
18275,61,14,30,0
18276,61,14,30,0
18277,61,14,30,0
18278,61,14,30,0
18279,61,14,30,0
18280,61,14,30,0
18281,61,14,30,0
18282,61,14,30,0
18283,61,14,30,0
18284,61,14,30,0
18285,61,14,30,0
18286,61,14,30,0
18287,61,14,30,0
18288,61,14,30,0
18289,61,14,30,0
18290,61,14,30,0
18291,61,14,30,0
18292,61,14,30,0
18293,61,14,30,0
18294,61,14,30,0
18295,61,14,30,0
18296,61,14,30,0
18297,61,14,30,0
18298,61,14,30,0
18299,61,14,30,0
18300,61,14,30,0
18301,61,14,30,0
18302,61,14,30,0
18303,61,14,30,0
18304,61,14,30,0
18305,61,14,30,0
18306,61,14,30,0
18307,61,14,30,0
18308,61,14,30,0
18309,61,14,30,0
18310,61,14,30,0
18311,61,14,30,0
18312,61,14,30,0
18313,61,14,30,0
18314,61,14,30,0
18315,61,14,30,0
18316,61,14,30,0
18317,61,14,30,0
18318,61,14,30,0
18319,61,14,30,0
18320,61,14,30,0
18321,61,14,30,0
18322,61,14,30,0
18323,61,14,30,0
18324,61,14,30,0
18325,61,14,30,0
18326,61,14,30,0
18327,61,14,30,0
18328,61,14,30,0
18329,61,14,30,0
18330,61,14,30,0
18331,61,14,30,0
18332,61,14,30,0
18333,61,14,30,0
18334,61,14,30,0
18335,61,14,30,0
18336,61,14,30,0
18337,61,14,30,0
18338,61,14,30,0
18339,61,14,30,0
18340,61,14,30,0
18341,61,14,30,0
18342,61,14,30,0
18343,61,14,30,0
18344,61,14,30,0
18345,61,14,30,0
18346,61,14,30,0
18347,61,14,30,0
18348,61,14,30,0
18349,61,14,30,0
18350,61,14,30,0
18351,61,14,30,0
18352,61,14,30,0
18353,61,14,30,0
18354,61,14,30,0
18355,61,14,30,0
18356,61,14,30,0
18357,61,14,30,0
18358,61,14,30,0
18359,61,14,30,0
18360,61,14,30,0
18361,61,14,30,0
18362,61,14,30,0
18363,61,14,30,0
18364,61,14,30,0
18365,61,14,30,0
18366,61,14,30,0
18367,61,14,30,0
18368,61,14,30,0
18369,61,14,30,0
18370,61,14,30,0
18371,61,14,30,0
18372,61,14,30,0
18373,61,14,30,0
18374,61,14,30,0
18375,61,14,30,0
18376,61,14,30,0
18377,61,14,30,0
18378,61,14,30,0
18379,61,14,30,0
18380,61,14,30,0
18381,61,14,30,0
18382,61,14,30,0
18383,61,14,30,0
18384,61,14,30,0
18385,61,14,30,0
18386,61,14,30,0
18387,61,14,30,0
18388,61,14,30,0
18389,61,14,30,0
18390,61,14,30,0
18391,61,14,30,0
18392,61,14,30,0
18393,61,14,30,0
18394,61,14,30,0
18395,61,14,30,0
18396,61,14,30,0
18397,61,14,30,0
18398,61,14,30,0
18399,61,14,30,0
18400,61,14,30,0
18401,61,14,30,0
18402,61,14,30,0
18403,61,14,30,0
18404,61,14,30,0
18405,61,14,30,0
18406,61,14,30,0
18407,61,14,30,0
18408,61,14,30,0
18409,61,14,30,0
18410,61,14,30,0
18411,61,14,30,0
18412,61,14,30,0
18413,61,14,30,0
18414,61,14,30,0
18415,61,14,30,0
18416,61,14,30,0
18417,61,14,30,0
18418,61,14,30,0
18419,61,14,30,0
18420,61,14,30,0
18421,61,14,30,0
18422,61,14,30,0
18423,61,14,30,0
18424,61,14,30,0
18425,61,14,30,0
18426,61,14,30,0
18427,61,14,30,0
18428,61,14,30,0
18429,61,14,30,0
18430,61,14,30,0
18431,61,14,30,0
18432,61,14,30,0
18433,61,14,30,0
18434,61,14,30,0
18435,61,14,30,0
18436,61,14,30,0
18437,61,14,30,0
18438,61,14,30,0
18439,61,14,30,0
18440,61,14,30,0
18441,61,14,30,0
18442,61,14,30,0
18443,61,14,30,0
18444,61,14,30,0
18445,61,14,30,0
18446,61,14,30,0
18447,61,14,30,0
18448,61,14,30,0
18449,61,14,30,0
18450,61,14,30,0
18451,61,14,30,0
18452,61,14,30,0
18453,61,14,30,0
18454,61,14,30,0
18455,61,14,30,0
18456,61,14,30,0
18457,61,14,30,0
18458,61,14,30,0
18459,61,14,30,0
18460,61,14,30,0
18461,61,14,30,0
18462,61,14,30,0
18463,61,14,30,0
18464,61,14,30,0
18465,61,14,30,0
18466,61,14,30,0
18467,61,14,30,0
18468,61,14,30,0
18469,61,14,30,0
18470,61,14,30,0
18471,61,14,30,0
18472,61,14,30,0
18473,61,14,30,0
18474,61,14,30,0
18475,61,14,30,0
18476,61,14,30,0
18477,61,14,30,0
18478,61,14,30,0
18479,61,14,30,0
18480,61,14,30,0
18481,61,14,30,0
18482,61,14,30,0
18483,61,14,30,0
18484,61,14,30,0
18485,61,14,30,0
18486,61,14,30,0
18487,61,14,30,0
18488,61,14,30,0
18489,61,14,30,0
18490,61,14,30,0
18491,61,14,30,0
18492,61,14,30,0
18493,61,14,30,0
18494,61,14,30,0
18495,61,14,30,0
18496,61,14,30,0
18497,61,14,30,0
18498,61,14,30,0
18499,61,14,30,0
18500,61,14,30,0
18501,61,14,30,0
18502,61,14,30,0
18503,61,14,30,0
18504,61,14,30,0
18505,61,14,30,0
18506,61,14,30,0
18507,61,14,30,0
18508,61,14,30,0
18509,61,14,30,0
18510,61,14,30,0
18511,61,14,30,0
18512,61,14,30,0
18513,61,14,30,0
18514,61,14,30,0
18515,61,14,30,0
18516,61,14,30,0
18517,61,14,30,0
18518,61,14,30,0
18519,61,14,30,0
18520,61,14,30,0
18521,61,14,30,0
18522,61,14,30,0
18523,61,14,30,0
18524,61,14,30,0
18525,61,14,30,0
18526,61,14,30,0
18527,61,14,30,0
18528,61,14,30,0
18529,61,14,30,0
18530,61,14,30,0
18531,61,14,30,0
18532,61,14,30,0
18533,61,14,30,0
18534,61,14,30,0
18535,61,14,30,0
18536,61,14,30,0
18537,61,14,30,0
18538,61,14,30,0
18539,61,14,30,0
18540,61,14,30,0
18541,61,14,30,0
18542,61,14,30,0
18543,61,14,30,0
18544,61,14,30,0
18545,61,14,30,0
18546,61,14,30,0
18547,61,14,30,0
18548,61,14,30,0
18549,61,14,30,0
18550,61,14,30,0
18551,61,14,30,0
18552,61,14,30,0
18553,61,14,30,0
18554,61,14,30,0
18555,61,14,30,0
18556,61,14,30,0
18557,61,14,30,0
18558,61,14,30,0
18559,61,14,30,0
18560,61,14,30,0
18561,61,14,30,0
18562,61,14,30,0
18563,61,14,30,0
18564,61,14,30,0
18565,61,14,30,0
18566,61,14,30,0
18567,61,14,30,0
18568,61,14,30,0
18569,61,14,30,0
18570,61,14,30,0
18571,61,14,30,0
18572,61,14,30,0
18573,61,14,30,0
18574,61,14,30,0
18575,61,14,30,0
18576,61,14,30,0
18577,61,14,30,0
18578,61,14,30,0
18579,61,14,30,0
18580,61,14,30,0
18581,61,14,30,0
18582,61,14,30,0
18583,61,14,30,0
18584,61,14,30,0
18585,61,14,30,0
18586,61,14,30,0
18587,61,14,30,0
18588,61,14,30,0
18589,61,14,30,0
18590,61,14,30,0
18591,61,14,30,0
18592,61,14,30,0
18593,61,14,30,0
18594,61,14,30,0
18595,61,14,30,0
18596,61,14,30,0
18597,61,14,30,0
18598,61,14,30,0
18599,61,14,30,0
18600,61,14,30,0
18601,61,14,30,0
18602,61,14,30,0
18603,61,14,30,0
18604,61,14,30,0
18605,61,14,30,0
18606,61,14,30,0
18607,61,14,30,0
18608,61,14,30,0
18609,61,14,30,0
18610,61,14,30,0
18611,61,14,30,0
18612,61,14,30,0
18613,61,14,30,0
18614,61,14,30,0
18615,61,14,30,0
18616,61,14,30,0
18617,61,14,30,0
18618,61,14,30,0
18619,61,14,30,0
18620,61,14,30,0
18621,61,14,30,0
18622,61,14,30,0
18623,61,14,30,0
18624,61,14,30,0
18625,61,14,30,0
18626,61,14,30,0
18627,61,14,30,0
18628,61,14,30,0
18629,61,14,30,0
18630,61,14,30,0
18631,61,14,30,0
18632,61,14,30,0
18633,61,14,30,0
18634,61,14,30,0
18635,61,14,30,0
18636,61,14,30,0
18637,61,14,30,0
18638,61,14,30,0
18639,61,14,30,0
18640,61,14,30,0
18641,61,14,30,0
18642,61,14,30,0
18643,61,14,30,0
18644,61,14,30,0
18645,61,14,30,0
18646,61,14,30,0
18647,61,14,30,0
18648,61,14,30,0
18649,61,14,30,0
18650,61,14,30,0
18651,61,14,30,0
18652,61,14,30,0
18653,61,14,30,0
18654,61,14,30,0
18655,61,14,30,0
18656,61,14,30,0
18657,61,14,30,0
18658,61,14,30,0
18659,61,14,30,0
18660,61,14,30,0
18661,61,14,30,0
18662,61,14,30,0
18663,61,14,30,0
18664,61,14,30,0
18665,61,14,30,0
18666,61,14,30,0
18667,61,14,30,0
18668,61,14,30,0
18669,61,14,30,0
18670,61,14,30,0
18671,61,14,30,0
18672,61,14,30,0
18673,61,14,30,0
18674,61,14,30,0
18675,61,14,30,0
18676,61,14,30,0
18677,61,14,30,0
18678,61,14,30,0
18679,61,14,30,0
18680,61,14,30,0
18681,61,14,30,0
18682,61,14,30,0
18683,61,14,30,0
18684,61,14,30,0
18685,61,14,30,0
18686,61,14,30,0
18687,61,14,30,0
18688,61,14,30,0
18689,61,14,30,0
18690,61,14,30,0
18691,61,14,30,0
18692,61,14,30,0
18693,61,14,30,0
18694,61,14,30,0
18695,61,14,30,0
18696,61,14,30,0
18697,61,14,30,0
18698,61,14,30,0
18699,61,14,30,0
18700,61,14,30,0
18701,61,14,30,0
18702,61,14,30,0
18703,61,14,30,0
18704,61,14,30,0
18705,61,14,30,0
18706,61,14,30,0
18707,61,14,30,0
18708,61,14,30,0
18709,61,14,30,0
18710,61,14,30,0
18711,61,14,30,0
18712,61,14,30,0
18713,61,14,30,0
18714,61,14,30,0
18715,61,14,30,0
18716,61,14,30,0
18717,61,14,30,0
18718,61,14,30,0
18719,61,14,30,0
18720,61,14,30,0
18721,61,14,30,0
18722,61,14,30,0
18723,61,14,30,0
18724,61,14,30,0
18725,61,14,30,0
18726,61,14,30,0
18727,61,14,30,0
18728,61,14,30,0
18729,61,14,30,0
18730,61,14,30,0
18731,61,14,30,0
18732,61,14,30,0
18733,61,14,30,0
18734,61,14,30,0
18735,61,14,30,0
18736,61,14,30,0
18737,61,14,30,0
18738,61,14,30,0
18739,61,14,30,0
18740,61,14,30,0
18741,61,14,30,0
18742,61,14,30,0
18743,61,14,30,0
18744,61,14,30,0
18745,61,14,30,0
18746,61,14,30,0
18747,61,14,30,0
18748,61,14,30,0
18749,61,14,30,0
18750,61,14,30,0
18751,61,14,30,0
18752,61,14,30,0
18753,61,14,30,0
18754,61,14,30,0
18755,61,14,30,0
18756,61,14,30,0
18757,61,14,30,0
18758,61,14,30,0
18759,61,14,30,0
18760,61,14,30,0
18761,61,14,30,0
18762,61,14,30,0
18763,61,14,30,0
18764,61,14,30,0
18765,61,14,30,0
18766,61,14,30,0
18767,61,14,30,0
18768,61,14,30,0
18769,61,14,30,0
18770,61,14,30,0
18771,61,14,30,0
18772,61,14,30,0
18773,61,14,30,0
18774,61,14,30,0
18775,61,14,30,0
18776,61,14,30,0
18777,61,14,30,0
18778,61,14,30,0
18779,61,14,30,0
18780,61,14,30,0
18781,61,14,30,0
18782,61,14,30,0
18783,61,14,30,0
18784,61,14,30,0
18785,61,14,30,0
18786,61,14,30,0
18787,61,14,30,0
18788,61,14,30,0
18789,61,14,30,0
18790,61,14,30,0
18791,61,14,30,0
18792,61,14,30,0
18793,61,14,30,0
18794,61,14,30,0
18795,61,14,30,0
18796,61,14,30,0
18797,61,14,30,0
18798,61,14,30,0
18799,61,14,30,0
18800,61,14,30,0
18801,61,14,30,0
18802,61,14,30,0
18803,61,14,30,0
18804,61,14,30,0
18805,61,14,30,0
18806,61,14,30,0
18807,61,14,30,0
18808,61,14,30,0
18809,61,14,30,0
18810,61,14,30,0
18811,61,14,30,0
18812,61,14,30,0
18813,61,14,30,0
18814,61,14,30,0
18815,61,14,30,0
18816,61,14,30,0
18817,61,14,30,0
18818,61,14,30,0
18819,61,14,30,0
18820,61,14,30,0
18821,61,14,30,0
18822,61,14,30,0
18823,61,14,30,0
18824,61,14,30,0
18825,61,14,30,0
18826,61,14,30,0
18827,61,14,30,0
18828,61,14,30,0
18829,61,14,30,0
18830,61,14,30,0
18831,61,14,30,0
18832,61,14,30,0
18833,61,14,30,0
18834,61,14,30,0
18835,61,14,30,0
18836,61,14,30,0
18837,61,14,30,0
18838,61,14,30,0
18839,61,14,30,0
18840,61,14,30,0
18841,61,14,30,0
18842,61,14,30,0
18843,61,14,30,0
18844,61,14,30,0
18845,61,14,30,0
18846,61,14,30,0
18847,61,14,30,0
18848,61,14,30,0
18849,61,14,30,0
18850,61,14,30,0
18851,61,14,30,0
18852,61,14,30,0
18853,61,14,30,0
18854,61,14,30,0
18855,61,14,30,0
18856,61,14,30,0
18857,61,14,30,0
18858,61,14,30,0
18859,61,14,30,0
18860,61,14,30,0
18861,61,14,30,0
18862,61,14,30,0
18863,61,14,30,0
18864,61,14,30,0
18865,61,14,30,0
18866,61,14,30,0
18867,61,14,30,0
18868,61,14,30,0
18869,61,14,30,0
18870,61,14,30,0
18871,61,14,30,0
18872,61,14,30,0
18873,61,14,30,0
18874,61,14,30,0
18875,61,14,30,0
18876,61,14,30,0
18877,61,14,30,0
18878,61,14,30,0
18879,61,14,30,0
18880,61,14,30,0
18881,61,14,30,0
18882,61,14,30,0
18883,61,14,30,0
18884,61,14,30,0
18885,61,14,30,0
18886,61,14,30,0
18887,61,14,30,0
18888,61,14,30,0
18889,61,14,30,0
18890,61,14,30,0
18891,61,14,30,0
18892,61,14,30,0
18893,61,14,30,0
18894,61,14,30,0
18895,61,14,30,0
18896,61,14,30,0
18897,61,14,30,0
18898,61,14,30,0
18899,61,14,30,0
18900,61,14,30,0
18901,61,14,30,0
18902,61,14,30,0
18903,61,14,30,0
18904,61,14,30,0
18905,61,14,30,0
18906,61,14,30,0
18907,61,14,30,0
18908,61,14,30,0
18909,61,14,30,0
18910,61,14,30,0
18911,61,14,30,0
18912,61,14,30,0
18913,61,14,30,0
18914,61,14,30,0
18915,61,14,30,0
18916,61,14,30,0
18917,61,14,30,0
18918,61,14,30,0
18919,61,14,30,0
18920,61,14,30,0
18921,61,14,30,0
18922,61,14,30,0
18923,61,14,30,0
18924,61,14,30,0
18925,61,14,30,0
18926,61,14,30,0
18927,61,14,30,0
18928,61,14,30,0
18929,61,14,30,0
18930,61,14,30,0
18931,61,14,30,0
18932,61,14,30,0
18933,61,14,30,0
18934,61,14,30,0
18935,61,14,30,0
18936,61,14,30,0
18937,61,14,30,0
18938,61,14,30,0
18939,61,14,30,0
18940,61,14,30,0
18941,61,14,30,0
18942,61,14,30,0
18943,61,14,30,0
18944,61,14,30,0
18945,61,14,30,0
18946,61,14,30,0
18947,61,14,30,0
18948,61,14,30,0
18949,61,14,30,0
18950,61,14,30,0
18951,61,14,30,0
18952,61,14,30,0
18953,61,14,30,0
18954,61,14,30,0
18955,61,14,30,0
18956,61,14,30,0
18957,61,14,30,0
18958,61,14,30,0
18959,61,14,30,0
18960,61,14,30,0
18961,61,14,30,0
18962,61,14,30,0
18963,61,14,30,0
18964,61,14,30,0
18965,61,14,30,0
18966,61,14,30,0
18967,61,14,30,0
18968,61,14,30,0
18969,61,14,30,0
18970,61,14,30,0
18971,61,14,30,0
18972,61,14,30,0
18973,61,14,30,0
18974,61,14,30,0
18975,61,14,30,0
18976,61,14,30,0
18977,61,14,30,0
18978,61,14,30,0
18979,61,14,30,0
18980,61,14,30,0
18981,61,14,30,0
18982,61,14,30,0
18983,61,14,30,0
18984,61,14,30,0
18985,61,14,30,0
18986,61,14,30,0
18987,61,14,30,0
18988,61,14,30,0
18989,61,14,30,0
18990,61,14,30,0
18991,61,14,30,0
18992,61,14,30,0
18993,61,14,30,0
18994,61,14,30,0
18995,61,14,30,0
18996,61,14,30,0
18997,61,14,30,0
18998,61,14,30,0
18999,61,14,30,0
19000,61,14,30,0
19001,61,14,30,0
19002,61,14,30,0
19003,61,14,30,0
19004,61,14,30,0
19005,61,14,30,0
19006,61,14,30,0
19007,61,14,30,0
19008,61,14,30,0
19009,61,14,30,0
19010,61,14,30,0
19011,61,14,30,0
19012,61,14,30,0
19013,61,14,30,0
19014,61,14,30,0
19015,61,14,30,0
19016,61,14,30,0
19017,61,14,30,0
19018,61,14,30,0
19019,61,14,30,0
19020,61,14,30,0
19021,61,14,30,0
19022,61,14,30,0
19023,61,14,30,0
19024,61,14,30,0
19025,61,14,30,0
19026,61,14,30,0
19027,61,14,30,0
19028,61,14,30,0
19029,61,14,30,0
19030,61,14,30,0
19031,61,14,30,0
19032,61,14,30,0
19033,61,14,30,0
19034,61,14,30,0
19035,61,14,30,0
19036,61,14,30,0
19037,61,14,30,0
19038,61,14,30,0
19039,61,14,30,0
19040,61,14,30,0
19041,61,14,30,0
19042,61,14,30,0
19043,61,14,30,0
19044,61,14,30,0
19045,61,14,30,0
19046,61,14,30,0
19047,61,14,30,0
19048,61,14,30,0
19049,61,14,30,0
19050,61,14,30,0
19051,61,14,30,0
19052,61,14,30,0
19053,61,14,30,0
19054,61,14,30,0
19055,61,14,30,0
19056,61,14,30,0
19057,61,14,30,0
19058,61,14,30,0
19059,61,14,30,0
19060,61,14,30,0
19061,61,14,30,0
19062,61,14,30,0
19063,61,14,30,0
19064,61,14,30,0
19065,61,14,30,0
19066,61,14,30,0
19067,61,14,30,0
19068,61,14,30,0
19069,61,14,30,0
19070,61,14,30,0
19071,61,14,30,0
19072,61,14,30,0
19073,61,14,30,0
19074,61,14,30,0
19075,61,14,30,0
19076,61,14,30,0
19077,61,14,30,0
19078,61,14,30,0
19079,61,14,30,0
19080,61,14,30,0
19081,61,14,30,0
19082,61,14,30,0
19083,61,14,30,0
19084,61,14,30,0
19085,61,14,30,0
19086,61,14,30,0
19087,61,14,30,0
19088,61,14,30,0
19089,61,14,30,0
19090,61,14,30,0
19091,61,14,30,0
19092,61,14,30,0
19093,61,14,30,0
19094,61,14,30,0
19095,61,14,30,0
19096,61,14,30,0
19097,61,14,30,0
19098,61,14,30,0
19099,61,14,30,0
19100,61,14,30,0
19101,61,14,30,0
19102,61,14,30,0
19103,61,14,30,0
19104,61,14,30,0
19105,61,14,30,0
19106,61,14,30,0
19107,61,14,30,0
19108,61,14,30,0
19109,61,14,30,0
19110,61,14,30,0
19111,61,14,30,0
19112,61,14,30,0
19113,61,14,30,0
19114,61,14,30,0
19115,61,14,30,0
19116,61,14,30,0
19117,61,14,30,0
19118,61,14,30,0
19119,61,14,30,0
19120,61,14,30,0
19121,61,14,30,0
19122,61,14,30,0
19123,61,14,30,0
19124,61,14,30,0
19125,61,14,30,0
19126,61,14,30,0
19127,61,14,30,0
19128,61,14,30,0
19129,61,14,30,0
19130,61,14,30,0
19131,61,14,30,0
19132,61,14,30,0
19133,61,14,30,0
19134,61,14,30,0
19135,61,14,30,0
19136,61,14,30,0
19137,61,14,30,0
19138,61,14,30,0
19139,61,14,30,0
19140,61,14,30,0
19141,61,14,30,0
19142,61,14,30,0
19143,61,14,30,0
19144,61,14,30,0
19145,61,14,30,0
19146,61,14,30,0
19147,61,14,30,0
19148,61,14,30,0
19149,61,14,30,0
19150,61,14,30,0
19151,61,14,30,0
19152,61,14,30,0
19153,61,14,30,0
19154,61,14,30,0
19155,61,14,30,0
19156,61,14,30,0
19157,61,14,30,0
19158,61,14,30,0
19159,61,14,30,0
19160,61,14,30,0
19161,61,14,30,0
19162,61,14,30,0
19163,61,14,30,0
19164,61,14,30,0
19165,61,14,30,0
19166,61,14,30,0
19167,61,14,30,0
19168,61,14,30,0
19169,61,14,30,0
19170,61,14,30,0
19171,61,14,30,0
19172,61,14,30,0
19173,61,14,30,0
19174,61,14,30,0
19175,61,14,30,0
19176,61,14,30,0
19177,61,14,30,0
19178,61,14,30,0
19179,61,14,30,0
19180,61,14,30,0
19181,61,14,30,0
19182,61,14,30,0
19183,61,14,30,0
19184,61,14,30,0
19185,61,14,30,0
19186,61,14,30,0
19187,61,14,30,0
19188,61,14,30,0
19189,61,14,30,0
19190,61,14,30,0
19191,61,14,30,0
19192,61,14,30,0
19193,61,14,30,0
19194,61,14,30,0
19195,61,14,30,0
19196,61,14,30,0
19197,61,14,30,0
19198,61,14,30,0
19199,61,14,30,0
19200,61,14,30,0
19201,61,14,30,0
19202,61,14,30,0
19203,61,14,30,0
19204,61,14,30,0
19205,61,14,30,0
19206,61,14,30,0
19207,61,14,30,0
19208,61,14,30,0
19209,61,14,30,0
19210,61,14,30,0
19211,61,14,30,0
19212,61,14,30,0
19213,61,14,30,0
19214,61,14,30,0
19215,61,14,30,0
19216,61,14,30,0
19217,61,14,30,0
19218,61,14,30,0
19219,61,14,30,0
19220,61,14,30,0
19221,61,14,30,0
19222,61,14,30,0
19223,61,14,30,0
19224,61,14,30,0
19225,61,14,30,0
19226,61,14,30,0
19227,61,14,30,0
19228,61,14,30,0
19229,61,14,30,0
19230,61,14,30,0
19231,61,14,30,0
19232,61,14,30,0
19233,61,14,30,0
19234,61,14,30,0
19235,61,14,30,0
19236,61,14,30,0
19237,61,14,30,0
19238,61,14,30,0
19239,61,14,30,0
19240,61,14,30,0
19241,61,14,30,0
19242,61,14,30,0
19243,61,14,30,0
19244,61,14,30,0
19245,61,14,30,0
19246,61,14,30,0
19247,61,14,30,0
19248,61,14,30,0
19249,61,14,30,0
19250,61,14,30,0
19251,61,14,30,0
19252,61,14,30,0
19253,61,14,30,0
19254,61,14,30,0
19255,61,14,30,0
19256,61,14,30,0
19257,61,14,30,0
19258,61,14,30,0
19259,61,14,30,0
19260,61,14,30,0
19261,61,14,30,0
19262,61,14,30,0
19263,61,14,30,0
19264,61,14,30,0
19265,61,14,30,0
19266,61,14,30,0
19267,61,14,30,0
19268,61,14,30,0
19269,61,14,30,0
19270,61,14,30,0
19271,61,14,30,0
19272,61,14,30,0
19273,61,14,30,0
19274,61,14,30,0
19275,61,14,30,0
19276,61,14,30,0
19277,61,14,30,0
19278,61,14,30,0
19279,61,14,30,0
19280,61,14,30,0
19281,61,14,30,0
19282,61,14,30,0
19283,61,14,30,0
19284,61,14,30,0
19285,61,14,30,0
19286,61,14,30,0
19287,61,14,30,0
19288,61,14,30,0
19289,61,14,30,0
19290,61,14,30,0
19291,61,14,30,0
19292,61,14,30,0
19293,61,14,30,0
19294,61,14,30,0
19295,61,14,30,0
19296,61,14,30,0
19297,61,14,30,0
19298,61,14,30,0
19299,61,14,30,0
19300,61,14,30,0
19301,61,14,30,0
19302,61,14,30,0
19303,61,14,30,0
19304,61,14,30,0
19305,61,14,30,0
19306,61,14,30,0
19307,61,14,30,0
19308,61,14,30,0
19309,61,14,30,0
19310,61,14,30,0
19311,61,14,30,0
19312,61,14,30,0
19313,61,14,30,0
19314,61,14,30,0
19315,61,14,30,0
19316,61,14,30,0
19317,61,14,30,0
19318,61,14,30,0
19319,61,14,30,0
19320,61,14,30,0
19321,61,14,30,0
19322,61,14,30,0
19323,61,14,30,0
19324,61,14,30,0
19325,61,14,30,0
19326,61,14,30,0
19327,61,14,30,0
19328,61,14,30,0
19329,61,14,30,0
19330,61,14,30,0
19331,61,14,30,0
19332,61,14,30,0
19333,61,14,30,0
19334,61,14,30,0
19335,61,14,30,0
19336,61,14,30,0
19337,61,14,30,0
19338,61,14,30,0
19339,61,14,30,0
19340,61,14,30,0
19341,61,14,30,0
19342,61,14,30,0
19343,61,14,30,0
19344,61,14,30,0
19345,61,14,30,0
19346,61,14,30,0
19347,61,14,30,0
19348,61,14,30,0
19349,61,14,30,0
19350,61,14,30,0
19351,61,14,30,0
19352,61,14,30,0
19353,61,14,30,0
19354,61,14,30,0
19355,61,14,30,0
19356,61,14,30,0
19357,61,14,30,0
19358,61,14,30,0
19359,61,14,30,0
19360,61,14,30,0
19361,61,14,30,0
19362,61,14,30,0
19363,61,14,30,0
19364,61,14,30,0
19365,61,14,30,0
19366,61,14,30,0
19367,61,14,30,0
19368,61,14,30,0
19369,61,14,30,0
19370,61,14,30,0
19371,61,14,30,0
19372,61,14,30,0
19373,61,14,30,0
19374,61,14,30,0
19375,61,14,30,0
19376,61,14,30,0
19377,61,14,30,0
19378,61,14,30,0
19379,61,14,30,0
19380,61,14,30,0
19381,61,14,30,0
19382,61,14,30,0
19383,61,14,30,0
19384,61,14,30,0
19385,61,14,30,0
19386,61,14,30,0
19387,61,14,30,0
19388,61,14,30,0
19389,61,14,30,0
19390,61,14,30,0
19391,61,14,30,0
19392,61,14,30,0
19393,61,14,30,0
19394,61,14,30,0
19395,61,14,30,0
19396,61,14,30,0
19397,61,14,30,0
19398,61,14,30,0
19399,61,14,30,0
19400,61,14,30,0
19401,61,14,30,0
19402,61,14,30,0
19403,61,14,30,0
19404,61,14,30,0
19405,61,14,30,0
19406,61,14,30,0
19407,61,14,30,0
19408,61,14,30,0
19409,61,14,30,0
19410,61,14,30,0
19411,61,14,30,0
19412,61,14,30,0
19413,61,14,30,0
19414,61,14,30,0
19415,61,14,30,0
19416,61,14,30,0
19417,61,14,30,0
19418,61,14,30,0
19419,61,14,30,0
19420,61,14,30,0
19421,61,14,30,0
19422,61,14,30,0
19423,61,14,30,0
19424,61,14,30,0
19425,61,14,30,0
19426,61,14,30,0
19427,61,14,30,0
19428,61,14,30,0
19429,61,14,30,0
19430,61,14,30,0
19431,61,14,30,0
19432,61,14,30,0
19433,61,14,30,0
19434,61,14,30,0
19435,61,14,30,0
19436,61,14,30,0
19437,61,14,30,0
19438,61,14,30,0
19439,61,14,30,0
19440,61,14,30,0
19441,61,14,30,0
19442,61,14,30,0
19443,61,14,30,0
19444,61,14,30,0
19445,61,14,30,0
19446,61,14,30,0
19447,61,14,30,0
19448,61,14,30,0
19449,61,14,30,0
19450,61,14,30,0
19451,61,14,30,0
19452,61,14,30,0
19453,61,14,30,0
19454,61,14,30,0
19455,61,14,30,0
19456,61,14,30,0
19457,61,14,30,0
19458,61,14,30,0
19459,61,14,30,0
19460,61,14,30,0
19461,61,14,30,0
19462,61,14,30,0
19463,61,14,30,0
19464,61,14,30,0
19465,61,14,30,0
19466,61,14,30,0
19467,61,14,30,0
19468,61,14,30,0
19469,61,14,30,0
19470,61,14,30,0
19471,61,14,30,0
19472,61,14,30,0
19473,61,14,30,0
19474,61,14,30,0
19475,61,14,30,0
19476,61,14,30,0
19477,61,14,30,0
19478,61,14,30,0
19479,61,14,30,0
19480,61,14,30,0
19481,61,14,30,0
19482,61,14,30,0
19483,61,14,30,0
19484,61,14,30,0
19485,61,14,30,0
19486,61,14,30,0
19487,61,14,30,0
19488,61,14,30,0
19489,61,14,30,0
19490,61,14,30,0
19491,61,14,30,0
19492,61,14,30,0
19493,61,14,30,0
19494,61,14,30,0
19495,61,14,30,0
19496,61,14,30,0
19497,61,14,30,0
19498,61,14,30,0
19499,61,14,30,0
19500,61,14,30,0
19501,61,14,30,0
19502,61,14,30,0
19503,61,14,30,0
19504,61,14,30,0
19505,61,14,30,0
19506,61,14,30,0
19507,61,14,30,0
19508,61,14,30,0
19509,61,14,30,0
19510,61,14,30,0
19511,61,14,30,0
19512,61,14,30,0
19513,61,14,30,0
19514,61,14,30,0
19515,61,14,30,0
19516,61,14,30,0
19517,61,14,30,0
19518,61,14,30,0
19519,61,14,30,0
19520,61,14,30,0
19521,61,14,30,0
19522,61,14,30,0
19523,61,14,30,0
19524,61,14,30,0
19525,61,14,30,0
19526,61,14,30,0
19527,61,14,30,0
19528,61,14,30,0
19529,61,14,30,0
19530,61,14,30,0
19531,61,14,30,0
19532,61,14,30,0
19533,61,14,30,0
19534,61,14,30,0
19535,61,14,30,0
19536,61,14,30,0
19537,61,14,30,0
19538,61,14,30,0
19539,61,14,30,0
19540,61,14,30,0
19541,61,14,30,0
19542,61,14,30,0
19543,61,14,30,0
19544,61,14,30,0
19545,61,14,30,0
19546,61,14,30,0
19547,61,14,30,0
19548,61,14,30,0
19549,61,14,30,0
19550,61,14,30,0
19551,61,14,30,0
19552,61,14,30,0
19553,61,14,30,0
19554,61,14,30,0
19555,61,14,30,0
19556,61,14,30,0
19557,61,14,30,0
19558,61,14,30,0
19559,61,14,30,0
19560,61,14,30,0
19561,61,14,30,0
19562,61,14,30,0
19563,61,14,30,0
19564,61,14,30,0
19565,61,14,30,0
19566,61,14,30,0
19567,61,14,30,0
19568,61,14,30,0
19569,61,14,30,0
19570,61,14,30,0
19571,61,14,30,0
19572,61,14,30,0
19573,61,14,30,0
19574,61,14,30,0
19575,61,14,30,0
19576,61,14,30,0
19577,61,14,30,0
19578,61,14,30,0
19579,61,14,30,0
19580,61,14,30,0
19581,61,14,30,0
19582,61,14,30,0
19583,61,14,30,0
19584,61,14,30,0
19585,61,14,30,0
19586,61,14,30,0
19587,61,14,30,0
19588,61,14,30,0
19589,61,14,30,0
19590,61,14,30,0
19591,61,14,30,0
19592,61,14,30,0
19593,61,14,30,0
19594,61,14,30,0
19595,61,14,30,0
19596,61,14,30,0
19597,61,14,30,0
19598,61,14,30,0
19599,61,14,30,0
19600,61,14,30,0
19601,61,14,30,0
19602,61,14,30,0
19603,61,14,30,0
19604,61,14,30,0
19605,61,14,30,0
19606,61,14,30,0
19607,61,14,30,0
19608,61,14,30,0
19609,61,14,30,0
19610,61,14,30,0
19611,61,14,30,0
19612,61,14,30,0
19613,61,14,30,0
19614,61,14,30,0
19615,61,14,30,0
19616,61,14,30,0
19617,61,14,30,0
19618,61,14,30,0
19619,61,14,30,0
19620,61,14,30,0
19621,61,14,30,0
19622,61,14,30,0
19623,61,14,30,0
19624,61,14,30,0
19625,61,14,30,0
19626,61,14,30,0
19627,61,14,30,0
19628,61,14,30,0
19629,61,14,30,0
19630,61,14,30,0
19631,61,14,30,0
19632,61,14,30,0
19633,61,14,30,0
19634,61,14,30,0
19635,61,14,30,0
19636,61,14,30,0
19637,61,14,30,0
19638,61,14,30,0
19639,61,14,30,0
19640,61,14,30,0
19641,61,14,30,0
19642,61,14,30,0
19643,61,14,30,0
19644,61,14,30,0
19645,61,14,30,0
19646,61,14,30,0
19647,61,14,30,0
19648,61,14,30,0
19649,61,14,30,0
19650,61,14,30,0
19651,61,14,30,0
19652,61,14,30,0
19653,61,14,30,0
19654,61,14,30,0
19655,61,14,30,0
19656,61,14,30,0
19657,61,14,30,0
19658,61,14,30,0
19659,61,14,30,0
19660,61,14,30,0
19661,61,14,30,0
19662,61,14,30,0
19663,61,14,30,0
19664,61,14,30,0
19665,61,14,30,0
19666,61,14,30,0
19667,61,14,30,0
19668,61,14,30,0
19669,61,14,30,0
19670,61,14,30,0
19671,61,14,30,0
19672,61,14,30,0
19673,61,14,30,0
19674,61,14,30,0
19675,61,14,30,0
19676,61,14,30,0
19677,61,14,30,0
19678,61,14,30,0
19679,61,14,30,0
19680,61,14,30,0
19681,61,14,30,0
19682,61,14,30,0
19683,61,14,30,0
19684,61,14,30,0
19685,61,14,30,0
19686,61,14,30,0
19687,61,14,30,0
19688,61,14,30,0
19689,61,14,30,0
19690,61,14,30,0
19691,61,14,30,0
19692,61,14,30,0
19693,61,14,30,0
19694,61,14,30,0
19695,61,14,30,0
19696,61,14,30,0
19697,61,14,30,0
19698,61,14,30,0
19699,61,14,30,0
19700,61,14,30,0
19701,61,14,30,0
19702,61,14,30,0
19703,61,14,30,0
19704,61,14,30,0
19705,61,14,30,0
19706,61,14,30,0
19707,61,14,30,0
19708,61,14,30,0
19709,61,14,30,0
19710,61,14,30,0
19711,61,14,30,0
19712,61,14,30,0
19713,61,14,30,0
19714,61,14,30,0
19715,61,14,30,0
19716,61,14,30,0
19717,61,14,30,0
19718,61,14,30,0
19719,61,14,30,0
19720,61,14,30,0
19721,61,14,30,0
19722,61,14,30,0
19723,61,14,30,0
19724,61,14,30,0
19725,61,14,30,0
19726,61,14,30,0
19727,61,14,30,0
19728,61,14,30,0
19729,61,14,30,0
19730,61,14,30,0
19731,61,14,30,0
19732,61,14,30,0
19733,61,14,30,0
19734,61,14,30,0
19735,61,14,30,0
19736,61,14,30,0
19737,61,14,30,0
19738,61,14,30,0
19739,61,14,30,0
19740,61,14,30,0
19741,61,14,30,0
19742,61,14,30,0
19743,61,14,30,0
19744,61,14,30,0
19745,61,14,30,0
19746,61,14,30,0
19747,61,14,30,0
19748,61,14,30,0
19749,61,14,30,0
19750,61,14,30,0
19751,61,14,30,0
19752,61,14,30,0
19753,61,14,30,0
19754,61,14,30,0
19755,61,14,30,0
19756,61,14,30,0
19757,61,14,30,0
19758,61,14,30,0
19759,61,14,30,0
19760,61,14,30,0
19761,61,14,30,0
19762,61,14,30,0
19763,61,14,30,0
19764,61,14,30,0
19765,61,14,30,0
19766,61,14,30,0
19767,61,14,30,0
19768,61,14,30,0
19769,61,14,30,0
19770,61,14,30,0
19771,61,14,30,0
19772,61,14,30,0
19773,61,14,30,0
19774,61,14,30,0
19775,61,14,30,0
19776,61,14,30,0
19777,61,14,30,0
19778,61,14,30,0
19779,61,14,30,0
19780,61,14,30,0
19781,61,14,30,0
19782,61,14,30,0
19783,61,14,30,0
19784,61,14,30,0
19785,61,14,30,0
19786,61,14,30,0
19787,61,14,30,0
19788,61,14,30,0
19789,61,14,30,0
19790,61,14,30,0
19791,61,14,30,0
19792,61,14,30,0
19793,61,14,30,0
19794,61,14,30,0
19795,61,14,30,0
19796,61,14,30,0
19797,61,14,30,0
19798,61,14,30,0
19799,61,14,30,0
19800,61,14,30,0
19801,61,14,30,0
19802,61,14,30,0
19803,61,14,30,0
19804,61,14,30,0
19805,61,14,30,0
19806,61,14,30,0
19807,61,14,30,0
19808,61,14,30,0
19809,61,14,30,0
19810,61,14,30,0
19811,61,14,30,0
19812,61,14,30,0
19813,61,14,30,0
19814,61,14,30,0
19815,61,14,30,0
19816,61,14,30,0
19817,61,14,30,0
19818,61,14,30,0
19819,61,14,30,0
19820,61,14,30,0
19821,61,14,30,0
19822,61,14,30,0
19823,61,14,30,0
19824,61,14,30,0
19825,61,14,30,0
19826,61,14,30,0
19827,61,14,30,0
19828,61,14,30,0
19829,61,14,30,0
19830,61,14,30,0
19831,61,14,30,0
19832,61,14,30,0
19833,61,14,30,0
19834,61,14,30,0
19835,61,14,30,0
19836,61,14,30,0
19837,61,14,30,0
19838,61,14,30,0
19839,61,14,30,0
19840,61,14,30,0
19841,61,14,30,0
19842,61,14,30,0
19843,61,14,30,0
19844,61,14,30,0
19845,61,14,30,0
19846,61,14,30,0
19847,61,14,30,0
19848,61,14,30,0
19849,61,14,30,0
19850,61,14,30,0
19851,61,14,30,0
19852,61,14,30,0
19853,61,14,30,0
19854,61,14,30,0
19855,61,14,30,0
19856,61,14,30,0
19857,61,14,30,0
19858,61,14,30,0
19859,61,14,30,0
19860,61,14,30,0
19861,61,14,30,0
19862,61,14,30,0
19863,61,14,30,0
19864,61,14,30,0
19865,61,14,30,0
19866,61,14,30,0
19867,61,14,30,0
19868,61,14,30,0
19869,61,14,30,0
19870,61,14,30,0
19871,61,14,30,0
19872,61,14,30,0
19873,61,14,30,0
19874,61,14,30,0
19875,61,14,30,0
19876,61,14,30,0
19877,61,14,30,0
19878,61,14,30,0
19879,61,14,30,0
19880,61,14,30,0
19881,61,14,30,0
19882,61,14,30,0
19883,61,14,30,0
19884,61,14,30,0
19885,61,14,30,0
19886,61,14,30,0
19887,61,14,30,0
19888,61,14,30,0
19889,61,14,30,0
19890,61,14,30,0
19891,61,14,30,0
19892,61,14,30,0
19893,61,14,30,0
19894,61,14,30,0
19895,61,14,30,0
19896,61,14,30,0
19897,61,14,30,0
19898,61,14,30,0
19899,61,14,30,0
19900,61,14,30,0
19901,61,14,30,0
19902,61,14,30,0
19903,61,14,30,0
19904,61,14,30,0
19905,61,14,30,0
19906,61,14,30,0
19907,61,14,30,0
19908,61,14,30,0
19909,61,14,30,0
19910,61,14,30,0
19911,61,14,30,0
19912,61,14,30,0
19913,61,14,30,0
19914,61,14,30,0
19915,61,14,30,0
19916,61,14,30,0
19917,61,14,30,0
19918,61,14,30,0
19919,61,14,30,0
19920,61,14,30,0
19921,61,14,30,0
19922,61,14,30,0
19923,61,14,30,0
19924,61,14,30,0
19925,61,14,30,0
19926,61,14,30,0
19927,61,14,30,0
19928,61,14,30,0
19929,61,14,30,0
19930,61,14,30,0
19931,61,14,30,0
19932,61,14,30,0
19933,61,14,30,0
19934,61,14,30,0
19935,61,14,30,0
19936,61,14,30,0
19937,61,14,30,0
19938,61,14,30,0
19939,61,14,30,0
19940,61,14,30,0
19941,61,14,30,0
19942,61,14,30,0
19943,61,14,30,0
19944,61,14,30,0
19945,61,14,30,0
19946,61,14,30,0
19947,61,14,30,0
19948,61,14,30,0
19949,61,14,30,0
19950,61,14,30,0
19951,61,14,30,0
19952,61,14,30,0
19953,61,14,30,0
19954,61,14,30,0
19955,61,14,30,0
19956,61,14,30,0
19957,61,14,30,0
19958,61,14,30,0
19959,61,14,30,0
19960,61,14,30,0
19961,61,14,30,0
19962,61,14,30,0
19963,61,14,30,0
19964,61,14,30,0
19965,61,14,30,0
19966,61,14,30,0
19967,61,14,30,0
19968,61,14,30,0
19969,61,14,30,0
19970,61,14,30,0
19971,61,14,30,0
19972,61,14,30,0
19973,61,14,30,0
19974,61,14,30,0
19975,61,14,30,0
19976,61,14,30,0
19977,61,14,30,0
19978,61,14,30,0
19979,61,14,30,0
19980,61,14,30,0
19981,61,14,30,0
19982,61,14,30,0
19983,61,14,30,0
19984,61,14,30,0
19985,61,14,30,0
19986,61,14,30,0
19987,61,14,30,0
19988,61,14,30,0
19989,61,14,30,0
19990,61,14,30,0
19991,61,14,30,0
19992,61,14,30,0
19993,61,14,30,0
19994,61,14,30,0
19995,61,14,30,0
19996,61,14,30,0
19997,61,14,30,0
19998,61,14,30,0
19999,61,14,30,0
20000,61,14,30,0
20001,61,14,30,0
20002,61,14,30,0
20003,61,14,30,0
20004,61,14,30,0
20005,61,14,30,0
20006,61,14,30,0
20007,61,14,30,0
20008,61,14,30,0
20009,61,14,30,0
20010,61,14,30,0
20011,61,14,30,0
20012,61,14,30,0
20013,61,14,30,0
20014,61,14,30,0
20015,61,14,30,0
20016,61,14,30,0
20017,61,14,30,0
20018,61,14,30,0
20019,61,14,30,0
20020,61,14,30,0
20021,61,14,30,0
20022,61,14,30,0
20023,61,14,30,0
20024,61,14,30,0
20025,61,14,30,0
20026,61,14,30,0
20027,61,14,30,0
20028,61,14,30,0
20029,61,14,30,0
20030,61,14,30,0
20031,61,14,30,0
20032,61,14,30,0
20033,61,14,30,0
20034,61,14,30,0
20035,61,14,30,0
20036,61,14,30,0
20037,61,14,30,0
20038,61,14,30,0
20039,61,14,30,0
20040,61,14,30,0
20041,61,14,30,0
20042,61,14,30,0
20043,61,14,30,0
20044,61,14,30,0
20045,61,14,30,0
20046,61,14,30,0
20047,61,14,30,0
20048,61,14,30,0
20049,61,14,30,0
20050,61,14,30,0
20051,61,14,30,0
20052,61,14,30,0
20053,61,14,30,0
20054,61,14,30,0
20055,61,14,30,0
20056,61,14,30,0
20057,61,14,30,0
20058,61,14,30,0
20059,61,14,30,0
20060,61,14,30,0
20061,61,14,30,0
20062,61,14,30,0
20063,61,14,30,0
20064,61,14,30,0
20065,61,14,30,0
20066,61,14,30,0
20067,61,14,30,0
20068,61,14,30,0
20069,61,14,30,0
20070,61,14,30,0
20071,61,14,30,0
20072,61,14,30,0
20073,61,14,30,0
20074,61,14,30,0
20075,61,14,30,0
20076,61,14,30,0
20077,61,14,30,0
20078,61,14,30,0
20079,61,14,30,0
20080,61,14,30,0
20081,61,14,30,0
20082,61,14,30,0
20083,61,14,30,0
20084,61,14,30,0
20085,61,14,30,0
20086,61,14,30,0
20087,61,14,30,0
20088,61,14,30,0
20089,61,14,30,0
20090,61,14,30,0
20091,61,14,30,0
20092,61,14,30,0
20093,61,14,30,0
20094,61,14,30,0
20095,61,14,30,0
20096,61,14,30,0
20097,61,14,30,0
20098,61,14,30,0
20099,61,14,30,0
20100,61,14,30,0
20101,61,14,30,0
20102,61,14,30,0
20103,61,14,30,0
20104,61,14,30,0
20105,61,14,30,0
20106,61,14,30,0
20107,61,14,30,0
20108,61,14,30,0
20109,61,14,30,0
20110,61,14,30,0
20111,61,14,30,0
20112,61,14,30,0
20113,61,14,30,0
20114,61,14,30,0
20115,61,14,30,0
20116,61,14,30,0
20117,61,14,30,0
20118,61,14,30,0
20119,61,14,30,0
20120,61,14,30,0
20121,61,14,30,0
20122,61,14,30,0
20123,61,14,30,0
20124,61,14,30,0
20125,61,14,30,0
20126,61,14,30,0
20127,61,14,30,0
20128,61,14,30,0
20129,61,14,30,0
20130,61,14,30,0
20131,61,14,30,0
20132,61,14,30,0
20133,61,14,30,0
20134,61,14,30,0
20135,61,14,30,0
20136,61,14,30,0
20137,61,14,30,0
20138,61,14,30,0
20139,61,14,30,0
20140,61,14,30,0
20141,61,14,30,0
20142,61,14,30,0
20143,61,14,30,0
20144,61,14,30,0
20145,61,14,30,0
20146,61,14,30,0
20147,61,14,30,0
20148,61,14,30,0
20149,61,14,30,0
20150,61,14,30,0
20151,61,14,30,0
20152,61,14,30,0
20153,61,14,30,0
20154,61,14,30,0
20155,61,14,30,0
20156,61,14,30,0
20157,61,14,30,0
20158,61,14,30,0
20159,61,14,30,0
20160,61,14,30,0
20161,61,14,30,0
20162,61,14,30,0
20163,61,14,30,0
20164,61,14,30,0
20165,61,14,30,0
20166,61,14,30,0
20167,61,14,30,0
20168,61,14,30,0
20169,61,14,30,0
20170,61,14,30,0
20171,61,14,30,0
20172,61,14,30,0
20173,61,14,30,0
20174,61,14,30,0
20175,61,14,30,0
20176,61,14,30,0
20177,61,14,30,0
20178,61,14,30,0
20179,61,14,30,0
20180,61,14,30,0
20181,61,14,30,0
20182,61,14,30,0
20183,61,14,30,0
20184,61,14,30,0
20185,61,14,30,0
20186,61,14,30,0
20187,61,14,30,0
20188,61,14,30,0
20189,61,14,30,0
20190,61,14,30,0
20191,61,14,30,0
20192,61,14,30,0
20193,61,14,30,0
20194,61,14,30,0
20195,61,14,30,0
20196,61,14,30,0
20197,61,14,30,0
20198,61,14,30,0
20199,61,14,30,0
20200,61,14,30,0
20201,61,14,30,0
20202,61,14,30,0
20203,61,14,30,0
20204,61,14,30,0
20205,61,14,30,0
20206,61,14,30,0
20207,61,14,30,0
20208,61,14,30,0
20209,61,14,30,0
20210,61,14,30,0
20211,61,14,30,0
20212,61,14,30,0
20213,61,14,30,0
20214,61,14,30,0
20215,61,14,30,0
20216,61,14,30,0
20217,61,14,30,0
20218,61,14,30,0
20219,61,14,30,0
20220,61,14,30,0
20221,61,14,30,0
20222,61,14,30,0
20223,61,14,30,0
20224,61,14,30,0
20225,61,14,30,0
20226,61,14,30,0
20227,61,14,30,0
20228,61,14,30,0
20229,61,14,30,0
20230,61,14,30,0
20231,61,14,30,0
20232,61,14,30,0
20233,61,14,30,0
20234,61,14,30,0
20235,61,14,30,0
20236,61,14,30,0
20237,61,14,30,0
20238,61,14,30,0
20239,61,14,30,0
20240,61,14,30,0
20241,61,14,30,0
20242,61,14,30,0
20243,61,14,30,0
20244,61,14,30,0
20245,61,14,30,0
20246,61,14,30,0
20247,61,14,30,0
20248,61,14,30,0
20249,61,14,30,0
20250,61,14,30,0
20251,61,14,30,0
20252,61,14,30,0
20253,61,14,30,0
20254,61,14,30,0
20255,61,14,30,0
20256,61,14,30,0
20257,61,14,30,0
20258,61,14,30,0
20259,61,14,30,0
20260,61,14,30,0
20261,61,14,30,0
20262,61,14,30,0
20263,61,14,30,0
20264,61,14,30,0
20265,61,14,30,0
20266,61,14,30,0
20267,61,14,30,0
20268,61,14,30,0
20269,61,14,30,0
20270,61,14,30,0
20271,61,14,30,0
20272,61,14,30,0
20273,61,14,30,0
20274,61,14,30,0
20275,61,14,30,0
20276,61,14,30,0
20277,61,14,30,0
20278,61,14,30,0
20279,61,14,30,0
20280,61,14,30,0
20281,61,14,30,0
20282,61,14,30,0
20283,61,14,30,0
20284,61,14,30,0
20285,61,14,30,0
20286,61,14,30,0
20287,61,14,30,0
20288,61,14,30,0
20289,61,14,30,0
20290,61,14,30,0
20291,61,14,30,0
20292,61,14,30,0
20293,61,14,30,0
20294,61,14,30,0
20295,61,14,30,0
20296,61,14,30,0
20297,61,14,30,0
20298,61,14,30,0
20299,61,14,30,0
20300,61,14,30,0
20301,61,14,30,0
20302,61,14,30,0
20303,61,14,30,0
20304,61,14,30,0
20305,61,14,30,0
20306,61,14,30,0
20307,61,14,30,0
20308,61,14,30,0
20309,61,14,30,0
20310,61,14,30,0
20311,61,14,30,0
20312,61,14,30,0
20313,61,14,30,0
20314,61,14,30,0
20315,61,14,30,0
20316,61,14,30,0
20317,61,14,30,0
20318,61,14,30,0
20319,61,14,30,0
20320,61,14,30,0
20321,61,14,30,0
20322,61,14,30,0
20323,61,14,30,0
20324,61,14,30,0
20325,61,14,30,0
20326,61,14,30,0
20327,61,14,30,0
20328,61,14,30,0
20329,61,14,30,0
20330,61,14,30,0
20331,61,14,30,0
20332,61,14,30,0
20333,61,14,30,0
20334,61,14,30,0
20335,61,14,30,0
20336,61,14,30,0
20337,61,14,30,0
20338,61,14,30,0
20339,61,14,30,0
20340,61,14,30,0
20341,61,14,30,0
20342,61,14,30,0
20343,61,14,30,0
20344,61,14,30,0
20345,61,14,30,0
20346,61,14,30,0
20347,61,14,30,0
20348,61,14,30,0
20349,61,14,30,0
20350,61,14,30,0
20351,61,14,30,0
20352,61,14,30,0
20353,61,14,30,0
20354,61,14,30,0
20355,61,14,30,0
20356,61,14,30,0
20357,61,14,30,0
20358,61,14,30,0
20359,61,14,30,0
20360,61,14,30,0
20361,61,14,30,0
20362,61,14,30,0
20363,61,14,30,0
20364,61,14,30,0
20365,61,14,30,0
20366,61,14,30,0
20367,61,14,30,0
20368,61,14,30,0
20369,61,14,30,0
20370,61,14,30,0
20371,61,14,30,0
20372,61,14,30,0
20373,61,14,30,0
20374,61,14,30,0
20375,61,14,30,0
20376,61,14,30,0
20377,61,14,30,0
20378,61,14,30,0
20379,61,14,30,0
20380,61,14,30,0
20381,61,14,30,0
20382,61,14,30,0
20383,61,14,30,0
20384,61,14,30,0
20385,61,14,30,0
20386,61,14,30,0
20387,61,14,30,0
20388,61,14,30,0
20389,61,14,30,0
20390,61,14,30,0
20391,61,14,30,0
20392,61,14,30,0
20393,61,14,30,0
20394,61,14,30,0
20395,61,14,30,0
20396,61,14,30,0
20397,61,14,30,0
20398,61,14,30,0
20399,61,14,30,0
20400,61,14,30,0
20401,61,14,30,0
20402,61,14,30,0
20403,61,14,30,0
20404,61,14,30,0
20405,61,14,30,0
20406,61,14,30,0
20407,61,14,30,0
20408,61,14,30,0
20409,61,14,30,0
20410,61,14,30,0
20411,61,14,30,0
20412,61,14,30,0
20413,61,14,30,0
20414,61,14,30,0
20415,61,14,30,0
20416,61,14,30,0
20417,61,14,30,0
20418,61,14,30,0
20419,61,14,30,0
20420,61,14,30,0
20421,61,14,30,0
20422,61,14,30,0
20423,61,14,30,0
20424,61,14,30,0
20425,61,14,30,0
20426,61,14,30,0
20427,61,14,30,0
20428,61,14,30,0
20429,61,14,30,0
20430,61,14,30,0
20431,61,14,30,0
20432,61,14,30,0
20433,61,14,30,0
20434,61,14,30,0
20435,61,14,30,0
20436,61,14,30,0
20437,61,14,30,0
20438,61,14,30,0
20439,61,14,30,0
20440,61,14,30,0
20441,61,14,30,0
20442,61,14,30,0
20443,61,14,30,0
20444,61,14,30,0
20445,61,14,30,0
20446,61,14,30,0
20447,61,14,30,0
20448,61,14,30,0
20449,61,14,30,0
20450,61,14,30,0
20451,61,14,30,0
20452,61,14,30,0
20453,61,14,30,0
20454,61,14,30,0
20455,61,14,30,0
20456,61,14,30,0
20457,61,14,30,0
20458,61,14,30,0
20459,61,14,30,0
20460,61,14,30,0
20461,61,14,30,0
20462,61,14,30,0
20463,61,14,30,0
20464,61,14,30,0
20465,61,14,30,0
20466,61,14,30,0
20467,61,14,30,0
20468,61,14,30,0
20469,61,14,30,0
20470,61,14,30,0
20471,61,14,30,0
20472,61,14,30,0
20473,61,14,30,0
20474,61,14,30,0
20475,61,14,30,0
20476,61,14,30,0
20477,61,14,30,0
20478,61,14,30,0
20479,61,14,30,0
20480,61,14,30,0
20481,61,14,30,0
20482,61,14,30,0
20483,61,14,30,0
20484,61,14,30,0
20485,61,14,30,0
20486,61,14,30,0
20487,61,14,30,0
20488,61,14,30,0
20489,61,14,30,0
20490,61,14,30,0
20491,61,14,30,0
20492,61,14,30,0
20493,61,14,30,0
20494,61,14,30,0
20495,61,14,30,0
20496,61,14,30,0
20497,61,14,30,0
20498,61,14,30,0
20499,61,14,30,0
20500,61,14,30,0
20501,61,14,30,0
20502,61,14,30,0
20503,61,14,30,0
20504,61,14,30,0
20505,61,14,30,0
20506,61,14,30,0
20507,61,14,30,0
20508,61,14,30,0
20509,61,14,30,0
20510,61,14,30,0
20511,61,14,30,0
20512,61,14,30,0
20513,61,14,30,0
20514,61,14,30,0
20515,61,14,30,0
20516,61,14,30,0
20517,61,14,30,0
20518,61,14,30,0
20519,61,14,30,0
20520,61,14,30,0
20521,61,14,30,0
20522,61,14,30,0
20523,61,14,30,0
20524,61,14,30,0
20525,61,14,30,0
20526,61,14,30,0
20527,61,14,30,0
20528,61,14,30,0
20529,61,14,30,0
20530,61,14,30,0
20531,61,14,30,0
20532,61,14,30,0
20533,61,14,30,0
20534,61,14,30,0
20535,61,14,30,0
20536,61,14,30,0
20537,61,14,30,0
20538,61,14,30,0
20539,61,14,30,0
20540,61,14,30,0
20541,61,14,30,0
20542,61,14,30,0
20543,61,14,30,0
20544,61,14,30,0
20545,61,14,30,0
20546,61,14,30,0
20547,61,14,30,0
20548,61,14,30,0
20549,61,14,30,0
20550,61,14,30,0
20551,61,14,30,0
20552,61,14,30,0
20553,61,14,30,0
20554,61,14,30,0
20555,61,14,30,0
20556,61,14,30,0
20557,61,14,30,0
20558,61,14,30,0
20559,61,14,30,0
20560,61,14,30,0
20561,61,14,30,0
20562,61,14,30,0
20563,61,14,30,0
20564,61,14,30,0
20565,61,14,30,0
20566,61,14,30,0
20567,61,14,30,0
20568,61,14,30,0
20569,61,14,30,0
20570,61,14,30,0
20571,61,14,30,0
20572,61,14,30,0
20573,61,14,30,0
20574,61,14,30,0
20575,61,14,30,0
20576,61,14,30,0
20577,61,14,30,0
20578,61,14,30,0
20579,61,14,30,0
20580,61,14,30,0
20581,61,14,30,0
20582,61,14,30,0
20583,61,14,30,0
20584,61,14,30,0
20585,61,14,30,0
20586,61,14,30,0
20587,61,14,30,0
20588,61,14,30,0
20589,61,14,30,0
20590,61,14,30,0
20591,61,14,30,0
20592,61,14,30,0
20593,61,14,30,0
20594,61,14,30,0
20595,61,14,30,0
20596,61,14,30,0
20597,61,14,30,0
20598,61,14,30,0
20599,61,14,30,0
20600,61,14,30,0
20601,61,14,30,0
20602,61,14,30,0
20603,61,14,30,0
20604,61,14,30,0
20605,61,14,30,0
20606,61,14,30,0
20607,61,14,30,0
20608,61,14,30,0
20609,61,14,30,0
20610,61,14,30,0
20611,61,14,30,0
20612,61,14,30,0
20613,61,14,30,0
20614,61,14,30,0
20615,61,14,30,0
20616,61,14,30,0
20617,61,14,30,0
20618,61,14,30,0
20619,61,14,30,0
20620,61,14,30,0
20621,61,14,30,0
20622,61,14,30,0
20623,61,14,30,0
20624,61,14,30,0
20625,61,14,30,0
20626,61,14,30,0
20627,61,14,30,0
20628,61,14,30,0
20629,61,14,30,0
20630,61,14,30,0
20631,61,14,30,0
20632,61,14,30,0
20633,61,14,30,0
20634,61,14,30,0
20635,61,14,30,0
20636,61,14,30,0
20637,61,14,30,0
20638,61,14,30,0
20639,61,14,30,0
20640,61,14,30,0
20641,61,14,30,0
20642,61,14,30,0
20643,61,14,30,0
20644,61,14,30,0
20645,61,14,30,0
20646,61,14,30,0
20647,61,14,30,0
20648,61,14,30,0
20649,61,14,30,0
20650,61,14,30,0
20651,61,14,30,0
20652,61,14,30,0
20653,61,14,30,0
20654,61,14,30,0
20655,61,14,30,0
20656,61,14,30,0
20657,61,14,30,0
20658,61,14,30,0
20659,61,14,30,0
20660,61,14,30,0
20661,61,14,30,0
20662,61,14,30,0
20663,61,14,30,0
20664,61,14,30,0
20665,61,14,30,0
20666,61,14,30,0
20667,61,14,30,0
20668,61,14,30,0
20669,61,14,30,0
20670,61,14,30,0
20671,61,14,30,0
20672,61,14,30,0
20673,61,14,30,0
20674,61,14,30,0
20675,61,14,30,0
20676,61,14,30,0
20677,61,14,30,0
20678,61,14,30,0
20679,61,14,30,0
20680,61,14,30,0
20681,61,14,30,0
20682,61,14,30,0
20683,61,14,30,0
20684,61,14,30,0
20685,61,14,30,0
20686,61,14,30,0
20687,61,14,30,0
20688,61,14,30,0
20689,61,14,30,0
20690,61,14,30,0
20691,61,14,30,0
20692,61,14,30,0
20693,61,14,30,0
20694,61,14,30,0
20695,61,14,30,0
20696,61,14,30,0
20697,61,14,30,0
20698,61,14,30,0
20699,61,14,30,0
20700,61,14,30,0
20701,61,14,30,0
20702,61,14,30,0
20703,61,14,30,0
20704,61,14,30,0
20705,61,14,30,0
20706,61,14,30,0
20707,61,14,30,0
20708,61,14,30,0
20709,61,14,30,0
20710,61,14,30,0
20711,61,14,30,0
20712,61,14,30,0
20713,61,14,30,0
20714,61,14,30,0
20715,61,14,30,0
20716,61,14,30,0
20717,61,14,30,0
20718,61,14,30,0
20719,61,14,30,0
20720,61,14,30,0
20721,61,14,30,0
20722,61,14,30,0
20723,61,14,30,0
20724,61,14,30,0
20725,61,14,30,0
20726,61,14,30,0
20727,61,14,30,0
20728,61,14,30,0
20729,61,14,30,0
20730,61,14,30,0
20731,61,14,30,0
20732,61,14,30,0
20733,61,14,30,0
20734,61,14,30,0
20735,61,14,30,0
20736,61,14,30,0
20737,61,14,30,0
20738,61,14,30,0
20739,61,14,30,0
20740,61,14,30,0
20741,61,14,30,0
20742,61,14,30,0
20743,61,14,30,0
20744,61,14,30,0
20745,61,14,30,0
20746,61,14,30,0
20747,61,14,30,0
20748,61,14,30,0
20749,61,14,30,0
20750,61,14,30,0
20751,61,14,30,0
20752,61,14,30,0
20753,61,14,30,0
20754,61,14,30,0
20755,61,14,30,0
20756,61,14,30,0
20757,61,14,30,0
20758,61,14,30,0
20759,61,14,30,0
20760,61,14,30,0
20761,61,14,30,0
20762,61,14,30,0
20763,61,14,30,0
20764,61,14,30,0
20765,61,14,30,0
20766,61,14,30,0
20767,61,14,30,0
20768,61,14,30,0
20769,61,14,30,0
20770,61,14,30,0
20771,61,14,30,0
20772,61,14,30,0
20773,61,14,30,0
20774,61,14,30,0
20775,61,14,30,0
20776,61,14,30,0
20777,61,14,30,0
20778,61,14,30,0
20779,61,14,30,0
20780,61,14,30,0
20781,61,14,30,0
20782,61,14,30,0
20783,61,14,30,0
20784,61,14,30,0
20785,61,14,30,0
20786,61,14,30,0
20787,61,14,30,0
20788,61,14,30,0
20789,61,14,30,0
20790,61,14,30,0
20791,61,14,30,0
20792,61,14,30,0
20793,61,14,30,0
20794,61,14,30,0
20795,61,14,30,0
20796,61,14,30,0
20797,61,14,30,0
20798,61,14,30,0
20799,61,14,30,0
20800,61,14,30,0
20801,61,14,30,0
20802,61,14,30,0
20803,61,14,30,0
20804,61,14,30,0
20805,61,14,30,0
20806,61,14,30,0
20807,61,14,30,0
20808,61,14,30,0
20809,61,14,30,0
20810,61,14,30,0
20811,61,14,30,0
20812,61,14,30,0
20813,61,14,30,0
20814,61,14,30,0
20815,61,14,30,0
20816,61,14,30,0
20817,61,14,30,0
20818,61,14,30,0
20819,61,14,30,0
20820,61,14,30,0
20821,61,14,30,0
20822,61,14,30,0
20823,61,14,30,0
20824,61,14,30,0
20825,61,14,30,0
20826,61,14,30,0
20827,61,14,30,0
20828,61,14,30,0
20829,61,14,30,0
20830,61,14,30,0
20831,61,14,30,0
20832,61,14,30,0
20833,61,14,30,0
20834,61,14,30,0
20835,61,14,30,0
20836,61,14,30,0
20837,61,14,30,0
20838,61,14,30,0
20839,61,14,30,0
20840,61,14,30,0
20841,61,14,30,0
20842,61,14,30,0
20843,61,14,30,0
20844,61,14,30,0
20845,61,14,30,0
20846,61,14,30,0
20847,61,14,30,0
20848,61,14,30,0
20849,61,14,30,0
20850,61,14,30,0
20851,61,14,30,0
20852,61,14,30,0
20853,61,14,30,0
20854,61,14,30,0
20855,61,14,30,0
20856,61,14,30,0
20857,61,14,30,0
20858,61,14,30,0
20859,61,14,30,0
20860,61,14,30,0
20861,61,14,30,0
20862,61,14,30,0
20863,61,14,30,0
20864,61,14,30,0
20865,61,14,30,0
20866,61,14,30,0
20867,61,14,30,0
20868,61,14,30,0
20869,61,14,30,0
20870,61,14,30,0
20871,61,14,30,0
20872,61,14,30,0
20873,61,14,30,0
20874,61,14,30,0
20875,61,14,30,0
20876,61,14,30,0
20877,61,14,30,0
20878,61,14,30,0
20879,61,14,30,0
20880,61,14,30,0
20881,61,14,30,0
20882,61,14,30,0
20883,61,14,30,0
20884,61,14,30,0
20885,61,14,30,0
20886,61,14,30,0
20887,61,14,30,0
20888,61,14,30,0
20889,61,14,30,0
20890,61,14,30,0
20891,61,14,30,0
20892,61,14,30,0
20893,61,14,30,0
20894,61,14,30,0
20895,61,14,30,0
20896,61,14,30,0
20897,61,14,30,0
20898,61,14,30,0
20899,61,14,30,0
20900,61,14,30,0
20901,61,14,30,0
20902,61,14,30,0
20903,61,14,30,0
20904,61,14,30,0
20905,61,14,30,0
20906,61,14,30,0
20907,61,14,30,0
20908,61,14,30,0
20909,61,14,30,0
20910,61,14,30,0
20911,61,14,30,0
20912,61,14,30,0
20913,61,14,30,0
20914,61,14,30,0
20915,61,14,30,0
20916,61,14,30,0
20917,61,14,30,0
20918,61,14,30,0
20919,61,14,30,0
20920,61,14,30,0
20921,61,14,30,0
20922,61,14,30,0
20923,61,14,30,0
20924,61,14,30,0
20925,61,14,30,0
20926,61,14,30,0
20927,61,14,30,0
20928,61,14,30,0
20929,61,14,30,0
20930,61,14,30,0
20931,61,14,30,0
20932,61,14,30,0
20933,61,14,30,0
20934,61,14,30,0
20935,61,14,30,0
20936,61,14,30,0
20937,61,14,30,0
20938,61,14,30,0
20939,61,14,30,0
20940,61,14,30,0
20941,61,14,30,0
20942,61,14,30,0
20943,61,14,30,0
20944,61,14,30,0
20945,61,14,30,0
20946,61,14,30,0
20947,61,14,30,0
20948,61,14,30,0
20949,61,14,30,0
20950,61,14,30,0
20951,61,14,30,0
20952,61,14,30,0
20953,61,14,30,0
20954,61,14,30,0
20955,61,14,30,0
20956,61,14,30,0
20957,61,14,30,0
20958,61,14,30,0
20959,61,14,30,0
20960,61,14,30,0
20961,61,14,30,0
20962,61,14,30,0
20963,61,14,30,0
20964,61,14,30,0
20965,61,14,30,0
20966,61,14,30,0
20967,61,14,30,0
20968,61,14,30,0
20969,61,14,30,0
20970,61,14,30,0
20971,61,14,30,0
20972,61,14,30,0
20973,61,14,30,0
20974,61,14,30,0
20975,61,14,30,0
20976,61,14,30,0
20977,61,14,30,0
20978,61,14,30,0
20979,61,14,30,0
20980,61,14,30,0
20981,61,14,30,0
20982,61,14,30,0
20983,61,14,30,0
20984,61,14,30,0
20985,61,14,30,0
20986,61,14,30,0
20987,61,14,30,0
20988,61,14,30,0
20989,61,14,30,0
20990,61,14,30,0
20991,61,14,30,0
20992,61,14,30,0
20993,61,14,30,0
20994,61,14,30,0
20995,61,14,30,0
20996,61,14,30,0
20997,61,14,30,0
20998,61,14,30,0
20999,61,14,30,0
21000,61,14,30,0
21001,61,14,30,0
21002,61,14,30,0
21003,61,14,30,0
21004,61,14,30,0
21005,61,14,30,0
21006,61,14,30,0
21007,61,14,30,0
21008,61,14,30,0
21009,61,14,30,0
21010,61,14,30,0
21011,61,14,30,0
21012,61,14,30,0
21013,61,14,30,0
21014,61,14,30,0
21015,61,14,30,0
21016,61,14,30,0
21017,61,14,30,0
21018,61,14,30,0
21019,61,14,30,0
21020,61,14,30,0
21021,61,14,30,0
21022,61,14,30,0
21023,61,14,30,0
21024,61,14,30,0
21025,61,14,30,0
21026,61,14,30,0
21027,61,14,30,0
21028,61,14,30,0
21029,61,14,30,0
21030,61,14,30,0
21031,61,14,30,0
21032,61,14,30,0
21033,61,14,30,0
21034,61,14,30,0
21035,61,14,30,0
21036,61,14,30,0
21037,61,14,30,0
21038,61,14,30,0
21039,61,14,30,0
21040,61,14,30,0
21041,61,14,30,0
21042,61,14,30,0
21043,61,14,30,0
21044,61,14,30,0
21045,61,14,30,0
21046,61,14,30,0
21047,61,14,30,0
21048,61,14,30,0
21049,61,14,30,0
21050,61,14,30,0
21051,61,14,30,0
21052,61,14,30,0
21053,61,14,30,0
21054,61,14,30,0
21055,61,14,30,0
21056,61,14,30,0
21057,61,14,30,0
21058,61,14,30,0
21059,61,14,30,0
21060,61,14,30,0
21061,61,14,30,0
21062,61,14,30,0
21063,61,14,30,0
21064,61,14,30,0
21065,61,14,30,0
21066,61,14,30,0
21067,61,14,30,0
21068,61,14,30,0
21069,61,14,30,0
21070,61,14,30,0
21071,61,14,30,0
21072,61,14,30,0
21073,61,14,30,0
21074,61,14,30,0
21075,61,14,30,0
21076,61,14,30,0
21077,61,14,30,0
21078,61,14,30,0
21079,61,14,30,0
21080,61,14,30,0
21081,61,14,30,0
21082,61,14,30,0
21083,61,14,30,0
21084,61,14,30,0
21085,61,14,30,0
21086,61,14,30,0
21087,61,14,30,0
21088,61,14,30,0
21089,61,14,30,0
21090,61,14,30,0
21091,61,14,30,0
21092,61,14,30,0
21093,61,14,30,0
21094,61,14,30,0
21095,61,14,30,0
21096,61,14,30,0
21097,61,14,30,0
21098,61,14,30,0
21099,61,14,30,0
21100,61,14,30,0
21101,61,14,30,0
21102,61,14,30,0
21103,61,14,30,0
21104,61,14,30,0
21105,61,14,30,0
21106,61,14,30,0
21107,61,14,30,0
21108,61,14,30,0
21109,61,14,30,0
21110,61,14,30,0
21111,61,14,30,0
21112,61,14,30,0
21113,61,14,30,0
21114,61,14,30,0
21115,61,14,30,0
21116,61,14,30,0
21117,61,14,30,0
21118,61,14,30,0
21119,61,14,30,0
21120,61,14,30,0
21121,61,14,30,0
21122,61,14,30,0
21123,61,14,30,0
21124,61,14,30,0
21125,61,14,30,0
21126,61,14,30,0
21127,61,14,30,0
21128,61,14,30,0
21129,61,14,30,0
21130,61,14,30,0
21131,61,14,30,0
21132,61,14,30,0
21133,61,14,30,0
21134,61,14,30,0
21135,61,14,30,0
21136,61,14,30,0
21137,61,14,30,0
21138,61,14,30,0
21139,61,14,30,0
21140,61,14,30,0
21141,61,14,30,0
21142,61,14,30,0
21143,61,14,30,0
21144,61,14,30,0
21145,61,14,30,0
21146,61,14,30,0
21147,61,14,30,0
21148,61,14,30,0
21149,61,14,30,0
21150,61,14,30,0
21151,61,14,30,0
21152,61,14,30,0
21153,61,14,30,0
21154,61,14,30,0
21155,61,14,30,0
21156,61,14,30,0
21157,61,14,30,0
21158,61,14,30,0
21159,61,14,30,0
21160,61,14,30,0
21161,61,14,30,0
21162,61,14,30,0
21163,61,14,30,0
21164,61,14,30,0
21165,61,14,30,0
21166,61,14,30,0
21167,61,14,30,0
21168,61,14,30,0
21169,61,14,30,0
21170,61,14,30,0
21171,61,14,30,0
21172,61,14,30,0
21173,61,14,30,0
21174,61,14,30,0
21175,61,14,30,0
21176,61,14,30,0
21177,61,14,30,0
21178,61,14,30,0
21179,61,14,30,0
21180,61,14,30,0
21181,61,14,30,0
21182,61,14,30,0
21183,61,14,30,0
21184,61,14,30,0
21185,61,14,30,0
21186,61,14,30,0
21187,61,14,30,0
21188,61,14,30,0
21189,61,14,30,0
21190,61,14,30,0
21191,61,14,30,0
21192,61,14,30,0
21193,61,14,30,0
21194,61,14,30,0
21195,61,14,30,0
21196,61,14,30,0
21197,61,14,30,0
21198,61,14,30,0
21199,61,14,30,0
21200,61,14,30,0
21201,61,14,30,0
21202,61,14,30,0
21203,61,14,30,0
21204,61,14,30,0
21205,61,14,30,0
21206,61,14,30,0
21207,61,14,30,0
21208,61,14,30,0
21209,61,14,30,0
21210,61,14,30,0
21211,61,14,30,0
21212,61,14,30,0
21213,61,14,30,0
21214,61,14,30,0
21215,61,14,30,0
21216,61,14,30,0
21217,61,14,30,0
21218,61,14,30,0
21219,61,14,30,0
21220,61,14,30,0
21221,61,14,30,0
21222,61,14,30,0
21223,61,14,30,0
21224,61,14,30,0
21225,61,14,30,0
21226,61,14,30,0
21227,61,14,30,0
21228,61,14,30,0
21229,61,14,30,0
21230,61,14,30,0
21231,61,14,30,0
21232,61,14,30,0
21233,61,14,30,0
21234,61,14,30,0
21235,61,14,30,0
21236,61,14,30,0
21237,61,14,30,0
21238,61,14,30,0
21239,61,14,30,0
21240,61,14,30,0
21241,61,14,30,0
21242,61,14,30,0
21243,61,14,30,0
21244,61,14,30,0
21245,61,14,30,0
21246,61,14,30,0
21247,61,14,30,0
21248,61,14,30,0
21249,61,14,30,0
21250,61,14,30,0
21251,61,14,30,0
21252,61,14,30,0
21253,61,14,30,0
21254,61,14,30,0
21255,61,14,30,0
21256,61,14,30,0
21257,61,14,30,0
21258,61,14,30,0
21259,61,14,30,0
21260,61,14,30,0
21261,61,14,30,0
21262,61,14,30,0
21263,61,14,30,0
21264,61,14,30,0
21265,61,14,30,0
21266,61,14,30,0
21267,61,14,30,0
21268,61,14,30,0
21269,61,14,30,0
21270,61,14,30,0
21271,61,14,30,0
21272,61,14,30,0
21273,61,14,30,0
21274,61,14,30,0
21275,61,14,30,0
21276,61,14,30,0
21277,61,14,30,0
21278,61,14,30,0
21279,61,14,30,0
21280,61,14,30,0
21281,61,14,30,0
21282,61,14,30,0
21283,61,14,30,0
21284,61,14,30,0
21285,61,14,30,0
21286,61,14,30,0
21287,61,14,30,0
21288,61,14,30,0
21289,61,14,30,0
21290,61,14,30,0
21291,61,14,30,0
21292,61,14,30,0
21293,61,14,30,0
21294,61,14,30,0
21295,61,14,30,0
21296,61,14,30,0
21297,61,14,30,0
21298,61,14,30,0
21299,61,14,30,0
21300,61,14,30,0
21301,61,14,30,0
21302,61,14,30,0
21303,61,14,30,0
21304,61,14,30,0
21305,61,14,30,0
21306,61,14,30,0
21307,61,14,30,0
21308,61,14,30,0
21309,61,14,30,0
21310,61,14,30,0
21311,61,14,30,0
21312,61,14,30,0
21313,61,14,30,0
21314,61,14,30,0
21315,61,14,30,0
21316,61,14,30,0
21317,61,14,30,0
21318,61,14,30,0
21319,61,14,30,0
21320,61,14,30,0
21321,61,14,30,0
21322,61,14,30,0
21323,61,14,30,0
21324,61,14,30,0
21325,61,14,30,0
21326,61,14,30,0
21327,61,14,30,0
21328,61,14,30,0
21329,61,14,30,0
21330,61,14,30,0
21331,61,14,30,0
21332,61,14,30,0
21333,61,14,30,0
21334,61,14,30,0
21335,61,14,30,0
21336,61,14,30,0
21337,61,14,30,0
21338,61,14,30,0
21339,61,14,30,0
21340,61,14,30,0
21341,61,14,30,0
21342,61,14,30,0
21343,61,14,30,0
21344,61,14,30,0
21345,61,14,30,0
21346,61,14,30,0
21347,61,14,30,0
21348,61,14,30,0
21349,61,14,30,0
21350,61,14,30,0
21351,61,14,30,0
21352,61,14,30,0
21353,61,14,30,0
21354,61,14,30,0
21355,61,14,30,0
21356,61,14,30,0
21357,61,14,30,0
21358,61,14,30,0
21359,61,14,30,0
21360,61,14,30,0
21361,61,14,30,0
21362,61,14,30,0
21363,61,14,30,0
21364,61,14,30,0
21365,61,14,30,0
21366,61,14,30,0
21367,61,14,30,0
21368,61,14,30,0
21369,61,14,30,0
21370,61,14,30,0
21371,61,14,30,0
21372,61,14,30,0
21373,61,14,30,0
21374,61,14,30,0
21375,61,14,30,0
21376,61,14,30,0
21377,61,14,30,0
21378,61,14,30,0
21379,61,14,30,0
21380,61,14,30,0
21381,61,14,30,0
21382,61,14,30,0
21383,61,14,30,0
21384,61,14,30,0
21385,61,14,30,0
21386,61,14,30,0
21387,61,14,30,0
21388,61,14,30,0
21389,61,14,30,0
21390,61,14,30,0
21391,61,14,30,0
21392,61,14,30,0
21393,61,14,30,0
21394,61,14,30,0
21395,61,14,30,0
21396,61,14,30,0
21397,61,14,30,0
21398,61,14,30,0
21399,61,14,30,0
21400,61,14,30,0
21401,61,14,30,0
21402,61,14,30,0
21403,61,14,30,0
21404,61,14,30,0
21405,61,14,30,0
21406,61,14,30,0
21407,61,14,30,0
21408,61,14,30,0
21409,61,14,30,0
21410,61,14,30,0
21411,61,14,30,0
21412,61,14,30,0
21413,61,14,30,0
21414,61,14,30,0
21415,61,14,30,0
21416,61,14,30,0
21417,61,14,30,0
21418,61,14,30,0
21419,61,14,30,0
21420,61,14,30,0
21421,61,14,30,0
21422,61,14,30,0
21423,61,14,30,0
21424,61,14,30,0
21425,61,14,30,0
21426,61,14,30,0
21427,61,14,30,0
21428,61,14,30,0
21429,61,14,30,0
21430,61,14,30,0
21431,61,14,30,0
21432,61,14,30,0
21433,61,14,30,0
21434,61,14,30,0
21435,61,14,30,0
21436,61,14,30,0
21437,61,14,30,0
21438,61,14,30,0
21439,61,14,30,0
21440,61,14,30,0
21441,61,14,30,0
21442,61,14,30,0
21443,61,14,30,0
21444,61,14,30,0
21445,61,14,30,0
21446,61,14,30,0
21447,61,14,30,0
21448,61,14,30,0
21449,61,14,30,0
21450,61,14,30,0
21451,61,14,30,0
21452,61,14,30,0
21453,61,14,30,0
21454,61,14,30,0
21455,61,14,30,0
21456,61,14,30,0
21457,61,14,30,0
21458,61,14,30,0
21459,61,14,30,0
21460,61,14,30,0
21461,61,14,30,0
21462,61,14,30,0
21463,61,14,30,0
21464,61,14,30,0
21465,61,14,30,0
21466,61,14,30,0
21467,61,14,30,0
21468,61,14,30,0
21469,61,14,30,0
21470,61,14,30,0
21471,61,14,30,0
21472,61,14,30,0
21473,61,14,30,0
21474,61,14,30,0
21475,61,14,30,0
21476,61,14,30,0
21477,61,14,30,0
21478,61,14,30,0
21479,61,14,30,0
21480,61,14,30,0
21481,61,14,30,0
21482,61,14,30,0
21483,61,14,30,0
21484,61,14,30,0
21485,61,14,30,0
21486,61,14,30,0
21487,61,14,30,0
21488,61,14,30,0
21489,61,14,30,0
21490,61,14,30,0
21491,61,14,30,0
21492,61,14,30,0
21493,61,14,30,0
21494,61,14,30,0
21495,61,14,30,0
21496,61,14,30,0
21497,61,14,30,0
21498,61,14,30,0
21499,61,14,30,0
21500,61,14,30,0
21501,61,14,30,0
21502,61,14,30,0
21503,61,14,30,0
21504,61,14,30,0
21505,61,14,30,0
21506,61,14,30,0
21507,61,14,30,0
21508,61,14,30,0
21509,61,14,30,0
21510,61,14,30,0
21511,61,14,30,0
21512,61,14,30,0
21513,61,14,30,0
21514,61,14,30,0
21515,61,14,30,0
21516,61,14,30,0
21517,61,14,30,0
21518,61,14,30,0
21519,61,14,30,0
21520,61,14,30,0
21521,61,14,30,0
21522,61,14,30,0
21523,61,14,30,0
21524,61,14,30,0
21525,61,14,30,0
21526,61,14,30,0
21527,61,14,30,0
21528,61,14,30,0
21529,61,14,30,0
21530,61,14,30,0
21531,61,14,30,0
21532,61,14,30,0
21533,61,14,30,0
21534,61,14,30,0
21535,61,14,30,0
21536,61,14,30,0
21537,61,14,30,0
21538,61,14,30,0
21539,61,14,30,0
21540,61,14,30,0
21541,61,14,30,0
21542,61,14,30,0
21543,61,14,30,0
21544,61,14,30,0
21545,61,14,30,0
21546,61,14,30,0
21547,61,14,30,0
21548,61,14,30,0
21549,61,14,30,0
21550,61,14,30,0
21551,61,14,30,0
21552,61,14,30,0
21553,61,14,30,0
21554,61,14,30,0
21555,61,14,30,0
21556,61,14,30,0
21557,61,14,30,0
21558,61,14,30,0
21559,61,14,30,0
21560,61,14,30,0
21561,61,14,30,0
21562,61,14,30,0
21563,61,14,30,0
21564,61,14,30,0
21565,61,14,30,0
21566,61,14,30,0
21567,61,14,30,0
21568,61,14,30,0
21569,61,14,30,0
21570,61,14,30,0
21571,61,14,30,0
21572,61,14,30,0
21573,61,14,30,0
21574,61,14,30,0
21575,61,14,30,0
21576,61,14,30,0
21577,61,14,30,0
21578,61,14,30,0
21579,61,14,30,0
21580,61,14,30,0
21581,61,14,30,0
21582,61,14,30,0
21583,61,14,30,0
21584,61,14,30,0
21585,61,14,30,0
21586,61,14,30,0
21587,61,14,30,0
21588,61,14,30,0
21589,61,14,30,0
21590,61,14,30,0
21591,61,14,30,0
21592,61,14,30,0
21593,61,14,30,0
21594,61,14,30,0
21595,61,14,30,0
21596,61,14,30,0
21597,61,14,30,0
21598,61,14,30,0
21599,61,14,30,0
21600,61,14,30,0
21601,61,14,30,0
21602,61,14,30,0
21603,61,14,30,0
21604,61,14,30,0
21605,61,14,30,0
21606,61,14,30,0
21607,61,14,30,0
21608,61,14,30,0
21609,61,14,30,0
21610,61,14,30,0
21611,61,14,30,0
21612,61,14,30,0
21613,61,14,30,0
21614,61,14,30,0
21615,61,14,30,0
21616,61,14,30,0
21617,61,14,30,0
21618,61,14,30,0
21619,61,14,30,0
21620,61,14,30,0
21621,61,14,30,0
21622,61,14,30,0
21623,61,14,30,0
21624,61,14,30,0
21625,61,14,30,0
21626,61,14,30,0
21627,61,14,30,0
21628,61,14,30,0
21629,61,14,30,0
21630,61,14,30,0
21631,61,14,30,0
21632,61,14,30,0
21633,61,14,30,0
21634,61,14,30,0
21635,61,14,30,0
21636,61,14,30,0
21637,61,14,30,0
21638,61,14,30,0
21639,61,14,30,0
21640,61,14,30,0
21641,61,14,30,0
21642,61,14,30,0
21643,61,14,30,0
21644,61,14,30,0
21645,61,14,30,0
21646,61,14,30,0
21647,61,14,30,0
21648,61,14,30,0
21649,61,14,30,0
21650,61,14,30,0
21651,61,14,30,0
21652,61,14,30,0
21653,61,14,30,0
21654,61,14,30,0
21655,61,14,30,0
21656,61,14,30,0
21657,61,14,30,0
21658,61,14,30,0
21659,61,14,30,0
21660,61,14,30,0
21661,61,14,30,0
21662,61,14,30,0
21663,61,14,30,0
21664,61,14,30,0
21665,61,14,30,0
21666,61,14,30,0
21667,61,14,30,0
21668,61,14,30,0
21669,61,14,30,0
21670,61,14,30,0
21671,61,14,30,0
21672,61,14,30,0
21673,61,14,30,0
21674,61,14,30,0
21675,61,14,30,0
21676,61,14,30,0
21677,61,14,30,0
21678,61,14,30,0
21679,61,14,30,0
21680,61,14,30,0
21681,61,14,30,0
21682,61,14,30,0
21683,61,14,30,0
21684,61,14,30,0
21685,61,14,30,0
21686,61,14,30,0
21687,61,14,30,0
21688,61,14,30,0
21689,61,14,30,0
21690,61,14,30,0
21691,61,14,30,0
21692,61,14,30,0
21693,61,14,30,0
21694,61,14,30,0
21695,61,14,30,0
21696,61,14,30,0
21697,61,14,30,0
21698,61,14,30,0
21699,61,14,30,0
21700,61,14,30,0
21701,61,14,30,0
21702,61,14,30,0
21703,61,14,30,0
21704,61,14,30,0
21705,61,14,30,0
21706,61,14,30,0
21707,61,14,30,0
21708,61,14,30,0
21709,61,14,30,0
21710,61,14,30,0
21711,61,14,30,0
21712,61,14,30,0
21713,61,14,30,0
21714,61,14,30,0
21715,61,14,30,0
21716,61,14,30,0
21717,61,14,30,0
21718,61,14,30,0
21719,61,14,30,0
21720,61,14,30,0
21721,61,14,30,0
21722,61,14,30,0
21723,61,14,30,0
21724,61,14,30,0
21725,61,14,30,0
21726,61,14,30,0
21727,61,14,30,0
21728,61,14,30,0
21729,61,14,30,0
21730,61,14,30,0
21731,61,14,30,0
21732,61,14,30,0
21733,61,14,30,0
21734,61,14,30,0
21735,61,14,30,0
21736,61,14,30,0
21737,61,14,30,0
21738,61,14,30,0
21739,61,14,30,0
21740,61,14,30,0
21741,61,14,30,0
21742,61,14,30,0
21743,61,14,30,0
21744,61,14,30,0
21745,61,14,30,0
21746,61,14,30,0
21747,61,14,30,0
21748,61,14,30,0
21749,61,14,30,0
21750,61,14,30,0
21751,61,14,30,0
21752,61,14,30,0
21753,61,14,30,0
21754,61,14,30,0
21755,61,14,30,0
21756,61,14,30,0
21757,61,14,30,0
21758,61,14,30,0
21759,61,14,30,0
21760,61,14,30,0
21761,61,14,30,0
21762,61,14,30,0
21763,61,14,30,0
21764,61,14,30,0
21765,61,14,30,0
21766,61,14,30,0
21767,61,14,30,0
21768,61,14,30,0
21769,61,14,30,0
21770,61,14,30,0
21771,61,14,30,0
21772,61,14,30,0
21773,61,14,30,0
21774,61,14,30,0
21775,61,14,30,0
21776,61,14,30,0
21777,61,14,30,0
21778,61,14,30,0
21779,61,14,30,0
21780,61,14,30,0
21781,61,14,30,0
21782,61,14,30,0
21783,61,14,30,0
21784,61,14,30,0
21785,61,14,30,0
21786,61,14,30,0
21787,61,14,30,0
21788,61,14,30,0
21789,61,14,30,0
21790,61,14,30,0
21791,61,14,30,0
21792,61,14,30,0
21793,61,14,30,0
21794,61,14,30,0
21795,61,14,30,0
21796,61,14,30,0
21797,61,14,30,0
21798,61,14,30,0
21799,61,14,30,0
21800,61,14,30,0
21801,61,14,30,0
21802,61,14,30,0
21803,61,14,30,0
21804,61,14,30,0
21805,61,14,30,0
21806,61,14,30,0
21807,61,14,30,0
21808,61,14,30,0
21809,61,14,30,0
21810,61,14,30,0
21811,61,14,30,0
21812,61,14,30,0
21813,61,14,30,0
21814,61,14,30,0
21815,61,14,30,0
21816,61,14,30,0
21817,61,14,30,0
21818,61,14,30,0
21819,61,14,30,0
21820,61,14,30,0
21821,61,14,30,0
21822,61,14,30,0
21823,61,14,30,0
21824,61,14,30,0
21825,61,14,30,0
21826,61,14,30,0
21827,61,14,30,0
21828,61,14,30,0
21829,61,14,30,0
21830,61,14,30,0
21831,61,14,30,0
21832,61,14,30,0
21833,61,14,30,0
21834,61,14,30,0
21835,61,14,30,0
21836,61,14,30,0
21837,61,14,30,0
21838,61,14,30,0
21839,61,14,30,0
21840,61,14,30,0
21841,61,14,30,0
21842,61,14,30,0
21843,61,14,30,0
21844,61,14,30,0
21845,61,14,30,0
21846,61,14,30,0
21847,61,14,30,0
21848,61,14,30,0
21849,61,14,30,0
21850,61,14,30,0
21851,61,14,30,0
21852,61,14,30,0
21853,61,14,30,0
21854,61,14,30,0
21855,61,14,30,0
21856,61,14,30,0
21857,61,14,30,0
21858,61,14,30,0
21859,61,14,30,0
21860,61,14,30,0
21861,61,14,30,0
21862,61,14,30,0
21863,61,14,30,0
21864,61,14,30,0
21865,61,14,30,0
21866,61,14,30,0
21867,61,14,30,0
21868,61,14,30,0
21869,61,14,30,0
21870,61,14,30,0
21871,61,14,30,0
21872,61,14,30,0
21873,61,14,30,0
21874,61,14,30,0
21875,61,14,30,0
21876,61,14,30,0
21877,61,14,30,0
21878,61,14,30,0
21879,61,14,30,0
21880,61,14,30,0
21881,61,14,30,0
21882,61,14,30,0
21883,61,14,30,0
21884,61,14,30,0
21885,61,14,30,0
21886,61,14,30,0
21887,61,14,30,0
21888,61,14,30,0
21889,61,14,30,0
21890,61,14,30,0
21891,61,14,30,0
21892,61,14,30,0
21893,61,14,30,0
21894,61,14,30,0
21895,61,14,30,0
21896,61,14,30,0
21897,61,14,30,0
21898,61,14,30,0
21899,61,14,30,0
21900,61,14,30,0
21901,61,14,30,0
21902,61,14,30,0
21903,61,14,30,0
21904,61,14,30,0
21905,61,14,30,0
21906,61,14,30,0
21907,61,14,30,0
21908,61,14,30,0
21909,61,14,30,0
21910,61,14,30,0
21911,61,14,30,0
21912,61,14,30,0
21913,61,14,30,0
21914,61,14,30,0
21915,61,14,30,0
21916,61,14,30,0
21917,61,14,30,0
21918,61,14,30,0
21919,61,14,30,0
21920,61,14,30,0
21921,61,14,30,0
21922,61,14,30,0
21923,61,14,30,0
21924,61,14,30,0
21925,61,14,30,0
21926,61,14,30,0
21927,61,14,30,0
21928,61,14,30,0
21929,61,14,30,0
21930,61,14,30,0
21931,61,14,30,0
21932,61,14,30,0
21933,61,14,30,0
21934,61,14,30,0
21935,61,14,30,0
21936,61,14,30,0
21937,61,14,30,0
21938,61,14,30,0
21939,61,14,30,0
21940,61,14,30,0
21941,61,14,30,0
21942,61,14,30,0
21943,61,14,30,0
21944,61,14,30,0
21945,61,14,30,0
21946,61,14,30,0
21947,61,14,30,0
21948,61,14,30,0
21949,61,14,30,0
21950,61,14,30,0
21951,61,14,30,0
21952,61,14,30,0
21953,61,14,30,0
21954,61,14,30,0
21955,61,14,30,0
21956,61,14,30,0
21957,61,14,30,0
21958,61,14,30,0
21959,61,14,30,0
21960,61,14,30,0
21961,61,14,30,0
21962,61,14,30,0
21963,61,14,30,0
21964,61,14,30,0
21965,61,14,30,0
21966,61,14,30,0
21967,61,14,30,0
21968,61,14,30,0
21969,61,14,30,0
21970,61,14,30,0
21971,61,14,30,0
21972,61,14,30,0
21973,61,14,30,0
21974,61,14,30,0
21975,61,14,30,0
21976,61,14,30,0
21977,61,14,30,0
21978,61,14,30,0
21979,61,14,30,0
21980,61,14,30,0
21981,61,14,30,0
21982,61,14,30,0
21983,61,14,30,0
21984,61,14,30,0
21985,61,14,30,0
21986,61,14,30,0
21987,61,14,30,0
21988,61,14,30,0
21989,61,14,30,0
21990,61,14,30,0
21991,61,14,30,0
21992,61,14,30,0
21993,61,14,30,0
21994,61,14,30,0
21995,61,14,30,0
21996,61,14,30,0
21997,61,14,30,0
21998,61,14,30,0
21999,61,14,30,0
22000,61,14,30,0
22001,61,14,30,0
22002,61,14,30,0
22003,61,14,30,0
22004,61,14,30,0
22005,61,14,30,0
22006,61,14,30,0
22007,61,14,30,0
22008,61,14,30,0
22009,61,14,30,0
22010,61,14,30,0
22011,61,14,30,0
22012,61,14,30,0
22013,61,14,30,0
22014,61,14,30,0
22015,61,14,30,0
22016,61,14,30,0
22017,61,14,30,0
22018,61,14,30,0
22019,61,14,30,0
22020,61,14,30,0
22021,61,14,30,0
22022,61,14,30,0
22023,61,14,30,0
22024,61,14,30,0
22025,61,14,30,0
22026,61,14,30,0
22027,61,14,30,0
22028,61,14,30,0
22029,61,14,30,0
22030,61,14,30,0
22031,61,14,30,0
22032,61,14,30,0
22033,61,14,30,0
22034,61,14,30,0
22035,61,14,30,0
22036,61,14,30,0
22037,61,14,30,0
22038,61,14,30,0
22039,61,14,30,0
22040,61,14,30,0
22041,61,14,30,0
22042,61,14,30,0
22043,61,14,30,0
22044,61,14,30,0
22045,61,14,30,0
22046,61,14,30,0
22047,61,14,30,0
22048,61,14,30,0
22049,61,14,30,0
22050,61,14,30,0
22051,61,14,30,0
22052,61,14,30,0
22053,61,14,30,0
22054,61,14,30,0
22055,61,14,30,0
22056,61,14,30,0
22057,61,14,30,0
22058,61,14,30,0
22059,61,14,30,0
22060,61,14,30,0
22061,61,14,30,0
22062,61,14,30,0
22063,61,14,30,0
22064,61,14,30,0
22065,61,14,30,0
22066,61,14,30,0
22067,61,14,30,0
22068,61,14,30,0
22069,61,14,30,0
22070,61,14,30,0
22071,61,14,30,0
22072,61,14,30,0
22073,61,14,30,0
22074,61,14,30,0
22075,61,14,30,0
22076,61,14,30,0
22077,61,14,30,0
22078,61,14,30,0
22079,61,14,30,0
22080,61,14,30,0
22081,61,14,30,0
22082,61,14,30,0
22083,61,14,30,0
22084,61,14,30,0
22085,61,14,30,0
22086,61,14,30,0
22087,61,14,30,0
22088,61,14,30,0
22089,61,14,30,0
22090,61,14,30,0
22091,61,14,30,0
22092,61,14,30,0
22093,61,14,30,0
22094,61,14,30,0
22095,61,14,30,0
22096,61,14,30,0
22097,61,14,30,0
22098,61,14,30,0
22099,61,14,30,0
22100,61,14,30,0
22101,61,14,30,0
22102,61,14,30,0
22103,61,14,30,0
22104,61,14,30,0
22105,61,14,30,0
22106,61,14,30,0
22107,61,14,30,0
22108,61,14,30,0
22109,61,14,30,0
22110,61,14,30,0
22111,61,14,30,0
22112,61,14,30,0
22113,61,14,30,0
22114,61,14,30,0
22115,61,14,30,0
22116,61,14,30,0
22117,61,14,30,0
22118,61,14,30,0
22119,61,14,30,0
22120,61,14,30,0
22121,61,14,30,0
22122,61,14,30,0
22123,61,14,30,0
22124,61,14,30,0
22125,61,14,30,0
22126,61,14,30,0
22127,61,14,30,0
22128,61,14,30,0
22129,61,14,30,0
22130,61,14,30,0
22131,61,14,30,0
22132,61,14,30,0
22133,61,14,30,0
22134,61,14,30,0
22135,61,14,30,0
22136,61,14,30,0
22137,61,14,30,0
22138,61,14,30,0
22139,61,14,30,0
22140,61,14,30,0
22141,61,14,30,0
22142,61,14,30,0
22143,61,14,30,0
22144,61,14,30,0
22145,61,14,30,0
22146,61,14,30,0
22147,61,14,30,0
22148,61,14,30,0
22149,61,14,30,0
22150,61,14,30,0
22151,61,14,30,0
22152,61,14,30,0
22153,61,14,30,0
22154,61,14,30,0
22155,61,14,30,0
22156,61,14,30,0
22157,61,14,30,0
22158,61,14,30,0
22159,61,14,30,0
22160,61,14,30,0
22161,61,14,30,0
22162,61,14,30,0
22163,61,14,30,0
22164,61,14,30,0
22165,61,14,30,0
22166,61,14,30,0
22167,61,14,30,0
22168,61,14,30,0
22169,61,14,30,0
22170,61,14,30,0
22171,61,14,30,0
22172,61,14,30,0
22173,61,14,30,0
22174,61,14,30,0
22175,61,14,30,0
22176,61,14,30,0
22177,61,14,30,0
22178,61,14,30,0
22179,61,14,30,0
22180,61,14,30,0
22181,61,14,30,0
22182,61,14,30,0
22183,61,14,30,0
22184,61,14,30,0
22185,61,14,30,0
22186,61,14,30,0
22187,61,14,30,0
22188,61,14,30,0
22189,61,14,30,0
22190,61,14,30,0
22191,61,14,30,0
22192,61,14,30,0
22193,61,14,30,0
22194,61,14,30,0
22195,61,14,30,0
22196,61,14,30,0
22197,61,14,30,0
22198,61,14,30,0
22199,61,14,30,0
22200,61,14,30,0
22201,61,14,30,0
22202,61,14,30,0
22203,61,14,30,0
22204,61,14,30,0
22205,61,14,30,0
22206,61,14,30,0
22207,61,14,30,0
22208,61,14,30,0
22209,61,14,30,0
22210,61,14,30,0
22211,61,14,30,0
22212,61,14,30,0
22213,61,14,30,0
22214,61,14,30,0
22215,61,14,30,0
22216,61,14,30,0
22217,61,14,30,0
22218,61,14,30,0
22219,61,14,30,0
22220,61,14,30,0
22221,61,14,30,0
22222,61,14,30,0
22223,61,14,30,0
22224,61,14,30,0
22225,61,14,30,0
22226,61,14,30,0
22227,61,14,30,0
22228,61,14,30,0
22229,61,14,30,0
22230,61,14,30,0
22231,61,14,30,0
22232,61,14,30,0
22233,61,14,30,0
22234,61,14,30,0
22235,61,14,30,0
22236,61,14,30,0
22237,61,14,30,0
22238,61,14,30,0
22239,61,14,30,0
22240,61,14,30,0
22241,61,14,30,0
22242,61,14,30,0
22243,61,14,30,0
22244,61,14,30,0
22245,61,14,30,0
22246,61,14,30,0
22247,61,14,30,0
22248,61,14,30,0
22249,61,14,30,0
22250,61,14,30,0
22251,61,14,30,0
22252,61,14,30,0
22253,61,14,30,0
22254,61,14,30,0
22255,61,14,30,0
22256,61,14,30,0
22257,61,14,30,0
22258,61,14,30,0
22259,61,14,30,0
22260,61,14,30,0
22261,61,14,30,0
22262,61,14,30,0
22263,61,14,30,0
22264,61,14,30,0
22265,61,14,30,0
22266,61,14,30,0
22267,61,14,30,0
22268,61,14,30,0
22269,61,14,30,0
22270,61,14,30,0
22271,61,14,30,0
22272,61,14,30,0
22273,61,14,30,0
22274,61,14,30,0
22275,61,14,30,0
22276,61,14,30,0
22277,61,14,30,0
22278,61,14,30,0
22279,61,14,30,0
22280,61,14,30,0
22281,61,14,30,0
22282,61,14,30,0
22283,61,14,30,0
22284,61,14,30,0
22285,61,14,30,0
22286,61,14,30,0
22287,61,14,30,0
22288,61,14,30,0
22289,61,14,30,0
22290,61,14,30,0
22291,61,14,30,0
22292,61,14,30,0
22293,61,14,30,0
22294,61,14,30,0
22295,61,14,30,0
22296,61,14,30,0
22297,61,14,30,0
22298,61,14,30,0
22299,61,14,30,0
22300,61,14,30,0
22301,61,14,30,0
22302,61,14,30,0
22303,61,14,30,0
22304,61,14,30,0
22305,61,14,30,0
22306,61,14,30,0
22307,61,14,30,0
22308,61,14,30,0
22309,61,14,30,0
22310,61,14,30,0
22311,61,14,30,0
22312,61,14,30,0
22313,61,14,30,0
22314,61,14,30,0
22315,61,14,30,0
22316,61,14,30,0
22317,61,14,30,0
22318,61,14,30,0
22319,61,14,30,0
22320,61,14,30,0
22321,61,14,30,0
22322,61,14,30,0
22323,61,14,30,0
22324,61,14,30,0
22325,61,14,30,0
22326,61,14,30,0
22327,61,14,30,0
22328,61,14,30,0
22329,61,14,30,0
22330,61,14,30,0
22331,61,14,30,0
22332,61,14,30,0
22333,61,14,30,0
22334,61,14,30,0
22335,61,14,30,0
22336,61,14,30,0
22337,61,14,30,0
22338,61,14,30,0
22339,61,14,30,0
22340,61,14,30,0
22341,61,14,30,0
22342,61,14,30,0
22343,61,14,30,0
22344,61,14,30,0
22345,61,14,30,0
22346,61,14,30,0
22347,61,14,30,0
22348,61,14,30,0
22349,61,14,30,0
22350,61,14,30,0
22351,61,14,30,0
22352,61,14,30,0
22353,61,14,30,0
22354,61,14,30,0
22355,61,14,30,0
22356,61,14,30,0
22357,61,14,30,0
22358,61,14,30,0
22359,61,14,30,0
22360,61,14,30,0
22361,61,14,30,0
22362,61,14,30,0
22363,61,14,30,0
22364,61,14,30,0
22365,61,14,30,0
22366,61,14,30,0
22367,61,14,30,0
22368,61,14,30,0
22369,61,14,30,0
22370,61,14,30,0
22371,61,14,30,0
22372,61,14,30,0
22373,61,14,30,0
22374,61,14,30,0
22375,61,14,30,0
22376,61,14,30,0
22377,61,14,30,0
22378,61,14,30,0
22379,61,14,30,0
22380,61,14,30,0
22381,61,14,30,0
22382,61,14,30,0
22383,61,14,30,0
22384,61,14,30,0
22385,61,14,30,0
22386,61,14,30,0
22387,61,14,30,0
22388,61,14,30,0
22389,61,14,30,0
22390,61,14,30,0
22391,61,14,30,0
22392,61,14,30,0
22393,61,14,30,0
22394,61,14,30,0
22395,61,14,30,0
22396,61,14,30,0
22397,61,14,30,0
22398,61,14,30,0
22399,61,14,30,0
22400,61,14,30,0
22401,61,14,30,0
22402,61,14,30,0
22403,61,14,30,0
22404,61,14,30,0
22405,61,14,30,0
22406,61,14,30,0
22407,61,14,30,0
22408,61,14,30,0
22409,61,14,30,0
22410,61,14,30,0
22411,61,14,30,0
22412,61,14,30,0
22413,61,14,30,0
22414,61,14,30,0
22415,61,14,30,0
22416,61,14,30,0
22417,61,14,30,0
22418,61,14,30,0
22419,61,14,30,0
22420,61,14,30,0
22421,61,14,30,0
22422,61,14,30,0
22423,61,14,30,0
22424,61,14,30,0
22425,61,14,30,0
22426,61,14,30,0
22427,61,14,30,0
22428,61,14,30,0
22429,61,14,30,0
22430,61,14,30,0
22431,61,14,30,0
22432,61,14,30,0
22433,61,14,30,0
22434,61,14,30,0
22435,61,14,30,0
22436,61,14,30,0
22437,61,14,30,0
22438,61,14,30,0
22439,61,14,30,0
22440,61,14,30,0
22441,61,14,30,0
22442,61,14,30,0
22443,61,14,30,0
22444,61,14,30,0
22445,61,14,30,0
22446,61,14,30,0
22447,61,14,30,0
22448,61,14,30,0
22449,61,14,30,0
22450,61,14,30,0
22451,61,14,30,0
22452,61,14,30,0
22453,61,14,30,0
22454,61,14,30,0
22455,61,14,30,0
22456,61,14,30,0
22457,61,14,30,0
22458,61,14,30,0
22459,61,14,30,0
22460,61,14,30,0
22461,61,14,30,0
22462,61,14,30,0
22463,61,14,30,0
22464,61,14,30,0
22465,61,14,30,0
22466,61,14,30,0
22467,61,14,30,0
22468,61,14,30,0
22469,61,14,30,0
22470,61,14,30,0
22471,61,14,30,0
22472,61,14,30,0
22473,61,14,30,0
22474,61,14,30,0
22475,61,14,30,0
22476,61,14,30,0
22477,61,14,30,0
22478,61,14,30,0
22479,61,14,30,0
22480,61,14,30,0
22481,61,14,30,0
22482,61,14,30,0
22483,61,14,30,0
22484,61,14,30,0
22485,61,14,30,0
22486,61,14,30,0
22487,61,14,30,0
22488,61,14,30,0
22489,61,14,30,0
22490,61,14,30,0
22491,61,14,30,0
22492,61,14,30,0
22493,61,14,30,0
22494,61,14,30,0
22495,61,14,30,0
22496,61,14,30,0
22497,61,14,30,0
22498,61,14,30,0
22499,61,14,30,0
22500,61,14,30,0
22501,61,14,30,0
22502,61,14,30,0
22503,61,14,30,0
22504,61,14,30,0
22505,61,14,30,0
22506,61,14,30,0
22507,61,14,30,0
22508,61,14,30,0
22509,61,14,30,0
22510,61,14,30,0
22511,61,14,30,0
22512,61,14,30,0
22513,61,14,30,0
22514,61,14,30,0
22515,61,14,30,0
22516,61,14,30,0
22517,61,14,30,0
22518,61,14,30,0
22519,61,14,30,0
22520,61,14,30,0
22521,61,14,30,0
22522,61,14,30,0
22523,61,14,30,0
22524,61,14,30,0
22525,61,14,30,0
22526,61,14,30,0
22527,61,14,30,0
22528,61,14,30,0
22529,61,14,30,0
22530,61,14,30,0
22531,61,14,30,0
22532,61,14,30,0
22533,61,14,30,0
22534,61,14,30,0
22535,61,14,30,0
22536,61,14,30,0
22537,61,14,30,0
22538,61,14,30,0
22539,61,14,30,0
22540,61,14,30,0
22541,61,14,30,0
22542,61,14,30,0
22543,61,14,30,0
22544,61,14,30,0
22545,61,14,30,0
22546,61,14,30,0
22547,61,14,30,0
22548,61,14,30,0
22549,61,14,30,0
22550,61,14,30,0
22551,61,14,30,0
22552,61,14,30,0
22553,61,14,30,0
22554,61,14,30,0
22555,61,14,30,0
22556,61,14,30,0
22557,61,14,30,0
22558,61,14,30,0
22559,61,14,30,0
22560,61,14,30,0
22561,61,14,30,0
22562,61,14,30,0
22563,61,14,30,0
22564,61,14,30,0
22565,61,14,30,0
22566,61,14,30,0
22567,61,14,30,0
22568,61,14,30,0
22569,61,14,30,0
22570,61,14,30,0
22571,61,14,30,0
22572,61,14,30,0
22573,61,14,30,0
22574,61,14,30,0
22575,61,14,30,0
22576,61,14,30,0
22577,61,14,30,0
22578,61,14,30,0
22579,61,14,30,0
22580,61,14,30,0
22581,61,14,30,0
22582,61,14,30,0
22583,61,14,30,0
22584,61,14,30,0
22585,61,14,30,0
22586,61,14,30,0
22587,61,14,30,0
22588,61,14,30,0
22589,61,14,30,0
22590,61,14,30,0
22591,61,14,30,0
22592,61,14,30,0
22593,61,14,30,0
22594,61,14,30,0
22595,61,14,30,0
22596,61,14,30,0
22597,61,14,30,0
22598,61,14,30,0
22599,61,14,30,0
22600,61,14,30,0
22601,61,14,30,0
22602,61,14,30,0
22603,61,14,30,0
22604,61,14,30,0
22605,61,14,30,0
22606,61,14,30,0
22607,61,14,30,0
22608,61,14,30,0
22609,61,14,30,0
22610,61,14,30,0
22611,61,14,30,0
22612,61,14,30,0
22613,61,14,30,0
22614,61,14,30,0
22615,61,14,30,0
22616,61,14,30,0
22617,61,14,30,0
22618,61,14,30,0
22619,61,14,30,0
22620,61,14,30,0
22621,61,14,30,0
22622,61,14,30,0
22623,61,14,30,0
22624,61,14,30,0
22625,61,14,30,0
22626,61,14,30,0
22627,61,14,30,0
22628,61,14,30,0
22629,61,14,30,0
22630,61,14,30,0
22631,61,14,30,0
22632,61,14,30,0
22633,61,14,30,0
22634,61,14,30,0
22635,61,14,30,0
22636,61,14,30,0
22637,61,14,30,0
22638,61,14,30,0
22639,61,14,30,0
22640,61,14,30,0
22641,61,14,30,0
22642,61,14,30,0
22643,61,14,30,0
22644,61,14,30,0
22645,61,14,30,0
22646,61,14,30,0
22647,61,14,30,0
22648,61,14,30,0
22649,61,14,30,0
22650,61,14,30,0
22651,61,14,30,0
22652,61,14,30,0
22653,61,14,30,0
22654,61,14,30,0
22655,61,14,30,0
22656,61,14,30,0
22657,61,14,30,0
22658,61,14,30,0
22659,61,14,30,0
22660,61,14,30,0
22661,61,14,30,0
22662,61,14,30,0
22663,61,14,30,0
22664,61,14,30,0
22665,61,14,30,0
22666,61,14,30,0
22667,61,14,30,0
22668,61,14,30,0
22669,61,14,30,0
22670,61,14,30,0
22671,61,14,30,0
22672,61,14,30,0
22673,61,14,30,0
22674,61,14,30,0
22675,61,14,30,0
22676,61,14,30,0
22677,61,14,30,0
22678,61,14,30,0
22679,61,14,30,0
22680,61,14,30,0
22681,61,14,30,0
22682,61,14,30,0
22683,61,14,30,0
22684,61,14,30,0
22685,61,14,30,0
22686,61,14,30,0
22687,61,14,30,0
22688,61,14,30,0
22689,61,14,30,0
22690,61,14,30,0
22691,61,14,30,0
22692,61,14,30,0
22693,61,14,30,0
22694,61,14,30,0
22695,61,14,30,0
22696,61,14,30,0
22697,61,14,30,0
22698,61,14,30,0
22699,61,14,30,0
22700,61,14,30,0
22701,61,14,30,0
22702,61,14,30,0
22703,61,14,30,0
22704,61,14,30,0
22705,61,14,30,0
22706,61,14,30,0
22707,61,14,30,0
22708,61,14,30,0
22709,61,14,30,0
22710,61,14,30,0
22711,61,14,30,0
22712,61,14,30,0
22713,61,14,30,0
22714,61,14,30,0
22715,61,14,30,0
22716,61,14,30,0
22717,61,14,30,0
22718,61,14,30,0
22719,61,14,30,0
22720,61,14,30,0
22721,61,14,30,0
22722,61,14,30,0
22723,61,14,30,0
22724,61,14,30,0
22725,61,14,30,0
22726,61,14,30,0
22727,61,14,30,0
22728,61,14,30,0
22729,61,14,30,0
22730,61,14,30,0
22731,61,14,30,0
22732,61,14,30,0
22733,61,14,30,0
22734,61,14,30,0
22735,61,14,30,0
22736,61,14,30,0
22737,61,14,30,0
22738,61,14,30,0
22739,61,14,30,0
22740,61,14,30,0
22741,61,14,30,0
22742,61,14,30,0
22743,61,14,30,0
22744,61,14,30,0
22745,61,14,30,0
22746,61,14,30,0
22747,61,14,30,0
22748,61,14,30,0
22749,61,14,30,0
22750,61,14,30,0
22751,61,14,30,0
22752,61,14,30,0
22753,61,14,30,0
22754,61,14,30,0
22755,61,14,30,0
22756,61,14,30,0
22757,61,14,30,0
22758,61,14,30,0
22759,61,14,30,0
22760,61,14,30,0
22761,61,14,30,0
22762,61,14,30,0
22763,61,14,30,0
22764,61,14,30,0
22765,61,14,30,0
22766,61,14,30,0
22767,61,14,30,0
22768,61,14,30,0
22769,61,14,30,0
22770,61,14,30,0
22771,61,14,30,0
22772,61,14,30,0
22773,61,14,30,0
22774,61,14,30,0
22775,61,14,30,0
22776,61,14,30,0
22777,61,14,30,0
22778,61,14,30,0
22779,61,14,30,0
22780,61,14,30,0
22781,61,14,30,0
22782,61,14,30,0
22783,61,14,30,0
22784,61,14,30,0
22785,61,14,30,0
22786,61,14,30,0
22787,61,14,30,0
22788,61,14,30,0
22789,61,14,30,0
22790,61,14,30,0
22791,61,14,30,0
22792,61,14,30,0
22793,61,14,30,0
22794,61,14,30,0
22795,61,14,30,0
22796,61,14,30,0
22797,61,14,30,0
22798,61,14,30,0
22799,61,14,30,0
22800,61,14,30,0
22801,61,14,30,0
22802,61,14,30,0
22803,61,14,30,0
22804,61,14,30,0
22805,61,14,30,0
22806,61,14,30,0
22807,61,14,30,0
22808,61,14,30,0
22809,61,14,30,0
22810,61,14,30,0
22811,61,14,30,0
22812,61,14,30,0
22813,61,14,30,0
22814,61,14,30,0
22815,61,14,30,0
22816,61,14,30,0
22817,61,14,30,0
22818,61,14,30,0
22819,61,14,30,0
22820,61,14,30,0
22821,61,14,30,0
22822,61,14,30,0
22823,61,14,30,0
22824,61,14,30,0
22825,61,14,30,0
22826,61,14,30,0
22827,61,14,30,0
22828,61,14,30,0
22829,61,14,30,0
22830,61,14,30,0
22831,61,14,30,0
22832,61,14,30,0
22833,61,14,30,0
22834,61,14,30,0
22835,61,14,30,0
22836,61,14,30,0
22837,61,14,30,0
22838,61,14,30,0
22839,61,14,30,0
22840,61,14,30,0
22841,61,14,30,0
22842,61,14,30,0
22843,61,14,30,0
22844,61,14,30,0
22845,61,14,30,0
22846,61,14,30,0
22847,61,14,30,0
22848,61,14,30,0
22849,61,14,30,0
22850,61,14,30,0
22851,61,14,30,0
22852,61,14,30,0
22853,61,14,30,0
22854,61,14,30,0
22855,61,14,30,0
22856,61,14,30,0
22857,61,14,30,0
22858,61,14,30,0
22859,61,14,30,0
22860,61,14,30,0
22861,61,14,30,0
22862,61,14,30,0
22863,61,14,30,0
22864,61,14,30,0
22865,61,14,30,0
22866,61,14,30,0
22867,61,14,30,0
22868,61,14,30,0
22869,61,14,30,0
22870,61,14,30,0
22871,61,14,30,0
22872,61,14,30,0
22873,61,14,30,0
22874,61,14,30,0
22875,61,14,30,0
22876,61,14,30,0
22877,61,14,30,0
22878,61,14,30,0
22879,61,14,30,0
22880,61,14,30,0
22881,61,14,30,0
22882,61,14,30,0
22883,61,14,30,0
22884,61,14,30,0
22885,61,14,30,0
22886,61,14,30,0
22887,61,14,30,0
22888,61,14,30,0
22889,61,14,30,0
22890,61,14,30,0
22891,61,14,30,0
22892,61,14,30,0
22893,61,14,30,0
22894,61,14,30,0
22895,61,14,30,0
22896,61,14,30,0
22897,61,14,30,0
22898,61,14,30,0
22899,61,14,30,0
22900,61,14,30,0
22901,61,14,30,0
22902,61,14,30,0
22903,61,14,30,0
22904,61,14,30,0
22905,61,14,30,0
22906,61,14,30,0
22907,61,14,30,0
22908,61,14,30,0
22909,61,14,30,0
22910,61,14,30,0
22911,61,14,30,0
22912,61,14,30,0
22913,61,14,30,0
22914,61,14,30,0
22915,61,14,30,0
22916,61,14,30,0
22917,61,14,30,0
22918,61,14,30,0
22919,61,14,30,0
22920,61,14,30,0
22921,61,14,30,0
22922,61,14,30,0
22923,61,14,30,0
22924,61,14,30,0
22925,61,14,30,0
22926,61,14,30,0
22927,61,14,30,0
22928,61,14,30,0
22929,61,14,30,0
22930,61,14,30,0
22931,61,14,30,0
22932,61,14,30,0
22933,61,14,30,0
22934,61,14,30,0
22935,61,14,30,0
22936,61,14,30,0
22937,61,14,30,0
22938,61,14,30,0
22939,61,14,30,0
22940,61,14,30,0
22941,61,14,30,0
22942,61,14,30,0
22943,61,14,30,0
22944,61,14,30,0
22945,61,14,30,0
22946,61,14,30,0
22947,61,14,30,0
22948,61,14,30,0
22949,61,14,30,0
22950,61,14,30,0
22951,61,14,30,0
22952,61,14,30,0
22953,61,14,30,0
22954,61,14,30,0
22955,61,14,30,0
22956,61,14,30,0
22957,61,14,30,0
22958,61,14,30,0
22959,61,14,30,0
22960,61,14,30,0
22961,61,14,30,0
22962,61,14,30,0
22963,61,14,30,0
22964,61,14,30,0
22965,61,14,30,0
22966,61,14,30,0
22967,61,14,30,0
22968,61,14,30,0
22969,61,14,30,0
22970,61,14,30,0
22971,61,14,30,0
22972,61,14,30,0
22973,61,14,30,0
22974,61,14,30,0
22975,61,14,30,0
22976,61,14,30,0
22977,61,14,30,0
22978,61,14,30,0
22979,61,14,30,0
22980,61,14,30,0
22981,61,14,30,0
22982,61,14,30,0
22983,61,14,30,0
22984,61,14,30,0
22985,61,14,30,0
22986,61,14,30,0
22987,61,14,30,0
22988,61,14,30,0
22989,61,14,30,0
22990,61,14,30,0
22991,61,14,30,0
22992,61,14,30,0
22993,61,14,30,0
22994,61,14,30,0
22995,61,14,30,0
22996,61,14,30,0
22997,61,14,30,0
22998,61,14,30,0
22999,61,14,30,0
23000,61,14,30,0
23001,61,14,30,0
23002,61,14,30,0
23003,61,14,30,0
23004,61,14,30,0
23005,61,14,30,0
23006,61,14,30,0
23007,61,14,30,0
23008,61,14,30,0
23009,61,14,30,0
23010,61,14,30,0
23011,61,14,30,0
23012,61,14,30,0
23013,61,14,30,0
23014,61,14,30,0
23015,61,14,30,0
23016,61,14,30,0
23017,61,14,30,0
23018,61,14,30,0
23019,61,14,30,0
23020,61,14,30,0
23021,61,14,30,0
23022,61,14,30,0
23023,61,14,30,0
23024,61,14,30,0
23025,61,14,30,0
23026,61,14,30,0
23027,61,14,30,0
23028,61,14,30,0
23029,61,14,30,0
23030,61,14,30,0
23031,61,14,30,0
23032,61,14,30,0
23033,61,14,30,0
23034,61,14,30,0
23035,61,14,30,0
23036,61,14,30,0
23037,61,14,30,0
23038,61,14,30,0
23039,61,14,30,0
23040,61,14,30,0
23041,61,14,30,0
23042,61,14,30,0
23043,61,14,30,0
23044,61,14,30,0
23045,61,14,30,0
23046,61,14,30,0
23047,61,14,30,0
23048,61,14,30,0
23049,61,14,30,0
23050,61,14,30,0
23051,61,14,30,0
23052,61,14,30,0
23053,61,14,30,0
23054,61,14,30,0
23055,61,14,30,0
23056,61,14,30,0
23057,61,14,30,0
23058,61,14,30,0
23059,61,14,30,0
23060,61,14,30,0
23061,61,14,30,0
23062,61,14,30,0
23063,61,14,30,0
23064,61,14,30,0
23065,61,14,30,0
23066,61,14,30,0
23067,61,14,30,0
23068,61,14,30,0
23069,61,14,30,0
23070,61,14,30,0
23071,61,14,30,0
23072,61,14,30,0
23073,61,14,30,0
23074,61,14,30,0
23075,61,14,30,0
23076,61,14,30,0
23077,61,14,30,0
23078,61,14,30,0
23079,61,14,30,0
23080,61,14,30,0
23081,61,14,30,0
23082,61,14,30,0
23083,61,14,30,0
23084,61,14,30,0
23085,61,14,30,0
23086,61,14,30,0
23087,61,14,30,0
23088,61,14,30,0
23089,61,14,30,0
23090,61,14,30,0
23091,61,14,30,0
23092,61,14,30,0
23093,61,14,30,0
23094,61,14,30,0
23095,61,14,30,0
23096,61,14,30,0
23097,61,14,30,0
23098,61,14,30,0
23099,61,14,30,0
23100,61,14,30,0
23101,61,14,30,0
23102,61,14,30,0
23103,61,14,30,0
23104,61,14,30,0
23105,61,14,30,0
23106,61,14,30,0
23107,61,14,30,0
23108,61,14,30,0
23109,61,14,30,0
23110,61,14,30,0
23111,61,14,30,0
23112,61,14,30,0
23113,61,14,30,0
23114,61,14,30,0
23115,61,14,30,0
23116,61,14,30,0
23117,61,14,30,0
23118,61,14,30,0
23119,61,14,30,0
23120,61,14,30,0
23121,61,14,30,0
23122,61,14,30,0
23123,61,14,30,0
23124,61,14,30,0
23125,61,14,30,0
23126,61,14,30,0
23127,61,14,30,0
23128,61,14,30,0
23129,61,14,30,0
23130,61,14,30,0
23131,61,14,30,0
23132,61,14,30,0
23133,61,14,30,0
23134,61,14,30,0
23135,61,14,30,0
23136,61,14,30,0
23137,61,14,30,0
23138,61,14,30,0
23139,61,14,30,0
23140,61,14,30,0
23141,61,14,30,0
23142,61,14,30,0
23143,61,14,30,0
23144,61,14,30,0
23145,61,14,30,0
23146,61,14,30,0
23147,61,14,30,0
23148,61,14,30,0
23149,61,14,30,0
23150,61,14,30,0
23151,61,14,30,0
23152,61,14,30,0
23153,61,14,30,0
23154,61,14,30,0
23155,61,14,30,0
23156,61,14,30,0
23157,61,14,30,0
23158,61,14,30,0
23159,61,14,30,0
23160,61,14,30,0
23161,61,14,30,0
23162,61,14,30,0
23163,61,14,30,0
23164,61,14,30,0
23165,61,14,30,0
23166,61,14,30,0
23167,61,14,30,0
23168,61,14,30,0
23169,61,14,30,0
23170,61,14,30,0
23171,61,14,30,0
23172,61,14,30,0
23173,61,14,30,0
23174,61,14,30,0
23175,61,14,30,0
23176,61,14,30,0
23177,61,14,30,0
23178,61,14,30,0
23179,61,14,30,0
23180,61,14,30,0
23181,61,14,30,0
23182,61,14,30,0
23183,61,14,30,0
23184,61,14,30,0
23185,61,14,30,0
23186,61,14,30,0
23187,61,14,30,0
23188,61,14,30,0
23189,61,14,30,0
23190,61,14,30,0
23191,61,14,30,0
23192,61,14,30,0
23193,61,14,30,0
23194,61,14,30,0
23195,61,14,30,0
23196,61,14,30,0
23197,61,14,30,0
23198,61,14,30,0
23199,61,14,30,0
23200,61,14,30,0
23201,61,14,30,0
23202,61,14,30,0
23203,61,14,30,0
23204,61,14,30,0
23205,61,14,30,0
23206,61,14,30,0
23207,61,14,30,0
23208,61,14,30,0
23209,61,14,30,0
23210,61,14,30,0
23211,61,14,30,0
23212,61,14,30,0
23213,61,14,30,0
23214,61,14,30,0
23215,61,14,30,0
23216,61,14,30,0
23217,61,14,30,0
23218,61,14,30,0
23219,61,14,30,0
23220,61,14,30,0
23221,61,14,30,0
23222,61,14,30,0
23223,61,14,30,0
23224,61,14,30,0
23225,61,14,30,0
23226,61,14,30,0
23227,61,14,30,0
23228,61,14,30,0
23229,61,14,30,0
23230,61,14,30,0
23231,61,14,30,0
23232,61,14,30,0
23233,61,14,30,0
23234,61,14,30,0
23235,61,14,30,0
23236,61,14,30,0
23237,61,14,30,0
23238,61,14,30,0
23239,61,14,30,0
23240,61,14,30,0
23241,61,14,30,0
23242,61,14,30,0
23243,61,14,30,0
23244,61,14,30,0
23245,61,14,30,0
23246,61,14,30,0
23247,61,14,30,0
23248,61,14,30,0
23249,61,14,30,0
23250,61,14,30,0
23251,61,14,30,0
23252,61,14,30,0
23253,61,14,30,0
23254,61,14,30,0
23255,61,14,30,0
23256,61,14,30,0
23257,61,14,30,0
23258,61,14,30,0
23259,61,14,30,0
23260,61,14,30,0
23261,61,14,30,0
23262,61,14,30,0
23263,61,14,30,0
23264,61,14,30,0
23265,61,14,30,0
23266,61,14,30,0
23267,61,14,30,0
23268,61,14,30,0
23269,61,14,30,0
23270,61,14,30,0
23271,61,14,30,0
23272,61,14,30,0
23273,61,14,30,0
23274,61,14,30,0
23275,61,14,30,0
23276,61,14,30,0
23277,61,14,30,0
23278,61,14,30,0
23279,61,14,30,0
23280,61,14,30,0
23281,61,14,30,0
23282,61,14,30,0
23283,61,14,30,0
23284,61,14,30,0
23285,61,14,30,0
23286,61,14,30,0
23287,61,14,30,0
23288,61,14,30,0
23289,61,14,30,0
23290,61,14,30,0
23291,61,14,30,0
23292,61,14,30,0
23293,61,14,30,0
23294,61,14,30,0
23295,61,14,30,0
23296,61,14,30,0
23297,61,14,30,0
23298,61,14,30,0
23299,61,14,30,0
23300,61,14,30,0
23301,61,14,30,0
23302,61,14,30,0
23303,61,14,30,0
23304,61,14,30,0
23305,61,14,30,0
23306,61,14,30,0
23307,61,14,30,0
23308,61,14,30,0
23309,61,14,30,0
23310,61,14,30,0
23311,61,14,30,0
23312,61,14,30,0
23313,61,14,30,0
23314,61,14,30,0
23315,61,14,30,0
23316,61,14,30,0
23317,61,14,30,0
23318,61,14,30,0
23319,61,14,30,0
23320,61,14,30,0
23321,61,14,30,0
23322,61,14,30,0
23323,61,14,30,0
23324,61,14,30,0
23325,61,14,30,0
23326,61,14,30,0
23327,61,14,30,0
23328,61,14,30,0
23329,61,14,30,0
23330,61,14,30,0
23331,61,14,30,0
23332,61,14,30,0
23333,61,14,30,0
23334,61,14,30,0
23335,61,14,30,0
23336,61,14,30,0
23337,61,14,30,0
23338,61,14,30,0
23339,61,14,30,0
23340,61,14,30,0
23341,61,14,30,0
23342,61,14,30,0
23343,61,14,30,0
23344,61,14,30,0
23345,61,14,30,0
23346,61,14,30,0
23347,61,14,30,0
23348,61,14,30,0
23349,61,14,30,0
23350,61,14,30,0
23351,61,14,30,0
23352,61,14,30,0
23353,61,14,30,0
23354,61,14,30,0
23355,61,14,30,0
23356,61,14,30,0
23357,61,14,30,0
23358,61,14,30,0
23359,61,14,30,0
23360,61,14,30,0
23361,61,14,30,0
23362,61,14,30,0
23363,61,14,30,0
23364,61,14,30,0
23365,61,14,30,0
23366,61,14,30,0
23367,61,14,30,0
23368,61,14,30,0
23369,61,14,30,0
23370,61,14,30,0
23371,61,14,30,0
23372,61,14,30,0
23373,61,14,30,0
23374,61,14,30,0
23375,61,14,30,0
23376,61,14,30,0
23377,61,14,30,0
23378,61,14,30,0
23379,61,14,30,0
23380,61,14,30,0
23381,61,14,30,0
23382,61,14,30,0
23383,61,14,30,0
23384,61,14,30,0
23385,61,14,30,0
23386,61,14,30,0
23387,61,14,30,0
23388,61,14,30,0
23389,61,14,30,0
23390,61,14,30,0
23391,61,14,30,0
23392,61,14,30,0
23393,61,14,30,0
23394,61,14,30,0
23395,61,14,30,0
23396,61,14,30,0
23397,61,14,30,0
23398,61,14,30,0
23399,61,14,30,0
23400,61,14,30,0
23401,61,14,30,0
23402,61,14,30,0
23403,61,14,30,0
23404,61,14,30,0
23405,61,14,30,0
23406,61,14,30,0
23407,61,14,30,0
23408,61,14,30,0
23409,61,14,30,0
23410,61,14,30,0
23411,61,14,30,0
23412,61,14,30,0
23413,61,14,30,0
23414,61,14,30,0
23415,61,14,30,0
23416,61,14,30,0
23417,61,14,30,0
23418,61,14,30,0
23419,61,14,30,0
23420,61,14,30,0
23421,61,14,30,0
23422,61,14,30,0
23423,61,14,30,0
23424,61,14,30,0
23425,61,14,30,0
23426,61,14,30,0
23427,61,14,30,0
23428,61,14,30,0
23429,61,14,30,0
23430,61,14,30,0
23431,61,14,30,0
23432,61,14,30,0
23433,61,14,30,0
23434,61,14,30,0
23435,61,14,30,0
23436,61,14,30,0
23437,61,14,30,0
23438,61,14,30,0
23439,61,14,30,0
23440,61,14,30,0
23441,61,14,30,0
23442,61,14,30,0
23443,61,14,30,0
23444,61,14,30,0
23445,61,14,30,0
23446,61,14,30,0
23447,61,14,30,0
23448,61,14,30,0
23449,61,14,30,0
23450,61,14,30,0
23451,61,14,30,0
23452,61,14,30,0
23453,61,14,30,0
23454,61,14,30,0
23455,61,14,30,0
23456,61,14,30,0
23457,61,14,30,0
23458,61,14,30,0
23459,61,14,30,0
23460,61,14,30,0
23461,61,14,30,0
23462,61,14,30,0
23463,61,14,30,0
23464,61,14,30,0
23465,61,14,30,0
23466,61,14,30,0
23467,61,14,30,0
23468,61,14,30,0
23469,61,14,30,0
23470,61,14,30,0
23471,61,14,30,0
23472,61,14,30,0
23473,61,14,30,0
23474,61,14,30,0
23475,61,14,30,0
23476,61,14,30,0
23477,61,14,30,0
23478,61,14,30,0
23479,61,14,30,0
23480,61,14,30,0
23481,61,14,30,0
23482,61,14,30,0
23483,61,14,30,0
23484,61,14,30,0
23485,61,14,30,0
23486,61,14,30,0
23487,61,14,30,0
23488,61,14,30,0
23489,61,14,30,0
23490,61,14,30,0
23491,61,14,30,0
23492,61,14,30,0
23493,61,14,30,0
23494,61,14,30,0
23495,61,14,30,0
23496,61,14,30,0
23497,61,14,30,0
23498,61,14,30,0
23499,61,14,30,0
23500,61,14,30,0
23501,61,14,30,0
23502,61,14,30,0
23503,61,14,30,0
23504,61,14,30,0
23505,61,14,30,0
23506,61,14,30,0
23507,61,14,30,0
23508,61,14,30,0
23509,61,14,30,0
23510,61,14,30,0
23511,61,14,30,0
23512,61,14,30,0
23513,61,14,30,0
23514,61,14,30,0
23515,61,14,30,0
23516,61,14,30,0
23517,61,14,30,0
23518,61,14,30,0
23519,61,14,30,0
23520,61,14,30,0
23521,61,14,30,0
23522,61,14,30,0
23523,61,14,30,0
23524,61,14,30,0
23525,61,14,30,0
23526,61,14,30,0
23527,61,14,30,0
23528,61,14,30,0
23529,61,14,30,0
23530,61,14,30,0
23531,61,14,30,0
23532,61,14,30,0
23533,61,14,30,0
23534,61,14,30,0
23535,61,14,30,0
23536,61,14,30,0
23537,61,14,30,0
23538,61,14,30,0
23539,61,14,30,0
23540,61,14,30,0
23541,61,14,30,0
23542,61,14,30,0
23543,61,14,30,0
23544,61,14,30,0
23545,61,14,30,0
23546,61,14,30,0
23547,61,14,30,0
23548,61,14,30,0
23549,61,14,30,0
23550,61,14,30,0
23551,61,14,30,0
23552,61,14,30,0
23553,61,14,30,0
23554,61,14,30,0
23555,61,14,30,0
23556,61,14,30,0
23557,61,14,30,0
23558,61,14,30,0
23559,61,14,30,0
23560,61,14,30,0
23561,61,14,30,0
23562,61,14,30,0
23563,61,14,30,0
23564,61,14,30,0
23565,61,14,30,0
23566,61,14,30,0
23567,61,14,30,0
23568,61,14,30,0
23569,61,14,30,0
23570,61,14,30,0
23571,61,14,30,0
23572,61,14,30,0
23573,61,14,30,0
23574,61,14,30,0
23575,61,14,30,0
23576,61,14,30,0
23577,61,14,30,0
23578,61,14,30,0
23579,61,14,30,0
23580,61,14,30,0
23581,61,14,30,0
23582,61,14,30,0
23583,61,14,30,0
23584,61,14,30,0
23585,61,14,30,0
23586,61,14,30,0
23587,61,14,30,0
23588,61,14,30,0
23589,61,14,30,0
23590,61,14,30,0
23591,61,14,30,0
23592,61,14,30,0
23593,61,14,30,0
23594,61,14,30,0
23595,61,14,30,0
23596,61,14,30,0
23597,61,14,30,0
23598,61,14,30,0
23599,61,14,30,0
23600,61,14,30,0
23601,61,14,30,0
23602,61,14,30,0
23603,61,14,30,0
23604,61,14,30,0
23605,61,14,30,0
23606,61,14,30,0
23607,61,14,30,0
23608,61,14,30,0
23609,61,14,30,0
23610,61,14,30,0
23611,61,14,30,0
23612,61,14,30,0
23613,61,14,30,0
23614,61,14,30,0
23615,61,14,30,0
23616,61,14,30,0
23617,61,14,30,0
23618,61,14,30,0
23619,61,14,30,0
23620,61,14,30,0
23621,61,14,30,0
23622,61,14,30,0
23623,61,14,30,0
23624,61,14,30,0
23625,61,14,30,0
23626,61,14,30,0
23627,61,14,30,0
23628,61,14,30,0
23629,61,14,30,0
23630,61,14,30,0
23631,61,14,30,0
23632,61,14,30,0
23633,61,14,30,0
23634,61,14,30,0
23635,61,14,30,0
23636,61,14,30,0
23637,61,14,30,0
23638,61,14,30,0
23639,61,14,30,0
23640,61,14,30,0
23641,61,14,30,0
23642,61,14,30,0
23643,61,14,30,0
23644,61,14,30,0
23645,61,14,30,0
23646,61,14,30,0
23647,61,14,30,0
23648,61,14,30,0
23649,61,14,30,0
23650,61,14,30,0
23651,61,14,30,0
23652,61,14,30,0
23653,61,14,30,0
23654,61,14,30,0
23655,61,14,30,0
23656,61,14,30,0
23657,61,14,30,0
23658,61,14,30,0
23659,61,14,30,0
23660,61,14,30,0
23661,61,14,30,0
23662,61,14,30,0
23663,61,14,30,0
23664,61,14,30,0
23665,61,14,30,0
23666,61,14,30,0
23667,61,14,30,0
23668,61,14,30,0
23669,61,14,30,0
23670,61,14,30,0
23671,61,14,30,0
23672,61,14,30,0
23673,61,14,30,0
23674,61,14,30,0
23675,61,14,30,0
23676,61,14,30,0
23677,61,14,30,0
23678,61,14,30,0
23679,61,14,30,0
23680,61,14,30,0
23681,61,14,30,0
23682,61,14,30,0
23683,61,14,30,0
23684,61,14,30,0
23685,61,14,30,0
23686,61,14,30,0
23687,61,14,30,0
23688,61,14,30,0
23689,61,14,30,0
23690,61,14,30,0
23691,61,14,30,0
23692,61,14,30,0
23693,61,14,30,0
23694,61,14,30,0
23695,61,14,30,0
23696,61,14,30,0
23697,61,14,30,0
23698,61,14,30,0
23699,61,14,30,0
23700,61,14,30,0
23701,61,14,30,0
23702,61,14,30,0
23703,61,14,30,0
23704,61,14,30,0
23705,61,14,30,0
23706,61,14,30,0
23707,61,14,30,0
23708,61,14,30,0
23709,61,14,30,0
23710,61,14,30,0
23711,61,14,30,0
23712,61,14,30,0
23713,61,14,30,0
23714,61,14,30,0
23715,61,14,30,0
23716,61,14,30,0
23717,61,14,30,0
23718,61,14,30,0
23719,61,14,30,0
23720,61,14,30,0
23721,61,14,30,0
23722,61,14,30,0
23723,61,14,30,0
23724,61,14,30,0
23725,61,14,30,0
23726,61,14,30,0
23727,61,14,30,0
23728,61,14,30,0
23729,61,14,30,0
23730,61,14,30,0
23731,61,14,30,0
23732,61,14,30,0
23733,61,14,30,0
23734,61,14,30,0
23735,61,14,30,0
23736,61,14,30,0
23737,61,14,30,0
23738,61,14,30,0
23739,61,14,30,0
23740,61,14,30,0
23741,61,14,30,0
23742,61,14,30,0
23743,61,14,30,0
23744,61,14,30,0
23745,61,14,30,0
23746,61,14,30,0
23747,61,14,30,0
23748,61,14,30,0
23749,61,14,30,0
23750,61,14,30,0
23751,61,14,30,0
23752,61,14,30,0
23753,61,14,30,0
23754,61,14,30,0
23755,61,14,30,0
23756,61,14,30,0
23757,61,14,30,0
23758,61,14,30,0
23759,61,14,30,0
23760,61,14,30,0
23761,61,14,30,0
23762,61,14,30,0
23763,61,14,30,0
23764,61,14,30,0
23765,61,14,30,0
23766,61,14,30,0
23767,61,14,30,0
23768,61,14,30,0
23769,61,14,30,0
23770,61,14,30,0
23771,61,14,30,0
23772,61,14,30,0
23773,61,14,30,0
23774,61,14,30,0
23775,61,14,30,0
23776,61,14,30,0
23777,61,14,30,0
23778,61,14,30,0
23779,61,14,30,0
23780,61,14,30,0
23781,61,14,30,0
23782,61,14,30,0
23783,61,14,30,0
23784,61,14,30,0
23785,61,14,30,0
23786,61,14,30,0
23787,61,14,30,0
23788,61,14,30,0
23789,61,14,30,0
23790,61,14,30,0
23791,61,14,30,0
23792,61,14,30,0
23793,61,14,30,0
23794,61,14,30,0
23795,61,14,30,0
23796,61,14,30,0
23797,61,14,30,0
23798,61,14,30,0
23799,61,14,30,0
23800,61,14,30,0
23801,61,14,30,0
23802,61,14,30,0
23803,61,14,30,0
23804,61,14,30,0
23805,61,14,30,0
23806,61,14,30,0
23807,61,14,30,0
23808,61,14,30,0
23809,61,14,30,0
23810,61,14,30,0
23811,61,14,30,0
23812,61,14,30,0
23813,61,14,30,0
23814,61,14,30,0
23815,61,14,30,0
23816,61,14,30,0
23817,61,14,30,0
23818,61,14,30,0
23819,61,14,30,0
23820,61,14,30,0
23821,61,14,30,0
23822,61,14,30,0
23823,61,14,30,0
23824,61,14,30,0
23825,61,14,30,0
23826,61,14,30,0
23827,61,14,30,0
23828,61,14,30,0
23829,61,14,30,0
23830,61,14,30,0
23831,61,14,30,0
23832,61,14,30,0
23833,61,14,30,0
23834,61,14,30,0
23835,61,14,30,0
23836,61,14,30,0
23837,61,14,30,0
23838,61,14,30,0
23839,61,14,30,0
23840,61,14,30,0
23841,61,14,30,0
23842,61,14,30,0
23843,61,14,30,0
23844,61,14,30,0
23845,61,14,30,0
23846,61,14,30,0
23847,61,14,30,0
23848,61,14,30,0
23849,61,14,30,0
23850,61,14,30,0
23851,61,14,30,0
23852,61,14,30,0
23853,61,14,30,0
23854,61,14,30,0
23855,61,14,30,0
23856,61,14,30,0
23857,61,14,30,0
23858,61,14,30,0
23859,61,14,30,0
23860,61,14,30,0
23861,61,14,30,0
23862,61,14,30,0
23863,61,14,30,0
23864,61,14,30,0
23865,61,14,30,0
23866,61,14,30,0
23867,61,14,30,0
23868,61,14,30,0
23869,61,14,30,0
23870,61,14,30,0
23871,61,14,30,0
23872,61,14,30,0
23873,61,14,30,0
23874,61,14,30,0
23875,61,14,30,0
23876,61,14,30,0
23877,61,14,30,0
23878,61,14,30,0
23879,61,14,30,0
23880,61,14,30,0
23881,61,14,30,0
23882,61,14,30,0
23883,61,14,30,0
23884,61,14,30,0
23885,61,14,30,0
23886,61,14,30,0
23887,61,14,30,0
23888,61,14,30,0
23889,61,14,30,0
23890,61,14,30,0
23891,61,14,30,0
23892,61,14,30,0
23893,61,14,30,0
23894,61,14,30,0
23895,61,14,30,0
23896,61,14,30,0
23897,61,14,30,0
23898,61,14,30,0
23899,61,14,30,0
23900,61,14,30,0
23901,61,14,30,0
23902,61,14,30,0
23903,61,14,30,0
23904,61,14,30,0
23905,61,14,30,0
23906,61,14,30,0
23907,61,14,30,0
23908,61,14,30,0
23909,61,14,30,0
23910,61,14,30,0
23911,61,14,30,0
23912,61,14,30,0
23913,61,14,30,0
23914,61,14,30,0
23915,61,14,30,0
23916,61,14,30,0
23917,61,14,30,0
23918,61,14,30,0
23919,61,14,30,0
23920,61,14,30,0
23921,61,14,30,0
23922,61,14,30,0
23923,61,14,30,0
23924,61,14,30,0
23925,61,14,30,0
23926,61,14,30,0
23927,61,14,30,0
23928,61,14,30,0
23929,61,14,30,0
23930,61,14,30,0
23931,61,14,30,0
23932,61,14,30,0
23933,61,14,30,0
23934,61,14,30,0
23935,61,14,30,0
23936,61,14,30,0
23937,61,14,30,0
23938,61,14,30,0
23939,61,14,30,0
23940,61,14,30,0
23941,61,14,30,0
23942,61,14,30,0
23943,61,14,30,0
23944,61,14,30,0
23945,61,14,30,0
23946,61,14,30,0
23947,61,14,30,0
23948,61,14,30,0
23949,61,14,30,0
23950,61,14,30,0
23951,61,14,30,0
23952,61,14,30,0
23953,61,14,30,0
23954,61,14,30,0
23955,61,14,30,0
23956,61,14,30,0
23957,61,14,30,0
23958,61,14,30,0
23959,61,14,30,0
23960,61,14,30,0
23961,61,14,30,0
23962,61,14,30,0
23963,61,14,30,0
23964,61,14,30,0
23965,61,14,30,0
23966,61,14,30,0
23967,61,14,30,0
23968,61,14,30,0
23969,61,14,30,0
23970,61,14,30,0
23971,61,14,30,0
23972,61,14,30,0
23973,61,14,30,0
23974,61,14,30,0
23975,61,14,30,0
23976,61,14,30,0
23977,61,14,30,0
23978,61,14,30,0
23979,61,14,30,0
23980,61,14,30,0
23981,61,14,30,0
23982,61,14,30,0
23983,61,14,30,0
23984,61,14,30,0
23985,61,14,30,0
23986,61,14,30,0
23987,61,14,30,0
23988,61,14,30,0
23989,61,14,30,0
23990,61,14,30,0
23991,61,14,30,0
23992,61,14,30,0
23993,61,14,30,0
23994,61,14,30,0
23995,61,14,30,0
23996,61,14,30,0
23997,61,14,30,0
23998,61,14,30,0
23999,61,14,30,0
24000,61,14,30,0
24001,61,14,30,0
24002,61,14,30,0
24003,61,14,30,0
24004,61,14,30,0
24005,61,14,30,0
24006,61,14,30,0
24007,61,14,30,0
24008,61,14,30,0
24009,61,14,30,0
24010,61,14,30,0
24011,61,14,30,0
24012,61,14,30,0
24013,61,14,30,0
24014,61,14,30,0
24015,61,14,30,0
24016,61,14,30,0
24017,61,14,30,0
24018,61,14,30,0
24019,61,14,30,0
24020,61,14,30,0
24021,61,14,30,0
24022,61,14,30,0
24023,61,14,30,0
24024,61,14,30,0
24025,61,14,30,0
24026,61,14,30,0
24027,61,14,30,0
24028,61,14,30,0
24029,61,14,30,0
24030,61,14,30,0
24031,61,14,30,0
24032,61,14,30,0
24033,61,14,30,0
24034,61,14,30,0
24035,61,14,30,0
24036,61,14,30,0
24037,61,14,30,0
24038,61,14,30,0
24039,61,14,30,0
24040,61,14,30,0
24041,61,14,30,0
24042,61,14,30,0
24043,61,14,30,0
24044,61,14,30,0
24045,61,14,30,0
24046,61,14,30,0
24047,61,14,30,0
24048,61,14,30,0
24049,61,14,30,0
24050,61,14,30,0
24051,61,14,30,0
24052,61,14,30,0
24053,61,14,30,0
24054,61,14,30,0
24055,61,14,30,0
24056,61,14,30,0
24057,61,14,30,0
24058,61,14,30,0
24059,61,14,30,0
24060,61,14,30,0
24061,61,14,30,0
24062,61,14,30,0
24063,61,14,30,0
24064,61,14,30,0
24065,61,14,30,0
24066,61,14,30,0
24067,61,14,30,0
24068,61,14,30,0
24069,61,14,30,0
24070,61,14,30,0
24071,61,14,30,0
24072,61,14,30,0
24073,61,14,30,0
24074,61,14,30,0
24075,61,14,30,0
24076,61,14,30,0
24077,61,14,30,0
24078,61,14,30,0
24079,61,14,30,0
24080,61,14,30,0
24081,61,14,30,0
24082,61,14,30,0
24083,61,14,30,0
24084,61,14,30,0
24085,61,14,30,0
24086,61,14,30,0
24087,61,14,30,0
24088,61,14,30,0
24089,61,14,30,0
24090,61,14,30,0
24091,61,14,30,0
24092,61,14,30,0
24093,61,14,30,0
24094,61,14,30,0
24095,61,14,30,0
24096,61,14,30,0
24097,61,14,30,0
24098,61,14,30,0
24099,61,14,30,0
24100,61,14,30,0
24101,61,14,30,0
24102,61,14,30,0
24103,61,14,30,0
24104,61,14,30,0
24105,61,14,30,0
24106,61,14,30,0
24107,61,14,30,0
24108,61,14,30,0
24109,61,14,30,0
24110,61,14,30,0
24111,61,14,30,0
24112,61,14,30,0
24113,61,14,30,0
24114,61,14,30,0
24115,61,14,30,0
24116,61,14,30,0
24117,61,14,30,0
24118,61,14,30,0
24119,61,14,30,0
24120,61,14,30,0
24121,61,14,30,0
24122,61,14,30,0
24123,61,14,30,0
24124,61,14,30,0
24125,61,14,30,0
24126,61,14,30,0
24127,61,14,30,0
24128,61,14,30,0
24129,61,14,30,0
24130,61,14,30,0
24131,61,14,30,0
24132,61,14,30,0
24133,61,14,30,0
24134,61,14,30,0
24135,61,14,30,0
24136,61,14,30,0
24137,61,14,30,0
24138,61,14,30,0
24139,61,14,30,0
24140,61,14,30,0
24141,61,14,30,0
24142,61,14,30,0
24143,61,14,30,0
24144,61,14,30,0
24145,61,14,30,0
24146,61,14,30,0
24147,61,14,30,0
24148,61,14,30,0
24149,61,14,30,0
24150,61,14,30,0
24151,61,14,30,0
24152,61,14,30,0
24153,61,14,30,0
24154,61,14,30,0
24155,61,14,30,0
24156,61,14,30,0
24157,61,14,30,0
24158,61,14,30,0
24159,61,14,30,0
24160,61,14,30,0
24161,61,14,30,0
24162,61,14,30,0
24163,61,14,30,0
24164,61,14,30,0
24165,61,14,30,0
24166,61,14,30,0
24167,61,14,30,0
24168,61,14,30,0
24169,61,14,30,0
24170,61,14,30,0
24171,61,14,30,0
24172,61,14,30,0
24173,61,14,30,0
24174,61,14,30,0
24175,61,14,30,0
24176,61,14,30,0
24177,61,14,30,0
24178,61,14,30,0
24179,61,14,30,0
24180,61,14,30,0
24181,61,14,30,0
24182,61,14,30,0
24183,61,14,30,0
24184,61,14,30,0
24185,61,14,30,0
24186,61,14,30,0
24187,61,14,30,0
24188,61,14,30,0
24189,61,14,30,0
24190,61,14,30,0
24191,61,14,30,0
24192,61,14,30,0
24193,61,14,30,0
24194,61,14,30,0
24195,61,14,30,0
24196,61,14,30,0
24197,61,14,30,0
24198,61,14,30,0
24199,61,14,30,0
24200,61,14,30,0
24201,61,14,30,0
24202,61,14,30,0
24203,61,14,30,0
24204,61,14,30,0
24205,61,14,30,0
24206,61,14,30,0
24207,61,14,30,0
24208,61,14,30,0
24209,61,14,30,0
24210,61,14,30,0
24211,61,14,30,0
24212,61,14,30,0
24213,61,14,30,0
24214,61,14,30,0
24215,61,14,30,0
24216,61,14,30,0
24217,61,14,30,0
24218,61,14,30,0
24219,61,14,30,0
24220,61,14,30,0
24221,61,14,30,0
24222,61,14,30,0
24223,61,14,30,0
24224,61,14,30,0
24225,61,14,30,0
24226,61,14,30,0
24227,61,14,30,0
24228,61,14,30,0
24229,61,14,30,0
24230,61,14,30,0
24231,61,14,30,0
24232,61,14,30,0
24233,61,14,30,0
24234,61,14,30,0
24235,61,14,30,0
24236,61,14,30,0
24237,61,14,30,0
24238,61,14,30,0
24239,61,14,30,0
24240,61,14,30,0
24241,61,14,30,0
24242,61,14,30,0
24243,61,14,30,0
24244,61,14,30,0
24245,61,14,30,0
24246,61,14,30,0
24247,61,14,30,0
24248,61,14,30,0
24249,61,14,30,0
24250,61,14,30,0
24251,61,14,30,0
24252,61,14,30,0
24253,61,14,30,0
24254,61,14,30,0
24255,61,14,30,0
24256,61,14,30,0
24257,61,14,30,0
24258,61,14,30,0
24259,61,14,30,0
24260,61,14,30,0
24261,61,14,30,0
24262,61,14,30,0
24263,61,14,30,0
24264,61,14,30,0
24265,61,14,30,0
24266,61,14,30,0
24267,61,14,30,0
24268,61,14,30,0
24269,61,14,30,0
24270,61,14,30,0
24271,61,14,30,0
24272,61,14,30,0
24273,61,14,30,0
24274,61,14,30,0
24275,61,14,30,0
24276,61,14,30,0
24277,61,14,30,0
24278,61,14,30,0
24279,61,14,30,0
24280,61,14,30,0
24281,61,14,30,0
24282,61,14,30,0
24283,61,14,30,0
24284,61,14,30,0
24285,61,14,30,0
24286,61,14,30,0
24287,61,14,30,0
24288,61,14,30,0
24289,61,14,30,0
24290,61,14,30,0
24291,61,14,30,0
24292,61,14,30,0
24293,61,14,30,0
24294,61,14,30,0
24295,61,14,30,0
24296,61,14,30,0
24297,61,14,30,0
24298,61,14,30,0
24299,61,14,30,0
24300,61,14,30,0
24301,61,14,30,0
24302,61,14,30,0
24303,61,14,30,0
24304,61,14,30,0
24305,61,14,30,0
24306,61,14,30,0
24307,61,14,30,0
24308,61,14,30,0
24309,61,14,30,0
24310,61,14,30,0
24311,61,14,30,0
24312,61,14,30,0
24313,61,14,30,0
24314,61,14,30,0
24315,61,14,30,0
24316,61,14,30,0
24317,61,14,30,0
24318,61,14,30,0
24319,61,14,30,0
24320,61,14,30,0
24321,61,14,30,0
24322,61,14,30,0
24323,61,14,30,0
24324,61,14,30,0
24325,61,14,30,0
24326,61,14,30,0
24327,61,14,30,0
24328,61,14,30,0
24329,61,14,30,0
24330,61,14,30,0
24331,61,14,30,0
24332,61,14,30,0
24333,61,14,30,0
24334,61,14,30,0
24335,61,14,30,0
24336,61,14,30,0
24337,61,14,30,0
24338,61,14,30,0
24339,61,14,30,0
24340,61,14,30,0
24341,61,14,30,0
24342,61,14,30,0
24343,61,14,30,0
24344,61,14,30,0
24345,61,14,30,0
24346,61,14,30,0
24347,61,14,30,0
24348,61,14,30,0
24349,61,14,30,0
24350,61,14,30,0
24351,61,14,30,0
24352,61,14,30,0
24353,61,14,30,0
24354,61,14,30,0
24355,61,14,30,0
24356,61,14,30,0
24357,61,14,30,0
24358,61,14,30,0
24359,61,14,30,0
24360,61,14,30,0
24361,61,14,30,0
24362,61,14,30,0
24363,61,14,30,0
24364,61,14,30,0
24365,61,14,30,0
24366,61,14,30,0
24367,61,14,30,0
24368,61,14,30,0
24369,61,14,30,0
24370,61,14,30,0
24371,61,14,30,0
24372,61,14,30,0
24373,61,14,30,0
24374,61,14,30,0
24375,61,14,30,0
24376,61,14,30,0
24377,61,14,30,0
24378,61,14,30,0
24379,61,14,30,0
24380,61,14,30,0
24381,61,14,30,0
24382,61,14,30,0
24383,61,14,30,0
24384,61,14,30,0
24385,61,14,30,0
24386,61,14,30,0
24387,61,14,30,0
24388,61,14,30,0
24389,61,14,30,0
24390,61,14,30,0
24391,61,14,30,0
24392,61,14,30,0
24393,61,14,30,0
24394,61,14,30,0
24395,61,14,30,0
24396,61,14,30,0
24397,61,14,30,0
24398,61,14,30,0
24399,61,14,30,0
24400,61,14,30,0
24401,61,14,30,0
24402,61,14,30,0
24403,61,14,30,0
24404,61,14,30,0
24405,61,14,30,0
24406,61,14,30,0
24407,61,14,30,0
24408,61,14,30,0
24409,61,14,30,0
24410,61,14,30,0
24411,61,14,30,0
24412,61,14,30,0
24413,61,14,30,0
24414,61,14,30,0
24415,61,14,30,0
24416,61,14,30,0
24417,61,14,30,0
24418,61,14,30,0
24419,61,14,30,0
24420,61,14,30,0
24421,61,14,30,0
24422,61,14,30,0
24423,61,14,30,0
24424,61,14,30,0
24425,61,14,30,0
24426,61,14,30,0
24427,61,14,30,0
24428,61,14,30,0
24429,61,14,30,0
24430,61,14,30,0
24431,61,14,30,0
24432,61,14,30,0
24433,61,14,30,0
24434,61,14,30,0
24435,61,14,30,0
24436,61,14,30,0
24437,61,14,30,0
24438,61,14,30,0
24439,61,14,30,0
24440,61,14,30,0
24441,61,14,30,0
24442,61,14,30,0
24443,61,14,30,0
24444,61,14,30,0
24445,61,14,30,0
24446,61,14,30,0
24447,61,14,30,0
24448,61,14,30,0
24449,61,14,30,0
24450,61,14,30,0
24451,61,14,30,0
24452,61,14,30,0
24453,61,14,30,0
24454,61,14,30,0
24455,61,14,30,0
24456,61,14,30,0
24457,61,14,30,0
24458,61,14,30,0
24459,61,14,30,0
24460,61,14,30,0
24461,61,14,30,0
24462,61,14,30,0
24463,61,14,30,0
24464,61,14,30,0
24465,61,14,30,0
24466,61,14,30,0
24467,61,14,30,0
24468,61,14,30,0
24469,61,14,30,0
24470,61,14,30,0
24471,61,14,30,0
24472,61,14,30,0
24473,61,14,30,0
24474,61,14,30,0
24475,61,14,30,0
24476,61,14,30,0
24477,61,14,30,0
24478,61,14,30,0
24479,61,14,30,0
24480,61,14,30,0
24481,61,14,30,0
24482,61,14,30,0
24483,61,14,30,0
24484,61,14,30,0
24485,61,14,30,0
24486,61,14,30,0
24487,61,14,30,0
24488,61,14,30,0
24489,61,14,30,0
24490,61,14,30,0
24491,61,14,30,0
24492,61,14,30,0
24493,61,14,30,0
24494,61,14,30,0
24495,61,14,30,0
24496,61,14,30,0
24497,61,14,30,0
24498,61,14,30,0
24499,61,14,30,0
24500,61,14,30,0
24501,61,14,30,0
24502,61,14,30,0
24503,61,14,30,0
24504,61,14,30,0
24505,61,14,30,0
24506,61,14,30,0
24507,61,14,30,0
24508,61,14,30,0
24509,61,14,30,0
24510,61,14,30,0
24511,61,14,30,0
24512,61,14,30,0
24513,61,14,30,0
24514,61,14,30,0
24515,61,14,30,0
24516,61,14,30,0
24517,61,14,30,0
24518,61,14,30,0
24519,61,14,30,0
24520,61,14,30,0
24521,61,14,30,0
24522,61,14,30,0
24523,61,14,30,0
24524,61,14,30,0
24525,61,14,30,0
24526,61,14,30,0
24527,61,14,30,0
24528,61,14,30,0
24529,61,14,30,0
24530,61,14,30,0
24531,61,14,30,0
24532,61,14,30,0
24533,61,14,30,0
24534,61,14,30,0
24535,61,14,30,0
24536,61,14,30,0
24537,61,14,30,0
24538,61,14,30,0
24539,61,14,30,0
24540,61,14,30,0
24541,61,14,30,0
24542,61,14,30,0
24543,61,14,30,0
24544,61,14,30,0
24545,61,14,30,0
24546,61,14,30,0
24547,61,14,30,0
24548,61,14,30,0
24549,61,14,30,0
24550,61,14,30,0
24551,61,14,30,0
24552,61,14,30,0
24553,61,14,30,0
24554,61,14,30,0
24555,61,14,30,0
24556,61,14,30,0
24557,61,14,30,0
24558,61,14,30,0
24559,61,14,30,0
24560,61,14,30,0
24561,61,14,30,0
24562,61,14,30,0
24563,61,14,30,0
24564,61,14,30,0
24565,61,14,30,0
24566,61,14,30,0
24567,61,14,30,0
24568,61,14,30,0
24569,61,14,30,0
24570,61,14,30,0
24571,61,14,30,0
24572,61,14,30,0
24573,61,14,30,0
24574,61,14,30,0
24575,61,14,30,0
24576,61,14,30,0
24577,61,14,30,0
24578,61,14,30,0
24579,61,14,30,0
24580,61,14,30,0
24581,61,14,30,0
24582,61,14,30,0
24583,61,14,30,0
24584,61,14,30,0
24585,61,14,30,0
24586,61,14,30,0
24587,61,14,30,0
24588,61,14,30,0
24589,61,14,30,0
24590,61,14,30,0
24591,61,14,30,0
24592,61,14,30,0
24593,61,14,30,0
24594,61,14,30,0
24595,61,14,30,0
24596,61,14,30,0
24597,61,14,30,0
24598,61,14,30,0
24599,61,14,30,0
24600,61,14,30,0
24601,61,14,30,0
24602,61,14,30,0
24603,61,14,30,0
24604,61,14,30,0
24605,61,14,30,0
24606,61,14,30,0
24607,61,14,30,0
24608,61,14,30,0
24609,61,14,30,0
24610,61,14,30,0
24611,61,14,30,0
24612,61,14,30,0
24613,61,14,30,0
24614,61,14,30,0
24615,61,14,30,0
24616,61,14,30,0
24617,61,14,30,0
24618,61,14,30,0
24619,61,14,30,0
24620,61,14,30,0
24621,61,14,30,0
24622,61,14,30,0
24623,61,14,30,0
24624,61,14,30,0
24625,61,14,30,0
24626,61,14,30,0
24627,61,14,30,0
24628,61,14,30,0
24629,61,14,30,0
24630,61,14,30,0
24631,61,14,30,0
24632,61,14,30,0
24633,61,14,30,0
24634,61,14,30,0
24635,61,14,30,0
24636,61,14,30,0
24637,61,14,30,0
24638,61,14,30,0
24639,61,14,30,0
24640,61,14,30,0
24641,61,14,30,0
24642,61,14,30,0
24643,61,14,30,0
24644,61,14,30,0
24645,61,14,30,0
24646,61,14,30,0
24647,61,14,30,0
24648,61,14,30,0
24649,61,14,30,0
24650,61,14,30,0
24651,61,14,30,0
24652,61,14,30,0
24653,61,14,30,0
24654,61,14,30,0
24655,61,14,30,0
24656,61,14,30,0
24657,61,14,30,0
24658,61,14,30,0
24659,61,14,30,0
24660,61,14,30,0
24661,61,14,30,0
24662,61,14,30,0
24663,61,14,30,0
24664,61,14,30,0
24665,61,14,30,0
24666,61,14,30,0
24667,61,14,30,0
24668,61,14,30,0
24669,61,14,30,0
24670,61,14,30,0
24671,61,14,30,0
24672,61,14,30,0
24673,61,14,30,0
24674,61,14,30,0
24675,61,14,30,0
24676,61,14,30,0
24677,61,14,30,0
24678,61,14,30,0
24679,61,14,30,0
24680,61,14,30,0
24681,61,14,30,0
24682,61,14,30,0
24683,61,14,30,0
24684,61,14,30,0
24685,61,14,30,0
24686,61,14,30,0
24687,61,14,30,0
24688,61,14,30,0
24689,61,14,30,0
24690,61,14,30,0
24691,61,14,30,0
24692,61,14,30,0
24693,61,14,30,0
24694,61,14,30,0
24695,61,14,30,0
24696,61,14,30,0
24697,61,14,30,0
24698,61,14,30,0
24699,61,14,30,0
24700,61,14,30,0
24701,61,14,30,0
24702,61,14,30,0
24703,61,14,30,0
24704,61,14,30,0
24705,61,14,30,0
24706,61,14,30,0
24707,61,14,30,0
24708,61,14,30,0
24709,61,14,30,0
24710,61,14,30,0
24711,61,14,30,0
24712,61,14,30,0
24713,61,14,30,0
24714,61,14,30,0
24715,61,14,30,0
24716,61,14,30,0
24717,61,14,30,0
24718,61,14,30,0
24719,61,14,30,0
24720,61,14,30,0
24721,61,14,30,0
24722,61,14,30,0
24723,61,14,30,0
24724,61,14,30,0
24725,61,14,30,0
24726,61,14,30,0
24727,61,14,30,0
24728,61,14,30,0
24729,61,14,30,0
24730,61,14,30,0
24731,61,14,30,0
24732,61,14,30,0
24733,61,14,30,0
24734,61,14,30,0
24735,61,14,30,0
24736,61,14,30,0
24737,61,14,30,0
24738,61,14,30,0
24739,61,14,30,0
24740,61,14,30,0
24741,61,14,30,0
24742,61,14,30,0
24743,61,14,30,0
24744,61,14,30,0
24745,61,14,30,0
24746,61,14,30,0
24747,61,14,30,0
24748,61,14,30,0
24749,61,14,30,0
24750,61,14,30,0
24751,61,14,30,0
24752,61,14,30,0
24753,61,14,30,0
24754,61,14,30,0
24755,61,14,30,0
24756,61,14,30,0
24757,61,14,30,0
24758,61,14,30,0
24759,61,14,30,0
24760,61,14,30,0
24761,61,14,30,0
24762,61,14,30,0
24763,61,14,30,0
24764,61,14,30,0
24765,61,14,30,0
24766,61,14,30,0
24767,61,14,30,0
24768,61,14,30,0
24769,61,14,30,0
24770,61,14,30,0
24771,61,14,30,0
24772,61,14,30,0
24773,61,14,30,0
24774,61,14,30,0
24775,61,14,30,0
24776,61,14,30,0
24777,61,14,30,0
24778,61,14,30,0
24779,61,14,30,0
24780,61,14,30,0
24781,61,14,30,0
24782,61,14,30,0
24783,61,14,30,0
24784,61,14,30,0
24785,61,14,30,0
24786,61,14,30,0
24787,61,14,30,0
24788,61,14,30,0
24789,61,14,30,0
24790,61,14,30,0
24791,61,14,30,0
24792,61,14,30,0
24793,61,14,30,0
24794,61,14,30,0
24795,61,14,30,0
24796,61,14,30,0
24797,61,14,30,0
24798,61,14,30,0
24799,61,14,30,0
24800,61,14,30,0
24801,61,14,30,0
24802,61,14,30,0
24803,61,14,30,0
24804,61,14,30,0
24805,61,14,30,0
24806,61,14,30,0
24807,61,14,30,0
24808,61,14,30,0
24809,61,14,30,0
24810,61,14,30,0
24811,61,14,30,0
24812,61,14,30,0
24813,61,14,30,0
24814,61,14,30,0
24815,61,14,30,0
24816,61,14,30,0
24817,61,14,30,0
24818,61,14,30,0
24819,61,14,30,0
24820,61,14,30,0
24821,61,14,30,0
24822,61,14,30,0
24823,61,14,30,0
24824,61,14,30,0
24825,61,14,30,0
24826,61,14,30,0
24827,61,14,30,0
24828,61,14,30,0
24829,61,14,30,0
24830,61,14,30,0
24831,61,14,30,0
24832,61,14,30,0
24833,61,14,30,0
24834,61,14,30,0
24835,61,14,30,0
24836,61,14,30,0
24837,61,14,30,0
24838,61,14,30,0
24839,61,14,30,0
24840,61,14,30,0
24841,61,14,30,0
24842,61,14,30,0
24843,61,14,30,0
24844,61,14,30,0
24845,61,14,30,0
24846,61,14,30,0
24847,61,14,30,0
24848,61,14,30,0
24849,61,14,30,0
24850,61,14,30,0
24851,61,14,30,0
24852,61,14,30,0
24853,61,14,30,0
24854,61,14,30,0
24855,61,14,30,0
24856,61,14,30,0
24857,61,14,30,0
24858,61,14,30,0
24859,61,14,30,0
24860,61,14,30,0
24861,61,14,30,0
24862,61,14,30,0
24863,61,14,30,0
24864,61,14,30,0
24865,61,14,30,0
24866,61,14,30,0
24867,61,14,30,0
24868,61,14,30,0
24869,61,14,30,0
24870,61,14,30,0
24871,61,14,30,0
24872,61,14,30,0
24873,61,14,30,0
24874,61,14,30,0
24875,61,14,30,0
24876,61,14,30,0
24877,61,14,30,0
24878,61,14,30,0
24879,61,14,30,0
24880,61,14,30,0
24881,61,14,30,0
24882,61,14,30,0
24883,61,14,30,0
24884,61,14,30,0
24885,61,14,30,0
24886,61,14,30,0
24887,61,14,30,0
24888,61,14,30,0
24889,61,14,30,0
24890,61,14,30,0
24891,61,14,30,0
24892,61,14,30,0
24893,61,14,30,0
24894,61,14,30,0
24895,61,14,30,0
24896,61,14,30,0
24897,61,14,30,0
24898,61,14,30,0
24899,61,14,30,0
24900,61,14,30,0
24901,61,14,30,0
24902,61,14,30,0
24903,61,14,30,0
24904,61,14,30,0
24905,61,14,30,0
24906,61,14,30,0
24907,61,14,30,0
24908,61,14,30,0
24909,61,14,30,0
24910,61,14,30,0
24911,61,14,30,0
24912,61,14,30,0
24913,61,14,30,0
24914,61,14,30,0
24915,61,14,30,0
24916,61,14,30,0
24917,61,14,30,0
24918,61,14,30,0
24919,61,14,30,0
24920,61,14,30,0
24921,61,14,30,0
24922,61,14,30,0
24923,61,14,30,0
24924,61,14,30,0
24925,61,14,30,0
24926,61,14,30,0
24927,61,14,30,0
24928,61,14,30,0
24929,61,14,30,0
24930,61,14,30,0
24931,61,14,30,0
24932,61,14,30,0
24933,61,14,30,0
24934,61,14,30,0
24935,61,14,30,0
24936,61,14,30,0
24937,61,14,30,0
24938,61,14,30,0
24939,61,14,30,0
24940,61,14,30,0
24941,61,14,30,0
24942,61,14,30,0
24943,61,14,30,0
24944,61,14,30,0
24945,61,14,30,0
24946,61,14,30,0
24947,61,14,30,0
24948,61,14,30,0
24949,61,14,30,0
24950,61,14,30,0
24951,61,14,30,0
24952,61,14,30,0
24953,61,14,30,0
24954,61,14,30,0
24955,61,14,30,0
24956,61,14,30,0
24957,61,14,30,0
24958,61,14,30,0
24959,61,14,30,0
24960,61,14,30,0
24961,61,14,30,0
24962,61,14,30,0
24963,61,14,30,0
24964,61,14,30,0
24965,61,14,30,0
24966,61,14,30,0
24967,61,14,30,0
24968,61,14,30,0
24969,61,14,30,0
24970,61,14,30,0
24971,61,14,30,0
24972,61,14,30,0
24973,61,14,30,0
24974,61,14,30,0
24975,61,14,30,0
24976,61,14,30,0
24977,61,14,30,0
24978,61,14,30,0
24979,61,14,30,0
24980,61,14,30,0
24981,61,14,30,0
24982,61,14,30,0
24983,61,14,30,0
24984,61,14,30,0
24985,61,14,30,0
24986,61,14,30,0
24987,61,14,30,0
24988,61,14,30,0
24989,61,14,30,0
24990,61,14,30,0
24991,61,14,30,0
24992,61,14,30,0
24993,61,14,30,0
24994,61,14,30,0
24995,61,14,30,0
24996,61,14,30,0
24997,61,14,30,0
24998,61,14,30,0
24999,61,14,30,0
25000,61,14,30,0
